ISO-10303-21;
HEADER;
/* Generated by software containing ST-Developer
 * from STEP Tools, Inc. (www.steptools.com) 
 */
/* OPTION: using custom renumber hook */

FILE_DESCRIPTION(
/* description */ ('STEP AP242 Edition 2',
'CAx-IF Rec.Pracs.---Representation and Presentation of Product Manufa
cturing Information (PMI)---4.0---2014-10-13',
'CAx-IF Rec.Pracs.---3D Tessellated Geometry---0.4---2014-09-14','2;1',
'CAx-IF Rec.Pracs.---User Defined Attributes---1.5---2016-08-15'),
/* implementation_level */ '2;1');

FILE_NAME(
/* name */ 'bdecf261-2ccd-4cc5-8a05-f878580fbd51',
/* time_stamp */ '2026-01-06T14:34:37Z',
/* author */ (''),
/* organization */ (''),
/* preprocessor_version */ 'ST-DEVELOPER v20',
/* originating_system */ 'ONSHAPE BY PTC INC, 1.208',
/* authorisation */ '  ');

FILE_SCHEMA (('AP242_MANAGED_MODEL_BASED_3D_ENGINEERING_MIM_LF { 1 0 10303 442 3 1 4 }'));
ENDSEC;

DATA;
#10=SHAPE_REPRESENTATION_RELATIONSHIP('','',#5765,#11);
#11=ADVANCED_BREP_SHAPE_REPRESENTATION('',(#5763),#14601);
#12=B_SPLINE_SURFACE_WITH_KNOTS('',3,1,((#11971,#11972),(#11973,#11974),
(#11975,#11976),(#11977,#11978),(#11979,#11980),(#11981,#11982),(#11983,
#11984),(#11985,#11986),(#11987,#11988),(#11989,#11990),(#11991,#11992),
(#11993,#11994),(#11995,#11996)),.SURF_OF_LINEAR_EXTRUSION.,.F.,.F.,.F.,
(4,1,1,1,1,1,1,1,1,1,4),(2,2),(0.0599812106535594,0.117327346692295,0.146000414711663,
0.174673482731031,0.232019618769766,0.289365754808502,0.404058026885973,
0.518750298963445,0.633442571040916,0.748134843118387,0.97751938727333),
(0.,1.),.UNSPECIFIED.);
#13=B_SPLINE_SURFACE_WITH_KNOTS('',3,1,((#11998,#11999),(#12000,#12001),
(#12002,#12003),(#12004,#12005),(#12006,#12007),(#12008,#12009),(#12010,
#12011),(#12012,#12013),(#12014,#12015),(#12016,#12017),(#12018,#12019),
(#12020,#12021),(#12022,#12023)),.SURF_OF_LINEAR_EXTRUSION.,.F.,.F.,.F.,
(4,1,1,1,1,1,1,1,1,1,4),(2,2),(0.0599812106535473,0.117327346692284,0.146000414711652,
0.17467348273102,0.232019618769756,0.289365754808493,0.404058026885966,
0.518750298963439,0.633442571040912,0.748134843118384,0.97751938727333),
(0.,1.),.UNSPECIFIED.);
#14=B_SPLINE_SURFACE_WITH_KNOTS('',3,1,((#12030,#12031),(#12032,#12033),
(#12034,#12035),(#12036,#12037),(#12038,#12039),(#12040,#12041),(#12042,
#12043),(#12044,#12045),(#12046,#12047),(#12048,#12049),(#12050,#12051),
(#12052,#12053),(#12054,#12055)),.SURF_OF_LINEAR_EXTRUSION.,.F.,.F.,.F.,
(4,1,1,1,1,1,1,1,1,1,4),(2,2),(0.0599812106535593,0.117327346692295,0.146000414711663,
0.174673482731031,0.232019618769766,0.289365754808502,0.404058026885973,
0.518750298963445,0.633442571040916,0.748134843118387,0.97751938727333),
(0.,1.),.UNSPECIFIED.);
#15=B_SPLINE_SURFACE_WITH_KNOTS('',3,1,((#12057,#12058),(#12059,#12060),
(#12061,#12062),(#12063,#12064),(#12065,#12066),(#12067,#12068),(#12069,
#12070),(#12071,#12072),(#12073,#12074),(#12075,#12076),(#12077,#12078),
(#12079,#12080),(#12081,#12082)),.SURF_OF_LINEAR_EXTRUSION.,.F.,.F.,.F.,
(4,1,1,1,1,1,1,1,1,1,4),(2,2),(0.0599812106535473,0.117327346692284,0.146000414711652,
0.17467348273102,0.232019618769756,0.289365754808493,0.404058026885966,
0.518750298963439,0.633442571040912,0.748134843118384,0.97751938727333),
(0.,1.),.UNSPECIFIED.);
#16=B_SPLINE_SURFACE_WITH_KNOTS('',3,1,((#12089,#12090),(#12091,#12092),
(#12093,#12094),(#12095,#12096),(#12097,#12098),(#12099,#12100),(#12101,
#12102),(#12103,#12104),(#12105,#12106),(#12107,#12108),(#12109,#12110),
(#12111,#12112),(#12113,#12114)),.SURF_OF_LINEAR_EXTRUSION.,.F.,.F.,.F.,
(4,1,1,1,1,1,1,1,1,1,4),(2,2),(0.0599812106535563,0.117327346692292,0.14600041471166,
0.174673482731028,0.232019618769764,0.2893657548085,0.404058026885971,0.518750298963443,
0.633442571040915,0.748134843118387,0.97751938727333),(0.,1.),
 .UNSPECIFIED.);
#17=B_SPLINE_SURFACE_WITH_KNOTS('',3,1,((#12116,#12117),(#12118,#12119),
(#12120,#12121),(#12122,#12123),(#12124,#12125),(#12126,#12127),(#12128,
#12129),(#12130,#12131),(#12132,#12133),(#12134,#12135),(#12136,#12137),
(#12138,#12139),(#12140,#12141)),.SURF_OF_LINEAR_EXTRUSION.,.F.,.F.,.F.,
(4,1,1,1,1,1,1,1,1,1,4),(2,2),(0.0599812106535502,0.117327346692286,0.146000414711655,
0.174673482731023,0.232019618769759,0.289365754808495,0.404058026885968,
0.51875029896344,0.633442571040913,0.748134843118385,0.97751938727333),
(0.,1.),.UNSPECIFIED.);
#18=B_SPLINE_SURFACE_WITH_KNOTS('',3,1,((#12148,#12149),(#12150,#12151),
(#12152,#12153),(#12154,#12155),(#12156,#12157),(#12158,#12159),(#12160,
#12161),(#12162,#12163),(#12164,#12165),(#12166,#12167),(#12168,#12169),
(#12170,#12171),(#12172,#12173)),.SURF_OF_LINEAR_EXTRUSION.,.F.,.F.,.F.,
(4,1,1,1,1,1,1,1,1,1,4),(2,2),(0.0599812106535553,0.117327346692291,0.146000414711659,
0.174673482731027,0.232019618769763,0.289365754808499,0.404058026885971,
0.518750298963443,0.633442571040915,0.748134843118386,0.97751938727333),
(0.,1.),.UNSPECIFIED.);
#19=B_SPLINE_SURFACE_WITH_KNOTS('',3,1,((#12175,#12176),(#12177,#12178),
(#12179,#12180),(#12181,#12182),(#12183,#12184),(#12185,#12186),(#12187,
#12188),(#12189,#12190),(#12191,#12192),(#12193,#12194),(#12195,#12196),
(#12197,#12198),(#12199,#12200)),.SURF_OF_LINEAR_EXTRUSION.,.F.,.F.,.F.,
(4,1,1,1,1,1,1,1,1,1,4),(2,2),(0.0599812106535447,0.117327346692281,0.14600041471165,
0.174673482731018,0.232019618769754,0.289365754808491,0.404058026885964,
0.518750298963437,0.633442571040911,0.748134843118384,0.97751938727333),
(0.,1.),.UNSPECIFIED.);
#20=B_SPLINE_SURFACE_WITH_KNOTS('',3,1,((#12207,#12208),(#12209,#12210),
(#12211,#12212),(#12213,#12214),(#12215,#12216),(#12217,#12218),(#12219,
#12220),(#12221,#12222),(#12223,#12224),(#12225,#12226),(#12227,#12228),
(#12229,#12230),(#12231,#12232)),.SURF_OF_LINEAR_EXTRUSION.,.F.,.F.,.F.,
(4,1,1,1,1,1,1,1,1,1,4),(2,2),(0.0599812106535579,0.117327346692294,0.146000414711662,
0.174673482731029,0.232019618769765,0.289365754808501,0.404058026885972,
0.518750298963444,0.633442571040916,0.748134843118387,0.97751938727333),
(0.,1.),.UNSPECIFIED.);
#21=B_SPLINE_SURFACE_WITH_KNOTS('',3,1,((#12234,#12235),(#12236,#12237),
(#12238,#12239),(#12240,#12241),(#12242,#12243),(#12244,#12245),(#12246,
#12247),(#12248,#12249),(#12250,#12251),(#12252,#12253),(#12254,#12255),
(#12256,#12257),(#12258,#12259)),.SURF_OF_LINEAR_EXTRUSION.,.F.,.F.,.F.,
(4,1,1,1,1,1,1,1,1,1,4),(2,2),(0.059981210653547,0.117327346692283,0.146000414711652,
0.17467348273102,0.232019618769756,0.289365754808493,0.404058026885966,
0.518750298963438,0.633442571040911,0.748134843118384,0.97751938727333),
(0.,1.),.UNSPECIFIED.);
#22=B_SPLINE_SURFACE_WITH_KNOTS('',3,1,((#12266,#12267),(#12268,#12269),
(#12270,#12271),(#12272,#12273),(#12274,#12275),(#12276,#12277),(#12278,
#12279),(#12280,#12281),(#12282,#12283),(#12284,#12285),(#12286,#12287),
(#12288,#12289),(#12290,#12291)),.SURF_OF_LINEAR_EXTRUSION.,.F.,.F.,.F.,
(4,1,1,1,1,1,1,1,1,1,4),(2,2),(0.0599812106535543,0.11732734669229,0.146000414711658,
0.174673482731026,0.232019618769762,0.289365754808498,0.40405802688597,
0.518750298963442,0.633442571040914,0.748134843118386,0.97751938727333),
(0.,1.),.UNSPECIFIED.);
#23=B_SPLINE_SURFACE_WITH_KNOTS('',3,1,((#12293,#12294),(#12295,#12296),
(#12297,#12298),(#12299,#12300),(#12301,#12302),(#12303,#12304),(#12305,
#12306),(#12307,#12308),(#12309,#12310),(#12311,#12312),(#12313,#12314),
(#12315,#12316),(#12317,#12318)),.SURF_OF_LINEAR_EXTRUSION.,.F.,.F.,.F.,
(4,1,1,1,1,1,1,1,1,1,4),(2,2),(0.0599812106535489,0.117327346692285,0.146000414711653,
0.174673482731022,0.232019618769758,0.289365754808494,0.404058026885967,
0.518750298963439,0.633442571040912,0.748134843118385,0.97751938727333),
(0.,1.),.UNSPECIFIED.);
#24=B_SPLINE_SURFACE_WITH_KNOTS('',3,1,((#12325,#12326),(#12327,#12328),
(#12329,#12330),(#12331,#12332),(#12333,#12334),(#12335,#12336),(#12337,
#12338),(#12339,#12340),(#12341,#12342),(#12343,#12344),(#12345,#12346),
(#12347,#12348),(#12349,#12350)),.SURF_OF_LINEAR_EXTRUSION.,.F.,.F.,.F.,
(4,1,1,1,1,1,1,1,1,1,4),(2,2),(0.0599812106535551,0.117327346692291,0.146000414711659,
0.174673482731027,0.232019618769763,0.289365754808499,0.404058026885971,
0.518750298963443,0.633442571040914,0.748134843118386,0.97751938727333),
(0.,1.),.UNSPECIFIED.);
#25=B_SPLINE_SURFACE_WITH_KNOTS('',3,1,((#12352,#12353),(#12354,#12355),
(#12356,#12357),(#12358,#12359),(#12360,#12361),(#12362,#12363),(#12364,
#12365),(#12366,#12367),(#12368,#12369),(#12370,#12371),(#12372,#12373),
(#12374,#12375),(#12376,#12377)),.SURF_OF_LINEAR_EXTRUSION.,.F.,.F.,.F.,
(4,1,1,1,1,1,1,1,1,1,4),(2,2),(0.0599812106535458,0.117327346692282,0.146000414711651,
0.174673482731019,0.232019618769755,0.289365754808492,0.404058026885965,
0.518750298963438,0.633442571040911,0.748134843118384,0.97751938727333),
(0.,1.),.UNSPECIFIED.);
#26=B_SPLINE_SURFACE_WITH_KNOTS('',3,1,((#12384,#12385),(#12386,#12387),
(#12388,#12389),(#12390,#12391),(#12392,#12393),(#12394,#12395),(#12396,
#12397),(#12398,#12399),(#12400,#12401),(#12402,#12403),(#12404,#12405),
(#12406,#12407),(#12408,#12409)),.SURF_OF_LINEAR_EXTRUSION.,.F.,.F.,.F.,
(4,1,1,1,1,1,1,1,1,1,4),(2,2),(0.0599812106535566,0.117327346692292,0.14600041471166,
0.174673482731028,0.232019618769764,0.2893657548085,0.404058026885972,0.518750298963443,
0.633442571040915,0.748134843118387,0.97751938727333),(0.,1.),
 .UNSPECIFIED.);
#27=B_SPLINE_SURFACE_WITH_KNOTS('',3,1,((#12411,#12412),(#12413,#12414),
(#12415,#12416),(#12417,#12418),(#12419,#12420),(#12421,#12422),(#12423,
#12424),(#12425,#12426),(#12427,#12428),(#12429,#12430),(#12431,#12432),
(#12433,#12434),(#12435,#12436)),.SURF_OF_LINEAR_EXTRUSION.,.F.,.F.,.F.,
(4,1,1,1,1,1,1,1,1,1,4),(2,2),(0.0599812106535484,0.117327346692285,0.146000414711653,
0.174673482731021,0.232019618769757,0.289365754808494,0.404058026885966,
0.518750298963439,0.633442571040912,0.748134843118385,0.97751938727333),
(0.,1.),.UNSPECIFIED.);
#28=B_SPLINE_SURFACE_WITH_KNOTS('',3,1,((#12443,#12444),(#12445,#12446),
(#12447,#12448),(#12449,#12450),(#12451,#12452),(#12453,#12454),(#12455,
#12456),(#12457,#12458),(#12459,#12460),(#12461,#12462),(#12463,#12464),
(#12465,#12466),(#12467,#12468)),.SURF_OF_LINEAR_EXTRUSION.,.F.,.F.,.F.,
(4,1,1,1,1,1,1,1,1,1,4),(2,2),(0.0599812106535562,0.117327346692292,0.14600041471166,
0.174673482731028,0.232019618769764,0.2893657548085,0.404058026885971,0.518750298963443,
0.633442571040915,0.748134843118387,0.97751938727333),(0.,1.),
 .UNSPECIFIED.);
#29=B_SPLINE_SURFACE_WITH_KNOTS('',3,1,((#12470,#12471),(#12472,#12473),
(#12474,#12475),(#12476,#12477),(#12478,#12479),(#12480,#12481),(#12482,
#12483),(#12484,#12485),(#12486,#12487),(#12488,#12489),(#12490,#12491),
(#12492,#12493),(#12494,#12495)),.SURF_OF_LINEAR_EXTRUSION.,.F.,.F.,.F.,
(4,1,1,1,1,1,1,1,1,1,4),(2,2),(0.0599812106535496,0.117327346692286,0.146000414711654,
0.174673482731022,0.232019618769758,0.289365754808495,0.404058026885967,
0.51875029896344,0.633442571040912,0.748134843118385,0.97751938727333),
(0.,1.),.UNSPECIFIED.);
#30=B_SPLINE_SURFACE_WITH_KNOTS('',3,1,((#12502,#12503),(#12504,#12505),
(#12506,#12507),(#12508,#12509),(#12510,#12511),(#12512,#12513),(#12514,
#12515),(#12516,#12517),(#12518,#12519),(#12520,#12521),(#12522,#12523),
(#12524,#12525),(#12526,#12527)),.SURF_OF_LINEAR_EXTRUSION.,.F.,.F.,.F.,
(4,1,1,1,1,1,1,1,1,1,4),(2,2),(0.0599812106535594,0.117327346692295,0.146000414711663,
0.174673482731031,0.232019618769766,0.289365754808502,0.404058026885973,
0.518750298963445,0.633442571040916,0.748134843118387,0.97751938727333),
(0.,1.),.UNSPECIFIED.);
#31=B_SPLINE_SURFACE_WITH_KNOTS('',3,1,((#12529,#12530),(#12531,#12532),
(#12533,#12534),(#12535,#12536),(#12537,#12538),(#12539,#12540),(#12541,
#12542),(#12543,#12544),(#12545,#12546),(#12547,#12548),(#12549,#12550),
(#12551,#12552),(#12553,#12554)),.SURF_OF_LINEAR_EXTRUSION.,.F.,.F.,.F.,
(4,1,1,1,1,1,1,1,1,1,4),(2,2),(0.0599812106535473,0.117327346692284,0.146000414711652,
0.17467348273102,0.232019618769756,0.289365754808493,0.404058026885966,
0.518750298963439,0.633442571040912,0.748134843118384,0.97751938727333),
(0.,1.),.UNSPECIFIED.);
#32=B_SPLINE_SURFACE_WITH_KNOTS('',3,1,((#12561,#12562),(#12563,#12564),
(#12565,#12566),(#12567,#12568),(#12569,#12570),(#12571,#12572),(#12573,
#12574),(#12575,#12576),(#12577,#12578),(#12579,#12580),(#12581,#12582),
(#12583,#12584),(#12585,#12586)),.SURF_OF_LINEAR_EXTRUSION.,.F.,.F.,.F.,
(4,1,1,1,1,1,1,1,1,1,4),(2,2),(0.0599812106535563,0.117327346692292,0.14600041471166,
0.174673482731028,0.232019618769764,0.2893657548085,0.404058026885971,0.518750298963443,
0.633442571040915,0.748134843118387,0.97751938727333),(0.,1.),
 .UNSPECIFIED.);
#33=B_SPLINE_SURFACE_WITH_KNOTS('',3,1,((#12588,#12589),(#12590,#12591),
(#12592,#12593),(#12594,#12595),(#12596,#12597),(#12598,#12599),(#12600,
#12601),(#12602,#12603),(#12604,#12605),(#12606,#12607),(#12608,#12609),
(#12610,#12611),(#12612,#12613)),.SURF_OF_LINEAR_EXTRUSION.,.F.,.F.,.F.,
(4,1,1,1,1,1,1,1,1,1,4),(2,2),(0.0599812106535502,0.117327346692286,0.146000414711655,
0.174673482731023,0.232019618769759,0.289365754808495,0.404058026885968,
0.51875029896344,0.633442571040913,0.748134843118385,0.97751938727333),
(0.,1.),.UNSPECIFIED.);
#34=B_SPLINE_SURFACE_WITH_KNOTS('',3,1,((#12620,#12621),(#12622,#12623),
(#12624,#12625),(#12626,#12627),(#12628,#12629),(#12630,#12631),(#12632,
#12633),(#12634,#12635),(#12636,#12637),(#12638,#12639),(#12640,#12641),
(#12642,#12643),(#12644,#12645)),.SURF_OF_LINEAR_EXTRUSION.,.F.,.F.,.F.,
(4,1,1,1,1,1,1,1,1,1,4),(2,2),(0.0599812106535553,0.117327346692291,0.146000414711659,
0.174673482731027,0.232019618769763,0.289365754808499,0.404058026885971,
0.518750298963443,0.633442571040914,0.748134843118386,0.97751938727333),
(0.,1.),.UNSPECIFIED.);
#35=B_SPLINE_SURFACE_WITH_KNOTS('',3,1,((#12647,#12648),(#12649,#12650),
(#12651,#12652),(#12653,#12654),(#12655,#12656),(#12657,#12658),(#12659,
#12660),(#12661,#12662),(#12663,#12664),(#12665,#12666),(#12667,#12668),
(#12669,#12670),(#12671,#12672)),.SURF_OF_LINEAR_EXTRUSION.,.F.,.F.,.F.,
(4,1,1,1,1,1,1,1,1,1,4),(2,2),(0.0599812106535447,0.117327346692281,0.14600041471165,
0.174673482731018,0.232019618769754,0.289365754808491,0.404058026885964,
0.518750298963437,0.633442571040911,0.748134843118384,0.97751938727333),
(0.,1.),.UNSPECIFIED.);
#36=B_SPLINE_SURFACE_WITH_KNOTS('',3,1,((#12679,#12680),(#12681,#12682),
(#12683,#12684),(#12685,#12686),(#12687,#12688),(#12689,#12690),(#12691,
#12692),(#12693,#12694),(#12695,#12696),(#12697,#12698),(#12699,#12700),
(#12701,#12702),(#12703,#12704)),.SURF_OF_LINEAR_EXTRUSION.,.F.,.F.,.F.,
(4,1,1,1,1,1,1,1,1,1,4),(2,2),(0.0599812106535579,0.117327346692294,0.146000414711662,
0.174673482731029,0.232019618769765,0.289365754808501,0.404058026885972,
0.518750298963444,0.633442571040916,0.748134843118387,0.97751938727333),
(0.,1.),.UNSPECIFIED.);
#37=B_SPLINE_SURFACE_WITH_KNOTS('',3,1,((#12706,#12707),(#12708,#12709),
(#12710,#12711),(#12712,#12713),(#12714,#12715),(#12716,#12717),(#12718,
#12719),(#12720,#12721),(#12722,#12723),(#12724,#12725),(#12726,#12727),
(#12728,#12729),(#12730,#12731)),.SURF_OF_LINEAR_EXTRUSION.,.F.,.F.,.F.,
(4,1,1,1,1,1,1,1,1,1,4),(2,2),(0.0599812106535473,0.117327346692284,0.146000414711652,
0.17467348273102,0.232019618769757,0.289365754808493,0.404058026885966,
0.518750298963439,0.633442571040912,0.748134843118384,0.97751938727333),
(0.,1.),.UNSPECIFIED.);
#38=B_SPLINE_SURFACE_WITH_KNOTS('',3,1,((#12738,#12739),(#12740,#12741),
(#12742,#12743),(#12744,#12745),(#12746,#12747),(#12748,#12749),(#12750,
#12751),(#12752,#12753),(#12754,#12755),(#12756,#12757),(#12758,#12759),
(#12760,#12761),(#12762,#12763)),.SURF_OF_LINEAR_EXTRUSION.,.F.,.F.,.F.,
(4,1,1,1,1,1,1,1,1,1,4),(2,2),(0.0599812106535535,0.11732734669229,0.146000414711658,
0.174673482731026,0.232019618769762,0.289365754808498,0.40405802688597,
0.518750298963442,0.633442571040914,0.748134843118386,0.97751938727333),
(0.,1.),.UNSPECIFIED.);
#39=B_SPLINE_SURFACE_WITH_KNOTS('',3,1,((#12765,#12766),(#12767,#12768),
(#12769,#12770),(#12771,#12772),(#12773,#12774),(#12775,#12776),(#12777,
#12778),(#12779,#12780),(#12781,#12782),(#12783,#12784),(#12785,#12786),
(#12787,#12788),(#12789,#12790)),.SURF_OF_LINEAR_EXTRUSION.,.F.,.F.,.F.,
(4,1,1,1,1,1,1,1,1,1,4),(2,2),(0.0599812106535489,0.117327346692285,0.146000414711653,
0.174673482731022,0.232019618769758,0.289365754808494,0.404058026885967,
0.518750298963439,0.633442571040912,0.748134843118385,0.97751938727333),
(0.,1.),.UNSPECIFIED.);
#40=B_SPLINE_SURFACE_WITH_KNOTS('',3,1,((#12797,#12798),(#12799,#12800),
(#12801,#12802),(#12803,#12804),(#12805,#12806),(#12807,#12808),(#12809,
#12810),(#12811,#12812),(#12813,#12814),(#12815,#12816),(#12817,#12818),
(#12819,#12820),(#12821,#12822)),.SURF_OF_LINEAR_EXTRUSION.,.F.,.F.,.F.,
(4,1,1,1,1,1,1,1,1,1,4),(2,2),(0.0599812106535551,0.117327346692291,0.146000414711659,
0.174673482731027,0.232019618769763,0.289365754808499,0.404058026885971,
0.518750298963443,0.633442571040914,0.748134843118386,0.97751938727333),
(0.,1.),.UNSPECIFIED.);
#41=B_SPLINE_SURFACE_WITH_KNOTS('',3,1,((#12824,#12825),(#12826,#12827),
(#12828,#12829),(#12830,#12831),(#12832,#12833),(#12834,#12835),(#12836,
#12837),(#12838,#12839),(#12840,#12841),(#12842,#12843),(#12844,#12845),
(#12846,#12847),(#12848,#12849)),.SURF_OF_LINEAR_EXTRUSION.,.F.,.F.,.F.,
(4,1,1,1,1,1,1,1,1,1,4),(2,2),(0.0599812106535458,0.117327346692282,0.146000414711651,
0.174673482731019,0.232019618769755,0.289365754808492,0.404058026885965,
0.518750298963438,0.633442571040911,0.748134843118384,0.97751938727333),
(0.,1.),.UNSPECIFIED.);
#42=B_SPLINE_SURFACE_WITH_KNOTS('',3,1,((#12856,#12857),(#12858,#12859),
(#12860,#12861),(#12862,#12863),(#12864,#12865),(#12866,#12867),(#12868,
#12869),(#12870,#12871),(#12872,#12873),(#12874,#12875),(#12876,#12877),
(#12878,#12879),(#12880,#12881)),.SURF_OF_LINEAR_EXTRUSION.,.F.,.F.,.F.,
(4,1,1,1,1,1,1,1,1,1,4),(2,2),(0.0599812106535566,0.117327346692292,0.14600041471166,
0.174673482731028,0.232019618769764,0.2893657548085,0.404058026885972,0.518750298963443,
0.633442571040915,0.748134843118387,0.97751938727333),(0.,1.),
 .UNSPECIFIED.);
#43=B_SPLINE_SURFACE_WITH_KNOTS('',3,1,((#12883,#12884),(#12885,#12886),
(#12887,#12888),(#12889,#12890),(#12891,#12892),(#12893,#12894),(#12895,
#12896),(#12897,#12898),(#12899,#12900),(#12901,#12902),(#12903,#12904),
(#12905,#12906),(#12907,#12908)),.SURF_OF_LINEAR_EXTRUSION.,.F.,.F.,.F.,
(4,1,1,1,1,1,1,1,1,1,4),(2,2),(0.0599812106535484,0.117327346692285,0.146000414711653,
0.174673482731021,0.232019618769757,0.289365754808494,0.404058026885966,
0.518750298963439,0.633442571040912,0.748134843118385,0.97751938727333),
(0.,1.),.UNSPECIFIED.);
#44=B_SPLINE_SURFACE_WITH_KNOTS('',3,1,((#12915,#12916),(#12917,#12918),
(#12919,#12920),(#12921,#12922),(#12923,#12924),(#12925,#12926),(#12927,
#12928),(#12929,#12930),(#12931,#12932),(#12933,#12934),(#12935,#12936),
(#12937,#12938),(#12939,#12940)),.SURF_OF_LINEAR_EXTRUSION.,.F.,.F.,.F.,
(4,1,1,1,1,1,1,1,1,1,4),(2,2),(0.0599812106535562,0.117327346692292,0.14600041471166,
0.174673482731028,0.232019618769764,0.2893657548085,0.404058026885971,0.518750298963443,
0.633442571040915,0.748134843118387,0.97751938727333),(0.,1.),
 .UNSPECIFIED.);
#45=B_SPLINE_SURFACE_WITH_KNOTS('',3,1,((#12942,#12943),(#12944,#12945),
(#12946,#12947),(#12948,#12949),(#12950,#12951),(#12952,#12953),(#12954,
#12955),(#12956,#12957),(#12958,#12959),(#12960,#12961),(#12962,#12963),
(#12964,#12965),(#12966,#12967)),.SURF_OF_LINEAR_EXTRUSION.,.F.,.F.,.F.,
(4,1,1,1,1,1,1,1,1,1,4),(2,2),(0.0599812106535496,0.117327346692286,0.146000414711654,
0.174673482731022,0.232019618769758,0.289365754808495,0.404058026885967,
0.51875029896344,0.633442571040912,0.748134843118385,0.97751938727333),
(0.,1.),.UNSPECIFIED.);
#46=B_SPLINE_SURFACE_WITH_KNOTS('',3,1,((#12974,#12975),(#12976,#12977),
(#12978,#12979),(#12980,#12981),(#12982,#12983),(#12984,#12985),(#12986,
#12987),(#12988,#12989),(#12990,#12991),(#12992,#12993),(#12994,#12995),
(#12996,#12997),(#12998,#12999)),.SURF_OF_LINEAR_EXTRUSION.,.F.,.F.,.F.,
(4,1,1,1,1,1,1,1,1,1,4),(2,2),(0.0599812106535594,0.117327346692295,0.146000414711663,
0.174673482731031,0.232019618769766,0.289365754808502,0.404058026885973,
0.518750298963445,0.633442571040916,0.748134843118387,0.97751938727333),
(0.,1.),.UNSPECIFIED.);
#47=B_SPLINE_SURFACE_WITH_KNOTS('',3,1,((#13001,#13002),(#13003,#13004),
(#13005,#13006),(#13007,#13008),(#13009,#13010),(#13011,#13012),(#13013,
#13014),(#13015,#13016),(#13017,#13018),(#13019,#13020),(#13021,#13022),
(#13023,#13024),(#13025,#13026)),.SURF_OF_LINEAR_EXTRUSION.,.F.,.F.,.F.,
(4,1,1,1,1,1,1,1,1,1,4),(2,2),(0.0599812106535473,0.117327346692284,0.146000414711652,
0.17467348273102,0.232019618769756,0.289365754808493,0.404058026885966,
0.518750298963439,0.633442571040912,0.748134843118384,0.97751938727333),
(0.,1.),.UNSPECIFIED.);
#48=B_SPLINE_SURFACE_WITH_KNOTS('',3,1,((#13033,#13034),(#13035,#13036),
(#13037,#13038),(#13039,#13040),(#13041,#13042),(#13043,#13044),(#13045,
#13046),(#13047,#13048),(#13049,#13050),(#13051,#13052),(#13053,#13054),
(#13055,#13056),(#13057,#13058)),.SURF_OF_LINEAR_EXTRUSION.,.F.,.F.,.F.,
(4,1,1,1,1,1,1,1,1,1,4),(2,2),(0.0599812106535563,0.117327346692292,0.14600041471166,
0.174673482731028,0.232019618769764,0.2893657548085,0.404058026885971,0.518750298963443,
0.633442571040915,0.748134843118387,0.97751938727333),(0.,1.),
 .UNSPECIFIED.);
#49=B_SPLINE_SURFACE_WITH_KNOTS('',3,1,((#13060,#13061),(#13062,#13063),
(#13064,#13065),(#13066,#13067),(#13068,#13069),(#13070,#13071),(#13072,
#13073),(#13074,#13075),(#13076,#13077),(#13078,#13079),(#13080,#13081),
(#13082,#13083),(#13084,#13085)),.SURF_OF_LINEAR_EXTRUSION.,.F.,.F.,.F.,
(4,1,1,1,1,1,1,1,1,1,4),(2,2),(0.0599812106535502,0.117327346692286,0.146000414711655,
0.174673482731023,0.232019618769759,0.289365754808495,0.404058026885968,
0.51875029896344,0.633442571040913,0.748134843118385,0.97751938727333),
(0.,1.),.UNSPECIFIED.);
#50=B_SPLINE_SURFACE_WITH_KNOTS('',3,1,((#13092,#13093),(#13094,#13095),
(#13096,#13097),(#13098,#13099),(#13100,#13101),(#13102,#13103),(#13104,
#13105),(#13106,#13107),(#13108,#13109),(#13110,#13111),(#13112,#13113),
(#13114,#13115),(#13116,#13117)),.SURF_OF_LINEAR_EXTRUSION.,.F.,.F.,.F.,
(4,1,1,1,1,1,1,1,1,1,4),(2,2),(0.0599812106535558,0.117327346692292,0.14600041471166,
0.174673482731028,0.232019618769763,0.289365754808499,0.404058026885971,
0.518750298963443,0.633442571040915,0.748134843118386,0.97751938727333),
(0.,1.),.UNSPECIFIED.);
#51=B_SPLINE_SURFACE_WITH_KNOTS('',3,1,((#13119,#13120),(#13121,#13122),
(#13123,#13124),(#13125,#13126),(#13127,#13128),(#13129,#13130),(#13131,
#13132),(#13133,#13134),(#13135,#13136),(#13137,#13138),(#13139,#13140),
(#13141,#13142),(#13143,#13144)),.SURF_OF_LINEAR_EXTRUSION.,.F.,.F.,.F.,
(4,1,1,1,1,1,1,1,1,1,4),(2,2),(0.0599812106535448,0.117327346692281,0.14600041471165,
0.174673482731018,0.232019618769755,0.289365754808491,0.404058026885964,
0.518750298963437,0.633442571040911,0.748134843118384,0.97751938727333),
(0.,1.),.UNSPECIFIED.);
#52=B_SPLINE_SURFACE_WITH_KNOTS('',3,1,((#13151,#13152),(#13153,#13154),
(#13155,#13156),(#13157,#13158),(#13159,#13160),(#13161,#13162),(#13163,
#13164),(#13165,#13166),(#13167,#13168),(#13169,#13170),(#13171,#13172),
(#13173,#13174),(#13175,#13176)),.SURF_OF_LINEAR_EXTRUSION.,.F.,.F.,.F.,
(4,1,1,1,1,1,1,1,1,1,4),(2,2),(0.0599812106535579,0.117327346692294,0.146000414711662,
0.174673482731029,0.232019618769765,0.289365754808501,0.404058026885972,
0.518750298963444,0.633442571040916,0.748134843118387,0.97751938727333),
(0.,1.),.UNSPECIFIED.);
#53=B_SPLINE_SURFACE_WITH_KNOTS('',3,1,((#13178,#13179),(#13180,#13181),
(#13182,#13183),(#13184,#13185),(#13186,#13187),(#13188,#13189),(#13190,
#13191),(#13192,#13193),(#13194,#13195),(#13196,#13197),(#13198,#13199),
(#13200,#13201),(#13202,#13203)),.SURF_OF_LINEAR_EXTRUSION.,.F.,.F.,.F.,
(4,1,1,1,1,1,1,1,1,1,4),(2,2),(0.0599812106535473,0.117327346692284,0.146000414711652,
0.17467348273102,0.232019618769757,0.289365754808493,0.404058026885966,
0.518750298963439,0.633442571040912,0.748134843118384,0.97751938727333),
(0.,1.),.UNSPECIFIED.);
#54=B_SPLINE_SURFACE_WITH_KNOTS('',3,1,((#13210,#13211),(#13212,#13213),
(#13214,#13215),(#13216,#13217),(#13218,#13219),(#13220,#13221),(#13222,
#13223),(#13224,#13225),(#13226,#13227),(#13228,#13229),(#13230,#13231),
(#13232,#13233),(#13234,#13235)),.SURF_OF_LINEAR_EXTRUSION.,.F.,.F.,.F.,
(4,1,1,1,1,1,1,1,1,1,4),(2,2),(0.0599812106535538,0.11732734669229,0.146000414711658,
0.174673482731026,0.232019618769762,0.289365754808498,0.40405802688597,
0.518750298963442,0.633442571040914,0.748134843118386,0.97751938727333),
(0.,1.),.UNSPECIFIED.);
#55=B_SPLINE_SURFACE_WITH_KNOTS('',3,1,((#13237,#13238),(#13239,#13240),
(#13241,#13242),(#13243,#13244),(#13245,#13246),(#13247,#13248),(#13249,
#13250),(#13251,#13252),(#13253,#13254),(#13255,#13256),(#13257,#13258),
(#13259,#13260),(#13261,#13262)),.SURF_OF_LINEAR_EXTRUSION.,.F.,.F.,.F.,
(4,1,1,1,1,1,1,1,1,1,4),(2,2),(0.0599812106535489,0.117327346692285,0.146000414711653,
0.174673482731022,0.232019618769758,0.289365754808494,0.404058026885967,
0.518750298963439,0.633442571040912,0.748134843118385,0.97751938727333),
(0.,1.),.UNSPECIFIED.);
#56=B_SPLINE_SURFACE_WITH_KNOTS('',3,1,((#13269,#13270),(#13271,#13272),
(#13273,#13274),(#13275,#13276),(#13277,#13278),(#13279,#13280),(#13281,
#13282),(#13283,#13284),(#13285,#13286),(#13287,#13288),(#13289,#13290),
(#13291,#13292),(#13293,#13294)),.SURF_OF_LINEAR_EXTRUSION.,.F.,.F.,.F.,
(4,1,1,1,1,1,1,1,1,1,4),(2,2),(0.059981210653555,0.117327346692291,0.146000414711659,
0.174673482731027,0.232019618769763,0.289365754808499,0.404058026885971,
0.518750298963442,0.633442571040914,0.748134843118386,0.97751938727333),
(0.,1.),.UNSPECIFIED.);
#57=B_SPLINE_SURFACE_WITH_KNOTS('',3,1,((#13296,#13297),(#13298,#13299),
(#13300,#13301),(#13302,#13303),(#13304,#13305),(#13306,#13307),(#13308,
#13309),(#13310,#13311),(#13312,#13313),(#13314,#13315),(#13316,#13317),
(#13318,#13319),(#13320,#13321)),.SURF_OF_LINEAR_EXTRUSION.,.F.,.F.,.F.,
(4,1,1,1,1,1,1,1,1,1,4),(2,2),(0.059981210653545,0.117327346692282,0.14600041471165,
0.174673482731018,0.232019618769755,0.289365754808491,0.404058026885964,
0.518750298963437,0.633442571040911,0.748134843118384,0.97751938727333),
(0.,1.),.UNSPECIFIED.);
#58=B_SPLINE_SURFACE_WITH_KNOTS('',3,1,((#13328,#13329),(#13330,#13331),
(#13332,#13333),(#13334,#13335),(#13336,#13337),(#13338,#13339),(#13340,
#13341),(#13342,#13343),(#13344,#13345),(#13346,#13347),(#13348,#13349),
(#13350,#13351),(#13352,#13353)),.SURF_OF_LINEAR_EXTRUSION.,.F.,.F.,.F.,
(4,1,1,1,1,1,1,1,1,1,4),(2,2),(0.0599812106535568,0.117327346692293,0.146000414711661,
0.174673482731028,0.232019618769764,0.2893657548085,0.404058026885972,0.518750298963443,
0.633442571040915,0.748134843118387,0.97751938727333),(0.,1.),
 .UNSPECIFIED.);
#59=B_SPLINE_SURFACE_WITH_KNOTS('',3,1,((#13355,#13356),(#13357,#13358),
(#13359,#13360),(#13361,#13362),(#13363,#13364),(#13365,#13366),(#13367,
#13368),(#13369,#13370),(#13371,#13372),(#13373,#13374),(#13375,#13376),
(#13377,#13378),(#13379,#13380)),.SURF_OF_LINEAR_EXTRUSION.,.F.,.F.,.F.,
(4,1,1,1,1,1,1,1,1,1,4),(2,2),(0.0599812106535481,0.117327346692284,0.146000414711653,
0.174673482731021,0.232019618769757,0.289365754808494,0.404058026885966,
0.518750298963439,0.633442571040912,0.748134843118385,0.97751938727333),
(0.,1.),.UNSPECIFIED.);
#60=B_SPLINE_SURFACE_WITH_KNOTS('',3,1,((#13387,#13388),(#13389,#13390),
(#13391,#13392),(#13393,#13394),(#13395,#13396),(#13397,#13398),(#13399,
#13400),(#13401,#13402),(#13403,#13404),(#13405,#13406),(#13407,#13408),
(#13409,#13410),(#13411,#13412)),.SURF_OF_LINEAR_EXTRUSION.,.F.,.F.,.F.,
(4,1,1,1,1,1,1,1,1,1,4),(2,2),(0.0599812106535561,0.117327346692292,0.14600041471166,
0.174673482731028,0.232019618769764,0.2893657548085,0.404058026885971,0.518750298963443,
0.633442571040915,0.748134843118387,0.97751938727333),(0.,1.),
 .UNSPECIFIED.);
#61=B_SPLINE_SURFACE_WITH_KNOTS('',3,1,((#13414,#13415),(#13416,#13417),
(#13418,#13419),(#13420,#13421),(#13422,#13423),(#13424,#13425),(#13426,
#13427),(#13428,#13429),(#13430,#13431),(#13432,#13433),(#13434,#13435),
(#13436,#13437),(#13438,#13439)),.SURF_OF_LINEAR_EXTRUSION.,.F.,.F.,.F.,
(4,1,1,1,1,1,1,1,1,1,4),(2,2),(0.0599812106535496,0.117327346692286,0.146000414711654,
0.174673482731022,0.232019618769758,0.289365754808495,0.404058026885967,
0.51875029896344,0.633442571040912,0.748134843118385,0.97751938727333),
(0.,1.),.UNSPECIFIED.);
#62=B_SPLINE_SURFACE_WITH_KNOTS('',3,1,((#13446,#13447),(#13448,#13449),
(#13450,#13451),(#13452,#13453),(#13454,#13455),(#13456,#13457),(#13458,
#13459),(#13460,#13461),(#13462,#13463),(#13464,#13465),(#13466,#13467),
(#13468,#13469),(#13470,#13471)),.SURF_OF_LINEAR_EXTRUSION.,.F.,.F.,.F.,
(4,1,1,1,1,1,1,1,1,1,4),(2,2),(0.0599812106535562,0.117327346692292,0.14600041471166,
0.174673482731028,0.232019618769764,0.2893657548085,0.404058026885971,0.518750298963443,
0.633442571040915,0.748134843118387,0.97751938727333),(0.,1.),
 .UNSPECIFIED.);
#63=B_SPLINE_SURFACE_WITH_KNOTS('',3,1,((#13473,#13474),(#13475,#13476),
(#13477,#13478),(#13479,#13480),(#13481,#13482),(#13483,#13484),(#13485,
#13486),(#13487,#13488),(#13489,#13490),(#13491,#13492),(#13493,#13494),
(#13495,#13496),(#13497,#13498)),.SURF_OF_LINEAR_EXTRUSION.,.F.,.F.,.F.,
(4,1,1,1,1,1,1,1,1,1,4),(2,2),(0.0599812106535502,0.117327346692286,0.146000414711655,
0.174673482731023,0.232019618769759,0.289365754808495,0.404058026885968,
0.51875029896344,0.633442571040913,0.748134843118385,0.97751938727333),
(0.,1.),.UNSPECIFIED.);
#64=B_SPLINE_SURFACE_WITH_KNOTS('',3,1,((#13505,#13506),(#13507,#13508),
(#13509,#13510),(#13511,#13512),(#13513,#13514),(#13515,#13516),(#13517,
#13518),(#13519,#13520),(#13521,#13522),(#13523,#13524),(#13525,#13526),
(#13527,#13528),(#13529,#13530)),.SURF_OF_LINEAR_EXTRUSION.,.F.,.F.,.F.,
(4,1,1,1,1,1,1,1,1,1,4),(2,2),(0.0599812106535558,0.117327346692292,0.14600041471166,
0.174673482731028,0.232019618769763,0.289365754808499,0.404058026885971,
0.518750298963443,0.633442571040915,0.748134843118386,0.97751938727333),
(0.,1.),.UNSPECIFIED.);
#65=B_SPLINE_SURFACE_WITH_KNOTS('',3,1,((#13532,#13533),(#13534,#13535),
(#13536,#13537),(#13538,#13539),(#13540,#13541),(#13542,#13543),(#13544,
#13545),(#13546,#13547),(#13548,#13549),(#13550,#13551),(#13552,#13553),
(#13554,#13555),(#13556,#13557)),.SURF_OF_LINEAR_EXTRUSION.,.F.,.F.,.F.,
(4,1,1,1,1,1,1,1,1,1,4),(2,2),(0.0599812106535446,0.117327346692281,0.146000414711649,
0.174673482731018,0.232019618769754,0.289365754808491,0.404058026885964,
0.518750298963437,0.63344257104091,0.748134843118384,0.97751938727333),
(0.,1.),.UNSPECIFIED.);
#66=B_SPLINE_SURFACE_WITH_KNOTS('',3,1,((#13564,#13565),(#13566,#13567),
(#13568,#13569),(#13570,#13571),(#13572,#13573),(#13574,#13575),(#13576,
#13577),(#13578,#13579),(#13580,#13581),(#13582,#13583),(#13584,#13585),
(#13586,#13587),(#13588,#13589)),.SURF_OF_LINEAR_EXTRUSION.,.F.,.F.,.F.,
(4,1,1,1,1,1,1,1,1,1,4),(2,2),(0.0599812106535579,0.117327346692294,0.146000414711662,
0.174673482731029,0.232019618769765,0.289365754808501,0.404058026885972,
0.518750298963444,0.633442571040916,0.748134843118387,0.97751938727333),
(0.,1.),.UNSPECIFIED.);
#67=B_SPLINE_SURFACE_WITH_KNOTS('',3,1,((#13591,#13592),(#13593,#13594),
(#13595,#13596),(#13597,#13598),(#13599,#13600),(#13601,#13602),(#13603,
#13604),(#13605,#13606),(#13607,#13608),(#13609,#13610),(#13611,#13612),
(#13613,#13614),(#13615,#13616)),.SURF_OF_LINEAR_EXTRUSION.,.F.,.F.,.F.,
(4,1,1,1,1,1,1,1,1,1,4),(2,2),(0.0599812106535473,0.117327346692284,0.146000414711652,
0.17467348273102,0.232019618769757,0.289365754808493,0.404058026885966,
0.518750298963439,0.633442571040912,0.748134843118384,0.97751938727333),
(0.,1.),.UNSPECIFIED.);
#68=B_SPLINE_SURFACE_WITH_KNOTS('',3,1,((#13623,#13624),(#13625,#13626),
(#13627,#13628),(#13629,#13630),(#13631,#13632),(#13633,#13634),(#13635,
#13636),(#13637,#13638),(#13639,#13640),(#13641,#13642),(#13643,#13644),
(#13645,#13646),(#13647,#13648)),.SURF_OF_LINEAR_EXTRUSION.,.F.,.F.,.F.,
(4,1,1,1,1,1,1,1,1,1,4),(2,2),(0.0599812106535544,0.11732734669229,0.146000414711658,
0.174673482731026,0.232019618769762,0.289365754808498,0.40405802688597,
0.518750298963442,0.633442571040914,0.748134843118386,0.97751938727333),
(0.,1.),.UNSPECIFIED.);
#69=B_SPLINE_SURFACE_WITH_KNOTS('',3,1,((#13650,#13651),(#13652,#13653),
(#13654,#13655),(#13656,#13657),(#13658,#13659),(#13660,#13661),(#13662,
#13663),(#13664,#13665),(#13666,#13667),(#13668,#13669),(#13670,#13671),
(#13672,#13673),(#13674,#13675)),.SURF_OF_LINEAR_EXTRUSION.,.F.,.F.,.F.,
(4,1,1,1,1,1,1,1,1,1,4),(2,2),(0.0599812106535478,0.117327346692284,0.146000414711652,
0.174673482731021,0.232019618769757,0.289365754808493,0.404058026885966,
0.518750298963439,0.633442571040912,0.748134843118385,0.97751938727333),
(0.,1.),.UNSPECIFIED.);
#70=B_SPLINE_SURFACE_WITH_KNOTS('',3,1,((#13682,#13683),(#13684,#13685),
(#13686,#13687),(#13688,#13689),(#13690,#13691),(#13692,#13693),(#13694,
#13695),(#13696,#13697),(#13698,#13699),(#13700,#13701),(#13702,#13703),
(#13704,#13705),(#13706,#13707)),.SURF_OF_LINEAR_EXTRUSION.,.F.,.F.,.F.,
(4,1,1,1,1,1,1,1,1,1,4),(2,2),(0.0599812106535552,0.117327346692291,0.146000414711659,
0.174673482731027,0.232019618769763,0.289365754808499,0.404058026885971,
0.518750298963443,0.633442571040914,0.748134843118386,0.97751938727333),
(0.,1.),.UNSPECIFIED.);
#71=B_SPLINE_SURFACE_WITH_KNOTS('',3,1,((#13709,#13710),(#13711,#13712),
(#13713,#13714),(#13715,#13716),(#13717,#13718),(#13719,#13720),(#13721,
#13722),(#13723,#13724),(#13725,#13726),(#13727,#13728),(#13729,#13730),
(#13731,#13732),(#13733,#13734)),.SURF_OF_LINEAR_EXTRUSION.,.F.,.F.,.F.,
(4,1,1,1,1,1,1,1,1,1,4),(2,2),(0.0599812106535458,0.117327346692282,0.146000414711651,
0.174673482731019,0.232019618769755,0.289365754808492,0.404058026885965,
0.518750298963438,0.633442571040911,0.748134843118384,0.97751938727333),
(0.,1.),.UNSPECIFIED.);
#72=B_SPLINE_SURFACE_WITH_KNOTS('',3,1,((#13741,#13742),(#13743,#13744),
(#13745,#13746),(#13747,#13748),(#13749,#13750),(#13751,#13752),(#13753,
#13754),(#13755,#13756),(#13757,#13758),(#13759,#13760),(#13761,#13762),
(#13763,#13764),(#13765,#13766)),.SURF_OF_LINEAR_EXTRUSION.,.F.,.F.,.F.,
(4,1,1,1,1,1,1,1,1,1,4),(2,2),(0.0599812106535565,0.117327346692292,0.14600041471166,
0.174673482731028,0.232019618769764,0.2893657548085,0.404058026885972,0.518750298963443,
0.633442571040915,0.748134843118387,0.97751938727333),(0.,1.),
 .UNSPECIFIED.);
#73=B_SPLINE_SURFACE_WITH_KNOTS('',3,1,((#13768,#13769),(#13770,#13771),
(#13772,#13773),(#13774,#13775),(#13776,#13777),(#13778,#13779),(#13780,
#13781),(#13782,#13783),(#13784,#13785),(#13786,#13787),(#13788,#13789),
(#13790,#13791),(#13792,#13793)),.SURF_OF_LINEAR_EXTRUSION.,.F.,.F.,.F.,
(4,1,1,1,1,1,1,1,1,1,4),(2,2),(0.0599812106535481,0.117327346692284,0.146000414711653,
0.174673482731021,0.232019618769757,0.289365754808494,0.404058026885966,
0.518750298963439,0.633442571040912,0.748134843118385,0.97751938727333),
(0.,1.),.UNSPECIFIED.);
#74=B_SPLINE_SURFACE_WITH_KNOTS('',3,1,((#13800,#13801),(#13802,#13803),
(#13804,#13805),(#13806,#13807),(#13808,#13809),(#13810,#13811),(#13812,
#13813),(#13814,#13815),(#13816,#13817),(#13818,#13819),(#13820,#13821),
(#13822,#13823),(#13824,#13825)),.SURF_OF_LINEAR_EXTRUSION.,.F.,.F.,.F.,
(4,1,1,1,1,1,1,1,1,1,4),(2,2),(0.0599812106535561,0.117327346692292,0.14600041471166,
0.174673482731028,0.232019618769764,0.2893657548085,0.404058026885971,0.518750298963443,
0.633442571040915,0.748134843118387,0.97751938727333),(0.,1.),
 .UNSPECIFIED.);
#75=B_SPLINE_SURFACE_WITH_KNOTS('',3,1,((#13827,#13828),(#13829,#13830),
(#13831,#13832),(#13833,#13834),(#13835,#13836),(#13837,#13838),(#13839,
#13840),(#13841,#13842),(#13843,#13844),(#13845,#13846),(#13847,#13848),
(#13849,#13850),(#13851,#13852)),.SURF_OF_LINEAR_EXTRUSION.,.F.,.F.,.F.,
(4,1,1,1,1,1,1,1,1,1,4),(2,2),(0.0599812106535496,0.117327346692286,0.146000414711654,
0.174673482731022,0.232019618769758,0.289365754808495,0.404058026885967,
0.51875029896344,0.633442571040912,0.748134843118385,0.97751938727333),
(0.,1.),.UNSPECIFIED.);
#76=B_SPLINE_SURFACE_WITH_KNOTS('',3,1,((#13974,#13975),(#13976,#13977),
(#13978,#13979),(#13980,#13981)),.SURF_OF_LINEAR_EXTRUSION.,.F.,.F.,.F.,
(4,4),(2,2),(0.,1.),(0.,1.),.PIECEWISE_BEZIER_KNOTS.);
#77=B_SPLINE_SURFACE_WITH_KNOTS('',3,1,((#13987,#13988),(#13989,#13990),
(#13991,#13992),(#13993,#13994)),.SURF_OF_LINEAR_EXTRUSION.,.F.,.F.,.F.,
(4,4),(2,2),(0.,1.),(0.,1.),.PIECEWISE_BEZIER_KNOTS.);
#78=B_SPLINE_SURFACE_WITH_KNOTS('',3,1,((#14000,#14001),(#14002,#14003),
(#14004,#14005),(#14006,#14007)),.SURF_OF_LINEAR_EXTRUSION.,.F.,.F.,.F.,
(4,4),(2,2),(0.,1.),(0.,1.),.PIECEWISE_BEZIER_KNOTS.);
#79=B_SPLINE_SURFACE_WITH_KNOTS('',3,1,((#14013,#14014),(#14015,#14016),
(#14017,#14018),(#14019,#14020)),.SURF_OF_LINEAR_EXTRUSION.,.F.,.F.,.F.,
(4,4),(2,2),(0.,1.),(0.,1.),.PIECEWISE_BEZIER_KNOTS.);
#80=B_SPLINE_SURFACE_WITH_KNOTS('',3,1,((#14026,#14027),(#14028,#14029),
(#14030,#14031),(#14032,#14033)),.SURF_OF_LINEAR_EXTRUSION.,.F.,.F.,.F.,
(4,4),(2,2),(0.,1.),(0.,1.),.PIECEWISE_BEZIER_KNOTS.);
#81=B_SPLINE_SURFACE_WITH_KNOTS('',3,1,((#14043,#14044),(#14045,#14046),
(#14047,#14048),(#14049,#14050)),.SURF_OF_LINEAR_EXTRUSION.,.F.,.F.,.F.,
(4,4),(2,2),(0.,1.),(0.,1.),.PIECEWISE_BEZIER_KNOTS.);
#82=B_SPLINE_SURFACE_WITH_KNOTS('',3,1,((#14060,#14061),(#14062,#14063),
(#14064,#14065),(#14066,#14067)),.SURF_OF_LINEAR_EXTRUSION.,.F.,.F.,.F.,
(4,4),(2,2),(0.,1.),(0.,1.),.PIECEWISE_BEZIER_KNOTS.);
#83=B_SPLINE_SURFACE_WITH_KNOTS('',3,1,((#14073,#14074),(#14075,#14076),
(#14077,#14078),(#14079,#14080)),.SURF_OF_LINEAR_EXTRUSION.,.F.,.F.,.F.,
(4,4),(2,2),(0.,1.),(0.,1.),.PIECEWISE_BEZIER_KNOTS.);
#84=B_SPLINE_SURFACE_WITH_KNOTS('',3,1,((#14094,#14095),(#14096,#14097),
(#14098,#14099),(#14100,#14101)),.SURF_OF_LINEAR_EXTRUSION.,.F.,.F.,.F.,
(4,4),(2,2),(0.,1.),(0.,1.),.PIECEWISE_BEZIER_KNOTS.);
#85=B_SPLINE_SURFACE_WITH_KNOTS('',3,1,((#14143,#14144),(#14145,#14146),
(#14147,#14148),(#14149,#14150)),.SURF_OF_LINEAR_EXTRUSION.,.F.,.F.,.F.,
(4,4),(2,2),(0.,1.),(0.,1.),.PIECEWISE_BEZIER_KNOTS.);
#86=B_SPLINE_SURFACE_WITH_KNOTS('',3,1,((#14158,#14159),(#14160,#14161),
(#14162,#14163),(#14164,#14165)),.SURF_OF_LINEAR_EXTRUSION.,.F.,.F.,.F.,
(4,4),(2,2),(0.,1.),(0.,1.),.PIECEWISE_BEZIER_KNOTS.);
#87=B_SPLINE_SURFACE_WITH_KNOTS('',3,1,((#14175,#14176),(#14177,#14178),
(#14179,#14180),(#14181,#14182)),.SURF_OF_LINEAR_EXTRUSION.,.F.,.F.,.F.,
(4,4),(2,2),(0.,1.),(0.,1.),.PIECEWISE_BEZIER_KNOTS.);
#88=B_SPLINE_SURFACE_WITH_KNOTS('',3,1,((#14188,#14189),(#14190,#14191),
(#14192,#14193),(#14194,#14195)),.SURF_OF_LINEAR_EXTRUSION.,.F.,.F.,.F.,
(4,4),(2,2),(0.,1.),(0.,1.),.PIECEWISE_BEZIER_KNOTS.);
#89=B_SPLINE_SURFACE_WITH_KNOTS('',3,1,((#14201,#14202),(#14203,#14204),
(#14205,#14206),(#14207,#14208)),.SURF_OF_LINEAR_EXTRUSION.,.F.,.F.,.F.,
(4,4),(2,2),(0.,1.),(0.,1.),.PIECEWISE_BEZIER_KNOTS.);
#90=B_SPLINE_SURFACE_WITH_KNOTS('',3,1,((#14214,#14215),(#14216,#14217),
(#14218,#14219),(#14220,#14221)),.SURF_OF_LINEAR_EXTRUSION.,.F.,.F.,.F.,
(4,4),(2,2),(0.,1.),(0.,1.),.PIECEWISE_BEZIER_KNOTS.);
#91=B_SPLINE_SURFACE_WITH_KNOTS('',3,1,((#14231,#14232),(#14233,#14234),
(#14235,#14236),(#14237,#14238)),.SURF_OF_LINEAR_EXTRUSION.,.F.,.F.,.F.,
(4,4),(2,2),(0.,1.),(0.,1.),.PIECEWISE_BEZIER_KNOTS.);
#92=B_SPLINE_SURFACE_WITH_KNOTS('',3,1,((#14244,#14245),(#14246,#14247),
(#14248,#14249),(#14250,#14251)),.SURF_OF_LINEAR_EXTRUSION.,.F.,.F.,.F.,
(4,4),(2,2),(0.,1.),(0.,1.),.PIECEWISE_BEZIER_KNOTS.);
#93=B_SPLINE_SURFACE_WITH_KNOTS('',3,1,((#14257,#14258),(#14259,#14260),
(#14261,#14262),(#14263,#14264)),.SURF_OF_LINEAR_EXTRUSION.,.F.,.F.,.F.,
(4,4),(2,2),(0.,1.),(0.,1.),.PIECEWISE_BEZIER_KNOTS.);
#94=B_SPLINE_SURFACE_WITH_KNOTS('',3,1,((#14270,#14271),(#14272,#14273),
(#14274,#14275),(#14276,#14277)),.SURF_OF_LINEAR_EXTRUSION.,.F.,.F.,.F.,
(4,4),(2,2),(0.,1.),(0.,1.),.PIECEWISE_BEZIER_KNOTS.);
#95=B_SPLINE_SURFACE_WITH_KNOTS('',3,1,((#14283,#14284),(#14285,#14286),
(#14287,#14288),(#14289,#14290)),.SURF_OF_LINEAR_EXTRUSION.,.F.,.F.,.F.,
(4,4),(2,2),(0.,1.),(0.,1.),.PIECEWISE_BEZIER_KNOTS.);
#96=B_SPLINE_SURFACE_WITH_KNOTS('',3,1,((#14366,#14367),(#14368,#14369),
(#14370,#14371),(#14372,#14373)),.SURF_OF_LINEAR_EXTRUSION.,.F.,.F.,.F.,
(4,4),(2,2),(0.,1.),(0.,1.),.PIECEWISE_BEZIER_KNOTS.);
#97=B_SPLINE_SURFACE_WITH_KNOTS('',3,1,((#14383,#14384),(#14385,#14386),
(#14387,#14388),(#14389,#14390)),.SURF_OF_LINEAR_EXTRUSION.,.F.,.F.,.F.,
(4,4),(2,2),(0.,1.),(0.,1.),.PIECEWISE_BEZIER_KNOTS.);
#98=B_SPLINE_SURFACE_WITH_KNOTS('',3,1,((#14396,#14397),(#14398,#14399),
(#14400,#14401),(#14402,#14403)),.SURF_OF_LINEAR_EXTRUSION.,.F.,.F.,.F.,
(4,4),(2,2),(0.,1.),(0.,1.),.PIECEWISE_BEZIER_KNOTS.);
#99=B_SPLINE_SURFACE_WITH_KNOTS('',3,1,((#14409,#14410),(#14411,#14412),
(#14413,#14414),(#14415,#14416)),.SURF_OF_LINEAR_EXTRUSION.,.F.,.F.,.F.,
(4,4),(2,2),(0.,1.),(0.,1.),.PIECEWISE_BEZIER_KNOTS.);
#100=B_SPLINE_SURFACE_WITH_KNOTS('',3,1,((#14422,#14423),(#14424,#14425),
(#14426,#14427),(#14428,#14429)),.SURF_OF_LINEAR_EXTRUSION.,.F.,.F.,.F.,
(4,4),(2,2),(0.,1.),(0.,1.),.PIECEWISE_BEZIER_KNOTS.);
#101=B_SPLINE_SURFACE_WITH_KNOTS('',3,1,((#14447,#14448),(#14449,#14450),
(#14451,#14452),(#14453,#14454)),.SURF_OF_LINEAR_EXTRUSION.,.F.,.F.,.F.,
(4,4),(2,2),(0.,1.),(0.,1.),.PIECEWISE_BEZIER_KNOTS.);
#102=B_SPLINE_SURFACE_WITH_KNOTS('',3,1,((#14460,#14461),(#14462,#14463),
(#14464,#14465),(#14466,#14467)),.SURF_OF_LINEAR_EXTRUSION.,.F.,.F.,.F.,
(4,4),(2,2),(0.,1.),(0.,1.),.PIECEWISE_BEZIER_KNOTS.);
#103=B_SPLINE_SURFACE_WITH_KNOTS('',3,1,((#14493,#14494),(#14495,#14496),
(#14497,#14498),(#14499,#14500)),.SURF_OF_LINEAR_EXTRUSION.,.F.,.F.,.F.,
(4,4),(2,2),(0.,1.),(0.,1.),.PIECEWISE_BEZIER_KNOTS.);
#104=B_SPLINE_SURFACE_WITH_KNOTS('',3,1,((#14506,#14507),(#14508,#14509),
(#14510,#14511),(#14512,#14513)),.SURF_OF_LINEAR_EXTRUSION.,.F.,.F.,.F.,
(4,4),(2,2),(0.,1.),(0.,1.),.PIECEWISE_BEZIER_KNOTS.);
#105=B_SPLINE_SURFACE_WITH_KNOTS('',3,1,((#14519,#14520),(#14521,#14522),
(#14523,#14524),(#14525,#14526)),.SURF_OF_LINEAR_EXTRUSION.,.F.,.F.,.F.,
(4,4),(2,2),(0.,1.),(0.,1.),.PIECEWISE_BEZIER_KNOTS.);
#106=B_SPLINE_SURFACE_WITH_KNOTS('',3,1,((#14532,#14533),(#14534,#14535),
(#14536,#14537),(#14538,#14539)),.SURF_OF_LINEAR_EXTRUSION.,.F.,.F.,.F.,
(4,4),(2,2),(0.,1.),(0.,1.),.PIECEWISE_BEZIER_KNOTS.);
#107=B_SPLINE_SURFACE_WITH_KNOTS('',3,1,((#14549,#14550),(#14551,#14552),
(#14553,#14554),(#14555,#14556)),.SURF_OF_LINEAR_EXTRUSION.,.F.,.F.,.F.,
(4,4),(2,2),(0.,1.),(0.,1.),.PIECEWISE_BEZIER_KNOTS.);
#108=B_SPLINE_SURFACE_WITH_KNOTS('',3,1,((#14562,#14563),(#14564,#14565),
(#14566,#14567),(#14568,#14569)),.SURF_OF_LINEAR_EXTRUSION.,.F.,.F.,.F.,
(4,4),(2,2),(0.,1.),(0.,1.),.PIECEWISE_BEZIER_KNOTS.);
#109=B_SPLINE_SURFACE_WITH_KNOTS('',3,1,((#14575,#14576),(#14577,#14578),
(#14579,#14580),(#14581,#14582)),.SURF_OF_LINEAR_EXTRUSION.,.F.,.F.,.F.,
(4,4),(2,2),(0.,1.),(0.,1.),.PIECEWISE_BEZIER_KNOTS.);
#110=B_SPLINE_SURFACE_WITH_KNOTS('',3,1,((#14588,#14589),(#14590,#14591),
(#14592,#14593),(#14594,#14595)),.SURF_OF_LINEAR_EXTRUSION.,.F.,.F.,.F.,
(4,4),(2,2),(0.,1.),(0.,1.),.PIECEWISE_BEZIER_KNOTS.);
#111=B_SPLINE_CURVE_WITH_KNOTS('',2,(#7926,#7927,#7928),.UNSPECIFIED.,.F.,
 .F.,(3,3),(0.,1.),.UNSPECIFIED.);
#112=B_SPLINE_CURVE_WITH_KNOTS('',2,(#7930,#7931,#7932),.UNSPECIFIED.,.F.,
 .F.,(3,3),(0.,1.),.UNSPECIFIED.);
#113=B_SPLINE_CURVE_WITH_KNOTS('',2,(#7934,#7935,#7936),.UNSPECIFIED.,.F.,
 .F.,(3,3),(0.,1.),.UNSPECIFIED.);
#114=B_SPLINE_CURVE_WITH_KNOTS('',2,(#7938,#7939,#7940),.UNSPECIFIED.,.F.,
 .F.,(3,3),(0.,1.),.UNSPECIFIED.);
#115=B_SPLINE_CURVE_WITH_KNOTS('',2,(#7944,#7945,#7946),.UNSPECIFIED.,.F.,
 .F.,(3,3),(0.,1.),.UNSPECIFIED.);
#116=B_SPLINE_CURVE_WITH_KNOTS('',2,(#7948,#7949,#7950),.UNSPECIFIED.,.F.,
 .F.,(3,3),(0.,1.),.UNSPECIFIED.);
#117=B_SPLINE_CURVE_WITH_KNOTS('',2,(#7952,#7953,#7954),.UNSPECIFIED.,.F.,
 .F.,(3,3),(0.,1.),.UNSPECIFIED.);
#118=B_SPLINE_CURVE_WITH_KNOTS('',2,(#7956,#7957,#7958),.UNSPECIFIED.,.F.,
 .F.,(3,3),(0.,1.),.UNSPECIFIED.);
#119=B_SPLINE_CURVE_WITH_KNOTS('',2,(#7970,#7971,#7972),.UNSPECIFIED.,.F.,
 .F.,(3,3),(0.,1.),.UNSPECIFIED.);
#120=B_SPLINE_CURVE_WITH_KNOTS('',2,(#7974,#7975,#7976),.UNSPECIFIED.,.F.,
 .F.,(3,3),(0.,1.),.UNSPECIFIED.);
#121=B_SPLINE_CURVE_WITH_KNOTS('',2,(#7984,#7985,#7986),.UNSPECIFIED.,.F.,
 .F.,(3,3),(0.,1.),.UNSPECIFIED.);
#122=B_SPLINE_CURVE_WITH_KNOTS('',2,(#7988,#7989,#7990),.UNSPECIFIED.,.F.,
 .F.,(3,3),(0.,1.),.UNSPECIFIED.);
#123=B_SPLINE_CURVE_WITH_KNOTS('',2,(#7992,#7993,#7994),.UNSPECIFIED.,.F.,
 .F.,(3,3),(0.,1.),.UNSPECIFIED.);
#124=B_SPLINE_CURVE_WITH_KNOTS('',2,(#7996,#7997,#7998),.UNSPECIFIED.,.F.,
 .F.,(3,3),(0.,1.),.UNSPECIFIED.);
#125=B_SPLINE_CURVE_WITH_KNOTS('',2,(#8002,#8003,#8004),.UNSPECIFIED.,.F.,
 .F.,(3,3),(0.,1.),.UNSPECIFIED.);
#126=B_SPLINE_CURVE_WITH_KNOTS('',2,(#8033,#8034,#8035),.UNSPECIFIED.,.F.,
 .F.,(3,3),(0.,1.),.UNSPECIFIED.);
#127=B_SPLINE_CURVE_WITH_KNOTS('',2,(#8042,#8043,#8044),.UNSPECIFIED.,.F.,
 .F.,(3,3),(0.,1.),.UNSPECIFIED.);
#128=B_SPLINE_CURVE_WITH_KNOTS('',2,(#8046,#8047,#8048),.UNSPECIFIED.,.F.,
 .F.,(3,3),(0.,1.),.UNSPECIFIED.);
#129=B_SPLINE_CURVE_WITH_KNOTS('',2,(#8050,#8051,#8052),.UNSPECIFIED.,.F.,
 .F.,(3,3),(0.,1.),.UNSPECIFIED.);
#130=B_SPLINE_CURVE_WITH_KNOTS('',2,(#8054,#8055,#8056),.UNSPECIFIED.,.F.,
 .F.,(3,3),(0.,1.),.UNSPECIFIED.);
#131=B_SPLINE_CURVE_WITH_KNOTS('',2,(#8058,#8059,#8060),.UNSPECIFIED.,.F.,
 .F.,(3,3),(0.,1.),.UNSPECIFIED.);
#132=B_SPLINE_CURVE_WITH_KNOTS('',2,(#8064,#8065,#8066),.UNSPECIFIED.,.F.,
 .F.,(3,3),(0.,1.),.UNSPECIFIED.);
#133=B_SPLINE_CURVE_WITH_KNOTS('',2,(#8068,#8069,#8070),.UNSPECIFIED.,.F.,
 .F.,(3,3),(0.,1.),.UNSPECIFIED.);
#134=B_SPLINE_CURVE_WITH_KNOTS('',2,(#8072,#8073,#8074),.UNSPECIFIED.,.F.,
 .F.,(3,3),(0.,1.),.UNSPECIFIED.);
#135=B_SPLINE_CURVE_WITH_KNOTS('',2,(#8076,#8077,#8078),.UNSPECIFIED.,.F.,
 .F.,(3,3),(0.,1.),.UNSPECIFIED.);
#136=B_SPLINE_CURVE_WITH_KNOTS('',2,(#8082,#8083,#8084),.UNSPECIFIED.,.F.,
 .F.,(3,3),(0.,1.),.UNSPECIFIED.);
#137=B_SPLINE_CURVE_WITH_KNOTS('',2,(#8106,#8107,#8108),.UNSPECIFIED.,.F.,
 .F.,(3,3),(0.,1.),.UNSPECIFIED.);
#138=B_SPLINE_CURVE_WITH_KNOTS('',2,(#8114,#8115,#8116),.UNSPECIFIED.,.F.,
 .F.,(3,3),(0.,1.),.UNSPECIFIED.);
#139=B_SPLINE_CURVE_WITH_KNOTS('',2,(#8118,#8119,#8120),.UNSPECIFIED.,.F.,
 .F.,(3,3),(0.,1.),.UNSPECIFIED.);
#140=B_SPLINE_CURVE_WITH_KNOTS('',2,(#8124,#8125,#8126),.UNSPECIFIED.,.F.,
 .F.,(3,3),(0.,1.),.UNSPECIFIED.);
#141=B_SPLINE_CURVE_WITH_KNOTS('',2,(#8130,#8131,#8132),.UNSPECIFIED.,.F.,
 .F.,(3,3),(0.,1.),.UNSPECIFIED.);
#142=B_SPLINE_CURVE_WITH_KNOTS('',2,(#8134,#8135,#8136),.UNSPECIFIED.,.F.,
 .F.,(3,3),(0.,1.),.UNSPECIFIED.);
#143=B_SPLINE_CURVE_WITH_KNOTS('',2,(#8138,#8139,#8140),.UNSPECIFIED.,.F.,
 .F.,(3,3),(0.,1.),.UNSPECIFIED.);
#144=B_SPLINE_CURVE_WITH_KNOTS('',2,(#8142,#8143,#8144),.UNSPECIFIED.,.F.,
 .F.,(3,3),(0.,1.),.UNSPECIFIED.);
#145=B_SPLINE_CURVE_WITH_KNOTS('',2,(#8146,#8147,#8148),.UNSPECIFIED.,.F.,
 .F.,(3,3),(0.,1.),.UNSPECIFIED.);
#146=B_SPLINE_CURVE_WITH_KNOTS('',3,(#8186,#8187,#8188,#8189,#8190,#8191,
#8192,#8193,#8194,#8195,#8196,#8197,#8198,#8199,#8200,#8201,#8202,#8203,
#8204,#8205,#8206,#8207,#8208,#8209,#8210,#8211),.UNSPECIFIED.,.F.,.F.,
(4,1,1,1,1,1,1,1,1,1,1,1,1,1,1,1,1,1,1,1,1,1,1,4),(0.,0.130654084490599,
0.145262298131228,0.164121417121924,0.186435826425101,0.211737987716798,
0.239710579196212,0.27011999195894,0.3027849410106,0.337559434672982,0.374322621736332,
0.412972310442722,0.453420610178203,0.495590877738933,0.539415505301521,
0.584834273404775,0.631793095910931,0.680243044583958,0.730139577948127,
0.781441922506423,0.834112569670259,0.888116861982906,0.943422649236759,
0.97751938727333),.UNSPECIFIED.);
#147=B_SPLINE_CURVE_WITH_KNOTS('',3,(#8212,#8213,#8214,#8215,#8216,#8217,
#8218,#8219,#8220,#8221,#8222,#8223,#8224,#8225,#8226,#8227,#8228,#8229,
#8230,#8231,#8232,#8233,#8234,#8235,#8236,#8237),.UNSPECIFIED.,.F.,.F.,
(4,1,1,1,1,1,1,1,1,1,1,1,1,1,1,1,1,1,1,1,1,1,1,4),(0.,0.130654084490599,
0.145262298131228,0.164121417121924,0.186435826425101,0.211737987716798,
0.239710579196212,0.27011999195894,0.3027849410106,0.337559434672982,0.374322621736332,
0.412972310442722,0.453420610178203,0.495590877738933,0.539415505301521,
0.584834273404775,0.631793095910931,0.680243044583958,0.730139577948127,
0.781441922506423,0.834112569670259,0.888116861982906,0.943422649236759,
0.97751938727333),.UNSPECIFIED.);
#148=B_SPLINE_CURVE_WITH_KNOTS('',3,(#8245,#8246,#8247,#8248,#8249,#8250,
#8251,#8252,#8253,#8254,#8255,#8256,#8257,#8258,#8259,#8260,#8261,#8262,
#8263,#8264,#8265,#8266,#8267,#8268,#8269,#8270),.UNSPECIFIED.,.F.,.F.,
(4,1,1,1,1,1,1,1,1,1,1,1,1,1,1,1,1,1,1,1,1,1,1,4),(0.,0.130654084490599,
0.145262298131228,0.164121417121924,0.186435826425101,0.211737987716798,
0.239710579196212,0.27011999195894,0.3027849410106,0.337559434672982,0.374322621736332,
0.412972310442722,0.453420610178203,0.495590877738933,0.539415505301521,
0.584834273404775,0.631793095910931,0.680243044583958,0.730139577948127,
0.781441922506423,0.834112569670259,0.888116861982906,0.943422649236759,
0.97751938727333),.UNSPECIFIED.);
#149=B_SPLINE_CURVE_WITH_KNOTS('',3,(#8271,#8272,#8273,#8274,#8275,#8276,
#8277,#8278,#8279,#8280,#8281,#8282,#8283,#8284,#8285,#8286,#8287,#8288,
#8289,#8290,#8291,#8292,#8293,#8294,#8295,#8296),.UNSPECIFIED.,.F.,.F.,
(4,1,1,1,1,1,1,1,1,1,1,1,1,1,1,1,1,1,1,1,1,1,1,4),(0.,0.130654084490599,
0.145262298131228,0.164121417121924,0.186435826425101,0.211737987716798,
0.239710579196212,0.27011999195894,0.3027849410106,0.337559434672982,0.374322621736332,
0.412972310442722,0.453420610178203,0.495590877738933,0.539415505301521,
0.584834273404775,0.631793095910931,0.680243044583958,0.730139577948127,
0.781441922506423,0.834112569670259,0.888116861982906,0.943422649236759,
0.97751938727333),.UNSPECIFIED.);
#150=B_SPLINE_CURVE_WITH_KNOTS('',3,(#8304,#8305,#8306,#8307,#8308,#8309,
#8310,#8311,#8312,#8313,#8314,#8315,#8316,#8317,#8318,#8319,#8320,#8321,
#8322,#8323,#8324,#8325,#8326,#8327,#8328,#8329),.UNSPECIFIED.,.F.,.F.,
(4,1,1,1,1,1,1,1,1,1,1,1,1,1,1,1,1,1,1,1,1,1,1,4),(0.,0.130654084490599,
0.145262298131228,0.164121417121924,0.186435826425101,0.211737987716798,
0.239710579196212,0.27011999195894,0.3027849410106,0.337559434672982,0.374322621736332,
0.412972310442722,0.453420610178203,0.495590877738933,0.539415505301521,
0.584834273404775,0.631793095910931,0.680243044583958,0.730139577948127,
0.781441922506423,0.834112569670259,0.888116861982906,0.943422649236759,
0.97751938727333),.UNSPECIFIED.);
#151=B_SPLINE_CURVE_WITH_KNOTS('',3,(#8330,#8331,#8332,#8333,#8334,#8335,
#8336,#8337,#8338,#8339,#8340,#8341,#8342,#8343,#8344,#8345,#8346,#8347,
#8348,#8349,#8350,#8351,#8352,#8353,#8354,#8355),.UNSPECIFIED.,.F.,.F.,
(4,1,1,1,1,1,1,1,1,1,1,1,1,1,1,1,1,1,1,1,1,1,1,4),(0.,0.130654084490599,
0.145262298131228,0.164121417121924,0.186435826425101,0.211737987716798,
0.239710579196212,0.27011999195894,0.3027849410106,0.337559434672982,0.374322621736332,
0.412972310442722,0.453420610178203,0.495590877738933,0.539415505301521,
0.584834273404775,0.631793095910931,0.680243044583958,0.730139577948127,
0.781441922506423,0.834112569670259,0.888116861982906,0.943422649236759,
0.97751938727333),.UNSPECIFIED.);
#152=B_SPLINE_CURVE_WITH_KNOTS('',3,(#8363,#8364,#8365,#8366,#8367,#8368,
#8369,#8370,#8371,#8372,#8373,#8374,#8375,#8376,#8377,#8378,#8379,#8380,
#8381,#8382,#8383,#8384,#8385,#8386,#8387,#8388),.UNSPECIFIED.,.F.,.F.,
(4,1,1,1,1,1,1,1,1,1,1,1,1,1,1,1,1,1,1,1,1,1,1,4),(0.,0.130654084490599,
0.145262298131228,0.164121417121924,0.186435826425101,0.211737987716798,
0.239710579196212,0.27011999195894,0.3027849410106,0.337559434672982,0.374322621736332,
0.412972310442722,0.453420610178203,0.495590877738933,0.539415505301521,
0.584834273404775,0.631793095910931,0.680243044583958,0.730139577948127,
0.781441922506423,0.834112569670259,0.888116861982906,0.943422649236759,
0.97751938727333),.UNSPECIFIED.);
#153=B_SPLINE_CURVE_WITH_KNOTS('',3,(#8389,#8390,#8391,#8392,#8393,#8394,
#8395,#8396,#8397,#8398,#8399,#8400,#8401,#8402,#8403,#8404,#8405,#8406,
#8407,#8408,#8409,#8410,#8411,#8412,#8413,#8414),.UNSPECIFIED.,.F.,.F.,
(4,1,1,1,1,1,1,1,1,1,1,1,1,1,1,1,1,1,1,1,1,1,1,4),(0.,0.130654084490599,
0.145262298131228,0.164121417121924,0.186435826425101,0.211737987716798,
0.239710579196212,0.27011999195894,0.3027849410106,0.337559434672982,0.374322621736332,
0.412972310442722,0.453420610178203,0.495590877738933,0.539415505301521,
0.584834273404775,0.631793095910931,0.680243044583958,0.730139577948127,
0.781441922506423,0.834112569670259,0.888116861982906,0.943422649236759,
0.97751938727333),.UNSPECIFIED.);
#154=B_SPLINE_CURVE_WITH_KNOTS('',3,(#8422,#8423,#8424,#8425,#8426,#8427,
#8428,#8429,#8430,#8431,#8432,#8433,#8434,#8435,#8436,#8437,#8438,#8439,
#8440,#8441,#8442,#8443,#8444,#8445,#8446,#8447),.UNSPECIFIED.,.F.,.F.,
(4,1,1,1,1,1,1,1,1,1,1,1,1,1,1,1,1,1,1,1,1,1,1,4),(0.,0.130654084490599,
0.145262298131228,0.164121417121924,0.186435826425101,0.211737987716798,
0.239710579196212,0.27011999195894,0.3027849410106,0.337559434672982,0.374322621736332,
0.412972310442722,0.453420610178203,0.495590877738933,0.539415505301521,
0.584834273404775,0.631793095910931,0.680243044583958,0.730139577948127,
0.781441922506423,0.834112569670259,0.888116861982906,0.943422649236759,
0.97751938727333),.UNSPECIFIED.);
#155=B_SPLINE_CURVE_WITH_KNOTS('',3,(#8448,#8449,#8450,#8451,#8452,#8453,
#8454,#8455,#8456,#8457,#8458,#8459,#8460,#8461,#8462,#8463,#8464,#8465,
#8466,#8467,#8468,#8469,#8470,#8471,#8472,#8473),.UNSPECIFIED.,.F.,.F.,
(4,1,1,1,1,1,1,1,1,1,1,1,1,1,1,1,1,1,1,1,1,1,1,4),(0.,0.130654084490599,
0.145262298131228,0.164121417121924,0.186435826425101,0.211737987716798,
0.239710579196212,0.27011999195894,0.3027849410106,0.337559434672982,0.374322621736332,
0.412972310442722,0.453420610178203,0.495590877738933,0.539415505301521,
0.584834273404775,0.631793095910931,0.680243044583958,0.730139577948127,
0.781441922506423,0.834112569670259,0.888116861982906,0.943422649236759,
0.97751938727333),.UNSPECIFIED.);
#156=B_SPLINE_CURVE_WITH_KNOTS('',3,(#8481,#8482,#8483,#8484,#8485,#8486,
#8487,#8488,#8489,#8490,#8491,#8492,#8493,#8494,#8495,#8496,#8497,#8498,
#8499,#8500,#8501,#8502,#8503,#8504,#8505,#8506),.UNSPECIFIED.,.F.,.F.,
(4,1,1,1,1,1,1,1,1,1,1,1,1,1,1,1,1,1,1,1,1,1,1,4),(0.,0.130654084490599,
0.145262298131228,0.164121417121924,0.186435826425101,0.211737987716798,
0.239710579196212,0.27011999195894,0.3027849410106,0.337559434672982,0.374322621736332,
0.412972310442722,0.453420610178203,0.495590877738933,0.539415505301521,
0.584834273404775,0.631793095910931,0.680243044583958,0.730139577948127,
0.781441922506423,0.834112569670259,0.888116861982906,0.943422649236759,
0.97751938727333),.UNSPECIFIED.);
#157=B_SPLINE_CURVE_WITH_KNOTS('',3,(#8507,#8508,#8509,#8510,#8511,#8512,
#8513,#8514,#8515,#8516,#8517,#8518,#8519,#8520,#8521,#8522,#8523,#8524,
#8525,#8526,#8527,#8528,#8529,#8530,#8531,#8532),.UNSPECIFIED.,.F.,.F.,
(4,1,1,1,1,1,1,1,1,1,1,1,1,1,1,1,1,1,1,1,1,1,1,4),(0.,0.130654084490599,
0.145262298131228,0.164121417121924,0.186435826425101,0.211737987716798,
0.239710579196212,0.27011999195894,0.3027849410106,0.337559434672982,0.374322621736332,
0.412972310442722,0.453420610178203,0.495590877738933,0.539415505301521,
0.584834273404775,0.631793095910931,0.680243044583958,0.730139577948127,
0.781441922506423,0.834112569670259,0.888116861982906,0.943422649236759,
0.97751938727333),.UNSPECIFIED.);
#158=B_SPLINE_CURVE_WITH_KNOTS('',3,(#8540,#8541,#8542,#8543,#8544,#8545,
#8546,#8547,#8548,#8549,#8550,#8551,#8552,#8553,#8554,#8555,#8556,#8557,
#8558,#8559,#8560,#8561,#8562,#8563,#8564,#8565),.UNSPECIFIED.,.F.,.F.,
(4,1,1,1,1,1,1,1,1,1,1,1,1,1,1,1,1,1,1,1,1,1,1,4),(0.,0.130654084490599,
0.145262298131228,0.164121417121924,0.186435826425101,0.211737987716798,
0.239710579196212,0.27011999195894,0.3027849410106,0.337559434672982,0.374322621736332,
0.412972310442722,0.453420610178203,0.495590877738933,0.539415505301521,
0.584834273404775,0.631793095910931,0.680243044583958,0.730139577948127,
0.781441922506423,0.834112569670259,0.888116861982906,0.943422649236759,
0.97751938727333),.UNSPECIFIED.);
#159=B_SPLINE_CURVE_WITH_KNOTS('',3,(#8569,#8570,#8571,#8572,#8573,#8574,
#8575,#8576,#8577,#8578,#8579,#8580,#8581,#8582,#8583,#8584,#8585,#8586,
#8587,#8588,#8589,#8590,#8591,#8592,#8593,#8594),.UNSPECIFIED.,.F.,.F.,
(4,1,1,1,1,1,1,1,1,1,1,1,1,1,1,1,1,1,1,1,1,1,1,4),(0.,0.130654084490599,
0.145262298131228,0.164121417121924,0.186435826425101,0.211737987716798,
0.239710579196212,0.27011999195894,0.3027849410106,0.337559434672982,0.374322621736332,
0.412972310442722,0.453420610178203,0.495590877738933,0.539415505301521,
0.584834273404775,0.631793095910931,0.680243044583958,0.730139577948127,
0.781441922506423,0.834112569670259,0.888116861982906,0.943422649236759,
0.97751938727333),.UNSPECIFIED.);
#160=B_SPLINE_CURVE_WITH_KNOTS('',3,(#8602,#8603,#8604,#8605,#8606,#8607,
#8608,#8609,#8610,#8611,#8612,#8613,#8614,#8615,#8616,#8617,#8618,#8619,
#8620,#8621,#8622,#8623,#8624,#8625,#8626,#8627),.UNSPECIFIED.,.F.,.F.,
(4,1,1,1,1,1,1,1,1,1,1,1,1,1,1,1,1,1,1,1,1,1,1,4),(0.,0.130654084490599,
0.145262298131228,0.164121417121924,0.186435826425101,0.211737987716798,
0.239710579196212,0.27011999195894,0.3027849410106,0.337559434672982,0.374322621736332,
0.412972310442722,0.453420610178203,0.495590877738933,0.539415505301521,
0.584834273404775,0.631793095910931,0.680243044583958,0.730139577948127,
0.781441922506423,0.834112569670259,0.888116861982906,0.943422649236759,
0.97751938727333),.UNSPECIFIED.);
#161=B_SPLINE_CURVE_WITH_KNOTS('',3,(#8628,#8629,#8630,#8631,#8632,#8633,
#8634,#8635,#8636,#8637,#8638,#8639,#8640,#8641,#8642,#8643,#8644,#8645,
#8646,#8647,#8648,#8649,#8650,#8651,#8652,#8653),.UNSPECIFIED.,.F.,.F.,
(4,1,1,1,1,1,1,1,1,1,1,1,1,1,1,1,1,1,1,1,1,1,1,4),(0.,0.130654084490599,
0.145262298131228,0.164121417121924,0.186435826425101,0.211737987716798,
0.239710579196212,0.27011999195894,0.3027849410106,0.337559434672982,0.374322621736332,
0.412972310442722,0.453420610178203,0.495590877738933,0.539415505301521,
0.584834273404775,0.631793095910931,0.680243044583958,0.730139577948127,
0.781441922506423,0.834112569670259,0.888116861982906,0.943422649236759,
0.97751938727333),.UNSPECIFIED.);
#162=B_SPLINE_CURVE_WITH_KNOTS('',3,(#8661,#8662,#8663,#8664,#8665,#8666,
#8667,#8668,#8669,#8670,#8671,#8672,#8673,#8674,#8675,#8676,#8677,#8678,
#8679,#8680,#8681,#8682,#8683,#8684,#8685,#8686),.UNSPECIFIED.,.F.,.F.,
(4,1,1,1,1,1,1,1,1,1,1,1,1,1,1,1,1,1,1,1,1,1,1,4),(0.,0.130654084490599,
0.145262298131228,0.164121417121924,0.186435826425101,0.211737987716798,
0.239710579196212,0.27011999195894,0.3027849410106,0.337559434672982,0.374322621736332,
0.412972310442722,0.453420610178203,0.495590877738933,0.539415505301521,
0.584834273404775,0.631793095910931,0.680243044583958,0.730139577948127,
0.781441922506423,0.834112569670259,0.888116861982906,0.943422649236759,
0.97751938727333),.UNSPECIFIED.);
#163=B_SPLINE_CURVE_WITH_KNOTS('',3,(#8687,#8688,#8689,#8690,#8691,#8692,
#8693,#8694,#8695,#8696,#8697,#8698,#8699,#8700,#8701,#8702,#8703,#8704,
#8705,#8706,#8707,#8708,#8709,#8710,#8711,#8712),.UNSPECIFIED.,.F.,.F.,
(4,1,1,1,1,1,1,1,1,1,1,1,1,1,1,1,1,1,1,1,1,1,1,4),(0.,0.130654084490599,
0.145262298131228,0.164121417121924,0.186435826425101,0.211737987716798,
0.239710579196212,0.27011999195894,0.3027849410106,0.337559434672982,0.374322621736332,
0.412972310442722,0.453420610178203,0.495590877738933,0.539415505301521,
0.584834273404775,0.631793095910931,0.680243044583958,0.730139577948127,
0.781441922506423,0.834112569670259,0.888116861982906,0.943422649236759,
0.97751938727333),.UNSPECIFIED.);
#164=B_SPLINE_CURVE_WITH_KNOTS('',3,(#8720,#8721,#8722,#8723,#8724,#8725,
#8726,#8727,#8728,#8729,#8730,#8731,#8732,#8733,#8734,#8735,#8736,#8737,
#8738,#8739,#8740,#8741,#8742,#8743,#8744,#8745),.UNSPECIFIED.,.F.,.F.,
(4,1,1,1,1,1,1,1,1,1,1,1,1,1,1,1,1,1,1,1,1,1,1,4),(0.,0.130654084490599,
0.145262298131228,0.164121417121924,0.186435826425101,0.211737987716798,
0.239710579196212,0.27011999195894,0.3027849410106,0.337559434672982,0.374322621736332,
0.412972310442722,0.453420610178203,0.495590877738933,0.539415505301521,
0.584834273404775,0.631793095910931,0.680243044583958,0.730139577948127,
0.781441922506423,0.834112569670259,0.888116861982906,0.943422649236759,
0.97751938727333),.UNSPECIFIED.);
#165=B_SPLINE_CURVE_WITH_KNOTS('',3,(#8746,#8747,#8748,#8749,#8750,#8751,
#8752,#8753,#8754,#8755,#8756,#8757,#8758,#8759,#8760,#8761,#8762,#8763,
#8764,#8765,#8766,#8767,#8768,#8769,#8770,#8771),.UNSPECIFIED.,.F.,.F.,
(4,1,1,1,1,1,1,1,1,1,1,1,1,1,1,1,1,1,1,1,1,1,1,4),(0.,0.130654084490599,
0.145262298131228,0.164121417121924,0.186435826425101,0.211737987716798,
0.239710579196212,0.27011999195894,0.3027849410106,0.337559434672982,0.374322621736332,
0.412972310442722,0.453420610178203,0.495590877738933,0.539415505301521,
0.584834273404775,0.631793095910931,0.680243044583958,0.730139577948127,
0.781441922506423,0.834112569670259,0.888116861982906,0.943422649236759,
0.97751938727333),.UNSPECIFIED.);
#166=B_SPLINE_CURVE_WITH_KNOTS('',3,(#8779,#8780,#8781,#8782,#8783,#8784,
#8785,#8786,#8787,#8788,#8789,#8790,#8791,#8792,#8793,#8794,#8795,#8796,
#8797,#8798,#8799,#8800,#8801,#8802,#8803,#8804),.UNSPECIFIED.,.F.,.F.,
(4,1,1,1,1,1,1,1,1,1,1,1,1,1,1,1,1,1,1,1,1,1,1,4),(0.,0.130654084490599,
0.145262298131228,0.164121417121924,0.186435826425101,0.211737987716798,
0.239710579196212,0.27011999195894,0.3027849410106,0.337559434672982,0.374322621736332,
0.412972310442722,0.453420610178203,0.495590877738933,0.539415505301521,
0.584834273404775,0.631793095910931,0.680243044583958,0.730139577948127,
0.781441922506423,0.834112569670259,0.888116861982906,0.943422649236759,
0.97751938727333),.UNSPECIFIED.);
#167=B_SPLINE_CURVE_WITH_KNOTS('',3,(#8805,#8806,#8807,#8808,#8809,#8810,
#8811,#8812,#8813,#8814,#8815,#8816,#8817,#8818,#8819,#8820,#8821,#8822,
#8823,#8824,#8825,#8826,#8827,#8828,#8829,#8830),.UNSPECIFIED.,.F.,.F.,
(4,1,1,1,1,1,1,1,1,1,1,1,1,1,1,1,1,1,1,1,1,1,1,4),(0.,0.130654084490599,
0.145262298131228,0.164121417121924,0.186435826425101,0.211737987716798,
0.239710579196212,0.27011999195894,0.3027849410106,0.337559434672982,0.374322621736332,
0.412972310442722,0.453420610178203,0.495590877738933,0.539415505301521,
0.584834273404775,0.631793095910931,0.680243044583958,0.730139577948127,
0.781441922506423,0.834112569670259,0.888116861982906,0.943422649236759,
0.97751938727333),.UNSPECIFIED.);
#168=B_SPLINE_CURVE_WITH_KNOTS('',3,(#8838,#8839,#8840,#8841,#8842,#8843,
#8844,#8845,#8846,#8847,#8848,#8849,#8850,#8851,#8852,#8853,#8854,#8855,
#8856,#8857,#8858,#8859,#8860,#8861,#8862,#8863),.UNSPECIFIED.,.F.,.F.,
(4,1,1,1,1,1,1,1,1,1,1,1,1,1,1,1,1,1,1,1,1,1,1,4),(0.,0.130654084490599,
0.145262298131228,0.164121417121924,0.186435826425101,0.211737987716798,
0.239710579196212,0.27011999195894,0.3027849410106,0.337559434672982,0.374322621736332,
0.412972310442722,0.453420610178203,0.495590877738933,0.539415505301521,
0.584834273404775,0.631793095910931,0.680243044583958,0.730139577948127,
0.781441922506423,0.834112569670259,0.888116861982906,0.943422649236759,
0.97751938727333),.UNSPECIFIED.);
#169=B_SPLINE_CURVE_WITH_KNOTS('',3,(#8864,#8865,#8866,#8867,#8868,#8869,
#8870,#8871,#8872,#8873,#8874,#8875,#8876,#8877,#8878,#8879,#8880,#8881,
#8882,#8883,#8884,#8885,#8886,#8887,#8888,#8889),.UNSPECIFIED.,.F.,.F.,
(4,1,1,1,1,1,1,1,1,1,1,1,1,1,1,1,1,1,1,1,1,1,1,4),(0.,0.130654084490599,
0.145262298131228,0.164121417121924,0.186435826425101,0.211737987716798,
0.239710579196212,0.27011999195894,0.3027849410106,0.337559434672982,0.374322621736332,
0.412972310442722,0.453420610178203,0.495590877738933,0.539415505301521,
0.584834273404775,0.631793095910931,0.680243044583958,0.730139577948127,
0.781441922506423,0.834112569670259,0.888116861982906,0.943422649236759,
0.97751938727333),.UNSPECIFIED.);
#170=B_SPLINE_CURVE_WITH_KNOTS('',3,(#8897,#8898,#8899,#8900,#8901,#8902,
#8903,#8904,#8905,#8906,#8907,#8908,#8909,#8910,#8911,#8912,#8913,#8914,
#8915,#8916,#8917,#8918,#8919,#8920,#8921,#8922),.UNSPECIFIED.,.F.,.F.,
(4,1,1,1,1,1,1,1,1,1,1,1,1,1,1,1,1,1,1,1,1,1,1,4),(0.,0.130654084490599,
0.145262298131228,0.164121417121924,0.186435826425101,0.211737987716798,
0.239710579196212,0.27011999195894,0.3027849410106,0.337559434672982,0.374322621736332,
0.412972310442722,0.453420610178203,0.495590877738933,0.539415505301521,
0.584834273404775,0.631793095910931,0.680243044583958,0.730139577948127,
0.781441922506423,0.834112569670259,0.888116861982906,0.943422649236759,
0.97751938727333),.UNSPECIFIED.);
#171=B_SPLINE_CURVE_WITH_KNOTS('',3,(#8923,#8924,#8925,#8926,#8927,#8928,
#8929,#8930,#8931,#8932,#8933,#8934,#8935,#8936,#8937,#8938,#8939,#8940,
#8941,#8942,#8943,#8944,#8945,#8946,#8947,#8948),.UNSPECIFIED.,.F.,.F.,
(4,1,1,1,1,1,1,1,1,1,1,1,1,1,1,1,1,1,1,1,1,1,1,4),(0.,0.130654084490599,
0.145262298131228,0.164121417121924,0.186435826425101,0.211737987716798,
0.239710579196212,0.27011999195894,0.3027849410106,0.337559434672982,0.374322621736332,
0.412972310442722,0.453420610178203,0.495590877738933,0.539415505301521,
0.584834273404775,0.631793095910931,0.680243044583958,0.730139577948127,
0.781441922506423,0.834112569670259,0.888116861982906,0.943422649236759,
0.97751938727333),.UNSPECIFIED.);
#172=B_SPLINE_CURVE_WITH_KNOTS('',3,(#8956,#8957,#8958,#8959,#8960,#8961,
#8962,#8963,#8964,#8965,#8966,#8967,#8968,#8969,#8970,#8971,#8972,#8973,
#8974,#8975,#8976,#8977,#8978,#8979,#8980,#8981),.UNSPECIFIED.,.F.,.F.,
(4,1,1,1,1,1,1,1,1,1,1,1,1,1,1,1,1,1,1,1,1,1,1,4),(0.,0.130654084490599,
0.145262298131228,0.164121417121924,0.186435826425101,0.211737987716798,
0.239710579196212,0.27011999195894,0.3027849410106,0.337559434672982,0.374322621736332,
0.412972310442722,0.453420610178203,0.495590877738933,0.539415505301521,
0.584834273404775,0.631793095910931,0.680243044583958,0.730139577948127,
0.781441922506423,0.834112569670259,0.888116861982906,0.943422649236759,
0.97751938727333),.UNSPECIFIED.);
#173=B_SPLINE_CURVE_WITH_KNOTS('',3,(#8982,#8983,#8984,#8985,#8986,#8987,
#8988,#8989,#8990,#8991,#8992,#8993,#8994,#8995,#8996,#8997,#8998,#8999,
#9000,#9001,#9002,#9003,#9004,#9005,#9006,#9007),.UNSPECIFIED.,.F.,.F.,
(4,1,1,1,1,1,1,1,1,1,1,1,1,1,1,1,1,1,1,1,1,1,1,4),(0.,0.130654084490599,
0.145262298131228,0.164121417121924,0.186435826425101,0.211737987716798,
0.239710579196212,0.27011999195894,0.3027849410106,0.337559434672982,0.374322621736332,
0.412972310442722,0.453420610178203,0.495590877738933,0.539415505301521,
0.584834273404775,0.631793095910931,0.680243044583958,0.730139577948127,
0.781441922506423,0.834112569670259,0.888116861982906,0.943422649236759,
0.97751938727333),.UNSPECIFIED.);
#174=B_SPLINE_CURVE_WITH_KNOTS('',3,(#9015,#9016,#9017,#9018,#9019,#9020,
#9021,#9022,#9023,#9024,#9025,#9026,#9027,#9028,#9029,#9030,#9031,#9032,
#9033,#9034,#9035,#9036,#9037,#9038,#9039,#9040),.UNSPECIFIED.,.F.,.F.,
(4,1,1,1,1,1,1,1,1,1,1,1,1,1,1,1,1,1,1,1,1,1,1,4),(0.,0.130654084490599,
0.145262298131228,0.164121417121924,0.186435826425101,0.211737987716798,
0.239710579196212,0.27011999195894,0.3027849410106,0.337559434672982,0.374322621736332,
0.412972310442722,0.453420610178203,0.495590877738933,0.539415505301521,
0.584834273404775,0.631793095910931,0.680243044583958,0.730139577948127,
0.781441922506423,0.834112569670259,0.888116861982906,0.943422649236759,
0.97751938727333),.UNSPECIFIED.);
#175=B_SPLINE_CURVE_WITH_KNOTS('',3,(#9041,#9042,#9043,#9044,#9045,#9046,
#9047,#9048,#9049,#9050,#9051,#9052,#9053,#9054,#9055,#9056,#9057,#9058,
#9059,#9060,#9061,#9062,#9063,#9064,#9065,#9066),.UNSPECIFIED.,.F.,.F.,
(4,1,1,1,1,1,1,1,1,1,1,1,1,1,1,1,1,1,1,1,1,1,1,4),(0.,0.130654084490599,
0.145262298131228,0.164121417121924,0.186435826425101,0.211737987716798,
0.239710579196212,0.27011999195894,0.3027849410106,0.337559434672982,0.374322621736332,
0.412972310442722,0.453420610178203,0.495590877738933,0.539415505301521,
0.584834273404775,0.631793095910931,0.680243044583958,0.730139577948127,
0.781441922506423,0.834112569670259,0.888116861982906,0.943422649236759,
0.97751938727333),.UNSPECIFIED.);
#176=B_SPLINE_CURVE_WITH_KNOTS('',3,(#9074,#9075,#9076,#9077,#9078,#9079,
#9080,#9081,#9082,#9083,#9084,#9085,#9086,#9087,#9088,#9089,#9090,#9091,
#9092,#9093,#9094,#9095,#9096,#9097,#9098,#9099),.UNSPECIFIED.,.F.,.F.,
(4,1,1,1,1,1,1,1,1,1,1,1,1,1,1,1,1,1,1,1,1,1,1,4),(0.,0.130654084490599,
0.145262298131228,0.164121417121924,0.186435826425101,0.211737987716798,
0.239710579196212,0.27011999195894,0.3027849410106,0.337559434672982,0.374322621736332,
0.412972310442722,0.453420610178203,0.495590877738933,0.539415505301521,
0.584834273404775,0.631793095910931,0.680243044583958,0.730139577948127,
0.781441922506423,0.834112569670259,0.888116861982906,0.943422649236759,
0.97751938727333),.UNSPECIFIED.);
#177=B_SPLINE_CURVE_WITH_KNOTS('',3,(#9100,#9101,#9102,#9103,#9104,#9105,
#9106,#9107,#9108,#9109,#9110,#9111,#9112,#9113,#9114,#9115,#9116,#9117,
#9118,#9119,#9120,#9121,#9122,#9123,#9124,#9125),.UNSPECIFIED.,.F.,.F.,
(4,1,1,1,1,1,1,1,1,1,1,1,1,1,1,1,1,1,1,1,1,1,1,4),(0.,0.130654084490599,
0.145262298131228,0.164121417121924,0.186435826425101,0.211737987716798,
0.239710579196212,0.27011999195894,0.3027849410106,0.337559434672982,0.374322621736332,
0.412972310442722,0.453420610178203,0.495590877738933,0.539415505301521,
0.584834273404775,0.631793095910931,0.680243044583958,0.730139577948127,
0.781441922506423,0.834112569670259,0.888116861982906,0.943422649236759,
0.97751938727333),.UNSPECIFIED.);
#178=B_SPLINE_CURVE_WITH_KNOTS('',3,(#9133,#9134,#9135,#9136,#9137,#9138,
#9139,#9140,#9141,#9142,#9143,#9144,#9145,#9146,#9147,#9148,#9149,#9150,
#9151,#9152,#9153,#9154,#9155,#9156,#9157,#9158),.UNSPECIFIED.,.F.,.F.,
(4,1,1,1,1,1,1,1,1,1,1,1,1,1,1,1,1,1,1,1,1,1,1,4),(0.,0.130654084490599,
0.145262298131228,0.164121417121924,0.186435826425101,0.211737987716798,
0.239710579196212,0.27011999195894,0.3027849410106,0.337559434672982,0.374322621736332,
0.412972310442722,0.453420610178203,0.495590877738933,0.539415505301521,
0.584834273404775,0.631793095910931,0.680243044583958,0.730139577948127,
0.781441922506423,0.834112569670259,0.888116861982906,0.943422649236759,
0.97751938727333),.UNSPECIFIED.);
#179=B_SPLINE_CURVE_WITH_KNOTS('',3,(#9159,#9160,#9161,#9162,#9163,#9164,
#9165,#9166,#9167,#9168,#9169,#9170,#9171,#9172,#9173,#9174,#9175,#9176,
#9177,#9178,#9179,#9180,#9181,#9182,#9183,#9184),.UNSPECIFIED.,.F.,.F.,
(4,1,1,1,1,1,1,1,1,1,1,1,1,1,1,1,1,1,1,1,1,1,1,4),(0.,0.130654084490599,
0.145262298131228,0.164121417121924,0.186435826425101,0.211737987716798,
0.239710579196212,0.27011999195894,0.3027849410106,0.337559434672982,0.374322621736332,
0.412972310442722,0.453420610178203,0.495590877738933,0.539415505301521,
0.584834273404775,0.631793095910931,0.680243044583958,0.730139577948127,
0.781441922506423,0.834112569670259,0.888116861982906,0.943422649236759,
0.97751938727333),.UNSPECIFIED.);
#180=B_SPLINE_CURVE_WITH_KNOTS('',3,(#9192,#9193,#9194,#9195,#9196,#9197,
#9198,#9199,#9200,#9201,#9202,#9203,#9204,#9205,#9206,#9207,#9208,#9209,
#9210,#9211,#9212,#9213,#9214,#9215,#9216,#9217),.UNSPECIFIED.,.F.,.F.,
(4,1,1,1,1,1,1,1,1,1,1,1,1,1,1,1,1,1,1,1,1,1,1,4),(0.,0.130654084490599,
0.145262298131228,0.164121417121924,0.186435826425101,0.211737987716798,
0.239710579196212,0.27011999195894,0.3027849410106,0.337559434672982,0.374322621736332,
0.412972310442722,0.453420610178203,0.495590877738933,0.539415505301521,
0.584834273404775,0.631793095910931,0.680243044583958,0.730139577948127,
0.781441922506423,0.834112569670259,0.888116861982906,0.943422649236759,
0.97751938727333),.UNSPECIFIED.);
#181=B_SPLINE_CURVE_WITH_KNOTS('',3,(#9218,#9219,#9220,#9221,#9222,#9223,
#9224,#9225,#9226,#9227,#9228,#9229,#9230,#9231,#9232,#9233,#9234,#9235,
#9236,#9237,#9238,#9239,#9240,#9241,#9242,#9243),.UNSPECIFIED.,.F.,.F.,
(4,1,1,1,1,1,1,1,1,1,1,1,1,1,1,1,1,1,1,1,1,1,1,4),(0.,0.130654084490599,
0.145262298131228,0.164121417121924,0.186435826425101,0.211737987716798,
0.239710579196212,0.27011999195894,0.3027849410106,0.337559434672982,0.374322621736332,
0.412972310442722,0.453420610178203,0.495590877738933,0.539415505301521,
0.584834273404775,0.631793095910931,0.680243044583958,0.730139577948127,
0.781441922506423,0.834112569670259,0.888116861982906,0.943422649236759,
0.97751938727333),.UNSPECIFIED.);
#182=B_SPLINE_CURVE_WITH_KNOTS('',3,(#9251,#9252,#9253,#9254,#9255,#9256,
#9257,#9258,#9259,#9260,#9261,#9262,#9263,#9264,#9265,#9266,#9267,#9268,
#9269,#9270,#9271,#9272,#9273,#9274,#9275,#9276),.UNSPECIFIED.,.F.,.F.,
(4,1,1,1,1,1,1,1,1,1,1,1,1,1,1,1,1,1,1,1,1,1,1,4),(0.,0.130654084490599,
0.145262298131228,0.164121417121924,0.186435826425101,0.211737987716798,
0.239710579196212,0.27011999195894,0.3027849410106,0.337559434672982,0.374322621736332,
0.412972310442722,0.453420610178203,0.495590877738933,0.539415505301521,
0.584834273404775,0.631793095910931,0.680243044583958,0.730139577948127,
0.781441922506423,0.834112569670259,0.888116861982906,0.943422649236759,
0.97751938727333),.UNSPECIFIED.);
#183=B_SPLINE_CURVE_WITH_KNOTS('',3,(#9277,#9278,#9279,#9280,#9281,#9282,
#9283,#9284,#9285,#9286,#9287,#9288,#9289,#9290,#9291,#9292,#9293,#9294,
#9295,#9296,#9297,#9298,#9299,#9300,#9301,#9302),.UNSPECIFIED.,.F.,.F.,
(4,1,1,1,1,1,1,1,1,1,1,1,1,1,1,1,1,1,1,1,1,1,1,4),(0.,0.130654084490599,
0.145262298131228,0.164121417121924,0.186435826425101,0.211737987716798,
0.239710579196212,0.27011999195894,0.3027849410106,0.337559434672982,0.374322621736332,
0.412972310442722,0.453420610178203,0.495590877738933,0.539415505301521,
0.584834273404775,0.631793095910931,0.680243044583958,0.730139577948127,
0.781441922506423,0.834112569670259,0.888116861982906,0.943422649236759,
0.97751938727333),.UNSPECIFIED.);
#184=B_SPLINE_CURVE_WITH_KNOTS('',3,(#9310,#9311,#9312,#9313,#9314,#9315,
#9316,#9317,#9318,#9319,#9320,#9321,#9322,#9323,#9324,#9325,#9326,#9327,
#9328,#9329,#9330,#9331,#9332,#9333,#9334,#9335),.UNSPECIFIED.,.F.,.F.,
(4,1,1,1,1,1,1,1,1,1,1,1,1,1,1,1,1,1,1,1,1,1,1,4),(0.,0.130654084490599,
0.145262298131228,0.164121417121924,0.186435826425101,0.211737987716798,
0.239710579196212,0.27011999195894,0.3027849410106,0.337559434672982,0.374322621736332,
0.412972310442722,0.453420610178203,0.495590877738933,0.539415505301521,
0.584834273404775,0.631793095910931,0.680243044583958,0.730139577948127,
0.781441922506423,0.834112569670259,0.888116861982906,0.943422649236759,
0.97751938727333),.UNSPECIFIED.);
#185=B_SPLINE_CURVE_WITH_KNOTS('',3,(#9336,#9337,#9338,#9339,#9340,#9341,
#9342,#9343,#9344,#9345,#9346,#9347,#9348,#9349,#9350,#9351,#9352,#9353,
#9354,#9355,#9356,#9357,#9358,#9359,#9360,#9361),.UNSPECIFIED.,.F.,.F.,
(4,1,1,1,1,1,1,1,1,1,1,1,1,1,1,1,1,1,1,1,1,1,1,4),(0.,0.130654084490599,
0.145262298131228,0.164121417121924,0.186435826425101,0.211737987716798,
0.239710579196212,0.27011999195894,0.3027849410106,0.337559434672982,0.374322621736332,
0.412972310442722,0.453420610178203,0.495590877738933,0.539415505301521,
0.584834273404775,0.631793095910931,0.680243044583958,0.730139577948127,
0.781441922506423,0.834112569670259,0.888116861982906,0.943422649236759,
0.97751938727333),.UNSPECIFIED.);
#186=B_SPLINE_CURVE_WITH_KNOTS('',3,(#9369,#9370,#9371,#9372,#9373,#9374,
#9375,#9376,#9377,#9378,#9379,#9380,#9381,#9382,#9383,#9384,#9385,#9386,
#9387,#9388,#9389,#9390,#9391,#9392,#9393,#9394),.UNSPECIFIED.,.F.,.F.,
(4,1,1,1,1,1,1,1,1,1,1,1,1,1,1,1,1,1,1,1,1,1,1,4),(0.,0.130654084490599,
0.145262298131228,0.164121417121924,0.186435826425101,0.211737987716798,
0.239710579196212,0.27011999195894,0.3027849410106,0.337559434672982,0.374322621736332,
0.412972310442722,0.453420610178203,0.495590877738933,0.539415505301521,
0.584834273404775,0.631793095910931,0.680243044583958,0.730139577948127,
0.781441922506423,0.834112569670259,0.888116861982906,0.943422649236759,
0.97751938727333),.UNSPECIFIED.);
#187=B_SPLINE_CURVE_WITH_KNOTS('',3,(#9395,#9396,#9397,#9398,#9399,#9400,
#9401,#9402,#9403,#9404,#9405,#9406,#9407,#9408,#9409,#9410,#9411,#9412,
#9413,#9414,#9415,#9416,#9417,#9418,#9419,#9420),.UNSPECIFIED.,.F.,.F.,
(4,1,1,1,1,1,1,1,1,1,1,1,1,1,1,1,1,1,1,1,1,1,1,4),(0.,0.130654084490599,
0.145262298131228,0.164121417121924,0.186435826425101,0.211737987716798,
0.239710579196212,0.27011999195894,0.3027849410106,0.337559434672982,0.374322621736332,
0.412972310442722,0.453420610178203,0.495590877738933,0.539415505301521,
0.584834273404775,0.631793095910931,0.680243044583958,0.730139577948127,
0.781441922506423,0.834112569670259,0.888116861982906,0.943422649236759,
0.97751938727333),.UNSPECIFIED.);
#188=B_SPLINE_CURVE_WITH_KNOTS('',3,(#9428,#9429,#9430,#9431,#9432,#9433,
#9434,#9435,#9436,#9437,#9438,#9439,#9440,#9441,#9442,#9443,#9444,#9445,
#9446,#9447,#9448,#9449,#9450,#9451,#9452,#9453),.UNSPECIFIED.,.F.,.F.,
(4,1,1,1,1,1,1,1,1,1,1,1,1,1,1,1,1,1,1,1,1,1,1,4),(0.,0.130654084490599,
0.145262298131228,0.164121417121924,0.186435826425101,0.211737987716798,
0.239710579196212,0.27011999195894,0.3027849410106,0.337559434672982,0.374322621736332,
0.412972310442722,0.453420610178203,0.495590877738933,0.539415505301521,
0.584834273404775,0.631793095910931,0.680243044583958,0.730139577948127,
0.781441922506423,0.834112569670259,0.888116861982906,0.943422649236759,
0.97751938727333),.UNSPECIFIED.);
#189=B_SPLINE_CURVE_WITH_KNOTS('',3,(#9454,#9455,#9456,#9457,#9458,#9459,
#9460,#9461,#9462,#9463,#9464,#9465,#9466,#9467,#9468,#9469,#9470,#9471,
#9472,#9473,#9474,#9475,#9476,#9477,#9478,#9479),.UNSPECIFIED.,.F.,.F.,
(4,1,1,1,1,1,1,1,1,1,1,1,1,1,1,1,1,1,1,1,1,1,1,4),(0.,0.130654084490599,
0.145262298131228,0.164121417121924,0.186435826425101,0.211737987716798,
0.239710579196212,0.27011999195894,0.3027849410106,0.337559434672982,0.374322621736332,
0.412972310442722,0.453420610178203,0.495590877738933,0.539415505301521,
0.584834273404775,0.631793095910931,0.680243044583958,0.730139577948127,
0.781441922506423,0.834112569670259,0.888116861982906,0.943422649236759,
0.97751938727333),.UNSPECIFIED.);
#190=B_SPLINE_CURVE_WITH_KNOTS('',3,(#9487,#9488,#9489,#9490,#9491,#9492,
#9493,#9494,#9495,#9496,#9497,#9498,#9499,#9500,#9501,#9502,#9503,#9504,
#9505,#9506,#9507,#9508,#9509,#9510,#9511,#9512),.UNSPECIFIED.,.F.,.F.,
(4,1,1,1,1,1,1,1,1,1,1,1,1,1,1,1,1,1,1,1,1,1,1,4),(0.,0.130654084490599,
0.145262298131228,0.164121417121924,0.186435826425101,0.211737987716798,
0.239710579196212,0.27011999195894,0.3027849410106,0.337559434672982,0.374322621736332,
0.412972310442722,0.453420610178203,0.495590877738933,0.539415505301521,
0.584834273404775,0.631793095910931,0.680243044583958,0.730139577948127,
0.781441922506423,0.834112569670259,0.888116861982906,0.943422649236759,
0.97751938727333),.UNSPECIFIED.);
#191=B_SPLINE_CURVE_WITH_KNOTS('',3,(#9513,#9514,#9515,#9516,#9517,#9518,
#9519,#9520,#9521,#9522,#9523,#9524,#9525,#9526,#9527,#9528,#9529,#9530,
#9531,#9532,#9533,#9534,#9535,#9536,#9537,#9538),.UNSPECIFIED.,.F.,.F.,
(4,1,1,1,1,1,1,1,1,1,1,1,1,1,1,1,1,1,1,1,1,1,1,4),(0.,0.130654084490599,
0.145262298131228,0.164121417121924,0.186435826425101,0.211737987716798,
0.239710579196212,0.27011999195894,0.3027849410106,0.337559434672982,0.374322621736332,
0.412972310442722,0.453420610178203,0.495590877738933,0.539415505301521,
0.584834273404775,0.631793095910931,0.680243044583958,0.730139577948127,
0.781441922506423,0.834112569670259,0.888116861982906,0.943422649236759,
0.97751938727333),.UNSPECIFIED.);
#192=B_SPLINE_CURVE_WITH_KNOTS('',3,(#9546,#9547,#9548,#9549,#9550,#9551,
#9552,#9553,#9554,#9555,#9556,#9557,#9558,#9559,#9560,#9561,#9562,#9563,
#9564,#9565,#9566,#9567,#9568,#9569,#9570,#9571),.UNSPECIFIED.,.F.,.F.,
(4,1,1,1,1,1,1,1,1,1,1,1,1,1,1,1,1,1,1,1,1,1,1,4),(0.,0.130654084490599,
0.145262298131228,0.164121417121924,0.186435826425101,0.211737987716798,
0.239710579196212,0.27011999195894,0.3027849410106,0.337559434672982,0.374322621736332,
0.412972310442722,0.453420610178203,0.495590877738933,0.539415505301521,
0.584834273404775,0.631793095910931,0.680243044583958,0.730139577948127,
0.781441922506423,0.834112569670259,0.888116861982906,0.943422649236759,
0.97751938727333),.UNSPECIFIED.);
#193=B_SPLINE_CURVE_WITH_KNOTS('',3,(#9572,#9573,#9574,#9575,#9576,#9577,
#9578,#9579,#9580,#9581,#9582,#9583,#9584,#9585,#9586,#9587,#9588,#9589,
#9590,#9591,#9592,#9593,#9594,#9595,#9596,#9597),.UNSPECIFIED.,.F.,.F.,
(4,1,1,1,1,1,1,1,1,1,1,1,1,1,1,1,1,1,1,1,1,1,1,4),(0.,0.130654084490599,
0.145262298131228,0.164121417121924,0.186435826425101,0.211737987716798,
0.239710579196212,0.27011999195894,0.3027849410106,0.337559434672982,0.374322621736332,
0.412972310442722,0.453420610178203,0.495590877738933,0.539415505301521,
0.584834273404775,0.631793095910931,0.680243044583958,0.730139577948127,
0.781441922506423,0.834112569670259,0.888116861982906,0.943422649236759,
0.97751938727333),.UNSPECIFIED.);
#194=B_SPLINE_CURVE_WITH_KNOTS('',3,(#9605,#9606,#9607,#9608,#9609,#9610,
#9611,#9612,#9613,#9614,#9615,#9616,#9617,#9618,#9619,#9620,#9621,#9622,
#9623,#9624,#9625,#9626,#9627,#9628,#9629,#9630),.UNSPECIFIED.,.F.,.F.,
(4,1,1,1,1,1,1,1,1,1,1,1,1,1,1,1,1,1,1,1,1,1,1,4),(0.,0.130654084490599,
0.145262298131228,0.164121417121924,0.186435826425101,0.211737987716798,
0.239710579196212,0.27011999195894,0.3027849410106,0.337559434672982,0.374322621736332,
0.412972310442722,0.453420610178203,0.495590877738933,0.539415505301521,
0.584834273404775,0.631793095910931,0.680243044583958,0.730139577948127,
0.781441922506423,0.834112569670259,0.888116861982906,0.943422649236759,
0.97751938727333),.UNSPECIFIED.);
#195=B_SPLINE_CURVE_WITH_KNOTS('',3,(#9631,#9632,#9633,#9634,#9635,#9636,
#9637,#9638,#9639,#9640,#9641,#9642,#9643,#9644,#9645,#9646,#9647,#9648,
#9649,#9650,#9651,#9652,#9653,#9654,#9655,#9656),.UNSPECIFIED.,.F.,.F.,
(4,1,1,1,1,1,1,1,1,1,1,1,1,1,1,1,1,1,1,1,1,1,1,4),(0.,0.130654084490599,
0.145262298131228,0.164121417121924,0.186435826425101,0.211737987716798,
0.239710579196212,0.27011999195894,0.3027849410106,0.337559434672982,0.374322621736332,
0.412972310442722,0.453420610178203,0.495590877738933,0.539415505301521,
0.584834273404775,0.631793095910931,0.680243044583958,0.730139577948127,
0.781441922506423,0.834112569670259,0.888116861982906,0.943422649236759,
0.97751938727333),.UNSPECIFIED.);
#196=B_SPLINE_CURVE_WITH_KNOTS('',3,(#9664,#9665,#9666,#9667,#9668,#9669,
#9670,#9671,#9672,#9673,#9674,#9675,#9676,#9677,#9678,#9679,#9680,#9681,
#9682,#9683,#9684,#9685,#9686,#9687,#9688,#9689),.UNSPECIFIED.,.F.,.F.,
(4,1,1,1,1,1,1,1,1,1,1,1,1,1,1,1,1,1,1,1,1,1,1,4),(0.,0.130654084490599,
0.145262298131228,0.164121417121924,0.186435826425101,0.211737987716798,
0.239710579196212,0.27011999195894,0.3027849410106,0.337559434672982,0.374322621736332,
0.412972310442722,0.453420610178203,0.495590877738933,0.539415505301521,
0.584834273404775,0.631793095910931,0.680243044583958,0.730139577948127,
0.781441922506423,0.834112569670259,0.888116861982906,0.943422649236759,
0.97751938727333),.UNSPECIFIED.);
#197=B_SPLINE_CURVE_WITH_KNOTS('',3,(#9690,#9691,#9692,#9693,#9694,#9695,
#9696,#9697,#9698,#9699,#9700,#9701,#9702,#9703,#9704,#9705,#9706,#9707,
#9708,#9709,#9710,#9711,#9712,#9713,#9714,#9715),.UNSPECIFIED.,.F.,.F.,
(4,1,1,1,1,1,1,1,1,1,1,1,1,1,1,1,1,1,1,1,1,1,1,4),(0.,0.130654084490599,
0.145262298131228,0.164121417121924,0.186435826425101,0.211737987716798,
0.239710579196212,0.27011999195894,0.3027849410106,0.337559434672982,0.374322621736332,
0.412972310442722,0.453420610178203,0.495590877738933,0.539415505301521,
0.584834273404775,0.631793095910931,0.680243044583958,0.730139577948127,
0.781441922506423,0.834112569670259,0.888116861982906,0.943422649236759,
0.97751938727333),.UNSPECIFIED.);
#198=B_SPLINE_CURVE_WITH_KNOTS('',3,(#9723,#9724,#9725,#9726,#9727,#9728,
#9729,#9730,#9731,#9732,#9733,#9734,#9735,#9736,#9737,#9738,#9739,#9740,
#9741,#9742,#9743,#9744,#9745,#9746,#9747,#9748),.UNSPECIFIED.,.F.,.F.,
(4,1,1,1,1,1,1,1,1,1,1,1,1,1,1,1,1,1,1,1,1,1,1,4),(0.,0.130654084490599,
0.145262298131228,0.164121417121924,0.186435826425101,0.211737987716798,
0.239710579196212,0.27011999195894,0.3027849410106,0.337559434672982,0.374322621736332,
0.412972310442722,0.453420610178203,0.495590877738933,0.539415505301521,
0.584834273404775,0.631793095910931,0.680243044583958,0.730139577948127,
0.781441922506423,0.834112569670259,0.888116861982906,0.943422649236759,
0.97751938727333),.UNSPECIFIED.);
#199=B_SPLINE_CURVE_WITH_KNOTS('',3,(#9749,#9750,#9751,#9752,#9753,#9754,
#9755,#9756,#9757,#9758,#9759,#9760,#9761,#9762,#9763,#9764,#9765,#9766,
#9767,#9768,#9769,#9770,#9771,#9772,#9773,#9774),.UNSPECIFIED.,.F.,.F.,
(4,1,1,1,1,1,1,1,1,1,1,1,1,1,1,1,1,1,1,1,1,1,1,4),(0.,0.130654084490599,
0.145262298131228,0.164121417121924,0.186435826425101,0.211737987716798,
0.239710579196212,0.27011999195894,0.3027849410106,0.337559434672982,0.374322621736332,
0.412972310442722,0.453420610178203,0.495590877738933,0.539415505301521,
0.584834273404775,0.631793095910931,0.680243044583958,0.730139577948127,
0.781441922506423,0.834112569670259,0.888116861982906,0.943422649236759,
0.97751938727333),.UNSPECIFIED.);
#200=B_SPLINE_CURVE_WITH_KNOTS('',3,(#9782,#9783,#9784,#9785,#9786,#9787,
#9788,#9789,#9790,#9791,#9792,#9793,#9794,#9795,#9796,#9797,#9798,#9799,
#9800,#9801,#9802,#9803,#9804,#9805,#9806,#9807),.UNSPECIFIED.,.F.,.F.,
(4,1,1,1,1,1,1,1,1,1,1,1,1,1,1,1,1,1,1,1,1,1,1,4),(0.,0.130654084490599,
0.145262298131228,0.164121417121924,0.186435826425101,0.211737987716798,
0.239710579196212,0.27011999195894,0.3027849410106,0.337559434672982,0.374322621736332,
0.412972310442722,0.453420610178203,0.495590877738933,0.539415505301521,
0.584834273404775,0.631793095910931,0.680243044583958,0.730139577948127,
0.781441922506423,0.834112569670259,0.888116861982906,0.943422649236759,
0.97751938727333),.UNSPECIFIED.);
#201=B_SPLINE_CURVE_WITH_KNOTS('',3,(#9808,#9809,#9810,#9811,#9812,#9813,
#9814,#9815,#9816,#9817,#9818,#9819,#9820,#9821,#9822,#9823,#9824,#9825,
#9826,#9827,#9828,#9829,#9830,#9831,#9832,#9833),.UNSPECIFIED.,.F.,.F.,
(4,1,1,1,1,1,1,1,1,1,1,1,1,1,1,1,1,1,1,1,1,1,1,4),(0.,0.130654084490599,
0.145262298131228,0.164121417121924,0.186435826425101,0.211737987716798,
0.239710579196212,0.27011999195894,0.3027849410106,0.337559434672982,0.374322621736332,
0.412972310442722,0.453420610178203,0.495590877738933,0.539415505301521,
0.584834273404775,0.631793095910931,0.680243044583958,0.730139577948127,
0.781441922506423,0.834112569670259,0.888116861982906,0.943422649236759,
0.97751938727333),.UNSPECIFIED.);
#202=B_SPLINE_CURVE_WITH_KNOTS('',3,(#9841,#9842,#9843,#9844,#9845,#9846,
#9847,#9848,#9849,#9850,#9851,#9852,#9853,#9854,#9855,#9856,#9857,#9858,
#9859,#9860,#9861,#9862,#9863,#9864,#9865,#9866),.UNSPECIFIED.,.F.,.F.,
(4,1,1,1,1,1,1,1,1,1,1,1,1,1,1,1,1,1,1,1,1,1,1,4),(0.,0.130654084490599,
0.145262298131228,0.164121417121924,0.186435826425101,0.211737987716798,
0.239710579196212,0.27011999195894,0.3027849410106,0.337559434672982,0.374322621736332,
0.412972310442722,0.453420610178203,0.495590877738933,0.539415505301521,
0.584834273404775,0.631793095910931,0.680243044583958,0.730139577948127,
0.781441922506423,0.834112569670259,0.888116861982906,0.943422649236759,
0.97751938727333),.UNSPECIFIED.);
#203=B_SPLINE_CURVE_WITH_KNOTS('',3,(#9867,#9868,#9869,#9870,#9871,#9872,
#9873,#9874,#9875,#9876,#9877,#9878,#9879,#9880,#9881,#9882,#9883,#9884,
#9885,#9886,#9887,#9888,#9889,#9890,#9891,#9892),.UNSPECIFIED.,.F.,.F.,
(4,1,1,1,1,1,1,1,1,1,1,1,1,1,1,1,1,1,1,1,1,1,1,4),(0.,0.130654084490599,
0.145262298131228,0.164121417121924,0.186435826425101,0.211737987716798,
0.239710579196212,0.27011999195894,0.3027849410106,0.337559434672982,0.374322621736332,
0.412972310442722,0.453420610178203,0.495590877738933,0.539415505301521,
0.584834273404775,0.631793095910931,0.680243044583958,0.730139577948127,
0.781441922506423,0.834112569670259,0.888116861982906,0.943422649236759,
0.97751938727333),.UNSPECIFIED.);
#204=B_SPLINE_CURVE_WITH_KNOTS('',3,(#9900,#9901,#9902,#9903,#9904,#9905,
#9906,#9907,#9908,#9909,#9910,#9911,#9912,#9913,#9914,#9915,#9916,#9917,
#9918,#9919,#9920,#9921,#9922,#9923,#9924,#9925),.UNSPECIFIED.,.F.,.F.,
(4,1,1,1,1,1,1,1,1,1,1,1,1,1,1,1,1,1,1,1,1,1,1,4),(0.,0.130654084490599,
0.145262298131228,0.164121417121924,0.186435826425101,0.211737987716798,
0.239710579196212,0.27011999195894,0.3027849410106,0.337559434672982,0.374322621736332,
0.412972310442722,0.453420610178203,0.495590877738933,0.539415505301521,
0.584834273404775,0.631793095910931,0.680243044583958,0.730139577948127,
0.781441922506423,0.834112569670259,0.888116861982906,0.943422649236759,
0.97751938727333),.UNSPECIFIED.);
#205=B_SPLINE_CURVE_WITH_KNOTS('',3,(#9926,#9927,#9928,#9929,#9930,#9931,
#9932,#9933,#9934,#9935,#9936,#9937,#9938,#9939,#9940,#9941,#9942,#9943,
#9944,#9945,#9946,#9947,#9948,#9949,#9950,#9951),.UNSPECIFIED.,.F.,.F.,
(4,1,1,1,1,1,1,1,1,1,1,1,1,1,1,1,1,1,1,1,1,1,1,4),(0.,0.130654084490599,
0.145262298131228,0.164121417121924,0.186435826425101,0.211737987716798,
0.239710579196212,0.27011999195894,0.3027849410106,0.337559434672982,0.374322621736332,
0.412972310442722,0.453420610178203,0.495590877738933,0.539415505301521,
0.584834273404775,0.631793095910931,0.680243044583958,0.730139577948127,
0.781441922506423,0.834112569670259,0.888116861982906,0.943422649236759,
0.97751938727333),.UNSPECIFIED.);
#206=B_SPLINE_CURVE_WITH_KNOTS('',3,(#9959,#9960,#9961,#9962,#9963,#9964,
#9965,#9966,#9967,#9968,#9969,#9970,#9971,#9972,#9973,#9974,#9975,#9976,
#9977,#9978,#9979,#9980,#9981,#9982,#9983,#9984),.UNSPECIFIED.,.F.,.F.,
(4,1,1,1,1,1,1,1,1,1,1,1,1,1,1,1,1,1,1,1,1,1,1,4),(0.,0.130654084490599,
0.145262298131228,0.164121417121924,0.186435826425101,0.211737987716798,
0.239710579196212,0.27011999195894,0.3027849410106,0.337559434672982,0.374322621736332,
0.412972310442722,0.453420610178203,0.495590877738933,0.539415505301521,
0.584834273404775,0.631793095910931,0.680243044583958,0.730139577948127,
0.781441922506423,0.834112569670259,0.888116861982906,0.943422649236759,
0.97751938727333),.UNSPECIFIED.);
#207=B_SPLINE_CURVE_WITH_KNOTS('',3,(#9985,#9986,#9987,#9988,#9989,#9990,
#9991,#9992,#9993,#9994,#9995,#9996,#9997,#9998,#9999,#10000,#10001,#10002,
#10003,#10004,#10005,#10006,#10007,#10008,#10009,#10010),.UNSPECIFIED.,
 .F.,.F.,(4,1,1,1,1,1,1,1,1,1,1,1,1,1,1,1,1,1,1,1,1,1,1,4),(0.,0.130654084490599,
0.145262298131228,0.164121417121924,0.186435826425101,0.211737987716798,
0.239710579196212,0.27011999195894,0.3027849410106,0.337559434672982,0.374322621736332,
0.412972310442722,0.453420610178203,0.495590877738933,0.539415505301521,
0.584834273404775,0.631793095910931,0.680243044583958,0.730139577948127,
0.781441922506423,0.834112569670259,0.888116861982906,0.943422649236759,
0.97751938727333),.UNSPECIFIED.);
#208=B_SPLINE_CURVE_WITH_KNOTS('',3,(#10018,#10019,#10020,#10021,#10022,
#10023,#10024,#10025,#10026,#10027,#10028,#10029,#10030,#10031,#10032,#10033,
#10034,#10035,#10036,#10037,#10038,#10039,#10040,#10041,#10042,#10043),
 .UNSPECIFIED.,.F.,.F.,(4,1,1,1,1,1,1,1,1,1,1,1,1,1,1,1,1,1,1,1,1,1,1,4),
(0.,0.130654084490599,0.145262298131228,0.164121417121924,0.186435826425101,
0.211737987716798,0.239710579196212,0.27011999195894,0.3027849410106,0.337559434672982,
0.374322621736332,0.412972310442722,0.453420610178203,0.495590877738933,
0.539415505301521,0.584834273404775,0.631793095910931,0.680243044583958,
0.730139577948127,0.781441922506423,0.834112569670259,0.888116861982906,
0.943422649236759,0.97751938727333),.UNSPECIFIED.);
#209=B_SPLINE_CURVE_WITH_KNOTS('',3,(#10044,#10045,#10046,#10047,#10048,
#10049,#10050,#10051,#10052,#10053,#10054,#10055,#10056,#10057,#10058,#10059,
#10060,#10061,#10062,#10063,#10064,#10065,#10066,#10067,#10068,#10069),
 .UNSPECIFIED.,.F.,.F.,(4,1,1,1,1,1,1,1,1,1,1,1,1,1,1,1,1,1,1,1,1,1,1,4),
(0.,0.130654084490599,0.145262298131228,0.164121417121924,0.186435826425101,
0.211737987716798,0.239710579196212,0.27011999195894,0.3027849410106,0.337559434672982,
0.374322621736332,0.412972310442722,0.453420610178203,0.495590877738933,
0.539415505301521,0.584834273404775,0.631793095910931,0.680243044583958,
0.730139577948127,0.781441922506423,0.834112569670259,0.888116861982906,
0.943422649236759,0.97751938727333),.UNSPECIFIED.);
#210=B_SPLINE_CURVE_WITH_KNOTS('',3,(#10086,#10087,#10088,#10089,#10090,
#10091,#10092,#10093,#10094,#10095,#10096,#10097,#10098,#10099,#10100,#10101,
#10102,#10103,#10104,#10105,#10106,#10107,#10108,#10109,#10110,#10111),
 .UNSPECIFIED.,.F.,.F.,(4,1,1,1,1,1,1,1,1,1,1,1,1,1,1,1,1,1,1,1,1,1,1,4),
(0.,0.130654084490599,0.145262298131228,0.164121417121924,0.186435826425101,
0.211737987716798,0.239710579196212,0.27011999195894,0.3027849410106,0.337559434672982,
0.374322621736332,0.412972310442722,0.453420610178203,0.495590877738933,
0.539415505301521,0.584834273404775,0.631793095910931,0.680243044583958,
0.730139577948127,0.781441922506423,0.834112569670259,0.888116861982906,
0.943422649236759,0.97751938727333),.UNSPECIFIED.);
#211=B_SPLINE_CURVE_WITH_KNOTS('',3,(#10112,#10113,#10114,#10115,#10116,
#10117,#10118,#10119,#10120,#10121,#10122,#10123,#10124,#10125,#10126,#10127,
#10128,#10129,#10130,#10131,#10132,#10133,#10134,#10135,#10136,#10137),
 .UNSPECIFIED.,.F.,.F.,(4,1,1,1,1,1,1,1,1,1,1,1,1,1,1,1,1,1,1,1,1,1,1,4),
(0.,0.130654084490599,0.145262298131228,0.164121417121924,0.186435826425101,
0.211737987716798,0.239710579196212,0.27011999195894,0.3027849410106,0.337559434672982,
0.374322621736332,0.412972310442722,0.453420610178203,0.495590877738933,
0.539415505301521,0.584834273404775,0.631793095910931,0.680243044583958,
0.730139577948127,0.781441922506423,0.834112569670259,0.888116861982906,
0.943422649236759,0.97751938727333),.UNSPECIFIED.);
#212=B_SPLINE_CURVE_WITH_KNOTS('',3,(#10145,#10146,#10147,#10148,#10149,
#10150,#10151,#10152,#10153,#10154,#10155,#10156,#10157,#10158,#10159,#10160,
#10161,#10162,#10163,#10164,#10165,#10166,#10167,#10168,#10169,#10170),
 .UNSPECIFIED.,.F.,.F.,(4,1,1,1,1,1,1,1,1,1,1,1,1,1,1,1,1,1,1,1,1,1,1,4),
(0.,0.130654084490599,0.145262298131228,0.164121417121924,0.186435826425101,
0.211737987716798,0.239710579196212,0.27011999195894,0.3027849410106,0.337559434672982,
0.374322621736332,0.412972310442722,0.453420610178203,0.495590877738933,
0.539415505301521,0.584834273404775,0.631793095910931,0.680243044583958,
0.730139577948127,0.781441922506423,0.834112569670259,0.888116861982906,
0.943422649236759,0.97751938727333),.UNSPECIFIED.);
#213=B_SPLINE_CURVE_WITH_KNOTS('',3,(#10171,#10172,#10173,#10174,#10175,
#10176,#10177,#10178,#10179,#10180,#10181,#10182,#10183,#10184,#10185,#10186,
#10187,#10188,#10189,#10190,#10191,#10192,#10193,#10194,#10195,#10196),
 .UNSPECIFIED.,.F.,.F.,(4,1,1,1,1,1,1,1,1,1,1,1,1,1,1,1,1,1,1,1,1,1,1,4),
(0.,0.130654084490599,0.145262298131228,0.164121417121924,0.186435826425101,
0.211737987716798,0.239710579196212,0.27011999195894,0.3027849410106,0.337559434672982,
0.374322621736332,0.412972310442722,0.453420610178203,0.495590877738933,
0.539415505301521,0.584834273404775,0.631793095910931,0.680243044583958,
0.730139577948127,0.781441922506423,0.834112569670259,0.888116861982906,
0.943422649236759,0.97751938727333),.UNSPECIFIED.);
#214=B_SPLINE_CURVE_WITH_KNOTS('',3,(#10204,#10205,#10206,#10207,#10208,
#10209,#10210,#10211,#10212,#10213,#10214,#10215,#10216,#10217,#10218,#10219,
#10220,#10221,#10222,#10223,#10224,#10225,#10226,#10227,#10228,#10229),
 .UNSPECIFIED.,.F.,.F.,(4,1,1,1,1,1,1,1,1,1,1,1,1,1,1,1,1,1,1,1,1,1,1,4),
(0.,0.130654084490599,0.145262298131228,0.164121417121924,0.186435826425101,
0.211737987716798,0.239710579196212,0.27011999195894,0.3027849410106,0.337559434672982,
0.374322621736332,0.412972310442722,0.453420610178203,0.495590877738933,
0.539415505301521,0.584834273404775,0.631793095910931,0.680243044583958,
0.730139577948127,0.781441922506423,0.834112569670259,0.888116861982906,
0.943422649236759,0.97751938727333),.UNSPECIFIED.);
#215=B_SPLINE_CURVE_WITH_KNOTS('',3,(#10230,#10231,#10232,#10233,#10234,
#10235,#10236,#10237,#10238,#10239,#10240,#10241,#10242,#10243,#10244,#10245,
#10246,#10247,#10248,#10249,#10250,#10251,#10252,#10253,#10254,#10255),
 .UNSPECIFIED.,.F.,.F.,(4,1,1,1,1,1,1,1,1,1,1,1,1,1,1,1,1,1,1,1,1,1,1,4),
(0.,0.130654084490599,0.145262298131228,0.164121417121924,0.186435826425101,
0.211737987716798,0.239710579196212,0.27011999195894,0.3027849410106,0.337559434672982,
0.374322621736332,0.412972310442722,0.453420610178203,0.495590877738933,
0.539415505301521,0.584834273404775,0.631793095910931,0.680243044583958,
0.730139577948127,0.781441922506423,0.834112569670259,0.888116861982906,
0.943422649236759,0.97751938727333),.UNSPECIFIED.);
#216=B_SPLINE_CURVE_WITH_KNOTS('',3,(#10263,#10264,#10265,#10266,#10267,
#10268,#10269,#10270,#10271,#10272,#10273,#10274,#10275,#10276,#10277,#10278,
#10279,#10280,#10281,#10282,#10283,#10284,#10285,#10286,#10287,#10288),
 .UNSPECIFIED.,.F.,.F.,(4,1,1,1,1,1,1,1,1,1,1,1,1,1,1,1,1,1,1,1,1,1,1,4),
(0.,0.130654084490599,0.145262298131228,0.164121417121924,0.186435826425101,
0.211737987716798,0.239710579196212,0.27011999195894,0.3027849410106,0.337559434672982,
0.374322621736332,0.412972310442722,0.453420610178203,0.495590877738933,
0.539415505301521,0.584834273404775,0.631793095910931,0.680243044583958,
0.730139577948127,0.781441922506423,0.834112569670259,0.888116861982906,
0.943422649236759,0.97751938727333),.UNSPECIFIED.);
#217=B_SPLINE_CURVE_WITH_KNOTS('',3,(#10289,#10290,#10291,#10292,#10293,
#10294,#10295,#10296,#10297,#10298,#10299,#10300,#10301,#10302,#10303,#10304,
#10305,#10306,#10307,#10308,#10309,#10310,#10311,#10312,#10313,#10314),
 .UNSPECIFIED.,.F.,.F.,(4,1,1,1,1,1,1,1,1,1,1,1,1,1,1,1,1,1,1,1,1,1,1,4),
(0.,0.130654084490599,0.145262298131228,0.164121417121924,0.186435826425101,
0.211737987716798,0.239710579196212,0.27011999195894,0.3027849410106,0.337559434672982,
0.374322621736332,0.412972310442722,0.453420610178203,0.495590877738933,
0.539415505301521,0.584834273404775,0.631793095910931,0.680243044583958,
0.730139577948127,0.781441922506423,0.834112569670259,0.888116861982906,
0.943422649236759,0.97751938727333),.UNSPECIFIED.);
#218=B_SPLINE_CURVE_WITH_KNOTS('',3,(#10322,#10323,#10324,#10325,#10326,
#10327,#10328,#10329,#10330,#10331,#10332,#10333,#10334,#10335,#10336,#10337,
#10338,#10339,#10340,#10341,#10342,#10343,#10344,#10345,#10346,#10347),
 .UNSPECIFIED.,.F.,.F.,(4,1,1,1,1,1,1,1,1,1,1,1,1,1,1,1,1,1,1,1,1,1,1,4),
(0.,0.130654084490599,0.145262298131228,0.164121417121924,0.186435826425101,
0.211737987716798,0.239710579196212,0.27011999195894,0.3027849410106,0.337559434672982,
0.374322621736332,0.412972310442722,0.453420610178203,0.495590877738933,
0.539415505301521,0.584834273404775,0.631793095910931,0.680243044583958,
0.730139577948127,0.781441922506423,0.834112569670259,0.888116861982906,
0.943422649236759,0.97751938727333),.UNSPECIFIED.);
#219=B_SPLINE_CURVE_WITH_KNOTS('',3,(#10348,#10349,#10350,#10351,#10352,
#10353,#10354,#10355,#10356,#10357,#10358,#10359,#10360,#10361,#10362,#10363,
#10364,#10365,#10366,#10367,#10368,#10369,#10370,#10371,#10372,#10373),
 .UNSPECIFIED.,.F.,.F.,(4,1,1,1,1,1,1,1,1,1,1,1,1,1,1,1,1,1,1,1,1,1,1,4),
(0.,0.130654084490599,0.145262298131228,0.164121417121924,0.186435826425101,
0.211737987716798,0.239710579196212,0.27011999195894,0.3027849410106,0.337559434672982,
0.374322621736332,0.412972310442722,0.453420610178203,0.495590877738933,
0.539415505301521,0.584834273404775,0.631793095910931,0.680243044583958,
0.730139577948127,0.781441922506423,0.834112569670259,0.888116861982906,
0.943422649236759,0.97751938727333),.UNSPECIFIED.);
#220=B_SPLINE_CURVE_WITH_KNOTS('',3,(#10381,#10382,#10383,#10384,#10385,
#10386,#10387,#10388,#10389,#10390,#10391,#10392,#10393,#10394,#10395,#10396,
#10397,#10398,#10399,#10400,#10401,#10402,#10403,#10404,#10405,#10406),
 .UNSPECIFIED.,.F.,.F.,(4,1,1,1,1,1,1,1,1,1,1,1,1,1,1,1,1,1,1,1,1,1,1,4),
(0.,0.130654084490599,0.145262298131228,0.164121417121924,0.186435826425101,
0.211737987716798,0.239710579196212,0.27011999195894,0.3027849410106,0.337559434672982,
0.374322621736332,0.412972310442722,0.453420610178203,0.495590877738933,
0.539415505301521,0.584834273404775,0.631793095910931,0.680243044583958,
0.730139577948127,0.781441922506423,0.834112569670259,0.888116861982906,
0.943422649236759,0.97751938727333),.UNSPECIFIED.);
#221=B_SPLINE_CURVE_WITH_KNOTS('',3,(#10407,#10408,#10409,#10410,#10411,
#10412,#10413,#10414,#10415,#10416,#10417,#10418,#10419,#10420,#10421,#10422,
#10423,#10424,#10425,#10426,#10427,#10428,#10429,#10430,#10431,#10432),
 .UNSPECIFIED.,.F.,.F.,(4,1,1,1,1,1,1,1,1,1,1,1,1,1,1,1,1,1,1,1,1,1,1,4),
(0.,0.130654084490599,0.145262298131228,0.164121417121924,0.186435826425101,
0.211737987716798,0.239710579196212,0.27011999195894,0.3027849410106,0.337559434672982,
0.374322621736332,0.412972310442722,0.453420610178203,0.495590877738933,
0.539415505301521,0.584834273404775,0.631793095910931,0.680243044583958,
0.730139577948127,0.781441922506423,0.834112569670259,0.888116861982906,
0.943422649236759,0.97751938727333),.UNSPECIFIED.);
#222=B_SPLINE_CURVE_WITH_KNOTS('',3,(#10440,#10441,#10442,#10443,#10444,
#10445,#10446,#10447,#10448,#10449,#10450,#10451,#10452,#10453,#10454,#10455,
#10456,#10457,#10458,#10459,#10460,#10461,#10462,#10463,#10464,#10465),
 .UNSPECIFIED.,.F.,.F.,(4,1,1,1,1,1,1,1,1,1,1,1,1,1,1,1,1,1,1,1,1,1,1,4),
(0.,0.130654084490599,0.145262298131228,0.164121417121924,0.186435826425101,
0.211737987716798,0.239710579196212,0.27011999195894,0.3027849410106,0.337559434672982,
0.374322621736332,0.412972310442722,0.453420610178203,0.495590877738933,
0.539415505301521,0.584834273404775,0.631793095910931,0.680243044583958,
0.730139577948127,0.781441922506423,0.834112569670259,0.888116861982906,
0.943422649236759,0.97751938727333),.UNSPECIFIED.);
#223=B_SPLINE_CURVE_WITH_KNOTS('',3,(#10466,#10467,#10468,#10469,#10470,
#10471,#10472,#10473,#10474,#10475,#10476,#10477,#10478,#10479,#10480,#10481,
#10482,#10483,#10484,#10485,#10486,#10487,#10488,#10489,#10490,#10491),
 .UNSPECIFIED.,.F.,.F.,(4,1,1,1,1,1,1,1,1,1,1,1,1,1,1,1,1,1,1,1,1,1,1,4),
(0.,0.130654084490599,0.145262298131228,0.164121417121924,0.186435826425101,
0.211737987716798,0.239710579196212,0.27011999195894,0.3027849410106,0.337559434672982,
0.374322621736332,0.412972310442722,0.453420610178203,0.495590877738933,
0.539415505301521,0.584834273404775,0.631793095910931,0.680243044583958,
0.730139577948127,0.781441922506423,0.834112569670259,0.888116861982906,
0.943422649236759,0.97751938727333),.UNSPECIFIED.);
#224=B_SPLINE_CURVE_WITH_KNOTS('',3,(#10499,#10500,#10501,#10502,#10503,
#10504,#10505,#10506,#10507,#10508,#10509,#10510,#10511,#10512,#10513,#10514,
#10515,#10516,#10517,#10518,#10519,#10520,#10521,#10522,#10523,#10524),
 .UNSPECIFIED.,.F.,.F.,(4,1,1,1,1,1,1,1,1,1,1,1,1,1,1,1,1,1,1,1,1,1,1,4),
(0.,0.130654084490599,0.145262298131228,0.164121417121924,0.186435826425101,
0.211737987716798,0.239710579196212,0.27011999195894,0.3027849410106,0.337559434672982,
0.374322621736332,0.412972310442722,0.453420610178203,0.495590877738933,
0.539415505301521,0.584834273404775,0.631793095910931,0.680243044583958,
0.730139577948127,0.781441922506423,0.834112569670259,0.888116861982906,
0.943422649236759,0.97751938727333),.UNSPECIFIED.);
#225=B_SPLINE_CURVE_WITH_KNOTS('',3,(#10525,#10526,#10527,#10528,#10529,
#10530,#10531,#10532,#10533,#10534,#10535,#10536,#10537,#10538,#10539,#10540,
#10541,#10542,#10543,#10544,#10545,#10546,#10547,#10548,#10549,#10550),
 .UNSPECIFIED.,.F.,.F.,(4,1,1,1,1,1,1,1,1,1,1,1,1,1,1,1,1,1,1,1,1,1,1,4),
(0.,0.130654084490599,0.145262298131228,0.164121417121924,0.186435826425101,
0.211737987716798,0.239710579196212,0.27011999195894,0.3027849410106,0.337559434672982,
0.374322621736332,0.412972310442722,0.453420610178203,0.495590877738933,
0.539415505301521,0.584834273404775,0.631793095910931,0.680243044583958,
0.730139577948127,0.781441922506423,0.834112569670259,0.888116861982906,
0.943422649236759,0.97751938727333),.UNSPECIFIED.);
#226=B_SPLINE_CURVE_WITH_KNOTS('',3,(#10558,#10559,#10560,#10561,#10562,
#10563,#10564,#10565,#10566,#10567,#10568,#10569,#10570,#10571,#10572,#10573,
#10574,#10575,#10576,#10577,#10578,#10579,#10580,#10581,#10582,#10583),
 .UNSPECIFIED.,.F.,.F.,(4,1,1,1,1,1,1,1,1,1,1,1,1,1,1,1,1,1,1,1,1,1,1,4),
(0.,0.130654084490599,0.145262298131228,0.164121417121924,0.186435826425101,
0.211737987716798,0.239710579196212,0.27011999195894,0.3027849410106,0.337559434672982,
0.374322621736332,0.412972310442722,0.453420610178203,0.495590877738933,
0.539415505301521,0.584834273404775,0.631793095910931,0.680243044583958,
0.730139577948127,0.781441922506423,0.834112569670259,0.888116861982906,
0.943422649236759,0.97751938727333),.UNSPECIFIED.);
#227=B_SPLINE_CURVE_WITH_KNOTS('',3,(#10584,#10585,#10586,#10587,#10588,
#10589,#10590,#10591,#10592,#10593,#10594,#10595,#10596,#10597,#10598,#10599,
#10600,#10601,#10602,#10603,#10604,#10605,#10606,#10607,#10608,#10609),
 .UNSPECIFIED.,.F.,.F.,(4,1,1,1,1,1,1,1,1,1,1,1,1,1,1,1,1,1,1,1,1,1,1,4),
(0.,0.130654084490599,0.145262298131228,0.164121417121924,0.186435826425101,
0.211737987716798,0.239710579196212,0.27011999195894,0.3027849410106,0.337559434672982,
0.374322621736332,0.412972310442722,0.453420610178203,0.495590877738933,
0.539415505301521,0.584834273404775,0.631793095910931,0.680243044583958,
0.730139577948127,0.781441922506423,0.834112569670259,0.888116861982906,
0.943422649236759,0.97751938727333),.UNSPECIFIED.);
#228=B_SPLINE_CURVE_WITH_KNOTS('',3,(#10617,#10618,#10619,#10620,#10621,
#10622,#10623,#10624,#10625,#10626,#10627,#10628,#10629,#10630,#10631,#10632,
#10633,#10634,#10635,#10636,#10637,#10638,#10639,#10640,#10641,#10642),
 .UNSPECIFIED.,.F.,.F.,(4,1,1,1,1,1,1,1,1,1,1,1,1,1,1,1,1,1,1,1,1,1,1,4),
(0.,0.130654084490599,0.145262298131228,0.164121417121924,0.186435826425101,
0.211737987716798,0.239710579196212,0.27011999195894,0.3027849410106,0.337559434672982,
0.374322621736332,0.412972310442722,0.453420610178203,0.495590877738933,
0.539415505301521,0.584834273404775,0.631793095910931,0.680243044583958,
0.730139577948127,0.781441922506423,0.834112569670259,0.888116861982906,
0.943422649236759,0.97751938727333),.UNSPECIFIED.);
#229=B_SPLINE_CURVE_WITH_KNOTS('',3,(#10643,#10644,#10645,#10646,#10647,
#10648,#10649,#10650,#10651,#10652,#10653,#10654,#10655,#10656,#10657,#10658,
#10659,#10660,#10661,#10662,#10663,#10664,#10665,#10666,#10667,#10668),
 .UNSPECIFIED.,.F.,.F.,(4,1,1,1,1,1,1,1,1,1,1,1,1,1,1,1,1,1,1,1,1,1,1,4),
(0.,0.130654084490599,0.145262298131228,0.164121417121924,0.186435826425101,
0.211737987716798,0.239710579196212,0.27011999195894,0.3027849410106,0.337559434672982,
0.374322621736332,0.412972310442722,0.453420610178203,0.495590877738933,
0.539415505301521,0.584834273404775,0.631793095910931,0.680243044583958,
0.730139577948127,0.781441922506423,0.834112569670259,0.888116861982906,
0.943422649236759,0.97751938727333),.UNSPECIFIED.);
#230=B_SPLINE_CURVE_WITH_KNOTS('',3,(#10676,#10677,#10678,#10679,#10680,
#10681,#10682,#10683,#10684,#10685,#10686,#10687,#10688,#10689,#10690,#10691,
#10692,#10693,#10694,#10695,#10696,#10697,#10698,#10699,#10700,#10701),
 .UNSPECIFIED.,.F.,.F.,(4,1,1,1,1,1,1,1,1,1,1,1,1,1,1,1,1,1,1,1,1,1,1,4),
(0.,0.130654084490599,0.145262298131228,0.164121417121924,0.186435826425101,
0.211737987716798,0.239710579196212,0.27011999195894,0.3027849410106,0.337559434672982,
0.374322621736332,0.412972310442722,0.453420610178203,0.495590877738933,
0.539415505301521,0.584834273404775,0.631793095910931,0.680243044583958,
0.730139577948127,0.781441922506423,0.834112569670259,0.888116861982906,
0.943422649236759,0.97751938727333),.UNSPECIFIED.);
#231=B_SPLINE_CURVE_WITH_KNOTS('',3,(#10702,#10703,#10704,#10705,#10706,
#10707,#10708,#10709,#10710,#10711,#10712,#10713,#10714,#10715,#10716,#10717,
#10718,#10719,#10720,#10721,#10722,#10723,#10724,#10725,#10726,#10727),
 .UNSPECIFIED.,.F.,.F.,(4,1,1,1,1,1,1,1,1,1,1,1,1,1,1,1,1,1,1,1,1,1,1,4),
(0.,0.130654084490599,0.145262298131228,0.164121417121924,0.186435826425101,
0.211737987716798,0.239710579196212,0.27011999195894,0.3027849410106,0.337559434672982,
0.374322621736332,0.412972310442722,0.453420610178203,0.495590877738933,
0.539415505301521,0.584834273404775,0.631793095910931,0.680243044583958,
0.730139577948127,0.781441922506423,0.834112569670259,0.888116861982906,
0.943422649236759,0.97751938727333),.UNSPECIFIED.);
#232=B_SPLINE_CURVE_WITH_KNOTS('',3,(#10735,#10736,#10737,#10738,#10739,
#10740,#10741,#10742,#10743,#10744,#10745,#10746,#10747,#10748,#10749,#10750,
#10751,#10752,#10753,#10754,#10755,#10756,#10757,#10758,#10759,#10760),
 .UNSPECIFIED.,.F.,.F.,(4,1,1,1,1,1,1,1,1,1,1,1,1,1,1,1,1,1,1,1,1,1,1,4),
(0.,0.130654084490599,0.145262298131228,0.164121417121924,0.186435826425101,
0.211737987716798,0.239710579196212,0.27011999195894,0.3027849410106,0.337559434672982,
0.374322621736332,0.412972310442722,0.453420610178203,0.495590877738933,
0.539415505301521,0.584834273404775,0.631793095910931,0.680243044583958,
0.730139577948127,0.781441922506423,0.834112569670259,0.888116861982906,
0.943422649236759,0.97751938727333),.UNSPECIFIED.);
#233=B_SPLINE_CURVE_WITH_KNOTS('',3,(#10761,#10762,#10763,#10764,#10765,
#10766,#10767,#10768,#10769,#10770,#10771,#10772,#10773,#10774,#10775,#10776,
#10777,#10778,#10779,#10780,#10781,#10782,#10783,#10784,#10785,#10786),
 .UNSPECIFIED.,.F.,.F.,(4,1,1,1,1,1,1,1,1,1,1,1,1,1,1,1,1,1,1,1,1,1,1,4),
(0.,0.130654084490599,0.145262298131228,0.164121417121924,0.186435826425101,
0.211737987716798,0.239710579196212,0.27011999195894,0.3027849410106,0.337559434672982,
0.374322621736332,0.412972310442722,0.453420610178203,0.495590877738933,
0.539415505301521,0.584834273404775,0.631793095910931,0.680243044583958,
0.730139577948127,0.781441922506423,0.834112569670259,0.888116861982906,
0.943422649236759,0.97751938727333),.UNSPECIFIED.);
#234=B_SPLINE_CURVE_WITH_KNOTS('',3,(#10794,#10795,#10796,#10797,#10798,
#10799,#10800,#10801,#10802,#10803,#10804,#10805,#10806,#10807,#10808,#10809,
#10810,#10811,#10812,#10813,#10814,#10815,#10816,#10817,#10818,#10819),
 .UNSPECIFIED.,.F.,.F.,(4,1,1,1,1,1,1,1,1,1,1,1,1,1,1,1,1,1,1,1,1,1,1,4),
(0.,0.130654084490599,0.145262298131228,0.164121417121924,0.186435826425101,
0.211737987716798,0.239710579196212,0.27011999195894,0.3027849410106,0.337559434672982,
0.374322621736332,0.412972310442722,0.453420610178203,0.495590877738933,
0.539415505301521,0.584834273404775,0.631793095910931,0.680243044583958,
0.730139577948127,0.781441922506423,0.834112569670259,0.888116861982906,
0.943422649236759,0.97751938727333),.UNSPECIFIED.);
#235=B_SPLINE_CURVE_WITH_KNOTS('',3,(#10820,#10821,#10822,#10823,#10824,
#10825,#10826,#10827,#10828,#10829,#10830,#10831,#10832,#10833,#10834,#10835,
#10836,#10837,#10838,#10839,#10840,#10841,#10842,#10843,#10844,#10845),
 .UNSPECIFIED.,.F.,.F.,(4,1,1,1,1,1,1,1,1,1,1,1,1,1,1,1,1,1,1,1,1,1,1,4),
(0.,0.130654084490599,0.145262298131228,0.164121417121924,0.186435826425101,
0.211737987716798,0.239710579196212,0.27011999195894,0.3027849410106,0.337559434672982,
0.374322621736332,0.412972310442722,0.453420610178203,0.495590877738933,
0.539415505301521,0.584834273404775,0.631793095910931,0.680243044583958,
0.730139577948127,0.781441922506423,0.834112569670259,0.888116861982906,
0.943422649236759,0.97751938727333),.UNSPECIFIED.);
#236=B_SPLINE_CURVE_WITH_KNOTS('',3,(#10853,#10854,#10855,#10856,#10857,
#10858,#10859,#10860,#10861,#10862,#10863,#10864,#10865,#10866,#10867,#10868,
#10869,#10870,#10871,#10872,#10873,#10874,#10875,#10876,#10877,#10878),
 .UNSPECIFIED.,.F.,.F.,(4,1,1,1,1,1,1,1,1,1,1,1,1,1,1,1,1,1,1,1,1,1,1,4),
(0.,0.130654084490599,0.145262298131228,0.164121417121924,0.186435826425101,
0.211737987716798,0.239710579196212,0.27011999195894,0.3027849410106,0.337559434672982,
0.374322621736332,0.412972310442722,0.453420610178203,0.495590877738933,
0.539415505301521,0.584834273404775,0.631793095910931,0.680243044583958,
0.730139577948127,0.781441922506423,0.834112569670259,0.888116861982906,
0.943422649236759,0.97751938727333),.UNSPECIFIED.);
#237=B_SPLINE_CURVE_WITH_KNOTS('',3,(#10879,#10880,#10881,#10882,#10883,
#10884,#10885,#10886,#10887,#10888,#10889,#10890,#10891,#10892,#10893,#10894,
#10895,#10896,#10897,#10898,#10899,#10900,#10901,#10902,#10903,#10904),
 .UNSPECIFIED.,.F.,.F.,(4,1,1,1,1,1,1,1,1,1,1,1,1,1,1,1,1,1,1,1,1,1,1,4),
(0.,0.130654084490599,0.145262298131228,0.164121417121924,0.186435826425101,
0.211737987716798,0.239710579196212,0.27011999195894,0.3027849410106,0.337559434672982,
0.374322621736332,0.412972310442722,0.453420610178203,0.495590877738933,
0.539415505301521,0.584834273404775,0.631793095910931,0.680243044583958,
0.730139577948127,0.781441922506423,0.834112569670259,0.888116861982906,
0.943422649236759,0.97751938727333),.UNSPECIFIED.);
#238=B_SPLINE_CURVE_WITH_KNOTS('',3,(#10912,#10913,#10914,#10915,#10916,
#10917,#10918,#10919,#10920,#10921,#10922,#10923,#10924,#10925,#10926,#10927,
#10928,#10929,#10930,#10931,#10932,#10933,#10934,#10935,#10936,#10937),
 .UNSPECIFIED.,.F.,.F.,(4,1,1,1,1,1,1,1,1,1,1,1,1,1,1,1,1,1,1,1,1,1,1,4),
(0.,0.130654084490599,0.145262298131228,0.164121417121924,0.186435826425101,
0.211737987716798,0.239710579196212,0.27011999195894,0.3027849410106,0.337559434672982,
0.374322621736332,0.412972310442722,0.453420610178203,0.495590877738933,
0.539415505301521,0.584834273404775,0.631793095910931,0.680243044583958,
0.730139577948127,0.781441922506423,0.834112569670259,0.888116861982906,
0.943422649236759,0.97751938727333),.UNSPECIFIED.);
#239=B_SPLINE_CURVE_WITH_KNOTS('',3,(#10938,#10939,#10940,#10941,#10942,
#10943,#10944,#10945,#10946,#10947,#10948,#10949,#10950,#10951,#10952,#10953,
#10954,#10955,#10956,#10957,#10958,#10959,#10960,#10961,#10962,#10963),
 .UNSPECIFIED.,.F.,.F.,(4,1,1,1,1,1,1,1,1,1,1,1,1,1,1,1,1,1,1,1,1,1,1,4),
(0.,0.130654084490599,0.145262298131228,0.164121417121924,0.186435826425101,
0.211737987716798,0.239710579196212,0.27011999195894,0.3027849410106,0.337559434672982,
0.374322621736332,0.412972310442722,0.453420610178203,0.495590877738933,
0.539415505301521,0.584834273404775,0.631793095910931,0.680243044583958,
0.730139577948127,0.781441922506423,0.834112569670259,0.888116861982906,
0.943422649236759,0.97751938727333),.UNSPECIFIED.);
#240=B_SPLINE_CURVE_WITH_KNOTS('',3,(#10971,#10972,#10973,#10974,#10975,
#10976,#10977,#10978,#10979,#10980,#10981,#10982,#10983,#10984,#10985,#10986,
#10987,#10988,#10989,#10990,#10991,#10992,#10993,#10994,#10995,#10996),
 .UNSPECIFIED.,.F.,.F.,(4,1,1,1,1,1,1,1,1,1,1,1,1,1,1,1,1,1,1,1,1,1,1,4),
(0.,0.130654084490599,0.145262298131228,0.164121417121924,0.186435826425101,
0.211737987716798,0.239710579196212,0.27011999195894,0.3027849410106,0.337559434672982,
0.374322621736332,0.412972310442722,0.453420610178203,0.495590877738933,
0.539415505301521,0.584834273404775,0.631793095910931,0.680243044583958,
0.730139577948127,0.781441922506423,0.834112569670259,0.888116861982906,
0.943422649236759,0.97751938727333),.UNSPECIFIED.);
#241=B_SPLINE_CURVE_WITH_KNOTS('',3,(#10997,#10998,#10999,#11000,#11001,
#11002,#11003,#11004,#11005,#11006,#11007,#11008,#11009,#11010,#11011,#11012,
#11013,#11014,#11015,#11016,#11017,#11018,#11019,#11020,#11021,#11022),
 .UNSPECIFIED.,.F.,.F.,(4,1,1,1,1,1,1,1,1,1,1,1,1,1,1,1,1,1,1,1,1,1,1,4),
(0.,0.130654084490599,0.145262298131228,0.164121417121924,0.186435826425101,
0.211737987716798,0.239710579196212,0.27011999195894,0.3027849410106,0.337559434672982,
0.374322621736332,0.412972310442722,0.453420610178203,0.495590877738933,
0.539415505301521,0.584834273404775,0.631793095910931,0.680243044583958,
0.730139577948127,0.781441922506423,0.834112569670259,0.888116861982906,
0.943422649236759,0.97751938727333),.UNSPECIFIED.);
#242=B_SPLINE_CURVE_WITH_KNOTS('',3,(#11030,#11031,#11032,#11033,#11034,
#11035,#11036,#11037,#11038,#11039,#11040,#11041,#11042,#11043,#11044,#11045,
#11046,#11047,#11048,#11049,#11050,#11051,#11052,#11053,#11054,#11055),
 .UNSPECIFIED.,.F.,.F.,(4,1,1,1,1,1,1,1,1,1,1,1,1,1,1,1,1,1,1,1,1,1,1,4),
(0.,0.130654084490599,0.145262298131228,0.164121417121924,0.186435826425101,
0.211737987716798,0.239710579196212,0.27011999195894,0.3027849410106,0.337559434672982,
0.374322621736332,0.412972310442722,0.453420610178203,0.495590877738933,
0.539415505301521,0.584834273404775,0.631793095910931,0.680243044583958,
0.730139577948127,0.781441922506423,0.834112569670259,0.888116861982906,
0.943422649236759,0.97751938727333),.UNSPECIFIED.);
#243=B_SPLINE_CURVE_WITH_KNOTS('',3,(#11056,#11057,#11058,#11059,#11060,
#11061,#11062,#11063,#11064,#11065,#11066,#11067,#11068,#11069,#11070,#11071,
#11072,#11073,#11074,#11075,#11076,#11077,#11078,#11079,#11080,#11081),
 .UNSPECIFIED.,.F.,.F.,(4,1,1,1,1,1,1,1,1,1,1,1,1,1,1,1,1,1,1,1,1,1,1,4),
(0.,0.130654084490599,0.145262298131228,0.164121417121924,0.186435826425101,
0.211737987716798,0.239710579196212,0.27011999195894,0.3027849410106,0.337559434672982,
0.374322621736332,0.412972310442722,0.453420610178203,0.495590877738933,
0.539415505301521,0.584834273404775,0.631793095910931,0.680243044583958,
0.730139577948127,0.781441922506423,0.834112569670259,0.888116861982906,
0.943422649236759,0.97751938727333),.UNSPECIFIED.);
#244=B_SPLINE_CURVE_WITH_KNOTS('',3,(#11089,#11090,#11091,#11092,#11093,
#11094,#11095,#11096,#11097,#11098,#11099,#11100,#11101,#11102,#11103,#11104,
#11105,#11106,#11107,#11108,#11109,#11110,#11111,#11112,#11113,#11114),
 .UNSPECIFIED.,.F.,.F.,(4,1,1,1,1,1,1,1,1,1,1,1,1,1,1,1,1,1,1,1,1,1,1,4),
(0.,0.130654084490599,0.145262298131228,0.164121417121924,0.186435826425101,
0.211737987716798,0.239710579196212,0.27011999195894,0.3027849410106,0.337559434672982,
0.374322621736332,0.412972310442722,0.453420610178203,0.495590877738933,
0.539415505301521,0.584834273404775,0.631793095910931,0.680243044583958,
0.730139577948127,0.781441922506423,0.834112569670259,0.888116861982906,
0.943422649236759,0.97751938727333),.UNSPECIFIED.);
#245=B_SPLINE_CURVE_WITH_KNOTS('',3,(#11115,#11116,#11117,#11118,#11119,
#11120,#11121,#11122,#11123,#11124,#11125,#11126,#11127,#11128,#11129,#11130,
#11131,#11132,#11133,#11134,#11135,#11136,#11137,#11138,#11139,#11140),
 .UNSPECIFIED.,.F.,.F.,(4,1,1,1,1,1,1,1,1,1,1,1,1,1,1,1,1,1,1,1,1,1,1,4),
(0.,0.130654084490599,0.145262298131228,0.164121417121924,0.186435826425101,
0.211737987716798,0.239710579196212,0.27011999195894,0.3027849410106,0.337559434672982,
0.374322621736332,0.412972310442722,0.453420610178203,0.495590877738933,
0.539415505301521,0.584834273404775,0.631793095910931,0.680243044583958,
0.730139577948127,0.781441922506423,0.834112569670259,0.888116861982906,
0.943422649236759,0.97751938727333),.UNSPECIFIED.);
#246=B_SPLINE_CURVE_WITH_KNOTS('',3,(#11148,#11149,#11150,#11151,#11152,
#11153,#11154,#11155,#11156,#11157,#11158,#11159,#11160,#11161,#11162,#11163,
#11164,#11165,#11166,#11167,#11168,#11169,#11170,#11171,#11172,#11173),
 .UNSPECIFIED.,.F.,.F.,(4,1,1,1,1,1,1,1,1,1,1,1,1,1,1,1,1,1,1,1,1,1,1,4),
(0.,0.130654084490599,0.145262298131228,0.164121417121924,0.186435826425101,
0.211737987716798,0.239710579196212,0.27011999195894,0.3027849410106,0.337559434672982,
0.374322621736332,0.412972310442722,0.453420610178203,0.495590877738933,
0.539415505301521,0.584834273404775,0.631793095910931,0.680243044583958,
0.730139577948127,0.781441922506423,0.834112569670259,0.888116861982906,
0.943422649236759,0.97751938727333),.UNSPECIFIED.);
#247=B_SPLINE_CURVE_WITH_KNOTS('',3,(#11174,#11175,#11176,#11177,#11178,
#11179,#11180,#11181,#11182,#11183,#11184,#11185,#11186,#11187,#11188,#11189,
#11190,#11191,#11192,#11193,#11194,#11195,#11196,#11197,#11198,#11199),
 .UNSPECIFIED.,.F.,.F.,(4,1,1,1,1,1,1,1,1,1,1,1,1,1,1,1,1,1,1,1,1,1,1,4),
(0.,0.130654084490599,0.145262298131228,0.164121417121924,0.186435826425101,
0.211737987716798,0.239710579196212,0.27011999195894,0.3027849410106,0.337559434672982,
0.374322621736332,0.412972310442722,0.453420610178203,0.495590877738933,
0.539415505301521,0.584834273404775,0.631793095910931,0.680243044583958,
0.730139577948127,0.781441922506423,0.834112569670259,0.888116861982906,
0.943422649236759,0.97751938727333),.UNSPECIFIED.);
#248=B_SPLINE_CURVE_WITH_KNOTS('',3,(#11207,#11208,#11209,#11210,#11211,
#11212,#11213,#11214,#11215,#11216,#11217,#11218,#11219,#11220,#11221,#11222,
#11223,#11224,#11225,#11226,#11227,#11228,#11229,#11230,#11231,#11232),
 .UNSPECIFIED.,.F.,.F.,(4,1,1,1,1,1,1,1,1,1,1,1,1,1,1,1,1,1,1,1,1,1,1,4),
(0.,0.130654084490599,0.145262298131228,0.164121417121924,0.186435826425101,
0.211737987716798,0.239710579196212,0.27011999195894,0.3027849410106,0.337559434672982,
0.374322621736332,0.412972310442722,0.453420610178203,0.495590877738933,
0.539415505301521,0.584834273404775,0.631793095910931,0.680243044583958,
0.730139577948127,0.781441922506423,0.834112569670259,0.888116861982906,
0.943422649236759,0.97751938727333),.UNSPECIFIED.);
#249=B_SPLINE_CURVE_WITH_KNOTS('',3,(#11233,#11234,#11235,#11236,#11237,
#11238,#11239,#11240,#11241,#11242,#11243,#11244,#11245,#11246,#11247,#11248,
#11249,#11250,#11251,#11252,#11253,#11254,#11255,#11256,#11257,#11258),
 .UNSPECIFIED.,.F.,.F.,(4,1,1,1,1,1,1,1,1,1,1,1,1,1,1,1,1,1,1,1,1,1,1,4),
(0.,0.130654084490599,0.145262298131228,0.164121417121924,0.186435826425101,
0.211737987716798,0.239710579196212,0.27011999195894,0.3027849410106,0.337559434672982,
0.374322621736332,0.412972310442722,0.453420610178203,0.495590877738933,
0.539415505301521,0.584834273404775,0.631793095910931,0.680243044583958,
0.730139577948127,0.781441922506423,0.834112569670259,0.888116861982906,
0.943422649236759,0.97751938727333),.UNSPECIFIED.);
#250=B_SPLINE_CURVE_WITH_KNOTS('',3,(#11266,#11267,#11268,#11269,#11270,
#11271,#11272,#11273,#11274,#11275,#11276,#11277,#11278,#11279,#11280,#11281,
#11282,#11283,#11284,#11285,#11286,#11287,#11288,#11289,#11290,#11291),
 .UNSPECIFIED.,.F.,.F.,(4,1,1,1,1,1,1,1,1,1,1,1,1,1,1,1,1,1,1,1,1,1,1,4),
(0.,0.130654084490599,0.145262298131228,0.164121417121924,0.186435826425101,
0.211737987716798,0.239710579196212,0.27011999195894,0.3027849410106,0.337559434672982,
0.374322621736332,0.412972310442722,0.453420610178203,0.495590877738933,
0.539415505301521,0.584834273404775,0.631793095910931,0.680243044583958,
0.730139577948127,0.781441922506423,0.834112569670259,0.888116861982906,
0.943422649236759,0.97751938727333),.UNSPECIFIED.);
#251=B_SPLINE_CURVE_WITH_KNOTS('',3,(#11292,#11293,#11294,#11295,#11296,
#11297,#11298,#11299,#11300,#11301,#11302,#11303,#11304,#11305,#11306,#11307,
#11308,#11309,#11310,#11311,#11312,#11313,#11314,#11315,#11316,#11317),
 .UNSPECIFIED.,.F.,.F.,(4,1,1,1,1,1,1,1,1,1,1,1,1,1,1,1,1,1,1,1,1,1,1,4),
(0.,0.130654084490599,0.145262298131228,0.164121417121924,0.186435826425101,
0.211737987716798,0.239710579196212,0.27011999195894,0.3027849410106,0.337559434672982,
0.374322621736332,0.412972310442722,0.453420610178203,0.495590877738933,
0.539415505301521,0.584834273404775,0.631793095910931,0.680243044583958,
0.730139577948127,0.781441922506423,0.834112569670259,0.888116861982906,
0.943422649236759,0.97751938727333),.UNSPECIFIED.);
#252=B_SPLINE_CURVE_WITH_KNOTS('',3,(#11325,#11326,#11327,#11328,#11329,
#11330,#11331,#11332,#11333,#11334,#11335,#11336,#11337,#11338,#11339,#11340,
#11341,#11342,#11343,#11344,#11345,#11346,#11347,#11348,#11349,#11350),
 .UNSPECIFIED.,.F.,.F.,(4,1,1,1,1,1,1,1,1,1,1,1,1,1,1,1,1,1,1,1,1,1,1,4),
(0.,0.130654084490599,0.145262298131228,0.164121417121924,0.186435826425101,
0.211737987716798,0.239710579196212,0.27011999195894,0.3027849410106,0.337559434672982,
0.374322621736332,0.412972310442722,0.453420610178203,0.495590877738933,
0.539415505301521,0.584834273404775,0.631793095910931,0.680243044583958,
0.730139577948127,0.781441922506423,0.834112569670259,0.888116861982906,
0.943422649236759,0.97751938727333),.UNSPECIFIED.);
#253=B_SPLINE_CURVE_WITH_KNOTS('',3,(#11351,#11352,#11353,#11354,#11355,
#11356,#11357,#11358,#11359,#11360,#11361,#11362,#11363,#11364,#11365,#11366,
#11367,#11368,#11369,#11370,#11371,#11372,#11373,#11374,#11375,#11376),
 .UNSPECIFIED.,.F.,.F.,(4,1,1,1,1,1,1,1,1,1,1,1,1,1,1,1,1,1,1,1,1,1,1,4),
(0.,0.130654084490599,0.145262298131228,0.164121417121924,0.186435826425101,
0.211737987716798,0.239710579196212,0.27011999195894,0.3027849410106,0.337559434672982,
0.374322621736332,0.412972310442722,0.453420610178203,0.495590877738933,
0.539415505301521,0.584834273404775,0.631793095910931,0.680243044583958,
0.730139577948127,0.781441922506423,0.834112569670259,0.888116861982906,
0.943422649236759,0.97751938727333),.UNSPECIFIED.);
#254=B_SPLINE_CURVE_WITH_KNOTS('',3,(#11384,#11385,#11386,#11387,#11388,
#11389,#11390,#11391,#11392,#11393,#11394,#11395,#11396,#11397,#11398,#11399,
#11400,#11401,#11402,#11403,#11404,#11405,#11406,#11407,#11408,#11409),
 .UNSPECIFIED.,.F.,.F.,(4,1,1,1,1,1,1,1,1,1,1,1,1,1,1,1,1,1,1,1,1,1,1,4),
(0.,0.130654084490599,0.145262298131228,0.164121417121924,0.186435826425101,
0.211737987716798,0.239710579196212,0.27011999195894,0.3027849410106,0.337559434672982,
0.374322621736332,0.412972310442722,0.453420610178203,0.495590877738933,
0.539415505301521,0.584834273404775,0.631793095910931,0.680243044583958,
0.730139577948127,0.781441922506423,0.834112569670259,0.888116861982906,
0.943422649236759,0.97751938727333),.UNSPECIFIED.);
#255=B_SPLINE_CURVE_WITH_KNOTS('',3,(#11410,#11411,#11412,#11413,#11414,
#11415,#11416,#11417,#11418,#11419,#11420,#11421,#11422,#11423,#11424,#11425,
#11426,#11427,#11428,#11429,#11430,#11431,#11432,#11433,#11434,#11435),
 .UNSPECIFIED.,.F.,.F.,(4,1,1,1,1,1,1,1,1,1,1,1,1,1,1,1,1,1,1,1,1,1,1,4),
(0.,0.130654084490599,0.145262298131228,0.164121417121924,0.186435826425101,
0.211737987716798,0.239710579196212,0.27011999195894,0.3027849410106,0.337559434672982,
0.374322621736332,0.412972310442722,0.453420610178203,0.495590877738933,
0.539415505301521,0.584834273404775,0.631793095910931,0.680243044583958,
0.730139577948127,0.781441922506423,0.834112569670259,0.888116861982906,
0.943422649236759,0.97751938727333),.UNSPECIFIED.);
#256=B_SPLINE_CURVE_WITH_KNOTS('',3,(#11443,#11444,#11445,#11446,#11447,
#11448,#11449,#11450,#11451,#11452,#11453,#11454,#11455,#11456,#11457,#11458,
#11459,#11460,#11461,#11462,#11463,#11464,#11465,#11466,#11467,#11468),
 .UNSPECIFIED.,.F.,.F.,(4,1,1,1,1,1,1,1,1,1,1,1,1,1,1,1,1,1,1,1,1,1,1,4),
(0.,0.130654084490599,0.145262298131228,0.164121417121924,0.186435826425101,
0.211737987716798,0.239710579196212,0.27011999195894,0.3027849410106,0.337559434672982,
0.374322621736332,0.412972310442722,0.453420610178203,0.495590877738933,
0.539415505301521,0.584834273404775,0.631793095910931,0.680243044583958,
0.730139577948127,0.781441922506423,0.834112569670259,0.888116861982906,
0.943422649236759,0.97751938727333),.UNSPECIFIED.);
#257=B_SPLINE_CURVE_WITH_KNOTS('',3,(#11469,#11470,#11471,#11472,#11473,
#11474,#11475,#11476,#11477,#11478,#11479,#11480,#11481,#11482,#11483,#11484,
#11485,#11486,#11487,#11488,#11489,#11490,#11491,#11492,#11493,#11494),
 .UNSPECIFIED.,.F.,.F.,(4,1,1,1,1,1,1,1,1,1,1,1,1,1,1,1,1,1,1,1,1,1,1,4),
(0.,0.130654084490599,0.145262298131228,0.164121417121924,0.186435826425101,
0.211737987716798,0.239710579196212,0.27011999195894,0.3027849410106,0.337559434672982,
0.374322621736332,0.412972310442722,0.453420610178203,0.495590877738933,
0.539415505301521,0.584834273404775,0.631793095910931,0.680243044583958,
0.730139577948127,0.781441922506423,0.834112569670259,0.888116861982906,
0.943422649236759,0.97751938727333),.UNSPECIFIED.);
#258=B_SPLINE_CURVE_WITH_KNOTS('',3,(#11502,#11503,#11504,#11505,#11506,
#11507,#11508,#11509,#11510,#11511,#11512,#11513,#11514,#11515,#11516,#11517,
#11518,#11519,#11520,#11521,#11522,#11523,#11524,#11525,#11526,#11527),
 .UNSPECIFIED.,.F.,.F.,(4,1,1,1,1,1,1,1,1,1,1,1,1,1,1,1,1,1,1,1,1,1,1,4),
(0.,0.130654084490599,0.145262298131228,0.164121417121924,0.186435826425101,
0.211737987716798,0.239710579196212,0.27011999195894,0.3027849410106,0.337559434672982,
0.374322621736332,0.412972310442722,0.453420610178203,0.495590877738933,
0.539415505301521,0.584834273404775,0.631793095910931,0.680243044583958,
0.730139577948127,0.781441922506423,0.834112569670259,0.888116861982906,
0.943422649236759,0.97751938727333),.UNSPECIFIED.);
#259=B_SPLINE_CURVE_WITH_KNOTS('',3,(#11528,#11529,#11530,#11531,#11532,
#11533,#11534,#11535,#11536,#11537,#11538,#11539,#11540,#11541,#11542,#11543,
#11544,#11545,#11546,#11547,#11548,#11549,#11550,#11551,#11552,#11553),
 .UNSPECIFIED.,.F.,.F.,(4,1,1,1,1,1,1,1,1,1,1,1,1,1,1,1,1,1,1,1,1,1,1,4),
(0.,0.130654084490599,0.145262298131228,0.164121417121924,0.186435826425101,
0.211737987716798,0.239710579196212,0.27011999195894,0.3027849410106,0.337559434672982,
0.374322621736332,0.412972310442722,0.453420610178203,0.495590877738933,
0.539415505301521,0.584834273404775,0.631793095910931,0.680243044583958,
0.730139577948127,0.781441922506423,0.834112569670259,0.888116861982906,
0.943422649236759,0.97751938727333),.UNSPECIFIED.);
#260=B_SPLINE_CURVE_WITH_KNOTS('',3,(#11561,#11562,#11563,#11564,#11565,
#11566,#11567,#11568,#11569,#11570,#11571,#11572,#11573,#11574,#11575,#11576,
#11577,#11578,#11579,#11580,#11581,#11582,#11583,#11584,#11585,#11586),
 .UNSPECIFIED.,.F.,.F.,(4,1,1,1,1,1,1,1,1,1,1,1,1,1,1,1,1,1,1,1,1,1,1,4),
(0.,0.130654084490599,0.145262298131228,0.164121417121924,0.186435826425101,
0.211737987716798,0.239710579196212,0.27011999195894,0.3027849410106,0.337559434672982,
0.374322621736332,0.412972310442722,0.453420610178203,0.495590877738933,
0.539415505301521,0.584834273404775,0.631793095910931,0.680243044583958,
0.730139577948127,0.781441922506423,0.834112569670259,0.888116861982906,
0.943422649236759,0.97751938727333),.UNSPECIFIED.);
#261=B_SPLINE_CURVE_WITH_KNOTS('',3,(#11587,#11588,#11589,#11590,#11591,
#11592,#11593,#11594,#11595,#11596,#11597,#11598,#11599,#11600,#11601,#11602,
#11603,#11604,#11605,#11606,#11607,#11608,#11609,#11610,#11611,#11612),
 .UNSPECIFIED.,.F.,.F.,(4,1,1,1,1,1,1,1,1,1,1,1,1,1,1,1,1,1,1,1,1,1,1,4),
(0.,0.130654084490599,0.145262298131228,0.164121417121924,0.186435826425101,
0.211737987716798,0.239710579196212,0.27011999195894,0.3027849410106,0.337559434672982,
0.374322621736332,0.412972310442722,0.453420610178203,0.495590877738933,
0.539415505301521,0.584834273404775,0.631793095910931,0.680243044583958,
0.730139577948127,0.781441922506423,0.834112569670259,0.888116861982906,
0.943422649236759,0.97751938727333),.UNSPECIFIED.);
#262=B_SPLINE_CURVE_WITH_KNOTS('',3,(#11620,#11621,#11622,#11623,#11624,
#11625,#11626,#11627,#11628,#11629,#11630,#11631,#11632,#11633,#11634,#11635,
#11636,#11637,#11638,#11639,#11640,#11641,#11642,#11643,#11644,#11645),
 .UNSPECIFIED.,.F.,.F.,(4,1,1,1,1,1,1,1,1,1,1,1,1,1,1,1,1,1,1,1,1,1,1,4),
(0.,0.130654084490599,0.145262298131228,0.164121417121924,0.186435826425101,
0.211737987716798,0.239710579196212,0.27011999195894,0.3027849410106,0.337559434672982,
0.374322621736332,0.412972310442722,0.453420610178203,0.495590877738933,
0.539415505301521,0.584834273404775,0.631793095910931,0.680243044583958,
0.730139577948127,0.781441922506423,0.834112569670259,0.888116861982906,
0.943422649236759,0.97751938727333),.UNSPECIFIED.);
#263=B_SPLINE_CURVE_WITH_KNOTS('',3,(#11646,#11647,#11648,#11649,#11650,
#11651,#11652,#11653,#11654,#11655,#11656,#11657,#11658,#11659,#11660,#11661,
#11662,#11663,#11664,#11665,#11666,#11667,#11668,#11669,#11670,#11671),
 .UNSPECIFIED.,.F.,.F.,(4,1,1,1,1,1,1,1,1,1,1,1,1,1,1,1,1,1,1,1,1,1,1,4),
(0.,0.130654084490599,0.145262298131228,0.164121417121924,0.186435826425101,
0.211737987716798,0.239710579196212,0.27011999195894,0.3027849410106,0.337559434672982,
0.374322621736332,0.412972310442722,0.453420610178203,0.495590877738933,
0.539415505301521,0.584834273404775,0.631793095910931,0.680243044583958,
0.730139577948127,0.781441922506423,0.834112569670259,0.888116861982906,
0.943422649236759,0.97751938727333),.UNSPECIFIED.);
#264=B_SPLINE_CURVE_WITH_KNOTS('',3,(#11679,#11680,#11681,#11682,#11683,
#11684,#11685,#11686,#11687,#11688,#11689,#11690,#11691,#11692,#11693,#11694,
#11695,#11696,#11697,#11698,#11699,#11700,#11701,#11702,#11703,#11704),
 .UNSPECIFIED.,.F.,.F.,(4,1,1,1,1,1,1,1,1,1,1,1,1,1,1,1,1,1,1,1,1,1,1,4),
(0.,0.130654084490599,0.145262298131228,0.164121417121924,0.186435826425101,
0.211737987716798,0.239710579196212,0.27011999195894,0.3027849410106,0.337559434672982,
0.374322621736332,0.412972310442722,0.453420610178203,0.495590877738933,
0.539415505301521,0.584834273404775,0.631793095910931,0.680243044583958,
0.730139577948127,0.781441922506423,0.834112569670259,0.888116861982906,
0.943422649236759,0.97751938727333),.UNSPECIFIED.);
#265=B_SPLINE_CURVE_WITH_KNOTS('',3,(#11705,#11706,#11707,#11708,#11709,
#11710,#11711,#11712,#11713,#11714,#11715,#11716,#11717,#11718,#11719,#11720,
#11721,#11722,#11723,#11724,#11725,#11726,#11727,#11728,#11729,#11730),
 .UNSPECIFIED.,.F.,.F.,(4,1,1,1,1,1,1,1,1,1,1,1,1,1,1,1,1,1,1,1,1,1,1,4),
(0.,0.130654084490599,0.145262298131228,0.164121417121924,0.186435826425101,
0.211737987716798,0.239710579196212,0.27011999195894,0.3027849410106,0.337559434672982,
0.374322621736332,0.412972310442722,0.453420610178203,0.495590877738933,
0.539415505301521,0.584834273404775,0.631793095910931,0.680243044583958,
0.730139577948127,0.781441922506423,0.834112569670259,0.888116861982906,
0.943422649236759,0.97751938727333),.UNSPECIFIED.);
#266=B_SPLINE_CURVE_WITH_KNOTS('',3,(#11738,#11739,#11740,#11741,#11742,
#11743,#11744,#11745,#11746,#11747,#11748,#11749,#11750,#11751,#11752,#11753,
#11754,#11755,#11756,#11757,#11758,#11759,#11760,#11761,#11762,#11763),
 .UNSPECIFIED.,.F.,.F.,(4,1,1,1,1,1,1,1,1,1,1,1,1,1,1,1,1,1,1,1,1,1,1,4),
(0.,0.130654084490599,0.145262298131228,0.164121417121924,0.186435826425101,
0.211737987716798,0.239710579196212,0.27011999195894,0.3027849410106,0.337559434672982,
0.374322621736332,0.412972310442722,0.453420610178203,0.495590877738933,
0.539415505301521,0.584834273404775,0.631793095910931,0.680243044583958,
0.730139577948127,0.781441922506423,0.834112569670259,0.888116861982906,
0.943422649236759,0.97751938727333),.UNSPECIFIED.);
#267=B_SPLINE_CURVE_WITH_KNOTS('',3,(#11764,#11765,#11766,#11767,#11768,
#11769,#11770,#11771,#11772,#11773,#11774,#11775,#11776,#11777,#11778,#11779,
#11780,#11781,#11782,#11783,#11784,#11785,#11786,#11787,#11788,#11789),
 .UNSPECIFIED.,.F.,.F.,(4,1,1,1,1,1,1,1,1,1,1,1,1,1,1,1,1,1,1,1,1,1,1,4),
(0.,0.130654084490599,0.145262298131228,0.164121417121924,0.186435826425101,
0.211737987716798,0.239710579196212,0.27011999195894,0.3027849410106,0.337559434672982,
0.374322621736332,0.412972310442722,0.453420610178203,0.495590877738933,
0.539415505301521,0.584834273404775,0.631793095910931,0.680243044583958,
0.730139577948127,0.781441922506423,0.834112569670259,0.888116861982906,
0.943422649236759,0.97751938727333),.UNSPECIFIED.);
#268=B_SPLINE_CURVE_WITH_KNOTS('',3,(#11797,#11798,#11799,#11800,#11801,
#11802,#11803,#11804,#11805,#11806,#11807,#11808,#11809,#11810,#11811,#11812,
#11813,#11814,#11815,#11816,#11817,#11818,#11819,#11820,#11821,#11822),
 .UNSPECIFIED.,.F.,.F.,(4,1,1,1,1,1,1,1,1,1,1,1,1,1,1,1,1,1,1,1,1,1,1,4),
(0.,0.130654084490599,0.145262298131228,0.164121417121924,0.186435826425101,
0.211737987716798,0.239710579196212,0.27011999195894,0.3027849410106,0.337559434672982,
0.374322621736332,0.412972310442722,0.453420610178203,0.495590877738933,
0.539415505301521,0.584834273404775,0.631793095910931,0.680243044583958,
0.730139577948127,0.781441922506423,0.834112569670259,0.888116861982906,
0.943422649236759,0.97751938727333),.UNSPECIFIED.);
#269=B_SPLINE_CURVE_WITH_KNOTS('',3,(#11823,#11824,#11825,#11826,#11827,
#11828,#11829,#11830,#11831,#11832,#11833,#11834,#11835,#11836,#11837,#11838,
#11839,#11840,#11841,#11842,#11843,#11844,#11845,#11846,#11847,#11848),
 .UNSPECIFIED.,.F.,.F.,(4,1,1,1,1,1,1,1,1,1,1,1,1,1,1,1,1,1,1,1,1,1,1,4),
(0.,0.130654084490599,0.145262298131228,0.164121417121924,0.186435826425101,
0.211737987716798,0.239710579196212,0.27011999195894,0.3027849410106,0.337559434672982,
0.374322621736332,0.412972310442722,0.453420610178203,0.495590877738933,
0.539415505301521,0.584834273404775,0.631793095910931,0.680243044583958,
0.730139577948127,0.781441922506423,0.834112569670259,0.888116861982906,
0.943422649236759,0.97751938727333),.UNSPECIFIED.);
#270=B_SPLINE_CURVE_WITH_KNOTS('',3,(#11856,#11857,#11858,#11859,#11860,
#11861,#11862,#11863,#11864,#11865,#11866,#11867,#11868,#11869,#11870,#11871,
#11872,#11873,#11874,#11875,#11876,#11877,#11878,#11879,#11880,#11881),
 .UNSPECIFIED.,.F.,.F.,(4,1,1,1,1,1,1,1,1,1,1,1,1,1,1,1,1,1,1,1,1,1,1,4),
(0.,0.130654084490599,0.145262298131228,0.164121417121924,0.186435826425101,
0.211737987716798,0.239710579196212,0.27011999195894,0.3027849410106,0.337559434672982,
0.374322621736332,0.412972310442722,0.453420610178203,0.495590877738933,
0.539415505301521,0.584834273404775,0.631793095910931,0.680243044583958,
0.730139577948127,0.781441922506423,0.834112569670259,0.888116861982906,
0.943422649236759,0.97751938727333),.UNSPECIFIED.);
#271=B_SPLINE_CURVE_WITH_KNOTS('',3,(#11882,#11883,#11884,#11885,#11886,
#11887,#11888,#11889,#11890,#11891,#11892,#11893,#11894,#11895,#11896,#11897,
#11898,#11899,#11900,#11901,#11902,#11903,#11904,#11905,#11906,#11907),
 .UNSPECIFIED.,.F.,.F.,(4,1,1,1,1,1,1,1,1,1,1,1,1,1,1,1,1,1,1,1,1,1,1,4),
(0.,0.130654084490599,0.145262298131228,0.164121417121924,0.186435826425101,
0.211737987716798,0.239710579196212,0.27011999195894,0.3027849410106,0.337559434672982,
0.374322621736332,0.412972310442722,0.453420610178203,0.495590877738933,
0.539415505301521,0.584834273404775,0.631793095910931,0.680243044583958,
0.730139577948127,0.781441922506423,0.834112569670259,0.888116861982906,
0.943422649236759,0.97751938727333),.UNSPECIFIED.);
#272=B_SPLINE_CURVE_WITH_KNOTS('',3,(#11915,#11916,#11917,#11918,#11919,
#11920,#11921,#11922,#11923,#11924,#11925,#11926,#11927,#11928,#11929,#11930,
#11931,#11932,#11933,#11934,#11935,#11936,#11937,#11938,#11939,#11940),
 .UNSPECIFIED.,.F.,.F.,(4,1,1,1,1,1,1,1,1,1,1,1,1,1,1,1,1,1,1,1,1,1,1,4),
(0.,0.130654084490599,0.145262298131228,0.164121417121924,0.186435826425101,
0.211737987716798,0.239710579196212,0.27011999195894,0.3027849410106,0.337559434672982,
0.374322621736332,0.412972310442722,0.453420610178203,0.495590877738933,
0.539415505301521,0.584834273404775,0.631793095910931,0.680243044583958,
0.730139577948127,0.781441922506423,0.834112569670259,0.888116861982906,
0.943422649236759,0.97751938727333),.UNSPECIFIED.);
#273=B_SPLINE_CURVE_WITH_KNOTS('',3,(#11941,#11942,#11943,#11944,#11945,
#11946,#11947,#11948,#11949,#11950,#11951,#11952,#11953,#11954,#11955,#11956,
#11957,#11958,#11959,#11960,#11961,#11962,#11963,#11964,#11965,#11966),
 .UNSPECIFIED.,.F.,.F.,(4,1,1,1,1,1,1,1,1,1,1,1,1,1,1,1,1,1,1,1,1,1,1,4),
(0.,0.130654084490599,0.145262298131228,0.164121417121924,0.186435826425101,
0.211737987716798,0.239710579196212,0.27011999195894,0.3027849410106,0.337559434672982,
0.374322621736332,0.412972310442722,0.453420610178203,0.495590877738933,
0.539415505301521,0.584834273404775,0.631793095910931,0.680243044583958,
0.730139577948127,0.781441922506423,0.834112569670259,0.888116861982906,
0.943422649236759,0.97751938727333),.UNSPECIFIED.);
#274=B_SPLINE_CURVE_WITH_KNOTS('',2,(#13984,#13985,#13986),
 .UNSPECIFIED.,.F.,.F.,(3,3),(0.,1.),.UNSPECIFIED.);
#275=B_SPLINE_CURVE_WITH_KNOTS('',2,(#13997,#13998,#13999),
 .UNSPECIFIED.,.F.,.F.,(3,3),(0.,1.),.UNSPECIFIED.);
#276=B_SPLINE_CURVE_WITH_KNOTS('',2,(#14010,#14011,#14012),
 .UNSPECIFIED.,.F.,.F.,(3,3),(0.,1.),.UNSPECIFIED.);
#277=B_SPLINE_CURVE_WITH_KNOTS('',2,(#14023,#14024,#14025),
 .UNSPECIFIED.,.F.,.F.,(3,3),(0.,1.),.UNSPECIFIED.);
#278=B_SPLINE_CURVE_WITH_KNOTS('',2,(#14036,#14037,#14038),
 .UNSPECIFIED.,.F.,.F.,(3,3),(0.,1.),.UNSPECIFIED.);
#279=B_SPLINE_CURVE_WITH_KNOTS('',2,(#14053,#14054,#14055),
 .UNSPECIFIED.,.F.,.F.,(3,3),(0.,1.),.UNSPECIFIED.);
#280=B_SPLINE_CURVE_WITH_KNOTS('',2,(#14070,#14071,#14072),
 .UNSPECIFIED.,.F.,.F.,(3,3),(0.,1.),.UNSPECIFIED.);
#281=B_SPLINE_CURVE_WITH_KNOTS('',2,(#14083,#14084,#14085),
 .UNSPECIFIED.,.F.,.F.,(3,3),(0.,1.),.UNSPECIFIED.);
#282=B_SPLINE_CURVE_WITH_KNOTS('',2,(#14104,#14105,#14106),
 .UNSPECIFIED.,.F.,.F.,(3,3),(0.,1.),.UNSPECIFIED.);
#283=B_SPLINE_CURVE_WITH_KNOTS('',2,(#14153,#14154,#14155),
 .UNSPECIFIED.,.F.,.F.,(3,3),(0.,1.),.UNSPECIFIED.);
#284=B_SPLINE_CURVE_WITH_KNOTS('',2,(#14168,#14169,#14170),
 .UNSPECIFIED.,.F.,.F.,(3,3),(0.,1.),.UNSPECIFIED.);
#285=B_SPLINE_CURVE_WITH_KNOTS('',2,(#14185,#14186,#14187),
 .UNSPECIFIED.,.F.,.F.,(3,3),(0.,1.),.UNSPECIFIED.);
#286=B_SPLINE_CURVE_WITH_KNOTS('',2,(#14198,#14199,#14200),
 .UNSPECIFIED.,.F.,.F.,(3,3),(0.,1.),.UNSPECIFIED.);
#287=B_SPLINE_CURVE_WITH_KNOTS('',2,(#14211,#14212,#14213),
 .UNSPECIFIED.,.F.,.F.,(3,3),(0.,1.),.UNSPECIFIED.);
#288=B_SPLINE_CURVE_WITH_KNOTS('',2,(#14224,#14225,#14226),
 .UNSPECIFIED.,.F.,.F.,(3,3),(0.,1.),.UNSPECIFIED.);
#289=B_SPLINE_CURVE_WITH_KNOTS('',2,(#14241,#14242,#14243),
 .UNSPECIFIED.,.F.,.F.,(3,3),(0.,1.),.UNSPECIFIED.);
#290=B_SPLINE_CURVE_WITH_KNOTS('',2,(#14254,#14255,#14256),
 .UNSPECIFIED.,.F.,.F.,(3,3),(0.,1.),.UNSPECIFIED.);
#291=B_SPLINE_CURVE_WITH_KNOTS('',2,(#14267,#14268,#14269),
 .UNSPECIFIED.,.F.,.F.,(3,3),(0.,1.),.UNSPECIFIED.);
#292=B_SPLINE_CURVE_WITH_KNOTS('',2,(#14280,#14281,#14282),
 .UNSPECIFIED.,.F.,.F.,(3,3),(0.,1.),.UNSPECIFIED.);
#293=B_SPLINE_CURVE_WITH_KNOTS('',2,(#14293,#14294,#14295),
 .UNSPECIFIED.,.F.,.F.,(3,3),(0.,1.),.UNSPECIFIED.);
#294=B_SPLINE_CURVE_WITH_KNOTS('',2,(#14376,#14377,#14378),
 .UNSPECIFIED.,.F.,.F.,(3,3),(0.,1.),.UNSPECIFIED.);
#295=B_SPLINE_CURVE_WITH_KNOTS('',2,(#14393,#14394,#14395),
 .UNSPECIFIED.,.F.,.F.,(3,3),(0.,1.),.UNSPECIFIED.);
#296=B_SPLINE_CURVE_WITH_KNOTS('',2,(#14406,#14407,#14408),
 .UNSPECIFIED.,.F.,.F.,(3,3),(0.,1.),.UNSPECIFIED.);
#297=B_SPLINE_CURVE_WITH_KNOTS('',2,(#14419,#14420,#14421),
 .UNSPECIFIED.,.F.,.F.,(3,3),(0.,1.),.UNSPECIFIED.);
#298=B_SPLINE_CURVE_WITH_KNOTS('',2,(#14432,#14433,#14434),
 .UNSPECIFIED.,.F.,.F.,(3,3),(0.,1.),.UNSPECIFIED.);
#299=B_SPLINE_CURVE_WITH_KNOTS('',2,(#14457,#14458,#14459),
 .UNSPECIFIED.,.F.,.F.,(3,3),(0.,1.),.UNSPECIFIED.);
#300=B_SPLINE_CURVE_WITH_KNOTS('',2,(#14470,#14471,#14472),
 .UNSPECIFIED.,.F.,.F.,(3,3),(0.,1.),.UNSPECIFIED.);
#301=B_SPLINE_CURVE_WITH_KNOTS('',2,(#14503,#14504,#14505),
 .UNSPECIFIED.,.F.,.F.,(3,3),(0.,1.),.UNSPECIFIED.);
#302=B_SPLINE_CURVE_WITH_KNOTS('',2,(#14516,#14517,#14518),
 .UNSPECIFIED.,.F.,.F.,(3,3),(0.,1.),.UNSPECIFIED.);
#303=B_SPLINE_CURVE_WITH_KNOTS('',2,(#14529,#14530,#14531),
 .UNSPECIFIED.,.F.,.F.,(3,3),(0.,1.),.UNSPECIFIED.);
#304=B_SPLINE_CURVE_WITH_KNOTS('',2,(#14542,#14543,#14544),
 .UNSPECIFIED.,.F.,.F.,(3,3),(0.,1.),.UNSPECIFIED.);
#305=B_SPLINE_CURVE_WITH_KNOTS('',2,(#14559,#14560,#14561),
 .UNSPECIFIED.,.F.,.F.,(3,3),(0.,1.),.UNSPECIFIED.);
#306=B_SPLINE_CURVE_WITH_KNOTS('',2,(#14572,#14573,#14574),
 .UNSPECIFIED.,.F.,.F.,(3,3),(0.,1.),.UNSPECIFIED.);
#307=B_SPLINE_CURVE_WITH_KNOTS('',2,(#14585,#14586,#14587),
 .UNSPECIFIED.,.F.,.F.,(3,3),(0.,1.),.UNSPECIFIED.);
#308=B_SPLINE_CURVE_WITH_KNOTS('',2,(#14596,#14597,#14598),
 .UNSPECIFIED.,.F.,.F.,(3,3),(0.,1.),.UNSPECIFIED.);
#309=PLANE('',#5860);
#310=PLANE('',#5975);
#311=PLANE('',#6171);
#312=PLANE('',#6174);
#313=PLANE('',#6175);
#314=PLANE('',#6176);
#315=PLANE('',#6177);
#316=PLANE('',#6178);
#317=PLANE('',#6179);
#318=PLANE('',#6180);
#319=PLANE('',#6181);
#320=PLANE('',#6184);
#321=PLANE('',#6185);
#322=PLANE('',#6186);
#323=PLANE('',#6187);
#324=PLANE('',#6188);
#325=PLANE('',#6189);
#326=PLANE('',#6190);
#327=PLANE('',#6193);
#328=PLANE('',#6194);
#329=PLANE('',#6195);
#330=PLANE('',#6196);
#331=PLANE('',#6197);
#332=PLANE('',#6198);
#333=PLANE('',#6199);
#334=PLANE('',#6200);
#335=PLANE('',#6201);
#336=PLANE('',#6208);
#337=PLANE('',#6209);
#338=PLANE('',#6210);
#339=PLANE('',#6211);
#340=PLANE('',#6212);
#341=PLANE('',#6213);
#342=PLANE('',#6214);
#343=PLANE('',#6215);
#344=PLANE('',#6216);
#345=PLANE('',#6217);
#346=PLANE('',#6218);
#347=PLANE('',#6221);
#348=PLANE('',#6224);
#349=PLANE('',#6225);
#350=PLANE('',#6226);
#351=PLANE('',#6227);
#352=PLANE('',#6228);
#353=PLANE('',#6229);
#354=PLANE('',#6230);
#355=PLANE('',#6231);
#356=PLANE('',#6232);
#357=PLANE('',#6233);
#358=PLANE('',#6234);
#359=PLANE('',#6235);
#360=PLANE('',#6236);
#361=PLANE('',#6237);
#362=PLANE('',#6238);
#363=PLANE('',#6243);
#364=PLANE('',#6246);
#365=PLANE('',#6247);
#366=PLANE('',#6248);
#367=PLANE('',#6253);
#368=PLANE('',#6258);
#369=PLANE('',#6259);
#370=CIRCLE('',#5768,2.159);
#371=CIRCLE('',#5769,2.159);
#372=CIRCLE('',#5771,2.159);
#373=CIRCLE('',#5772,2.159);
#374=CIRCLE('',#5774,2.159);
#375=CIRCLE('',#5775,2.159);
#376=CIRCLE('',#5777,2.159);
#377=CIRCLE('',#5778,2.159);
#378=CIRCLE('',#5780,2.159);
#379=CIRCLE('',#5781,2.159);
#380=CIRCLE('',#5783,2.159);
#381=CIRCLE('',#5784,2.159);
#382=CIRCLE('',#5786,2.159);
#383=CIRCLE('',#5787,2.159);
#384=CIRCLE('',#5789,2.159);
#385=CIRCLE('',#5790,2.159);
#386=CIRCLE('',#5792,2.159);
#387=CIRCLE('',#5793,2.159);
#388=CIRCLE('',#5795,2.159);
#389=CIRCLE('',#5796,2.159);
#390=CIRCLE('',#5798,2.159);
#391=CIRCLE('',#5799,2.159);
#392=CIRCLE('',#5801,2.159);
#393=CIRCLE('',#5802,2.159);
#394=CIRCLE('',#5804,2.159);
#395=CIRCLE('',#5805,2.159);
#396=CIRCLE('',#5807,2.159);
#397=CIRCLE('',#5808,2.159);
#398=CIRCLE('',#5810,2.159);
#399=CIRCLE('',#5811,2.159);
#400=CIRCLE('',#5813,2.159);
#401=CIRCLE('',#5814,2.159);
#402=CIRCLE('',#5816,2.159);
#403=CIRCLE('',#5817,2.159);
#404=CIRCLE('',#5819,2.159);
#405=CIRCLE('',#5820,2.159);
#406=CIRCLE('',#5822,2.159);
#407=CIRCLE('',#5823,2.159);
#408=CIRCLE('',#5825,2.159);
#409=CIRCLE('',#5826,2.159);
#410=CIRCLE('',#5828,2.159);
#411=CIRCLE('',#5829,2.159);
#412=CIRCLE('',#5831,2.159);
#413=CIRCLE('',#5832,2.159);
#414=CIRCLE('',#5834,2.159);
#415=CIRCLE('',#5835,2.159);
#416=CIRCLE('',#5837,2.159);
#417=CIRCLE('',#5838,2.159);
#418=CIRCLE('',#5840,2.159);
#419=CIRCLE('',#5841,2.159);
#420=CIRCLE('',#5843,2.159);
#421=CIRCLE('',#5844,2.159);
#422=CIRCLE('',#5846,2.159);
#423=CIRCLE('',#5847,2.159);
#424=CIRCLE('',#5849,2.159);
#425=CIRCLE('',#5850,2.159);
#426=CIRCLE('',#5852,2.159);
#427=CIRCLE('',#5853,2.159);
#428=CIRCLE('',#5855,2.159);
#429=CIRCLE('',#5856,2.159);
#430=CIRCLE('',#5858,2.159);
#431=CIRCLE('',#5859,2.159);
#432=CIRCLE('',#5861,0.174478493491056);
#433=CIRCLE('',#5862,0.275546858415706);
#434=CIRCLE('',#5863,0.169217881789995);
#435=CIRCLE('',#5864,0.2105207848189);
#436=CIRCLE('',#5865,0.212688548000647);
#437=CIRCLE('',#5866,0.141890069137682);
#438=CIRCLE('',#5867,0.161564990506621);
#439=CIRCLE('',#5868,0.15864940262073);
#440=CIRCLE('',#5869,0.123568996806851);
#441=CIRCLE('',#5870,0.150517279796311);
#442=CIRCLE('',#5871,0.0979447068297368);
#443=CIRCLE('',#5872,0.114352506189993);
#444=CIRCLE('',#5873,1.10397562081753);
#445=CIRCLE('',#5874,0.66799002557952);
#446=CIRCLE('',#5875,0.95);
#447=CIRCLE('',#5876,0.0581301645598674);
#448=CIRCLE('',#5877,0.0581301645598674);
#449=CIRCLE('',#5878,1.87324999999995);
#450=CIRCLE('',#5879,0.0581301645598674);
#451=CIRCLE('',#5880,0.0581301645598674);
#452=CIRCLE('',#5881,1.87324999999995);
#453=CIRCLE('',#5882,0.0581301645598674);
#454=CIRCLE('',#5883,0.0581301645598674);
#455=CIRCLE('',#5884,1.87324999999995);
#456=CIRCLE('',#5885,0.0581301645598674);
#457=CIRCLE('',#5886,0.0581301645598674);
#458=CIRCLE('',#5887,1.87324999999995);
#459=CIRCLE('',#5888,0.0581301645598674);
#460=CIRCLE('',#5889,0.0581301645598674);
#461=CIRCLE('',#5890,1.87324999999995);
#462=CIRCLE('',#5891,0.0581301645598674);
#463=CIRCLE('',#5892,0.0581301645598674);
#464=CIRCLE('',#5893,1.87324999999995);
#465=CIRCLE('',#5894,0.0581301645598674);
#466=CIRCLE('',#5895,2.159);
#467=CIRCLE('',#5896,0.0581301645598674);
#468=CIRCLE('',#5897,1.87324999999995);
#469=CIRCLE('',#5898,0.0581301645598674);
#470=CIRCLE('',#5899,0.0581301645598674);
#471=CIRCLE('',#5900,1.87324999999995);
#472=CIRCLE('',#5901,0.0581301645598674);
#473=CIRCLE('',#5902,0.0581301645598674);
#474=CIRCLE('',#5903,1.87324999999995);
#475=CIRCLE('',#5904,0.0581301645598674);
#476=CIRCLE('',#5905,0.0581301645598674);
#477=CIRCLE('',#5906,1.87324999999995);
#478=CIRCLE('',#5907,0.0581301645598674);
#479=CIRCLE('',#5908,0.0581301645598674);
#480=CIRCLE('',#5909,1.87324999999995);
#481=CIRCLE('',#5910,0.0581301645598674);
#482=CIRCLE('',#5911,0.0581301645598674);
#483=CIRCLE('',#5912,1.87324999999995);
#484=CIRCLE('',#5913,0.0581301645598674);
#485=CIRCLE('',#5914,0.0581301645598674);
#486=CIRCLE('',#5915,1.87324999999995);
#487=CIRCLE('',#5916,0.0581301645598674);
#488=CIRCLE('',#5917,0.0581301645598674);
#489=CIRCLE('',#5918,1.87324999999995);
#490=CIRCLE('',#5919,0.0581301645598674);
#491=CIRCLE('',#5920,0.0581301645598674);
#492=CIRCLE('',#5921,1.87324999999995);
#493=CIRCLE('',#5922,0.0581301645598674);
#494=CIRCLE('',#5923,0.0581301645598674);
#495=CIRCLE('',#5924,1.87324999999995);
#496=CIRCLE('',#5925,0.0581301645598674);
#497=CIRCLE('',#5926,0.0581301645598674);
#498=CIRCLE('',#5927,1.87324999999995);
#499=CIRCLE('',#5928,0.0581301645598674);
#500=CIRCLE('',#5929,0.0581301645598674);
#501=CIRCLE('',#5930,1.87324999999995);
#502=CIRCLE('',#5931,0.0581301645598674);
#503=CIRCLE('',#5932,0.0581301645598674);
#504=CIRCLE('',#5933,1.87324999999995);
#505=CIRCLE('',#5934,0.0581301645598674);
#506=CIRCLE('',#5935,0.0581301645598674);
#507=CIRCLE('',#5936,1.87324999999995);
#508=CIRCLE('',#5937,0.0581301645598674);
#509=CIRCLE('',#5938,0.0581301645598674);
#510=CIRCLE('',#5939,1.87324999999995);
#511=CIRCLE('',#5940,0.0581301645598674);
#512=CIRCLE('',#5941,0.0581301645598674);
#513=CIRCLE('',#5942,1.87324999999995);
#514=CIRCLE('',#5943,0.0581301645598674);
#515=CIRCLE('',#5944,0.0581301645598674);
#516=CIRCLE('',#5945,1.87324999999995);
#517=CIRCLE('',#5946,0.0581301645598674);
#518=CIRCLE('',#5947,0.0581301645598674);
#519=CIRCLE('',#5948,1.87324999999995);
#520=CIRCLE('',#5949,0.0581301645598674);
#521=CIRCLE('',#5950,0.0581301645598674);
#522=CIRCLE('',#5951,1.87324999999995);
#523=CIRCLE('',#5952,0.0581301645598674);
#524=CIRCLE('',#5953,0.0581301645598674);
#525=CIRCLE('',#5954,1.87324999999995);
#526=CIRCLE('',#5955,0.0581301645598674);
#527=CIRCLE('',#5956,0.0581301645598674);
#528=CIRCLE('',#5957,1.87324999999995);
#529=CIRCLE('',#5958,0.0581301645598674);
#530=CIRCLE('',#5959,0.0581301645598674);
#531=CIRCLE('',#5960,1.87324999999995);
#532=CIRCLE('',#5961,0.0581301645598674);
#533=CIRCLE('',#5962,0.0581301645598674);
#534=CIRCLE('',#5963,1.87324999999995);
#535=CIRCLE('',#5964,0.0581301645598674);
#536=CIRCLE('',#5965,0.0581301645598674);
#537=CIRCLE('',#5966,1.87324999999995);
#538=CIRCLE('',#5967,0.0581301645598674);
#539=CIRCLE('',#5968,0.0581301645598674);
#540=CIRCLE('',#5969,1.87324999999995);
#541=CIRCLE('',#5970,0.0581301645598674);
#542=CIRCLE('',#5971,0.0581301645598674);
#543=CIRCLE('',#5972,1.87324999999995);
#544=CIRCLE('',#5974,2.159);
#545=CIRCLE('',#5976,0.95);
#546=CIRCLE('',#5977,0.0581301645598674);
#547=CIRCLE('',#5978,0.0581301645598674);
#548=CIRCLE('',#5979,1.87324999999995);
#549=CIRCLE('',#5980,0.0581301645598674);
#550=CIRCLE('',#5981,0.0581301645598674);
#551=CIRCLE('',#5982,1.87324999999995);
#552=CIRCLE('',#5983,0.0581301645598674);
#553=CIRCLE('',#5984,0.0581301645598674);
#554=CIRCLE('',#5985,1.87324999999995);
#555=CIRCLE('',#5986,0.0581301645598674);
#556=CIRCLE('',#5987,0.0581301645598674);
#557=CIRCLE('',#5988,1.87324999999995);
#558=CIRCLE('',#5989,0.0581301645598674);
#559=CIRCLE('',#5990,0.0581301645598674);
#560=CIRCLE('',#5991,1.87324999999995);
#561=CIRCLE('',#5992,0.0581301645598674);
#562=CIRCLE('',#5993,0.0581301645598674);
#563=CIRCLE('',#5994,1.87324999999995);
#564=CIRCLE('',#5995,0.0581301645598674);
#565=CIRCLE('',#5996,0.0581301645598674);
#566=CIRCLE('',#5997,1.87324999999995);
#567=CIRCLE('',#5998,0.0581301645598674);
#568=CIRCLE('',#5999,0.0581301645598674);
#569=CIRCLE('',#6000,1.87324999999995);
#570=CIRCLE('',#6001,0.0581301645598674);
#571=CIRCLE('',#6002,0.0581301645598674);
#572=CIRCLE('',#6003,1.87324999999995);
#573=CIRCLE('',#6004,0.0581301645598674);
#574=CIRCLE('',#6005,0.0581301645598674);
#575=CIRCLE('',#6006,1.87324999999995);
#576=CIRCLE('',#6007,0.0581301645598674);
#577=CIRCLE('',#6008,0.0581301645598674);
#578=CIRCLE('',#6009,1.87324999999995);
#579=CIRCLE('',#6010,0.0581301645598674);
#580=CIRCLE('',#6011,0.0581301645598674);
#581=CIRCLE('',#6012,1.87324999999995);
#582=CIRCLE('',#6013,0.0581301645598674);
#583=CIRCLE('',#6014,0.0581301645598674);
#584=CIRCLE('',#6015,1.87324999999995);
#585=CIRCLE('',#6016,0.0581301645598674);
#586=CIRCLE('',#6017,0.0581301645598674);
#587=CIRCLE('',#6018,1.87324999999995);
#588=CIRCLE('',#6019,0.0581301645598674);
#589=CIRCLE('',#6020,0.0581301645598674);
#590=CIRCLE('',#6021,1.87324999999995);
#591=CIRCLE('',#6022,0.0581301645598674);
#592=CIRCLE('',#6023,0.0581301645598674);
#593=CIRCLE('',#6024,1.87324999999995);
#594=CIRCLE('',#6025,0.0581301645598674);
#595=CIRCLE('',#6026,0.0581301645598674);
#596=CIRCLE('',#6027,1.87324999999995);
#597=CIRCLE('',#6028,0.0581301645598674);
#598=CIRCLE('',#6029,0.0581301645598674);
#599=CIRCLE('',#6030,1.87324999999995);
#600=CIRCLE('',#6031,0.0581301645598674);
#601=CIRCLE('',#6032,0.0581301645598674);
#602=CIRCLE('',#6033,1.87324999999995);
#603=CIRCLE('',#6034,0.0581301645598674);
#604=CIRCLE('',#6035,0.0581301645598674);
#605=CIRCLE('',#6036,1.87324999999995);
#606=CIRCLE('',#6037,0.0581301645598674);
#607=CIRCLE('',#6038,0.0581301645598674);
#608=CIRCLE('',#6039,1.87324999999995);
#609=CIRCLE('',#6040,0.0581301645598674);
#610=CIRCLE('',#6041,0.0581301645598674);
#611=CIRCLE('',#6042,1.87324999999995);
#612=CIRCLE('',#6043,0.0581301645598674);
#613=CIRCLE('',#6044,0.0581301645598674);
#614=CIRCLE('',#6045,1.87324999999995);
#615=CIRCLE('',#6046,0.0581301645598674);
#616=CIRCLE('',#6047,0.0581301645598674);
#617=CIRCLE('',#6048,1.87324999999995);
#618=CIRCLE('',#6049,0.0581301645598674);
#619=CIRCLE('',#6050,0.0581301645598674);
#620=CIRCLE('',#6051,1.87324999999995);
#621=CIRCLE('',#6052,0.0581301645598674);
#622=CIRCLE('',#6053,0.0581301645598674);
#623=CIRCLE('',#6054,1.87324999999995);
#624=CIRCLE('',#6055,0.0581301645598674);
#625=CIRCLE('',#6056,0.0581301645598674);
#626=CIRCLE('',#6057,1.87324999999995);
#627=CIRCLE('',#6058,0.0581301645598674);
#628=CIRCLE('',#6059,0.0581301645598674);
#629=CIRCLE('',#6060,1.87324999999995);
#630=CIRCLE('',#6061,0.0581301645598674);
#631=CIRCLE('',#6062,0.0581301645598674);
#632=CIRCLE('',#6063,1.87324999999995);
#633=CIRCLE('',#6064,0.0581301645598674);
#634=CIRCLE('',#6065,0.0581301645598674);
#635=CIRCLE('',#6066,1.87324999999995);
#636=CIRCLE('',#6067,0.0581301645598674);
#637=CIRCLE('',#6068,0.0581301645598674);
#638=CIRCLE('',#6069,1.87324999999995);
#639=CIRCLE('',#6070,0.0581301645598674);
#640=CIRCLE('',#6071,0.0581301645598674);
#641=CIRCLE('',#6072,1.87324999999995);
#642=CIRCLE('',#6170,0.95);
#643=CIRCLE('',#6173,0.95);
#644=CIRCLE('',#6183,0.66799002557952);
#645=CIRCLE('',#6192,1.10397562081753);
#646=CIRCLE('',#6203,0.114352506189993);
#647=CIRCLE('',#6205,0.0979447068297368);
#648=CIRCLE('',#6207,0.150517279796311);
#649=CIRCLE('',#6220,0.123568996806851);
#650=CIRCLE('',#6223,0.15864940262073);
#651=CIRCLE('',#6240,0.174478493491056);
#652=CIRCLE('',#6242,0.161564990506621);
#653=CIRCLE('',#6245,0.141890069137682);
#654=CIRCLE('',#6250,0.212688548000647);
#655=CIRCLE('',#6252,0.2105207848189);
#656=CIRCLE('',#6255,0.169217881789995);
#657=CIRCLE('',#6257,0.275546858415706);
#658=ORIENTED_EDGE('',*,*,#2418,.F.);
#659=ORIENTED_EDGE('',*,*,#2419,.F.);
#660=ORIENTED_EDGE('',*,*,#2420,.T.);
#661=ORIENTED_EDGE('',*,*,#2421,.T.);
#662=ORIENTED_EDGE('',*,*,#2422,.F.);
#663=ORIENTED_EDGE('',*,*,#2423,.T.);
#664=ORIENTED_EDGE('',*,*,#2424,.T.);
#665=ORIENTED_EDGE('',*,*,#2425,.F.);
#666=ORIENTED_EDGE('',*,*,#2426,.F.);
#667=ORIENTED_EDGE('',*,*,#2427,.F.);
#668=ORIENTED_EDGE('',*,*,#2428,.T.);
#669=ORIENTED_EDGE('',*,*,#2429,.T.);
#670=ORIENTED_EDGE('',*,*,#2430,.F.);
#671=ORIENTED_EDGE('',*,*,#2431,.T.);
#672=ORIENTED_EDGE('',*,*,#2432,.T.);
#673=ORIENTED_EDGE('',*,*,#2433,.F.);
#674=ORIENTED_EDGE('',*,*,#2434,.F.);
#675=ORIENTED_EDGE('',*,*,#2435,.T.);
#676=ORIENTED_EDGE('',*,*,#2436,.T.);
#677=ORIENTED_EDGE('',*,*,#2437,.F.);
#678=ORIENTED_EDGE('',*,*,#2438,.F.);
#679=ORIENTED_EDGE('',*,*,#2439,.T.);
#680=ORIENTED_EDGE('',*,*,#2440,.T.);
#681=ORIENTED_EDGE('',*,*,#2441,.F.);
#682=ORIENTED_EDGE('',*,*,#2442,.F.);
#683=ORIENTED_EDGE('',*,*,#2443,.T.);
#684=ORIENTED_EDGE('',*,*,#2444,.T.);
#685=ORIENTED_EDGE('',*,*,#2445,.F.);
#686=ORIENTED_EDGE('',*,*,#2446,.F.);
#687=ORIENTED_EDGE('',*,*,#2447,.F.);
#688=ORIENTED_EDGE('',*,*,#2448,.T.);
#689=ORIENTED_EDGE('',*,*,#2449,.T.);
#690=ORIENTED_EDGE('',*,*,#2450,.F.);
#691=ORIENTED_EDGE('',*,*,#2451,.T.);
#692=ORIENTED_EDGE('',*,*,#2452,.T.);
#693=ORIENTED_EDGE('',*,*,#2453,.F.);
#694=ORIENTED_EDGE('',*,*,#2454,.F.);
#695=ORIENTED_EDGE('',*,*,#2455,.F.);
#696=ORIENTED_EDGE('',*,*,#2456,.T.);
#697=ORIENTED_EDGE('',*,*,#2457,.T.);
#698=ORIENTED_EDGE('',*,*,#2458,.F.);
#699=ORIENTED_EDGE('',*,*,#2459,.T.);
#700=ORIENTED_EDGE('',*,*,#2460,.T.);
#701=ORIENTED_EDGE('',*,*,#2461,.F.);
#702=ORIENTED_EDGE('',*,*,#2462,.F.);
#703=ORIENTED_EDGE('',*,*,#2463,.T.);
#704=ORIENTED_EDGE('',*,*,#2464,.T.);
#705=ORIENTED_EDGE('',*,*,#2465,.F.);
#706=ORIENTED_EDGE('',*,*,#2466,.F.);
#707=ORIENTED_EDGE('',*,*,#2467,.T.);
#708=ORIENTED_EDGE('',*,*,#2468,.T.);
#709=ORIENTED_EDGE('',*,*,#2469,.F.);
#710=ORIENTED_EDGE('',*,*,#2470,.F.);
#711=ORIENTED_EDGE('',*,*,#2471,.T.);
#712=ORIENTED_EDGE('',*,*,#2472,.T.);
#713=ORIENTED_EDGE('',*,*,#2473,.F.);
#714=ORIENTED_EDGE('',*,*,#2474,.F.);
#715=ORIENTED_EDGE('',*,*,#2475,.T.);
#716=ORIENTED_EDGE('',*,*,#2476,.T.);
#717=ORIENTED_EDGE('',*,*,#2477,.F.);
#718=ORIENTED_EDGE('',*,*,#2478,.F.);
#719=ORIENTED_EDGE('',*,*,#2479,.F.);
#720=ORIENTED_EDGE('',*,*,#2480,.T.);
#721=ORIENTED_EDGE('',*,*,#2481,.T.);
#722=ORIENTED_EDGE('',*,*,#2482,.F.);
#723=ORIENTED_EDGE('',*,*,#2483,.T.);
#724=ORIENTED_EDGE('',*,*,#2484,.T.);
#725=ORIENTED_EDGE('',*,*,#2485,.F.);
#726=ORIENTED_EDGE('',*,*,#2486,.F.);
#727=ORIENTED_EDGE('',*,*,#2487,.F.);
#728=ORIENTED_EDGE('',*,*,#2488,.T.);
#729=ORIENTED_EDGE('',*,*,#2489,.T.);
#730=ORIENTED_EDGE('',*,*,#2490,.F.);
#731=ORIENTED_EDGE('',*,*,#2491,.T.);
#732=ORIENTED_EDGE('',*,*,#2492,.T.);
#733=ORIENTED_EDGE('',*,*,#2493,.F.);
#734=ORIENTED_EDGE('',*,*,#2494,.F.);
#735=ORIENTED_EDGE('',*,*,#2495,.T.);
#736=ORIENTED_EDGE('',*,*,#2496,.T.);
#737=ORIENTED_EDGE('',*,*,#2497,.F.);
#738=ORIENTED_EDGE('',*,*,#2498,.F.);
#739=ORIENTED_EDGE('',*,*,#2499,.T.);
#740=ORIENTED_EDGE('',*,*,#2500,.T.);
#741=ORIENTED_EDGE('',*,*,#2501,.F.);
#742=ORIENTED_EDGE('',*,*,#2502,.F.);
#743=ORIENTED_EDGE('',*,*,#2503,.T.);
#744=ORIENTED_EDGE('',*,*,#2504,.T.);
#745=ORIENTED_EDGE('',*,*,#2505,.F.);
#746=ORIENTED_EDGE('',*,*,#2506,.F.);
#747=ORIENTED_EDGE('',*,*,#2507,.T.);
#748=ORIENTED_EDGE('',*,*,#2508,.T.);
#749=ORIENTED_EDGE('',*,*,#2509,.F.);
#750=ORIENTED_EDGE('',*,*,#2510,.F.);
#751=ORIENTED_EDGE('',*,*,#2511,.F.);
#752=ORIENTED_EDGE('',*,*,#2512,.T.);
#753=ORIENTED_EDGE('',*,*,#2513,.T.);
#754=ORIENTED_EDGE('',*,*,#2514,.F.);
#755=ORIENTED_EDGE('',*,*,#2515,.T.);
#756=ORIENTED_EDGE('',*,*,#2516,.T.);
#757=ORIENTED_EDGE('',*,*,#2517,.F.);
#758=ORIENTED_EDGE('',*,*,#2518,.F.);
#759=ORIENTED_EDGE('',*,*,#2519,.F.);
#760=ORIENTED_EDGE('',*,*,#2520,.T.);
#761=ORIENTED_EDGE('',*,*,#2521,.T.);
#762=ORIENTED_EDGE('',*,*,#2522,.F.);
#763=ORIENTED_EDGE('',*,*,#2523,.T.);
#764=ORIENTED_EDGE('',*,*,#2524,.T.);
#765=ORIENTED_EDGE('',*,*,#2525,.F.);
#766=ORIENTED_EDGE('',*,*,#2526,.F.);
#767=ORIENTED_EDGE('',*,*,#2527,.T.);
#768=ORIENTED_EDGE('',*,*,#2528,.T.);
#769=ORIENTED_EDGE('',*,*,#2529,.F.);
#770=ORIENTED_EDGE('',*,*,#2530,.F.);
#771=ORIENTED_EDGE('',*,*,#2531,.T.);
#772=ORIENTED_EDGE('',*,*,#2532,.T.);
#773=ORIENTED_EDGE('',*,*,#2533,.F.);
#774=ORIENTED_EDGE('',*,*,#2534,.F.);
#775=ORIENTED_EDGE('',*,*,#2535,.T.);
#776=ORIENTED_EDGE('',*,*,#2536,.T.);
#777=ORIENTED_EDGE('',*,*,#2537,.F.);
#778=ORIENTED_EDGE('',*,*,#2538,.F.);
#779=ORIENTED_EDGE('',*,*,#2539,.T.);
#780=ORIENTED_EDGE('',*,*,#2540,.T.);
#781=ORIENTED_EDGE('',*,*,#2541,.F.);
#782=ORIENTED_EDGE('',*,*,#2542,.F.);
#783=ORIENTED_EDGE('',*,*,#2543,.F.);
#784=ORIENTED_EDGE('',*,*,#2544,.F.);
#785=ORIENTED_EDGE('',*,*,#2545,.F.);
#786=ORIENTED_EDGE('',*,*,#2546,.F.);
#787=ORIENTED_EDGE('',*,*,#2547,.F.);
#788=ORIENTED_EDGE('',*,*,#2548,.F.);
#789=ORIENTED_EDGE('',*,*,#2549,.F.);
#790=ORIENTED_EDGE('',*,*,#2550,.F.);
#791=ORIENTED_EDGE('',*,*,#2551,.F.);
#792=ORIENTED_EDGE('',*,*,#2552,.F.);
#793=ORIENTED_EDGE('',*,*,#2553,.F.);
#794=ORIENTED_EDGE('',*,*,#2554,.F.);
#795=ORIENTED_EDGE('',*,*,#2555,.F.);
#796=ORIENTED_EDGE('',*,*,#2556,.F.);
#797=ORIENTED_EDGE('',*,*,#2557,.F.);
#798=ORIENTED_EDGE('',*,*,#2558,.F.);
#799=ORIENTED_EDGE('',*,*,#2559,.F.);
#800=ORIENTED_EDGE('',*,*,#2560,.F.);
#801=ORIENTED_EDGE('',*,*,#2561,.F.);
#802=ORIENTED_EDGE('',*,*,#2562,.F.);
#803=ORIENTED_EDGE('',*,*,#2563,.F.);
#804=ORIENTED_EDGE('',*,*,#2564,.F.);
#805=ORIENTED_EDGE('',*,*,#2565,.F.);
#806=ORIENTED_EDGE('',*,*,#2566,.F.);
#807=ORIENTED_EDGE('',*,*,#2567,.F.);
#808=ORIENTED_EDGE('',*,*,#2568,.F.);
#809=ORIENTED_EDGE('',*,*,#2569,.F.);
#810=ORIENTED_EDGE('',*,*,#2570,.F.);
#811=ORIENTED_EDGE('',*,*,#2571,.F.);
#812=ORIENTED_EDGE('',*,*,#2572,.F.);
#813=ORIENTED_EDGE('',*,*,#2573,.F.);
#814=ORIENTED_EDGE('',*,*,#2574,.F.);
#815=ORIENTED_EDGE('',*,*,#2575,.F.);
#816=ORIENTED_EDGE('',*,*,#2576,.F.);
#817=ORIENTED_EDGE('',*,*,#2577,.F.);
#818=ORIENTED_EDGE('',*,*,#2578,.F.);
#819=ORIENTED_EDGE('',*,*,#2579,.F.);
#820=ORIENTED_EDGE('',*,*,#2580,.F.);
#821=ORIENTED_EDGE('',*,*,#2581,.F.);
#822=ORIENTED_EDGE('',*,*,#2582,.F.);
#823=ORIENTED_EDGE('',*,*,#2583,.F.);
#824=ORIENTED_EDGE('',*,*,#2584,.F.);
#825=ORIENTED_EDGE('',*,*,#2585,.F.);
#826=ORIENTED_EDGE('',*,*,#2586,.F.);
#827=ORIENTED_EDGE('',*,*,#2587,.F.);
#828=ORIENTED_EDGE('',*,*,#2588,.F.);
#829=ORIENTED_EDGE('',*,*,#2589,.F.);
#830=ORIENTED_EDGE('',*,*,#2590,.F.);
#831=ORIENTED_EDGE('',*,*,#2591,.F.);
#832=ORIENTED_EDGE('',*,*,#2592,.F.);
#833=ORIENTED_EDGE('',*,*,#2593,.F.);
#834=ORIENTED_EDGE('',*,*,#2594,.F.);
#835=ORIENTED_EDGE('',*,*,#2595,.F.);
#836=ORIENTED_EDGE('',*,*,#2596,.F.);
#837=ORIENTED_EDGE('',*,*,#2597,.F.);
#838=ORIENTED_EDGE('',*,*,#2598,.F.);
#839=ORIENTED_EDGE('',*,*,#2599,.F.);
#840=ORIENTED_EDGE('',*,*,#2600,.F.);
#841=ORIENTED_EDGE('',*,*,#2601,.F.);
#842=ORIENTED_EDGE('',*,*,#2602,.F.);
#843=ORIENTED_EDGE('',*,*,#2603,.F.);
#844=ORIENTED_EDGE('',*,*,#2604,.F.);
#845=ORIENTED_EDGE('',*,*,#2605,.F.);
#846=ORIENTED_EDGE('',*,*,#2606,.F.);
#847=ORIENTED_EDGE('',*,*,#2607,.F.);
#848=ORIENTED_EDGE('',*,*,#2608,.F.);
#849=ORIENTED_EDGE('',*,*,#2609,.F.);
#850=ORIENTED_EDGE('',*,*,#2610,.F.);
#851=ORIENTED_EDGE('',*,*,#2611,.F.);
#852=ORIENTED_EDGE('',*,*,#2612,.F.);
#853=ORIENTED_EDGE('',*,*,#2613,.F.);
#854=ORIENTED_EDGE('',*,*,#2614,.F.);
#855=ORIENTED_EDGE('',*,*,#2615,.F.);
#856=ORIENTED_EDGE('',*,*,#2616,.F.);
#857=ORIENTED_EDGE('',*,*,#2617,.F.);
#858=ORIENTED_EDGE('',*,*,#2618,.F.);
#859=ORIENTED_EDGE('',*,*,#2619,.F.);
#860=ORIENTED_EDGE('',*,*,#2620,.F.);
#861=ORIENTED_EDGE('',*,*,#2621,.F.);
#862=ORIENTED_EDGE('',*,*,#2622,.F.);
#863=ORIENTED_EDGE('',*,*,#2623,.F.);
#864=ORIENTED_EDGE('',*,*,#2624,.F.);
#865=ORIENTED_EDGE('',*,*,#2625,.F.);
#866=ORIENTED_EDGE('',*,*,#2626,.F.);
#867=ORIENTED_EDGE('',*,*,#2627,.F.);
#868=ORIENTED_EDGE('',*,*,#2628,.F.);
#869=ORIENTED_EDGE('',*,*,#2629,.F.);
#870=ORIENTED_EDGE('',*,*,#2630,.F.);
#871=ORIENTED_EDGE('',*,*,#2631,.F.);
#872=ORIENTED_EDGE('',*,*,#2632,.F.);
#873=ORIENTED_EDGE('',*,*,#2633,.F.);
#874=ORIENTED_EDGE('',*,*,#2634,.F.);
#875=ORIENTED_EDGE('',*,*,#2635,.F.);
#876=ORIENTED_EDGE('',*,*,#2636,.F.);
#877=ORIENTED_EDGE('',*,*,#2637,.F.);
#878=ORIENTED_EDGE('',*,*,#2638,.T.);
#879=ORIENTED_EDGE('',*,*,#2422,.T.);
#880=ORIENTED_EDGE('',*,*,#2639,.F.);
#881=ORIENTED_EDGE('',*,*,#2640,.F.);
#882=ORIENTED_EDGE('',*,*,#2641,.T.);
#883=ORIENTED_EDGE('',*,*,#2642,.F.);
#884=ORIENTED_EDGE('',*,*,#2643,.T.);
#885=ORIENTED_EDGE('',*,*,#2430,.T.);
#886=ORIENTED_EDGE('',*,*,#2644,.F.);
#887=ORIENTED_EDGE('',*,*,#2645,.F.);
#888=ORIENTED_EDGE('',*,*,#2646,.T.);
#889=ORIENTED_EDGE('',*,*,#2647,.F.);
#890=ORIENTED_EDGE('',*,*,#2648,.T.);
#891=ORIENTED_EDGE('',*,*,#2427,.T.);
#892=ORIENTED_EDGE('',*,*,#2649,.F.);
#893=ORIENTED_EDGE('',*,*,#2650,.F.);
#894=ORIENTED_EDGE('',*,*,#2651,.T.);
#895=ORIENTED_EDGE('',*,*,#2652,.F.);
#896=ORIENTED_EDGE('',*,*,#2653,.T.);
#897=ORIENTED_EDGE('',*,*,#2434,.T.);
#898=ORIENTED_EDGE('',*,*,#2654,.F.);
#899=ORIENTED_EDGE('',*,*,#2655,.F.);
#900=ORIENTED_EDGE('',*,*,#2656,.T.);
#901=ORIENTED_EDGE('',*,*,#2657,.F.);
#902=ORIENTED_EDGE('',*,*,#2658,.T.);
#903=ORIENTED_EDGE('',*,*,#2438,.T.);
#904=ORIENTED_EDGE('',*,*,#2659,.F.);
#905=ORIENTED_EDGE('',*,*,#2660,.F.);
#906=ORIENTED_EDGE('',*,*,#2661,.T.);
#907=ORIENTED_EDGE('',*,*,#2662,.F.);
#908=ORIENTED_EDGE('',*,*,#2663,.T.);
#909=ORIENTED_EDGE('',*,*,#2442,.T.);
#910=ORIENTED_EDGE('',*,*,#2664,.F.);
#911=ORIENTED_EDGE('',*,*,#2665,.F.);
#912=ORIENTED_EDGE('',*,*,#2666,.T.);
#913=ORIENTED_EDGE('',*,*,#2667,.F.);
#914=ORIENTED_EDGE('',*,*,#2668,.T.);
#915=ORIENTED_EDGE('',*,*,#2669,.T.);
#916=ORIENTED_EDGE('',*,*,#2670,.F.);
#917=ORIENTED_EDGE('',*,*,#2671,.F.);
#918=ORIENTED_EDGE('',*,*,#2672,.T.);
#919=ORIENTED_EDGE('',*,*,#2673,.F.);
#920=ORIENTED_EDGE('',*,*,#2674,.T.);
#921=ORIENTED_EDGE('',*,*,#2511,.T.);
#922=ORIENTED_EDGE('',*,*,#2675,.F.);
#923=ORIENTED_EDGE('',*,*,#2676,.F.);
#924=ORIENTED_EDGE('',*,*,#2677,.T.);
#925=ORIENTED_EDGE('',*,*,#2678,.F.);
#926=ORIENTED_EDGE('',*,*,#2679,.T.);
#927=ORIENTED_EDGE('',*,*,#2514,.T.);
#928=ORIENTED_EDGE('',*,*,#2680,.F.);
#929=ORIENTED_EDGE('',*,*,#2681,.F.);
#930=ORIENTED_EDGE('',*,*,#2682,.T.);
#931=ORIENTED_EDGE('',*,*,#2683,.F.);
#932=ORIENTED_EDGE('',*,*,#2684,.T.);
#933=ORIENTED_EDGE('',*,*,#2522,.T.);
#934=ORIENTED_EDGE('',*,*,#2685,.F.);
#935=ORIENTED_EDGE('',*,*,#2686,.F.);
#936=ORIENTED_EDGE('',*,*,#2687,.T.);
#937=ORIENTED_EDGE('',*,*,#2688,.F.);
#938=ORIENTED_EDGE('',*,*,#2689,.T.);
#939=ORIENTED_EDGE('',*,*,#2519,.T.);
#940=ORIENTED_EDGE('',*,*,#2690,.F.);
#941=ORIENTED_EDGE('',*,*,#2691,.F.);
#942=ORIENTED_EDGE('',*,*,#2692,.T.);
#943=ORIENTED_EDGE('',*,*,#2693,.F.);
#944=ORIENTED_EDGE('',*,*,#2694,.T.);
#945=ORIENTED_EDGE('',*,*,#2526,.T.);
#946=ORIENTED_EDGE('',*,*,#2695,.F.);
#947=ORIENTED_EDGE('',*,*,#2696,.F.);
#948=ORIENTED_EDGE('',*,*,#2697,.T.);
#949=ORIENTED_EDGE('',*,*,#2698,.F.);
#950=ORIENTED_EDGE('',*,*,#2699,.T.);
#951=ORIENTED_EDGE('',*,*,#2530,.T.);
#952=ORIENTED_EDGE('',*,*,#2700,.F.);
#953=ORIENTED_EDGE('',*,*,#2701,.F.);
#954=ORIENTED_EDGE('',*,*,#2702,.T.);
#955=ORIENTED_EDGE('',*,*,#2703,.F.);
#956=ORIENTED_EDGE('',*,*,#2704,.T.);
#957=ORIENTED_EDGE('',*,*,#2534,.T.);
#958=ORIENTED_EDGE('',*,*,#2705,.F.);
#959=ORIENTED_EDGE('',*,*,#2706,.F.);
#960=ORIENTED_EDGE('',*,*,#2707,.T.);
#961=ORIENTED_EDGE('',*,*,#2708,.F.);
#962=ORIENTED_EDGE('',*,*,#2709,.T.);
#963=ORIENTED_EDGE('',*,*,#2538,.T.);
#964=ORIENTED_EDGE('',*,*,#2710,.F.);
#965=ORIENTED_EDGE('',*,*,#2711,.F.);
#966=ORIENTED_EDGE('',*,*,#2712,.T.);
#967=ORIENTED_EDGE('',*,*,#2713,.F.);
#968=ORIENTED_EDGE('',*,*,#2714,.T.);
#969=ORIENTED_EDGE('',*,*,#2479,.T.);
#970=ORIENTED_EDGE('',*,*,#2715,.F.);
#971=ORIENTED_EDGE('',*,*,#2716,.F.);
#972=ORIENTED_EDGE('',*,*,#2717,.T.);
#973=ORIENTED_EDGE('',*,*,#2718,.F.);
#974=ORIENTED_EDGE('',*,*,#2719,.T.);
#975=ORIENTED_EDGE('',*,*,#2482,.T.);
#976=ORIENTED_EDGE('',*,*,#2720,.F.);
#977=ORIENTED_EDGE('',*,*,#2721,.F.);
#978=ORIENTED_EDGE('',*,*,#2722,.T.);
#979=ORIENTED_EDGE('',*,*,#2723,.F.);
#980=ORIENTED_EDGE('',*,*,#2724,.T.);
#981=ORIENTED_EDGE('',*,*,#2490,.T.);
#982=ORIENTED_EDGE('',*,*,#2725,.F.);
#983=ORIENTED_EDGE('',*,*,#2726,.F.);
#984=ORIENTED_EDGE('',*,*,#2727,.T.);
#985=ORIENTED_EDGE('',*,*,#2728,.F.);
#986=ORIENTED_EDGE('',*,*,#2729,.T.);
#987=ORIENTED_EDGE('',*,*,#2487,.T.);
#988=ORIENTED_EDGE('',*,*,#2730,.F.);
#989=ORIENTED_EDGE('',*,*,#2731,.F.);
#990=ORIENTED_EDGE('',*,*,#2732,.T.);
#991=ORIENTED_EDGE('',*,*,#2733,.F.);
#992=ORIENTED_EDGE('',*,*,#2734,.T.);
#993=ORIENTED_EDGE('',*,*,#2494,.T.);
#994=ORIENTED_EDGE('',*,*,#2735,.F.);
#995=ORIENTED_EDGE('',*,*,#2736,.F.);
#996=ORIENTED_EDGE('',*,*,#2737,.T.);
#997=ORIENTED_EDGE('',*,*,#2738,.F.);
#998=ORIENTED_EDGE('',*,*,#2739,.T.);
#999=ORIENTED_EDGE('',*,*,#2498,.T.);
#1000=ORIENTED_EDGE('',*,*,#2740,.F.);
#1001=ORIENTED_EDGE('',*,*,#2741,.F.);
#1002=ORIENTED_EDGE('',*,*,#2742,.T.);
#1003=ORIENTED_EDGE('',*,*,#2743,.F.);
#1004=ORIENTED_EDGE('',*,*,#2744,.T.);
#1005=ORIENTED_EDGE('',*,*,#2502,.T.);
#1006=ORIENTED_EDGE('',*,*,#2745,.F.);
#1007=ORIENTED_EDGE('',*,*,#2746,.F.);
#1008=ORIENTED_EDGE('',*,*,#2747,.T.);
#1009=ORIENTED_EDGE('',*,*,#2748,.F.);
#1010=ORIENTED_EDGE('',*,*,#2749,.T.);
#1011=ORIENTED_EDGE('',*,*,#2506,.T.);
#1012=ORIENTED_EDGE('',*,*,#2750,.F.);
#1013=ORIENTED_EDGE('',*,*,#2751,.F.);
#1014=ORIENTED_EDGE('',*,*,#2752,.T.);
#1015=ORIENTED_EDGE('',*,*,#2753,.F.);
#1016=ORIENTED_EDGE('',*,*,#2754,.T.);
#1017=ORIENTED_EDGE('',*,*,#2447,.T.);
#1018=ORIENTED_EDGE('',*,*,#2755,.F.);
#1019=ORIENTED_EDGE('',*,*,#2756,.F.);
#1020=ORIENTED_EDGE('',*,*,#2757,.T.);
#1021=ORIENTED_EDGE('',*,*,#2758,.F.);
#1022=ORIENTED_EDGE('',*,*,#2759,.T.);
#1023=ORIENTED_EDGE('',*,*,#2450,.T.);
#1024=ORIENTED_EDGE('',*,*,#2760,.F.);
#1025=ORIENTED_EDGE('',*,*,#2761,.F.);
#1026=ORIENTED_EDGE('',*,*,#2762,.T.);
#1027=ORIENTED_EDGE('',*,*,#2763,.F.);
#1028=ORIENTED_EDGE('',*,*,#2764,.T.);
#1029=ORIENTED_EDGE('',*,*,#2458,.T.);
#1030=ORIENTED_EDGE('',*,*,#2765,.F.);
#1031=ORIENTED_EDGE('',*,*,#2766,.F.);
#1032=ORIENTED_EDGE('',*,*,#2767,.T.);
#1033=ORIENTED_EDGE('',*,*,#2768,.F.);
#1034=ORIENTED_EDGE('',*,*,#2769,.T.);
#1035=ORIENTED_EDGE('',*,*,#2455,.T.);
#1036=ORIENTED_EDGE('',*,*,#2770,.F.);
#1037=ORIENTED_EDGE('',*,*,#2771,.F.);
#1038=ORIENTED_EDGE('',*,*,#2772,.T.);
#1039=ORIENTED_EDGE('',*,*,#2773,.F.);
#1040=ORIENTED_EDGE('',*,*,#2774,.T.);
#1041=ORIENTED_EDGE('',*,*,#2462,.T.);
#1042=ORIENTED_EDGE('',*,*,#2775,.F.);
#1043=ORIENTED_EDGE('',*,*,#2776,.F.);
#1044=ORIENTED_EDGE('',*,*,#2777,.T.);
#1045=ORIENTED_EDGE('',*,*,#2778,.F.);
#1046=ORIENTED_EDGE('',*,*,#2779,.T.);
#1047=ORIENTED_EDGE('',*,*,#2466,.T.);
#1048=ORIENTED_EDGE('',*,*,#2780,.F.);
#1049=ORIENTED_EDGE('',*,*,#2781,.F.);
#1050=ORIENTED_EDGE('',*,*,#2782,.T.);
#1051=ORIENTED_EDGE('',*,*,#2783,.F.);
#1052=ORIENTED_EDGE('',*,*,#2784,.T.);
#1053=ORIENTED_EDGE('',*,*,#2470,.T.);
#1054=ORIENTED_EDGE('',*,*,#2785,.F.);
#1055=ORIENTED_EDGE('',*,*,#2786,.F.);
#1056=ORIENTED_EDGE('',*,*,#2787,.T.);
#1057=ORIENTED_EDGE('',*,*,#2788,.F.);
#1058=ORIENTED_EDGE('',*,*,#2789,.T.);
#1059=ORIENTED_EDGE('',*,*,#2474,.T.);
#1060=ORIENTED_EDGE('',*,*,#2790,.F.);
#1061=ORIENTED_EDGE('',*,*,#2791,.F.);
#1062=ORIENTED_EDGE('',*,*,#2792,.T.);
#1063=ORIENTED_EDGE('',*,*,#2793,.F.);
#1064=ORIENTED_EDGE('',*,*,#2794,.T.);
#1065=ORIENTED_EDGE('',*,*,#2419,.T.);
#1066=ORIENTED_EDGE('',*,*,#2795,.F.);
#1067=ORIENTED_EDGE('',*,*,#2796,.F.);
#1068=ORIENTED_EDGE('',*,*,#2797,.T.);
#1069=ORIENTED_EDGE('',*,*,#2669,.F.);
#1070=ORIENTED_EDGE('',*,*,#2798,.T.);
#1071=ORIENTED_EDGE('',*,*,#2799,.T.);
#1072=ORIENTED_EDGE('',*,*,#2800,.F.);
#1073=ORIENTED_EDGE('',*,*,#2801,.F.);
#1074=ORIENTED_EDGE('',*,*,#2802,.F.);
#1075=ORIENTED_EDGE('',*,*,#2803,.T.);
#1076=ORIENTED_EDGE('',*,*,#2421,.F.);
#1077=ORIENTED_EDGE('',*,*,#2804,.F.);
#1078=ORIENTED_EDGE('',*,*,#2805,.F.);
#1079=ORIENTED_EDGE('',*,*,#2806,.F.);
#1080=ORIENTED_EDGE('',*,*,#2807,.F.);
#1081=ORIENTED_EDGE('',*,*,#2808,.T.);
#1082=ORIENTED_EDGE('',*,*,#2476,.F.);
#1083=ORIENTED_EDGE('',*,*,#2809,.F.);
#1084=ORIENTED_EDGE('',*,*,#2810,.F.);
#1085=ORIENTED_EDGE('',*,*,#2811,.F.);
#1086=ORIENTED_EDGE('',*,*,#2812,.F.);
#1087=ORIENTED_EDGE('',*,*,#2813,.T.);
#1088=ORIENTED_EDGE('',*,*,#2472,.F.);
#1089=ORIENTED_EDGE('',*,*,#2814,.F.);
#1090=ORIENTED_EDGE('',*,*,#2815,.F.);
#1091=ORIENTED_EDGE('',*,*,#2816,.F.);
#1092=ORIENTED_EDGE('',*,*,#2817,.F.);
#1093=ORIENTED_EDGE('',*,*,#2818,.T.);
#1094=ORIENTED_EDGE('',*,*,#2468,.F.);
#1095=ORIENTED_EDGE('',*,*,#2819,.F.);
#1096=ORIENTED_EDGE('',*,*,#2820,.F.);
#1097=ORIENTED_EDGE('',*,*,#2821,.F.);
#1098=ORIENTED_EDGE('',*,*,#2822,.F.);
#1099=ORIENTED_EDGE('',*,*,#2823,.T.);
#1100=ORIENTED_EDGE('',*,*,#2464,.F.);
#1101=ORIENTED_EDGE('',*,*,#2824,.F.);
#1102=ORIENTED_EDGE('',*,*,#2825,.F.);
#1103=ORIENTED_EDGE('',*,*,#2826,.F.);
#1104=ORIENTED_EDGE('',*,*,#2827,.F.);
#1105=ORIENTED_EDGE('',*,*,#2828,.T.);
#1106=ORIENTED_EDGE('',*,*,#2457,.F.);
#1107=ORIENTED_EDGE('',*,*,#2829,.F.);
#1108=ORIENTED_EDGE('',*,*,#2830,.F.);
#1109=ORIENTED_EDGE('',*,*,#2831,.F.);
#1110=ORIENTED_EDGE('',*,*,#2832,.F.);
#1111=ORIENTED_EDGE('',*,*,#2833,.T.);
#1112=ORIENTED_EDGE('',*,*,#2460,.F.);
#1113=ORIENTED_EDGE('',*,*,#2834,.F.);
#1114=ORIENTED_EDGE('',*,*,#2835,.F.);
#1115=ORIENTED_EDGE('',*,*,#2836,.F.);
#1116=ORIENTED_EDGE('',*,*,#2837,.F.);
#1117=ORIENTED_EDGE('',*,*,#2838,.T.);
#1118=ORIENTED_EDGE('',*,*,#2452,.F.);
#1119=ORIENTED_EDGE('',*,*,#2839,.F.);
#1120=ORIENTED_EDGE('',*,*,#2840,.F.);
#1121=ORIENTED_EDGE('',*,*,#2841,.F.);
#1122=ORIENTED_EDGE('',*,*,#2842,.F.);
#1123=ORIENTED_EDGE('',*,*,#2843,.T.);
#1124=ORIENTED_EDGE('',*,*,#2449,.F.);
#1125=ORIENTED_EDGE('',*,*,#2844,.F.);
#1126=ORIENTED_EDGE('',*,*,#2845,.F.);
#1127=ORIENTED_EDGE('',*,*,#2846,.F.);
#1128=ORIENTED_EDGE('',*,*,#2847,.F.);
#1129=ORIENTED_EDGE('',*,*,#2848,.T.);
#1130=ORIENTED_EDGE('',*,*,#2508,.F.);
#1131=ORIENTED_EDGE('',*,*,#2849,.F.);
#1132=ORIENTED_EDGE('',*,*,#2850,.F.);
#1133=ORIENTED_EDGE('',*,*,#2851,.F.);
#1134=ORIENTED_EDGE('',*,*,#2852,.F.);
#1135=ORIENTED_EDGE('',*,*,#2853,.T.);
#1136=ORIENTED_EDGE('',*,*,#2504,.F.);
#1137=ORIENTED_EDGE('',*,*,#2854,.F.);
#1138=ORIENTED_EDGE('',*,*,#2855,.F.);
#1139=ORIENTED_EDGE('',*,*,#2856,.F.);
#1140=ORIENTED_EDGE('',*,*,#2857,.F.);
#1141=ORIENTED_EDGE('',*,*,#2858,.T.);
#1142=ORIENTED_EDGE('',*,*,#2500,.F.);
#1143=ORIENTED_EDGE('',*,*,#2859,.F.);
#1144=ORIENTED_EDGE('',*,*,#2860,.F.);
#1145=ORIENTED_EDGE('',*,*,#2861,.F.);
#1146=ORIENTED_EDGE('',*,*,#2862,.F.);
#1147=ORIENTED_EDGE('',*,*,#2863,.T.);
#1148=ORIENTED_EDGE('',*,*,#2496,.F.);
#1149=ORIENTED_EDGE('',*,*,#2864,.F.);
#1150=ORIENTED_EDGE('',*,*,#2865,.F.);
#1151=ORIENTED_EDGE('',*,*,#2866,.F.);
#1152=ORIENTED_EDGE('',*,*,#2867,.F.);
#1153=ORIENTED_EDGE('',*,*,#2868,.T.);
#1154=ORIENTED_EDGE('',*,*,#2489,.F.);
#1155=ORIENTED_EDGE('',*,*,#2869,.F.);
#1156=ORIENTED_EDGE('',*,*,#2870,.F.);
#1157=ORIENTED_EDGE('',*,*,#2871,.F.);
#1158=ORIENTED_EDGE('',*,*,#2872,.F.);
#1159=ORIENTED_EDGE('',*,*,#2873,.T.);
#1160=ORIENTED_EDGE('',*,*,#2492,.F.);
#1161=ORIENTED_EDGE('',*,*,#2874,.F.);
#1162=ORIENTED_EDGE('',*,*,#2875,.F.);
#1163=ORIENTED_EDGE('',*,*,#2876,.F.);
#1164=ORIENTED_EDGE('',*,*,#2877,.F.);
#1165=ORIENTED_EDGE('',*,*,#2878,.T.);
#1166=ORIENTED_EDGE('',*,*,#2484,.F.);
#1167=ORIENTED_EDGE('',*,*,#2879,.F.);
#1168=ORIENTED_EDGE('',*,*,#2880,.F.);
#1169=ORIENTED_EDGE('',*,*,#2881,.F.);
#1170=ORIENTED_EDGE('',*,*,#2882,.F.);
#1171=ORIENTED_EDGE('',*,*,#2883,.T.);
#1172=ORIENTED_EDGE('',*,*,#2481,.F.);
#1173=ORIENTED_EDGE('',*,*,#2884,.F.);
#1174=ORIENTED_EDGE('',*,*,#2885,.F.);
#1175=ORIENTED_EDGE('',*,*,#2886,.F.);
#1176=ORIENTED_EDGE('',*,*,#2887,.F.);
#1177=ORIENTED_EDGE('',*,*,#2888,.T.);
#1178=ORIENTED_EDGE('',*,*,#2540,.F.);
#1179=ORIENTED_EDGE('',*,*,#2889,.F.);
#1180=ORIENTED_EDGE('',*,*,#2890,.F.);
#1181=ORIENTED_EDGE('',*,*,#2891,.F.);
#1182=ORIENTED_EDGE('',*,*,#2892,.F.);
#1183=ORIENTED_EDGE('',*,*,#2893,.T.);
#1184=ORIENTED_EDGE('',*,*,#2536,.F.);
#1185=ORIENTED_EDGE('',*,*,#2894,.F.);
#1186=ORIENTED_EDGE('',*,*,#2895,.F.);
#1187=ORIENTED_EDGE('',*,*,#2896,.F.);
#1188=ORIENTED_EDGE('',*,*,#2897,.F.);
#1189=ORIENTED_EDGE('',*,*,#2898,.T.);
#1190=ORIENTED_EDGE('',*,*,#2532,.F.);
#1191=ORIENTED_EDGE('',*,*,#2899,.F.);
#1192=ORIENTED_EDGE('',*,*,#2900,.F.);
#1193=ORIENTED_EDGE('',*,*,#2901,.F.);
#1194=ORIENTED_EDGE('',*,*,#2902,.F.);
#1195=ORIENTED_EDGE('',*,*,#2903,.T.);
#1196=ORIENTED_EDGE('',*,*,#2528,.F.);
#1197=ORIENTED_EDGE('',*,*,#2904,.F.);
#1198=ORIENTED_EDGE('',*,*,#2905,.F.);
#1199=ORIENTED_EDGE('',*,*,#2906,.F.);
#1200=ORIENTED_EDGE('',*,*,#2907,.F.);
#1201=ORIENTED_EDGE('',*,*,#2908,.T.);
#1202=ORIENTED_EDGE('',*,*,#2521,.F.);
#1203=ORIENTED_EDGE('',*,*,#2909,.F.);
#1204=ORIENTED_EDGE('',*,*,#2910,.F.);
#1205=ORIENTED_EDGE('',*,*,#2911,.F.);
#1206=ORIENTED_EDGE('',*,*,#2912,.F.);
#1207=ORIENTED_EDGE('',*,*,#2913,.T.);
#1208=ORIENTED_EDGE('',*,*,#2524,.F.);
#1209=ORIENTED_EDGE('',*,*,#2914,.F.);
#1210=ORIENTED_EDGE('',*,*,#2915,.F.);
#1211=ORIENTED_EDGE('',*,*,#2916,.F.);
#1212=ORIENTED_EDGE('',*,*,#2917,.F.);
#1213=ORIENTED_EDGE('',*,*,#2918,.T.);
#1214=ORIENTED_EDGE('',*,*,#2516,.F.);
#1215=ORIENTED_EDGE('',*,*,#2919,.F.);
#1216=ORIENTED_EDGE('',*,*,#2920,.F.);
#1217=ORIENTED_EDGE('',*,*,#2921,.F.);
#1218=ORIENTED_EDGE('',*,*,#2922,.F.);
#1219=ORIENTED_EDGE('',*,*,#2923,.T.);
#1220=ORIENTED_EDGE('',*,*,#2513,.F.);
#1221=ORIENTED_EDGE('',*,*,#2924,.F.);
#1222=ORIENTED_EDGE('',*,*,#2925,.F.);
#1223=ORIENTED_EDGE('',*,*,#2926,.F.);
#1224=ORIENTED_EDGE('',*,*,#2927,.F.);
#1225=ORIENTED_EDGE('',*,*,#2928,.T.);
#1226=ORIENTED_EDGE('',*,*,#2799,.F.);
#1227=ORIENTED_EDGE('',*,*,#2929,.F.);
#1228=ORIENTED_EDGE('',*,*,#2930,.F.);
#1229=ORIENTED_EDGE('',*,*,#2931,.F.);
#1230=ORIENTED_EDGE('',*,*,#2932,.F.);
#1231=ORIENTED_EDGE('',*,*,#2933,.T.);
#1232=ORIENTED_EDGE('',*,*,#2444,.F.);
#1233=ORIENTED_EDGE('',*,*,#2934,.F.);
#1234=ORIENTED_EDGE('',*,*,#2935,.F.);
#1235=ORIENTED_EDGE('',*,*,#2936,.F.);
#1236=ORIENTED_EDGE('',*,*,#2937,.F.);
#1237=ORIENTED_EDGE('',*,*,#2938,.T.);
#1238=ORIENTED_EDGE('',*,*,#2440,.F.);
#1239=ORIENTED_EDGE('',*,*,#2939,.F.);
#1240=ORIENTED_EDGE('',*,*,#2940,.F.);
#1241=ORIENTED_EDGE('',*,*,#2941,.F.);
#1242=ORIENTED_EDGE('',*,*,#2942,.F.);
#1243=ORIENTED_EDGE('',*,*,#2943,.T.);
#1244=ORIENTED_EDGE('',*,*,#2436,.F.);
#1245=ORIENTED_EDGE('',*,*,#2944,.F.);
#1246=ORIENTED_EDGE('',*,*,#2945,.F.);
#1247=ORIENTED_EDGE('',*,*,#2946,.F.);
#1248=ORIENTED_EDGE('',*,*,#2947,.F.);
#1249=ORIENTED_EDGE('',*,*,#2948,.T.);
#1250=ORIENTED_EDGE('',*,*,#2429,.F.);
#1251=ORIENTED_EDGE('',*,*,#2949,.F.);
#1252=ORIENTED_EDGE('',*,*,#2950,.F.);
#1253=ORIENTED_EDGE('',*,*,#2951,.F.);
#1254=ORIENTED_EDGE('',*,*,#2952,.F.);
#1255=ORIENTED_EDGE('',*,*,#2953,.T.);
#1256=ORIENTED_EDGE('',*,*,#2432,.F.);
#1257=ORIENTED_EDGE('',*,*,#2954,.F.);
#1258=ORIENTED_EDGE('',*,*,#2955,.F.);
#1259=ORIENTED_EDGE('',*,*,#2956,.F.);
#1260=ORIENTED_EDGE('',*,*,#2957,.F.);
#1261=ORIENTED_EDGE('',*,*,#2958,.T.);
#1262=ORIENTED_EDGE('',*,*,#2424,.F.);
#1263=ORIENTED_EDGE('',*,*,#2959,.F.);
#1264=ORIENTED_EDGE('',*,*,#2960,.F.);
#1265=ORIENTED_EDGE('',*,*,#2961,.F.);
#1266=ORIENTED_EDGE('',*,*,#2670,.T.);
#1267=ORIENTED_EDGE('',*,*,#2800,.T.);
#1268=ORIENTED_EDGE('',*,*,#2928,.F.);
#1269=ORIENTED_EDGE('',*,*,#2962,.F.);
#1270=ORIENTED_EDGE('',*,*,#2924,.T.);
#1271=ORIENTED_EDGE('',*,*,#2512,.F.);
#1272=ORIENTED_EDGE('',*,*,#2674,.F.);
#1273=ORIENTED_EDGE('',*,*,#2963,.F.);
#1274=ORIENTED_EDGE('',*,*,#2926,.T.);
#1275=ORIENTED_EDGE('',*,*,#2964,.F.);
#1276=ORIENTED_EDGE('',*,*,#2672,.F.);
#1277=ORIENTED_EDGE('',*,*,#2965,.F.);
#1278=ORIENTED_EDGE('',*,*,#2671,.T.);
#1279=ORIENTED_EDGE('',*,*,#2962,.T.);
#1280=ORIENTED_EDGE('',*,*,#2927,.T.);
#1281=ORIENTED_EDGE('',*,*,#2965,.T.);
#1282=ORIENTED_EDGE('',*,*,#2673,.T.);
#1283=ORIENTED_EDGE('',*,*,#2964,.T.);
#1284=ORIENTED_EDGE('',*,*,#2925,.T.);
#1285=ORIENTED_EDGE('',*,*,#2963,.T.);
#1286=ORIENTED_EDGE('',*,*,#2710,.T.);
#1287=ORIENTED_EDGE('',*,*,#2541,.T.);
#1288=ORIENTED_EDGE('',*,*,#2888,.F.);
#1289=ORIENTED_EDGE('',*,*,#2966,.F.);
#1290=ORIENTED_EDGE('',*,*,#2884,.T.);
#1291=ORIENTED_EDGE('',*,*,#2480,.F.);
#1292=ORIENTED_EDGE('',*,*,#2714,.F.);
#1293=ORIENTED_EDGE('',*,*,#2967,.F.);
#1294=ORIENTED_EDGE('',*,*,#2886,.T.);
#1295=ORIENTED_EDGE('',*,*,#2968,.F.);
#1296=ORIENTED_EDGE('',*,*,#2712,.F.);
#1297=ORIENTED_EDGE('',*,*,#2969,.F.);
#1298=ORIENTED_EDGE('',*,*,#2711,.T.);
#1299=ORIENTED_EDGE('',*,*,#2966,.T.);
#1300=ORIENTED_EDGE('',*,*,#2887,.T.);
#1301=ORIENTED_EDGE('',*,*,#2969,.T.);
#1302=ORIENTED_EDGE('',*,*,#2713,.T.);
#1303=ORIENTED_EDGE('',*,*,#2968,.T.);
#1304=ORIENTED_EDGE('',*,*,#2885,.T.);
#1305=ORIENTED_EDGE('',*,*,#2967,.T.);
#1306=ORIENTED_EDGE('',*,*,#2705,.T.);
#1307=ORIENTED_EDGE('',*,*,#2537,.T.);
#1308=ORIENTED_EDGE('',*,*,#2893,.F.);
#1309=ORIENTED_EDGE('',*,*,#2970,.F.);
#1310=ORIENTED_EDGE('',*,*,#2889,.T.);
#1311=ORIENTED_EDGE('',*,*,#2539,.F.);
#1312=ORIENTED_EDGE('',*,*,#2709,.F.);
#1313=ORIENTED_EDGE('',*,*,#2971,.F.);
#1314=ORIENTED_EDGE('',*,*,#2891,.T.);
#1315=ORIENTED_EDGE('',*,*,#2972,.F.);
#1316=ORIENTED_EDGE('',*,*,#2707,.F.);
#1317=ORIENTED_EDGE('',*,*,#2973,.F.);
#1318=ORIENTED_EDGE('',*,*,#2706,.T.);
#1319=ORIENTED_EDGE('',*,*,#2970,.T.);
#1320=ORIENTED_EDGE('',*,*,#2892,.T.);
#1321=ORIENTED_EDGE('',*,*,#2973,.T.);
#1322=ORIENTED_EDGE('',*,*,#2708,.T.);
#1323=ORIENTED_EDGE('',*,*,#2972,.T.);
#1324=ORIENTED_EDGE('',*,*,#2890,.T.);
#1325=ORIENTED_EDGE('',*,*,#2971,.T.);
#1326=ORIENTED_EDGE('',*,*,#2700,.T.);
#1327=ORIENTED_EDGE('',*,*,#2533,.T.);
#1328=ORIENTED_EDGE('',*,*,#2898,.F.);
#1329=ORIENTED_EDGE('',*,*,#2974,.F.);
#1330=ORIENTED_EDGE('',*,*,#2894,.T.);
#1331=ORIENTED_EDGE('',*,*,#2535,.F.);
#1332=ORIENTED_EDGE('',*,*,#2704,.F.);
#1333=ORIENTED_EDGE('',*,*,#2975,.F.);
#1334=ORIENTED_EDGE('',*,*,#2896,.T.);
#1335=ORIENTED_EDGE('',*,*,#2976,.F.);
#1336=ORIENTED_EDGE('',*,*,#2702,.F.);
#1337=ORIENTED_EDGE('',*,*,#2977,.F.);
#1338=ORIENTED_EDGE('',*,*,#2701,.T.);
#1339=ORIENTED_EDGE('',*,*,#2974,.T.);
#1340=ORIENTED_EDGE('',*,*,#2897,.T.);
#1341=ORIENTED_EDGE('',*,*,#2977,.T.);
#1342=ORIENTED_EDGE('',*,*,#2703,.T.);
#1343=ORIENTED_EDGE('',*,*,#2976,.T.);
#1344=ORIENTED_EDGE('',*,*,#2895,.T.);
#1345=ORIENTED_EDGE('',*,*,#2975,.T.);
#1346=ORIENTED_EDGE('',*,*,#2695,.T.);
#1347=ORIENTED_EDGE('',*,*,#2529,.T.);
#1348=ORIENTED_EDGE('',*,*,#2903,.F.);
#1349=ORIENTED_EDGE('',*,*,#2978,.F.);
#1350=ORIENTED_EDGE('',*,*,#2899,.T.);
#1351=ORIENTED_EDGE('',*,*,#2531,.F.);
#1352=ORIENTED_EDGE('',*,*,#2699,.F.);
#1353=ORIENTED_EDGE('',*,*,#2979,.F.);
#1354=ORIENTED_EDGE('',*,*,#2901,.T.);
#1355=ORIENTED_EDGE('',*,*,#2980,.F.);
#1356=ORIENTED_EDGE('',*,*,#2697,.F.);
#1357=ORIENTED_EDGE('',*,*,#2981,.F.);
#1358=ORIENTED_EDGE('',*,*,#2696,.T.);
#1359=ORIENTED_EDGE('',*,*,#2978,.T.);
#1360=ORIENTED_EDGE('',*,*,#2902,.T.);
#1361=ORIENTED_EDGE('',*,*,#2981,.T.);
#1362=ORIENTED_EDGE('',*,*,#2698,.T.);
#1363=ORIENTED_EDGE('',*,*,#2980,.T.);
#1364=ORIENTED_EDGE('',*,*,#2900,.T.);
#1365=ORIENTED_EDGE('',*,*,#2979,.T.);
#1366=ORIENTED_EDGE('',*,*,#2685,.T.);
#1367=ORIENTED_EDGE('',*,*,#2525,.T.);
#1368=ORIENTED_EDGE('',*,*,#2913,.F.);
#1369=ORIENTED_EDGE('',*,*,#2982,.F.);
#1370=ORIENTED_EDGE('',*,*,#2909,.T.);
#1371=ORIENTED_EDGE('',*,*,#2520,.F.);
#1372=ORIENTED_EDGE('',*,*,#2689,.F.);
#1373=ORIENTED_EDGE('',*,*,#2983,.F.);
#1374=ORIENTED_EDGE('',*,*,#2911,.T.);
#1375=ORIENTED_EDGE('',*,*,#2984,.F.);
#1376=ORIENTED_EDGE('',*,*,#2687,.F.);
#1377=ORIENTED_EDGE('',*,*,#2985,.F.);
#1378=ORIENTED_EDGE('',*,*,#2686,.T.);
#1379=ORIENTED_EDGE('',*,*,#2982,.T.);
#1380=ORIENTED_EDGE('',*,*,#2912,.T.);
#1381=ORIENTED_EDGE('',*,*,#2985,.T.);
#1382=ORIENTED_EDGE('',*,*,#2688,.T.);
#1383=ORIENTED_EDGE('',*,*,#2984,.T.);
#1384=ORIENTED_EDGE('',*,*,#2910,.T.);
#1385=ORIENTED_EDGE('',*,*,#2983,.T.);
#1386=ORIENTED_EDGE('',*,*,#2690,.T.);
#1387=ORIENTED_EDGE('',*,*,#2518,.T.);
#1388=ORIENTED_EDGE('',*,*,#2908,.F.);
#1389=ORIENTED_EDGE('',*,*,#2986,.F.);
#1390=ORIENTED_EDGE('',*,*,#2904,.T.);
#1391=ORIENTED_EDGE('',*,*,#2527,.F.);
#1392=ORIENTED_EDGE('',*,*,#2694,.F.);
#1393=ORIENTED_EDGE('',*,*,#2987,.F.);
#1394=ORIENTED_EDGE('',*,*,#2906,.T.);
#1395=ORIENTED_EDGE('',*,*,#2988,.F.);
#1396=ORIENTED_EDGE('',*,*,#2692,.F.);
#1397=ORIENTED_EDGE('',*,*,#2989,.F.);
#1398=ORIENTED_EDGE('',*,*,#2691,.T.);
#1399=ORIENTED_EDGE('',*,*,#2986,.T.);
#1400=ORIENTED_EDGE('',*,*,#2907,.T.);
#1401=ORIENTED_EDGE('',*,*,#2989,.T.);
#1402=ORIENTED_EDGE('',*,*,#2693,.T.);
#1403=ORIENTED_EDGE('',*,*,#2988,.T.);
#1404=ORIENTED_EDGE('',*,*,#2905,.T.);
#1405=ORIENTED_EDGE('',*,*,#2987,.T.);
#1406=ORIENTED_EDGE('',*,*,#2680,.T.);
#1407=ORIENTED_EDGE('',*,*,#2517,.T.);
#1408=ORIENTED_EDGE('',*,*,#2918,.F.);
#1409=ORIENTED_EDGE('',*,*,#2990,.F.);
#1410=ORIENTED_EDGE('',*,*,#2914,.T.);
#1411=ORIENTED_EDGE('',*,*,#2523,.F.);
#1412=ORIENTED_EDGE('',*,*,#2684,.F.);
#1413=ORIENTED_EDGE('',*,*,#2991,.F.);
#1414=ORIENTED_EDGE('',*,*,#2916,.T.);
#1415=ORIENTED_EDGE('',*,*,#2992,.F.);
#1416=ORIENTED_EDGE('',*,*,#2682,.F.);
#1417=ORIENTED_EDGE('',*,*,#2993,.F.);
#1418=ORIENTED_EDGE('',*,*,#2681,.T.);
#1419=ORIENTED_EDGE('',*,*,#2990,.T.);
#1420=ORIENTED_EDGE('',*,*,#2917,.T.);
#1421=ORIENTED_EDGE('',*,*,#2993,.T.);
#1422=ORIENTED_EDGE('',*,*,#2683,.T.);
#1423=ORIENTED_EDGE('',*,*,#2992,.T.);
#1424=ORIENTED_EDGE('',*,*,#2915,.T.);
#1425=ORIENTED_EDGE('',*,*,#2991,.T.);
#1426=ORIENTED_EDGE('',*,*,#2675,.T.);
#1427=ORIENTED_EDGE('',*,*,#2510,.T.);
#1428=ORIENTED_EDGE('',*,*,#2923,.F.);
#1429=ORIENTED_EDGE('',*,*,#2994,.F.);
#1430=ORIENTED_EDGE('',*,*,#2919,.T.);
#1431=ORIENTED_EDGE('',*,*,#2515,.F.);
#1432=ORIENTED_EDGE('',*,*,#2679,.F.);
#1433=ORIENTED_EDGE('',*,*,#2995,.F.);
#1434=ORIENTED_EDGE('',*,*,#2921,.T.);
#1435=ORIENTED_EDGE('',*,*,#2996,.F.);
#1436=ORIENTED_EDGE('',*,*,#2677,.F.);
#1437=ORIENTED_EDGE('',*,*,#2997,.F.);
#1438=ORIENTED_EDGE('',*,*,#2676,.T.);
#1439=ORIENTED_EDGE('',*,*,#2994,.T.);
#1440=ORIENTED_EDGE('',*,*,#2922,.T.);
#1441=ORIENTED_EDGE('',*,*,#2997,.T.);
#1442=ORIENTED_EDGE('',*,*,#2678,.T.);
#1443=ORIENTED_EDGE('',*,*,#2996,.T.);
#1444=ORIENTED_EDGE('',*,*,#2920,.T.);
#1445=ORIENTED_EDGE('',*,*,#2995,.T.);
#1446=ORIENTED_EDGE('',*,*,#2750,.T.);
#1447=ORIENTED_EDGE('',*,*,#2509,.T.);
#1448=ORIENTED_EDGE('',*,*,#2848,.F.);
#1449=ORIENTED_EDGE('',*,*,#2998,.F.);
#1450=ORIENTED_EDGE('',*,*,#2844,.T.);
#1451=ORIENTED_EDGE('',*,*,#2448,.F.);
#1452=ORIENTED_EDGE('',*,*,#2754,.F.);
#1453=ORIENTED_EDGE('',*,*,#2999,.F.);
#1454=ORIENTED_EDGE('',*,*,#2846,.T.);
#1455=ORIENTED_EDGE('',*,*,#3000,.F.);
#1456=ORIENTED_EDGE('',*,*,#2752,.F.);
#1457=ORIENTED_EDGE('',*,*,#3001,.F.);
#1458=ORIENTED_EDGE('',*,*,#2751,.T.);
#1459=ORIENTED_EDGE('',*,*,#2998,.T.);
#1460=ORIENTED_EDGE('',*,*,#2847,.T.);
#1461=ORIENTED_EDGE('',*,*,#3001,.T.);
#1462=ORIENTED_EDGE('',*,*,#2753,.T.);
#1463=ORIENTED_EDGE('',*,*,#3000,.T.);
#1464=ORIENTED_EDGE('',*,*,#2845,.T.);
#1465=ORIENTED_EDGE('',*,*,#2999,.T.);
#1466=ORIENTED_EDGE('',*,*,#2745,.T.);
#1467=ORIENTED_EDGE('',*,*,#2505,.T.);
#1468=ORIENTED_EDGE('',*,*,#2853,.F.);
#1469=ORIENTED_EDGE('',*,*,#3002,.F.);
#1470=ORIENTED_EDGE('',*,*,#2849,.T.);
#1471=ORIENTED_EDGE('',*,*,#2507,.F.);
#1472=ORIENTED_EDGE('',*,*,#2749,.F.);
#1473=ORIENTED_EDGE('',*,*,#3003,.F.);
#1474=ORIENTED_EDGE('',*,*,#2851,.T.);
#1475=ORIENTED_EDGE('',*,*,#3004,.F.);
#1476=ORIENTED_EDGE('',*,*,#2747,.F.);
#1477=ORIENTED_EDGE('',*,*,#3005,.F.);
#1478=ORIENTED_EDGE('',*,*,#2746,.T.);
#1479=ORIENTED_EDGE('',*,*,#3002,.T.);
#1480=ORIENTED_EDGE('',*,*,#2852,.T.);
#1481=ORIENTED_EDGE('',*,*,#3005,.T.);
#1482=ORIENTED_EDGE('',*,*,#2748,.T.);
#1483=ORIENTED_EDGE('',*,*,#3004,.T.);
#1484=ORIENTED_EDGE('',*,*,#2850,.T.);
#1485=ORIENTED_EDGE('',*,*,#3003,.T.);
#1486=ORIENTED_EDGE('',*,*,#2740,.T.);
#1487=ORIENTED_EDGE('',*,*,#2501,.T.);
#1488=ORIENTED_EDGE('',*,*,#2858,.F.);
#1489=ORIENTED_EDGE('',*,*,#3006,.F.);
#1490=ORIENTED_EDGE('',*,*,#2854,.T.);
#1491=ORIENTED_EDGE('',*,*,#2503,.F.);
#1492=ORIENTED_EDGE('',*,*,#2744,.F.);
#1493=ORIENTED_EDGE('',*,*,#3007,.F.);
#1494=ORIENTED_EDGE('',*,*,#2856,.T.);
#1495=ORIENTED_EDGE('',*,*,#3008,.F.);
#1496=ORIENTED_EDGE('',*,*,#2742,.F.);
#1497=ORIENTED_EDGE('',*,*,#3009,.F.);
#1498=ORIENTED_EDGE('',*,*,#2741,.T.);
#1499=ORIENTED_EDGE('',*,*,#3006,.T.);
#1500=ORIENTED_EDGE('',*,*,#2857,.T.);
#1501=ORIENTED_EDGE('',*,*,#3009,.T.);
#1502=ORIENTED_EDGE('',*,*,#2743,.T.);
#1503=ORIENTED_EDGE('',*,*,#3008,.T.);
#1504=ORIENTED_EDGE('',*,*,#2855,.T.);
#1505=ORIENTED_EDGE('',*,*,#3007,.T.);
#1506=ORIENTED_EDGE('',*,*,#2735,.T.);
#1507=ORIENTED_EDGE('',*,*,#2497,.T.);
#1508=ORIENTED_EDGE('',*,*,#2863,.F.);
#1509=ORIENTED_EDGE('',*,*,#3010,.F.);
#1510=ORIENTED_EDGE('',*,*,#2859,.T.);
#1511=ORIENTED_EDGE('',*,*,#2499,.F.);
#1512=ORIENTED_EDGE('',*,*,#2739,.F.);
#1513=ORIENTED_EDGE('',*,*,#3011,.F.);
#1514=ORIENTED_EDGE('',*,*,#2861,.T.);
#1515=ORIENTED_EDGE('',*,*,#3012,.F.);
#1516=ORIENTED_EDGE('',*,*,#2737,.F.);
#1517=ORIENTED_EDGE('',*,*,#3013,.F.);
#1518=ORIENTED_EDGE('',*,*,#2736,.T.);
#1519=ORIENTED_EDGE('',*,*,#3010,.T.);
#1520=ORIENTED_EDGE('',*,*,#2862,.T.);
#1521=ORIENTED_EDGE('',*,*,#3013,.T.);
#1522=ORIENTED_EDGE('',*,*,#2738,.T.);
#1523=ORIENTED_EDGE('',*,*,#3012,.T.);
#1524=ORIENTED_EDGE('',*,*,#2860,.T.);
#1525=ORIENTED_EDGE('',*,*,#3011,.T.);
#1526=ORIENTED_EDGE('',*,*,#2725,.T.);
#1527=ORIENTED_EDGE('',*,*,#2493,.T.);
#1528=ORIENTED_EDGE('',*,*,#2873,.F.);
#1529=ORIENTED_EDGE('',*,*,#3014,.F.);
#1530=ORIENTED_EDGE('',*,*,#2869,.T.);
#1531=ORIENTED_EDGE('',*,*,#2488,.F.);
#1532=ORIENTED_EDGE('',*,*,#2729,.F.);
#1533=ORIENTED_EDGE('',*,*,#3015,.F.);
#1534=ORIENTED_EDGE('',*,*,#2871,.T.);
#1535=ORIENTED_EDGE('',*,*,#3016,.F.);
#1536=ORIENTED_EDGE('',*,*,#2727,.F.);
#1537=ORIENTED_EDGE('',*,*,#3017,.F.);
#1538=ORIENTED_EDGE('',*,*,#2726,.T.);
#1539=ORIENTED_EDGE('',*,*,#3014,.T.);
#1540=ORIENTED_EDGE('',*,*,#2872,.T.);
#1541=ORIENTED_EDGE('',*,*,#3017,.T.);
#1542=ORIENTED_EDGE('',*,*,#2728,.T.);
#1543=ORIENTED_EDGE('',*,*,#3016,.T.);
#1544=ORIENTED_EDGE('',*,*,#2870,.T.);
#1545=ORIENTED_EDGE('',*,*,#3015,.T.);
#1546=ORIENTED_EDGE('',*,*,#2730,.T.);
#1547=ORIENTED_EDGE('',*,*,#2486,.T.);
#1548=ORIENTED_EDGE('',*,*,#2868,.F.);
#1549=ORIENTED_EDGE('',*,*,#3018,.F.);
#1550=ORIENTED_EDGE('',*,*,#2864,.T.);
#1551=ORIENTED_EDGE('',*,*,#2495,.F.);
#1552=ORIENTED_EDGE('',*,*,#2734,.F.);
#1553=ORIENTED_EDGE('',*,*,#3019,.F.);
#1554=ORIENTED_EDGE('',*,*,#2866,.T.);
#1555=ORIENTED_EDGE('',*,*,#3020,.F.);
#1556=ORIENTED_EDGE('',*,*,#2732,.F.);
#1557=ORIENTED_EDGE('',*,*,#3021,.F.);
#1558=ORIENTED_EDGE('',*,*,#2731,.T.);
#1559=ORIENTED_EDGE('',*,*,#3018,.T.);
#1560=ORIENTED_EDGE('',*,*,#2867,.T.);
#1561=ORIENTED_EDGE('',*,*,#3021,.T.);
#1562=ORIENTED_EDGE('',*,*,#2733,.T.);
#1563=ORIENTED_EDGE('',*,*,#3020,.T.);
#1564=ORIENTED_EDGE('',*,*,#2865,.T.);
#1565=ORIENTED_EDGE('',*,*,#3019,.T.);
#1566=ORIENTED_EDGE('',*,*,#2720,.T.);
#1567=ORIENTED_EDGE('',*,*,#2485,.T.);
#1568=ORIENTED_EDGE('',*,*,#2878,.F.);
#1569=ORIENTED_EDGE('',*,*,#3022,.F.);
#1570=ORIENTED_EDGE('',*,*,#2874,.T.);
#1571=ORIENTED_EDGE('',*,*,#2491,.F.);
#1572=ORIENTED_EDGE('',*,*,#2724,.F.);
#1573=ORIENTED_EDGE('',*,*,#3023,.F.);
#1574=ORIENTED_EDGE('',*,*,#2876,.T.);
#1575=ORIENTED_EDGE('',*,*,#3024,.F.);
#1576=ORIENTED_EDGE('',*,*,#2722,.F.);
#1577=ORIENTED_EDGE('',*,*,#3025,.F.);
#1578=ORIENTED_EDGE('',*,*,#2721,.T.);
#1579=ORIENTED_EDGE('',*,*,#3022,.T.);
#1580=ORIENTED_EDGE('',*,*,#2877,.T.);
#1581=ORIENTED_EDGE('',*,*,#3025,.T.);
#1582=ORIENTED_EDGE('',*,*,#2723,.T.);
#1583=ORIENTED_EDGE('',*,*,#3024,.T.);
#1584=ORIENTED_EDGE('',*,*,#2875,.T.);
#1585=ORIENTED_EDGE('',*,*,#3023,.T.);
#1586=ORIENTED_EDGE('',*,*,#2715,.T.);
#1587=ORIENTED_EDGE('',*,*,#2478,.T.);
#1588=ORIENTED_EDGE('',*,*,#2883,.F.);
#1589=ORIENTED_EDGE('',*,*,#3026,.F.);
#1590=ORIENTED_EDGE('',*,*,#2879,.T.);
#1591=ORIENTED_EDGE('',*,*,#2483,.F.);
#1592=ORIENTED_EDGE('',*,*,#2719,.F.);
#1593=ORIENTED_EDGE('',*,*,#3027,.F.);
#1594=ORIENTED_EDGE('',*,*,#2881,.T.);
#1595=ORIENTED_EDGE('',*,*,#3028,.F.);
#1596=ORIENTED_EDGE('',*,*,#2717,.F.);
#1597=ORIENTED_EDGE('',*,*,#3029,.F.);
#1598=ORIENTED_EDGE('',*,*,#2716,.T.);
#1599=ORIENTED_EDGE('',*,*,#3026,.T.);
#1600=ORIENTED_EDGE('',*,*,#2882,.T.);
#1601=ORIENTED_EDGE('',*,*,#3029,.T.);
#1602=ORIENTED_EDGE('',*,*,#2718,.T.);
#1603=ORIENTED_EDGE('',*,*,#3028,.T.);
#1604=ORIENTED_EDGE('',*,*,#2880,.T.);
#1605=ORIENTED_EDGE('',*,*,#3027,.T.);
#1606=ORIENTED_EDGE('',*,*,#2790,.T.);
#1607=ORIENTED_EDGE('',*,*,#2477,.T.);
#1608=ORIENTED_EDGE('',*,*,#2808,.F.);
#1609=ORIENTED_EDGE('',*,*,#3030,.F.);
#1610=ORIENTED_EDGE('',*,*,#2804,.T.);
#1611=ORIENTED_EDGE('',*,*,#2420,.F.);
#1612=ORIENTED_EDGE('',*,*,#2794,.F.);
#1613=ORIENTED_EDGE('',*,*,#3031,.F.);
#1614=ORIENTED_EDGE('',*,*,#2806,.T.);
#1615=ORIENTED_EDGE('',*,*,#3032,.F.);
#1616=ORIENTED_EDGE('',*,*,#2792,.F.);
#1617=ORIENTED_EDGE('',*,*,#3033,.F.);
#1618=ORIENTED_EDGE('',*,*,#2791,.T.);
#1619=ORIENTED_EDGE('',*,*,#3030,.T.);
#1620=ORIENTED_EDGE('',*,*,#2807,.T.);
#1621=ORIENTED_EDGE('',*,*,#3033,.T.);
#1622=ORIENTED_EDGE('',*,*,#2793,.T.);
#1623=ORIENTED_EDGE('',*,*,#3032,.T.);
#1624=ORIENTED_EDGE('',*,*,#2805,.T.);
#1625=ORIENTED_EDGE('',*,*,#3031,.T.);
#1626=ORIENTED_EDGE('',*,*,#2785,.T.);
#1627=ORIENTED_EDGE('',*,*,#2473,.T.);
#1628=ORIENTED_EDGE('',*,*,#2813,.F.);
#1629=ORIENTED_EDGE('',*,*,#3034,.F.);
#1630=ORIENTED_EDGE('',*,*,#2809,.T.);
#1631=ORIENTED_EDGE('',*,*,#2475,.F.);
#1632=ORIENTED_EDGE('',*,*,#2789,.F.);
#1633=ORIENTED_EDGE('',*,*,#3035,.F.);
#1634=ORIENTED_EDGE('',*,*,#2811,.T.);
#1635=ORIENTED_EDGE('',*,*,#3036,.F.);
#1636=ORIENTED_EDGE('',*,*,#2787,.F.);
#1637=ORIENTED_EDGE('',*,*,#3037,.F.);
#1638=ORIENTED_EDGE('',*,*,#2786,.T.);
#1639=ORIENTED_EDGE('',*,*,#3034,.T.);
#1640=ORIENTED_EDGE('',*,*,#2812,.T.);
#1641=ORIENTED_EDGE('',*,*,#3037,.T.);
#1642=ORIENTED_EDGE('',*,*,#2788,.T.);
#1643=ORIENTED_EDGE('',*,*,#3036,.T.);
#1644=ORIENTED_EDGE('',*,*,#2810,.T.);
#1645=ORIENTED_EDGE('',*,*,#3035,.T.);
#1646=ORIENTED_EDGE('',*,*,#2780,.T.);
#1647=ORIENTED_EDGE('',*,*,#2469,.T.);
#1648=ORIENTED_EDGE('',*,*,#2818,.F.);
#1649=ORIENTED_EDGE('',*,*,#3038,.F.);
#1650=ORIENTED_EDGE('',*,*,#2814,.T.);
#1651=ORIENTED_EDGE('',*,*,#2471,.F.);
#1652=ORIENTED_EDGE('',*,*,#2784,.F.);
#1653=ORIENTED_EDGE('',*,*,#3039,.F.);
#1654=ORIENTED_EDGE('',*,*,#2816,.T.);
#1655=ORIENTED_EDGE('',*,*,#3040,.F.);
#1656=ORIENTED_EDGE('',*,*,#2782,.F.);
#1657=ORIENTED_EDGE('',*,*,#3041,.F.);
#1658=ORIENTED_EDGE('',*,*,#2781,.T.);
#1659=ORIENTED_EDGE('',*,*,#3038,.T.);
#1660=ORIENTED_EDGE('',*,*,#2817,.T.);
#1661=ORIENTED_EDGE('',*,*,#3041,.T.);
#1662=ORIENTED_EDGE('',*,*,#2783,.T.);
#1663=ORIENTED_EDGE('',*,*,#3040,.T.);
#1664=ORIENTED_EDGE('',*,*,#2815,.T.);
#1665=ORIENTED_EDGE('',*,*,#3039,.T.);
#1666=ORIENTED_EDGE('',*,*,#2775,.T.);
#1667=ORIENTED_EDGE('',*,*,#2465,.T.);
#1668=ORIENTED_EDGE('',*,*,#2823,.F.);
#1669=ORIENTED_EDGE('',*,*,#3042,.F.);
#1670=ORIENTED_EDGE('',*,*,#2819,.T.);
#1671=ORIENTED_EDGE('',*,*,#2467,.F.);
#1672=ORIENTED_EDGE('',*,*,#2779,.F.);
#1673=ORIENTED_EDGE('',*,*,#3043,.F.);
#1674=ORIENTED_EDGE('',*,*,#2821,.T.);
#1675=ORIENTED_EDGE('',*,*,#3044,.F.);
#1676=ORIENTED_EDGE('',*,*,#2777,.F.);
#1677=ORIENTED_EDGE('',*,*,#3045,.F.);
#1678=ORIENTED_EDGE('',*,*,#2776,.T.);
#1679=ORIENTED_EDGE('',*,*,#3042,.T.);
#1680=ORIENTED_EDGE('',*,*,#2822,.T.);
#1681=ORIENTED_EDGE('',*,*,#3045,.T.);
#1682=ORIENTED_EDGE('',*,*,#2778,.T.);
#1683=ORIENTED_EDGE('',*,*,#3044,.T.);
#1684=ORIENTED_EDGE('',*,*,#2820,.T.);
#1685=ORIENTED_EDGE('',*,*,#3043,.T.);
#1686=ORIENTED_EDGE('',*,*,#2765,.T.);
#1687=ORIENTED_EDGE('',*,*,#2461,.T.);
#1688=ORIENTED_EDGE('',*,*,#2833,.F.);
#1689=ORIENTED_EDGE('',*,*,#3046,.F.);
#1690=ORIENTED_EDGE('',*,*,#2829,.T.);
#1691=ORIENTED_EDGE('',*,*,#2456,.F.);
#1692=ORIENTED_EDGE('',*,*,#2769,.F.);
#1693=ORIENTED_EDGE('',*,*,#3047,.F.);
#1694=ORIENTED_EDGE('',*,*,#2831,.T.);
#1695=ORIENTED_EDGE('',*,*,#3048,.F.);
#1696=ORIENTED_EDGE('',*,*,#2767,.F.);
#1697=ORIENTED_EDGE('',*,*,#3049,.F.);
#1698=ORIENTED_EDGE('',*,*,#2766,.T.);
#1699=ORIENTED_EDGE('',*,*,#3046,.T.);
#1700=ORIENTED_EDGE('',*,*,#2832,.T.);
#1701=ORIENTED_EDGE('',*,*,#3049,.T.);
#1702=ORIENTED_EDGE('',*,*,#2768,.T.);
#1703=ORIENTED_EDGE('',*,*,#3048,.T.);
#1704=ORIENTED_EDGE('',*,*,#2830,.T.);
#1705=ORIENTED_EDGE('',*,*,#3047,.T.);
#1706=ORIENTED_EDGE('',*,*,#2770,.T.);
#1707=ORIENTED_EDGE('',*,*,#2454,.T.);
#1708=ORIENTED_EDGE('',*,*,#2828,.F.);
#1709=ORIENTED_EDGE('',*,*,#3050,.F.);
#1710=ORIENTED_EDGE('',*,*,#2824,.T.);
#1711=ORIENTED_EDGE('',*,*,#2463,.F.);
#1712=ORIENTED_EDGE('',*,*,#2774,.F.);
#1713=ORIENTED_EDGE('',*,*,#3051,.F.);
#1714=ORIENTED_EDGE('',*,*,#2826,.T.);
#1715=ORIENTED_EDGE('',*,*,#3052,.F.);
#1716=ORIENTED_EDGE('',*,*,#2772,.F.);
#1717=ORIENTED_EDGE('',*,*,#3053,.F.);
#1718=ORIENTED_EDGE('',*,*,#2771,.T.);
#1719=ORIENTED_EDGE('',*,*,#3050,.T.);
#1720=ORIENTED_EDGE('',*,*,#2827,.T.);
#1721=ORIENTED_EDGE('',*,*,#3053,.T.);
#1722=ORIENTED_EDGE('',*,*,#2773,.T.);
#1723=ORIENTED_EDGE('',*,*,#3052,.T.);
#1724=ORIENTED_EDGE('',*,*,#2825,.T.);
#1725=ORIENTED_EDGE('',*,*,#3051,.T.);
#1726=ORIENTED_EDGE('',*,*,#2760,.T.);
#1727=ORIENTED_EDGE('',*,*,#2453,.T.);
#1728=ORIENTED_EDGE('',*,*,#2838,.F.);
#1729=ORIENTED_EDGE('',*,*,#3054,.F.);
#1730=ORIENTED_EDGE('',*,*,#2834,.T.);
#1731=ORIENTED_EDGE('',*,*,#2459,.F.);
#1732=ORIENTED_EDGE('',*,*,#2764,.F.);
#1733=ORIENTED_EDGE('',*,*,#3055,.F.);
#1734=ORIENTED_EDGE('',*,*,#2836,.T.);
#1735=ORIENTED_EDGE('',*,*,#3056,.F.);
#1736=ORIENTED_EDGE('',*,*,#2762,.F.);
#1737=ORIENTED_EDGE('',*,*,#3057,.F.);
#1738=ORIENTED_EDGE('',*,*,#2761,.T.);
#1739=ORIENTED_EDGE('',*,*,#3054,.T.);
#1740=ORIENTED_EDGE('',*,*,#2837,.T.);
#1741=ORIENTED_EDGE('',*,*,#3057,.T.);
#1742=ORIENTED_EDGE('',*,*,#2763,.T.);
#1743=ORIENTED_EDGE('',*,*,#3056,.T.);
#1744=ORIENTED_EDGE('',*,*,#2835,.T.);
#1745=ORIENTED_EDGE('',*,*,#3055,.T.);
#1746=ORIENTED_EDGE('',*,*,#2755,.T.);
#1747=ORIENTED_EDGE('',*,*,#2446,.T.);
#1748=ORIENTED_EDGE('',*,*,#2843,.F.);
#1749=ORIENTED_EDGE('',*,*,#3058,.F.);
#1750=ORIENTED_EDGE('',*,*,#2839,.T.);
#1751=ORIENTED_EDGE('',*,*,#2451,.F.);
#1752=ORIENTED_EDGE('',*,*,#2759,.F.);
#1753=ORIENTED_EDGE('',*,*,#3059,.F.);
#1754=ORIENTED_EDGE('',*,*,#2841,.T.);
#1755=ORIENTED_EDGE('',*,*,#3060,.F.);
#1756=ORIENTED_EDGE('',*,*,#2757,.F.);
#1757=ORIENTED_EDGE('',*,*,#3061,.F.);
#1758=ORIENTED_EDGE('',*,*,#2756,.T.);
#1759=ORIENTED_EDGE('',*,*,#3058,.T.);
#1760=ORIENTED_EDGE('',*,*,#2842,.T.);
#1761=ORIENTED_EDGE('',*,*,#3061,.T.);
#1762=ORIENTED_EDGE('',*,*,#2758,.T.);
#1763=ORIENTED_EDGE('',*,*,#3060,.T.);
#1764=ORIENTED_EDGE('',*,*,#2840,.T.);
#1765=ORIENTED_EDGE('',*,*,#3059,.T.);
#1766=ORIENTED_EDGE('',*,*,#2664,.T.);
#1767=ORIENTED_EDGE('',*,*,#2445,.T.);
#1768=ORIENTED_EDGE('',*,*,#2933,.F.);
#1769=ORIENTED_EDGE('',*,*,#3062,.F.);
#1770=ORIENTED_EDGE('',*,*,#2929,.T.);
#1771=ORIENTED_EDGE('',*,*,#2798,.F.);
#1772=ORIENTED_EDGE('',*,*,#2668,.F.);
#1773=ORIENTED_EDGE('',*,*,#3063,.F.);
#1774=ORIENTED_EDGE('',*,*,#2931,.T.);
#1775=ORIENTED_EDGE('',*,*,#3064,.F.);
#1776=ORIENTED_EDGE('',*,*,#2666,.F.);
#1777=ORIENTED_EDGE('',*,*,#3065,.F.);
#1778=ORIENTED_EDGE('',*,*,#2665,.T.);
#1779=ORIENTED_EDGE('',*,*,#3062,.T.);
#1780=ORIENTED_EDGE('',*,*,#2932,.T.);
#1781=ORIENTED_EDGE('',*,*,#3065,.T.);
#1782=ORIENTED_EDGE('',*,*,#2667,.T.);
#1783=ORIENTED_EDGE('',*,*,#3064,.T.);
#1784=ORIENTED_EDGE('',*,*,#2930,.T.);
#1785=ORIENTED_EDGE('',*,*,#3063,.T.);
#1786=ORIENTED_EDGE('',*,*,#2659,.T.);
#1787=ORIENTED_EDGE('',*,*,#2441,.T.);
#1788=ORIENTED_EDGE('',*,*,#2938,.F.);
#1789=ORIENTED_EDGE('',*,*,#3066,.F.);
#1790=ORIENTED_EDGE('',*,*,#2934,.T.);
#1791=ORIENTED_EDGE('',*,*,#2443,.F.);
#1792=ORIENTED_EDGE('',*,*,#2663,.F.);
#1793=ORIENTED_EDGE('',*,*,#3067,.F.);
#1794=ORIENTED_EDGE('',*,*,#2936,.T.);
#1795=ORIENTED_EDGE('',*,*,#3068,.F.);
#1796=ORIENTED_EDGE('',*,*,#2661,.F.);
#1797=ORIENTED_EDGE('',*,*,#3069,.F.);
#1798=ORIENTED_EDGE('',*,*,#2660,.T.);
#1799=ORIENTED_EDGE('',*,*,#3066,.T.);
#1800=ORIENTED_EDGE('',*,*,#2937,.T.);
#1801=ORIENTED_EDGE('',*,*,#3069,.T.);
#1802=ORIENTED_EDGE('',*,*,#2662,.T.);
#1803=ORIENTED_EDGE('',*,*,#3068,.T.);
#1804=ORIENTED_EDGE('',*,*,#2935,.T.);
#1805=ORIENTED_EDGE('',*,*,#3067,.T.);
#1806=ORIENTED_EDGE('',*,*,#2654,.T.);
#1807=ORIENTED_EDGE('',*,*,#2437,.T.);
#1808=ORIENTED_EDGE('',*,*,#2943,.F.);
#1809=ORIENTED_EDGE('',*,*,#3070,.F.);
#1810=ORIENTED_EDGE('',*,*,#2939,.T.);
#1811=ORIENTED_EDGE('',*,*,#2439,.F.);
#1812=ORIENTED_EDGE('',*,*,#2658,.F.);
#1813=ORIENTED_EDGE('',*,*,#3071,.F.);
#1814=ORIENTED_EDGE('',*,*,#2941,.T.);
#1815=ORIENTED_EDGE('',*,*,#3072,.F.);
#1816=ORIENTED_EDGE('',*,*,#2656,.F.);
#1817=ORIENTED_EDGE('',*,*,#3073,.F.);
#1818=ORIENTED_EDGE('',*,*,#2655,.T.);
#1819=ORIENTED_EDGE('',*,*,#3070,.T.);
#1820=ORIENTED_EDGE('',*,*,#2942,.T.);
#1821=ORIENTED_EDGE('',*,*,#3073,.T.);
#1822=ORIENTED_EDGE('',*,*,#2657,.T.);
#1823=ORIENTED_EDGE('',*,*,#3072,.T.);
#1824=ORIENTED_EDGE('',*,*,#2940,.T.);
#1825=ORIENTED_EDGE('',*,*,#3071,.T.);
#1826=ORIENTED_EDGE('',*,*,#2644,.T.);
#1827=ORIENTED_EDGE('',*,*,#2433,.T.);
#1828=ORIENTED_EDGE('',*,*,#2953,.F.);
#1829=ORIENTED_EDGE('',*,*,#3074,.F.);
#1830=ORIENTED_EDGE('',*,*,#2949,.T.);
#1831=ORIENTED_EDGE('',*,*,#2428,.F.);
#1832=ORIENTED_EDGE('',*,*,#2648,.F.);
#1833=ORIENTED_EDGE('',*,*,#3075,.F.);
#1834=ORIENTED_EDGE('',*,*,#2951,.T.);
#1835=ORIENTED_EDGE('',*,*,#3076,.F.);
#1836=ORIENTED_EDGE('',*,*,#2646,.F.);
#1837=ORIENTED_EDGE('',*,*,#3077,.F.);
#1838=ORIENTED_EDGE('',*,*,#2645,.T.);
#1839=ORIENTED_EDGE('',*,*,#3074,.T.);
#1840=ORIENTED_EDGE('',*,*,#2952,.T.);
#1841=ORIENTED_EDGE('',*,*,#3077,.T.);
#1842=ORIENTED_EDGE('',*,*,#2647,.T.);
#1843=ORIENTED_EDGE('',*,*,#3076,.T.);
#1844=ORIENTED_EDGE('',*,*,#2950,.T.);
#1845=ORIENTED_EDGE('',*,*,#3075,.T.);
#1846=ORIENTED_EDGE('',*,*,#2649,.T.);
#1847=ORIENTED_EDGE('',*,*,#2426,.T.);
#1848=ORIENTED_EDGE('',*,*,#2948,.F.);
#1849=ORIENTED_EDGE('',*,*,#3078,.F.);
#1850=ORIENTED_EDGE('',*,*,#2944,.T.);
#1851=ORIENTED_EDGE('',*,*,#2435,.F.);
#1852=ORIENTED_EDGE('',*,*,#2653,.F.);
#1853=ORIENTED_EDGE('',*,*,#3079,.F.);
#1854=ORIENTED_EDGE('',*,*,#2946,.T.);
#1855=ORIENTED_EDGE('',*,*,#3080,.F.);
#1856=ORIENTED_EDGE('',*,*,#2651,.F.);
#1857=ORIENTED_EDGE('',*,*,#3081,.F.);
#1858=ORIENTED_EDGE('',*,*,#2650,.T.);
#1859=ORIENTED_EDGE('',*,*,#3078,.T.);
#1860=ORIENTED_EDGE('',*,*,#2947,.T.);
#1861=ORIENTED_EDGE('',*,*,#3081,.T.);
#1862=ORIENTED_EDGE('',*,*,#2652,.T.);
#1863=ORIENTED_EDGE('',*,*,#3080,.T.);
#1864=ORIENTED_EDGE('',*,*,#2945,.T.);
#1865=ORIENTED_EDGE('',*,*,#3079,.T.);
#1866=ORIENTED_EDGE('',*,*,#2639,.T.);
#1867=ORIENTED_EDGE('',*,*,#2425,.T.);
#1868=ORIENTED_EDGE('',*,*,#2958,.F.);
#1869=ORIENTED_EDGE('',*,*,#3082,.F.);
#1870=ORIENTED_EDGE('',*,*,#2954,.T.);
#1871=ORIENTED_EDGE('',*,*,#2431,.F.);
#1872=ORIENTED_EDGE('',*,*,#2643,.F.);
#1873=ORIENTED_EDGE('',*,*,#3083,.F.);
#1874=ORIENTED_EDGE('',*,*,#2956,.T.);
#1875=ORIENTED_EDGE('',*,*,#3084,.F.);
#1876=ORIENTED_EDGE('',*,*,#2641,.F.);
#1877=ORIENTED_EDGE('',*,*,#3085,.F.);
#1878=ORIENTED_EDGE('',*,*,#2640,.T.);
#1879=ORIENTED_EDGE('',*,*,#3082,.T.);
#1880=ORIENTED_EDGE('',*,*,#2957,.T.);
#1881=ORIENTED_EDGE('',*,*,#3085,.T.);
#1882=ORIENTED_EDGE('',*,*,#2642,.T.);
#1883=ORIENTED_EDGE('',*,*,#3084,.T.);
#1884=ORIENTED_EDGE('',*,*,#2955,.T.);
#1885=ORIENTED_EDGE('',*,*,#3083,.T.);
#1886=ORIENTED_EDGE('',*,*,#2795,.T.);
#1887=ORIENTED_EDGE('',*,*,#2418,.T.);
#1888=ORIENTED_EDGE('',*,*,#2803,.F.);
#1889=ORIENTED_EDGE('',*,*,#3086,.F.);
#1890=ORIENTED_EDGE('',*,*,#2959,.T.);
#1891=ORIENTED_EDGE('',*,*,#2423,.F.);
#1892=ORIENTED_EDGE('',*,*,#2638,.F.);
#1893=ORIENTED_EDGE('',*,*,#3087,.F.);
#1894=ORIENTED_EDGE('',*,*,#2961,.T.);
#1895=ORIENTED_EDGE('',*,*,#3088,.F.);
#1896=ORIENTED_EDGE('',*,*,#2797,.F.);
#1897=ORIENTED_EDGE('',*,*,#3089,.F.);
#1898=ORIENTED_EDGE('',*,*,#2796,.T.);
#1899=ORIENTED_EDGE('',*,*,#3086,.T.);
#1900=ORIENTED_EDGE('',*,*,#2802,.T.);
#1901=ORIENTED_EDGE('',*,*,#3089,.T.);
#1902=ORIENTED_EDGE('',*,*,#2637,.T.);
#1903=ORIENTED_EDGE('',*,*,#3088,.T.);
#1904=ORIENTED_EDGE('',*,*,#2960,.T.);
#1905=ORIENTED_EDGE('',*,*,#3087,.T.);
#1906=ORIENTED_EDGE('',*,*,#3090,.F.);
#1907=ORIENTED_EDGE('',*,*,#2636,.T.);
#1908=ORIENTED_EDGE('',*,*,#3091,.F.);
#1909=ORIENTED_EDGE('',*,*,#3092,.F.);
#1910=ORIENTED_EDGE('',*,*,#3093,.F.);
#1911=ORIENTED_EDGE('',*,*,#3094,.F.);
#1912=ORIENTED_EDGE('',*,*,#3095,.F.);
#1913=ORIENTED_EDGE('',*,*,#3096,.F.);
#1914=ORIENTED_EDGE('',*,*,#3090,.T.);
#1915=ORIENTED_EDGE('',*,*,#3097,.F.);
#1916=ORIENTED_EDGE('',*,*,#2801,.T.);
#1917=ORIENTED_EDGE('',*,*,#3098,.F.);
#1918=ORIENTED_EDGE('',*,*,#3099,.F.);
#1919=ORIENTED_EDGE('',*,*,#3100,.F.);
#1920=ORIENTED_EDGE('',*,*,#3101,.F.);
#1921=ORIENTED_EDGE('',*,*,#3102,.F.);
#1922=ORIENTED_EDGE('',*,*,#3103,.F.);
#1923=ORIENTED_EDGE('',*,*,#3097,.T.);
#1924=ORIENTED_EDGE('',*,*,#3098,.T.);
#1925=ORIENTED_EDGE('',*,*,#3104,.T.);
#1926=ORIENTED_EDGE('',*,*,#3091,.T.);
#1927=ORIENTED_EDGE('',*,*,#3105,.F.);
#1928=ORIENTED_EDGE('',*,*,#3099,.T.);
#1929=ORIENTED_EDGE('',*,*,#3105,.T.);
#1930=ORIENTED_EDGE('',*,*,#3096,.T.);
#1931=ORIENTED_EDGE('',*,*,#3106,.F.);
#1932=ORIENTED_EDGE('',*,*,#3100,.T.);
#1933=ORIENTED_EDGE('',*,*,#3106,.T.);
#1934=ORIENTED_EDGE('',*,*,#3095,.T.);
#1935=ORIENTED_EDGE('',*,*,#3107,.F.);
#1936=ORIENTED_EDGE('',*,*,#3101,.T.);
#1937=ORIENTED_EDGE('',*,*,#3107,.T.);
#1938=ORIENTED_EDGE('',*,*,#3094,.T.);
#1939=ORIENTED_EDGE('',*,*,#3108,.F.);
#1940=ORIENTED_EDGE('',*,*,#3102,.T.);
#1941=ORIENTED_EDGE('',*,*,#3108,.T.);
#1942=ORIENTED_EDGE('',*,*,#3093,.T.);
#1943=ORIENTED_EDGE('',*,*,#3109,.F.);
#1944=ORIENTED_EDGE('',*,*,#3103,.T.);
#1945=ORIENTED_EDGE('',*,*,#3109,.T.);
#1946=ORIENTED_EDGE('',*,*,#3092,.T.);
#1947=ORIENTED_EDGE('',*,*,#3104,.F.);
#1948=ORIENTED_EDGE('',*,*,#2621,.T.);
#1949=ORIENTED_EDGE('',*,*,#3110,.F.);
#1950=ORIENTED_EDGE('',*,*,#3111,.T.);
#1951=ORIENTED_EDGE('',*,*,#3112,.T.);
#1952=ORIENTED_EDGE('',*,*,#2635,.T.);
#1953=ORIENTED_EDGE('',*,*,#3113,.F.);
#1954=ORIENTED_EDGE('',*,*,#3114,.T.);
#1955=ORIENTED_EDGE('',*,*,#3110,.T.);
#1956=ORIENTED_EDGE('',*,*,#2634,.T.);
#1957=ORIENTED_EDGE('',*,*,#3115,.F.);
#1958=ORIENTED_EDGE('',*,*,#3116,.T.);
#1959=ORIENTED_EDGE('',*,*,#3113,.T.);
#1960=ORIENTED_EDGE('',*,*,#2633,.T.);
#1961=ORIENTED_EDGE('',*,*,#3117,.F.);
#1962=ORIENTED_EDGE('',*,*,#3118,.T.);
#1963=ORIENTED_EDGE('',*,*,#3115,.T.);
#1964=ORIENTED_EDGE('',*,*,#2632,.T.);
#1965=ORIENTED_EDGE('',*,*,#3119,.F.);
#1966=ORIENTED_EDGE('',*,*,#3120,.T.);
#1967=ORIENTED_EDGE('',*,*,#3117,.T.);
#1968=ORIENTED_EDGE('',*,*,#2631,.T.);
#1969=ORIENTED_EDGE('',*,*,#3121,.F.);
#1970=ORIENTED_EDGE('',*,*,#3122,.T.);
#1971=ORIENTED_EDGE('',*,*,#3119,.T.);
#1972=ORIENTED_EDGE('',*,*,#2630,.T.);
#1973=ORIENTED_EDGE('',*,*,#3123,.F.);
#1974=ORIENTED_EDGE('',*,*,#3124,.T.);
#1975=ORIENTED_EDGE('',*,*,#3121,.T.);
#1976=ORIENTED_EDGE('',*,*,#2629,.T.);
#1977=ORIENTED_EDGE('',*,*,#3125,.F.);
#1978=ORIENTED_EDGE('',*,*,#3126,.T.);
#1979=ORIENTED_EDGE('',*,*,#3123,.T.);
#1980=ORIENTED_EDGE('',*,*,#2628,.T.);
#1981=ORIENTED_EDGE('',*,*,#3127,.F.);
#1982=ORIENTED_EDGE('',*,*,#3128,.T.);
#1983=ORIENTED_EDGE('',*,*,#3125,.T.);
#1984=ORIENTED_EDGE('',*,*,#2627,.T.);
#1985=ORIENTED_EDGE('',*,*,#3129,.F.);
#1986=ORIENTED_EDGE('',*,*,#3130,.T.);
#1987=ORIENTED_EDGE('',*,*,#3127,.T.);
#1988=ORIENTED_EDGE('',*,*,#2626,.T.);
#1989=ORIENTED_EDGE('',*,*,#3131,.F.);
#1990=ORIENTED_EDGE('',*,*,#3132,.T.);
#1991=ORIENTED_EDGE('',*,*,#3129,.T.);
#1992=ORIENTED_EDGE('',*,*,#2625,.T.);
#1993=ORIENTED_EDGE('',*,*,#3133,.F.);
#1994=ORIENTED_EDGE('',*,*,#3134,.T.);
#1995=ORIENTED_EDGE('',*,*,#3131,.T.);
#1996=ORIENTED_EDGE('',*,*,#2624,.T.);
#1997=ORIENTED_EDGE('',*,*,#3135,.F.);
#1998=ORIENTED_EDGE('',*,*,#3136,.T.);
#1999=ORIENTED_EDGE('',*,*,#3133,.T.);
#2000=ORIENTED_EDGE('',*,*,#2623,.T.);
#2001=ORIENTED_EDGE('',*,*,#3137,.F.);
#2002=ORIENTED_EDGE('',*,*,#3138,.T.);
#2003=ORIENTED_EDGE('',*,*,#3135,.T.);
#2004=ORIENTED_EDGE('',*,*,#2622,.T.);
#2005=ORIENTED_EDGE('',*,*,#3112,.F.);
#2006=ORIENTED_EDGE('',*,*,#3139,.T.);
#2007=ORIENTED_EDGE('',*,*,#3137,.T.);
#2008=ORIENTED_EDGE('',*,*,#3138,.F.);
#2009=ORIENTED_EDGE('',*,*,#3139,.F.);
#2010=ORIENTED_EDGE('',*,*,#3111,.F.);
#2011=ORIENTED_EDGE('',*,*,#3114,.F.);
#2012=ORIENTED_EDGE('',*,*,#3116,.F.);
#2013=ORIENTED_EDGE('',*,*,#3118,.F.);
#2014=ORIENTED_EDGE('',*,*,#3120,.F.);
#2015=ORIENTED_EDGE('',*,*,#3122,.F.);
#2016=ORIENTED_EDGE('',*,*,#3124,.F.);
#2017=ORIENTED_EDGE('',*,*,#3126,.F.);
#2018=ORIENTED_EDGE('',*,*,#3128,.F.);
#2019=ORIENTED_EDGE('',*,*,#3130,.F.);
#2020=ORIENTED_EDGE('',*,*,#3132,.F.);
#2021=ORIENTED_EDGE('',*,*,#3134,.F.);
#2022=ORIENTED_EDGE('',*,*,#3136,.F.);
#2023=ORIENTED_EDGE('',*,*,#2601,.T.);
#2024=ORIENTED_EDGE('',*,*,#3140,.F.);
#2025=ORIENTED_EDGE('',*,*,#3141,.T.);
#2026=ORIENTED_EDGE('',*,*,#3142,.T.);
#2027=ORIENTED_EDGE('',*,*,#2620,.T.);
#2028=ORIENTED_EDGE('',*,*,#3143,.F.);
#2029=ORIENTED_EDGE('',*,*,#3144,.T.);
#2030=ORIENTED_EDGE('',*,*,#3140,.T.);
#2031=ORIENTED_EDGE('',*,*,#2619,.T.);
#2032=ORIENTED_EDGE('',*,*,#3145,.F.);
#2033=ORIENTED_EDGE('',*,*,#3146,.T.);
#2034=ORIENTED_EDGE('',*,*,#3143,.T.);
#2035=ORIENTED_EDGE('',*,*,#2618,.T.);
#2036=ORIENTED_EDGE('',*,*,#3147,.F.);
#2037=ORIENTED_EDGE('',*,*,#3148,.T.);
#2038=ORIENTED_EDGE('',*,*,#3145,.T.);
#2039=ORIENTED_EDGE('',*,*,#2617,.T.);
#2040=ORIENTED_EDGE('',*,*,#3149,.F.);
#2041=ORIENTED_EDGE('',*,*,#3150,.T.);
#2042=ORIENTED_EDGE('',*,*,#3147,.T.);
#2043=ORIENTED_EDGE('',*,*,#2616,.T.);
#2044=ORIENTED_EDGE('',*,*,#3151,.F.);
#2045=ORIENTED_EDGE('',*,*,#3152,.T.);
#2046=ORIENTED_EDGE('',*,*,#3149,.T.);
#2047=ORIENTED_EDGE('',*,*,#2615,.T.);
#2048=ORIENTED_EDGE('',*,*,#3153,.F.);
#2049=ORIENTED_EDGE('',*,*,#3154,.T.);
#2050=ORIENTED_EDGE('',*,*,#3151,.T.);
#2051=ORIENTED_EDGE('',*,*,#2614,.T.);
#2052=ORIENTED_EDGE('',*,*,#3155,.F.);
#2053=ORIENTED_EDGE('',*,*,#3156,.T.);
#2054=ORIENTED_EDGE('',*,*,#3153,.T.);
#2055=ORIENTED_EDGE('',*,*,#2613,.T.);
#2056=ORIENTED_EDGE('',*,*,#3157,.F.);
#2057=ORIENTED_EDGE('',*,*,#3158,.T.);
#2058=ORIENTED_EDGE('',*,*,#3155,.T.);
#2059=ORIENTED_EDGE('',*,*,#2612,.T.);
#2060=ORIENTED_EDGE('',*,*,#3159,.F.);
#2061=ORIENTED_EDGE('',*,*,#3160,.T.);
#2062=ORIENTED_EDGE('',*,*,#3157,.T.);
#2063=ORIENTED_EDGE('',*,*,#2611,.T.);
#2064=ORIENTED_EDGE('',*,*,#3161,.F.);
#2065=ORIENTED_EDGE('',*,*,#3162,.T.);
#2066=ORIENTED_EDGE('',*,*,#3159,.T.);
#2067=ORIENTED_EDGE('',*,*,#2610,.T.);
#2068=ORIENTED_EDGE('',*,*,#3163,.F.);
#2069=ORIENTED_EDGE('',*,*,#3164,.T.);
#2070=ORIENTED_EDGE('',*,*,#3161,.T.);
#2071=ORIENTED_EDGE('',*,*,#2609,.T.);
#2072=ORIENTED_EDGE('',*,*,#3165,.F.);
#2073=ORIENTED_EDGE('',*,*,#3166,.T.);
#2074=ORIENTED_EDGE('',*,*,#3163,.T.);
#2075=ORIENTED_EDGE('',*,*,#2608,.T.);
#2076=ORIENTED_EDGE('',*,*,#3167,.F.);
#2077=ORIENTED_EDGE('',*,*,#3168,.T.);
#2078=ORIENTED_EDGE('',*,*,#3165,.T.);
#2079=ORIENTED_EDGE('',*,*,#2607,.T.);
#2080=ORIENTED_EDGE('',*,*,#3169,.F.);
#2081=ORIENTED_EDGE('',*,*,#3170,.T.);
#2082=ORIENTED_EDGE('',*,*,#3167,.T.);
#2083=ORIENTED_EDGE('',*,*,#2606,.T.);
#2084=ORIENTED_EDGE('',*,*,#3171,.F.);
#2085=ORIENTED_EDGE('',*,*,#3172,.T.);
#2086=ORIENTED_EDGE('',*,*,#3169,.T.);
#2087=ORIENTED_EDGE('',*,*,#2605,.T.);
#2088=ORIENTED_EDGE('',*,*,#3173,.F.);
#2089=ORIENTED_EDGE('',*,*,#3174,.T.);
#2090=ORIENTED_EDGE('',*,*,#3171,.T.);
#2091=ORIENTED_EDGE('',*,*,#2604,.T.);
#2092=ORIENTED_EDGE('',*,*,#3175,.F.);
#2093=ORIENTED_EDGE('',*,*,#3176,.T.);
#2094=ORIENTED_EDGE('',*,*,#3173,.T.);
#2095=ORIENTED_EDGE('',*,*,#2603,.T.);
#2096=ORIENTED_EDGE('',*,*,#3177,.F.);
#2097=ORIENTED_EDGE('',*,*,#3178,.T.);
#2098=ORIENTED_EDGE('',*,*,#3175,.T.);
#2099=ORIENTED_EDGE('',*,*,#2602,.T.);
#2100=ORIENTED_EDGE('',*,*,#3142,.F.);
#2101=ORIENTED_EDGE('',*,*,#3179,.T.);
#2102=ORIENTED_EDGE('',*,*,#3177,.T.);
#2103=ORIENTED_EDGE('',*,*,#3178,.F.);
#2104=ORIENTED_EDGE('',*,*,#3179,.F.);
#2105=ORIENTED_EDGE('',*,*,#3141,.F.);
#2106=ORIENTED_EDGE('',*,*,#3144,.F.);
#2107=ORIENTED_EDGE('',*,*,#3146,.F.);
#2108=ORIENTED_EDGE('',*,*,#3148,.F.);
#2109=ORIENTED_EDGE('',*,*,#3150,.F.);
#2110=ORIENTED_EDGE('',*,*,#3152,.F.);
#2111=ORIENTED_EDGE('',*,*,#3154,.F.);
#2112=ORIENTED_EDGE('',*,*,#3156,.F.);
#2113=ORIENTED_EDGE('',*,*,#3158,.F.);
#2114=ORIENTED_EDGE('',*,*,#3160,.F.);
#2115=ORIENTED_EDGE('',*,*,#3162,.F.);
#2116=ORIENTED_EDGE('',*,*,#3164,.F.);
#2117=ORIENTED_EDGE('',*,*,#3166,.F.);
#2118=ORIENTED_EDGE('',*,*,#3168,.F.);
#2119=ORIENTED_EDGE('',*,*,#3170,.F.);
#2120=ORIENTED_EDGE('',*,*,#3172,.F.);
#2121=ORIENTED_EDGE('',*,*,#3174,.F.);
#2122=ORIENTED_EDGE('',*,*,#3176,.F.);
#2123=ORIENTED_EDGE('',*,*,#2597,.T.);
#2124=ORIENTED_EDGE('',*,*,#3180,.F.);
#2125=ORIENTED_EDGE('',*,*,#3181,.T.);
#2126=ORIENTED_EDGE('',*,*,#3182,.T.);
#2127=ORIENTED_EDGE('',*,*,#2600,.T.);
#2128=ORIENTED_EDGE('',*,*,#3183,.F.);
#2129=ORIENTED_EDGE('',*,*,#3184,.T.);
#2130=ORIENTED_EDGE('',*,*,#3180,.T.);
#2131=ORIENTED_EDGE('',*,*,#2599,.T.);
#2132=ORIENTED_EDGE('',*,*,#3185,.F.);
#2133=ORIENTED_EDGE('',*,*,#3186,.T.);
#2134=ORIENTED_EDGE('',*,*,#3183,.T.);
#2135=ORIENTED_EDGE('',*,*,#2598,.T.);
#2136=ORIENTED_EDGE('',*,*,#3182,.F.);
#2137=ORIENTED_EDGE('',*,*,#3187,.T.);
#2138=ORIENTED_EDGE('',*,*,#3185,.T.);
#2139=ORIENTED_EDGE('',*,*,#3186,.F.);
#2140=ORIENTED_EDGE('',*,*,#3187,.F.);
#2141=ORIENTED_EDGE('',*,*,#3181,.F.);
#2142=ORIENTED_EDGE('',*,*,#3184,.F.);
#2143=ORIENTED_EDGE('',*,*,#2582,.T.);
#2144=ORIENTED_EDGE('',*,*,#3188,.F.);
#2145=ORIENTED_EDGE('',*,*,#3189,.T.);
#2146=ORIENTED_EDGE('',*,*,#3190,.T.);
#2147=ORIENTED_EDGE('',*,*,#2596,.T.);
#2148=ORIENTED_EDGE('',*,*,#3191,.F.);
#2149=ORIENTED_EDGE('',*,*,#3192,.T.);
#2150=ORIENTED_EDGE('',*,*,#3188,.T.);
#2151=ORIENTED_EDGE('',*,*,#2595,.T.);
#2152=ORIENTED_EDGE('',*,*,#3193,.F.);
#2153=ORIENTED_EDGE('',*,*,#3194,.T.);
#2154=ORIENTED_EDGE('',*,*,#3191,.T.);
#2155=ORIENTED_EDGE('',*,*,#2594,.T.);
#2156=ORIENTED_EDGE('',*,*,#3195,.F.);
#2157=ORIENTED_EDGE('',*,*,#3196,.T.);
#2158=ORIENTED_EDGE('',*,*,#3193,.T.);
#2159=ORIENTED_EDGE('',*,*,#2593,.T.);
#2160=ORIENTED_EDGE('',*,*,#3197,.F.);
#2161=ORIENTED_EDGE('',*,*,#3198,.T.);
#2162=ORIENTED_EDGE('',*,*,#3195,.T.);
#2163=ORIENTED_EDGE('',*,*,#2592,.T.);
#2164=ORIENTED_EDGE('',*,*,#3199,.F.);
#2165=ORIENTED_EDGE('',*,*,#3200,.T.);
#2166=ORIENTED_EDGE('',*,*,#3197,.T.);
#2167=ORIENTED_EDGE('',*,*,#2591,.T.);
#2168=ORIENTED_EDGE('',*,*,#3201,.F.);
#2169=ORIENTED_EDGE('',*,*,#3202,.T.);
#2170=ORIENTED_EDGE('',*,*,#3199,.T.);
#2171=ORIENTED_EDGE('',*,*,#2590,.T.);
#2172=ORIENTED_EDGE('',*,*,#3203,.F.);
#2173=ORIENTED_EDGE('',*,*,#3204,.T.);
#2174=ORIENTED_EDGE('',*,*,#3201,.T.);
#2175=ORIENTED_EDGE('',*,*,#2589,.T.);
#2176=ORIENTED_EDGE('',*,*,#3205,.F.);
#2177=ORIENTED_EDGE('',*,*,#3206,.T.);
#2178=ORIENTED_EDGE('',*,*,#3203,.T.);
#2179=ORIENTED_EDGE('',*,*,#2588,.T.);
#2180=ORIENTED_EDGE('',*,*,#3207,.F.);
#2181=ORIENTED_EDGE('',*,*,#3208,.T.);
#2182=ORIENTED_EDGE('',*,*,#3205,.T.);
#2183=ORIENTED_EDGE('',*,*,#2587,.T.);
#2184=ORIENTED_EDGE('',*,*,#3209,.F.);
#2185=ORIENTED_EDGE('',*,*,#3210,.T.);
#2186=ORIENTED_EDGE('',*,*,#3207,.T.);
#2187=ORIENTED_EDGE('',*,*,#2586,.T.);
#2188=ORIENTED_EDGE('',*,*,#3211,.F.);
#2189=ORIENTED_EDGE('',*,*,#3212,.T.);
#2190=ORIENTED_EDGE('',*,*,#3209,.T.);
#2191=ORIENTED_EDGE('',*,*,#2585,.T.);
#2192=ORIENTED_EDGE('',*,*,#3213,.F.);
#2193=ORIENTED_EDGE('',*,*,#3214,.T.);
#2194=ORIENTED_EDGE('',*,*,#3211,.T.);
#2195=ORIENTED_EDGE('',*,*,#2584,.T.);
#2196=ORIENTED_EDGE('',*,*,#3215,.F.);
#2197=ORIENTED_EDGE('',*,*,#3216,.T.);
#2198=ORIENTED_EDGE('',*,*,#3213,.T.);
#2199=ORIENTED_EDGE('',*,*,#2583,.T.);
#2200=ORIENTED_EDGE('',*,*,#3190,.F.);
#2201=ORIENTED_EDGE('',*,*,#3217,.T.);
#2202=ORIENTED_EDGE('',*,*,#3215,.T.);
#2203=ORIENTED_EDGE('',*,*,#3216,.F.);
#2204=ORIENTED_EDGE('',*,*,#3217,.F.);
#2205=ORIENTED_EDGE('',*,*,#3189,.F.);
#2206=ORIENTED_EDGE('',*,*,#3192,.F.);
#2207=ORIENTED_EDGE('',*,*,#3194,.F.);
#2208=ORIENTED_EDGE('',*,*,#3196,.F.);
#2209=ORIENTED_EDGE('',*,*,#3198,.F.);
#2210=ORIENTED_EDGE('',*,*,#3200,.F.);
#2211=ORIENTED_EDGE('',*,*,#3202,.F.);
#2212=ORIENTED_EDGE('',*,*,#3204,.F.);
#2213=ORIENTED_EDGE('',*,*,#3206,.F.);
#2214=ORIENTED_EDGE('',*,*,#3208,.F.);
#2215=ORIENTED_EDGE('',*,*,#3210,.F.);
#2216=ORIENTED_EDGE('',*,*,#3212,.F.);
#2217=ORIENTED_EDGE('',*,*,#3214,.F.);
#2218=ORIENTED_EDGE('',*,*,#2570,.T.);
#2219=ORIENTED_EDGE('',*,*,#3218,.F.);
#2220=ORIENTED_EDGE('',*,*,#3219,.T.);
#2221=ORIENTED_EDGE('',*,*,#3220,.T.);
#2222=ORIENTED_EDGE('',*,*,#2581,.T.);
#2223=ORIENTED_EDGE('',*,*,#3221,.F.);
#2224=ORIENTED_EDGE('',*,*,#3222,.T.);
#2225=ORIENTED_EDGE('',*,*,#3218,.T.);
#2226=ORIENTED_EDGE('',*,*,#2580,.T.);
#2227=ORIENTED_EDGE('',*,*,#3223,.F.);
#2228=ORIENTED_EDGE('',*,*,#3224,.T.);
#2229=ORIENTED_EDGE('',*,*,#3221,.T.);
#2230=ORIENTED_EDGE('',*,*,#2579,.T.);
#2231=ORIENTED_EDGE('',*,*,#3225,.F.);
#2232=ORIENTED_EDGE('',*,*,#3226,.T.);
#2233=ORIENTED_EDGE('',*,*,#3223,.T.);
#2234=ORIENTED_EDGE('',*,*,#2578,.T.);
#2235=ORIENTED_EDGE('',*,*,#3227,.F.);
#2236=ORIENTED_EDGE('',*,*,#3228,.T.);
#2237=ORIENTED_EDGE('',*,*,#3225,.T.);
#2238=ORIENTED_EDGE('',*,*,#2577,.T.);
#2239=ORIENTED_EDGE('',*,*,#3229,.F.);
#2240=ORIENTED_EDGE('',*,*,#3230,.T.);
#2241=ORIENTED_EDGE('',*,*,#3227,.T.);
#2242=ORIENTED_EDGE('',*,*,#2576,.T.);
#2243=ORIENTED_EDGE('',*,*,#3231,.F.);
#2244=ORIENTED_EDGE('',*,*,#3232,.T.);
#2245=ORIENTED_EDGE('',*,*,#3229,.T.);
#2246=ORIENTED_EDGE('',*,*,#2575,.T.);
#2247=ORIENTED_EDGE('',*,*,#3233,.F.);
#2248=ORIENTED_EDGE('',*,*,#3234,.T.);
#2249=ORIENTED_EDGE('',*,*,#3231,.T.);
#2250=ORIENTED_EDGE('',*,*,#2574,.T.);
#2251=ORIENTED_EDGE('',*,*,#3235,.F.);
#2252=ORIENTED_EDGE('',*,*,#3236,.T.);
#2253=ORIENTED_EDGE('',*,*,#3233,.T.);
#2254=ORIENTED_EDGE('',*,*,#2573,.T.);
#2255=ORIENTED_EDGE('',*,*,#3237,.F.);
#2256=ORIENTED_EDGE('',*,*,#3238,.T.);
#2257=ORIENTED_EDGE('',*,*,#3235,.T.);
#2258=ORIENTED_EDGE('',*,*,#2572,.T.);
#2259=ORIENTED_EDGE('',*,*,#3239,.F.);
#2260=ORIENTED_EDGE('',*,*,#3240,.T.);
#2261=ORIENTED_EDGE('',*,*,#3237,.T.);
#2262=ORIENTED_EDGE('',*,*,#2571,.T.);
#2263=ORIENTED_EDGE('',*,*,#3220,.F.);
#2264=ORIENTED_EDGE('',*,*,#3241,.T.);
#2265=ORIENTED_EDGE('',*,*,#3239,.T.);
#2266=ORIENTED_EDGE('',*,*,#3240,.F.);
#2267=ORIENTED_EDGE('',*,*,#3241,.F.);
#2268=ORIENTED_EDGE('',*,*,#3219,.F.);
#2269=ORIENTED_EDGE('',*,*,#3222,.F.);
#2270=ORIENTED_EDGE('',*,*,#3224,.F.);
#2271=ORIENTED_EDGE('',*,*,#3226,.F.);
#2272=ORIENTED_EDGE('',*,*,#3228,.F.);
#2273=ORIENTED_EDGE('',*,*,#3230,.F.);
#2274=ORIENTED_EDGE('',*,*,#3232,.F.);
#2275=ORIENTED_EDGE('',*,*,#3234,.F.);
#2276=ORIENTED_EDGE('',*,*,#3236,.F.);
#2277=ORIENTED_EDGE('',*,*,#3238,.F.);
#2278=ORIENTED_EDGE('',*,*,#2542,.T.);
#2279=ORIENTED_EDGE('',*,*,#3242,.F.);
#2280=ORIENTED_EDGE('',*,*,#3243,.T.);
#2281=ORIENTED_EDGE('',*,*,#3244,.T.);
#2282=ORIENTED_EDGE('',*,*,#2569,.T.);
#2283=ORIENTED_EDGE('',*,*,#3245,.F.);
#2284=ORIENTED_EDGE('',*,*,#3246,.T.);
#2285=ORIENTED_EDGE('',*,*,#3242,.T.);
#2286=ORIENTED_EDGE('',*,*,#2568,.T.);
#2287=ORIENTED_EDGE('',*,*,#3247,.F.);
#2288=ORIENTED_EDGE('',*,*,#3248,.T.);
#2289=ORIENTED_EDGE('',*,*,#3245,.T.);
#2290=ORIENTED_EDGE('',*,*,#2567,.T.);
#2291=ORIENTED_EDGE('',*,*,#3249,.F.);
#2292=ORIENTED_EDGE('',*,*,#3250,.T.);
#2293=ORIENTED_EDGE('',*,*,#3247,.T.);
#2294=ORIENTED_EDGE('',*,*,#2566,.T.);
#2295=ORIENTED_EDGE('',*,*,#3251,.F.);
#2296=ORIENTED_EDGE('',*,*,#3252,.T.);
#2297=ORIENTED_EDGE('',*,*,#3249,.T.);
#2298=ORIENTED_EDGE('',*,*,#2565,.T.);
#2299=ORIENTED_EDGE('',*,*,#3253,.F.);
#2300=ORIENTED_EDGE('',*,*,#3254,.T.);
#2301=ORIENTED_EDGE('',*,*,#3251,.T.);
#2302=ORIENTED_EDGE('',*,*,#2564,.T.);
#2303=ORIENTED_EDGE('',*,*,#3255,.F.);
#2304=ORIENTED_EDGE('',*,*,#3256,.T.);
#2305=ORIENTED_EDGE('',*,*,#3253,.T.);
#2306=ORIENTED_EDGE('',*,*,#2563,.T.);
#2307=ORIENTED_EDGE('',*,*,#3257,.F.);
#2308=ORIENTED_EDGE('',*,*,#3258,.T.);
#2309=ORIENTED_EDGE('',*,*,#3255,.T.);
#2310=ORIENTED_EDGE('',*,*,#2562,.T.);
#2311=ORIENTED_EDGE('',*,*,#3259,.F.);
#2312=ORIENTED_EDGE('',*,*,#3260,.T.);
#2313=ORIENTED_EDGE('',*,*,#3257,.T.);
#2314=ORIENTED_EDGE('',*,*,#2561,.T.);
#2315=ORIENTED_EDGE('',*,*,#3261,.F.);
#2316=ORIENTED_EDGE('',*,*,#3262,.T.);
#2317=ORIENTED_EDGE('',*,*,#3259,.T.);
#2318=ORIENTED_EDGE('',*,*,#2560,.T.);
#2319=ORIENTED_EDGE('',*,*,#3263,.F.);
#2320=ORIENTED_EDGE('',*,*,#3264,.T.);
#2321=ORIENTED_EDGE('',*,*,#3261,.T.);
#2322=ORIENTED_EDGE('',*,*,#2559,.T.);
#2323=ORIENTED_EDGE('',*,*,#3265,.F.);
#2324=ORIENTED_EDGE('',*,*,#3266,.T.);
#2325=ORIENTED_EDGE('',*,*,#3263,.T.);
#2326=ORIENTED_EDGE('',*,*,#2558,.T.);
#2327=ORIENTED_EDGE('',*,*,#3267,.F.);
#2328=ORIENTED_EDGE('',*,*,#3268,.T.);
#2329=ORIENTED_EDGE('',*,*,#3265,.T.);
#2330=ORIENTED_EDGE('',*,*,#2557,.T.);
#2331=ORIENTED_EDGE('',*,*,#3269,.F.);
#2332=ORIENTED_EDGE('',*,*,#3270,.T.);
#2333=ORIENTED_EDGE('',*,*,#3267,.T.);
#2334=ORIENTED_EDGE('',*,*,#2556,.T.);
#2335=ORIENTED_EDGE('',*,*,#3271,.F.);
#2336=ORIENTED_EDGE('',*,*,#3272,.T.);
#2337=ORIENTED_EDGE('',*,*,#3269,.T.);
#2338=ORIENTED_EDGE('',*,*,#2555,.T.);
#2339=ORIENTED_EDGE('',*,*,#3273,.F.);
#2340=ORIENTED_EDGE('',*,*,#3274,.T.);
#2341=ORIENTED_EDGE('',*,*,#3271,.T.);
#2342=ORIENTED_EDGE('',*,*,#2554,.T.);
#2343=ORIENTED_EDGE('',*,*,#3275,.F.);
#2344=ORIENTED_EDGE('',*,*,#3276,.T.);
#2345=ORIENTED_EDGE('',*,*,#3273,.T.);
#2346=ORIENTED_EDGE('',*,*,#2553,.T.);
#2347=ORIENTED_EDGE('',*,*,#3277,.F.);
#2348=ORIENTED_EDGE('',*,*,#3278,.T.);
#2349=ORIENTED_EDGE('',*,*,#3275,.T.);
#2350=ORIENTED_EDGE('',*,*,#2552,.T.);
#2351=ORIENTED_EDGE('',*,*,#3279,.F.);
#2352=ORIENTED_EDGE('',*,*,#3280,.T.);
#2353=ORIENTED_EDGE('',*,*,#3277,.T.);
#2354=ORIENTED_EDGE('',*,*,#2551,.T.);
#2355=ORIENTED_EDGE('',*,*,#3281,.F.);
#2356=ORIENTED_EDGE('',*,*,#3282,.T.);
#2357=ORIENTED_EDGE('',*,*,#3279,.T.);
#2358=ORIENTED_EDGE('',*,*,#2550,.T.);
#2359=ORIENTED_EDGE('',*,*,#3283,.F.);
#2360=ORIENTED_EDGE('',*,*,#3284,.T.);
#2361=ORIENTED_EDGE('',*,*,#3281,.T.);
#2362=ORIENTED_EDGE('',*,*,#2549,.T.);
#2363=ORIENTED_EDGE('',*,*,#3285,.F.);
#2364=ORIENTED_EDGE('',*,*,#3286,.T.);
#2365=ORIENTED_EDGE('',*,*,#3283,.T.);
#2366=ORIENTED_EDGE('',*,*,#2548,.T.);
#2367=ORIENTED_EDGE('',*,*,#3287,.F.);
#2368=ORIENTED_EDGE('',*,*,#3288,.T.);
#2369=ORIENTED_EDGE('',*,*,#3285,.T.);
#2370=ORIENTED_EDGE('',*,*,#2547,.T.);
#2371=ORIENTED_EDGE('',*,*,#3289,.F.);
#2372=ORIENTED_EDGE('',*,*,#3290,.T.);
#2373=ORIENTED_EDGE('',*,*,#3287,.T.);
#2374=ORIENTED_EDGE('',*,*,#2546,.T.);
#2375=ORIENTED_EDGE('',*,*,#3291,.F.);
#2376=ORIENTED_EDGE('',*,*,#3292,.T.);
#2377=ORIENTED_EDGE('',*,*,#3289,.T.);
#2378=ORIENTED_EDGE('',*,*,#2545,.T.);
#2379=ORIENTED_EDGE('',*,*,#3293,.F.);
#2380=ORIENTED_EDGE('',*,*,#3294,.T.);
#2381=ORIENTED_EDGE('',*,*,#3291,.T.);
#2382=ORIENTED_EDGE('',*,*,#2544,.T.);
#2383=ORIENTED_EDGE('',*,*,#3295,.F.);
#2384=ORIENTED_EDGE('',*,*,#3296,.T.);
#2385=ORIENTED_EDGE('',*,*,#3293,.T.);
#2386=ORIENTED_EDGE('',*,*,#2543,.T.);
#2387=ORIENTED_EDGE('',*,*,#3244,.F.);
#2388=ORIENTED_EDGE('',*,*,#3297,.T.);
#2389=ORIENTED_EDGE('',*,*,#3295,.T.);
#2390=ORIENTED_EDGE('',*,*,#3296,.F.);
#2391=ORIENTED_EDGE('',*,*,#3297,.F.);
#2392=ORIENTED_EDGE('',*,*,#3243,.F.);
#2393=ORIENTED_EDGE('',*,*,#3246,.F.);
#2394=ORIENTED_EDGE('',*,*,#3248,.F.);
#2395=ORIENTED_EDGE('',*,*,#3250,.F.);
#2396=ORIENTED_EDGE('',*,*,#3252,.F.);
#2397=ORIENTED_EDGE('',*,*,#3254,.F.);
#2398=ORIENTED_EDGE('',*,*,#3256,.F.);
#2399=ORIENTED_EDGE('',*,*,#3258,.F.);
#2400=ORIENTED_EDGE('',*,*,#3260,.F.);
#2401=ORIENTED_EDGE('',*,*,#3262,.F.);
#2402=ORIENTED_EDGE('',*,*,#3264,.F.);
#2403=ORIENTED_EDGE('',*,*,#3266,.F.);
#2404=ORIENTED_EDGE('',*,*,#3268,.F.);
#2405=ORIENTED_EDGE('',*,*,#3270,.F.);
#2406=ORIENTED_EDGE('',*,*,#3272,.F.);
#2407=ORIENTED_EDGE('',*,*,#3274,.F.);
#2408=ORIENTED_EDGE('',*,*,#3276,.F.);
#2409=ORIENTED_EDGE('',*,*,#3278,.F.);
#2410=ORIENTED_EDGE('',*,*,#3280,.F.);
#2411=ORIENTED_EDGE('',*,*,#3282,.F.);
#2412=ORIENTED_EDGE('',*,*,#3284,.F.);
#2413=ORIENTED_EDGE('',*,*,#3286,.F.);
#2414=ORIENTED_EDGE('',*,*,#3288,.F.);
#2415=ORIENTED_EDGE('',*,*,#3290,.F.);
#2416=ORIENTED_EDGE('',*,*,#3292,.F.);
#2417=ORIENTED_EDGE('',*,*,#3294,.F.);
#2418=EDGE_CURVE('',#3298,#3299,#3886,.T.);
#2419=EDGE_CURVE('',#3300,#3298,#370,.T.);
#2420=EDGE_CURVE('',#3300,#3301,#3887,.T.);
#2421=EDGE_CURVE('',#3301,#3299,#371,.T.);
#2422=EDGE_CURVE('',#3302,#3303,#372,.T.);
#2423=EDGE_CURVE('',#3302,#3304,#3888,.T.);
#2424=EDGE_CURVE('',#3304,#3305,#373,.T.);
#2425=EDGE_CURVE('',#3303,#3305,#3889,.T.);
#2426=EDGE_CURVE('',#3306,#3307,#3890,.T.);
#2427=EDGE_CURVE('',#3308,#3306,#374,.T.);
#2428=EDGE_CURVE('',#3308,#3309,#3891,.T.);
#2429=EDGE_CURVE('',#3309,#3307,#375,.T.);
#2430=EDGE_CURVE('',#3310,#3311,#376,.T.);
#2431=EDGE_CURVE('',#3310,#3312,#3892,.T.);
#2432=EDGE_CURVE('',#3312,#3313,#377,.T.);
#2433=EDGE_CURVE('',#3311,#3313,#3893,.T.);
#2434=EDGE_CURVE('',#3314,#3315,#378,.T.);
#2435=EDGE_CURVE('',#3314,#3316,#3894,.T.);
#2436=EDGE_CURVE('',#3316,#3317,#379,.T.);
#2437=EDGE_CURVE('',#3315,#3317,#3895,.T.);
#2438=EDGE_CURVE('',#3318,#3319,#380,.T.);
#2439=EDGE_CURVE('',#3318,#3320,#3896,.T.);
#2440=EDGE_CURVE('',#3320,#3321,#381,.T.);
#2441=EDGE_CURVE('',#3319,#3321,#3897,.T.);
#2442=EDGE_CURVE('',#3322,#3323,#382,.T.);
#2443=EDGE_CURVE('',#3322,#3324,#3898,.T.);
#2444=EDGE_CURVE('',#3324,#3325,#383,.T.);
#2445=EDGE_CURVE('',#3323,#3325,#3899,.T.);
#2446=EDGE_CURVE('',#3326,#3327,#3900,.T.);
#2447=EDGE_CURVE('',#3328,#3326,#384,.T.);
#2448=EDGE_CURVE('',#3328,#3329,#3901,.T.);
#2449=EDGE_CURVE('',#3329,#3327,#385,.T.);
#2450=EDGE_CURVE('',#3330,#3331,#386,.T.);
#2451=EDGE_CURVE('',#3330,#3332,#3902,.T.);
#2452=EDGE_CURVE('',#3332,#3333,#387,.T.);
#2453=EDGE_CURVE('',#3331,#3333,#3903,.T.);
#2454=EDGE_CURVE('',#3334,#3335,#3904,.T.);
#2455=EDGE_CURVE('',#3336,#3334,#388,.T.);
#2456=EDGE_CURVE('',#3336,#3337,#3905,.T.);
#2457=EDGE_CURVE('',#3337,#3335,#389,.T.);
#2458=EDGE_CURVE('',#3338,#3339,#390,.T.);
#2459=EDGE_CURVE('',#3338,#3340,#3906,.T.);
#2460=EDGE_CURVE('',#3340,#3341,#391,.T.);
#2461=EDGE_CURVE('',#3339,#3341,#3907,.T.);
#2462=EDGE_CURVE('',#3342,#3343,#392,.T.);
#2463=EDGE_CURVE('',#3342,#3344,#3908,.T.);
#2464=EDGE_CURVE('',#3344,#3345,#393,.T.);
#2465=EDGE_CURVE('',#3343,#3345,#3909,.T.);
#2466=EDGE_CURVE('',#3346,#3347,#394,.T.);
#2467=EDGE_CURVE('',#3346,#3348,#3910,.T.);
#2468=EDGE_CURVE('',#3348,#3349,#395,.T.);
#2469=EDGE_CURVE('',#3347,#3349,#3911,.T.);
#2470=EDGE_CURVE('',#3350,#3351,#396,.T.);
#2471=EDGE_CURVE('',#3350,#3352,#3912,.T.);
#2472=EDGE_CURVE('',#3352,#3353,#397,.T.);
#2473=EDGE_CURVE('',#3351,#3353,#3913,.T.);
#2474=EDGE_CURVE('',#3354,#3355,#398,.T.);
#2475=EDGE_CURVE('',#3354,#3356,#3914,.T.);
#2476=EDGE_CURVE('',#3356,#3357,#399,.T.);
#2477=EDGE_CURVE('',#3355,#3357,#3915,.T.);
#2478=EDGE_CURVE('',#3358,#3359,#3916,.T.);
#2479=EDGE_CURVE('',#3360,#3358,#400,.T.);
#2480=EDGE_CURVE('',#3360,#3361,#3917,.T.);
#2481=EDGE_CURVE('',#3361,#3359,#401,.T.);
#2482=EDGE_CURVE('',#3362,#3363,#402,.T.);
#2483=EDGE_CURVE('',#3362,#3364,#3918,.T.);
#2484=EDGE_CURVE('',#3364,#3365,#403,.T.);
#2485=EDGE_CURVE('',#3363,#3365,#3919,.T.);
#2486=EDGE_CURVE('',#3366,#3367,#3920,.T.);
#2487=EDGE_CURVE('',#3368,#3366,#404,.T.);
#2488=EDGE_CURVE('',#3368,#3369,#3921,.T.);
#2489=EDGE_CURVE('',#3369,#3367,#405,.T.);
#2490=EDGE_CURVE('',#3370,#3371,#406,.T.);
#2491=EDGE_CURVE('',#3370,#3372,#3922,.T.);
#2492=EDGE_CURVE('',#3372,#3373,#407,.T.);
#2493=EDGE_CURVE('',#3371,#3373,#3923,.T.);
#2494=EDGE_CURVE('',#3374,#3375,#408,.T.);
#2495=EDGE_CURVE('',#3374,#3376,#3924,.T.);
#2496=EDGE_CURVE('',#3376,#3377,#409,.T.);
#2497=EDGE_CURVE('',#3375,#3377,#3925,.T.);
#2498=EDGE_CURVE('',#3378,#3379,#410,.T.);
#2499=EDGE_CURVE('',#3378,#3380,#3926,.T.);
#2500=EDGE_CURVE('',#3380,#3381,#411,.T.);
#2501=EDGE_CURVE('',#3379,#3381,#3927,.T.);
#2502=EDGE_CURVE('',#3382,#3383,#412,.T.);
#2503=EDGE_CURVE('',#3382,#3384,#3928,.T.);
#2504=EDGE_CURVE('',#3384,#3385,#413,.T.);
#2505=EDGE_CURVE('',#3383,#3385,#3929,.T.);
#2506=EDGE_CURVE('',#3386,#3387,#414,.T.);
#2507=EDGE_CURVE('',#3386,#3388,#3930,.T.);
#2508=EDGE_CURVE('',#3388,#3389,#415,.T.);
#2509=EDGE_CURVE('',#3387,#3389,#3931,.T.);
#2510=EDGE_CURVE('',#3390,#3391,#3932,.T.);
#2511=EDGE_CURVE('',#3392,#3390,#416,.T.);
#2512=EDGE_CURVE('',#3392,#3393,#3933,.T.);
#2513=EDGE_CURVE('',#3393,#3391,#417,.T.);
#2514=EDGE_CURVE('',#3394,#3395,#418,.T.);
#2515=EDGE_CURVE('',#3394,#3396,#3934,.T.);
#2516=EDGE_CURVE('',#3396,#3397,#419,.T.);
#2517=EDGE_CURVE('',#3395,#3397,#3935,.T.);
#2518=EDGE_CURVE('',#3398,#3399,#3936,.T.);
#2519=EDGE_CURVE('',#3400,#3398,#420,.T.);
#2520=EDGE_CURVE('',#3400,#3401,#3937,.T.);
#2521=EDGE_CURVE('',#3401,#3399,#421,.T.);
#2522=EDGE_CURVE('',#3402,#3403,#422,.T.);
#2523=EDGE_CURVE('',#3402,#3404,#3938,.T.);
#2524=EDGE_CURVE('',#3404,#3405,#423,.T.);
#2525=EDGE_CURVE('',#3403,#3405,#3939,.T.);
#2526=EDGE_CURVE('',#3406,#3407,#424,.T.);
#2527=EDGE_CURVE('',#3406,#3408,#3940,.T.);
#2528=EDGE_CURVE('',#3408,#3409,#425,.T.);
#2529=EDGE_CURVE('',#3407,#3409,#3941,.T.);
#2530=EDGE_CURVE('',#3410,#3411,#426,.T.);
#2531=EDGE_CURVE('',#3410,#3412,#3942,.T.);
#2532=EDGE_CURVE('',#3412,#3413,#427,.T.);
#2533=EDGE_CURVE('',#3411,#3413,#3943,.T.);
#2534=EDGE_CURVE('',#3414,#3415,#428,.T.);
#2535=EDGE_CURVE('',#3414,#3416,#3944,.T.);
#2536=EDGE_CURVE('',#3416,#3417,#429,.T.);
#2537=EDGE_CURVE('',#3415,#3417,#3945,.T.);
#2538=EDGE_CURVE('',#3418,#3419,#430,.T.);
#2539=EDGE_CURVE('',#3418,#3420,#3946,.T.);
#2540=EDGE_CURVE('',#3420,#3421,#431,.T.);
#2541=EDGE_CURVE('',#3419,#3421,#3947,.T.);
#2542=EDGE_CURVE('',#3422,#3423,#432,.T.);
#2543=EDGE_CURVE('',#3424,#3422,#111,.F.);
#2544=EDGE_CURVE('',#3425,#3424,#112,.F.);
#2545=EDGE_CURVE('',#3426,#3425,#113,.F.);
#2546=EDGE_CURVE('',#3427,#3426,#114,.F.);
#2547=EDGE_CURVE('',#3428,#3427,#3948,.F.);
#2548=EDGE_CURVE('',#3429,#3428,#115,.F.);
#2549=EDGE_CURVE('',#3430,#3429,#116,.F.);
#2550=EDGE_CURVE('',#3431,#3430,#117,.F.);
#2551=EDGE_CURVE('',#3432,#3431,#118,.F.);
#2552=EDGE_CURVE('',#3433,#3432,#433,.T.);
#2553=EDGE_CURVE('',#3434,#3433,#434,.T.);
#2554=EDGE_CURVE('',#3435,#3434,#3949,.F.);
#2555=EDGE_CURVE('',#3436,#3435,#435,.F.);
#2556=EDGE_CURVE('',#3437,#3436,#436,.F.);
#2557=EDGE_CURVE('',#3438,#3437,#119,.F.);
#2558=EDGE_CURVE('',#3439,#3438,#120,.F.);
#2559=EDGE_CURVE('',#3440,#3439,#3950,.F.);
#2560=EDGE_CURVE('',#3441,#3440,#3951,.F.);
#2561=EDGE_CURVE('',#3442,#3441,#3952,.F.);
#2562=EDGE_CURVE('',#3443,#3442,#121,.F.);
#2563=EDGE_CURVE('',#3444,#3443,#122,.F.);
#2564=EDGE_CURVE('',#3445,#3444,#123,.F.);
#2565=EDGE_CURVE('',#3446,#3445,#124,.F.);
#2566=EDGE_CURVE('',#3447,#3446,#437,.F.);
#2567=EDGE_CURVE('',#3448,#3447,#125,.F.);
#2568=EDGE_CURVE('',#3449,#3448,#3953,.F.);
#2569=EDGE_CURVE('',#3423,#3449,#438,.T.);
#2570=EDGE_CURVE('',#3450,#3451,#3954,.F.);
#2571=EDGE_CURVE('',#3452,#3450,#3955,.F.);
#2572=EDGE_CURVE('',#3453,#3452,#3956,.F.);
#2573=EDGE_CURVE('',#3454,#3453,#3957,.F.);
#2574=EDGE_CURVE('',#3455,#3454,#3958,.F.);
#2575=EDGE_CURVE('',#3456,#3455,#3959,.F.);
#2576=EDGE_CURVE('',#3457,#3456,#3960,.F.);
#2577=EDGE_CURVE('',#3458,#3457,#3961,.F.);
#2578=EDGE_CURVE('',#3459,#3458,#3962,.F.);
#2579=EDGE_CURVE('',#3460,#3459,#3963,.F.);
#2580=EDGE_CURVE('',#3461,#3460,#3964,.F.);
#2581=EDGE_CURVE('',#3451,#3461,#3965,.F.);
#2582=EDGE_CURVE('',#3462,#3463,#126,.F.);
#2583=EDGE_CURVE('',#3464,#3462,#3966,.F.);
#2584=EDGE_CURVE('',#3465,#3464,#439,.F.);
#2585=EDGE_CURVE('',#3466,#3465,#127,.F.);
#2586=EDGE_CURVE('',#3467,#3466,#128,.F.);
#2587=EDGE_CURVE('',#3468,#3467,#129,.F.);
#2588=EDGE_CURVE('',#3469,#3468,#130,.F.);
#2589=EDGE_CURVE('',#3470,#3469,#131,.F.);
#2590=EDGE_CURVE('',#3471,#3470,#3967,.F.);
#2591=EDGE_CURVE('',#3472,#3471,#132,.F.);
#2592=EDGE_CURVE('',#3473,#3472,#133,.F.);
#2593=EDGE_CURVE('',#3474,#3473,#134,.F.);
#2594=EDGE_CURVE('',#3475,#3474,#135,.F.);
#2595=EDGE_CURVE('',#3476,#3475,#440,.T.);
#2596=EDGE_CURVE('',#3463,#3476,#136,.F.);
#2597=EDGE_CURVE('',#3477,#3478,#3968,.F.);
#2598=EDGE_CURVE('',#3479,#3477,#3969,.F.);
#2599=EDGE_CURVE('',#3480,#3479,#3970,.F.);
#2600=EDGE_CURVE('',#3478,#3480,#3971,.F.);
#2601=EDGE_CURVE('',#3481,#3482,#3972,.F.);
#2602=EDGE_CURVE('',#3483,#3481,#3973,.F.);
#2603=EDGE_CURVE('',#3484,#3483,#3974,.F.);
#2604=EDGE_CURVE('',#3485,#3484,#3975,.F.);
#2605=EDGE_CURVE('',#3486,#3485,#3976,.F.);
#2606=EDGE_CURVE('',#3487,#3486,#3977,.F.);
#2607=EDGE_CURVE('',#3488,#3487,#137,.F.);
#2608=EDGE_CURVE('',#3489,#3488,#441,.F.);
#2609=EDGE_CURVE('',#3490,#3489,#442,.F.);
#2610=EDGE_CURVE('',#3491,#3490,#138,.F.);
#2611=EDGE_CURVE('',#3492,#3491,#139,.F.);
#2612=EDGE_CURVE('',#3493,#3492,#443,.F.);
#2613=EDGE_CURVE('',#3494,#3493,#140,.F.);
#2614=EDGE_CURVE('',#3495,#3494,#3978,.F.);
#2615=EDGE_CURVE('',#3496,#3495,#141,.F.);
#2616=EDGE_CURVE('',#3497,#3496,#142,.F.);
#2617=EDGE_CURVE('',#3498,#3497,#143,.F.);
#2618=EDGE_CURVE('',#3499,#3498,#144,.F.);
#2619=EDGE_CURVE('',#3500,#3499,#145,.F.);
#2620=EDGE_CURVE('',#3482,#3500,#3979,.F.);
#2621=EDGE_CURVE('',#3501,#3502,#3980,.F.);
#2622=EDGE_CURVE('',#3503,#3501,#3981,.F.);
#2623=EDGE_CURVE('',#3504,#3503,#3982,.F.);
#2624=EDGE_CURVE('',#3505,#3504,#3983,.F.);
#2625=EDGE_CURVE('',#3506,#3505,#3984,.F.);
#2626=EDGE_CURVE('',#3507,#3506,#3985,.F.);
#2627=EDGE_CURVE('',#3508,#3507,#444,.T.);
#2628=EDGE_CURVE('',#3509,#3508,#3986,.F.);
#2629=EDGE_CURVE('',#3510,#3509,#3987,.F.);
#2630=EDGE_CURVE('',#3511,#3510,#3988,.F.);
#2631=EDGE_CURVE('',#3512,#3511,#3989,.F.);
#2632=EDGE_CURVE('',#3513,#3512,#3990,.F.);
#2633=EDGE_CURVE('',#3514,#3513,#3991,.F.);
#2634=EDGE_CURVE('',#3515,#3514,#3992,.T.);
#2635=EDGE_CURVE('',#3502,#3515,#445,.T.);
#2636=EDGE_CURVE('',#3516,#3516,#446,.T.);
#2637=EDGE_CURVE('',#3517,#3518,#447,.T.);
#2638=EDGE_CURVE('',#3517,#3302,#146,.T.);
#2639=EDGE_CURVE('',#3519,#3303,#147,.T.);
#2640=EDGE_CURVE('',#3520,#3519,#448,.T.);
#2641=EDGE_CURVE('',#3520,#3521,#449,.T.);
#2642=EDGE_CURVE('',#3522,#3521,#450,.T.);
#2643=EDGE_CURVE('',#3522,#3310,#148,.T.);
#2644=EDGE_CURVE('',#3523,#3311,#149,.T.);
#2645=EDGE_CURVE('',#3524,#3523,#451,.T.);
#2646=EDGE_CURVE('',#3524,#3525,#452,.T.);
#2647=EDGE_CURVE('',#3526,#3525,#453,.T.);
#2648=EDGE_CURVE('',#3526,#3308,#150,.T.);
#2649=EDGE_CURVE('',#3527,#3306,#151,.T.);
#2650=EDGE_CURVE('',#3528,#3527,#454,.T.);
#2651=EDGE_CURVE('',#3528,#3529,#455,.T.);
#2652=EDGE_CURVE('',#3530,#3529,#456,.T.);
#2653=EDGE_CURVE('',#3530,#3314,#152,.T.);
#2654=EDGE_CURVE('',#3531,#3315,#153,.T.);
#2655=EDGE_CURVE('',#3532,#3531,#457,.T.);
#2656=EDGE_CURVE('',#3532,#3533,#458,.T.);
#2657=EDGE_CURVE('',#3534,#3533,#459,.T.);
#2658=EDGE_CURVE('',#3534,#3318,#154,.T.);
#2659=EDGE_CURVE('',#3535,#3319,#155,.T.);
#2660=EDGE_CURVE('',#3536,#3535,#460,.T.);
#2661=EDGE_CURVE('',#3536,#3537,#461,.T.);
#2662=EDGE_CURVE('',#3538,#3537,#462,.T.);
#2663=EDGE_CURVE('',#3538,#3322,#156,.T.);
#2664=EDGE_CURVE('',#3539,#3323,#157,.T.);
#2665=EDGE_CURVE('',#3540,#3539,#463,.T.);
#2666=EDGE_CURVE('',#3540,#3541,#464,.T.);
#2667=EDGE_CURVE('',#3542,#3541,#465,.T.);
#2668=EDGE_CURVE('',#3542,#3543,#158,.T.);
#2669=EDGE_CURVE('',#3543,#3544,#466,.T.);
#2670=EDGE_CURVE('',#3545,#3544,#159,.T.);
#2671=EDGE_CURVE('',#3546,#3545,#467,.T.);
#2672=EDGE_CURVE('',#3546,#3547,#468,.T.);
#2673=EDGE_CURVE('',#3548,#3547,#469,.T.);
#2674=EDGE_CURVE('',#3548,#3392,#160,.T.);
#2675=EDGE_CURVE('',#3549,#3390,#161,.T.);
#2676=EDGE_CURVE('',#3550,#3549,#470,.T.);
#2677=EDGE_CURVE('',#3550,#3551,#471,.T.);
#2678=EDGE_CURVE('',#3552,#3551,#472,.T.);
#2679=EDGE_CURVE('',#3552,#3394,#162,.T.);
#2680=EDGE_CURVE('',#3553,#3395,#163,.T.);
#2681=EDGE_CURVE('',#3554,#3553,#473,.T.);
#2682=EDGE_CURVE('',#3554,#3555,#474,.T.);
#2683=EDGE_CURVE('',#3556,#3555,#475,.T.);
#2684=EDGE_CURVE('',#3556,#3402,#164,.T.);
#2685=EDGE_CURVE('',#3557,#3403,#165,.T.);
#2686=EDGE_CURVE('',#3558,#3557,#476,.T.);
#2687=EDGE_CURVE('',#3558,#3559,#477,.T.);
#2688=EDGE_CURVE('',#3560,#3559,#478,.T.);
#2689=EDGE_CURVE('',#3560,#3400,#166,.T.);
#2690=EDGE_CURVE('',#3561,#3398,#167,.T.);
#2691=EDGE_CURVE('',#3562,#3561,#479,.T.);
#2692=EDGE_CURVE('',#3562,#3563,#480,.T.);
#2693=EDGE_CURVE('',#3564,#3563,#481,.T.);
#2694=EDGE_CURVE('',#3564,#3406,#168,.T.);
#2695=EDGE_CURVE('',#3565,#3407,#169,.T.);
#2696=EDGE_CURVE('',#3566,#3565,#482,.T.);
#2697=EDGE_CURVE('',#3566,#3567,#483,.T.);
#2698=EDGE_CURVE('',#3568,#3567,#484,.T.);
#2699=EDGE_CURVE('',#3568,#3410,#170,.T.);
#2700=EDGE_CURVE('',#3569,#3411,#171,.T.);
#2701=EDGE_CURVE('',#3570,#3569,#485,.T.);
#2702=EDGE_CURVE('',#3570,#3571,#486,.T.);
#2703=EDGE_CURVE('',#3572,#3571,#487,.T.);
#2704=EDGE_CURVE('',#3572,#3414,#172,.T.);
#2705=EDGE_CURVE('',#3573,#3415,#173,.T.);
#2706=EDGE_CURVE('',#3574,#3573,#488,.T.);
#2707=EDGE_CURVE('',#3574,#3575,#489,.T.);
#2708=EDGE_CURVE('',#3576,#3575,#490,.T.);
#2709=EDGE_CURVE('',#3576,#3418,#174,.T.);
#2710=EDGE_CURVE('',#3577,#3419,#175,.T.);
#2711=EDGE_CURVE('',#3578,#3577,#491,.T.);
#2712=EDGE_CURVE('',#3578,#3579,#492,.T.);
#2713=EDGE_CURVE('',#3580,#3579,#493,.T.);
#2714=EDGE_CURVE('',#3580,#3360,#176,.T.);
#2715=EDGE_CURVE('',#3581,#3358,#177,.T.);
#2716=EDGE_CURVE('',#3582,#3581,#494,.T.);
#2717=EDGE_CURVE('',#3582,#3583,#495,.T.);
#2718=EDGE_CURVE('',#3584,#3583,#496,.T.);
#2719=EDGE_CURVE('',#3584,#3362,#178,.T.);
#2720=EDGE_CURVE('',#3585,#3363,#179,.T.);
#2721=EDGE_CURVE('',#3586,#3585,#497,.T.);
#2722=EDGE_CURVE('',#3586,#3587,#498,.T.);
#2723=EDGE_CURVE('',#3588,#3587,#499,.T.);
#2724=EDGE_CURVE('',#3588,#3370,#180,.T.);
#2725=EDGE_CURVE('',#3589,#3371,#181,.T.);
#2726=EDGE_CURVE('',#3590,#3589,#500,.T.);
#2727=EDGE_CURVE('',#3590,#3591,#501,.T.);
#2728=EDGE_CURVE('',#3592,#3591,#502,.T.);
#2729=EDGE_CURVE('',#3592,#3368,#182,.T.);
#2730=EDGE_CURVE('',#3593,#3366,#183,.T.);
#2731=EDGE_CURVE('',#3594,#3593,#503,.T.);
#2732=EDGE_CURVE('',#3594,#3595,#504,.T.);
#2733=EDGE_CURVE('',#3596,#3595,#505,.T.);
#2734=EDGE_CURVE('',#3596,#3374,#184,.T.);
#2735=EDGE_CURVE('',#3597,#3375,#185,.T.);
#2736=EDGE_CURVE('',#3598,#3597,#506,.T.);
#2737=EDGE_CURVE('',#3598,#3599,#507,.T.);
#2738=EDGE_CURVE('',#3600,#3599,#508,.T.);
#2739=EDGE_CURVE('',#3600,#3378,#186,.T.);
#2740=EDGE_CURVE('',#3601,#3379,#187,.T.);
#2741=EDGE_CURVE('',#3602,#3601,#509,.T.);
#2742=EDGE_CURVE('',#3602,#3603,#510,.T.);
#2743=EDGE_CURVE('',#3604,#3603,#511,.T.);
#2744=EDGE_CURVE('',#3604,#3382,#188,.T.);
#2745=EDGE_CURVE('',#3605,#3383,#189,.T.);
#2746=EDGE_CURVE('',#3606,#3605,#512,.T.);
#2747=EDGE_CURVE('',#3606,#3607,#513,.T.);
#2748=EDGE_CURVE('',#3608,#3607,#514,.T.);
#2749=EDGE_CURVE('',#3608,#3386,#190,.T.);
#2750=EDGE_CURVE('',#3609,#3387,#191,.T.);
#2751=EDGE_CURVE('',#3610,#3609,#515,.T.);
#2752=EDGE_CURVE('',#3610,#3611,#516,.T.);
#2753=EDGE_CURVE('',#3612,#3611,#517,.T.);
#2754=EDGE_CURVE('',#3612,#3328,#192,.T.);
#2755=EDGE_CURVE('',#3613,#3326,#193,.T.);
#2756=EDGE_CURVE('',#3614,#3613,#518,.T.);
#2757=EDGE_CURVE('',#3614,#3615,#519,.T.);
#2758=EDGE_CURVE('',#3616,#3615,#520,.T.);
#2759=EDGE_CURVE('',#3616,#3330,#194,.T.);
#2760=EDGE_CURVE('',#3617,#3331,#195,.T.);
#2761=EDGE_CURVE('',#3618,#3617,#521,.T.);
#2762=EDGE_CURVE('',#3618,#3619,#522,.T.);
#2763=EDGE_CURVE('',#3620,#3619,#523,.T.);
#2764=EDGE_CURVE('',#3620,#3338,#196,.T.);
#2765=EDGE_CURVE('',#3621,#3339,#197,.T.);
#2766=EDGE_CURVE('',#3622,#3621,#524,.T.);
#2767=EDGE_CURVE('',#3622,#3623,#525,.T.);
#2768=EDGE_CURVE('',#3624,#3623,#526,.T.);
#2769=EDGE_CURVE('',#3624,#3336,#198,.T.);
#2770=EDGE_CURVE('',#3625,#3334,#199,.T.);
#2771=EDGE_CURVE('',#3626,#3625,#527,.T.);
#2772=EDGE_CURVE('',#3626,#3627,#528,.T.);
#2773=EDGE_CURVE('',#3628,#3627,#529,.T.);
#2774=EDGE_CURVE('',#3628,#3342,#200,.T.);
#2775=EDGE_CURVE('',#3629,#3343,#201,.T.);
#2776=EDGE_CURVE('',#3630,#3629,#530,.T.);
#2777=EDGE_CURVE('',#3630,#3631,#531,.T.);
#2778=EDGE_CURVE('',#3632,#3631,#532,.T.);
#2779=EDGE_CURVE('',#3632,#3346,#202,.T.);
#2780=EDGE_CURVE('',#3633,#3347,#203,.T.);
#2781=EDGE_CURVE('',#3634,#3633,#533,.T.);
#2782=EDGE_CURVE('',#3634,#3635,#534,.T.);
#2783=EDGE_CURVE('',#3636,#3635,#535,.T.);
#2784=EDGE_CURVE('',#3636,#3350,#204,.T.);
#2785=EDGE_CURVE('',#3637,#3351,#205,.T.);
#2786=EDGE_CURVE('',#3638,#3637,#536,.T.);
#2787=EDGE_CURVE('',#3638,#3639,#537,.T.);
#2788=EDGE_CURVE('',#3640,#3639,#538,.T.);
#2789=EDGE_CURVE('',#3640,#3354,#206,.T.);
#2790=EDGE_CURVE('',#3641,#3355,#207,.T.);
#2791=EDGE_CURVE('',#3642,#3641,#539,.T.);
#2792=EDGE_CURVE('',#3642,#3643,#540,.T.);
#2793=EDGE_CURVE('',#3644,#3643,#541,.T.);
#2794=EDGE_CURVE('',#3644,#3300,#208,.T.);
#2795=EDGE_CURVE('',#3645,#3298,#209,.T.);
#2796=EDGE_CURVE('',#3646,#3645,#542,.T.);
#2797=EDGE_CURVE('',#3646,#3518,#543,.T.);
#2798=EDGE_CURVE('',#3543,#3647,#3993,.T.);
#2799=EDGE_CURVE('',#3647,#3648,#544,.T.);
#2800=EDGE_CURVE('',#3544,#3648,#3994,.T.);
#2801=EDGE_CURVE('',#3649,#3649,#545,.F.);
#2802=EDGE_CURVE('',#3650,#3651,#546,.F.);
#2803=EDGE_CURVE('',#3650,#3299,#210,.T.);
#2804=EDGE_CURVE('',#3652,#3301,#211,.T.);
#2805=EDGE_CURVE('',#3653,#3652,#547,.F.);
#2806=EDGE_CURVE('',#3654,#3653,#548,.T.);
#2807=EDGE_CURVE('',#3655,#3654,#549,.F.);
#2808=EDGE_CURVE('',#3655,#3357,#212,.T.);
#2809=EDGE_CURVE('',#3656,#3356,#213,.T.);
#2810=EDGE_CURVE('',#3657,#3656,#550,.F.);
#2811=EDGE_CURVE('',#3658,#3657,#551,.T.);
#2812=EDGE_CURVE('',#3659,#3658,#552,.F.);
#2813=EDGE_CURVE('',#3659,#3353,#214,.T.);
#2814=EDGE_CURVE('',#3660,#3352,#215,.T.);
#2815=EDGE_CURVE('',#3661,#3660,#553,.F.);
#2816=EDGE_CURVE('',#3662,#3661,#554,.T.);
#2817=EDGE_CURVE('',#3663,#3662,#555,.F.);
#2818=EDGE_CURVE('',#3663,#3349,#216,.T.);
#2819=EDGE_CURVE('',#3664,#3348,#217,.T.);
#2820=EDGE_CURVE('',#3665,#3664,#556,.F.);
#2821=EDGE_CURVE('',#3666,#3665,#557,.T.);
#2822=EDGE_CURVE('',#3667,#3666,#558,.F.);
#2823=EDGE_CURVE('',#3667,#3345,#218,.T.);
#2824=EDGE_CURVE('',#3668,#3344,#219,.T.);
#2825=EDGE_CURVE('',#3669,#3668,#559,.F.);
#2826=EDGE_CURVE('',#3670,#3669,#560,.T.);
#2827=EDGE_CURVE('',#3671,#3670,#561,.F.);
#2828=EDGE_CURVE('',#3671,#3335,#220,.T.);
#2829=EDGE_CURVE('',#3672,#3337,#221,.T.);
#2830=EDGE_CURVE('',#3673,#3672,#562,.F.);
#2831=EDGE_CURVE('',#3674,#3673,#563,.T.);
#2832=EDGE_CURVE('',#3675,#3674,#564,.F.);
#2833=EDGE_CURVE('',#3675,#3341,#222,.T.);
#2834=EDGE_CURVE('',#3676,#3340,#223,.T.);
#2835=EDGE_CURVE('',#3677,#3676,#565,.F.);
#2836=EDGE_CURVE('',#3678,#3677,#566,.T.);
#2837=EDGE_CURVE('',#3679,#3678,#567,.F.);
#2838=EDGE_CURVE('',#3679,#3333,#224,.T.);
#2839=EDGE_CURVE('',#3680,#3332,#225,.T.);
#2840=EDGE_CURVE('',#3681,#3680,#568,.F.);
#2841=EDGE_CURVE('',#3682,#3681,#569,.T.);
#2842=EDGE_CURVE('',#3683,#3682,#570,.F.);
#2843=EDGE_CURVE('',#3683,#3327,#226,.T.);
#2844=EDGE_CURVE('',#3684,#3329,#227,.T.);
#2845=EDGE_CURVE('',#3685,#3684,#571,.F.);
#2846=EDGE_CURVE('',#3686,#3685,#572,.T.);
#2847=EDGE_CURVE('',#3687,#3686,#573,.F.);
#2848=EDGE_CURVE('',#3687,#3389,#228,.T.);
#2849=EDGE_CURVE('',#3688,#3388,#229,.T.);
#2850=EDGE_CURVE('',#3689,#3688,#574,.F.);
#2851=EDGE_CURVE('',#3690,#3689,#575,.T.);
#2852=EDGE_CURVE('',#3691,#3690,#576,.F.);
#2853=EDGE_CURVE('',#3691,#3385,#230,.T.);
#2854=EDGE_CURVE('',#3692,#3384,#231,.T.);
#2855=EDGE_CURVE('',#3693,#3692,#577,.F.);
#2856=EDGE_CURVE('',#3694,#3693,#578,.T.);
#2857=EDGE_CURVE('',#3695,#3694,#579,.F.);
#2858=EDGE_CURVE('',#3695,#3381,#232,.T.);
#2859=EDGE_CURVE('',#3696,#3380,#233,.T.);
#2860=EDGE_CURVE('',#3697,#3696,#580,.F.);
#2861=EDGE_CURVE('',#3698,#3697,#581,.T.);
#2862=EDGE_CURVE('',#3699,#3698,#582,.F.);
#2863=EDGE_CURVE('',#3699,#3377,#234,.T.);
#2864=EDGE_CURVE('',#3700,#3376,#235,.T.);
#2865=EDGE_CURVE('',#3701,#3700,#583,.F.);
#2866=EDGE_CURVE('',#3702,#3701,#584,.T.);
#2867=EDGE_CURVE('',#3703,#3702,#585,.F.);
#2868=EDGE_CURVE('',#3703,#3367,#236,.T.);
#2869=EDGE_CURVE('',#3704,#3369,#237,.T.);
#2870=EDGE_CURVE('',#3705,#3704,#586,.F.);
#2871=EDGE_CURVE('',#3706,#3705,#587,.T.);
#2872=EDGE_CURVE('',#3707,#3706,#588,.F.);
#2873=EDGE_CURVE('',#3707,#3373,#238,.T.);
#2874=EDGE_CURVE('',#3708,#3372,#239,.T.);
#2875=EDGE_CURVE('',#3709,#3708,#589,.F.);
#2876=EDGE_CURVE('',#3710,#3709,#590,.T.);
#2877=EDGE_CURVE('',#3711,#3710,#591,.F.);
#2878=EDGE_CURVE('',#3711,#3365,#240,.T.);
#2879=EDGE_CURVE('',#3712,#3364,#241,.T.);
#2880=EDGE_CURVE('',#3713,#3712,#592,.F.);
#2881=EDGE_CURVE('',#3714,#3713,#593,.T.);
#2882=EDGE_CURVE('',#3715,#3714,#594,.F.);
#2883=EDGE_CURVE('',#3715,#3359,#242,.T.);
#2884=EDGE_CURVE('',#3716,#3361,#243,.T.);
#2885=EDGE_CURVE('',#3717,#3716,#595,.F.);
#2886=EDGE_CURVE('',#3718,#3717,#596,.T.);
#2887=EDGE_CURVE('',#3719,#3718,#597,.F.);
#2888=EDGE_CURVE('',#3719,#3421,#244,.T.);
#2889=EDGE_CURVE('',#3720,#3420,#245,.T.);
#2890=EDGE_CURVE('',#3721,#3720,#598,.F.);
#2891=EDGE_CURVE('',#3722,#3721,#599,.T.);
#2892=EDGE_CURVE('',#3723,#3722,#600,.F.);
#2893=EDGE_CURVE('',#3723,#3417,#246,.T.);
#2894=EDGE_CURVE('',#3724,#3416,#247,.T.);
#2895=EDGE_CURVE('',#3725,#3724,#601,.F.);
#2896=EDGE_CURVE('',#3726,#3725,#602,.T.);
#2897=EDGE_CURVE('',#3727,#3726,#603,.F.);
#2898=EDGE_CURVE('',#3727,#3413,#248,.T.);
#2899=EDGE_CURVE('',#3728,#3412,#249,.T.);
#2900=EDGE_CURVE('',#3729,#3728,#604,.F.);
#2901=EDGE_CURVE('',#3730,#3729,#605,.T.);
#2902=EDGE_CURVE('',#3731,#3730,#606,.F.);
#2903=EDGE_CURVE('',#3731,#3409,#250,.T.);
#2904=EDGE_CURVE('',#3732,#3408,#251,.T.);
#2905=EDGE_CURVE('',#3733,#3732,#607,.F.);
#2906=EDGE_CURVE('',#3734,#3733,#608,.T.);
#2907=EDGE_CURVE('',#3735,#3734,#609,.F.);
#2908=EDGE_CURVE('',#3735,#3399,#252,.T.);
#2909=EDGE_CURVE('',#3736,#3401,#253,.T.);
#2910=EDGE_CURVE('',#3737,#3736,#610,.F.);
#2911=EDGE_CURVE('',#3738,#3737,#611,.T.);
#2912=EDGE_CURVE('',#3739,#3738,#612,.F.);
#2913=EDGE_CURVE('',#3739,#3405,#254,.T.);
#2914=EDGE_CURVE('',#3740,#3404,#255,.T.);
#2915=EDGE_CURVE('',#3741,#3740,#613,.F.);
#2916=EDGE_CURVE('',#3742,#3741,#614,.T.);
#2917=EDGE_CURVE('',#3743,#3742,#615,.F.);
#2918=EDGE_CURVE('',#3743,#3397,#256,.T.);
#2919=EDGE_CURVE('',#3744,#3396,#257,.T.);
#2920=EDGE_CURVE('',#3745,#3744,#616,.F.);
#2921=EDGE_CURVE('',#3746,#3745,#617,.T.);
#2922=EDGE_CURVE('',#3747,#3746,#618,.F.);
#2923=EDGE_CURVE('',#3747,#3391,#258,.T.);
#2924=EDGE_CURVE('',#3748,#3393,#259,.T.);
#2925=EDGE_CURVE('',#3749,#3748,#619,.F.);
#2926=EDGE_CURVE('',#3750,#3749,#620,.T.);
#2927=EDGE_CURVE('',#3751,#3750,#621,.F.);
#2928=EDGE_CURVE('',#3751,#3648,#260,.T.);
#2929=EDGE_CURVE('',#3752,#3647,#261,.T.);
#2930=EDGE_CURVE('',#3753,#3752,#622,.F.);
#2931=EDGE_CURVE('',#3754,#3753,#623,.T.);
#2932=EDGE_CURVE('',#3755,#3754,#624,.F.);
#2933=EDGE_CURVE('',#3755,#3325,#262,.T.);
#2934=EDGE_CURVE('',#3756,#3324,#263,.T.);
#2935=EDGE_CURVE('',#3757,#3756,#625,.F.);
#2936=EDGE_CURVE('',#3758,#3757,#626,.T.);
#2937=EDGE_CURVE('',#3759,#3758,#627,.F.);
#2938=EDGE_CURVE('',#3759,#3321,#264,.T.);
#2939=EDGE_CURVE('',#3760,#3320,#265,.T.);
#2940=EDGE_CURVE('',#3761,#3760,#628,.F.);
#2941=EDGE_CURVE('',#3762,#3761,#629,.T.);
#2942=EDGE_CURVE('',#3763,#3762,#630,.F.);
#2943=EDGE_CURVE('',#3763,#3317,#266,.T.);
#2944=EDGE_CURVE('',#3764,#3316,#267,.T.);
#2945=EDGE_CURVE('',#3765,#3764,#631,.F.);
#2946=EDGE_CURVE('',#3766,#3765,#632,.T.);
#2947=EDGE_CURVE('',#3767,#3766,#633,.F.);
#2948=EDGE_CURVE('',#3767,#3307,#268,.T.);
#2949=EDGE_CURVE('',#3768,#3309,#269,.T.);
#2950=EDGE_CURVE('',#3769,#3768,#634,.F.);
#2951=EDGE_CURVE('',#3770,#3769,#635,.T.);
#2952=EDGE_CURVE('',#3771,#3770,#636,.F.);
#2953=EDGE_CURVE('',#3771,#3313,#270,.T.);
#2954=EDGE_CURVE('',#3772,#3312,#271,.T.);
#2955=EDGE_CURVE('',#3773,#3772,#637,.F.);
#2956=EDGE_CURVE('',#3774,#3773,#638,.T.);
#2957=EDGE_CURVE('',#3775,#3774,#639,.F.);
#2958=EDGE_CURVE('',#3775,#3305,#272,.T.);
#2959=EDGE_CURVE('',#3776,#3304,#273,.T.);
#2960=EDGE_CURVE('',#3777,#3776,#640,.F.);
#2961=EDGE_CURVE('',#3651,#3777,#641,.T.);
#2962=EDGE_CURVE('',#3545,#3751,#3995,.T.);
#2963=EDGE_CURVE('',#3748,#3548,#3996,.F.);
#2964=EDGE_CURVE('',#3547,#3749,#3997,.T.);
#2965=EDGE_CURVE('',#3750,#3546,#3998,.F.);
#2966=EDGE_CURVE('',#3577,#3719,#3999,.T.);
#2967=EDGE_CURVE('',#3716,#3580,#4000,.F.);
#2968=EDGE_CURVE('',#3579,#3717,#4001,.T.);
#2969=EDGE_CURVE('',#3718,#3578,#4002,.F.);
#2970=EDGE_CURVE('',#3573,#3723,#4003,.T.);
#2971=EDGE_CURVE('',#3720,#3576,#4004,.F.);
#2972=EDGE_CURVE('',#3575,#3721,#4005,.T.);
#2973=EDGE_CURVE('',#3722,#3574,#4006,.F.);
#2974=EDGE_CURVE('',#3569,#3727,#4007,.T.);
#2975=EDGE_CURVE('',#3724,#3572,#4008,.F.);
#2976=EDGE_CURVE('',#3571,#3725,#4009,.T.);
#2977=EDGE_CURVE('',#3726,#3570,#4010,.F.);
#2978=EDGE_CURVE('',#3565,#3731,#4011,.T.);
#2979=EDGE_CURVE('',#3728,#3568,#4012,.F.);
#2980=EDGE_CURVE('',#3567,#3729,#4013,.T.);
#2981=EDGE_CURVE('',#3730,#3566,#4014,.F.);
#2982=EDGE_CURVE('',#3557,#3739,#4015,.T.);
#2983=EDGE_CURVE('',#3736,#3560,#4016,.F.);
#2984=EDGE_CURVE('',#3559,#3737,#4017,.T.);
#2985=EDGE_CURVE('',#3738,#3558,#4018,.F.);
#2986=EDGE_CURVE('',#3561,#3735,#4019,.T.);
#2987=EDGE_CURVE('',#3732,#3564,#4020,.F.);
#2988=EDGE_CURVE('',#3563,#3733,#4021,.T.);
#2989=EDGE_CURVE('',#3734,#3562,#4022,.F.);
#2990=EDGE_CURVE('',#3553,#3743,#4023,.T.);
#2991=EDGE_CURVE('',#3740,#3556,#4024,.F.);
#2992=EDGE_CURVE('',#3555,#3741,#4025,.T.);
#2993=EDGE_CURVE('',#3742,#3554,#4026,.F.);
#2994=EDGE_CURVE('',#3549,#3747,#4027,.T.);
#2995=EDGE_CURVE('',#3744,#3552,#4028,.F.);
#2996=EDGE_CURVE('',#3551,#3745,#4029,.T.);
#2997=EDGE_CURVE('',#3746,#3550,#4030,.F.);
#2998=EDGE_CURVE('',#3609,#3687,#4031,.T.);
#2999=EDGE_CURVE('',#3684,#3612,#4032,.F.);
#3000=EDGE_CURVE('',#3611,#3685,#4033,.T.);
#3001=EDGE_CURVE('',#3686,#3610,#4034,.F.);
#3002=EDGE_CURVE('',#3605,#3691,#4035,.T.);
#3003=EDGE_CURVE('',#3688,#3608,#4036,.F.);
#3004=EDGE_CURVE('',#3607,#3689,#4037,.T.);
#3005=EDGE_CURVE('',#3690,#3606,#4038,.F.);
#3006=EDGE_CURVE('',#3601,#3695,#4039,.T.);
#3007=EDGE_CURVE('',#3692,#3604,#4040,.F.);
#3008=EDGE_CURVE('',#3603,#3693,#4041,.T.);
#3009=EDGE_CURVE('',#3694,#3602,#4042,.F.);
#3010=EDGE_CURVE('',#3597,#3699,#4043,.T.);
#3011=EDGE_CURVE('',#3696,#3600,#4044,.F.);
#3012=EDGE_CURVE('',#3599,#3697,#4045,.T.);
#3013=EDGE_CURVE('',#3698,#3598,#4046,.F.);
#3014=EDGE_CURVE('',#3589,#3707,#4047,.T.);
#3015=EDGE_CURVE('',#3704,#3592,#4048,.F.);
#3016=EDGE_CURVE('',#3591,#3705,#4049,.T.);
#3017=EDGE_CURVE('',#3706,#3590,#4050,.F.);
#3018=EDGE_CURVE('',#3593,#3703,#4051,.T.);
#3019=EDGE_CURVE('',#3700,#3596,#4052,.F.);
#3020=EDGE_CURVE('',#3595,#3701,#4053,.T.);
#3021=EDGE_CURVE('',#3702,#3594,#4054,.F.);
#3022=EDGE_CURVE('',#3585,#3711,#4055,.T.);
#3023=EDGE_CURVE('',#3708,#3588,#4056,.F.);
#3024=EDGE_CURVE('',#3587,#3709,#4057,.T.);
#3025=EDGE_CURVE('',#3710,#3586,#4058,.F.);
#3026=EDGE_CURVE('',#3581,#3715,#4059,.T.);
#3027=EDGE_CURVE('',#3712,#3584,#4060,.F.);
#3028=EDGE_CURVE('',#3583,#3713,#4061,.T.);
#3029=EDGE_CURVE('',#3714,#3582,#4062,.F.);
#3030=EDGE_CURVE('',#3641,#3655,#4063,.T.);
#3031=EDGE_CURVE('',#3652,#3644,#4064,.F.);
#3032=EDGE_CURVE('',#3643,#3653,#4065,.T.);
#3033=EDGE_CURVE('',#3654,#3642,#4066,.F.);
#3034=EDGE_CURVE('',#3637,#3659,#4067,.T.);
#3035=EDGE_CURVE('',#3656,#3640,#4068,.F.);
#3036=EDGE_CURVE('',#3639,#3657,#4069,.T.);
#3037=EDGE_CURVE('',#3658,#3638,#4070,.F.);
#3038=EDGE_CURVE('',#3633,#3663,#4071,.T.);
#3039=EDGE_CURVE('',#3660,#3636,#4072,.F.);
#3040=EDGE_CURVE('',#3635,#3661,#4073,.T.);
#3041=EDGE_CURVE('',#3662,#3634,#4074,.F.);
#3042=EDGE_CURVE('',#3629,#3667,#4075,.T.);
#3043=EDGE_CURVE('',#3664,#3632,#4076,.F.);
#3044=EDGE_CURVE('',#3631,#3665,#4077,.T.);
#3045=EDGE_CURVE('',#3666,#3630,#4078,.F.);
#3046=EDGE_CURVE('',#3621,#3675,#4079,.T.);
#3047=EDGE_CURVE('',#3672,#3624,#4080,.F.);
#3048=EDGE_CURVE('',#3623,#3673,#4081,.T.);
#3049=EDGE_CURVE('',#3674,#3622,#4082,.F.);
#3050=EDGE_CURVE('',#3625,#3671,#4083,.T.);
#3051=EDGE_CURVE('',#3668,#3628,#4084,.F.);
#3052=EDGE_CURVE('',#3627,#3669,#4085,.T.);
#3053=EDGE_CURVE('',#3670,#3626,#4086,.F.);
#3054=EDGE_CURVE('',#3617,#3679,#4087,.T.);
#3055=EDGE_CURVE('',#3676,#3620,#4088,.F.);
#3056=EDGE_CURVE('',#3619,#3677,#4089,.T.);
#3057=EDGE_CURVE('',#3678,#3618,#4090,.F.);
#3058=EDGE_CURVE('',#3613,#3683,#4091,.T.);
#3059=EDGE_CURVE('',#3680,#3616,#4092,.F.);
#3060=EDGE_CURVE('',#3615,#3681,#4093,.T.);
#3061=EDGE_CURVE('',#3682,#3614,#4094,.F.);
#3062=EDGE_CURVE('',#3539,#3755,#4095,.T.);
#3063=EDGE_CURVE('',#3752,#3542,#4096,.F.);
#3064=EDGE_CURVE('',#3541,#3753,#4097,.T.);
#3065=EDGE_CURVE('',#3754,#3540,#4098,.F.);
#3066=EDGE_CURVE('',#3535,#3759,#4099,.T.);
#3067=EDGE_CURVE('',#3756,#3538,#4100,.F.);
#3068=EDGE_CURVE('',#3537,#3757,#4101,.T.);
#3069=EDGE_CURVE('',#3758,#3536,#4102,.F.);
#3070=EDGE_CURVE('',#3531,#3763,#4103,.T.);
#3071=EDGE_CURVE('',#3760,#3534,#4104,.F.);
#3072=EDGE_CURVE('',#3533,#3761,#4105,.T.);
#3073=EDGE_CURVE('',#3762,#3532,#4106,.F.);
#3074=EDGE_CURVE('',#3523,#3771,#4107,.T.);
#3075=EDGE_CURVE('',#3768,#3526,#4108,.F.);
#3076=EDGE_CURVE('',#3525,#3769,#4109,.T.);
#3077=EDGE_CURVE('',#3770,#3524,#4110,.F.);
#3078=EDGE_CURVE('',#3527,#3767,#4111,.T.);
#3079=EDGE_CURVE('',#3764,#3530,#4112,.F.);
#3080=EDGE_CURVE('',#3529,#3765,#4113,.T.);
#3081=EDGE_CURVE('',#3766,#3528,#4114,.F.);
#3082=EDGE_CURVE('',#3519,#3775,#4115,.T.);
#3083=EDGE_CURVE('',#3772,#3522,#4116,.F.);
#3084=EDGE_CURVE('',#3521,#3773,#4117,.T.);
#3085=EDGE_CURVE('',#3774,#3520,#4118,.F.);
#3086=EDGE_CURVE('',#3645,#3650,#4119,.T.);
#3087=EDGE_CURVE('',#3776,#3517,#4120,.F.);
#3088=EDGE_CURVE('',#3518,#3777,#4121,.T.);
#3089=EDGE_CURVE('',#3651,#3646,#4122,.F.);
#3090=EDGE_CURVE('',#3778,#3778,#642,.T.);
#3091=EDGE_CURVE('',#3779,#3780,#4123,.T.);
#3092=EDGE_CURVE('',#3781,#3779,#4124,.T.);
#3093=EDGE_CURVE('',#3782,#3781,#4125,.T.);
#3094=EDGE_CURVE('',#3783,#3782,#4126,.T.);
#3095=EDGE_CURVE('',#3784,#3783,#4127,.T.);
#3096=EDGE_CURVE('',#3780,#3784,#4128,.T.);
#3097=EDGE_CURVE('',#3785,#3785,#643,.T.);
#3098=EDGE_CURVE('',#3786,#3787,#4129,.T.);
#3099=EDGE_CURVE('',#3788,#3786,#4130,.T.);
#3100=EDGE_CURVE('',#3789,#3788,#4131,.T.);
#3101=EDGE_CURVE('',#3790,#3789,#4132,.T.);
#3102=EDGE_CURVE('',#3791,#3790,#4133,.T.);
#3103=EDGE_CURVE('',#3787,#3791,#4134,.T.);
#3104=EDGE_CURVE('',#3787,#3779,#4135,.T.);
#3105=EDGE_CURVE('',#3786,#3780,#4136,.T.);
#3106=EDGE_CURVE('',#3788,#3784,#4137,.T.);
#3107=EDGE_CURVE('',#3789,#3783,#4138,.T.);
#3108=EDGE_CURVE('',#3790,#3782,#4139,.T.);
#3109=EDGE_CURVE('',#3791,#3781,#4140,.T.);
#3110=EDGE_CURVE('',#3792,#3502,#4141,.T.);
#3111=EDGE_CURVE('',#3792,#3793,#4142,.T.);
#3112=EDGE_CURVE('',#3793,#3501,#4143,.T.);
#3113=EDGE_CURVE('',#3794,#3515,#4144,.T.);
#3114=EDGE_CURVE('',#3794,#3792,#644,.F.);
#3115=EDGE_CURVE('',#3795,#3514,#4145,.T.);
#3116=EDGE_CURVE('',#3795,#3794,#4146,.F.);
#3117=EDGE_CURVE('',#3796,#3513,#4147,.T.);
#3118=EDGE_CURVE('',#3796,#3795,#4148,.T.);
#3119=EDGE_CURVE('',#3797,#3512,#4149,.T.);
#3120=EDGE_CURVE('',#3797,#3796,#4150,.T.);
#3121=EDGE_CURVE('',#3798,#3511,#4151,.T.);
#3122=EDGE_CURVE('',#3798,#3797,#4152,.T.);
#3123=EDGE_CURVE('',#3799,#3510,#4153,.T.);
#3124=EDGE_CURVE('',#3799,#3798,#4154,.T.);
#3125=EDGE_CURVE('',#3800,#3509,#4155,.T.);
#3126=EDGE_CURVE('',#3800,#3799,#4156,.T.);
#3127=EDGE_CURVE('',#3801,#3508,#4157,.T.);
#3128=EDGE_CURVE('',#3801,#3800,#4158,.T.);
#3129=EDGE_CURVE('',#3802,#3507,#4159,.T.);
#3130=EDGE_CURVE('',#3802,#3801,#645,.F.);
#3131=EDGE_CURVE('',#3803,#3506,#4160,.T.);
#3132=EDGE_CURVE('',#3803,#3802,#4161,.T.);
#3133=EDGE_CURVE('',#3804,#3505,#4162,.T.);
#3134=EDGE_CURVE('',#3804,#3803,#4163,.T.);
#3135=EDGE_CURVE('',#3805,#3504,#4164,.T.);
#3136=EDGE_CURVE('',#3805,#3804,#4165,.T.);
#3137=EDGE_CURVE('',#3806,#3503,#4166,.T.);
#3138=EDGE_CURVE('',#3806,#3805,#4167,.T.);
#3139=EDGE_CURVE('',#3793,#3806,#4168,.T.);
#3140=EDGE_CURVE('',#3807,#3482,#4169,.T.);
#3141=EDGE_CURVE('',#3807,#3808,#4170,.T.);
#3142=EDGE_CURVE('',#3808,#3481,#4171,.T.);
#3143=EDGE_CURVE('',#3809,#3500,#4172,.T.);
#3144=EDGE_CURVE('',#3809,#3807,#4173,.T.);
#3145=EDGE_CURVE('',#3810,#3499,#4174,.T.);
#3146=EDGE_CURVE('',#3810,#3809,#274,.T.);
#3147=EDGE_CURVE('',#3811,#3498,#4175,.T.);
#3148=EDGE_CURVE('',#3811,#3810,#275,.T.);
#3149=EDGE_CURVE('',#3812,#3497,#4176,.T.);
#3150=EDGE_CURVE('',#3812,#3811,#276,.T.);
#3151=EDGE_CURVE('',#3813,#3496,#4177,.T.);
#3152=EDGE_CURVE('',#3813,#3812,#277,.T.);
#3153=EDGE_CURVE('',#3814,#3495,#4178,.T.);
#3154=EDGE_CURVE('',#3814,#3813,#278,.T.);
#3155=EDGE_CURVE('',#3815,#3494,#4179,.T.);
#3156=EDGE_CURVE('',#3815,#3814,#4180,.T.);
#3157=EDGE_CURVE('',#3816,#3493,#4181,.T.);
#3158=EDGE_CURVE('',#3816,#3815,#279,.T.);
#3159=EDGE_CURVE('',#3817,#3492,#4182,.T.);
#3160=EDGE_CURVE('',#3817,#3816,#646,.T.);
#3161=EDGE_CURVE('',#3818,#3491,#4183,.T.);
#3162=EDGE_CURVE('',#3818,#3817,#280,.T.);
#3163=EDGE_CURVE('',#3819,#3490,#4184,.T.);
#3164=EDGE_CURVE('',#3819,#3818,#281,.T.);
#3165=EDGE_CURVE('',#3820,#3489,#4185,.T.);
#3166=EDGE_CURVE('',#3820,#3819,#647,.T.);
#3167=EDGE_CURVE('',#3821,#3488,#4186,.T.);
#3168=EDGE_CURVE('',#3821,#3820,#648,.T.);
#3169=EDGE_CURVE('',#3822,#3487,#4187,.T.);
#3170=EDGE_CURVE('',#3822,#3821,#282,.T.);
#3171=EDGE_CURVE('',#3823,#3486,#4188,.T.);
#3172=EDGE_CURVE('',#3823,#3822,#4189,.T.);
#3173=EDGE_CURVE('',#3824,#3485,#4190,.T.);
#3174=EDGE_CURVE('',#3824,#3823,#4191,.T.);
#3175=EDGE_CURVE('',#3825,#3484,#4192,.T.);
#3176=EDGE_CURVE('',#3825,#3824,#4193,.T.);
#3177=EDGE_CURVE('',#3826,#3483,#4194,.T.);
#3178=EDGE_CURVE('',#3826,#3825,#4195,.T.);
#3179=EDGE_CURVE('',#3808,#3826,#4196,.T.);
#3180=EDGE_CURVE('',#3827,#3478,#4197,.T.);
#3181=EDGE_CURVE('',#3827,#3828,#4198,.T.);
#3182=EDGE_CURVE('',#3828,#3477,#4199,.T.);
#3183=EDGE_CURVE('',#3829,#3480,#4200,.T.);
#3184=EDGE_CURVE('',#3829,#3827,#4201,.T.);
#3185=EDGE_CURVE('',#3830,#3479,#4202,.T.);
#3186=EDGE_CURVE('',#3830,#3829,#4203,.T.);
#3187=EDGE_CURVE('',#3828,#3830,#4204,.T.);
#3188=EDGE_CURVE('',#3831,#3463,#4205,.T.);
#3189=EDGE_CURVE('',#3831,#3832,#283,.T.);
#3190=EDGE_CURVE('',#3832,#3462,#4206,.T.);
#3191=EDGE_CURVE('',#3833,#3476,#4207,.T.);
#3192=EDGE_CURVE('',#3833,#3831,#284,.T.);
#3193=EDGE_CURVE('',#3834,#3475,#4208,.T.);
#3194=EDGE_CURVE('',#3834,#3833,#649,.F.);
#3195=EDGE_CURVE('',#3835,#3474,#4209,.T.);
#3196=EDGE_CURVE('',#3835,#3834,#285,.T.);
#3197=EDGE_CURVE('',#3836,#3473,#4210,.T.);
#3198=EDGE_CURVE('',#3836,#3835,#286,.T.);
#3199=EDGE_CURVE('',#3837,#3472,#4211,.T.);
#3200=EDGE_CURVE('',#3837,#3836,#287,.T.);
#3201=EDGE_CURVE('',#3838,#3471,#4212,.T.);
#3202=EDGE_CURVE('',#3838,#3837,#288,.T.);
#3203=EDGE_CURVE('',#3839,#3470,#4213,.T.);
#3204=EDGE_CURVE('',#3839,#3838,#4214,.T.);
#3205=EDGE_CURVE('',#3840,#3469,#4215,.T.);
#3206=EDGE_CURVE('',#3840,#3839,#289,.T.);
#3207=EDGE_CURVE('',#3841,#3468,#4216,.T.);
#3208=EDGE_CURVE('',#3841,#3840,#290,.T.);
#3209=EDGE_CURVE('',#3842,#3467,#4217,.T.);
#3210=EDGE_CURVE('',#3842,#3841,#291,.T.);
#3211=EDGE_CURVE('',#3843,#3466,#4218,.T.);
#3212=EDGE_CURVE('',#3843,#3842,#292,.T.);
#3213=EDGE_CURVE('',#3844,#3465,#4219,.T.);
#3214=EDGE_CURVE('',#3844,#3843,#293,.T.);
#3215=EDGE_CURVE('',#3845,#3464,#4220,.T.);
#3216=EDGE_CURVE('',#3845,#3844,#650,.T.);
#3217=EDGE_CURVE('',#3832,#3845,#4221,.T.);
#3218=EDGE_CURVE('',#3846,#3451,#4222,.T.);
#3219=EDGE_CURVE('',#3846,#3847,#4223,.T.);
#3220=EDGE_CURVE('',#3847,#3450,#4224,.T.);
#3221=EDGE_CURVE('',#3848,#3461,#4225,.T.);
#3222=EDGE_CURVE('',#3848,#3846,#4226,.T.);
#3223=EDGE_CURVE('',#3849,#3460,#4227,.T.);
#3224=EDGE_CURVE('',#3849,#3848,#4228,.T.);
#3225=EDGE_CURVE('',#3850,#3459,#4229,.T.);
#3226=EDGE_CURVE('',#3850,#3849,#4230,.T.);
#3227=EDGE_CURVE('',#3851,#3458,#4231,.T.);
#3228=EDGE_CURVE('',#3851,#3850,#4232,.T.);
#3229=EDGE_CURVE('',#3852,#3457,#4233,.T.);
#3230=EDGE_CURVE('',#3852,#3851,#4234,.T.);
#3231=EDGE_CURVE('',#3853,#3456,#4235,.T.);
#3232=EDGE_CURVE('',#3853,#3852,#4236,.T.);
#3233=EDGE_CURVE('',#3854,#3455,#4237,.T.);
#3234=EDGE_CURVE('',#3854,#3853,#4238,.T.);
#3235=EDGE_CURVE('',#3855,#3454,#4239,.T.);
#3236=EDGE_CURVE('',#3855,#3854,#4240,.T.);
#3237=EDGE_CURVE('',#3856,#3453,#4241,.T.);
#3238=EDGE_CURVE('',#3856,#3855,#4242,.T.);
#3239=EDGE_CURVE('',#3857,#3452,#4243,.T.);
#3240=EDGE_CURVE('',#3857,#3856,#4244,.T.);
#3241=EDGE_CURVE('',#3847,#3857,#4245,.T.);
#3242=EDGE_CURVE('',#3858,#3423,#4246,.T.);
#3243=EDGE_CURVE('',#3858,#3859,#651,.F.);
#3244=EDGE_CURVE('',#3859,#3422,#4247,.T.);
#3245=EDGE_CURVE('',#3860,#3449,#4248,.T.);
#3246=EDGE_CURVE('',#3860,#3858,#652,.F.);
#3247=EDGE_CURVE('',#3861,#3448,#4249,.T.);
#3248=EDGE_CURVE('',#3861,#3860,#4250,.T.);
#3249=EDGE_CURVE('',#3862,#3447,#4251,.T.);
#3250=EDGE_CURVE('',#3862,#3861,#294,.T.);
#3251=EDGE_CURVE('',#3863,#3446,#4252,.T.);
#3252=EDGE_CURVE('',#3863,#3862,#653,.T.);
#3253=EDGE_CURVE('',#3864,#3445,#4253,.T.);
#3254=EDGE_CURVE('',#3864,#3863,#295,.T.);
#3255=EDGE_CURVE('',#3865,#3444,#4254,.T.);
#3256=EDGE_CURVE('',#3865,#3864,#296,.T.);
#3257=EDGE_CURVE('',#3866,#3443,#4255,.T.);
#3258=EDGE_CURVE('',#3866,#3865,#297,.T.);
#3259=EDGE_CURVE('',#3867,#3442,#4256,.T.);
#3260=EDGE_CURVE('',#3867,#3866,#298,.T.);
#3261=EDGE_CURVE('',#3868,#3441,#4257,.T.);
#3262=EDGE_CURVE('',#3868,#3867,#4258,.T.);
#3263=EDGE_CURVE('',#3869,#3440,#4259,.T.);
#3264=EDGE_CURVE('',#3869,#3868,#4260,.T.);
#3265=EDGE_CURVE('',#3870,#3439,#4261,.T.);
#3266=EDGE_CURVE('',#3870,#3869,#4262,.T.);
#3267=EDGE_CURVE('',#3871,#3438,#4263,.T.);
#3268=EDGE_CURVE('',#3871,#3870,#299,.T.);
#3269=EDGE_CURVE('',#3872,#3437,#4264,.T.);
#3270=EDGE_CURVE('',#3872,#3871,#300,.T.);
#3271=EDGE_CURVE('',#3873,#3436,#4265,.T.);
#3272=EDGE_CURVE('',#3873,#3872,#654,.T.);
#3273=EDGE_CURVE('',#3874,#3435,#4266,.T.);
#3274=EDGE_CURVE('',#3874,#3873,#655,.T.);
#3275=EDGE_CURVE('',#3875,#3434,#4267,.T.);
#3276=EDGE_CURVE('',#3875,#3874,#4268,.T.);
#3277=EDGE_CURVE('',#3876,#3433,#4269,.T.);
#3278=EDGE_CURVE('',#3876,#3875,#656,.F.);
#3279=EDGE_CURVE('',#3877,#3432,#4270,.T.);
#3280=EDGE_CURVE('',#3877,#3876,#657,.F.);
#3281=EDGE_CURVE('',#3878,#3431,#4271,.T.);
#3282=EDGE_CURVE('',#3878,#3877,#301,.T.);
#3283=EDGE_CURVE('',#3879,#3430,#4272,.T.);
#3284=EDGE_CURVE('',#3879,#3878,#302,.T.);
#3285=EDGE_CURVE('',#3880,#3429,#4273,.T.);
#3286=EDGE_CURVE('',#3880,#3879,#303,.T.);
#3287=EDGE_CURVE('',#3881,#3428,#4274,.T.);
#3288=EDGE_CURVE('',#3881,#3880,#304,.T.);
#3289=EDGE_CURVE('',#3882,#3427,#4275,.T.);
#3290=EDGE_CURVE('',#3882,#3881,#4276,.T.);
#3291=EDGE_CURVE('',#3883,#3426,#4277,.T.);
#3292=EDGE_CURVE('',#3883,#3882,#305,.T.);
#3293=EDGE_CURVE('',#3884,#3425,#4278,.T.);
#3294=EDGE_CURVE('',#3884,#3883,#306,.T.);
#3295=EDGE_CURVE('',#3885,#3424,#4279,.T.);
#3296=EDGE_CURVE('',#3885,#3884,#307,.T.);
#3297=EDGE_CURVE('',#3859,#3885,#308,.T.);
#3298=VERTEX_POINT('',#7645);
#3299=VERTEX_POINT('',#7646);
#3300=VERTEX_POINT('',#7648);
#3301=VERTEX_POINT('',#7650);
#3302=VERTEX_POINT('',#7654);
#3303=VERTEX_POINT('',#7655);
#3304=VERTEX_POINT('',#7657);
#3305=VERTEX_POINT('',#7659);
#3306=VERTEX_POINT('',#7663);
#3307=VERTEX_POINT('',#7664);
#3308=VERTEX_POINT('',#7666);
#3309=VERTEX_POINT('',#7668);
#3310=VERTEX_POINT('',#7672);
#3311=VERTEX_POINT('',#7673);
#3312=VERTEX_POINT('',#7675);
#3313=VERTEX_POINT('',#7677);
#3314=VERTEX_POINT('',#7681);
#3315=VERTEX_POINT('',#7682);
#3316=VERTEX_POINT('',#7684);
#3317=VERTEX_POINT('',#7686);
#3318=VERTEX_POINT('',#7690);
#3319=VERTEX_POINT('',#7691);
#3320=VERTEX_POINT('',#7693);
#3321=VERTEX_POINT('',#7695);
#3322=VERTEX_POINT('',#7699);
#3323=VERTEX_POINT('',#7700);
#3324=VERTEX_POINT('',#7702);
#3325=VERTEX_POINT('',#7704);
#3326=VERTEX_POINT('',#7708);
#3327=VERTEX_POINT('',#7709);
#3328=VERTEX_POINT('',#7711);
#3329=VERTEX_POINT('',#7713);
#3330=VERTEX_POINT('',#7717);
#3331=VERTEX_POINT('',#7718);
#3332=VERTEX_POINT('',#7720);
#3333=VERTEX_POINT('',#7722);
#3334=VERTEX_POINT('',#7726);
#3335=VERTEX_POINT('',#7727);
#3336=VERTEX_POINT('',#7729);
#3337=VERTEX_POINT('',#7731);
#3338=VERTEX_POINT('',#7735);
#3339=VERTEX_POINT('',#7736);
#3340=VERTEX_POINT('',#7738);
#3341=VERTEX_POINT('',#7740);
#3342=VERTEX_POINT('',#7744);
#3343=VERTEX_POINT('',#7745);
#3344=VERTEX_POINT('',#7747);
#3345=VERTEX_POINT('',#7749);
#3346=VERTEX_POINT('',#7753);
#3347=VERTEX_POINT('',#7754);
#3348=VERTEX_POINT('',#7756);
#3349=VERTEX_POINT('',#7758);
#3350=VERTEX_POINT('',#7762);
#3351=VERTEX_POINT('',#7763);
#3352=VERTEX_POINT('',#7765);
#3353=VERTEX_POINT('',#7767);
#3354=VERTEX_POINT('',#7771);
#3355=VERTEX_POINT('',#7772);
#3356=VERTEX_POINT('',#7774);
#3357=VERTEX_POINT('',#7776);
#3358=VERTEX_POINT('',#7780);
#3359=VERTEX_POINT('',#7781);
#3360=VERTEX_POINT('',#7783);
#3361=VERTEX_POINT('',#7785);
#3362=VERTEX_POINT('',#7789);
#3363=VERTEX_POINT('',#7790);
#3364=VERTEX_POINT('',#7792);
#3365=VERTEX_POINT('',#7794);
#3366=VERTEX_POINT('',#7798);
#3367=VERTEX_POINT('',#7799);
#3368=VERTEX_POINT('',#7801);
#3369=VERTEX_POINT('',#7803);
#3370=VERTEX_POINT('',#7807);
#3371=VERTEX_POINT('',#7808);
#3372=VERTEX_POINT('',#7810);
#3373=VERTEX_POINT('',#7812);
#3374=VERTEX_POINT('',#7816);
#3375=VERTEX_POINT('',#7817);
#3376=VERTEX_POINT('',#7819);
#3377=VERTEX_POINT('',#7821);
#3378=VERTEX_POINT('',#7825);
#3379=VERTEX_POINT('',#7826);
#3380=VERTEX_POINT('',#7828);
#3381=VERTEX_POINT('',#7830);
#3382=VERTEX_POINT('',#7834);
#3383=VERTEX_POINT('',#7835);
#3384=VERTEX_POINT('',#7837);
#3385=VERTEX_POINT('',#7839);
#3386=VERTEX_POINT('',#7843);
#3387=VERTEX_POINT('',#7844);
#3388=VERTEX_POINT('',#7846);
#3389=VERTEX_POINT('',#7848);
#3390=VERTEX_POINT('',#7852);
#3391=VERTEX_POINT('',#7853);
#3392=VERTEX_POINT('',#7855);
#3393=VERTEX_POINT('',#7857);
#3394=VERTEX_POINT('',#7861);
#3395=VERTEX_POINT('',#7862);
#3396=VERTEX_POINT('',#7864);
#3397=VERTEX_POINT('',#7866);
#3398=VERTEX_POINT('',#7870);
#3399=VERTEX_POINT('',#7871);
#3400=VERTEX_POINT('',#7873);
#3401=VERTEX_POINT('',#7875);
#3402=VERTEX_POINT('',#7879);
#3403=VERTEX_POINT('',#7880);
#3404=VERTEX_POINT('',#7882);
#3405=VERTEX_POINT('',#7884);
#3406=VERTEX_POINT('',#7888);
#3407=VERTEX_POINT('',#7889);
#3408=VERTEX_POINT('',#7891);
#3409=VERTEX_POINT('',#7893);
#3410=VERTEX_POINT('',#7897);
#3411=VERTEX_POINT('',#7898);
#3412=VERTEX_POINT('',#7900);
#3413=VERTEX_POINT('',#7902);
#3414=VERTEX_POINT('',#7906);
#3415=VERTEX_POINT('',#7907);
#3416=VERTEX_POINT('',#7909);
#3417=VERTEX_POINT('',#7911);
#3418=VERTEX_POINT('',#7915);
#3419=VERTEX_POINT('',#7916);
#3420=VERTEX_POINT('',#7918);
#3421=VERTEX_POINT('',#7920);
#3422=VERTEX_POINT('',#7924);
#3423=VERTEX_POINT('',#7925);
#3424=VERTEX_POINT('',#7929);
#3425=VERTEX_POINT('',#7933);
#3426=VERTEX_POINT('',#7937);
#3427=VERTEX_POINT('',#7941);
#3428=VERTEX_POINT('',#7943);
#3429=VERTEX_POINT('',#7947);
#3430=VERTEX_POINT('',#7951);
#3431=VERTEX_POINT('',#7955);
#3432=VERTEX_POINT('',#7959);
#3433=VERTEX_POINT('',#7961);
#3434=VERTEX_POINT('',#7963);
#3435=VERTEX_POINT('',#7965);
#3436=VERTEX_POINT('',#7967);
#3437=VERTEX_POINT('',#7969);
#3438=VERTEX_POINT('',#7973);
#3439=VERTEX_POINT('',#7977);
#3440=VERTEX_POINT('',#7979);
#3441=VERTEX_POINT('',#7981);
#3442=VERTEX_POINT('',#7983);
#3443=VERTEX_POINT('',#7987);
#3444=VERTEX_POINT('',#7991);
#3445=VERTEX_POINT('',#7995);
#3446=VERTEX_POINT('',#7999);
#3447=VERTEX_POINT('',#8001);
#3448=VERTEX_POINT('',#8005);
#3449=VERTEX_POINT('',#8007);
#3450=VERTEX_POINT('',#8010);
#3451=VERTEX_POINT('',#8011);
#3452=VERTEX_POINT('',#8013);
#3453=VERTEX_POINT('',#8015);
#3454=VERTEX_POINT('',#8017);
#3455=VERTEX_POINT('',#8019);
#3456=VERTEX_POINT('',#8021);
#3457=VERTEX_POINT('',#8023);
#3458=VERTEX_POINT('',#8025);
#3459=VERTEX_POINT('',#8027);
#3460=VERTEX_POINT('',#8029);
#3461=VERTEX_POINT('',#8031);
#3462=VERTEX_POINT('',#8036);
#3463=VERTEX_POINT('',#8037);
#3464=VERTEX_POINT('',#8039);
#3465=VERTEX_POINT('',#8041);
#3466=VERTEX_POINT('',#8045);
#3467=VERTEX_POINT('',#8049);
#3468=VERTEX_POINT('',#8053);
#3469=VERTEX_POINT('',#8057);
#3470=VERTEX_POINT('',#8061);
#3471=VERTEX_POINT('',#8063);
#3472=VERTEX_POINT('',#8067);
#3473=VERTEX_POINT('',#8071);
#3474=VERTEX_POINT('',#8075);
#3475=VERTEX_POINT('',#8079);
#3476=VERTEX_POINT('',#8081);
#3477=VERTEX_POINT('',#8086);
#3478=VERTEX_POINT('',#8087);
#3479=VERTEX_POINT('',#8089);
#3480=VERTEX_POINT('',#8091);
#3481=VERTEX_POINT('',#8094);
#3482=VERTEX_POINT('',#8095);
#3483=VERTEX_POINT('',#8097);
#3484=VERTEX_POINT('',#8099);
#3485=VERTEX_POINT('',#8101);
#3486=VERTEX_POINT('',#8103);
#3487=VERTEX_POINT('',#8105);
#3488=VERTEX_POINT('',#8109);
#3489=VERTEX_POINT('',#8111);
#3490=VERTEX_POINT('',#8113);
#3491=VERTEX_POINT('',#8117);
#3492=VERTEX_POINT('',#8121);
#3493=VERTEX_POINT('',#8123);
#3494=VERTEX_POINT('',#8127);
#3495=VERTEX_POINT('',#8129);
#3496=VERTEX_POINT('',#8133);
#3497=VERTEX_POINT('',#8137);
#3498=VERTEX_POINT('',#8141);
#3499=VERTEX_POINT('',#8145);
#3500=VERTEX_POINT('',#8149);
#3501=VERTEX_POINT('',#8152);
#3502=VERTEX_POINT('',#8153);
#3503=VERTEX_POINT('',#8155);
#3504=VERTEX_POINT('',#8157);
#3505=VERTEX_POINT('',#8159);
#3506=VERTEX_POINT('',#8161);
#3507=VERTEX_POINT('',#8163);
#3508=VERTEX_POINT('',#8165);
#3509=VERTEX_POINT('',#8167);
#3510=VERTEX_POINT('',#8169);
#3511=VERTEX_POINT('',#8171);
#3512=VERTEX_POINT('',#8173);
#3513=VERTEX_POINT('',#8175);
#3514=VERTEX_POINT('',#8177);
#3515=VERTEX_POINT('',#8179);
#3516=VERTEX_POINT('',#8182);
#3517=VERTEX_POINT('',#8184);
#3518=VERTEX_POINT('',#8185);
#3519=VERTEX_POINT('',#8238);
#3520=VERTEX_POINT('',#8240);
#3521=VERTEX_POINT('',#8242);
#3522=VERTEX_POINT('',#8244);
#3523=VERTEX_POINT('',#8297);
#3524=VERTEX_POINT('',#8299);
#3525=VERTEX_POINT('',#8301);
#3526=VERTEX_POINT('',#8303);
#3527=VERTEX_POINT('',#8356);
#3528=VERTEX_POINT('',#8358);
#3529=VERTEX_POINT('',#8360);
#3530=VERTEX_POINT('',#8362);
#3531=VERTEX_POINT('',#8415);
#3532=VERTEX_POINT('',#8417);
#3533=VERTEX_POINT('',#8419);
#3534=VERTEX_POINT('',#8421);
#3535=VERTEX_POINT('',#8474);
#3536=VERTEX_POINT('',#8476);
#3537=VERTEX_POINT('',#8478);
#3538=VERTEX_POINT('',#8480);
#3539=VERTEX_POINT('',#8533);
#3540=VERTEX_POINT('',#8535);
#3541=VERTEX_POINT('',#8537);
#3542=VERTEX_POINT('',#8539);
#3543=VERTEX_POINT('',#8566);
#3544=VERTEX_POINT('',#8568);
#3545=VERTEX_POINT('',#8595);
#3546=VERTEX_POINT('',#8597);
#3547=VERTEX_POINT('',#8599);
#3548=VERTEX_POINT('',#8601);
#3549=VERTEX_POINT('',#8654);
#3550=VERTEX_POINT('',#8656);
#3551=VERTEX_POINT('',#8658);
#3552=VERTEX_POINT('',#8660);
#3553=VERTEX_POINT('',#8713);
#3554=VERTEX_POINT('',#8715);
#3555=VERTEX_POINT('',#8717);
#3556=VERTEX_POINT('',#8719);
#3557=VERTEX_POINT('',#8772);
#3558=VERTEX_POINT('',#8774);
#3559=VERTEX_POINT('',#8776);
#3560=VERTEX_POINT('',#8778);
#3561=VERTEX_POINT('',#8831);
#3562=VERTEX_POINT('',#8833);
#3563=VERTEX_POINT('',#8835);
#3564=VERTEX_POINT('',#8837);
#3565=VERTEX_POINT('',#8890);
#3566=VERTEX_POINT('',#8892);
#3567=VERTEX_POINT('',#8894);
#3568=VERTEX_POINT('',#8896);
#3569=VERTEX_POINT('',#8949);
#3570=VERTEX_POINT('',#8951);
#3571=VERTEX_POINT('',#8953);
#3572=VERTEX_POINT('',#8955);
#3573=VERTEX_POINT('',#9008);
#3574=VERTEX_POINT('',#9010);
#3575=VERTEX_POINT('',#9012);
#3576=VERTEX_POINT('',#9014);
#3577=VERTEX_POINT('',#9067);
#3578=VERTEX_POINT('',#9069);
#3579=VERTEX_POINT('',#9071);
#3580=VERTEX_POINT('',#9073);
#3581=VERTEX_POINT('',#9126);
#3582=VERTEX_POINT('',#9128);
#3583=VERTEX_POINT('',#9130);
#3584=VERTEX_POINT('',#9132);
#3585=VERTEX_POINT('',#9185);
#3586=VERTEX_POINT('',#9187);
#3587=VERTEX_POINT('',#9189);
#3588=VERTEX_POINT('',#9191);
#3589=VERTEX_POINT('',#9244);
#3590=VERTEX_POINT('',#9246);
#3591=VERTEX_POINT('',#9248);
#3592=VERTEX_POINT('',#9250);
#3593=VERTEX_POINT('',#9303);
#3594=VERTEX_POINT('',#9305);
#3595=VERTEX_POINT('',#9307);
#3596=VERTEX_POINT('',#9309);
#3597=VERTEX_POINT('',#9362);
#3598=VERTEX_POINT('',#9364);
#3599=VERTEX_POINT('',#9366);
#3600=VERTEX_POINT('',#9368);
#3601=VERTEX_POINT('',#9421);
#3602=VERTEX_POINT('',#9423);
#3603=VERTEX_POINT('',#9425);
#3604=VERTEX_POINT('',#9427);
#3605=VERTEX_POINT('',#9480);
#3606=VERTEX_POINT('',#9482);
#3607=VERTEX_POINT('',#9484);
#3608=VERTEX_POINT('',#9486);
#3609=VERTEX_POINT('',#9539);
#3610=VERTEX_POINT('',#9541);
#3611=VERTEX_POINT('',#9543);
#3612=VERTEX_POINT('',#9545);
#3613=VERTEX_POINT('',#9598);
#3614=VERTEX_POINT('',#9600);
#3615=VERTEX_POINT('',#9602);
#3616=VERTEX_POINT('',#9604);
#3617=VERTEX_POINT('',#9657);
#3618=VERTEX_POINT('',#9659);
#3619=VERTEX_POINT('',#9661);
#3620=VERTEX_POINT('',#9663);
#3621=VERTEX_POINT('',#9716);
#3622=VERTEX_POINT('',#9718);
#3623=VERTEX_POINT('',#9720);
#3624=VERTEX_POINT('',#9722);
#3625=VERTEX_POINT('',#9775);
#3626=VERTEX_POINT('',#9777);
#3627=VERTEX_POINT('',#9779);
#3628=VERTEX_POINT('',#9781);
#3629=VERTEX_POINT('',#9834);
#3630=VERTEX_POINT('',#9836);
#3631=VERTEX_POINT('',#9838);
#3632=VERTEX_POINT('',#9840);
#3633=VERTEX_POINT('',#9893);
#3634=VERTEX_POINT('',#9895);
#3635=VERTEX_POINT('',#9897);
#3636=VERTEX_POINT('',#9899);
#3637=VERTEX_POINT('',#9952);
#3638=VERTEX_POINT('',#9954);
#3639=VERTEX_POINT('',#9956);
#3640=VERTEX_POINT('',#9958);
#3641=VERTEX_POINT('',#10011);
#3642=VERTEX_POINT('',#10013);
#3643=VERTEX_POINT('',#10015);
#3644=VERTEX_POINT('',#10017);
#3645=VERTEX_POINT('',#10070);
#3646=VERTEX_POINT('',#10072);
#3647=VERTEX_POINT('',#10076);
#3648=VERTEX_POINT('',#10078);
#3649=VERTEX_POINT('',#10082);
#3650=VERTEX_POINT('',#10084);
#3651=VERTEX_POINT('',#10085);
#3652=VERTEX_POINT('',#10138);
#3653=VERTEX_POINT('',#10140);
#3654=VERTEX_POINT('',#10142);
#3655=VERTEX_POINT('',#10144);
#3656=VERTEX_POINT('',#10197);
#3657=VERTEX_POINT('',#10199);
#3658=VERTEX_POINT('',#10201);
#3659=VERTEX_POINT('',#10203);
#3660=VERTEX_POINT('',#10256);
#3661=VERTEX_POINT('',#10258);
#3662=VERTEX_POINT('',#10260);
#3663=VERTEX_POINT('',#10262);
#3664=VERTEX_POINT('',#10315);
#3665=VERTEX_POINT('',#10317);
#3666=VERTEX_POINT('',#10319);
#3667=VERTEX_POINT('',#10321);
#3668=VERTEX_POINT('',#10374);
#3669=VERTEX_POINT('',#10376);
#3670=VERTEX_POINT('',#10378);
#3671=VERTEX_POINT('',#10380);
#3672=VERTEX_POINT('',#10433);
#3673=VERTEX_POINT('',#10435);
#3674=VERTEX_POINT('',#10437);
#3675=VERTEX_POINT('',#10439);
#3676=VERTEX_POINT('',#10492);
#3677=VERTEX_POINT('',#10494);
#3678=VERTEX_POINT('',#10496);
#3679=VERTEX_POINT('',#10498);
#3680=VERTEX_POINT('',#10551);
#3681=VERTEX_POINT('',#10553);
#3682=VERTEX_POINT('',#10555);
#3683=VERTEX_POINT('',#10557);
#3684=VERTEX_POINT('',#10610);
#3685=VERTEX_POINT('',#10612);
#3686=VERTEX_POINT('',#10614);
#3687=VERTEX_POINT('',#10616);
#3688=VERTEX_POINT('',#10669);
#3689=VERTEX_POINT('',#10671);
#3690=VERTEX_POINT('',#10673);
#3691=VERTEX_POINT('',#10675);
#3692=VERTEX_POINT('',#10728);
#3693=VERTEX_POINT('',#10730);
#3694=VERTEX_POINT('',#10732);
#3695=VERTEX_POINT('',#10734);
#3696=VERTEX_POINT('',#10787);
#3697=VERTEX_POINT('',#10789);
#3698=VERTEX_POINT('',#10791);
#3699=VERTEX_POINT('',#10793);
#3700=VERTEX_POINT('',#10846);
#3701=VERTEX_POINT('',#10848);
#3702=VERTEX_POINT('',#10850);
#3703=VERTEX_POINT('',#10852);
#3704=VERTEX_POINT('',#10905);
#3705=VERTEX_POINT('',#10907);
#3706=VERTEX_POINT('',#10909);
#3707=VERTEX_POINT('',#10911);
#3708=VERTEX_POINT('',#10964);
#3709=VERTEX_POINT('',#10966);
#3710=VERTEX_POINT('',#10968);
#3711=VERTEX_POINT('',#10970);
#3712=VERTEX_POINT('',#11023);
#3713=VERTEX_POINT('',#11025);
#3714=VERTEX_POINT('',#11027);
#3715=VERTEX_POINT('',#11029);
#3716=VERTEX_POINT('',#11082);
#3717=VERTEX_POINT('',#11084);
#3718=VERTEX_POINT('',#11086);
#3719=VERTEX_POINT('',#11088);
#3720=VERTEX_POINT('',#11141);
#3721=VERTEX_POINT('',#11143);
#3722=VERTEX_POINT('',#11145);
#3723=VERTEX_POINT('',#11147);
#3724=VERTEX_POINT('',#11200);
#3725=VERTEX_POINT('',#11202);
#3726=VERTEX_POINT('',#11204);
#3727=VERTEX_POINT('',#11206);
#3728=VERTEX_POINT('',#11259);
#3729=VERTEX_POINT('',#11261);
#3730=VERTEX_POINT('',#11263);
#3731=VERTEX_POINT('',#11265);
#3732=VERTEX_POINT('',#11318);
#3733=VERTEX_POINT('',#11320);
#3734=VERTEX_POINT('',#11322);
#3735=VERTEX_POINT('',#11324);
#3736=VERTEX_POINT('',#11377);
#3737=VERTEX_POINT('',#11379);
#3738=VERTEX_POINT('',#11381);
#3739=VERTEX_POINT('',#11383);
#3740=VERTEX_POINT('',#11436);
#3741=VERTEX_POINT('',#11438);
#3742=VERTEX_POINT('',#11440);
#3743=VERTEX_POINT('',#11442);
#3744=VERTEX_POINT('',#11495);
#3745=VERTEX_POINT('',#11497);
#3746=VERTEX_POINT('',#11499);
#3747=VERTEX_POINT('',#11501);
#3748=VERTEX_POINT('',#11554);
#3749=VERTEX_POINT('',#11556);
#3750=VERTEX_POINT('',#11558);
#3751=VERTEX_POINT('',#11560);
#3752=VERTEX_POINT('',#11613);
#3753=VERTEX_POINT('',#11615);
#3754=VERTEX_POINT('',#11617);
#3755=VERTEX_POINT('',#11619);
#3756=VERTEX_POINT('',#11672);
#3757=VERTEX_POINT('',#11674);
#3758=VERTEX_POINT('',#11676);
#3759=VERTEX_POINT('',#11678);
#3760=VERTEX_POINT('',#11731);
#3761=VERTEX_POINT('',#11733);
#3762=VERTEX_POINT('',#11735);
#3763=VERTEX_POINT('',#11737);
#3764=VERTEX_POINT('',#11790);
#3765=VERTEX_POINT('',#11792);
#3766=VERTEX_POINT('',#11794);
#3767=VERTEX_POINT('',#11796);
#3768=VERTEX_POINT('',#11849);
#3769=VERTEX_POINT('',#11851);
#3770=VERTEX_POINT('',#11853);
#3771=VERTEX_POINT('',#11855);
#3772=VERTEX_POINT('',#11908);
#3773=VERTEX_POINT('',#11910);
#3774=VERTEX_POINT('',#11912);
#3775=VERTEX_POINT('',#11914);
#3776=VERTEX_POINT('',#11967);
#3777=VERTEX_POINT('',#11969);
#3778=VERTEX_POINT('',#13861);
#3779=VERTEX_POINT('',#13864);
#3780=VERTEX_POINT('',#13865);
#3781=VERTEX_POINT('',#13867);
#3782=VERTEX_POINT('',#13869);
#3783=VERTEX_POINT('',#13871);
#3784=VERTEX_POINT('',#13873);
#3785=VERTEX_POINT('',#13877);
#3786=VERTEX_POINT('',#13880);
#3787=VERTEX_POINT('',#13881);
#3788=VERTEX_POINT('',#13883);
#3789=VERTEX_POINT('',#13885);
#3790=VERTEX_POINT('',#13887);
#3791=VERTEX_POINT('',#13889);
#3792=VERTEX_POINT('',#13905);
#3793=VERTEX_POINT('',#13907);
#3794=VERTEX_POINT('',#13911);
#3795=VERTEX_POINT('',#13915);
#3796=VERTEX_POINT('',#13919);
#3797=VERTEX_POINT('',#13923);
#3798=VERTEX_POINT('',#13927);
#3799=VERTEX_POINT('',#13931);
#3800=VERTEX_POINT('',#13935);
#3801=VERTEX_POINT('',#13939);
#3802=VERTEX_POINT('',#13943);
#3803=VERTEX_POINT('',#13947);
#3804=VERTEX_POINT('',#13951);
#3805=VERTEX_POINT('',#13955);
#3806=VERTEX_POINT('',#13959);
#3807=VERTEX_POINT('',#13966);
#3808=VERTEX_POINT('',#13968);
#3809=VERTEX_POINT('',#13972);
#3810=VERTEX_POINT('',#13983);
#3811=VERTEX_POINT('',#13996);
#3812=VERTEX_POINT('',#14009);
#3813=VERTEX_POINT('',#14022);
#3814=VERTEX_POINT('',#14035);
#3815=VERTEX_POINT('',#14041);
#3816=VERTEX_POINT('',#14052);
#3817=VERTEX_POINT('',#14058);
#3818=VERTEX_POINT('',#14069);
#3819=VERTEX_POINT('',#14082);
#3820=VERTEX_POINT('',#14088);
#3821=VERTEX_POINT('',#14092);
#3822=VERTEX_POINT('',#14103);
#3823=VERTEX_POINT('',#14109);
#3824=VERTEX_POINT('',#14113);
#3825=VERTEX_POINT('',#14117);
#3826=VERTEX_POINT('',#14121);
#3827=VERTEX_POINT('',#14128);
#3828=VERTEX_POINT('',#14130);
#3829=VERTEX_POINT('',#14134);
#3830=VERTEX_POINT('',#14138);
#3831=VERTEX_POINT('',#14152);
#3832=VERTEX_POINT('',#14156);
#3833=VERTEX_POINT('',#14167);
#3834=VERTEX_POINT('',#14173);
#3835=VERTEX_POINT('',#14184);
#3836=VERTEX_POINT('',#14197);
#3837=VERTEX_POINT('',#14210);
#3838=VERTEX_POINT('',#14223);
#3839=VERTEX_POINT('',#14229);
#3840=VERTEX_POINT('',#14240);
#3841=VERTEX_POINT('',#14253);
#3842=VERTEX_POINT('',#14266);
#3843=VERTEX_POINT('',#14279);
#3844=VERTEX_POINT('',#14292);
#3845=VERTEX_POINT('',#14298);
#3846=VERTEX_POINT('',#14305);
#3847=VERTEX_POINT('',#14307);
#3848=VERTEX_POINT('',#14311);
#3849=VERTEX_POINT('',#14315);
#3850=VERTEX_POINT('',#14319);
#3851=VERTEX_POINT('',#14323);
#3852=VERTEX_POINT('',#14327);
#3853=VERTEX_POINT('',#14331);
#3854=VERTEX_POINT('',#14335);
#3855=VERTEX_POINT('',#14339);
#3856=VERTEX_POINT('',#14343);
#3857=VERTEX_POINT('',#14347);
#3858=VERTEX_POINT('',#14354);
#3859=VERTEX_POINT('',#14356);
#3860=VERTEX_POINT('',#14360);
#3861=VERTEX_POINT('',#14364);
#3862=VERTEX_POINT('',#14375);
#3863=VERTEX_POINT('',#14381);
#3864=VERTEX_POINT('',#14392);
#3865=VERTEX_POINT('',#14405);
#3866=VERTEX_POINT('',#14418);
#3867=VERTEX_POINT('',#14431);
#3868=VERTEX_POINT('',#14437);
#3869=VERTEX_POINT('',#14441);
#3870=VERTEX_POINT('',#14445);
#3871=VERTEX_POINT('',#14456);
#3872=VERTEX_POINT('',#14469);
#3873=VERTEX_POINT('',#14475);
#3874=VERTEX_POINT('',#14479);
#3875=VERTEX_POINT('',#14483);
#3876=VERTEX_POINT('',#14487);
#3877=VERTEX_POINT('',#14491);
#3878=VERTEX_POINT('',#14502);
#3879=VERTEX_POINT('',#14515);
#3880=VERTEX_POINT('',#14528);
#3881=VERTEX_POINT('',#14541);
#3882=VERTEX_POINT('',#14547);
#3883=VERTEX_POINT('',#14558);
#3884=VERTEX_POINT('',#14571);
#3885=VERTEX_POINT('',#14584);
#3886=LINE('',#7644,#4280);
#3887=LINE('',#7649,#4281);
#3888=LINE('',#7656,#4282);
#3889=LINE('',#7660,#4283);
#3890=LINE('',#7662,#4284);
#3891=LINE('',#7667,#4285);
#3892=LINE('',#7674,#4286);
#3893=LINE('',#7678,#4287);
#3894=LINE('',#7683,#4288);
#3895=LINE('',#7687,#4289);
#3896=LINE('',#7692,#4290);
#3897=LINE('',#7696,#4291);
#3898=LINE('',#7701,#4292);
#3899=LINE('',#7705,#4293);
#3900=LINE('',#7707,#4294);
#3901=LINE('',#7712,#4295);
#3902=LINE('',#7719,#4296);
#3903=LINE('',#7723,#4297);
#3904=LINE('',#7725,#4298);
#3905=LINE('',#7730,#4299);
#3906=LINE('',#7737,#4300);
#3907=LINE('',#7741,#4301);
#3908=LINE('',#7746,#4302);
#3909=LINE('',#7750,#4303);
#3910=LINE('',#7755,#4304);
#3911=LINE('',#7759,#4305);
#3912=LINE('',#7764,#4306);
#3913=LINE('',#7768,#4307);
#3914=LINE('',#7773,#4308);
#3915=LINE('',#7777,#4309);
#3916=LINE('',#7779,#4310);
#3917=LINE('',#7784,#4311);
#3918=LINE('',#7791,#4312);
#3919=LINE('',#7795,#4313);
#3920=LINE('',#7797,#4314);
#3921=LINE('',#7802,#4315);
#3922=LINE('',#7809,#4316);
#3923=LINE('',#7813,#4317);
#3924=LINE('',#7818,#4318);
#3925=LINE('',#7822,#4319);
#3926=LINE('',#7827,#4320);
#3927=LINE('',#7831,#4321);
#3928=LINE('',#7836,#4322);
#3929=LINE('',#7840,#4323);
#3930=LINE('',#7845,#4324);
#3931=LINE('',#7849,#4325);
#3932=LINE('',#7851,#4326);
#3933=LINE('',#7856,#4327);
#3934=LINE('',#7863,#4328);
#3935=LINE('',#7867,#4329);
#3936=LINE('',#7869,#4330);
#3937=LINE('',#7874,#4331);
#3938=LINE('',#7881,#4332);
#3939=LINE('',#7885,#4333);
#3940=LINE('',#7890,#4334);
#3941=LINE('',#7894,#4335);
#3942=LINE('',#7899,#4336);
#3943=LINE('',#7903,#4337);
#3944=LINE('',#7908,#4338);
#3945=LINE('',#7912,#4339);
#3946=LINE('',#7917,#4340);
#3947=LINE('',#7921,#4341);
#3948=LINE('',#7942,#4342);
#3949=LINE('',#7964,#4343);
#3950=LINE('',#7978,#4344);
#3951=LINE('',#7980,#4345);
#3952=LINE('',#7982,#4346);
#3953=LINE('',#8006,#4347);
#3954=LINE('',#8009,#4348);
#3955=LINE('',#8012,#4349);
#3956=LINE('',#8014,#4350);
#3957=LINE('',#8016,#4351);
#3958=LINE('',#8018,#4352);
#3959=LINE('',#8020,#4353);
#3960=LINE('',#8022,#4354);
#3961=LINE('',#8024,#4355);
#3962=LINE('',#8026,#4356);
#3963=LINE('',#8028,#4357);
#3964=LINE('',#8030,#4358);
#3965=LINE('',#8032,#4359);
#3966=LINE('',#8038,#4360);
#3967=LINE('',#8062,#4361);
#3968=LINE('',#8085,#4362);
#3969=LINE('',#8088,#4363);
#3970=LINE('',#8090,#4364);
#3971=LINE('',#8092,#4365);
#3972=LINE('',#8093,#4366);
#3973=LINE('',#8096,#4367);
#3974=LINE('',#8098,#4368);
#3975=LINE('',#8100,#4369);
#3976=LINE('',#8102,#4370);
#3977=LINE('',#8104,#4371);
#3978=LINE('',#8128,#4372);
#3979=LINE('',#8150,#4373);
#3980=LINE('',#8151,#4374);
#3981=LINE('',#8154,#4375);
#3982=LINE('',#8156,#4376);
#3983=LINE('',#8158,#4377);
#3984=LINE('',#8160,#4378);
#3985=LINE('',#8162,#4379);
#3986=LINE('',#8166,#4380);
#3987=LINE('',#8168,#4381);
#3988=LINE('',#8170,#4382);
#3989=LINE('',#8172,#4383);
#3990=LINE('',#8174,#4384);
#3991=LINE('',#8176,#4385);
#3992=LINE('',#8178,#4386);
#3993=LINE('',#10075,#4387);
#3994=LINE('',#10079,#4388);
#3995=LINE('',#11997,#4389);
#3996=LINE('',#12024,#4390);
#3997=LINE('',#12026,#4391);
#3998=LINE('',#12027,#4392);
#3999=LINE('',#12056,#4393);
#4000=LINE('',#12083,#4394);
#4001=LINE('',#12085,#4395);
#4002=LINE('',#12086,#4396);
#4003=LINE('',#12115,#4397);
#4004=LINE('',#12142,#4398);
#4005=LINE('',#12144,#4399);
#4006=LINE('',#12145,#4400);
#4007=LINE('',#12174,#4401);
#4008=LINE('',#12201,#4402);
#4009=LINE('',#12203,#4403);
#4010=LINE('',#12204,#4404);
#4011=LINE('',#12233,#4405);
#4012=LINE('',#12260,#4406);
#4013=LINE('',#12262,#4407);
#4014=LINE('',#12263,#4408);
#4015=LINE('',#12292,#4409);
#4016=LINE('',#12319,#4410);
#4017=LINE('',#12321,#4411);
#4018=LINE('',#12322,#4412);
#4019=LINE('',#12351,#4413);
#4020=LINE('',#12378,#4414);
#4021=LINE('',#12380,#4415);
#4022=LINE('',#12381,#4416);
#4023=LINE('',#12410,#4417);
#4024=LINE('',#12437,#4418);
#4025=LINE('',#12439,#4419);
#4026=LINE('',#12440,#4420);
#4027=LINE('',#12469,#4421);
#4028=LINE('',#12496,#4422);
#4029=LINE('',#12498,#4423);
#4030=LINE('',#12499,#4424);
#4031=LINE('',#12528,#4425);
#4032=LINE('',#12555,#4426);
#4033=LINE('',#12557,#4427);
#4034=LINE('',#12558,#4428);
#4035=LINE('',#12587,#4429);
#4036=LINE('',#12614,#4430);
#4037=LINE('',#12616,#4431);
#4038=LINE('',#12617,#4432);
#4039=LINE('',#12646,#4433);
#4040=LINE('',#12673,#4434);
#4041=LINE('',#12675,#4435);
#4042=LINE('',#12676,#4436);
#4043=LINE('',#12705,#4437);
#4044=LINE('',#12732,#4438);
#4045=LINE('',#12734,#4439);
#4046=LINE('',#12735,#4440);
#4047=LINE('',#12764,#4441);
#4048=LINE('',#12791,#4442);
#4049=LINE('',#12793,#4443);
#4050=LINE('',#12794,#4444);
#4051=LINE('',#12823,#4445);
#4052=LINE('',#12850,#4446);
#4053=LINE('',#12852,#4447);
#4054=LINE('',#12853,#4448);
#4055=LINE('',#12882,#4449);
#4056=LINE('',#12909,#4450);
#4057=LINE('',#12911,#4451);
#4058=LINE('',#12912,#4452);
#4059=LINE('',#12941,#4453);
#4060=LINE('',#12968,#4454);
#4061=LINE('',#12970,#4455);
#4062=LINE('',#12971,#4456);
#4063=LINE('',#13000,#4457);
#4064=LINE('',#13027,#4458);
#4065=LINE('',#13029,#4459);
#4066=LINE('',#13030,#4460);
#4067=LINE('',#13059,#4461);
#4068=LINE('',#13086,#4462);
#4069=LINE('',#13088,#4463);
#4070=LINE('',#13089,#4464);
#4071=LINE('',#13118,#4465);
#4072=LINE('',#13145,#4466);
#4073=LINE('',#13147,#4467);
#4074=LINE('',#13148,#4468);
#4075=LINE('',#13177,#4469);
#4076=LINE('',#13204,#4470);
#4077=LINE('',#13206,#4471);
#4078=LINE('',#13207,#4472);
#4079=LINE('',#13236,#4473);
#4080=LINE('',#13263,#4474);
#4081=LINE('',#13265,#4475);
#4082=LINE('',#13266,#4476);
#4083=LINE('',#13295,#4477);
#4084=LINE('',#13322,#4478);
#4085=LINE('',#13324,#4479);
#4086=LINE('',#13325,#4480);
#4087=LINE('',#13354,#4481);
#4088=LINE('',#13381,#4482);
#4089=LINE('',#13383,#4483);
#4090=LINE('',#13384,#4484);
#4091=LINE('',#13413,#4485);
#4092=LINE('',#13440,#4486);
#4093=LINE('',#13442,#4487);
#4094=LINE('',#13443,#4488);
#4095=LINE('',#13472,#4489);
#4096=LINE('',#13499,#4490);
#4097=LINE('',#13501,#4491);
#4098=LINE('',#13502,#4492);
#4099=LINE('',#13531,#4493);
#4100=LINE('',#13558,#4494);
#4101=LINE('',#13560,#4495);
#4102=LINE('',#13561,#4496);
#4103=LINE('',#13590,#4497);
#4104=LINE('',#13617,#4498);
#4105=LINE('',#13619,#4499);
#4106=LINE('',#13620,#4500);
#4107=LINE('',#13649,#4501);
#4108=LINE('',#13676,#4502);
#4109=LINE('',#13678,#4503);
#4110=LINE('',#13679,#4504);
#4111=LINE('',#13708,#4505);
#4112=LINE('',#13735,#4506);
#4113=LINE('',#13737,#4507);
#4114=LINE('',#13738,#4508);
#4115=LINE('',#13767,#4509);
#4116=LINE('',#13794,#4510);
#4117=LINE('',#13796,#4511);
#4118=LINE('',#13797,#4512);
#4119=LINE('',#13826,#4513);
#4120=LINE('',#13853,#4514);
#4121=LINE('',#13855,#4515);
#4122=LINE('',#13856,#4516);
#4123=LINE('',#13863,#4517);
#4124=LINE('',#13866,#4518);
#4125=LINE('',#13868,#4519);
#4126=LINE('',#13870,#4520);
#4127=LINE('',#13872,#4521);
#4128=LINE('',#13874,#4522);
#4129=LINE('',#13879,#4523);
#4130=LINE('',#13882,#4524);
#4131=LINE('',#13884,#4525);
#4132=LINE('',#13886,#4526);
#4133=LINE('',#13888,#4527);
#4134=LINE('',#13890,#4528);
#4135=LINE('',#13892,#4529);
#4136=LINE('',#13893,#4530);
#4137=LINE('',#13895,#4531);
#4138=LINE('',#13897,#4532);
#4139=LINE('',#13899,#4533);
#4140=LINE('',#13901,#4534);
#4141=LINE('',#13904,#4535);
#4142=LINE('',#13906,#4536);
#4143=LINE('',#13908,#4537);
#4144=LINE('',#13910,#4538);
#4145=LINE('',#13914,#4539);
#4146=LINE('',#13916,#4540);
#4147=LINE('',#13918,#4541);
#4148=LINE('',#13920,#4542);
#4149=LINE('',#13922,#4543);
#4150=LINE('',#13924,#4544);
#4151=LINE('',#13926,#4545);
#4152=LINE('',#13928,#4546);
#4153=LINE('',#13930,#4547);
#4154=LINE('',#13932,#4548);
#4155=LINE('',#13934,#4549);
#4156=LINE('',#13936,#4550);
#4157=LINE('',#13938,#4551);
#4158=LINE('',#13940,#4552);
#4159=LINE('',#13942,#4553);
#4160=LINE('',#13946,#4554);
#4161=LINE('',#13948,#4555);
#4162=LINE('',#13950,#4556);
#4163=LINE('',#13952,#4557);
#4164=LINE('',#13954,#4558);
#4165=LINE('',#13956,#4559);
#4166=LINE('',#13958,#4560);
#4167=LINE('',#13960,#4561);
#4168=LINE('',#13962,#4562);
#4169=LINE('',#13965,#4563);
#4170=LINE('',#13967,#4564);
#4171=LINE('',#13969,#4565);
#4172=LINE('',#13971,#4566);
#4173=LINE('',#13973,#4567);
#4174=LINE('',#13982,#4568);
#4175=LINE('',#13995,#4569);
#4176=LINE('',#14008,#4570);
#4177=LINE('',#14021,#4571);
#4178=LINE('',#14034,#4572);
#4179=LINE('',#14040,#4573);
#4180=LINE('',#14042,#4574);
#4181=LINE('',#14051,#4575);
#4182=LINE('',#14057,#4576);
#4183=LINE('',#14068,#4577);
#4184=LINE('',#14081,#4578);
#4185=LINE('',#14087,#4579);
#4186=LINE('',#14091,#4580);
#4187=LINE('',#14102,#4581);
#4188=LINE('',#14108,#4582);
#4189=LINE('',#14110,#4583);
#4190=LINE('',#14112,#4584);
#4191=LINE('',#14114,#4585);
#4192=LINE('',#14116,#4586);
#4193=LINE('',#14118,#4587);
#4194=LINE('',#14120,#4588);
#4195=LINE('',#14122,#4589);
#4196=LINE('',#14124,#4590);
#4197=LINE('',#14127,#4591);
#4198=LINE('',#14129,#4592);
#4199=LINE('',#14131,#4593);
#4200=LINE('',#14133,#4594);
#4201=LINE('',#14135,#4595);
#4202=LINE('',#14137,#4596);
#4203=LINE('',#14139,#4597);
#4204=LINE('',#14141,#4598);
#4205=LINE('',#14151,#4599);
#4206=LINE('',#14157,#4600);
#4207=LINE('',#14166,#4601);
#4208=LINE('',#14172,#4602);
#4209=LINE('',#14183,#4603);
#4210=LINE('',#14196,#4604);
#4211=LINE('',#14209,#4605);
#4212=LINE('',#14222,#4606);
#4213=LINE('',#14228,#4607);
#4214=LINE('',#14230,#4608);
#4215=LINE('',#14239,#4609);
#4216=LINE('',#14252,#4610);
#4217=LINE('',#14265,#4611);
#4218=LINE('',#14278,#4612);
#4219=LINE('',#14291,#4613);
#4220=LINE('',#14297,#4614);
#4221=LINE('',#14301,#4615);
#4222=LINE('',#14304,#4616);
#4223=LINE('',#14306,#4617);
#4224=LINE('',#14308,#4618);
#4225=LINE('',#14310,#4619);
#4226=LINE('',#14312,#4620);
#4227=LINE('',#14314,#4621);
#4228=LINE('',#14316,#4622);
#4229=LINE('',#14318,#4623);
#4230=LINE('',#14320,#4624);
#4231=LINE('',#14322,#4625);
#4232=LINE('',#14324,#4626);
#4233=LINE('',#14326,#4627);
#4234=LINE('',#14328,#4628);
#4235=LINE('',#14330,#4629);
#4236=LINE('',#14332,#4630);
#4237=LINE('',#14334,#4631);
#4238=LINE('',#14336,#4632);
#4239=LINE('',#14338,#4633);
#4240=LINE('',#14340,#4634);
#4241=LINE('',#14342,#4635);
#4242=LINE('',#14344,#4636);
#4243=LINE('',#14346,#4637);
#4244=LINE('',#14348,#4638);
#4245=LINE('',#14350,#4639);
#4246=LINE('',#14353,#4640);
#4247=LINE('',#14357,#4641);
#4248=LINE('',#14359,#4642);
#4249=LINE('',#14363,#4643);
#4250=LINE('',#14365,#4644);
#4251=LINE('',#14374,#4645);
#4252=LINE('',#14380,#4646);
#4253=LINE('',#14391,#4647);
#4254=LINE('',#14404,#4648);
#4255=LINE('',#14417,#4649);
#4256=LINE('',#14430,#4650);
#4257=LINE('',#14436,#4651);
#4258=LINE('',#14438,#4652);
#4259=LINE('',#14440,#4653);
#4260=LINE('',#14442,#4654);
#4261=LINE('',#14444,#4655);
#4262=LINE('',#14446,#4656);
#4263=LINE('',#14455,#4657);
#4264=LINE('',#14468,#4658);
#4265=LINE('',#14474,#4659);
#4266=LINE('',#14478,#4660);
#4267=LINE('',#14482,#4661);
#4268=LINE('',#14484,#4662);
#4269=LINE('',#14486,#4663);
#4270=LINE('',#14490,#4664);
#4271=LINE('',#14501,#4665);
#4272=LINE('',#14514,#4666);
#4273=LINE('',#14527,#4667);
#4274=LINE('',#14540,#4668);
#4275=LINE('',#14546,#4669);
#4276=LINE('',#14548,#4670);
#4277=LINE('',#14557,#4671);
#4278=LINE('',#14570,#4672);
#4279=LINE('',#14583,#4673);
#4280=VECTOR('',#6264,100.);
#4281=VECTOR('',#6267,100.);
#4282=VECTOR('',#6274,100.);
#4283=VECTOR('',#6277,100.);
#4284=VECTOR('',#6280,100.);
#4285=VECTOR('',#6283,100.);
#4286=VECTOR('',#6290,100.);
#4287=VECTOR('',#6293,100.);
#4288=VECTOR('',#6298,100.);
#4289=VECTOR('',#6301,100.);
#4290=VECTOR('',#6306,100.);
#4291=VECTOR('',#6309,100.);
#4292=VECTOR('',#6314,100.);
#4293=VECTOR('',#6317,100.);
#4294=VECTOR('',#6320,100.);
#4295=VECTOR('',#6323,100.);
#4296=VECTOR('',#6330,100.);
#4297=VECTOR('',#6333,100.);
#4298=VECTOR('',#6336,100.);
#4299=VECTOR('',#6339,100.);
#4300=VECTOR('',#6346,100.);
#4301=VECTOR('',#6349,100.);
#4302=VECTOR('',#6354,100.);
#4303=VECTOR('',#6357,100.);
#4304=VECTOR('',#6362,100.);
#4305=VECTOR('',#6365,100.);
#4306=VECTOR('',#6370,100.);
#4307=VECTOR('',#6373,100.);
#4308=VECTOR('',#6378,100.);
#4309=VECTOR('',#6381,100.);
#4310=VECTOR('',#6384,100.);
#4311=VECTOR('',#6387,100.);
#4312=VECTOR('',#6394,100.);
#4313=VECTOR('',#6397,100.);
#4314=VECTOR('',#6400,100.);
#4315=VECTOR('',#6403,100.);
#4316=VECTOR('',#6410,100.);
#4317=VECTOR('',#6413,100.);
#4318=VECTOR('',#6418,100.);
#4319=VECTOR('',#6421,100.);
#4320=VECTOR('',#6426,100.);
#4321=VECTOR('',#6429,100.);
#4322=VECTOR('',#6434,100.);
#4323=VECTOR('',#6437,100.);
#4324=VECTOR('',#6442,100.);
#4325=VECTOR('',#6445,100.);
#4326=VECTOR('',#6448,100.);
#4327=VECTOR('',#6451,100.);
#4328=VECTOR('',#6458,100.);
#4329=VECTOR('',#6461,100.);
#4330=VECTOR('',#6464,100.);
#4331=VECTOR('',#6467,100.);
#4332=VECTOR('',#6474,100.);
#4333=VECTOR('',#6477,100.);
#4334=VECTOR('',#6482,100.);
#4335=VECTOR('',#6485,100.);
#4336=VECTOR('',#6490,100.);
#4337=VECTOR('',#6493,100.);
#4338=VECTOR('',#6498,100.);
#4339=VECTOR('',#6501,100.);
#4340=VECTOR('',#6506,100.);
#4341=VECTOR('',#6509,100.);
#4342=VECTOR('',#6514,100.);
#4343=VECTOR('',#6519,100.);
#4344=VECTOR('',#6524,100.);
#4345=VECTOR('',#6525,100.);
#4346=VECTOR('',#6526,100.);
#4347=VECTOR('',#6529,100.);
#4348=VECTOR('',#6532,100.);
#4349=VECTOR('',#6533,100.);
#4350=VECTOR('',#6534,100.);
#4351=VECTOR('',#6535,100.);
#4352=VECTOR('',#6536,100.);
#4353=VECTOR('',#6537,100.);
#4354=VECTOR('',#6538,100.);
#4355=VECTOR('',#6539,100.);
#4356=VECTOR('',#6540,100.);
#4357=VECTOR('',#6541,100.);
#4358=VECTOR('',#6542,100.);
#4359=VECTOR('',#6543,100.);
#4360=VECTOR('',#6544,100.);
#4361=VECTOR('',#6547,100.);
#4362=VECTOR('',#6550,100.);
#4363=VECTOR('',#6551,100.);
#4364=VECTOR('',#6552,100.);
#4365=VECTOR('',#6553,100.);
#4366=VECTOR('',#6554,100.);
#4367=VECTOR('',#6555,100.);
#4368=VECTOR('',#6556,100.);
#4369=VECTOR('',#6557,100.);
#4370=VECTOR('',#6558,100.);
#4371=VECTOR('',#6559,100.);
#4372=VECTOR('',#6566,100.);
#4373=VECTOR('',#6567,100.);
#4374=VECTOR('',#6568,100.);
#4375=VECTOR('',#6569,100.);
#4376=VECTOR('',#6570,100.);
#4377=VECTOR('',#6571,100.);
#4378=VECTOR('',#6572,100.);
#4379=VECTOR('',#6573,100.);
#4380=VECTOR('',#6576,100.);
#4381=VECTOR('',#6577,100.);
#4382=VECTOR('',#6578,100.);
#4383=VECTOR('',#6579,100.);
#4384=VECTOR('',#6580,100.);
#4385=VECTOR('',#6581,100.);
#4386=VECTOR('',#6582,100.);
#4387=VECTOR('',#6783,100.);
#4388=VECTOR('',#6786,100.);
#4389=VECTOR('',#6983,100.);
#4390=VECTOR('',#6984,100.);
#4391=VECTOR('',#6987,100.);
#4392=VECTOR('',#6988,100.);
#4393=VECTOR('',#6993,100.);
#4394=VECTOR('',#6994,100.);
#4395=VECTOR('',#6997,100.);
#4396=VECTOR('',#6998,100.);
#4397=VECTOR('',#7003,100.);
#4398=VECTOR('',#7004,100.);
#4399=VECTOR('',#7007,100.);
#4400=VECTOR('',#7008,100.);
#4401=VECTOR('',#7013,100.);
#4402=VECTOR('',#7014,100.);
#4403=VECTOR('',#7017,100.);
#4404=VECTOR('',#7018,100.);
#4405=VECTOR('',#7023,100.);
#4406=VECTOR('',#7024,100.);
#4407=VECTOR('',#7027,100.);
#4408=VECTOR('',#7028,100.);
#4409=VECTOR('',#7033,100.);
#4410=VECTOR('',#7034,100.);
#4411=VECTOR('',#7037,100.);
#4412=VECTOR('',#7038,100.);
#4413=VECTOR('',#7043,100.);
#4414=VECTOR('',#7044,100.);
#4415=VECTOR('',#7047,100.);
#4416=VECTOR('',#7048,100.);
#4417=VECTOR('',#7053,100.);
#4418=VECTOR('',#7054,100.);
#4419=VECTOR('',#7057,100.);
#4420=VECTOR('',#7058,100.);
#4421=VECTOR('',#7063,100.);
#4422=VECTOR('',#7064,100.);
#4423=VECTOR('',#7067,100.);
#4424=VECTOR('',#7068,100.);
#4425=VECTOR('',#7073,100.);
#4426=VECTOR('',#7074,100.);
#4427=VECTOR('',#7077,100.);
#4428=VECTOR('',#7078,100.);
#4429=VECTOR('',#7083,100.);
#4430=VECTOR('',#7084,100.);
#4431=VECTOR('',#7087,100.);
#4432=VECTOR('',#7088,100.);
#4433=VECTOR('',#7093,100.);
#4434=VECTOR('',#7094,100.);
#4435=VECTOR('',#7097,100.);
#4436=VECTOR('',#7098,100.);
#4437=VECTOR('',#7103,100.);
#4438=VECTOR('',#7104,100.);
#4439=VECTOR('',#7107,100.);
#4440=VECTOR('',#7108,100.);
#4441=VECTOR('',#7113,100.);
#4442=VECTOR('',#7114,100.);
#4443=VECTOR('',#7117,100.);
#4444=VECTOR('',#7118,100.);
#4445=VECTOR('',#7123,100.);
#4446=VECTOR('',#7124,100.);
#4447=VECTOR('',#7127,100.);
#4448=VECTOR('',#7128,100.);
#4449=VECTOR('',#7133,100.);
#4450=VECTOR('',#7134,100.);
#4451=VECTOR('',#7137,100.);
#4452=VECTOR('',#7138,100.);
#4453=VECTOR('',#7143,100.);
#4454=VECTOR('',#7144,100.);
#4455=VECTOR('',#7147,100.);
#4456=VECTOR('',#7148,100.);
#4457=VECTOR('',#7153,100.);
#4458=VECTOR('',#7154,100.);
#4459=VECTOR('',#7157,100.);
#4460=VECTOR('',#7158,100.);
#4461=VECTOR('',#7163,100.);
#4462=VECTOR('',#7164,100.);
#4463=VECTOR('',#7167,100.);
#4464=VECTOR('',#7168,100.);
#4465=VECTOR('',#7173,100.);
#4466=VECTOR('',#7174,100.);
#4467=VECTOR('',#7177,100.);
#4468=VECTOR('',#7178,100.);
#4469=VECTOR('',#7183,100.);
#4470=VECTOR('',#7184,100.);
#4471=VECTOR('',#7187,100.);
#4472=VECTOR('',#7188,100.);
#4473=VECTOR('',#7193,100.);
#4474=VECTOR('',#7194,100.);
#4475=VECTOR('',#7197,100.);
#4476=VECTOR('',#7198,100.);
#4477=VECTOR('',#7203,100.);
#4478=VECTOR('',#7204,100.);
#4479=VECTOR('',#7207,100.);
#4480=VECTOR('',#7208,100.);
#4481=VECTOR('',#7213,100.);
#4482=VECTOR('',#7214,100.);
#4483=VECTOR('',#7217,100.);
#4484=VECTOR('',#7218,100.);
#4485=VECTOR('',#7223,100.);
#4486=VECTOR('',#7224,100.);
#4487=VECTOR('',#7227,100.);
#4488=VECTOR('',#7228,100.);
#4489=VECTOR('',#7233,100.);
#4490=VECTOR('',#7234,100.);
#4491=VECTOR('',#7237,100.);
#4492=VECTOR('',#7238,100.);
#4493=VECTOR('',#7243,100.);
#4494=VECTOR('',#7244,100.);
#4495=VECTOR('',#7247,100.);
#4496=VECTOR('',#7248,100.);
#4497=VECTOR('',#7253,100.);
#4498=VECTOR('',#7254,100.);
#4499=VECTOR('',#7257,100.);
#4500=VECTOR('',#7258,100.);
#4501=VECTOR('',#7263,100.);
#4502=VECTOR('',#7264,100.);
#4503=VECTOR('',#7267,100.);
#4504=VECTOR('',#7268,100.);
#4505=VECTOR('',#7273,100.);
#4506=VECTOR('',#7274,100.);
#4507=VECTOR('',#7277,100.);
#4508=VECTOR('',#7278,100.);
#4509=VECTOR('',#7283,100.);
#4510=VECTOR('',#7284,100.);
#4511=VECTOR('',#7287,100.);
#4512=VECTOR('',#7288,100.);
#4513=VECTOR('',#7293,100.);
#4514=VECTOR('',#7294,100.);
#4515=VECTOR('',#7297,100.);
#4516=VECTOR('',#7298,100.);
#4517=VECTOR('',#7309,100.);
#4518=VECTOR('',#7310,100.);
#4519=VECTOR('',#7311,100.);
#4520=VECTOR('',#7312,100.);
#4521=VECTOR('',#7313,100.);
#4522=VECTOR('',#7314,100.);
#4523=VECTOR('',#7321,100.);
#4524=VECTOR('',#7322,100.);
#4525=VECTOR('',#7323,100.);
#4526=VECTOR('',#7324,100.);
#4527=VECTOR('',#7325,100.);
#4528=VECTOR('',#7326,100.);
#4529=VECTOR('',#7329,100.);
#4530=VECTOR('',#7330,100.);
#4531=VECTOR('',#7333,100.);
#4532=VECTOR('',#7336,100.);
#4533=VECTOR('',#7339,100.);
#4534=VECTOR('',#7342,100.);
#4535=VECTOR('',#7347,100.);
#4536=VECTOR('',#7348,100.);
#4537=VECTOR('',#7349,100.);
#4538=VECTOR('',#7352,100.);
#4539=VECTOR('',#7357,100.);
#4540=VECTOR('',#7358,100.);
#4541=VECTOR('',#7361,100.);
#4542=VECTOR('',#7362,100.);
#4543=VECTOR('',#7365,100.);
#4544=VECTOR('',#7366,100.);
#4545=VECTOR('',#7369,100.);
#4546=VECTOR('',#7370,100.);
#4547=VECTOR('',#7373,100.);
#4548=VECTOR('',#7374,100.);
#4549=VECTOR('',#7377,100.);
#4550=VECTOR('',#7378,100.);
#4551=VECTOR('',#7381,100.);
#4552=VECTOR('',#7382,100.);
#4553=VECTOR('',#7385,100.);
#4554=VECTOR('',#7390,100.);
#4555=VECTOR('',#7391,100.);
#4556=VECTOR('',#7394,100.);
#4557=VECTOR('',#7395,100.);
#4558=VECTOR('',#7398,100.);
#4559=VECTOR('',#7399,100.);
#4560=VECTOR('',#7402,100.);
#4561=VECTOR('',#7403,100.);
#4562=VECTOR('',#7406,100.);
#4563=VECTOR('',#7411,100.);
#4564=VECTOR('',#7412,100.);
#4565=VECTOR('',#7413,100.);
#4566=VECTOR('',#7416,100.);
#4567=VECTOR('',#7417,100.);
#4568=VECTOR('',#7418,100.);
#4569=VECTOR('',#7419,100.);
#4570=VECTOR('',#7420,100.);
#4571=VECTOR('',#7421,100.);
#4572=VECTOR('',#7422,100.);
#4573=VECTOR('',#7425,100.);
#4574=VECTOR('',#7426,100.);
#4575=VECTOR('',#7427,100.);
#4576=VECTOR('',#7430,100.);
#4577=VECTOR('',#7433,100.);
#4578=VECTOR('',#7434,100.);
#4579=VECTOR('',#7437,100.);
#4580=VECTOR('',#7442,100.);
#4581=VECTOR('',#7445,100.);
#4582=VECTOR('',#7448,100.);
#4583=VECTOR('',#7449,100.);
#4584=VECTOR('',#7452,100.);
#4585=VECTOR('',#7453,100.);
#4586=VECTOR('',#7456,100.);
#4587=VECTOR('',#7457,100.);
#4588=VECTOR('',#7460,100.);
#4589=VECTOR('',#7461,100.);
#4590=VECTOR('',#7464,100.);
#4591=VECTOR('',#7469,100.);
#4592=VECTOR('',#7470,100.);
#4593=VECTOR('',#7471,100.);
#4594=VECTOR('',#7474,100.);
#4595=VECTOR('',#7475,100.);
#4596=VECTOR('',#7478,100.);
#4597=VECTOR('',#7479,100.);
#4598=VECTOR('',#7482,100.);
#4599=VECTOR('',#7485,100.);
#4600=VECTOR('',#7486,100.);
#4601=VECTOR('',#7487,100.);
#4602=VECTOR('',#7490,100.);
#4603=VECTOR('',#7493,100.);
#4604=VECTOR('',#7494,100.);
#4605=VECTOR('',#7495,100.);
#4606=VECTOR('',#7496,100.);
#4607=VECTOR('',#7499,100.);
#4608=VECTOR('',#7500,100.);
#4609=VECTOR('',#7501,100.);
#4610=VECTOR('',#7502,100.);
#4611=VECTOR('',#7503,100.);
#4612=VECTOR('',#7504,100.);
#4613=VECTOR('',#7505,100.);
#4614=VECTOR('',#7508,100.);
#4615=VECTOR('',#7513,100.);
#4616=VECTOR('',#7518,100.);
#4617=VECTOR('',#7519,100.);
#4618=VECTOR('',#7520,100.);
#4619=VECTOR('',#7523,100.);
#4620=VECTOR('',#7524,100.);
#4621=VECTOR('',#7527,100.);
#4622=VECTOR('',#7528,100.);
#4623=VECTOR('',#7531,100.);
#4624=VECTOR('',#7532,100.);
#4625=VECTOR('',#7535,100.);
#4626=VECTOR('',#7536,100.);
#4627=VECTOR('',#7539,100.);
#4628=VECTOR('',#7540,100.);
#4629=VECTOR('',#7543,100.);
#4630=VECTOR('',#7544,100.);
#4631=VECTOR('',#7547,100.);
#4632=VECTOR('',#7548,100.);
#4633=VECTOR('',#7551,100.);
#4634=VECTOR('',#7552,100.);
#4635=VECTOR('',#7555,100.);
#4636=VECTOR('',#7556,100.);
#4637=VECTOR('',#7559,100.);
#4638=VECTOR('',#7560,100.);
#4639=VECTOR('',#7563,100.);
#4640=VECTOR('',#7568,100.);
#4641=VECTOR('',#7571,100.);
#4642=VECTOR('',#7574,100.);
#4643=VECTOR('',#7579,100.);
#4644=VECTOR('',#7580,100.);
#4645=VECTOR('',#7581,100.);
#4646=VECTOR('',#7584,100.);
#4647=VECTOR('',#7587,100.);
#4648=VECTOR('',#7588,100.);
#4649=VECTOR('',#7589,100.);
#4650=VECTOR('',#7590,100.);
#4651=VECTOR('',#7593,100.);
#4652=VECTOR('',#7594,100.);
#4653=VECTOR('',#7597,100.);
#4654=VECTOR('',#7598,100.);
#4655=VECTOR('',#7601,100.);
#4656=VECTOR('',#7602,100.);
#4657=VECTOR('',#7603,100.);
#4658=VECTOR('',#7604,100.);
#4659=VECTOR('',#7607,100.);
#4660=VECTOR('',#7612,100.);
#4661=VECTOR('',#7617,100.);
#4662=VECTOR('',#7618,100.);
#4663=VECTOR('',#7621,100.);
#4664=VECTOR('',#7626,100.);
#4665=VECTOR('',#7629,100.);
#4666=VECTOR('',#7630,100.);
#4667=VECTOR('',#7631,100.);
#4668=VECTOR('',#7632,100.);
#4669=VECTOR('',#7635,100.);
#4670=VECTOR('',#7636,100.);
#4671=VECTOR('',#7637,100.);
#4672=VECTOR('',#7638,100.);
#4673=VECTOR('',#7639,100.);
#4674=EDGE_LOOP('',(#658,#659,#660,#661));
#4675=EDGE_LOOP('',(#662,#663,#664,#665));
#4676=EDGE_LOOP('',(#666,#667,#668,#669));
#4677=EDGE_LOOP('',(#670,#671,#672,#673));
#4678=EDGE_LOOP('',(#674,#675,#676,#677));
#4679=EDGE_LOOP('',(#678,#679,#680,#681));
#4680=EDGE_LOOP('',(#682,#683,#684,#685));
#4681=EDGE_LOOP('',(#686,#687,#688,#689));
#4682=EDGE_LOOP('',(#690,#691,#692,#693));
#4683=EDGE_LOOP('',(#694,#695,#696,#697));
#4684=EDGE_LOOP('',(#698,#699,#700,#701));
#4685=EDGE_LOOP('',(#702,#703,#704,#705));
#4686=EDGE_LOOP('',(#706,#707,#708,#709));
#4687=EDGE_LOOP('',(#710,#711,#712,#713));
#4688=EDGE_LOOP('',(#714,#715,#716,#717));
#4689=EDGE_LOOP('',(#718,#719,#720,#721));
#4690=EDGE_LOOP('',(#722,#723,#724,#725));
#4691=EDGE_LOOP('',(#726,#727,#728,#729));
#4692=EDGE_LOOP('',(#730,#731,#732,#733));
#4693=EDGE_LOOP('',(#734,#735,#736,#737));
#4694=EDGE_LOOP('',(#738,#739,#740,#741));
#4695=EDGE_LOOP('',(#742,#743,#744,#745));
#4696=EDGE_LOOP('',(#746,#747,#748,#749));
#4697=EDGE_LOOP('',(#750,#751,#752,#753));
#4698=EDGE_LOOP('',(#754,#755,#756,#757));
#4699=EDGE_LOOP('',(#758,#759,#760,#761));
#4700=EDGE_LOOP('',(#762,#763,#764,#765));
#4701=EDGE_LOOP('',(#766,#767,#768,#769));
#4702=EDGE_LOOP('',(#770,#771,#772,#773));
#4703=EDGE_LOOP('',(#774,#775,#776,#777));
#4704=EDGE_LOOP('',(#778,#779,#780,#781));
#4705=EDGE_LOOP('',(#782,#783,#784,#785,#786,#787,#788,#789,#790,#791,#792,
#793,#794,#795,#796,#797,#798,#799,#800,#801,#802,#803,#804,#805,#806,#807,
#808,#809));
#4706=EDGE_LOOP('',(#810,#811,#812,#813,#814,#815,#816,#817,#818,#819,#820,
#821));
#4707=EDGE_LOOP('',(#822,#823,#824,#825,#826,#827,#828,#829,#830,#831,#832,
#833,#834,#835,#836));
#4708=EDGE_LOOP('',(#837,#838,#839,#840));
#4709=EDGE_LOOP('',(#841,#842,#843,#844,#845,#846,#847,#848,#849,#850,#851,
#852,#853,#854,#855,#856,#857,#858,#859,#860));
#4710=EDGE_LOOP('',(#861,#862,#863,#864,#865,#866,#867,#868,#869,#870,#871,
#872,#873,#874,#875));
#4711=EDGE_LOOP('',(#876));
#4712=EDGE_LOOP('',(#877,#878,#879,#880,#881,#882,#883,#884,#885,#886,#887,
#888,#889,#890,#891,#892,#893,#894,#895,#896,#897,#898,#899,#900,#901,#902,
#903,#904,#905,#906,#907,#908,#909,#910,#911,#912,#913,#914,#915,#916,#917,
#918,#919,#920,#921,#922,#923,#924,#925,#926,#927,#928,#929,#930,#931,#932,
#933,#934,#935,#936,#937,#938,#939,#940,#941,#942,#943,#944,#945,#946,#947,
#948,#949,#950,#951,#952,#953,#954,#955,#956,#957,#958,#959,#960,#961,#962,
#963,#964,#965,#966,#967,#968,#969,#970,#971,#972,#973,#974,#975,#976,#977,
#978,#979,#980,#981,#982,#983,#984,#985,#986,#987,#988,#989,#990,#991,#992,
#993,#994,#995,#996,#997,#998,#999,#1000,#1001,#1002,#1003,#1004,#1005,
#1006,#1007,#1008,#1009,#1010,#1011,#1012,#1013,#1014,#1015,#1016,#1017,
#1018,#1019,#1020,#1021,#1022,#1023,#1024,#1025,#1026,#1027,#1028,#1029,
#1030,#1031,#1032,#1033,#1034,#1035,#1036,#1037,#1038,#1039,#1040,#1041,
#1042,#1043,#1044,#1045,#1046,#1047,#1048,#1049,#1050,#1051,#1052,#1053,
#1054,#1055,#1056,#1057,#1058,#1059,#1060,#1061,#1062,#1063,#1064,#1065,
#1066,#1067,#1068));
#4713=EDGE_LOOP('',(#1069,#1070,#1071,#1072));
#4714=EDGE_LOOP('',(#1073));
#4715=EDGE_LOOP('',(#1074,#1075,#1076,#1077,#1078,#1079,#1080,#1081,#1082,
#1083,#1084,#1085,#1086,#1087,#1088,#1089,#1090,#1091,#1092,#1093,#1094,
#1095,#1096,#1097,#1098,#1099,#1100,#1101,#1102,#1103,#1104,#1105,#1106,
#1107,#1108,#1109,#1110,#1111,#1112,#1113,#1114,#1115,#1116,#1117,#1118,
#1119,#1120,#1121,#1122,#1123,#1124,#1125,#1126,#1127,#1128,#1129,#1130,
#1131,#1132,#1133,#1134,#1135,#1136,#1137,#1138,#1139,#1140,#1141,#1142,
#1143,#1144,#1145,#1146,#1147,#1148,#1149,#1150,#1151,#1152,#1153,#1154,
#1155,#1156,#1157,#1158,#1159,#1160,#1161,#1162,#1163,#1164,#1165,#1166,
#1167,#1168,#1169,#1170,#1171,#1172,#1173,#1174,#1175,#1176,#1177,#1178,
#1179,#1180,#1181,#1182,#1183,#1184,#1185,#1186,#1187,#1188,#1189,#1190,
#1191,#1192,#1193,#1194,#1195,#1196,#1197,#1198,#1199,#1200,#1201,#1202,
#1203,#1204,#1205,#1206,#1207,#1208,#1209,#1210,#1211,#1212,#1213,#1214,
#1215,#1216,#1217,#1218,#1219,#1220,#1221,#1222,#1223,#1224,#1225,#1226,
#1227,#1228,#1229,#1230,#1231,#1232,#1233,#1234,#1235,#1236,#1237,#1238,
#1239,#1240,#1241,#1242,#1243,#1244,#1245,#1246,#1247,#1248,#1249,#1250,
#1251,#1252,#1253,#1254,#1255,#1256,#1257,#1258,#1259,#1260,#1261,#1262,
#1263,#1264,#1265));
#4716=EDGE_LOOP('',(#1266,#1267,#1268,#1269));
#4717=EDGE_LOOP('',(#1270,#1271,#1272,#1273));
#4718=EDGE_LOOP('',(#1274,#1275,#1276,#1277));
#4719=EDGE_LOOP('',(#1278,#1279,#1280,#1281));
#4720=EDGE_LOOP('',(#1282,#1283,#1284,#1285));
#4721=EDGE_LOOP('',(#1286,#1287,#1288,#1289));
#4722=EDGE_LOOP('',(#1290,#1291,#1292,#1293));
#4723=EDGE_LOOP('',(#1294,#1295,#1296,#1297));
#4724=EDGE_LOOP('',(#1298,#1299,#1300,#1301));
#4725=EDGE_LOOP('',(#1302,#1303,#1304,#1305));
#4726=EDGE_LOOP('',(#1306,#1307,#1308,#1309));
#4727=EDGE_LOOP('',(#1310,#1311,#1312,#1313));
#4728=EDGE_LOOP('',(#1314,#1315,#1316,#1317));
#4729=EDGE_LOOP('',(#1318,#1319,#1320,#1321));
#4730=EDGE_LOOP('',(#1322,#1323,#1324,#1325));
#4731=EDGE_LOOP('',(#1326,#1327,#1328,#1329));
#4732=EDGE_LOOP('',(#1330,#1331,#1332,#1333));
#4733=EDGE_LOOP('',(#1334,#1335,#1336,#1337));
#4734=EDGE_LOOP('',(#1338,#1339,#1340,#1341));
#4735=EDGE_LOOP('',(#1342,#1343,#1344,#1345));
#4736=EDGE_LOOP('',(#1346,#1347,#1348,#1349));
#4737=EDGE_LOOP('',(#1350,#1351,#1352,#1353));
#4738=EDGE_LOOP('',(#1354,#1355,#1356,#1357));
#4739=EDGE_LOOP('',(#1358,#1359,#1360,#1361));
#4740=EDGE_LOOP('',(#1362,#1363,#1364,#1365));
#4741=EDGE_LOOP('',(#1366,#1367,#1368,#1369));
#4742=EDGE_LOOP('',(#1370,#1371,#1372,#1373));
#4743=EDGE_LOOP('',(#1374,#1375,#1376,#1377));
#4744=EDGE_LOOP('',(#1378,#1379,#1380,#1381));
#4745=EDGE_LOOP('',(#1382,#1383,#1384,#1385));
#4746=EDGE_LOOP('',(#1386,#1387,#1388,#1389));
#4747=EDGE_LOOP('',(#1390,#1391,#1392,#1393));
#4748=EDGE_LOOP('',(#1394,#1395,#1396,#1397));
#4749=EDGE_LOOP('',(#1398,#1399,#1400,#1401));
#4750=EDGE_LOOP('',(#1402,#1403,#1404,#1405));
#4751=EDGE_LOOP('',(#1406,#1407,#1408,#1409));
#4752=EDGE_LOOP('',(#1410,#1411,#1412,#1413));
#4753=EDGE_LOOP('',(#1414,#1415,#1416,#1417));
#4754=EDGE_LOOP('',(#1418,#1419,#1420,#1421));
#4755=EDGE_LOOP('',(#1422,#1423,#1424,#1425));
#4756=EDGE_LOOP('',(#1426,#1427,#1428,#1429));
#4757=EDGE_LOOP('',(#1430,#1431,#1432,#1433));
#4758=EDGE_LOOP('',(#1434,#1435,#1436,#1437));
#4759=EDGE_LOOP('',(#1438,#1439,#1440,#1441));
#4760=EDGE_LOOP('',(#1442,#1443,#1444,#1445));
#4761=EDGE_LOOP('',(#1446,#1447,#1448,#1449));
#4762=EDGE_LOOP('',(#1450,#1451,#1452,#1453));
#4763=EDGE_LOOP('',(#1454,#1455,#1456,#1457));
#4764=EDGE_LOOP('',(#1458,#1459,#1460,#1461));
#4765=EDGE_LOOP('',(#1462,#1463,#1464,#1465));
#4766=EDGE_LOOP('',(#1466,#1467,#1468,#1469));
#4767=EDGE_LOOP('',(#1470,#1471,#1472,#1473));
#4768=EDGE_LOOP('',(#1474,#1475,#1476,#1477));
#4769=EDGE_LOOP('',(#1478,#1479,#1480,#1481));
#4770=EDGE_LOOP('',(#1482,#1483,#1484,#1485));
#4771=EDGE_LOOP('',(#1486,#1487,#1488,#1489));
#4772=EDGE_LOOP('',(#1490,#1491,#1492,#1493));
#4773=EDGE_LOOP('',(#1494,#1495,#1496,#1497));
#4774=EDGE_LOOP('',(#1498,#1499,#1500,#1501));
#4775=EDGE_LOOP('',(#1502,#1503,#1504,#1505));
#4776=EDGE_LOOP('',(#1506,#1507,#1508,#1509));
#4777=EDGE_LOOP('',(#1510,#1511,#1512,#1513));
#4778=EDGE_LOOP('',(#1514,#1515,#1516,#1517));
#4779=EDGE_LOOP('',(#1518,#1519,#1520,#1521));
#4780=EDGE_LOOP('',(#1522,#1523,#1524,#1525));
#4781=EDGE_LOOP('',(#1526,#1527,#1528,#1529));
#4782=EDGE_LOOP('',(#1530,#1531,#1532,#1533));
#4783=EDGE_LOOP('',(#1534,#1535,#1536,#1537));
#4784=EDGE_LOOP('',(#1538,#1539,#1540,#1541));
#4785=EDGE_LOOP('',(#1542,#1543,#1544,#1545));
#4786=EDGE_LOOP('',(#1546,#1547,#1548,#1549));
#4787=EDGE_LOOP('',(#1550,#1551,#1552,#1553));
#4788=EDGE_LOOP('',(#1554,#1555,#1556,#1557));
#4789=EDGE_LOOP('',(#1558,#1559,#1560,#1561));
#4790=EDGE_LOOP('',(#1562,#1563,#1564,#1565));
#4791=EDGE_LOOP('',(#1566,#1567,#1568,#1569));
#4792=EDGE_LOOP('',(#1570,#1571,#1572,#1573));
#4793=EDGE_LOOP('',(#1574,#1575,#1576,#1577));
#4794=EDGE_LOOP('',(#1578,#1579,#1580,#1581));
#4795=EDGE_LOOP('',(#1582,#1583,#1584,#1585));
#4796=EDGE_LOOP('',(#1586,#1587,#1588,#1589));
#4797=EDGE_LOOP('',(#1590,#1591,#1592,#1593));
#4798=EDGE_LOOP('',(#1594,#1595,#1596,#1597));
#4799=EDGE_LOOP('',(#1598,#1599,#1600,#1601));
#4800=EDGE_LOOP('',(#1602,#1603,#1604,#1605));
#4801=EDGE_LOOP('',(#1606,#1607,#1608,#1609));
#4802=EDGE_LOOP('',(#1610,#1611,#1612,#1613));
#4803=EDGE_LOOP('',(#1614,#1615,#1616,#1617));
#4804=EDGE_LOOP('',(#1618,#1619,#1620,#1621));
#4805=EDGE_LOOP('',(#1622,#1623,#1624,#1625));
#4806=EDGE_LOOP('',(#1626,#1627,#1628,#1629));
#4807=EDGE_LOOP('',(#1630,#1631,#1632,#1633));
#4808=EDGE_LOOP('',(#1634,#1635,#1636,#1637));
#4809=EDGE_LOOP('',(#1638,#1639,#1640,#1641));
#4810=EDGE_LOOP('',(#1642,#1643,#1644,#1645));
#4811=EDGE_LOOP('',(#1646,#1647,#1648,#1649));
#4812=EDGE_LOOP('',(#1650,#1651,#1652,#1653));
#4813=EDGE_LOOP('',(#1654,#1655,#1656,#1657));
#4814=EDGE_LOOP('',(#1658,#1659,#1660,#1661));
#4815=EDGE_LOOP('',(#1662,#1663,#1664,#1665));
#4816=EDGE_LOOP('',(#1666,#1667,#1668,#1669));
#4817=EDGE_LOOP('',(#1670,#1671,#1672,#1673));
#4818=EDGE_LOOP('',(#1674,#1675,#1676,#1677));
#4819=EDGE_LOOP('',(#1678,#1679,#1680,#1681));
#4820=EDGE_LOOP('',(#1682,#1683,#1684,#1685));
#4821=EDGE_LOOP('',(#1686,#1687,#1688,#1689));
#4822=EDGE_LOOP('',(#1690,#1691,#1692,#1693));
#4823=EDGE_LOOP('',(#1694,#1695,#1696,#1697));
#4824=EDGE_LOOP('',(#1698,#1699,#1700,#1701));
#4825=EDGE_LOOP('',(#1702,#1703,#1704,#1705));
#4826=EDGE_LOOP('',(#1706,#1707,#1708,#1709));
#4827=EDGE_LOOP('',(#1710,#1711,#1712,#1713));
#4828=EDGE_LOOP('',(#1714,#1715,#1716,#1717));
#4829=EDGE_LOOP('',(#1718,#1719,#1720,#1721));
#4830=EDGE_LOOP('',(#1722,#1723,#1724,#1725));
#4831=EDGE_LOOP('',(#1726,#1727,#1728,#1729));
#4832=EDGE_LOOP('',(#1730,#1731,#1732,#1733));
#4833=EDGE_LOOP('',(#1734,#1735,#1736,#1737));
#4834=EDGE_LOOP('',(#1738,#1739,#1740,#1741));
#4835=EDGE_LOOP('',(#1742,#1743,#1744,#1745));
#4836=EDGE_LOOP('',(#1746,#1747,#1748,#1749));
#4837=EDGE_LOOP('',(#1750,#1751,#1752,#1753));
#4838=EDGE_LOOP('',(#1754,#1755,#1756,#1757));
#4839=EDGE_LOOP('',(#1758,#1759,#1760,#1761));
#4840=EDGE_LOOP('',(#1762,#1763,#1764,#1765));
#4841=EDGE_LOOP('',(#1766,#1767,#1768,#1769));
#4842=EDGE_LOOP('',(#1770,#1771,#1772,#1773));
#4843=EDGE_LOOP('',(#1774,#1775,#1776,#1777));
#4844=EDGE_LOOP('',(#1778,#1779,#1780,#1781));
#4845=EDGE_LOOP('',(#1782,#1783,#1784,#1785));
#4846=EDGE_LOOP('',(#1786,#1787,#1788,#1789));
#4847=EDGE_LOOP('',(#1790,#1791,#1792,#1793));
#4848=EDGE_LOOP('',(#1794,#1795,#1796,#1797));
#4849=EDGE_LOOP('',(#1798,#1799,#1800,#1801));
#4850=EDGE_LOOP('',(#1802,#1803,#1804,#1805));
#4851=EDGE_LOOP('',(#1806,#1807,#1808,#1809));
#4852=EDGE_LOOP('',(#1810,#1811,#1812,#1813));
#4853=EDGE_LOOP('',(#1814,#1815,#1816,#1817));
#4854=EDGE_LOOP('',(#1818,#1819,#1820,#1821));
#4855=EDGE_LOOP('',(#1822,#1823,#1824,#1825));
#4856=EDGE_LOOP('',(#1826,#1827,#1828,#1829));
#4857=EDGE_LOOP('',(#1830,#1831,#1832,#1833));
#4858=EDGE_LOOP('',(#1834,#1835,#1836,#1837));
#4859=EDGE_LOOP('',(#1838,#1839,#1840,#1841));
#4860=EDGE_LOOP('',(#1842,#1843,#1844,#1845));
#4861=EDGE_LOOP('',(#1846,#1847,#1848,#1849));
#4862=EDGE_LOOP('',(#1850,#1851,#1852,#1853));
#4863=EDGE_LOOP('',(#1854,#1855,#1856,#1857));
#4864=EDGE_LOOP('',(#1858,#1859,#1860,#1861));
#4865=EDGE_LOOP('',(#1862,#1863,#1864,#1865));
#4866=EDGE_LOOP('',(#1866,#1867,#1868,#1869));
#4867=EDGE_LOOP('',(#1870,#1871,#1872,#1873));
#4868=EDGE_LOOP('',(#1874,#1875,#1876,#1877));
#4869=EDGE_LOOP('',(#1878,#1879,#1880,#1881));
#4870=EDGE_LOOP('',(#1882,#1883,#1884,#1885));
#4871=EDGE_LOOP('',(#1886,#1887,#1888,#1889));
#4872=EDGE_LOOP('',(#1890,#1891,#1892,#1893));
#4873=EDGE_LOOP('',(#1894,#1895,#1896,#1897));
#4874=EDGE_LOOP('',(#1898,#1899,#1900,#1901));
#4875=EDGE_LOOP('',(#1902,#1903,#1904,#1905));
#4876=EDGE_LOOP('',(#1906));
#4877=EDGE_LOOP('',(#1907));
#4878=EDGE_LOOP('',(#1908,#1909,#1910,#1911,#1912,#1913));
#4879=EDGE_LOOP('',(#1914));
#4880=EDGE_LOOP('',(#1915));
#4881=EDGE_LOOP('',(#1916));
#4882=EDGE_LOOP('',(#1917,#1918,#1919,#1920,#1921,#1922));
#4883=EDGE_LOOP('',(#1923));
#4884=EDGE_LOOP('',(#1924,#1925,#1926,#1927));
#4885=EDGE_LOOP('',(#1928,#1929,#1930,#1931));
#4886=EDGE_LOOP('',(#1932,#1933,#1934,#1935));
#4887=EDGE_LOOP('',(#1936,#1937,#1938,#1939));
#4888=EDGE_LOOP('',(#1940,#1941,#1942,#1943));
#4889=EDGE_LOOP('',(#1944,#1945,#1946,#1947));
#4890=EDGE_LOOP('',(#1948,#1949,#1950,#1951));
#4891=EDGE_LOOP('',(#1952,#1953,#1954,#1955));
#4892=EDGE_LOOP('',(#1956,#1957,#1958,#1959));
#4893=EDGE_LOOP('',(#1960,#1961,#1962,#1963));
#4894=EDGE_LOOP('',(#1964,#1965,#1966,#1967));
#4895=EDGE_LOOP('',(#1968,#1969,#1970,#1971));
#4896=EDGE_LOOP('',(#1972,#1973,#1974,#1975));
#4897=EDGE_LOOP('',(#1976,#1977,#1978,#1979));
#4898=EDGE_LOOP('',(#1980,#1981,#1982,#1983));
#4899=EDGE_LOOP('',(#1984,#1985,#1986,#1987));
#4900=EDGE_LOOP('',(#1988,#1989,#1990,#1991));
#4901=EDGE_LOOP('',(#1992,#1993,#1994,#1995));
#4902=EDGE_LOOP('',(#1996,#1997,#1998,#1999));
#4903=EDGE_LOOP('',(#2000,#2001,#2002,#2003));
#4904=EDGE_LOOP('',(#2004,#2005,#2006,#2007));
#4905=EDGE_LOOP('',(#2008,#2009,#2010,#2011,#2012,#2013,#2014,#2015,#2016,
#2017,#2018,#2019,#2020,#2021,#2022));
#4906=EDGE_LOOP('',(#2023,#2024,#2025,#2026));
#4907=EDGE_LOOP('',(#2027,#2028,#2029,#2030));
#4908=EDGE_LOOP('',(#2031,#2032,#2033,#2034));
#4909=EDGE_LOOP('',(#2035,#2036,#2037,#2038));
#4910=EDGE_LOOP('',(#2039,#2040,#2041,#2042));
#4911=EDGE_LOOP('',(#2043,#2044,#2045,#2046));
#4912=EDGE_LOOP('',(#2047,#2048,#2049,#2050));
#4913=EDGE_LOOP('',(#2051,#2052,#2053,#2054));
#4914=EDGE_LOOP('',(#2055,#2056,#2057,#2058));
#4915=EDGE_LOOP('',(#2059,#2060,#2061,#2062));
#4916=EDGE_LOOP('',(#2063,#2064,#2065,#2066));
#4917=EDGE_LOOP('',(#2067,#2068,#2069,#2070));
#4918=EDGE_LOOP('',(#2071,#2072,#2073,#2074));
#4919=EDGE_LOOP('',(#2075,#2076,#2077,#2078));
#4920=EDGE_LOOP('',(#2079,#2080,#2081,#2082));
#4921=EDGE_LOOP('',(#2083,#2084,#2085,#2086));
#4922=EDGE_LOOP('',(#2087,#2088,#2089,#2090));
#4923=EDGE_LOOP('',(#2091,#2092,#2093,#2094));
#4924=EDGE_LOOP('',(#2095,#2096,#2097,#2098));
#4925=EDGE_LOOP('',(#2099,#2100,#2101,#2102));
#4926=EDGE_LOOP('',(#2103,#2104,#2105,#2106,#2107,#2108,#2109,#2110,#2111,
#2112,#2113,#2114,#2115,#2116,#2117,#2118,#2119,#2120,#2121,#2122));
#4927=EDGE_LOOP('',(#2123,#2124,#2125,#2126));
#4928=EDGE_LOOP('',(#2127,#2128,#2129,#2130));
#4929=EDGE_LOOP('',(#2131,#2132,#2133,#2134));
#4930=EDGE_LOOP('',(#2135,#2136,#2137,#2138));
#4931=EDGE_LOOP('',(#2139,#2140,#2141,#2142));
#4932=EDGE_LOOP('',(#2143,#2144,#2145,#2146));
#4933=EDGE_LOOP('',(#2147,#2148,#2149,#2150));
#4934=EDGE_LOOP('',(#2151,#2152,#2153,#2154));
#4935=EDGE_LOOP('',(#2155,#2156,#2157,#2158));
#4936=EDGE_LOOP('',(#2159,#2160,#2161,#2162));
#4937=EDGE_LOOP('',(#2163,#2164,#2165,#2166));
#4938=EDGE_LOOP('',(#2167,#2168,#2169,#2170));
#4939=EDGE_LOOP('',(#2171,#2172,#2173,#2174));
#4940=EDGE_LOOP('',(#2175,#2176,#2177,#2178));
#4941=EDGE_LOOP('',(#2179,#2180,#2181,#2182));
#4942=EDGE_LOOP('',(#2183,#2184,#2185,#2186));
#4943=EDGE_LOOP('',(#2187,#2188,#2189,#2190));
#4944=EDGE_LOOP('',(#2191,#2192,#2193,#2194));
#4945=EDGE_LOOP('',(#2195,#2196,#2197,#2198));
#4946=EDGE_LOOP('',(#2199,#2200,#2201,#2202));
#4947=EDGE_LOOP('',(#2203,#2204,#2205,#2206,#2207,#2208,#2209,#2210,#2211,
#2212,#2213,#2214,#2215,#2216,#2217));
#4948=EDGE_LOOP('',(#2218,#2219,#2220,#2221));
#4949=EDGE_LOOP('',(#2222,#2223,#2224,#2225));
#4950=EDGE_LOOP('',(#2226,#2227,#2228,#2229));
#4951=EDGE_LOOP('',(#2230,#2231,#2232,#2233));
#4952=EDGE_LOOP('',(#2234,#2235,#2236,#2237));
#4953=EDGE_LOOP('',(#2238,#2239,#2240,#2241));
#4954=EDGE_LOOP('',(#2242,#2243,#2244,#2245));
#4955=EDGE_LOOP('',(#2246,#2247,#2248,#2249));
#4956=EDGE_LOOP('',(#2250,#2251,#2252,#2253));
#4957=EDGE_LOOP('',(#2254,#2255,#2256,#2257));
#4958=EDGE_LOOP('',(#2258,#2259,#2260,#2261));
#4959=EDGE_LOOP('',(#2262,#2263,#2264,#2265));
#4960=EDGE_LOOP('',(#2266,#2267,#2268,#2269,#2270,#2271,#2272,#2273,#2274,
#2275,#2276,#2277));
#4961=EDGE_LOOP('',(#2278,#2279,#2280,#2281));
#4962=EDGE_LOOP('',(#2282,#2283,#2284,#2285));
#4963=EDGE_LOOP('',(#2286,#2287,#2288,#2289));
#4964=EDGE_LOOP('',(#2290,#2291,#2292,#2293));
#4965=EDGE_LOOP('',(#2294,#2295,#2296,#2297));
#4966=EDGE_LOOP('',(#2298,#2299,#2300,#2301));
#4967=EDGE_LOOP('',(#2302,#2303,#2304,#2305));
#4968=EDGE_LOOP('',(#2306,#2307,#2308,#2309));
#4969=EDGE_LOOP('',(#2310,#2311,#2312,#2313));
#4970=EDGE_LOOP('',(#2314,#2315,#2316,#2317));
#4971=EDGE_LOOP('',(#2318,#2319,#2320,#2321));
#4972=EDGE_LOOP('',(#2322,#2323,#2324,#2325));
#4973=EDGE_LOOP('',(#2326,#2327,#2328,#2329));
#4974=EDGE_LOOP('',(#2330,#2331,#2332,#2333));
#4975=EDGE_LOOP('',(#2334,#2335,#2336,#2337));
#4976=EDGE_LOOP('',(#2338,#2339,#2340,#2341));
#4977=EDGE_LOOP('',(#2342,#2343,#2344,#2345));
#4978=EDGE_LOOP('',(#2346,#2347,#2348,#2349));
#4979=EDGE_LOOP('',(#2350,#2351,#2352,#2353));
#4980=EDGE_LOOP('',(#2354,#2355,#2356,#2357));
#4981=EDGE_LOOP('',(#2358,#2359,#2360,#2361));
#4982=EDGE_LOOP('',(#2362,#2363,#2364,#2365));
#4983=EDGE_LOOP('',(#2366,#2367,#2368,#2369));
#4984=EDGE_LOOP('',(#2370,#2371,#2372,#2373));
#4985=EDGE_LOOP('',(#2374,#2375,#2376,#2377));
#4986=EDGE_LOOP('',(#2378,#2379,#2380,#2381));
#4987=EDGE_LOOP('',(#2382,#2383,#2384,#2385));
#4988=EDGE_LOOP('',(#2386,#2387,#2388,#2389));
#4989=EDGE_LOOP('',(#2390,#2391,#2392,#2393,#2394,#2395,#2396,#2397,#2398,
#2399,#2400,#2401,#2402,#2403,#2404,#2405,#2406,#2407,#2408,#2409,#2410,
#2411,#2412,#2413,#2414,#2415,#2416,#2417));
#4990=FACE_BOUND('',#4674,.T.);
#4991=FACE_BOUND('',#4675,.T.);
#4992=FACE_BOUND('',#4676,.T.);
#4993=FACE_BOUND('',#4677,.T.);
#4994=FACE_BOUND('',#4678,.T.);
#4995=FACE_BOUND('',#4679,.T.);
#4996=FACE_BOUND('',#4680,.T.);
#4997=FACE_BOUND('',#4681,.T.);
#4998=FACE_BOUND('',#4682,.T.);
#4999=FACE_BOUND('',#4683,.T.);
#5000=FACE_BOUND('',#4684,.T.);
#5001=FACE_BOUND('',#4685,.T.);
#5002=FACE_BOUND('',#4686,.T.);
#5003=FACE_BOUND('',#4687,.T.);
#5004=FACE_BOUND('',#4688,.T.);
#5005=FACE_BOUND('',#4689,.T.);
#5006=FACE_BOUND('',#4690,.T.);
#5007=FACE_BOUND('',#4691,.T.);
#5008=FACE_BOUND('',#4692,.T.);
#5009=FACE_BOUND('',#4693,.T.);
#5010=FACE_BOUND('',#4694,.T.);
#5011=FACE_BOUND('',#4695,.T.);
#5012=FACE_BOUND('',#4696,.T.);
#5013=FACE_BOUND('',#4697,.T.);
#5014=FACE_BOUND('',#4698,.T.);
#5015=FACE_BOUND('',#4699,.T.);
#5016=FACE_BOUND('',#4700,.T.);
#5017=FACE_BOUND('',#4701,.T.);
#5018=FACE_BOUND('',#4702,.T.);
#5019=FACE_BOUND('',#4703,.T.);
#5020=FACE_BOUND('',#4704,.T.);
#5021=FACE_BOUND('',#4705,.T.);
#5022=FACE_BOUND('',#4706,.T.);
#5023=FACE_BOUND('',#4707,.T.);
#5024=FACE_BOUND('',#4708,.T.);
#5025=FACE_BOUND('',#4709,.T.);
#5026=FACE_BOUND('',#4710,.T.);
#5027=FACE_BOUND('',#4711,.T.);
#5028=FACE_BOUND('',#4712,.T.);
#5029=FACE_BOUND('',#4713,.T.);
#5030=FACE_BOUND('',#4714,.T.);
#5031=FACE_BOUND('',#4715,.T.);
#5032=FACE_BOUND('',#4716,.T.);
#5033=FACE_BOUND('',#4717,.T.);
#5034=FACE_BOUND('',#4718,.T.);
#5035=FACE_BOUND('',#4719,.T.);
#5036=FACE_BOUND('',#4720,.T.);
#5037=FACE_BOUND('',#4721,.T.);
#5038=FACE_BOUND('',#4722,.T.);
#5039=FACE_BOUND('',#4723,.T.);
#5040=FACE_BOUND('',#4724,.T.);
#5041=FACE_BOUND('',#4725,.T.);
#5042=FACE_BOUND('',#4726,.T.);
#5043=FACE_BOUND('',#4727,.T.);
#5044=FACE_BOUND('',#4728,.T.);
#5045=FACE_BOUND('',#4729,.T.);
#5046=FACE_BOUND('',#4730,.T.);
#5047=FACE_BOUND('',#4731,.T.);
#5048=FACE_BOUND('',#4732,.T.);
#5049=FACE_BOUND('',#4733,.T.);
#5050=FACE_BOUND('',#4734,.T.);
#5051=FACE_BOUND('',#4735,.T.);
#5052=FACE_BOUND('',#4736,.T.);
#5053=FACE_BOUND('',#4737,.T.);
#5054=FACE_BOUND('',#4738,.T.);
#5055=FACE_BOUND('',#4739,.T.);
#5056=FACE_BOUND('',#4740,.T.);
#5057=FACE_BOUND('',#4741,.T.);
#5058=FACE_BOUND('',#4742,.T.);
#5059=FACE_BOUND('',#4743,.T.);
#5060=FACE_BOUND('',#4744,.T.);
#5061=FACE_BOUND('',#4745,.T.);
#5062=FACE_BOUND('',#4746,.T.);
#5063=FACE_BOUND('',#4747,.T.);
#5064=FACE_BOUND('',#4748,.T.);
#5065=FACE_BOUND('',#4749,.T.);
#5066=FACE_BOUND('',#4750,.T.);
#5067=FACE_BOUND('',#4751,.T.);
#5068=FACE_BOUND('',#4752,.T.);
#5069=FACE_BOUND('',#4753,.T.);
#5070=FACE_BOUND('',#4754,.T.);
#5071=FACE_BOUND('',#4755,.T.);
#5072=FACE_BOUND('',#4756,.T.);
#5073=FACE_BOUND('',#4757,.T.);
#5074=FACE_BOUND('',#4758,.T.);
#5075=FACE_BOUND('',#4759,.T.);
#5076=FACE_BOUND('',#4760,.T.);
#5077=FACE_BOUND('',#4761,.T.);
#5078=FACE_BOUND('',#4762,.T.);
#5079=FACE_BOUND('',#4763,.T.);
#5080=FACE_BOUND('',#4764,.T.);
#5081=FACE_BOUND('',#4765,.T.);
#5082=FACE_BOUND('',#4766,.T.);
#5083=FACE_BOUND('',#4767,.T.);
#5084=FACE_BOUND('',#4768,.T.);
#5085=FACE_BOUND('',#4769,.T.);
#5086=FACE_BOUND('',#4770,.T.);
#5087=FACE_BOUND('',#4771,.T.);
#5088=FACE_BOUND('',#4772,.T.);
#5089=FACE_BOUND('',#4773,.T.);
#5090=FACE_BOUND('',#4774,.T.);
#5091=FACE_BOUND('',#4775,.T.);
#5092=FACE_BOUND('',#4776,.T.);
#5093=FACE_BOUND('',#4777,.T.);
#5094=FACE_BOUND('',#4778,.T.);
#5095=FACE_BOUND('',#4779,.T.);
#5096=FACE_BOUND('',#4780,.T.);
#5097=FACE_BOUND('',#4781,.T.);
#5098=FACE_BOUND('',#4782,.T.);
#5099=FACE_BOUND('',#4783,.T.);
#5100=FACE_BOUND('',#4784,.T.);
#5101=FACE_BOUND('',#4785,.T.);
#5102=FACE_BOUND('',#4786,.T.);
#5103=FACE_BOUND('',#4787,.T.);
#5104=FACE_BOUND('',#4788,.T.);
#5105=FACE_BOUND('',#4789,.T.);
#5106=FACE_BOUND('',#4790,.T.);
#5107=FACE_BOUND('',#4791,.T.);
#5108=FACE_BOUND('',#4792,.T.);
#5109=FACE_BOUND('',#4793,.T.);
#5110=FACE_BOUND('',#4794,.T.);
#5111=FACE_BOUND('',#4795,.T.);
#5112=FACE_BOUND('',#4796,.T.);
#5113=FACE_BOUND('',#4797,.T.);
#5114=FACE_BOUND('',#4798,.T.);
#5115=FACE_BOUND('',#4799,.T.);
#5116=FACE_BOUND('',#4800,.T.);
#5117=FACE_BOUND('',#4801,.T.);
#5118=FACE_BOUND('',#4802,.T.);
#5119=FACE_BOUND('',#4803,.T.);
#5120=FACE_BOUND('',#4804,.T.);
#5121=FACE_BOUND('',#4805,.T.);
#5122=FACE_BOUND('',#4806,.T.);
#5123=FACE_BOUND('',#4807,.T.);
#5124=FACE_BOUND('',#4808,.T.);
#5125=FACE_BOUND('',#4809,.T.);
#5126=FACE_BOUND('',#4810,.T.);
#5127=FACE_BOUND('',#4811,.T.);
#5128=FACE_BOUND('',#4812,.T.);
#5129=FACE_BOUND('',#4813,.T.);
#5130=FACE_BOUND('',#4814,.T.);
#5131=FACE_BOUND('',#4815,.T.);
#5132=FACE_BOUND('',#4816,.T.);
#5133=FACE_BOUND('',#4817,.T.);
#5134=FACE_BOUND('',#4818,.T.);
#5135=FACE_BOUND('',#4819,.T.);
#5136=FACE_BOUND('',#4820,.T.);
#5137=FACE_BOUND('',#4821,.T.);
#5138=FACE_BOUND('',#4822,.T.);
#5139=FACE_BOUND('',#4823,.T.);
#5140=FACE_BOUND('',#4824,.T.);
#5141=FACE_BOUND('',#4825,.T.);
#5142=FACE_BOUND('',#4826,.T.);
#5143=FACE_BOUND('',#4827,.T.);
#5144=FACE_BOUND('',#4828,.T.);
#5145=FACE_BOUND('',#4829,.T.);
#5146=FACE_BOUND('',#4830,.T.);
#5147=FACE_BOUND('',#4831,.T.);
#5148=FACE_BOUND('',#4832,.T.);
#5149=FACE_BOUND('',#4833,.T.);
#5150=FACE_BOUND('',#4834,.T.);
#5151=FACE_BOUND('',#4835,.T.);
#5152=FACE_BOUND('',#4836,.T.);
#5153=FACE_BOUND('',#4837,.T.);
#5154=FACE_BOUND('',#4838,.T.);
#5155=FACE_BOUND('',#4839,.T.);
#5156=FACE_BOUND('',#4840,.T.);
#5157=FACE_BOUND('',#4841,.T.);
#5158=FACE_BOUND('',#4842,.T.);
#5159=FACE_BOUND('',#4843,.T.);
#5160=FACE_BOUND('',#4844,.T.);
#5161=FACE_BOUND('',#4845,.T.);
#5162=FACE_BOUND('',#4846,.T.);
#5163=FACE_BOUND('',#4847,.T.);
#5164=FACE_BOUND('',#4848,.T.);
#5165=FACE_BOUND('',#4849,.T.);
#5166=FACE_BOUND('',#4850,.T.);
#5167=FACE_BOUND('',#4851,.T.);
#5168=FACE_BOUND('',#4852,.T.);
#5169=FACE_BOUND('',#4853,.T.);
#5170=FACE_BOUND('',#4854,.T.);
#5171=FACE_BOUND('',#4855,.T.);
#5172=FACE_BOUND('',#4856,.T.);
#5173=FACE_BOUND('',#4857,.T.);
#5174=FACE_BOUND('',#4858,.T.);
#5175=FACE_BOUND('',#4859,.T.);
#5176=FACE_BOUND('',#4860,.T.);
#5177=FACE_BOUND('',#4861,.T.);
#5178=FACE_BOUND('',#4862,.T.);
#5179=FACE_BOUND('',#4863,.T.);
#5180=FACE_BOUND('',#4864,.T.);
#5181=FACE_BOUND('',#4865,.T.);
#5182=FACE_BOUND('',#4866,.T.);
#5183=FACE_BOUND('',#4867,.T.);
#5184=FACE_BOUND('',#4868,.T.);
#5185=FACE_BOUND('',#4869,.T.);
#5186=FACE_BOUND('',#4870,.T.);
#5187=FACE_BOUND('',#4871,.T.);
#5188=FACE_BOUND('',#4872,.T.);
#5189=FACE_BOUND('',#4873,.T.);
#5190=FACE_BOUND('',#4874,.T.);
#5191=FACE_BOUND('',#4875,.T.);
#5192=FACE_BOUND('',#4876,.T.);
#5193=FACE_BOUND('',#4877,.T.);
#5194=FACE_BOUND('',#4878,.T.);
#5195=FACE_BOUND('',#4879,.T.);
#5196=FACE_BOUND('',#4880,.T.);
#5197=FACE_BOUND('',#4881,.T.);
#5198=FACE_BOUND('',#4882,.T.);
#5199=FACE_BOUND('',#4883,.T.);
#5200=FACE_BOUND('',#4884,.T.);
#5201=FACE_BOUND('',#4885,.T.);
#5202=FACE_BOUND('',#4886,.T.);
#5203=FACE_BOUND('',#4887,.T.);
#5204=FACE_BOUND('',#4888,.T.);
#5205=FACE_BOUND('',#4889,.T.);
#5206=FACE_BOUND('',#4890,.T.);
#5207=FACE_BOUND('',#4891,.T.);
#5208=FACE_BOUND('',#4892,.T.);
#5209=FACE_BOUND('',#4893,.T.);
#5210=FACE_BOUND('',#4894,.T.);
#5211=FACE_BOUND('',#4895,.T.);
#5212=FACE_BOUND('',#4896,.T.);
#5213=FACE_BOUND('',#4897,.T.);
#5214=FACE_BOUND('',#4898,.T.);
#5215=FACE_BOUND('',#4899,.T.);
#5216=FACE_BOUND('',#4900,.T.);
#5217=FACE_BOUND('',#4901,.T.);
#5218=FACE_BOUND('',#4902,.T.);
#5219=FACE_BOUND('',#4903,.T.);
#5220=FACE_BOUND('',#4904,.T.);
#5221=FACE_BOUND('',#4905,.T.);
#5222=FACE_BOUND('',#4906,.T.);
#5223=FACE_BOUND('',#4907,.T.);
#5224=FACE_BOUND('',#4908,.T.);
#5225=FACE_BOUND('',#4909,.T.);
#5226=FACE_BOUND('',#4910,.T.);
#5227=FACE_BOUND('',#4911,.T.);
#5228=FACE_BOUND('',#4912,.T.);
#5229=FACE_BOUND('',#4913,.T.);
#5230=FACE_BOUND('',#4914,.T.);
#5231=FACE_BOUND('',#4915,.T.);
#5232=FACE_BOUND('',#4916,.T.);
#5233=FACE_BOUND('',#4917,.T.);
#5234=FACE_BOUND('',#4918,.T.);
#5235=FACE_BOUND('',#4919,.T.);
#5236=FACE_BOUND('',#4920,.T.);
#5237=FACE_BOUND('',#4921,.T.);
#5238=FACE_BOUND('',#4922,.T.);
#5239=FACE_BOUND('',#4923,.T.);
#5240=FACE_BOUND('',#4924,.T.);
#5241=FACE_BOUND('',#4925,.T.);
#5242=FACE_BOUND('',#4926,.T.);
#5243=FACE_BOUND('',#4927,.T.);
#5244=FACE_BOUND('',#4928,.T.);
#5245=FACE_BOUND('',#4929,.T.);
#5246=FACE_BOUND('',#4930,.T.);
#5247=FACE_BOUND('',#4931,.T.);
#5248=FACE_BOUND('',#4932,.T.);
#5249=FACE_BOUND('',#4933,.T.);
#5250=FACE_BOUND('',#4934,.T.);
#5251=FACE_BOUND('',#4935,.T.);
#5252=FACE_BOUND('',#4936,.T.);
#5253=FACE_BOUND('',#4937,.T.);
#5254=FACE_BOUND('',#4938,.T.);
#5255=FACE_BOUND('',#4939,.T.);
#5256=FACE_BOUND('',#4940,.T.);
#5257=FACE_BOUND('',#4941,.T.);
#5258=FACE_BOUND('',#4942,.T.);
#5259=FACE_BOUND('',#4943,.T.);
#5260=FACE_BOUND('',#4944,.T.);
#5261=FACE_BOUND('',#4945,.T.);
#5262=FACE_BOUND('',#4946,.T.);
#5263=FACE_BOUND('',#4947,.T.);
#5264=FACE_BOUND('',#4948,.T.);
#5265=FACE_BOUND('',#4949,.T.);
#5266=FACE_BOUND('',#4950,.T.);
#5267=FACE_BOUND('',#4951,.T.);
#5268=FACE_BOUND('',#4952,.T.);
#5269=FACE_BOUND('',#4953,.T.);
#5270=FACE_BOUND('',#4954,.T.);
#5271=FACE_BOUND('',#4955,.T.);
#5272=FACE_BOUND('',#4956,.T.);
#5273=FACE_BOUND('',#4957,.T.);
#5274=FACE_BOUND('',#4958,.T.);
#5275=FACE_BOUND('',#4959,.T.);
#5276=FACE_BOUND('',#4960,.T.);
#5277=FACE_BOUND('',#4961,.T.);
#5278=FACE_BOUND('',#4962,.T.);
#5279=FACE_BOUND('',#4963,.T.);
#5280=FACE_BOUND('',#4964,.T.);
#5281=FACE_BOUND('',#4965,.T.);
#5282=FACE_BOUND('',#4966,.T.);
#5283=FACE_BOUND('',#4967,.T.);
#5284=FACE_BOUND('',#4968,.T.);
#5285=FACE_BOUND('',#4969,.T.);
#5286=FACE_BOUND('',#4970,.T.);
#5287=FACE_BOUND('',#4971,.T.);
#5288=FACE_BOUND('',#4972,.T.);
#5289=FACE_BOUND('',#4973,.T.);
#5290=FACE_BOUND('',#4974,.T.);
#5291=FACE_BOUND('',#4975,.T.);
#5292=FACE_BOUND('',#4976,.T.);
#5293=FACE_BOUND('',#4977,.T.);
#5294=FACE_BOUND('',#4978,.T.);
#5295=FACE_BOUND('',#4979,.T.);
#5296=FACE_BOUND('',#4980,.T.);
#5297=FACE_BOUND('',#4981,.T.);
#5298=FACE_BOUND('',#4982,.T.);
#5299=FACE_BOUND('',#4983,.T.);
#5300=FACE_BOUND('',#4984,.T.);
#5301=FACE_BOUND('',#4985,.T.);
#5302=FACE_BOUND('',#4986,.T.);
#5303=FACE_BOUND('',#4987,.T.);
#5304=FACE_BOUND('',#4988,.T.);
#5305=FACE_BOUND('',#4989,.T.);
#5306=CYLINDRICAL_SURFACE('',#5767,2.159);
#5307=CYLINDRICAL_SURFACE('',#5770,2.159);
#5308=CYLINDRICAL_SURFACE('',#5773,2.159);
#5309=CYLINDRICAL_SURFACE('',#5776,2.159);
#5310=CYLINDRICAL_SURFACE('',#5779,2.159);
#5311=CYLINDRICAL_SURFACE('',#5782,2.159);
#5312=CYLINDRICAL_SURFACE('',#5785,2.159);
#5313=CYLINDRICAL_SURFACE('',#5788,2.159);
#5314=CYLINDRICAL_SURFACE('',#5791,2.159);
#5315=CYLINDRICAL_SURFACE('',#5794,2.159);
#5316=CYLINDRICAL_SURFACE('',#5797,2.159);
#5317=CYLINDRICAL_SURFACE('',#5800,2.159);
#5318=CYLINDRICAL_SURFACE('',#5803,2.159);
#5319=CYLINDRICAL_SURFACE('',#5806,2.159);
#5320=CYLINDRICAL_SURFACE('',#5809,2.159);
#5321=CYLINDRICAL_SURFACE('',#5812,2.159);
#5322=CYLINDRICAL_SURFACE('',#5815,2.159);
#5323=CYLINDRICAL_SURFACE('',#5818,2.159);
#5324=CYLINDRICAL_SURFACE('',#5821,2.159);
#5325=CYLINDRICAL_SURFACE('',#5824,2.159);
#5326=CYLINDRICAL_SURFACE('',#5827,2.159);
#5327=CYLINDRICAL_SURFACE('',#5830,2.159);
#5328=CYLINDRICAL_SURFACE('',#5833,2.159);
#5329=CYLINDRICAL_SURFACE('',#5836,2.159);
#5330=CYLINDRICAL_SURFACE('',#5839,2.159);
#5331=CYLINDRICAL_SURFACE('',#5842,2.159);
#5332=CYLINDRICAL_SURFACE('',#5845,2.159);
#5333=CYLINDRICAL_SURFACE('',#5848,2.159);
#5334=CYLINDRICAL_SURFACE('',#5851,2.159);
#5335=CYLINDRICAL_SURFACE('',#5854,2.159);
#5336=CYLINDRICAL_SURFACE('',#5857,2.159);
#5337=CYLINDRICAL_SURFACE('',#5973,2.159);
#5338=CYLINDRICAL_SURFACE('',#6073,1.87324999999995);
#5339=CYLINDRICAL_SURFACE('',#6074,0.0581301645598674);
#5340=CYLINDRICAL_SURFACE('',#6075,0.0581301645598674);
#5341=CYLINDRICAL_SURFACE('',#6076,1.87324999999995);
#5342=CYLINDRICAL_SURFACE('',#6077,0.0581301645598674);
#5343=CYLINDRICAL_SURFACE('',#6078,0.0581301645598674);
#5344=CYLINDRICAL_SURFACE('',#6079,1.87324999999995);
#5345=CYLINDRICAL_SURFACE('',#6080,0.0581301645598674);
#5346=CYLINDRICAL_SURFACE('',#6081,0.0581301645598674);
#5347=CYLINDRICAL_SURFACE('',#6082,1.87324999999995);
#5348=CYLINDRICAL_SURFACE('',#6083,0.0581301645598674);
#5349=CYLINDRICAL_SURFACE('',#6084,0.0581301645598674);
#5350=CYLINDRICAL_SURFACE('',#6085,1.87324999999995);
#5351=CYLINDRICAL_SURFACE('',#6086,0.0581301645598674);
#5352=CYLINDRICAL_SURFACE('',#6087,0.0581301645598674);
#5353=CYLINDRICAL_SURFACE('',#6088,1.87324999999995);
#5354=CYLINDRICAL_SURFACE('',#6089,0.0581301645598674);
#5355=CYLINDRICAL_SURFACE('',#6090,0.0581301645598674);
#5356=CYLINDRICAL_SURFACE('',#6091,1.87324999999995);
#5357=CYLINDRICAL_SURFACE('',#6092,0.0581301645598674);
#5358=CYLINDRICAL_SURFACE('',#6093,0.0581301645598674);
#5359=CYLINDRICAL_SURFACE('',#6094,1.87324999999995);
#5360=CYLINDRICAL_SURFACE('',#6095,0.0581301645598674);
#5361=CYLINDRICAL_SURFACE('',#6096,0.0581301645598674);
#5362=CYLINDRICAL_SURFACE('',#6097,1.87324999999995);
#5363=CYLINDRICAL_SURFACE('',#6098,0.0581301645598674);
#5364=CYLINDRICAL_SURFACE('',#6099,0.0581301645598674);
#5365=CYLINDRICAL_SURFACE('',#6100,1.87324999999995);
#5366=CYLINDRICAL_SURFACE('',#6101,0.0581301645598674);
#5367=CYLINDRICAL_SURFACE('',#6102,0.0581301645598674);
#5368=CYLINDRICAL_SURFACE('',#6103,1.87324999999995);
#5369=CYLINDRICAL_SURFACE('',#6104,0.0581301645598674);
#5370=CYLINDRICAL_SURFACE('',#6105,0.0581301645598674);
#5371=CYLINDRICAL_SURFACE('',#6106,1.87324999999995);
#5372=CYLINDRICAL_SURFACE('',#6107,0.0581301645598674);
#5373=CYLINDRICAL_SURFACE('',#6108,0.0581301645598674);
#5374=CYLINDRICAL_SURFACE('',#6109,1.87324999999995);
#5375=CYLINDRICAL_SURFACE('',#6110,0.0581301645598674);
#5376=CYLINDRICAL_SURFACE('',#6111,0.0581301645598674);
#5377=CYLINDRICAL_SURFACE('',#6112,1.87324999999995);
#5378=CYLINDRICAL_SURFACE('',#6113,0.0581301645598674);
#5379=CYLINDRICAL_SURFACE('',#6114,0.0581301645598674);
#5380=CYLINDRICAL_SURFACE('',#6115,1.87324999999995);
#5381=CYLINDRICAL_SURFACE('',#6116,0.0581301645598674);
#5382=CYLINDRICAL_SURFACE('',#6117,0.0581301645598674);
#5383=CYLINDRICAL_SURFACE('',#6118,1.87324999999995);
#5384=CYLINDRICAL_SURFACE('',#6119,0.0581301645598674);
#5385=CYLINDRICAL_SURFACE('',#6120,0.0581301645598674);
#5386=CYLINDRICAL_SURFACE('',#6121,1.87324999999995);
#5387=CYLINDRICAL_SURFACE('',#6122,0.0581301645598674);
#5388=CYLINDRICAL_SURFACE('',#6123,0.0581301645598674);
#5389=CYLINDRICAL_SURFACE('',#6124,1.87324999999995);
#5390=CYLINDRICAL_SURFACE('',#6125,0.0581301645598674);
#5391=CYLINDRICAL_SURFACE('',#6126,0.0581301645598674);
#5392=CYLINDRICAL_SURFACE('',#6127,1.87324999999995);
#5393=CYLINDRICAL_SURFACE('',#6128,0.0581301645598674);
#5394=CYLINDRICAL_SURFACE('',#6129,0.0581301645598674);
#5395=CYLINDRICAL_SURFACE('',#6130,1.87324999999995);
#5396=CYLINDRICAL_SURFACE('',#6131,0.0581301645598674);
#5397=CYLINDRICAL_SURFACE('',#6132,0.0581301645598674);
#5398=CYLINDRICAL_SURFACE('',#6133,1.87324999999995);
#5399=CYLINDRICAL_SURFACE('',#6134,0.0581301645598674);
#5400=CYLINDRICAL_SURFACE('',#6135,0.0581301645598674);
#5401=CYLINDRICAL_SURFACE('',#6136,1.87324999999995);
#5402=CYLINDRICAL_SURFACE('',#6137,0.0581301645598674);
#5403=CYLINDRICAL_SURFACE('',#6138,0.0581301645598674);
#5404=CYLINDRICAL_SURFACE('',#6139,1.87324999999995);
#5405=CYLINDRICAL_SURFACE('',#6140,0.0581301645598674);
#5406=CYLINDRICAL_SURFACE('',#6141,0.0581301645598674);
#5407=CYLINDRICAL_SURFACE('',#6142,1.87324999999995);
#5408=CYLINDRICAL_SURFACE('',#6143,0.0581301645598674);
#5409=CYLINDRICAL_SURFACE('',#6144,0.0581301645598674);
#5410=CYLINDRICAL_SURFACE('',#6145,1.87324999999995);
#5411=CYLINDRICAL_SURFACE('',#6146,0.0581301645598674);
#5412=CYLINDRICAL_SURFACE('',#6147,0.0581301645598674);
#5413=CYLINDRICAL_SURFACE('',#6148,1.87324999999995);
#5414=CYLINDRICAL_SURFACE('',#6149,0.0581301645598674);
#5415=CYLINDRICAL_SURFACE('',#6150,0.0581301645598674);
#5416=CYLINDRICAL_SURFACE('',#6151,1.87324999999995);
#5417=CYLINDRICAL_SURFACE('',#6152,0.0581301645598674);
#5418=CYLINDRICAL_SURFACE('',#6153,0.0581301645598674);
#5419=CYLINDRICAL_SURFACE('',#6154,1.87324999999995);
#5420=CYLINDRICAL_SURFACE('',#6155,0.0581301645598674);
#5421=CYLINDRICAL_SURFACE('',#6156,0.0581301645598674);
#5422=CYLINDRICAL_SURFACE('',#6157,1.87324999999995);
#5423=CYLINDRICAL_SURFACE('',#6158,0.0581301645598674);
#5424=CYLINDRICAL_SURFACE('',#6159,0.0581301645598674);
#5425=CYLINDRICAL_SURFACE('',#6160,1.87324999999995);
#5426=CYLINDRICAL_SURFACE('',#6161,0.0581301645598674);
#5427=CYLINDRICAL_SURFACE('',#6162,0.0581301645598674);
#5428=CYLINDRICAL_SURFACE('',#6163,1.87324999999995);
#5429=CYLINDRICAL_SURFACE('',#6164,0.0581301645598674);
#5430=CYLINDRICAL_SURFACE('',#6165,0.0581301645598674);
#5431=CYLINDRICAL_SURFACE('',#6166,1.87324999999995);
#5432=CYLINDRICAL_SURFACE('',#6167,0.0581301645598674);
#5433=CYLINDRICAL_SURFACE('',#6168,0.0581301645598674);
#5434=CYLINDRICAL_SURFACE('',#6169,0.95);
#5435=CYLINDRICAL_SURFACE('',#6172,0.95);
#5436=CYLINDRICAL_SURFACE('',#6182,0.66799002557952);
#5437=CYLINDRICAL_SURFACE('',#6191,1.10397562081753);
#5438=CYLINDRICAL_SURFACE('',#6202,0.114352506189993);
#5439=CYLINDRICAL_SURFACE('',#6204,0.0979447068297368);
#5440=CYLINDRICAL_SURFACE('',#6206,0.150517279796311);
#5441=CYLINDRICAL_SURFACE('',#6219,0.123568996806851);
#5442=CYLINDRICAL_SURFACE('',#6222,0.15864940262073);
#5443=CYLINDRICAL_SURFACE('',#6239,0.174478493491056);
#5444=CYLINDRICAL_SURFACE('',#6241,0.161564990506621);
#5445=CYLINDRICAL_SURFACE('',#6244,0.141890069137682);
#5446=CYLINDRICAL_SURFACE('',#6249,0.212688548000647);
#5447=CYLINDRICAL_SURFACE('',#6251,0.2105207848189);
#5448=CYLINDRICAL_SURFACE('',#6254,0.169217881789995);
#5449=CYLINDRICAL_SURFACE('',#6256,0.275546858415706);
#5450=ADVANCED_FACE('',(#4990),#5306,.T.);
#5451=ADVANCED_FACE('',(#4991),#5307,.T.);
#5452=ADVANCED_FACE('',(#4992),#5308,.T.);
#5453=ADVANCED_FACE('',(#4993),#5309,.T.);
#5454=ADVANCED_FACE('',(#4994),#5310,.T.);
#5455=ADVANCED_FACE('',(#4995),#5311,.T.);
#5456=ADVANCED_FACE('',(#4996),#5312,.T.);
#5457=ADVANCED_FACE('',(#4997),#5313,.T.);
#5458=ADVANCED_FACE('',(#4998),#5314,.T.);
#5459=ADVANCED_FACE('',(#4999),#5315,.T.);
#5460=ADVANCED_FACE('',(#5000),#5316,.T.);
#5461=ADVANCED_FACE('',(#5001),#5317,.T.);
#5462=ADVANCED_FACE('',(#5002),#5318,.T.);
#5463=ADVANCED_FACE('',(#5003),#5319,.T.);
#5464=ADVANCED_FACE('',(#5004),#5320,.T.);
#5465=ADVANCED_FACE('',(#5005),#5321,.T.);
#5466=ADVANCED_FACE('',(#5006),#5322,.T.);
#5467=ADVANCED_FACE('',(#5007),#5323,.T.);
#5468=ADVANCED_FACE('',(#5008),#5324,.T.);
#5469=ADVANCED_FACE('',(#5009),#5325,.T.);
#5470=ADVANCED_FACE('',(#5010),#5326,.T.);
#5471=ADVANCED_FACE('',(#5011),#5327,.T.);
#5472=ADVANCED_FACE('',(#5012),#5328,.T.);
#5473=ADVANCED_FACE('',(#5013),#5329,.T.);
#5474=ADVANCED_FACE('',(#5014),#5330,.T.);
#5475=ADVANCED_FACE('',(#5015),#5331,.T.);
#5476=ADVANCED_FACE('',(#5016),#5332,.T.);
#5477=ADVANCED_FACE('',(#5017),#5333,.T.);
#5478=ADVANCED_FACE('',(#5018),#5334,.T.);
#5479=ADVANCED_FACE('',(#5019),#5335,.T.);
#5480=ADVANCED_FACE('',(#5020),#5336,.T.);
#5481=ADVANCED_FACE('',(#5021,#5022,#5023,#5024,#5025,#5026,#5027,#5028),
#309,.T.);
#5482=ADVANCED_FACE('',(#5029),#5337,.T.);
#5483=ADVANCED_FACE('',(#5030,#5031),#310,.F.);
#5484=ADVANCED_FACE('',(#5032),#12,.T.);
#5485=ADVANCED_FACE('',(#5033),#13,.F.);
#5486=ADVANCED_FACE('',(#5034),#5338,.T.);
#5487=ADVANCED_FACE('',(#5035),#5339,.F.);
#5488=ADVANCED_FACE('',(#5036),#5340,.F.);
#5489=ADVANCED_FACE('',(#5037),#14,.T.);
#5490=ADVANCED_FACE('',(#5038),#15,.F.);
#5491=ADVANCED_FACE('',(#5039),#5341,.T.);
#5492=ADVANCED_FACE('',(#5040),#5342,.F.);
#5493=ADVANCED_FACE('',(#5041),#5343,.F.);
#5494=ADVANCED_FACE('',(#5042),#16,.T.);
#5495=ADVANCED_FACE('',(#5043),#17,.F.);
#5496=ADVANCED_FACE('',(#5044),#5344,.T.);
#5497=ADVANCED_FACE('',(#5045),#5345,.F.);
#5498=ADVANCED_FACE('',(#5046),#5346,.F.);
#5499=ADVANCED_FACE('',(#5047),#18,.T.);
#5500=ADVANCED_FACE('',(#5048),#19,.F.);
#5501=ADVANCED_FACE('',(#5049),#5347,.T.);
#5502=ADVANCED_FACE('',(#5050),#5348,.F.);
#5503=ADVANCED_FACE('',(#5051),#5349,.F.);
#5504=ADVANCED_FACE('',(#5052),#20,.T.);
#5505=ADVANCED_FACE('',(#5053),#21,.F.);
#5506=ADVANCED_FACE('',(#5054),#5350,.T.);
#5507=ADVANCED_FACE('',(#5055),#5351,.F.);
#5508=ADVANCED_FACE('',(#5056),#5352,.F.);
#5509=ADVANCED_FACE('',(#5057),#22,.T.);
#5510=ADVANCED_FACE('',(#5058),#23,.F.);
#5511=ADVANCED_FACE('',(#5059),#5353,.T.);
#5512=ADVANCED_FACE('',(#5060),#5354,.F.);
#5513=ADVANCED_FACE('',(#5061),#5355,.F.);
#5514=ADVANCED_FACE('',(#5062),#24,.T.);
#5515=ADVANCED_FACE('',(#5063),#25,.F.);
#5516=ADVANCED_FACE('',(#5064),#5356,.T.);
#5517=ADVANCED_FACE('',(#5065),#5357,.F.);
#5518=ADVANCED_FACE('',(#5066),#5358,.F.);
#5519=ADVANCED_FACE('',(#5067),#26,.T.);
#5520=ADVANCED_FACE('',(#5068),#27,.F.);
#5521=ADVANCED_FACE('',(#5069),#5359,.T.);
#5522=ADVANCED_FACE('',(#5070),#5360,.F.);
#5523=ADVANCED_FACE('',(#5071),#5361,.F.);
#5524=ADVANCED_FACE('',(#5072),#28,.T.);
#5525=ADVANCED_FACE('',(#5073),#29,.F.);
#5526=ADVANCED_FACE('',(#5074),#5362,.T.);
#5527=ADVANCED_FACE('',(#5075),#5363,.F.);
#5528=ADVANCED_FACE('',(#5076),#5364,.F.);
#5529=ADVANCED_FACE('',(#5077),#30,.T.);
#5530=ADVANCED_FACE('',(#5078),#31,.F.);
#5531=ADVANCED_FACE('',(#5079),#5365,.T.);
#5532=ADVANCED_FACE('',(#5080),#5366,.F.);
#5533=ADVANCED_FACE('',(#5081),#5367,.F.);
#5534=ADVANCED_FACE('',(#5082),#32,.T.);
#5535=ADVANCED_FACE('',(#5083),#33,.F.);
#5536=ADVANCED_FACE('',(#5084),#5368,.T.);
#5537=ADVANCED_FACE('',(#5085),#5369,.F.);
#5538=ADVANCED_FACE('',(#5086),#5370,.F.);
#5539=ADVANCED_FACE('',(#5087),#34,.T.);
#5540=ADVANCED_FACE('',(#5088),#35,.F.);
#5541=ADVANCED_FACE('',(#5089),#5371,.T.);
#5542=ADVANCED_FACE('',(#5090),#5372,.F.);
#5543=ADVANCED_FACE('',(#5091),#5373,.F.);
#5544=ADVANCED_FACE('',(#5092),#36,.T.);
#5545=ADVANCED_FACE('',(#5093),#37,.F.);
#5546=ADVANCED_FACE('',(#5094),#5374,.T.);
#5547=ADVANCED_FACE('',(#5095),#5375,.F.);
#5548=ADVANCED_FACE('',(#5096),#5376,.F.);
#5549=ADVANCED_FACE('',(#5097),#38,.T.);
#5550=ADVANCED_FACE('',(#5098),#39,.F.);
#5551=ADVANCED_FACE('',(#5099),#5377,.T.);
#5552=ADVANCED_FACE('',(#5100),#5378,.F.);
#5553=ADVANCED_FACE('',(#5101),#5379,.F.);
#5554=ADVANCED_FACE('',(#5102),#40,.T.);
#5555=ADVANCED_FACE('',(#5103),#41,.F.);
#5556=ADVANCED_FACE('',(#5104),#5380,.T.);
#5557=ADVANCED_FACE('',(#5105),#5381,.F.);
#5558=ADVANCED_FACE('',(#5106),#5382,.F.);
#5559=ADVANCED_FACE('',(#5107),#42,.T.);
#5560=ADVANCED_FACE('',(#5108),#43,.F.);
#5561=ADVANCED_FACE('',(#5109),#5383,.T.);
#5562=ADVANCED_FACE('',(#5110),#5384,.F.);
#5563=ADVANCED_FACE('',(#5111),#5385,.F.);
#5564=ADVANCED_FACE('',(#5112),#44,.T.);
#5565=ADVANCED_FACE('',(#5113),#45,.F.);
#5566=ADVANCED_FACE('',(#5114),#5386,.T.);
#5567=ADVANCED_FACE('',(#5115),#5387,.F.);
#5568=ADVANCED_FACE('',(#5116),#5388,.F.);
#5569=ADVANCED_FACE('',(#5117),#46,.T.);
#5570=ADVANCED_FACE('',(#5118),#47,.F.);
#5571=ADVANCED_FACE('',(#5119),#5389,.T.);
#5572=ADVANCED_FACE('',(#5120),#5390,.F.);
#5573=ADVANCED_FACE('',(#5121),#5391,.F.);
#5574=ADVANCED_FACE('',(#5122),#48,.T.);
#5575=ADVANCED_FACE('',(#5123),#49,.F.);
#5576=ADVANCED_FACE('',(#5124),#5392,.T.);
#5577=ADVANCED_FACE('',(#5125),#5393,.F.);
#5578=ADVANCED_FACE('',(#5126),#5394,.F.);
#5579=ADVANCED_FACE('',(#5127),#50,.T.);
#5580=ADVANCED_FACE('',(#5128),#51,.F.);
#5581=ADVANCED_FACE('',(#5129),#5395,.T.);
#5582=ADVANCED_FACE('',(#5130),#5396,.F.);
#5583=ADVANCED_FACE('',(#5131),#5397,.F.);
#5584=ADVANCED_FACE('',(#5132),#52,.T.);
#5585=ADVANCED_FACE('',(#5133),#53,.F.);
#5586=ADVANCED_FACE('',(#5134),#5398,.T.);
#5587=ADVANCED_FACE('',(#5135),#5399,.F.);
#5588=ADVANCED_FACE('',(#5136),#5400,.F.);
#5589=ADVANCED_FACE('',(#5137),#54,.T.);
#5590=ADVANCED_FACE('',(#5138),#55,.F.);
#5591=ADVANCED_FACE('',(#5139),#5401,.T.);
#5592=ADVANCED_FACE('',(#5140),#5402,.F.);
#5593=ADVANCED_FACE('',(#5141),#5403,.F.);
#5594=ADVANCED_FACE('',(#5142),#56,.T.);
#5595=ADVANCED_FACE('',(#5143),#57,.F.);
#5596=ADVANCED_FACE('',(#5144),#5404,.T.);
#5597=ADVANCED_FACE('',(#5145),#5405,.F.);
#5598=ADVANCED_FACE('',(#5146),#5406,.F.);
#5599=ADVANCED_FACE('',(#5147),#58,.T.);
#5600=ADVANCED_FACE('',(#5148),#59,.F.);
#5601=ADVANCED_FACE('',(#5149),#5407,.T.);
#5602=ADVANCED_FACE('',(#5150),#5408,.F.);
#5603=ADVANCED_FACE('',(#5151),#5409,.F.);
#5604=ADVANCED_FACE('',(#5152),#60,.T.);
#5605=ADVANCED_FACE('',(#5153),#61,.F.);
#5606=ADVANCED_FACE('',(#5154),#5410,.T.);
#5607=ADVANCED_FACE('',(#5155),#5411,.F.);
#5608=ADVANCED_FACE('',(#5156),#5412,.F.);
#5609=ADVANCED_FACE('',(#5157),#62,.T.);
#5610=ADVANCED_FACE('',(#5158),#63,.F.);
#5611=ADVANCED_FACE('',(#5159),#5413,.T.);
#5612=ADVANCED_FACE('',(#5160),#5414,.F.);
#5613=ADVANCED_FACE('',(#5161),#5415,.F.);
#5614=ADVANCED_FACE('',(#5162),#64,.T.);
#5615=ADVANCED_FACE('',(#5163),#65,.F.);
#5616=ADVANCED_FACE('',(#5164),#5416,.T.);
#5617=ADVANCED_FACE('',(#5165),#5417,.F.);
#5618=ADVANCED_FACE('',(#5166),#5418,.F.);
#5619=ADVANCED_FACE('',(#5167),#66,.T.);
#5620=ADVANCED_FACE('',(#5168),#67,.F.);
#5621=ADVANCED_FACE('',(#5169),#5419,.T.);
#5622=ADVANCED_FACE('',(#5170),#5420,.F.);
#5623=ADVANCED_FACE('',(#5171),#5421,.F.);
#5624=ADVANCED_FACE('',(#5172),#68,.T.);
#5625=ADVANCED_FACE('',(#5173),#69,.F.);
#5626=ADVANCED_FACE('',(#5174),#5422,.T.);
#5627=ADVANCED_FACE('',(#5175),#5423,.F.);
#5628=ADVANCED_FACE('',(#5176),#5424,.F.);
#5629=ADVANCED_FACE('',(#5177),#70,.T.);
#5630=ADVANCED_FACE('',(#5178),#71,.F.);
#5631=ADVANCED_FACE('',(#5179),#5425,.T.);
#5632=ADVANCED_FACE('',(#5180),#5426,.F.);
#5633=ADVANCED_FACE('',(#5181),#5427,.F.);
#5634=ADVANCED_FACE('',(#5182),#72,.T.);
#5635=ADVANCED_FACE('',(#5183),#73,.F.);
#5636=ADVANCED_FACE('',(#5184),#5428,.T.);
#5637=ADVANCED_FACE('',(#5185),#5429,.F.);
#5638=ADVANCED_FACE('',(#5186),#5430,.F.);
#5639=ADVANCED_FACE('',(#5187),#74,.T.);
#5640=ADVANCED_FACE('',(#5188),#75,.F.);
#5641=ADVANCED_FACE('',(#5189),#5431,.T.);
#5642=ADVANCED_FACE('',(#5190),#5432,.F.);
#5643=ADVANCED_FACE('',(#5191),#5433,.F.);
#5644=ADVANCED_FACE('',(#5192,#5193),#5434,.T.);
#5645=ADVANCED_FACE('',(#5194,#5195),#311,.T.);
#5646=ADVANCED_FACE('',(#5196,#5197),#5435,.T.);
#5647=ADVANCED_FACE('',(#5198,#5199),#312,.T.);
#5648=ADVANCED_FACE('',(#5200),#313,.F.);
#5649=ADVANCED_FACE('',(#5201),#314,.F.);
#5650=ADVANCED_FACE('',(#5202),#315,.F.);
#5651=ADVANCED_FACE('',(#5203),#316,.F.);
#5652=ADVANCED_FACE('',(#5204),#317,.F.);
#5653=ADVANCED_FACE('',(#5205),#318,.F.);
#5654=ADVANCED_FACE('',(#5206),#319,.T.);
#5655=ADVANCED_FACE('',(#5207),#5436,.F.);
#5656=ADVANCED_FACE('',(#5208),#320,.T.);
#5657=ADVANCED_FACE('',(#5209),#321,.T.);
#5658=ADVANCED_FACE('',(#5210),#322,.T.);
#5659=ADVANCED_FACE('',(#5211),#323,.T.);
#5660=ADVANCED_FACE('',(#5212),#324,.T.);
#5661=ADVANCED_FACE('',(#5213),#325,.T.);
#5662=ADVANCED_FACE('',(#5214),#326,.T.);
#5663=ADVANCED_FACE('',(#5215),#5437,.F.);
#5664=ADVANCED_FACE('',(#5216),#327,.T.);
#5665=ADVANCED_FACE('',(#5217),#328,.T.);
#5666=ADVANCED_FACE('',(#5218),#329,.T.);
#5667=ADVANCED_FACE('',(#5219),#330,.T.);
#5668=ADVANCED_FACE('',(#5220),#331,.T.);
#5669=ADVANCED_FACE('',(#5221),#332,.T.);
#5670=ADVANCED_FACE('',(#5222),#333,.T.);
#5671=ADVANCED_FACE('',(#5223),#334,.T.);
#5672=ADVANCED_FACE('',(#5224),#76,.T.);
#5673=ADVANCED_FACE('',(#5225),#77,.T.);
#5674=ADVANCED_FACE('',(#5226),#78,.T.);
#5675=ADVANCED_FACE('',(#5227),#79,.T.);
#5676=ADVANCED_FACE('',(#5228),#80,.T.);
#5677=ADVANCED_FACE('',(#5229),#335,.T.);
#5678=ADVANCED_FACE('',(#5230),#81,.T.);
#5679=ADVANCED_FACE('',(#5231),#5438,.T.);
#5680=ADVANCED_FACE('',(#5232),#82,.T.);
#5681=ADVANCED_FACE('',(#5233),#83,.T.);
#5682=ADVANCED_FACE('',(#5234),#5439,.T.);
#5683=ADVANCED_FACE('',(#5235),#5440,.T.);
#5684=ADVANCED_FACE('',(#5236),#84,.T.);
#5685=ADVANCED_FACE('',(#5237),#336,.T.);
#5686=ADVANCED_FACE('',(#5238),#337,.T.);
#5687=ADVANCED_FACE('',(#5239),#338,.T.);
#5688=ADVANCED_FACE('',(#5240),#339,.T.);
#5689=ADVANCED_FACE('',(#5241),#340,.T.);
#5690=ADVANCED_FACE('',(#5242),#341,.T.);
#5691=ADVANCED_FACE('',(#5243),#342,.T.);
#5692=ADVANCED_FACE('',(#5244),#343,.T.);
#5693=ADVANCED_FACE('',(#5245),#344,.T.);
#5694=ADVANCED_FACE('',(#5246),#345,.T.);
#5695=ADVANCED_FACE('',(#5247),#346,.T.);
#5696=ADVANCED_FACE('',(#5248),#85,.T.);
#5697=ADVANCED_FACE('',(#5249),#86,.T.);
#5698=ADVANCED_FACE('',(#5250),#5441,.F.);
#5699=ADVANCED_FACE('',(#5251),#87,.T.);
#5700=ADVANCED_FACE('',(#5252),#88,.T.);
#5701=ADVANCED_FACE('',(#5253),#89,.T.);
#5702=ADVANCED_FACE('',(#5254),#90,.T.);
#5703=ADVANCED_FACE('',(#5255),#347,.T.);
#5704=ADVANCED_FACE('',(#5256),#91,.T.);
#5705=ADVANCED_FACE('',(#5257),#92,.T.);
#5706=ADVANCED_FACE('',(#5258),#93,.T.);
#5707=ADVANCED_FACE('',(#5259),#94,.T.);
#5708=ADVANCED_FACE('',(#5260),#95,.T.);
#5709=ADVANCED_FACE('',(#5261),#5442,.T.);
#5710=ADVANCED_FACE('',(#5262),#348,.T.);
#5711=ADVANCED_FACE('',(#5263),#349,.T.);
#5712=ADVANCED_FACE('',(#5264),#350,.T.);
#5713=ADVANCED_FACE('',(#5265),#351,.T.);
#5714=ADVANCED_FACE('',(#5266),#352,.T.);
#5715=ADVANCED_FACE('',(#5267),#353,.T.);
#5716=ADVANCED_FACE('',(#5268),#354,.T.);
#5717=ADVANCED_FACE('',(#5269),#355,.T.);
#5718=ADVANCED_FACE('',(#5270),#356,.T.);
#5719=ADVANCED_FACE('',(#5271),#357,.T.);
#5720=ADVANCED_FACE('',(#5272),#358,.T.);
#5721=ADVANCED_FACE('',(#5273),#359,.T.);
#5722=ADVANCED_FACE('',(#5274),#360,.T.);
#5723=ADVANCED_FACE('',(#5275),#361,.T.);
#5724=ADVANCED_FACE('',(#5276),#362,.T.);
#5725=ADVANCED_FACE('',(#5277),#5443,.F.);
#5726=ADVANCED_FACE('',(#5278),#5444,.F.);
#5727=ADVANCED_FACE('',(#5279),#363,.T.);
#5728=ADVANCED_FACE('',(#5280),#96,.T.);
#5729=ADVANCED_FACE('',(#5281),#5445,.T.);
#5730=ADVANCED_FACE('',(#5282),#97,.T.);
#5731=ADVANCED_FACE('',(#5283),#98,.T.);
#5732=ADVANCED_FACE('',(#5284),#99,.T.);
#5733=ADVANCED_FACE('',(#5285),#100,.T.);
#5734=ADVANCED_FACE('',(#5286),#364,.T.);
#5735=ADVANCED_FACE('',(#5287),#365,.T.);
#5736=ADVANCED_FACE('',(#5288),#366,.T.);
#5737=ADVANCED_FACE('',(#5289),#101,.T.);
#5738=ADVANCED_FACE('',(#5290),#102,.T.);
#5739=ADVANCED_FACE('',(#5291),#5446,.T.);
#5740=ADVANCED_FACE('',(#5292),#5447,.T.);
#5741=ADVANCED_FACE('',(#5293),#367,.T.);
#5742=ADVANCED_FACE('',(#5294),#5448,.F.);
#5743=ADVANCED_FACE('',(#5295),#5449,.F.);
#5744=ADVANCED_FACE('',(#5296),#103,.T.);
#5745=ADVANCED_FACE('',(#5297),#104,.T.);
#5746=ADVANCED_FACE('',(#5298),#105,.T.);
#5747=ADVANCED_FACE('',(#5299),#106,.T.);
#5748=ADVANCED_FACE('',(#5300),#368,.T.);
#5749=ADVANCED_FACE('',(#5301),#107,.T.);
#5750=ADVANCED_FACE('',(#5302),#108,.T.);
#5751=ADVANCED_FACE('',(#5303),#109,.T.);
#5752=ADVANCED_FACE('',(#5304),#110,.T.);
#5753=ADVANCED_FACE('',(#5305),#369,.T.);
#5754=CLOSED_SHELL('',(#5450,#5451,#5452,#5453,#5454,#5455,#5456,#5457,
#5458,#5459,#5460,#5461,#5462,#5463,#5464,#5465,#5466,#5467,#5468,#5469,
#5470,#5471,#5472,#5473,#5474,#5475,#5476,#5477,#5478,#5479,#5480,#5481,
#5482,#5483,#5484,#5485,#5486,#5487,#5488,#5489,#5490,#5491,#5492,#5493,
#5494,#5495,#5496,#5497,#5498,#5499,#5500,#5501,#5502,#5503,#5504,#5505,
#5506,#5507,#5508,#5509,#5510,#5511,#5512,#5513,#5514,#5515,#5516,#5517,
#5518,#5519,#5520,#5521,#5522,#5523,#5524,#5525,#5526,#5527,#5528,#5529,
#5530,#5531,#5532,#5533,#5534,#5535,#5536,#5537,#5538,#5539,#5540,#5541,
#5542,#5543,#5544,#5545,#5546,#5547,#5548,#5549,#5550,#5551,#5552,#5553,
#5554,#5555,#5556,#5557,#5558,#5559,#5560,#5561,#5562,#5563,#5564,#5565,
#5566,#5567,#5568,#5569,#5570,#5571,#5572,#5573,#5574,#5575,#5576,#5577,
#5578,#5579,#5580,#5581,#5582,#5583,#5584,#5585,#5586,#5587,#5588,#5589,
#5590,#5591,#5592,#5593,#5594,#5595,#5596,#5597,#5598,#5599,#5600,#5601,
#5602,#5603,#5604,#5605,#5606,#5607,#5608,#5609,#5610,#5611,#5612,#5613,
#5614,#5615,#5616,#5617,#5618,#5619,#5620,#5621,#5622,#5623,#5624,#5625,
#5626,#5627,#5628,#5629,#5630,#5631,#5632,#5633,#5634,#5635,#5636,#5637,
#5638,#5639,#5640,#5641,#5642,#5643,#5644,#5645,#5646,#5647,#5648,#5649,
#5650,#5651,#5652,#5653,#5654,#5655,#5656,#5657,#5658,#5659,#5660,#5661,
#5662,#5663,#5664,#5665,#5666,#5667,#5668,#5669,#5670,#5671,#5672,#5673,
#5674,#5675,#5676,#5677,#5678,#5679,#5680,#5681,#5682,#5683,#5684,#5685,
#5686,#5687,#5688,#5689,#5690,#5691,#5692,#5693,#5694,#5695,#5696,#5697,
#5698,#5699,#5700,#5701,#5702,#5703,#5704,#5705,#5706,#5707,#5708,#5709,
#5710,#5711,#5712,#5713,#5714,#5715,#5716,#5717,#5718,#5719,#5720,#5721,
#5722,#5723,#5724,#5725,#5726,#5727,#5728,#5729,#5730,#5731,#5732,#5733,
#5734,#5735,#5736,#5737,#5738,#5739,#5740,#5741,#5742,#5743,#5744,#5745,
#5746,#5747,#5748,#5749,#5750,#5751,#5752,#5753));
#5755=STYLED_ITEM('',(#5756),#5763);
#5756=PRESENTATION_STYLE_ASSIGNMENT((#5757));
#5757=SURFACE_STYLE_USAGE(.BOTH.,#5758);
#5758=SURFACE_SIDE_STYLE('',(#5759));
#5759=SURFACE_STYLE_FILL_AREA(#5760);
#5760=FILL_AREA_STYLE('',(#5761));
#5761=FILL_AREA_STYLE_COLOUR('',#5762);
#5762=COLOUR_RGB('',0.262745098039216,0.282352941176471,0.301960784313725);
#5763=MANIFOLD_SOLID_BREP('\X2\94DD52369F7F8F6E\X0\32t-20dp-1/2inch',#5754);
#5764=SHAPE_DEFINITION_REPRESENTATION(#14606,#5765);
#5765=SHAPE_REPRESENTATION('????32t-20dp-1/2inch',(#5766),#14601);
#5766=AXIS2_PLACEMENT_3D('',#7642,#6260,#6261);
#5767=AXIS2_PLACEMENT_3D('',#7643,#6262,#6263);
#5768=AXIS2_PLACEMENT_3D('',#7647,#6265,#6266);
#5769=AXIS2_PLACEMENT_3D('',#7651,#6268,#6269);
#5770=AXIS2_PLACEMENT_3D('',#7652,#6270,#6271);
#5771=AXIS2_PLACEMENT_3D('',#7653,#6272,#6273);
#5772=AXIS2_PLACEMENT_3D('',#7658,#6275,#6276);
#5773=AXIS2_PLACEMENT_3D('',#7661,#6278,#6279);
#5774=AXIS2_PLACEMENT_3D('',#7665,#6281,#6282);
#5775=AXIS2_PLACEMENT_3D('',#7669,#6284,#6285);
#5776=AXIS2_PLACEMENT_3D('',#7670,#6286,#6287);
#5777=AXIS2_PLACEMENT_3D('',#7671,#6288,#6289);
#5778=AXIS2_PLACEMENT_3D('',#7676,#6291,#6292);
#5779=AXIS2_PLACEMENT_3D('',#7679,#6294,#6295);
#5780=AXIS2_PLACEMENT_3D('',#7680,#6296,#6297);
#5781=AXIS2_PLACEMENT_3D('',#7685,#6299,#6300);
#5782=AXIS2_PLACEMENT_3D('',#7688,#6302,#6303);
#5783=AXIS2_PLACEMENT_3D('',#7689,#6304,#6305);
#5784=AXIS2_PLACEMENT_3D('',#7694,#6307,#6308);
#5785=AXIS2_PLACEMENT_3D('',#7697,#6310,#6311);
#5786=AXIS2_PLACEMENT_3D('',#7698,#6312,#6313);
#5787=AXIS2_PLACEMENT_3D('',#7703,#6315,#6316);
#5788=AXIS2_PLACEMENT_3D('',#7706,#6318,#6319);
#5789=AXIS2_PLACEMENT_3D('',#7710,#6321,#6322);
#5790=AXIS2_PLACEMENT_3D('',#7714,#6324,#6325);
#5791=AXIS2_PLACEMENT_3D('',#7715,#6326,#6327);
#5792=AXIS2_PLACEMENT_3D('',#7716,#6328,#6329);
#5793=AXIS2_PLACEMENT_3D('',#7721,#6331,#6332);
#5794=AXIS2_PLACEMENT_3D('',#7724,#6334,#6335);
#5795=AXIS2_PLACEMENT_3D('',#7728,#6337,#6338);
#5796=AXIS2_PLACEMENT_3D('',#7732,#6340,#6341);
#5797=AXIS2_PLACEMENT_3D('',#7733,#6342,#6343);
#5798=AXIS2_PLACEMENT_3D('',#7734,#6344,#6345);
#5799=AXIS2_PLACEMENT_3D('',#7739,#6347,#6348);
#5800=AXIS2_PLACEMENT_3D('',#7742,#6350,#6351);
#5801=AXIS2_PLACEMENT_3D('',#7743,#6352,#6353);
#5802=AXIS2_PLACEMENT_3D('',#7748,#6355,#6356);
#5803=AXIS2_PLACEMENT_3D('',#7751,#6358,#6359);
#5804=AXIS2_PLACEMENT_3D('',#7752,#6360,#6361);
#5805=AXIS2_PLACEMENT_3D('',#7757,#6363,#6364);
#5806=AXIS2_PLACEMENT_3D('',#7760,#6366,#6367);
#5807=AXIS2_PLACEMENT_3D('',#7761,#6368,#6369);
#5808=AXIS2_PLACEMENT_3D('',#7766,#6371,#6372);
#5809=AXIS2_PLACEMENT_3D('',#7769,#6374,#6375);
#5810=AXIS2_PLACEMENT_3D('',#7770,#6376,#6377);
#5811=AXIS2_PLACEMENT_3D('',#7775,#6379,#6380);
#5812=AXIS2_PLACEMENT_3D('',#7778,#6382,#6383);
#5813=AXIS2_PLACEMENT_3D('',#7782,#6385,#6386);
#5814=AXIS2_PLACEMENT_3D('',#7786,#6388,#6389);
#5815=AXIS2_PLACEMENT_3D('',#7787,#6390,#6391);
#5816=AXIS2_PLACEMENT_3D('',#7788,#6392,#6393);
#5817=AXIS2_PLACEMENT_3D('',#7793,#6395,#6396);
#5818=AXIS2_PLACEMENT_3D('',#7796,#6398,#6399);
#5819=AXIS2_PLACEMENT_3D('',#7800,#6401,#6402);
#5820=AXIS2_PLACEMENT_3D('',#7804,#6404,#6405);
#5821=AXIS2_PLACEMENT_3D('',#7805,#6406,#6407);
#5822=AXIS2_PLACEMENT_3D('',#7806,#6408,#6409);
#5823=AXIS2_PLACEMENT_3D('',#7811,#6411,#6412);
#5824=AXIS2_PLACEMENT_3D('',#7814,#6414,#6415);
#5825=AXIS2_PLACEMENT_3D('',#7815,#6416,#6417);
#5826=AXIS2_PLACEMENT_3D('',#7820,#6419,#6420);
#5827=AXIS2_PLACEMENT_3D('',#7823,#6422,#6423);
#5828=AXIS2_PLACEMENT_3D('',#7824,#6424,#6425);
#5829=AXIS2_PLACEMENT_3D('',#7829,#6427,#6428);
#5830=AXIS2_PLACEMENT_3D('',#7832,#6430,#6431);
#5831=AXIS2_PLACEMENT_3D('',#7833,#6432,#6433);
#5832=AXIS2_PLACEMENT_3D('',#7838,#6435,#6436);
#5833=AXIS2_PLACEMENT_3D('',#7841,#6438,#6439);
#5834=AXIS2_PLACEMENT_3D('',#7842,#6440,#6441);
#5835=AXIS2_PLACEMENT_3D('',#7847,#6443,#6444);
#5836=AXIS2_PLACEMENT_3D('',#7850,#6446,#6447);
#5837=AXIS2_PLACEMENT_3D('',#7854,#6449,#6450);
#5838=AXIS2_PLACEMENT_3D('',#7858,#6452,#6453);
#5839=AXIS2_PLACEMENT_3D('',#7859,#6454,#6455);
#5840=AXIS2_PLACEMENT_3D('',#7860,#6456,#6457);
#5841=AXIS2_PLACEMENT_3D('',#7865,#6459,#6460);
#5842=AXIS2_PLACEMENT_3D('',#7868,#6462,#6463);
#5843=AXIS2_PLACEMENT_3D('',#7872,#6465,#6466);
#5844=AXIS2_PLACEMENT_3D('',#7876,#6468,#6469);
#5845=AXIS2_PLACEMENT_3D('',#7877,#6470,#6471);
#5846=AXIS2_PLACEMENT_3D('',#7878,#6472,#6473);
#5847=AXIS2_PLACEMENT_3D('',#7883,#6475,#6476);
#5848=AXIS2_PLACEMENT_3D('',#7886,#6478,#6479);
#5849=AXIS2_PLACEMENT_3D('',#7887,#6480,#6481);
#5850=AXIS2_PLACEMENT_3D('',#7892,#6483,#6484);
#5851=AXIS2_PLACEMENT_3D('',#7895,#6486,#6487);
#5852=AXIS2_PLACEMENT_3D('',#7896,#6488,#6489);
#5853=AXIS2_PLACEMENT_3D('',#7901,#6491,#6492);
#5854=AXIS2_PLACEMENT_3D('',#7904,#6494,#6495);
#5855=AXIS2_PLACEMENT_3D('',#7905,#6496,#6497);
#5856=AXIS2_PLACEMENT_3D('',#7910,#6499,#6500);
#5857=AXIS2_PLACEMENT_3D('',#7913,#6502,#6503);
#5858=AXIS2_PLACEMENT_3D('',#7914,#6504,#6505);
#5859=AXIS2_PLACEMENT_3D('',#7919,#6507,#6508);
#5860=AXIS2_PLACEMENT_3D('',#7922,#6510,#6511);
#5861=AXIS2_PLACEMENT_3D('',#7923,#6512,#6513);
#5862=AXIS2_PLACEMENT_3D('',#7960,#6515,#6516);
#5863=AXIS2_PLACEMENT_3D('',#7962,#6517,#6518);
#5864=AXIS2_PLACEMENT_3D('',#7966,#6520,#6521);
#5865=AXIS2_PLACEMENT_3D('',#7968,#6522,#6523);
#5866=AXIS2_PLACEMENT_3D('',#8000,#6527,#6528);
#5867=AXIS2_PLACEMENT_3D('',#8008,#6530,#6531);
#5868=AXIS2_PLACEMENT_3D('',#8040,#6545,#6546);
#5869=AXIS2_PLACEMENT_3D('',#8080,#6548,#6549);
#5870=AXIS2_PLACEMENT_3D('',#8110,#6560,#6561);
#5871=AXIS2_PLACEMENT_3D('',#8112,#6562,#6563);
#5872=AXIS2_PLACEMENT_3D('',#8122,#6564,#6565);
#5873=AXIS2_PLACEMENT_3D('',#8164,#6574,#6575);
#5874=AXIS2_PLACEMENT_3D('',#8180,#6583,#6584);
#5875=AXIS2_PLACEMENT_3D('',#8181,#6585,#6586);
#5876=AXIS2_PLACEMENT_3D('',#8183,#6587,#6588);
#5877=AXIS2_PLACEMENT_3D('',#8239,#6589,#6590);
#5878=AXIS2_PLACEMENT_3D('',#8241,#6591,#6592);
#5879=AXIS2_PLACEMENT_3D('',#8243,#6593,#6594);
#5880=AXIS2_PLACEMENT_3D('',#8298,#6595,#6596);
#5881=AXIS2_PLACEMENT_3D('',#8300,#6597,#6598);
#5882=AXIS2_PLACEMENT_3D('',#8302,#6599,#6600);
#5883=AXIS2_PLACEMENT_3D('',#8357,#6601,#6602);
#5884=AXIS2_PLACEMENT_3D('',#8359,#6603,#6604);
#5885=AXIS2_PLACEMENT_3D('',#8361,#6605,#6606);
#5886=AXIS2_PLACEMENT_3D('',#8416,#6607,#6608);
#5887=AXIS2_PLACEMENT_3D('',#8418,#6609,#6610);
#5888=AXIS2_PLACEMENT_3D('',#8420,#6611,#6612);
#5889=AXIS2_PLACEMENT_3D('',#8475,#6613,#6614);
#5890=AXIS2_PLACEMENT_3D('',#8477,#6615,#6616);
#5891=AXIS2_PLACEMENT_3D('',#8479,#6617,#6618);
#5892=AXIS2_PLACEMENT_3D('',#8534,#6619,#6620);
#5893=AXIS2_PLACEMENT_3D('',#8536,#6621,#6622);
#5894=AXIS2_PLACEMENT_3D('',#8538,#6623,#6624);
#5895=AXIS2_PLACEMENT_3D('',#8567,#6625,#6626);
#5896=AXIS2_PLACEMENT_3D('',#8596,#6627,#6628);
#5897=AXIS2_PLACEMENT_3D('',#8598,#6629,#6630);
#5898=AXIS2_PLACEMENT_3D('',#8600,#6631,#6632);
#5899=AXIS2_PLACEMENT_3D('',#8655,#6633,#6634);
#5900=AXIS2_PLACEMENT_3D('',#8657,#6635,#6636);
#5901=AXIS2_PLACEMENT_3D('',#8659,#6637,#6638);
#5902=AXIS2_PLACEMENT_3D('',#8714,#6639,#6640);
#5903=AXIS2_PLACEMENT_3D('',#8716,#6641,#6642);
#5904=AXIS2_PLACEMENT_3D('',#8718,#6643,#6644);
#5905=AXIS2_PLACEMENT_3D('',#8773,#6645,#6646);
#5906=AXIS2_PLACEMENT_3D('',#8775,#6647,#6648);
#5907=AXIS2_PLACEMENT_3D('',#8777,#6649,#6650);
#5908=AXIS2_PLACEMENT_3D('',#8832,#6651,#6652);
#5909=AXIS2_PLACEMENT_3D('',#8834,#6653,#6654);
#5910=AXIS2_PLACEMENT_3D('',#8836,#6655,#6656);
#5911=AXIS2_PLACEMENT_3D('',#8891,#6657,#6658);
#5912=AXIS2_PLACEMENT_3D('',#8893,#6659,#6660);
#5913=AXIS2_PLACEMENT_3D('',#8895,#6661,#6662);
#5914=AXIS2_PLACEMENT_3D('',#8950,#6663,#6664);
#5915=AXIS2_PLACEMENT_3D('',#8952,#6665,#6666);
#5916=AXIS2_PLACEMENT_3D('',#8954,#6667,#6668);
#5917=AXIS2_PLACEMENT_3D('',#9009,#6669,#6670);
#5918=AXIS2_PLACEMENT_3D('',#9011,#6671,#6672);
#5919=AXIS2_PLACEMENT_3D('',#9013,#6673,#6674);
#5920=AXIS2_PLACEMENT_3D('',#9068,#6675,#6676);
#5921=AXIS2_PLACEMENT_3D('',#9070,#6677,#6678);
#5922=AXIS2_PLACEMENT_3D('',#9072,#6679,#6680);
#5923=AXIS2_PLACEMENT_3D('',#9127,#6681,#6682);
#5924=AXIS2_PLACEMENT_3D('',#9129,#6683,#6684);
#5925=AXIS2_PLACEMENT_3D('',#9131,#6685,#6686);
#5926=AXIS2_PLACEMENT_3D('',#9186,#6687,#6688);
#5927=AXIS2_PLACEMENT_3D('',#9188,#6689,#6690);
#5928=AXIS2_PLACEMENT_3D('',#9190,#6691,#6692);
#5929=AXIS2_PLACEMENT_3D('',#9245,#6693,#6694);
#5930=AXIS2_PLACEMENT_3D('',#9247,#6695,#6696);
#5931=AXIS2_PLACEMENT_3D('',#9249,#6697,#6698);
#5932=AXIS2_PLACEMENT_3D('',#9304,#6699,#6700);
#5933=AXIS2_PLACEMENT_3D('',#9306,#6701,#6702);
#5934=AXIS2_PLACEMENT_3D('',#9308,#6703,#6704);
#5935=AXIS2_PLACEMENT_3D('',#9363,#6705,#6706);
#5936=AXIS2_PLACEMENT_3D('',#9365,#6707,#6708);
#5937=AXIS2_PLACEMENT_3D('',#9367,#6709,#6710);
#5938=AXIS2_PLACEMENT_3D('',#9422,#6711,#6712);
#5939=AXIS2_PLACEMENT_3D('',#9424,#6713,#6714);
#5940=AXIS2_PLACEMENT_3D('',#9426,#6715,#6716);
#5941=AXIS2_PLACEMENT_3D('',#9481,#6717,#6718);
#5942=AXIS2_PLACEMENT_3D('',#9483,#6719,#6720);
#5943=AXIS2_PLACEMENT_3D('',#9485,#6721,#6722);
#5944=AXIS2_PLACEMENT_3D('',#9540,#6723,#6724);
#5945=AXIS2_PLACEMENT_3D('',#9542,#6725,#6726);
#5946=AXIS2_PLACEMENT_3D('',#9544,#6727,#6728);
#5947=AXIS2_PLACEMENT_3D('',#9599,#6729,#6730);
#5948=AXIS2_PLACEMENT_3D('',#9601,#6731,#6732);
#5949=AXIS2_PLACEMENT_3D('',#9603,#6733,#6734);
#5950=AXIS2_PLACEMENT_3D('',#9658,#6735,#6736);
#5951=AXIS2_PLACEMENT_3D('',#9660,#6737,#6738);
#5952=AXIS2_PLACEMENT_3D('',#9662,#6739,#6740);
#5953=AXIS2_PLACEMENT_3D('',#9717,#6741,#6742);
#5954=AXIS2_PLACEMENT_3D('',#9719,#6743,#6744);
#5955=AXIS2_PLACEMENT_3D('',#9721,#6745,#6746);
#5956=AXIS2_PLACEMENT_3D('',#9776,#6747,#6748);
#5957=AXIS2_PLACEMENT_3D('',#9778,#6749,#6750);
#5958=AXIS2_PLACEMENT_3D('',#9780,#6751,#6752);
#5959=AXIS2_PLACEMENT_3D('',#9835,#6753,#6754);
#5960=AXIS2_PLACEMENT_3D('',#9837,#6755,#6756);
#5961=AXIS2_PLACEMENT_3D('',#9839,#6757,#6758);
#5962=AXIS2_PLACEMENT_3D('',#9894,#6759,#6760);
#5963=AXIS2_PLACEMENT_3D('',#9896,#6761,#6762);
#5964=AXIS2_PLACEMENT_3D('',#9898,#6763,#6764);
#5965=AXIS2_PLACEMENT_3D('',#9953,#6765,#6766);
#5966=AXIS2_PLACEMENT_3D('',#9955,#6767,#6768);
#5967=AXIS2_PLACEMENT_3D('',#9957,#6769,#6770);
#5968=AXIS2_PLACEMENT_3D('',#10012,#6771,#6772);
#5969=AXIS2_PLACEMENT_3D('',#10014,#6773,#6774);
#5970=AXIS2_PLACEMENT_3D('',#10016,#6775,#6776);
#5971=AXIS2_PLACEMENT_3D('',#10071,#6777,#6778);
#5972=AXIS2_PLACEMENT_3D('',#10073,#6779,#6780);
#5973=AXIS2_PLACEMENT_3D('',#10074,#6781,#6782);
#5974=AXIS2_PLACEMENT_3D('',#10077,#6784,#6785);
#5975=AXIS2_PLACEMENT_3D('',#10080,#6787,#6788);
#5976=AXIS2_PLACEMENT_3D('',#10081,#6789,#6790);
#5977=AXIS2_PLACEMENT_3D('',#10083,#6791,#6792);
#5978=AXIS2_PLACEMENT_3D('',#10139,#6793,#6794);
#5979=AXIS2_PLACEMENT_3D('',#10141,#6795,#6796);
#5980=AXIS2_PLACEMENT_3D('',#10143,#6797,#6798);
#5981=AXIS2_PLACEMENT_3D('',#10198,#6799,#6800);
#5982=AXIS2_PLACEMENT_3D('',#10200,#6801,#6802);
#5983=AXIS2_PLACEMENT_3D('',#10202,#6803,#6804);
#5984=AXIS2_PLACEMENT_3D('',#10257,#6805,#6806);
#5985=AXIS2_PLACEMENT_3D('',#10259,#6807,#6808);
#5986=AXIS2_PLACEMENT_3D('',#10261,#6809,#6810);
#5987=AXIS2_PLACEMENT_3D('',#10316,#6811,#6812);
#5988=AXIS2_PLACEMENT_3D('',#10318,#6813,#6814);
#5989=AXIS2_PLACEMENT_3D('',#10320,#6815,#6816);
#5990=AXIS2_PLACEMENT_3D('',#10375,#6817,#6818);
#5991=AXIS2_PLACEMENT_3D('',#10377,#6819,#6820);
#5992=AXIS2_PLACEMENT_3D('',#10379,#6821,#6822);
#5993=AXIS2_PLACEMENT_3D('',#10434,#6823,#6824);
#5994=AXIS2_PLACEMENT_3D('',#10436,#6825,#6826);
#5995=AXIS2_PLACEMENT_3D('',#10438,#6827,#6828);
#5996=AXIS2_PLACEMENT_3D('',#10493,#6829,#6830);
#5997=AXIS2_PLACEMENT_3D('',#10495,#6831,#6832);
#5998=AXIS2_PLACEMENT_3D('',#10497,#6833,#6834);
#5999=AXIS2_PLACEMENT_3D('',#10552,#6835,#6836);
#6000=AXIS2_PLACEMENT_3D('',#10554,#6837,#6838);
#6001=AXIS2_PLACEMENT_3D('',#10556,#6839,#6840);
#6002=AXIS2_PLACEMENT_3D('',#10611,#6841,#6842);
#6003=AXIS2_PLACEMENT_3D('',#10613,#6843,#6844);
#6004=AXIS2_PLACEMENT_3D('',#10615,#6845,#6846);
#6005=AXIS2_PLACEMENT_3D('',#10670,#6847,#6848);
#6006=AXIS2_PLACEMENT_3D('',#10672,#6849,#6850);
#6007=AXIS2_PLACEMENT_3D('',#10674,#6851,#6852);
#6008=AXIS2_PLACEMENT_3D('',#10729,#6853,#6854);
#6009=AXIS2_PLACEMENT_3D('',#10731,#6855,#6856);
#6010=AXIS2_PLACEMENT_3D('',#10733,#6857,#6858);
#6011=AXIS2_PLACEMENT_3D('',#10788,#6859,#6860);
#6012=AXIS2_PLACEMENT_3D('',#10790,#6861,#6862);
#6013=AXIS2_PLACEMENT_3D('',#10792,#6863,#6864);
#6014=AXIS2_PLACEMENT_3D('',#10847,#6865,#6866);
#6015=AXIS2_PLACEMENT_3D('',#10849,#6867,#6868);
#6016=AXIS2_PLACEMENT_3D('',#10851,#6869,#6870);
#6017=AXIS2_PLACEMENT_3D('',#10906,#6871,#6872);
#6018=AXIS2_PLACEMENT_3D('',#10908,#6873,#6874);
#6019=AXIS2_PLACEMENT_3D('',#10910,#6875,#6876);
#6020=AXIS2_PLACEMENT_3D('',#10965,#6877,#6878);
#6021=AXIS2_PLACEMENT_3D('',#10967,#6879,#6880);
#6022=AXIS2_PLACEMENT_3D('',#10969,#6881,#6882);
#6023=AXIS2_PLACEMENT_3D('',#11024,#6883,#6884);
#6024=AXIS2_PLACEMENT_3D('',#11026,#6885,#6886);
#6025=AXIS2_PLACEMENT_3D('',#11028,#6887,#6888);
#6026=AXIS2_PLACEMENT_3D('',#11083,#6889,#6890);
#6027=AXIS2_PLACEMENT_3D('',#11085,#6891,#6892);
#6028=AXIS2_PLACEMENT_3D('',#11087,#6893,#6894);
#6029=AXIS2_PLACEMENT_3D('',#11142,#6895,#6896);
#6030=AXIS2_PLACEMENT_3D('',#11144,#6897,#6898);
#6031=AXIS2_PLACEMENT_3D('',#11146,#6899,#6900);
#6032=AXIS2_PLACEMENT_3D('',#11201,#6901,#6902);
#6033=AXIS2_PLACEMENT_3D('',#11203,#6903,#6904);
#6034=AXIS2_PLACEMENT_3D('',#11205,#6905,#6906);
#6035=AXIS2_PLACEMENT_3D('',#11260,#6907,#6908);
#6036=AXIS2_PLACEMENT_3D('',#11262,#6909,#6910);
#6037=AXIS2_PLACEMENT_3D('',#11264,#6911,#6912);
#6038=AXIS2_PLACEMENT_3D('',#11319,#6913,#6914);
#6039=AXIS2_PLACEMENT_3D('',#11321,#6915,#6916);
#6040=AXIS2_PLACEMENT_3D('',#11323,#6917,#6918);
#6041=AXIS2_PLACEMENT_3D('',#11378,#6919,#6920);
#6042=AXIS2_PLACEMENT_3D('',#11380,#6921,#6922);
#6043=AXIS2_PLACEMENT_3D('',#11382,#6923,#6924);
#6044=AXIS2_PLACEMENT_3D('',#11437,#6925,#6926);
#6045=AXIS2_PLACEMENT_3D('',#11439,#6927,#6928);
#6046=AXIS2_PLACEMENT_3D('',#11441,#6929,#6930);
#6047=AXIS2_PLACEMENT_3D('',#11496,#6931,#6932);
#6048=AXIS2_PLACEMENT_3D('',#11498,#6933,#6934);
#6049=AXIS2_PLACEMENT_3D('',#11500,#6935,#6936);
#6050=AXIS2_PLACEMENT_3D('',#11555,#6937,#6938);
#6051=AXIS2_PLACEMENT_3D('',#11557,#6939,#6940);
#6052=AXIS2_PLACEMENT_3D('',#11559,#6941,#6942);
#6053=AXIS2_PLACEMENT_3D('',#11614,#6943,#6944);
#6054=AXIS2_PLACEMENT_3D('',#11616,#6945,#6946);
#6055=AXIS2_PLACEMENT_3D('',#11618,#6947,#6948);
#6056=AXIS2_PLACEMENT_3D('',#11673,#6949,#6950);
#6057=AXIS2_PLACEMENT_3D('',#11675,#6951,#6952);
#6058=AXIS2_PLACEMENT_3D('',#11677,#6953,#6954);
#6059=AXIS2_PLACEMENT_3D('',#11732,#6955,#6956);
#6060=AXIS2_PLACEMENT_3D('',#11734,#6957,#6958);
#6061=AXIS2_PLACEMENT_3D('',#11736,#6959,#6960);
#6062=AXIS2_PLACEMENT_3D('',#11791,#6961,#6962);
#6063=AXIS2_PLACEMENT_3D('',#11793,#6963,#6964);
#6064=AXIS2_PLACEMENT_3D('',#11795,#6965,#6966);
#6065=AXIS2_PLACEMENT_3D('',#11850,#6967,#6968);
#6066=AXIS2_PLACEMENT_3D('',#11852,#6969,#6970);
#6067=AXIS2_PLACEMENT_3D('',#11854,#6971,#6972);
#6068=AXIS2_PLACEMENT_3D('',#11909,#6973,#6974);
#6069=AXIS2_PLACEMENT_3D('',#11911,#6975,#6976);
#6070=AXIS2_PLACEMENT_3D('',#11913,#6977,#6978);
#6071=AXIS2_PLACEMENT_3D('',#11968,#6979,#6980);
#6072=AXIS2_PLACEMENT_3D('',#11970,#6981,#6982);
#6073=AXIS2_PLACEMENT_3D('',#12025,#6985,#6986);
#6074=AXIS2_PLACEMENT_3D('',#12028,#6989,#6990);
#6075=AXIS2_PLACEMENT_3D('',#12029,#6991,#6992);
#6076=AXIS2_PLACEMENT_3D('',#12084,#6995,#6996);
#6077=AXIS2_PLACEMENT_3D('',#12087,#6999,#7000);
#6078=AXIS2_PLACEMENT_3D('',#12088,#7001,#7002);
#6079=AXIS2_PLACEMENT_3D('',#12143,#7005,#7006);
#6080=AXIS2_PLACEMENT_3D('',#12146,#7009,#7010);
#6081=AXIS2_PLACEMENT_3D('',#12147,#7011,#7012);
#6082=AXIS2_PLACEMENT_3D('',#12202,#7015,#7016);
#6083=AXIS2_PLACEMENT_3D('',#12205,#7019,#7020);
#6084=AXIS2_PLACEMENT_3D('',#12206,#7021,#7022);
#6085=AXIS2_PLACEMENT_3D('',#12261,#7025,#7026);
#6086=AXIS2_PLACEMENT_3D('',#12264,#7029,#7030);
#6087=AXIS2_PLACEMENT_3D('',#12265,#7031,#7032);
#6088=AXIS2_PLACEMENT_3D('',#12320,#7035,#7036);
#6089=AXIS2_PLACEMENT_3D('',#12323,#7039,#7040);
#6090=AXIS2_PLACEMENT_3D('',#12324,#7041,#7042);
#6091=AXIS2_PLACEMENT_3D('',#12379,#7045,#7046);
#6092=AXIS2_PLACEMENT_3D('',#12382,#7049,#7050);
#6093=AXIS2_PLACEMENT_3D('',#12383,#7051,#7052);
#6094=AXIS2_PLACEMENT_3D('',#12438,#7055,#7056);
#6095=AXIS2_PLACEMENT_3D('',#12441,#7059,#7060);
#6096=AXIS2_PLACEMENT_3D('',#12442,#7061,#7062);
#6097=AXIS2_PLACEMENT_3D('',#12497,#7065,#7066);
#6098=AXIS2_PLACEMENT_3D('',#12500,#7069,#7070);
#6099=AXIS2_PLACEMENT_3D('',#12501,#7071,#7072);
#6100=AXIS2_PLACEMENT_3D('',#12556,#7075,#7076);
#6101=AXIS2_PLACEMENT_3D('',#12559,#7079,#7080);
#6102=AXIS2_PLACEMENT_3D('',#12560,#7081,#7082);
#6103=AXIS2_PLACEMENT_3D('',#12615,#7085,#7086);
#6104=AXIS2_PLACEMENT_3D('',#12618,#7089,#7090);
#6105=AXIS2_PLACEMENT_3D('',#12619,#7091,#7092);
#6106=AXIS2_PLACEMENT_3D('',#12674,#7095,#7096);
#6107=AXIS2_PLACEMENT_3D('',#12677,#7099,#7100);
#6108=AXIS2_PLACEMENT_3D('',#12678,#7101,#7102);
#6109=AXIS2_PLACEMENT_3D('',#12733,#7105,#7106);
#6110=AXIS2_PLACEMENT_3D('',#12736,#7109,#7110);
#6111=AXIS2_PLACEMENT_3D('',#12737,#7111,#7112);
#6112=AXIS2_PLACEMENT_3D('',#12792,#7115,#7116);
#6113=AXIS2_PLACEMENT_3D('',#12795,#7119,#7120);
#6114=AXIS2_PLACEMENT_3D('',#12796,#7121,#7122);
#6115=AXIS2_PLACEMENT_3D('',#12851,#7125,#7126);
#6116=AXIS2_PLACEMENT_3D('',#12854,#7129,#7130);
#6117=AXIS2_PLACEMENT_3D('',#12855,#7131,#7132);
#6118=AXIS2_PLACEMENT_3D('',#12910,#7135,#7136);
#6119=AXIS2_PLACEMENT_3D('',#12913,#7139,#7140);
#6120=AXIS2_PLACEMENT_3D('',#12914,#7141,#7142);
#6121=AXIS2_PLACEMENT_3D('',#12969,#7145,#7146);
#6122=AXIS2_PLACEMENT_3D('',#12972,#7149,#7150);
#6123=AXIS2_PLACEMENT_3D('',#12973,#7151,#7152);
#6124=AXIS2_PLACEMENT_3D('',#13028,#7155,#7156);
#6125=AXIS2_PLACEMENT_3D('',#13031,#7159,#7160);
#6126=AXIS2_PLACEMENT_3D('',#13032,#7161,#7162);
#6127=AXIS2_PLACEMENT_3D('',#13087,#7165,#7166);
#6128=AXIS2_PLACEMENT_3D('',#13090,#7169,#7170);
#6129=AXIS2_PLACEMENT_3D('',#13091,#7171,#7172);
#6130=AXIS2_PLACEMENT_3D('',#13146,#7175,#7176);
#6131=AXIS2_PLACEMENT_3D('',#13149,#7179,#7180);
#6132=AXIS2_PLACEMENT_3D('',#13150,#7181,#7182);
#6133=AXIS2_PLACEMENT_3D('',#13205,#7185,#7186);
#6134=AXIS2_PLACEMENT_3D('',#13208,#7189,#7190);
#6135=AXIS2_PLACEMENT_3D('',#13209,#7191,#7192);
#6136=AXIS2_PLACEMENT_3D('',#13264,#7195,#7196);
#6137=AXIS2_PLACEMENT_3D('',#13267,#7199,#7200);
#6138=AXIS2_PLACEMENT_3D('',#13268,#7201,#7202);
#6139=AXIS2_PLACEMENT_3D('',#13323,#7205,#7206);
#6140=AXIS2_PLACEMENT_3D('',#13326,#7209,#7210);
#6141=AXIS2_PLACEMENT_3D('',#13327,#7211,#7212);
#6142=AXIS2_PLACEMENT_3D('',#13382,#7215,#7216);
#6143=AXIS2_PLACEMENT_3D('',#13385,#7219,#7220);
#6144=AXIS2_PLACEMENT_3D('',#13386,#7221,#7222);
#6145=AXIS2_PLACEMENT_3D('',#13441,#7225,#7226);
#6146=AXIS2_PLACEMENT_3D('',#13444,#7229,#7230);
#6147=AXIS2_PLACEMENT_3D('',#13445,#7231,#7232);
#6148=AXIS2_PLACEMENT_3D('',#13500,#7235,#7236);
#6149=AXIS2_PLACEMENT_3D('',#13503,#7239,#7240);
#6150=AXIS2_PLACEMENT_3D('',#13504,#7241,#7242);
#6151=AXIS2_PLACEMENT_3D('',#13559,#7245,#7246);
#6152=AXIS2_PLACEMENT_3D('',#13562,#7249,#7250);
#6153=AXIS2_PLACEMENT_3D('',#13563,#7251,#7252);
#6154=AXIS2_PLACEMENT_3D('',#13618,#7255,#7256);
#6155=AXIS2_PLACEMENT_3D('',#13621,#7259,#7260);
#6156=AXIS2_PLACEMENT_3D('',#13622,#7261,#7262);
#6157=AXIS2_PLACEMENT_3D('',#13677,#7265,#7266);
#6158=AXIS2_PLACEMENT_3D('',#13680,#7269,#7270);
#6159=AXIS2_PLACEMENT_3D('',#13681,#7271,#7272);
#6160=AXIS2_PLACEMENT_3D('',#13736,#7275,#7276);
#6161=AXIS2_PLACEMENT_3D('',#13739,#7279,#7280);
#6162=AXIS2_PLACEMENT_3D('',#13740,#7281,#7282);
#6163=AXIS2_PLACEMENT_3D('',#13795,#7285,#7286);
#6164=AXIS2_PLACEMENT_3D('',#13798,#7289,#7290);
#6165=AXIS2_PLACEMENT_3D('',#13799,#7291,#7292);
#6166=AXIS2_PLACEMENT_3D('',#13854,#7295,#7296);
#6167=AXIS2_PLACEMENT_3D('',#13857,#7299,#7300);
#6168=AXIS2_PLACEMENT_3D('',#13858,#7301,#7302);
#6169=AXIS2_PLACEMENT_3D('',#13859,#7303,#7304);
#6170=AXIS2_PLACEMENT_3D('',#13860,#7305,#7306);
#6171=AXIS2_PLACEMENT_3D('',#13862,#7307,#7308);
#6172=AXIS2_PLACEMENT_3D('',#13875,#7315,#7316);
#6173=AXIS2_PLACEMENT_3D('',#13876,#7317,#7318);
#6174=AXIS2_PLACEMENT_3D('',#13878,#7319,#7320);
#6175=AXIS2_PLACEMENT_3D('',#13891,#7327,#7328);
#6176=AXIS2_PLACEMENT_3D('',#13894,#7331,#7332);
#6177=AXIS2_PLACEMENT_3D('',#13896,#7334,#7335);
#6178=AXIS2_PLACEMENT_3D('',#13898,#7337,#7338);
#6179=AXIS2_PLACEMENT_3D('',#13900,#7340,#7341);
#6180=AXIS2_PLACEMENT_3D('',#13902,#7343,#7344);
#6181=AXIS2_PLACEMENT_3D('',#13903,#7345,#7346);
#6182=AXIS2_PLACEMENT_3D('',#13909,#7350,#7351);
#6183=AXIS2_PLACEMENT_3D('',#13912,#7353,#7354);
#6184=AXIS2_PLACEMENT_3D('',#13913,#7355,#7356);
#6185=AXIS2_PLACEMENT_3D('',#13917,#7359,#7360);
#6186=AXIS2_PLACEMENT_3D('',#13921,#7363,#7364);
#6187=AXIS2_PLACEMENT_3D('',#13925,#7367,#7368);
#6188=AXIS2_PLACEMENT_3D('',#13929,#7371,#7372);
#6189=AXIS2_PLACEMENT_3D('',#13933,#7375,#7376);
#6190=AXIS2_PLACEMENT_3D('',#13937,#7379,#7380);
#6191=AXIS2_PLACEMENT_3D('',#13941,#7383,#7384);
#6192=AXIS2_PLACEMENT_3D('',#13944,#7386,#7387);
#6193=AXIS2_PLACEMENT_3D('',#13945,#7388,#7389);
#6194=AXIS2_PLACEMENT_3D('',#13949,#7392,#7393);
#6195=AXIS2_PLACEMENT_3D('',#13953,#7396,#7397);
#6196=AXIS2_PLACEMENT_3D('',#13957,#7400,#7401);
#6197=AXIS2_PLACEMENT_3D('',#13961,#7404,#7405);
#6198=AXIS2_PLACEMENT_3D('',#13963,#7407,#7408);
#6199=AXIS2_PLACEMENT_3D('',#13964,#7409,#7410);
#6200=AXIS2_PLACEMENT_3D('',#13970,#7414,#7415);
#6201=AXIS2_PLACEMENT_3D('',#14039,#7423,#7424);
#6202=AXIS2_PLACEMENT_3D('',#14056,#7428,#7429);
#6203=AXIS2_PLACEMENT_3D('',#14059,#7431,#7432);
#6204=AXIS2_PLACEMENT_3D('',#14086,#7435,#7436);
#6205=AXIS2_PLACEMENT_3D('',#14089,#7438,#7439);
#6206=AXIS2_PLACEMENT_3D('',#14090,#7440,#7441);
#6207=AXIS2_PLACEMENT_3D('',#14093,#7443,#7444);
#6208=AXIS2_PLACEMENT_3D('',#14107,#7446,#7447);
#6209=AXIS2_PLACEMENT_3D('',#14111,#7450,#7451);
#6210=AXIS2_PLACEMENT_3D('',#14115,#7454,#7455);
#6211=AXIS2_PLACEMENT_3D('',#14119,#7458,#7459);
#6212=AXIS2_PLACEMENT_3D('',#14123,#7462,#7463);
#6213=AXIS2_PLACEMENT_3D('',#14125,#7465,#7466);
#6214=AXIS2_PLACEMENT_3D('',#14126,#7467,#7468);
#6215=AXIS2_PLACEMENT_3D('',#14132,#7472,#7473);
#6216=AXIS2_PLACEMENT_3D('',#14136,#7476,#7477);
#6217=AXIS2_PLACEMENT_3D('',#14140,#7480,#7481);
#6218=AXIS2_PLACEMENT_3D('',#14142,#7483,#7484);
#6219=AXIS2_PLACEMENT_3D('',#14171,#7488,#7489);
#6220=AXIS2_PLACEMENT_3D('',#14174,#7491,#7492);
#6221=AXIS2_PLACEMENT_3D('',#14227,#7497,#7498);
#6222=AXIS2_PLACEMENT_3D('',#14296,#7506,#7507);
#6223=AXIS2_PLACEMENT_3D('',#14299,#7509,#7510);
#6224=AXIS2_PLACEMENT_3D('',#14300,#7511,#7512);
#6225=AXIS2_PLACEMENT_3D('',#14302,#7514,#7515);
#6226=AXIS2_PLACEMENT_3D('',#14303,#7516,#7517);
#6227=AXIS2_PLACEMENT_3D('',#14309,#7521,#7522);
#6228=AXIS2_PLACEMENT_3D('',#14313,#7525,#7526);
#6229=AXIS2_PLACEMENT_3D('',#14317,#7529,#7530);
#6230=AXIS2_PLACEMENT_3D('',#14321,#7533,#7534);
#6231=AXIS2_PLACEMENT_3D('',#14325,#7537,#7538);
#6232=AXIS2_PLACEMENT_3D('',#14329,#7541,#7542);
#6233=AXIS2_PLACEMENT_3D('',#14333,#7545,#7546);
#6234=AXIS2_PLACEMENT_3D('',#14337,#7549,#7550);
#6235=AXIS2_PLACEMENT_3D('',#14341,#7553,#7554);
#6236=AXIS2_PLACEMENT_3D('',#14345,#7557,#7558);
#6237=AXIS2_PLACEMENT_3D('',#14349,#7561,#7562);
#6238=AXIS2_PLACEMENT_3D('',#14351,#7564,#7565);
#6239=AXIS2_PLACEMENT_3D('',#14352,#7566,#7567);
#6240=AXIS2_PLACEMENT_3D('',#14355,#7569,#7570);
#6241=AXIS2_PLACEMENT_3D('',#14358,#7572,#7573);
#6242=AXIS2_PLACEMENT_3D('',#14361,#7575,#7576);
#6243=AXIS2_PLACEMENT_3D('',#14362,#7577,#7578);
#6244=AXIS2_PLACEMENT_3D('',#14379,#7582,#7583);
#6245=AXIS2_PLACEMENT_3D('',#14382,#7585,#7586);
#6246=AXIS2_PLACEMENT_3D('',#14435,#7591,#7592);
#6247=AXIS2_PLACEMENT_3D('',#14439,#7595,#7596);
#6248=AXIS2_PLACEMENT_3D('',#14443,#7599,#7600);
#6249=AXIS2_PLACEMENT_3D('',#14473,#7605,#7606);
#6250=AXIS2_PLACEMENT_3D('',#14476,#7608,#7609);
#6251=AXIS2_PLACEMENT_3D('',#14477,#7610,#7611);
#6252=AXIS2_PLACEMENT_3D('',#14480,#7613,#7614);
#6253=AXIS2_PLACEMENT_3D('',#14481,#7615,#7616);
#6254=AXIS2_PLACEMENT_3D('',#14485,#7619,#7620);
#6255=AXIS2_PLACEMENT_3D('',#14488,#7622,#7623);
#6256=AXIS2_PLACEMENT_3D('',#14489,#7624,#7625);
#6257=AXIS2_PLACEMENT_3D('',#14492,#7627,#7628);
#6258=AXIS2_PLACEMENT_3D('',#14545,#7633,#7634);
#6259=AXIS2_PLACEMENT_3D('',#14599,#7640,#7641);
#6260=DIRECTION('',(0.,0.,1.));
#6261=DIRECTION('',(1.,0.,0.));
#6262=DIRECTION('',(0.,0.,-1.));
#6263=DIRECTION('',(-6.12323399573677E-17,-1.,0.));
#6264=DIRECTION('',(0.,0.,-1.));
#6265=DIRECTION('',(0.,0.,1.));
#6266=DIRECTION('',(6.12323399573677E-17,1.,0.));
#6267=DIRECTION('',(0.,0.,-1.));
#6268=DIRECTION('',(0.,0.,1.));
#6269=DIRECTION('',(6.12323399573677E-17,1.,0.));
#6270=DIRECTION('',(0.,0.,-1.));
#6271=DIRECTION('',(-6.12323399573677E-17,-1.,0.));
#6272=DIRECTION('',(0.,0.,1.));
#6273=DIRECTION('',(6.12323399573677E-17,1.,0.));
#6274=DIRECTION('',(0.,0.,-1.));
#6275=DIRECTION('',(0.,0.,1.));
#6276=DIRECTION('',(6.12323399573677E-17,1.,0.));
#6277=DIRECTION('',(0.,0.,-1.));
#6278=DIRECTION('',(0.,0.,-1.));
#6279=DIRECTION('',(-6.12323399573677E-17,-1.,0.));
#6280=DIRECTION('',(0.,0.,-1.));
#6281=DIRECTION('',(0.,0.,1.));
#6282=DIRECTION('',(6.12323399573677E-17,1.,0.));
#6283=DIRECTION('',(0.,0.,-1.));
#6284=DIRECTION('',(0.,0.,1.));
#6285=DIRECTION('',(6.12323399573677E-17,1.,0.));
#6286=DIRECTION('',(0.,0.,-1.));
#6287=DIRECTION('',(-6.12323399573677E-17,-1.,0.));
#6288=DIRECTION('',(0.,0.,1.));
#6289=DIRECTION('',(6.12323399573677E-17,1.,0.));
#6290=DIRECTION('',(0.,0.,-1.));
#6291=DIRECTION('',(0.,0.,1.));
#6292=DIRECTION('',(6.12323399573677E-17,1.,0.));
#6293=DIRECTION('',(0.,0.,-1.));
#6294=DIRECTION('',(0.,0.,-1.));
#6295=DIRECTION('',(-6.12323399573677E-17,-1.,0.));
#6296=DIRECTION('',(0.,0.,1.));
#6297=DIRECTION('',(6.12323399573677E-17,1.,0.));
#6298=DIRECTION('',(0.,0.,-1.));
#6299=DIRECTION('',(0.,0.,1.));
#6300=DIRECTION('',(6.12323399573677E-17,1.,0.));
#6301=DIRECTION('',(0.,0.,-1.));
#6302=DIRECTION('',(0.,0.,-1.));
#6303=DIRECTION('',(-6.12323399573677E-17,-1.,0.));
#6304=DIRECTION('',(0.,0.,1.));
#6305=DIRECTION('',(6.12323399573677E-17,1.,0.));
#6306=DIRECTION('',(0.,0.,-1.));
#6307=DIRECTION('',(0.,0.,1.));
#6308=DIRECTION('',(6.12323399573677E-17,1.,0.));
#6309=DIRECTION('',(0.,0.,-1.));
#6310=DIRECTION('',(0.,0.,-1.));
#6311=DIRECTION('',(-6.12323399573677E-17,-1.,0.));
#6312=DIRECTION('',(0.,0.,1.));
#6313=DIRECTION('',(6.12323399573677E-17,1.,0.));
#6314=DIRECTION('',(0.,0.,-1.));
#6315=DIRECTION('',(0.,0.,1.));
#6316=DIRECTION('',(6.12323399573677E-17,1.,0.));
#6317=DIRECTION('',(0.,0.,-1.));
#6318=DIRECTION('',(0.,0.,-1.));
#6319=DIRECTION('',(-6.12323399573677E-17,-1.,0.));
#6320=DIRECTION('',(0.,0.,-1.));
#6321=DIRECTION('',(0.,0.,1.));
#6322=DIRECTION('',(6.12323399573677E-17,1.,0.));
#6323=DIRECTION('',(0.,0.,-1.));
#6324=DIRECTION('',(0.,0.,1.));
#6325=DIRECTION('',(6.12323399573677E-17,1.,0.));
#6326=DIRECTION('',(0.,0.,-1.));
#6327=DIRECTION('',(-6.12323399573677E-17,-1.,0.));
#6328=DIRECTION('',(0.,0.,1.));
#6329=DIRECTION('',(6.12323399573677E-17,1.,0.));
#6330=DIRECTION('',(0.,0.,-1.));
#6331=DIRECTION('',(0.,0.,1.));
#6332=DIRECTION('',(6.12323399573677E-17,1.,0.));
#6333=DIRECTION('',(0.,0.,-1.));
#6334=DIRECTION('',(0.,0.,-1.));
#6335=DIRECTION('',(-6.12323399573677E-17,-1.,0.));
#6336=DIRECTION('',(0.,0.,-1.));
#6337=DIRECTION('',(0.,0.,1.));
#6338=DIRECTION('',(6.12323399573677E-17,1.,0.));
#6339=DIRECTION('',(0.,0.,-1.));
#6340=DIRECTION('',(0.,0.,1.));
#6341=DIRECTION('',(6.12323399573677E-17,1.,0.));
#6342=DIRECTION('',(0.,0.,-1.));
#6343=DIRECTION('',(-6.12323399573677E-17,-1.,0.));
#6344=DIRECTION('',(0.,0.,1.));
#6345=DIRECTION('',(6.12323399573677E-17,1.,0.));
#6346=DIRECTION('',(0.,0.,-1.));
#6347=DIRECTION('',(0.,0.,1.));
#6348=DIRECTION('',(6.12323399573677E-17,1.,0.));
#6349=DIRECTION('',(0.,0.,-1.));
#6350=DIRECTION('',(0.,0.,-1.));
#6351=DIRECTION('',(-6.12323399573677E-17,-1.,0.));
#6352=DIRECTION('',(0.,0.,1.));
#6353=DIRECTION('',(6.12323399573677E-17,1.,0.));
#6354=DIRECTION('',(0.,0.,-1.));
#6355=DIRECTION('',(0.,0.,1.));
#6356=DIRECTION('',(6.12323399573677E-17,1.,0.));
#6357=DIRECTION('',(0.,0.,-1.));
#6358=DIRECTION('',(0.,0.,-1.));
#6359=DIRECTION('',(-6.12323399573677E-17,-1.,0.));
#6360=DIRECTION('',(0.,0.,1.));
#6361=DIRECTION('',(6.12323399573677E-17,1.,0.));
#6362=DIRECTION('',(0.,0.,-1.));
#6363=DIRECTION('',(0.,0.,1.));
#6364=DIRECTION('',(6.12323399573677E-17,1.,0.));
#6365=DIRECTION('',(0.,0.,-1.));
#6366=DIRECTION('',(0.,0.,-1.));
#6367=DIRECTION('',(-6.12323399573677E-17,-1.,0.));
#6368=DIRECTION('',(0.,0.,1.));
#6369=DIRECTION('',(6.12323399573677E-17,1.,0.));
#6370=DIRECTION('',(0.,0.,-1.));
#6371=DIRECTION('',(0.,0.,1.));
#6372=DIRECTION('',(6.12323399573677E-17,1.,0.));
#6373=DIRECTION('',(0.,0.,-1.));
#6374=DIRECTION('',(0.,0.,-1.));
#6375=DIRECTION('',(-6.12323399573677E-17,-1.,0.));
#6376=DIRECTION('',(0.,0.,1.));
#6377=DIRECTION('',(6.12323399573677E-17,1.,0.));
#6378=DIRECTION('',(0.,0.,-1.));
#6379=DIRECTION('',(0.,0.,1.));
#6380=DIRECTION('',(6.12323399573677E-17,1.,0.));
#6381=DIRECTION('',(0.,0.,-1.));
#6382=DIRECTION('',(0.,0.,-1.));
#6383=DIRECTION('',(-6.12323399573677E-17,-1.,0.));
#6384=DIRECTION('',(0.,0.,-1.));
#6385=DIRECTION('',(0.,0.,1.));
#6386=DIRECTION('',(6.12323399573677E-17,1.,0.));
#6387=DIRECTION('',(0.,0.,-1.));
#6388=DIRECTION('',(0.,0.,1.));
#6389=DIRECTION('',(6.12323399573677E-17,1.,0.));
#6390=DIRECTION('',(0.,0.,-1.));
#6391=DIRECTION('',(-6.12323399573677E-17,-1.,0.));
#6392=DIRECTION('',(0.,0.,1.));
#6393=DIRECTION('',(6.12323399573677E-17,1.,0.));
#6394=DIRECTION('',(0.,0.,-1.));
#6395=DIRECTION('',(0.,0.,1.));
#6396=DIRECTION('',(6.12323399573677E-17,1.,0.));
#6397=DIRECTION('',(0.,0.,-1.));
#6398=DIRECTION('',(0.,0.,-1.));
#6399=DIRECTION('',(-6.12323399573677E-17,-1.,0.));
#6400=DIRECTION('',(0.,0.,-1.));
#6401=DIRECTION('',(0.,0.,1.));
#6402=DIRECTION('',(6.12323399573677E-17,1.,0.));
#6403=DIRECTION('',(0.,0.,-1.));
#6404=DIRECTION('',(0.,0.,1.));
#6405=DIRECTION('',(6.12323399573677E-17,1.,0.));
#6406=DIRECTION('',(0.,0.,-1.));
#6407=DIRECTION('',(-6.12323399573677E-17,-1.,0.));
#6408=DIRECTION('',(0.,0.,1.));
#6409=DIRECTION('',(6.12323399573677E-17,1.,0.));
#6410=DIRECTION('',(0.,0.,-1.));
#6411=DIRECTION('',(0.,0.,1.));
#6412=DIRECTION('',(6.12323399573677E-17,1.,0.));
#6413=DIRECTION('',(0.,0.,-1.));
#6414=DIRECTION('',(0.,0.,-1.));
#6415=DIRECTION('',(-6.12323399573677E-17,-1.,0.));
#6416=DIRECTION('',(0.,0.,1.));
#6417=DIRECTION('',(6.12323399573677E-17,1.,0.));
#6418=DIRECTION('',(0.,0.,-1.));
#6419=DIRECTION('',(0.,0.,1.));
#6420=DIRECTION('',(6.12323399573677E-17,1.,0.));
#6421=DIRECTION('',(0.,0.,-1.));
#6422=DIRECTION('',(0.,0.,-1.));
#6423=DIRECTION('',(-6.12323399573677E-17,-1.,0.));
#6424=DIRECTION('',(0.,0.,1.));
#6425=DIRECTION('',(6.12323399573677E-17,1.,0.));
#6426=DIRECTION('',(0.,0.,-1.));
#6427=DIRECTION('',(0.,0.,1.));
#6428=DIRECTION('',(6.12323399573677E-17,1.,0.));
#6429=DIRECTION('',(0.,0.,-1.));
#6430=DIRECTION('',(0.,0.,-1.));
#6431=DIRECTION('',(-6.12323399573677E-17,-1.,0.));
#6432=DIRECTION('',(0.,0.,1.));
#6433=DIRECTION('',(6.12323399573677E-17,1.,0.));
#6434=DIRECTION('',(0.,0.,-1.));
#6435=DIRECTION('',(0.,0.,1.));
#6436=DIRECTION('',(6.12323399573677E-17,1.,0.));
#6437=DIRECTION('',(0.,0.,-1.));
#6438=DIRECTION('',(0.,0.,-1.));
#6439=DIRECTION('',(-6.12323399573677E-17,-1.,0.));
#6440=DIRECTION('',(0.,0.,1.));
#6441=DIRECTION('',(6.12323399573677E-17,1.,0.));
#6442=DIRECTION('',(0.,0.,-1.));
#6443=DIRECTION('',(0.,0.,1.));
#6444=DIRECTION('',(6.12323399573677E-17,1.,0.));
#6445=DIRECTION('',(0.,0.,-1.));
#6446=DIRECTION('',(0.,0.,-1.));
#6447=DIRECTION('',(-6.12323399573677E-17,-1.,0.));
#6448=DIRECTION('',(0.,0.,-1.));
#6449=DIRECTION('',(0.,0.,1.));
#6450=DIRECTION('',(6.12323399573677E-17,1.,0.));
#6451=DIRECTION('',(0.,0.,-1.));
#6452=DIRECTION('',(0.,0.,1.));
#6453=DIRECTION('',(6.12323399573677E-17,1.,0.));
#6454=DIRECTION('',(0.,0.,-1.));
#6455=DIRECTION('',(-6.12323399573677E-17,-1.,0.));
#6456=DIRECTION('',(0.,0.,1.));
#6457=DIRECTION('',(6.12323399573677E-17,1.,0.));
#6458=DIRECTION('',(0.,0.,-1.));
#6459=DIRECTION('',(0.,0.,1.));
#6460=DIRECTION('',(6.12323399573677E-17,1.,0.));
#6461=DIRECTION('',(0.,0.,-1.));
#6462=DIRECTION('',(0.,0.,-1.));
#6463=DIRECTION('',(-6.12323399573677E-17,-1.,0.));
#6464=DIRECTION('',(0.,0.,-1.));
#6465=DIRECTION('',(0.,0.,1.));
#6466=DIRECTION('',(6.12323399573677E-17,1.,0.));
#6467=DIRECTION('',(0.,0.,-1.));
#6468=DIRECTION('',(0.,0.,1.));
#6469=DIRECTION('',(6.12323399573677E-17,1.,0.));
#6470=DIRECTION('',(0.,0.,-1.));
#6471=DIRECTION('',(-6.12323399573677E-17,-1.,0.));
#6472=DIRECTION('',(0.,0.,1.));
#6473=DIRECTION('',(6.12323399573677E-17,1.,0.));
#6474=DIRECTION('',(0.,0.,-1.));
#6475=DIRECTION('',(0.,0.,1.));
#6476=DIRECTION('',(6.12323399573677E-17,1.,0.));
#6477=DIRECTION('',(0.,0.,-1.));
#6478=DIRECTION('',(0.,0.,-1.));
#6479=DIRECTION('',(-6.12323399573677E-17,-1.,0.));
#6480=DIRECTION('',(0.,0.,1.));
#6481=DIRECTION('',(6.12323399573677E-17,1.,0.));
#6482=DIRECTION('',(0.,0.,-1.));
#6483=DIRECTION('',(0.,0.,1.));
#6484=DIRECTION('',(6.12323399573677E-17,1.,0.));
#6485=DIRECTION('',(0.,0.,-1.));
#6486=DIRECTION('',(0.,0.,-1.));
#6487=DIRECTION('',(-6.12323399573677E-17,-1.,0.));
#6488=DIRECTION('',(0.,0.,1.));
#6489=DIRECTION('',(6.12323399573677E-17,1.,0.));
#6490=DIRECTION('',(0.,0.,-1.));
#6491=DIRECTION('',(0.,0.,1.));
#6492=DIRECTION('',(6.12323399573677E-17,1.,0.));
#6493=DIRECTION('',(0.,0.,-1.));
#6494=DIRECTION('',(0.,0.,-1.));
#6495=DIRECTION('',(-6.12323399573677E-17,-1.,0.));
#6496=DIRECTION('',(0.,0.,1.));
#6497=DIRECTION('',(6.12323399573677E-17,1.,0.));
#6498=DIRECTION('',(0.,0.,-1.));
#6499=DIRECTION('',(0.,0.,1.));
#6500=DIRECTION('',(6.12323399573677E-17,1.,0.));
#6501=DIRECTION('',(0.,0.,-1.));
#6502=DIRECTION('',(0.,0.,-1.));
#6503=DIRECTION('',(-6.12323399573677E-17,-1.,0.));
#6504=DIRECTION('',(0.,0.,1.));
#6505=DIRECTION('',(6.12323399573677E-17,1.,0.));
#6506=DIRECTION('',(0.,0.,-1.));
#6507=DIRECTION('',(0.,0.,1.));
#6508=DIRECTION('',(6.12323399573677E-17,1.,0.));
#6509=DIRECTION('',(0.,0.,-1.));
#6510=DIRECTION('',(0.,0.,1.));
#6511=DIRECTION('',(6.12323399573677E-17,1.,0.));
#6512=DIRECTION('',(0.,0.,1.));
#6513=DIRECTION('',(1.,0.,0.));
#6514=DIRECTION('',(-0.130216311661782,0.991485608658644,0.));
#6515=DIRECTION('',(0.,0.,1.));
#6516=DIRECTION('',(1.,0.,0.));
#6517=DIRECTION('',(0.,0.,1.));
#6518=DIRECTION('',(1.,0.,0.));
#6519=DIRECTION('',(0.130216311661782,-0.991485608658644,0.));
#6520=DIRECTION('',(0.,0.,1.));
#6521=DIRECTION('',(1.,0.,0.));
#6522=DIRECTION('',(0.,0.,1.));
#6523=DIRECTION('',(1.,0.,0.));
#6524=DIRECTION('',(0.991485608658644,0.130216311661782,0.));
#6525=DIRECTION('',(0.130216311661782,-0.991485608658644,0.));
#6526=DIRECTION('',(-0.991485608658644,-0.130216311661782,0.));
#6527=DIRECTION('',(0.,0.,1.));
#6528=DIRECTION('',(1.,0.,0.));
#6529=DIRECTION('',(0.698409905657235,-0.715697983565591,0.));
#6530=DIRECTION('',(0.,0.,1.));
#6531=DIRECTION('',(1.,0.,0.));
#6532=DIRECTION('',(-0.316508204777839,-0.948589772403387,0.));
#6533=DIRECTION('',(0.948589772403387,-0.316508204777839,0.));
#6534=DIRECTION('',(-0.316508204777839,-0.948589772403387,0.));
#6535=DIRECTION('',(-0.948589772403387,0.316508204777839,0.));
#6536=DIRECTION('',(0.316508204777839,0.948589772403387,0.));
#6537=DIRECTION('',(0.948589772403387,-0.316508204777839,0.));
#6538=DIRECTION('',(-0.316508204777839,-0.948589772403387,0.));
#6539=DIRECTION('',(-0.948589772403387,0.316508204777839,0.));
#6540=DIRECTION('',(-0.316508204777839,-0.948589772403387,0.));
#6541=DIRECTION('',(0.948589772403387,-0.316508204777839,0.));
#6542=DIRECTION('',(-0.316508204777839,-0.948589772403387,0.));
#6543=DIRECTION('',(-0.948589772403387,0.316508204777839,0.));
#6544=DIRECTION('',(-0.51202579946695,-0.858970069723172,0.));
#6545=DIRECTION('',(0.,0.,1.));
#6546=DIRECTION('',(1.,0.,0.));
#6547=DIRECTION('',(-0.0790882472934591,-0.996867618663606,0.));
#6548=DIRECTION('',(0.,0.,1.));
#6549=DIRECTION('',(1.,0.,0.));
#6550=DIRECTION('',(0.995118166481824,0.0986906010613649,0.));
#6551=DIRECTION('',(0.0986906010613649,-0.995118166481824,0.));
#6552=DIRECTION('',(-0.995118166481824,-0.0986906010613649,0.));
#6553=DIRECTION('',(-0.0986906010613649,0.995118166481824,0.));
#6554=DIRECTION('',(0.129100690891387,0.991631489824404,0.));
#6555=DIRECTION('',(-0.991631489824404,0.129100690891387,0.));
#6556=DIRECTION('',(0.129100690891387,0.991631489824404,0.));
#6557=DIRECTION('',(0.991631489824404,-0.129100690891387,0.));
#6558=DIRECTION('',(-0.129100690891387,-0.991631489824404,0.));
#6559=DIRECTION('',(-0.790957710068093,-0.611870820421957,0.));
#6560=DIRECTION('',(0.,0.,1.));
#6561=DIRECTION('',(1.,0.,0.));
#6562=DIRECTION('',(0.,0.,1.));
#6563=DIRECTION('',(1.,0.,0.));
#6564=DIRECTION('',(0.,0.,1.));
#6565=DIRECTION('',(1.,0.,0.));
#6566=DIRECTION('',(0.507572591267769,-0.861608997512051,0.));
#6567=DIRECTION('',(0.799211426572447,0.601049994290021,0.));
#6568=DIRECTION('',(-0.2859084244325,0.958256945103204,0.));
#6569=DIRECTION('',(0.958256945103204,0.2859084244325,0.));
#6570=DIRECTION('',(0.2859084244325,-0.958256945103204,0.));
#6571=DIRECTION('',(-0.958256945103204,-0.2859084244325,0.));
#6572=DIRECTION('',(-0.76253817636624,0.646943219752745,0.));
#6573=DIRECTION('',(-0.958256945103204,-0.2859084244325,0.));
#6574=DIRECTION('',(0.,0.,1.));
#6575=DIRECTION('',(1.,0.,0.));
#6576=DIRECTION('',(0.2859084244325,-0.958256945103204,0.));
#6577=DIRECTION('',(-0.958256945103204,-0.2859084244325,0.));
#6578=DIRECTION('',(-0.2859084244325,0.958256945103204,0.));
#6579=DIRECTION('',(0.958256945103204,0.2859084244325,0.));
#6580=DIRECTION('',(0.762986125986878,-0.646414860249621,0.));
#6581=DIRECTION('',(0.958256945103204,0.2859084244325,0.));
#6582=DIRECTION('',(0.334685108299708,-0.942330026202292,2.71559299586597E-31));
#6583=DIRECTION('',(0.,0.,1.));
#6584=DIRECTION('',(1.,0.,0.));
#6585=DIRECTION('',(0.,0.,1.));
#6586=DIRECTION('',(1.,0.,0.));
#6587=DIRECTION('',(0.,0.,1.));
#6588=DIRECTION('',(0.98078528040323,0.195090322016128,0.));
#6589=DIRECTION('',(0.,0.,1.));
#6590=DIRECTION('',(0.923879532511287,0.38268343236509,0.));
#6591=DIRECTION('',(0.,0.,1.));
#6592=DIRECTION('',(0.923879532511287,0.38268343236509,0.));
#6593=DIRECTION('',(0.,0.,1.));
#6594=DIRECTION('',(0.923879532511287,0.38268343236509,0.));
#6595=DIRECTION('',(0.,0.,1.));
#6596=DIRECTION('',(0.831469612302546,0.555570233019602,0.));
#6597=DIRECTION('',(0.,0.,1.));
#6598=DIRECTION('',(0.831469612302546,0.555570233019602,0.));
#6599=DIRECTION('',(0.,0.,1.));
#6600=DIRECTION('',(0.831469612302546,0.555570233019602,0.));
#6601=DIRECTION('',(0.,0.,1.));
#6602=DIRECTION('',(0.707106781186548,0.707106781186547,0.));
#6603=DIRECTION('',(0.,0.,1.));
#6604=DIRECTION('',(0.707106781186548,0.707106781186547,0.));
#6605=DIRECTION('',(0.,0.,1.));
#6606=DIRECTION('',(0.707106781186548,0.707106781186547,0.));
#6607=DIRECTION('',(0.,0.,1.));
#6608=DIRECTION('',(0.555570233019602,0.831469612302545,0.));
#6609=DIRECTION('',(0.,0.,1.));
#6610=DIRECTION('',(0.555570233019602,0.831469612302545,0.));
#6611=DIRECTION('',(0.,0.,1.));
#6612=DIRECTION('',(0.555570233019602,0.831469612302545,0.));
#6613=DIRECTION('',(0.,0.,1.));
#6614=DIRECTION('',(0.38268343236509,0.923879532511287,0.));
#6615=DIRECTION('',(0.,0.,1.));
#6616=DIRECTION('',(0.38268343236509,0.923879532511287,0.));
#6617=DIRECTION('',(0.,0.,1.));
#6618=DIRECTION('',(0.38268343236509,0.923879532511287,0.));
#6619=DIRECTION('',(0.,0.,1.));
#6620=DIRECTION('',(0.195090322016129,0.98078528040323,0.));
#6621=DIRECTION('',(0.,0.,1.));
#6622=DIRECTION('',(0.195090322016129,0.98078528040323,0.));
#6623=DIRECTION('',(0.,0.,1.));
#6624=DIRECTION('',(0.195090322016129,0.98078528040323,0.));
#6625=DIRECTION('',(0.,0.,1.));
#6626=DIRECTION('',(6.12323399573677E-17,1.,0.));
#6627=DIRECTION('',(0.,0.,1.));
#6628=DIRECTION('',(6.12323399573677E-17,1.,0.));
#6629=DIRECTION('',(0.,0.,1.));
#6630=DIRECTION('',(6.12323399573677E-17,1.,0.));
#6631=DIRECTION('',(0.,0.,1.));
#6632=DIRECTION('',(6.12323399573677E-17,1.,0.));
#6633=DIRECTION('',(0.,0.,1.));
#6634=DIRECTION('',(-0.195090322016128,0.98078528040323,0.));
#6635=DIRECTION('',(0.,0.,1.));
#6636=DIRECTION('',(-0.195090322016128,0.98078528040323,0.));
#6637=DIRECTION('',(0.,0.,1.));
#6638=DIRECTION('',(-0.195090322016128,0.98078528040323,0.));
#6639=DIRECTION('',(0.,0.,1.));
#6640=DIRECTION('',(-0.38268343236509,0.923879532511287,0.));
#6641=DIRECTION('',(0.,0.,1.));
#6642=DIRECTION('',(-0.38268343236509,0.923879532511287,0.));
#6643=DIRECTION('',(0.,0.,1.));
#6644=DIRECTION('',(-0.38268343236509,0.923879532511287,0.));
#6645=DIRECTION('',(0.,0.,1.));
#6646=DIRECTION('',(-0.555570233019602,0.831469612302545,0.));
#6647=DIRECTION('',(0.,0.,1.));
#6648=DIRECTION('',(-0.555570233019602,0.831469612302545,0.));
#6649=DIRECTION('',(0.,0.,1.));
#6650=DIRECTION('',(-0.555570233019602,0.831469612302545,0.));
#6651=DIRECTION('',(0.,0.,1.));
#6652=DIRECTION('',(-0.707106781186548,0.707106781186548,0.));
#6653=DIRECTION('',(0.,0.,1.));
#6654=DIRECTION('',(-0.707106781186548,0.707106781186548,0.));
#6655=DIRECTION('',(0.,0.,1.));
#6656=DIRECTION('',(-0.707106781186548,0.707106781186548,0.));
#6657=DIRECTION('',(0.,0.,1.));
#6658=DIRECTION('',(-0.831469612302545,0.555570233019602,0.));
#6659=DIRECTION('',(0.,0.,1.));
#6660=DIRECTION('',(-0.831469612302545,0.555570233019602,0.));
#6661=DIRECTION('',(0.,0.,1.));
#6662=DIRECTION('',(-0.831469612302545,0.555570233019602,0.));
#6663=DIRECTION('',(0.,0.,1.));
#6664=DIRECTION('',(-0.923879532511287,0.38268343236509,0.));
#6665=DIRECTION('',(0.,0.,1.));
#6666=DIRECTION('',(-0.923879532511287,0.38268343236509,0.));
#6667=DIRECTION('',(0.,0.,1.));
#6668=DIRECTION('',(-0.923879532511287,0.38268343236509,0.));
#6669=DIRECTION('',(0.,0.,1.));
#6670=DIRECTION('',(-0.98078528040323,0.195090322016128,0.));
#6671=DIRECTION('',(0.,0.,1.));
#6672=DIRECTION('',(-0.98078528040323,0.195090322016128,0.));
#6673=DIRECTION('',(0.,0.,1.));
#6674=DIRECTION('',(-0.98078528040323,0.195090322016128,0.));
#6675=DIRECTION('',(0.,0.,1.));
#6676=DIRECTION('',(-1.,1.22464679914735E-16,0.));
#6677=DIRECTION('',(0.,0.,1.));
#6678=DIRECTION('',(-1.,1.22464679914735E-16,0.));
#6679=DIRECTION('',(0.,0.,1.));
#6680=DIRECTION('',(-1.,1.22464679914735E-16,0.));
#6681=DIRECTION('',(0.,0.,1.));
#6682=DIRECTION('',(-0.98078528040323,-0.195090322016128,0.));
#6683=DIRECTION('',(0.,0.,1.));
#6684=DIRECTION('',(-0.98078528040323,-0.195090322016128,0.));
#6685=DIRECTION('',(0.,0.,1.));
#6686=DIRECTION('',(-0.98078528040323,-0.195090322016128,0.));
#6687=DIRECTION('',(0.,0.,1.));
#6688=DIRECTION('',(-0.923879532511287,-0.38268343236509,0.));
#6689=DIRECTION('',(0.,0.,1.));
#6690=DIRECTION('',(-0.923879532511287,-0.38268343236509,0.));
#6691=DIRECTION('',(0.,0.,1.));
#6692=DIRECTION('',(-0.923879532511287,-0.38268343236509,0.));
#6693=DIRECTION('',(0.,0.,1.));
#6694=DIRECTION('',(-0.831469612302545,-0.555570233019602,0.));
#6695=DIRECTION('',(0.,0.,1.));
#6696=DIRECTION('',(-0.831469612302545,-0.555570233019602,0.));
#6697=DIRECTION('',(0.,0.,1.));
#6698=DIRECTION('',(-0.831469612302545,-0.555570233019602,0.));
#6699=DIRECTION('',(0.,0.,1.));
#6700=DIRECTION('',(-0.707106781186548,-0.707106781186548,0.));
#6701=DIRECTION('',(0.,0.,1.));
#6702=DIRECTION('',(-0.707106781186548,-0.707106781186548,0.));
#6703=DIRECTION('',(0.,0.,1.));
#6704=DIRECTION('',(-0.707106781186548,-0.707106781186548,0.));
#6705=DIRECTION('',(0.,0.,1.));
#6706=DIRECTION('',(-0.555570233019602,-0.831469612302545,0.));
#6707=DIRECTION('',(0.,0.,1.));
#6708=DIRECTION('',(-0.555570233019602,-0.831469612302545,0.));
#6709=DIRECTION('',(0.,0.,1.));
#6710=DIRECTION('',(-0.555570233019602,-0.831469612302545,0.));
#6711=DIRECTION('',(0.,0.,1.));
#6712=DIRECTION('',(-0.38268343236509,-0.923879532511287,0.));
#6713=DIRECTION('',(0.,0.,1.));
#6714=DIRECTION('',(-0.38268343236509,-0.923879532511287,0.));
#6715=DIRECTION('',(0.,0.,1.));
#6716=DIRECTION('',(-0.38268343236509,-0.923879532511287,0.));
#6717=DIRECTION('',(0.,0.,1.));
#6718=DIRECTION('',(-0.195090322016128,-0.98078528040323,0.));
#6719=DIRECTION('',(0.,0.,1.));
#6720=DIRECTION('',(-0.195090322016128,-0.98078528040323,0.));
#6721=DIRECTION('',(0.,0.,1.));
#6722=DIRECTION('',(-0.195090322016128,-0.98078528040323,0.));
#6723=DIRECTION('',(0.,0.,1.));
#6724=DIRECTION('',(-1.83697019872103E-16,-1.,0.));
#6725=DIRECTION('',(0.,0.,1.));
#6726=DIRECTION('',(-1.83697019872103E-16,-1.,0.));
#6727=DIRECTION('',(0.,0.,1.));
#6728=DIRECTION('',(-1.83697019872103E-16,-1.,0.));
#6729=DIRECTION('',(0.,0.,1.));
#6730=DIRECTION('',(0.195090322016128,-0.98078528040323,0.));
#6731=DIRECTION('',(0.,0.,1.));
#6732=DIRECTION('',(0.195090322016128,-0.98078528040323,0.));
#6733=DIRECTION('',(0.,0.,1.));
#6734=DIRECTION('',(0.195090322016128,-0.98078528040323,0.));
#6735=DIRECTION('',(0.,0.,1.));
#6736=DIRECTION('',(0.38268343236509,-0.923879532511287,0.));
#6737=DIRECTION('',(0.,0.,1.));
#6738=DIRECTION('',(0.38268343236509,-0.923879532511287,0.));
#6739=DIRECTION('',(0.,0.,1.));
#6740=DIRECTION('',(0.38268343236509,-0.923879532511287,0.));
#6741=DIRECTION('',(0.,0.,1.));
#6742=DIRECTION('',(0.555570233019602,-0.831469612302545,0.));
#6743=DIRECTION('',(0.,0.,1.));
#6744=DIRECTION('',(0.555570233019602,-0.831469612302545,0.));
#6745=DIRECTION('',(0.,0.,1.));
#6746=DIRECTION('',(0.555570233019602,-0.831469612302545,0.));
#6747=DIRECTION('',(0.,0.,1.));
#6748=DIRECTION('',(0.707106781186548,-0.707106781186548,0.));
#6749=DIRECTION('',(0.,0.,1.));
#6750=DIRECTION('',(0.707106781186548,-0.707106781186548,0.));
#6751=DIRECTION('',(0.,0.,1.));
#6752=DIRECTION('',(0.707106781186548,-0.707106781186548,0.));
#6753=DIRECTION('',(0.,0.,1.));
#6754=DIRECTION('',(0.831469612302545,-0.555570233019602,0.));
#6755=DIRECTION('',(0.,0.,1.));
#6756=DIRECTION('',(0.831469612302545,-0.555570233019602,0.));
#6757=DIRECTION('',(0.,0.,1.));
#6758=DIRECTION('',(0.831469612302545,-0.555570233019602,0.));
#6759=DIRECTION('',(0.,0.,1.));
#6760=DIRECTION('',(0.923879532511287,-0.38268343236509,0.));
#6761=DIRECTION('',(0.,0.,1.));
#6762=DIRECTION('',(0.923879532511287,-0.38268343236509,0.));
#6763=DIRECTION('',(0.,0.,1.));
#6764=DIRECTION('',(0.923879532511287,-0.38268343236509,0.));
#6765=DIRECTION('',(0.,0.,1.));
#6766=DIRECTION('',(0.98078528040323,-0.195090322016128,0.));
#6767=DIRECTION('',(0.,0.,1.));
#6768=DIRECTION('',(0.98078528040323,-0.195090322016128,0.));
#6769=DIRECTION('',(0.,0.,1.));
#6770=DIRECTION('',(0.98078528040323,-0.195090322016128,0.));
#6771=DIRECTION('',(0.,0.,1.));
#6772=DIRECTION('',(1.,-2.4492935982947E-16,0.));
#6773=DIRECTION('',(0.,0.,1.));
#6774=DIRECTION('',(1.,-2.4492935982947E-16,0.));
#6775=DIRECTION('',(0.,0.,1.));
#6776=DIRECTION('',(1.,-2.4492935982947E-16,0.));
#6777=DIRECTION('',(0.,0.,1.));
#6778=DIRECTION('',(0.98078528040323,0.195090322016128,0.));
#6779=DIRECTION('',(0.,0.,1.));
#6780=DIRECTION('',(0.98078528040323,0.195090322016128,0.));
#6781=DIRECTION('',(0.,0.,-1.));
#6782=DIRECTION('',(-6.12323399573677E-17,-1.,0.));
#6783=DIRECTION('',(0.,0.,-1.));
#6784=DIRECTION('',(0.,0.,1.));
#6785=DIRECTION('',(6.12323399573677E-17,1.,0.));
#6786=DIRECTION('',(0.,0.,-1.));
#6787=DIRECTION('',(0.,0.,1.));
#6788=DIRECTION('',(6.12323399573677E-17,1.,0.));
#6789=DIRECTION('',(0.,0.,1.));
#6790=DIRECTION('',(1.,0.,0.));
#6791=DIRECTION('',(0.,0.,1.));
#6792=DIRECTION('',(0.98078528040323,0.195090322016128,0.));
#6793=DIRECTION('',(0.,0.,1.));
#6794=DIRECTION('',(1.,-2.4492935982947E-16,0.));
#6795=DIRECTION('',(0.,0.,1.));
#6796=DIRECTION('',(1.,-2.4492935982947E-16,0.));
#6797=DIRECTION('',(0.,0.,1.));
#6798=DIRECTION('',(1.,-2.4492935982947E-16,0.));
#6799=DIRECTION('',(0.,0.,1.));
#6800=DIRECTION('',(0.98078528040323,-0.195090322016128,0.));
#6801=DIRECTION('',(0.,0.,1.));
#6802=DIRECTION('',(0.98078528040323,-0.195090322016128,0.));
#6803=DIRECTION('',(0.,0.,1.));
#6804=DIRECTION('',(0.98078528040323,-0.195090322016128,0.));
#6805=DIRECTION('',(0.,0.,1.));
#6806=DIRECTION('',(0.923879532511287,-0.38268343236509,0.));
#6807=DIRECTION('',(0.,0.,1.));
#6808=DIRECTION('',(0.923879532511287,-0.38268343236509,0.));
#6809=DIRECTION('',(0.,0.,1.));
#6810=DIRECTION('',(0.923879532511287,-0.38268343236509,0.));
#6811=DIRECTION('',(0.,0.,1.));
#6812=DIRECTION('',(0.831469612302545,-0.555570233019602,0.));
#6813=DIRECTION('',(0.,0.,1.));
#6814=DIRECTION('',(0.831469612302545,-0.555570233019602,0.));
#6815=DIRECTION('',(0.,0.,1.));
#6816=DIRECTION('',(0.831469612302545,-0.555570233019602,0.));
#6817=DIRECTION('',(0.,0.,1.));
#6818=DIRECTION('',(0.707106781186548,-0.707106781186548,0.));
#6819=DIRECTION('',(0.,0.,1.));
#6820=DIRECTION('',(0.707106781186548,-0.707106781186548,0.));
#6821=DIRECTION('',(0.,0.,1.));
#6822=DIRECTION('',(0.707106781186548,-0.707106781186548,0.));
#6823=DIRECTION('',(0.,0.,1.));
#6824=DIRECTION('',(0.555570233019602,-0.831469612302545,0.));
#6825=DIRECTION('',(0.,0.,1.));
#6826=DIRECTION('',(0.555570233019602,-0.831469612302545,0.));
#6827=DIRECTION('',(0.,0.,1.));
#6828=DIRECTION('',(0.555570233019602,-0.831469612302545,0.));
#6829=DIRECTION('',(0.,0.,1.));
#6830=DIRECTION('',(0.38268343236509,-0.923879532511287,0.));
#6831=DIRECTION('',(0.,0.,1.));
#6832=DIRECTION('',(0.38268343236509,-0.923879532511287,0.));
#6833=DIRECTION('',(0.,0.,1.));
#6834=DIRECTION('',(0.38268343236509,-0.923879532511287,0.));
#6835=DIRECTION('',(0.,0.,1.));
#6836=DIRECTION('',(0.195090322016128,-0.98078528040323,0.));
#6837=DIRECTION('',(0.,0.,1.));
#6838=DIRECTION('',(0.195090322016128,-0.98078528040323,0.));
#6839=DIRECTION('',(0.,0.,1.));
#6840=DIRECTION('',(0.195090322016128,-0.98078528040323,0.));
#6841=DIRECTION('',(0.,0.,1.));
#6842=DIRECTION('',(-1.83697019872103E-16,-1.,0.));
#6843=DIRECTION('',(0.,0.,1.));
#6844=DIRECTION('',(-1.83697019872103E-16,-1.,0.));
#6845=DIRECTION('',(0.,0.,1.));
#6846=DIRECTION('',(-1.83697019872103E-16,-1.,0.));
#6847=DIRECTION('',(0.,0.,1.));
#6848=DIRECTION('',(-0.195090322016128,-0.98078528040323,0.));
#6849=DIRECTION('',(0.,0.,1.));
#6850=DIRECTION('',(-0.195090322016128,-0.98078528040323,0.));
#6851=DIRECTION('',(0.,0.,1.));
#6852=DIRECTION('',(-0.195090322016128,-0.98078528040323,0.));
#6853=DIRECTION('',(0.,0.,1.));
#6854=DIRECTION('',(-0.38268343236509,-0.923879532511287,0.));
#6855=DIRECTION('',(0.,0.,1.));
#6856=DIRECTION('',(-0.38268343236509,-0.923879532511287,0.));
#6857=DIRECTION('',(0.,0.,1.));
#6858=DIRECTION('',(-0.38268343236509,-0.923879532511287,0.));
#6859=DIRECTION('',(0.,0.,1.));
#6860=DIRECTION('',(-0.555570233019602,-0.831469612302545,0.));
#6861=DIRECTION('',(0.,0.,1.));
#6862=DIRECTION('',(-0.555570233019602,-0.831469612302545,0.));
#6863=DIRECTION('',(0.,0.,1.));
#6864=DIRECTION('',(-0.555570233019602,-0.831469612302545,0.));
#6865=DIRECTION('',(0.,0.,1.));
#6866=DIRECTION('',(-0.707106781186548,-0.707106781186548,0.));
#6867=DIRECTION('',(0.,0.,1.));
#6868=DIRECTION('',(-0.707106781186548,-0.707106781186548,0.));
#6869=DIRECTION('',(0.,0.,1.));
#6870=DIRECTION('',(-0.707106781186548,-0.707106781186548,0.));
#6871=DIRECTION('',(0.,0.,1.));
#6872=DIRECTION('',(-0.831469612302545,-0.555570233019602,0.));
#6873=DIRECTION('',(0.,0.,1.));
#6874=DIRECTION('',(-0.831469612302545,-0.555570233019602,0.));
#6875=DIRECTION('',(0.,0.,1.));
#6876=DIRECTION('',(-0.831469612302545,-0.555570233019602,0.));
#6877=DIRECTION('',(0.,0.,1.));
#6878=DIRECTION('',(-0.923879532511287,-0.38268343236509,0.));
#6879=DIRECTION('',(0.,0.,1.));
#6880=DIRECTION('',(-0.923879532511287,-0.38268343236509,0.));
#6881=DIRECTION('',(0.,0.,1.));
#6882=DIRECTION('',(-0.923879532511287,-0.38268343236509,0.));
#6883=DIRECTION('',(0.,0.,1.));
#6884=DIRECTION('',(-0.98078528040323,-0.195090322016128,0.));
#6885=DIRECTION('',(0.,0.,1.));
#6886=DIRECTION('',(-0.98078528040323,-0.195090322016128,0.));
#6887=DIRECTION('',(0.,0.,1.));
#6888=DIRECTION('',(-0.98078528040323,-0.195090322016128,0.));
#6889=DIRECTION('',(0.,0.,1.));
#6890=DIRECTION('',(-1.,1.22464679914735E-16,0.));
#6891=DIRECTION('',(0.,0.,1.));
#6892=DIRECTION('',(-1.,1.22464679914735E-16,0.));
#6893=DIRECTION('',(0.,0.,1.));
#6894=DIRECTION('',(-1.,1.22464679914735E-16,0.));
#6895=DIRECTION('',(0.,0.,1.));
#6896=DIRECTION('',(-0.98078528040323,0.195090322016128,0.));
#6897=DIRECTION('',(0.,0.,1.));
#6898=DIRECTION('',(-0.98078528040323,0.195090322016128,0.));
#6899=DIRECTION('',(0.,0.,1.));
#6900=DIRECTION('',(-0.98078528040323,0.195090322016128,0.));
#6901=DIRECTION('',(0.,0.,1.));
#6902=DIRECTION('',(-0.923879532511287,0.38268343236509,0.));
#6903=DIRECTION('',(0.,0.,1.));
#6904=DIRECTION('',(-0.923879532511287,0.38268343236509,0.));
#6905=DIRECTION('',(0.,0.,1.));
#6906=DIRECTION('',(-0.923879532511287,0.38268343236509,0.));
#6907=DIRECTION('',(0.,0.,1.));
#6908=DIRECTION('',(-0.831469612302545,0.555570233019602,0.));
#6909=DIRECTION('',(0.,0.,1.));
#6910=DIRECTION('',(-0.831469612302545,0.555570233019602,0.));
#6911=DIRECTION('',(0.,0.,1.));
#6912=DIRECTION('',(-0.831469612302545,0.555570233019602,0.));
#6913=DIRECTION('',(0.,0.,1.));
#6914=DIRECTION('',(-0.707106781186548,0.707106781186548,0.));
#6915=DIRECTION('',(0.,0.,1.));
#6916=DIRECTION('',(-0.707106781186548,0.707106781186548,0.));
#6917=DIRECTION('',(0.,0.,1.));
#6918=DIRECTION('',(-0.707106781186548,0.707106781186548,0.));
#6919=DIRECTION('',(0.,0.,1.));
#6920=DIRECTION('',(-0.555570233019602,0.831469612302545,0.));
#6921=DIRECTION('',(0.,0.,1.));
#6922=DIRECTION('',(-0.555570233019602,0.831469612302545,0.));
#6923=DIRECTION('',(0.,0.,1.));
#6924=DIRECTION('',(-0.555570233019602,0.831469612302545,0.));
#6925=DIRECTION('',(0.,0.,1.));
#6926=DIRECTION('',(-0.38268343236509,0.923879532511287,0.));
#6927=DIRECTION('',(0.,0.,1.));
#6928=DIRECTION('',(-0.38268343236509,0.923879532511287,0.));
#6929=DIRECTION('',(0.,0.,1.));
#6930=DIRECTION('',(-0.38268343236509,0.923879532511287,0.));
#6931=DIRECTION('',(0.,0.,1.));
#6932=DIRECTION('',(-0.195090322016128,0.98078528040323,0.));
#6933=DIRECTION('',(0.,0.,1.));
#6934=DIRECTION('',(-0.195090322016128,0.98078528040323,0.));
#6935=DIRECTION('',(0.,0.,1.));
#6936=DIRECTION('',(-0.195090322016128,0.98078528040323,0.));
#6937=DIRECTION('',(0.,0.,1.));
#6938=DIRECTION('',(6.12323399573677E-17,1.,0.));
#6939=DIRECTION('',(0.,0.,1.));
#6940=DIRECTION('',(6.12323399573677E-17,1.,0.));
#6941=DIRECTION('',(0.,0.,1.));
#6942=DIRECTION('',(6.12323399573677E-17,1.,0.));
#6943=DIRECTION('',(0.,0.,1.));
#6944=DIRECTION('',(0.195090322016129,0.98078528040323,0.));
#6945=DIRECTION('',(0.,0.,1.));
#6946=DIRECTION('',(0.195090322016129,0.98078528040323,0.));
#6947=DIRECTION('',(0.,0.,1.));
#6948=DIRECTION('',(0.195090322016129,0.98078528040323,0.));
#6949=DIRECTION('',(0.,0.,1.));
#6950=DIRECTION('',(0.38268343236509,0.923879532511287,0.));
#6951=DIRECTION('',(0.,0.,1.));
#6952=DIRECTION('',(0.38268343236509,0.923879532511287,0.));
#6953=DIRECTION('',(0.,0.,1.));
#6954=DIRECTION('',(0.38268343236509,0.923879532511287,0.));
#6955=DIRECTION('',(0.,0.,1.));
#6956=DIRECTION('',(0.555570233019602,0.831469612302545,0.));
#6957=DIRECTION('',(0.,0.,1.));
#6958=DIRECTION('',(0.555570233019602,0.831469612302545,0.));
#6959=DIRECTION('',(0.,0.,1.));
#6960=DIRECTION('',(0.555570233019602,0.831469612302545,0.));
#6961=DIRECTION('',(0.,0.,1.));
#6962=DIRECTION('',(0.707106781186548,0.707106781186547,0.));
#6963=DIRECTION('',(0.,0.,1.));
#6964=DIRECTION('',(0.707106781186548,0.707106781186547,0.));
#6965=DIRECTION('',(0.,0.,1.));
#6966=DIRECTION('',(0.707106781186548,0.707106781186547,0.));
#6967=DIRECTION('',(0.,0.,1.));
#6968=DIRECTION('',(0.831469612302546,0.555570233019602,0.));
#6969=DIRECTION('',(0.,0.,1.));
#6970=DIRECTION('',(0.831469612302546,0.555570233019602,0.));
#6971=DIRECTION('',(0.,0.,1.));
#6972=DIRECTION('',(0.831469612302546,0.555570233019602,0.));
#6973=DIRECTION('',(0.,0.,1.));
#6974=DIRECTION('',(0.923879532511287,0.38268343236509,0.));
#6975=DIRECTION('',(0.,0.,1.));
#6976=DIRECTION('',(0.923879532511287,0.38268343236509,0.));
#6977=DIRECTION('',(0.,0.,1.));
#6978=DIRECTION('',(0.923879532511287,0.38268343236509,0.));
#6979=DIRECTION('',(0.,0.,1.));
#6980=DIRECTION('',(0.98078528040323,0.195090322016128,0.));
#6981=DIRECTION('',(0.,0.,1.));
#6982=DIRECTION('',(0.98078528040323,0.195090322016128,0.));
#6983=DIRECTION('',(0.,0.,-1.));
#6984=DIRECTION('',(0.,0.,-1.));
#6985=DIRECTION('',(0.,0.,-1.));
#6986=DIRECTION('',(-6.12323399573677E-17,-1.,0.));
#6987=DIRECTION('',(0.,0.,-1.));
#6988=DIRECTION('',(0.,0.,-1.));
#6989=DIRECTION('',(0.,0.,-1.));
#6990=DIRECTION('',(-6.12323399573677E-17,-1.,0.));
#6991=DIRECTION('',(0.,0.,-1.));
#6992=DIRECTION('',(-6.12323399573677E-17,-1.,0.));
#6993=DIRECTION('',(0.,0.,-1.));
#6994=DIRECTION('',(0.,0.,-1.));
#6995=DIRECTION('',(0.,0.,-1.));
#6996=DIRECTION('',(1.,-1.22464679914735E-16,0.));
#6997=DIRECTION('',(0.,0.,-1.));
#6998=DIRECTION('',(0.,0.,-1.));
#6999=DIRECTION('',(0.,0.,-1.));
#7000=DIRECTION('',(1.,-1.22464679914735E-16,0.));
#7001=DIRECTION('',(0.,0.,-1.));
#7002=DIRECTION('',(1.,-1.22464679914735E-16,0.));
#7003=DIRECTION('',(0.,0.,-1.));
#7004=DIRECTION('',(0.,0.,-1.));
#7005=DIRECTION('',(0.,0.,-1.));
#7006=DIRECTION('',(0.98078528040323,-0.195090322016128,0.));
#7007=DIRECTION('',(0.,0.,-1.));
#7008=DIRECTION('',(0.,0.,-1.));
#7009=DIRECTION('',(0.,0.,-1.));
#7010=DIRECTION('',(0.98078528040323,-0.195090322016128,0.));
#7011=DIRECTION('',(0.,0.,-1.));
#7012=DIRECTION('',(0.98078528040323,-0.195090322016128,0.));
#7013=DIRECTION('',(0.,0.,-1.));
#7014=DIRECTION('',(0.,0.,-1.));
#7015=DIRECTION('',(0.,0.,-1.));
#7016=DIRECTION('',(0.923879532511287,-0.38268343236509,0.));
#7017=DIRECTION('',(0.,0.,-1.));
#7018=DIRECTION('',(0.,0.,-1.));
#7019=DIRECTION('',(0.,0.,-1.));
#7020=DIRECTION('',(0.923879532511287,-0.38268343236509,0.));
#7021=DIRECTION('',(0.,0.,-1.));
#7022=DIRECTION('',(0.923879532511287,-0.38268343236509,0.));
#7023=DIRECTION('',(0.,0.,-1.));
#7024=DIRECTION('',(0.,0.,-1.));
#7025=DIRECTION('',(0.,0.,-1.));
#7026=DIRECTION('',(0.831469612302545,-0.555570233019602,0.));
#7027=DIRECTION('',(0.,0.,-1.));
#7028=DIRECTION('',(0.,0.,-1.));
#7029=DIRECTION('',(0.,0.,-1.));
#7030=DIRECTION('',(0.831469612302545,-0.555570233019602,0.));
#7031=DIRECTION('',(0.,0.,-1.));
#7032=DIRECTION('',(0.831469612302545,-0.555570233019602,0.));
#7033=DIRECTION('',(0.,0.,-1.));
#7034=DIRECTION('',(0.,0.,-1.));
#7035=DIRECTION('',(0.,0.,-1.));
#7036=DIRECTION('',(0.555570233019602,-0.831469612302545,0.));
#7037=DIRECTION('',(0.,0.,-1.));
#7038=DIRECTION('',(0.,0.,-1.));
#7039=DIRECTION('',(0.,0.,-1.));
#7040=DIRECTION('',(0.555570233019602,-0.831469612302545,0.));
#7041=DIRECTION('',(0.,0.,-1.));
#7042=DIRECTION('',(0.555570233019602,-0.831469612302545,0.));
#7043=DIRECTION('',(0.,0.,-1.));
#7044=DIRECTION('',(0.,0.,-1.));
#7045=DIRECTION('',(0.,0.,-1.));
#7046=DIRECTION('',(0.707106781186548,-0.707106781186548,0.));
#7047=DIRECTION('',(0.,0.,-1.));
#7048=DIRECTION('',(0.,0.,-1.));
#7049=DIRECTION('',(0.,0.,-1.));
#7050=DIRECTION('',(0.707106781186548,-0.707106781186548,0.));
#7051=DIRECTION('',(0.,0.,-1.));
#7052=DIRECTION('',(0.707106781186548,-0.707106781186548,0.));
#7053=DIRECTION('',(0.,0.,-1.));
#7054=DIRECTION('',(0.,0.,-1.));
#7055=DIRECTION('',(0.,0.,-1.));
#7056=DIRECTION('',(0.38268343236509,-0.923879532511287,0.));
#7057=DIRECTION('',(0.,0.,-1.));
#7058=DIRECTION('',(0.,0.,-1.));
#7059=DIRECTION('',(0.,0.,-1.));
#7060=DIRECTION('',(0.38268343236509,-0.923879532511287,0.));
#7061=DIRECTION('',(0.,0.,-1.));
#7062=DIRECTION('',(0.38268343236509,-0.923879532511287,0.));
#7063=DIRECTION('',(0.,0.,-1.));
#7064=DIRECTION('',(0.,0.,-1.));
#7065=DIRECTION('',(0.,0.,-1.));
#7066=DIRECTION('',(0.195090322016128,-0.98078528040323,0.));
#7067=DIRECTION('',(0.,0.,-1.));
#7068=DIRECTION('',(0.,0.,-1.));
#7069=DIRECTION('',(0.,0.,-1.));
#7070=DIRECTION('',(0.195090322016128,-0.98078528040323,0.));
#7071=DIRECTION('',(0.,0.,-1.));
#7072=DIRECTION('',(0.195090322016128,-0.98078528040323,0.));
#7073=DIRECTION('',(0.,0.,-1.));
#7074=DIRECTION('',(0.,0.,-1.));
#7075=DIRECTION('',(0.,0.,-1.));
#7076=DIRECTION('',(1.83697019872103E-16,1.,0.));
#7077=DIRECTION('',(0.,0.,-1.));
#7078=DIRECTION('',(0.,0.,-1.));
#7079=DIRECTION('',(0.,0.,-1.));
#7080=DIRECTION('',(1.83697019872103E-16,1.,0.));
#7081=DIRECTION('',(0.,0.,-1.));
#7082=DIRECTION('',(1.83697019872103E-16,1.,0.));
#7083=DIRECTION('',(0.,0.,-1.));
#7084=DIRECTION('',(0.,0.,-1.));
#7085=DIRECTION('',(0.,0.,-1.));
#7086=DIRECTION('',(0.195090322016128,0.98078528040323,0.));
#7087=DIRECTION('',(0.,0.,-1.));
#7088=DIRECTION('',(0.,0.,-1.));
#7089=DIRECTION('',(0.,0.,-1.));
#7090=DIRECTION('',(0.195090322016128,0.98078528040323,0.));
#7091=DIRECTION('',(0.,0.,-1.));
#7092=DIRECTION('',(0.195090322016128,0.98078528040323,0.));
#7093=DIRECTION('',(0.,0.,-1.));
#7094=DIRECTION('',(0.,0.,-1.));
#7095=DIRECTION('',(0.,0.,-1.));
#7096=DIRECTION('',(0.38268343236509,0.923879532511287,0.));
#7097=DIRECTION('',(0.,0.,-1.));
#7098=DIRECTION('',(0.,0.,-1.));
#7099=DIRECTION('',(0.,0.,-1.));
#7100=DIRECTION('',(0.38268343236509,0.923879532511287,0.));
#7101=DIRECTION('',(0.,0.,-1.));
#7102=DIRECTION('',(0.38268343236509,0.923879532511287,0.));
#7103=DIRECTION('',(0.,0.,-1.));
#7104=DIRECTION('',(0.,0.,-1.));
#7105=DIRECTION('',(0.,0.,-1.));
#7106=DIRECTION('',(0.555570233019602,0.831469612302545,0.));
#7107=DIRECTION('',(0.,0.,-1.));
#7108=DIRECTION('',(0.,0.,-1.));
#7109=DIRECTION('',(0.,0.,-1.));
#7110=DIRECTION('',(0.555570233019602,0.831469612302545,0.));
#7111=DIRECTION('',(0.,0.,-1.));
#7112=DIRECTION('',(0.555570233019602,0.831469612302545,0.));
#7113=DIRECTION('',(0.,0.,-1.));
#7114=DIRECTION('',(0.,0.,-1.));
#7115=DIRECTION('',(0.,0.,-1.));
#7116=DIRECTION('',(0.831469612302545,0.555570233019602,0.));
#7117=DIRECTION('',(0.,0.,-1.));
#7118=DIRECTION('',(0.,0.,-1.));
#7119=DIRECTION('',(0.,0.,-1.));
#7120=DIRECTION('',(0.831469612302545,0.555570233019602,0.));
#7121=DIRECTION('',(0.,0.,-1.));
#7122=DIRECTION('',(0.831469612302545,0.555570233019602,0.));
#7123=DIRECTION('',(0.,0.,-1.));
#7124=DIRECTION('',(0.,0.,-1.));
#7125=DIRECTION('',(0.,0.,-1.));
#7126=DIRECTION('',(0.707106781186548,0.707106781186548,0.));
#7127=DIRECTION('',(0.,0.,-1.));
#7128=DIRECTION('',(0.,0.,-1.));
#7129=DIRECTION('',(0.,0.,-1.));
#7130=DIRECTION('',(0.707106781186548,0.707106781186548,0.));
#7131=DIRECTION('',(0.,0.,-1.));
#7132=DIRECTION('',(0.707106781186548,0.707106781186548,0.));
#7133=DIRECTION('',(0.,0.,-1.));
#7134=DIRECTION('',(0.,0.,-1.));
#7135=DIRECTION('',(0.,0.,-1.));
#7136=DIRECTION('',(0.923879532511287,0.38268343236509,0.));
#7137=DIRECTION('',(0.,0.,-1.));
#7138=DIRECTION('',(0.,0.,-1.));
#7139=DIRECTION('',(0.,0.,-1.));
#7140=DIRECTION('',(0.923879532511287,0.38268343236509,0.));
#7141=DIRECTION('',(0.,0.,-1.));
#7142=DIRECTION('',(0.923879532511287,0.38268343236509,0.));
#7143=DIRECTION('',(0.,0.,-1.));
#7144=DIRECTION('',(0.,0.,-1.));
#7145=DIRECTION('',(0.,0.,-1.));
#7146=DIRECTION('',(0.98078528040323,0.195090322016128,0.));
#7147=DIRECTION('',(0.,0.,-1.));
#7148=DIRECTION('',(0.,0.,-1.));
#7149=DIRECTION('',(0.,0.,-1.));
#7150=DIRECTION('',(0.98078528040323,0.195090322016128,0.));
#7151=DIRECTION('',(0.,0.,-1.));
#7152=DIRECTION('',(0.98078528040323,0.195090322016128,0.));
#7153=DIRECTION('',(0.,0.,-1.));
#7154=DIRECTION('',(0.,0.,-1.));
#7155=DIRECTION('',(0.,0.,-1.));
#7156=DIRECTION('',(-1.,2.4492935982947E-16,0.));
#7157=DIRECTION('',(0.,0.,-1.));
#7158=DIRECTION('',(0.,0.,-1.));
#7159=DIRECTION('',(0.,0.,-1.));
#7160=DIRECTION('',(-1.,2.4492935982947E-16,0.));
#7161=DIRECTION('',(0.,0.,-1.));
#7162=DIRECTION('',(-1.,2.4492935982947E-16,0.));
#7163=DIRECTION('',(0.,0.,-1.));
#7164=DIRECTION('',(0.,0.,-1.));
#7165=DIRECTION('',(0.,0.,-1.));
#7166=DIRECTION('',(-0.98078528040323,0.195090322016128,0.));
#7167=DIRECTION('',(0.,0.,-1.));
#7168=DIRECTION('',(0.,0.,-1.));
#7169=DIRECTION('',(0.,0.,-1.));
#7170=DIRECTION('',(-0.98078528040323,0.195090322016128,0.));
#7171=DIRECTION('',(0.,0.,-1.));
#7172=DIRECTION('',(-0.98078528040323,0.195090322016128,0.));
#7173=DIRECTION('',(0.,0.,-1.));
#7174=DIRECTION('',(0.,0.,-1.));
#7175=DIRECTION('',(0.,0.,-1.));
#7176=DIRECTION('',(-0.923879532511287,0.38268343236509,0.));
#7177=DIRECTION('',(0.,0.,-1.));
#7178=DIRECTION('',(0.,0.,-1.));
#7179=DIRECTION('',(0.,0.,-1.));
#7180=DIRECTION('',(-0.923879532511287,0.38268343236509,0.));
#7181=DIRECTION('',(0.,0.,-1.));
#7182=DIRECTION('',(-0.923879532511287,0.38268343236509,0.));
#7183=DIRECTION('',(0.,0.,-1.));
#7184=DIRECTION('',(0.,0.,-1.));
#7185=DIRECTION('',(0.,0.,-1.));
#7186=DIRECTION('',(-0.831469612302545,0.555570233019602,0.));
#7187=DIRECTION('',(0.,0.,-1.));
#7188=DIRECTION('',(0.,0.,-1.));
#7189=DIRECTION('',(0.,0.,-1.));
#7190=DIRECTION('',(-0.831469612302545,0.555570233019602,0.));
#7191=DIRECTION('',(0.,0.,-1.));
#7192=DIRECTION('',(-0.831469612302545,0.555570233019602,0.));
#7193=DIRECTION('',(0.,0.,-1.));
#7194=DIRECTION('',(0.,0.,-1.));
#7195=DIRECTION('',(0.,0.,-1.));
#7196=DIRECTION('',(-0.555570233019602,0.831469612302545,0.));
#7197=DIRECTION('',(0.,0.,-1.));
#7198=DIRECTION('',(0.,0.,-1.));
#7199=DIRECTION('',(0.,0.,-1.));
#7200=DIRECTION('',(-0.555570233019602,0.831469612302545,0.));
#7201=DIRECTION('',(0.,0.,-1.));
#7202=DIRECTION('',(-0.555570233019602,0.831469612302545,0.));
#7203=DIRECTION('',(0.,0.,-1.));
#7204=DIRECTION('',(0.,0.,-1.));
#7205=DIRECTION('',(0.,0.,-1.));
#7206=DIRECTION('',(-0.707106781186548,0.707106781186548,0.));
#7207=DIRECTION('',(0.,0.,-1.));
#7208=DIRECTION('',(0.,0.,-1.));
#7209=DIRECTION('',(0.,0.,-1.));
#7210=DIRECTION('',(-0.707106781186548,0.707106781186548,0.));
#7211=DIRECTION('',(0.,0.,-1.));
#7212=DIRECTION('',(-0.707106781186548,0.707106781186548,0.));
#7213=DIRECTION('',(0.,0.,-1.));
#7214=DIRECTION('',(0.,0.,-1.));
#7215=DIRECTION('',(0.,0.,-1.));
#7216=DIRECTION('',(-0.38268343236509,0.923879532511287,0.));
#7217=DIRECTION('',(0.,0.,-1.));
#7218=DIRECTION('',(0.,0.,-1.));
#7219=DIRECTION('',(0.,0.,-1.));
#7220=DIRECTION('',(-0.38268343236509,0.923879532511287,0.));
#7221=DIRECTION('',(0.,0.,-1.));
#7222=DIRECTION('',(-0.38268343236509,0.923879532511287,0.));
#7223=DIRECTION('',(0.,0.,-1.));
#7224=DIRECTION('',(0.,0.,-1.));
#7225=DIRECTION('',(0.,0.,-1.));
#7226=DIRECTION('',(-0.195090322016128,0.98078528040323,0.));
#7227=DIRECTION('',(0.,0.,-1.));
#7228=DIRECTION('',(0.,0.,-1.));
#7229=DIRECTION('',(0.,0.,-1.));
#7230=DIRECTION('',(-0.195090322016128,0.98078528040323,0.));
#7231=DIRECTION('',(0.,0.,-1.));
#7232=DIRECTION('',(-0.195090322016128,0.98078528040323,0.));
#7233=DIRECTION('',(0.,0.,-1.));
#7234=DIRECTION('',(0.,0.,-1.));
#7235=DIRECTION('',(0.,0.,-1.));
#7236=DIRECTION('',(-0.195090322016129,-0.98078528040323,0.));
#7237=DIRECTION('',(0.,0.,-1.));
#7238=DIRECTION('',(0.,0.,-1.));
#7239=DIRECTION('',(0.,0.,-1.));
#7240=DIRECTION('',(-0.195090322016129,-0.98078528040323,0.));
#7241=DIRECTION('',(0.,0.,-1.));
#7242=DIRECTION('',(-0.195090322016129,-0.98078528040323,0.));
#7243=DIRECTION('',(0.,0.,-1.));
#7244=DIRECTION('',(0.,0.,-1.));
#7245=DIRECTION('',(0.,0.,-1.));
#7246=DIRECTION('',(-0.38268343236509,-0.923879532511287,0.));
#7247=DIRECTION('',(0.,0.,-1.));
#7248=DIRECTION('',(0.,0.,-1.));
#7249=DIRECTION('',(0.,0.,-1.));
#7250=DIRECTION('',(-0.38268343236509,-0.923879532511287,0.));
#7251=DIRECTION('',(0.,0.,-1.));
#7252=DIRECTION('',(-0.38268343236509,-0.923879532511287,0.));
#7253=DIRECTION('',(0.,0.,-1.));
#7254=DIRECTION('',(0.,0.,-1.));
#7255=DIRECTION('',(0.,0.,-1.));
#7256=DIRECTION('',(-0.555570233019602,-0.831469612302545,0.));
#7257=DIRECTION('',(0.,0.,-1.));
#7258=DIRECTION('',(0.,0.,-1.));
#7259=DIRECTION('',(0.,0.,-1.));
#7260=DIRECTION('',(-0.555570233019602,-0.831469612302545,0.));
#7261=DIRECTION('',(0.,0.,-1.));
#7262=DIRECTION('',(-0.555570233019602,-0.831469612302545,0.));
#7263=DIRECTION('',(0.,0.,-1.));
#7264=DIRECTION('',(0.,0.,-1.));
#7265=DIRECTION('',(0.,0.,-1.));
#7266=DIRECTION('',(-0.831469612302546,-0.555570233019602,0.));
#7267=DIRECTION('',(0.,0.,-1.));
#7268=DIRECTION('',(0.,0.,-1.));
#7269=DIRECTION('',(0.,0.,-1.));
#7270=DIRECTION('',(-0.831469612302546,-0.555570233019602,0.));
#7271=DIRECTION('',(0.,0.,-1.));
#7272=DIRECTION('',(-0.831469612302546,-0.555570233019602,0.));
#7273=DIRECTION('',(0.,0.,-1.));
#7274=DIRECTION('',(0.,0.,-1.));
#7275=DIRECTION('',(0.,0.,-1.));
#7276=DIRECTION('',(-0.707106781186548,-0.707106781186547,0.));
#7277=DIRECTION('',(0.,0.,-1.));
#7278=DIRECTION('',(0.,0.,-1.));
#7279=DIRECTION('',(0.,0.,-1.));
#7280=DIRECTION('',(-0.707106781186548,-0.707106781186547,0.));
#7281=DIRECTION('',(0.,0.,-1.));
#7282=DIRECTION('',(-0.707106781186548,-0.707106781186547,0.));
#7283=DIRECTION('',(0.,0.,-1.));
#7284=DIRECTION('',(0.,0.,-1.));
#7285=DIRECTION('',(0.,0.,-1.));
#7286=DIRECTION('',(-0.923879532511287,-0.38268343236509,0.));
#7287=DIRECTION('',(0.,0.,-1.));
#7288=DIRECTION('',(0.,0.,-1.));
#7289=DIRECTION('',(0.,0.,-1.));
#7290=DIRECTION('',(-0.923879532511287,-0.38268343236509,0.));
#7291=DIRECTION('',(0.,0.,-1.));
#7292=DIRECTION('',(-0.923879532511287,-0.38268343236509,0.));
#7293=DIRECTION('',(0.,0.,-1.));
#7294=DIRECTION('',(0.,0.,-1.));
#7295=DIRECTION('',(0.,0.,-1.));
#7296=DIRECTION('',(-0.98078528040323,-0.195090322016128,0.));
#7297=DIRECTION('',(0.,0.,-1.));
#7298=DIRECTION('',(0.,0.,-1.));
#7299=DIRECTION('',(0.,0.,-1.));
#7300=DIRECTION('',(-0.98078528040323,-0.195090322016128,0.));
#7301=DIRECTION('',(0.,0.,-1.));
#7302=DIRECTION('',(-0.98078528040323,-0.195090322016128,0.));
#7303=DIRECTION('',(0.,0.,-1.));
#7304=DIRECTION('',(-1.,0.,0.));
#7305=DIRECTION('',(0.,0.,1.));
#7306=DIRECTION('',(1.,0.,0.));
#7307=DIRECTION('',(0.,0.,1.));
#7308=DIRECTION('',(1.,0.,0.));
#7309=DIRECTION('',(-0.5,0.866025403784439,0.));
#7310=DIRECTION('',(0.5,0.866025403784438,0.));
#7311=DIRECTION('',(1.,-2.34736656052682E-16,0.));
#7312=DIRECTION('',(0.5,-0.866025403784439,0.));
#7313=DIRECTION('',(-0.5,-0.866025403784439,0.));
#7314=DIRECTION('',(-1.,0.,0.));
#7315=DIRECTION('',(0.,0.,1.));
#7316=DIRECTION('',(1.,0.,0.));
#7317=DIRECTION('',(0.,0.,-1.));
#7318=DIRECTION('',(-1.,0.,0.));
#7319=DIRECTION('',(0.,0.,-1.));
#7320=DIRECTION('',(1.,0.,0.));
#7321=DIRECTION('',(0.5,-0.866025403784439,0.));
#7322=DIRECTION('',(1.,0.,0.));
#7323=DIRECTION('',(0.5,0.866025403784439,0.));
#7324=DIRECTION('',(-0.5,0.866025403784439,0.));
#7325=DIRECTION('',(-1.,2.34736656052682E-16,0.));
#7326=DIRECTION('',(-0.5,-0.866025403784438,0.));
#7327=DIRECTION('',(0.866025403784439,0.5,0.));
#7328=DIRECTION('',(-0.5,0.866025403784439,0.));
#7329=DIRECTION('',(0.,0.,1.));
#7330=DIRECTION('',(0.,0.,1.));
#7331=DIRECTION('',(0.,1.,0.));
#7332=DIRECTION('',(0.,0.,1.));
#7333=DIRECTION('',(0.,0.,1.));
#7334=DIRECTION('',(-0.866025403784439,0.5,0.));
#7335=DIRECTION('',(-0.5,-0.866025403784439,0.));
#7336=DIRECTION('',(0.,0.,1.));
#7337=DIRECTION('',(-0.866025403784439,-0.5,0.));
#7338=DIRECTION('',(0.5,-0.866025403784439,0.));
#7339=DIRECTION('',(0.,0.,1.));
#7340=DIRECTION('',(-2.34736656052682E-16,-1.,0.));
#7341=DIRECTION('',(1.,-2.34736656052682E-16,0.));
#7342=DIRECTION('',(0.,0.,1.));
#7343=DIRECTION('',(0.866025403784438,-0.5,0.));
#7344=DIRECTION('',(0.5,0.866025403784438,0.));
#7345=DIRECTION('',(0.958256945103204,0.2859084244325,0.));
#7346=DIRECTION('',(-0.2859084244325,0.958256945103204,0.));
#7347=DIRECTION('',(0.,0.,1.));
#7348=DIRECTION('',(-0.2859084244325,0.958256945103204,0.));
#7349=DIRECTION('',(0.,0.,1.));
#7350=DIRECTION('',(0.,0.,1.));
#7351=DIRECTION('',(-0.952273983965828,-0.30524458957015,0.));
#7352=DIRECTION('',(0.,0.,1.));
#7353=DIRECTION('',(0.,0.,1.));
#7354=DIRECTION('',(1.,0.,0.));
#7355=DIRECTION('',(0.942330026202292,0.334685108299708,-2.32361668267917E-25));
#7356=DIRECTION('',(0.334685108299708,-0.942330026202292,2.71559299586597E-31));
#7357=DIRECTION('',(2.22955684783521E-25,6.65217287288855E-26,1.));
#7358=DIRECTION('',(0.334685108299708,-0.942330026202292,2.71559299586597E-31));
#7359=DIRECTION('',(0.2859084244325,-0.958256945103204,0.));
#7360=DIRECTION('',(0.958256945103204,0.2859084244325,0.));
#7361=DIRECTION('',(0.,0.,1.));
#7362=DIRECTION('',(0.958256945103204,0.2859084244325,0.));
#7363=DIRECTION('',(-0.646414860249621,-0.762986125986878,0.));
#7364=DIRECTION('',(0.762986125986877,-0.646414860249621,0.));
#7365=DIRECTION('',(0.,0.,1.));
#7366=DIRECTION('',(0.762986125986877,-0.646414860249621,0.));
#7367=DIRECTION('',(0.2859084244325,-0.958256945103204,0.));
#7368=DIRECTION('',(0.958256945103204,0.2859084244325,0.));
#7369=DIRECTION('',(0.,0.,1.));
#7370=DIRECTION('',(0.958256945103204,0.2859084244325,0.));
#7371=DIRECTION('',(0.958256945103204,0.2859084244325,0.));
#7372=DIRECTION('',(-0.2859084244325,0.958256945103204,0.));
#7373=DIRECTION('',(0.,0.,1.));
#7374=DIRECTION('',(-0.2859084244325,0.958256945103204,0.));
#7375=DIRECTION('',(-0.2859084244325,0.958256945103204,0.));
#7376=DIRECTION('',(-0.958256945103204,-0.2859084244325,0.));
#7377=DIRECTION('',(0.,0.,1.));
#7378=DIRECTION('',(-0.958256945103204,-0.2859084244325,0.));
#7379=DIRECTION('',(-0.958256945103204,-0.2859084244325,0.));
#7380=DIRECTION('',(0.2859084244325,-0.958256945103204,0.));
#7381=DIRECTION('',(0.,0.,1.));
#7382=DIRECTION('',(0.2859084244325,-0.958256945103204,0.));
#7383=DIRECTION('',(0.,0.,1.));
#7384=DIRECTION('',(0.946291421107075,0.323314933677913,0.));
#7385=DIRECTION('',(0.,0.,1.));
#7386=DIRECTION('',(0.,0.,1.));
#7387=DIRECTION('',(1.,0.,0.));
#7388=DIRECTION('',(-0.2859084244325,0.958256945103204,0.));
#7389=DIRECTION('',(-0.958256945103204,-0.2859084244325,0.));
#7390=DIRECTION('',(0.,0.,1.));
#7391=DIRECTION('',(-0.958256945103204,-0.2859084244325,0.));
#7392=DIRECTION('',(0.646943219752745,0.76253817636624,0.));
#7393=DIRECTION('',(-0.76253817636624,0.646943219752745,0.));
#7394=DIRECTION('',(0.,0.,1.));
#7395=DIRECTION('',(-0.76253817636624,0.646943219752745,0.));
#7396=DIRECTION('',(-0.2859084244325,0.958256945103204,0.));
#7397=DIRECTION('',(-0.958256945103204,-0.2859084244325,0.));
#7398=DIRECTION('',(0.,0.,1.));
#7399=DIRECTION('',(-0.958256945103204,-0.2859084244325,0.));
#7400=DIRECTION('',(-0.958256945103204,-0.2859084244325,0.));
#7401=DIRECTION('',(0.2859084244325,-0.958256945103204,0.));
#7402=DIRECTION('',(0.,0.,1.));
#7403=DIRECTION('',(0.2859084244325,-0.958256945103204,0.));
#7404=DIRECTION('',(0.2859084244325,-0.958256945103204,0.));
#7405=DIRECTION('',(0.958256945103204,0.2859084244325,0.));
#7406=DIRECTION('',(0.958256945103204,0.2859084244325,0.));
#7407=DIRECTION('',(0.,0.,1.));
#7408=DIRECTION('',(0.958256945103204,0.2859084244325,0.));
#7409=DIRECTION('',(0.991631489824404,-0.129100690891387,0.));
#7410=DIRECTION('',(0.129100690891387,0.991631489824404,0.));
#7411=DIRECTION('',(0.,0.,1.));
#7412=DIRECTION('',(0.129100690891387,0.991631489824404,0.));
#7413=DIRECTION('',(0.,0.,1.));
#7414=DIRECTION('',(0.601049994290021,-0.799211426572447,0.));
#7415=DIRECTION('',(0.799211426572447,0.601049994290021,0.));
#7416=DIRECTION('',(0.,0.,1.));
#7417=DIRECTION('',(0.799211426572447,0.601049994290021,0.));
#7418=DIRECTION('',(0.,0.,1.));
#7419=DIRECTION('',(0.,0.,1.));
#7420=DIRECTION('',(0.,0.,1.));
#7421=DIRECTION('',(0.,0.,1.));
#7422=DIRECTION('',(0.,0.,1.));
#7423=DIRECTION('',(-0.861608997512052,-0.507572591267769,0.));
#7424=DIRECTION('',(0.507572591267769,-0.861608997512051,0.));
#7425=DIRECTION('',(0.,0.,1.));
#7426=DIRECTION('',(0.507572591267769,-0.861608997512051,0.));
#7427=DIRECTION('',(0.,0.,1.));
#7428=DIRECTION('',(0.,0.,1.));
#7429=DIRECTION('',(0.044511597205393,-0.99900886768548,0.));
#7430=DIRECTION('',(0.,0.,1.));
#7431=DIRECTION('',(0.,0.,1.));
#7432=DIRECTION('',(1.,0.,0.));
#7433=DIRECTION('',(0.,0.,1.));
#7434=DIRECTION('',(0.,0.,1.));
#7435=DIRECTION('',(0.,0.,1.));
#7436=DIRECTION('',(-0.952166109356488,0.305580922495054,0.));
#7437=DIRECTION('',(0.,0.,1.));
#7438=DIRECTION('',(0.,0.,1.));
#7439=DIRECTION('',(1.,0.,0.));
#7440=DIRECTION('',(0.,0.,1.));
#7441=DIRECTION('',(-0.801316275453607,0.598240943678347,0.));
#7442=DIRECTION('',(0.,0.,1.));
#7443=DIRECTION('',(0.,0.,1.));
#7444=DIRECTION('',(1.,0.,0.));
#7445=DIRECTION('',(0.,0.,1.));
#7446=DIRECTION('',(-0.611870820421957,0.790957710068093,0.));
#7447=DIRECTION('',(-0.790957710068093,-0.611870820421957,0.));
#7448=DIRECTION('',(0.,0.,1.));
#7449=DIRECTION('',(-0.790957710068093,-0.611870820421957,0.));
#7450=DIRECTION('',(-0.991631489824404,0.129100690891387,0.));
#7451=DIRECTION('',(-0.129100690891387,-0.991631489824404,0.));
#7452=DIRECTION('',(0.,0.,1.));
#7453=DIRECTION('',(-0.129100690891387,-0.991631489824404,0.));
#7454=DIRECTION('',(-0.129100690891387,-0.991631489824404,0.));
#7455=DIRECTION('',(0.991631489824404,-0.129100690891387,0.));
#7456=DIRECTION('',(0.,0.,1.));
#7457=DIRECTION('',(0.991631489824404,-0.129100690891387,0.));
#7458=DIRECTION('',(0.991631489824404,-0.129100690891387,0.));
#7459=DIRECTION('',(0.129100690891387,0.991631489824404,0.));
#7460=DIRECTION('',(0.,0.,1.));
#7461=DIRECTION('',(0.129100690891387,0.991631489824404,0.));
#7462=DIRECTION('',(0.129100690891387,0.991631489824404,0.));
#7463=DIRECTION('',(-0.991631489824404,0.129100690891387,0.));
#7464=DIRECTION('',(-0.991631489824404,0.129100690891387,0.));
#7465=DIRECTION('',(0.,0.,1.));
#7466=DIRECTION('',(-0.991631489824404,0.129100690891387,0.));
#7467=DIRECTION('',(0.0986906010613649,-0.995118166481824,0.));
#7468=DIRECTION('',(0.995118166481823,0.0986906010613649,0.));
#7469=DIRECTION('',(0.,0.,1.));
#7470=DIRECTION('',(0.995118166481823,0.0986906010613649,0.));
#7471=DIRECTION('',(0.,0.,1.));
#7472=DIRECTION('',(0.995118166481824,0.0986906010613649,0.));
#7473=DIRECTION('',(-0.0986906010613649,0.995118166481823,0.));
#7474=DIRECTION('',(0.,0.,1.));
#7475=DIRECTION('',(-0.0986906010613649,0.995118166481823,0.));
#7476=DIRECTION('',(-0.0986906010613649,0.995118166481824,0.));
#7477=DIRECTION('',(-0.995118166481823,-0.0986906010613649,0.));
#7478=DIRECTION('',(0.,0.,1.));
#7479=DIRECTION('',(-0.995118166481823,-0.0986906010613649,0.));
#7480=DIRECTION('',(-0.995118166481824,-0.0986906010613649,0.));
#7481=DIRECTION('',(0.0986906010613649,-0.995118166481823,0.));
#7482=DIRECTION('',(0.0986906010613649,-0.995118166481823,0.));
#7483=DIRECTION('',(0.,0.,1.));
#7484=DIRECTION('',(0.995118166481823,0.0986906010613649,0.));
#7485=DIRECTION('',(0.,0.,1.));
#7486=DIRECTION('',(0.,0.,1.));
#7487=DIRECTION('',(0.,0.,1.));
#7488=DIRECTION('',(0.,0.,1.));
#7489=DIRECTION('',(-0.674313025644762,0.738445626600772,0.));
#7490=DIRECTION('',(0.,0.,1.));
#7491=DIRECTION('',(0.,0.,1.));
#7492=DIRECTION('',(1.,0.,0.));
#7493=DIRECTION('',(0.,0.,1.));
#7494=DIRECTION('',(0.,0.,1.));
#7495=DIRECTION('',(0.,0.,1.));
#7496=DIRECTION('',(0.,0.,1.));
#7497=DIRECTION('',(-0.996867618663606,0.0790882472934591,0.));
#7498=DIRECTION('',(-0.0790882472934591,-0.996867618663606,0.));
#7499=DIRECTION('',(0.,0.,1.));
#7500=DIRECTION('',(-0.0790882472934591,-0.996867618663606,0.));
#7501=DIRECTION('',(0.,0.,1.));
#7502=DIRECTION('',(0.,0.,1.));
#7503=DIRECTION('',(0.,0.,1.));
#7504=DIRECTION('',(0.,0.,1.));
#7505=DIRECTION('',(0.,0.,1.));
#7506=DIRECTION('',(0.,0.,1.));
#7507=DIRECTION('',(0.30064510626493,0.953736085129922,0.));
#7508=DIRECTION('',(0.,0.,1.));
#7509=DIRECTION('',(0.,0.,1.));
#7510=DIRECTION('',(1.,0.,0.));
#7511=DIRECTION('',(-0.858970069723172,0.51202579946695,0.));
#7512=DIRECTION('',(-0.51202579946695,-0.858970069723172,0.));
#7513=DIRECTION('',(-0.51202579946695,-0.858970069723172,0.));
#7514=DIRECTION('',(0.,0.,1.));
#7515=DIRECTION('',(0.996867618663606,-0.0790882472934591,0.));
#7516=DIRECTION('',(-0.948589772403387,0.316508204777839,0.));
#7517=DIRECTION('',(-0.316508204777839,-0.948589772403387,0.));
#7518=DIRECTION('',(0.,0.,1.));
#7519=DIRECTION('',(-0.316508204777839,-0.948589772403387,0.));
#7520=DIRECTION('',(0.,0.,1.));
#7521=DIRECTION('',(0.316508204777839,0.948589772403387,0.));
#7522=DIRECTION('',(-0.948589772403387,0.316508204777839,0.));
#7523=DIRECTION('',(0.,0.,1.));
#7524=DIRECTION('',(-0.948589772403387,0.316508204777839,0.));
#7525=DIRECTION('',(-0.948589772403387,0.316508204777839,0.));
#7526=DIRECTION('',(-0.316508204777839,-0.948589772403387,0.));
#7527=DIRECTION('',(0.,0.,1.));
#7528=DIRECTION('',(-0.316508204777839,-0.948589772403387,0.));
#7529=DIRECTION('',(-0.316508204777839,-0.948589772403387,0.));
#7530=DIRECTION('',(0.948589772403387,-0.316508204777839,0.));
#7531=DIRECTION('',(0.,0.,1.));
#7532=DIRECTION('',(0.948589772403387,-0.316508204777839,0.));
#7533=DIRECTION('',(-0.948589772403387,0.316508204777839,0.));
#7534=DIRECTION('',(-0.316508204777839,-0.948589772403387,0.));
#7535=DIRECTION('',(0.,0.,1.));
#7536=DIRECTION('',(-0.316508204777839,-0.948589772403387,0.));
#7537=DIRECTION('',(0.316508204777839,0.948589772403387,0.));
#7538=DIRECTION('',(-0.948589772403387,0.316508204777839,0.));
#7539=DIRECTION('',(0.,0.,1.));
#7540=DIRECTION('',(-0.948589772403387,0.316508204777839,0.));
#7541=DIRECTION('',(-0.948589772403387,0.316508204777839,0.));
#7542=DIRECTION('',(-0.316508204777839,-0.948589772403387,0.));
#7543=DIRECTION('',(0.,0.,1.));
#7544=DIRECTION('',(-0.316508204777839,-0.948589772403387,0.));
#7545=DIRECTION('',(-0.316508204777839,-0.948589772403387,0.));
#7546=DIRECTION('',(0.948589772403387,-0.316508204777839,0.));
#7547=DIRECTION('',(0.,0.,1.));
#7548=DIRECTION('',(0.948589772403387,-0.316508204777839,0.));
#7549=DIRECTION('',(0.948589772403387,-0.316508204777839,0.));
#7550=DIRECTION('',(0.316508204777839,0.948589772403387,0.));
#7551=DIRECTION('',(0.,0.,1.));
#7552=DIRECTION('',(0.316508204777839,0.948589772403387,0.));
#7553=DIRECTION('',(0.316508204777839,0.948589772403387,0.));
#7554=DIRECTION('',(-0.948589772403387,0.316508204777839,0.));
#7555=DIRECTION('',(0.,0.,1.));
#7556=DIRECTION('',(-0.948589772403387,0.316508204777839,0.));
#7557=DIRECTION('',(-0.948589772403387,0.316508204777839,0.));
#7558=DIRECTION('',(-0.316508204777839,-0.948589772403387,0.));
#7559=DIRECTION('',(0.,0.,1.));
#7560=DIRECTION('',(-0.316508204777839,-0.948589772403387,0.));
#7561=DIRECTION('',(-0.316508204777839,-0.948589772403387,0.));
#7562=DIRECTION('',(0.948589772403387,-0.316508204777839,0.));
#7563=DIRECTION('',(0.948589772403387,-0.316508204777839,0.));
#7564=DIRECTION('',(0.,0.,1.));
#7565=DIRECTION('',(0.948589772403387,-0.316508204777839,0.));
#7566=DIRECTION('',(0.,0.,1.));
#7567=DIRECTION('',(0.289713905995898,-0.957113291451226,0.));
#7568=DIRECTION('',(0.,0.,1.));
#7569=DIRECTION('',(0.,0.,1.));
#7570=DIRECTION('',(1.,0.,0.));
#7571=DIRECTION('',(0.,0.,1.));
#7572=DIRECTION('',(0.,0.,1.));
#7573=DIRECTION('',(0.586175811385105,-0.810183879219411,0.));
#7574=DIRECTION('',(0.,0.,1.));
#7575=DIRECTION('',(0.,0.,1.));
#7576=DIRECTION('',(1.,0.,0.));
#7577=DIRECTION('',(-0.715697983565591,-0.698409905657235,0.));
#7578=DIRECTION('',(0.698409905657235,-0.71569798356559,0.));
#7579=DIRECTION('',(0.,0.,1.));
#7580=DIRECTION('',(0.698409905657235,-0.71569798356559,0.));
#7581=DIRECTION('',(0.,0.,1.));
#7582=DIRECTION('',(0.,0.,1.));
#7583=DIRECTION('',(0.272184259528172,-0.962245150086557,0.));
#7584=DIRECTION('',(0.,0.,1.));
#7585=DIRECTION('',(0.,0.,1.));
#7586=DIRECTION('',(1.,0.,0.));
#7587=DIRECTION('',(0.,0.,1.));
#7588=DIRECTION('',(0.,0.,1.));
#7589=DIRECTION('',(0.,0.,1.));
#7590=DIRECTION('',(0.,0.,1.));
#7591=DIRECTION('',(-0.130216311661782,0.991485608658644,0.));
#7592=DIRECTION('',(-0.991485608658644,-0.130216311661782,0.));
#7593=DIRECTION('',(0.,0.,1.));
#7594=DIRECTION('',(-0.991485608658644,-0.130216311661782,0.));
#7595=DIRECTION('',(-0.991485608658644,-0.130216311661782,0.));
#7596=DIRECTION('',(0.130216311661782,-0.991485608658644,0.));
#7597=DIRECTION('',(0.,0.,1.));
#7598=DIRECTION('',(0.130216311661782,-0.991485608658644,0.));
#7599=DIRECTION('',(0.130216311661782,-0.991485608658644,0.));
#7600=DIRECTION('',(0.991485608658644,0.130216311661782,0.));
#7601=DIRECTION('',(0.,0.,1.));
#7602=DIRECTION('',(0.991485608658644,0.130216311661782,0.));
#7603=DIRECTION('',(0.,0.,1.));
#7604=DIRECTION('',(0.,0.,1.));
#7605=DIRECTION('',(0.,0.,1.));
#7606=DIRECTION('',(-0.0134578778610638,0.99990943866106,0.));
#7607=DIRECTION('',(0.,0.,1.));
#7608=DIRECTION('',(0.,0.,1.));
#7609=DIRECTION('',(1.,0.,0.));
#7610=DIRECTION('',(0.,0.,1.));
#7611=DIRECTION('',(0.208070621151844,0.978113805553058,0.));
#7612=DIRECTION('',(0.,0.,1.));
#7613=DIRECTION('',(0.,0.,1.));
#7614=DIRECTION('',(1.,0.,0.));
#7615=DIRECTION('',(-0.991485608658644,-0.130216311661782,0.));
#7616=DIRECTION('',(0.130216311661782,-0.991485608658644,0.));
#7617=DIRECTION('',(0.,0.,1.));
#7618=DIRECTION('',(0.130216311661782,-0.991485608658644,0.));
#7619=DIRECTION('',(0.,0.,1.));
#7620=DIRECTION('',(0.184578767971749,0.982817723901045,0.));
#7621=DIRECTION('',(0.,0.,1.));
#7622=DIRECTION('',(0.,0.,1.));
#7623=DIRECTION('',(1.,0.,0.));
#7624=DIRECTION('',(0.,0.,1.));
#7625=DIRECTION('',(-0.0454735613247592,0.998965542559123,0.));
#7626=DIRECTION('',(0.,0.,1.));
#7627=DIRECTION('',(0.,0.,1.));
#7628=DIRECTION('',(1.,0.,0.));
#7629=DIRECTION('',(0.,0.,1.));
#7630=DIRECTION('',(0.,0.,1.));
#7631=DIRECTION('',(0.,0.,1.));
#7632=DIRECTION('',(0.,0.,1.));
#7633=DIRECTION('',(0.991485608658644,0.130216311661782,0.));
#7634=DIRECTION('',(-0.130216311661782,0.991485608658644,0.));
#7635=DIRECTION('',(0.,0.,1.));
#7636=DIRECTION('',(-0.130216311661782,0.991485608658644,0.));
#7637=DIRECTION('',(0.,0.,1.));
#7638=DIRECTION('',(0.,0.,1.));
#7639=DIRECTION('',(0.,0.,1.));
#7640=DIRECTION('',(0.,0.,1.));
#7641=DIRECTION('',(-0.991485608658644,-0.130216311661782,0.));
#7642=CARTESIAN_POINT('',(0.,0.,0.));
#7643=CARTESIAN_POINT('',(-1.32200621967957E-16,8.09495342691738E-33,0.475));
#7644=CARTESIAN_POINT('',(2.14233512757582,0.267733451691597,0.475));
#7645=CARTESIAN_POINT('',(2.14233512757582,0.267733451691597,0.475));
#7646=CARTESIAN_POINT('',(2.14233512757582,0.267733451691597,-0.475));
#7647=CARTESIAN_POINT('',(-1.32200621967957E-16,8.09495342691738E-33,0.475));
#7648=CARTESIAN_POINT('',(2.15340296412215,0.155359821414562,0.475));
#7649=CARTESIAN_POINT('',(2.15340296412215,0.155359821414562,0.475));
#7650=CARTESIAN_POINT('',(2.15340296412215,0.155359821414562,-0.475));
#7651=CARTESIAN_POINT('',(-1.32200621967957E-16,8.09495342691738E-33,-0.475));
#7652=CARTESIAN_POINT('',(-1.32200621967957E-16,8.09495342691738E-33,0.475));
#7653=CARTESIAN_POINT('',(-1.32200621967957E-16,8.09495342691738E-33,0.475));
#7654=CARTESIAN_POINT('',(2.08171673239955,0.572482703710552,0.475));
#7655=CARTESIAN_POINT('',(2.04893855351214,0.680537878395898,0.475));
#7656=CARTESIAN_POINT('',(2.08171673239955,0.572482703710552,0.475));
#7657=CARTESIAN_POINT('',(2.08171673239955,0.572482703710552,-0.475));
#7658=CARTESIAN_POINT('',(-1.32200621967957E-16,8.09495342691738E-33,-0.475));
#7659=CARTESIAN_POINT('',(2.04893855351214,0.680537878395898,-0.475));
#7660=CARTESIAN_POINT('',(2.04893855351214,0.680537878395898,0.475));
#7661=CARTESIAN_POINT('',(-1.32200621967957E-16,8.09495342691738E-33,0.475));
#7662=CARTESIAN_POINT('',(1.63254182180415,1.41282985531181,0.475));
#7663=CARTESIAN_POINT('',(1.63254182180415,1.41282985531181,0.475));
#7664=CARTESIAN_POINT('',(1.63254182180415,1.41282985531181,-0.475));
#7665=CARTESIAN_POINT('',(-1.32200621967957E-16,8.09495342691738E-33,0.475));
#7666=CARTESIAN_POINT('',(1.70417583552462,1.3255435570414,0.475));
#7667=CARTESIAN_POINT('',(1.70417583552462,1.3255435570414,0.475));
#7668=CARTESIAN_POINT('',(1.70417583552462,1.3255435570414,-0.475));
#7669=CARTESIAN_POINT('',(-1.32200621967957E-16,8.09495342691738E-33,-0.475));
#7670=CARTESIAN_POINT('',(-1.32200621967957E-16,8.09495342691738E-33,0.475));
#7671=CARTESIAN_POINT('',(-1.32200621967957E-16,8.09495342691738E-33,0.475));
#7672=CARTESIAN_POINT('',(1.93003129409104,0.967605396754944,0.475));
#7673=CARTESIAN_POINT('',(1.87680241989496,1.06718961608348,0.475));
#7674=CARTESIAN_POINT('',(1.93003129409104,0.967605396754944,0.475));
#7675=CARTESIAN_POINT('',(1.93003129409104,0.967605396754944,-0.475));
#7676=CARTESIAN_POINT('',(-1.32200621967957E-16,8.09495342691738E-33,-0.475));
#7677=CARTESIAN_POINT('',(1.87680241989496,1.06718961608348,-0.475));
#7678=CARTESIAN_POINT('',(1.87680241989496,1.06718961608348,0.475));
#7679=CARTESIAN_POINT('',(-1.32200621967957E-16,8.09495342691738E-33,0.475));
#7680=CARTESIAN_POINT('',(-1.32200621967957E-16,8.09495342691738E-33,0.475));
#7681=CARTESIAN_POINT('',(1.41282985531181,1.63254182180415,0.475));
#7682=CARTESIAN_POINT('',(1.3255435570414,1.70417583552462,0.475));
#7683=CARTESIAN_POINT('',(1.41282985531181,1.63254182180415,0.475));
#7684=CARTESIAN_POINT('',(1.41282985531181,1.63254182180415,-0.475));
#7685=CARTESIAN_POINT('',(-1.32200621967957E-16,8.09495342691738E-33,-0.475));
#7686=CARTESIAN_POINT('',(1.3255435570414,1.70417583552462,-0.475));
#7687=CARTESIAN_POINT('',(1.3255435570414,1.70417583552462,0.475));
#7688=CARTESIAN_POINT('',(-1.32200621967957E-16,8.09495342691738E-33,0.475));
#7689=CARTESIAN_POINT('',(-1.32200621967957E-16,8.09495342691738E-33,0.475));
#7690=CARTESIAN_POINT('',(1.06718961608348,1.87680241989496,0.475));
#7691=CARTESIAN_POINT('',(0.967605396754943,1.93003129409104,0.475));
#7692=CARTESIAN_POINT('',(1.06718961608348,1.87680241989496,0.475));
#7693=CARTESIAN_POINT('',(1.06718961608348,1.87680241989496,-0.475));
#7694=CARTESIAN_POINT('',(-1.32200621967957E-16,8.09495342691738E-33,-0.475));
#7695=CARTESIAN_POINT('',(0.967605396754943,1.93003129409104,-0.475));
#7696=CARTESIAN_POINT('',(0.967605396754943,1.93003129409104,0.475));
#7697=CARTESIAN_POINT('',(-1.32200621967957E-16,8.09495342691738E-33,0.475));
#7698=CARTESIAN_POINT('',(-1.32200621967957E-16,8.09495342691738E-33,0.475));
#7699=CARTESIAN_POINT('',(0.680537878395898,2.04893855351214,0.475));
#7700=CARTESIAN_POINT('',(0.572482703710553,2.08171673239955,0.475));
#7701=CARTESIAN_POINT('',(0.680537878395898,2.04893855351214,0.475));
#7702=CARTESIAN_POINT('',(0.680537878395898,2.04893855351214,-0.475));
#7703=CARTESIAN_POINT('',(-1.32200621967957E-16,8.09495342691738E-33,-0.475));
#7704=CARTESIAN_POINT('',(0.572482703710553,2.08171673239955,-0.475));
#7705=CARTESIAN_POINT('',(0.572482703710553,2.08171673239955,0.475));
#7706=CARTESIAN_POINT('',(-1.32200621967957E-16,8.09495342691738E-33,0.475));
#7707=CARTESIAN_POINT('',(0.267733451691597,-2.14233512757582,0.475));
#7708=CARTESIAN_POINT('',(0.267733451691597,-2.14233512757582,0.475));
#7709=CARTESIAN_POINT('',(0.267733451691597,-2.14233512757582,-0.475));
#7710=CARTESIAN_POINT('',(-1.32200621967957E-16,8.09495342691738E-33,0.475));
#7711=CARTESIAN_POINT('',(0.155359821414562,-2.15340296412215,0.475));
#7712=CARTESIAN_POINT('',(0.155359821414562,-2.15340296412215,0.475));
#7713=CARTESIAN_POINT('',(0.155359821414562,-2.15340296412215,-0.475));
#7714=CARTESIAN_POINT('',(-1.32200621967957E-16,8.09495342691738E-33,-0.475));
#7715=CARTESIAN_POINT('',(-1.32200621967957E-16,8.09495342691738E-33,0.475));
#7716=CARTESIAN_POINT('',(-1.32200621967957E-16,8.09495342691738E-33,0.475));
#7717=CARTESIAN_POINT('',(0.572482703710552,-2.08171673239955,0.475));
#7718=CARTESIAN_POINT('',(0.680537878395898,-2.04893855351214,0.475));
#7719=CARTESIAN_POINT('',(0.572482703710552,-2.08171673239955,0.475));
#7720=CARTESIAN_POINT('',(0.572482703710552,-2.08171673239955,-0.475));
#7721=CARTESIAN_POINT('',(-1.32200621967957E-16,8.09495342691738E-33,-0.475));
#7722=CARTESIAN_POINT('',(0.680537878395898,-2.04893855351214,-0.475));
#7723=CARTESIAN_POINT('',(0.680537878395898,-2.04893855351214,0.475));
#7724=CARTESIAN_POINT('',(-1.32200621967957E-16,8.09495342691738E-33,0.475));
#7725=CARTESIAN_POINT('',(1.41282985531181,-1.63254182180415,0.475));
#7726=CARTESIAN_POINT('',(1.41282985531181,-1.63254182180415,0.475));
#7727=CARTESIAN_POINT('',(1.41282985531181,-1.63254182180415,-0.475));
#7728=CARTESIAN_POINT('',(-1.32200621967957E-16,8.09495342691738E-33,0.475));
#7729=CARTESIAN_POINT('',(1.3255435570414,-1.70417583552462,0.475));
#7730=CARTESIAN_POINT('',(1.3255435570414,-1.70417583552462,0.475));
#7731=CARTESIAN_POINT('',(1.3255435570414,-1.70417583552462,-0.475));
#7732=CARTESIAN_POINT('',(-1.32200621967957E-16,8.09495342691738E-33,-0.475));
#7733=CARTESIAN_POINT('',(-1.32200621967957E-16,8.09495342691738E-33,0.475));
#7734=CARTESIAN_POINT('',(-1.32200621967957E-16,8.09495342691738E-33,0.475));
#7735=CARTESIAN_POINT('',(0.967605396754943,-1.93003129409104,0.475));
#7736=CARTESIAN_POINT('',(1.06718961608348,-1.87680241989496,0.475));
#7737=CARTESIAN_POINT('',(0.967605396754943,-1.93003129409104,0.475));
#7738=CARTESIAN_POINT('',(0.967605396754943,-1.93003129409104,-0.475));
#7739=CARTESIAN_POINT('',(-1.32200621967957E-16,8.09495342691738E-33,-0.475));
#7740=CARTESIAN_POINT('',(1.06718961608348,-1.87680241989496,-0.475));
#7741=CARTESIAN_POINT('',(1.06718961608348,-1.87680241989496,0.475));
#7742=CARTESIAN_POINT('',(-1.32200621967957E-16,8.09495342691738E-33,0.475));
#7743=CARTESIAN_POINT('',(-1.32200621967957E-16,8.09495342691738E-33,0.475));
#7744=CARTESIAN_POINT('',(1.63254182180415,-1.41282985531181,0.475));
#7745=CARTESIAN_POINT('',(1.70417583552462,-1.3255435570414,0.475));
#7746=CARTESIAN_POINT('',(1.63254182180415,-1.41282985531181,0.475));
#7747=CARTESIAN_POINT('',(1.63254182180415,-1.41282985531181,-0.475));
#7748=CARTESIAN_POINT('',(-1.32200621967957E-16,8.09495342691738E-33,-0.475));
#7749=CARTESIAN_POINT('',(1.70417583552462,-1.3255435570414,-0.475));
#7750=CARTESIAN_POINT('',(1.70417583552462,-1.3255435570414,0.475));
#7751=CARTESIAN_POINT('',(-1.32200621967957E-16,8.09495342691738E-33,0.475));
#7752=CARTESIAN_POINT('',(-1.32200621967957E-16,8.09495342691738E-33,0.475));
#7753=CARTESIAN_POINT('',(1.87680241989496,-1.06718961608348,0.475));
#7754=CARTESIAN_POINT('',(1.93003129409104,-0.967605396754943,0.475));
#7755=CARTESIAN_POINT('',(1.87680241989496,-1.06718961608348,0.475));
#7756=CARTESIAN_POINT('',(1.87680241989496,-1.06718961608348,-0.475));
#7757=CARTESIAN_POINT('',(-1.32200621967957E-16,8.09495342691738E-33,-0.475));
#7758=CARTESIAN_POINT('',(1.93003129409104,-0.967605396754943,-0.475));
#7759=CARTESIAN_POINT('',(1.93003129409104,-0.967605396754943,0.475));
#7760=CARTESIAN_POINT('',(-1.32200621967957E-16,8.09495342691738E-33,0.475));
#7761=CARTESIAN_POINT('',(-1.32200621967957E-16,8.09495342691738E-33,0.475));
#7762=CARTESIAN_POINT('',(2.04893855351214,-0.680537878395898,0.475));
#7763=CARTESIAN_POINT('',(2.08171673239955,-0.572482703710553,0.475));
#7764=CARTESIAN_POINT('',(2.04893855351214,-0.680537878395898,0.475));
#7765=CARTESIAN_POINT('',(2.04893855351214,-0.680537878395898,-0.475));
#7766=CARTESIAN_POINT('',(-1.32200621967957E-16,8.09495342691738E-33,-0.475));
#7767=CARTESIAN_POINT('',(2.08171673239955,-0.572482703710553,-0.475));
#7768=CARTESIAN_POINT('',(2.08171673239955,-0.572482703710553,0.475));
#7769=CARTESIAN_POINT('',(-1.32200621967957E-16,8.09495342691738E-33,0.475));
#7770=CARTESIAN_POINT('',(-1.32200621967957E-16,8.09495342691738E-33,0.475));
#7771=CARTESIAN_POINT('',(2.14233512757582,-0.267733451691598,0.475));
#7772=CARTESIAN_POINT('',(2.15340296412215,-0.155359821414563,0.475));
#7773=CARTESIAN_POINT('',(2.14233512757582,-0.267733451691598,0.475));
#7774=CARTESIAN_POINT('',(2.14233512757582,-0.267733451691598,-0.475));
#7775=CARTESIAN_POINT('',(-1.32200621967957E-16,8.09495342691738E-33,-0.475));
#7776=CARTESIAN_POINT('',(2.15340296412215,-0.155359821414563,-0.475));
#7777=CARTESIAN_POINT('',(2.15340296412215,-0.155359821414563,0.475));
#7778=CARTESIAN_POINT('',(-1.32200621967957E-16,8.09495342691738E-33,0.475));
#7779=CARTESIAN_POINT('',(-2.14233512757582,-0.267733451691597,0.475));
#7780=CARTESIAN_POINT('',(-2.14233512757582,-0.267733451691597,0.475));
#7781=CARTESIAN_POINT('',(-2.14233512757582,-0.267733451691597,-0.475));
#7782=CARTESIAN_POINT('',(-1.32200621967957E-16,8.09495342691738E-33,0.475));
#7783=CARTESIAN_POINT('',(-2.15340296412215,-0.155359821414562,0.475));
#7784=CARTESIAN_POINT('',(-2.15340296412215,-0.155359821414562,0.475));
#7785=CARTESIAN_POINT('',(-2.15340296412215,-0.155359821414562,-0.475));
#7786=CARTESIAN_POINT('',(-1.32200621967957E-16,8.09495342691738E-33,-0.475));
#7787=CARTESIAN_POINT('',(-1.32200621967957E-16,8.09495342691738E-33,0.475));
#7788=CARTESIAN_POINT('',(-1.32200621967957E-16,8.09495342691738E-33,0.475));
#7789=CARTESIAN_POINT('',(-2.08171673239955,-0.572482703710551,0.475));
#7790=CARTESIAN_POINT('',(-2.04893855351214,-0.680537878395898,0.475));
#7791=CARTESIAN_POINT('',(-2.08171673239955,-0.572482703710551,0.475));
#7792=CARTESIAN_POINT('',(-2.08171673239955,-0.572482703710551,-0.475));
#7793=CARTESIAN_POINT('',(-1.32200621967957E-16,8.09495342691738E-33,-0.475));
#7794=CARTESIAN_POINT('',(-2.04893855351214,-0.680537878395898,-0.475));
#7795=CARTESIAN_POINT('',(-2.04893855351214,-0.680537878395898,0.475));
#7796=CARTESIAN_POINT('',(-1.32200621967957E-16,8.09495342691738E-33,0.475));
#7797=CARTESIAN_POINT('',(-1.63254182180415,-1.41282985531181,0.475));
#7798=CARTESIAN_POINT('',(-1.63254182180415,-1.41282985531181,0.475));
#7799=CARTESIAN_POINT('',(-1.63254182180415,-1.41282985531181,-0.475));
#7800=CARTESIAN_POINT('',(-1.32200621967957E-16,8.09495342691738E-33,0.475));
#7801=CARTESIAN_POINT('',(-1.70417583552462,-1.3255435570414,0.475));
#7802=CARTESIAN_POINT('',(-1.70417583552462,-1.3255435570414,0.475));
#7803=CARTESIAN_POINT('',(-1.70417583552462,-1.3255435570414,-0.475));
#7804=CARTESIAN_POINT('',(-1.32200621967957E-16,8.09495342691738E-33,-0.475));
#7805=CARTESIAN_POINT('',(-1.32200621967957E-16,8.09495342691738E-33,0.475));
#7806=CARTESIAN_POINT('',(-1.32200621967957E-16,8.09495342691738E-33,0.475));
#7807=CARTESIAN_POINT('',(-1.93003129409104,-0.967605396754943,0.475));
#7808=CARTESIAN_POINT('',(-1.87680241989496,-1.06718961608348,0.475));
#7809=CARTESIAN_POINT('',(-1.93003129409104,-0.967605396754943,0.475));
#7810=CARTESIAN_POINT('',(-1.93003129409104,-0.967605396754943,-0.475));
#7811=CARTESIAN_POINT('',(-1.32200621967957E-16,8.09495342691738E-33,-0.475));
#7812=CARTESIAN_POINT('',(-1.87680241989496,-1.06718961608348,-0.475));
#7813=CARTESIAN_POINT('',(-1.87680241989496,-1.06718961608348,0.475));
#7814=CARTESIAN_POINT('',(-1.32200621967957E-16,8.09495342691738E-33,0.475));
#7815=CARTESIAN_POINT('',(-1.32200621967957E-16,8.09495342691738E-33,0.475));
#7816=CARTESIAN_POINT('',(-1.41282985531181,-1.63254182180415,0.475));
#7817=CARTESIAN_POINT('',(-1.3255435570414,-1.70417583552462,0.475));
#7818=CARTESIAN_POINT('',(-1.41282985531181,-1.63254182180415,0.475));
#7819=CARTESIAN_POINT('',(-1.41282985531181,-1.63254182180415,-0.475));
#7820=CARTESIAN_POINT('',(-1.32200621967957E-16,8.09495342691738E-33,-0.475));
#7821=CARTESIAN_POINT('',(-1.3255435570414,-1.70417583552462,-0.475));
#7822=CARTESIAN_POINT('',(-1.3255435570414,-1.70417583552462,0.475));
#7823=CARTESIAN_POINT('',(-1.32200621967957E-16,8.09495342691738E-33,0.475));
#7824=CARTESIAN_POINT('',(-1.32200621967957E-16,8.09495342691738E-33,0.475));
#7825=CARTESIAN_POINT('',(-1.06718961608348,-1.87680241989496,0.475));
#7826=CARTESIAN_POINT('',(-0.967605396754944,-1.93003129409104,0.475));
#7827=CARTESIAN_POINT('',(-1.06718961608348,-1.87680241989496,0.475));
#7828=CARTESIAN_POINT('',(-1.06718961608348,-1.87680241989496,-0.475));
#7829=CARTESIAN_POINT('',(-1.32200621967957E-16,8.09495342691738E-33,-0.475));
#7830=CARTESIAN_POINT('',(-0.967605396754944,-1.93003129409104,-0.475));
#7831=CARTESIAN_POINT('',(-0.967605396754944,-1.93003129409104,0.475));
#7832=CARTESIAN_POINT('',(-1.32200621967957E-16,8.09495342691738E-33,0.475));
#7833=CARTESIAN_POINT('',(-1.32200621967957E-16,8.09495342691738E-33,0.475));
#7834=CARTESIAN_POINT('',(-0.680537878395898,-2.04893855351214,0.475));
#7835=CARTESIAN_POINT('',(-0.572482703710552,-2.08171673239955,0.475));
#7836=CARTESIAN_POINT('',(-0.680537878395898,-2.04893855351214,0.475));
#7837=CARTESIAN_POINT('',(-0.680537878395898,-2.04893855351214,-0.475));
#7838=CARTESIAN_POINT('',(-1.32200621967957E-16,8.09495342691738E-33,-0.475));
#7839=CARTESIAN_POINT('',(-0.572482703710552,-2.08171673239955,-0.475));
#7840=CARTESIAN_POINT('',(-0.572482703710552,-2.08171673239955,0.475));
#7841=CARTESIAN_POINT('',(-1.32200621967957E-16,8.09495342691738E-33,0.475));
#7842=CARTESIAN_POINT('',(-1.32200621967957E-16,8.09495342691738E-33,0.475));
#7843=CARTESIAN_POINT('',(-0.267733451691597,-2.14233512757582,0.475));
#7844=CARTESIAN_POINT('',(-0.155359821414563,-2.15340296412215,0.475));
#7845=CARTESIAN_POINT('',(-0.267733451691597,-2.14233512757582,0.475));
#7846=CARTESIAN_POINT('',(-0.267733451691597,-2.14233512757582,-0.475));
#7847=CARTESIAN_POINT('',(-1.32200621967957E-16,8.09495342691738E-33,-0.475));
#7848=CARTESIAN_POINT('',(-0.155359821414563,-2.15340296412215,-0.475));
#7849=CARTESIAN_POINT('',(-0.155359821414563,-2.15340296412215,0.475));
#7850=CARTESIAN_POINT('',(-1.32200621967957E-16,8.09495342691738E-33,0.475));
#7851=CARTESIAN_POINT('',(-0.267733451691597,2.14233512757582,0.475));
#7852=CARTESIAN_POINT('',(-0.267733451691597,2.14233512757582,0.475));
#7853=CARTESIAN_POINT('',(-0.267733451691597,2.14233512757582,-0.475));
#7854=CARTESIAN_POINT('',(-1.32200621967957E-16,8.09495342691738E-33,0.475));
#7855=CARTESIAN_POINT('',(-0.155359821414562,2.15340296412215,0.475));
#7856=CARTESIAN_POINT('',(-0.155359821414562,2.15340296412215,0.475));
#7857=CARTESIAN_POINT('',(-0.155359821414562,2.15340296412215,-0.475));
#7858=CARTESIAN_POINT('',(-1.32200621967957E-16,8.09495342691738E-33,-0.475));
#7859=CARTESIAN_POINT('',(-1.32200621967957E-16,8.09495342691738E-33,0.475));
#7860=CARTESIAN_POINT('',(-1.32200621967957E-16,8.09495342691738E-33,0.475));
#7861=CARTESIAN_POINT('',(-0.572482703710552,2.08171673239955,0.475));
#7862=CARTESIAN_POINT('',(-0.680537878395898,2.04893855351214,0.475));
#7863=CARTESIAN_POINT('',(-0.572482703710552,2.08171673239955,0.475));
#7864=CARTESIAN_POINT('',(-0.572482703710552,2.08171673239955,-0.475));
#7865=CARTESIAN_POINT('',(-1.32200621967957E-16,8.09495342691738E-33,-0.475));
#7866=CARTESIAN_POINT('',(-0.680537878395898,2.04893855351214,-0.475));
#7867=CARTESIAN_POINT('',(-0.680537878395898,2.04893855351214,0.475));
#7868=CARTESIAN_POINT('',(-1.32200621967957E-16,8.09495342691738E-33,0.475));
#7869=CARTESIAN_POINT('',(-1.41282985531181,1.63254182180415,0.475));
#7870=CARTESIAN_POINT('',(-1.41282985531181,1.63254182180415,0.475));
#7871=CARTESIAN_POINT('',(-1.41282985531181,1.63254182180415,-0.475));
#7872=CARTESIAN_POINT('',(-1.32200621967957E-16,8.09495342691738E-33,0.475));
#7873=CARTESIAN_POINT('',(-1.3255435570414,1.70417583552462,0.475));
#7874=CARTESIAN_POINT('',(-1.3255435570414,1.70417583552462,0.475));
#7875=CARTESIAN_POINT('',(-1.3255435570414,1.70417583552462,-0.475));
#7876=CARTESIAN_POINT('',(-1.32200621967957E-16,8.09495342691738E-33,-0.475));
#7877=CARTESIAN_POINT('',(-1.32200621967957E-16,8.09495342691738E-33,0.475));
#7878=CARTESIAN_POINT('',(-1.32200621967957E-16,8.09495342691738E-33,0.475));
#7879=CARTESIAN_POINT('',(-0.967605396754943,1.93003129409104,0.475));
#7880=CARTESIAN_POINT('',(-1.06718961608348,1.87680241989496,0.475));
#7881=CARTESIAN_POINT('',(-0.967605396754943,1.93003129409104,0.475));
#7882=CARTESIAN_POINT('',(-0.967605396754943,1.93003129409104,-0.475));
#7883=CARTESIAN_POINT('',(-1.32200621967957E-16,8.09495342691738E-33,-0.475));
#7884=CARTESIAN_POINT('',(-1.06718961608348,1.87680241989496,-0.475));
#7885=CARTESIAN_POINT('',(-1.06718961608348,1.87680241989496,0.475));
#7886=CARTESIAN_POINT('',(-1.32200621967957E-16,8.09495342691738E-33,0.475));
#7887=CARTESIAN_POINT('',(-1.32200621967957E-16,8.09495342691738E-33,0.475));
#7888=CARTESIAN_POINT('',(-1.63254182180415,1.41282985531181,0.475));
#7889=CARTESIAN_POINT('',(-1.70417583552462,1.3255435570414,0.475));
#7890=CARTESIAN_POINT('',(-1.63254182180415,1.41282985531181,0.475));
#7891=CARTESIAN_POINT('',(-1.63254182180415,1.41282985531181,-0.475));
#7892=CARTESIAN_POINT('',(-1.32200621967957E-16,8.09495342691738E-33,-0.475));
#7893=CARTESIAN_POINT('',(-1.70417583552462,1.3255435570414,-0.475));
#7894=CARTESIAN_POINT('',(-1.70417583552462,1.3255435570414,0.475));
#7895=CARTESIAN_POINT('',(-1.32200621967957E-16,8.09495342691738E-33,0.475));
#7896=CARTESIAN_POINT('',(-1.32200621967957E-16,8.09495342691738E-33,0.475));
#7897=CARTESIAN_POINT('',(-1.87680241989496,1.06718961608348,0.475));
#7898=CARTESIAN_POINT('',(-1.93003129409104,0.967605396754944,0.475));
#7899=CARTESIAN_POINT('',(-1.87680241989496,1.06718961608348,0.475));
#7900=CARTESIAN_POINT('',(-1.87680241989496,1.06718961608348,-0.475));
#7901=CARTESIAN_POINT('',(-1.32200621967957E-16,8.09495342691738E-33,-0.475));
#7902=CARTESIAN_POINT('',(-1.93003129409104,0.967605396754944,-0.475));
#7903=CARTESIAN_POINT('',(-1.93003129409104,0.967605396754944,0.475));
#7904=CARTESIAN_POINT('',(-1.32200621967957E-16,8.09495342691738E-33,0.475));
#7905=CARTESIAN_POINT('',(-1.32200621967957E-16,8.09495342691738E-33,0.475));
#7906=CARTESIAN_POINT('',(-2.04893855351214,0.680537878395898,0.475));
#7907=CARTESIAN_POINT('',(-2.08171673239955,0.572482703710552,0.475));
#7908=CARTESIAN_POINT('',(-2.04893855351214,0.680537878395898,0.475));
#7909=CARTESIAN_POINT('',(-2.04893855351214,0.680537878395898,-0.475));
#7910=CARTESIAN_POINT('',(-1.32200621967957E-16,8.09495342691738E-33,-0.475));
#7911=CARTESIAN_POINT('',(-2.08171673239955,0.572482703710552,-0.475));
#7912=CARTESIAN_POINT('',(-2.08171673239955,0.572482703710552,0.475));
#7913=CARTESIAN_POINT('',(-1.32200621967957E-16,8.09495342691738E-33,0.475));
#7914=CARTESIAN_POINT('',(-1.32200621967957E-16,8.09495342691738E-33,0.475));
#7915=CARTESIAN_POINT('',(-2.14233512757582,0.267733451691598,0.475));
#7916=CARTESIAN_POINT('',(-2.15340296412215,0.155359821414563,0.475));
#7917=CARTESIAN_POINT('',(-2.14233512757582,0.267733451691598,0.475));
#7918=CARTESIAN_POINT('',(-2.14233512757582,0.267733451691598,-0.475));
#7919=CARTESIAN_POINT('',(-1.32200621967957E-16,8.09495342691738E-33,-0.475));
#7920=CARTESIAN_POINT('',(-2.15340296412215,0.155359821414563,-0.475));
#7921=CARTESIAN_POINT('',(-2.15340296412215,0.155359821414563,0.475));
#7922=CARTESIAN_POINT('',(0.,0.,0.475));
#7923=CARTESIAN_POINT('',(0.169266174122512,-1.21296310643114,0.475));
#7924=CARTESIAN_POINT('',(0.190994614770022,-1.3861059858491,0.475));
#7925=CARTESIAN_POINT('',(0.24655613921989,-1.36935997094889,0.475));
#7926=CARTESIAN_POINT('',(0.190994614770022,-1.3861059858491,0.475));
#7927=CARTESIAN_POINT('',(0.142207271652505,-1.39251344937762,0.475));
#7928=CARTESIAN_POINT('',(0.112201854727994,-1.37372940135167,0.475));
#7929=CARTESIAN_POINT('',(0.112201854727994,-1.37372940135167,0.475));
#7930=CARTESIAN_POINT('',(0.112201854727994,-1.37372940135167,0.475));
#7931=CARTESIAN_POINT('',(0.0821964378034821,-1.35494535332572,0.475));
#7932=CARTESIAN_POINT('',(0.0770801022641611,-1.31598884325745,0.475));
#7933=CARTESIAN_POINT('',(0.0770801022641611,-1.31598884325745,0.475));
#7934=CARTESIAN_POINT('',(0.0770801022641611,-1.31598884325745,0.475));
#7935=CARTESIAN_POINT('',(0.0728598480904839,-1.28385522478306,0.475));
#7936=CARTESIAN_POINT('',(0.0881922057963778,-1.26109445232753,0.475));
#7937=CARTESIAN_POINT('',(0.0881922057963778,-1.26109445232753,0.475));
#7938=CARTESIAN_POINT('',(0.0881922057963778,-1.26109445232753,0.475));
#7939=CARTESIAN_POINT('',(0.103524563502272,-1.23833367987201,0.475));
#7940=CARTESIAN_POINT('',(0.135632838436408,-1.2271015462767,0.475));
#7941=CARTESIAN_POINT('',(0.135632838436408,-1.2271015462767,0.475));
#7942=CARTESIAN_POINT('',(-0.025095125410318,-0.00329585688696217,0.475));
#7943=CARTESIAN_POINT('',(0.135391956348869,-1.22526743563318,0.475));
#7944=CARTESIAN_POINT('',(0.135391956348869,-1.22526743563318,0.475));
#7945=CARTESIAN_POINT('',(0.0943863229134199,-1.22557806060867,0.475));
#7946=CARTESIAN_POINT('',(0.0721957355735985,-1.20748414253234,0.475));
#7947=CARTESIAN_POINT('',(0.0721957355735985,-1.20748414253234,0.475));
#7948=CARTESIAN_POINT('',(0.0721957355735985,-1.20748414253234,0.475));
#7949=CARTESIAN_POINT('',(0.0500051482337772,-1.18939022445602,0.475));
#7950=CARTESIAN_POINT('',(0.0456114589570722,-1.15593604631829,0.475));
#7951=CARTESIAN_POINT('',(0.0456114589570722,-1.15593604631829,0.475));
#7952=CARTESIAN_POINT('',(0.0456114589570722,-1.15593604631829,0.475));
#7953=CARTESIAN_POINT('',(0.0393196188305626,-1.10802907630966,0.475));
#7954=CARTESIAN_POINT('',(0.0691620838985218,-1.07784001502276,0.475));
#7955=CARTESIAN_POINT('',(0.0691620838985218,-1.07784001502276,0.475));
#7956=CARTESIAN_POINT('',(0.0691620838985218,-1.07784001502276,0.475));
#7957=CARTESIAN_POINT('',(0.0990045489664811,-1.04765095373586,0.475));
#7958=CARTESIAN_POINT('',(0.160190480034163,-1.03961512729557,0.475));
#7959=CARTESIAN_POINT('',(0.160190480034163,-1.03961512729557,0.475));
#7960=CARTESIAN_POINT('',(0.198356427598109,-1.31253749080189,0.475));
#7961=CARTESIAN_POINT('',(0.209471784165686,-1.03723123471498,0.475));
#7962=CARTESIAN_POINT('',(0.200762781452588,-1.20623473871517,0.475));
#7963=CARTESIAN_POINT('',(0.254277178309352,-1.04570156193682,0.475));
#7964=CARTESIAN_POINT('',(0.114957563328537,0.0150978993174893,0.475));
#7965=CARTESIAN_POINT('',(0.259034438870454,-1.08192402366823,0.475));
#7966=CARTESIAN_POINT('',(0.191481339476254,-1.2813120363725,0.475));
#7967=CARTESIAN_POINT('',(0.210440978412781,-1.07165175910499,0.475));
#7968=CARTESIAN_POINT('',(0.188761951671766,-1.28324824007367,0.475));
#7969=CARTESIAN_POINT('',(0.163045715969273,-1.07215190943372,0.475));
#7970=CARTESIAN_POINT('',(0.163045715969273,-1.07215190943372,0.475));
#7971=CARTESIAN_POINT('',(0.076182235892372,-1.08356008509955,0.475));
#7972=CARTESIAN_POINT('',(0.0851237789818067,-1.15164227218685,0.475));
#7973=CARTESIAN_POINT('',(0.0851237789818067,-1.15164227218685,0.475));
#7974=CARTESIAN_POINT('',(0.0851237789818067,-1.15164227218685,0.475));
#7975=CARTESIAN_POINT('',(0.093140334855093,-1.21268147440305,0.475));
#7976=CARTESIAN_POINT('',(0.188954274872351,-1.20009779415003,0.475));
#7977=CARTESIAN_POINT('',(0.188954274872351,-1.20009779415003,0.475));
#7978=CARTESIAN_POINT('',(0.158145707868312,-1.20414402329125,0.475));
#7979=CARTESIAN_POINT('',(0.221968266455632,-1.19576191657433,0.475));
#7980=CARTESIAN_POINT('',(0.0638225585873204,0.00838210671691164,0.475));
#7981=CARTESIAN_POINT('',(0.226265602897322,-1.22848245045465,0.475));
#7982=CARTESIAN_POINT('',(0.162443044310001,-1.23686455717156,0.475));
#7983=CARTESIAN_POINT('',(0.192811424759596,-1.23287613973136,0.475));
#7984=CARTESIAN_POINT('',(0.192811424759596,-1.23287613973136,0.475));
#7985=CARTESIAN_POINT('',(0.153634821414102,-1.23802138112118,0.475));
#7986=CARTESIAN_POINT('',(0.132982365276521,-1.2583464116902,0.475));
#7987=CARTESIAN_POINT('',(0.132982365276521,-1.2583464116902,0.475));
#7988=CARTESIAN_POINT('',(0.132982365276521,-1.2583464116902,0.475));
#7989=CARTESIAN_POINT('',(0.112329909138941,-1.27867144225923,0.475));
#7990=CARTESIAN_POINT('',(0.116367092926088,-1.30941113664455,0.475));
#7991=CARTESIAN_POINT('',(0.116367092926088,-1.30941113664455,0.475));
#7992=CARTESIAN_POINT('',(0.116367092926088,-1.30941113664455,0.475));
#7993=CARTESIAN_POINT('',(0.119585277615605,-1.33391485484192,0.475));
#7994=CARTESIAN_POINT('',(0.138262752471874,-1.34571616259477,0.475));
#7995=CARTESIAN_POINT('',(0.138262752471874,-1.34571616259477,0.475));
#7996=CARTESIAN_POINT('',(0.138262752471874,-1.34571616259477,0.475));
#7997=CARTESIAN_POINT('',(0.156940227328143,-1.35751747034763,0.475));
#7998=CARTESIAN_POINT('',(0.185845811069949,-1.35372116864802,0.475));
#7999=CARTESIAN_POINT('',(0.185845811069949,-1.35372116864802,0.475));
#8000=CARTESIAN_POINT('',(0.168405476503045,-1.21288468382086,0.475));
#8001=CARTESIAN_POINT('',(0.226548118220897,-1.34229321513003,0.475));
#8002=CARTESIAN_POINT('',(0.226548118220897,-1.34229321513003,0.475));
#8003=CARTESIAN_POINT('',(0.245241097649657,-1.33375584666251,0.475));
#8004=CARTESIAN_POINT('',(0.268148239740372,-1.31440340575129,0.475));
#8005=CARTESIAN_POINT('',(0.268148239740372,-1.31440340575129,0.475));
#8006=CARTESIAN_POINT('',(-0.51965342230293,-0.507100908454337,0.475));
#8007=CARTESIAN_POINT('',(0.290763082596736,-1.33757804474172,0.475));
#8008=CARTESIAN_POINT('',(0.17575154278407,-1.22410737951355,0.475));
#8009=CARTESIAN_POINT('',(-0.0372295024198553,0.0124220641192721,0.475));
#8010=CARTESIAN_POINT('',(0.306648120433118,1.04303925214978,0.475));
#8011=CARTESIAN_POINT('',(0.341376467971658,1.1471217207564,0.475));
#8012=CARTESIAN_POINT('',(0.343877622852973,1.03061718803051,0.475));
#8013=CARTESIAN_POINT('',(0.431472782367062,1.00139002630939,0.475));
#8014=CARTESIAN_POINT('',(0.0875951595140885,-0.0292271617211183,0.475));
#8015=CARTESIAN_POINT('',(0.421659596715184,0.971979453681102,0.475));
#8016=CARTESIAN_POINT('',(0.334064437201096,1.00120661540222,0.475));
#8017=CARTESIAN_POINT('',(0.263957010432567,1.02459878811338,0.475));
#8018=CARTESIAN_POINT('',(-0.070107426768528,0.0233921727111607,0.475));
#8019=CARTESIAN_POINT('',(0.358349526734524,1.30749753829998,0.475));
#8020=CARTESIAN_POINT('',(0.428456953503051,1.28410536558882,0.475));
#8021=CARTESIAN_POINT('',(0.51605211301714,1.2548782038677,0.475));
#8022=CARTESIAN_POINT('',(0.0875951595140886,-0.0292271617211183,0.475));
#8023=CARTESIAN_POINT('',(0.506300905379906,1.22565338222444,0.475));
#8024=CARTESIAN_POINT('',(0.418705745865817,1.25488054394556,0.475));
#8025=CARTESIAN_POINT('',(0.381476243445962,1.26730260806483,0.475));
#8026=CARTESIAN_POINT('',(-0.0372295024198552,0.0124220641192721,0.475));
#8027=CARTESIAN_POINT('',(0.351065697594248,1.17616079141465,0.475));
#8028=CARTESIAN_POINT('',(0.388295200014104,1.16373872729538,0.475));
#8029=CARTESIAN_POINT('',(0.468336486137348,1.13703200483642,0.475));
#8030=CARTESIAN_POINT('',(0.0800412861232447,-0.0267067224589518,0.475));
#8031=CARTESIAN_POINT('',(0.458647256514758,1.10799293417818,0.475));
#8032=CARTESIAN_POINT('',(0.378605970391513,1.13469965663713,0.475));
#8033=CARTESIAN_POINT('',(0.138601692750484,1.35064084780119,0.475));
#8034=CARTESIAN_POINT('',(0.18532067423125,1.34693431516689,0.475));
#8035=CARTESIAN_POINT('',(0.218974853181761,1.3271091233769,0.475));
#8036=CARTESIAN_POINT('',(0.218974853181761,1.3271091233769,0.475));
#8037=CARTESIAN_POINT('',(0.138601692750484,1.35064084780119,0.475));
#8038=CARTESIAN_POINT('',(-0.422116158236262,0.251620366072237,0.475));
#8039=CARTESIAN_POINT('',(0.201942853247123,1.29853639116356,0.475));
#8040=CARTESIAN_POINT('',(0.121451907046083,1.16182193983064,0.475));
#8041=CARTESIAN_POINT('',(0.135694121898595,1.31976957973026,0.475));
#8042=CARTESIAN_POINT('',(0.135694121898595,1.31976957973026,0.475));
#8043=CARTESIAN_POINT('',(0.08669775274119,1.32365679292473,0.475));
#8044=CARTESIAN_POINT('',(0.0557391148000848,1.29327584447897,0.475));
#8045=CARTESIAN_POINT('',(0.0557391148000848,1.29327584447897,0.475));
#8046=CARTESIAN_POINT('',(0.0557391148000848,1.29327584447897,0.475));
#8047=CARTESIAN_POINT('',(0.0247804768589797,1.26289489603322,0.475));
#8048=CARTESIAN_POINT('',(0.0202789497599464,1.20615540877524,0.475));
#8049=CARTESIAN_POINT('',(0.0202789497599464,1.20615540877524,0.475));
#8050=CARTESIAN_POINT('',(0.0202789497599464,1.20615540877524,0.475));
#8051=CARTESIAN_POINT('',(0.0156535274196553,1.14785428425328,0.475));
#8052=CARTESIAN_POINT('',(0.0404877669575027,1.11383264301713,0.475));
#8053=CARTESIAN_POINT('',(0.0404877669575027,1.11383264301713,0.475));
#8054=CARTESIAN_POINT('',(0.0404877669575027,1.11383264301713,0.475));
#8055=CARTESIAN_POINT('',(0.0653220064953502,1.07981100178098,0.475));
#8056=CARTESIAN_POINT('',(0.115945081136069,1.07579473104354,0.475));
#8057=CARTESIAN_POINT('',(0.115945081136069,1.07579473104354,0.475));
#8058=CARTESIAN_POINT('',(0.115945081136069,1.07579473104354,0.475));
#8059=CARTESIAN_POINT('',(0.147047689977025,1.07332715082182,0.475));
#8060=CARTESIAN_POINT('',(0.187822424323556,1.08135439359323,0.475));
#8061=CARTESIAN_POINT('',(0.187822424323556,1.08135439359323,0.475));
#8062=CARTESIAN_POINT('',(0.101393069440462,-0.00804419764431746,0.475));
#8063=CARTESIAN_POINT('',(0.185421954024185,1.05109767160359,0.475));
#8064=CARTESIAN_POINT('',(0.185421954024185,1.05109767160359,0.475));
#8065=CARTESIAN_POINT('',(0.153590497833513,1.04190255365963,0.475));
#8066=CARTESIAN_POINT('',(0.10823794895873,1.04550067795782,0.475));
#8067=CARTESIAN_POINT('',(0.10823794895873,1.04550067795782,0.475));
#8068=CARTESIAN_POINT('',(0.10823794895873,1.04550067795782,0.475));
#8069=CARTESIAN_POINT('',(0.0425841156521932,1.05070944039237,0.475));
#8070=CARTESIAN_POINT('',(0.0100586883020859,1.09342778133613,0.475));
#8071=CARTESIAN_POINT('',(0.0100586883020859,1.09342778133613,0.475));
#8072=CARTESIAN_POINT('',(0.0100586883020859,1.09342778133613,0.475));
#8073=CARTESIAN_POINT('',(-0.0224667390480214,1.13614612227989,0.475));
#8074=CARTESIAN_POINT('',(-0.0166436627089049,1.209543073687,0.475));
#8075=CARTESIAN_POINT('',(-0.0166436627089049,1.209543073687,0.475));
#8076=CARTESIAN_POINT('',(-0.0166436627089049,1.209543073687,0.475));
#8077=CARTESIAN_POINT('',(-0.012999077695238,1.25548123653578,0.475));
#8078=CARTESIAN_POINT('',(0.0069201144213823,1.28866961334752,0.475));
#8079=CARTESIAN_POINT('',(0.0069201144213823,1.28866961334752,0.475));
#8080=CARTESIAN_POINT('',(0.113672525615909,1.22633584718953,0.475));
#8081=CARTESIAN_POINT('',(0.0607599756195097,1.33799169581042,0.475));
#8082=CARTESIAN_POINT('',(0.0607599756195097,1.33799169581042,0.475));
#8083=CARTESIAN_POINT('',(0.0946806447010168,1.35412540146156,0.475));
#8084=CARTESIAN_POINT('',(0.138601692750484,1.35064084780119,0.475));
#8085=CARTESIAN_POINT('',(-0.133543985084299,1.34655219597996,0.475));
#8086=CARTESIAN_POINT('',(-0.110986334673567,1.34878934544879,0.475));
#8087=CARTESIAN_POINT('',(-0.145476923490147,1.34536874972868,0.475));
#8088=CARTESIAN_POINT('',(0.0225576504107321,0.00223714946882939,0.475));
#8089=CARTESIAN_POINT('',(-0.0815537511610048,1.05201439195923,0.475));
#8090=CARTESIAN_POINT('',(-0.104111401571737,1.0497772424904,0.475));
#8091=CARTESIAN_POINT('',(-0.116044339977586,1.04859379623912,0.475));
#8092=CARTESIAN_POINT('',(-0.0119329384058489,-0.00118344625127792,0.475));
#8093=CARTESIAN_POINT('',(0.0651639393052336,-0.00848370556183104,0.475));
#8094=CARTESIAN_POINT('',(-0.0757978616690921,-1.09122121644084,0.475));
#8095=CARTESIAN_POINT('',(-0.0760366800131823,-1.09305559694425,0.475));
#8096=CARTESIAN_POINT('',(-0.140961800974326,-1.08273751087901,0.475));
#8097=CARTESIAN_POINT('',(-0.248229628989367,-1.06877229209637,0.475));
#8098=CARTESIAN_POINT('',(-0.107267828015041,0.0139652187826473,0.475));
#8099=CARTESIAN_POINT('',(-0.243634764049072,-1.03347881121081,0.475));
#8100=CARTESIAN_POINT('',(-0.13636693603403,-1.04744402999346,0.475));
#8101=CARTESIAN_POINT('',(-0.0232889779798014,-1.06216567070293,0.475));
#8102=CARTESIAN_POINT('',(0.113077958054229,-0.0147216407094669,0.475));
#8103=CARTESIAN_POINT('',(-0.0275590499721341,-1.09496439410385,0.475));
#8104=CARTESIAN_POINT('',(0.519605565840173,-0.671687576492298,0.475));
#8105=CARTESIAN_POINT('',(-0.127378694916289,-1.172183096531,0.475));
#8106=CARTESIAN_POINT('',(-0.127378694916289,-1.172183096531,0.475));
#8107=CARTESIAN_POINT('',(-0.173055938697576,-1.20779909057693,0.475));
#8108=CARTESIAN_POINT('',(-0.188165376490284,-1.22355397695066,0.475));
#8109=CARTESIAN_POINT('',(-0.188165376490284,-1.22355397695066,0.475));
#8110=CARTESIAN_POINT('',(-0.0810261167408042,-1.32933548729627,0.475));
#8111=CARTESIAN_POINT('',(-0.21186429623396,-1.25497143880309,0.475));
#8112=CARTESIAN_POINT('',(-0.125628970293953,-1.30141922609398,0.475));
#8113=CARTESIAN_POINT('',(-0.222888366045239,-1.2896601659924,0.475));
#8114=CARTESIAN_POINT('',(-0.222888366045239,-1.2896601659924,0.475));
#8115=CARTESIAN_POINT('',(-0.226384666602719,-1.31651549656228,0.475));
#8116=CARTESIAN_POINT('',(-0.212139652757876,-1.33433850056696,0.475));
#8117=CARTESIAN_POINT('',(-0.212139652757876,-1.33433850056696,0.475));
#8118=CARTESIAN_POINT('',(-0.212139652757876,-1.33433850056696,0.475));
#8119=CARTESIAN_POINT('',(-0.197894638913032,-1.35216150457165,0.475));
#8120=CARTESIAN_POINT('',(-0.168984802179335,-1.35592528167451,0.475));
#8121=CARTESIAN_POINT('',(-0.168984802179335,-1.35592528167451,0.475));
#8122=CARTESIAN_POINT('',(-0.153543803883504,-1.24260393473231,0.475));
#8123=CARTESIAN_POINT('',(-0.128537601552097,-1.35417693448028,0.475));
#8124=CARTESIAN_POINT('',(-0.128537601552097,-1.35417693448028,0.475));
#8125=CARTESIAN_POINT('',(-0.108928963443565,-1.34971561089719,0.475));
#8126=CARTESIAN_POINT('',(-0.0836763695214322,-1.33457238445778,0.475));
#8127=CARTESIAN_POINT('',(-0.0836763695214322,-1.33457238445778,0.475));
#8128=CARTESIAN_POINT('',(-0.645766187009738,-0.380419909541456,0.475));
#8129=CARTESIAN_POINT('',(-0.0668702990025068,-1.36310083895088,0.475));
#8130=CARTESIAN_POINT('',(-0.0668702990025068,-1.36310083895088,0.475));
#8131=CARTESIAN_POINT('',(-0.118185248134398,-1.39559505451759,0.475));
#8132=CARTESIAN_POINT('',(-0.172776411915796,-1.38848782059747,0.475));
#8133=CARTESIAN_POINT('',(-0.172776411915796,-1.38848782059747,0.475));
#8134=CARTESIAN_POINT('',(-0.172776411915796,-1.38848782059747,0.475));
#8135=CARTESIAN_POINT('',(-0.220030053683565,-1.3823358600537,0.475));
#8136=CARTESIAN_POINT('',(-0.243701070868269,-1.3546672008282,0.475));
#8137=CARTESIAN_POINT('',(-0.243701070868269,-1.3546672008282,0.475));
#8138=CARTESIAN_POINT('',(-0.243701070868269,-1.3546672008282,0.475));
#8139=CARTESIAN_POINT('',(-0.267372088052973,-1.32699854160269,0.475));
#8140=CARTESIAN_POINT('',(-0.262060768080407,-1.28620191920692,0.475));
#8141=CARTESIAN_POINT('',(-0.262060768080407,-1.28620191920692,0.475));
#8142=CARTESIAN_POINT('',(-0.262060768080407,-1.28620191920692,0.475));
#8143=CARTESIAN_POINT('',(-0.257905328893237,-1.25428369844763,0.475));
#8144=CARTESIAN_POINT('',(-0.23594186333045,-1.22543009692803,0.475));
#8145=CARTESIAN_POINT('',(-0.23594186333045,-1.22543009692803,0.475));
#8146=CARTESIAN_POINT('',(-0.23594186333045,-1.22543009692803,0.475));
#8147=CARTESIAN_POINT('',(-0.213978397767663,-1.19657649540843,0.475));
#8148=CARTESIAN_POINT('',(-0.158754473770278,-1.15526382847393,0.475));
#8149=CARTESIAN_POINT('',(-0.158754473770278,-1.15526382847393,0.475));
#8150=CARTESIAN_POINT('',(0.497597676104966,-0.661651696792283,0.475));
#8151=CARTESIAN_POINT('',(0.0847393976799436,0.0252831015750399,0.475));
#8152=CARTESIAN_POINT('',(-0.302272400764038,1.32240033214263,0.475));
#8153=CARTESIAN_POINT('',(-0.253366895093416,1.1583917960025,0.475));
#8154=CARTESIAN_POINT('',(-0.387011798443981,1.29711723056759,0.475));
#8155=CARTESIAN_POINT('',(-0.271186046125741,1.33167535041555,0.475));
#8156=CARTESIAN_POINT('',(0.115825752318241,0.0345581198479607,0.475));
#8157=CARTESIAN_POINT('',(-0.185919328844101,1.0458935509339,0.475));
#8158=CARTESIAN_POINT('',(-0.301745081162341,1.01133543108594,0.475));
#8159=CARTESIAN_POINT('',(-0.223823415183755,1.03458437372386,0.475));
#8160=CARTESIAN_POINT('',(0.41670197670201,0.49115773332318,0.475));
#8161=CARTESIAN_POINT('',(-0.451555905304894,1.22779435975152,0.475));
#8162=CARTESIAN_POINT('',(-0.373295222124873,1.25114445258137,0.475));
#8163=CARTESIAN_POINT('',(-0.453119605236398,1.22732780953658,0.475));
#8164=CARTESIAN_POINT('',(-1.48338785809264,0.830642640450102,0.475));
#8165=CARTESIAN_POINT('',(-0.426895760768952,1.15089253541682,0.475));
#8166=CARTESIAN_POINT('',(-0.0766969832485167,-0.022883542614917,0.475));
#8167=CARTESIAN_POINT('',(-0.378442064410858,0.98845188847102,0.475));
#8168=CARTESIAN_POINT('',(-0.301745081162341,1.01133543108594,0.475));
#8169=CARTESIAN_POINT('',(-0.409153131065595,0.979288842249684,0.475));
#8170=CARTESIAN_POINT('',(-0.107408049903253,-0.0320465888362532,0.475));
#8171=CARTESIAN_POINT('',(-0.494419848347234,1.26507064173133,0.475));
#8172=CARTESIAN_POINT('',(-0.387011798443981,1.29711723056759,0.475));
#8173=CARTESIAN_POINT('',(-0.456891049991141,1.27626784688979,0.475));
#8174=CARTESIAN_POINT('',(0.438549493499507,0.517635344845698,0.475));
#8175=CARTESIAN_POINT('',(-0.229813777982524,1.08388410876944,0.475));
#8176=CARTESIAN_POINT('',(-0.315741587610411,1.05824642903105,0.475));
#8177=CARTESIAN_POINT('',(-0.228286835963055,1.08433969178318,0.475));
#8178=CARTESIAN_POINT('',(-0.23292309763126,1.0973934204103,0.475));
#8179=CARTESIAN_POINT('',(-0.240110672564728,1.11773134298699,0.475));
#8180=CARTESIAN_POINT('',(0.387732336353691,1.34591744365526,0.475));
#8181=CARTESIAN_POINT('',(0.,5.81707229594993E-17,0.475));
#8182=CARTESIAN_POINT('',(0.95,5.81707229594993E-17,0.475));
#8183=CARTESIAN_POINT('',(1.88865315475545,0.404003219154942,0.475));
#8184=CARTESIAN_POINT('',(1.87480676610279,0.460460225390103,0.475));
#8185=CARTESIAN_POINT('',(1.83180897632958,0.391843638124172,0.475));
#8186=CARTESIAN_POINT('',(1.81917619557435,0.4468372544402,0.475));
#8187=CARTESIAN_POINT('',(1.86219314374335,0.457364818173858,0.475));
#8188=CARTESIAN_POINT('',(1.91001974460307,0.469069451118451,0.475));
#8189=CARTESIAN_POINT('',(1.91188107894418,0.469647203122934,0.475));
#8190=CARTESIAN_POINT('',(1.91402643919842,0.470277485149526,0.475));
#8191=CARTESIAN_POINT('',(1.91655598055594,0.471096370842338,0.475));
#8192=CARTESIAN_POINT('',(1.91993449986448,0.472254185200965,0.475));
#8193=CARTESIAN_POINT('',(1.92398946863126,0.473739363327497,0.475));
#8194=CARTESIAN_POINT('',(1.92875956467459,0.475593844243742,0.475));
#8195=CARTESIAN_POINT('',(1.93421561494007,0.477842194478604,0.475));
#8196=CARTESIAN_POINT('',(1.9403481905484,0.480513820525785,0.475));
#8197=CARTESIAN_POINT('',(1.94714083921185,0.483636147035507,0.475));
#8198=CARTESIAN_POINT('',(1.95457810586827,0.48723662751878,0.475));
#8199=CARTESIAN_POINT('',(1.96264317568564,0.491342120451743,0.475));
#8200=CARTESIAN_POINT('',(1.97131857569828,0.495979042507492,0.475));
#8201=CARTESIAN_POINT('',(1.98058598684931,0.501173294526401,0.475));
#8202=CARTESIAN_POINT('',(1.99042631496212,0.506950259712052,0.475));
#8203=CARTESIAN_POINT('',(2.00081968534386,0.513334757841732,0.475));
#8204=CARTESIAN_POINT('',(2.01174547178237,0.520351105725698,0.475));
#8205=CARTESIAN_POINT('',(2.02318227035506,0.528022783274111,0.475));
#8206=CARTESIAN_POINT('',(2.03510806963492,0.536373634310489,0.475));
#8207=CARTESIAN_POINT('',(2.04749966541003,0.545423098902193,0.475));
#8208=CARTESIAN_POINT('',(2.06033500943178,0.555204620144809,0.475));
#8209=CARTESIAN_POINT('',(2.07178869895335,0.564272728217567,0.475));
#8210=CARTESIAN_POINT('',(2.0789738454319,0.570204374578449,0.475));
#8211=CARTESIAN_POINT('',(2.08171673239955,0.572482703710552,0.475));
#8212=CARTESIAN_POINT('',(1.7608392036154,0.639148544167226,0.475));
#8213=CARTESIAN_POINT('',(1.80245528986856,0.65429413074916,0.475));
#8214=CARTESIAN_POINT('',(1.84872440079557,0.671133119916741,0.475));
#8215=CARTESIAN_POINT('',(1.8505930255543,0.671686838635188,0.475));
#8216=CARTESIAN_POINT('',(1.85272699334553,0.672354676579255,0.475));
#8217=CARTESIAN_POINT('',(1.85528517863255,0.673079135891166,0.475));
#8218=CARTESIAN_POINT('',(1.85873756196518,0.673993453194782,0.475));
#8219=CARTESIAN_POINT('',(1.86293426603143,0.675011392656364,0.475));
#8220=CARTESIAN_POINT('',(1.86793075033399,0.676119571498227,0.475));
#8221=CARTESIAN_POINT('',(1.87371640679682,0.677281355717482,0.475));
#8222=CARTESIAN_POINT('',(1.88029973296588,0.678467056303553,0.475));
#8223=CARTESIAN_POINT('',(1.88768228558315,0.679644730091805,0.475));
#8224=CARTESIAN_POINT('',(1.89586646658763,0.680782963949607,0.475));
#8225=CARTESIAN_POINT('',(1.90485321672729,0.681850084050083,0.475));
#8226=CARTESIAN_POINT('',(1.91464268407938,0.682814418272669,0.475));
#8227=CARTESIAN_POINT('',(1.92523402664069,0.683644253332976,0.475));
#8228=CARTESIAN_POINT('',(1.93662547033591,0.6843078757124,0.475));
#8229=CARTESIAN_POINT('',(1.94881427909135,0.684773606732613,0.475));
#8230=CARTESIAN_POINT('',(1.96179681253432,0.685009768395316,0.475));
#8231=CARTESIAN_POINT('',(1.97556831869277,0.684984946486455,0.475));
#8232=CARTESIAN_POINT('',(1.99012374265257,0.684667086697696,0.475));
#8233=CARTESIAN_POINT('',(2.00545459113944,0.684027133634352,0.475));
#8234=CARTESIAN_POINT('',(2.02156111169302,0.683025031028072,0.475));
#8235=CARTESIAN_POINT('',(2.03612247739397,0.681848503680928,0.475));
#8236=CARTESIAN_POINT('',(2.04539215450174,0.680908373484303,0.475));
#8237=CARTESIAN_POINT('',(2.04893855351214,0.680537878395898,0.475));
#8238=CARTESIAN_POINT('',(1.81466284966992,0.658728146824607,0.475));
#8239=CARTESIAN_POINT('',(1.79480986896507,0.713363073280952,0.475));
#8240=CARTESIAN_POINT('',(1.74079016070097,0.691892461952499,0.475));
#8241=CARTESIAN_POINT('',(4.6087049409377E-14,1.97411911612692E-14,0.475));
#8242=CARTESIAN_POINT('',(1.72016637895295,0.741682675556011,0.475));
#8243=CARTESIAN_POINT('',(1.77354609585077,0.764698362720705,0.475));
#8244=CARTESIAN_POINT('',(1.74895154614703,0.817369266990777,0.475));
#8245=CARTESIAN_POINT('',(1.69704761122173,0.793155071689415,0.475));
#8246=CARTESIAN_POINT('',(1.73718417499492,0.811872541508338,0.475));
#8247=CARTESIAN_POINT('',(1.7818083405196,0.832682780175575,0.475));
#8248=CARTESIAN_POINT('',(1.78352119601867,0.833612559153283,0.475));
#8249=CARTESIAN_POINT('',(1.78550237185367,0.834649269510307,0.475));
#8250=CARTESIAN_POINT('',(1.78782355210979,0.835945909582143,0.475));
#8251=CARTESIAN_POINT('',(1.7909112757411,0.837740593282363,0.475));
#8252=CARTESIAN_POINT('',(1.7945985855411,0.83998831929012,0.475));
#8253=CARTESIAN_POINT('',(1.79891523424738,0.842737766448702,0.475));
#8254=CARTESIAN_POINT('',(1.80382781666557,0.846007337867474,0.475));
#8255=CARTESIAN_POINT('',(1.80932134816734,0.849824035519511,0.475));
#8256=CARTESIAN_POINT('',(1.81537434230718,0.854211547415953,0.475));
#8257=CARTESIAN_POINT('',(1.82196628507333,0.859193784423246,0.475));
#8258=CARTESIAN_POINT('',(1.82907544489731,0.864793808528449,0.475));
#8259=CARTESIAN_POINT('',(1.83667953091429,0.871034120009189,0.475));
#8260=CARTESIAN_POINT('',(1.84475552305967,0.87793654815775,0.475));
#8261=CARTESIAN_POINT('',(1.85327974202871,0.885522263357511,0.475));
#8262=CARTESIAN_POINT('',(1.86222785291687,0.89381173112047,0.475));
#8263=CARTESIAN_POINT('',(1.87157488186453,0.90282477704182,0.475));
#8264=CARTESIAN_POINT('',(1.88129525551623,0.912580254173684,0.475));
#8265=CARTESIAN_POINT('',(1.89136273368916,0.923097253970811,0.475));
#8266=CARTESIAN_POINT('',(1.90175076546484,0.934390316047944,0.475));
#8267=CARTESIAN_POINT('',(1.91243120182125,0.946487939501044,0.475));
#8268=CARTESIAN_POINT('',(1.92189571178632,0.957616310396946,0.475));
#8269=CARTESIAN_POINT('',(1.9277855908914,0.964835734376491,0.475));
#8270=CARTESIAN_POINT('',(1.93003129409104,0.967605396754944,0.475));
#8271=CARTESIAN_POINT('',(1.60231347676521,0.970390171362319,0.475));
#8272=CARTESIAN_POINT('',(1.64017516422691,0.993363635413134,0.475));
#8273=CARTESIAN_POINT('',(1.68227010334234,1.01890572387572,0.475));
#8274=CARTESIAN_POINT('',(1.68399479783721,1.01981335365016,0.475));
#8275=CARTESIAN_POINT('',(1.68595747331613,1.02088467573896,0.475));
#8276=CARTESIAN_POINT('',(1.68832516878973,1.02209429195975,0.475));
#8277=CARTESIAN_POINT('',(1.69153284108751,1.02366456748884,0.475));
#8278=CARTESIAN_POINT('',(1.69545031652454,1.0254816838768,0.475));
#8279=CARTESIAN_POINT('',(1.70013459981514,1.02754333510449,0.475));
#8280=CARTESIAN_POINT('',(1.70558243365391,1.02981152154814,0.475));
#8281=CARTESIAN_POINT('',(1.71180794434746,1.03225878245219,0.475));
#8282=CARTESIAN_POINT('',(1.71881889052771,1.03485409213623,0.475));
#8283=CARTESIAN_POINT('',(1.72662375637921,1.03756710965722,0.475));
#8284=CARTESIAN_POINT('',(1.73522964383082,1.04036695332281,0.475));
#8285=CARTESIAN_POINT('',(1.74464287703872,1.0432225884718,0.475));
#8286=CARTESIAN_POINT('',(1.75486881713342,1.04610274691498,0.475));
#8287=CARTESIAN_POINT('',(1.76591191112854,1.04897597839519,0.475));
#8288=CARTESIAN_POINT('',(1.77777565572682,1.05181067914954,0.475));
#8289=CARTESIAN_POINT('',(1.79046266057521,1.05457506966208,0.475));
#8290=CARTESIAN_POINT('',(1.80397439361858,1.05723741227034,0.475));
#8291=CARTESIAN_POINT('',(1.81831215055694,1.05976528241569,0.475));
#8292=CARTESIAN_POINT('',(1.83347326973815,1.0621285260391,0.475));
#8293=CARTESIAN_POINT('',(1.84946580853576,1.06428790483476,0.475));
#8294=CARTESIAN_POINT('',(1.86397691077684,1.06597476565429,0.475));
#8295=CARTESIAN_POINT('',(1.87325188394103,1.06686112408771,0.475));
#8296=CARTESIAN_POINT('',(1.87680241989496,1.06718961608348,0.475));
#8297=CARTESIAN_POINT('',(1.65128312556574,1.00009402988568,0.475));
#8298=CARTESIAN_POINT('',(1.6211528689226,1.04980603715129,0.475));
#8299=CARTESIAN_POINT('',(1.57235984268344,1.01820925531862,0.475));
#8300=CARTESIAN_POINT('',(4.13501843372994E-14,2.83530070186477E-14,0.475));
#8301=CARTESIAN_POINT('',(1.54241875231357,1.06301926370667,0.475));
#8302=CARTESIAN_POINT('',(1.59028265509867,1.09600657705489,0.475));
#8303=CARTESIAN_POINT('',(1.55588509909616,1.14286726604696,0.475));
#8304=CARTESIAN_POINT('',(1.50970243888512,1.10899238434009,0.475));
#8305=CARTESIAN_POINT('',(1.54541619262553,1.13518045837602,0.475));
#8306=CARTESIAN_POINT('',(1.58512304115959,1.16429657696443,0.475));
#8307=CARTESIAN_POINT('',(1.58662159374038,1.16554265203068,0.475));
#8308=CARTESIAN_POINT('',(1.58836244967984,1.16694595052051,0.475));
#8309=CARTESIAN_POINT('',(1.59038606717905,1.16867051582057,0.475));
#8310=CARTESIAN_POINT('',(1.5930643356456,1.17103310017426,0.475));
#8311=CARTESIAN_POINT('',(1.59624228523107,1.1739569952133,0.475));
#8312=CARTESIAN_POINT('',(1.59993960021133,1.17749574890182,0.475));
#8313=CARTESIAN_POINT('',(1.60411992699492,1.18166089370848,0.475));
#8314=CARTESIAN_POINT('',(1.60876330105532,1.18647598941503,0.475));
#8315=CARTESIAN_POINT('',(1.61384402750131,1.19196007707656,0.475));
#8316=CARTESIAN_POINT('',(1.61933732171349,1.19813260603375,0.475));
#8317=CARTESIAN_POINT('',(1.62521737051891,1.20501195552536,0.475));
#8318=CARTESIAN_POINT('',(1.63145792177902,1.21261584476049,0.475));
#8319=CARTESIAN_POINT('',(1.63803213906967,1.22096119259588,0.475));
#8320=CARTESIAN_POINT('',(1.64491266794039,1.23006414302875,0.475));
#8321=CARTESIAN_POINT('',(1.65207164845169,1.23994002082764,0.475));
#8322=CARTESIAN_POINT('',(1.65948071882792,1.25060339848619,0.475));
#8323=CARTESIAN_POINT('',(1.66711111905046,1.26206777768626,0.475));
#8324=CARTESIAN_POINT('',(1.67493338857618,1.27434676383994,0.475));
#8325=CARTESIAN_POINT('',(1.68291865011694,1.2874494373601,0.475));
#8326=CARTESIAN_POINT('',(1.6910337356285,1.3013982581388,0.475));
#8327=CARTESIAN_POINT('',(1.69814535022687,1.31415923480518,0.475));
#8328=CARTESIAN_POINT('',(1.70251361720755,1.32238899798856,0.475));
#8329=CARTESIAN_POINT('',(1.70417583552462,1.3255435570414,0.475));
#8330=CARTESIAN_POINT('',(1.38221174159068,1.26434024847304,0.475));
#8331=CARTESIAN_POINT('',(1.41486402684484,1.29425873265293,0.475));
#8332=CARTESIAN_POINT('',(1.45116710924559,1.32752235227506,0.475));
#8333=CARTESIAN_POINT('',(1.45268159443439,1.32874901340228,0.475));
#8334=CARTESIAN_POINT('',(1.45439755308304,1.33018264932874,0.475));
#8335=CARTESIAN_POINT('',(1.45648376953399,1.33183093758541,0.475));
#8336=CARTESIAN_POINT('',(1.45932346174938,1.33399682653202,0.475));
#8337=CARTESIAN_POINT('',(1.4628111621731,1.3365432890826,0.475));
#8338=CARTESIAN_POINT('',(1.46700323007187,1.33947918459562,0.475));
#8339=CARTESIAN_POINT('',(1.47190388408733,1.34276660813067,0.475));
#8340=CARTESIAN_POINT('',(1.47753233642073,1.34638138248858,0.475));
#8341=CARTESIAN_POINT('',(1.48390224943402,1.35029459177271,0.475));
#8342=CARTESIAN_POINT('',(1.49102786351489,1.35447813321504,0.475));
#8343=CARTESIAN_POINT('',(1.49892216884992,1.35890310402385,0.475));
#8344=CARTESIAN_POINT('',(1.50759742264045,1.36354029964192,0.475));
#8345=CARTESIAN_POINT('',(1.51706498312548,1.36836009859422,0.475));
#8346=CARTESIAN_POINT('',(1.52733534751131,1.37333252250077,0.475));
#8347=CARTESIAN_POINT('',(1.53841811090079,1.37842725702897,0.475));
#8348=CARTESIAN_POINT('',(1.55032203267321,1.38361364241426,0.475));
#8349=CARTESIAN_POINT('',(1.56305474427813,1.38886083720625,0.475));
#8350=CARTESIAN_POINT('',(1.5766238422366,1.39413729265368,0.475));
#8351=CARTESIAN_POINT('',(1.59103259880447,1.39941291483671,0.475));
#8352=CARTESIAN_POINT('',(1.60629657154885,1.40465079131819,0.475));
#8353=CARTESIAN_POINT('',(1.62019975680885,1.40913621518909,0.475));
#8354=CARTESIAN_POINT('',(1.62912359401222,1.41181499999505,0.475));
#8355=CARTESIAN_POINT('',(1.63254182180415,1.41282985531181,0.475));
#8356=CARTESIAN_POINT('',(1.42444551699631,1.30302686023744,0.475));
#8357=CARTESIAN_POINT('',(1.38519587328043,1.34590554375191,0.475));
#8358=CARTESIAN_POINT('',(1.34350461770115,1.30539683802118,0.475));
#8359=CARTESIAN_POINT('',(3.502425487059E-14,3.58752327168493E-14,0.475));
#8360=CARTESIAN_POINT('',(1.30539683802118,1.34350461770115,0.475));
#8361=CARTESIAN_POINT('',(1.34590554375191,1.38519587328043,0.475));
#8362=CARTESIAN_POINT('',(1.30302686023744,1.42444551699631,0.475));
#8363=CARTESIAN_POINT('',(1.26434024847304,1.38221174159068,0.475));
#8364=CARTESIAN_POINT('',(1.29425873265293,1.41486402684484,0.475));
#8365=CARTESIAN_POINT('',(1.32752235227506,1.45116710924559,0.475));
#8366=CARTESIAN_POINT('',(1.32874901340228,1.45268159443439,0.475));
#8367=CARTESIAN_POINT('',(1.33018264932874,1.45439755308304,0.475));
#8368=CARTESIAN_POINT('',(1.33183093758541,1.45648376953399,0.475));
#8369=CARTESIAN_POINT('',(1.33399682653202,1.45932346174938,0.475));
#8370=CARTESIAN_POINT('',(1.3365432890826,1.4628111621731,0.475));
#8371=CARTESIAN_POINT('',(1.33947918459562,1.46700323007187,0.475));
#8372=CARTESIAN_POINT('',(1.34276660813067,1.47190388408733,0.475));
#8373=CARTESIAN_POINT('',(1.34638138248858,1.47753233642073,0.475));
#8374=CARTESIAN_POINT('',(1.35029459177271,1.48390224943402,0.475));
#8375=CARTESIAN_POINT('',(1.35447813321504,1.49102786351489,0.475));
#8376=CARTESIAN_POINT('',(1.35890310402386,1.49892216884992,0.475));
#8377=CARTESIAN_POINT('',(1.36354029964192,1.50759742264045,0.475));
#8378=CARTESIAN_POINT('',(1.36836009859422,1.51706498312548,0.475));
#8379=CARTESIAN_POINT('',(1.37333252250077,1.52733534751131,0.475));
#8380=CARTESIAN_POINT('',(1.37842725702897,1.53841811090079,0.475));
#8381=CARTESIAN_POINT('',(1.38361364241426,1.55032203267321,0.475));
#8382=CARTESIAN_POINT('',(1.38886083720625,1.56305474427813,0.475));
#8383=CARTESIAN_POINT('',(1.39413729265368,1.5766238422366,0.475));
#8384=CARTESIAN_POINT('',(1.39941291483671,1.59103259880447,0.475));
#8385=CARTESIAN_POINT('',(1.40465079131819,1.60629657154885,0.475));
#8386=CARTESIAN_POINT('',(1.40913621518909,1.62019975680885,0.475));
#8387=CARTESIAN_POINT('',(1.41181499999505,1.62912359401222,0.475));
#8388=CARTESIAN_POINT('',(1.41282985531181,1.63254182180415,0.475));
#8389=CARTESIAN_POINT('',(1.10899238434009,1.50970243888512,0.475));
#8390=CARTESIAN_POINT('',(1.13518045837602,1.54541619262552,0.475));
#8391=CARTESIAN_POINT('',(1.16429657696443,1.58512304115959,0.475));
#8392=CARTESIAN_POINT('',(1.16554265203068,1.58662159374038,0.475));
#8393=CARTESIAN_POINT('',(1.16694595052051,1.58836244967984,0.475));
#8394=CARTESIAN_POINT('',(1.16867051582057,1.59038606717905,0.475));
#8395=CARTESIAN_POINT('',(1.17103310017426,1.5930643356456,0.475));
#8396=CARTESIAN_POINT('',(1.1739569952133,1.59624228523107,0.475));
#8397=CARTESIAN_POINT('',(1.17749574890182,1.59993960021133,0.475));
#8398=CARTESIAN_POINT('',(1.18166089370848,1.60411992699491,0.475));
#8399=CARTESIAN_POINT('',(1.18647598941503,1.60876330105532,0.475));
#8400=CARTESIAN_POINT('',(1.19196007707656,1.61384402750131,0.475));
#8401=CARTESIAN_POINT('',(1.19813260603375,1.61933732171349,0.475));
#8402=CARTESIAN_POINT('',(1.20501195552536,1.62521737051891,0.475));
#8403=CARTESIAN_POINT('',(1.21261584476049,1.63145792177902,0.475));
#8404=CARTESIAN_POINT('',(1.22096119259588,1.63803213906967,0.475));
#8405=CARTESIAN_POINT('',(1.23006414302875,1.64491266794039,0.475));
#8406=CARTESIAN_POINT('',(1.23994002082764,1.65207164845169,0.475));
#8407=CARTESIAN_POINT('',(1.25060339848619,1.65948071882792,0.475));
#8408=CARTESIAN_POINT('',(1.26206777768626,1.66711111905046,0.475));
#8409=CARTESIAN_POINT('',(1.27434676383994,1.67493338857618,0.475));
#8410=CARTESIAN_POINT('',(1.2874494373601,1.68291865011694,0.475));
#8411=CARTESIAN_POINT('',(1.30139825813881,1.6910337356285,0.475));
#8412=CARTESIAN_POINT('',(1.31415923480518,1.69814535022687,0.475));
#8413=CARTESIAN_POINT('',(1.32238899798856,1.70251361720755,0.475));
#8414=CARTESIAN_POINT('',(1.3255435570414,1.70417583552462,0.475));
#8415=CARTESIAN_POINT('',(1.14286726604697,1.55588509909616,0.475));
#8416=CARTESIAN_POINT('',(1.0960065770549,1.59028265509867,0.475));
#8417=CARTESIAN_POINT('',(1.06301926370667,1.54241875231357,0.475));
#8418=CARTESIAN_POINT('',(2.73523629310322E-14,4.20187933408045E-14,0.475));
#8419=CARTESIAN_POINT('',(1.01820925531862,1.57235984268344,0.475));
#8420=CARTESIAN_POINT('',(1.04980603715129,1.62115286892259,0.475));
#8421=CARTESIAN_POINT('',(1.00009402988568,1.65128312556573,0.475));
#8422=CARTESIAN_POINT('',(0.97039017136232,1.60231347676521,0.475));
#8423=CARTESIAN_POINT('',(0.993363635413134,1.64017516422691,0.475));
#8424=CARTESIAN_POINT('',(1.01890572387572,1.68227010334234,0.475));
#8425=CARTESIAN_POINT('',(1.01981335365016,1.68399479783721,0.475));
#8426=CARTESIAN_POINT('',(1.02088467573896,1.68595747331613,0.475));
#8427=CARTESIAN_POINT('',(1.02209429195975,1.68832516878973,0.475));
#8428=CARTESIAN_POINT('',(1.02366456748885,1.69153284108751,0.475));
#8429=CARTESIAN_POINT('',(1.0254816838768,1.69545031652454,0.475));
#8430=CARTESIAN_POINT('',(1.02754333510449,1.70013459981514,0.475));
#8431=CARTESIAN_POINT('',(1.02981152154814,1.70558243365391,0.475));
#8432=CARTESIAN_POINT('',(1.03225878245219,1.71180794434746,0.475));
#8433=CARTESIAN_POINT('',(1.03485409213623,1.71881889052771,0.475));
#8434=CARTESIAN_POINT('',(1.03756710965722,1.72662375637921,0.475));
#8435=CARTESIAN_POINT('',(1.04036695332281,1.73522964383082,0.475));
#8436=CARTESIAN_POINT('',(1.0432225884718,1.74464287703872,0.475));
#8437=CARTESIAN_POINT('',(1.04610274691498,1.75486881713342,0.475));
#8438=CARTESIAN_POINT('',(1.04897597839519,1.76591191112854,0.475));
#8439=CARTESIAN_POINT('',(1.05181067914954,1.77777565572682,0.475));
#8440=CARTESIAN_POINT('',(1.05457506966209,1.79046266057521,0.475));
#8441=CARTESIAN_POINT('',(1.05723741227034,1.80397439361858,0.475));
#8442=CARTESIAN_POINT('',(1.0597652824157,1.81831215055694,0.475));
#8443=CARTESIAN_POINT('',(1.0621285260391,1.83347326973815,0.475));
#8444=CARTESIAN_POINT('',(1.06428790483476,1.84946580853576,0.475));
#8445=CARTESIAN_POINT('',(1.06597476565429,1.86397691077684,0.475));
#8446=CARTESIAN_POINT('',(1.06686112408772,1.87325188394103,0.475));
#8447=CARTESIAN_POINT('',(1.06718961608348,1.87680241989496,0.475));
#8448=CARTESIAN_POINT('',(0.793155071689415,1.69704761122173,0.475));
#8449=CARTESIAN_POINT('',(0.811872541508337,1.73718417499492,0.475));
#8450=CARTESIAN_POINT('',(0.832682780175574,1.7818083405196,0.475));
#8451=CARTESIAN_POINT('',(0.833612559153282,1.78352119601867,0.475));
#8452=CARTESIAN_POINT('',(0.834649269510307,1.78550237185367,0.475));
#8453=CARTESIAN_POINT('',(0.835945909582142,1.78782355210979,0.475));
#8454=CARTESIAN_POINT('',(0.837740593282363,1.7909112757411,0.475));
#8455=CARTESIAN_POINT('',(0.839988319290119,1.7945985855411,0.475));
#8456=CARTESIAN_POINT('',(0.842737766448702,1.79891523424738,0.475));
#8457=CARTESIAN_POINT('',(0.846007337867473,1.80382781666557,0.475));
#8458=CARTESIAN_POINT('',(0.84982403551951,1.80932134816734,0.475));
#8459=CARTESIAN_POINT('',(0.854211547415953,1.81537434230718,0.475));
#8460=CARTESIAN_POINT('',(0.859193784423245,1.82196628507333,0.475));
#8461=CARTESIAN_POINT('',(0.864793808528448,1.82907544489731,0.475));
#8462=CARTESIAN_POINT('',(0.871034120009188,1.83667953091429,0.475));
#8463=CARTESIAN_POINT('',(0.87793654815775,1.84475552305967,0.475));
#8464=CARTESIAN_POINT('',(0.885522263357511,1.85327974202871,0.475));
#8465=CARTESIAN_POINT('',(0.89381173112047,1.86222785291687,0.475));
#8466=CARTESIAN_POINT('',(0.90282477704182,1.87157488186453,0.475));
#8467=CARTESIAN_POINT('',(0.912580254173683,1.88129525551624,0.475));
#8468=CARTESIAN_POINT('',(0.92309725397081,1.89136273368916,0.475));
#8469=CARTESIAN_POINT('',(0.934390316047944,1.90175076546484,0.475));
#8470=CARTESIAN_POINT('',(0.946487939501044,1.91243120182125,0.475));
#8471=CARTESIAN_POINT('',(0.957616310396946,1.92189571178632,0.475));
#8472=CARTESIAN_POINT('',(0.964835734376491,1.9277855908914,0.475));
#8473=CARTESIAN_POINT('',(0.967605396754943,1.93003129409104,0.475));
#8474=CARTESIAN_POINT('',(0.81736926699078,1.74895154614704,0.475));
#8475=CARTESIAN_POINT('',(0.764698362720707,1.77354609585078,0.475));
#8476=CARTESIAN_POINT('',(0.74168267555601,1.72016637895295,0.475));
#8477=CARTESIAN_POINT('',(1.86293350234166E-14,4.65475953010834E-14,0.475));
#8478=CARTESIAN_POINT('',(0.691892461952498,1.74079016070097,0.475));
#8479=CARTESIAN_POINT('',(0.713363073280949,1.79480986896507,0.475));
#8480=CARTESIAN_POINT('',(0.658728146824604,1.81466284966992,0.475));
#8481=CARTESIAN_POINT('',(0.639148544167225,1.7608392036154,0.475));
#8482=CARTESIAN_POINT('',(0.654294130749159,1.80245528986856,0.475));
#8483=CARTESIAN_POINT('',(0.671133119916741,1.84872440079557,0.475));
#8484=CARTESIAN_POINT('',(0.671686838635187,1.8505930255543,0.475));
#8485=CARTESIAN_POINT('',(0.672354676579254,1.85272699334553,0.475));
#8486=CARTESIAN_POINT('',(0.673079135891165,1.85528517863255,0.475));
#8487=CARTESIAN_POINT('',(0.673993453194781,1.85873756196518,0.475));
#8488=CARTESIAN_POINT('',(0.675011392656363,1.86293426603143,0.475));
#8489=CARTESIAN_POINT('',(0.676119571498227,1.86793075033399,0.475));
#8490=CARTESIAN_POINT('',(0.677281355717481,1.87371640679682,0.475));
#8491=CARTESIAN_POINT('',(0.678467056303552,1.88029973296588,0.475));
#8492=CARTESIAN_POINT('',(0.679644730091804,1.88768228558315,0.475));
#8493=CARTESIAN_POINT('',(0.680782963949607,1.89586646658763,0.475));
#8494=CARTESIAN_POINT('',(0.681850084050082,1.90485321672729,0.475));
#8495=CARTESIAN_POINT('',(0.682814418272668,1.91464268407938,0.475));
#8496=CARTESIAN_POINT('',(0.683644253332975,1.92523402664069,0.475));
#8497=CARTESIAN_POINT('',(0.684307875712399,1.93662547033591,0.475));
#8498=CARTESIAN_POINT('',(0.684773606732612,1.94881427909135,0.475));
#8499=CARTESIAN_POINT('',(0.685009768395315,1.96179681253432,0.475));
#8500=CARTESIAN_POINT('',(0.684984946486455,1.97556831869277,0.475));
#8501=CARTESIAN_POINT('',(0.684667086697695,1.99012374265257,0.475));
#8502=CARTESIAN_POINT('',(0.684027133634351,2.00545459113944,0.475));
#8503=CARTESIAN_POINT('',(0.683025031028071,2.02156111169302,0.475));
#8504=CARTESIAN_POINT('',(0.681848503680927,2.03612247739397,0.475));
#8505=CARTESIAN_POINT('',(0.680908373484302,2.04539215450174,0.475));
#8506=CARTESIAN_POINT('',(0.680537878395898,2.04893855351214,0.475));
#8507=CARTESIAN_POINT('',(0.446837254440201,1.81917619557435,0.475));
#8508=CARTESIAN_POINT('',(0.457364818173859,1.86219314374335,0.475));
#8509=CARTESIAN_POINT('',(0.469069451118452,1.91001974460307,0.475));
#8510=CARTESIAN_POINT('',(0.469647203122935,1.91188107894418,0.475));
#8511=CARTESIAN_POINT('',(0.470277485149527,1.91402643919842,0.475));
#8512=CARTESIAN_POINT('',(0.471096370842339,1.91655598055594,0.475));
#8513=CARTESIAN_POINT('',(0.472254185200966,1.91993449986448,0.475));
#8514=CARTESIAN_POINT('',(0.473739363327497,1.92398946863126,0.475));
#8515=CARTESIAN_POINT('',(0.475593844243743,1.92875956467459,0.475));
#8516=CARTESIAN_POINT('',(0.477842194478605,1.93421561494007,0.475));
#8517=CARTESIAN_POINT('',(0.480513820525786,1.9403481905484,0.475));
#8518=CARTESIAN_POINT('',(0.483636147035508,1.94714083921185,0.475));
#8519=CARTESIAN_POINT('',(0.487236627518781,1.95457810586827,0.475));
#8520=CARTESIAN_POINT('',(0.491342120451744,1.96264317568564,0.475));
#8521=CARTESIAN_POINT('',(0.495979042507493,1.97131857569828,0.475));
#8522=CARTESIAN_POINT('',(0.501173294526402,1.98058598684931,0.475));
#8523=CARTESIAN_POINT('',(0.506950259712053,1.99042631496212,0.475));
#8524=CARTESIAN_POINT('',(0.513334757841733,2.00081968534386,0.475));
#8525=CARTESIAN_POINT('',(0.520351105725699,2.01174547178237,0.475));
#8526=CARTESIAN_POINT('',(0.528022783274112,2.02318227035506,0.475));
#8527=CARTESIAN_POINT('',(0.53637363431049,2.03510806963492,0.475));
#8528=CARTESIAN_POINT('',(0.545423098902194,2.04749966541003,0.475));
#8529=CARTESIAN_POINT('',(0.55520462014481,2.06033500943178,0.475));
#8530=CARTESIAN_POINT('',(0.564272728217568,2.07178869895335,0.475));
#8531=CARTESIAN_POINT('',(0.57020437457845,2.0789738454319,0.475));
#8532=CARTESIAN_POINT('',(0.572482703710553,2.08171673239955,0.475));
#8533=CARTESIAN_POINT('',(0.460460225390106,1.8748067661028,0.475));
#8534=CARTESIAN_POINT('',(0.404003219154945,1.88865315475545,0.475));
#8535=CARTESIAN_POINT('',(0.391843638124173,1.83180897632958,0.475));
#8536=CARTESIAN_POINT('',(9.19039221830261E-15,4.92875992781338E-14,0.475));
#8537=CARTESIAN_POINT('',(0.338986629291303,1.84232288908913,0.475));
#8538=CARTESIAN_POINT('',(0.349505966563047,1.89949333228418,0.475));
#8539=CARTESIAN_POINT('',(0.292047710500062,1.90830609813593,0.475));
#8540=CARTESIAN_POINT('',(0.283344796858419,1.85169686736066,0.475));
#8541=CARTESIAN_POINT('',(0.290080469572871,1.89546806954914,0.475));
#8542=CARTESIAN_POINT('',(0.297569246535155,1.94413325630283,0.475));
#8543=CARTESIAN_POINT('',(0.297747775097782,1.94607400112388,0.475));
#8544=CARTESIAN_POINT('',(0.297986464259457,1.94829725404193,0.475));
#8545=CARTESIAN_POINT('',(0.298197926097408,1.95094761951642,0.475));
#8546=CARTESIAN_POINT('',(0.298421148474326,1.95451204072857,0.475));
#8547=CARTESIAN_POINT('',(0.298600792166897,1.95882669644031,0.475));
#8548=CARTESIAN_POINT('',(0.298712911931515,1.96394336966513,0.475));
#8549=CARTESIAN_POINT('',(0.298723647210357,1.9698445092188,0.475));
#8550=CARTESIAN_POINT('',(0.298602221669882,1.97653265733065,0.475));
#8551=CARTESIAN_POINT('',(0.298317002219111,1.98400310902806,0.475));
#8552=CARTESIAN_POINT('',(0.297836710724899,1.99225209169925,0.475));
#8553=CARTESIAN_POINT('',(0.297130098433242,2.00127434875893,0.475));
#8554=CARTESIAN_POINT('',(0.296166072906059,2.01106384651486,0.475));
#8555=CARTESIAN_POINT('',(0.294913694487502,2.02161357218783,0.475));
#8556=CARTESIAN_POINT('',(0.293342205130257,2.03291559879035,0.475));
#8557=CARTESIAN_POINT('',(0.291421068634416,2.04496106261804,0.475));
#8558=CARTESIAN_POINT('',(0.289119925887018,2.05774021317607,0.475));
#8559=CARTESIAN_POINT('',(0.286408893353078,2.07124226119107,0.475));
#8560=CARTESIAN_POINT('',(0.28325751880363,2.08545599539233,0.475));
#8561=CARTESIAN_POINT('',(0.279638962090871,2.10036741727514,0.475));
#8562=CARTESIAN_POINT('',(0.275513888323821,2.11596895503244,0.475));
#8563=CARTESIAN_POINT('',(0.271519186096156,2.1300209990755,0.475));
#8564=CARTESIAN_POINT('',(0.268788695945703,2.13892915163409,0.475));
#8565=CARTESIAN_POINT('',(0.267733451691599,2.14233512757582,0.475));
#8566=CARTESIAN_POINT('',(0.267733451691599,2.14233512757582,0.475));
#8567=CARTESIAN_POINT('',(-1.32200621967957E-16,8.09495342691738E-33,0.475));
#8568=CARTESIAN_POINT('',(0.155359821414563,2.15340296412215,0.475));
#8569=CARTESIAN_POINT('',(0.0833477320920672,1.87139485893681,0.475));
#8570=CARTESIAN_POINT('',(0.0852808213701026,1.91563907430769,0.475));
#8571=CARTESIAN_POINT('',(0.0874300461120241,1.96483016105285,0.475));
#8572=CARTESIAN_POINT('',(0.0876335684577564,1.96676844420113,0.475));
#8573=CARTESIAN_POINT('',(0.0878332007691002,1.96899554388317,0.475));
#8574=CARTESIAN_POINT('',(0.0881428627649502,1.97163623748632,0.475));
#8575=CARTESIAN_POINT('',(0.0886193136254919,1.97517571786974,0.475));
#8576=CARTESIAN_POINT('',(0.0892848693082938,1.97944251542766,0.475));
#8577=CARTESIAN_POINT('',(0.090173117320596,1.98448274669218,0.475));
#8578=CARTESIAN_POINT('',(0.0913138435329127,1.99027259185302,0.475));
#8579=CARTESIAN_POINT('',(0.0927377288845094,1.99680854012649,0.475));
#8580=CARTESIAN_POINT('',(0.094474880750763,2.00407980563478,0.475));
#8581=CARTESIAN_POINT('',(0.0965552402642166,2.01207658619471,0.475));
#8582=CARTESIAN_POINT('',(0.0990084302339123,2.02078762989534,0.475));
#8583=CARTESIAN_POINT('',(0.101863768550485,2.03020095314637,0.475));
#8584=CARTESIAN_POINT('',(0.105150232247623,2.04030364188975,0.475));
#8585=CARTESIAN_POINT('',(0.108896441886839,2.05108192085547,0.475));
#8586=CARTESIAN_POINT('',(0.113130617700584,2.0625211393357,0.475));
#8587=CARTESIAN_POINT('',(0.117880633232799,2.07460581141947,0.475));
#8588=CARTESIAN_POINT('',(0.123173692931902,2.08731952515783,0.475));
#8589=CARTESIAN_POINT('',(0.129037476685415,2.10064534376636,0.475));
#8590=CARTESIAN_POINT('',(0.135495577942427,2.11456430146456,0.475));
#8591=CARTESIAN_POINT('',(0.142585098598748,2.12906129807903,0.475));
#8592=CARTESIAN_POINT('',(0.149244461540579,2.14206400829209,0.475));
#8593=CARTESIAN_POINT('',(0.153660380439654,2.15026830099443,0.475));
#8594=CARTESIAN_POINT('',(0.155359821414563,2.15340296412215,0.475));
#8595=CARTESIAN_POINT('',(0.0858559555567572,1.92861421344098,0.475));
#8596=CARTESIAN_POINT('',(0.0277824584446719,1.93118033209176,0.475));
#8597=CARTESIAN_POINT('',(0.0269462694276668,1.87305618203618,0.475));
#8598=CARTESIAN_POINT('',(-6.01732205729452E-16,5.01335084557297E-14,0.475));
#8599=CARTESIAN_POINT('',(-0.0269462694276666,1.87305618203618,0.475));
#8600=CARTESIAN_POINT('',(-0.0277824584446715,1.93118033209176,0.475));
#8601=CARTESIAN_POINT('',(-0.0858559555567566,1.92861421344097,0.475));
#8602=CARTESIAN_POINT('',(-0.0833477320920669,1.87139485893681,0.475));
#8603=CARTESIAN_POINT('',(-0.0852808213701024,1.91563907430769,0.475));
#8604=CARTESIAN_POINT('',(-0.0874300461120238,1.96483016105285,0.475));
#8605=CARTESIAN_POINT('',(-0.0876335684577561,1.96676844420113,0.475));
#8606=CARTESIAN_POINT('',(-0.0878332007691,1.96899554388317,0.475));
#8607=CARTESIAN_POINT('',(-0.08814286276495,1.97163623748632,0.475));
#8608=CARTESIAN_POINT('',(-0.0886193136254917,1.97517571786974,0.475));
#8609=CARTESIAN_POINT('',(-0.0892848693082936,1.97944251542766,0.475));
#8610=CARTESIAN_POINT('',(-0.0901731173205958,1.98448274669218,0.475));
#8611=CARTESIAN_POINT('',(-0.0913138435329125,1.99027259185302,0.475));
#8612=CARTESIAN_POINT('',(-0.0927377288845092,1.99680854012649,0.475));
#8613=CARTESIAN_POINT('',(-0.0944748807507628,2.00407980563478,0.475));
#8614=CARTESIAN_POINT('',(-0.0965552402642164,2.01207658619471,0.475));
#8615=CARTESIAN_POINT('',(-0.0990084302339121,2.02078762989534,0.475));
#8616=CARTESIAN_POINT('',(-0.101863768550485,2.03020095314637,0.475));
#8617=CARTESIAN_POINT('',(-0.105150232247623,2.04030364188975,0.475));
#8618=CARTESIAN_POINT('',(-0.108896441886839,2.05108192085547,0.475));
#8619=CARTESIAN_POINT('',(-0.113130617700584,2.0625211393357,0.475));
#8620=CARTESIAN_POINT('',(-0.117880633232798,2.07460581141947,0.475));
#8621=CARTESIAN_POINT('',(-0.123173692931902,2.08731952515783,0.475));
#8622=CARTESIAN_POINT('',(-0.129037476685415,2.10064534376636,0.475));
#8623=CARTESIAN_POINT('',(-0.135495577942427,2.11456430146456,0.475));
#8624=CARTESIAN_POINT('',(-0.142585098598747,2.12906129807903,0.475));
#8625=CARTESIAN_POINT('',(-0.149244461540579,2.14206400829209,0.475));
#8626=CARTESIAN_POINT('',(-0.153660380439654,2.15026830099443,0.475));
#8627=CARTESIAN_POINT('',(-0.155359821414562,2.15340296412215,0.475));
#8628=CARTESIAN_POINT('',(-0.283344796858417,1.85169686736066,0.475));
#8629=CARTESIAN_POINT('',(-0.29008046957287,1.89546806954914,0.475));
#8630=CARTESIAN_POINT('',(-0.297569246535154,1.94413325630283,0.475));
#8631=CARTESIAN_POINT('',(-0.297747775097781,1.94607400112388,0.475));
#8632=CARTESIAN_POINT('',(-0.297986464259456,1.94829725404193,0.475));
#8633=CARTESIAN_POINT('',(-0.298197926097407,1.95094761951642,0.475));
#8634=CARTESIAN_POINT('',(-0.298421148474325,1.95451204072857,0.475));
#8635=CARTESIAN_POINT('',(-0.298600792166895,1.95882669644031,0.475));
#8636=CARTESIAN_POINT('',(-0.298712911931514,1.96394336966513,0.475));
#8637=CARTESIAN_POINT('',(-0.298723647210356,1.9698445092188,0.475));
#8638=CARTESIAN_POINT('',(-0.298602221669881,1.97653265733065,0.475));
#8639=CARTESIAN_POINT('',(-0.29831700221911,1.98400310902806,0.475));
#8640=CARTESIAN_POINT('',(-0.297836710724898,1.99225209169925,0.475));
#8641=CARTESIAN_POINT('',(-0.29713009843324,2.00127434875893,0.475));
#8642=CARTESIAN_POINT('',(-0.296166072906058,2.01106384651486,0.475));
#8643=CARTESIAN_POINT('',(-0.2949136944875,2.02161357218783,0.475));
#8644=CARTESIAN_POINT('',(-0.293342205130256,2.03291559879035,0.475));
#8645=CARTESIAN_POINT('',(-0.291421068634415,2.04496106261804,0.475));
#8646=CARTESIAN_POINT('',(-0.289119925887016,2.05774021317607,0.475));
#8647=CARTESIAN_POINT('',(-0.286408893353077,2.07124226119107,0.475));
#8648=CARTESIAN_POINT('',(-0.283257518803629,2.08545599539233,0.475));
#8649=CARTESIAN_POINT('',(-0.27963896209087,2.10036741727514,0.475));
#8650=CARTESIAN_POINT('',(-0.275513888323819,2.11596895503244,0.475));
#8651=CARTESIAN_POINT('',(-0.271519186096155,2.1300209990755,0.475));
#8652=CARTESIAN_POINT('',(-0.268788695945702,2.13892915163409,0.475));
#8653=CARTESIAN_POINT('',(-0.267733451691597,2.14233512757582,0.475));
#8654=CARTESIAN_POINT('',(-0.292047710500062,1.90830609813594,0.475));
#8655=CARTESIAN_POINT('',(-0.349505966563047,1.89949333228419,0.475));
#8656=CARTESIAN_POINT('',(-0.338986629291302,1.84232288908913,0.475));
#8657=CARTESIAN_POINT('',(-1.03707323985506E-14,4.90528150185674E-14,0.475));
#8658=CARTESIAN_POINT('',(-0.391843638124172,1.83180897632958,0.475));
#8659=CARTESIAN_POINT('',(-0.404003219154942,1.88865315475545,0.475));
#8660=CARTESIAN_POINT('',(-0.460460225390103,1.87480676610279,0.475));
#8661=CARTESIAN_POINT('',(-0.4468372544402,1.81917619557435,0.475));
#8662=CARTESIAN_POINT('',(-0.457364818173858,1.86219314374335,0.475));
#8663=CARTESIAN_POINT('',(-0.469069451118451,1.91001974460307,0.475));
#8664=CARTESIAN_POINT('',(-0.469647203122934,1.91188107894418,0.475));
#8665=CARTESIAN_POINT('',(-0.470277485149525,1.91402643919842,0.475));
#8666=CARTESIAN_POINT('',(-0.471096370842337,1.91655598055594,0.475));
#8667=CARTESIAN_POINT('',(-0.472254185200965,1.91993449986448,0.475));
#8668=CARTESIAN_POINT('',(-0.473739363327496,1.92398946863126,0.475));
#8669=CARTESIAN_POINT('',(-0.475593844243742,1.92875956467459,0.475));
#8670=CARTESIAN_POINT('',(-0.477842194478604,1.93421561494007,0.475));
#8671=CARTESIAN_POINT('',(-0.480513820525785,1.9403481905484,0.475));
#8672=CARTESIAN_POINT('',(-0.483636147035507,1.94714083921185,0.475));
#8673=CARTESIAN_POINT('',(-0.48723662751878,1.95457810586827,0.475));
#8674=CARTESIAN_POINT('',(-0.491342120451743,1.96264317568564,0.475));
#8675=CARTESIAN_POINT('',(-0.495979042507492,1.97131857569828,0.475));
#8676=CARTESIAN_POINT('',(-0.5011732945264,1.98058598684931,0.475));
#8677=CARTESIAN_POINT('',(-0.506950259712052,1.99042631496212,0.475));
#8678=CARTESIAN_POINT('',(-0.513334757841732,2.00081968534386,0.475));
#8679=CARTESIAN_POINT('',(-0.520351105725697,2.01174547178237,0.475));
#8680=CARTESIAN_POINT('',(-0.528022783274111,2.02318227035506,0.475));
#8681=CARTESIAN_POINT('',(-0.536373634310489,2.03510806963492,0.475));
#8682=CARTESIAN_POINT('',(-0.545423098902192,2.04749966541003,0.475));
#8683=CARTESIAN_POINT('',(-0.555204620144809,2.06033500943178,0.475));
#8684=CARTESIAN_POINT('',(-0.564272728217567,2.07178869895335,0.475));
#8685=CARTESIAN_POINT('',(-0.570204374578449,2.0789738454319,0.475));
#8686=CARTESIAN_POINT('',(-0.572482703710552,2.08171673239955,0.475));
#8687=CARTESIAN_POINT('',(-0.639148544167225,1.7608392036154,0.475));
#8688=CARTESIAN_POINT('',(-0.65429413074916,1.80245528986856,0.475));
#8689=CARTESIAN_POINT('',(-0.671133119916741,1.84872440079557,0.475));
#8690=CARTESIAN_POINT('',(-0.671686838635187,1.8505930255543,0.475));
#8691=CARTESIAN_POINT('',(-0.672354676579255,1.85272699334553,0.475));
#8692=CARTESIAN_POINT('',(-0.673079135891165,1.85528517863255,0.475));
#8693=CARTESIAN_POINT('',(-0.673993453194782,1.85873756196518,0.475));
#8694=CARTESIAN_POINT('',(-0.675011392656364,1.86293426603143,0.475));
#8695=CARTESIAN_POINT('',(-0.676119571498227,1.86793075033399,0.475));
#8696=CARTESIAN_POINT('',(-0.677281355717481,1.87371640679682,0.475));
#8697=CARTESIAN_POINT('',(-0.678467056303552,1.88029973296588,0.475));
#8698=CARTESIAN_POINT('',(-0.679644730091804,1.88768228558315,0.475));
#8699=CARTESIAN_POINT('',(-0.680782963949607,1.89586646658763,0.475));
#8700=CARTESIAN_POINT('',(-0.681850084050082,1.90485321672729,0.475));
#8701=CARTESIAN_POINT('',(-0.682814418272668,1.91464268407938,0.475));
#8702=CARTESIAN_POINT('',(-0.683644253332975,1.92523402664069,0.475));
#8703=CARTESIAN_POINT('',(-0.6843078757124,1.93662547033591,0.475));
#8704=CARTESIAN_POINT('',(-0.684773606732612,1.94881427909135,0.475));
#8705=CARTESIAN_POINT('',(-0.685009768395315,1.96179681253432,0.475));
#8706=CARTESIAN_POINT('',(-0.684984946486455,1.97556831869277,0.475));
#8707=CARTESIAN_POINT('',(-0.684667086697695,1.99012374265257,0.475));
#8708=CARTESIAN_POINT('',(-0.684027133634352,2.00545459113944,0.475));
#8709=CARTESIAN_POINT('',(-0.683025031028071,2.02156111169302,0.475));
#8710=CARTESIAN_POINT('',(-0.681848503680928,2.03612247739397,0.475));
#8711=CARTESIAN_POINT('',(-0.680908373484302,2.04539215450174,0.475));
#8712=CARTESIAN_POINT('',(-0.680537878395898,2.04893855351214,0.475));
#8713=CARTESIAN_POINT('',(-0.658728146824607,1.81466284966992,0.475));
#8714=CARTESIAN_POINT('',(-0.713363073280952,1.79480986896507,0.475));
#8715=CARTESIAN_POINT('',(-0.691892461952498,1.74079016070097,0.475));
#8716=CARTESIAN_POINT('',(-1.97411911612692E-14,4.60870494093771E-14,0.475));
#8717=CARTESIAN_POINT('',(-0.74168267555601,1.72016637895295,0.475));
#8718=CARTESIAN_POINT('',(-0.764698362720705,1.77354609585077,0.475));
#8719=CARTESIAN_POINT('',(-0.817369266990777,1.74895154614703,0.475));
#8720=CARTESIAN_POINT('',(-0.793155071689415,1.69704761122173,0.475));
#8721=CARTESIAN_POINT('',(-0.811872541508337,1.73718417499492,0.475));
#8722=CARTESIAN_POINT('',(-0.832682780175575,1.7818083405196,0.475));
#8723=CARTESIAN_POINT('',(-0.833612559153283,1.78352119601867,0.475));
#8724=CARTESIAN_POINT('',(-0.834649269510307,1.78550237185367,0.475));
#8725=CARTESIAN_POINT('',(-0.835945909582142,1.78782355210979,0.475));
#8726=CARTESIAN_POINT('',(-0.837740593282363,1.7909112757411,0.475));
#8727=CARTESIAN_POINT('',(-0.839988319290119,1.7945985855411,0.475));
#8728=CARTESIAN_POINT('',(-0.842737766448702,1.79891523424738,0.475));
#8729=CARTESIAN_POINT('',(-0.846007337867473,1.80382781666557,0.475));
#8730=CARTESIAN_POINT('',(-0.84982403551951,1.80932134816734,0.475));
#8731=CARTESIAN_POINT('',(-0.854211547415953,1.81537434230718,0.475));
#8732=CARTESIAN_POINT('',(-0.859193784423245,1.82196628507333,0.475));
#8733=CARTESIAN_POINT('',(-0.864793808528449,1.82907544489731,0.475));
#8734=CARTESIAN_POINT('',(-0.871034120009188,1.83667953091429,0.475));
#8735=CARTESIAN_POINT('',(-0.87793654815775,1.84475552305967,0.475));
#8736=CARTESIAN_POINT('',(-0.885522263357511,1.85327974202871,0.475));
#8737=CARTESIAN_POINT('',(-0.89381173112047,1.86222785291687,0.475));
#8738=CARTESIAN_POINT('',(-0.90282477704182,1.87157488186453,0.475));
#8739=CARTESIAN_POINT('',(-0.912580254173683,1.88129525551623,0.475));
#8740=CARTESIAN_POINT('',(-0.92309725397081,1.89136273368916,0.475));
#8741=CARTESIAN_POINT('',(-0.934390316047944,1.90175076546484,0.475));
#8742=CARTESIAN_POINT('',(-0.946487939501044,1.91243120182125,0.475));
#8743=CARTESIAN_POINT('',(-0.957616310396946,1.92189571178632,0.475));
#8744=CARTESIAN_POINT('',(-0.96483573437649,1.9277855908914,0.475));
#8745=CARTESIAN_POINT('',(-0.967605396754943,1.93003129409104,0.475));
#8746=CARTESIAN_POINT('',(-0.97039017136232,1.60231347676521,0.475));
#8747=CARTESIAN_POINT('',(-0.993363635413134,1.64017516422691,0.475));
#8748=CARTESIAN_POINT('',(-1.01890572387572,1.68227010334234,0.475));
#8749=CARTESIAN_POINT('',(-1.01981335365016,1.68399479783721,0.475));
#8750=CARTESIAN_POINT('',(-1.02088467573896,1.68595747331613,0.475));
#8751=CARTESIAN_POINT('',(-1.02209429195975,1.68832516878973,0.475));
#8752=CARTESIAN_POINT('',(-1.02366456748885,1.69153284108751,0.475));
#8753=CARTESIAN_POINT('',(-1.0254816838768,1.69545031652454,0.475));
#8754=CARTESIAN_POINT('',(-1.02754333510449,1.70013459981514,0.475));
#8755=CARTESIAN_POINT('',(-1.02981152154814,1.70558243365391,0.475));
#8756=CARTESIAN_POINT('',(-1.03225878245219,1.71180794434746,0.475));
#8757=CARTESIAN_POINT('',(-1.03485409213623,1.71881889052771,0.475));
#8758=CARTESIAN_POINT('',(-1.03756710965722,1.72662375637921,0.475));
#8759=CARTESIAN_POINT('',(-1.04036695332281,1.73522964383082,0.475));
#8760=CARTESIAN_POINT('',(-1.0432225884718,1.74464287703872,0.475));
#8761=CARTESIAN_POINT('',(-1.04610274691498,1.75486881713342,0.475));
#8762=CARTESIAN_POINT('',(-1.04897597839519,1.76591191112854,0.475));
#8763=CARTESIAN_POINT('',(-1.05181067914954,1.77777565572682,0.475));
#8764=CARTESIAN_POINT('',(-1.05457506966209,1.79046266057521,0.475));
#8765=CARTESIAN_POINT('',(-1.05723741227034,1.80397439361858,0.475));
#8766=CARTESIAN_POINT('',(-1.05976528241569,1.81831215055694,0.475));
#8767=CARTESIAN_POINT('',(-1.0621285260391,1.83347326973815,0.475));
#8768=CARTESIAN_POINT('',(-1.06428790483476,1.84946580853576,0.475));
#8769=CARTESIAN_POINT('',(-1.06597476565429,1.86397691077684,0.475));
#8770=CARTESIAN_POINT('',(-1.06686112408772,1.87325188394103,0.475));
#8771=CARTESIAN_POINT('',(-1.06718961608348,1.87680241989496,0.475));
#8772=CARTESIAN_POINT('',(-1.00009402988568,1.65128312556574,0.475));
#8773=CARTESIAN_POINT('',(-1.04980603715129,1.6211528689226,0.475));
#8774=CARTESIAN_POINT('',(-1.01820925531862,1.57235984268344,0.475));
#8775=CARTESIAN_POINT('',(-2.83530070186478E-14,4.13501843372994E-14,0.475));
#8776=CARTESIAN_POINT('',(-1.06301926370667,1.54241875231357,0.475));
#8777=CARTESIAN_POINT('',(-1.09600657705489,1.59028265509867,0.475));
#8778=CARTESIAN_POINT('',(-1.14286726604696,1.55588509909616,0.475));
#8779=CARTESIAN_POINT('',(-1.10899238434009,1.50970243888512,0.475));
#8780=CARTESIAN_POINT('',(-1.13518045837602,1.54541619262552,0.475));
#8781=CARTESIAN_POINT('',(-1.16429657696443,1.58512304115959,0.475));
#8782=CARTESIAN_POINT('',(-1.16554265203068,1.58662159374038,0.475));
#8783=CARTESIAN_POINT('',(-1.16694595052051,1.58836244967984,0.475));
#8784=CARTESIAN_POINT('',(-1.16867051582057,1.59038606717905,0.475));
#8785=CARTESIAN_POINT('',(-1.17103310017426,1.5930643356456,0.475));
#8786=CARTESIAN_POINT('',(-1.1739569952133,1.59624228523107,0.475));
#8787=CARTESIAN_POINT('',(-1.17749574890182,1.59993960021133,0.475));
#8788=CARTESIAN_POINT('',(-1.18166089370848,1.60411992699491,0.475));
#8789=CARTESIAN_POINT('',(-1.18647598941503,1.60876330105532,0.475));
#8790=CARTESIAN_POINT('',(-1.19196007707656,1.61384402750131,0.475));
#8791=CARTESIAN_POINT('',(-1.19813260603375,1.61933732171349,0.475));
#8792=CARTESIAN_POINT('',(-1.20501195552536,1.62521737051891,0.475));
#8793=CARTESIAN_POINT('',(-1.21261584476049,1.63145792177902,0.475));
#8794=CARTESIAN_POINT('',(-1.22096119259588,1.63803213906967,0.475));
#8795=CARTESIAN_POINT('',(-1.23006414302875,1.64491266794039,0.475));
#8796=CARTESIAN_POINT('',(-1.23994002082764,1.65207164845169,0.475));
#8797=CARTESIAN_POINT('',(-1.25060339848619,1.65948071882792,0.475));
#8798=CARTESIAN_POINT('',(-1.26206777768626,1.66711111905046,0.475));
#8799=CARTESIAN_POINT('',(-1.27434676383994,1.67493338857618,0.475));
#8800=CARTESIAN_POINT('',(-1.2874494373601,1.68291865011694,0.475));
#8801=CARTESIAN_POINT('',(-1.3013982581388,1.6910337356285,0.475));
#8802=CARTESIAN_POINT('',(-1.31415923480518,1.69814535022687,0.475));
#8803=CARTESIAN_POINT('',(-1.32238899798856,1.70251361720755,0.475));
#8804=CARTESIAN_POINT('',(-1.3255435570414,1.70417583552462,0.475));
#8805=CARTESIAN_POINT('',(-1.26434024847304,1.38221174159068,0.475));
#8806=CARTESIAN_POINT('',(-1.29425873265293,1.41486402684484,0.475));
#8807=CARTESIAN_POINT('',(-1.32752235227506,1.45116710924559,0.475));
#8808=CARTESIAN_POINT('',(-1.32874901340228,1.45268159443439,0.475));
#8809=CARTESIAN_POINT('',(-1.33018264932874,1.45439755308304,0.475));
#8810=CARTESIAN_POINT('',(-1.33183093758541,1.45648376953399,0.475));
#8811=CARTESIAN_POINT('',(-1.33399682653202,1.45932346174938,0.475));
#8812=CARTESIAN_POINT('',(-1.3365432890826,1.4628111621731,0.475));
#8813=CARTESIAN_POINT('',(-1.33947918459562,1.46700323007187,0.475));
#8814=CARTESIAN_POINT('',(-1.34276660813067,1.47190388408733,0.475));
#8815=CARTESIAN_POINT('',(-1.34638138248858,1.47753233642073,0.475));
#8816=CARTESIAN_POINT('',(-1.35029459177271,1.48390224943402,0.475));
#8817=CARTESIAN_POINT('',(-1.35447813321504,1.49102786351489,0.475));
#8818=CARTESIAN_POINT('',(-1.35890310402385,1.49892216884992,0.475));
#8819=CARTESIAN_POINT('',(-1.36354029964192,1.50759742264045,0.475));
#8820=CARTESIAN_POINT('',(-1.36836009859422,1.51706498312548,0.475));
#8821=CARTESIAN_POINT('',(-1.37333252250077,1.52733534751131,0.475));
#8822=CARTESIAN_POINT('',(-1.37842725702897,1.53841811090079,0.475));
#8823=CARTESIAN_POINT('',(-1.38361364241426,1.55032203267321,0.475));
#8824=CARTESIAN_POINT('',(-1.38886083720625,1.56305474427813,0.475));
#8825=CARTESIAN_POINT('',(-1.39413729265368,1.5766238422366,0.475));
#8826=CARTESIAN_POINT('',(-1.39941291483671,1.59103259880447,0.475));
#8827=CARTESIAN_POINT('',(-1.40465079131819,1.60629657154885,0.475));
#8828=CARTESIAN_POINT('',(-1.40913621518909,1.62019975680885,0.475));
#8829=CARTESIAN_POINT('',(-1.41181499999505,1.62912359401222,0.475));
#8830=CARTESIAN_POINT('',(-1.41282985531181,1.63254182180415,0.475));
#8831=CARTESIAN_POINT('',(-1.30302686023744,1.42444551699631,0.475));
#8832=CARTESIAN_POINT('',(-1.34590554375191,1.38519587328043,0.475));
#8833=CARTESIAN_POINT('',(-1.30539683802118,1.34350461770115,0.475));
#8834=CARTESIAN_POINT('',(-3.58752327168493E-14,3.502425487059E-14,0.475));
#8835=CARTESIAN_POINT('',(-1.34350461770115,1.30539683802118,0.475));
#8836=CARTESIAN_POINT('',(-1.38519587328043,1.34590554375191,0.475));
#8837=CARTESIAN_POINT('',(-1.42444551699631,1.30302686023744,0.475));
#8838=CARTESIAN_POINT('',(-1.38221174159068,1.26434024847304,0.475));
#8839=CARTESIAN_POINT('',(-1.41486402684484,1.29425873265293,0.475));
#8840=CARTESIAN_POINT('',(-1.45116710924559,1.32752235227506,0.475));
#8841=CARTESIAN_POINT('',(-1.45268159443439,1.32874901340228,0.475));
#8842=CARTESIAN_POINT('',(-1.45439755308304,1.33018264932874,0.475));
#8843=CARTESIAN_POINT('',(-1.45648376953399,1.33183093758541,0.475));
#8844=CARTESIAN_POINT('',(-1.45932346174938,1.33399682653202,0.475));
#8845=CARTESIAN_POINT('',(-1.4628111621731,1.3365432890826,0.475));
#8846=CARTESIAN_POINT('',(-1.46700323007187,1.33947918459562,0.475));
#8847=CARTESIAN_POINT('',(-1.47190388408733,1.34276660813067,0.475));
#8848=CARTESIAN_POINT('',(-1.47753233642073,1.34638138248858,0.475));
#8849=CARTESIAN_POINT('',(-1.48390224943402,1.35029459177271,0.475));
#8850=CARTESIAN_POINT('',(-1.49102786351489,1.35447813321504,0.475));
#8851=CARTESIAN_POINT('',(-1.49892216884992,1.35890310402386,0.475));
#8852=CARTESIAN_POINT('',(-1.50759742264045,1.36354029964192,0.475));
#8853=CARTESIAN_POINT('',(-1.51706498312548,1.36836009859422,0.475));
#8854=CARTESIAN_POINT('',(-1.52733534751131,1.37333252250077,0.475));
#8855=CARTESIAN_POINT('',(-1.53841811090079,1.37842725702897,0.475));
#8856=CARTESIAN_POINT('',(-1.55032203267321,1.38361364241426,0.475));
#8857=CARTESIAN_POINT('',(-1.56305474427813,1.38886083720625,0.475));
#8858=CARTESIAN_POINT('',(-1.5766238422366,1.39413729265368,0.475));
#8859=CARTESIAN_POINT('',(-1.59103259880447,1.39941291483671,0.475));
#8860=CARTESIAN_POINT('',(-1.60629657154885,1.40465079131819,0.475));
#8861=CARTESIAN_POINT('',(-1.62019975680885,1.40913621518909,0.475));
#8862=CARTESIAN_POINT('',(-1.62912359401222,1.41181499999505,0.475));
#8863=CARTESIAN_POINT('',(-1.63254182180415,1.41282985531181,0.475));
#8864=CARTESIAN_POINT('',(-1.50970243888512,1.10899238434009,0.475));
#8865=CARTESIAN_POINT('',(-1.54541619262552,1.13518045837602,0.475));
#8866=CARTESIAN_POINT('',(-1.58512304115959,1.16429657696443,0.475));
#8867=CARTESIAN_POINT('',(-1.58662159374038,1.16554265203068,0.475));
#8868=CARTESIAN_POINT('',(-1.58836244967984,1.16694595052051,0.475));
#8869=CARTESIAN_POINT('',(-1.59038606717905,1.16867051582057,0.475));
#8870=CARTESIAN_POINT('',(-1.5930643356456,1.17103310017426,0.475));
#8871=CARTESIAN_POINT('',(-1.59624228523107,1.1739569952133,0.475));
#8872=CARTESIAN_POINT('',(-1.59993960021133,1.17749574890182,0.475));
#8873=CARTESIAN_POINT('',(-1.60411992699491,1.18166089370848,0.475));
#8874=CARTESIAN_POINT('',(-1.60876330105532,1.18647598941503,0.475));
#8875=CARTESIAN_POINT('',(-1.61384402750131,1.19196007707656,0.475));
#8876=CARTESIAN_POINT('',(-1.61933732171349,1.19813260603375,0.475));
#8877=CARTESIAN_POINT('',(-1.62521737051891,1.20501195552536,0.475));
#8878=CARTESIAN_POINT('',(-1.63145792177902,1.21261584476049,0.475));
#8879=CARTESIAN_POINT('',(-1.63803213906967,1.22096119259589,0.475));
#8880=CARTESIAN_POINT('',(-1.64491266794039,1.23006414302875,0.475));
#8881=CARTESIAN_POINT('',(-1.65207164845169,1.23994002082764,0.475));
#8882=CARTESIAN_POINT('',(-1.65948071882792,1.25060339848619,0.475));
#8883=CARTESIAN_POINT('',(-1.66711111905046,1.26206777768626,0.475));
#8884=CARTESIAN_POINT('',(-1.67493338857618,1.27434676383994,0.475));
#8885=CARTESIAN_POINT('',(-1.68291865011694,1.2874494373601,0.475));
#8886=CARTESIAN_POINT('',(-1.6910337356285,1.30139825813881,0.475));
#8887=CARTESIAN_POINT('',(-1.69814535022687,1.31415923480518,0.475));
#8888=CARTESIAN_POINT('',(-1.70251361720755,1.32238899798856,0.475));
#8889=CARTESIAN_POINT('',(-1.70417583552462,1.3255435570414,0.475));
#8890=CARTESIAN_POINT('',(-1.55588509909616,1.14286726604697,0.475));
#8891=CARTESIAN_POINT('',(-1.59028265509867,1.0960065770549,0.475));
#8892=CARTESIAN_POINT('',(-1.54241875231357,1.06301926370667,0.475));
#8893=CARTESIAN_POINT('',(-4.20187933408045E-14,2.73523629310322E-14,0.475));
#8894=CARTESIAN_POINT('',(-1.57235984268344,1.01820925531862,0.475));
#8895=CARTESIAN_POINT('',(-1.62115286892259,1.04980603715129,0.475));
#8896=CARTESIAN_POINT('',(-1.65128312556573,1.00009402988568,0.475));
#8897=CARTESIAN_POINT('',(-1.60231347676521,0.97039017136232,0.475));
#8898=CARTESIAN_POINT('',(-1.64017516422691,0.993363635413135,0.475));
#8899=CARTESIAN_POINT('',(-1.68227010334234,1.01890572387572,0.475));
#8900=CARTESIAN_POINT('',(-1.68399479783721,1.01981335365016,0.475));
#8901=CARTESIAN_POINT('',(-1.68595747331613,1.02088467573896,0.475));
#8902=CARTESIAN_POINT('',(-1.68832516878973,1.02209429195975,0.475));
#8903=CARTESIAN_POINT('',(-1.69153284108751,1.02366456748885,0.475));
#8904=CARTESIAN_POINT('',(-1.69545031652454,1.0254816838768,0.475));
#8905=CARTESIAN_POINT('',(-1.70013459981514,1.02754333510449,0.475));
#8906=CARTESIAN_POINT('',(-1.70558243365391,1.02981152154814,0.475));
#8907=CARTESIAN_POINT('',(-1.71180794434746,1.03225878245219,0.475));
#8908=CARTESIAN_POINT('',(-1.71881889052771,1.03485409213623,0.475));
#8909=CARTESIAN_POINT('',(-1.72662375637921,1.03756710965722,0.475));
#8910=CARTESIAN_POINT('',(-1.73522964383082,1.04036695332281,0.475));
#8911=CARTESIAN_POINT('',(-1.74464287703872,1.0432225884718,0.475));
#8912=CARTESIAN_POINT('',(-1.75486881713342,1.04610274691498,0.475));
#8913=CARTESIAN_POINT('',(-1.76591191112854,1.04897597839519,0.475));
#8914=CARTESIAN_POINT('',(-1.77777565572682,1.05181067914954,0.475));
#8915=CARTESIAN_POINT('',(-1.79046266057521,1.05457506966209,0.475));
#8916=CARTESIAN_POINT('',(-1.80397439361858,1.05723741227034,0.475));
#8917=CARTESIAN_POINT('',(-1.81831215055694,1.0597652824157,0.475));
#8918=CARTESIAN_POINT('',(-1.83347326973815,1.0621285260391,0.475));
#8919=CARTESIAN_POINT('',(-1.84946580853576,1.06428790483476,0.475));
#8920=CARTESIAN_POINT('',(-1.86397691077684,1.06597476565429,0.475));
#8921=CARTESIAN_POINT('',(-1.87325188394103,1.06686112408772,0.475));
#8922=CARTESIAN_POINT('',(-1.87680241989496,1.06718961608348,0.475));
#8923=CARTESIAN_POINT('',(-1.69704761122173,0.793155071689415,0.475));
#8924=CARTESIAN_POINT('',(-1.73718417499492,0.811872541508338,0.475));
#8925=CARTESIAN_POINT('',(-1.7818083405196,0.832682780175575,0.475));
#8926=CARTESIAN_POINT('',(-1.78352119601867,0.833612559153283,0.475));
#8927=CARTESIAN_POINT('',(-1.78550237185367,0.834649269510307,0.475));
#8928=CARTESIAN_POINT('',(-1.78782355210979,0.835945909582143,0.475));
#8929=CARTESIAN_POINT('',(-1.7909112757411,0.837740593282363,0.475));
#8930=CARTESIAN_POINT('',(-1.7945985855411,0.83998831929012,0.475));
#8931=CARTESIAN_POINT('',(-1.79891523424738,0.842737766448702,0.475));
#8932=CARTESIAN_POINT('',(-1.80382781666557,0.846007337867474,0.475));
#8933=CARTESIAN_POINT('',(-1.80932134816734,0.849824035519511,0.475));
#8934=CARTESIAN_POINT('',(-1.81537434230718,0.854211547415954,0.475));
#8935=CARTESIAN_POINT('',(-1.82196628507333,0.859193784423246,0.475));
#8936=CARTESIAN_POINT('',(-1.82907544489731,0.864793808528449,0.475));
#8937=CARTESIAN_POINT('',(-1.83667953091429,0.871034120009189,0.475));
#8938=CARTESIAN_POINT('',(-1.84475552305967,0.87793654815775,0.475));
#8939=CARTESIAN_POINT('',(-1.85327974202871,0.885522263357511,0.475));
#8940=CARTESIAN_POINT('',(-1.86222785291687,0.89381173112047,0.475));
#8941=CARTESIAN_POINT('',(-1.87157488186453,0.90282477704182,0.475));
#8942=CARTESIAN_POINT('',(-1.88129525551623,0.912580254173684,0.475));
#8943=CARTESIAN_POINT('',(-1.89136273368916,0.923097253970811,0.475));
#8944=CARTESIAN_POINT('',(-1.90175076546484,0.934390316047944,0.475));
#8945=CARTESIAN_POINT('',(-1.91243120182125,0.946487939501044,0.475));
#8946=CARTESIAN_POINT('',(-1.92189571178632,0.957616310396946,0.475));
#8947=CARTESIAN_POINT('',(-1.9277855908914,0.964835734376491,0.475));
#8948=CARTESIAN_POINT('',(-1.93003129409104,0.967605396754944,0.475));
#8949=CARTESIAN_POINT('',(-1.74895154614704,0.81736926699078,0.475));
#8950=CARTESIAN_POINT('',(-1.77354609585078,0.764698362720707,0.475));
#8951=CARTESIAN_POINT('',(-1.72016637895295,0.74168267555601,0.475));
#8952=CARTESIAN_POINT('',(-4.65475953010834E-14,1.86293350234166E-14,0.475));
#8953=CARTESIAN_POINT('',(-1.74079016070097,0.691892461952498,0.475));
#8954=CARTESIAN_POINT('',(-1.79480986896507,0.71336307328095,0.475));
#8955=CARTESIAN_POINT('',(-1.81466284966992,0.658728146824605,0.475));
#8956=CARTESIAN_POINT('',(-1.7608392036154,0.639148544167226,0.475));
#8957=CARTESIAN_POINT('',(-1.80245528986856,0.65429413074916,0.475));
#8958=CARTESIAN_POINT('',(-1.84872440079557,0.671133119916741,0.475));
#8959=CARTESIAN_POINT('',(-1.8505930255543,0.671686838635188,0.475));
#8960=CARTESIAN_POINT('',(-1.85272699334553,0.672354676579255,0.475));
#8961=CARTESIAN_POINT('',(-1.85528517863255,0.673079135891166,0.475));
#8962=CARTESIAN_POINT('',(-1.85873756196518,0.673993453194782,0.475));
#8963=CARTESIAN_POINT('',(-1.86293426603143,0.675011392656364,0.475));
#8964=CARTESIAN_POINT('',(-1.86793075033399,0.676119571498227,0.475));
#8965=CARTESIAN_POINT('',(-1.87371640679682,0.677281355717482,0.475));
#8966=CARTESIAN_POINT('',(-1.88029973296588,0.678467056303553,0.475));
#8967=CARTESIAN_POINT('',(-1.88768228558315,0.679644730091805,0.475));
#8968=CARTESIAN_POINT('',(-1.89586646658763,0.680782963949607,0.475));
#8969=CARTESIAN_POINT('',(-1.90485321672729,0.681850084050083,0.475));
#8970=CARTESIAN_POINT('',(-1.91464268407938,0.682814418272669,0.475));
#8971=CARTESIAN_POINT('',(-1.92523402664069,0.683644253332976,0.475));
#8972=CARTESIAN_POINT('',(-1.93662547033591,0.6843078757124,0.475));
#8973=CARTESIAN_POINT('',(-1.94881427909135,0.684773606732612,0.475));
#8974=CARTESIAN_POINT('',(-1.96179681253432,0.685009768395316,0.475));
#8975=CARTESIAN_POINT('',(-1.97556831869277,0.684984946486455,0.475));
#8976=CARTESIAN_POINT('',(-1.99012374265257,0.684667086697696,0.475));
#8977=CARTESIAN_POINT('',(-2.00545459113944,0.684027133634352,0.475));
#8978=CARTESIAN_POINT('',(-2.02156111169302,0.683025031028071,0.475));
#8979=CARTESIAN_POINT('',(-2.03612247739397,0.681848503680928,0.475));
#8980=CARTESIAN_POINT('',(-2.04539215450174,0.680908373484303,0.475));
#8981=CARTESIAN_POINT('',(-2.04893855351214,0.680537878395898,0.475));
#8982=CARTESIAN_POINT('',(-1.81917619557435,0.4468372544402,0.475));
#8983=CARTESIAN_POINT('',(-1.86219314374335,0.457364818173858,0.475));
#8984=CARTESIAN_POINT('',(-1.91001974460307,0.469069451118451,0.475));
#8985=CARTESIAN_POINT('',(-1.91188107894418,0.469647203122934,0.475));
#8986=CARTESIAN_POINT('',(-1.91402643919842,0.470277485149526,0.475));
#8987=CARTESIAN_POINT('',(-1.91655598055594,0.471096370842338,0.475));
#8988=CARTESIAN_POINT('',(-1.91993449986448,0.472254185200965,0.475));
#8989=CARTESIAN_POINT('',(-1.92398946863126,0.473739363327497,0.475));
#8990=CARTESIAN_POINT('',(-1.92875956467459,0.475593844243742,0.475));
#8991=CARTESIAN_POINT('',(-1.93421561494007,0.477842194478605,0.475));
#8992=CARTESIAN_POINT('',(-1.9403481905484,0.480513820525785,0.475));
#8993=CARTESIAN_POINT('',(-1.94714083921185,0.483636147035508,0.475));
#8994=CARTESIAN_POINT('',(-1.95457810586827,0.48723662751878,0.475));
#8995=CARTESIAN_POINT('',(-1.96264317568564,0.491342120451743,0.475));
#8996=CARTESIAN_POINT('',(-1.97131857569828,0.495979042507493,0.475));
#8997=CARTESIAN_POINT('',(-1.98058598684931,0.501173294526401,0.475));
#8998=CARTESIAN_POINT('',(-1.99042631496212,0.506950259712052,0.475));
#8999=CARTESIAN_POINT('',(-2.00081968534386,0.513334757841732,0.475));
#9000=CARTESIAN_POINT('',(-2.01174547178237,0.520351105725698,0.475));
#9001=CARTESIAN_POINT('',(-2.02318227035506,0.528022783274111,0.475));
#9002=CARTESIAN_POINT('',(-2.03510806963492,0.536373634310489,0.475));
#9003=CARTESIAN_POINT('',(-2.04749966541003,0.545423098902193,0.475));
#9004=CARTESIAN_POINT('',(-2.06033500943178,0.555204620144809,0.475));
#9005=CARTESIAN_POINT('',(-2.07178869895335,0.564272728217567,0.475));
#9006=CARTESIAN_POINT('',(-2.0789738454319,0.570204374578449,0.475));
#9007=CARTESIAN_POINT('',(-2.08171673239955,0.572482703710552,0.475));
#9008=CARTESIAN_POINT('',(-1.8748067661028,0.460460225390105,0.475));
#9009=CARTESIAN_POINT('',(-1.88865315475545,0.404003219154944,0.475));
#9010=CARTESIAN_POINT('',(-1.83180897632958,0.391843638124172,0.475));
#9011=CARTESIAN_POINT('',(-4.92875992781338E-14,9.19039221830259E-15,0.475));
#9012=CARTESIAN_POINT('',(-1.84232288908913,0.338986629291303,0.475));
#9013=CARTESIAN_POINT('',(-1.89949333228418,0.349505966563046,0.475));
#9014=CARTESIAN_POINT('',(-1.90830609813593,0.292047710500062,0.475));
#9015=CARTESIAN_POINT('',(-1.85169686736066,0.283344796858418,0.475));
#9016=CARTESIAN_POINT('',(-1.89546806954914,0.290080469572871,0.475));
#9017=CARTESIAN_POINT('',(-1.94413325630283,0.297569246535154,0.475));
#9018=CARTESIAN_POINT('',(-1.94607400112388,0.297747775097781,0.475));
#9019=CARTESIAN_POINT('',(-1.94829725404193,0.297986464259456,0.475));
#9020=CARTESIAN_POINT('',(-1.95094761951642,0.298197926097407,0.475));
#9021=CARTESIAN_POINT('',(-1.95451204072857,0.298421148474325,0.475));
#9022=CARTESIAN_POINT('',(-1.95882669644031,0.298600792166896,0.475));
#9023=CARTESIAN_POINT('',(-1.96394336966513,0.298712911931515,0.475));
#9024=CARTESIAN_POINT('',(-1.9698445092188,0.298723647210356,0.475));
#9025=CARTESIAN_POINT('',(-1.97653265733065,0.298602221669881,0.475));
#9026=CARTESIAN_POINT('',(-1.98400310902806,0.29831700221911,0.475));
#9027=CARTESIAN_POINT('',(-1.99225209169925,0.297836710724898,0.475));
#9028=CARTESIAN_POINT('',(-2.00127434875893,0.297130098433241,0.475));
#9029=CARTESIAN_POINT('',(-2.01106384651486,0.296166072906058,0.475));
#9030=CARTESIAN_POINT('',(-2.02161357218783,0.294913694487501,0.475));
#9031=CARTESIAN_POINT('',(-2.03291559879035,0.293342205130256,0.475));
#9032=CARTESIAN_POINT('',(-2.04496106261804,0.291421068634415,0.475));
#9033=CARTESIAN_POINT('',(-2.05774021317607,0.289119925887017,0.475));
#9034=CARTESIAN_POINT('',(-2.07124226119107,0.286408893353077,0.475));
#9035=CARTESIAN_POINT('',(-2.08545599539233,0.283257518803629,0.475));
#9036=CARTESIAN_POINT('',(-2.10036741727514,0.27963896209087,0.475));
#9037=CARTESIAN_POINT('',(-2.11596895503244,0.27551388832382,0.475));
#9038=CARTESIAN_POINT('',(-2.1300209990755,0.271519186096155,0.475));
#9039=CARTESIAN_POINT('',(-2.13892915163409,0.268788695945703,0.475));
#9040=CARTESIAN_POINT('',(-2.14233512757582,0.267733451691598,0.475));
#9041=CARTESIAN_POINT('',(-1.87139485893681,0.0833477320920673,0.475));
#9042=CARTESIAN_POINT('',(-1.91563907430769,0.0852808213701028,0.475));
#9043=CARTESIAN_POINT('',(-1.96483016105285,0.0874300461120242,0.475));
#9044=CARTESIAN_POINT('',(-1.96676844420113,0.0876335684577565,0.475));
#9045=CARTESIAN_POINT('',(-1.96899554388317,0.0878332007691003,0.475));
#9046=CARTESIAN_POINT('',(-1.97163623748632,0.0881428627649503,0.475));
#9047=CARTESIAN_POINT('',(-1.97517571786974,0.088619313625492,0.475));
#9048=CARTESIAN_POINT('',(-1.97944251542766,0.089284869308294,0.475));
#9049=CARTESIAN_POINT('',(-1.98448274669218,0.0901731173205961,0.475));
#9050=CARTESIAN_POINT('',(-1.99027259185302,0.0913138435329128,0.475));
#9051=CARTESIAN_POINT('',(-1.99680854012649,0.0927377288845095,0.475));
#9052=CARTESIAN_POINT('',(-2.00407980563478,0.0944748807507631,0.475));
#9053=CARTESIAN_POINT('',(-2.01207658619471,0.0965552402642167,0.475));
#9054=CARTESIAN_POINT('',(-2.02078762989534,0.0990084302339124,0.475));
#9055=CARTESIAN_POINT('',(-2.03020095314637,0.101863768550485,0.475));
#9056=CARTESIAN_POINT('',(-2.04030364188975,0.105150232247623,0.475));
#9057=CARTESIAN_POINT('',(-2.05108192085547,0.10889644188684,0.475));
#9058=CARTESIAN_POINT('',(-2.0625211393357,0.113130617700585,0.475));
#9059=CARTESIAN_POINT('',(-2.07460581141947,0.117880633232799,0.475));
#9060=CARTESIAN_POINT('',(-2.08731952515783,0.123173692931902,0.475));
#9061=CARTESIAN_POINT('',(-2.10064534376636,0.129037476685415,0.475));
#9062=CARTESIAN_POINT('',(-2.11456430146456,0.135495577942427,0.475));
#9063=CARTESIAN_POINT('',(-2.12906129807903,0.142585098598748,0.475));
#9064=CARTESIAN_POINT('',(-2.14206400829209,0.14924446154058,0.475));
#9065=CARTESIAN_POINT('',(-2.15026830099443,0.153660380439654,0.475));
#9066=CARTESIAN_POINT('',(-2.15340296412215,0.155359821414563,0.475));
#9067=CARTESIAN_POINT('',(-1.92861421344098,0.0858559555567574,0.475));
#9068=CARTESIAN_POINT('',(-1.93118033209176,0.027782458444672,0.475));
#9069=CARTESIAN_POINT('',(-1.87305618203618,0.0269462694276669,0.475));
#9070=CARTESIAN_POINT('',(-5.01335084557297E-14,-6.01732205729449E-16,0.475));
#9071=CARTESIAN_POINT('',(-1.87305618203618,-0.0269462694276665,0.475));
#9072=CARTESIAN_POINT('',(-1.93118033209176,-0.0277824584446714,0.475));
#9073=CARTESIAN_POINT('',(-1.92861421344097,-0.0858559555567565,0.475));
#9074=CARTESIAN_POINT('',(-1.87139485893681,-0.0833477320920668,0.475));
#9075=CARTESIAN_POINT('',(-1.91563907430769,-0.0852808213701023,0.475));
#9076=CARTESIAN_POINT('',(-1.96483016105285,-0.0874300461120237,0.475));
#9077=CARTESIAN_POINT('',(-1.96676844420113,-0.087633568457756,0.475));
#9078=CARTESIAN_POINT('',(-1.96899554388317,-0.0878332007690999,0.475));
#9079=CARTESIAN_POINT('',(-1.97163623748632,-0.0881428627649499,0.475));
#9080=CARTESIAN_POINT('',(-1.97517571786974,-0.0886193136254915,0.475));
#9081=CARTESIAN_POINT('',(-1.97944251542766,-0.0892848693082935,0.475));
#9082=CARTESIAN_POINT('',(-1.98448274669218,-0.0901731173205957,0.475));
#9083=CARTESIAN_POINT('',(-1.99027259185302,-0.0913138435329124,0.475));
#9084=CARTESIAN_POINT('',(-1.99680854012649,-0.092737728884509,0.475));
#9085=CARTESIAN_POINT('',(-2.00407980563478,-0.0944748807507627,0.475));
#9086=CARTESIAN_POINT('',(-2.01207658619471,-0.0965552402642162,0.475));
#9087=CARTESIAN_POINT('',(-2.02078762989534,-0.0990084302339119,0.475));
#9088=CARTESIAN_POINT('',(-2.03020095314637,-0.101863768550485,0.475));
#9089=CARTESIAN_POINT('',(-2.04030364188975,-0.105150232247623,0.475));
#9090=CARTESIAN_POINT('',(-2.05108192085547,-0.108896441886839,0.475));
#9091=CARTESIAN_POINT('',(-2.0625211393357,-0.113130617700584,0.475));
#9092=CARTESIAN_POINT('',(-2.07460581141947,-0.117880633232798,0.475));
#9093=CARTESIAN_POINT('',(-2.08731952515783,-0.123173692931902,0.475));
#9094=CARTESIAN_POINT('',(-2.10064534376636,-0.129037476685415,0.475));
#9095=CARTESIAN_POINT('',(-2.11456430146456,-0.135495577942427,0.475));
#9096=CARTESIAN_POINT('',(-2.12906129807903,-0.142585098598747,0.475));
#9097=CARTESIAN_POINT('',(-2.14206400829209,-0.149244461540579,0.475));
#9098=CARTESIAN_POINT('',(-2.15026830099443,-0.153660380439654,0.475));
#9099=CARTESIAN_POINT('',(-2.15340296412215,-0.155359821414562,0.475));
#9100=CARTESIAN_POINT('',(-1.85169686736066,-0.283344796858417,0.475));
#9101=CARTESIAN_POINT('',(-1.89546806954914,-0.29008046957287,0.475));
#9102=CARTESIAN_POINT('',(-1.94413325630283,-0.297569246535153,0.475));
#9103=CARTESIAN_POINT('',(-1.94607400112388,-0.297747775097781,0.475));
#9104=CARTESIAN_POINT('',(-1.94829725404193,-0.297986464259455,0.475));
#9105=CARTESIAN_POINT('',(-1.95094761951642,-0.298197926097407,0.475));
#9106=CARTESIAN_POINT('',(-1.95451204072857,-0.298421148474325,0.475));
#9107=CARTESIAN_POINT('',(-1.95882669644031,-0.298600792166895,0.475));
#9108=CARTESIAN_POINT('',(-1.96394336966513,-0.298712911931514,0.475));
#9109=CARTESIAN_POINT('',(-1.9698445092188,-0.298723647210356,0.475));
#9110=CARTESIAN_POINT('',(-1.97653265733065,-0.298602221669881,0.475));
#9111=CARTESIAN_POINT('',(-1.98400310902806,-0.29831700221911,0.475));
#9112=CARTESIAN_POINT('',(-1.99225209169925,-0.297836710724898,0.475));
#9113=CARTESIAN_POINT('',(-2.00127434875893,-0.29713009843324,0.475));
#9114=CARTESIAN_POINT('',(-2.01106384651486,-0.296166072906058,0.475));
#9115=CARTESIAN_POINT('',(-2.02161357218783,-0.2949136944875,0.475));
#9116=CARTESIAN_POINT('',(-2.03291559879035,-0.293342205130255,0.475));
#9117=CARTESIAN_POINT('',(-2.04496106261804,-0.291421068634415,0.475));
#9118=CARTESIAN_POINT('',(-2.05774021317607,-0.289119925887016,0.475));
#9119=CARTESIAN_POINT('',(-2.07124226119107,-0.286408893353077,0.475));
#9120=CARTESIAN_POINT('',(-2.08545599539233,-0.283257518803629,0.475));
#9121=CARTESIAN_POINT('',(-2.10036741727514,-0.279638962090869,0.475));
#9122=CARTESIAN_POINT('',(-2.11596895503244,-0.275513888323819,0.475));
#9123=CARTESIAN_POINT('',(-2.1300209990755,-0.271519186096154,0.475));
#9124=CARTESIAN_POINT('',(-2.13892915163409,-0.268788695945702,0.475));
#9125=CARTESIAN_POINT('',(-2.14233512757582,-0.267733451691597,0.475));
#9126=CARTESIAN_POINT('',(-1.90830609813594,-0.292047710500062,0.475));
#9127=CARTESIAN_POINT('',(-1.89949333228419,-0.349505966563046,0.475));
#9128=CARTESIAN_POINT('',(-1.84232288908913,-0.338986629291302,0.475));
#9129=CARTESIAN_POINT('',(-4.90528150185674E-14,-1.03707323985506E-14,0.475));
#9130=CARTESIAN_POINT('',(-1.83180897632958,-0.391843638124172,0.475));
#9131=CARTESIAN_POINT('',(-1.88865315475545,-0.404003219154942,0.475));
#9132=CARTESIAN_POINT('',(-1.87480676610279,-0.460460225390103,0.475));
#9133=CARTESIAN_POINT('',(-1.81917619557435,-0.4468372544402,0.475));
#9134=CARTESIAN_POINT('',(-1.86219314374335,-0.457364818173858,0.475));
#9135=CARTESIAN_POINT('',(-1.91001974460307,-0.469069451118451,0.475));
#9136=CARTESIAN_POINT('',(-1.91188107894418,-0.469647203122934,0.475));
#9137=CARTESIAN_POINT('',(-1.91402643919842,-0.470277485149525,0.475));
#9138=CARTESIAN_POINT('',(-1.91655598055594,-0.471096370842337,0.475));
#9139=CARTESIAN_POINT('',(-1.91993449986448,-0.472254185200964,0.475));
#9140=CARTESIAN_POINT('',(-1.92398946863126,-0.473739363327496,0.475));
#9141=CARTESIAN_POINT('',(-1.92875956467459,-0.475593844243742,0.475));
#9142=CARTESIAN_POINT('',(-1.93421561494007,-0.477842194478604,0.475));
#9143=CARTESIAN_POINT('',(-1.9403481905484,-0.480513820525785,0.475));
#9144=CARTESIAN_POINT('',(-1.94714083921185,-0.483636147035507,0.475));
#9145=CARTESIAN_POINT('',(-1.95457810586827,-0.48723662751878,0.475));
#9146=CARTESIAN_POINT('',(-1.96264317568564,-0.491342120451743,0.475));
#9147=CARTESIAN_POINT('',(-1.97131857569828,-0.495979042507492,0.475));
#9148=CARTESIAN_POINT('',(-1.98058598684931,-0.5011732945264,0.475));
#9149=CARTESIAN_POINT('',(-1.99042631496212,-0.506950259712052,0.475));
#9150=CARTESIAN_POINT('',(-2.00081968534386,-0.513334757841731,0.475));
#9151=CARTESIAN_POINT('',(-2.01174547178237,-0.520351105725697,0.475));
#9152=CARTESIAN_POINT('',(-2.02318227035506,-0.528022783274111,0.475));
#9153=CARTESIAN_POINT('',(-2.03510806963492,-0.536373634310489,0.475));
#9154=CARTESIAN_POINT('',(-2.04749966541003,-0.545423098902192,0.475));
#9155=CARTESIAN_POINT('',(-2.06033500943178,-0.555204620144809,0.475));
#9156=CARTESIAN_POINT('',(-2.07178869895335,-0.564272728217567,0.475));
#9157=CARTESIAN_POINT('',(-2.0789738454319,-0.570204374578448,0.475));
#9158=CARTESIAN_POINT('',(-2.08171673239955,-0.572482703710551,0.475));
#9159=CARTESIAN_POINT('',(-1.7608392036154,-0.639148544167225,0.475));
#9160=CARTESIAN_POINT('',(-1.80245528986856,-0.65429413074916,0.475));
#9161=CARTESIAN_POINT('',(-1.84872440079557,-0.671133119916741,0.475));
#9162=CARTESIAN_POINT('',(-1.8505930255543,-0.671686838635187,0.475));
#9163=CARTESIAN_POINT('',(-1.85272699334553,-0.672354676579255,0.475));
#9164=CARTESIAN_POINT('',(-1.85528517863255,-0.673079135891165,0.475));
#9165=CARTESIAN_POINT('',(-1.85873756196518,-0.673993453194782,0.475));
#9166=CARTESIAN_POINT('',(-1.86293426603143,-0.675011392656364,0.475));
#9167=CARTESIAN_POINT('',(-1.86793075033399,-0.676119571498227,0.475));
#9168=CARTESIAN_POINT('',(-1.87371640679682,-0.677281355717481,0.475));
#9169=CARTESIAN_POINT('',(-1.88029973296588,-0.678467056303552,0.475));
#9170=CARTESIAN_POINT('',(-1.88768228558315,-0.679644730091804,0.475));
#9171=CARTESIAN_POINT('',(-1.89586646658763,-0.680782963949607,0.475));
#9172=CARTESIAN_POINT('',(-1.90485321672729,-0.681850084050082,0.475));
#9173=CARTESIAN_POINT('',(-1.91464268407938,-0.682814418272668,0.475));
#9174=CARTESIAN_POINT('',(-1.92523402664069,-0.683644253332975,0.475));
#9175=CARTESIAN_POINT('',(-1.93662547033591,-0.6843078757124,0.475));
#9176=CARTESIAN_POINT('',(-1.94881427909135,-0.684773606732612,0.475));
#9177=CARTESIAN_POINT('',(-1.96179681253432,-0.685009768395315,0.475));
#9178=CARTESIAN_POINT('',(-1.97556831869277,-0.684984946486455,0.475));
#9179=CARTESIAN_POINT('',(-1.99012374265257,-0.684667086697695,0.475));
#9180=CARTESIAN_POINT('',(-2.00545459113944,-0.684027133634352,0.475));
#9181=CARTESIAN_POINT('',(-2.02156111169302,-0.683025031028071,0.475));
#9182=CARTESIAN_POINT('',(-2.03612247739397,-0.681848503680928,0.475));
#9183=CARTESIAN_POINT('',(-2.04539215450174,-0.680908373484302,0.475));
#9184=CARTESIAN_POINT('',(-2.04893855351214,-0.680537878395898,0.475));
#9185=CARTESIAN_POINT('',(-1.81466284966992,-0.658728146824607,0.475));
#9186=CARTESIAN_POINT('',(-1.79480986896507,-0.713363073280952,0.475));
#9187=CARTESIAN_POINT('',(-1.74079016070097,-0.691892461952498,0.475));
#9188=CARTESIAN_POINT('',(-4.60870494093771E-14,-1.97411911612692E-14,0.475));
#9189=CARTESIAN_POINT('',(-1.72016637895295,-0.74168267555601,0.475));
#9190=CARTESIAN_POINT('',(-1.77354609585077,-0.764698362720705,0.475));
#9191=CARTESIAN_POINT('',(-1.74895154614703,-0.817369266990777,0.475));
#9192=CARTESIAN_POINT('',(-1.69704761122173,-0.793155071689415,0.475));
#9193=CARTESIAN_POINT('',(-1.73718417499492,-0.811872541508337,0.475));
#9194=CARTESIAN_POINT('',(-1.7818083405196,-0.832682780175575,0.475));
#9195=CARTESIAN_POINT('',(-1.78352119601867,-0.833612559153283,0.475));
#9196=CARTESIAN_POINT('',(-1.78550237185367,-0.834649269510307,0.475));
#9197=CARTESIAN_POINT('',(-1.78782355210979,-0.835945909582142,0.475));
#9198=CARTESIAN_POINT('',(-1.7909112757411,-0.837740593282363,0.475));
#9199=CARTESIAN_POINT('',(-1.7945985855411,-0.839988319290119,0.475));
#9200=CARTESIAN_POINT('',(-1.79891523424738,-0.842737766448702,0.475));
#9201=CARTESIAN_POINT('',(-1.80382781666557,-0.846007337867473,0.475));
#9202=CARTESIAN_POINT('',(-1.80932134816734,-0.84982403551951,0.475));
#9203=CARTESIAN_POINT('',(-1.81537434230718,-0.854211547415953,0.475));
#9204=CARTESIAN_POINT('',(-1.82196628507333,-0.859193784423245,0.475));
#9205=CARTESIAN_POINT('',(-1.82907544489731,-0.864793808528449,0.475));
#9206=CARTESIAN_POINT('',(-1.83667953091429,-0.871034120009188,0.475));
#9207=CARTESIAN_POINT('',(-1.84475552305967,-0.87793654815775,0.475));
#9208=CARTESIAN_POINT('',(-1.85327974202871,-0.885522263357511,0.475));
#9209=CARTESIAN_POINT('',(-1.86222785291687,-0.89381173112047,0.475));
#9210=CARTESIAN_POINT('',(-1.87157488186453,-0.90282477704182,0.475));
#9211=CARTESIAN_POINT('',(-1.88129525551624,-0.912580254173683,0.475));
#9212=CARTESIAN_POINT('',(-1.89136273368916,-0.92309725397081,0.475));
#9213=CARTESIAN_POINT('',(-1.90175076546484,-0.934390316047944,0.475));
#9214=CARTESIAN_POINT('',(-1.91243120182125,-0.946487939501044,0.475));
#9215=CARTESIAN_POINT('',(-1.92189571178632,-0.957616310396946,0.475));
#9216=CARTESIAN_POINT('',(-1.9277855908914,-0.964835734376491,0.475));
#9217=CARTESIAN_POINT('',(-1.93003129409104,-0.967605396754943,0.475));
#9218=CARTESIAN_POINT('',(-1.60231347676521,-0.97039017136232,0.475));
#9219=CARTESIAN_POINT('',(-1.64017516422691,-0.993363635413135,0.475));
#9220=CARTESIAN_POINT('',(-1.68227010334234,-1.01890572387572,0.475));
#9221=CARTESIAN_POINT('',(-1.68399479783721,-1.01981335365016,0.475));
#9222=CARTESIAN_POINT('',(-1.68595747331613,-1.02088467573896,0.475));
#9223=CARTESIAN_POINT('',(-1.68832516878973,-1.02209429195975,0.475));
#9224=CARTESIAN_POINT('',(-1.69153284108751,-1.02366456748885,0.475));
#9225=CARTESIAN_POINT('',(-1.69545031652454,-1.0254816838768,0.475));
#9226=CARTESIAN_POINT('',(-1.70013459981514,-1.02754333510449,0.475));
#9227=CARTESIAN_POINT('',(-1.70558243365391,-1.02981152154814,0.475));
#9228=CARTESIAN_POINT('',(-1.71180794434746,-1.03225878245219,0.475));
#9229=CARTESIAN_POINT('',(-1.71881889052771,-1.03485409213623,0.475));
#9230=CARTESIAN_POINT('',(-1.72662375637921,-1.03756710965722,0.475));
#9231=CARTESIAN_POINT('',(-1.73522964383082,-1.04036695332281,0.475));
#9232=CARTESIAN_POINT('',(-1.74464287703872,-1.0432225884718,0.475));
#9233=CARTESIAN_POINT('',(-1.75486881713342,-1.04610274691498,0.475));
#9234=CARTESIAN_POINT('',(-1.76591191112854,-1.04897597839519,0.475));
#9235=CARTESIAN_POINT('',(-1.77777565572682,-1.05181067914954,0.475));
#9236=CARTESIAN_POINT('',(-1.79046266057521,-1.05457506966209,0.475));
#9237=CARTESIAN_POINT('',(-1.80397439361858,-1.05723741227034,0.475));
#9238=CARTESIAN_POINT('',(-1.81831215055694,-1.0597652824157,0.475));
#9239=CARTESIAN_POINT('',(-1.83347326973815,-1.0621285260391,0.475));
#9240=CARTESIAN_POINT('',(-1.84946580853576,-1.06428790483476,0.475));
#9241=CARTESIAN_POINT('',(-1.86397691077684,-1.06597476565429,0.475));
#9242=CARTESIAN_POINT('',(-1.87325188394103,-1.06686112408772,0.475));
#9243=CARTESIAN_POINT('',(-1.87680241989496,-1.06718961608348,0.475));
#9244=CARTESIAN_POINT('',(-1.65128312556574,-1.00009402988568,0.475));
#9245=CARTESIAN_POINT('',(-1.6211528689226,-1.04980603715129,0.475));
#9246=CARTESIAN_POINT('',(-1.57235984268344,-1.01820925531862,0.475));
#9247=CARTESIAN_POINT('',(-4.13501843372994E-14,-2.83530070186478E-14,0.475));
#9248=CARTESIAN_POINT('',(-1.54241875231357,-1.06301926370667,0.475));
#9249=CARTESIAN_POINT('',(-1.59028265509867,-1.09600657705489,0.475));
#9250=CARTESIAN_POINT('',(-1.55588509909616,-1.14286726604696,0.475));
#9251=CARTESIAN_POINT('',(-1.50970243888512,-1.10899238434009,0.475));
#9252=CARTESIAN_POINT('',(-1.54541619262552,-1.13518045837602,0.475));
#9253=CARTESIAN_POINT('',(-1.58512304115959,-1.16429657696443,0.475));
#9254=CARTESIAN_POINT('',(-1.58662159374038,-1.16554265203068,0.475));
#9255=CARTESIAN_POINT('',(-1.58836244967984,-1.16694595052051,0.475));
#9256=CARTESIAN_POINT('',(-1.59038606717905,-1.16867051582057,0.475));
#9257=CARTESIAN_POINT('',(-1.5930643356456,-1.17103310017426,0.475));
#9258=CARTESIAN_POINT('',(-1.59624228523107,-1.1739569952133,0.475));
#9259=CARTESIAN_POINT('',(-1.59993960021133,-1.17749574890182,0.475));
#9260=CARTESIAN_POINT('',(-1.60411992699491,-1.18166089370848,0.475));
#9261=CARTESIAN_POINT('',(-1.60876330105532,-1.18647598941503,0.475));
#9262=CARTESIAN_POINT('',(-1.61384402750131,-1.19196007707656,0.475));
#9263=CARTESIAN_POINT('',(-1.61933732171349,-1.19813260603375,0.475));
#9264=CARTESIAN_POINT('',(-1.62521737051891,-1.20501195552536,0.475));
#9265=CARTESIAN_POINT('',(-1.63145792177902,-1.21261584476049,0.475));
#9266=CARTESIAN_POINT('',(-1.63803213906967,-1.22096119259589,0.475));
#9267=CARTESIAN_POINT('',(-1.64491266794039,-1.23006414302875,0.475));
#9268=CARTESIAN_POINT('',(-1.65207164845169,-1.23994002082764,0.475));
#9269=CARTESIAN_POINT('',(-1.65948071882792,-1.25060339848619,0.475));
#9270=CARTESIAN_POINT('',(-1.66711111905046,-1.26206777768626,0.475));
#9271=CARTESIAN_POINT('',(-1.67493338857618,-1.27434676383994,0.475));
#9272=CARTESIAN_POINT('',(-1.68291865011694,-1.2874494373601,0.475));
#9273=CARTESIAN_POINT('',(-1.6910337356285,-1.30139825813881,0.475));
#9274=CARTESIAN_POINT('',(-1.69814535022687,-1.31415923480518,0.475));
#9275=CARTESIAN_POINT('',(-1.70251361720755,-1.32238899798856,0.475));
#9276=CARTESIAN_POINT('',(-1.70417583552462,-1.3255435570414,0.475));
#9277=CARTESIAN_POINT('',(-1.38221174159068,-1.26434024847304,0.475));
#9278=CARTESIAN_POINT('',(-1.41486402684484,-1.29425873265293,0.475));
#9279=CARTESIAN_POINT('',(-1.45116710924559,-1.32752235227506,0.475));
#9280=CARTESIAN_POINT('',(-1.45268159443439,-1.32874901340228,0.475));
#9281=CARTESIAN_POINT('',(-1.45439755308304,-1.33018264932874,0.475));
#9282=CARTESIAN_POINT('',(-1.45648376953399,-1.33183093758541,0.475));
#9283=CARTESIAN_POINT('',(-1.45932346174938,-1.33399682653202,0.475));
#9284=CARTESIAN_POINT('',(-1.4628111621731,-1.3365432890826,0.475));
#9285=CARTESIAN_POINT('',(-1.46700323007187,-1.33947918459562,0.475));
#9286=CARTESIAN_POINT('',(-1.47190388408733,-1.34276660813067,0.475));
#9287=CARTESIAN_POINT('',(-1.47753233642073,-1.34638138248858,0.475));
#9288=CARTESIAN_POINT('',(-1.48390224943402,-1.35029459177271,0.475));
#9289=CARTESIAN_POINT('',(-1.49102786351489,-1.35447813321504,0.475));
#9290=CARTESIAN_POINT('',(-1.49892216884992,-1.35890310402385,0.475));
#9291=CARTESIAN_POINT('',(-1.50759742264045,-1.36354029964192,0.475));
#9292=CARTESIAN_POINT('',(-1.51706498312548,-1.36836009859422,0.475));
#9293=CARTESIAN_POINT('',(-1.52733534751131,-1.37333252250077,0.475));
#9294=CARTESIAN_POINT('',(-1.53841811090079,-1.37842725702897,0.475));
#9295=CARTESIAN_POINT('',(-1.55032203267321,-1.38361364241426,0.475));
#9296=CARTESIAN_POINT('',(-1.56305474427813,-1.38886083720625,0.475));
#9297=CARTESIAN_POINT('',(-1.5766238422366,-1.39413729265368,0.475));
#9298=CARTESIAN_POINT('',(-1.59103259880447,-1.39941291483671,0.475));
#9299=CARTESIAN_POINT('',(-1.60629657154885,-1.40465079131819,0.475));
#9300=CARTESIAN_POINT('',(-1.62019975680885,-1.40913621518909,0.475));
#9301=CARTESIAN_POINT('',(-1.62912359401222,-1.41181499999505,0.475));
#9302=CARTESIAN_POINT('',(-1.63254182180415,-1.41282985531181,0.475));
#9303=CARTESIAN_POINT('',(-1.42444551699631,-1.30302686023744,0.475));
#9304=CARTESIAN_POINT('',(-1.38519587328043,-1.34590554375191,0.475));
#9305=CARTESIAN_POINT('',(-1.34350461770115,-1.30539683802118,0.475));
#9306=CARTESIAN_POINT('',(-3.502425487059E-14,-3.58752327168493E-14,0.475));
#9307=CARTESIAN_POINT('',(-1.30539683802118,-1.34350461770115,0.475));
#9308=CARTESIAN_POINT('',(-1.34590554375191,-1.38519587328043,0.475));
#9309=CARTESIAN_POINT('',(-1.30302686023744,-1.42444551699631,0.475));
#9310=CARTESIAN_POINT('',(-1.26434024847304,-1.38221174159068,0.475));
#9311=CARTESIAN_POINT('',(-1.29425873265293,-1.41486402684484,0.475));
#9312=CARTESIAN_POINT('',(-1.32752235227506,-1.45116710924559,0.475));
#9313=CARTESIAN_POINT('',(-1.32874901340228,-1.45268159443439,0.475));
#9314=CARTESIAN_POINT('',(-1.33018264932874,-1.45439755308304,0.475));
#9315=CARTESIAN_POINT('',(-1.33183093758541,-1.45648376953399,0.475));
#9316=CARTESIAN_POINT('',(-1.33399682653202,-1.45932346174938,0.475));
#9317=CARTESIAN_POINT('',(-1.3365432890826,-1.4628111621731,0.475));
#9318=CARTESIAN_POINT('',(-1.33947918459562,-1.46700323007187,0.475));
#9319=CARTESIAN_POINT('',(-1.34276660813067,-1.47190388408733,0.475));
#9320=CARTESIAN_POINT('',(-1.34638138248858,-1.47753233642073,0.475));
#9321=CARTESIAN_POINT('',(-1.35029459177271,-1.48390224943402,0.475));
#9322=CARTESIAN_POINT('',(-1.35447813321504,-1.49102786351489,0.475));
#9323=CARTESIAN_POINT('',(-1.35890310402386,-1.49892216884992,0.475));
#9324=CARTESIAN_POINT('',(-1.36354029964192,-1.50759742264045,0.475));
#9325=CARTESIAN_POINT('',(-1.36836009859422,-1.51706498312548,0.475));
#9326=CARTESIAN_POINT('',(-1.37333252250077,-1.52733534751131,0.475));
#9327=CARTESIAN_POINT('',(-1.37842725702897,-1.53841811090079,0.475));
#9328=CARTESIAN_POINT('',(-1.38361364241426,-1.55032203267321,0.475));
#9329=CARTESIAN_POINT('',(-1.38886083720625,-1.56305474427813,0.475));
#9330=CARTESIAN_POINT('',(-1.39413729265368,-1.5766238422366,0.475));
#9331=CARTESIAN_POINT('',(-1.39941291483671,-1.59103259880447,0.475));
#9332=CARTESIAN_POINT('',(-1.40465079131819,-1.60629657154885,0.475));
#9333=CARTESIAN_POINT('',(-1.40913621518909,-1.62019975680885,0.475));
#9334=CARTESIAN_POINT('',(-1.41181499999505,-1.62912359401222,0.475));
#9335=CARTESIAN_POINT('',(-1.41282985531181,-1.63254182180415,0.475));
#9336=CARTESIAN_POINT('',(-1.10899238434009,-1.50970243888512,0.475));
#9337=CARTESIAN_POINT('',(-1.13518045837602,-1.54541619262552,0.475));
#9338=CARTESIAN_POINT('',(-1.16429657696443,-1.58512304115959,0.475));
#9339=CARTESIAN_POINT('',(-1.16554265203068,-1.58662159374038,0.475));
#9340=CARTESIAN_POINT('',(-1.16694595052051,-1.58836244967984,0.475));
#9341=CARTESIAN_POINT('',(-1.16867051582057,-1.59038606717905,0.475));
#9342=CARTESIAN_POINT('',(-1.17103310017426,-1.5930643356456,0.475));
#9343=CARTESIAN_POINT('',(-1.1739569952133,-1.59624228523107,0.475));
#9344=CARTESIAN_POINT('',(-1.17749574890182,-1.59993960021133,0.475));
#9345=CARTESIAN_POINT('',(-1.18166089370848,-1.60411992699492,0.475));
#9346=CARTESIAN_POINT('',(-1.18647598941503,-1.60876330105532,0.475));
#9347=CARTESIAN_POINT('',(-1.19196007707656,-1.61384402750131,0.475));
#9348=CARTESIAN_POINT('',(-1.19813260603375,-1.61933732171349,0.475));
#9349=CARTESIAN_POINT('',(-1.20501195552536,-1.62521737051891,0.475));
#9350=CARTESIAN_POINT('',(-1.21261584476049,-1.63145792177902,0.475));
#9351=CARTESIAN_POINT('',(-1.22096119259589,-1.63803213906967,0.475));
#9352=CARTESIAN_POINT('',(-1.23006414302875,-1.64491266794039,0.475));
#9353=CARTESIAN_POINT('',(-1.23994002082764,-1.65207164845169,0.475));
#9354=CARTESIAN_POINT('',(-1.25060339848619,-1.65948071882792,0.475));
#9355=CARTESIAN_POINT('',(-1.26206777768626,-1.66711111905046,0.475));
#9356=CARTESIAN_POINT('',(-1.27434676383994,-1.67493338857618,0.475));
#9357=CARTESIAN_POINT('',(-1.2874494373601,-1.68291865011694,0.475));
#9358=CARTESIAN_POINT('',(-1.30139825813881,-1.6910337356285,0.475));
#9359=CARTESIAN_POINT('',(-1.31415923480518,-1.69814535022687,0.475));
#9360=CARTESIAN_POINT('',(-1.32238899798856,-1.70251361720755,0.475));
#9361=CARTESIAN_POINT('',(-1.3255435570414,-1.70417583552462,0.475));
#9362=CARTESIAN_POINT('',(-1.14286726604697,-1.55588509909616,0.475));
#9363=CARTESIAN_POINT('',(-1.0960065770549,-1.59028265509867,0.475));
#9364=CARTESIAN_POINT('',(-1.06301926370667,-1.54241875231357,0.475));
#9365=CARTESIAN_POINT('',(-2.73523629310322E-14,-4.20187933408045E-14,0.475));
#9366=CARTESIAN_POINT('',(-1.01820925531862,-1.57235984268344,0.475));
#9367=CARTESIAN_POINT('',(-1.04980603715129,-1.62115286892259,0.475));
#9368=CARTESIAN_POINT('',(-1.00009402988568,-1.65128312556573,0.475));
#9369=CARTESIAN_POINT('',(-0.97039017136232,-1.60231347676521,0.475));
#9370=CARTESIAN_POINT('',(-0.993363635413134,-1.64017516422691,0.475));
#9371=CARTESIAN_POINT('',(-1.01890572387572,-1.68227010334234,0.475));
#9372=CARTESIAN_POINT('',(-1.01981335365016,-1.68399479783721,0.475));
#9373=CARTESIAN_POINT('',(-1.02088467573896,-1.68595747331613,0.475));
#9374=CARTESIAN_POINT('',(-1.02209429195975,-1.68832516878973,0.475));
#9375=CARTESIAN_POINT('',(-1.02366456748885,-1.69153284108751,0.475));
#9376=CARTESIAN_POINT('',(-1.0254816838768,-1.69545031652454,0.475));
#9377=CARTESIAN_POINT('',(-1.02754333510449,-1.70013459981514,0.475));
#9378=CARTESIAN_POINT('',(-1.02981152154814,-1.70558243365391,0.475));
#9379=CARTESIAN_POINT('',(-1.03225878245219,-1.71180794434746,0.475));
#9380=CARTESIAN_POINT('',(-1.03485409213623,-1.71881889052771,0.475));
#9381=CARTESIAN_POINT('',(-1.03756710965722,-1.72662375637921,0.475));
#9382=CARTESIAN_POINT('',(-1.04036695332281,-1.73522964383082,0.475));
#9383=CARTESIAN_POINT('',(-1.0432225884718,-1.74464287703872,0.475));
#9384=CARTESIAN_POINT('',(-1.04610274691498,-1.75486881713342,0.475));
#9385=CARTESIAN_POINT('',(-1.04897597839519,-1.76591191112854,0.475));
#9386=CARTESIAN_POINT('',(-1.05181067914954,-1.77777565572682,0.475));
#9387=CARTESIAN_POINT('',(-1.05457506966209,-1.79046266057521,0.475));
#9388=CARTESIAN_POINT('',(-1.05723741227034,-1.80397439361858,0.475));
#9389=CARTESIAN_POINT('',(-1.0597652824157,-1.81831215055694,0.475));
#9390=CARTESIAN_POINT('',(-1.0621285260391,-1.83347326973815,0.475));
#9391=CARTESIAN_POINT('',(-1.06428790483476,-1.84946580853576,0.475));
#9392=CARTESIAN_POINT('',(-1.06597476565429,-1.86397691077684,0.475));
#9393=CARTESIAN_POINT('',(-1.06686112408772,-1.87325188394103,0.475));
#9394=CARTESIAN_POINT('',(-1.06718961608348,-1.87680241989496,0.475));
#9395=CARTESIAN_POINT('',(-0.793155071689416,-1.69704761122173,0.475));
#9396=CARTESIAN_POINT('',(-0.811872541508338,-1.73718417499492,0.475));
#9397=CARTESIAN_POINT('',(-0.832682780175575,-1.7818083405196,0.475));
#9398=CARTESIAN_POINT('',(-0.833612559153283,-1.78352119601867,0.475));
#9399=CARTESIAN_POINT('',(-0.834649269510307,-1.78550237185367,0.475));
#9400=CARTESIAN_POINT('',(-0.835945909582143,-1.78782355210979,0.475));
#9401=CARTESIAN_POINT('',(-0.837740593282363,-1.7909112757411,0.475));
#9402=CARTESIAN_POINT('',(-0.83998831929012,-1.7945985855411,0.475));
#9403=CARTESIAN_POINT('',(-0.842737766448702,-1.79891523424738,0.475));
#9404=CARTESIAN_POINT('',(-0.846007337867474,-1.80382781666557,0.475));
#9405=CARTESIAN_POINT('',(-0.849824035519511,-1.80932134816734,0.475));
#9406=CARTESIAN_POINT('',(-0.854211547415954,-1.81537434230718,0.475));
#9407=CARTESIAN_POINT('',(-0.859193784423246,-1.82196628507333,0.475));
#9408=CARTESIAN_POINT('',(-0.864793808528449,-1.82907544489731,0.475));
#9409=CARTESIAN_POINT('',(-0.871034120009189,-1.83667953091429,0.475));
#9410=CARTESIAN_POINT('',(-0.87793654815775,-1.84475552305967,0.475));
#9411=CARTESIAN_POINT('',(-0.885522263357511,-1.85327974202871,0.475));
#9412=CARTESIAN_POINT('',(-0.89381173112047,-1.86222785291687,0.475));
#9413=CARTESIAN_POINT('',(-0.90282477704182,-1.87157488186453,0.475));
#9414=CARTESIAN_POINT('',(-0.912580254173684,-1.88129525551623,0.475));
#9415=CARTESIAN_POINT('',(-0.923097253970811,-1.89136273368916,0.475));
#9416=CARTESIAN_POINT('',(-0.934390316047945,-1.90175076546484,0.475));
#9417=CARTESIAN_POINT('',(-0.946487939501044,-1.91243120182125,0.475));
#9418=CARTESIAN_POINT('',(-0.957616310396946,-1.92189571178632,0.475));
#9419=CARTESIAN_POINT('',(-0.964835734376491,-1.9277855908914,0.475));
#9420=CARTESIAN_POINT('',(-0.967605396754944,-1.93003129409104,0.475));
#9421=CARTESIAN_POINT('',(-0.81736926699078,-1.74895154614704,0.475));
#9422=CARTESIAN_POINT('',(-0.764698362720707,-1.77354609585078,0.475));
#9423=CARTESIAN_POINT('',(-0.74168267555601,-1.72016637895295,0.475));
#9424=CARTESIAN_POINT('',(-1.86293350234166E-14,-4.65475953010834E-14,0.475));
#9425=CARTESIAN_POINT('',(-0.691892461952499,-1.74079016070097,0.475));
#9426=CARTESIAN_POINT('',(-0.71336307328095,-1.79480986896507,0.475));
#9427=CARTESIAN_POINT('',(-0.658728146824605,-1.81466284966992,0.475));
#9428=CARTESIAN_POINT('',(-0.639148544167226,-1.7608392036154,0.475));
#9429=CARTESIAN_POINT('',(-0.65429413074916,-1.80245528986856,0.475));
#9430=CARTESIAN_POINT('',(-0.671133119916741,-1.84872440079557,0.475));
#9431=CARTESIAN_POINT('',(-0.671686838635188,-1.8505930255543,0.475));
#9432=CARTESIAN_POINT('',(-0.672354676579255,-1.85272699334553,0.475));
#9433=CARTESIAN_POINT('',(-0.673079135891166,-1.85528517863255,0.475));
#9434=CARTESIAN_POINT('',(-0.673993453194782,-1.85873756196518,0.475));
#9435=CARTESIAN_POINT('',(-0.675011392656364,-1.86293426603143,0.475));
#9436=CARTESIAN_POINT('',(-0.676119571498227,-1.86793075033399,0.475));
#9437=CARTESIAN_POINT('',(-0.677281355717482,-1.87371640679682,0.475));
#9438=CARTESIAN_POINT('',(-0.678467056303553,-1.88029973296588,0.475));
#9439=CARTESIAN_POINT('',(-0.679644730091805,-1.88768228558315,0.475));
#9440=CARTESIAN_POINT('',(-0.680782963949607,-1.89586646658763,0.475));
#9441=CARTESIAN_POINT('',(-0.681850084050083,-1.90485321672729,0.475));
#9442=CARTESIAN_POINT('',(-0.682814418272669,-1.91464268407938,0.475));
#9443=CARTESIAN_POINT('',(-0.683644253332976,-1.92523402664069,0.475));
#9444=CARTESIAN_POINT('',(-0.6843078757124,-1.93662547033591,0.475));
#9445=CARTESIAN_POINT('',(-0.684773606732612,-1.94881427909135,0.475));
#9446=CARTESIAN_POINT('',(-0.685009768395316,-1.96179681253432,0.475));
#9447=CARTESIAN_POINT('',(-0.684984946486455,-1.97556831869277,0.475));
#9448=CARTESIAN_POINT('',(-0.684667086697696,-1.99012374265257,0.475));
#9449=CARTESIAN_POINT('',(-0.684027133634352,-2.00545459113944,0.475));
#9450=CARTESIAN_POINT('',(-0.683025031028071,-2.02156111169302,0.475));
#9451=CARTESIAN_POINT('',(-0.681848503680928,-2.03612247739397,0.475));
#9452=CARTESIAN_POINT('',(-0.680908373484303,-2.04539215450174,0.475));
#9453=CARTESIAN_POINT('',(-0.680537878395898,-2.04893855351214,0.475));
#9454=CARTESIAN_POINT('',(-0.4468372544402,-1.81917619557435,0.475));
#9455=CARTESIAN_POINT('',(-0.457364818173858,-1.86219314374335,0.475));
#9456=CARTESIAN_POINT('',(-0.469069451118451,-1.91001974460307,0.475));
#9457=CARTESIAN_POINT('',(-0.469647203122934,-1.91188107894418,0.475));
#9458=CARTESIAN_POINT('',(-0.470277485149525,-1.91402643919842,0.475));
#9459=CARTESIAN_POINT('',(-0.471096370842337,-1.91655598055594,0.475));
#9460=CARTESIAN_POINT('',(-0.472254185200965,-1.91993449986448,0.475));
#9461=CARTESIAN_POINT('',(-0.473739363327496,-1.92398946863126,0.475));
#9462=CARTESIAN_POINT('',(-0.475593844243742,-1.92875956467459,0.475));
#9463=CARTESIAN_POINT('',(-0.477842194478604,-1.93421561494007,0.475));
#9464=CARTESIAN_POINT('',(-0.480513820525785,-1.9403481905484,0.475));
#9465=CARTESIAN_POINT('',(-0.483636147035507,-1.94714083921185,0.475));
#9466=CARTESIAN_POINT('',(-0.48723662751878,-1.95457810586827,0.475));
#9467=CARTESIAN_POINT('',(-0.491342120451743,-1.96264317568564,0.475));
#9468=CARTESIAN_POINT('',(-0.495979042507492,-1.97131857569828,0.475));
#9469=CARTESIAN_POINT('',(-0.5011732945264,-1.98058598684931,0.475));
#9470=CARTESIAN_POINT('',(-0.506950259712052,-1.99042631496212,0.475));
#9471=CARTESIAN_POINT('',(-0.513334757841732,-2.00081968534386,0.475));
#9472=CARTESIAN_POINT('',(-0.520351105725697,-2.01174547178237,0.475));
#9473=CARTESIAN_POINT('',(-0.528022783274111,-2.02318227035506,0.475));
#9474=CARTESIAN_POINT('',(-0.536373634310489,-2.03510806963492,0.475));
#9475=CARTESIAN_POINT('',(-0.545423098902192,-2.04749966541003,0.475));
#9476=CARTESIAN_POINT('',(-0.555204620144809,-2.06033500943178,0.475));
#9477=CARTESIAN_POINT('',(-0.564272728217567,-2.07178869895335,0.475));
#9478=CARTESIAN_POINT('',(-0.570204374578449,-2.0789738454319,0.475));
#9479=CARTESIAN_POINT('',(-0.572482703710552,-2.08171673239955,0.475));
#9480=CARTESIAN_POINT('',(-0.460460225390105,-1.8748067661028,0.475));
#9481=CARTESIAN_POINT('',(-0.404003219154944,-1.88865315475545,0.475));
#9482=CARTESIAN_POINT('',(-0.391843638124172,-1.83180897632958,0.475));
#9483=CARTESIAN_POINT('',(-9.19039221830258E-15,-4.92875992781338E-14,0.475));
#9484=CARTESIAN_POINT('',(-0.338986629291302,-1.84232288908913,0.475));
#9485=CARTESIAN_POINT('',(-0.349505966563046,-1.89949333228418,0.475));
#9486=CARTESIAN_POINT('',(-0.292047710500061,-1.90830609813593,0.475));
#9487=CARTESIAN_POINT('',(-0.283344796858418,-1.85169686736066,0.475));
#9488=CARTESIAN_POINT('',(-0.29008046957287,-1.89546806954914,0.475));
#9489=CARTESIAN_POINT('',(-0.297569246535154,-1.94413325630283,0.475));
#9490=CARTESIAN_POINT('',(-0.297747775097781,-1.94607400112388,0.475));
#9491=CARTESIAN_POINT('',(-0.297986464259456,-1.94829725404193,0.475));
#9492=CARTESIAN_POINT('',(-0.298197926097407,-1.95094761951642,0.475));
#9493=CARTESIAN_POINT('',(-0.298421148474325,-1.95451204072857,0.475));
#9494=CARTESIAN_POINT('',(-0.298600792166895,-1.95882669644031,0.475));
#9495=CARTESIAN_POINT('',(-0.298712911931514,-1.96394336966513,0.475));
#9496=CARTESIAN_POINT('',(-0.298723647210356,-1.9698445092188,0.475));
#9497=CARTESIAN_POINT('',(-0.298602221669881,-1.97653265733065,0.475));
#9498=CARTESIAN_POINT('',(-0.29831700221911,-1.98400310902806,0.475));
#9499=CARTESIAN_POINT('',(-0.297836710724898,-1.99225209169925,0.475));
#9500=CARTESIAN_POINT('',(-0.297130098433241,-2.00127434875893,0.475));
#9501=CARTESIAN_POINT('',(-0.296166072906058,-2.01106384651486,0.475));
#9502=CARTESIAN_POINT('',(-0.2949136944875,-2.02161357218783,0.475));
#9503=CARTESIAN_POINT('',(-0.293342205130256,-2.03291559879035,0.475));
#9504=CARTESIAN_POINT('',(-0.291421068634415,-2.04496106261804,0.475));
#9505=CARTESIAN_POINT('',(-0.289119925887016,-2.05774021317607,0.475));
#9506=CARTESIAN_POINT('',(-0.286408893353077,-2.07124226119107,0.475));
#9507=CARTESIAN_POINT('',(-0.283257518803629,-2.08545599539233,0.475));
#9508=CARTESIAN_POINT('',(-0.27963896209087,-2.10036741727514,0.475));
#9509=CARTESIAN_POINT('',(-0.275513888323819,-2.11596895503244,0.475));
#9510=CARTESIAN_POINT('',(-0.271519186096155,-2.1300209990755,0.475));
#9511=CARTESIAN_POINT('',(-0.268788695945702,-2.13892915163409,0.475));
#9512=CARTESIAN_POINT('',(-0.267733451691597,-2.14233512757582,0.475));
#9513=CARTESIAN_POINT('',(-0.0833477320920674,-1.87139485893681,0.475));
#9514=CARTESIAN_POINT('',(-0.0852808213701029,-1.91563907430769,0.475));
#9515=CARTESIAN_POINT('',(-0.0874300461120243,-1.96483016105285,0.475));
#9516=CARTESIAN_POINT('',(-0.0876335684577566,-1.96676844420113,0.475));
#9517=CARTESIAN_POINT('',(-0.0878332007691004,-1.96899554388317,0.475));
#9518=CARTESIAN_POINT('',(-0.0881428627649505,-1.97163623748632,0.475));
#9519=CARTESIAN_POINT('',(-0.0886193136254921,-1.97517571786974,0.475));
#9520=CARTESIAN_POINT('',(-0.0892848693082941,-1.97944251542766,0.475));
#9521=CARTESIAN_POINT('',(-0.0901731173205963,-1.98448274669218,0.475));
#9522=CARTESIAN_POINT('',(-0.0913138435329129,-1.99027259185302,0.475));
#9523=CARTESIAN_POINT('',(-0.0927377288845097,-1.99680854012649,0.475));
#9524=CARTESIAN_POINT('',(-0.0944748807507633,-2.00407980563478,0.475));
#9525=CARTESIAN_POINT('',(-0.0965552402642168,-2.01207658619471,0.475));
#9526=CARTESIAN_POINT('',(-0.0990084302339126,-2.02078762989534,0.475));
#9527=CARTESIAN_POINT('',(-0.101863768550485,-2.03020095314637,0.475));
#9528=CARTESIAN_POINT('',(-0.105150232247623,-2.04030364188975,0.475));
#9529=CARTESIAN_POINT('',(-0.10889644188684,-2.05108192085547,0.475));
#9530=CARTESIAN_POINT('',(-0.113130617700585,-2.0625211393357,0.475));
#9531=CARTESIAN_POINT('',(-0.117880633232799,-2.07460581141947,0.475));
#9532=CARTESIAN_POINT('',(-0.123173692931902,-2.08731952515783,0.475));
#9533=CARTESIAN_POINT('',(-0.129037476685415,-2.10064534376636,0.475));
#9534=CARTESIAN_POINT('',(-0.135495577942428,-2.11456430146456,0.475));
#9535=CARTESIAN_POINT('',(-0.142585098598748,-2.12906129807903,0.475));
#9536=CARTESIAN_POINT('',(-0.14924446154058,-2.14206400829209,0.475));
#9537=CARTESIAN_POINT('',(-0.153660380439654,-2.15026830099443,0.475));
#9538=CARTESIAN_POINT('',(-0.155359821414563,-2.15340296412215,0.475));
#9539=CARTESIAN_POINT('',(-0.0858559555567575,-1.92861421344098,0.475));
#9540=CARTESIAN_POINT('',(-0.0277824584446721,-1.93118033209176,0.475));
#9541=CARTESIAN_POINT('',(-0.026946269427667,-1.87305618203618,0.475));
#9542=CARTESIAN_POINT('',(6.01732205729446E-16,-5.01335084557297E-14,0.475));
#9543=CARTESIAN_POINT('',(0.0269462694276663,-1.87305618203618,0.475));
#9544=CARTESIAN_POINT('',(0.0277824584446713,-1.93118033209176,0.475));
#9545=CARTESIAN_POINT('',(0.0858559555567564,-1.92861421344097,0.475));
#9546=CARTESIAN_POINT('',(0.0833477320920667,-1.87139485893681,0.475));
#9547=CARTESIAN_POINT('',(0.0852808213701022,-1.91563907430769,0.475));
#9548=CARTESIAN_POINT('',(0.0874300461120236,-1.96483016105285,0.475));
#9549=CARTESIAN_POINT('',(0.0876335684577559,-1.96676844420113,0.475));
#9550=CARTESIAN_POINT('',(0.0878332007690997,-1.96899554388317,0.475));
#9551=CARTESIAN_POINT('',(0.0881428627649497,-1.97163623748632,0.475));
#9552=CARTESIAN_POINT('',(0.0886193136254914,-1.97517571786974,0.475));
#9553=CARTESIAN_POINT('',(0.0892848693082934,-1.97944251542766,0.475));
#9554=CARTESIAN_POINT('',(0.0901731173205955,-1.98448274669218,0.475));
#9555=CARTESIAN_POINT('',(0.0913138435329122,-1.99027259185302,0.475));
#9556=CARTESIAN_POINT('',(0.0927377288845089,-1.99680854012649,0.475));
#9557=CARTESIAN_POINT('',(0.0944748807507625,-2.00407980563478,0.475));
#9558=CARTESIAN_POINT('',(0.0965552402642161,-2.01207658619471,0.475));
#9559=CARTESIAN_POINT('',(0.0990084302339118,-2.02078762989534,0.475));
#9560=CARTESIAN_POINT('',(0.101863768550485,-2.03020095314637,0.475));
#9561=CARTESIAN_POINT('',(0.105150232247623,-2.04030364188975,0.475));
#9562=CARTESIAN_POINT('',(0.108896441886839,-2.05108192085547,0.475));
#9563=CARTESIAN_POINT('',(0.113130617700584,-2.0625211393357,0.475));
#9564=CARTESIAN_POINT('',(0.117880633232798,-2.07460581141947,0.475));
#9565=CARTESIAN_POINT('',(0.123173692931902,-2.08731952515783,0.475));
#9566=CARTESIAN_POINT('',(0.129037476685415,-2.10064534376636,0.475));
#9567=CARTESIAN_POINT('',(0.135495577942427,-2.11456430146456,0.475));
#9568=CARTESIAN_POINT('',(0.142585098598747,-2.12906129807903,0.475));
#9569=CARTESIAN_POINT('',(0.149244461540579,-2.14206400829209,0.475));
#9570=CARTESIAN_POINT('',(0.153660380439654,-2.15026830099443,0.475));
#9571=CARTESIAN_POINT('',(0.155359821414562,-2.15340296412215,0.475));
#9572=CARTESIAN_POINT('',(0.283344796858418,-1.85169686736066,0.475));
#9573=CARTESIAN_POINT('',(0.29008046957287,-1.89546806954914,0.475));
#9574=CARTESIAN_POINT('',(0.297569246535154,-1.94413325630283,0.475));
#9575=CARTESIAN_POINT('',(0.297747775097781,-1.94607400112388,0.475));
#9576=CARTESIAN_POINT('',(0.297986464259456,-1.94829725404193,0.475));
#9577=CARTESIAN_POINT('',(0.298197926097407,-1.95094761951642,0.475));
#9578=CARTESIAN_POINT('',(0.298421148474325,-1.95451204072857,0.475));
#9579=CARTESIAN_POINT('',(0.298600792166896,-1.95882669644031,0.475));
#9580=CARTESIAN_POINT('',(0.298712911931514,-1.96394336966513,0.475));
#9581=CARTESIAN_POINT('',(0.298723647210356,-1.9698445092188,0.475));
#9582=CARTESIAN_POINT('',(0.298602221669881,-1.97653265733065,0.475));
#9583=CARTESIAN_POINT('',(0.29831700221911,-1.98400310902806,0.475));
#9584=CARTESIAN_POINT('',(0.297836710724898,-1.99225209169925,0.475));
#9585=CARTESIAN_POINT('',(0.297130098433241,-2.00127434875893,0.475));
#9586=CARTESIAN_POINT('',(0.296166072906058,-2.01106384651486,0.475));
#9587=CARTESIAN_POINT('',(0.294913694487501,-2.02161357218783,0.475));
#9588=CARTESIAN_POINT('',(0.293342205130256,-2.03291559879035,0.475));
#9589=CARTESIAN_POINT('',(0.291421068634415,-2.04496106261804,0.475));
#9590=CARTESIAN_POINT('',(0.289119925887017,-2.05774021317607,0.475));
#9591=CARTESIAN_POINT('',(0.286408893353077,-2.07124226119107,0.475));
#9592=CARTESIAN_POINT('',(0.283257518803629,-2.08545599539233,0.475));
#9593=CARTESIAN_POINT('',(0.27963896209087,-2.10036741727514,0.475));
#9594=CARTESIAN_POINT('',(0.27551388832382,-2.11596895503244,0.475));
#9595=CARTESIAN_POINT('',(0.271519186096155,-2.1300209990755,0.475));
#9596=CARTESIAN_POINT('',(0.268788695945702,-2.13892915163409,0.475));
#9597=CARTESIAN_POINT('',(0.267733451691597,-2.14233512757582,0.475));
#9598=CARTESIAN_POINT('',(0.292047710500062,-1.90830609813594,0.475));
#9599=CARTESIAN_POINT('',(0.349505966563047,-1.89949333228419,0.475));
#9600=CARTESIAN_POINT('',(0.338986629291303,-1.84232288908913,0.475));
#9601=CARTESIAN_POINT('',(1.03707323985506E-14,-4.90528150185674E-14,0.475));
#9602=CARTESIAN_POINT('',(0.391843638124172,-1.83180897632958,0.475));
#9603=CARTESIAN_POINT('',(0.404003219154942,-1.88865315475545,0.475));
#9604=CARTESIAN_POINT('',(0.460460225390103,-1.87480676610279,0.475));
#9605=CARTESIAN_POINT('',(0.4468372544402,-1.81917619557435,0.475));
#9606=CARTESIAN_POINT('',(0.457364818173858,-1.86219314374335,0.475));
#9607=CARTESIAN_POINT('',(0.469069451118451,-1.91001974460307,0.475));
#9608=CARTESIAN_POINT('',(0.469647203122934,-1.91188107894418,0.475));
#9609=CARTESIAN_POINT('',(0.470277485149526,-1.91402643919842,0.475));
#9610=CARTESIAN_POINT('',(0.471096370842338,-1.91655598055594,0.475));
#9611=CARTESIAN_POINT('',(0.472254185200965,-1.91993449986448,0.475));
#9612=CARTESIAN_POINT('',(0.473739363327497,-1.92398946863126,0.475));
#9613=CARTESIAN_POINT('',(0.475593844243742,-1.92875956467459,0.475));
#9614=CARTESIAN_POINT('',(0.477842194478605,-1.93421561494007,0.475));
#9615=CARTESIAN_POINT('',(0.480513820525785,-1.9403481905484,0.475));
#9616=CARTESIAN_POINT('',(0.483636147035507,-1.94714083921185,0.475));
#9617=CARTESIAN_POINT('',(0.48723662751878,-1.95457810586827,0.475));
#9618=CARTESIAN_POINT('',(0.491342120451743,-1.96264317568564,0.475));
#9619=CARTESIAN_POINT('',(0.495979042507493,-1.97131857569828,0.475));
#9620=CARTESIAN_POINT('',(0.501173294526401,-1.98058598684931,0.475));
#9621=CARTESIAN_POINT('',(0.506950259712052,-1.99042631496212,0.475));
#9622=CARTESIAN_POINT('',(0.513334757841732,-2.00081968534386,0.475));
#9623=CARTESIAN_POINT('',(0.520351105725698,-2.01174547178237,0.475));
#9624=CARTESIAN_POINT('',(0.528022783274111,-2.02318227035506,0.475));
#9625=CARTESIAN_POINT('',(0.536373634310489,-2.03510806963492,0.475));
#9626=CARTESIAN_POINT('',(0.545423098902193,-2.04749966541003,0.475));
#9627=CARTESIAN_POINT('',(0.555204620144809,-2.06033500943178,0.475));
#9628=CARTESIAN_POINT('',(0.564272728217567,-2.07178869895335,0.475));
#9629=CARTESIAN_POINT('',(0.570204374578449,-2.0789738454319,0.475));
#9630=CARTESIAN_POINT('',(0.572482703710552,-2.08171673239955,0.475));
#9631=CARTESIAN_POINT('',(0.639148544167225,-1.7608392036154,0.475));
#9632=CARTESIAN_POINT('',(0.654294130749159,-1.80245528986856,0.475));
#9633=CARTESIAN_POINT('',(0.671133119916741,-1.84872440079557,0.475));
#9634=CARTESIAN_POINT('',(0.671686838635187,-1.8505930255543,0.475));
#9635=CARTESIAN_POINT('',(0.672354676579254,-1.85272699334553,0.475));
#9636=CARTESIAN_POINT('',(0.673079135891165,-1.85528517863255,0.475));
#9637=CARTESIAN_POINT('',(0.673993453194781,-1.85873756196518,0.475));
#9638=CARTESIAN_POINT('',(0.675011392656364,-1.86293426603143,0.475));
#9639=CARTESIAN_POINT('',(0.676119571498227,-1.86793075033399,0.475));
#9640=CARTESIAN_POINT('',(0.677281355717481,-1.87371640679682,0.475));
#9641=CARTESIAN_POINT('',(0.678467056303552,-1.88029973296588,0.475));
#9642=CARTESIAN_POINT('',(0.679644730091804,-1.88768228558315,0.475));
#9643=CARTESIAN_POINT('',(0.680782963949607,-1.89586646658763,0.475));
#9644=CARTESIAN_POINT('',(0.681850084050082,-1.90485321672729,0.475));
#9645=CARTESIAN_POINT('',(0.682814418272668,-1.91464268407938,0.475));
#9646=CARTESIAN_POINT('',(0.683644253332975,-1.92523402664069,0.475));
#9647=CARTESIAN_POINT('',(0.684307875712399,-1.93662547033591,0.475));
#9648=CARTESIAN_POINT('',(0.684773606732612,-1.94881427909135,0.475));
#9649=CARTESIAN_POINT('',(0.685009768395315,-1.96179681253432,0.475));
#9650=CARTESIAN_POINT('',(0.684984946486455,-1.97556831869277,0.475));
#9651=CARTESIAN_POINT('',(0.684667086697695,-1.99012374265257,0.475));
#9652=CARTESIAN_POINT('',(0.684027133634351,-2.00545459113944,0.475));
#9653=CARTESIAN_POINT('',(0.683025031028071,-2.02156111169302,0.475));
#9654=CARTESIAN_POINT('',(0.681848503680927,-2.03612247739397,0.475));
#9655=CARTESIAN_POINT('',(0.680908373484302,-2.04539215450174,0.475));
#9656=CARTESIAN_POINT('',(0.680537878395898,-2.04893855351214,0.475));
#9657=CARTESIAN_POINT('',(0.658728146824607,-1.81466284966992,0.475));
#9658=CARTESIAN_POINT('',(0.713363073280952,-1.79480986896507,0.475));
#9659=CARTESIAN_POINT('',(0.691892461952498,-1.74079016070097,0.475));
#9660=CARTESIAN_POINT('',(1.97411911612692E-14,-4.60870494093771E-14,0.475));
#9661=CARTESIAN_POINT('',(0.74168267555601,-1.72016637895295,0.475));
#9662=CARTESIAN_POINT('',(0.764698362720704,-1.77354609585077,0.475));
#9663=CARTESIAN_POINT('',(0.817369266990776,-1.74895154614703,0.475));
#9664=CARTESIAN_POINT('',(0.793155071689415,-1.69704761122173,0.475));
#9665=CARTESIAN_POINT('',(0.811872541508337,-1.73718417499492,0.475));
#9666=CARTESIAN_POINT('',(0.832682780175574,-1.7818083405196,0.475));
#9667=CARTESIAN_POINT('',(0.833612559153282,-1.78352119601867,0.475));
#9668=CARTESIAN_POINT('',(0.834649269510307,-1.78550237185367,0.475));
#9669=CARTESIAN_POINT('',(0.835945909582142,-1.78782355210979,0.475));
#9670=CARTESIAN_POINT('',(0.837740593282362,-1.7909112757411,0.475));
#9671=CARTESIAN_POINT('',(0.839988319290119,-1.7945985855411,0.475));
#9672=CARTESIAN_POINT('',(0.842737766448702,-1.79891523424738,0.475));
#9673=CARTESIAN_POINT('',(0.846007337867473,-1.80382781666557,0.475));
#9674=CARTESIAN_POINT('',(0.84982403551951,-1.80932134816734,0.475));
#9675=CARTESIAN_POINT('',(0.854211547415953,-1.81537434230718,0.475));
#9676=CARTESIAN_POINT('',(0.859193784423245,-1.82196628507333,0.475));
#9677=CARTESIAN_POINT('',(0.864793808528448,-1.82907544489731,0.475));
#9678=CARTESIAN_POINT('',(0.871034120009188,-1.83667953091429,0.475));
#9679=CARTESIAN_POINT('',(0.87793654815775,-1.84475552305967,0.475));
#9680=CARTESIAN_POINT('',(0.885522263357511,-1.85327974202871,0.475));
#9681=CARTESIAN_POINT('',(0.89381173112047,-1.86222785291687,0.475));
#9682=CARTESIAN_POINT('',(0.90282477704182,-1.87157488186453,0.475));
#9683=CARTESIAN_POINT('',(0.912580254173683,-1.88129525551624,0.475));
#9684=CARTESIAN_POINT('',(0.92309725397081,-1.89136273368916,0.475));
#9685=CARTESIAN_POINT('',(0.934390316047944,-1.90175076546484,0.475));
#9686=CARTESIAN_POINT('',(0.946487939501044,-1.91243120182125,0.475));
#9687=CARTESIAN_POINT('',(0.957616310396945,-1.92189571178632,0.475));
#9688=CARTESIAN_POINT('',(0.96483573437649,-1.9277855908914,0.475));
#9689=CARTESIAN_POINT('',(0.967605396754943,-1.93003129409104,0.475));
#9690=CARTESIAN_POINT('',(0.97039017136232,-1.60231347676521,0.475));
#9691=CARTESIAN_POINT('',(0.993363635413134,-1.64017516422691,0.475));
#9692=CARTESIAN_POINT('',(1.01890572387572,-1.68227010334234,0.475));
#9693=CARTESIAN_POINT('',(1.01981335365016,-1.68399479783721,0.475));
#9694=CARTESIAN_POINT('',(1.02088467573896,-1.68595747331613,0.475));
#9695=CARTESIAN_POINT('',(1.02209429195975,-1.68832516878973,0.475));
#9696=CARTESIAN_POINT('',(1.02366456748885,-1.69153284108751,0.475));
#9697=CARTESIAN_POINT('',(1.0254816838768,-1.69545031652454,0.475));
#9698=CARTESIAN_POINT('',(1.02754333510449,-1.70013459981514,0.475));
#9699=CARTESIAN_POINT('',(1.02981152154814,-1.70558243365391,0.475));
#9700=CARTESIAN_POINT('',(1.03225878245219,-1.71180794434746,0.475));
#9701=CARTESIAN_POINT('',(1.03485409213623,-1.71881889052771,0.475));
#9702=CARTESIAN_POINT('',(1.03756710965722,-1.72662375637921,0.475));
#9703=CARTESIAN_POINT('',(1.04036695332281,-1.73522964383082,0.475));
#9704=CARTESIAN_POINT('',(1.0432225884718,-1.74464287703872,0.475));
#9705=CARTESIAN_POINT('',(1.04610274691498,-1.75486881713342,0.475));
#9706=CARTESIAN_POINT('',(1.04897597839519,-1.76591191112854,0.475));
#9707=CARTESIAN_POINT('',(1.05181067914954,-1.77777565572682,0.475));
#9708=CARTESIAN_POINT('',(1.05457506966209,-1.79046266057521,0.475));
#9709=CARTESIAN_POINT('',(1.05723741227034,-1.80397439361858,0.475));
#9710=CARTESIAN_POINT('',(1.0597652824157,-1.81831215055694,0.475));
#9711=CARTESIAN_POINT('',(1.0621285260391,-1.83347326973815,0.475));
#9712=CARTESIAN_POINT('',(1.06428790483476,-1.84946580853576,0.475));
#9713=CARTESIAN_POINT('',(1.06597476565429,-1.86397691077684,0.475));
#9714=CARTESIAN_POINT('',(1.06686112408772,-1.87325188394103,0.475));
#9715=CARTESIAN_POINT('',(1.06718961608348,-1.87680241989496,0.475));
#9716=CARTESIAN_POINT('',(1.00009402988568,-1.65128312556574,0.475));
#9717=CARTESIAN_POINT('',(1.04980603715129,-1.6211528689226,0.475));
#9718=CARTESIAN_POINT('',(1.01820925531862,-1.57235984268344,0.475));
#9719=CARTESIAN_POINT('',(2.83530070186478E-14,-4.13501843372994E-14,0.475));
#9720=CARTESIAN_POINT('',(1.06301926370667,-1.54241875231357,0.475));
#9721=CARTESIAN_POINT('',(1.09600657705489,-1.59028265509867,0.475));
#9722=CARTESIAN_POINT('',(1.14286726604696,-1.55588509909616,0.475));
#9723=CARTESIAN_POINT('',(1.10899238434009,-1.50970243888512,0.475));
#9724=CARTESIAN_POINT('',(1.13518045837602,-1.54541619262552,0.475));
#9725=CARTESIAN_POINT('',(1.16429657696443,-1.58512304115959,0.475));
#9726=CARTESIAN_POINT('',(1.16554265203068,-1.58662159374038,0.475));
#9727=CARTESIAN_POINT('',(1.16694595052051,-1.58836244967984,0.475));
#9728=CARTESIAN_POINT('',(1.16867051582057,-1.59038606717905,0.475));
#9729=CARTESIAN_POINT('',(1.17103310017426,-1.5930643356456,0.475));
#9730=CARTESIAN_POINT('',(1.1739569952133,-1.59624228523107,0.475));
#9731=CARTESIAN_POINT('',(1.17749574890182,-1.59993960021133,0.475));
#9732=CARTESIAN_POINT('',(1.18166089370848,-1.60411992699491,0.475));
#9733=CARTESIAN_POINT('',(1.18647598941503,-1.60876330105532,0.475));
#9734=CARTESIAN_POINT('',(1.19196007707656,-1.61384402750131,0.475));
#9735=CARTESIAN_POINT('',(1.19813260603375,-1.61933732171349,0.475));
#9736=CARTESIAN_POINT('',(1.20501195552536,-1.62521737051891,0.475));
#9737=CARTESIAN_POINT('',(1.21261584476049,-1.63145792177902,0.475));
#9738=CARTESIAN_POINT('',(1.22096119259588,-1.63803213906967,0.475));
#9739=CARTESIAN_POINT('',(1.23006414302875,-1.64491266794039,0.475));
#9740=CARTESIAN_POINT('',(1.23994002082764,-1.65207164845169,0.475));
#9741=CARTESIAN_POINT('',(1.25060339848619,-1.65948071882792,0.475));
#9742=CARTESIAN_POINT('',(1.26206777768626,-1.66711111905046,0.475));
#9743=CARTESIAN_POINT('',(1.27434676383994,-1.67493338857618,0.475));
#9744=CARTESIAN_POINT('',(1.2874494373601,-1.68291865011694,0.475));
#9745=CARTESIAN_POINT('',(1.3013982581388,-1.6910337356285,0.475));
#9746=CARTESIAN_POINT('',(1.31415923480518,-1.69814535022687,0.475));
#9747=CARTESIAN_POINT('',(1.32238899798856,-1.70251361720755,0.475));
#9748=CARTESIAN_POINT('',(1.3255435570414,-1.70417583552462,0.475));
#9749=CARTESIAN_POINT('',(1.26434024847304,-1.38221174159068,0.475));
#9750=CARTESIAN_POINT('',(1.29425873265293,-1.41486402684484,0.475));
#9751=CARTESIAN_POINT('',(1.32752235227506,-1.45116710924559,0.475));
#9752=CARTESIAN_POINT('',(1.32874901340228,-1.45268159443439,0.475));
#9753=CARTESIAN_POINT('',(1.33018264932874,-1.45439755308304,0.475));
#9754=CARTESIAN_POINT('',(1.33183093758541,-1.45648376953399,0.475));
#9755=CARTESIAN_POINT('',(1.33399682653202,-1.45932346174938,0.475));
#9756=CARTESIAN_POINT('',(1.3365432890826,-1.4628111621731,0.475));
#9757=CARTESIAN_POINT('',(1.33947918459562,-1.46700323007187,0.475));
#9758=CARTESIAN_POINT('',(1.34276660813067,-1.47190388408733,0.475));
#9759=CARTESIAN_POINT('',(1.34638138248858,-1.47753233642073,0.475));
#9760=CARTESIAN_POINT('',(1.35029459177271,-1.48390224943402,0.475));
#9761=CARTESIAN_POINT('',(1.35447813321504,-1.49102786351489,0.475));
#9762=CARTESIAN_POINT('',(1.35890310402385,-1.49892216884992,0.475));
#9763=CARTESIAN_POINT('',(1.36354029964192,-1.50759742264045,0.475));
#9764=CARTESIAN_POINT('',(1.36836009859422,-1.51706498312548,0.475));
#9765=CARTESIAN_POINT('',(1.37333252250077,-1.52733534751131,0.475));
#9766=CARTESIAN_POINT('',(1.37842725702897,-1.53841811090079,0.475));
#9767=CARTESIAN_POINT('',(1.38361364241426,-1.55032203267321,0.475));
#9768=CARTESIAN_POINT('',(1.38886083720625,-1.56305474427813,0.475));
#9769=CARTESIAN_POINT('',(1.39413729265368,-1.5766238422366,0.475));
#9770=CARTESIAN_POINT('',(1.39941291483671,-1.59103259880447,0.475));
#9771=CARTESIAN_POINT('',(1.40465079131819,-1.60629657154885,0.475));
#9772=CARTESIAN_POINT('',(1.40913621518909,-1.62019975680885,0.475));
#9773=CARTESIAN_POINT('',(1.41181499999505,-1.62912359401222,0.475));
#9774=CARTESIAN_POINT('',(1.41282985531181,-1.63254182180415,0.475));
#9775=CARTESIAN_POINT('',(1.30302686023744,-1.42444551699631,0.475));
#9776=CARTESIAN_POINT('',(1.34590554375191,-1.38519587328043,0.475));
#9777=CARTESIAN_POINT('',(1.30539683802118,-1.34350461770115,0.475));
#9778=CARTESIAN_POINT('',(3.58752327168493E-14,-3.502425487059E-14,0.475));
#9779=CARTESIAN_POINT('',(1.34350461770115,-1.30539683802118,0.475));
#9780=CARTESIAN_POINT('',(1.38519587328043,-1.34590554375191,0.475));
#9781=CARTESIAN_POINT('',(1.42444551699631,-1.30302686023744,0.475));
#9782=CARTESIAN_POINT('',(1.38221174159068,-1.26434024847304,0.475));
#9783=CARTESIAN_POINT('',(1.41486402684484,-1.29425873265293,0.475));
#9784=CARTESIAN_POINT('',(1.45116710924559,-1.32752235227506,0.475));
#9785=CARTESIAN_POINT('',(1.45268159443439,-1.32874901340228,0.475));
#9786=CARTESIAN_POINT('',(1.45439755308304,-1.33018264932874,0.475));
#9787=CARTESIAN_POINT('',(1.45648376953399,-1.33183093758541,0.475));
#9788=CARTESIAN_POINT('',(1.45932346174938,-1.33399682653202,0.475));
#9789=CARTESIAN_POINT('',(1.4628111621731,-1.3365432890826,0.475));
#9790=CARTESIAN_POINT('',(1.46700323007187,-1.33947918459562,0.475));
#9791=CARTESIAN_POINT('',(1.47190388408733,-1.34276660813067,0.475));
#9792=CARTESIAN_POINT('',(1.47753233642073,-1.34638138248858,0.475));
#9793=CARTESIAN_POINT('',(1.48390224943402,-1.35029459177271,0.475));
#9794=CARTESIAN_POINT('',(1.49102786351489,-1.35447813321504,0.475));
#9795=CARTESIAN_POINT('',(1.49892216884992,-1.35890310402386,0.475));
#9796=CARTESIAN_POINT('',(1.50759742264045,-1.36354029964192,0.475));
#9797=CARTESIAN_POINT('',(1.51706498312548,-1.36836009859422,0.475));
#9798=CARTESIAN_POINT('',(1.52733534751131,-1.37333252250077,0.475));
#9799=CARTESIAN_POINT('',(1.53841811090079,-1.37842725702897,0.475));
#9800=CARTESIAN_POINT('',(1.55032203267321,-1.38361364241426,0.475));
#9801=CARTESIAN_POINT('',(1.56305474427813,-1.38886083720625,0.475));
#9802=CARTESIAN_POINT('',(1.5766238422366,-1.39413729265368,0.475));
#9803=CARTESIAN_POINT('',(1.59103259880447,-1.39941291483671,0.475));
#9804=CARTESIAN_POINT('',(1.60629657154885,-1.40465079131819,0.475));
#9805=CARTESIAN_POINT('',(1.62019975680885,-1.40913621518909,0.475));
#9806=CARTESIAN_POINT('',(1.62912359401222,-1.41181499999505,0.475));
#9807=CARTESIAN_POINT('',(1.63254182180415,-1.41282985531181,0.475));
#9808=CARTESIAN_POINT('',(1.50970243888512,-1.10899238434009,0.475));
#9809=CARTESIAN_POINT('',(1.54541619262552,-1.13518045837602,0.475));
#9810=CARTESIAN_POINT('',(1.58512304115959,-1.16429657696443,0.475));
#9811=CARTESIAN_POINT('',(1.58662159374038,-1.16554265203068,0.475));
#9812=CARTESIAN_POINT('',(1.58836244967984,-1.16694595052051,0.475));
#9813=CARTESIAN_POINT('',(1.59038606717905,-1.16867051582057,0.475));
#9814=CARTESIAN_POINT('',(1.5930643356456,-1.17103310017426,0.475));
#9815=CARTESIAN_POINT('',(1.59624228523107,-1.1739569952133,0.475));
#9816=CARTESIAN_POINT('',(1.59993960021133,-1.17749574890182,0.475));
#9817=CARTESIAN_POINT('',(1.60411992699491,-1.18166089370848,0.475));
#9818=CARTESIAN_POINT('',(1.60876330105532,-1.18647598941503,0.475));
#9819=CARTESIAN_POINT('',(1.61384402750131,-1.19196007707656,0.475));
#9820=CARTESIAN_POINT('',(1.61933732171349,-1.19813260603375,0.475));
#9821=CARTESIAN_POINT('',(1.62521737051891,-1.20501195552536,0.475));
#9822=CARTESIAN_POINT('',(1.63145792177902,-1.21261584476049,0.475));
#9823=CARTESIAN_POINT('',(1.63803213906967,-1.22096119259588,0.475));
#9824=CARTESIAN_POINT('',(1.64491266794039,-1.23006414302875,0.475));
#9825=CARTESIAN_POINT('',(1.65207164845169,-1.23994002082764,0.475));
#9826=CARTESIAN_POINT('',(1.65948071882792,-1.25060339848619,0.475));
#9827=CARTESIAN_POINT('',(1.66711111905046,-1.26206777768626,0.475));
#9828=CARTESIAN_POINT('',(1.67493338857618,-1.27434676383994,0.475));
#9829=CARTESIAN_POINT('',(1.68291865011694,-1.2874494373601,0.475));
#9830=CARTESIAN_POINT('',(1.6910337356285,-1.30139825813881,0.475));
#9831=CARTESIAN_POINT('',(1.69814535022687,-1.31415923480518,0.475));
#9832=CARTESIAN_POINT('',(1.70251361720755,-1.32238899798856,0.475));
#9833=CARTESIAN_POINT('',(1.70417583552462,-1.3255435570414,0.475));
#9834=CARTESIAN_POINT('',(1.55588509909616,-1.14286726604697,0.475));
#9835=CARTESIAN_POINT('',(1.59028265509867,-1.0960065770549,0.475));
#9836=CARTESIAN_POINT('',(1.54241875231357,-1.06301926370667,0.475));
#9837=CARTESIAN_POINT('',(4.20187933408045E-14,-2.73523629310322E-14,0.475));
#9838=CARTESIAN_POINT('',(1.57235984268344,-1.01820925531862,0.475));
#9839=CARTESIAN_POINT('',(1.62115286892259,-1.04980603715129,0.475));
#9840=CARTESIAN_POINT('',(1.65128312556573,-1.00009402988568,0.475));
#9841=CARTESIAN_POINT('',(1.60231347676521,-0.97039017136232,0.475));
#9842=CARTESIAN_POINT('',(1.64017516422691,-0.993363635413134,0.475));
#9843=CARTESIAN_POINT('',(1.68227010334234,-1.01890572387572,0.475));
#9844=CARTESIAN_POINT('',(1.68399479783721,-1.01981335365016,0.475));
#9845=CARTESIAN_POINT('',(1.68595747331613,-1.02088467573896,0.475));
#9846=CARTESIAN_POINT('',(1.68832516878973,-1.02209429195975,0.475));
#9847=CARTESIAN_POINT('',(1.69153284108751,-1.02366456748885,0.475));
#9848=CARTESIAN_POINT('',(1.69545031652454,-1.0254816838768,0.475));
#9849=CARTESIAN_POINT('',(1.70013459981514,-1.02754333510449,0.475));
#9850=CARTESIAN_POINT('',(1.70558243365391,-1.02981152154814,0.475));
#9851=CARTESIAN_POINT('',(1.71180794434746,-1.03225878245219,0.475));
#9852=CARTESIAN_POINT('',(1.71881889052771,-1.03485409213623,0.475));
#9853=CARTESIAN_POINT('',(1.72662375637921,-1.03756710965722,0.475));
#9854=CARTESIAN_POINT('',(1.73522964383082,-1.04036695332281,0.475));
#9855=CARTESIAN_POINT('',(1.74464287703872,-1.0432225884718,0.475));
#9856=CARTESIAN_POINT('',(1.75486881713342,-1.04610274691498,0.475));
#9857=CARTESIAN_POINT('',(1.76591191112854,-1.04897597839519,0.475));
#9858=CARTESIAN_POINT('',(1.77777565572682,-1.05181067914954,0.475));
#9859=CARTESIAN_POINT('',(1.79046266057521,-1.05457506966209,0.475));
#9860=CARTESIAN_POINT('',(1.80397439361858,-1.05723741227034,0.475));
#9861=CARTESIAN_POINT('',(1.81831215055694,-1.0597652824157,0.475));
#9862=CARTESIAN_POINT('',(1.83347326973815,-1.0621285260391,0.475));
#9863=CARTESIAN_POINT('',(1.84946580853576,-1.06428790483476,0.475));
#9864=CARTESIAN_POINT('',(1.86397691077684,-1.06597476565429,0.475));
#9865=CARTESIAN_POINT('',(1.87325188394103,-1.06686112408772,0.475));
#9866=CARTESIAN_POINT('',(1.87680241989496,-1.06718961608348,0.475));
#9867=CARTESIAN_POINT('',(1.69704761122173,-0.793155071689415,0.475));
#9868=CARTESIAN_POINT('',(1.73718417499492,-0.811872541508337,0.475));
#9869=CARTESIAN_POINT('',(1.7818083405196,-0.832682780175574,0.475));
#9870=CARTESIAN_POINT('',(1.78352119601867,-0.833612559153282,0.475));
#9871=CARTESIAN_POINT('',(1.78550237185367,-0.834649269510307,0.475));
#9872=CARTESIAN_POINT('',(1.78782355210979,-0.835945909582142,0.475));
#9873=CARTESIAN_POINT('',(1.7909112757411,-0.837740593282362,0.475));
#9874=CARTESIAN_POINT('',(1.7945985855411,-0.839988319290119,0.475));
#9875=CARTESIAN_POINT('',(1.79891523424738,-0.842737766448702,0.475));
#9876=CARTESIAN_POINT('',(1.80382781666557,-0.846007337867473,0.475));
#9877=CARTESIAN_POINT('',(1.80932134816734,-0.84982403551951,0.475));
#9878=CARTESIAN_POINT('',(1.81537434230718,-0.854211547415953,0.475));
#9879=CARTESIAN_POINT('',(1.82196628507333,-0.859193784423245,0.475));
#9880=CARTESIAN_POINT('',(1.82907544489731,-0.864793808528448,0.475));
#9881=CARTESIAN_POINT('',(1.83667953091429,-0.871034120009188,0.475));
#9882=CARTESIAN_POINT('',(1.84475552305967,-0.87793654815775,0.475));
#9883=CARTESIAN_POINT('',(1.85327974202871,-0.885522263357511,0.475));
#9884=CARTESIAN_POINT('',(1.86222785291687,-0.89381173112047,0.475));
#9885=CARTESIAN_POINT('',(1.87157488186453,-0.90282477704182,0.475));
#9886=CARTESIAN_POINT('',(1.88129525551624,-0.912580254173683,0.475));
#9887=CARTESIAN_POINT('',(1.89136273368916,-0.92309725397081,0.475));
#9888=CARTESIAN_POINT('',(1.90175076546484,-0.934390316047944,0.475));
#9889=CARTESIAN_POINT('',(1.91243120182125,-0.946487939501044,0.475));
#9890=CARTESIAN_POINT('',(1.92189571178632,-0.957616310396945,0.475));
#9891=CARTESIAN_POINT('',(1.9277855908914,-0.96483573437649,0.475));
#9892=CARTESIAN_POINT('',(1.93003129409104,-0.967605396754943,0.475));
#9893=CARTESIAN_POINT('',(1.74895154614704,-0.81736926699078,0.475));
#9894=CARTESIAN_POINT('',(1.77354609585078,-0.764698362720707,0.475));
#9895=CARTESIAN_POINT('',(1.72016637895295,-0.74168267555601,0.475));
#9896=CARTESIAN_POINT('',(4.65475953010834E-14,-1.86293350234166E-14,0.475));
#9897=CARTESIAN_POINT('',(1.74079016070097,-0.691892461952498,0.475));
#9898=CARTESIAN_POINT('',(1.79480986896507,-0.713363073280949,0.475));
#9899=CARTESIAN_POINT('',(1.81466284966992,-0.658728146824604,0.475));
#9900=CARTESIAN_POINT('',(1.7608392036154,-0.639148544167225,0.475));
#9901=CARTESIAN_POINT('',(1.80245528986856,-0.654294130749159,0.475));
#9902=CARTESIAN_POINT('',(1.84872440079557,-0.67113311991674,0.475));
#9903=CARTESIAN_POINT('',(1.8505930255543,-0.671686838635187,0.475));
#9904=CARTESIAN_POINT('',(1.85272699334553,-0.672354676579254,0.475));
#9905=CARTESIAN_POINT('',(1.85528517863255,-0.673079135891165,0.475));
#9906=CARTESIAN_POINT('',(1.85873756196518,-0.673993453194781,0.475));
#9907=CARTESIAN_POINT('',(1.86293426603143,-0.675011392656363,0.475));
#9908=CARTESIAN_POINT('',(1.86793075033399,-0.676119571498226,0.475));
#9909=CARTESIAN_POINT('',(1.87371640679682,-0.677281355717481,0.475));
#9910=CARTESIAN_POINT('',(1.88029973296588,-0.678467056303552,0.475));
#9911=CARTESIAN_POINT('',(1.88768228558315,-0.679644730091804,0.475));
#9912=CARTESIAN_POINT('',(1.89586646658763,-0.680782963949606,0.475));
#9913=CARTESIAN_POINT('',(1.90485321672729,-0.681850084050082,0.475));
#9914=CARTESIAN_POINT('',(1.91464268407938,-0.682814418272668,0.475));
#9915=CARTESIAN_POINT('',(1.92523402664069,-0.683644253332975,0.475));
#9916=CARTESIAN_POINT('',(1.93662547033591,-0.684307875712399,0.475));
#9917=CARTESIAN_POINT('',(1.94881427909135,-0.684773606732612,0.475));
#9918=CARTESIAN_POINT('',(1.96179681253432,-0.685009768395315,0.475));
#9919=CARTESIAN_POINT('',(1.97556831869277,-0.684984946486454,0.475));
#9920=CARTESIAN_POINT('',(1.99012374265257,-0.684667086697695,0.475));
#9921=CARTESIAN_POINT('',(2.00545459113944,-0.684027133634351,0.475));
#9922=CARTESIAN_POINT('',(2.02156111169302,-0.683025031028071,0.475));
#9923=CARTESIAN_POINT('',(2.03612247739397,-0.681848503680927,0.475));
#9924=CARTESIAN_POINT('',(2.04539215450174,-0.680908373484302,0.475));
#9925=CARTESIAN_POINT('',(2.04893855351214,-0.680537878395898,0.475));
#9926=CARTESIAN_POINT('',(1.81917619557435,-0.446837254440201,0.475));
#9927=CARTESIAN_POINT('',(1.86219314374335,-0.457364818173859,0.475));
#9928=CARTESIAN_POINT('',(1.91001974460307,-0.469069451118452,0.475));
#9929=CARTESIAN_POINT('',(1.91188107894418,-0.469647203122935,0.475));
#9930=CARTESIAN_POINT('',(1.91402643919842,-0.470277485149527,0.475));
#9931=CARTESIAN_POINT('',(1.91655598055594,-0.471096370842338,0.475));
#9932=CARTESIAN_POINT('',(1.91993449986448,-0.472254185200966,0.475));
#9933=CARTESIAN_POINT('',(1.92398946863126,-0.473739363327497,0.475));
#9934=CARTESIAN_POINT('',(1.92875956467459,-0.475593844243743,0.475));
#9935=CARTESIAN_POINT('',(1.93421561494007,-0.477842194478605,0.475));
#9936=CARTESIAN_POINT('',(1.9403481905484,-0.480513820525786,0.475));
#9937=CARTESIAN_POINT('',(1.94714083921185,-0.483636147035508,0.475));
#9938=CARTESIAN_POINT('',(1.95457810586827,-0.487236627518781,0.475));
#9939=CARTESIAN_POINT('',(1.96264317568564,-0.491342120451744,0.475));
#9940=CARTESIAN_POINT('',(1.97131857569828,-0.495979042507493,0.475));
#9941=CARTESIAN_POINT('',(1.98058598684931,-0.501173294526401,0.475));
#9942=CARTESIAN_POINT('',(1.99042631496212,-0.506950259712053,0.475));
#9943=CARTESIAN_POINT('',(2.00081968534386,-0.513334757841733,0.475));
#9944=CARTESIAN_POINT('',(2.01174547178237,-0.520351105725698,0.475));
#9945=CARTESIAN_POINT('',(2.02318227035506,-0.528022783274112,0.475));
#9946=CARTESIAN_POINT('',(2.03510806963492,-0.53637363431049,0.475));
#9947=CARTESIAN_POINT('',(2.04749966541003,-0.545423098902193,0.475));
#9948=CARTESIAN_POINT('',(2.06033500943178,-0.55520462014481,0.475));
#9949=CARTESIAN_POINT('',(2.07178869895335,-0.564272728217568,0.475));
#9950=CARTESIAN_POINT('',(2.0789738454319,-0.57020437457845,0.475));
#9951=CARTESIAN_POINT('',(2.08171673239955,-0.572482703710553,0.475));
#9952=CARTESIAN_POINT('',(1.8748067661028,-0.460460225390106,0.475));
#9953=CARTESIAN_POINT('',(1.88865315475545,-0.404003219154944,0.475));
#9954=CARTESIAN_POINT('',(1.83180897632958,-0.391843638124173,0.475));
#9955=CARTESIAN_POINT('',(4.92875992781338E-14,-9.19039221830261E-15,0.475));
#9956=CARTESIAN_POINT('',(1.84232288908913,-0.338986629291303,0.475));
#9957=CARTESIAN_POINT('',(1.89949333228418,-0.349505966563047,0.475));
#9958=CARTESIAN_POINT('',(1.90830609813593,-0.292047710500062,0.475));
#9959=CARTESIAN_POINT('',(1.85169686736066,-0.283344796858418,0.475));
#9960=CARTESIAN_POINT('',(1.89546806954914,-0.290080469572871,0.475));
#9961=CARTESIAN_POINT('',(1.94413325630283,-0.297569246535155,0.475));
#9962=CARTESIAN_POINT('',(1.94607400112388,-0.297747775097782,0.475));
#9963=CARTESIAN_POINT('',(1.94829725404193,-0.297986464259457,0.475));
#9964=CARTESIAN_POINT('',(1.95094761951642,-0.298197926097408,0.475));
#9965=CARTESIAN_POINT('',(1.95451204072857,-0.298421148474326,0.475));
#9966=CARTESIAN_POINT('',(1.95882669644031,-0.298600792166896,0.475));
#9967=CARTESIAN_POINT('',(1.96394336966513,-0.298712911931515,0.475));
#9968=CARTESIAN_POINT('',(1.9698445092188,-0.298723647210357,0.475));
#9969=CARTESIAN_POINT('',(1.97653265733065,-0.298602221669882,0.475));
#9970=CARTESIAN_POINT('',(1.98400310902806,-0.298317002219111,0.475));
#9971=CARTESIAN_POINT('',(1.99225209169925,-0.297836710724899,0.475));
#9972=CARTESIAN_POINT('',(2.00127434875893,-0.297130098433242,0.475));
#9973=CARTESIAN_POINT('',(2.01106384651486,-0.296166072906059,0.475));
#9974=CARTESIAN_POINT('',(2.02161357218783,-0.294913694487502,0.475));
#9975=CARTESIAN_POINT('',(2.03291559879035,-0.293342205130257,0.475));
#9976=CARTESIAN_POINT('',(2.04496106261804,-0.291421068634416,0.475));
#9977=CARTESIAN_POINT('',(2.05774021317607,-0.289119925887017,0.475));
#9978=CARTESIAN_POINT('',(2.07124226119107,-0.286408893353078,0.475));
#9979=CARTESIAN_POINT('',(2.08545599539233,-0.28325751880363,0.475));
#9980=CARTESIAN_POINT('',(2.10036741727514,-0.279638962090871,0.475));
#9981=CARTESIAN_POINT('',(2.11596895503244,-0.27551388832382,0.475));
#9982=CARTESIAN_POINT('',(2.1300209990755,-0.271519186096156,0.475));
#9983=CARTESIAN_POINT('',(2.13892915163409,-0.268788695945703,0.475));
#9984=CARTESIAN_POINT('',(2.14233512757582,-0.267733451691598,0.475));
#9985=CARTESIAN_POINT('',(1.87139485893681,-0.0833477320920675,0.475));
#9986=CARTESIAN_POINT('',(1.91563907430769,-0.085280821370103,0.475));
#9987=CARTESIAN_POINT('',(1.96483016105285,-0.0874300461120244,0.475));
#9988=CARTESIAN_POINT('',(1.96676844420113,-0.0876335684577567,0.475));
#9989=CARTESIAN_POINT('',(1.96899554388317,-0.0878332007691006,0.475));
#9990=CARTESIAN_POINT('',(1.97163623748632,-0.0881428627649506,0.475));
#9991=CARTESIAN_POINT('',(1.97517571786974,-0.0886193136254923,0.475));
#9992=CARTESIAN_POINT('',(1.97944251542766,-0.0892848693082942,0.475));
#9993=CARTESIAN_POINT('',(1.98448274669218,-0.0901731173205964,0.475));
#9994=CARTESIAN_POINT('',(1.99027259185302,-0.0913138435329131,0.475));
#9995=CARTESIAN_POINT('',(1.99680854012649,-0.0927377288845098,0.475));
#9996=CARTESIAN_POINT('',(2.00407980563478,-0.0944748807507634,0.475));
#9997=CARTESIAN_POINT('',(2.01207658619471,-0.096555240264217,0.475));
#9998=CARTESIAN_POINT('',(2.02078762989534,-0.0990084302339127,0.475));
#9999=CARTESIAN_POINT('',(2.03020095314637,-0.101863768550485,0.475));
#10000=CARTESIAN_POINT('',(2.04030364188975,-0.105150232247624,0.475));
#10001=CARTESIAN_POINT('',(2.05108192085547,-0.10889644188684,0.475));
#10002=CARTESIAN_POINT('',(2.0625211393357,-0.113130617700585,0.475));
#10003=CARTESIAN_POINT('',(2.07460581141947,-0.117880633232799,0.475));
#10004=CARTESIAN_POINT('',(2.08731952515783,-0.123173692931902,0.475));
#10005=CARTESIAN_POINT('',(2.10064534376636,-0.129037476685416,0.475));
#10006=CARTESIAN_POINT('',(2.11456430146456,-0.135495577942428,0.475));
#10007=CARTESIAN_POINT('',(2.12906129807903,-0.142585098598748,0.475));
#10008=CARTESIAN_POINT('',(2.14206400829209,-0.14924446154058,0.475));
#10009=CARTESIAN_POINT('',(2.15026830099443,-0.153660380439654,0.475));
#10010=CARTESIAN_POINT('',(2.15340296412215,-0.155359821414563,0.475));
#10011=CARTESIAN_POINT('',(1.92861421344098,-0.0858559555567576,0.475));
#10012=CARTESIAN_POINT('',(1.93118033209176,-0.0277824584446722,0.475));
#10013=CARTESIAN_POINT('',(1.87305618203618,-0.0269462694276671,0.475));
#10014=CARTESIAN_POINT('',(5.01335084557297E-14,6.01732205729443E-16,0.475));
#10015=CARTESIAN_POINT('',(1.87305618203618,0.0269462694276662,0.475));
#10016=CARTESIAN_POINT('',(1.93118033209176,0.0277824584446712,0.475));
#10017=CARTESIAN_POINT('',(1.92861421344097,0.0858559555567563,0.475));
#10018=CARTESIAN_POINT('',(1.87139485893681,0.0833477320920666,0.475));
#10019=CARTESIAN_POINT('',(1.91563907430769,0.0852808213701021,0.475));
#10020=CARTESIAN_POINT('',(1.96483016105285,0.0874300461120235,0.475));
#10021=CARTESIAN_POINT('',(1.96676844420113,0.0876335684577558,0.475));
#10022=CARTESIAN_POINT('',(1.96899554388317,0.0878332007690996,0.475));
#10023=CARTESIAN_POINT('',(1.97163623748632,0.0881428627649496,0.475));
#10024=CARTESIAN_POINT('',(1.97517571786974,0.0886193136254913,0.475));
#10025=CARTESIAN_POINT('',(1.97944251542766,0.0892848693082932,0.475));
#10026=CARTESIAN_POINT('',(1.98448274669218,0.0901731173205954,0.475));
#10027=CARTESIAN_POINT('',(1.99027259185302,0.0913138435329121,0.475));
#10028=CARTESIAN_POINT('',(1.99680854012649,0.0927377288845088,0.475));
#10029=CARTESIAN_POINT('',(2.00407980563478,0.0944748807507624,0.475));
#10030=CARTESIAN_POINT('',(2.01207658619471,0.096555240264216,0.475));
#10031=CARTESIAN_POINT('',(2.02078762989534,0.0990084302339117,0.475));
#10032=CARTESIAN_POINT('',(2.03020095314637,0.101863768550484,0.475));
#10033=CARTESIAN_POINT('',(2.04030364188975,0.105150232247623,0.475));
#10034=CARTESIAN_POINT('',(2.05108192085547,0.108896441886839,0.475));
#10035=CARTESIAN_POINT('',(2.0625211393357,0.113130617700584,0.475));
#10036=CARTESIAN_POINT('',(2.07460581141947,0.117880633232798,0.475));
#10037=CARTESIAN_POINT('',(2.08731952515783,0.123173692931901,0.475));
#10038=CARTESIAN_POINT('',(2.10064534376636,0.129037476685415,0.475));
#10039=CARTESIAN_POINT('',(2.11456430146456,0.135495577942427,0.475));
#10040=CARTESIAN_POINT('',(2.12906129807903,0.142585098598747,0.475));
#10041=CARTESIAN_POINT('',(2.14206400829209,0.149244461540579,0.475));
#10042=CARTESIAN_POINT('',(2.15026830099443,0.153660380439653,0.475));
#10043=CARTESIAN_POINT('',(2.15340296412215,0.155359821414562,0.475));
#10044=CARTESIAN_POINT('',(1.85169686736066,0.283344796858418,0.475));
#10045=CARTESIAN_POINT('',(1.89546806954914,0.29008046957287,0.475));
#10046=CARTESIAN_POINT('',(1.94413325630283,0.297569246535154,0.475));
#10047=CARTESIAN_POINT('',(1.94607400112388,0.297747775097781,0.475));
#10048=CARTESIAN_POINT('',(1.94829725404193,0.297986464259456,0.475));
#10049=CARTESIAN_POINT('',(1.95094761951642,0.298197926097407,0.475));
#10050=CARTESIAN_POINT('',(1.95451204072857,0.298421148474325,0.475));
#10051=CARTESIAN_POINT('',(1.95882669644031,0.298600792166895,0.475));
#10052=CARTESIAN_POINT('',(1.96394336966513,0.298712911931514,0.475));
#10053=CARTESIAN_POINT('',(1.9698445092188,0.298723647210356,0.475));
#10054=CARTESIAN_POINT('',(1.97653265733065,0.298602221669881,0.475));
#10055=CARTESIAN_POINT('',(1.98400310902806,0.29831700221911,0.475));
#10056=CARTESIAN_POINT('',(1.99225209169925,0.297836710724898,0.475));
#10057=CARTESIAN_POINT('',(2.00127434875893,0.297130098433241,0.475));
#10058=CARTESIAN_POINT('',(2.01106384651486,0.296166072906058,0.475));
#10059=CARTESIAN_POINT('',(2.02161357218783,0.2949136944875,0.475));
#10060=CARTESIAN_POINT('',(2.03291559879035,0.293342205130256,0.475));
#10061=CARTESIAN_POINT('',(2.04496106261804,0.291421068634415,0.475));
#10062=CARTESIAN_POINT('',(2.05774021317607,0.289119925887017,0.475));
#10063=CARTESIAN_POINT('',(2.07124226119107,0.286408893353077,0.475));
#10064=CARTESIAN_POINT('',(2.08545599539233,0.283257518803629,0.475));
#10065=CARTESIAN_POINT('',(2.10036741727514,0.27963896209087,0.475));
#10066=CARTESIAN_POINT('',(2.11596895503244,0.275513888323819,0.475));
#10067=CARTESIAN_POINT('',(2.1300209990755,0.271519186096155,0.475));
#10068=CARTESIAN_POINT('',(2.13892915163409,0.268788695945702,0.475));
#10069=CARTESIAN_POINT('',(2.14233512757582,0.267733451691597,0.475));
#10070=CARTESIAN_POINT('',(1.90830609813594,0.292047710500062,0.475));
#10071=CARTESIAN_POINT('',(1.89949333228419,0.349505966563047,0.475));
#10072=CARTESIAN_POINT('',(1.84232288908913,0.338986629291302,0.475));
#10073=CARTESIAN_POINT('',(4.90528150185674E-14,1.03707323985506E-14,0.475));
#10074=CARTESIAN_POINT('',(-1.32200621967957E-16,8.09495342691738E-33,0.475));
#10075=CARTESIAN_POINT('',(0.267733451691599,2.14233512757582,0.475));
#10076=CARTESIAN_POINT('',(0.267733451691599,2.14233512757582,-0.475));
#10077=CARTESIAN_POINT('',(-1.32200621967957E-16,8.09495342691738E-33,-0.475));
#10078=CARTESIAN_POINT('',(0.155359821414563,2.15340296412215,-0.475));
#10079=CARTESIAN_POINT('',(0.155359821414563,2.15340296412215,0.475));
#10080=CARTESIAN_POINT('',(0.,0.,-0.475));
#10081=CARTESIAN_POINT('',(0.,-5.81707229594993E-17,-0.475));
#10082=CARTESIAN_POINT('',(0.95,-5.81707229594993E-17,-0.475));
#10083=CARTESIAN_POINT('',(1.89949333228419,0.349505966563047,-0.475));
#10084=CARTESIAN_POINT('',(1.90830609813594,0.292047710500062,-0.475));
#10085=CARTESIAN_POINT('',(1.84232288908913,0.338986629291302,-0.475));
#10086=CARTESIAN_POINT('',(1.85169686736066,0.283344796858418,-0.475));
#10087=CARTESIAN_POINT('',(1.89546806954914,0.29008046957287,-0.475));
#10088=CARTESIAN_POINT('',(1.94413325630283,0.297569246535154,-0.475));
#10089=CARTESIAN_POINT('',(1.94607400112388,0.297747775097781,-0.475));
#10090=CARTESIAN_POINT('',(1.94829725404193,0.297986464259456,-0.475));
#10091=CARTESIAN_POINT('',(1.95094761951642,0.298197926097407,-0.475));
#10092=CARTESIAN_POINT('',(1.95451204072857,0.298421148474325,-0.475));
#10093=CARTESIAN_POINT('',(1.95882669644031,0.298600792166895,-0.475));
#10094=CARTESIAN_POINT('',(1.96394336966513,0.298712911931514,-0.475));
#10095=CARTESIAN_POINT('',(1.9698445092188,0.298723647210356,-0.475));
#10096=CARTESIAN_POINT('',(1.97653265733065,0.298602221669881,-0.475));
#10097=CARTESIAN_POINT('',(1.98400310902806,0.29831700221911,-0.475));
#10098=CARTESIAN_POINT('',(1.99225209169925,0.297836710724898,-0.475));
#10099=CARTESIAN_POINT('',(2.00127434875893,0.297130098433241,-0.475));
#10100=CARTESIAN_POINT('',(2.01106384651486,0.296166072906058,-0.475));
#10101=CARTESIAN_POINT('',(2.02161357218783,0.2949136944875,-0.475));
#10102=CARTESIAN_POINT('',(2.03291559879035,0.293342205130256,-0.475));
#10103=CARTESIAN_POINT('',(2.04496106261804,0.291421068634415,-0.475));
#10104=CARTESIAN_POINT('',(2.05774021317607,0.289119925887017,-0.475));
#10105=CARTESIAN_POINT('',(2.07124226119107,0.286408893353077,-0.475));
#10106=CARTESIAN_POINT('',(2.08545599539233,0.283257518803629,-0.475));
#10107=CARTESIAN_POINT('',(2.10036741727514,0.27963896209087,-0.475));
#10108=CARTESIAN_POINT('',(2.11596895503244,0.275513888323819,-0.475));
#10109=CARTESIAN_POINT('',(2.1300209990755,0.271519186096155,-0.475));
#10110=CARTESIAN_POINT('',(2.13892915163409,0.268788695945702,-0.475));
#10111=CARTESIAN_POINT('',(2.14233512757582,0.267733451691597,-0.475));
#10112=CARTESIAN_POINT('',(1.87139485893681,0.0833477320920666,-0.475));
#10113=CARTESIAN_POINT('',(1.91563907430769,0.0852808213701021,-0.475));
#10114=CARTESIAN_POINT('',(1.96483016105285,0.0874300461120235,-0.475));
#10115=CARTESIAN_POINT('',(1.96676844420113,0.0876335684577558,-0.475));
#10116=CARTESIAN_POINT('',(1.96899554388317,0.0878332007690996,-0.475));
#10117=CARTESIAN_POINT('',(1.97163623748632,0.0881428627649496,-0.475));
#10118=CARTESIAN_POINT('',(1.97517571786974,0.0886193136254913,-0.475));
#10119=CARTESIAN_POINT('',(1.97944251542766,0.0892848693082932,-0.475));
#10120=CARTESIAN_POINT('',(1.98448274669218,0.0901731173205954,-0.475));
#10121=CARTESIAN_POINT('',(1.99027259185302,0.0913138435329121,-0.475));
#10122=CARTESIAN_POINT('',(1.99680854012649,0.0927377288845088,-0.475));
#10123=CARTESIAN_POINT('',(2.00407980563478,0.0944748807507624,-0.475));
#10124=CARTESIAN_POINT('',(2.01207658619471,0.096555240264216,-0.475));
#10125=CARTESIAN_POINT('',(2.02078762989534,0.0990084302339117,-0.475));
#10126=CARTESIAN_POINT('',(2.03020095314637,0.101863768550484,-0.475));
#10127=CARTESIAN_POINT('',(2.04030364188975,0.105150232247623,-0.475));
#10128=CARTESIAN_POINT('',(2.05108192085547,0.108896441886839,-0.475));
#10129=CARTESIAN_POINT('',(2.0625211393357,0.113130617700584,-0.475));
#10130=CARTESIAN_POINT('',(2.07460581141947,0.117880633232798,-0.475));
#10131=CARTESIAN_POINT('',(2.08731952515783,0.123173692931901,-0.475));
#10132=CARTESIAN_POINT('',(2.10064534376636,0.129037476685415,-0.475));
#10133=CARTESIAN_POINT('',(2.11456430146456,0.135495577942427,-0.475));
#10134=CARTESIAN_POINT('',(2.12906129807903,0.142585098598747,-0.475));
#10135=CARTESIAN_POINT('',(2.14206400829209,0.149244461540579,-0.475));
#10136=CARTESIAN_POINT('',(2.15026830099443,0.153660380439653,-0.475));
#10137=CARTESIAN_POINT('',(2.15340296412215,0.155359821414562,-0.475));
#10138=CARTESIAN_POINT('',(1.92861421344097,0.0858559555567563,-0.475));
#10139=CARTESIAN_POINT('',(1.93118033209176,0.0277824584446712,-0.475));
#10140=CARTESIAN_POINT('',(1.87305618203617,0.026946269427666,-0.475));
#10141=CARTESIAN_POINT('',(5.01335084557297E-14,6.01732205729443E-16,-0.475));
#10142=CARTESIAN_POINT('',(1.87305618203618,-0.0269462694276671,-0.475));
#10143=CARTESIAN_POINT('',(1.93118033209176,-0.0277824584446722,-0.475));
#10144=CARTESIAN_POINT('',(1.92861421344098,-0.0858559555567576,-0.475));
#10145=CARTESIAN_POINT('',(1.87139485893681,-0.0833477320920675,-0.475));
#10146=CARTESIAN_POINT('',(1.91563907430769,-0.085280821370103,-0.475));
#10147=CARTESIAN_POINT('',(1.96483016105285,-0.0874300461120244,-0.475));
#10148=CARTESIAN_POINT('',(1.96676844420113,-0.0876335684577567,-0.475));
#10149=CARTESIAN_POINT('',(1.96899554388317,-0.0878332007691006,-0.475));
#10150=CARTESIAN_POINT('',(1.97163623748632,-0.0881428627649506,-0.475));
#10151=CARTESIAN_POINT('',(1.97517571786974,-0.0886193136254923,-0.475));
#10152=CARTESIAN_POINT('',(1.97944251542766,-0.0892848693082942,-0.475));
#10153=CARTESIAN_POINT('',(1.98448274669218,-0.0901731173205964,-0.475));
#10154=CARTESIAN_POINT('',(1.99027259185302,-0.0913138435329131,-0.475));
#10155=CARTESIAN_POINT('',(1.99680854012649,-0.0927377288845098,-0.475));
#10156=CARTESIAN_POINT('',(2.00407980563478,-0.0944748807507634,-0.475));
#10157=CARTESIAN_POINT('',(2.01207658619471,-0.096555240264217,-0.475));
#10158=CARTESIAN_POINT('',(2.02078762989534,-0.0990084302339127,-0.475));
#10159=CARTESIAN_POINT('',(2.03020095314637,-0.101863768550485,-0.475));
#10160=CARTESIAN_POINT('',(2.04030364188975,-0.105150232247624,-0.475));
#10161=CARTESIAN_POINT('',(2.05108192085547,-0.10889644188684,-0.475));
#10162=CARTESIAN_POINT('',(2.0625211393357,-0.113130617700585,-0.475));
#10163=CARTESIAN_POINT('',(2.07460581141947,-0.117880633232799,-0.475));
#10164=CARTESIAN_POINT('',(2.08731952515783,-0.123173692931902,-0.475));
#10165=CARTESIAN_POINT('',(2.10064534376636,-0.129037476685416,-0.475));
#10166=CARTESIAN_POINT('',(2.11456430146456,-0.135495577942428,-0.475));
#10167=CARTESIAN_POINT('',(2.12906129807903,-0.142585098598748,-0.475));
#10168=CARTESIAN_POINT('',(2.14206400829209,-0.14924446154058,-0.475));
#10169=CARTESIAN_POINT('',(2.15026830099443,-0.153660380439654,-0.475));
#10170=CARTESIAN_POINT('',(2.15340296412215,-0.155359821414563,-0.475));
#10171=CARTESIAN_POINT('',(1.85169686736066,-0.283344796858418,-0.475));
#10172=CARTESIAN_POINT('',(1.89546806954914,-0.290080469572871,-0.475));
#10173=CARTESIAN_POINT('',(1.94413325630283,-0.297569246535155,-0.475));
#10174=CARTESIAN_POINT('',(1.94607400112388,-0.297747775097782,-0.475));
#10175=CARTESIAN_POINT('',(1.94829725404193,-0.297986464259457,-0.475));
#10176=CARTESIAN_POINT('',(1.95094761951642,-0.298197926097408,-0.475));
#10177=CARTESIAN_POINT('',(1.95451204072857,-0.298421148474326,-0.475));
#10178=CARTESIAN_POINT('',(1.95882669644031,-0.298600792166896,-0.475));
#10179=CARTESIAN_POINT('',(1.96394336966513,-0.298712911931515,-0.475));
#10180=CARTESIAN_POINT('',(1.9698445092188,-0.298723647210357,-0.475));
#10181=CARTESIAN_POINT('',(1.97653265733065,-0.298602221669882,-0.475));
#10182=CARTESIAN_POINT('',(1.98400310902806,-0.298317002219111,-0.475));
#10183=CARTESIAN_POINT('',(1.99225209169925,-0.297836710724899,-0.475));
#10184=CARTESIAN_POINT('',(2.00127434875893,-0.297130098433242,-0.475));
#10185=CARTESIAN_POINT('',(2.01106384651486,-0.296166072906059,-0.475));
#10186=CARTESIAN_POINT('',(2.02161357218783,-0.294913694487502,-0.475));
#10187=CARTESIAN_POINT('',(2.03291559879035,-0.293342205130257,-0.475));
#10188=CARTESIAN_POINT('',(2.04496106261804,-0.291421068634416,-0.475));
#10189=CARTESIAN_POINT('',(2.05774021317607,-0.289119925887017,-0.475));
#10190=CARTESIAN_POINT('',(2.07124226119107,-0.286408893353078,-0.475));
#10191=CARTESIAN_POINT('',(2.08545599539233,-0.28325751880363,-0.475));
#10192=CARTESIAN_POINT('',(2.10036741727514,-0.279638962090871,-0.475));
#10193=CARTESIAN_POINT('',(2.11596895503244,-0.27551388832382,-0.475));
#10194=CARTESIAN_POINT('',(2.1300209990755,-0.271519186096156,-0.475));
#10195=CARTESIAN_POINT('',(2.13892915163409,-0.268788695945703,-0.475));
#10196=CARTESIAN_POINT('',(2.14233512757582,-0.267733451691598,-0.475));
#10197=CARTESIAN_POINT('',(1.90830609813593,-0.292047710500062,-0.475));
#10198=CARTESIAN_POINT('',(1.89949333228418,-0.349505966563047,-0.475));
#10199=CARTESIAN_POINT('',(1.84232288908912,-0.338986629291301,-0.475));
#10200=CARTESIAN_POINT('',(4.92875992781338E-14,-9.19039221830261E-15,-0.475));
#10201=CARTESIAN_POINT('',(1.83180897632958,-0.391843638124173,-0.475));
#10202=CARTESIAN_POINT('',(1.88865315475545,-0.404003219154944,-0.475));
#10203=CARTESIAN_POINT('',(1.8748067661028,-0.460460225390106,-0.475));
#10204=CARTESIAN_POINT('',(1.81917619557435,-0.446837254440201,-0.475));
#10205=CARTESIAN_POINT('',(1.86219314374335,-0.457364818173859,-0.475));
#10206=CARTESIAN_POINT('',(1.91001974460307,-0.469069451118452,-0.475));
#10207=CARTESIAN_POINT('',(1.91188107894418,-0.469647203122935,-0.475));
#10208=CARTESIAN_POINT('',(1.91402643919842,-0.470277485149527,-0.475));
#10209=CARTESIAN_POINT('',(1.91655598055594,-0.471096370842338,-0.475));
#10210=CARTESIAN_POINT('',(1.91993449986448,-0.472254185200966,-0.475));
#10211=CARTESIAN_POINT('',(1.92398946863126,-0.473739363327497,-0.475));
#10212=CARTESIAN_POINT('',(1.92875956467459,-0.475593844243743,-0.475));
#10213=CARTESIAN_POINT('',(1.93421561494007,-0.477842194478605,-0.475));
#10214=CARTESIAN_POINT('',(1.9403481905484,-0.480513820525786,-0.475));
#10215=CARTESIAN_POINT('',(1.94714083921185,-0.483636147035508,-0.475));
#10216=CARTESIAN_POINT('',(1.95457810586827,-0.487236627518781,-0.475));
#10217=CARTESIAN_POINT('',(1.96264317568564,-0.491342120451744,-0.475));
#10218=CARTESIAN_POINT('',(1.97131857569828,-0.495979042507493,-0.475));
#10219=CARTESIAN_POINT('',(1.98058598684931,-0.501173294526401,-0.475));
#10220=CARTESIAN_POINT('',(1.99042631496212,-0.506950259712053,-0.475));
#10221=CARTESIAN_POINT('',(2.00081968534386,-0.513334757841733,-0.475));
#10222=CARTESIAN_POINT('',(2.01174547178237,-0.520351105725698,-0.475));
#10223=CARTESIAN_POINT('',(2.02318227035506,-0.528022783274112,-0.475));
#10224=CARTESIAN_POINT('',(2.03510806963492,-0.53637363431049,-0.475));
#10225=CARTESIAN_POINT('',(2.04749966541003,-0.545423098902193,-0.475));
#10226=CARTESIAN_POINT('',(2.06033500943178,-0.55520462014481,-0.475));
#10227=CARTESIAN_POINT('',(2.07178869895335,-0.564272728217568,-0.475));
#10228=CARTESIAN_POINT('',(2.0789738454319,-0.57020437457845,-0.475));
#10229=CARTESIAN_POINT('',(2.08171673239955,-0.572482703710553,-0.475));
#10230=CARTESIAN_POINT('',(1.7608392036154,-0.639148544167225,-0.475));
#10231=CARTESIAN_POINT('',(1.80245528986856,-0.654294130749159,-0.475));
#10232=CARTESIAN_POINT('',(1.84872440079557,-0.67113311991674,-0.475));
#10233=CARTESIAN_POINT('',(1.8505930255543,-0.671686838635187,-0.475));
#10234=CARTESIAN_POINT('',(1.85272699334553,-0.672354676579254,-0.475));
#10235=CARTESIAN_POINT('',(1.85528517863255,-0.673079135891165,-0.475));
#10236=CARTESIAN_POINT('',(1.85873756196518,-0.673993453194781,-0.475));
#10237=CARTESIAN_POINT('',(1.86293426603143,-0.675011392656363,-0.475));
#10238=CARTESIAN_POINT('',(1.86793075033399,-0.676119571498226,-0.475));
#10239=CARTESIAN_POINT('',(1.87371640679682,-0.677281355717481,-0.475));
#10240=CARTESIAN_POINT('',(1.88029973296588,-0.678467056303552,-0.475));
#10241=CARTESIAN_POINT('',(1.88768228558315,-0.679644730091804,-0.475));
#10242=CARTESIAN_POINT('',(1.89586646658763,-0.680782963949606,-0.475));
#10243=CARTESIAN_POINT('',(1.90485321672729,-0.681850084050082,-0.475));
#10244=CARTESIAN_POINT('',(1.91464268407938,-0.682814418272668,-0.475));
#10245=CARTESIAN_POINT('',(1.92523402664069,-0.683644253332975,-0.475));
#10246=CARTESIAN_POINT('',(1.93662547033591,-0.684307875712399,-0.475));
#10247=CARTESIAN_POINT('',(1.94881427909135,-0.684773606732612,-0.475));
#10248=CARTESIAN_POINT('',(1.96179681253432,-0.685009768395315,-0.475));
#10249=CARTESIAN_POINT('',(1.97556831869277,-0.684984946486454,-0.475));
#10250=CARTESIAN_POINT('',(1.99012374265257,-0.684667086697695,-0.475));
#10251=CARTESIAN_POINT('',(2.00545459113944,-0.684027133634351,-0.475));
#10252=CARTESIAN_POINT('',(2.02156111169302,-0.683025031028071,-0.475));
#10253=CARTESIAN_POINT('',(2.03612247739397,-0.681848503680927,-0.475));
#10254=CARTESIAN_POINT('',(2.04539215450174,-0.680908373484302,-0.475));
#10255=CARTESIAN_POINT('',(2.04893855351214,-0.680537878395898,-0.475));
#10256=CARTESIAN_POINT('',(1.81466284966992,-0.658728146824604,-0.475));
#10257=CARTESIAN_POINT('',(1.79480986896507,-0.713363073280949,-0.475));
#10258=CARTESIAN_POINT('',(1.74079016070096,-0.691892461952493,-0.475));
#10259=CARTESIAN_POINT('',(4.65475953010834E-14,-1.86293350234166E-14,-0.475));
#10260=CARTESIAN_POINT('',(1.72016637895295,-0.74168267555601,-0.475));
#10261=CARTESIAN_POINT('',(1.77354609585078,-0.764698362720707,-0.475));
#10262=CARTESIAN_POINT('',(1.74895154614704,-0.81736926699078,-0.475));
#10263=CARTESIAN_POINT('',(1.69704761122173,-0.793155071689415,-0.475));
#10264=CARTESIAN_POINT('',(1.73718417499492,-0.811872541508337,-0.475));
#10265=CARTESIAN_POINT('',(1.7818083405196,-0.832682780175574,-0.475));
#10266=CARTESIAN_POINT('',(1.78352119601867,-0.833612559153282,-0.475));
#10267=CARTESIAN_POINT('',(1.78550237185367,-0.834649269510307,-0.475));
#10268=CARTESIAN_POINT('',(1.78782355210979,-0.835945909582142,-0.475));
#10269=CARTESIAN_POINT('',(1.7909112757411,-0.837740593282362,-0.475));
#10270=CARTESIAN_POINT('',(1.7945985855411,-0.839988319290119,-0.475));
#10271=CARTESIAN_POINT('',(1.79891523424738,-0.842737766448702,-0.475));
#10272=CARTESIAN_POINT('',(1.80382781666557,-0.846007337867473,-0.475));
#10273=CARTESIAN_POINT('',(1.80932134816734,-0.84982403551951,-0.475));
#10274=CARTESIAN_POINT('',(1.81537434230718,-0.854211547415953,-0.475));
#10275=CARTESIAN_POINT('',(1.82196628507333,-0.859193784423245,-0.475));
#10276=CARTESIAN_POINT('',(1.82907544489731,-0.864793808528448,-0.475));
#10277=CARTESIAN_POINT('',(1.83667953091429,-0.871034120009188,-0.475));
#10278=CARTESIAN_POINT('',(1.84475552305967,-0.87793654815775,-0.475));
#10279=CARTESIAN_POINT('',(1.85327974202871,-0.885522263357511,-0.475));
#10280=CARTESIAN_POINT('',(1.86222785291687,-0.89381173112047,-0.475));
#10281=CARTESIAN_POINT('',(1.87157488186453,-0.90282477704182,-0.475));
#10282=CARTESIAN_POINT('',(1.88129525551624,-0.912580254173683,-0.475));
#10283=CARTESIAN_POINT('',(1.89136273368916,-0.92309725397081,-0.475));
#10284=CARTESIAN_POINT('',(1.90175076546484,-0.934390316047944,-0.475));
#10285=CARTESIAN_POINT('',(1.91243120182125,-0.946487939501044,-0.475));
#10286=CARTESIAN_POINT('',(1.92189571178632,-0.957616310396945,-0.475));
#10287=CARTESIAN_POINT('',(1.9277855908914,-0.96483573437649,-0.475));
#10288=CARTESIAN_POINT('',(1.93003129409104,-0.967605396754943,-0.475));
#10289=CARTESIAN_POINT('',(1.60231347676521,-0.97039017136232,-0.475));
#10290=CARTESIAN_POINT('',(1.64017516422691,-0.993363635413134,-0.475));
#10291=CARTESIAN_POINT('',(1.68227010334234,-1.01890572387572,-0.475));
#10292=CARTESIAN_POINT('',(1.68399479783721,-1.01981335365016,-0.475));
#10293=CARTESIAN_POINT('',(1.68595747331613,-1.02088467573896,-0.475));
#10294=CARTESIAN_POINT('',(1.68832516878973,-1.02209429195975,-0.475));
#10295=CARTESIAN_POINT('',(1.69153284108751,-1.02366456748885,-0.475));
#10296=CARTESIAN_POINT('',(1.69545031652454,-1.0254816838768,-0.475));
#10297=CARTESIAN_POINT('',(1.70013459981514,-1.02754333510449,-0.475));
#10298=CARTESIAN_POINT('',(1.70558243365391,-1.02981152154814,-0.475));
#10299=CARTESIAN_POINT('',(1.71180794434746,-1.03225878245219,-0.475));
#10300=CARTESIAN_POINT('',(1.71881889052771,-1.03485409213623,-0.475));
#10301=CARTESIAN_POINT('',(1.72662375637921,-1.03756710965722,-0.475));
#10302=CARTESIAN_POINT('',(1.73522964383082,-1.04036695332281,-0.475));
#10303=CARTESIAN_POINT('',(1.74464287703872,-1.0432225884718,-0.475));
#10304=CARTESIAN_POINT('',(1.75486881713342,-1.04610274691498,-0.475));
#10305=CARTESIAN_POINT('',(1.76591191112854,-1.04897597839519,-0.475));
#10306=CARTESIAN_POINT('',(1.77777565572682,-1.05181067914954,-0.475));
#10307=CARTESIAN_POINT('',(1.79046266057521,-1.05457506966209,-0.475));
#10308=CARTESIAN_POINT('',(1.80397439361858,-1.05723741227034,-0.475));
#10309=CARTESIAN_POINT('',(1.81831215055694,-1.0597652824157,-0.475));
#10310=CARTESIAN_POINT('',(1.83347326973815,-1.0621285260391,-0.475));
#10311=CARTESIAN_POINT('',(1.84946580853576,-1.06428790483476,-0.475));
#10312=CARTESIAN_POINT('',(1.86397691077684,-1.06597476565429,-0.475));
#10313=CARTESIAN_POINT('',(1.87325188394103,-1.06686112408772,-0.475));
#10314=CARTESIAN_POINT('',(1.87680241989496,-1.06718961608348,-0.475));
#10315=CARTESIAN_POINT('',(1.65128312556573,-1.00009402988568,-0.475));
#10316=CARTESIAN_POINT('',(1.62115286892259,-1.04980603715129,-0.475));
#10317=CARTESIAN_POINT('',(1.57235984268343,-1.01820925531862,-0.475));
#10318=CARTESIAN_POINT('',(4.20187933408045E-14,-2.73523629310322E-14,-0.475));
#10319=CARTESIAN_POINT('',(1.54241875231357,-1.06301926370667,-0.475));
#10320=CARTESIAN_POINT('',(1.59028265509867,-1.0960065770549,-0.475));
#10321=CARTESIAN_POINT('',(1.55588509909616,-1.14286726604697,-0.475));
#10322=CARTESIAN_POINT('',(1.50970243888512,-1.10899238434009,-0.475));
#10323=CARTESIAN_POINT('',(1.54541619262552,-1.13518045837602,-0.475));
#10324=CARTESIAN_POINT('',(1.58512304115959,-1.16429657696443,-0.475));
#10325=CARTESIAN_POINT('',(1.58662159374038,-1.16554265203068,-0.475));
#10326=CARTESIAN_POINT('',(1.58836244967984,-1.16694595052051,-0.475));
#10327=CARTESIAN_POINT('',(1.59038606717905,-1.16867051582057,-0.475));
#10328=CARTESIAN_POINT('',(1.5930643356456,-1.17103310017426,-0.475));
#10329=CARTESIAN_POINT('',(1.59624228523107,-1.1739569952133,-0.475));
#10330=CARTESIAN_POINT('',(1.59993960021133,-1.17749574890182,-0.475));
#10331=CARTESIAN_POINT('',(1.60411992699491,-1.18166089370848,-0.475));
#10332=CARTESIAN_POINT('',(1.60876330105532,-1.18647598941503,-0.475));
#10333=CARTESIAN_POINT('',(1.61384402750131,-1.19196007707656,-0.475));
#10334=CARTESIAN_POINT('',(1.61933732171349,-1.19813260603375,-0.475));
#10335=CARTESIAN_POINT('',(1.62521737051891,-1.20501195552536,-0.475));
#10336=CARTESIAN_POINT('',(1.63145792177902,-1.21261584476049,-0.475));
#10337=CARTESIAN_POINT('',(1.63803213906967,-1.22096119259588,-0.475));
#10338=CARTESIAN_POINT('',(1.64491266794039,-1.23006414302875,-0.475));
#10339=CARTESIAN_POINT('',(1.65207164845169,-1.23994002082764,-0.475));
#10340=CARTESIAN_POINT('',(1.65948071882792,-1.25060339848619,-0.475));
#10341=CARTESIAN_POINT('',(1.66711111905046,-1.26206777768626,-0.475));
#10342=CARTESIAN_POINT('',(1.67493338857618,-1.27434676383994,-0.475));
#10343=CARTESIAN_POINT('',(1.68291865011694,-1.2874494373601,-0.475));
#10344=CARTESIAN_POINT('',(1.6910337356285,-1.30139825813881,-0.475));
#10345=CARTESIAN_POINT('',(1.69814535022687,-1.31415923480518,-0.475));
#10346=CARTESIAN_POINT('',(1.70251361720755,-1.32238899798856,-0.475));
#10347=CARTESIAN_POINT('',(1.70417583552462,-1.3255435570414,-0.475));
#10348=CARTESIAN_POINT('',(1.38221174159068,-1.26434024847304,-0.475));
#10349=CARTESIAN_POINT('',(1.41486402684484,-1.29425873265293,-0.475));
#10350=CARTESIAN_POINT('',(1.45116710924559,-1.32752235227506,-0.475));
#10351=CARTESIAN_POINT('',(1.45268159443439,-1.32874901340228,-0.475));
#10352=CARTESIAN_POINT('',(1.45439755308304,-1.33018264932874,-0.475));
#10353=CARTESIAN_POINT('',(1.45648376953399,-1.33183093758541,-0.475));
#10354=CARTESIAN_POINT('',(1.45932346174938,-1.33399682653202,-0.475));
#10355=CARTESIAN_POINT('',(1.4628111621731,-1.3365432890826,-0.475));
#10356=CARTESIAN_POINT('',(1.46700323007187,-1.33947918459562,-0.475));
#10357=CARTESIAN_POINT('',(1.47190388408733,-1.34276660813067,-0.475));
#10358=CARTESIAN_POINT('',(1.47753233642073,-1.34638138248858,-0.475));
#10359=CARTESIAN_POINT('',(1.48390224943402,-1.35029459177271,-0.475));
#10360=CARTESIAN_POINT('',(1.49102786351489,-1.35447813321504,-0.475));
#10361=CARTESIAN_POINT('',(1.49892216884992,-1.35890310402386,-0.475));
#10362=CARTESIAN_POINT('',(1.50759742264045,-1.36354029964192,-0.475));
#10363=CARTESIAN_POINT('',(1.51706498312548,-1.36836009859422,-0.475));
#10364=CARTESIAN_POINT('',(1.52733534751131,-1.37333252250077,-0.475));
#10365=CARTESIAN_POINT('',(1.53841811090079,-1.37842725702897,-0.475));
#10366=CARTESIAN_POINT('',(1.55032203267321,-1.38361364241426,-0.475));
#10367=CARTESIAN_POINT('',(1.56305474427813,-1.38886083720625,-0.475));
#10368=CARTESIAN_POINT('',(1.5766238422366,-1.39413729265368,-0.475));
#10369=CARTESIAN_POINT('',(1.59103259880447,-1.39941291483671,-0.475));
#10370=CARTESIAN_POINT('',(1.60629657154885,-1.40465079131819,-0.475));
#10371=CARTESIAN_POINT('',(1.62019975680885,-1.40913621518909,-0.475));
#10372=CARTESIAN_POINT('',(1.62912359401222,-1.41181499999505,-0.475));
#10373=CARTESIAN_POINT('',(1.63254182180415,-1.41282985531181,-0.475));
#10374=CARTESIAN_POINT('',(1.42444551699631,-1.30302686023744,-0.475));
#10375=CARTESIAN_POINT('',(1.38519587328043,-1.34590554375191,-0.475));
#10376=CARTESIAN_POINT('',(1.34350461770114,-1.30539683802117,-0.475));
#10377=CARTESIAN_POINT('',(3.58752327168493E-14,-3.502425487059E-14,-0.475));
#10378=CARTESIAN_POINT('',(1.30539683802118,-1.34350461770115,-0.475));
#10379=CARTESIAN_POINT('',(1.34590554375191,-1.38519587328043,-0.475));
#10380=CARTESIAN_POINT('',(1.30302686023744,-1.42444551699631,-0.475));
#10381=CARTESIAN_POINT('',(1.26434024847304,-1.38221174159068,-0.475));
#10382=CARTESIAN_POINT('',(1.29425873265293,-1.41486402684484,-0.475));
#10383=CARTESIAN_POINT('',(1.32752235227506,-1.45116710924559,-0.475));
#10384=CARTESIAN_POINT('',(1.32874901340228,-1.45268159443439,-0.475));
#10385=CARTESIAN_POINT('',(1.33018264932874,-1.45439755308304,-0.475));
#10386=CARTESIAN_POINT('',(1.33183093758541,-1.45648376953399,-0.475));
#10387=CARTESIAN_POINT('',(1.33399682653202,-1.45932346174938,-0.475));
#10388=CARTESIAN_POINT('',(1.3365432890826,-1.4628111621731,-0.475));
#10389=CARTESIAN_POINT('',(1.33947918459562,-1.46700323007187,-0.475));
#10390=CARTESIAN_POINT('',(1.34276660813067,-1.47190388408733,-0.475));
#10391=CARTESIAN_POINT('',(1.34638138248858,-1.47753233642073,-0.475));
#10392=CARTESIAN_POINT('',(1.35029459177271,-1.48390224943402,-0.475));
#10393=CARTESIAN_POINT('',(1.35447813321504,-1.49102786351489,-0.475));
#10394=CARTESIAN_POINT('',(1.35890310402385,-1.49892216884992,-0.475));
#10395=CARTESIAN_POINT('',(1.36354029964192,-1.50759742264045,-0.475));
#10396=CARTESIAN_POINT('',(1.36836009859422,-1.51706498312548,-0.475));
#10397=CARTESIAN_POINT('',(1.37333252250077,-1.52733534751131,-0.475));
#10398=CARTESIAN_POINT('',(1.37842725702897,-1.53841811090079,-0.475));
#10399=CARTESIAN_POINT('',(1.38361364241426,-1.55032203267321,-0.475));
#10400=CARTESIAN_POINT('',(1.38886083720625,-1.56305474427813,-0.475));
#10401=CARTESIAN_POINT('',(1.39413729265368,-1.5766238422366,-0.475));
#10402=CARTESIAN_POINT('',(1.39941291483671,-1.59103259880447,-0.475));
#10403=CARTESIAN_POINT('',(1.40465079131819,-1.60629657154885,-0.475));
#10404=CARTESIAN_POINT('',(1.40913621518909,-1.62019975680885,-0.475));
#10405=CARTESIAN_POINT('',(1.41181499999505,-1.62912359401222,-0.475));
#10406=CARTESIAN_POINT('',(1.41282985531181,-1.63254182180415,-0.475));
#10407=CARTESIAN_POINT('',(1.10899238434009,-1.50970243888512,-0.475));
#10408=CARTESIAN_POINT('',(1.13518045837602,-1.54541619262552,-0.475));
#10409=CARTESIAN_POINT('',(1.16429657696443,-1.58512304115959,-0.475));
#10410=CARTESIAN_POINT('',(1.16554265203068,-1.58662159374038,-0.475));
#10411=CARTESIAN_POINT('',(1.16694595052051,-1.58836244967984,-0.475));
#10412=CARTESIAN_POINT('',(1.16867051582057,-1.59038606717905,-0.475));
#10413=CARTESIAN_POINT('',(1.17103310017426,-1.5930643356456,-0.475));
#10414=CARTESIAN_POINT('',(1.1739569952133,-1.59624228523107,-0.475));
#10415=CARTESIAN_POINT('',(1.17749574890182,-1.59993960021133,-0.475));
#10416=CARTESIAN_POINT('',(1.18166089370848,-1.60411992699491,-0.475));
#10417=CARTESIAN_POINT('',(1.18647598941503,-1.60876330105532,-0.475));
#10418=CARTESIAN_POINT('',(1.19196007707656,-1.61384402750131,-0.475));
#10419=CARTESIAN_POINT('',(1.19813260603375,-1.61933732171349,-0.475));
#10420=CARTESIAN_POINT('',(1.20501195552536,-1.62521737051891,-0.475));
#10421=CARTESIAN_POINT('',(1.21261584476049,-1.63145792177902,-0.475));
#10422=CARTESIAN_POINT('',(1.22096119259588,-1.63803213906967,-0.475));
#10423=CARTESIAN_POINT('',(1.23006414302875,-1.64491266794039,-0.475));
#10424=CARTESIAN_POINT('',(1.23994002082764,-1.65207164845169,-0.475));
#10425=CARTESIAN_POINT('',(1.25060339848619,-1.65948071882792,-0.475));
#10426=CARTESIAN_POINT('',(1.26206777768626,-1.66711111905046,-0.475));
#10427=CARTESIAN_POINT('',(1.27434676383994,-1.67493338857618,-0.475));
#10428=CARTESIAN_POINT('',(1.2874494373601,-1.68291865011694,-0.475));
#10429=CARTESIAN_POINT('',(1.3013982581388,-1.6910337356285,-0.475));
#10430=CARTESIAN_POINT('',(1.31415923480518,-1.69814535022687,-0.475));
#10431=CARTESIAN_POINT('',(1.32238899798856,-1.70251361720755,-0.475));
#10432=CARTESIAN_POINT('',(1.3255435570414,-1.70417583552462,-0.475));
#10433=CARTESIAN_POINT('',(1.14286726604696,-1.55588509909616,-0.475));
#10434=CARTESIAN_POINT('',(1.09600657705489,-1.59028265509867,-0.475));
#10435=CARTESIAN_POINT('',(1.06301926370666,-1.54241875231356,-0.475));
#10436=CARTESIAN_POINT('',(2.83530070186478E-14,-4.13501843372994E-14,-0.475));
#10437=CARTESIAN_POINT('',(1.01820925531862,-1.57235984268344,-0.475));
#10438=CARTESIAN_POINT('',(1.04980603715129,-1.6211528689226,-0.475));
#10439=CARTESIAN_POINT('',(1.00009402988568,-1.65128312556574,-0.475));
#10440=CARTESIAN_POINT('',(0.97039017136232,-1.60231347676521,-0.475));
#10441=CARTESIAN_POINT('',(0.993363635413134,-1.64017516422691,-0.475));
#10442=CARTESIAN_POINT('',(1.01890572387572,-1.68227010334234,-0.475));
#10443=CARTESIAN_POINT('',(1.01981335365016,-1.68399479783721,-0.475));
#10444=CARTESIAN_POINT('',(1.02088467573896,-1.68595747331613,-0.475));
#10445=CARTESIAN_POINT('',(1.02209429195975,-1.68832516878973,-0.475));
#10446=CARTESIAN_POINT('',(1.02366456748885,-1.69153284108751,-0.475));
#10447=CARTESIAN_POINT('',(1.0254816838768,-1.69545031652454,-0.475));
#10448=CARTESIAN_POINT('',(1.02754333510449,-1.70013459981514,-0.475));
#10449=CARTESIAN_POINT('',(1.02981152154814,-1.70558243365391,-0.475));
#10450=CARTESIAN_POINT('',(1.03225878245219,-1.71180794434746,-0.475));
#10451=CARTESIAN_POINT('',(1.03485409213623,-1.71881889052771,-0.475));
#10452=CARTESIAN_POINT('',(1.03756710965722,-1.72662375637921,-0.475));
#10453=CARTESIAN_POINT('',(1.04036695332281,-1.73522964383082,-0.475));
#10454=CARTESIAN_POINT('',(1.0432225884718,-1.74464287703872,-0.475));
#10455=CARTESIAN_POINT('',(1.04610274691498,-1.75486881713342,-0.475));
#10456=CARTESIAN_POINT('',(1.04897597839519,-1.76591191112854,-0.475));
#10457=CARTESIAN_POINT('',(1.05181067914954,-1.77777565572682,-0.475));
#10458=CARTESIAN_POINT('',(1.05457506966209,-1.79046266057521,-0.475));
#10459=CARTESIAN_POINT('',(1.05723741227034,-1.80397439361858,-0.475));
#10460=CARTESIAN_POINT('',(1.0597652824157,-1.81831215055694,-0.475));
#10461=CARTESIAN_POINT('',(1.0621285260391,-1.83347326973815,-0.475));
#10462=CARTESIAN_POINT('',(1.06428790483476,-1.84946580853576,-0.475));
#10463=CARTESIAN_POINT('',(1.06597476565429,-1.86397691077684,-0.475));
#10464=CARTESIAN_POINT('',(1.06686112408772,-1.87325188394103,-0.475));
#10465=CARTESIAN_POINT('',(1.06718961608348,-1.87680241989496,-0.475));
#10466=CARTESIAN_POINT('',(0.793155071689415,-1.69704761122173,-0.475));
#10467=CARTESIAN_POINT('',(0.811872541508337,-1.73718417499492,-0.475));
#10468=CARTESIAN_POINT('',(0.832682780175574,-1.7818083405196,-0.475));
#10469=CARTESIAN_POINT('',(0.833612559153282,-1.78352119601867,-0.475));
#10470=CARTESIAN_POINT('',(0.834649269510307,-1.78550237185367,-0.475));
#10471=CARTESIAN_POINT('',(0.835945909582142,-1.78782355210979,-0.475));
#10472=CARTESIAN_POINT('',(0.837740593282362,-1.7909112757411,-0.475));
#10473=CARTESIAN_POINT('',(0.839988319290119,-1.7945985855411,-0.475));
#10474=CARTESIAN_POINT('',(0.842737766448702,-1.79891523424738,-0.475));
#10475=CARTESIAN_POINT('',(0.846007337867473,-1.80382781666557,-0.475));
#10476=CARTESIAN_POINT('',(0.84982403551951,-1.80932134816734,-0.475));
#10477=CARTESIAN_POINT('',(0.854211547415953,-1.81537434230718,-0.475));
#10478=CARTESIAN_POINT('',(0.859193784423245,-1.82196628507333,-0.475));
#10479=CARTESIAN_POINT('',(0.864793808528448,-1.82907544489731,-0.475));
#10480=CARTESIAN_POINT('',(0.871034120009188,-1.83667953091429,-0.475));
#10481=CARTESIAN_POINT('',(0.87793654815775,-1.84475552305967,-0.475));
#10482=CARTESIAN_POINT('',(0.885522263357511,-1.85327974202871,-0.475));
#10483=CARTESIAN_POINT('',(0.89381173112047,-1.86222785291687,-0.475));
#10484=CARTESIAN_POINT('',(0.90282477704182,-1.87157488186453,-0.475));
#10485=CARTESIAN_POINT('',(0.912580254173683,-1.88129525551624,-0.475));
#10486=CARTESIAN_POINT('',(0.92309725397081,-1.89136273368916,-0.475));
#10487=CARTESIAN_POINT('',(0.934390316047944,-1.90175076546484,-0.475));
#10488=CARTESIAN_POINT('',(0.946487939501044,-1.91243120182125,-0.475));
#10489=CARTESIAN_POINT('',(0.957616310396945,-1.92189571178632,-0.475));
#10490=CARTESIAN_POINT('',(0.96483573437649,-1.9277855908914,-0.475));
#10491=CARTESIAN_POINT('',(0.967605396754943,-1.93003129409104,-0.475));
#10492=CARTESIAN_POINT('',(0.817369266990776,-1.74895154614703,-0.475));
#10493=CARTESIAN_POINT('',(0.764698362720704,-1.77354609585077,-0.475));
#10494=CARTESIAN_POINT('',(0.741682675556005,-1.72016637895293,-0.475));
#10495=CARTESIAN_POINT('',(1.97411911612692E-14,-4.60870494093771E-14,-0.475));
#10496=CARTESIAN_POINT('',(0.691892461952498,-1.74079016070097,-0.475));
#10497=CARTESIAN_POINT('',(0.713363073280952,-1.79480986896507,-0.475));
#10498=CARTESIAN_POINT('',(0.658728146824607,-1.81466284966992,-0.475));
#10499=CARTESIAN_POINT('',(0.639148544167225,-1.7608392036154,-0.475));
#10500=CARTESIAN_POINT('',(0.654294130749159,-1.80245528986856,-0.475));
#10501=CARTESIAN_POINT('',(0.671133119916741,-1.84872440079557,-0.475));
#10502=CARTESIAN_POINT('',(0.671686838635187,-1.8505930255543,-0.475));
#10503=CARTESIAN_POINT('',(0.672354676579254,-1.85272699334553,-0.475));
#10504=CARTESIAN_POINT('',(0.673079135891165,-1.85528517863255,-0.475));
#10505=CARTESIAN_POINT('',(0.673993453194781,-1.85873756196518,-0.475));
#10506=CARTESIAN_POINT('',(0.675011392656364,-1.86293426603143,-0.475));
#10507=CARTESIAN_POINT('',(0.676119571498227,-1.86793075033399,-0.475));
#10508=CARTESIAN_POINT('',(0.677281355717481,-1.87371640679682,-0.475));
#10509=CARTESIAN_POINT('',(0.678467056303552,-1.88029973296588,-0.475));
#10510=CARTESIAN_POINT('',(0.679644730091804,-1.88768228558315,-0.475));
#10511=CARTESIAN_POINT('',(0.680782963949607,-1.89586646658763,-0.475));
#10512=CARTESIAN_POINT('',(0.681850084050082,-1.90485321672729,-0.475));
#10513=CARTESIAN_POINT('',(0.682814418272668,-1.91464268407938,-0.475));
#10514=CARTESIAN_POINT('',(0.683644253332975,-1.92523402664069,-0.475));
#10515=CARTESIAN_POINT('',(0.684307875712399,-1.93662547033591,-0.475));
#10516=CARTESIAN_POINT('',(0.684773606732612,-1.94881427909135,-0.475));
#10517=CARTESIAN_POINT('',(0.685009768395315,-1.96179681253432,-0.475));
#10518=CARTESIAN_POINT('',(0.684984946486455,-1.97556831869277,-0.475));
#10519=CARTESIAN_POINT('',(0.684667086697695,-1.99012374265257,-0.475));
#10520=CARTESIAN_POINT('',(0.684027133634351,-2.00545459113944,-0.475));
#10521=CARTESIAN_POINT('',(0.683025031028071,-2.02156111169302,-0.475));
#10522=CARTESIAN_POINT('',(0.681848503680927,-2.03612247739397,-0.475));
#10523=CARTESIAN_POINT('',(0.680908373484302,-2.04539215450174,-0.475));
#10524=CARTESIAN_POINT('',(0.680537878395898,-2.04893855351214,-0.475));
#10525=CARTESIAN_POINT('',(0.4468372544402,-1.81917619557435,-0.475));
#10526=CARTESIAN_POINT('',(0.457364818173858,-1.86219314374335,-0.475));
#10527=CARTESIAN_POINT('',(0.469069451118451,-1.91001974460307,-0.475));
#10528=CARTESIAN_POINT('',(0.469647203122934,-1.91188107894418,-0.475));
#10529=CARTESIAN_POINT('',(0.470277485149526,-1.91402643919842,-0.475));
#10530=CARTESIAN_POINT('',(0.471096370842338,-1.91655598055594,-0.475));
#10531=CARTESIAN_POINT('',(0.472254185200965,-1.91993449986448,-0.475));
#10532=CARTESIAN_POINT('',(0.473739363327497,-1.92398946863126,-0.475));
#10533=CARTESIAN_POINT('',(0.475593844243742,-1.92875956467459,-0.475));
#10534=CARTESIAN_POINT('',(0.477842194478605,-1.93421561494007,-0.475));
#10535=CARTESIAN_POINT('',(0.480513820525785,-1.9403481905484,-0.475));
#10536=CARTESIAN_POINT('',(0.483636147035507,-1.94714083921185,-0.475));
#10537=CARTESIAN_POINT('',(0.48723662751878,-1.95457810586827,-0.475));
#10538=CARTESIAN_POINT('',(0.491342120451743,-1.96264317568564,-0.475));
#10539=CARTESIAN_POINT('',(0.495979042507493,-1.97131857569828,-0.475));
#10540=CARTESIAN_POINT('',(0.501173294526401,-1.98058598684931,-0.475));
#10541=CARTESIAN_POINT('',(0.506950259712052,-1.99042631496212,-0.475));
#10542=CARTESIAN_POINT('',(0.513334757841732,-2.00081968534386,-0.475));
#10543=CARTESIAN_POINT('',(0.520351105725698,-2.01174547178237,-0.475));
#10544=CARTESIAN_POINT('',(0.528022783274111,-2.02318227035506,-0.475));
#10545=CARTESIAN_POINT('',(0.536373634310489,-2.03510806963492,-0.475));
#10546=CARTESIAN_POINT('',(0.545423098902193,-2.04749966541003,-0.475));
#10547=CARTESIAN_POINT('',(0.555204620144809,-2.06033500943178,-0.475));
#10548=CARTESIAN_POINT('',(0.564272728217567,-2.07178869895335,-0.475));
#10549=CARTESIAN_POINT('',(0.570204374578449,-2.0789738454319,-0.475));
#10550=CARTESIAN_POINT('',(0.572482703710552,-2.08171673239955,-0.475));
#10551=CARTESIAN_POINT('',(0.460460225390103,-1.87480676610279,-0.475));
#10552=CARTESIAN_POINT('',(0.404003219154942,-1.88865315475545,-0.475));
#10553=CARTESIAN_POINT('',(0.39184363812417,-1.83180897632956,-0.475));
#10554=CARTESIAN_POINT('',(1.03707323985506E-14,-4.90528150185674E-14,-0.475));
#10555=CARTESIAN_POINT('',(0.338986629291303,-1.84232288908913,-0.475));
#10556=CARTESIAN_POINT('',(0.349505966563047,-1.89949333228419,-0.475));
#10557=CARTESIAN_POINT('',(0.292047710500062,-1.90830609813594,-0.475));
#10558=CARTESIAN_POINT('',(0.283344796858418,-1.85169686736066,-0.475));
#10559=CARTESIAN_POINT('',(0.29008046957287,-1.89546806954914,-0.475));
#10560=CARTESIAN_POINT('',(0.297569246535154,-1.94413325630283,-0.475));
#10561=CARTESIAN_POINT('',(0.297747775097781,-1.94607400112388,-0.475));
#10562=CARTESIAN_POINT('',(0.297986464259456,-1.94829725404193,-0.475));
#10563=CARTESIAN_POINT('',(0.298197926097407,-1.95094761951642,-0.475));
#10564=CARTESIAN_POINT('',(0.298421148474325,-1.95451204072857,-0.475));
#10565=CARTESIAN_POINT('',(0.298600792166896,-1.95882669644031,-0.475));
#10566=CARTESIAN_POINT('',(0.298712911931514,-1.96394336966513,-0.475));
#10567=CARTESIAN_POINT('',(0.298723647210356,-1.9698445092188,-0.475));
#10568=CARTESIAN_POINT('',(0.298602221669881,-1.97653265733065,-0.475));
#10569=CARTESIAN_POINT('',(0.29831700221911,-1.98400310902806,-0.475));
#10570=CARTESIAN_POINT('',(0.297836710724898,-1.99225209169925,-0.475));
#10571=CARTESIAN_POINT('',(0.297130098433241,-2.00127434875893,-0.475));
#10572=CARTESIAN_POINT('',(0.296166072906058,-2.01106384651486,-0.475));
#10573=CARTESIAN_POINT('',(0.294913694487501,-2.02161357218783,-0.475));
#10574=CARTESIAN_POINT('',(0.293342205130256,-2.03291559879035,-0.475));
#10575=CARTESIAN_POINT('',(0.291421068634415,-2.04496106261804,-0.475));
#10576=CARTESIAN_POINT('',(0.289119925887017,-2.05774021317607,-0.475));
#10577=CARTESIAN_POINT('',(0.286408893353077,-2.07124226119107,-0.475));
#10578=CARTESIAN_POINT('',(0.283257518803629,-2.08545599539233,-0.475));
#10579=CARTESIAN_POINT('',(0.27963896209087,-2.10036741727514,-0.475));
#10580=CARTESIAN_POINT('',(0.27551388832382,-2.11596895503244,-0.475));
#10581=CARTESIAN_POINT('',(0.271519186096155,-2.1300209990755,-0.475));
#10582=CARTESIAN_POINT('',(0.268788695945702,-2.13892915163409,-0.475));
#10583=CARTESIAN_POINT('',(0.267733451691597,-2.14233512757582,-0.475));
#10584=CARTESIAN_POINT('',(0.0833477320920667,-1.87139485893681,-0.475));
#10585=CARTESIAN_POINT('',(0.0852808213701022,-1.91563907430769,-0.475));
#10586=CARTESIAN_POINT('',(0.0874300461120236,-1.96483016105285,-0.475));
#10587=CARTESIAN_POINT('',(0.0876335684577559,-1.96676844420113,-0.475));
#10588=CARTESIAN_POINT('',(0.0878332007690997,-1.96899554388317,-0.475));
#10589=CARTESIAN_POINT('',(0.0881428627649497,-1.97163623748632,-0.475));
#10590=CARTESIAN_POINT('',(0.0886193136254914,-1.97517571786974,-0.475));
#10591=CARTESIAN_POINT('',(0.0892848693082934,-1.97944251542766,-0.475));
#10592=CARTESIAN_POINT('',(0.0901731173205955,-1.98448274669218,-0.475));
#10593=CARTESIAN_POINT('',(0.0913138435329122,-1.99027259185302,-0.475));
#10594=CARTESIAN_POINT('',(0.0927377288845089,-1.99680854012649,-0.475));
#10595=CARTESIAN_POINT('',(0.0944748807507625,-2.00407980563478,-0.475));
#10596=CARTESIAN_POINT('',(0.0965552402642161,-2.01207658619471,-0.475));
#10597=CARTESIAN_POINT('',(0.0990084302339118,-2.02078762989534,-0.475));
#10598=CARTESIAN_POINT('',(0.101863768550485,-2.03020095314637,-0.475));
#10599=CARTESIAN_POINT('',(0.105150232247623,-2.04030364188975,-0.475));
#10600=CARTESIAN_POINT('',(0.108896441886839,-2.05108192085547,-0.475));
#10601=CARTESIAN_POINT('',(0.113130617700584,-2.0625211393357,-0.475));
#10602=CARTESIAN_POINT('',(0.117880633232798,-2.07460581141947,-0.475));
#10603=CARTESIAN_POINT('',(0.123173692931902,-2.08731952515783,-0.475));
#10604=CARTESIAN_POINT('',(0.129037476685415,-2.10064534376636,-0.475));
#10605=CARTESIAN_POINT('',(0.135495577942427,-2.11456430146456,-0.475));
#10606=CARTESIAN_POINT('',(0.142585098598747,-2.12906129807903,-0.475));
#10607=CARTESIAN_POINT('',(0.149244461540579,-2.14206400829209,-0.475));
#10608=CARTESIAN_POINT('',(0.153660380439654,-2.15026830099443,-0.475));
#10609=CARTESIAN_POINT('',(0.155359821414562,-2.15340296412215,-0.475));
#10610=CARTESIAN_POINT('',(0.0858559555567564,-1.92861421344097,-0.475));
#10611=CARTESIAN_POINT('',(0.0277824584446713,-1.93118033209176,-0.475));
#10612=CARTESIAN_POINT('',(0.0269462694276662,-1.87305618203617,-0.475));
#10613=CARTESIAN_POINT('',(6.01732205729446E-16,-5.01335084557297E-14,-0.475));
#10614=CARTESIAN_POINT('',(-0.026946269427667,-1.87305618203618,-0.475));
#10615=CARTESIAN_POINT('',(-0.0277824584446721,-1.93118033209176,-0.475));
#10616=CARTESIAN_POINT('',(-0.0858559555567575,-1.92861421344098,-0.475));
#10617=CARTESIAN_POINT('',(-0.0833477320920674,-1.87139485893681,-0.475));
#10618=CARTESIAN_POINT('',(-0.0852808213701029,-1.91563907430769,-0.475));
#10619=CARTESIAN_POINT('',(-0.0874300461120243,-1.96483016105285,-0.475));
#10620=CARTESIAN_POINT('',(-0.0876335684577566,-1.96676844420113,-0.475));
#10621=CARTESIAN_POINT('',(-0.0878332007691004,-1.96899554388317,-0.475));
#10622=CARTESIAN_POINT('',(-0.0881428627649505,-1.97163623748632,-0.475));
#10623=CARTESIAN_POINT('',(-0.0886193136254921,-1.97517571786974,-0.475));
#10624=CARTESIAN_POINT('',(-0.0892848693082941,-1.97944251542766,-0.475));
#10625=CARTESIAN_POINT('',(-0.0901731173205963,-1.98448274669218,-0.475));
#10626=CARTESIAN_POINT('',(-0.0913138435329129,-1.99027259185302,-0.475));
#10627=CARTESIAN_POINT('',(-0.0927377288845097,-1.99680854012649,-0.475));
#10628=CARTESIAN_POINT('',(-0.0944748807507633,-2.00407980563478,-0.475));
#10629=CARTESIAN_POINT('',(-0.0965552402642168,-2.01207658619471,-0.475));
#10630=CARTESIAN_POINT('',(-0.0990084302339126,-2.02078762989534,-0.475));
#10631=CARTESIAN_POINT('',(-0.101863768550485,-2.03020095314637,-0.475));
#10632=CARTESIAN_POINT('',(-0.105150232247623,-2.04030364188975,-0.475));
#10633=CARTESIAN_POINT('',(-0.10889644188684,-2.05108192085547,-0.475));
#10634=CARTESIAN_POINT('',(-0.113130617700585,-2.0625211393357,-0.475));
#10635=CARTESIAN_POINT('',(-0.117880633232799,-2.07460581141947,-0.475));
#10636=CARTESIAN_POINT('',(-0.123173692931902,-2.08731952515783,-0.475));
#10637=CARTESIAN_POINT('',(-0.129037476685415,-2.10064534376636,-0.475));
#10638=CARTESIAN_POINT('',(-0.135495577942428,-2.11456430146456,-0.475));
#10639=CARTESIAN_POINT('',(-0.142585098598748,-2.12906129807903,-0.475));
#10640=CARTESIAN_POINT('',(-0.14924446154058,-2.14206400829209,-0.475));
#10641=CARTESIAN_POINT('',(-0.153660380439654,-2.15026830099443,-0.475));
#10642=CARTESIAN_POINT('',(-0.155359821414563,-2.15340296412215,-0.475));
#10643=CARTESIAN_POINT('',(-0.283344796858418,-1.85169686736066,-0.475));
#10644=CARTESIAN_POINT('',(-0.29008046957287,-1.89546806954914,-0.475));
#10645=CARTESIAN_POINT('',(-0.297569246535154,-1.94413325630283,-0.475));
#10646=CARTESIAN_POINT('',(-0.297747775097781,-1.94607400112388,-0.475));
#10647=CARTESIAN_POINT('',(-0.297986464259456,-1.94829725404193,-0.475));
#10648=CARTESIAN_POINT('',(-0.298197926097407,-1.95094761951642,-0.475));
#10649=CARTESIAN_POINT('',(-0.298421148474325,-1.95451204072857,-0.475));
#10650=CARTESIAN_POINT('',(-0.298600792166895,-1.95882669644031,-0.475));
#10651=CARTESIAN_POINT('',(-0.298712911931514,-1.96394336966513,-0.475));
#10652=CARTESIAN_POINT('',(-0.298723647210356,-1.9698445092188,-0.475));
#10653=CARTESIAN_POINT('',(-0.298602221669881,-1.97653265733065,-0.475));
#10654=CARTESIAN_POINT('',(-0.29831700221911,-1.98400310902806,-0.475));
#10655=CARTESIAN_POINT('',(-0.297836710724898,-1.99225209169925,-0.475));
#10656=CARTESIAN_POINT('',(-0.297130098433241,-2.00127434875893,-0.475));
#10657=CARTESIAN_POINT('',(-0.296166072906058,-2.01106384651486,-0.475));
#10658=CARTESIAN_POINT('',(-0.2949136944875,-2.02161357218783,-0.475));
#10659=CARTESIAN_POINT('',(-0.293342205130256,-2.03291559879035,-0.475));
#10660=CARTESIAN_POINT('',(-0.291421068634415,-2.04496106261804,-0.475));
#10661=CARTESIAN_POINT('',(-0.289119925887016,-2.05774021317607,-0.475));
#10662=CARTESIAN_POINT('',(-0.286408893353077,-2.07124226119107,-0.475));
#10663=CARTESIAN_POINT('',(-0.283257518803629,-2.08545599539233,-0.475));
#10664=CARTESIAN_POINT('',(-0.27963896209087,-2.10036741727514,-0.475));
#10665=CARTESIAN_POINT('',(-0.275513888323819,-2.11596895503244,-0.475));
#10666=CARTESIAN_POINT('',(-0.271519186096155,-2.1300209990755,-0.475));
#10667=CARTESIAN_POINT('',(-0.268788695945702,-2.13892915163409,-0.475));
#10668=CARTESIAN_POINT('',(-0.267733451691597,-2.14233512757582,-0.475));
#10669=CARTESIAN_POINT('',(-0.292047710500061,-1.90830609813593,-0.475));
#10670=CARTESIAN_POINT('',(-0.349505966563046,-1.89949333228418,-0.475));
#10671=CARTESIAN_POINT('',(-0.3389866292913,-1.84232288908912,-0.475));
#10672=CARTESIAN_POINT('',(-9.19039221830258E-15,-4.92875992781338E-14,
-0.475));
#10673=CARTESIAN_POINT('',(-0.391843638124172,-1.83180897632958,-0.475));
#10674=CARTESIAN_POINT('',(-0.404003219154944,-1.88865315475545,-0.475));
#10675=CARTESIAN_POINT('',(-0.460460225390105,-1.8748067661028,-0.475));
#10676=CARTESIAN_POINT('',(-0.4468372544402,-1.81917619557435,-0.475));
#10677=CARTESIAN_POINT('',(-0.457364818173858,-1.86219314374335,-0.475));
#10678=CARTESIAN_POINT('',(-0.469069451118451,-1.91001974460307,-0.475));
#10679=CARTESIAN_POINT('',(-0.469647203122934,-1.91188107894418,-0.475));
#10680=CARTESIAN_POINT('',(-0.470277485149525,-1.91402643919842,-0.475));
#10681=CARTESIAN_POINT('',(-0.471096370842337,-1.91655598055594,-0.475));
#10682=CARTESIAN_POINT('',(-0.472254185200965,-1.91993449986448,-0.475));
#10683=CARTESIAN_POINT('',(-0.473739363327496,-1.92398946863126,-0.475));
#10684=CARTESIAN_POINT('',(-0.475593844243742,-1.92875956467459,-0.475));
#10685=CARTESIAN_POINT('',(-0.477842194478604,-1.93421561494007,-0.475));
#10686=CARTESIAN_POINT('',(-0.480513820525785,-1.9403481905484,-0.475));
#10687=CARTESIAN_POINT('',(-0.483636147035507,-1.94714083921185,-0.475));
#10688=CARTESIAN_POINT('',(-0.48723662751878,-1.95457810586827,-0.475));
#10689=CARTESIAN_POINT('',(-0.491342120451743,-1.96264317568564,-0.475));
#10690=CARTESIAN_POINT('',(-0.495979042507492,-1.97131857569828,-0.475));
#10691=CARTESIAN_POINT('',(-0.5011732945264,-1.98058598684931,-0.475));
#10692=CARTESIAN_POINT('',(-0.506950259712052,-1.99042631496212,-0.475));
#10693=CARTESIAN_POINT('',(-0.513334757841732,-2.00081968534386,-0.475));
#10694=CARTESIAN_POINT('',(-0.520351105725697,-2.01174547178237,-0.475));
#10695=CARTESIAN_POINT('',(-0.528022783274111,-2.02318227035506,-0.475));
#10696=CARTESIAN_POINT('',(-0.536373634310489,-2.03510806963492,-0.475));
#10697=CARTESIAN_POINT('',(-0.545423098902192,-2.04749966541003,-0.475));
#10698=CARTESIAN_POINT('',(-0.555204620144809,-2.06033500943178,-0.475));
#10699=CARTESIAN_POINT('',(-0.564272728217567,-2.07178869895335,-0.475));
#10700=CARTESIAN_POINT('',(-0.570204374578449,-2.0789738454319,-0.475));
#10701=CARTESIAN_POINT('',(-0.572482703710552,-2.08171673239955,-0.475));
#10702=CARTESIAN_POINT('',(-0.639148544167226,-1.7608392036154,-0.475));
#10703=CARTESIAN_POINT('',(-0.65429413074916,-1.80245528986856,-0.475));
#10704=CARTESIAN_POINT('',(-0.671133119916741,-1.84872440079557,-0.475));
#10705=CARTESIAN_POINT('',(-0.671686838635188,-1.8505930255543,-0.475));
#10706=CARTESIAN_POINT('',(-0.672354676579255,-1.85272699334553,-0.475));
#10707=CARTESIAN_POINT('',(-0.673079135891166,-1.85528517863255,-0.475));
#10708=CARTESIAN_POINT('',(-0.673993453194782,-1.85873756196518,-0.475));
#10709=CARTESIAN_POINT('',(-0.675011392656364,-1.86293426603143,-0.475));
#10710=CARTESIAN_POINT('',(-0.676119571498227,-1.86793075033399,-0.475));
#10711=CARTESIAN_POINT('',(-0.677281355717482,-1.87371640679682,-0.475));
#10712=CARTESIAN_POINT('',(-0.678467056303553,-1.88029973296588,-0.475));
#10713=CARTESIAN_POINT('',(-0.679644730091805,-1.88768228558315,-0.475));
#10714=CARTESIAN_POINT('',(-0.680782963949607,-1.89586646658763,-0.475));
#10715=CARTESIAN_POINT('',(-0.681850084050083,-1.90485321672729,-0.475));
#10716=CARTESIAN_POINT('',(-0.682814418272669,-1.91464268407938,-0.475));
#10717=CARTESIAN_POINT('',(-0.683644253332976,-1.92523402664069,-0.475));
#10718=CARTESIAN_POINT('',(-0.6843078757124,-1.93662547033591,-0.475));
#10719=CARTESIAN_POINT('',(-0.684773606732612,-1.94881427909135,-0.475));
#10720=CARTESIAN_POINT('',(-0.685009768395316,-1.96179681253432,-0.475));
#10721=CARTESIAN_POINT('',(-0.684984946486455,-1.97556831869277,-0.475));
#10722=CARTESIAN_POINT('',(-0.684667086697696,-1.99012374265257,-0.475));
#10723=CARTESIAN_POINT('',(-0.684027133634352,-2.00545459113944,-0.475));
#10724=CARTESIAN_POINT('',(-0.683025031028071,-2.02156111169302,-0.475));
#10725=CARTESIAN_POINT('',(-0.681848503680928,-2.03612247739397,-0.475));
#10726=CARTESIAN_POINT('',(-0.680908373484303,-2.04539215450174,-0.475));
#10727=CARTESIAN_POINT('',(-0.680537878395898,-2.04893855351214,-0.475));
#10728=CARTESIAN_POINT('',(-0.658728146824605,-1.81466284966992,-0.475));
#10729=CARTESIAN_POINT('',(-0.71336307328095,-1.79480986896507,-0.475));
#10730=CARTESIAN_POINT('',(-0.691892461952494,-1.74079016070096,-0.475));
#10731=CARTESIAN_POINT('',(-1.86293350234166E-14,-4.65475953010834E-14,
-0.475));
#10732=CARTESIAN_POINT('',(-0.74168267555601,-1.72016637895295,-0.475));
#10733=CARTESIAN_POINT('',(-0.764698362720707,-1.77354609585078,-0.475));
#10734=CARTESIAN_POINT('',(-0.81736926699078,-1.74895154614704,-0.475));
#10735=CARTESIAN_POINT('',(-0.793155071689416,-1.69704761122173,-0.475));
#10736=CARTESIAN_POINT('',(-0.811872541508338,-1.73718417499492,-0.475));
#10737=CARTESIAN_POINT('',(-0.832682780175575,-1.7818083405196,-0.475));
#10738=CARTESIAN_POINT('',(-0.833612559153283,-1.78352119601867,-0.475));
#10739=CARTESIAN_POINT('',(-0.834649269510307,-1.78550237185367,-0.475));
#10740=CARTESIAN_POINT('',(-0.835945909582143,-1.78782355210979,-0.475));
#10741=CARTESIAN_POINT('',(-0.837740593282363,-1.7909112757411,-0.475));
#10742=CARTESIAN_POINT('',(-0.83998831929012,-1.7945985855411,-0.475));
#10743=CARTESIAN_POINT('',(-0.842737766448702,-1.79891523424738,-0.475));
#10744=CARTESIAN_POINT('',(-0.846007337867474,-1.80382781666557,-0.475));
#10745=CARTESIAN_POINT('',(-0.849824035519511,-1.80932134816734,-0.475));
#10746=CARTESIAN_POINT('',(-0.854211547415954,-1.81537434230718,-0.475));
#10747=CARTESIAN_POINT('',(-0.859193784423246,-1.82196628507333,-0.475));
#10748=CARTESIAN_POINT('',(-0.864793808528449,-1.82907544489731,-0.475));
#10749=CARTESIAN_POINT('',(-0.871034120009189,-1.83667953091429,-0.475));
#10750=CARTESIAN_POINT('',(-0.87793654815775,-1.84475552305967,-0.475));
#10751=CARTESIAN_POINT('',(-0.885522263357511,-1.85327974202871,-0.475));
#10752=CARTESIAN_POINT('',(-0.89381173112047,-1.86222785291687,-0.475));
#10753=CARTESIAN_POINT('',(-0.90282477704182,-1.87157488186453,-0.475));
#10754=CARTESIAN_POINT('',(-0.912580254173684,-1.88129525551623,-0.475));
#10755=CARTESIAN_POINT('',(-0.923097253970811,-1.89136273368916,-0.475));
#10756=CARTESIAN_POINT('',(-0.934390316047945,-1.90175076546484,-0.475));
#10757=CARTESIAN_POINT('',(-0.946487939501044,-1.91243120182125,-0.475));
#10758=CARTESIAN_POINT('',(-0.957616310396946,-1.92189571178632,-0.475));
#10759=CARTESIAN_POINT('',(-0.964835734376491,-1.9277855908914,-0.475));
#10760=CARTESIAN_POINT('',(-0.967605396754944,-1.93003129409104,-0.475));
#10761=CARTESIAN_POINT('',(-0.97039017136232,-1.60231347676521,-0.475));
#10762=CARTESIAN_POINT('',(-0.993363635413134,-1.64017516422691,-0.475));
#10763=CARTESIAN_POINT('',(-1.01890572387572,-1.68227010334234,-0.475));
#10764=CARTESIAN_POINT('',(-1.01981335365016,-1.68399479783721,-0.475));
#10765=CARTESIAN_POINT('',(-1.02088467573896,-1.68595747331613,-0.475));
#10766=CARTESIAN_POINT('',(-1.02209429195975,-1.68832516878973,-0.475));
#10767=CARTESIAN_POINT('',(-1.02366456748885,-1.69153284108751,-0.475));
#10768=CARTESIAN_POINT('',(-1.0254816838768,-1.69545031652454,-0.475));
#10769=CARTESIAN_POINT('',(-1.02754333510449,-1.70013459981514,-0.475));
#10770=CARTESIAN_POINT('',(-1.02981152154814,-1.70558243365391,-0.475));
#10771=CARTESIAN_POINT('',(-1.03225878245219,-1.71180794434746,-0.475));
#10772=CARTESIAN_POINT('',(-1.03485409213623,-1.71881889052771,-0.475));
#10773=CARTESIAN_POINT('',(-1.03756710965722,-1.72662375637921,-0.475));
#10774=CARTESIAN_POINT('',(-1.04036695332281,-1.73522964383082,-0.475));
#10775=CARTESIAN_POINT('',(-1.0432225884718,-1.74464287703872,-0.475));
#10776=CARTESIAN_POINT('',(-1.04610274691498,-1.75486881713342,-0.475));
#10777=CARTESIAN_POINT('',(-1.04897597839519,-1.76591191112854,-0.475));
#10778=CARTESIAN_POINT('',(-1.05181067914954,-1.77777565572682,-0.475));
#10779=CARTESIAN_POINT('',(-1.05457506966209,-1.79046266057521,-0.475));
#10780=CARTESIAN_POINT('',(-1.05723741227034,-1.80397439361858,-0.475));
#10781=CARTESIAN_POINT('',(-1.0597652824157,-1.81831215055694,-0.475));
#10782=CARTESIAN_POINT('',(-1.0621285260391,-1.83347326973815,-0.475));
#10783=CARTESIAN_POINT('',(-1.06428790483476,-1.84946580853576,-0.475));
#10784=CARTESIAN_POINT('',(-1.06597476565429,-1.86397691077684,-0.475));
#10785=CARTESIAN_POINT('',(-1.06686112408772,-1.87325188394103,-0.475));
#10786=CARTESIAN_POINT('',(-1.06718961608348,-1.87680241989496,-0.475));
#10787=CARTESIAN_POINT('',(-1.00009402988568,-1.65128312556573,-0.475));
#10788=CARTESIAN_POINT('',(-1.04980603715129,-1.62115286892259,-0.475));
#10789=CARTESIAN_POINT('',(-1.01820925531862,-1.57235984268343,-0.475));
#10790=CARTESIAN_POINT('',(-2.73523629310322E-14,-4.20187933408045E-14,
-0.475));
#10791=CARTESIAN_POINT('',(-1.06301926370667,-1.54241875231357,-0.475));
#10792=CARTESIAN_POINT('',(-1.0960065770549,-1.59028265509867,-0.475));
#10793=CARTESIAN_POINT('',(-1.14286726604697,-1.55588509909616,-0.475));
#10794=CARTESIAN_POINT('',(-1.10899238434009,-1.50970243888512,-0.475));
#10795=CARTESIAN_POINT('',(-1.13518045837602,-1.54541619262552,-0.475));
#10796=CARTESIAN_POINT('',(-1.16429657696443,-1.58512304115959,-0.475));
#10797=CARTESIAN_POINT('',(-1.16554265203068,-1.58662159374038,-0.475));
#10798=CARTESIAN_POINT('',(-1.16694595052051,-1.58836244967984,-0.475));
#10799=CARTESIAN_POINT('',(-1.16867051582057,-1.59038606717905,-0.475));
#10800=CARTESIAN_POINT('',(-1.17103310017426,-1.5930643356456,-0.475));
#10801=CARTESIAN_POINT('',(-1.1739569952133,-1.59624228523107,-0.475));
#10802=CARTESIAN_POINT('',(-1.17749574890182,-1.59993960021133,-0.475));
#10803=CARTESIAN_POINT('',(-1.18166089370848,-1.60411992699492,-0.475));
#10804=CARTESIAN_POINT('',(-1.18647598941503,-1.60876330105532,-0.475));
#10805=CARTESIAN_POINT('',(-1.19196007707656,-1.61384402750131,-0.475));
#10806=CARTESIAN_POINT('',(-1.19813260603375,-1.61933732171349,-0.475));
#10807=CARTESIAN_POINT('',(-1.20501195552536,-1.62521737051891,-0.475));
#10808=CARTESIAN_POINT('',(-1.21261584476049,-1.63145792177902,-0.475));
#10809=CARTESIAN_POINT('',(-1.22096119259589,-1.63803213906967,-0.475));
#10810=CARTESIAN_POINT('',(-1.23006414302875,-1.64491266794039,-0.475));
#10811=CARTESIAN_POINT('',(-1.23994002082764,-1.65207164845169,-0.475));
#10812=CARTESIAN_POINT('',(-1.25060339848619,-1.65948071882792,-0.475));
#10813=CARTESIAN_POINT('',(-1.26206777768626,-1.66711111905046,-0.475));
#10814=CARTESIAN_POINT('',(-1.27434676383994,-1.67493338857618,-0.475));
#10815=CARTESIAN_POINT('',(-1.2874494373601,-1.68291865011694,-0.475));
#10816=CARTESIAN_POINT('',(-1.30139825813881,-1.6910337356285,-0.475));
#10817=CARTESIAN_POINT('',(-1.31415923480518,-1.69814535022687,-0.475));
#10818=CARTESIAN_POINT('',(-1.32238899798856,-1.70251361720755,-0.475));
#10819=CARTESIAN_POINT('',(-1.3255435570414,-1.70417583552462,-0.475));
#10820=CARTESIAN_POINT('',(-1.26434024847304,-1.38221174159068,-0.475));
#10821=CARTESIAN_POINT('',(-1.29425873265293,-1.41486402684484,-0.475));
#10822=CARTESIAN_POINT('',(-1.32752235227506,-1.45116710924559,-0.475));
#10823=CARTESIAN_POINT('',(-1.32874901340228,-1.45268159443439,-0.475));
#10824=CARTESIAN_POINT('',(-1.33018264932874,-1.45439755308304,-0.475));
#10825=CARTESIAN_POINT('',(-1.33183093758541,-1.45648376953399,-0.475));
#10826=CARTESIAN_POINT('',(-1.33399682653202,-1.45932346174938,-0.475));
#10827=CARTESIAN_POINT('',(-1.3365432890826,-1.4628111621731,-0.475));
#10828=CARTESIAN_POINT('',(-1.33947918459562,-1.46700323007187,-0.475));
#10829=CARTESIAN_POINT('',(-1.34276660813067,-1.47190388408733,-0.475));
#10830=CARTESIAN_POINT('',(-1.34638138248858,-1.47753233642073,-0.475));
#10831=CARTESIAN_POINT('',(-1.35029459177271,-1.48390224943402,-0.475));
#10832=CARTESIAN_POINT('',(-1.35447813321504,-1.49102786351489,-0.475));
#10833=CARTESIAN_POINT('',(-1.35890310402386,-1.49892216884992,-0.475));
#10834=CARTESIAN_POINT('',(-1.36354029964192,-1.50759742264045,-0.475));
#10835=CARTESIAN_POINT('',(-1.36836009859422,-1.51706498312548,-0.475));
#10836=CARTESIAN_POINT('',(-1.37333252250077,-1.52733534751131,-0.475));
#10837=CARTESIAN_POINT('',(-1.37842725702897,-1.53841811090079,-0.475));
#10838=CARTESIAN_POINT('',(-1.38361364241426,-1.55032203267321,-0.475));
#10839=CARTESIAN_POINT('',(-1.38886083720625,-1.56305474427813,-0.475));
#10840=CARTESIAN_POINT('',(-1.39413729265368,-1.5766238422366,-0.475));
#10841=CARTESIAN_POINT('',(-1.39941291483671,-1.59103259880447,-0.475));
#10842=CARTESIAN_POINT('',(-1.40465079131819,-1.60629657154885,-0.475));
#10843=CARTESIAN_POINT('',(-1.40913621518909,-1.62019975680885,-0.475));
#10844=CARTESIAN_POINT('',(-1.41181499999505,-1.62912359401222,-0.475));
#10845=CARTESIAN_POINT('',(-1.41282985531181,-1.63254182180415,-0.475));
#10846=CARTESIAN_POINT('',(-1.30302686023744,-1.42444551699631,-0.475));
#10847=CARTESIAN_POINT('',(-1.34590554375191,-1.38519587328043,-0.475));
#10848=CARTESIAN_POINT('',(-1.30539683802117,-1.34350461770114,-0.475));
#10849=CARTESIAN_POINT('',(-3.502425487059E-14,-3.58752327168493E-14,-0.475));
#10850=CARTESIAN_POINT('',(-1.34350461770115,-1.30539683802118,-0.475));
#10851=CARTESIAN_POINT('',(-1.38519587328043,-1.34590554375191,-0.475));
#10852=CARTESIAN_POINT('',(-1.42444551699631,-1.30302686023744,-0.475));
#10853=CARTESIAN_POINT('',(-1.38221174159068,-1.26434024847304,-0.475));
#10854=CARTESIAN_POINT('',(-1.41486402684484,-1.29425873265293,-0.475));
#10855=CARTESIAN_POINT('',(-1.45116710924559,-1.32752235227506,-0.475));
#10856=CARTESIAN_POINT('',(-1.45268159443439,-1.32874901340228,-0.475));
#10857=CARTESIAN_POINT('',(-1.45439755308304,-1.33018264932874,-0.475));
#10858=CARTESIAN_POINT('',(-1.45648376953399,-1.33183093758541,-0.475));
#10859=CARTESIAN_POINT('',(-1.45932346174938,-1.33399682653202,-0.475));
#10860=CARTESIAN_POINT('',(-1.4628111621731,-1.3365432890826,-0.475));
#10861=CARTESIAN_POINT('',(-1.46700323007187,-1.33947918459562,-0.475));
#10862=CARTESIAN_POINT('',(-1.47190388408733,-1.34276660813067,-0.475));
#10863=CARTESIAN_POINT('',(-1.47753233642073,-1.34638138248858,-0.475));
#10864=CARTESIAN_POINT('',(-1.48390224943402,-1.35029459177271,-0.475));
#10865=CARTESIAN_POINT('',(-1.49102786351489,-1.35447813321504,-0.475));
#10866=CARTESIAN_POINT('',(-1.49892216884992,-1.35890310402385,-0.475));
#10867=CARTESIAN_POINT('',(-1.50759742264045,-1.36354029964192,-0.475));
#10868=CARTESIAN_POINT('',(-1.51706498312548,-1.36836009859422,-0.475));
#10869=CARTESIAN_POINT('',(-1.52733534751131,-1.37333252250077,-0.475));
#10870=CARTESIAN_POINT('',(-1.53841811090079,-1.37842725702897,-0.475));
#10871=CARTESIAN_POINT('',(-1.55032203267321,-1.38361364241426,-0.475));
#10872=CARTESIAN_POINT('',(-1.56305474427813,-1.38886083720625,-0.475));
#10873=CARTESIAN_POINT('',(-1.5766238422366,-1.39413729265368,-0.475));
#10874=CARTESIAN_POINT('',(-1.59103259880447,-1.39941291483671,-0.475));
#10875=CARTESIAN_POINT('',(-1.60629657154885,-1.40465079131819,-0.475));
#10876=CARTESIAN_POINT('',(-1.62019975680885,-1.40913621518909,-0.475));
#10877=CARTESIAN_POINT('',(-1.62912359401222,-1.41181499999505,-0.475));
#10878=CARTESIAN_POINT('',(-1.63254182180415,-1.41282985531181,-0.475));
#10879=CARTESIAN_POINT('',(-1.50970243888512,-1.10899238434009,-0.475));
#10880=CARTESIAN_POINT('',(-1.54541619262552,-1.13518045837602,-0.475));
#10881=CARTESIAN_POINT('',(-1.58512304115959,-1.16429657696443,-0.475));
#10882=CARTESIAN_POINT('',(-1.58662159374038,-1.16554265203068,-0.475));
#10883=CARTESIAN_POINT('',(-1.58836244967984,-1.16694595052051,-0.475));
#10884=CARTESIAN_POINT('',(-1.59038606717905,-1.16867051582057,-0.475));
#10885=CARTESIAN_POINT('',(-1.5930643356456,-1.17103310017426,-0.475));
#10886=CARTESIAN_POINT('',(-1.59624228523107,-1.1739569952133,-0.475));
#10887=CARTESIAN_POINT('',(-1.59993960021133,-1.17749574890182,-0.475));
#10888=CARTESIAN_POINT('',(-1.60411992699491,-1.18166089370848,-0.475));
#10889=CARTESIAN_POINT('',(-1.60876330105532,-1.18647598941503,-0.475));
#10890=CARTESIAN_POINT('',(-1.61384402750131,-1.19196007707656,-0.475));
#10891=CARTESIAN_POINT('',(-1.61933732171349,-1.19813260603375,-0.475));
#10892=CARTESIAN_POINT('',(-1.62521737051891,-1.20501195552536,-0.475));
#10893=CARTESIAN_POINT('',(-1.63145792177902,-1.21261584476049,-0.475));
#10894=CARTESIAN_POINT('',(-1.63803213906967,-1.22096119259589,-0.475));
#10895=CARTESIAN_POINT('',(-1.64491266794039,-1.23006414302875,-0.475));
#10896=CARTESIAN_POINT('',(-1.65207164845169,-1.23994002082764,-0.475));
#10897=CARTESIAN_POINT('',(-1.65948071882792,-1.25060339848619,-0.475));
#10898=CARTESIAN_POINT('',(-1.66711111905046,-1.26206777768626,-0.475));
#10899=CARTESIAN_POINT('',(-1.67493338857618,-1.27434676383994,-0.475));
#10900=CARTESIAN_POINT('',(-1.68291865011694,-1.2874494373601,-0.475));
#10901=CARTESIAN_POINT('',(-1.6910337356285,-1.30139825813881,-0.475));
#10902=CARTESIAN_POINT('',(-1.69814535022687,-1.31415923480518,-0.475));
#10903=CARTESIAN_POINT('',(-1.70251361720755,-1.32238899798856,-0.475));
#10904=CARTESIAN_POINT('',(-1.70417583552462,-1.3255435570414,-0.475));
#10905=CARTESIAN_POINT('',(-1.55588509909616,-1.14286726604696,-0.475));
#10906=CARTESIAN_POINT('',(-1.59028265509867,-1.09600657705489,-0.475));
#10907=CARTESIAN_POINT('',(-1.54241875231356,-1.06301926370666,-0.475));
#10908=CARTESIAN_POINT('',(-4.13501843372994E-14,-2.83530070186478E-14,
-0.475));
#10909=CARTESIAN_POINT('',(-1.57235984268344,-1.01820925531862,-0.475));
#10910=CARTESIAN_POINT('',(-1.6211528689226,-1.04980603715129,-0.475));
#10911=CARTESIAN_POINT('',(-1.65128312556574,-1.00009402988568,-0.475));
#10912=CARTESIAN_POINT('',(-1.60231347676521,-0.97039017136232,-0.475));
#10913=CARTESIAN_POINT('',(-1.64017516422691,-0.993363635413135,-0.475));
#10914=CARTESIAN_POINT('',(-1.68227010334234,-1.01890572387572,-0.475));
#10915=CARTESIAN_POINT('',(-1.68399479783721,-1.01981335365016,-0.475));
#10916=CARTESIAN_POINT('',(-1.68595747331613,-1.02088467573896,-0.475));
#10917=CARTESIAN_POINT('',(-1.68832516878973,-1.02209429195975,-0.475));
#10918=CARTESIAN_POINT('',(-1.69153284108751,-1.02366456748885,-0.475));
#10919=CARTESIAN_POINT('',(-1.69545031652454,-1.0254816838768,-0.475));
#10920=CARTESIAN_POINT('',(-1.70013459981514,-1.02754333510449,-0.475));
#10921=CARTESIAN_POINT('',(-1.70558243365391,-1.02981152154814,-0.475));
#10922=CARTESIAN_POINT('',(-1.71180794434746,-1.03225878245219,-0.475));
#10923=CARTESIAN_POINT('',(-1.71881889052771,-1.03485409213623,-0.475));
#10924=CARTESIAN_POINT('',(-1.72662375637921,-1.03756710965722,-0.475));
#10925=CARTESIAN_POINT('',(-1.73522964383082,-1.04036695332281,-0.475));
#10926=CARTESIAN_POINT('',(-1.74464287703872,-1.0432225884718,-0.475));
#10927=CARTESIAN_POINT('',(-1.75486881713342,-1.04610274691498,-0.475));
#10928=CARTESIAN_POINT('',(-1.76591191112854,-1.04897597839519,-0.475));
#10929=CARTESIAN_POINT('',(-1.77777565572682,-1.05181067914954,-0.475));
#10930=CARTESIAN_POINT('',(-1.79046266057521,-1.05457506966209,-0.475));
#10931=CARTESIAN_POINT('',(-1.80397439361858,-1.05723741227034,-0.475));
#10932=CARTESIAN_POINT('',(-1.81831215055694,-1.0597652824157,-0.475));
#10933=CARTESIAN_POINT('',(-1.83347326973815,-1.0621285260391,-0.475));
#10934=CARTESIAN_POINT('',(-1.84946580853576,-1.06428790483476,-0.475));
#10935=CARTESIAN_POINT('',(-1.86397691077684,-1.06597476565429,-0.475));
#10936=CARTESIAN_POINT('',(-1.87325188394103,-1.06686112408772,-0.475));
#10937=CARTESIAN_POINT('',(-1.87680241989496,-1.06718961608348,-0.475));
#10938=CARTESIAN_POINT('',(-1.69704761122173,-0.793155071689415,-0.475));
#10939=CARTESIAN_POINT('',(-1.73718417499492,-0.811872541508337,-0.475));
#10940=CARTESIAN_POINT('',(-1.7818083405196,-0.832682780175575,-0.475));
#10941=CARTESIAN_POINT('',(-1.78352119601867,-0.833612559153283,-0.475));
#10942=CARTESIAN_POINT('',(-1.78550237185367,-0.834649269510307,-0.475));
#10943=CARTESIAN_POINT('',(-1.78782355210979,-0.835945909582142,-0.475));
#10944=CARTESIAN_POINT('',(-1.7909112757411,-0.837740593282363,-0.475));
#10945=CARTESIAN_POINT('',(-1.7945985855411,-0.839988319290119,-0.475));
#10946=CARTESIAN_POINT('',(-1.79891523424738,-0.842737766448702,-0.475));
#10947=CARTESIAN_POINT('',(-1.80382781666557,-0.846007337867473,-0.475));
#10948=CARTESIAN_POINT('',(-1.80932134816734,-0.84982403551951,-0.475));
#10949=CARTESIAN_POINT('',(-1.81537434230718,-0.854211547415953,-0.475));
#10950=CARTESIAN_POINT('',(-1.82196628507333,-0.859193784423245,-0.475));
#10951=CARTESIAN_POINT('',(-1.82907544489731,-0.864793808528449,-0.475));
#10952=CARTESIAN_POINT('',(-1.83667953091429,-0.871034120009188,-0.475));
#10953=CARTESIAN_POINT('',(-1.84475552305967,-0.87793654815775,-0.475));
#10954=CARTESIAN_POINT('',(-1.85327974202871,-0.885522263357511,-0.475));
#10955=CARTESIAN_POINT('',(-1.86222785291687,-0.89381173112047,-0.475));
#10956=CARTESIAN_POINT('',(-1.87157488186453,-0.90282477704182,-0.475));
#10957=CARTESIAN_POINT('',(-1.88129525551624,-0.912580254173683,-0.475));
#10958=CARTESIAN_POINT('',(-1.89136273368916,-0.92309725397081,-0.475));
#10959=CARTESIAN_POINT('',(-1.90175076546484,-0.934390316047944,-0.475));
#10960=CARTESIAN_POINT('',(-1.91243120182125,-0.946487939501044,-0.475));
#10961=CARTESIAN_POINT('',(-1.92189571178632,-0.957616310396946,-0.475));
#10962=CARTESIAN_POINT('',(-1.9277855908914,-0.964835734376491,-0.475));
#10963=CARTESIAN_POINT('',(-1.93003129409104,-0.967605396754943,-0.475));
#10964=CARTESIAN_POINT('',(-1.74895154614703,-0.817369266990777,-0.475));
#10965=CARTESIAN_POINT('',(-1.77354609585077,-0.764698362720705,-0.475));
#10966=CARTESIAN_POINT('',(-1.72016637895293,-0.741682675556005,-0.475));
#10967=CARTESIAN_POINT('',(-4.60870494093771E-14,-1.97411911612692E-14,
-0.475));
#10968=CARTESIAN_POINT('',(-1.74079016070097,-0.691892461952498,-0.475));
#10969=CARTESIAN_POINT('',(-1.79480986896507,-0.713363073280952,-0.475));
#10970=CARTESIAN_POINT('',(-1.81466284966992,-0.658728146824607,-0.475));
#10971=CARTESIAN_POINT('',(-1.7608392036154,-0.639148544167225,-0.475));
#10972=CARTESIAN_POINT('',(-1.80245528986856,-0.65429413074916,-0.475));
#10973=CARTESIAN_POINT('',(-1.84872440079557,-0.671133119916741,-0.475));
#10974=CARTESIAN_POINT('',(-1.8505930255543,-0.671686838635187,-0.475));
#10975=CARTESIAN_POINT('',(-1.85272699334553,-0.672354676579255,-0.475));
#10976=CARTESIAN_POINT('',(-1.85528517863255,-0.673079135891165,-0.475));
#10977=CARTESIAN_POINT('',(-1.85873756196518,-0.673993453194782,-0.475));
#10978=CARTESIAN_POINT('',(-1.86293426603143,-0.675011392656364,-0.475));
#10979=CARTESIAN_POINT('',(-1.86793075033399,-0.676119571498227,-0.475));
#10980=CARTESIAN_POINT('',(-1.87371640679682,-0.677281355717481,-0.475));
#10981=CARTESIAN_POINT('',(-1.88029973296588,-0.678467056303552,-0.475));
#10982=CARTESIAN_POINT('',(-1.88768228558315,-0.679644730091804,-0.475));
#10983=CARTESIAN_POINT('',(-1.89586646658763,-0.680782963949607,-0.475));
#10984=CARTESIAN_POINT('',(-1.90485321672729,-0.681850084050082,-0.475));
#10985=CARTESIAN_POINT('',(-1.91464268407938,-0.682814418272668,-0.475));
#10986=CARTESIAN_POINT('',(-1.92523402664069,-0.683644253332975,-0.475));
#10987=CARTESIAN_POINT('',(-1.93662547033591,-0.6843078757124,-0.475));
#10988=CARTESIAN_POINT('',(-1.94881427909135,-0.684773606732612,-0.475));
#10989=CARTESIAN_POINT('',(-1.96179681253432,-0.685009768395315,-0.475));
#10990=CARTESIAN_POINT('',(-1.97556831869277,-0.684984946486455,-0.475));
#10991=CARTESIAN_POINT('',(-1.99012374265257,-0.684667086697695,-0.475));
#10992=CARTESIAN_POINT('',(-2.00545459113944,-0.684027133634352,-0.475));
#10993=CARTESIAN_POINT('',(-2.02156111169302,-0.683025031028071,-0.475));
#10994=CARTESIAN_POINT('',(-2.03612247739397,-0.681848503680928,-0.475));
#10995=CARTESIAN_POINT('',(-2.04539215450174,-0.680908373484302,-0.475));
#10996=CARTESIAN_POINT('',(-2.04893855351214,-0.680537878395898,-0.475));
#10997=CARTESIAN_POINT('',(-1.81917619557435,-0.4468372544402,-0.475));
#10998=CARTESIAN_POINT('',(-1.86219314374335,-0.457364818173858,-0.475));
#10999=CARTESIAN_POINT('',(-1.91001974460307,-0.469069451118451,-0.475));
#11000=CARTESIAN_POINT('',(-1.91188107894418,-0.469647203122934,-0.475));
#11001=CARTESIAN_POINT('',(-1.91402643919842,-0.470277485149525,-0.475));
#11002=CARTESIAN_POINT('',(-1.91655598055594,-0.471096370842337,-0.475));
#11003=CARTESIAN_POINT('',(-1.91993449986448,-0.472254185200964,-0.475));
#11004=CARTESIAN_POINT('',(-1.92398946863126,-0.473739363327496,-0.475));
#11005=CARTESIAN_POINT('',(-1.92875956467459,-0.475593844243742,-0.475));
#11006=CARTESIAN_POINT('',(-1.93421561494007,-0.477842194478604,-0.475));
#11007=CARTESIAN_POINT('',(-1.9403481905484,-0.480513820525785,-0.475));
#11008=CARTESIAN_POINT('',(-1.94714083921185,-0.483636147035507,-0.475));
#11009=CARTESIAN_POINT('',(-1.95457810586827,-0.48723662751878,-0.475));
#11010=CARTESIAN_POINT('',(-1.96264317568564,-0.491342120451743,-0.475));
#11011=CARTESIAN_POINT('',(-1.97131857569828,-0.495979042507492,-0.475));
#11012=CARTESIAN_POINT('',(-1.98058598684931,-0.5011732945264,-0.475));
#11013=CARTESIAN_POINT('',(-1.99042631496212,-0.506950259712052,-0.475));
#11014=CARTESIAN_POINT('',(-2.00081968534386,-0.513334757841731,-0.475));
#11015=CARTESIAN_POINT('',(-2.01174547178237,-0.520351105725697,-0.475));
#11016=CARTESIAN_POINT('',(-2.02318227035506,-0.528022783274111,-0.475));
#11017=CARTESIAN_POINT('',(-2.03510806963492,-0.536373634310489,-0.475));
#11018=CARTESIAN_POINT('',(-2.04749966541003,-0.545423098902192,-0.475));
#11019=CARTESIAN_POINT('',(-2.06033500943178,-0.555204620144809,-0.475));
#11020=CARTESIAN_POINT('',(-2.07178869895335,-0.564272728217567,-0.475));
#11021=CARTESIAN_POINT('',(-2.0789738454319,-0.570204374578448,-0.475));
#11022=CARTESIAN_POINT('',(-2.08171673239955,-0.572482703710551,-0.475));
#11023=CARTESIAN_POINT('',(-1.87480676610279,-0.460460225390103,-0.475));
#11024=CARTESIAN_POINT('',(-1.88865315475545,-0.404003219154942,-0.475));
#11025=CARTESIAN_POINT('',(-1.83180897632956,-0.39184363812417,-0.475));
#11026=CARTESIAN_POINT('',(-4.90528150185674E-14,-1.03707323985506E-14,
-0.475));
#11027=CARTESIAN_POINT('',(-1.84232288908913,-0.338986629291302,-0.475));
#11028=CARTESIAN_POINT('',(-1.89949333228419,-0.349505966563046,-0.475));
#11029=CARTESIAN_POINT('',(-1.90830609813594,-0.292047710500062,-0.475));
#11030=CARTESIAN_POINT('',(-1.85169686736066,-0.283344796858417,-0.475));
#11031=CARTESIAN_POINT('',(-1.89546806954914,-0.29008046957287,-0.475));
#11032=CARTESIAN_POINT('',(-1.94413325630283,-0.297569246535153,-0.475));
#11033=CARTESIAN_POINT('',(-1.94607400112388,-0.297747775097781,-0.475));
#11034=CARTESIAN_POINT('',(-1.94829725404193,-0.297986464259455,-0.475));
#11035=CARTESIAN_POINT('',(-1.95094761951642,-0.298197926097407,-0.475));
#11036=CARTESIAN_POINT('',(-1.95451204072857,-0.298421148474325,-0.475));
#11037=CARTESIAN_POINT('',(-1.95882669644031,-0.298600792166895,-0.475));
#11038=CARTESIAN_POINT('',(-1.96394336966513,-0.298712911931514,-0.475));
#11039=CARTESIAN_POINT('',(-1.9698445092188,-0.298723647210356,-0.475));
#11040=CARTESIAN_POINT('',(-1.97653265733065,-0.298602221669881,-0.475));
#11041=CARTESIAN_POINT('',(-1.98400310902806,-0.29831700221911,-0.475));
#11042=CARTESIAN_POINT('',(-1.99225209169925,-0.297836710724898,-0.475));
#11043=CARTESIAN_POINT('',(-2.00127434875893,-0.29713009843324,-0.475));
#11044=CARTESIAN_POINT('',(-2.01106384651486,-0.296166072906058,-0.475));
#11045=CARTESIAN_POINT('',(-2.02161357218783,-0.2949136944875,-0.475));
#11046=CARTESIAN_POINT('',(-2.03291559879035,-0.293342205130255,-0.475));
#11047=CARTESIAN_POINT('',(-2.04496106261804,-0.291421068634415,-0.475));
#11048=CARTESIAN_POINT('',(-2.05774021317607,-0.289119925887016,-0.475));
#11049=CARTESIAN_POINT('',(-2.07124226119107,-0.286408893353077,-0.475));
#11050=CARTESIAN_POINT('',(-2.08545599539233,-0.283257518803629,-0.475));
#11051=CARTESIAN_POINT('',(-2.10036741727514,-0.279638962090869,-0.475));
#11052=CARTESIAN_POINT('',(-2.11596895503244,-0.275513888323819,-0.475));
#11053=CARTESIAN_POINT('',(-2.1300209990755,-0.271519186096154,-0.475));
#11054=CARTESIAN_POINT('',(-2.13892915163409,-0.268788695945702,-0.475));
#11055=CARTESIAN_POINT('',(-2.14233512757582,-0.267733451691597,-0.475));
#11056=CARTESIAN_POINT('',(-1.87139485893681,-0.0833477320920668,-0.475));
#11057=CARTESIAN_POINT('',(-1.91563907430769,-0.0852808213701023,-0.475));
#11058=CARTESIAN_POINT('',(-1.96483016105285,-0.0874300461120237,-0.475));
#11059=CARTESIAN_POINT('',(-1.96676844420113,-0.087633568457756,-0.475));
#11060=CARTESIAN_POINT('',(-1.96899554388317,-0.0878332007690999,-0.475));
#11061=CARTESIAN_POINT('',(-1.97163623748632,-0.0881428627649499,-0.475));
#11062=CARTESIAN_POINT('',(-1.97517571786974,-0.0886193136254915,-0.475));
#11063=CARTESIAN_POINT('',(-1.97944251542766,-0.0892848693082935,-0.475));
#11064=CARTESIAN_POINT('',(-1.98448274669218,-0.0901731173205957,-0.475));
#11065=CARTESIAN_POINT('',(-1.99027259185302,-0.0913138435329124,-0.475));
#11066=CARTESIAN_POINT('',(-1.99680854012649,-0.092737728884509,-0.475));
#11067=CARTESIAN_POINT('',(-2.00407980563478,-0.0944748807507627,-0.475));
#11068=CARTESIAN_POINT('',(-2.01207658619471,-0.0965552402642162,-0.475));
#11069=CARTESIAN_POINT('',(-2.02078762989534,-0.0990084302339119,-0.475));
#11070=CARTESIAN_POINT('',(-2.03020095314637,-0.101863768550485,-0.475));
#11071=CARTESIAN_POINT('',(-2.04030364188975,-0.105150232247623,-0.475));
#11072=CARTESIAN_POINT('',(-2.05108192085547,-0.108896441886839,-0.475));
#11073=CARTESIAN_POINT('',(-2.0625211393357,-0.113130617700584,-0.475));
#11074=CARTESIAN_POINT('',(-2.07460581141947,-0.117880633232798,-0.475));
#11075=CARTESIAN_POINT('',(-2.08731952515783,-0.123173692931902,-0.475));
#11076=CARTESIAN_POINT('',(-2.10064534376636,-0.129037476685415,-0.475));
#11077=CARTESIAN_POINT('',(-2.11456430146456,-0.135495577942427,-0.475));
#11078=CARTESIAN_POINT('',(-2.12906129807903,-0.142585098598747,-0.475));
#11079=CARTESIAN_POINT('',(-2.14206400829209,-0.149244461540579,-0.475));
#11080=CARTESIAN_POINT('',(-2.15026830099443,-0.153660380439654,-0.475));
#11081=CARTESIAN_POINT('',(-2.15340296412215,-0.155359821414562,-0.475));
#11082=CARTESIAN_POINT('',(-1.92861421344097,-0.0858559555567565,-0.475));
#11083=CARTESIAN_POINT('',(-1.93118033209176,-0.0277824584446714,-0.475));
#11084=CARTESIAN_POINT('',(-1.87305618203617,-0.0269462694276663,-0.475));
#11085=CARTESIAN_POINT('',(-5.01335084557297E-14,-6.01732205729449E-16,
-0.475));
#11086=CARTESIAN_POINT('',(-1.87305618203618,0.0269462694276669,-0.475));
#11087=CARTESIAN_POINT('',(-1.93118033209176,0.027782458444672,-0.475));
#11088=CARTESIAN_POINT('',(-1.92861421344098,0.0858559555567574,-0.475));
#11089=CARTESIAN_POINT('',(-1.87139485893681,0.0833477320920673,-0.475));
#11090=CARTESIAN_POINT('',(-1.91563907430769,0.0852808213701028,-0.475));
#11091=CARTESIAN_POINT('',(-1.96483016105285,0.0874300461120242,-0.475));
#11092=CARTESIAN_POINT('',(-1.96676844420113,0.0876335684577565,-0.475));
#11093=CARTESIAN_POINT('',(-1.96899554388317,0.0878332007691003,-0.475));
#11094=CARTESIAN_POINT('',(-1.97163623748632,0.0881428627649503,-0.475));
#11095=CARTESIAN_POINT('',(-1.97517571786974,0.088619313625492,-0.475));
#11096=CARTESIAN_POINT('',(-1.97944251542766,0.089284869308294,-0.475));
#11097=CARTESIAN_POINT('',(-1.98448274669218,0.0901731173205961,-0.475));
#11098=CARTESIAN_POINT('',(-1.99027259185302,0.0913138435329128,-0.475));
#11099=CARTESIAN_POINT('',(-1.99680854012649,0.0927377288845095,-0.475));
#11100=CARTESIAN_POINT('',(-2.00407980563478,0.0944748807507631,-0.475));
#11101=CARTESIAN_POINT('',(-2.01207658619471,0.0965552402642167,-0.475));
#11102=CARTESIAN_POINT('',(-2.02078762989534,0.0990084302339124,-0.475));
#11103=CARTESIAN_POINT('',(-2.03020095314637,0.101863768550485,-0.475));
#11104=CARTESIAN_POINT('',(-2.04030364188975,0.105150232247623,-0.475));
#11105=CARTESIAN_POINT('',(-2.05108192085547,0.10889644188684,-0.475));
#11106=CARTESIAN_POINT('',(-2.0625211393357,0.113130617700585,-0.475));
#11107=CARTESIAN_POINT('',(-2.07460581141947,0.117880633232799,-0.475));
#11108=CARTESIAN_POINT('',(-2.08731952515783,0.123173692931902,-0.475));
#11109=CARTESIAN_POINT('',(-2.10064534376636,0.129037476685415,-0.475));
#11110=CARTESIAN_POINT('',(-2.11456430146456,0.135495577942427,-0.475));
#11111=CARTESIAN_POINT('',(-2.12906129807903,0.142585098598748,-0.475));
#11112=CARTESIAN_POINT('',(-2.14206400829209,0.14924446154058,-0.475));
#11113=CARTESIAN_POINT('',(-2.15026830099443,0.153660380439654,-0.475));
#11114=CARTESIAN_POINT('',(-2.15340296412215,0.155359821414563,-0.475));
#11115=CARTESIAN_POINT('',(-1.85169686736066,0.283344796858418,-0.475));
#11116=CARTESIAN_POINT('',(-1.89546806954914,0.290080469572871,-0.475));
#11117=CARTESIAN_POINT('',(-1.94413325630283,0.297569246535154,-0.475));
#11118=CARTESIAN_POINT('',(-1.94607400112388,0.297747775097781,-0.475));
#11119=CARTESIAN_POINT('',(-1.94829725404193,0.297986464259456,-0.475));
#11120=CARTESIAN_POINT('',(-1.95094761951642,0.298197926097407,-0.475));
#11121=CARTESIAN_POINT('',(-1.95451204072857,0.298421148474325,-0.475));
#11122=CARTESIAN_POINT('',(-1.95882669644031,0.298600792166896,-0.475));
#11123=CARTESIAN_POINT('',(-1.96394336966513,0.298712911931515,-0.475));
#11124=CARTESIAN_POINT('',(-1.9698445092188,0.298723647210356,-0.475));
#11125=CARTESIAN_POINT('',(-1.97653265733065,0.298602221669881,-0.475));
#11126=CARTESIAN_POINT('',(-1.98400310902806,0.29831700221911,-0.475));
#11127=CARTESIAN_POINT('',(-1.99225209169925,0.297836710724898,-0.475));
#11128=CARTESIAN_POINT('',(-2.00127434875893,0.297130098433241,-0.475));
#11129=CARTESIAN_POINT('',(-2.01106384651486,0.296166072906058,-0.475));
#11130=CARTESIAN_POINT('',(-2.02161357218783,0.294913694487501,-0.475));
#11131=CARTESIAN_POINT('',(-2.03291559879035,0.293342205130256,-0.475));
#11132=CARTESIAN_POINT('',(-2.04496106261804,0.291421068634415,-0.475));
#11133=CARTESIAN_POINT('',(-2.05774021317607,0.289119925887017,-0.475));
#11134=CARTESIAN_POINT('',(-2.07124226119107,0.286408893353077,-0.475));
#11135=CARTESIAN_POINT('',(-2.08545599539233,0.283257518803629,-0.475));
#11136=CARTESIAN_POINT('',(-2.10036741727514,0.27963896209087,-0.475));
#11137=CARTESIAN_POINT('',(-2.11596895503244,0.27551388832382,-0.475));
#11138=CARTESIAN_POINT('',(-2.1300209990755,0.271519186096155,-0.475));
#11139=CARTESIAN_POINT('',(-2.13892915163409,0.268788695945703,-0.475));
#11140=CARTESIAN_POINT('',(-2.14233512757582,0.267733451691598,-0.475));
#11141=CARTESIAN_POINT('',(-1.90830609813593,0.292047710500062,-0.475));
#11142=CARTESIAN_POINT('',(-1.89949333228418,0.349505966563046,-0.475));
#11143=CARTESIAN_POINT('',(-1.84232288908912,0.3389866292913,-0.475));
#11144=CARTESIAN_POINT('',(-4.92875992781338E-14,9.19039221830259E-15,-0.475));
#11145=CARTESIAN_POINT('',(-1.83180897632958,0.391843638124172,-0.475));
#11146=CARTESIAN_POINT('',(-1.88865315475545,0.404003219154944,-0.475));
#11147=CARTESIAN_POINT('',(-1.8748067661028,0.460460225390105,-0.475));
#11148=CARTESIAN_POINT('',(-1.81917619557435,0.4468372544402,-0.475));
#11149=CARTESIAN_POINT('',(-1.86219314374335,0.457364818173858,-0.475));
#11150=CARTESIAN_POINT('',(-1.91001974460307,0.469069451118451,-0.475));
#11151=CARTESIAN_POINT('',(-1.91188107894418,0.469647203122934,-0.475));
#11152=CARTESIAN_POINT('',(-1.91402643919842,0.470277485149526,-0.475));
#11153=CARTESIAN_POINT('',(-1.91655598055594,0.471096370842338,-0.475));
#11154=CARTESIAN_POINT('',(-1.91993449986448,0.472254185200965,-0.475));
#11155=CARTESIAN_POINT('',(-1.92398946863126,0.473739363327497,-0.475));
#11156=CARTESIAN_POINT('',(-1.92875956467459,0.475593844243742,-0.475));
#11157=CARTESIAN_POINT('',(-1.93421561494007,0.477842194478605,-0.475));
#11158=CARTESIAN_POINT('',(-1.9403481905484,0.480513820525785,-0.475));
#11159=CARTESIAN_POINT('',(-1.94714083921185,0.483636147035508,-0.475));
#11160=CARTESIAN_POINT('',(-1.95457810586827,0.48723662751878,-0.475));
#11161=CARTESIAN_POINT('',(-1.96264317568564,0.491342120451743,-0.475));
#11162=CARTESIAN_POINT('',(-1.97131857569828,0.495979042507493,-0.475));
#11163=CARTESIAN_POINT('',(-1.98058598684931,0.501173294526401,-0.475));
#11164=CARTESIAN_POINT('',(-1.99042631496212,0.506950259712052,-0.475));
#11165=CARTESIAN_POINT('',(-2.00081968534386,0.513334757841732,-0.475));
#11166=CARTESIAN_POINT('',(-2.01174547178237,0.520351105725698,-0.475));
#11167=CARTESIAN_POINT('',(-2.02318227035506,0.528022783274111,-0.475));
#11168=CARTESIAN_POINT('',(-2.03510806963492,0.536373634310489,-0.475));
#11169=CARTESIAN_POINT('',(-2.04749966541003,0.545423098902193,-0.475));
#11170=CARTESIAN_POINT('',(-2.06033500943178,0.555204620144809,-0.475));
#11171=CARTESIAN_POINT('',(-2.07178869895335,0.564272728217567,-0.475));
#11172=CARTESIAN_POINT('',(-2.0789738454319,0.570204374578449,-0.475));
#11173=CARTESIAN_POINT('',(-2.08171673239955,0.572482703710552,-0.475));
#11174=CARTESIAN_POINT('',(-1.7608392036154,0.639148544167226,-0.475));
#11175=CARTESIAN_POINT('',(-1.80245528986856,0.65429413074916,-0.475));
#11176=CARTESIAN_POINT('',(-1.84872440079557,0.671133119916741,-0.475));
#11177=CARTESIAN_POINT('',(-1.8505930255543,0.671686838635188,-0.475));
#11178=CARTESIAN_POINT('',(-1.85272699334553,0.672354676579255,-0.475));
#11179=CARTESIAN_POINT('',(-1.85528517863255,0.673079135891166,-0.475));
#11180=CARTESIAN_POINT('',(-1.85873756196518,0.673993453194782,-0.475));
#11181=CARTESIAN_POINT('',(-1.86293426603143,0.675011392656364,-0.475));
#11182=CARTESIAN_POINT('',(-1.86793075033399,0.676119571498227,-0.475));
#11183=CARTESIAN_POINT('',(-1.87371640679682,0.677281355717482,-0.475));
#11184=CARTESIAN_POINT('',(-1.88029973296588,0.678467056303553,-0.475));
#11185=CARTESIAN_POINT('',(-1.88768228558315,0.679644730091805,-0.475));
#11186=CARTESIAN_POINT('',(-1.89586646658763,0.680782963949607,-0.475));
#11187=CARTESIAN_POINT('',(-1.90485321672729,0.681850084050083,-0.475));
#11188=CARTESIAN_POINT('',(-1.91464268407938,0.682814418272669,-0.475));
#11189=CARTESIAN_POINT('',(-1.92523402664069,0.683644253332976,-0.475));
#11190=CARTESIAN_POINT('',(-1.93662547033591,0.6843078757124,-0.475));
#11191=CARTESIAN_POINT('',(-1.94881427909135,0.684773606732612,-0.475));
#11192=CARTESIAN_POINT('',(-1.96179681253432,0.685009768395316,-0.475));
#11193=CARTESIAN_POINT('',(-1.97556831869277,0.684984946486455,-0.475));
#11194=CARTESIAN_POINT('',(-1.99012374265257,0.684667086697696,-0.475));
#11195=CARTESIAN_POINT('',(-2.00545459113944,0.684027133634352,-0.475));
#11196=CARTESIAN_POINT('',(-2.02156111169302,0.683025031028071,-0.475));
#11197=CARTESIAN_POINT('',(-2.03612247739397,0.681848503680928,-0.475));
#11198=CARTESIAN_POINT('',(-2.04539215450174,0.680908373484303,-0.475));
#11199=CARTESIAN_POINT('',(-2.04893855351214,0.680537878395898,-0.475));
#11200=CARTESIAN_POINT('',(-1.81466284966992,0.658728146824605,-0.475));
#11201=CARTESIAN_POINT('',(-1.79480986896507,0.71336307328095,-0.475));
#11202=CARTESIAN_POINT('',(-1.74079016070096,0.691892461952494,-0.475));
#11203=CARTESIAN_POINT('',(-4.65475953010834E-14,1.86293350234166E-14,-0.475));
#11204=CARTESIAN_POINT('',(-1.72016637895295,0.74168267555601,-0.475));
#11205=CARTESIAN_POINT('',(-1.77354609585078,0.764698362720707,-0.475));
#11206=CARTESIAN_POINT('',(-1.74895154614704,0.81736926699078,-0.475));
#11207=CARTESIAN_POINT('',(-1.69704761122173,0.793155071689415,-0.475));
#11208=CARTESIAN_POINT('',(-1.73718417499492,0.811872541508338,-0.475));
#11209=CARTESIAN_POINT('',(-1.7818083405196,0.832682780175575,-0.475));
#11210=CARTESIAN_POINT('',(-1.78352119601867,0.833612559153283,-0.475));
#11211=CARTESIAN_POINT('',(-1.78550237185367,0.834649269510307,-0.475));
#11212=CARTESIAN_POINT('',(-1.78782355210979,0.835945909582143,-0.475));
#11213=CARTESIAN_POINT('',(-1.7909112757411,0.837740593282363,-0.475));
#11214=CARTESIAN_POINT('',(-1.7945985855411,0.83998831929012,-0.475));
#11215=CARTESIAN_POINT('',(-1.79891523424738,0.842737766448702,-0.475));
#11216=CARTESIAN_POINT('',(-1.80382781666557,0.846007337867474,-0.475));
#11217=CARTESIAN_POINT('',(-1.80932134816734,0.849824035519511,-0.475));
#11218=CARTESIAN_POINT('',(-1.81537434230718,0.854211547415954,-0.475));
#11219=CARTESIAN_POINT('',(-1.82196628507333,0.859193784423246,-0.475));
#11220=CARTESIAN_POINT('',(-1.82907544489731,0.864793808528449,-0.475));
#11221=CARTESIAN_POINT('',(-1.83667953091429,0.871034120009189,-0.475));
#11222=CARTESIAN_POINT('',(-1.84475552305967,0.87793654815775,-0.475));
#11223=CARTESIAN_POINT('',(-1.85327974202871,0.885522263357511,-0.475));
#11224=CARTESIAN_POINT('',(-1.86222785291687,0.89381173112047,-0.475));
#11225=CARTESIAN_POINT('',(-1.87157488186453,0.90282477704182,-0.475));
#11226=CARTESIAN_POINT('',(-1.88129525551623,0.912580254173684,-0.475));
#11227=CARTESIAN_POINT('',(-1.89136273368916,0.923097253970811,-0.475));
#11228=CARTESIAN_POINT('',(-1.90175076546484,0.934390316047944,-0.475));
#11229=CARTESIAN_POINT('',(-1.91243120182125,0.946487939501044,-0.475));
#11230=CARTESIAN_POINT('',(-1.92189571178632,0.957616310396946,-0.475));
#11231=CARTESIAN_POINT('',(-1.9277855908914,0.964835734376491,-0.475));
#11232=CARTESIAN_POINT('',(-1.93003129409104,0.967605396754944,-0.475));
#11233=CARTESIAN_POINT('',(-1.60231347676521,0.97039017136232,-0.475));
#11234=CARTESIAN_POINT('',(-1.64017516422691,0.993363635413135,-0.475));
#11235=CARTESIAN_POINT('',(-1.68227010334234,1.01890572387572,-0.475));
#11236=CARTESIAN_POINT('',(-1.68399479783721,1.01981335365016,-0.475));
#11237=CARTESIAN_POINT('',(-1.68595747331613,1.02088467573896,-0.475));
#11238=CARTESIAN_POINT('',(-1.68832516878973,1.02209429195975,-0.475));
#11239=CARTESIAN_POINT('',(-1.69153284108751,1.02366456748885,-0.475));
#11240=CARTESIAN_POINT('',(-1.69545031652454,1.0254816838768,-0.475));
#11241=CARTESIAN_POINT('',(-1.70013459981514,1.02754333510449,-0.475));
#11242=CARTESIAN_POINT('',(-1.70558243365391,1.02981152154814,-0.475));
#11243=CARTESIAN_POINT('',(-1.71180794434746,1.03225878245219,-0.475));
#11244=CARTESIAN_POINT('',(-1.71881889052771,1.03485409213623,-0.475));
#11245=CARTESIAN_POINT('',(-1.72662375637921,1.03756710965722,-0.475));
#11246=CARTESIAN_POINT('',(-1.73522964383082,1.04036695332281,-0.475));
#11247=CARTESIAN_POINT('',(-1.74464287703872,1.0432225884718,-0.475));
#11248=CARTESIAN_POINT('',(-1.75486881713342,1.04610274691498,-0.475));
#11249=CARTESIAN_POINT('',(-1.76591191112854,1.04897597839519,-0.475));
#11250=CARTESIAN_POINT('',(-1.77777565572682,1.05181067914954,-0.475));
#11251=CARTESIAN_POINT('',(-1.79046266057521,1.05457506966209,-0.475));
#11252=CARTESIAN_POINT('',(-1.80397439361858,1.05723741227034,-0.475));
#11253=CARTESIAN_POINT('',(-1.81831215055694,1.0597652824157,-0.475));
#11254=CARTESIAN_POINT('',(-1.83347326973815,1.0621285260391,-0.475));
#11255=CARTESIAN_POINT('',(-1.84946580853576,1.06428790483476,-0.475));
#11256=CARTESIAN_POINT('',(-1.86397691077684,1.06597476565429,-0.475));
#11257=CARTESIAN_POINT('',(-1.87325188394103,1.06686112408772,-0.475));
#11258=CARTESIAN_POINT('',(-1.87680241989496,1.06718961608348,-0.475));
#11259=CARTESIAN_POINT('',(-1.65128312556573,1.00009402988568,-0.475));
#11260=CARTESIAN_POINT('',(-1.62115286892259,1.04980603715129,-0.475));
#11261=CARTESIAN_POINT('',(-1.57235984268343,1.01820925531862,-0.475));
#11262=CARTESIAN_POINT('',(-4.20187933408045E-14,2.73523629310322E-14,-0.475));
#11263=CARTESIAN_POINT('',(-1.54241875231357,1.06301926370667,-0.475));
#11264=CARTESIAN_POINT('',(-1.59028265509867,1.0960065770549,-0.475));
#11265=CARTESIAN_POINT('',(-1.55588509909616,1.14286726604697,-0.475));
#11266=CARTESIAN_POINT('',(-1.50970243888512,1.10899238434009,-0.475));
#11267=CARTESIAN_POINT('',(-1.54541619262552,1.13518045837602,-0.475));
#11268=CARTESIAN_POINT('',(-1.58512304115959,1.16429657696443,-0.475));
#11269=CARTESIAN_POINT('',(-1.58662159374038,1.16554265203068,-0.475));
#11270=CARTESIAN_POINT('',(-1.58836244967984,1.16694595052051,-0.475));
#11271=CARTESIAN_POINT('',(-1.59038606717905,1.16867051582057,-0.475));
#11272=CARTESIAN_POINT('',(-1.5930643356456,1.17103310017426,-0.475));
#11273=CARTESIAN_POINT('',(-1.59624228523107,1.1739569952133,-0.475));
#11274=CARTESIAN_POINT('',(-1.59993960021133,1.17749574890182,-0.475));
#11275=CARTESIAN_POINT('',(-1.60411992699491,1.18166089370848,-0.475));
#11276=CARTESIAN_POINT('',(-1.60876330105532,1.18647598941503,-0.475));
#11277=CARTESIAN_POINT('',(-1.61384402750131,1.19196007707656,-0.475));
#11278=CARTESIAN_POINT('',(-1.61933732171349,1.19813260603375,-0.475));
#11279=CARTESIAN_POINT('',(-1.62521737051891,1.20501195552536,-0.475));
#11280=CARTESIAN_POINT('',(-1.63145792177902,1.21261584476049,-0.475));
#11281=CARTESIAN_POINT('',(-1.63803213906967,1.22096119259589,-0.475));
#11282=CARTESIAN_POINT('',(-1.64491266794039,1.23006414302875,-0.475));
#11283=CARTESIAN_POINT('',(-1.65207164845169,1.23994002082764,-0.475));
#11284=CARTESIAN_POINT('',(-1.65948071882792,1.25060339848619,-0.475));
#11285=CARTESIAN_POINT('',(-1.66711111905046,1.26206777768626,-0.475));
#11286=CARTESIAN_POINT('',(-1.67493338857618,1.27434676383994,-0.475));
#11287=CARTESIAN_POINT('',(-1.68291865011694,1.2874494373601,-0.475));
#11288=CARTESIAN_POINT('',(-1.6910337356285,1.30139825813881,-0.475));
#11289=CARTESIAN_POINT('',(-1.69814535022687,1.31415923480518,-0.475));
#11290=CARTESIAN_POINT('',(-1.70251361720755,1.32238899798856,-0.475));
#11291=CARTESIAN_POINT('',(-1.70417583552462,1.3255435570414,-0.475));
#11292=CARTESIAN_POINT('',(-1.38221174159068,1.26434024847304,-0.475));
#11293=CARTESIAN_POINT('',(-1.41486402684484,1.29425873265293,-0.475));
#11294=CARTESIAN_POINT('',(-1.45116710924559,1.32752235227506,-0.475));
#11295=CARTESIAN_POINT('',(-1.45268159443439,1.32874901340228,-0.475));
#11296=CARTESIAN_POINT('',(-1.45439755308304,1.33018264932874,-0.475));
#11297=CARTESIAN_POINT('',(-1.45648376953399,1.33183093758541,-0.475));
#11298=CARTESIAN_POINT('',(-1.45932346174938,1.33399682653202,-0.475));
#11299=CARTESIAN_POINT('',(-1.4628111621731,1.3365432890826,-0.475));
#11300=CARTESIAN_POINT('',(-1.46700323007187,1.33947918459562,-0.475));
#11301=CARTESIAN_POINT('',(-1.47190388408733,1.34276660813067,-0.475));
#11302=CARTESIAN_POINT('',(-1.47753233642073,1.34638138248858,-0.475));
#11303=CARTESIAN_POINT('',(-1.48390224943402,1.35029459177271,-0.475));
#11304=CARTESIAN_POINT('',(-1.49102786351489,1.35447813321504,-0.475));
#11305=CARTESIAN_POINT('',(-1.49892216884992,1.35890310402386,-0.475));
#11306=CARTESIAN_POINT('',(-1.50759742264045,1.36354029964192,-0.475));
#11307=CARTESIAN_POINT('',(-1.51706498312548,1.36836009859422,-0.475));
#11308=CARTESIAN_POINT('',(-1.52733534751131,1.37333252250077,-0.475));
#11309=CARTESIAN_POINT('',(-1.53841811090079,1.37842725702897,-0.475));
#11310=CARTESIAN_POINT('',(-1.55032203267321,1.38361364241426,-0.475));
#11311=CARTESIAN_POINT('',(-1.56305474427813,1.38886083720625,-0.475));
#11312=CARTESIAN_POINT('',(-1.5766238422366,1.39413729265368,-0.475));
#11313=CARTESIAN_POINT('',(-1.59103259880447,1.39941291483671,-0.475));
#11314=CARTESIAN_POINT('',(-1.60629657154885,1.40465079131819,-0.475));
#11315=CARTESIAN_POINT('',(-1.62019975680885,1.40913621518909,-0.475));
#11316=CARTESIAN_POINT('',(-1.62912359401222,1.41181499999505,-0.475));
#11317=CARTESIAN_POINT('',(-1.63254182180415,1.41282985531181,-0.475));
#11318=CARTESIAN_POINT('',(-1.42444551699631,1.30302686023744,-0.475));
#11319=CARTESIAN_POINT('',(-1.38519587328043,1.34590554375191,-0.475));
#11320=CARTESIAN_POINT('',(-1.34350461770114,1.30539683802117,-0.475));
#11321=CARTESIAN_POINT('',(-3.58752327168493E-14,3.502425487059E-14,-0.475));
#11322=CARTESIAN_POINT('',(-1.30539683802118,1.34350461770115,-0.475));
#11323=CARTESIAN_POINT('',(-1.34590554375191,1.38519587328043,-0.475));
#11324=CARTESIAN_POINT('',(-1.30302686023744,1.42444551699631,-0.475));
#11325=CARTESIAN_POINT('',(-1.26434024847304,1.38221174159068,-0.475));
#11326=CARTESIAN_POINT('',(-1.29425873265293,1.41486402684484,-0.475));
#11327=CARTESIAN_POINT('',(-1.32752235227506,1.45116710924559,-0.475));
#11328=CARTESIAN_POINT('',(-1.32874901340228,1.45268159443439,-0.475));
#11329=CARTESIAN_POINT('',(-1.33018264932874,1.45439755308304,-0.475));
#11330=CARTESIAN_POINT('',(-1.33183093758541,1.45648376953399,-0.475));
#11331=CARTESIAN_POINT('',(-1.33399682653202,1.45932346174938,-0.475));
#11332=CARTESIAN_POINT('',(-1.3365432890826,1.4628111621731,-0.475));
#11333=CARTESIAN_POINT('',(-1.33947918459562,1.46700323007187,-0.475));
#11334=CARTESIAN_POINT('',(-1.34276660813067,1.47190388408733,-0.475));
#11335=CARTESIAN_POINT('',(-1.34638138248858,1.47753233642073,-0.475));
#11336=CARTESIAN_POINT('',(-1.35029459177271,1.48390224943402,-0.475));
#11337=CARTESIAN_POINT('',(-1.35447813321504,1.49102786351489,-0.475));
#11338=CARTESIAN_POINT('',(-1.35890310402385,1.49892216884992,-0.475));
#11339=CARTESIAN_POINT('',(-1.36354029964192,1.50759742264045,-0.475));
#11340=CARTESIAN_POINT('',(-1.36836009859422,1.51706498312548,-0.475));
#11341=CARTESIAN_POINT('',(-1.37333252250077,1.52733534751131,-0.475));
#11342=CARTESIAN_POINT('',(-1.37842725702897,1.53841811090079,-0.475));
#11343=CARTESIAN_POINT('',(-1.38361364241426,1.55032203267321,-0.475));
#11344=CARTESIAN_POINT('',(-1.38886083720625,1.56305474427813,-0.475));
#11345=CARTESIAN_POINT('',(-1.39413729265368,1.5766238422366,-0.475));
#11346=CARTESIAN_POINT('',(-1.39941291483671,1.59103259880447,-0.475));
#11347=CARTESIAN_POINT('',(-1.40465079131819,1.60629657154885,-0.475));
#11348=CARTESIAN_POINT('',(-1.40913621518909,1.62019975680885,-0.475));
#11349=CARTESIAN_POINT('',(-1.41181499999505,1.62912359401222,-0.475));
#11350=CARTESIAN_POINT('',(-1.41282985531181,1.63254182180415,-0.475));
#11351=CARTESIAN_POINT('',(-1.10899238434009,1.50970243888512,-0.475));
#11352=CARTESIAN_POINT('',(-1.13518045837602,1.54541619262552,-0.475));
#11353=CARTESIAN_POINT('',(-1.16429657696443,1.58512304115959,-0.475));
#11354=CARTESIAN_POINT('',(-1.16554265203068,1.58662159374038,-0.475));
#11355=CARTESIAN_POINT('',(-1.16694595052051,1.58836244967984,-0.475));
#11356=CARTESIAN_POINT('',(-1.16867051582057,1.59038606717905,-0.475));
#11357=CARTESIAN_POINT('',(-1.17103310017426,1.5930643356456,-0.475));
#11358=CARTESIAN_POINT('',(-1.1739569952133,1.59624228523107,-0.475));
#11359=CARTESIAN_POINT('',(-1.17749574890182,1.59993960021133,-0.475));
#11360=CARTESIAN_POINT('',(-1.18166089370848,1.60411992699491,-0.475));
#11361=CARTESIAN_POINT('',(-1.18647598941503,1.60876330105532,-0.475));
#11362=CARTESIAN_POINT('',(-1.19196007707656,1.61384402750131,-0.475));
#11363=CARTESIAN_POINT('',(-1.19813260603375,1.61933732171349,-0.475));
#11364=CARTESIAN_POINT('',(-1.20501195552536,1.62521737051891,-0.475));
#11365=CARTESIAN_POINT('',(-1.21261584476049,1.63145792177902,-0.475));
#11366=CARTESIAN_POINT('',(-1.22096119259588,1.63803213906967,-0.475));
#11367=CARTESIAN_POINT('',(-1.23006414302875,1.64491266794039,-0.475));
#11368=CARTESIAN_POINT('',(-1.23994002082764,1.65207164845169,-0.475));
#11369=CARTESIAN_POINT('',(-1.25060339848619,1.65948071882792,-0.475));
#11370=CARTESIAN_POINT('',(-1.26206777768626,1.66711111905046,-0.475));
#11371=CARTESIAN_POINT('',(-1.27434676383994,1.67493338857618,-0.475));
#11372=CARTESIAN_POINT('',(-1.2874494373601,1.68291865011694,-0.475));
#11373=CARTESIAN_POINT('',(-1.3013982581388,1.6910337356285,-0.475));
#11374=CARTESIAN_POINT('',(-1.31415923480518,1.69814535022687,-0.475));
#11375=CARTESIAN_POINT('',(-1.32238899798856,1.70251361720755,-0.475));
#11376=CARTESIAN_POINT('',(-1.3255435570414,1.70417583552462,-0.475));
#11377=CARTESIAN_POINT('',(-1.14286726604696,1.55588509909616,-0.475));
#11378=CARTESIAN_POINT('',(-1.09600657705489,1.59028265509867,-0.475));
#11379=CARTESIAN_POINT('',(-1.06301926370666,1.54241875231356,-0.475));
#11380=CARTESIAN_POINT('',(-2.83530070186478E-14,4.13501843372994E-14,-0.475));
#11381=CARTESIAN_POINT('',(-1.01820925531862,1.57235984268344,-0.475));
#11382=CARTESIAN_POINT('',(-1.04980603715129,1.6211528689226,-0.475));
#11383=CARTESIAN_POINT('',(-1.00009402988568,1.65128312556574,-0.475));
#11384=CARTESIAN_POINT('',(-0.97039017136232,1.60231347676521,-0.475));
#11385=CARTESIAN_POINT('',(-0.993363635413134,1.64017516422691,-0.475));
#11386=CARTESIAN_POINT('',(-1.01890572387572,1.68227010334234,-0.475));
#11387=CARTESIAN_POINT('',(-1.01981335365016,1.68399479783721,-0.475));
#11388=CARTESIAN_POINT('',(-1.02088467573896,1.68595747331613,-0.475));
#11389=CARTESIAN_POINT('',(-1.02209429195975,1.68832516878973,-0.475));
#11390=CARTESIAN_POINT('',(-1.02366456748885,1.69153284108751,-0.475));
#11391=CARTESIAN_POINT('',(-1.0254816838768,1.69545031652454,-0.475));
#11392=CARTESIAN_POINT('',(-1.02754333510449,1.70013459981514,-0.475));
#11393=CARTESIAN_POINT('',(-1.02981152154814,1.70558243365391,-0.475));
#11394=CARTESIAN_POINT('',(-1.03225878245219,1.71180794434746,-0.475));
#11395=CARTESIAN_POINT('',(-1.03485409213623,1.71881889052771,-0.475));
#11396=CARTESIAN_POINT('',(-1.03756710965722,1.72662375637921,-0.475));
#11397=CARTESIAN_POINT('',(-1.04036695332281,1.73522964383082,-0.475));
#11398=CARTESIAN_POINT('',(-1.0432225884718,1.74464287703872,-0.475));
#11399=CARTESIAN_POINT('',(-1.04610274691498,1.75486881713342,-0.475));
#11400=CARTESIAN_POINT('',(-1.04897597839519,1.76591191112854,-0.475));
#11401=CARTESIAN_POINT('',(-1.05181067914954,1.77777565572682,-0.475));
#11402=CARTESIAN_POINT('',(-1.05457506966209,1.79046266057521,-0.475));
#11403=CARTESIAN_POINT('',(-1.05723741227034,1.80397439361858,-0.475));
#11404=CARTESIAN_POINT('',(-1.05976528241569,1.81831215055694,-0.475));
#11405=CARTESIAN_POINT('',(-1.0621285260391,1.83347326973815,-0.475));
#11406=CARTESIAN_POINT('',(-1.06428790483476,1.84946580853576,-0.475));
#11407=CARTESIAN_POINT('',(-1.06597476565429,1.86397691077684,-0.475));
#11408=CARTESIAN_POINT('',(-1.06686112408772,1.87325188394103,-0.475));
#11409=CARTESIAN_POINT('',(-1.06718961608348,1.87680241989496,-0.475));
#11410=CARTESIAN_POINT('',(-0.793155071689415,1.69704761122173,-0.475));
#11411=CARTESIAN_POINT('',(-0.811872541508337,1.73718417499492,-0.475));
#11412=CARTESIAN_POINT('',(-0.832682780175575,1.7818083405196,-0.475));
#11413=CARTESIAN_POINT('',(-0.833612559153283,1.78352119601867,-0.475));
#11414=CARTESIAN_POINT('',(-0.834649269510307,1.78550237185367,-0.475));
#11415=CARTESIAN_POINT('',(-0.835945909582142,1.78782355210979,-0.475));
#11416=CARTESIAN_POINT('',(-0.837740593282363,1.7909112757411,-0.475));
#11417=CARTESIAN_POINT('',(-0.839988319290119,1.7945985855411,-0.475));
#11418=CARTESIAN_POINT('',(-0.842737766448702,1.79891523424738,-0.475));
#11419=CARTESIAN_POINT('',(-0.846007337867473,1.80382781666557,-0.475));
#11420=CARTESIAN_POINT('',(-0.84982403551951,1.80932134816734,-0.475));
#11421=CARTESIAN_POINT('',(-0.854211547415953,1.81537434230718,-0.475));
#11422=CARTESIAN_POINT('',(-0.859193784423245,1.82196628507333,-0.475));
#11423=CARTESIAN_POINT('',(-0.864793808528449,1.82907544489731,-0.475));
#11424=CARTESIAN_POINT('',(-0.871034120009188,1.83667953091429,-0.475));
#11425=CARTESIAN_POINT('',(-0.87793654815775,1.84475552305967,-0.475));
#11426=CARTESIAN_POINT('',(-0.885522263357511,1.85327974202871,-0.475));
#11427=CARTESIAN_POINT('',(-0.89381173112047,1.86222785291687,-0.475));
#11428=CARTESIAN_POINT('',(-0.90282477704182,1.87157488186453,-0.475));
#11429=CARTESIAN_POINT('',(-0.912580254173683,1.88129525551623,-0.475));
#11430=CARTESIAN_POINT('',(-0.92309725397081,1.89136273368916,-0.475));
#11431=CARTESIAN_POINT('',(-0.934390316047944,1.90175076546484,-0.475));
#11432=CARTESIAN_POINT('',(-0.946487939501044,1.91243120182125,-0.475));
#11433=CARTESIAN_POINT('',(-0.957616310396946,1.92189571178632,-0.475));
#11434=CARTESIAN_POINT('',(-0.96483573437649,1.9277855908914,-0.475));
#11435=CARTESIAN_POINT('',(-0.967605396754943,1.93003129409104,-0.475));
#11436=CARTESIAN_POINT('',(-0.817369266990777,1.74895154614703,-0.475));
#11437=CARTESIAN_POINT('',(-0.764698362720705,1.77354609585077,-0.475));
#11438=CARTESIAN_POINT('',(-0.741682675556005,1.72016637895293,-0.475));
#11439=CARTESIAN_POINT('',(-1.97411911612692E-14,4.60870494093771E-14,-0.475));
#11440=CARTESIAN_POINT('',(-0.691892461952498,1.74079016070097,-0.475));
#11441=CARTESIAN_POINT('',(-0.713363073280952,1.79480986896507,-0.475));
#11442=CARTESIAN_POINT('',(-0.658728146824607,1.81466284966992,-0.475));
#11443=CARTESIAN_POINT('',(-0.639148544167225,1.7608392036154,-0.475));
#11444=CARTESIAN_POINT('',(-0.65429413074916,1.80245528986856,-0.475));
#11445=CARTESIAN_POINT('',(-0.671133119916741,1.84872440079557,-0.475));
#11446=CARTESIAN_POINT('',(-0.671686838635187,1.8505930255543,-0.475));
#11447=CARTESIAN_POINT('',(-0.672354676579255,1.85272699334553,-0.475));
#11448=CARTESIAN_POINT('',(-0.673079135891165,1.85528517863255,-0.475));
#11449=CARTESIAN_POINT('',(-0.673993453194782,1.85873756196518,-0.475));
#11450=CARTESIAN_POINT('',(-0.675011392656364,1.86293426603143,-0.475));
#11451=CARTESIAN_POINT('',(-0.676119571498227,1.86793075033399,-0.475));
#11452=CARTESIAN_POINT('',(-0.677281355717481,1.87371640679682,-0.475));
#11453=CARTESIAN_POINT('',(-0.678467056303552,1.88029973296588,-0.475));
#11454=CARTESIAN_POINT('',(-0.679644730091804,1.88768228558315,-0.475));
#11455=CARTESIAN_POINT('',(-0.680782963949607,1.89586646658763,-0.475));
#11456=CARTESIAN_POINT('',(-0.681850084050082,1.90485321672729,-0.475));
#11457=CARTESIAN_POINT('',(-0.682814418272668,1.91464268407938,-0.475));
#11458=CARTESIAN_POINT('',(-0.683644253332975,1.92523402664069,-0.475));
#11459=CARTESIAN_POINT('',(-0.6843078757124,1.93662547033591,-0.475));
#11460=CARTESIAN_POINT('',(-0.684773606732612,1.94881427909135,-0.475));
#11461=CARTESIAN_POINT('',(-0.685009768395315,1.96179681253432,-0.475));
#11462=CARTESIAN_POINT('',(-0.684984946486455,1.97556831869277,-0.475));
#11463=CARTESIAN_POINT('',(-0.684667086697695,1.99012374265257,-0.475));
#11464=CARTESIAN_POINT('',(-0.684027133634352,2.00545459113944,-0.475));
#11465=CARTESIAN_POINT('',(-0.683025031028071,2.02156111169302,-0.475));
#11466=CARTESIAN_POINT('',(-0.681848503680928,2.03612247739397,-0.475));
#11467=CARTESIAN_POINT('',(-0.680908373484302,2.04539215450174,-0.475));
#11468=CARTESIAN_POINT('',(-0.680537878395898,2.04893855351214,-0.475));
#11469=CARTESIAN_POINT('',(-0.4468372544402,1.81917619557435,-0.475));
#11470=CARTESIAN_POINT('',(-0.457364818173858,1.86219314374335,-0.475));
#11471=CARTESIAN_POINT('',(-0.469069451118451,1.91001974460307,-0.475));
#11472=CARTESIAN_POINT('',(-0.469647203122934,1.91188107894418,-0.475));
#11473=CARTESIAN_POINT('',(-0.470277485149525,1.91402643919842,-0.475));
#11474=CARTESIAN_POINT('',(-0.471096370842337,1.91655598055594,-0.475));
#11475=CARTESIAN_POINT('',(-0.472254185200965,1.91993449986448,-0.475));
#11476=CARTESIAN_POINT('',(-0.473739363327496,1.92398946863126,-0.475));
#11477=CARTESIAN_POINT('',(-0.475593844243742,1.92875956467459,-0.475));
#11478=CARTESIAN_POINT('',(-0.477842194478604,1.93421561494007,-0.475));
#11479=CARTESIAN_POINT('',(-0.480513820525785,1.9403481905484,-0.475));
#11480=CARTESIAN_POINT('',(-0.483636147035507,1.94714083921185,-0.475));
#11481=CARTESIAN_POINT('',(-0.48723662751878,1.95457810586827,-0.475));
#11482=CARTESIAN_POINT('',(-0.491342120451743,1.96264317568564,-0.475));
#11483=CARTESIAN_POINT('',(-0.495979042507492,1.97131857569828,-0.475));
#11484=CARTESIAN_POINT('',(-0.5011732945264,1.98058598684931,-0.475));
#11485=CARTESIAN_POINT('',(-0.506950259712052,1.99042631496212,-0.475));
#11486=CARTESIAN_POINT('',(-0.513334757841732,2.00081968534386,-0.475));
#11487=CARTESIAN_POINT('',(-0.520351105725697,2.01174547178237,-0.475));
#11488=CARTESIAN_POINT('',(-0.528022783274111,2.02318227035506,-0.475));
#11489=CARTESIAN_POINT('',(-0.536373634310489,2.03510806963492,-0.475));
#11490=CARTESIAN_POINT('',(-0.545423098902192,2.04749966541003,-0.475));
#11491=CARTESIAN_POINT('',(-0.555204620144809,2.06033500943178,-0.475));
#11492=CARTESIAN_POINT('',(-0.564272728217567,2.07178869895335,-0.475));
#11493=CARTESIAN_POINT('',(-0.570204374578449,2.0789738454319,-0.475));
#11494=CARTESIAN_POINT('',(-0.572482703710552,2.08171673239955,-0.475));
#11495=CARTESIAN_POINT('',(-0.460460225390103,1.87480676610279,-0.475));
#11496=CARTESIAN_POINT('',(-0.404003219154942,1.88865315475545,-0.475));
#11497=CARTESIAN_POINT('',(-0.39184363812417,1.83180897632956,-0.475));
#11498=CARTESIAN_POINT('',(-1.03707323985506E-14,4.90528150185674E-14,-0.475));
#11499=CARTESIAN_POINT('',(-0.338986629291302,1.84232288908913,-0.475));
#11500=CARTESIAN_POINT('',(-0.349505966563047,1.89949333228419,-0.475));
#11501=CARTESIAN_POINT('',(-0.292047710500062,1.90830609813594,-0.475));
#11502=CARTESIAN_POINT('',(-0.283344796858417,1.85169686736066,-0.475));
#11503=CARTESIAN_POINT('',(-0.29008046957287,1.89546806954914,-0.475));
#11504=CARTESIAN_POINT('',(-0.297569246535154,1.94413325630283,-0.475));
#11505=CARTESIAN_POINT('',(-0.297747775097781,1.94607400112388,-0.475));
#11506=CARTESIAN_POINT('',(-0.297986464259456,1.94829725404193,-0.475));
#11507=CARTESIAN_POINT('',(-0.298197926097407,1.95094761951642,-0.475));
#11508=CARTESIAN_POINT('',(-0.298421148474325,1.95451204072857,-0.475));
#11509=CARTESIAN_POINT('',(-0.298600792166895,1.95882669644031,-0.475));
#11510=CARTESIAN_POINT('',(-0.298712911931514,1.96394336966513,-0.475));
#11511=CARTESIAN_POINT('',(-0.298723647210356,1.9698445092188,-0.475));
#11512=CARTESIAN_POINT('',(-0.298602221669881,1.97653265733065,-0.475));
#11513=CARTESIAN_POINT('',(-0.29831700221911,1.98400310902806,-0.475));
#11514=CARTESIAN_POINT('',(-0.297836710724898,1.99225209169925,-0.475));
#11515=CARTESIAN_POINT('',(-0.29713009843324,2.00127434875893,-0.475));
#11516=CARTESIAN_POINT('',(-0.296166072906058,2.01106384651486,-0.475));
#11517=CARTESIAN_POINT('',(-0.2949136944875,2.02161357218783,-0.475));
#11518=CARTESIAN_POINT('',(-0.293342205130256,2.03291559879035,-0.475));
#11519=CARTESIAN_POINT('',(-0.291421068634415,2.04496106261804,-0.475));
#11520=CARTESIAN_POINT('',(-0.289119925887016,2.05774021317607,-0.475));
#11521=CARTESIAN_POINT('',(-0.286408893353077,2.07124226119107,-0.475));
#11522=CARTESIAN_POINT('',(-0.283257518803629,2.08545599539233,-0.475));
#11523=CARTESIAN_POINT('',(-0.27963896209087,2.10036741727514,-0.475));
#11524=CARTESIAN_POINT('',(-0.275513888323819,2.11596895503244,-0.475));
#11525=CARTESIAN_POINT('',(-0.271519186096155,2.1300209990755,-0.475));
#11526=CARTESIAN_POINT('',(-0.268788695945702,2.13892915163409,-0.475));
#11527=CARTESIAN_POINT('',(-0.267733451691597,2.14233512757582,-0.475));
#11528=CARTESIAN_POINT('',(-0.0833477320920669,1.87139485893681,-0.475));
#11529=CARTESIAN_POINT('',(-0.0852808213701024,1.91563907430769,-0.475));
#11530=CARTESIAN_POINT('',(-0.0874300461120238,1.96483016105285,-0.475));
#11531=CARTESIAN_POINT('',(-0.0876335684577561,1.96676844420113,-0.475));
#11532=CARTESIAN_POINT('',(-0.0878332007691,1.96899554388317,-0.475));
#11533=CARTESIAN_POINT('',(-0.08814286276495,1.97163623748632,-0.475));
#11534=CARTESIAN_POINT('',(-0.0886193136254917,1.97517571786974,-0.475));
#11535=CARTESIAN_POINT('',(-0.0892848693082936,1.97944251542766,-0.475));
#11536=CARTESIAN_POINT('',(-0.0901731173205958,1.98448274669218,-0.475));
#11537=CARTESIAN_POINT('',(-0.0913138435329125,1.99027259185302,-0.475));
#11538=CARTESIAN_POINT('',(-0.0927377288845092,1.99680854012649,-0.475));
#11539=CARTESIAN_POINT('',(-0.0944748807507628,2.00407980563478,-0.475));
#11540=CARTESIAN_POINT('',(-0.0965552402642164,2.01207658619471,-0.475));
#11541=CARTESIAN_POINT('',(-0.0990084302339121,2.02078762989534,-0.475));
#11542=CARTESIAN_POINT('',(-0.101863768550485,2.03020095314637,-0.475));
#11543=CARTESIAN_POINT('',(-0.105150232247623,2.04030364188975,-0.475));
#11544=CARTESIAN_POINT('',(-0.108896441886839,2.05108192085547,-0.475));
#11545=CARTESIAN_POINT('',(-0.113130617700584,2.0625211393357,-0.475));
#11546=CARTESIAN_POINT('',(-0.117880633232798,2.07460581141947,-0.475));
#11547=CARTESIAN_POINT('',(-0.123173692931902,2.08731952515783,-0.475));
#11548=CARTESIAN_POINT('',(-0.129037476685415,2.10064534376636,-0.475));
#11549=CARTESIAN_POINT('',(-0.135495577942427,2.11456430146456,-0.475));
#11550=CARTESIAN_POINT('',(-0.142585098598747,2.12906129807903,-0.475));
#11551=CARTESIAN_POINT('',(-0.149244461540579,2.14206400829209,-0.475));
#11552=CARTESIAN_POINT('',(-0.153660380439654,2.15026830099443,-0.475));
#11553=CARTESIAN_POINT('',(-0.155359821414562,2.15340296412215,-0.475));
#11554=CARTESIAN_POINT('',(-0.0858559555567566,1.92861421344097,-0.475));
#11555=CARTESIAN_POINT('',(-0.0277824584446715,1.93118033209176,-0.475));
#11556=CARTESIAN_POINT('',(-0.0269462694276664,1.87305618203617,-0.475));
#11557=CARTESIAN_POINT('',(-6.01732205729452E-16,5.01335084557297E-14,-0.475));
#11558=CARTESIAN_POINT('',(0.0269462694276668,1.87305618203618,-0.475));
#11559=CARTESIAN_POINT('',(0.0277824584446719,1.93118033209176,-0.475));
#11560=CARTESIAN_POINT('',(0.0858559555567572,1.92861421344098,-0.475));
#11561=CARTESIAN_POINT('',(0.0833477320920672,1.87139485893681,-0.475));
#11562=CARTESIAN_POINT('',(0.0852808213701026,1.91563907430769,-0.475));
#11563=CARTESIAN_POINT('',(0.0874300461120241,1.96483016105285,-0.475));
#11564=CARTESIAN_POINT('',(0.0876335684577564,1.96676844420113,-0.475));
#11565=CARTESIAN_POINT('',(0.0878332007691002,1.96899554388317,-0.475));
#11566=CARTESIAN_POINT('',(0.0881428627649502,1.97163623748632,-0.475));
#11567=CARTESIAN_POINT('',(0.0886193136254919,1.97517571786974,-0.475));
#11568=CARTESIAN_POINT('',(0.0892848693082938,1.97944251542766,-0.475));
#11569=CARTESIAN_POINT('',(0.090173117320596,1.98448274669218,-0.475));
#11570=CARTESIAN_POINT('',(0.0913138435329127,1.99027259185302,-0.475));
#11571=CARTESIAN_POINT('',(0.0927377288845094,1.99680854012649,-0.475));
#11572=CARTESIAN_POINT('',(0.094474880750763,2.00407980563478,-0.475));
#11573=CARTESIAN_POINT('',(0.0965552402642166,2.01207658619471,-0.475));
#11574=CARTESIAN_POINT('',(0.0990084302339123,2.02078762989534,-0.475));
#11575=CARTESIAN_POINT('',(0.101863768550485,2.03020095314637,-0.475));
#11576=CARTESIAN_POINT('',(0.105150232247623,2.04030364188975,-0.475));
#11577=CARTESIAN_POINT('',(0.108896441886839,2.05108192085547,-0.475));
#11578=CARTESIAN_POINT('',(0.113130617700584,2.0625211393357,-0.475));
#11579=CARTESIAN_POINT('',(0.117880633232799,2.07460581141947,-0.475));
#11580=CARTESIAN_POINT('',(0.123173692931902,2.08731952515783,-0.475));
#11581=CARTESIAN_POINT('',(0.129037476685415,2.10064534376636,-0.475));
#11582=CARTESIAN_POINT('',(0.135495577942427,2.11456430146456,-0.475));
#11583=CARTESIAN_POINT('',(0.142585098598748,2.12906129807903,-0.475));
#11584=CARTESIAN_POINT('',(0.149244461540579,2.14206400829209,-0.475));
#11585=CARTESIAN_POINT('',(0.153660380439654,2.15026830099443,-0.475));
#11586=CARTESIAN_POINT('',(0.155359821414563,2.15340296412215,-0.475));
#11587=CARTESIAN_POINT('',(0.283344796858419,1.85169686736066,-0.475));
#11588=CARTESIAN_POINT('',(0.290080469572871,1.89546806954914,-0.475));
#11589=CARTESIAN_POINT('',(0.297569246535155,1.94413325630283,-0.475));
#11590=CARTESIAN_POINT('',(0.297747775097782,1.94607400112388,-0.475));
#11591=CARTESIAN_POINT('',(0.297986464259457,1.94829725404193,-0.475));
#11592=CARTESIAN_POINT('',(0.298197926097408,1.95094761951642,-0.475));
#11593=CARTESIAN_POINT('',(0.298421148474326,1.95451204072857,-0.475));
#11594=CARTESIAN_POINT('',(0.298600792166897,1.95882669644031,-0.475));
#11595=CARTESIAN_POINT('',(0.298712911931515,1.96394336966513,-0.475));
#11596=CARTESIAN_POINT('',(0.298723647210357,1.9698445092188,-0.475));
#11597=CARTESIAN_POINT('',(0.298602221669882,1.97653265733065,-0.475));
#11598=CARTESIAN_POINT('',(0.298317002219111,1.98400310902806,-0.475));
#11599=CARTESIAN_POINT('',(0.297836710724899,1.99225209169925,-0.475));
#11600=CARTESIAN_POINT('',(0.297130098433242,2.00127434875893,-0.475));
#11601=CARTESIAN_POINT('',(0.296166072906059,2.01106384651486,-0.475));
#11602=CARTESIAN_POINT('',(0.294913694487502,2.02161357218783,-0.475));
#11603=CARTESIAN_POINT('',(0.293342205130257,2.03291559879035,-0.475));
#11604=CARTESIAN_POINT('',(0.291421068634416,2.04496106261804,-0.475));
#11605=CARTESIAN_POINT('',(0.289119925887018,2.05774021317607,-0.475));
#11606=CARTESIAN_POINT('',(0.286408893353078,2.07124226119107,-0.475));
#11607=CARTESIAN_POINT('',(0.28325751880363,2.08545599539233,-0.475));
#11608=CARTESIAN_POINT('',(0.279638962090871,2.10036741727514,-0.475));
#11609=CARTESIAN_POINT('',(0.275513888323821,2.11596895503244,-0.475));
#11610=CARTESIAN_POINT('',(0.271519186096156,2.1300209990755,-0.475));
#11611=CARTESIAN_POINT('',(0.268788695945703,2.13892915163409,-0.475));
#11612=CARTESIAN_POINT('',(0.267733451691599,2.14233512757582,-0.475));
#11613=CARTESIAN_POINT('',(0.292047710500062,1.90830609813593,-0.475));
#11614=CARTESIAN_POINT('',(0.349505966563047,1.89949333228418,-0.475));
#11615=CARTESIAN_POINT('',(0.338986629291301,1.84232288908912,-0.475));
#11616=CARTESIAN_POINT('',(9.19039221830261E-15,4.92875992781338E-14,-0.475));
#11617=CARTESIAN_POINT('',(0.391843638124173,1.83180897632958,-0.475));
#11618=CARTESIAN_POINT('',(0.404003219154945,1.88865315475545,-0.475));
#11619=CARTESIAN_POINT('',(0.460460225390106,1.8748067661028,-0.475));
#11620=CARTESIAN_POINT('',(0.446837254440201,1.81917619557435,-0.475));
#11621=CARTESIAN_POINT('',(0.457364818173859,1.86219314374335,-0.475));
#11622=CARTESIAN_POINT('',(0.469069451118452,1.91001974460307,-0.475));
#11623=CARTESIAN_POINT('',(0.469647203122935,1.91188107894418,-0.475));
#11624=CARTESIAN_POINT('',(0.470277485149527,1.91402643919842,-0.475));
#11625=CARTESIAN_POINT('',(0.471096370842339,1.91655598055594,-0.475));
#11626=CARTESIAN_POINT('',(0.472254185200966,1.91993449986448,-0.475));
#11627=CARTESIAN_POINT('',(0.473739363327497,1.92398946863126,-0.475));
#11628=CARTESIAN_POINT('',(0.475593844243743,1.92875956467459,-0.475));
#11629=CARTESIAN_POINT('',(0.477842194478605,1.93421561494007,-0.475));
#11630=CARTESIAN_POINT('',(0.480513820525786,1.9403481905484,-0.475));
#11631=CARTESIAN_POINT('',(0.483636147035508,1.94714083921185,-0.475));
#11632=CARTESIAN_POINT('',(0.487236627518781,1.95457810586827,-0.475));
#11633=CARTESIAN_POINT('',(0.491342120451744,1.96264317568564,-0.475));
#11634=CARTESIAN_POINT('',(0.495979042507493,1.97131857569828,-0.475));
#11635=CARTESIAN_POINT('',(0.501173294526402,1.98058598684931,-0.475));
#11636=CARTESIAN_POINT('',(0.506950259712053,1.99042631496212,-0.475));
#11637=CARTESIAN_POINT('',(0.513334757841733,2.00081968534386,-0.475));
#11638=CARTESIAN_POINT('',(0.520351105725699,2.01174547178237,-0.475));
#11639=CARTESIAN_POINT('',(0.528022783274112,2.02318227035506,-0.475));
#11640=CARTESIAN_POINT('',(0.53637363431049,2.03510806963492,-0.475));
#11641=CARTESIAN_POINT('',(0.545423098902194,2.04749966541003,-0.475));
#11642=CARTESIAN_POINT('',(0.55520462014481,2.06033500943178,-0.475));
#11643=CARTESIAN_POINT('',(0.564272728217568,2.07178869895335,-0.475));
#11644=CARTESIAN_POINT('',(0.57020437457845,2.0789738454319,-0.475));
#11645=CARTESIAN_POINT('',(0.572482703710553,2.08171673239955,-0.475));
#11646=CARTESIAN_POINT('',(0.639148544167225,1.7608392036154,-0.475));
#11647=CARTESIAN_POINT('',(0.654294130749159,1.80245528986856,-0.475));
#11648=CARTESIAN_POINT('',(0.671133119916741,1.84872440079557,-0.475));
#11649=CARTESIAN_POINT('',(0.671686838635187,1.8505930255543,-0.475));
#11650=CARTESIAN_POINT('',(0.672354676579254,1.85272699334553,-0.475));
#11651=CARTESIAN_POINT('',(0.673079135891165,1.85528517863255,-0.475));
#11652=CARTESIAN_POINT('',(0.673993453194781,1.85873756196518,-0.475));
#11653=CARTESIAN_POINT('',(0.675011392656363,1.86293426603143,-0.475));
#11654=CARTESIAN_POINT('',(0.676119571498227,1.86793075033399,-0.475));
#11655=CARTESIAN_POINT('',(0.677281355717481,1.87371640679682,-0.475));
#11656=CARTESIAN_POINT('',(0.678467056303552,1.88029973296588,-0.475));
#11657=CARTESIAN_POINT('',(0.679644730091804,1.88768228558315,-0.475));
#11658=CARTESIAN_POINT('',(0.680782963949607,1.89586646658763,-0.475));
#11659=CARTESIAN_POINT('',(0.681850084050082,1.90485321672729,-0.475));
#11660=CARTESIAN_POINT('',(0.682814418272668,1.91464268407938,-0.475));
#11661=CARTESIAN_POINT('',(0.683644253332975,1.92523402664069,-0.475));
#11662=CARTESIAN_POINT('',(0.684307875712399,1.93662547033591,-0.475));
#11663=CARTESIAN_POINT('',(0.684773606732612,1.94881427909135,-0.475));
#11664=CARTESIAN_POINT('',(0.685009768395315,1.96179681253432,-0.475));
#11665=CARTESIAN_POINT('',(0.684984946486455,1.97556831869277,-0.475));
#11666=CARTESIAN_POINT('',(0.684667086697695,1.99012374265257,-0.475));
#11667=CARTESIAN_POINT('',(0.684027133634351,2.00545459113944,-0.475));
#11668=CARTESIAN_POINT('',(0.683025031028071,2.02156111169302,-0.475));
#11669=CARTESIAN_POINT('',(0.681848503680927,2.03612247739397,-0.475));
#11670=CARTESIAN_POINT('',(0.680908373484302,2.04539215450174,-0.475));
#11671=CARTESIAN_POINT('',(0.680537878395898,2.04893855351214,-0.475));
#11672=CARTESIAN_POINT('',(0.658728146824604,1.81466284966992,-0.475));
#11673=CARTESIAN_POINT('',(0.713363073280949,1.79480986896507,-0.475));
#11674=CARTESIAN_POINT('',(0.691892461952493,1.74079016070096,-0.475));
#11675=CARTESIAN_POINT('',(1.86293350234166E-14,4.65475953010834E-14,-0.475));
#11676=CARTESIAN_POINT('',(0.74168267555601,1.72016637895295,-0.475));
#11677=CARTESIAN_POINT('',(0.764698362720707,1.77354609585078,-0.475));
#11678=CARTESIAN_POINT('',(0.81736926699078,1.74895154614704,-0.475));
#11679=CARTESIAN_POINT('',(0.793155071689415,1.69704761122173,-0.475));
#11680=CARTESIAN_POINT('',(0.811872541508337,1.73718417499492,-0.475));
#11681=CARTESIAN_POINT('',(0.832682780175574,1.7818083405196,-0.475));
#11682=CARTESIAN_POINT('',(0.833612559153282,1.78352119601867,-0.475));
#11683=CARTESIAN_POINT('',(0.834649269510307,1.78550237185367,-0.475));
#11684=CARTESIAN_POINT('',(0.835945909582142,1.78782355210979,-0.475));
#11685=CARTESIAN_POINT('',(0.837740593282363,1.7909112757411,-0.475));
#11686=CARTESIAN_POINT('',(0.839988319290119,1.7945985855411,-0.475));
#11687=CARTESIAN_POINT('',(0.842737766448702,1.79891523424738,-0.475));
#11688=CARTESIAN_POINT('',(0.846007337867473,1.80382781666557,-0.475));
#11689=CARTESIAN_POINT('',(0.84982403551951,1.80932134816734,-0.475));
#11690=CARTESIAN_POINT('',(0.854211547415953,1.81537434230718,-0.475));
#11691=CARTESIAN_POINT('',(0.859193784423245,1.82196628507333,-0.475));
#11692=CARTESIAN_POINT('',(0.864793808528448,1.82907544489731,-0.475));
#11693=CARTESIAN_POINT('',(0.871034120009188,1.83667953091429,-0.475));
#11694=CARTESIAN_POINT('',(0.87793654815775,1.84475552305967,-0.475));
#11695=CARTESIAN_POINT('',(0.885522263357511,1.85327974202871,-0.475));
#11696=CARTESIAN_POINT('',(0.89381173112047,1.86222785291687,-0.475));
#11697=CARTESIAN_POINT('',(0.90282477704182,1.87157488186453,-0.475));
#11698=CARTESIAN_POINT('',(0.912580254173683,1.88129525551624,-0.475));
#11699=CARTESIAN_POINT('',(0.92309725397081,1.89136273368916,-0.475));
#11700=CARTESIAN_POINT('',(0.934390316047944,1.90175076546484,-0.475));
#11701=CARTESIAN_POINT('',(0.946487939501044,1.91243120182125,-0.475));
#11702=CARTESIAN_POINT('',(0.957616310396946,1.92189571178632,-0.475));
#11703=CARTESIAN_POINT('',(0.964835734376491,1.9277855908914,-0.475));
#11704=CARTESIAN_POINT('',(0.967605396754943,1.93003129409104,-0.475));
#11705=CARTESIAN_POINT('',(0.97039017136232,1.60231347676521,-0.475));
#11706=CARTESIAN_POINT('',(0.993363635413134,1.64017516422691,-0.475));
#11707=CARTESIAN_POINT('',(1.01890572387572,1.68227010334234,-0.475));
#11708=CARTESIAN_POINT('',(1.01981335365016,1.68399479783721,-0.475));
#11709=CARTESIAN_POINT('',(1.02088467573896,1.68595747331613,-0.475));
#11710=CARTESIAN_POINT('',(1.02209429195975,1.68832516878973,-0.475));
#11711=CARTESIAN_POINT('',(1.02366456748885,1.69153284108751,-0.475));
#11712=CARTESIAN_POINT('',(1.0254816838768,1.69545031652454,-0.475));
#11713=CARTESIAN_POINT('',(1.02754333510449,1.70013459981514,-0.475));
#11714=CARTESIAN_POINT('',(1.02981152154814,1.70558243365391,-0.475));
#11715=CARTESIAN_POINT('',(1.03225878245219,1.71180794434746,-0.475));
#11716=CARTESIAN_POINT('',(1.03485409213623,1.71881889052771,-0.475));
#11717=CARTESIAN_POINT('',(1.03756710965722,1.72662375637921,-0.475));
#11718=CARTESIAN_POINT('',(1.04036695332281,1.73522964383082,-0.475));
#11719=CARTESIAN_POINT('',(1.0432225884718,1.74464287703872,-0.475));
#11720=CARTESIAN_POINT('',(1.04610274691498,1.75486881713342,-0.475));
#11721=CARTESIAN_POINT('',(1.04897597839519,1.76591191112854,-0.475));
#11722=CARTESIAN_POINT('',(1.05181067914954,1.77777565572682,-0.475));
#11723=CARTESIAN_POINT('',(1.05457506966209,1.79046266057521,-0.475));
#11724=CARTESIAN_POINT('',(1.05723741227034,1.80397439361858,-0.475));
#11725=CARTESIAN_POINT('',(1.0597652824157,1.81831215055694,-0.475));
#11726=CARTESIAN_POINT('',(1.0621285260391,1.83347326973815,-0.475));
#11727=CARTESIAN_POINT('',(1.06428790483476,1.84946580853576,-0.475));
#11728=CARTESIAN_POINT('',(1.06597476565429,1.86397691077684,-0.475));
#11729=CARTESIAN_POINT('',(1.06686112408772,1.87325188394103,-0.475));
#11730=CARTESIAN_POINT('',(1.06718961608348,1.87680241989496,-0.475));
#11731=CARTESIAN_POINT('',(1.00009402988568,1.65128312556573,-0.475));
#11732=CARTESIAN_POINT('',(1.04980603715129,1.62115286892259,-0.475));
#11733=CARTESIAN_POINT('',(1.01820925531862,1.57235984268343,-0.475));
#11734=CARTESIAN_POINT('',(2.73523629310322E-14,4.20187933408045E-14,-0.475));
#11735=CARTESIAN_POINT('',(1.06301926370667,1.54241875231357,-0.475));
#11736=CARTESIAN_POINT('',(1.0960065770549,1.59028265509867,-0.475));
#11737=CARTESIAN_POINT('',(1.14286726604697,1.55588509909616,-0.475));
#11738=CARTESIAN_POINT('',(1.10899238434009,1.50970243888512,-0.475));
#11739=CARTESIAN_POINT('',(1.13518045837602,1.54541619262552,-0.475));
#11740=CARTESIAN_POINT('',(1.16429657696443,1.58512304115959,-0.475));
#11741=CARTESIAN_POINT('',(1.16554265203068,1.58662159374038,-0.475));
#11742=CARTESIAN_POINT('',(1.16694595052051,1.58836244967984,-0.475));
#11743=CARTESIAN_POINT('',(1.16867051582057,1.59038606717905,-0.475));
#11744=CARTESIAN_POINT('',(1.17103310017426,1.5930643356456,-0.475));
#11745=CARTESIAN_POINT('',(1.1739569952133,1.59624228523107,-0.475));
#11746=CARTESIAN_POINT('',(1.17749574890182,1.59993960021133,-0.475));
#11747=CARTESIAN_POINT('',(1.18166089370848,1.60411992699491,-0.475));
#11748=CARTESIAN_POINT('',(1.18647598941503,1.60876330105532,-0.475));
#11749=CARTESIAN_POINT('',(1.19196007707656,1.61384402750131,-0.475));
#11750=CARTESIAN_POINT('',(1.19813260603375,1.61933732171349,-0.475));
#11751=CARTESIAN_POINT('',(1.20501195552536,1.62521737051891,-0.475));
#11752=CARTESIAN_POINT('',(1.21261584476049,1.63145792177902,-0.475));
#11753=CARTESIAN_POINT('',(1.22096119259588,1.63803213906967,-0.475));
#11754=CARTESIAN_POINT('',(1.23006414302875,1.64491266794039,-0.475));
#11755=CARTESIAN_POINT('',(1.23994002082764,1.65207164845169,-0.475));
#11756=CARTESIAN_POINT('',(1.25060339848619,1.65948071882792,-0.475));
#11757=CARTESIAN_POINT('',(1.26206777768626,1.66711111905046,-0.475));
#11758=CARTESIAN_POINT('',(1.27434676383994,1.67493338857618,-0.475));
#11759=CARTESIAN_POINT('',(1.2874494373601,1.68291865011694,-0.475));
#11760=CARTESIAN_POINT('',(1.30139825813881,1.6910337356285,-0.475));
#11761=CARTESIAN_POINT('',(1.31415923480518,1.69814535022687,-0.475));
#11762=CARTESIAN_POINT('',(1.32238899798856,1.70251361720755,-0.475));
#11763=CARTESIAN_POINT('',(1.3255435570414,1.70417583552462,-0.475));
#11764=CARTESIAN_POINT('',(1.26434024847304,1.38221174159068,-0.475));
#11765=CARTESIAN_POINT('',(1.29425873265293,1.41486402684484,-0.475));
#11766=CARTESIAN_POINT('',(1.32752235227506,1.45116710924559,-0.475));
#11767=CARTESIAN_POINT('',(1.32874901340228,1.45268159443439,-0.475));
#11768=CARTESIAN_POINT('',(1.33018264932874,1.45439755308304,-0.475));
#11769=CARTESIAN_POINT('',(1.33183093758541,1.45648376953399,-0.475));
#11770=CARTESIAN_POINT('',(1.33399682653202,1.45932346174938,-0.475));
#11771=CARTESIAN_POINT('',(1.3365432890826,1.4628111621731,-0.475));
#11772=CARTESIAN_POINT('',(1.33947918459562,1.46700323007187,-0.475));
#11773=CARTESIAN_POINT('',(1.34276660813067,1.47190388408733,-0.475));
#11774=CARTESIAN_POINT('',(1.34638138248858,1.47753233642073,-0.475));
#11775=CARTESIAN_POINT('',(1.35029459177271,1.48390224943402,-0.475));
#11776=CARTESIAN_POINT('',(1.35447813321504,1.49102786351489,-0.475));
#11777=CARTESIAN_POINT('',(1.35890310402386,1.49892216884992,-0.475));
#11778=CARTESIAN_POINT('',(1.36354029964192,1.50759742264045,-0.475));
#11779=CARTESIAN_POINT('',(1.36836009859422,1.51706498312548,-0.475));
#11780=CARTESIAN_POINT('',(1.37333252250077,1.52733534751131,-0.475));
#11781=CARTESIAN_POINT('',(1.37842725702897,1.53841811090079,-0.475));
#11782=CARTESIAN_POINT('',(1.38361364241426,1.55032203267321,-0.475));
#11783=CARTESIAN_POINT('',(1.38886083720625,1.56305474427813,-0.475));
#11784=CARTESIAN_POINT('',(1.39413729265368,1.5766238422366,-0.475));
#11785=CARTESIAN_POINT('',(1.39941291483671,1.59103259880447,-0.475));
#11786=CARTESIAN_POINT('',(1.40465079131819,1.60629657154885,-0.475));
#11787=CARTESIAN_POINT('',(1.40913621518909,1.62019975680885,-0.475));
#11788=CARTESIAN_POINT('',(1.41181499999505,1.62912359401222,-0.475));
#11789=CARTESIAN_POINT('',(1.41282985531181,1.63254182180415,-0.475));
#11790=CARTESIAN_POINT('',(1.30302686023744,1.42444551699631,-0.475));
#11791=CARTESIAN_POINT('',(1.34590554375191,1.38519587328043,-0.475));
#11792=CARTESIAN_POINT('',(1.30539683802117,1.34350461770114,-0.475));
#11793=CARTESIAN_POINT('',(3.502425487059E-14,3.58752327168493E-14,-0.475));
#11794=CARTESIAN_POINT('',(1.34350461770115,1.30539683802118,-0.475));
#11795=CARTESIAN_POINT('',(1.38519587328043,1.34590554375191,-0.475));
#11796=CARTESIAN_POINT('',(1.42444551699631,1.30302686023744,-0.475));
#11797=CARTESIAN_POINT('',(1.38221174159068,1.26434024847304,-0.475));
#11798=CARTESIAN_POINT('',(1.41486402684484,1.29425873265293,-0.475));
#11799=CARTESIAN_POINT('',(1.45116710924559,1.32752235227506,-0.475));
#11800=CARTESIAN_POINT('',(1.45268159443439,1.32874901340228,-0.475));
#11801=CARTESIAN_POINT('',(1.45439755308304,1.33018264932874,-0.475));
#11802=CARTESIAN_POINT('',(1.45648376953399,1.33183093758541,-0.475));
#11803=CARTESIAN_POINT('',(1.45932346174938,1.33399682653202,-0.475));
#11804=CARTESIAN_POINT('',(1.4628111621731,1.3365432890826,-0.475));
#11805=CARTESIAN_POINT('',(1.46700323007187,1.33947918459562,-0.475));
#11806=CARTESIAN_POINT('',(1.47190388408733,1.34276660813067,-0.475));
#11807=CARTESIAN_POINT('',(1.47753233642073,1.34638138248858,-0.475));
#11808=CARTESIAN_POINT('',(1.48390224943402,1.35029459177271,-0.475));
#11809=CARTESIAN_POINT('',(1.49102786351489,1.35447813321504,-0.475));
#11810=CARTESIAN_POINT('',(1.49892216884992,1.35890310402385,-0.475));
#11811=CARTESIAN_POINT('',(1.50759742264045,1.36354029964192,-0.475));
#11812=CARTESIAN_POINT('',(1.51706498312548,1.36836009859422,-0.475));
#11813=CARTESIAN_POINT('',(1.52733534751131,1.37333252250077,-0.475));
#11814=CARTESIAN_POINT('',(1.53841811090079,1.37842725702897,-0.475));
#11815=CARTESIAN_POINT('',(1.55032203267321,1.38361364241426,-0.475));
#11816=CARTESIAN_POINT('',(1.56305474427813,1.38886083720625,-0.475));
#11817=CARTESIAN_POINT('',(1.5766238422366,1.39413729265368,-0.475));
#11818=CARTESIAN_POINT('',(1.59103259880447,1.39941291483671,-0.475));
#11819=CARTESIAN_POINT('',(1.60629657154885,1.40465079131819,-0.475));
#11820=CARTESIAN_POINT('',(1.62019975680885,1.40913621518909,-0.475));
#11821=CARTESIAN_POINT('',(1.62912359401222,1.41181499999505,-0.475));
#11822=CARTESIAN_POINT('',(1.63254182180415,1.41282985531181,-0.475));
#11823=CARTESIAN_POINT('',(1.50970243888512,1.10899238434009,-0.475));
#11824=CARTESIAN_POINT('',(1.54541619262553,1.13518045837602,-0.475));
#11825=CARTESIAN_POINT('',(1.58512304115959,1.16429657696443,-0.475));
#11826=CARTESIAN_POINT('',(1.58662159374038,1.16554265203068,-0.475));
#11827=CARTESIAN_POINT('',(1.58836244967984,1.16694595052051,-0.475));
#11828=CARTESIAN_POINT('',(1.59038606717905,1.16867051582057,-0.475));
#11829=CARTESIAN_POINT('',(1.5930643356456,1.17103310017426,-0.475));
#11830=CARTESIAN_POINT('',(1.59624228523107,1.1739569952133,-0.475));
#11831=CARTESIAN_POINT('',(1.59993960021133,1.17749574890182,-0.475));
#11832=CARTESIAN_POINT('',(1.60411992699492,1.18166089370848,-0.475));
#11833=CARTESIAN_POINT('',(1.60876330105532,1.18647598941503,-0.475));
#11834=CARTESIAN_POINT('',(1.61384402750131,1.19196007707656,-0.475));
#11835=CARTESIAN_POINT('',(1.61933732171349,1.19813260603375,-0.475));
#11836=CARTESIAN_POINT('',(1.62521737051891,1.20501195552536,-0.475));
#11837=CARTESIAN_POINT('',(1.63145792177902,1.21261584476049,-0.475));
#11838=CARTESIAN_POINT('',(1.63803213906967,1.22096119259588,-0.475));
#11839=CARTESIAN_POINT('',(1.64491266794039,1.23006414302875,-0.475));
#11840=CARTESIAN_POINT('',(1.65207164845169,1.23994002082764,-0.475));
#11841=CARTESIAN_POINT('',(1.65948071882792,1.25060339848619,-0.475));
#11842=CARTESIAN_POINT('',(1.66711111905046,1.26206777768626,-0.475));
#11843=CARTESIAN_POINT('',(1.67493338857618,1.27434676383994,-0.475));
#11844=CARTESIAN_POINT('',(1.68291865011694,1.2874494373601,-0.475));
#11845=CARTESIAN_POINT('',(1.6910337356285,1.3013982581388,-0.475));
#11846=CARTESIAN_POINT('',(1.69814535022687,1.31415923480518,-0.475));
#11847=CARTESIAN_POINT('',(1.70251361720755,1.32238899798856,-0.475));
#11848=CARTESIAN_POINT('',(1.70417583552462,1.3255435570414,-0.475));
#11849=CARTESIAN_POINT('',(1.55588509909616,1.14286726604696,-0.475));
#11850=CARTESIAN_POINT('',(1.59028265509867,1.09600657705489,-0.475));
#11851=CARTESIAN_POINT('',(1.54241875231356,1.06301926370666,-0.475));
#11852=CARTESIAN_POINT('',(4.13501843372994E-14,2.83530070186477E-14,-0.475));
#11853=CARTESIAN_POINT('',(1.57235984268344,1.01820925531862,-0.475));
#11854=CARTESIAN_POINT('',(1.6211528689226,1.04980603715129,-0.475));
#11855=CARTESIAN_POINT('',(1.65128312556574,1.00009402988568,-0.475));
#11856=CARTESIAN_POINT('',(1.60231347676521,0.970390171362319,-0.475));
#11857=CARTESIAN_POINT('',(1.64017516422691,0.993363635413134,-0.475));
#11858=CARTESIAN_POINT('',(1.68227010334234,1.01890572387572,-0.475));
#11859=CARTESIAN_POINT('',(1.68399479783721,1.01981335365016,-0.475));
#11860=CARTESIAN_POINT('',(1.68595747331613,1.02088467573896,-0.475));
#11861=CARTESIAN_POINT('',(1.68832516878973,1.02209429195975,-0.475));
#11862=CARTESIAN_POINT('',(1.69153284108751,1.02366456748884,-0.475));
#11863=CARTESIAN_POINT('',(1.69545031652454,1.0254816838768,-0.475));
#11864=CARTESIAN_POINT('',(1.70013459981514,1.02754333510449,-0.475));
#11865=CARTESIAN_POINT('',(1.70558243365391,1.02981152154814,-0.475));
#11866=CARTESIAN_POINT('',(1.71180794434746,1.03225878245219,-0.475));
#11867=CARTESIAN_POINT('',(1.71881889052771,1.03485409213623,-0.475));
#11868=CARTESIAN_POINT('',(1.72662375637921,1.03756710965722,-0.475));
#11869=CARTESIAN_POINT('',(1.73522964383082,1.04036695332281,-0.475));
#11870=CARTESIAN_POINT('',(1.74464287703872,1.0432225884718,-0.475));
#11871=CARTESIAN_POINT('',(1.75486881713342,1.04610274691498,-0.475));
#11872=CARTESIAN_POINT('',(1.76591191112854,1.04897597839519,-0.475));
#11873=CARTESIAN_POINT('',(1.77777565572682,1.05181067914954,-0.475));
#11874=CARTESIAN_POINT('',(1.79046266057521,1.05457506966208,-0.475));
#11875=CARTESIAN_POINT('',(1.80397439361858,1.05723741227034,-0.475));
#11876=CARTESIAN_POINT('',(1.81831215055694,1.05976528241569,-0.475));
#11877=CARTESIAN_POINT('',(1.83347326973815,1.0621285260391,-0.475));
#11878=CARTESIAN_POINT('',(1.84946580853576,1.06428790483476,-0.475));
#11879=CARTESIAN_POINT('',(1.86397691077684,1.06597476565429,-0.475));
#11880=CARTESIAN_POINT('',(1.87325188394103,1.06686112408771,-0.475));
#11881=CARTESIAN_POINT('',(1.87680241989496,1.06718961608348,-0.475));
#11882=CARTESIAN_POINT('',(1.69704761122173,0.793155071689415,-0.475));
#11883=CARTESIAN_POINT('',(1.73718417499492,0.811872541508338,-0.475));
#11884=CARTESIAN_POINT('',(1.7818083405196,0.832682780175575,-0.475));
#11885=CARTESIAN_POINT('',(1.78352119601867,0.833612559153283,-0.475));
#11886=CARTESIAN_POINT('',(1.78550237185367,0.834649269510307,-0.475));
#11887=CARTESIAN_POINT('',(1.78782355210979,0.835945909582143,-0.475));
#11888=CARTESIAN_POINT('',(1.7909112757411,0.837740593282363,-0.475));
#11889=CARTESIAN_POINT('',(1.7945985855411,0.83998831929012,-0.475));
#11890=CARTESIAN_POINT('',(1.79891523424738,0.842737766448702,-0.475));
#11891=CARTESIAN_POINT('',(1.80382781666557,0.846007337867474,-0.475));
#11892=CARTESIAN_POINT('',(1.80932134816734,0.849824035519511,-0.475));
#11893=CARTESIAN_POINT('',(1.81537434230718,0.854211547415953,-0.475));
#11894=CARTESIAN_POINT('',(1.82196628507333,0.859193784423246,-0.475));
#11895=CARTESIAN_POINT('',(1.82907544489731,0.864793808528449,-0.475));
#11896=CARTESIAN_POINT('',(1.83667953091429,0.871034120009189,-0.475));
#11897=CARTESIAN_POINT('',(1.84475552305967,0.87793654815775,-0.475));
#11898=CARTESIAN_POINT('',(1.85327974202871,0.885522263357511,-0.475));
#11899=CARTESIAN_POINT('',(1.86222785291687,0.89381173112047,-0.475));
#11900=CARTESIAN_POINT('',(1.87157488186453,0.90282477704182,-0.475));
#11901=CARTESIAN_POINT('',(1.88129525551623,0.912580254173684,-0.475));
#11902=CARTESIAN_POINT('',(1.89136273368916,0.923097253970811,-0.475));
#11903=CARTESIAN_POINT('',(1.90175076546484,0.934390316047944,-0.475));
#11904=CARTESIAN_POINT('',(1.91243120182125,0.946487939501044,-0.475));
#11905=CARTESIAN_POINT('',(1.92189571178632,0.957616310396946,-0.475));
#11906=CARTESIAN_POINT('',(1.9277855908914,0.964835734376491,-0.475));
#11907=CARTESIAN_POINT('',(1.93003129409104,0.967605396754944,-0.475));
#11908=CARTESIAN_POINT('',(1.74895154614703,0.817369266990777,-0.475));
#11909=CARTESIAN_POINT('',(1.77354609585077,0.764698362720705,-0.475));
#11910=CARTESIAN_POINT('',(1.72016637895293,0.741682675556005,-0.475));
#11911=CARTESIAN_POINT('',(4.6087049409377E-14,1.97411911612692E-14,-0.475));
#11912=CARTESIAN_POINT('',(1.74079016070097,0.691892461952499,-0.475));
#11913=CARTESIAN_POINT('',(1.79480986896507,0.713363073280952,-0.475));
#11914=CARTESIAN_POINT('',(1.81466284966992,0.658728146824607,-0.475));
#11915=CARTESIAN_POINT('',(1.7608392036154,0.639148544167226,-0.475));
#11916=CARTESIAN_POINT('',(1.80245528986856,0.65429413074916,-0.475));
#11917=CARTESIAN_POINT('',(1.84872440079557,0.671133119916741,-0.475));
#11918=CARTESIAN_POINT('',(1.8505930255543,0.671686838635188,-0.475));
#11919=CARTESIAN_POINT('',(1.85272699334553,0.672354676579255,-0.475));
#11920=CARTESIAN_POINT('',(1.85528517863255,0.673079135891166,-0.475));
#11921=CARTESIAN_POINT('',(1.85873756196518,0.673993453194782,-0.475));
#11922=CARTESIAN_POINT('',(1.86293426603143,0.675011392656364,-0.475));
#11923=CARTESIAN_POINT('',(1.86793075033399,0.676119571498227,-0.475));
#11924=CARTESIAN_POINT('',(1.87371640679682,0.677281355717482,-0.475));
#11925=CARTESIAN_POINT('',(1.88029973296588,0.678467056303553,-0.475));
#11926=CARTESIAN_POINT('',(1.88768228558315,0.679644730091805,-0.475));
#11927=CARTESIAN_POINT('',(1.89586646658763,0.680782963949607,-0.475));
#11928=CARTESIAN_POINT('',(1.90485321672729,0.681850084050083,-0.475));
#11929=CARTESIAN_POINT('',(1.91464268407938,0.682814418272669,-0.475));
#11930=CARTESIAN_POINT('',(1.92523402664069,0.683644253332976,-0.475));
#11931=CARTESIAN_POINT('',(1.93662547033591,0.6843078757124,-0.475));
#11932=CARTESIAN_POINT('',(1.94881427909135,0.684773606732613,-0.475));
#11933=CARTESIAN_POINT('',(1.96179681253432,0.685009768395316,-0.475));
#11934=CARTESIAN_POINT('',(1.97556831869277,0.684984946486455,-0.475));
#11935=CARTESIAN_POINT('',(1.99012374265257,0.684667086697696,-0.475));
#11936=CARTESIAN_POINT('',(2.00545459113944,0.684027133634352,-0.475));
#11937=CARTESIAN_POINT('',(2.02156111169302,0.683025031028072,-0.475));
#11938=CARTESIAN_POINT('',(2.03612247739397,0.681848503680928,-0.475));
#11939=CARTESIAN_POINT('',(2.04539215450174,0.680908373484303,-0.475));
#11940=CARTESIAN_POINT('',(2.04893855351214,0.680537878395898,-0.475));
#11941=CARTESIAN_POINT('',(1.81917619557435,0.4468372544402,-0.475));
#11942=CARTESIAN_POINT('',(1.86219314374335,0.457364818173858,-0.475));
#11943=CARTESIAN_POINT('',(1.91001974460307,0.469069451118451,-0.475));
#11944=CARTESIAN_POINT('',(1.91188107894418,0.469647203122934,-0.475));
#11945=CARTESIAN_POINT('',(1.91402643919842,0.470277485149526,-0.475));
#11946=CARTESIAN_POINT('',(1.91655598055594,0.471096370842338,-0.475));
#11947=CARTESIAN_POINT('',(1.91993449986448,0.472254185200965,-0.475));
#11948=CARTESIAN_POINT('',(1.92398946863126,0.473739363327497,-0.475));
#11949=CARTESIAN_POINT('',(1.92875956467459,0.475593844243742,-0.475));
#11950=CARTESIAN_POINT('',(1.93421561494007,0.477842194478604,-0.475));
#11951=CARTESIAN_POINT('',(1.9403481905484,0.480513820525785,-0.475));
#11952=CARTESIAN_POINT('',(1.94714083921185,0.483636147035507,-0.475));
#11953=CARTESIAN_POINT('',(1.95457810586827,0.48723662751878,-0.475));
#11954=CARTESIAN_POINT('',(1.96264317568564,0.491342120451743,-0.475));
#11955=CARTESIAN_POINT('',(1.97131857569828,0.495979042507492,-0.475));
#11956=CARTESIAN_POINT('',(1.98058598684931,0.501173294526401,-0.475));
#11957=CARTESIAN_POINT('',(1.99042631496212,0.506950259712052,-0.475));
#11958=CARTESIAN_POINT('',(2.00081968534386,0.513334757841732,-0.475));
#11959=CARTESIAN_POINT('',(2.01174547178237,0.520351105725698,-0.475));
#11960=CARTESIAN_POINT('',(2.02318227035506,0.528022783274111,-0.475));
#11961=CARTESIAN_POINT('',(2.03510806963492,0.536373634310489,-0.475));
#11962=CARTESIAN_POINT('',(2.04749966541003,0.545423098902193,-0.475));
#11963=CARTESIAN_POINT('',(2.06033500943178,0.555204620144809,-0.475));
#11964=CARTESIAN_POINT('',(2.07178869895335,0.564272728217567,-0.475));
#11965=CARTESIAN_POINT('',(2.0789738454319,0.570204374578449,-0.475));
#11966=CARTESIAN_POINT('',(2.08171673239955,0.572482703710552,-0.475));
#11967=CARTESIAN_POINT('',(1.87480676610279,0.460460225390103,-0.475));
#11968=CARTESIAN_POINT('',(1.88865315475545,0.404003219154942,-0.475));
#11969=CARTESIAN_POINT('',(1.83180897632956,0.39184363812417,-0.475));
#11970=CARTESIAN_POINT('',(4.90528150185674E-14,1.03707323985506E-14,-0.475));
#11971=CARTESIAN_POINT('',(0.0858559554083168,1.92861421008165,0.475));
#11972=CARTESIAN_POINT('',(0.0858559554083168,1.92861421008165,-0.475));
#11973=CARTESIAN_POINT('',(0.0865570616143487,1.9444808533853,0.475));
#11974=CARTESIAN_POINT('',(0.0865570616143487,1.9444808533853,-0.475));
#11975=CARTESIAN_POINT('',(0.0874427608710561,1.96405953108626,0.475));
#11976=CARTESIAN_POINT('',(0.0874427608710561,1.96405953108626,-0.475));
#11977=CARTESIAN_POINT('',(0.0876154993079278,1.96673616727457,0.475));
#11978=CARTESIAN_POINT('',(0.0876154993079278,1.96673616727457,-0.475));
#11979=CARTESIAN_POINT('',(0.0880508786346937,1.97114102286904,0.475));
#11980=CARTESIAN_POINT('',(0.0880508786346937,1.97114102286904,-0.475));
#11981=CARTESIAN_POINT('',(0.0889890838270915,1.97789943424831,0.475));
#11982=CARTESIAN_POINT('',(0.0889890838270915,1.97789943424831,-0.475));
#11983=CARTESIAN_POINT('',(0.0913111337885652,1.99084108001465,0.475));
#11984=CARTESIAN_POINT('',(0.0913111337885652,1.99084108001465,-0.475));
#11985=CARTESIAN_POINT('',(0.09568412779881,2.00965772760573,0.475));
#11986=CARTESIAN_POINT('',(0.09568412779881,2.00965772760573,-0.475));
#11987=CARTESIAN_POINT('',(0.103204043501481,2.03508075044579,0.475));
#11988=CARTESIAN_POINT('',(0.103204043501481,2.03508075044579,-0.475));
#11989=CARTESIAN_POINT('',(0.112941032143781,2.06258673922998,0.475));
#11990=CARTESIAN_POINT('',(0.112941032143781,2.06258673922998,-0.475));
#11991=CARTESIAN_POINT('',(0.128809954395656,2.1013808470775,0.475));
#11992=CARTESIAN_POINT('',(0.128809954395656,2.1013808470775,-0.475));
#11993=CARTESIAN_POINT('',(0.143926895105618,2.13231463385841,0.475));
#11994=CARTESIAN_POINT('',(0.143926895105618,2.13231463385841,-0.475));
#11995=CARTESIAN_POINT('',(0.155359821414563,2.15340296412215,0.475));
#11996=CARTESIAN_POINT('',(0.155359821414563,2.15340296412215,-0.475));
#11997=CARTESIAN_POINT('',(0.0858559555567572,1.92861421344098,0.475));
#11998=CARTESIAN_POINT('',(-0.085855955408316,1.92861421008164,0.475));
#11999=CARTESIAN_POINT('',(-0.085855955408316,1.92861421008164,-0.474999999999999));
#12000=CARTESIAN_POINT('',(-0.086557061614348,1.94448085338529,0.475));
#12001=CARTESIAN_POINT('',(-0.086557061614348,1.94448085338529,-0.474999999999999));
#12002=CARTESIAN_POINT('',(-0.0874427608710556,1.96405953108626,0.475));
#12003=CARTESIAN_POINT('',(-0.0874427608710556,1.96405953108626,-0.474999999999999));
#12004=CARTESIAN_POINT('',(-0.0876154993079274,1.96673616727457,0.475));
#12005=CARTESIAN_POINT('',(-0.0876154993079274,1.96673616727457,-0.474999999999999));
#12006=CARTESIAN_POINT('',(-0.0880508786346934,1.97114102286904,0.475));
#12007=CARTESIAN_POINT('',(-0.0880508786346934,1.97114102286904,-0.474999999999999));
#12008=CARTESIAN_POINT('',(-0.0889890838270911,1.97789943424831,0.475));
#12009=CARTESIAN_POINT('',(-0.0889890838270911,1.97789943424831,-0.474999999999999));
#12010=CARTESIAN_POINT('',(-0.0913111337885646,1.99084108001465,0.475));
#12011=CARTESIAN_POINT('',(-0.0913111337885646,1.99084108001465,-0.474999999999999));
#12012=CARTESIAN_POINT('',(-0.0956841277988093,2.00965772760573,0.475));
#12013=CARTESIAN_POINT('',(-0.0956841277988093,2.00965772760573,-0.474999999999999));
#12014=CARTESIAN_POINT('',(-0.103204043501481,2.03508075044579,0.475));
#12015=CARTESIAN_POINT('',(-0.103204043501481,2.03508075044579,-0.474999999999999));
#12016=CARTESIAN_POINT('',(-0.112941032143781,2.06258673922998,0.475));
#12017=CARTESIAN_POINT('',(-0.112941032143781,2.06258673922998,-0.474999999999999));
#12018=CARTESIAN_POINT('',(-0.128809954395656,2.1013808470775,0.475));
#12019=CARTESIAN_POINT('',(-0.128809954395656,2.1013808470775,-0.474999999999999));
#12020=CARTESIAN_POINT('',(-0.143926895105617,2.13231463385841,0.475));
#12021=CARTESIAN_POINT('',(-0.143926895105617,2.13231463385841,-0.474999999999999));
#12022=CARTESIAN_POINT('',(-0.155359821414562,2.15340296412215,0.475));
#12023=CARTESIAN_POINT('',(-0.155359821414562,2.15340296412215,-0.474999999999999));
#12024=CARTESIAN_POINT('',(-0.0858559555567567,1.92861421344097,-0.475));
#12025=CARTESIAN_POINT('',(-6.01732205729452E-16,5.01335084557297E-14,0.475));
#12026=CARTESIAN_POINT('',(-0.0269462694276666,1.87305618203618,0.475));
#12027=CARTESIAN_POINT('',(0.0269462694276668,1.87305618203618,0.475));
#12028=CARTESIAN_POINT('',(0.0277824584446719,1.93118033209176,-8.67361737988404E-17));
#12029=CARTESIAN_POINT('',(-0.0277824584446715,1.93118033209176,-8.67361737988404E-17));
#12030=CARTESIAN_POINT('',(-1.92861421008165,0.0858559554083169,0.475));
#12031=CARTESIAN_POINT('',(-1.92861421008165,0.0858559554083169,-0.475));
#12032=CARTESIAN_POINT('',(-1.9444808533853,0.0865570616143488,0.475));
#12033=CARTESIAN_POINT('',(-1.9444808533853,0.0865570616143488,-0.475));
#12034=CARTESIAN_POINT('',(-1.96405953108626,0.0874427608710561,0.475));
#12035=CARTESIAN_POINT('',(-1.96405953108626,0.0874427608710561,-0.475));
#12036=CARTESIAN_POINT('',(-1.96673616727458,0.0876154993079279,0.475));
#12037=CARTESIAN_POINT('',(-1.96673616727458,0.0876154993079279,-0.475));
#12038=CARTESIAN_POINT('',(-1.97114102286904,0.0880508786346938,0.475));
#12039=CARTESIAN_POINT('',(-1.97114102286904,0.0880508786346938,-0.475));
#12040=CARTESIAN_POINT('',(-1.97789943424831,0.0889890838270917,0.475));
#12041=CARTESIAN_POINT('',(-1.97789943424831,0.0889890838270917,-0.475));
#12042=CARTESIAN_POINT('',(-1.99084108001465,0.0913111337885652,0.475));
#12043=CARTESIAN_POINT('',(-1.99084108001465,0.0913111337885652,-0.475));
#12044=CARTESIAN_POINT('',(-2.00965772760573,0.0956841277988101,0.475));
#12045=CARTESIAN_POINT('',(-2.00965772760573,0.0956841277988101,-0.475));
#12046=CARTESIAN_POINT('',(-2.03508075044579,0.103204043501482,0.475));
#12047=CARTESIAN_POINT('',(-2.03508075044579,0.103204043501482,-0.475));
#12048=CARTESIAN_POINT('',(-2.06258673922998,0.112941032143782,0.475));
#12049=CARTESIAN_POINT('',(-2.06258673922998,0.112941032143782,-0.475));
#12050=CARTESIAN_POINT('',(-2.1013808470775,0.128809954395657,0.475));
#12051=CARTESIAN_POINT('',(-2.1013808470775,0.128809954395657,-0.475));
#12052=CARTESIAN_POINT('',(-2.13231463385841,0.143926895105618,0.475));
#12053=CARTESIAN_POINT('',(-2.13231463385841,0.143926895105618,-0.475));
#12054=CARTESIAN_POINT('',(-2.15340296412215,0.155359821414563,0.475));
#12055=CARTESIAN_POINT('',(-2.15340296412215,0.155359821414563,-0.475));
#12056=CARTESIAN_POINT('',(-1.92861421344098,0.0858559555567574,0.475));
#12057=CARTESIAN_POINT('',(-1.92861421008164,-0.0858559554083159,0.475));
#12058=CARTESIAN_POINT('',(-1.92861421008164,-0.0858559554083159,-0.474999999999999));
#12059=CARTESIAN_POINT('',(-1.94448085338529,-0.0865570616143479,0.475));
#12060=CARTESIAN_POINT('',(-1.94448085338529,-0.0865570616143479,-0.474999999999999));
#12061=CARTESIAN_POINT('',(-1.96405953108626,-0.0874427608710554,0.475));
#12062=CARTESIAN_POINT('',(-1.96405953108626,-0.0874427608710554,-0.474999999999999));
#12063=CARTESIAN_POINT('',(-1.96673616727457,-0.0876154993079273,0.475));
#12064=CARTESIAN_POINT('',(-1.96673616727457,-0.0876154993079273,-0.474999999999999));
#12065=CARTESIAN_POINT('',(-1.97114102286904,-0.0880508786346933,0.475));
#12066=CARTESIAN_POINT('',(-1.97114102286904,-0.0880508786346933,-0.474999999999999));
#12067=CARTESIAN_POINT('',(-1.97789943424831,-0.0889890838270909,0.475));
#12068=CARTESIAN_POINT('',(-1.97789943424831,-0.0889890838270909,-0.474999999999999));
#12069=CARTESIAN_POINT('',(-1.99084108001465,-0.0913111337885646,0.475));
#12070=CARTESIAN_POINT('',(-1.99084108001465,-0.0913111337885646,-0.474999999999999));
#12071=CARTESIAN_POINT('',(-2.00965772760573,-0.0956841277988091,0.475));
#12072=CARTESIAN_POINT('',(-2.00965772760573,-0.0956841277988091,-0.474999999999999));
#12073=CARTESIAN_POINT('',(-2.03508075044579,-0.103204043501481,0.475));
#12074=CARTESIAN_POINT('',(-2.03508075044579,-0.103204043501481,-0.474999999999999));
#12075=CARTESIAN_POINT('',(-2.06258673922998,-0.11294103214378,0.475));
#12076=CARTESIAN_POINT('',(-2.06258673922998,-0.11294103214378,-0.474999999999999));
#12077=CARTESIAN_POINT('',(-2.1013808470775,-0.128809954395656,0.475));
#12078=CARTESIAN_POINT('',(-2.1013808470775,-0.128809954395656,-0.474999999999999));
#12079=CARTESIAN_POINT('',(-2.13231463385841,-0.143926895105617,0.475));
#12080=CARTESIAN_POINT('',(-2.13231463385841,-0.143926895105617,-0.474999999999999));
#12081=CARTESIAN_POINT('',(-2.15340296412215,-0.155359821414562,0.475));
#12082=CARTESIAN_POINT('',(-2.15340296412215,-0.155359821414562,-0.474999999999999));
#12083=CARTESIAN_POINT('',(-1.92861421344097,-0.0858559555567566,-0.475));
#12084=CARTESIAN_POINT('',(-5.01335084557297E-14,-6.01732205729449E-16,
0.475));
#12085=CARTESIAN_POINT('',(-1.87305618203618,-0.0269462694276665,0.475));
#12086=CARTESIAN_POINT('',(-1.87305618203618,0.0269462694276669,0.475));
#12087=CARTESIAN_POINT('',(-1.93118033209176,0.027782458444672,-8.67361737988404E-17));
#12088=CARTESIAN_POINT('',(-1.93118033209176,-0.0277824584446714,-8.67361737988404E-17));
#12089=CARTESIAN_POINT('',(-1.87480676283697,0.460460224589142,0.475));
#12090=CARTESIAN_POINT('',(-1.87480676283697,0.460460224589142,-0.475));
#12091=CARTESIAN_POINT('',(-1.8902317540031,0.464243287787442,0.475));
#12092=CARTESIAN_POINT('',(-1.8902317540031,0.464243287787442,-0.475));
#12093=CARTESIAN_POINT('',(-1.90926144154876,0.468931579118616,0.475));
#12094=CARTESIAN_POINT('',(-1.90926144154876,0.468931579118616,-0.475));
#12095=CARTESIAN_POINT('',(-1.91185294732598,0.469623184250757,0.475));
#12096=CARTESIAN_POINT('',(-1.91185294732598,0.469623184250757,-0.475));
#12097=CARTESIAN_POINT('',(-1.91608822656228,0.470909542582202,0.475));
#12098=CARTESIAN_POINT('',(-1.91608822656228,0.470909542582202,-0.475));
#12099=CARTESIAN_POINT('',(-1.92253374220887,0.473148221077201,0.475));
#12100=CARTESIAN_POINT('',(-1.92253374220887,0.473148221077201,-0.475));
#12101=CARTESIAN_POINT('',(-1.93477370840597,0.47795044333975,0.475));
#12102=CARTESIAN_POINT('',(-1.93477370840597,0.47795044333975,-0.475));
#12103=CARTESIAN_POINT('',(-1.95237567058021,0.485910357334097,0.475));
#12104=CARTESIAN_POINT('',(-1.95237567058021,0.485910357334097,-0.475));
#12105=CARTESIAN_POINT('',(-1.97584313438912,0.498245565677641,0.475));
#12106=CARTESIAN_POINT('',(-1.97584313438912,0.498245565677641,-0.475));
#12107=CARTESIAN_POINT('',(-2.00092101106189,0.513161613022741,0.475));
#12108=CARTESIAN_POINT('',(-2.00092101106189,0.513161613022741,-0.475));
#12109=CARTESIAN_POINT('',(-2.03587382785295,0.536293973375545,0.475));
#12110=CARTESIAN_POINT('',(-2.03587382785295,0.536293973375545,-0.475));
#12111=CARTESIAN_POINT('',(-2.06326406176378,0.557155328732868,0.475));
#12112=CARTESIAN_POINT('',(-2.06326406176378,0.557155328732868,-0.475));
#12113=CARTESIAN_POINT('',(-2.08171673239955,0.572482703710552,0.475));
#12114=CARTESIAN_POINT('',(-2.08171673239955,0.572482703710552,-0.475));
#12115=CARTESIAN_POINT('',(-1.8748067661028,0.460460225390105,0.475));
#12116=CARTESIAN_POINT('',(-1.90830609481218,0.292047709990275,0.475));
#12117=CARTESIAN_POINT('',(-1.90830609481218,0.292047709990275,-0.475));
#12118=CARTESIAN_POINT('',(-1.92400464404932,0.294455503894825,0.475));
#12119=CARTESIAN_POINT('',(-1.92400464404932,0.294455503894825,-0.475));
#12120=CARTESIAN_POINT('',(-1.94337991430139,0.297406433638313,0.475));
#12121=CARTESIAN_POINT('',(-1.94337991430139,0.297406433638313,-0.475));
#12122=CARTESIAN_POINT('',(-1.94603881927316,0.297759200137968,0.475));
#12123=CARTESIAN_POINT('',(-1.94603881927316,0.297759200137968,-0.475));
#12124=CARTESIAN_POINT('',(-1.95044397509557,0.298191531199244,0.475));
#12125=CARTESIAN_POINT('',(-1.95044397509557,0.298191531199244,-0.475));
#12126=CARTESIAN_POINT('',(-1.95725556024836,0.29858985400884,0.475));
#12127=CARTESIAN_POINT('',(-1.95725556024836,0.29858985400884,-0.475));
#12128=CARTESIAN_POINT('',(-1.97040154539491,0.298837211426241,0.475));
#12129=CARTESIAN_POINT('',(-1.97040154539491,0.298837211426241,-0.475));
#12130=CARTESIAN_POINT('',(-1.98970976518841,0.298219189107509,0.475));
#12131=CARTESIAN_POINT('',(-1.98970976518841,0.298219189107509,-0.475));
#12132=CARTESIAN_POINT('',(-2.01611135454926,0.295803552188945,0.475));
#12133=CARTESIAN_POINT('',(-2.01611135454926,0.295803552188945,-0.475));
#12134=CARTESIAN_POINT('',(-2.04498841572142,0.291619809262404,0.475));
#12135=CARTESIAN_POINT('',(-2.04498841572142,0.291619809262404,-0.475));
#12136=CARTESIAN_POINT('',(-2.08613297881681,0.283624158894202,0.475));
#12137=CARTESIAN_POINT('',(-2.08613297881681,0.283624158894202,-0.475));
#12138=CARTESIAN_POINT('',(-2.11942155038968,0.274832568385411,0.475));
#12139=CARTESIAN_POINT('',(-2.11942155038968,0.274832568385411,-0.475));
#12140=CARTESIAN_POINT('',(-2.14233512757582,0.267733451691598,0.475));
#12141=CARTESIAN_POINT('',(-2.14233512757582,0.267733451691598,-0.475));
#12142=CARTESIAN_POINT('',(-1.90830609813593,0.292047710500062,-0.475));
#12143=CARTESIAN_POINT('',(-4.92875992781338E-14,9.19039221830259E-15,0.475));
#12144=CARTESIAN_POINT('',(-1.84232288908913,0.338986629291303,0.475));
#12145=CARTESIAN_POINT('',(-1.83180897632958,0.391843638124172,0.475));
#12146=CARTESIAN_POINT('',(-1.88865315475545,0.404003219154944,-8.67361737988404E-17));
#12147=CARTESIAN_POINT('',(-1.89949333228418,0.349505966563046,-8.67361737988404E-17));
#12148=CARTESIAN_POINT('',(-1.74895154310022,0.817369265568075,0.475));
#12149=CARTESIAN_POINT('',(-1.74895154310022,0.817369265568075,-0.475));
#12150=CARTESIAN_POINT('',(-1.76334210836874,0.8240889047615,0.475));
#12151=CARTESIAN_POINT('',(-1.76334210836874,0.8240889047615,-0.475));
#12152=CARTESIAN_POINT('',(-1.7810915055387,0.832399619760507,0.475));
#12153=CARTESIAN_POINT('',(-1.7810915055387,0.832399619760507,-0.474999999999999));
#12154=CARTESIAN_POINT('',(-1.78349829079114,0.833583513590546,0.475));
#12155=CARTESIAN_POINT('',(-1.78349829079114,0.833583513590546,-0.475));
#12156=CARTESIAN_POINT('',(-1.78740123426338,0.835671416897389,0.475));
#12157=CARTESIAN_POINT('',(-1.78740123426338,0.835671416897389,-0.474999999999999));
#12158=CARTESIAN_POINT('',(-1.79328615662569,0.839124537535892,0.475));
#12159=CARTESIAN_POINT('',(-1.79328615662569,0.839124537535892,-0.475));
#12160=CARTESIAN_POINT('',(-1.80435406821684,0.846222385391085,0.475));
#12161=CARTESIAN_POINT('',(-1.80435406821684,0.846222385391085,-0.474999999999999));
#12162=CARTESIAN_POINT('',(-1.82006491143917,0.857463324338703,0.475));
#12163=CARTESIAN_POINT('',(-1.82006491143917,0.857463324338703,-0.475));
#12164=CARTESIAN_POINT('',(-1.84067497474347,0.874139790184141,0.475));
#12165=CARTESIAN_POINT('',(-1.84067497474347,0.874139790184141,-0.475));
#12166=CARTESIAN_POINT('',(-1.86236101056813,0.893661680897583,0.475));
#12167=CARTESIAN_POINT('',(-1.86236101056813,0.893661680897583,-0.475));
#12168=CARTESIAN_POINT('',(-1.89212931915521,0.923168515715738,0.475));
#12169=CARTESIAN_POINT('',(-1.89212931915521,0.923168515715738,-0.475));
#12170=CARTESIAN_POINT('',(-1.9149234088674,0.948972595533223,0.475));
#12171=CARTESIAN_POINT('',(-1.9149234088674,0.948972595533223,-0.475));
#12172=CARTESIAN_POINT('',(-1.93003129409104,0.967605396754944,0.475));
#12173=CARTESIAN_POINT('',(-1.93003129409104,0.967605396754944,-0.475));
#12174=CARTESIAN_POINT('',(-1.74895154614704,0.81736926699078,0.475));
#12175=CARTESIAN_POINT('',(-1.81466284650948,0.658728145676182,0.475));
#12176=CARTESIAN_POINT('',(-1.81466284650948,0.658728145676182,-0.475));
#12177=CARTESIAN_POINT('',(-1.82959001523677,0.664152309521868,0.475));
#12178=CARTESIAN_POINT('',(-1.82959001523677,0.664152309521868,-0.475));
#12179=CARTESIAN_POINT('',(-1.84801729726992,0.67082646569041,0.475));
#12180=CARTESIAN_POINT('',(-1.84801729726992,0.67082646569041,-0.475));
#12181=CARTESIAN_POINT('',(-1.85055629079821,0.671691180507845,0.475));
#12182=CARTESIAN_POINT('',(-1.85055629079821,0.671691180507845,-0.475));
#12183=CARTESIAN_POINT('',(-1.85479245918075,0.672974607716931,0.475));
#12184=CARTESIAN_POINT('',(-1.85479245918075,0.672974607716931,-0.475));
#12185=CARTESIAN_POINT('',(-1.86139545270964,0.67469415120633,0.475));
#12186=CARTESIAN_POINT('',(-1.86139545270964,0.67469415120633,-0.475));
#12187=CARTESIAN_POINT('',(-1.87424058439956,0.677501410195775,0.475));
#12188=CARTESIAN_POINT('',(-1.87424058439956,0.677501410195775,-0.475));
#12189=CARTESIAN_POINT('',(-1.89329837233699,0.680662109819673,0.475));
#12190=CARTESIAN_POINT('',(-1.89329837233699,0.680662109819673,-0.475));
#12191=CARTESIAN_POINT('',(-1.91966392994567,0.683443583257295,0.475));
#12192=CARTESIAN_POINT('',(-1.91966392994567,0.683443583257295,-0.475));
#12193=CARTESIAN_POINT('',(-1.94880233423941,0.684973864940907,0.475));
#12194=CARTESIAN_POINT('',(-1.94880233423941,0.684973864940907,-0.475));
#12195=CARTESIAN_POINT('',(-1.99071619009705,0.685158754816018,0.475));
#12196=CARTESIAN_POINT('',(-1.99071619009705,0.685158754816018,-0.475));
#12197=CARTESIAN_POINT('',(-2.02508028532473,0.68303037040127,0.475));
#12198=CARTESIAN_POINT('',(-2.02508028532473,0.68303037040127,-0.475));
#12199=CARTESIAN_POINT('',(-2.04893855351214,0.680537878395898,0.475));
#12200=CARTESIAN_POINT('',(-2.04893855351214,0.680537878395898,-0.475));
#12201=CARTESIAN_POINT('',(-1.81466284966992,0.658728146824605,-0.475));
#12202=CARTESIAN_POINT('',(-4.65475953010834E-14,1.86293350234166E-14,0.475));
#12203=CARTESIAN_POINT('',(-1.74079016070097,0.691892461952498,0.475));
#12204=CARTESIAN_POINT('',(-1.72016637895295,0.74168267555601,0.475));
#12205=CARTESIAN_POINT('',(-1.77354609585078,0.764698362720707,-8.67361737988404E-17));
#12206=CARTESIAN_POINT('',(-1.79480986896507,0.71336307328095,-8.67361737988404E-17));
#12207=CARTESIAN_POINT('',(-1.55588509638544,1.14286726405719,0.475));
#12208=CARTESIAN_POINT('',(-1.55588509638544,1.14286726405719,-0.475));
#12209=CARTESIAN_POINT('',(-1.56868821440342,1.15226524727996,0.475));
#12210=CARTESIAN_POINT('',(-1.56868821440342,1.15226524727996,-0.475));
#12211=CARTESIAN_POINT('',(-1.5844752218184,1.16387900983009,0.475));
#12212=CARTESIAN_POINT('',(-1.5844752218184,1.16387900983009,-0.475));
#12213=CARTESIAN_POINT('',(-1.58660479513855,1.16550969598207,0.475));
#12214=CARTESIAN_POINT('',(-1.58660479513855,1.16550969598207,-0.475));
#12215=CARTESIAN_POINT('',(-1.59002541491791,1.16831890731114,0.475));
#12216=CARTESIAN_POINT('',(-1.59002541491791,1.16831890731114,-0.475));
#12217=CARTESIAN_POINT('',(-1.59512358972984,1.17285376860354,0.475));
#12218=CARTESIAN_POINT('',(-1.59512358972984,1.17285376860354,-0.475));
#12219=CARTESIAN_POINT('',(-1.60459411307957,1.18197447573882,0.475));
#12220=CARTESIAN_POINT('',(-1.60459411307957,1.18197447573882,-0.475));
#12221=CARTESIAN_POINT('',(-1.61781007845569,1.19606445665994,0.475));
#12222=CARTESIAN_POINT('',(-1.61781007845569,1.19606445665994,-0.475));
#12223=CARTESIAN_POINT('',(-1.63477070808085,1.21644131277711,0.475));
#12224=CARTESIAN_POINT('',(-1.63477070808085,1.21644131277711,-0.475));
#12225=CARTESIAN_POINT('',(-1.65223152086233,1.23981883154678,0.475));
#12226=CARTESIAN_POINT('',(-1.65223152086233,1.23981883154678,-0.475));
#12227=CARTESIAN_POINT('',(-1.67567134184068,1.27456620971584,0.475));
#12228=CARTESIAN_POINT('',(-1.67567134184068,1.27456620971584,-0.475));
#12229=CARTESIAN_POINT('',(-1.69299332326969,1.3043213776772,0.475));
#12230=CARTESIAN_POINT('',(-1.69299332326969,1.3043213776772,-0.475));
#12231=CARTESIAN_POINT('',(-1.70417583552462,1.3255435570414,0.475));
#12232=CARTESIAN_POINT('',(-1.70417583552462,1.3255435570414,-0.475));
#12233=CARTESIAN_POINT('',(-1.55588509909616,1.14286726604697,0.475));
#12234=CARTESIAN_POINT('',(-1.65128312269008,1.00009402814275,0.475));
#12235=CARTESIAN_POINT('',(-1.65128312269008,1.00009402814275,-0.474999999999999));
#12236=CARTESIAN_POINT('',(-1.66486526818457,1.00832611435489,0.475));
#12237=CARTESIAN_POINT('',(-1.66486526818457,1.00832611435489,-0.474999999999999));
#12238=CARTESIAN_POINT('',(-1.68163641188442,1.01846701286984,0.475));
#12239=CARTESIAN_POINT('',(-1.68163641188442,1.01846701286984,-0.475));
#12240=CARTESIAN_POINT('',(-1.68395792187182,1.01981044549956,0.475));
#12241=CARTESIAN_POINT('',(-1.68395792187182,1.01981044549956,-0.474999999999999));
#12242=CARTESIAN_POINT('',(-1.68786230923922,1.02189564746856,0.475));
#12243=CARTESIAN_POINT('',(-1.68786230923922,1.02189564746856,-0.474999999999999));
#12244=CARTESIAN_POINT('',(-1.69400296180588,1.0248703305458,0.475));
#12245=CARTESIAN_POINT('',(-1.69400296180588,1.0248703305458,-0.474999999999999));
#12246=CARTESIAN_POINT('',(-1.70605360883196,1.03012960971865,0.475));
#12247=CARTESIAN_POINT('',(-1.70605360883196,1.03012960971865,-0.474999999999999));
#12248=CARTESIAN_POINT('',(-1.72412858481061,1.03694756737118,0.475));
#12249=CARTESIAN_POINT('',(-1.72412858481061,1.03694756737118,-0.474999999999999));
#12250=CARTESIAN_POINT('',(-1.74944489707422,1.04481926070064,0.475));
#12251=CARTESIAN_POINT('',(-1.74944489707422,1.04481926070064,-0.474999999999999));
#12252=CARTESIAN_POINT('',(-1.77772487195351,1.0520047591275,0.475));
#12253=CARTESIAN_POINT('',(-1.77772487195351,1.0520047591275,-0.474999999999999));
#12254=CARTESIAN_POINT('',(-1.81879729459836,1.06036308403171,0.475));
#12255=CARTESIAN_POINT('',(-1.81879729459836,1.06036308403171,-0.474999999999999));
#12256=CARTESIAN_POINT('',(-1.85291632057289,1.06497969833044,0.475));
#12257=CARTESIAN_POINT('',(-1.85291632057289,1.06497969833044,-0.474999999999999));
#12258=CARTESIAN_POINT('',(-1.87680241989496,1.06718961608348,0.475));
#12259=CARTESIAN_POINT('',(-1.87680241989496,1.06718961608348,-0.474999999999999));
#12260=CARTESIAN_POINT('',(-1.65128312556573,1.00009402988568,-0.475));
#12261=CARTESIAN_POINT('',(-4.20187933408045E-14,2.73523629310322E-14,0.475));
#12262=CARTESIAN_POINT('',(-1.57235984268344,1.01820925531862,0.475));
#12263=CARTESIAN_POINT('',(-1.54241875231357,1.06301926370667,0.475));
#12264=CARTESIAN_POINT('',(-1.59028265509867,1.0960065770549,-8.67361737988404E-17));
#12265=CARTESIAN_POINT('',(-1.62115286892259,1.04980603715129,-8.67361737988404E-17));
#12266=CARTESIAN_POINT('',(-1.00009402814276,1.65128312269008,0.475));
#12267=CARTESIAN_POINT('',(-1.00009402814276,1.65128312269008,-0.475));
#12268=CARTESIAN_POINT('',(-1.00832611435489,1.66486526818457,0.475));
#12269=CARTESIAN_POINT('',(-1.00832611435489,1.66486526818457,-0.475));
#12270=CARTESIAN_POINT('',(-1.01846701286984,1.68163641188442,0.475));
#12271=CARTESIAN_POINT('',(-1.01846701286984,1.68163641188442,-0.475));
#12272=CARTESIAN_POINT('',(-1.01981044549956,1.68395792187182,0.475));
#12273=CARTESIAN_POINT('',(-1.01981044549956,1.68395792187182,-0.475));
#12274=CARTESIAN_POINT('',(-1.02189564746856,1.68786230923923,0.475));
#12275=CARTESIAN_POINT('',(-1.02189564746856,1.68786230923923,-0.475));
#12276=CARTESIAN_POINT('',(-1.0248703305458,1.69400296180588,0.475));
#12277=CARTESIAN_POINT('',(-1.0248703305458,1.69400296180588,-0.475));
#12278=CARTESIAN_POINT('',(-1.03012960971865,1.70605360883196,0.475));
#12279=CARTESIAN_POINT('',(-1.03012960971865,1.70605360883196,-0.475));
#12280=CARTESIAN_POINT('',(-1.03694756737118,1.72412858481062,0.475));
#12281=CARTESIAN_POINT('',(-1.03694756737118,1.72412858481062,-0.475));
#12282=CARTESIAN_POINT('',(-1.04481926070064,1.74944489707422,0.475));
#12283=CARTESIAN_POINT('',(-1.04481926070064,1.74944489707422,-0.475));
#12284=CARTESIAN_POINT('',(-1.0520047591275,1.77772487195351,0.475));
#12285=CARTESIAN_POINT('',(-1.0520047591275,1.77772487195351,-0.475));
#12286=CARTESIAN_POINT('',(-1.06036308403171,1.81879729459836,0.475));
#12287=CARTESIAN_POINT('',(-1.06036308403171,1.81879729459836,-0.475));
#12288=CARTESIAN_POINT('',(-1.06497969833046,1.85291632057289,0.475));
#12289=CARTESIAN_POINT('',(-1.06497969833046,1.85291632057289,-0.475));
#12290=CARTESIAN_POINT('',(-1.06718961608348,1.87680241989496,0.475));
#12291=CARTESIAN_POINT('',(-1.06718961608348,1.87680241989496,-0.475));
#12292=CARTESIAN_POINT('',(-1.00009402988568,1.65128312556574,0.475));
#12293=CARTESIAN_POINT('',(-1.14286726405719,1.55588509638544,0.475));
#12294=CARTESIAN_POINT('',(-1.14286726405719,1.55588509638544,-0.475));
#12295=CARTESIAN_POINT('',(-1.15226524727995,1.56868821440342,0.475));
#12296=CARTESIAN_POINT('',(-1.15226524727995,1.56868821440342,-0.475));
#12297=CARTESIAN_POINT('',(-1.16387900983008,1.5844752218184,0.475));
#12298=CARTESIAN_POINT('',(-1.16387900983008,1.5844752218184,-0.475));
#12299=CARTESIAN_POINT('',(-1.16550969598207,1.58660479513855,0.475));
#12300=CARTESIAN_POINT('',(-1.16550969598207,1.58660479513855,-0.475));
#12301=CARTESIAN_POINT('',(-1.16831890731114,1.59002541491791,0.475));
#12302=CARTESIAN_POINT('',(-1.16831890731114,1.59002541491791,-0.475));
#12303=CARTESIAN_POINT('',(-1.17285376860354,1.59512358972984,0.475));
#12304=CARTESIAN_POINT('',(-1.17285376860354,1.59512358972984,-0.475));
#12305=CARTESIAN_POINT('',(-1.18197447573882,1.60459411307956,0.475));
#12306=CARTESIAN_POINT('',(-1.18197447573882,1.60459411307956,-0.475));
#12307=CARTESIAN_POINT('',(-1.19606445665994,1.61781007845569,0.475));
#12308=CARTESIAN_POINT('',(-1.19606445665994,1.61781007845569,-0.475));
#12309=CARTESIAN_POINT('',(-1.2164413127771,1.63477070808085,0.475));
#12310=CARTESIAN_POINT('',(-1.2164413127771,1.63477070808085,-0.475));
#12311=CARTESIAN_POINT('',(-1.23981883154678,1.65223152086233,0.475));
#12312=CARTESIAN_POINT('',(-1.23981883154678,1.65223152086233,-0.475));
#12313=CARTESIAN_POINT('',(-1.27456620971584,1.67567134184068,0.475));
#12314=CARTESIAN_POINT('',(-1.27456620971584,1.67567134184068,-0.475));
#12315=CARTESIAN_POINT('',(-1.30432137767721,1.69299332326969,0.475));
#12316=CARTESIAN_POINT('',(-1.30432137767721,1.69299332326969,-0.475));
#12317=CARTESIAN_POINT('',(-1.3255435570414,1.70417583552462,0.475));
#12318=CARTESIAN_POINT('',(-1.3255435570414,1.70417583552462,-0.475));
#12319=CARTESIAN_POINT('',(-1.14286726604696,1.55588509909616,-0.475));
#12320=CARTESIAN_POINT('',(-2.83530070186478E-14,4.13501843372994E-14,0.475));
#12321=CARTESIAN_POINT('',(-1.06301926370667,1.54241875231357,0.475));
#12322=CARTESIAN_POINT('',(-1.01820925531862,1.57235984268344,0.475));
#12323=CARTESIAN_POINT('',(-1.04980603715129,1.6211528689226,-8.67361737988404E-17));
#12324=CARTESIAN_POINT('',(-1.09600657705489,1.59028265509867,-8.67361737988404E-17));
#12325=CARTESIAN_POINT('',(-1.303026857967,1.42444551451594,0.475));
#12326=CARTESIAN_POINT('',(-1.303026857967,1.42444551451594,-0.475));
#12327=CARTESIAN_POINT('',(-1.31375051208906,1.43616068254324,0.475));
#12328=CARTESIAN_POINT('',(-1.31375051208906,1.43616068254324,-0.475));
#12329=CARTESIAN_POINT('',(-1.32696844390757,1.45063118226276,0.475));
#12330=CARTESIAN_POINT('',(-1.32696844390757,1.45063118226276,-0.475));
#12331=CARTESIAN_POINT('',(-1.32873896698701,1.45264599438237,0.475));
#12332=CARTESIAN_POINT('',(-1.32873896698701,1.45264599438237,-0.475));
#12333=CARTESIAN_POINT('',(-1.33154581057366,1.45606855731772,0.475));
#12334=CARTESIAN_POINT('',(-1.33154581057366,1.45606855731772,-0.475));
#12335=CARTESIAN_POINT('',(-1.3356613178363,1.46151088708773,0.475));
#12336=CARTESIAN_POINT('',(-1.3356613178363,1.46151088708773,-0.475));
#12337=CARTESIAN_POINT('',(-1.34317050604338,1.47230394984284,0.475));
#12338=CARTESIAN_POINT('',(-1.34317050604338,1.47230394984284,-0.475));
#12339=CARTESIAN_POINT('',(-1.3533837114355,1.48870150267242,0.475));
#12340=CARTESIAN_POINT('',(-1.3533837114355,1.48870150267242,-0.475));
#12341=CARTESIAN_POINT('',(-1.36604311989666,1.5119956779082,0.475));
#12342=CARTESIAN_POINT('',(-1.36604311989666,1.5119956779082,-0.475));
#12343=CARTESIAN_POINT('',(-1.37860770039189,1.53833043979804,0.475));
#12344=CARTESIAN_POINT('',(-1.37860770039189,1.53833043979804,-0.475));
#12345=CARTESIAN_POINT('',(-1.39481825458653,1.57698303906153,0.475));
#12346=CARTESIAN_POINT('',(-1.39481825458653,1.57698303906153,-0.475));
#12347=CARTESIAN_POINT('',(-1.40600245370029,1.6095458207489,0.475));
#12348=CARTESIAN_POINT('',(-1.40600245370029,1.6095458207489,-0.475));
#12349=CARTESIAN_POINT('',(-1.41282985531181,1.63254182180415,0.475));
#12350=CARTESIAN_POINT('',(-1.41282985531181,1.63254182180415,-0.475));
#12351=CARTESIAN_POINT('',(-1.30302686023744,1.42444551699631,0.475));
#12352=CARTESIAN_POINT('',(-1.42444551451593,1.30302685796699,0.475));
#12353=CARTESIAN_POINT('',(-1.42444551451593,1.30302685796699,-0.475));
#12354=CARTESIAN_POINT('',(-1.43616068254323,1.31375051208906,0.475));
#12355=CARTESIAN_POINT('',(-1.43616068254323,1.31375051208906,-0.475));
#12356=CARTESIAN_POINT('',(-1.45063118226276,1.32696844390757,0.475));
#12357=CARTESIAN_POINT('',(-1.45063118226276,1.32696844390757,-0.475));
#12358=CARTESIAN_POINT('',(-1.45264599438237,1.32873896698701,0.475));
#12359=CARTESIAN_POINT('',(-1.45264599438237,1.32873896698701,-0.475));
#12360=CARTESIAN_POINT('',(-1.45606855731771,1.33154581057366,0.475));
#12361=CARTESIAN_POINT('',(-1.45606855731771,1.33154581057366,-0.475));
#12362=CARTESIAN_POINT('',(-1.46151088708773,1.3356613178363,0.475));
#12363=CARTESIAN_POINT('',(-1.46151088708773,1.3356613178363,-0.475));
#12364=CARTESIAN_POINT('',(-1.47230394984283,1.34317050604338,0.475));
#12365=CARTESIAN_POINT('',(-1.47230394984283,1.34317050604338,-0.475));
#12366=CARTESIAN_POINT('',(-1.48870150267242,1.3533837114355,0.475));
#12367=CARTESIAN_POINT('',(-1.48870150267242,1.3533837114355,-0.475));
#12368=CARTESIAN_POINT('',(-1.51199567790819,1.36604311989666,0.475));
#12369=CARTESIAN_POINT('',(-1.51199567790819,1.36604311989666,-0.475));
#12370=CARTESIAN_POINT('',(-1.53833043979804,1.37860770039189,0.475));
#12371=CARTESIAN_POINT('',(-1.53833043979804,1.37860770039189,-0.475));
#12372=CARTESIAN_POINT('',(-1.57698303906153,1.39481825458653,0.475));
#12373=CARTESIAN_POINT('',(-1.57698303906153,1.39481825458653,-0.475));
#12374=CARTESIAN_POINT('',(-1.6095458207489,1.40600245370029,0.475));
#12375=CARTESIAN_POINT('',(-1.6095458207489,1.40600245370029,-0.475));
#12376=CARTESIAN_POINT('',(-1.63254182180415,1.41282985531181,0.475));
#12377=CARTESIAN_POINT('',(-1.63254182180415,1.41282985531181,-0.475));
#12378=CARTESIAN_POINT('',(-1.42444551699631,1.30302686023744,-0.475));
#12379=CARTESIAN_POINT('',(-3.58752327168493E-14,3.502425487059E-14,0.475));
#12380=CARTESIAN_POINT('',(-1.34350461770115,1.30539683802118,0.475));
#12381=CARTESIAN_POINT('',(-1.30539683802118,1.34350461770115,0.475));
#12382=CARTESIAN_POINT('',(-1.34590554375191,1.38519587328043,-8.67361737988404E-17));
#12383=CARTESIAN_POINT('',(-1.38519587328043,1.34590554375191,-8.67361737988404E-17));
#12384=CARTESIAN_POINT('',(-0.658728145676185,1.81466284650949,0.475));
#12385=CARTESIAN_POINT('',(-0.658728145676185,1.81466284650949,-0.475));
#12386=CARTESIAN_POINT('',(-0.664152309521871,1.82959001523678,0.475));
#12387=CARTESIAN_POINT('',(-0.664152309521871,1.82959001523678,-0.475));
#12388=CARTESIAN_POINT('',(-0.670826465690412,1.84801729726993,0.475));
#12389=CARTESIAN_POINT('',(-0.670826465690412,1.84801729726993,-0.475));
#12390=CARTESIAN_POINT('',(-0.671691180507843,1.85055629079821,0.475));
#12391=CARTESIAN_POINT('',(-0.671691180507843,1.85055629079821,-0.475));
#12392=CARTESIAN_POINT('',(-0.672974607716931,1.85479245918076,0.475));
#12393=CARTESIAN_POINT('',(-0.672974607716931,1.85479245918076,-0.475));
#12394=CARTESIAN_POINT('',(-0.67469415120633,1.86139545270964,0.475));
#12395=CARTESIAN_POINT('',(-0.67469415120633,1.86139545270964,-0.475));
#12396=CARTESIAN_POINT('',(-0.677501410195774,1.87424058439956,0.475));
#12397=CARTESIAN_POINT('',(-0.677501410195774,1.87424058439956,-0.475));
#12398=CARTESIAN_POINT('',(-0.680662109819673,1.89329837233699,0.475));
#12399=CARTESIAN_POINT('',(-0.680662109819673,1.89329837233699,-0.475));
#12400=CARTESIAN_POINT('',(-0.683443583257294,1.91966392994568,0.475));
#12401=CARTESIAN_POINT('',(-0.683443583257294,1.91966392994568,-0.475));
#12402=CARTESIAN_POINT('',(-0.684973864940907,1.94880233423941,0.475));
#12403=CARTESIAN_POINT('',(-0.684973864940907,1.94880233423941,-0.475));
#12404=CARTESIAN_POINT('',(-0.685158754816018,1.99071619009705,0.475));
#12405=CARTESIAN_POINT('',(-0.685158754816018,1.99071619009705,-0.475));
#12406=CARTESIAN_POINT('',(-0.683030370401264,2.02508028532474,0.475));
#12407=CARTESIAN_POINT('',(-0.683030370401264,2.02508028532474,-0.475));
#12408=CARTESIAN_POINT('',(-0.680537878395898,2.04893855351214,0.475));
#12409=CARTESIAN_POINT('',(-0.680537878395898,2.04893855351214,-0.475));
#12410=CARTESIAN_POINT('',(-0.658728146824607,1.81466284966992,0.475));
#12411=CARTESIAN_POINT('',(-0.817369265568072,1.74895154310021,0.475));
#12412=CARTESIAN_POINT('',(-0.817369265568072,1.74895154310021,-0.475));
#12413=CARTESIAN_POINT('',(-0.824088904761498,1.76334210836874,0.475));
#12414=CARTESIAN_POINT('',(-0.824088904761498,1.76334210836874,-0.475));
#12415=CARTESIAN_POINT('',(-0.832399619760505,1.78109150553869,0.475));
#12416=CARTESIAN_POINT('',(-0.832399619760505,1.78109150553869,-0.475));
#12417=CARTESIAN_POINT('',(-0.833583513590546,1.78349829079114,0.475));
#12418=CARTESIAN_POINT('',(-0.833583513590546,1.78349829079114,-0.475));
#12419=CARTESIAN_POINT('',(-0.835671416897387,1.78740123426338,0.475));
#12420=CARTESIAN_POINT('',(-0.835671416897387,1.78740123426338,-0.475));
#12421=CARTESIAN_POINT('',(-0.839124537535891,1.79328615662569,0.475));
#12422=CARTESIAN_POINT('',(-0.839124537535891,1.79328615662569,-0.475));
#12423=CARTESIAN_POINT('',(-0.846222385391084,1.80435406821684,0.475));
#12424=CARTESIAN_POINT('',(-0.846222385391084,1.80435406821684,-0.475));
#12425=CARTESIAN_POINT('',(-0.857463324338702,1.82006491143917,0.475));
#12426=CARTESIAN_POINT('',(-0.857463324338702,1.82006491143917,-0.475));
#12427=CARTESIAN_POINT('',(-0.87413979018414,1.84067497474347,0.475));
#12428=CARTESIAN_POINT('',(-0.87413979018414,1.84067497474347,-0.475));
#12429=CARTESIAN_POINT('',(-0.893661680897584,1.86236101056813,0.475));
#12430=CARTESIAN_POINT('',(-0.893661680897584,1.86236101056813,-0.475));
#12431=CARTESIAN_POINT('',(-0.923168515715735,1.89212931915521,0.475));
#12432=CARTESIAN_POINT('',(-0.923168515715735,1.89212931915521,-0.475));
#12433=CARTESIAN_POINT('',(-0.948972595533221,1.9149234088674,0.475));
#12434=CARTESIAN_POINT('',(-0.948972595533221,1.9149234088674,-0.475));
#12435=CARTESIAN_POINT('',(-0.967605396754943,1.93003129409104,0.475));
#12436=CARTESIAN_POINT('',(-0.967605396754943,1.93003129409104,-0.475));
#12437=CARTESIAN_POINT('',(-0.817369266990777,1.74895154614703,-0.475));
#12438=CARTESIAN_POINT('',(-1.97411911612692E-14,4.60870494093771E-14,0.475));
#12439=CARTESIAN_POINT('',(-0.74168267555601,1.72016637895295,0.475));
#12440=CARTESIAN_POINT('',(-0.691892461952498,1.74079016070097,0.475));
#12441=CARTESIAN_POINT('',(-0.713363073280952,1.79480986896507,-8.67361737988404E-17));
#12442=CARTESIAN_POINT('',(-0.764698362720705,1.77354609585077,-8.67361737988404E-17));
#12443=CARTESIAN_POINT('',(-0.292047709990276,1.90830609481219,0.475));
#12444=CARTESIAN_POINT('',(-0.292047709990276,1.90830609481219,-0.474999999999999));
#12445=CARTESIAN_POINT('',(-0.294455503894826,1.92400464404933,0.475));
#12446=CARTESIAN_POINT('',(-0.294455503894826,1.92400464404933,-0.474999999999999));
#12447=CARTESIAN_POINT('',(-0.297406433638313,1.94337991430139,0.475));
#12448=CARTESIAN_POINT('',(-0.297406433638313,1.94337991430139,-0.474999999999999));
#12449=CARTESIAN_POINT('',(-0.297759200137968,1.94603881927316,0.475));
#12450=CARTESIAN_POINT('',(-0.297759200137968,1.94603881927316,-0.474999999999999));
#12451=CARTESIAN_POINT('',(-0.298191531199244,1.95044397509557,0.475));
#12452=CARTESIAN_POINT('',(-0.298191531199244,1.95044397509557,-0.474999999999999));
#12453=CARTESIAN_POINT('',(-0.298589854008839,1.95725556024836,0.475));
#12454=CARTESIAN_POINT('',(-0.298589854008839,1.95725556024836,-0.474999999999999));
#12455=CARTESIAN_POINT('',(-0.29883721142624,1.97040154539491,0.475));
#12456=CARTESIAN_POINT('',(-0.29883721142624,1.97040154539491,-0.474999999999999));
#12457=CARTESIAN_POINT('',(-0.298219189107508,1.98970976518841,0.475));
#12458=CARTESIAN_POINT('',(-0.298219189107508,1.98970976518841,-0.474999999999999));
#12459=CARTESIAN_POINT('',(-0.295803552188945,2.01611135454926,0.475));
#12460=CARTESIAN_POINT('',(-0.295803552188945,2.01611135454926,-0.474999999999999));
#12461=CARTESIAN_POINT('',(-0.291619809262403,2.04498841572142,0.475));
#12462=CARTESIAN_POINT('',(-0.291619809262403,2.04498841572142,-0.474999999999999));
#12463=CARTESIAN_POINT('',(-0.283624158894202,2.08613297881681,0.475));
#12464=CARTESIAN_POINT('',(-0.283624158894202,2.08613297881681,-0.474999999999999));
#12465=CARTESIAN_POINT('',(-0.27483256838541,2.11942155038968,0.475));
#12466=CARTESIAN_POINT('',(-0.27483256838541,2.11942155038968,-0.474999999999999));
#12467=CARTESIAN_POINT('',(-0.267733451691597,2.14233512757582,0.475));
#12468=CARTESIAN_POINT('',(-0.267733451691597,2.14233512757582,-0.474999999999999));
#12469=CARTESIAN_POINT('',(-0.292047710500062,1.90830609813594,0.475));
#12470=CARTESIAN_POINT('',(-0.46046022458914,1.87480676283696,0.475));
#12471=CARTESIAN_POINT('',(-0.46046022458914,1.87480676283696,-0.475));
#12472=CARTESIAN_POINT('',(-0.464243287787441,1.89023175400309,0.475));
#12473=CARTESIAN_POINT('',(-0.464243287787441,1.89023175400309,-0.475));
#12474=CARTESIAN_POINT('',(-0.468931579118615,1.90926144154876,0.475));
#12475=CARTESIAN_POINT('',(-0.468931579118615,1.90926144154876,-0.475));
#12476=CARTESIAN_POINT('',(-0.469623184250757,1.91185294732598,0.475));
#12477=CARTESIAN_POINT('',(-0.469623184250757,1.91185294732598,-0.475));
#12478=CARTESIAN_POINT('',(-0.4709095425822,1.91608822656228,0.475));
#12479=CARTESIAN_POINT('',(-0.4709095425822,1.91608822656228,-0.475));
#12480=CARTESIAN_POINT('',(-0.4731482210772,1.92253374220887,0.475));
#12481=CARTESIAN_POINT('',(-0.4731482210772,1.92253374220887,-0.475));
#12482=CARTESIAN_POINT('',(-0.477950443339749,1.93477370840597,0.475));
#12483=CARTESIAN_POINT('',(-0.477950443339749,1.93477370840597,-0.475));
#12484=CARTESIAN_POINT('',(-0.485910357334097,1.9523756705802,0.475));
#12485=CARTESIAN_POINT('',(-0.485910357334097,1.9523756705802,-0.475));
#12486=CARTESIAN_POINT('',(-0.498245565677639,1.97584313438912,0.475));
#12487=CARTESIAN_POINT('',(-0.498245565677639,1.97584313438912,-0.475));
#12488=CARTESIAN_POINT('',(-0.513161613022741,2.00092101106189,0.475));
#12489=CARTESIAN_POINT('',(-0.513161613022741,2.00092101106189,-0.475));
#12490=CARTESIAN_POINT('',(-0.536293973375545,2.03587382785295,0.475));
#12491=CARTESIAN_POINT('',(-0.536293973375545,2.03587382785295,-0.475));
#12492=CARTESIAN_POINT('',(-0.557155328732868,2.06326406176378,0.475));
#12493=CARTESIAN_POINT('',(-0.557155328732868,2.06326406176378,-0.475));
#12494=CARTESIAN_POINT('',(-0.572482703710552,2.08171673239955,0.475));
#12495=CARTESIAN_POINT('',(-0.572482703710552,2.08171673239955,-0.475));
#12496=CARTESIAN_POINT('',(-0.460460225390103,1.87480676610279,-0.475));
#12497=CARTESIAN_POINT('',(-1.03707323985506E-14,4.90528150185674E-14,0.475));
#12498=CARTESIAN_POINT('',(-0.391843638124172,1.83180897632958,0.475));
#12499=CARTESIAN_POINT('',(-0.338986629291302,1.84232288908913,0.475));
#12500=CARTESIAN_POINT('',(-0.349505966563047,1.89949333228419,-8.67361737988404E-17));
#12501=CARTESIAN_POINT('',(-0.404003219154942,1.88865315475545,-8.67361737988404E-17));
#12502=CARTESIAN_POINT('',(-0.085855955408317,-1.92861421008165,0.475));
#12503=CARTESIAN_POINT('',(-0.085855955408317,-1.92861421008165,-0.475));
#12504=CARTESIAN_POINT('',(-0.0865570616143489,-1.9444808533853,0.475));
#12505=CARTESIAN_POINT('',(-0.0865570616143489,-1.9444808533853,-0.475));
#12506=CARTESIAN_POINT('',(-0.0874427608710563,-1.96405953108626,0.475));
#12507=CARTESIAN_POINT('',(-0.0874427608710563,-1.96405953108626,-0.475));
#12508=CARTESIAN_POINT('',(-0.087615499307928,-1.96673616727458,0.475));
#12509=CARTESIAN_POINT('',(-0.087615499307928,-1.96673616727458,-0.475));
#12510=CARTESIAN_POINT('',(-0.0880508786346939,-1.97114102286904,0.475));
#12511=CARTESIAN_POINT('',(-0.0880508786346939,-1.97114102286904,-0.475));
#12512=CARTESIAN_POINT('',(-0.0889890838270918,-1.97789943424831,0.475));
#12513=CARTESIAN_POINT('',(-0.0889890838270918,-1.97789943424831,-0.474999999999999));
#12514=CARTESIAN_POINT('',(-0.0913111337885655,-1.99084108001465,0.475));
#12515=CARTESIAN_POINT('',(-0.0913111337885655,-1.99084108001465,-0.475));
#12516=CARTESIAN_POINT('',(-0.0956841277988102,-2.00965772760573,0.475));
#12517=CARTESIAN_POINT('',(-0.0956841277988102,-2.00965772760573,-0.474999999999999));
#12518=CARTESIAN_POINT('',(-0.103204043501482,-2.03508075044579,0.475));
#12519=CARTESIAN_POINT('',(-0.103204043501482,-2.03508075044579,-0.475));
#12520=CARTESIAN_POINT('',(-0.112941032143782,-2.06258673922998,0.475));
#12521=CARTESIAN_POINT('',(-0.112941032143782,-2.06258673922998,-0.475));
#12522=CARTESIAN_POINT('',(-0.128809954395657,-2.1013808470775,0.475));
#12523=CARTESIAN_POINT('',(-0.128809954395657,-2.1013808470775,-0.475));
#12524=CARTESIAN_POINT('',(-0.143926895105618,-2.13231463385841,0.475));
#12525=CARTESIAN_POINT('',(-0.143926895105618,-2.13231463385841,-0.475));
#12526=CARTESIAN_POINT('',(-0.155359821414563,-2.15340296412215,0.475));
#12527=CARTESIAN_POINT('',(-0.155359821414563,-2.15340296412215,-0.475));
#12528=CARTESIAN_POINT('',(-0.0858559555567575,-1.92861421344098,0.475));
#12529=CARTESIAN_POINT('',(0.0858559554083159,-1.92861421008164,0.475));
#12530=CARTESIAN_POINT('',(0.0858559554083159,-1.92861421008164,-0.474999999999999));
#12531=CARTESIAN_POINT('',(0.0865570616143478,-1.94448085338529,0.475));
#12532=CARTESIAN_POINT('',(0.0865570616143478,-1.94448085338529,-0.474999999999999));
#12533=CARTESIAN_POINT('',(0.0874427608710553,-1.96405953108626,0.475));
#12534=CARTESIAN_POINT('',(0.0874427608710553,-1.96405953108626,-0.474999999999999));
#12535=CARTESIAN_POINT('',(0.0876154993079272,-1.96673616727457,0.475));
#12536=CARTESIAN_POINT('',(0.0876154993079272,-1.96673616727457,-0.474999999999999));
#12537=CARTESIAN_POINT('',(0.088050878634693,-1.97114102286904,0.475));
#12538=CARTESIAN_POINT('',(0.088050878634693,-1.97114102286904,-0.474999999999999));
#12539=CARTESIAN_POINT('',(0.0889890838270909,-1.97789943424831,0.475));
#12540=CARTESIAN_POINT('',(0.0889890838270909,-1.97789943424831,-0.474999999999999));
#12541=CARTESIAN_POINT('',(0.0913111337885643,-1.99084108001465,0.475));
#12542=CARTESIAN_POINT('',(0.0913111337885643,-1.99084108001465,-0.474999999999999));
#12543=CARTESIAN_POINT('',(0.0956841277988091,-2.00965772760573,0.475));
#12544=CARTESIAN_POINT('',(0.0956841277988091,-2.00965772760573,-0.474999999999999));
#12545=CARTESIAN_POINT('',(0.10320404350148,-2.03508075044579,0.475));
#12546=CARTESIAN_POINT('',(0.10320404350148,-2.03508075044579,-0.474999999999999));
#12547=CARTESIAN_POINT('',(0.112941032143781,-2.06258673922998,0.475));
#12548=CARTESIAN_POINT('',(0.112941032143781,-2.06258673922998,-0.474999999999999));
#12549=CARTESIAN_POINT('',(0.128809954395655,-2.1013808470775,0.475));
#12550=CARTESIAN_POINT('',(0.128809954395655,-2.1013808470775,-0.474999999999999));
#12551=CARTESIAN_POINT('',(0.143926895105617,-2.13231463385841,0.475));
#12552=CARTESIAN_POINT('',(0.143926895105617,-2.13231463385841,-0.474999999999999));
#12553=CARTESIAN_POINT('',(0.155359821414562,-2.15340296412215,0.475));
#12554=CARTESIAN_POINT('',(0.155359821414562,-2.15340296412215,-0.474999999999999));
#12555=CARTESIAN_POINT('',(0.0858559555567564,-1.92861421344097,-0.475));
#12556=CARTESIAN_POINT('',(6.01732205729446E-16,-5.01335084557297E-14,0.475));
#12557=CARTESIAN_POINT('',(0.0269462694276663,-1.87305618203618,0.475));
#12558=CARTESIAN_POINT('',(-0.026946269427667,-1.87305618203618,0.475));
#12559=CARTESIAN_POINT('',(-0.0277824584446721,-1.93118033209176,-8.67361737988404E-17));
#12560=CARTESIAN_POINT('',(0.0277824584446713,-1.93118033209176,-8.67361737988404E-17));
#12561=CARTESIAN_POINT('',(-0.460460224589142,-1.87480676283697,0.475));
#12562=CARTESIAN_POINT('',(-0.460460224589142,-1.87480676283697,-0.475));
#12563=CARTESIAN_POINT('',(-0.464243287787442,-1.8902317540031,0.475));
#12564=CARTESIAN_POINT('',(-0.464243287787442,-1.8902317540031,-0.475));
#12565=CARTESIAN_POINT('',(-0.468931579118616,-1.90926144154876,0.475));
#12566=CARTESIAN_POINT('',(-0.468931579118616,-1.90926144154876,-0.475));
#12567=CARTESIAN_POINT('',(-0.469623184250758,-1.91185294732598,0.475));
#12568=CARTESIAN_POINT('',(-0.469623184250758,-1.91185294732598,-0.475));
#12569=CARTESIAN_POINT('',(-0.4709095425822,-1.91608822656228,0.475));
#12570=CARTESIAN_POINT('',(-0.4709095425822,-1.91608822656228,-0.475));
#12571=CARTESIAN_POINT('',(-0.473148221077201,-1.92253374220887,0.475));
#12572=CARTESIAN_POINT('',(-0.473148221077201,-1.92253374220887,-0.475));
#12573=CARTESIAN_POINT('',(-0.477950443339749,-1.93477370840597,0.475));
#12574=CARTESIAN_POINT('',(-0.477950443339749,-1.93477370840597,-0.475));
#12575=CARTESIAN_POINT('',(-0.485910357334097,-1.95237567058021,0.475));
#12576=CARTESIAN_POINT('',(-0.485910357334097,-1.95237567058021,-0.475));
#12577=CARTESIAN_POINT('',(-0.49824556567764,-1.97584313438912,0.475));
#12578=CARTESIAN_POINT('',(-0.49824556567764,-1.97584313438912,-0.475));
#12579=CARTESIAN_POINT('',(-0.513161613022741,-2.00092101106189,0.475));
#12580=CARTESIAN_POINT('',(-0.513161613022741,-2.00092101106189,-0.475));
#12581=CARTESIAN_POINT('',(-0.536293973375545,-2.03587382785295,0.475));
#12582=CARTESIAN_POINT('',(-0.536293973375545,-2.03587382785295,-0.475));
#12583=CARTESIAN_POINT('',(-0.557155328732868,-2.06326406176378,0.475));
#12584=CARTESIAN_POINT('',(-0.557155328732868,-2.06326406176378,-0.475));
#12585=CARTESIAN_POINT('',(-0.572482703710552,-2.08171673239955,0.475));
#12586=CARTESIAN_POINT('',(-0.572482703710552,-2.08171673239955,-0.475));
#12587=CARTESIAN_POINT('',(-0.460460225390105,-1.8748067661028,0.475));
#12588=CARTESIAN_POINT('',(-0.292047709990275,-1.90830609481218,0.475));
#12589=CARTESIAN_POINT('',(-0.292047709990275,-1.90830609481218,-0.475));
#12590=CARTESIAN_POINT('',(-0.294455503894825,-1.92400464404932,0.475));
#12591=CARTESIAN_POINT('',(-0.294455503894825,-1.92400464404932,-0.475));
#12592=CARTESIAN_POINT('',(-0.297406433638313,-1.94337991430139,0.475));
#12593=CARTESIAN_POINT('',(-0.297406433638313,-1.94337991430139,-0.475));
#12594=CARTESIAN_POINT('',(-0.297759200137968,-1.94603881927315,0.475));
#12595=CARTESIAN_POINT('',(-0.297759200137968,-1.94603881927315,-0.475));
#12596=CARTESIAN_POINT('',(-0.298191531199244,-1.95044397509557,0.475));
#12597=CARTESIAN_POINT('',(-0.298191531199244,-1.95044397509557,-0.475));
#12598=CARTESIAN_POINT('',(-0.298589854008839,-1.95725556024836,0.475));
#12599=CARTESIAN_POINT('',(-0.298589854008839,-1.95725556024836,-0.475));
#12600=CARTESIAN_POINT('',(-0.29883721142624,-1.97040154539491,0.475));
#12601=CARTESIAN_POINT('',(-0.29883721142624,-1.97040154539491,-0.475));
#12602=CARTESIAN_POINT('',(-0.298219189107509,-1.98970976518841,0.475));
#12603=CARTESIAN_POINT('',(-0.298219189107509,-1.98970976518841,-0.475));
#12604=CARTESIAN_POINT('',(-0.295803552188945,-2.01611135454926,0.475));
#12605=CARTESIAN_POINT('',(-0.295803552188945,-2.01611135454926,-0.475));
#12606=CARTESIAN_POINT('',(-0.291619809262403,-2.04498841572142,0.475));
#12607=CARTESIAN_POINT('',(-0.291619809262403,-2.04498841572142,-0.475));
#12608=CARTESIAN_POINT('',(-0.283624158894203,-2.08613297881681,0.475));
#12609=CARTESIAN_POINT('',(-0.283624158894203,-2.08613297881681,-0.475));
#12610=CARTESIAN_POINT('',(-0.27483256838541,-2.11942155038968,0.475));
#12611=CARTESIAN_POINT('',(-0.27483256838541,-2.11942155038968,-0.475));
#12612=CARTESIAN_POINT('',(-0.267733451691597,-2.14233512757582,0.475));
#12613=CARTESIAN_POINT('',(-0.267733451691597,-2.14233512757582,-0.475));
#12614=CARTESIAN_POINT('',(-0.292047710500061,-1.90830609813593,-0.475));
#12615=CARTESIAN_POINT('',(-9.19039221830258E-15,-4.92875992781338E-14,
0.475));
#12616=CARTESIAN_POINT('',(-0.338986629291302,-1.84232288908913,0.475));
#12617=CARTESIAN_POINT('',(-0.391843638124172,-1.83180897632958,0.475));
#12618=CARTESIAN_POINT('',(-0.404003219154944,-1.88865315475545,-8.67361737988404E-17));
#12619=CARTESIAN_POINT('',(-0.349505966563046,-1.89949333228418,-8.67361737988404E-17));
#12620=CARTESIAN_POINT('',(-0.817369265568075,-1.74895154310022,0.475));
#12621=CARTESIAN_POINT('',(-0.817369265568075,-1.74895154310022,-0.475));
#12622=CARTESIAN_POINT('',(-0.8240889047615,-1.76334210836874,0.475));
#12623=CARTESIAN_POINT('',(-0.8240889047615,-1.76334210836874,-0.475));
#12624=CARTESIAN_POINT('',(-0.832399619760506,-1.7810915055387,0.475));
#12625=CARTESIAN_POINT('',(-0.832399619760506,-1.7810915055387,-0.475));
#12626=CARTESIAN_POINT('',(-0.833583513590546,-1.78349829079114,0.475));
#12627=CARTESIAN_POINT('',(-0.833583513590546,-1.78349829079114,-0.475));
#12628=CARTESIAN_POINT('',(-0.835671416897388,-1.78740123426338,0.475));
#12629=CARTESIAN_POINT('',(-0.835671416897388,-1.78740123426338,-0.475));
#12630=CARTESIAN_POINT('',(-0.839124537535892,-1.79328615662569,0.475));
#12631=CARTESIAN_POINT('',(-0.839124537535892,-1.79328615662569,-0.475));
#12632=CARTESIAN_POINT('',(-0.846222385391084,-1.80435406821684,0.475));
#12633=CARTESIAN_POINT('',(-0.846222385391084,-1.80435406821684,-0.475));
#12634=CARTESIAN_POINT('',(-0.857463324338703,-1.82006491143917,0.475));
#12635=CARTESIAN_POINT('',(-0.857463324338703,-1.82006491143917,-0.475));
#12636=CARTESIAN_POINT('',(-0.874139790184141,-1.84067497474347,0.475));
#12637=CARTESIAN_POINT('',(-0.874139790184141,-1.84067497474347,-0.475));
#12638=CARTESIAN_POINT('',(-0.893661680897584,-1.86236101056813,0.475));
#12639=CARTESIAN_POINT('',(-0.893661680897584,-1.86236101056813,-0.475));
#12640=CARTESIAN_POINT('',(-0.923168515715737,-1.89212931915521,0.475));
#12641=CARTESIAN_POINT('',(-0.923168515715737,-1.89212931915521,-0.475));
#12642=CARTESIAN_POINT('',(-0.948972595533223,-1.9149234088674,0.475));
#12643=CARTESIAN_POINT('',(-0.948972595533223,-1.9149234088674,-0.475));
#12644=CARTESIAN_POINT('',(-0.967605396754944,-1.93003129409104,0.475));
#12645=CARTESIAN_POINT('',(-0.967605396754944,-1.93003129409104,-0.475));
#12646=CARTESIAN_POINT('',(-0.81736926699078,-1.74895154614704,0.475));
#12647=CARTESIAN_POINT('',(-0.658728145676182,-1.81466284650948,0.475));
#12648=CARTESIAN_POINT('',(-0.658728145676182,-1.81466284650948,-0.475));
#12649=CARTESIAN_POINT('',(-0.664152309521868,-1.82959001523677,0.475));
#12650=CARTESIAN_POINT('',(-0.664152309521868,-1.82959001523677,-0.475));
#12651=CARTESIAN_POINT('',(-0.67082646569041,-1.84801729726992,0.475));
#12652=CARTESIAN_POINT('',(-0.67082646569041,-1.84801729726992,-0.475));
#12653=CARTESIAN_POINT('',(-0.671691180507845,-1.85055629079821,0.475));
#12654=CARTESIAN_POINT('',(-0.671691180507845,-1.85055629079821,-0.475));
#12655=CARTESIAN_POINT('',(-0.672974607716931,-1.85479245918075,0.475));
#12656=CARTESIAN_POINT('',(-0.672974607716931,-1.85479245918075,-0.475));
#12657=CARTESIAN_POINT('',(-0.67469415120633,-1.86139545270964,0.475));
#12658=CARTESIAN_POINT('',(-0.67469415120633,-1.86139545270964,-0.475));
#12659=CARTESIAN_POINT('',(-0.677501410195775,-1.87424058439956,0.475));
#12660=CARTESIAN_POINT('',(-0.677501410195775,-1.87424058439956,-0.475));
#12661=CARTESIAN_POINT('',(-0.680662109819673,-1.89329837233699,0.475));
#12662=CARTESIAN_POINT('',(-0.680662109819673,-1.89329837233699,-0.475));
#12663=CARTESIAN_POINT('',(-0.683443583257295,-1.91966392994567,0.475));
#12664=CARTESIAN_POINT('',(-0.683443583257295,-1.91966392994567,-0.475));
#12665=CARTESIAN_POINT('',(-0.684973864940907,-1.94880233423941,0.475));
#12666=CARTESIAN_POINT('',(-0.684973864940907,-1.94880233423941,-0.475));
#12667=CARTESIAN_POINT('',(-0.685158754816018,-1.99071619009705,0.475));
#12668=CARTESIAN_POINT('',(-0.685158754816018,-1.99071619009705,-0.475));
#12669=CARTESIAN_POINT('',(-0.68303037040127,-2.02508028532473,0.475));
#12670=CARTESIAN_POINT('',(-0.68303037040127,-2.02508028532473,-0.475));
#12671=CARTESIAN_POINT('',(-0.680537878395898,-2.04893855351214,0.475));
#12672=CARTESIAN_POINT('',(-0.680537878395898,-2.04893855351214,-0.475));
#12673=CARTESIAN_POINT('',(-0.658728146824605,-1.81466284966992,-0.475));
#12674=CARTESIAN_POINT('',(-1.86293350234166E-14,-4.65475953010834E-14,
0.475));
#12675=CARTESIAN_POINT('',(-0.691892461952499,-1.74079016070097,0.475));
#12676=CARTESIAN_POINT('',(-0.74168267555601,-1.72016637895295,0.475));
#12677=CARTESIAN_POINT('',(-0.764698362720707,-1.77354609585078,-8.67361737988404E-17));
#12678=CARTESIAN_POINT('',(-0.71336307328095,-1.79480986896507,-8.67361737988404E-17));
#12679=CARTESIAN_POINT('',(-1.14286726405719,-1.55588509638544,0.475));
#12680=CARTESIAN_POINT('',(-1.14286726405719,-1.55588509638544,-0.475));
#12681=CARTESIAN_POINT('',(-1.15226524727996,-1.56868821440342,0.475));
#12682=CARTESIAN_POINT('',(-1.15226524727996,-1.56868821440342,-0.475));
#12683=CARTESIAN_POINT('',(-1.16387900983009,-1.5844752218184,0.475));
#12684=CARTESIAN_POINT('',(-1.16387900983009,-1.5844752218184,-0.475));
#12685=CARTESIAN_POINT('',(-1.16550969598207,-1.58660479513855,0.475));
#12686=CARTESIAN_POINT('',(-1.16550969598207,-1.58660479513855,-0.475));
#12687=CARTESIAN_POINT('',(-1.16831890731114,-1.59002541491791,0.475));
#12688=CARTESIAN_POINT('',(-1.16831890731114,-1.59002541491791,-0.475));
#12689=CARTESIAN_POINT('',(-1.17285376860354,-1.59512358972985,0.475));
#12690=CARTESIAN_POINT('',(-1.17285376860354,-1.59512358972985,-0.475));
#12691=CARTESIAN_POINT('',(-1.18197447573882,-1.60459411307957,0.475));
#12692=CARTESIAN_POINT('',(-1.18197447573882,-1.60459411307957,-0.475));
#12693=CARTESIAN_POINT('',(-1.19606445665994,-1.61781007845569,0.475));
#12694=CARTESIAN_POINT('',(-1.19606445665994,-1.61781007845569,-0.475));
#12695=CARTESIAN_POINT('',(-1.21644131277711,-1.63477070808085,0.475));
#12696=CARTESIAN_POINT('',(-1.21644131277711,-1.63477070808085,-0.475));
#12697=CARTESIAN_POINT('',(-1.23981883154678,-1.65223152086233,0.475));
#12698=CARTESIAN_POINT('',(-1.23981883154678,-1.65223152086233,-0.475));
#12699=CARTESIAN_POINT('',(-1.27456620971584,-1.67567134184068,0.475));
#12700=CARTESIAN_POINT('',(-1.27456620971584,-1.67567134184068,-0.475));
#12701=CARTESIAN_POINT('',(-1.30432137767721,-1.69299332326969,0.475));
#12702=CARTESIAN_POINT('',(-1.30432137767721,-1.69299332326969,-0.475));
#12703=CARTESIAN_POINT('',(-1.3255435570414,-1.70417583552462,0.475));
#12704=CARTESIAN_POINT('',(-1.3255435570414,-1.70417583552462,-0.475));
#12705=CARTESIAN_POINT('',(-1.14286726604697,-1.55588509909616,0.475));
#12706=CARTESIAN_POINT('',(-1.00009402814275,-1.65128312269008,0.475));
#12707=CARTESIAN_POINT('',(-1.00009402814275,-1.65128312269008,-0.475));
#12708=CARTESIAN_POINT('',(-1.00832611435489,-1.66486526818457,0.475));
#12709=CARTESIAN_POINT('',(-1.00832611435489,-1.66486526818457,-0.475));
#12710=CARTESIAN_POINT('',(-1.01846701286984,-1.68163641188442,0.475));
#12711=CARTESIAN_POINT('',(-1.01846701286984,-1.68163641188442,-0.475));
#12712=CARTESIAN_POINT('',(-1.01981044549956,-1.68395792187181,0.475));
#12713=CARTESIAN_POINT('',(-1.01981044549956,-1.68395792187181,-0.475));
#12714=CARTESIAN_POINT('',(-1.02189564746856,-1.68786230923923,0.475));
#12715=CARTESIAN_POINT('',(-1.02189564746856,-1.68786230923923,-0.475));
#12716=CARTESIAN_POINT('',(-1.0248703305458,-1.69400296180588,0.475));
#12717=CARTESIAN_POINT('',(-1.0248703305458,-1.69400296180588,-0.475));
#12718=CARTESIAN_POINT('',(-1.03012960971865,-1.70605360883196,0.475));
#12719=CARTESIAN_POINT('',(-1.03012960971865,-1.70605360883196,-0.475));
#12720=CARTESIAN_POINT('',(-1.03694756737118,-1.72412858481061,0.475));
#12721=CARTESIAN_POINT('',(-1.03694756737118,-1.72412858481061,-0.475));
#12722=CARTESIAN_POINT('',(-1.04481926070064,-1.74944489707421,0.475));
#12723=CARTESIAN_POINT('',(-1.04481926070064,-1.74944489707421,-0.475));
#12724=CARTESIAN_POINT('',(-1.0520047591275,-1.77772487195351,0.475));
#12725=CARTESIAN_POINT('',(-1.0520047591275,-1.77772487195351,-0.475));
#12726=CARTESIAN_POINT('',(-1.06036308403171,-1.81879729459836,0.475));
#12727=CARTESIAN_POINT('',(-1.06036308403171,-1.81879729459836,-0.475));
#12728=CARTESIAN_POINT('',(-1.06497969833044,-1.85291632057289,0.475));
#12729=CARTESIAN_POINT('',(-1.06497969833044,-1.85291632057289,-0.475));
#12730=CARTESIAN_POINT('',(-1.06718961608348,-1.87680241989496,0.475));
#12731=CARTESIAN_POINT('',(-1.06718961608348,-1.87680241989496,-0.475));
#12732=CARTESIAN_POINT('',(-1.00009402988568,-1.65128312556573,-0.475));
#12733=CARTESIAN_POINT('',(-2.73523629310322E-14,-4.20187933408045E-14,
0.475));
#12734=CARTESIAN_POINT('',(-1.01820925531862,-1.57235984268344,0.475));
#12735=CARTESIAN_POINT('',(-1.06301926370667,-1.54241875231357,0.475));
#12736=CARTESIAN_POINT('',(-1.0960065770549,-1.59028265509867,-8.67361737988404E-17));
#12737=CARTESIAN_POINT('',(-1.04980603715129,-1.62115286892259,-8.67361737988404E-17));
#12738=CARTESIAN_POINT('',(-1.65128312269008,-1.00009402814276,0.475));
#12739=CARTESIAN_POINT('',(-1.65128312269008,-1.00009402814276,-0.475));
#12740=CARTESIAN_POINT('',(-1.66486526818457,-1.0083261143549,0.475));
#12741=CARTESIAN_POINT('',(-1.66486526818457,-1.0083261143549,-0.475));
#12742=CARTESIAN_POINT('',(-1.68163641188442,-1.01846701286984,0.475));
#12743=CARTESIAN_POINT('',(-1.68163641188442,-1.01846701286984,-0.475));
#12744=CARTESIAN_POINT('',(-1.68395792187181,-1.01981044549956,0.475));
#12745=CARTESIAN_POINT('',(-1.68395792187181,-1.01981044549956,-0.475));
#12746=CARTESIAN_POINT('',(-1.68786230923923,-1.02189564746856,0.475));
#12747=CARTESIAN_POINT('',(-1.68786230923923,-1.02189564746856,-0.475));
#12748=CARTESIAN_POINT('',(-1.69400296180588,-1.0248703305458,0.475));
#12749=CARTESIAN_POINT('',(-1.69400296180588,-1.0248703305458,-0.475));
#12750=CARTESIAN_POINT('',(-1.70605360883196,-1.03012960971865,0.475));
#12751=CARTESIAN_POINT('',(-1.70605360883196,-1.03012960971865,-0.475));
#12752=CARTESIAN_POINT('',(-1.72412858481061,-1.03694756737118,0.475));
#12753=CARTESIAN_POINT('',(-1.72412858481061,-1.03694756737118,-0.475));
#12754=CARTESIAN_POINT('',(-1.74944489707422,-1.04481926070064,0.475));
#12755=CARTESIAN_POINT('',(-1.74944489707422,-1.04481926070064,-0.475));
#12756=CARTESIAN_POINT('',(-1.77772487195351,-1.0520047591275,0.475));
#12757=CARTESIAN_POINT('',(-1.77772487195351,-1.0520047591275,-0.475));
#12758=CARTESIAN_POINT('',(-1.81879729459836,-1.06036308403171,0.475));
#12759=CARTESIAN_POINT('',(-1.81879729459836,-1.06036308403171,-0.475));
#12760=CARTESIAN_POINT('',(-1.85291632057289,-1.06497969833044,0.475));
#12761=CARTESIAN_POINT('',(-1.85291632057289,-1.06497969833044,-0.475));
#12762=CARTESIAN_POINT('',(-1.87680241989496,-1.06718961608348,0.475));
#12763=CARTESIAN_POINT('',(-1.87680241989496,-1.06718961608348,-0.475));
#12764=CARTESIAN_POINT('',(-1.65128312556574,-1.00009402988568,0.475));
#12765=CARTESIAN_POINT('',(-1.55588509638544,-1.14286726405719,0.475));
#12766=CARTESIAN_POINT('',(-1.55588509638544,-1.14286726405719,-0.475));
#12767=CARTESIAN_POINT('',(-1.56868821440342,-1.15226524727995,0.475));
#12768=CARTESIAN_POINT('',(-1.56868821440342,-1.15226524727995,-0.475));
#12769=CARTESIAN_POINT('',(-1.5844752218184,-1.16387900983008,0.475));
#12770=CARTESIAN_POINT('',(-1.5844752218184,-1.16387900983008,-0.475));
#12771=CARTESIAN_POINT('',(-1.58660479513855,-1.16550969598207,0.475));
#12772=CARTESIAN_POINT('',(-1.58660479513855,-1.16550969598207,-0.475));
#12773=CARTESIAN_POINT('',(-1.59002541491791,-1.16831890731114,0.475));
#12774=CARTESIAN_POINT('',(-1.59002541491791,-1.16831890731114,-0.475));
#12775=CARTESIAN_POINT('',(-1.59512358972984,-1.17285376860354,0.475));
#12776=CARTESIAN_POINT('',(-1.59512358972984,-1.17285376860354,-0.475));
#12777=CARTESIAN_POINT('',(-1.60459411307956,-1.18197447573882,0.475));
#12778=CARTESIAN_POINT('',(-1.60459411307956,-1.18197447573882,-0.475));
#12779=CARTESIAN_POINT('',(-1.61781007845569,-1.19606445665994,0.475));
#12780=CARTESIAN_POINT('',(-1.61781007845569,-1.19606445665994,-0.475));
#12781=CARTESIAN_POINT('',(-1.63477070808085,-1.2164413127771,0.475));
#12782=CARTESIAN_POINT('',(-1.63477070808085,-1.2164413127771,-0.475));
#12783=CARTESIAN_POINT('',(-1.65223152086233,-1.23981883154678,0.475));
#12784=CARTESIAN_POINT('',(-1.65223152086233,-1.23981883154678,-0.475));
#12785=CARTESIAN_POINT('',(-1.67567134184068,-1.27456620971584,0.475));
#12786=CARTESIAN_POINT('',(-1.67567134184068,-1.27456620971584,-0.475));
#12787=CARTESIAN_POINT('',(-1.69299332326969,-1.30432137767721,0.475));
#12788=CARTESIAN_POINT('',(-1.69299332326969,-1.30432137767721,-0.475));
#12789=CARTESIAN_POINT('',(-1.70417583552462,-1.3255435570414,0.475));
#12790=CARTESIAN_POINT('',(-1.70417583552462,-1.3255435570414,-0.475));
#12791=CARTESIAN_POINT('',(-1.55588509909616,-1.14286726604696,-0.475));
#12792=CARTESIAN_POINT('',(-4.13501843372994E-14,-2.83530070186478E-14,
0.475));
#12793=CARTESIAN_POINT('',(-1.54241875231357,-1.06301926370667,0.475));
#12794=CARTESIAN_POINT('',(-1.57235984268344,-1.01820925531862,0.475));
#12795=CARTESIAN_POINT('',(-1.6211528689226,-1.04980603715129,-8.67361737988404E-17));
#12796=CARTESIAN_POINT('',(-1.59028265509867,-1.09600657705489,-8.67361737988404E-17));
#12797=CARTESIAN_POINT('',(-1.42444551451594,-1.303026857967,0.475));
#12798=CARTESIAN_POINT('',(-1.42444551451594,-1.303026857967,-0.475));
#12799=CARTESIAN_POINT('',(-1.43616068254324,-1.31375051208906,0.475));
#12800=CARTESIAN_POINT('',(-1.43616068254324,-1.31375051208906,-0.475));
#12801=CARTESIAN_POINT('',(-1.45063118226276,-1.32696844390757,0.475));
#12802=CARTESIAN_POINT('',(-1.45063118226276,-1.32696844390757,-0.475));
#12803=CARTESIAN_POINT('',(-1.45264599438237,-1.32873896698701,0.475));
#12804=CARTESIAN_POINT('',(-1.45264599438237,-1.32873896698701,-0.475));
#12805=CARTESIAN_POINT('',(-1.45606855731772,-1.33154581057366,0.475));
#12806=CARTESIAN_POINT('',(-1.45606855731772,-1.33154581057366,-0.475));
#12807=CARTESIAN_POINT('',(-1.46151088708773,-1.3356613178363,0.475));
#12808=CARTESIAN_POINT('',(-1.46151088708773,-1.3356613178363,-0.475));
#12809=CARTESIAN_POINT('',(-1.47230394984284,-1.34317050604338,0.475));
#12810=CARTESIAN_POINT('',(-1.47230394984284,-1.34317050604338,-0.475));
#12811=CARTESIAN_POINT('',(-1.48870150267242,-1.3533837114355,0.475));
#12812=CARTESIAN_POINT('',(-1.48870150267242,-1.3533837114355,-0.475));
#12813=CARTESIAN_POINT('',(-1.5119956779082,-1.36604311989666,0.475));
#12814=CARTESIAN_POINT('',(-1.5119956779082,-1.36604311989666,-0.475));
#12815=CARTESIAN_POINT('',(-1.53833043979804,-1.37860770039189,0.475));
#12816=CARTESIAN_POINT('',(-1.53833043979804,-1.37860770039189,-0.475));
#12817=CARTESIAN_POINT('',(-1.57698303906153,-1.39481825458653,0.475));
#12818=CARTESIAN_POINT('',(-1.57698303906153,-1.39481825458653,-0.475));
#12819=CARTESIAN_POINT('',(-1.6095458207489,-1.40600245370029,0.475));
#12820=CARTESIAN_POINT('',(-1.6095458207489,-1.40600245370029,-0.475));
#12821=CARTESIAN_POINT('',(-1.63254182180415,-1.41282985531181,0.475));
#12822=CARTESIAN_POINT('',(-1.63254182180415,-1.41282985531181,-0.475));
#12823=CARTESIAN_POINT('',(-1.42444551699631,-1.30302686023744,0.475));
#12824=CARTESIAN_POINT('',(-1.30302685796699,-1.42444551451593,0.475));
#12825=CARTESIAN_POINT('',(-1.30302685796699,-1.42444551451593,-0.475));
#12826=CARTESIAN_POINT('',(-1.31375051208906,-1.43616068254323,0.475));
#12827=CARTESIAN_POINT('',(-1.31375051208906,-1.43616068254323,-0.475));
#12828=CARTESIAN_POINT('',(-1.32696844390757,-1.45063118226276,0.475));
#12829=CARTESIAN_POINT('',(-1.32696844390757,-1.45063118226276,-0.475));
#12830=CARTESIAN_POINT('',(-1.32873896698701,-1.45264599438237,0.475));
#12831=CARTESIAN_POINT('',(-1.32873896698701,-1.45264599438237,-0.475));
#12832=CARTESIAN_POINT('',(-1.33154581057366,-1.45606855731771,0.475));
#12833=CARTESIAN_POINT('',(-1.33154581057366,-1.45606855731771,-0.475));
#12834=CARTESIAN_POINT('',(-1.3356613178363,-1.46151088708773,0.475));
#12835=CARTESIAN_POINT('',(-1.3356613178363,-1.46151088708773,-0.475));
#12836=CARTESIAN_POINT('',(-1.34317050604338,-1.47230394984283,0.475));
#12837=CARTESIAN_POINT('',(-1.34317050604338,-1.47230394984283,-0.475));
#12838=CARTESIAN_POINT('',(-1.3533837114355,-1.48870150267242,0.475));
#12839=CARTESIAN_POINT('',(-1.3533837114355,-1.48870150267242,-0.475));
#12840=CARTESIAN_POINT('',(-1.36604311989666,-1.51199567790819,0.475));
#12841=CARTESIAN_POINT('',(-1.36604311989666,-1.51199567790819,-0.475));
#12842=CARTESIAN_POINT('',(-1.37860770039189,-1.53833043979804,0.475));
#12843=CARTESIAN_POINT('',(-1.37860770039189,-1.53833043979804,-0.475));
#12844=CARTESIAN_POINT('',(-1.39481825458653,-1.57698303906153,0.475));
#12845=CARTESIAN_POINT('',(-1.39481825458653,-1.57698303906153,-0.475));
#12846=CARTESIAN_POINT('',(-1.40600245370029,-1.6095458207489,0.475));
#12847=CARTESIAN_POINT('',(-1.40600245370029,-1.6095458207489,-0.475));
#12848=CARTESIAN_POINT('',(-1.41282985531181,-1.63254182180415,0.475));
#12849=CARTESIAN_POINT('',(-1.41282985531181,-1.63254182180415,-0.475));
#12850=CARTESIAN_POINT('',(-1.30302686023744,-1.42444551699631,-0.475));
#12851=CARTESIAN_POINT('',(-3.502425487059E-14,-3.58752327168493E-14,0.475));
#12852=CARTESIAN_POINT('',(-1.30539683802118,-1.34350461770115,0.475));
#12853=CARTESIAN_POINT('',(-1.34350461770115,-1.30539683802118,0.475));
#12854=CARTESIAN_POINT('',(-1.38519587328043,-1.34590554375191,-8.67361737988404E-17));
#12855=CARTESIAN_POINT('',(-1.34590554375191,-1.38519587328043,-8.67361737988404E-17));
#12856=CARTESIAN_POINT('',(-1.81466284650949,-0.658728145676185,0.475));
#12857=CARTESIAN_POINT('',(-1.81466284650949,-0.658728145676185,-0.475));
#12858=CARTESIAN_POINT('',(-1.82959001523678,-0.664152309521871,0.475));
#12859=CARTESIAN_POINT('',(-1.82959001523678,-0.664152309521871,-0.475));
#12860=CARTESIAN_POINT('',(-1.84801729726993,-0.670826465690412,0.475));
#12861=CARTESIAN_POINT('',(-1.84801729726993,-0.670826465690412,-0.475));
#12862=CARTESIAN_POINT('',(-1.85055629079821,-0.671691180507843,0.475));
#12863=CARTESIAN_POINT('',(-1.85055629079821,-0.671691180507843,-0.475));
#12864=CARTESIAN_POINT('',(-1.85479245918076,-0.672974607716931,0.475));
#12865=CARTESIAN_POINT('',(-1.85479245918076,-0.672974607716931,-0.475));
#12866=CARTESIAN_POINT('',(-1.86139545270964,-0.67469415120633,0.475));
#12867=CARTESIAN_POINT('',(-1.86139545270964,-0.67469415120633,-0.475));
#12868=CARTESIAN_POINT('',(-1.87424058439956,-0.677501410195774,0.475));
#12869=CARTESIAN_POINT('',(-1.87424058439956,-0.677501410195774,-0.475));
#12870=CARTESIAN_POINT('',(-1.89329837233699,-0.680662109819673,0.475));
#12871=CARTESIAN_POINT('',(-1.89329837233699,-0.680662109819673,-0.475));
#12872=CARTESIAN_POINT('',(-1.91966392994568,-0.683443583257294,0.475));
#12873=CARTESIAN_POINT('',(-1.91966392994568,-0.683443583257294,-0.475));
#12874=CARTESIAN_POINT('',(-1.94880233423941,-0.684973864940907,0.475));
#12875=CARTESIAN_POINT('',(-1.94880233423941,-0.684973864940907,-0.475));
#12876=CARTESIAN_POINT('',(-1.99071619009705,-0.685158754816018,0.475));
#12877=CARTESIAN_POINT('',(-1.99071619009705,-0.685158754816018,-0.475));
#12878=CARTESIAN_POINT('',(-2.02508028532474,-0.683030370401264,0.475));
#12879=CARTESIAN_POINT('',(-2.02508028532474,-0.683030370401264,-0.475));
#12880=CARTESIAN_POINT('',(-2.04893855351214,-0.680537878395898,0.475));
#12881=CARTESIAN_POINT('',(-2.04893855351214,-0.680537878395898,-0.475));
#12882=CARTESIAN_POINT('',(-1.81466284966992,-0.658728146824607,0.475));
#12883=CARTESIAN_POINT('',(-1.74895154310021,-0.817369265568072,0.475));
#12884=CARTESIAN_POINT('',(-1.74895154310021,-0.817369265568072,-0.475));
#12885=CARTESIAN_POINT('',(-1.76334210836874,-0.824088904761498,0.475));
#12886=CARTESIAN_POINT('',(-1.76334210836874,-0.824088904761498,-0.475));
#12887=CARTESIAN_POINT('',(-1.78109150553869,-0.832399619760505,0.475));
#12888=CARTESIAN_POINT('',(-1.78109150553869,-0.832399619760505,-0.475));
#12889=CARTESIAN_POINT('',(-1.78349829079114,-0.833583513590546,0.475));
#12890=CARTESIAN_POINT('',(-1.78349829079114,-0.833583513590546,-0.475));
#12891=CARTESIAN_POINT('',(-1.78740123426338,-0.835671416897387,0.475));
#12892=CARTESIAN_POINT('',(-1.78740123426338,-0.835671416897387,-0.475));
#12893=CARTESIAN_POINT('',(-1.79328615662569,-0.839124537535891,0.475));
#12894=CARTESIAN_POINT('',(-1.79328615662569,-0.839124537535891,-0.475));
#12895=CARTESIAN_POINT('',(-1.80435406821684,-0.846222385391084,0.475));
#12896=CARTESIAN_POINT('',(-1.80435406821684,-0.846222385391084,-0.475));
#12897=CARTESIAN_POINT('',(-1.82006491143917,-0.857463324338702,0.475));
#12898=CARTESIAN_POINT('',(-1.82006491143917,-0.857463324338702,-0.475));
#12899=CARTESIAN_POINT('',(-1.84067497474347,-0.87413979018414,0.475));
#12900=CARTESIAN_POINT('',(-1.84067497474347,-0.87413979018414,-0.475));
#12901=CARTESIAN_POINT('',(-1.86236101056813,-0.893661680897584,0.475));
#12902=CARTESIAN_POINT('',(-1.86236101056813,-0.893661680897584,-0.475));
#12903=CARTESIAN_POINT('',(-1.89212931915521,-0.923168515715734,0.475));
#12904=CARTESIAN_POINT('',(-1.89212931915521,-0.923168515715734,-0.475));
#12905=CARTESIAN_POINT('',(-1.9149234088674,-0.948972595533228,0.475));
#12906=CARTESIAN_POINT('',(-1.9149234088674,-0.948972595533228,-0.475));
#12907=CARTESIAN_POINT('',(-1.93003129409104,-0.967605396754943,0.475));
#12908=CARTESIAN_POINT('',(-1.93003129409104,-0.967605396754943,-0.475));
#12909=CARTESIAN_POINT('',(-1.74895154614703,-0.817369266990777,-0.475));
#12910=CARTESIAN_POINT('',(-4.60870494093771E-14,-1.97411911612692E-14,
0.475));
#12911=CARTESIAN_POINT('',(-1.72016637895295,-0.74168267555601,0.475));
#12912=CARTESIAN_POINT('',(-1.74079016070097,-0.691892461952498,0.475));
#12913=CARTESIAN_POINT('',(-1.79480986896507,-0.713363073280952,-8.67361737988404E-17));
#12914=CARTESIAN_POINT('',(-1.77354609585077,-0.764698362720705,-8.67361737988404E-17));
#12915=CARTESIAN_POINT('',(-1.90830609481219,-0.292047709990276,0.475));
#12916=CARTESIAN_POINT('',(-1.90830609481219,-0.292047709990276,-0.474999999999999));
#12917=CARTESIAN_POINT('',(-1.92400464404933,-0.294455503894825,0.475));
#12918=CARTESIAN_POINT('',(-1.92400464404933,-0.294455503894825,-0.474999999999999));
#12919=CARTESIAN_POINT('',(-1.94337991430139,-0.297406433638313,0.475));
#12920=CARTESIAN_POINT('',(-1.94337991430139,-0.297406433638313,-0.474999999999999));
#12921=CARTESIAN_POINT('',(-1.94603881927316,-0.297759200137967,0.475));
#12922=CARTESIAN_POINT('',(-1.94603881927316,-0.297759200137967,-0.475));
#12923=CARTESIAN_POINT('',(-1.95044397509557,-0.298191531199243,0.475));
#12924=CARTESIAN_POINT('',(-1.95044397509557,-0.298191531199243,-0.475));
#12925=CARTESIAN_POINT('',(-1.95725556024836,-0.298589854008839,0.475));
#12926=CARTESIAN_POINT('',(-1.95725556024836,-0.298589854008839,-0.474999999999999));
#12927=CARTESIAN_POINT('',(-1.97040154539491,-0.29883721142624,0.475));
#12928=CARTESIAN_POINT('',(-1.97040154539491,-0.29883721142624,-0.475));
#12929=CARTESIAN_POINT('',(-1.98970976518841,-0.298219189107508,0.475));
#12930=CARTESIAN_POINT('',(-1.98970976518841,-0.298219189107508,-0.474999999999999));
#12931=CARTESIAN_POINT('',(-2.01611135454926,-0.295803552188945,0.475));
#12932=CARTESIAN_POINT('',(-2.01611135454926,-0.295803552188945,-0.475));
#12933=CARTESIAN_POINT('',(-2.04498841572142,-0.291619809262403,0.475));
#12934=CARTESIAN_POINT('',(-2.04498841572142,-0.291619809262403,-0.475));
#12935=CARTESIAN_POINT('',(-2.08613297881681,-0.283624158894202,0.475));
#12936=CARTESIAN_POINT('',(-2.08613297881681,-0.283624158894202,-0.474999999999999));
#12937=CARTESIAN_POINT('',(-2.11942155038968,-0.27483256838541,0.475));
#12938=CARTESIAN_POINT('',(-2.11942155038968,-0.27483256838541,-0.474999999999999));
#12939=CARTESIAN_POINT('',(-2.14233512757582,-0.267733451691597,0.475));
#12940=CARTESIAN_POINT('',(-2.14233512757582,-0.267733451691597,-0.474999999999999));
#12941=CARTESIAN_POINT('',(-1.90830609813594,-0.292047710500062,0.475));
#12942=CARTESIAN_POINT('',(-1.87480676283696,-0.46046022458914,0.475));
#12943=CARTESIAN_POINT('',(-1.87480676283696,-0.46046022458914,-0.475));
#12944=CARTESIAN_POINT('',(-1.8902317540031,-0.464243287787441,0.475));
#12945=CARTESIAN_POINT('',(-1.8902317540031,-0.464243287787441,-0.475));
#12946=CARTESIAN_POINT('',(-1.90926144154876,-0.468931579118615,0.475));
#12947=CARTESIAN_POINT('',(-1.90926144154876,-0.468931579118615,-0.475));
#12948=CARTESIAN_POINT('',(-1.91185294732598,-0.469623184250757,0.475));
#12949=CARTESIAN_POINT('',(-1.91185294732598,-0.469623184250757,-0.475000000000001));
#12950=CARTESIAN_POINT('',(-1.91608822656228,-0.4709095425822,0.475));
#12951=CARTESIAN_POINT('',(-1.91608822656228,-0.4709095425822,-0.475));
#12952=CARTESIAN_POINT('',(-1.92253374220887,-0.4731482210772,0.475));
#12953=CARTESIAN_POINT('',(-1.92253374220887,-0.4731482210772,-0.475));
#12954=CARTESIAN_POINT('',(-1.93477370840597,-0.477950443339749,0.475));
#12955=CARTESIAN_POINT('',(-1.93477370840597,-0.477950443339749,-0.475));
#12956=CARTESIAN_POINT('',(-1.9523756705802,-0.485910357334096,0.475));
#12957=CARTESIAN_POINT('',(-1.9523756705802,-0.485910357334096,-0.475));
#12958=CARTESIAN_POINT('',(-1.97584313438912,-0.49824556567764,0.475));
#12959=CARTESIAN_POINT('',(-1.97584313438912,-0.49824556567764,-0.475));
#12960=CARTESIAN_POINT('',(-2.00092101106189,-0.513161613022739,0.475));
#12961=CARTESIAN_POINT('',(-2.00092101106189,-0.513161613022739,-0.475));
#12962=CARTESIAN_POINT('',(-2.03587382785295,-0.536293973375546,0.475));
#12963=CARTESIAN_POINT('',(-2.03587382785295,-0.536293973375546,-0.475000000000001));
#12964=CARTESIAN_POINT('',(-2.06326406176378,-0.557155328732867,0.475));
#12965=CARTESIAN_POINT('',(-2.06326406176378,-0.557155328732867,-0.475));
#12966=CARTESIAN_POINT('',(-2.08171673239955,-0.572482703710551,0.475));
#12967=CARTESIAN_POINT('',(-2.08171673239955,-0.572482703710551,-0.475));
#12968=CARTESIAN_POINT('',(-1.87480676610279,-0.460460225390103,-0.475));
#12969=CARTESIAN_POINT('',(-4.90528150185674E-14,-1.03707323985506E-14,
0.475));
#12970=CARTESIAN_POINT('',(-1.83180897632958,-0.391843638124172,0.475));
#12971=CARTESIAN_POINT('',(-1.84232288908913,-0.338986629291302,0.475));
#12972=CARTESIAN_POINT('',(-1.89949333228419,-0.349505966563046,-8.67361737988404E-17));
#12973=CARTESIAN_POINT('',(-1.88865315475545,-0.404003219154942,-8.67361737988404E-17));
#12974=CARTESIAN_POINT('',(1.92861421008165,-0.0858559554083171,0.475));
#12975=CARTESIAN_POINT('',(1.92861421008165,-0.0858559554083171,-0.475));
#12976=CARTESIAN_POINT('',(1.9444808533853,-0.086557061614349,0.475));
#12977=CARTESIAN_POINT('',(1.9444808533853,-0.086557061614349,-0.475));
#12978=CARTESIAN_POINT('',(1.96405953108626,-0.0874427608710563,0.475));
#12979=CARTESIAN_POINT('',(1.96405953108626,-0.0874427608710563,-0.475));
#12980=CARTESIAN_POINT('',(1.96673616727458,-0.0876154993079281,0.475));
#12981=CARTESIAN_POINT('',(1.96673616727458,-0.0876154993079281,-0.475));
#12982=CARTESIAN_POINT('',(1.97114102286904,-0.0880508786346941,0.475));
#12983=CARTESIAN_POINT('',(1.97114102286904,-0.0880508786346941,-0.475));
#12984=CARTESIAN_POINT('',(1.97789943424831,-0.088989083827092,0.475));
#12985=CARTESIAN_POINT('',(1.97789943424831,-0.088989083827092,-0.475));
#12986=CARTESIAN_POINT('',(1.99084108001465,-0.0913111337885656,0.475));
#12987=CARTESIAN_POINT('',(1.99084108001465,-0.0913111337885656,-0.475));
#12988=CARTESIAN_POINT('',(2.00965772760573,-0.0956841277988104,0.475));
#12989=CARTESIAN_POINT('',(2.00965772760573,-0.0956841277988104,-0.475));
#12990=CARTESIAN_POINT('',(2.03508075044579,-0.103204043501482,0.475));
#12991=CARTESIAN_POINT('',(2.03508075044579,-0.103204043501482,-0.475));
#12992=CARTESIAN_POINT('',(2.06258673922998,-0.112941032143782,0.475));
#12993=CARTESIAN_POINT('',(2.06258673922998,-0.112941032143782,-0.475));
#12994=CARTESIAN_POINT('',(2.1013808470775,-0.128809954395658,0.475));
#12995=CARTESIAN_POINT('',(2.1013808470775,-0.128809954395658,-0.475));
#12996=CARTESIAN_POINT('',(2.13231463385841,-0.143926895105615,0.475));
#12997=CARTESIAN_POINT('',(2.13231463385841,-0.143926895105615,-0.475));
#12998=CARTESIAN_POINT('',(2.15340296412215,-0.155359821414563,0.475));
#12999=CARTESIAN_POINT('',(2.15340296412215,-0.155359821414563,-0.475));
#13000=CARTESIAN_POINT('',(1.92861421344098,-0.0858559555567576,0.475));
#13001=CARTESIAN_POINT('',(1.92861421008164,0.0858559554083157,0.475));
#13002=CARTESIAN_POINT('',(1.92861421008164,0.0858559554083157,-0.474999999999999));
#13003=CARTESIAN_POINT('',(1.94448085338529,0.0865570616143477,0.475));
#13004=CARTESIAN_POINT('',(1.94448085338529,0.0865570616143477,-0.474999999999999));
#13005=CARTESIAN_POINT('',(1.96405953108626,0.0874427608710553,0.475));
#13006=CARTESIAN_POINT('',(1.96405953108626,0.0874427608710553,-0.474999999999999));
#13007=CARTESIAN_POINT('',(1.96673616727457,0.0876154993079271,0.475));
#13008=CARTESIAN_POINT('',(1.96673616727457,0.0876154993079271,-0.474999999999999));
#13009=CARTESIAN_POINT('',(1.97114102286904,0.0880508786346929,0.475));
#13010=CARTESIAN_POINT('',(1.97114102286904,0.0880508786346929,-0.474999999999999));
#13011=CARTESIAN_POINT('',(1.97789943424831,0.0889890838270907,0.475));
#13012=CARTESIAN_POINT('',(1.97789943424831,0.0889890838270907,-0.474999999999999));
#13013=CARTESIAN_POINT('',(1.99084108001465,0.0913111337885642,0.475));
#13014=CARTESIAN_POINT('',(1.99084108001465,0.0913111337885642,-0.474999999999999));
#13015=CARTESIAN_POINT('',(2.00965772760573,0.095684127798809,0.475));
#13016=CARTESIAN_POINT('',(2.00965772760573,0.095684127798809,-0.474999999999999));
#13017=CARTESIAN_POINT('',(2.03508075044579,0.10320404350148,0.475));
#13018=CARTESIAN_POINT('',(2.03508075044579,0.10320404350148,-0.474999999999999));
#13019=CARTESIAN_POINT('',(2.06258673922998,0.11294103214378,0.475));
#13020=CARTESIAN_POINT('',(2.06258673922998,0.11294103214378,-0.474999999999999));
#13021=CARTESIAN_POINT('',(2.1013808470775,0.128809954395655,0.475));
#13022=CARTESIAN_POINT('',(2.1013808470775,0.128809954395655,-0.474999999999999));
#13023=CARTESIAN_POINT('',(2.13231463385841,0.143926895105617,0.475));
#13024=CARTESIAN_POINT('',(2.13231463385841,0.143926895105617,-0.474999999999999));
#13025=CARTESIAN_POINT('',(2.15340296412215,0.155359821414562,0.475));
#13026=CARTESIAN_POINT('',(2.15340296412215,0.155359821414562,-0.474999999999999));
#13027=CARTESIAN_POINT('',(1.92861421344097,0.0858559555567563,-0.475));
#13028=CARTESIAN_POINT('',(5.01335084557297E-14,6.01732205729443E-16,0.475));
#13029=CARTESIAN_POINT('',(1.87305618203618,0.0269462694276662,0.475));
#13030=CARTESIAN_POINT('',(1.87305618203618,-0.0269462694276671,0.475));
#13031=CARTESIAN_POINT('',(1.93118033209176,-0.0277824584446722,-8.67361737988404E-17));
#13032=CARTESIAN_POINT('',(1.93118033209176,0.0277824584446712,-8.67361737988404E-17));
#13033=CARTESIAN_POINT('',(1.87480676283697,-0.460460224589143,0.475));
#13034=CARTESIAN_POINT('',(1.87480676283697,-0.460460224589143,-0.475));
#13035=CARTESIAN_POINT('',(1.8902317540031,-0.464243287787443,0.475));
#13036=CARTESIAN_POINT('',(1.8902317540031,-0.464243287787443,-0.475));
#13037=CARTESIAN_POINT('',(1.90926144154876,-0.468931579118617,0.475));
#13038=CARTESIAN_POINT('',(1.90926144154876,-0.468931579118617,-0.475));
#13039=CARTESIAN_POINT('',(1.91185294732598,-0.469623184250758,0.475));
#13040=CARTESIAN_POINT('',(1.91185294732598,-0.469623184250758,-0.475));
#13041=CARTESIAN_POINT('',(1.91608822656228,-0.470909542582202,0.475));
#13042=CARTESIAN_POINT('',(1.91608822656228,-0.470909542582202,-0.475));
#13043=CARTESIAN_POINT('',(1.92253374220887,-0.473148221077201,0.475));
#13044=CARTESIAN_POINT('',(1.92253374220887,-0.473148221077201,-0.475));
#13045=CARTESIAN_POINT('',(1.93477370840597,-0.47795044333975,0.475));
#13046=CARTESIAN_POINT('',(1.93477370840597,-0.47795044333975,-0.475));
#13047=CARTESIAN_POINT('',(1.95237567058021,-0.485910357334098,0.475));
#13048=CARTESIAN_POINT('',(1.95237567058021,-0.485910357334098,-0.475));
#13049=CARTESIAN_POINT('',(1.97584313438912,-0.498245565677641,0.475));
#13050=CARTESIAN_POINT('',(1.97584313438912,-0.498245565677641,-0.475));
#13051=CARTESIAN_POINT('',(2.00092101106189,-0.513161613022742,0.475));
#13052=CARTESIAN_POINT('',(2.00092101106189,-0.513161613022742,-0.475));
#13053=CARTESIAN_POINT('',(2.03587382785295,-0.536293973375546,0.475));
#13054=CARTESIAN_POINT('',(2.03587382785295,-0.536293973375546,-0.475));
#13055=CARTESIAN_POINT('',(2.06326406176378,-0.557155328732869,0.475));
#13056=CARTESIAN_POINT('',(2.06326406176378,-0.557155328732869,-0.475));
#13057=CARTESIAN_POINT('',(2.08171673239955,-0.572482703710553,0.475));
#13058=CARTESIAN_POINT('',(2.08171673239955,-0.572482703710553,-0.475));
#13059=CARTESIAN_POINT('',(1.8748067661028,-0.460460225390106,0.475));
#13060=CARTESIAN_POINT('',(1.90830609481218,-0.292047709990276,0.475));
#13061=CARTESIAN_POINT('',(1.90830609481218,-0.292047709990276,-0.475));
#13062=CARTESIAN_POINT('',(1.92400464404932,-0.294455503894826,0.475));
#13063=CARTESIAN_POINT('',(1.92400464404932,-0.294455503894826,-0.475));
#13064=CARTESIAN_POINT('',(1.94337991430139,-0.297406433638314,0.475));
#13065=CARTESIAN_POINT('',(1.94337991430139,-0.297406433638314,-0.475));
#13066=CARTESIAN_POINT('',(1.94603881927315,-0.297759200137969,0.475));
#13067=CARTESIAN_POINT('',(1.94603881927315,-0.297759200137969,-0.475));
#13068=CARTESIAN_POINT('',(1.95044397509557,-0.298191531199244,0.475));
#13069=CARTESIAN_POINT('',(1.95044397509557,-0.298191531199244,-0.475));
#13070=CARTESIAN_POINT('',(1.95725556024836,-0.29858985400884,0.475));
#13071=CARTESIAN_POINT('',(1.95725556024836,-0.29858985400884,-0.475));
#13072=CARTESIAN_POINT('',(1.97040154539491,-0.298837211426241,0.475));
#13073=CARTESIAN_POINT('',(1.97040154539491,-0.298837211426241,-0.475));
#13074=CARTESIAN_POINT('',(1.98970976518841,-0.298219189107509,0.475));
#13075=CARTESIAN_POINT('',(1.98970976518841,-0.298219189107509,-0.475));
#13076=CARTESIAN_POINT('',(2.01611135454926,-0.295803552188947,0.475));
#13077=CARTESIAN_POINT('',(2.01611135454926,-0.295803552188947,-0.475));
#13078=CARTESIAN_POINT('',(2.04498841572142,-0.291619809262404,0.475));
#13079=CARTESIAN_POINT('',(2.04498841572142,-0.291619809262404,-0.475));
#13080=CARTESIAN_POINT('',(2.08613297881681,-0.283624158894204,0.475));
#13081=CARTESIAN_POINT('',(2.08613297881681,-0.283624158894204,-0.475));
#13082=CARTESIAN_POINT('',(2.11942155038968,-0.274832568385411,0.475));
#13083=CARTESIAN_POINT('',(2.11942155038968,-0.274832568385411,-0.475));
#13084=CARTESIAN_POINT('',(2.14233512757582,-0.267733451691598,0.475));
#13085=CARTESIAN_POINT('',(2.14233512757582,-0.267733451691598,-0.475));
#13086=CARTESIAN_POINT('',(1.90830609813593,-0.292047710500062,-0.475));
#13087=CARTESIAN_POINT('',(4.92875992781338E-14,-9.19039221830261E-15,0.475));
#13088=CARTESIAN_POINT('',(1.84232288908913,-0.338986629291303,0.475));
#13089=CARTESIAN_POINT('',(1.83180897632958,-0.391843638124173,0.475));
#13090=CARTESIAN_POINT('',(1.88865315475545,-0.404003219154944,-8.67361737988404E-17));
#13091=CARTESIAN_POINT('',(1.89949333228418,-0.349505966563047,-8.67361737988404E-17));
#13092=CARTESIAN_POINT('',(1.74895154310022,-0.817369265568074,0.475));
#13093=CARTESIAN_POINT('',(1.74895154310022,-0.817369265568074,-0.475));
#13094=CARTESIAN_POINT('',(1.76334210836874,-0.824088904761499,0.475));
#13095=CARTESIAN_POINT('',(1.76334210836874,-0.824088904761499,-0.475));
#13096=CARTESIAN_POINT('',(1.7810915055387,-0.832399619760505,0.475));
#13097=CARTESIAN_POINT('',(1.7810915055387,-0.832399619760505,-0.475));
#13098=CARTESIAN_POINT('',(1.78349829079114,-0.833583513590545,0.475));
#13099=CARTESIAN_POINT('',(1.78349829079114,-0.833583513590545,-0.475));
#13100=CARTESIAN_POINT('',(1.78740123426338,-0.835671416897389,0.475));
#13101=CARTESIAN_POINT('',(1.78740123426338,-0.835671416897389,-0.475));
#13102=CARTESIAN_POINT('',(1.79328615662569,-0.839124537535891,0.475));
#13103=CARTESIAN_POINT('',(1.79328615662569,-0.839124537535891,-0.475));
#13104=CARTESIAN_POINT('',(1.80435406821684,-0.846222385391084,0.475));
#13105=CARTESIAN_POINT('',(1.80435406821684,-0.846222385391084,-0.475));
#13106=CARTESIAN_POINT('',(1.82006491143917,-0.857463324338702,0.475));
#13107=CARTESIAN_POINT('',(1.82006491143917,-0.857463324338702,-0.475));
#13108=CARTESIAN_POINT('',(1.84067497474347,-0.874139790184141,0.475));
#13109=CARTESIAN_POINT('',(1.84067497474347,-0.874139790184141,-0.475));
#13110=CARTESIAN_POINT('',(1.86236101056813,-0.893661680897584,0.475));
#13111=CARTESIAN_POINT('',(1.86236101056813,-0.893661680897584,-0.475));
#13112=CARTESIAN_POINT('',(1.89212931915521,-0.923168515715736,0.475));
#13113=CARTESIAN_POINT('',(1.89212931915521,-0.923168515715736,-0.475));
#13114=CARTESIAN_POINT('',(1.9149234088674,-0.948972595533222,0.475));
#13115=CARTESIAN_POINT('',(1.9149234088674,-0.948972595533222,-0.475));
#13116=CARTESIAN_POINT('',(1.93003129409104,-0.967605396754943,0.475));
#13117=CARTESIAN_POINT('',(1.93003129409104,-0.967605396754943,-0.475));
#13118=CARTESIAN_POINT('',(1.74895154614704,-0.81736926699078,0.475));
#13119=CARTESIAN_POINT('',(1.81466284650948,-0.658728145676181,0.475));
#13120=CARTESIAN_POINT('',(1.81466284650948,-0.658728145676181,-0.475));
#13121=CARTESIAN_POINT('',(1.82959001523677,-0.664152309521867,0.475));
#13122=CARTESIAN_POINT('',(1.82959001523677,-0.664152309521867,-0.475));
#13123=CARTESIAN_POINT('',(1.84801729726993,-0.67082646569041,0.475));
#13124=CARTESIAN_POINT('',(1.84801729726993,-0.67082646569041,-0.475));
#13125=CARTESIAN_POINT('',(1.85055629079821,-0.671691180507843,0.475));
#13126=CARTESIAN_POINT('',(1.85055629079821,-0.671691180507843,-0.475));
#13127=CARTESIAN_POINT('',(1.85479245918076,-0.67297460771693,0.475));
#13128=CARTESIAN_POINT('',(1.85479245918076,-0.67297460771693,-0.475));
#13129=CARTESIAN_POINT('',(1.86139545270964,-0.674694151206328,0.475));
#13130=CARTESIAN_POINT('',(1.86139545270964,-0.674694151206328,-0.475));
#13131=CARTESIAN_POINT('',(1.87424058439955,-0.677501410195774,0.475));
#13132=CARTESIAN_POINT('',(1.87424058439955,-0.677501410195774,-0.475));
#13133=CARTESIAN_POINT('',(1.89329837233699,-0.680662109819673,0.475));
#13134=CARTESIAN_POINT('',(1.89329837233699,-0.680662109819673,-0.475));
#13135=CARTESIAN_POINT('',(1.91966392994567,-0.683443583257294,0.475));
#13136=CARTESIAN_POINT('',(1.91966392994567,-0.683443583257294,-0.475));
#13137=CARTESIAN_POINT('',(1.94880233423941,-0.684973864940907,0.475));
#13138=CARTESIAN_POINT('',(1.94880233423941,-0.684973864940907,-0.475));
#13139=CARTESIAN_POINT('',(1.99071619009705,-0.685158754816017,0.475));
#13140=CARTESIAN_POINT('',(1.99071619009705,-0.685158754816017,-0.475));
#13141=CARTESIAN_POINT('',(2.02508028532473,-0.683030370401264,0.475));
#13142=CARTESIAN_POINT('',(2.02508028532473,-0.683030370401264,-0.475));
#13143=CARTESIAN_POINT('',(2.04893855351214,-0.680537878395898,0.475));
#13144=CARTESIAN_POINT('',(2.04893855351214,-0.680537878395898,-0.475));
#13145=CARTESIAN_POINT('',(1.81466284966992,-0.658728146824604,-0.475));
#13146=CARTESIAN_POINT('',(4.65475953010834E-14,-1.86293350234166E-14,0.475));
#13147=CARTESIAN_POINT('',(1.74079016070097,-0.691892461952498,0.475));
#13148=CARTESIAN_POINT('',(1.72016637895295,-0.74168267555601,0.475));
#13149=CARTESIAN_POINT('',(1.77354609585078,-0.764698362720707,-8.67361737988404E-17));
#13150=CARTESIAN_POINT('',(1.79480986896507,-0.713363073280949,-8.67361737988404E-17));
#13151=CARTESIAN_POINT('',(1.55588509638544,-1.14286726405719,0.475));
#13152=CARTESIAN_POINT('',(1.55588509638544,-1.14286726405719,-0.475));
#13153=CARTESIAN_POINT('',(1.56868821440342,-1.15226524727996,0.475));
#13154=CARTESIAN_POINT('',(1.56868821440342,-1.15226524727996,-0.475));
#13155=CARTESIAN_POINT('',(1.5844752218184,-1.16387900983009,0.475));
#13156=CARTESIAN_POINT('',(1.5844752218184,-1.16387900983009,-0.475));
#13157=CARTESIAN_POINT('',(1.58660479513855,-1.16550969598207,0.475));
#13158=CARTESIAN_POINT('',(1.58660479513855,-1.16550969598207,-0.475));
#13159=CARTESIAN_POINT('',(1.59002541491791,-1.16831890731114,0.475));
#13160=CARTESIAN_POINT('',(1.59002541491791,-1.16831890731114,-0.475));
#13161=CARTESIAN_POINT('',(1.59512358972984,-1.17285376860354,0.475));
#13162=CARTESIAN_POINT('',(1.59512358972984,-1.17285376860354,-0.475));
#13163=CARTESIAN_POINT('',(1.60459411307957,-1.18197447573882,0.475));
#13164=CARTESIAN_POINT('',(1.60459411307957,-1.18197447573882,-0.475));
#13165=CARTESIAN_POINT('',(1.61781007845569,-1.19606445665995,0.475));
#13166=CARTESIAN_POINT('',(1.61781007845569,-1.19606445665995,-0.475));
#13167=CARTESIAN_POINT('',(1.63477070808085,-1.2164413127771,0.475));
#13168=CARTESIAN_POINT('',(1.63477070808085,-1.2164413127771,-0.475));
#13169=CARTESIAN_POINT('',(1.65223152086233,-1.23981883154678,0.475));
#13170=CARTESIAN_POINT('',(1.65223152086233,-1.23981883154678,-0.475));
#13171=CARTESIAN_POINT('',(1.67567134184068,-1.27456620971584,0.475));
#13172=CARTESIAN_POINT('',(1.67567134184068,-1.27456620971584,-0.475));
#13173=CARTESIAN_POINT('',(1.69299332326969,-1.30432137767721,0.475));
#13174=CARTESIAN_POINT('',(1.69299332326969,-1.30432137767721,-0.475));
#13175=CARTESIAN_POINT('',(1.70417583552462,-1.3255435570414,0.475));
#13176=CARTESIAN_POINT('',(1.70417583552462,-1.3255435570414,-0.475));
#13177=CARTESIAN_POINT('',(1.55588509909616,-1.14286726604697,0.475));
#13178=CARTESIAN_POINT('',(1.65128312269008,-1.00009402814275,0.475));
#13179=CARTESIAN_POINT('',(1.65128312269008,-1.00009402814275,-0.475));
#13180=CARTESIAN_POINT('',(1.66486526818457,-1.00832611435489,0.475));
#13181=CARTESIAN_POINT('',(1.66486526818457,-1.00832611435489,-0.475));
#13182=CARTESIAN_POINT('',(1.68163641188442,-1.01846701286984,0.475));
#13183=CARTESIAN_POINT('',(1.68163641188442,-1.01846701286984,-0.475));
#13184=CARTESIAN_POINT('',(1.68395792187181,-1.01981044549956,0.475));
#13185=CARTESIAN_POINT('',(1.68395792187181,-1.01981044549956,-0.475));
#13186=CARTESIAN_POINT('',(1.68786230923923,-1.02189564746856,0.475));
#13187=CARTESIAN_POINT('',(1.68786230923923,-1.02189564746856,-0.475));
#13188=CARTESIAN_POINT('',(1.69400296180588,-1.0248703305458,0.475));
#13189=CARTESIAN_POINT('',(1.69400296180588,-1.0248703305458,-0.475));
#13190=CARTESIAN_POINT('',(1.70605360883196,-1.03012960971865,0.475));
#13191=CARTESIAN_POINT('',(1.70605360883196,-1.03012960971865,-0.475));
#13192=CARTESIAN_POINT('',(1.72412858481061,-1.03694756737118,0.475));
#13193=CARTESIAN_POINT('',(1.72412858481061,-1.03694756737118,-0.475));
#13194=CARTESIAN_POINT('',(1.74944489707421,-1.04481926070064,0.475));
#13195=CARTESIAN_POINT('',(1.74944489707421,-1.04481926070064,-0.475));
#13196=CARTESIAN_POINT('',(1.77772487195351,-1.0520047591275,0.475));
#13197=CARTESIAN_POINT('',(1.77772487195351,-1.0520047591275,-0.475));
#13198=CARTESIAN_POINT('',(1.81879729459836,-1.06036308403171,0.475));
#13199=CARTESIAN_POINT('',(1.81879729459836,-1.06036308403171,-0.475));
#13200=CARTESIAN_POINT('',(1.85291632057289,-1.06497969833044,0.475));
#13201=CARTESIAN_POINT('',(1.85291632057289,-1.06497969833044,-0.475));
#13202=CARTESIAN_POINT('',(1.87680241989496,-1.06718961608348,0.475));
#13203=CARTESIAN_POINT('',(1.87680241989496,-1.06718961608348,-0.475));
#13204=CARTESIAN_POINT('',(1.65128312556573,-1.00009402988568,-0.475));
#13205=CARTESIAN_POINT('',(4.20187933408045E-14,-2.73523629310322E-14,0.475));
#13206=CARTESIAN_POINT('',(1.57235984268344,-1.01820925531862,0.475));
#13207=CARTESIAN_POINT('',(1.54241875231357,-1.06301926370667,0.475));
#13208=CARTESIAN_POINT('',(1.59028265509867,-1.0960065770549,-8.67361737988404E-17));
#13209=CARTESIAN_POINT('',(1.62115286892259,-1.04980603715129,-8.67361737988404E-17));
#13210=CARTESIAN_POINT('',(1.00009402814276,-1.65128312269008,0.475));
#13211=CARTESIAN_POINT('',(1.00009402814276,-1.65128312269008,-0.475));
#13212=CARTESIAN_POINT('',(1.0083261143549,-1.66486526818457,0.475));
#13213=CARTESIAN_POINT('',(1.0083261143549,-1.66486526818457,-0.475));
#13214=CARTESIAN_POINT('',(1.01846701286984,-1.68163641188442,0.475));
#13215=CARTESIAN_POINT('',(1.01846701286984,-1.68163641188442,-0.475));
#13216=CARTESIAN_POINT('',(1.01981044549956,-1.68395792187181,0.475));
#13217=CARTESIAN_POINT('',(1.01981044549956,-1.68395792187181,-0.475));
#13218=CARTESIAN_POINT('',(1.02189564746856,-1.68786230923923,0.475));
#13219=CARTESIAN_POINT('',(1.02189564746856,-1.68786230923923,-0.475));
#13220=CARTESIAN_POINT('',(1.0248703305458,-1.69400296180588,0.475));
#13221=CARTESIAN_POINT('',(1.0248703305458,-1.69400296180588,-0.475));
#13222=CARTESIAN_POINT('',(1.03012960971865,-1.70605360883196,0.475));
#13223=CARTESIAN_POINT('',(1.03012960971865,-1.70605360883196,-0.475000000000001));
#13224=CARTESIAN_POINT('',(1.03694756737118,-1.72412858481062,0.475));
#13225=CARTESIAN_POINT('',(1.03694756737118,-1.72412858481062,-0.475));
#13226=CARTESIAN_POINT('',(1.04481926070064,-1.74944489707422,0.475));
#13227=CARTESIAN_POINT('',(1.04481926070064,-1.74944489707422,-0.475));
#13228=CARTESIAN_POINT('',(1.0520047591275,-1.77772487195351,0.475));
#13229=CARTESIAN_POINT('',(1.0520047591275,-1.77772487195351,-0.475));
#13230=CARTESIAN_POINT('',(1.06036308403171,-1.81879729459836,0.475));
#13231=CARTESIAN_POINT('',(1.06036308403171,-1.81879729459836,-0.475));
#13232=CARTESIAN_POINT('',(1.06497969833044,-1.85291632057289,0.475));
#13233=CARTESIAN_POINT('',(1.06497969833044,-1.85291632057289,-0.475));
#13234=CARTESIAN_POINT('',(1.06718961608348,-1.87680241989496,0.475));
#13235=CARTESIAN_POINT('',(1.06718961608348,-1.87680241989496,-0.475));
#13236=CARTESIAN_POINT('',(1.00009402988568,-1.65128312556574,0.475));
#13237=CARTESIAN_POINT('',(1.14286726405719,-1.55588509638544,0.475));
#13238=CARTESIAN_POINT('',(1.14286726405719,-1.55588509638544,-0.475));
#13239=CARTESIAN_POINT('',(1.15226524727995,-1.56868821440342,0.475));
#13240=CARTESIAN_POINT('',(1.15226524727995,-1.56868821440342,-0.475));
#13241=CARTESIAN_POINT('',(1.16387900983008,-1.5844752218184,0.475));
#13242=CARTESIAN_POINT('',(1.16387900983008,-1.5844752218184,-0.475));
#13243=CARTESIAN_POINT('',(1.16550969598207,-1.58660479513855,0.475));
#13244=CARTESIAN_POINT('',(1.16550969598207,-1.58660479513855,-0.475));
#13245=CARTESIAN_POINT('',(1.16831890731114,-1.59002541491791,0.475));
#13246=CARTESIAN_POINT('',(1.16831890731114,-1.59002541491791,-0.475));
#13247=CARTESIAN_POINT('',(1.17285376860354,-1.59512358972984,0.475));
#13248=CARTESIAN_POINT('',(1.17285376860354,-1.59512358972984,-0.475));
#13249=CARTESIAN_POINT('',(1.18197447573882,-1.60459411307956,0.475));
#13250=CARTESIAN_POINT('',(1.18197447573882,-1.60459411307956,-0.475));
#13251=CARTESIAN_POINT('',(1.19606445665994,-1.61781007845569,0.475));
#13252=CARTESIAN_POINT('',(1.19606445665994,-1.61781007845569,-0.475));
#13253=CARTESIAN_POINT('',(1.2164413127771,-1.63477070808085,0.475));
#13254=CARTESIAN_POINT('',(1.2164413127771,-1.63477070808085,-0.475));
#13255=CARTESIAN_POINT('',(1.23981883154678,-1.65223152086233,0.475));
#13256=CARTESIAN_POINT('',(1.23981883154678,-1.65223152086233,-0.475));
#13257=CARTESIAN_POINT('',(1.27456620971584,-1.67567134184068,0.475));
#13258=CARTESIAN_POINT('',(1.27456620971584,-1.67567134184068,-0.475));
#13259=CARTESIAN_POINT('',(1.30432137767721,-1.69299332326969,0.475));
#13260=CARTESIAN_POINT('',(1.30432137767721,-1.69299332326969,-0.475));
#13261=CARTESIAN_POINT('',(1.3255435570414,-1.70417583552462,0.475));
#13262=CARTESIAN_POINT('',(1.3255435570414,-1.70417583552462,-0.475));
#13263=CARTESIAN_POINT('',(1.14286726604696,-1.55588509909616,-0.475));
#13264=CARTESIAN_POINT('',(2.83530070186478E-14,-4.13501843372994E-14,0.475));
#13265=CARTESIAN_POINT('',(1.06301926370667,-1.54241875231357,0.475));
#13266=CARTESIAN_POINT('',(1.01820925531862,-1.57235984268344,0.475));
#13267=CARTESIAN_POINT('',(1.04980603715129,-1.6211528689226,-8.67361737988404E-17));
#13268=CARTESIAN_POINT('',(1.09600657705489,-1.59028265509867,-8.67361737988404E-17));
#13269=CARTESIAN_POINT('',(1.303026857967,-1.42444551451594,0.475));
#13270=CARTESIAN_POINT('',(1.303026857967,-1.42444551451594,-0.475));
#13271=CARTESIAN_POINT('',(1.31375051208906,-1.43616068254324,0.475));
#13272=CARTESIAN_POINT('',(1.31375051208906,-1.43616068254324,-0.475));
#13273=CARTESIAN_POINT('',(1.32696844390757,-1.45063118226276,0.475));
#13274=CARTESIAN_POINT('',(1.32696844390757,-1.45063118226276,-0.475));
#13275=CARTESIAN_POINT('',(1.32873896698701,-1.45264599438237,0.475));
#13276=CARTESIAN_POINT('',(1.32873896698701,-1.45264599438237,-0.475));
#13277=CARTESIAN_POINT('',(1.33154581057366,-1.45606855731771,0.475));
#13278=CARTESIAN_POINT('',(1.33154581057366,-1.45606855731771,-0.475));
#13279=CARTESIAN_POINT('',(1.3356613178363,-1.46151088708773,0.475));
#13280=CARTESIAN_POINT('',(1.3356613178363,-1.46151088708773,-0.475));
#13281=CARTESIAN_POINT('',(1.34317050604338,-1.47230394984284,0.475));
#13282=CARTESIAN_POINT('',(1.34317050604338,-1.47230394984284,-0.475));
#13283=CARTESIAN_POINT('',(1.3533837114355,-1.48870150267242,0.475));
#13284=CARTESIAN_POINT('',(1.3533837114355,-1.48870150267242,-0.475));
#13285=CARTESIAN_POINT('',(1.36604311989666,-1.51199567790819,0.475));
#13286=CARTESIAN_POINT('',(1.36604311989666,-1.51199567790819,-0.475));
#13287=CARTESIAN_POINT('',(1.37860770039189,-1.53833043979804,0.475));
#13288=CARTESIAN_POINT('',(1.37860770039189,-1.53833043979804,-0.475));
#13289=CARTESIAN_POINT('',(1.39481825458653,-1.57698303906153,0.475));
#13290=CARTESIAN_POINT('',(1.39481825458653,-1.57698303906153,-0.475));
#13291=CARTESIAN_POINT('',(1.40600245370029,-1.6095458207489,0.475));
#13292=CARTESIAN_POINT('',(1.40600245370029,-1.6095458207489,-0.475));
#13293=CARTESIAN_POINT('',(1.41282985531181,-1.63254182180415,0.475));
#13294=CARTESIAN_POINT('',(1.41282985531181,-1.63254182180415,-0.475));
#13295=CARTESIAN_POINT('',(1.30302686023744,-1.42444551699631,0.475));
#13296=CARTESIAN_POINT('',(1.42444551451593,-1.30302685796699,0.475));
#13297=CARTESIAN_POINT('',(1.42444551451593,-1.30302685796699,-0.475));
#13298=CARTESIAN_POINT('',(1.43616068254323,-1.31375051208906,0.475));
#13299=CARTESIAN_POINT('',(1.43616068254323,-1.31375051208906,-0.475));
#13300=CARTESIAN_POINT('',(1.45063118226276,-1.32696844390757,0.475));
#13301=CARTESIAN_POINT('',(1.45063118226276,-1.32696844390757,-0.475));
#13302=CARTESIAN_POINT('',(1.45264599438237,-1.32873896698701,0.475));
#13303=CARTESIAN_POINT('',(1.45264599438237,-1.32873896698701,-0.475));
#13304=CARTESIAN_POINT('',(1.45606855731771,-1.33154581057366,0.475));
#13305=CARTESIAN_POINT('',(1.45606855731771,-1.33154581057366,-0.475));
#13306=CARTESIAN_POINT('',(1.46151088708772,-1.3356613178363,0.475));
#13307=CARTESIAN_POINT('',(1.46151088708772,-1.3356613178363,-0.475));
#13308=CARTESIAN_POINT('',(1.47230394984284,-1.34317050604338,0.475));
#13309=CARTESIAN_POINT('',(1.47230394984284,-1.34317050604338,-0.475));
#13310=CARTESIAN_POINT('',(1.48870150267242,-1.3533837114355,0.475));
#13311=CARTESIAN_POINT('',(1.48870150267242,-1.3533837114355,-0.475));
#13312=CARTESIAN_POINT('',(1.51199567790819,-1.36604311989666,0.475));
#13313=CARTESIAN_POINT('',(1.51199567790819,-1.36604311989666,-0.475));
#13314=CARTESIAN_POINT('',(1.53833043979804,-1.37860770039189,0.475));
#13315=CARTESIAN_POINT('',(1.53833043979804,-1.37860770039189,-0.475));
#13316=CARTESIAN_POINT('',(1.57698303906153,-1.39481825458653,0.475));
#13317=CARTESIAN_POINT('',(1.57698303906153,-1.39481825458653,-0.475));
#13318=CARTESIAN_POINT('',(1.6095458207489,-1.40600245370029,0.475));
#13319=CARTESIAN_POINT('',(1.6095458207489,-1.40600245370029,-0.475));
#13320=CARTESIAN_POINT('',(1.63254182180415,-1.41282985531181,0.475));
#13321=CARTESIAN_POINT('',(1.63254182180415,-1.41282985531181,-0.475));
#13322=CARTESIAN_POINT('',(1.42444551699631,-1.30302686023744,-0.475));
#13323=CARTESIAN_POINT('',(3.58752327168493E-14,-3.502425487059E-14,0.475));
#13324=CARTESIAN_POINT('',(1.34350461770115,-1.30539683802118,0.475));
#13325=CARTESIAN_POINT('',(1.30539683802118,-1.34350461770115,0.475));
#13326=CARTESIAN_POINT('',(1.34590554375191,-1.38519587328043,-8.67361737988404E-17));
#13327=CARTESIAN_POINT('',(1.38519587328043,-1.34590554375191,-8.67361737988404E-17));
#13328=CARTESIAN_POINT('',(0.658728145676184,-1.81466284650949,0.475));
#13329=CARTESIAN_POINT('',(0.658728145676184,-1.81466284650949,-0.475000000000001));
#13330=CARTESIAN_POINT('',(0.66415230952187,-1.82959001523678,0.475));
#13331=CARTESIAN_POINT('',(0.66415230952187,-1.82959001523678,-0.475000000000001));
#13332=CARTESIAN_POINT('',(0.670826465690412,-1.84801729726993,0.475));
#13333=CARTESIAN_POINT('',(0.670826465690412,-1.84801729726993,-0.475));
#13334=CARTESIAN_POINT('',(0.671691180507843,-1.85055629079821,0.475));
#13335=CARTESIAN_POINT('',(0.671691180507843,-1.85055629079821,-0.475000000000001));
#13336=CARTESIAN_POINT('',(0.67297460771693,-1.85479245918076,0.475));
#13337=CARTESIAN_POINT('',(0.67297460771693,-1.85479245918076,-0.475000000000001));
#13338=CARTESIAN_POINT('',(0.67469415120633,-1.86139545270964,0.475));
#13339=CARTESIAN_POINT('',(0.67469415120633,-1.86139545270964,-0.475000000000001));
#13340=CARTESIAN_POINT('',(0.677501410195774,-1.87424058439956,0.475));
#13341=CARTESIAN_POINT('',(0.677501410195774,-1.87424058439956,-0.475));
#13342=CARTESIAN_POINT('',(0.680662109819673,-1.89329837233699,0.475));
#13343=CARTESIAN_POINT('',(0.680662109819673,-1.89329837233699,-0.475000000000001));
#13344=CARTESIAN_POINT('',(0.683443583257294,-1.91966392994568,0.475));
#13345=CARTESIAN_POINT('',(0.683443583257294,-1.91966392994568,-0.475));
#13346=CARTESIAN_POINT('',(0.684973864940907,-1.94880233423941,0.475));
#13347=CARTESIAN_POINT('',(0.684973864940907,-1.94880233423941,-0.475));
#13348=CARTESIAN_POINT('',(0.685158754816018,-1.99071619009705,0.475));
#13349=CARTESIAN_POINT('',(0.685158754816018,-1.99071619009705,-0.475000000000001));
#13350=CARTESIAN_POINT('',(0.683030370401264,-2.02508028532474,0.475));
#13351=CARTESIAN_POINT('',(0.683030370401264,-2.02508028532474,-0.475000000000001));
#13352=CARTESIAN_POINT('',(0.680537878395898,-2.04893855351214,0.475));
#13353=CARTESIAN_POINT('',(0.680537878395898,-2.04893855351214,-0.475000000000001));
#13354=CARTESIAN_POINT('',(0.658728146824607,-1.81466284966992,0.475));
#13355=CARTESIAN_POINT('',(0.817369265568072,-1.74895154310021,0.475));
#13356=CARTESIAN_POINT('',(0.817369265568072,-1.74895154310021,-0.475));
#13357=CARTESIAN_POINT('',(0.824088904761497,-1.76334210836874,0.475));
#13358=CARTESIAN_POINT('',(0.824088904761497,-1.76334210836874,-0.475));
#13359=CARTESIAN_POINT('',(0.832399619760504,-1.78109150553869,0.475));
#13360=CARTESIAN_POINT('',(0.832399619760504,-1.78109150553869,-0.475000000000001));
#13361=CARTESIAN_POINT('',(0.833583513590546,-1.78349829079114,0.475));
#13362=CARTESIAN_POINT('',(0.833583513590546,-1.78349829079114,-0.475));
#13363=CARTESIAN_POINT('',(0.835671416897387,-1.78740123426338,0.475));
#13364=CARTESIAN_POINT('',(0.835671416897387,-1.78740123426338,-0.475));
#13365=CARTESIAN_POINT('',(0.83912453753589,-1.79328615662569,0.475));
#13366=CARTESIAN_POINT('',(0.83912453753589,-1.79328615662569,-0.475));
#13367=CARTESIAN_POINT('',(0.846222385391084,-1.80435406821684,0.475));
#13368=CARTESIAN_POINT('',(0.846222385391084,-1.80435406821684,-0.475));
#13369=CARTESIAN_POINT('',(0.857463324338701,-1.82006491143917,0.475));
#13370=CARTESIAN_POINT('',(0.857463324338701,-1.82006491143917,-0.475));
#13371=CARTESIAN_POINT('',(0.874139790184141,-1.84067497474347,0.475));
#13372=CARTESIAN_POINT('',(0.874139790184141,-1.84067497474347,-0.475));
#13373=CARTESIAN_POINT('',(0.893661680897583,-1.86236101056813,0.475));
#13374=CARTESIAN_POINT('',(0.893661680897583,-1.86236101056813,-0.475));
#13375=CARTESIAN_POINT('',(0.923168515715736,-1.89212931915521,0.475));
#13376=CARTESIAN_POINT('',(0.923168515715736,-1.89212931915521,-0.475));
#13377=CARTESIAN_POINT('',(0.948972595533222,-1.9149234088674,0.475));
#13378=CARTESIAN_POINT('',(0.948972595533222,-1.9149234088674,-0.475));
#13379=CARTESIAN_POINT('',(0.967605396754943,-1.93003129409104,0.475));
#13380=CARTESIAN_POINT('',(0.967605396754943,-1.93003129409104,-0.475));
#13381=CARTESIAN_POINT('',(0.817369266990777,-1.74895154614703,-0.475));
#13382=CARTESIAN_POINT('',(1.97411911612692E-14,-4.60870494093771E-14,0.475));
#13383=CARTESIAN_POINT('',(0.74168267555601,-1.72016637895295,0.475));
#13384=CARTESIAN_POINT('',(0.691892461952498,-1.74079016070097,0.475));
#13385=CARTESIAN_POINT('',(0.713363073280952,-1.79480986896507,-8.67361737988404E-17));
#13386=CARTESIAN_POINT('',(0.764698362720704,-1.77354609585077,-8.67361737988404E-17));
#13387=CARTESIAN_POINT('',(0.292047709990276,-1.90830609481219,0.475));
#13388=CARTESIAN_POINT('',(0.292047709990276,-1.90830609481219,-0.475));
#13389=CARTESIAN_POINT('',(0.294455503894826,-1.92400464404933,0.475));
#13390=CARTESIAN_POINT('',(0.294455503894826,-1.92400464404933,-0.475));
#13391=CARTESIAN_POINT('',(0.297406433638314,-1.94337991430139,0.475));
#13392=CARTESIAN_POINT('',(0.297406433638314,-1.94337991430139,-0.475));
#13393=CARTESIAN_POINT('',(0.297759200137968,-1.94603881927316,0.475));
#13394=CARTESIAN_POINT('',(0.297759200137968,-1.94603881927316,-0.475));
#13395=CARTESIAN_POINT('',(0.298191531199244,-1.95044397509557,0.475));
#13396=CARTESIAN_POINT('',(0.298191531199244,-1.95044397509557,-0.475));
#13397=CARTESIAN_POINT('',(0.29858985400884,-1.95725556024836,0.475));
#13398=CARTESIAN_POINT('',(0.29858985400884,-1.95725556024836,-0.475));
#13399=CARTESIAN_POINT('',(0.29883721142624,-1.97040154539491,0.475));
#13400=CARTESIAN_POINT('',(0.29883721142624,-1.97040154539491,-0.475));
#13401=CARTESIAN_POINT('',(0.298219189107509,-1.98970976518841,0.475));
#13402=CARTESIAN_POINT('',(0.298219189107509,-1.98970976518841,-0.475));
#13403=CARTESIAN_POINT('',(0.295803552188945,-2.01611135454926,0.475));
#13404=CARTESIAN_POINT('',(0.295803552188945,-2.01611135454926,-0.475));
#13405=CARTESIAN_POINT('',(0.291619809262403,-2.04498841572142,0.475));
#13406=CARTESIAN_POINT('',(0.291619809262403,-2.04498841572142,-0.475));
#13407=CARTESIAN_POINT('',(0.283624158894202,-2.08613297881681,0.475));
#13408=CARTESIAN_POINT('',(0.283624158894202,-2.08613297881681,-0.475));
#13409=CARTESIAN_POINT('',(0.27483256838541,-2.11942155038968,0.475));
#13410=CARTESIAN_POINT('',(0.27483256838541,-2.11942155038968,-0.475));
#13411=CARTESIAN_POINT('',(0.267733451691597,-2.14233512757582,0.475));
#13412=CARTESIAN_POINT('',(0.267733451691597,-2.14233512757582,-0.475));
#13413=CARTESIAN_POINT('',(0.292047710500062,-1.90830609813594,0.475));
#13414=CARTESIAN_POINT('',(0.46046022458914,-1.87480676283696,0.475));
#13415=CARTESIAN_POINT('',(0.46046022458914,-1.87480676283696,-0.475));
#13416=CARTESIAN_POINT('',(0.464243287787441,-1.89023175400309,0.475));
#13417=CARTESIAN_POINT('',(0.464243287787441,-1.89023175400309,-0.475));
#13418=CARTESIAN_POINT('',(0.468931579118615,-1.90926144154876,0.475));
#13419=CARTESIAN_POINT('',(0.468931579118615,-1.90926144154876,-0.475));
#13420=CARTESIAN_POINT('',(0.469623184250757,-1.91185294732598,0.475));
#13421=CARTESIAN_POINT('',(0.469623184250757,-1.91185294732598,-0.475));
#13422=CARTESIAN_POINT('',(0.470909542582201,-1.91608822656228,0.475));
#13423=CARTESIAN_POINT('',(0.470909542582201,-1.91608822656228,-0.475));
#13424=CARTESIAN_POINT('',(0.4731482210772,-1.92253374220887,0.475));
#13425=CARTESIAN_POINT('',(0.4731482210772,-1.92253374220887,-0.475));
#13426=CARTESIAN_POINT('',(0.477950443339749,-1.93477370840597,0.475));
#13427=CARTESIAN_POINT('',(0.477950443339749,-1.93477370840597,-0.475));
#13428=CARTESIAN_POINT('',(0.485910357334096,-1.9523756705802,0.475));
#13429=CARTESIAN_POINT('',(0.485910357334096,-1.9523756705802,-0.475));
#13430=CARTESIAN_POINT('',(0.498245565677641,-1.97584313438912,0.475));
#13431=CARTESIAN_POINT('',(0.498245565677641,-1.97584313438912,-0.475));
#13432=CARTESIAN_POINT('',(0.51316161302274,-2.00092101106189,0.475));
#13433=CARTESIAN_POINT('',(0.51316161302274,-2.00092101106189,-0.475));
#13434=CARTESIAN_POINT('',(0.536293973375545,-2.03587382785295,0.475));
#13435=CARTESIAN_POINT('',(0.536293973375545,-2.03587382785295,-0.475));
#13436=CARTESIAN_POINT('',(0.557155328732868,-2.06326406176378,0.475));
#13437=CARTESIAN_POINT('',(0.557155328732868,-2.06326406176378,-0.475));
#13438=CARTESIAN_POINT('',(0.572482703710552,-2.08171673239955,0.475));
#13439=CARTESIAN_POINT('',(0.572482703710552,-2.08171673239955,-0.475));
#13440=CARTESIAN_POINT('',(0.460460225390103,-1.87480676610279,-0.475));
#13441=CARTESIAN_POINT('',(1.03707323985506E-14,-4.90528150185674E-14,0.475));
#13442=CARTESIAN_POINT('',(0.391843638124172,-1.83180897632958,0.475));
#13443=CARTESIAN_POINT('',(0.338986629291303,-1.84232288908913,0.475));
#13444=CARTESIAN_POINT('',(0.349505966563047,-1.89949333228419,-8.67361737988404E-17));
#13445=CARTESIAN_POINT('',(0.404003219154942,-1.88865315475545,-8.67361737988404E-17));
#13446=CARTESIAN_POINT('',(0.460460224589143,1.87480676283697,0.475));
#13447=CARTESIAN_POINT('',(0.460460224589143,1.87480676283697,-0.475000000000001));
#13448=CARTESIAN_POINT('',(0.464243287787443,1.8902317540031,0.475));
#13449=CARTESIAN_POINT('',(0.464243287787443,1.8902317540031,-0.475000000000001));
#13450=CARTESIAN_POINT('',(0.468931579118617,1.90926144154876,0.475));
#13451=CARTESIAN_POINT('',(0.468931579118617,1.90926144154876,-0.475000000000001));
#13452=CARTESIAN_POINT('',(0.469623184250758,1.91185294732598,0.475));
#13453=CARTESIAN_POINT('',(0.469623184250758,1.91185294732598,-0.475000000000001));
#13454=CARTESIAN_POINT('',(0.470909542582203,1.91608822656228,0.475));
#13455=CARTESIAN_POINT('',(0.470909542582203,1.91608822656228,-0.475000000000001));
#13456=CARTESIAN_POINT('',(0.473148221077201,1.92253374220887,0.475));
#13457=CARTESIAN_POINT('',(0.473148221077201,1.92253374220887,-0.475000000000001));
#13458=CARTESIAN_POINT('',(0.47795044333975,1.93477370840597,0.475));
#13459=CARTESIAN_POINT('',(0.47795044333975,1.93477370840597,-0.475000000000001));
#13460=CARTESIAN_POINT('',(0.485910357334098,1.95237567058021,0.475));
#13461=CARTESIAN_POINT('',(0.485910357334098,1.95237567058021,-0.475000000000001));
#13462=CARTESIAN_POINT('',(0.498245565677641,1.97584313438912,0.475));
#13463=CARTESIAN_POINT('',(0.498245565677641,1.97584313438912,-0.475000000000001));
#13464=CARTESIAN_POINT('',(0.513161613022742,2.00092101106189,0.475));
#13465=CARTESIAN_POINT('',(0.513161613022742,2.00092101106189,-0.475000000000001));
#13466=CARTESIAN_POINT('',(0.536293973375546,2.03587382785295,0.475));
#13467=CARTESIAN_POINT('',(0.536293973375546,2.03587382785295,-0.475000000000001));
#13468=CARTESIAN_POINT('',(0.557155328732869,2.06326406176378,0.475));
#13469=CARTESIAN_POINT('',(0.557155328732869,2.06326406176378,-0.475000000000001));
#13470=CARTESIAN_POINT('',(0.572482703710553,2.08171673239955,0.475));
#13471=CARTESIAN_POINT('',(0.572482703710553,2.08171673239955,-0.475000000000001));
#13472=CARTESIAN_POINT('',(0.460460225390106,1.8748067661028,0.475));
#13473=CARTESIAN_POINT('',(0.292047709990276,1.90830609481218,0.475));
#13474=CARTESIAN_POINT('',(0.292047709990276,1.90830609481218,-0.475));
#13475=CARTESIAN_POINT('',(0.294455503894826,1.92400464404932,0.475));
#13476=CARTESIAN_POINT('',(0.294455503894826,1.92400464404932,-0.475));
#13477=CARTESIAN_POINT('',(0.297406433638314,1.94337991430139,0.475));
#13478=CARTESIAN_POINT('',(0.297406433638314,1.94337991430139,-0.474999999999999));
#13479=CARTESIAN_POINT('',(0.297759200137969,1.94603881927315,0.475));
#13480=CARTESIAN_POINT('',(0.297759200137969,1.94603881927315,-0.475));
#13481=CARTESIAN_POINT('',(0.298191531199245,1.95044397509557,0.475));
#13482=CARTESIAN_POINT('',(0.298191531199245,1.95044397509557,-0.475));
#13483=CARTESIAN_POINT('',(0.298589854008841,1.95725556024836,0.475));
#13484=CARTESIAN_POINT('',(0.298589854008841,1.95725556024836,-0.475));
#13485=CARTESIAN_POINT('',(0.298837211426241,1.97040154539491,0.475));
#13486=CARTESIAN_POINT('',(0.298837211426241,1.97040154539491,-0.474999999999999));
#13487=CARTESIAN_POINT('',(0.29821918910751,1.98970976518841,0.475));
#13488=CARTESIAN_POINT('',(0.29821918910751,1.98970976518841,-0.475));
#13489=CARTESIAN_POINT('',(0.295803552188947,2.01611135454926,0.475));
#13490=CARTESIAN_POINT('',(0.295803552188947,2.01611135454926,-0.475));
#13491=CARTESIAN_POINT('',(0.291619809262404,2.04498841572142,0.475));
#13492=CARTESIAN_POINT('',(0.291619809262404,2.04498841572142,-0.475));
#13493=CARTESIAN_POINT('',(0.283624158894204,2.08613297881681,0.475));
#13494=CARTESIAN_POINT('',(0.283624158894204,2.08613297881681,-0.474999999999999));
#13495=CARTESIAN_POINT('',(0.274832568385409,2.11942155038968,0.475));
#13496=CARTESIAN_POINT('',(0.274832568385409,2.11942155038968,-0.475));
#13497=CARTESIAN_POINT('',(0.267733451691599,2.14233512757582,0.475));
#13498=CARTESIAN_POINT('',(0.267733451691599,2.14233512757582,-0.475));
#13499=CARTESIAN_POINT('',(0.292047710500062,1.90830609813593,-0.475));
#13500=CARTESIAN_POINT('',(9.19039221830261E-15,4.92875992781338E-14,0.475));
#13501=CARTESIAN_POINT('',(0.338986629291303,1.84232288908913,0.475));
#13502=CARTESIAN_POINT('',(0.391843638124173,1.83180897632958,0.475));
#13503=CARTESIAN_POINT('',(0.404003219154945,1.88865315475545,-8.67361737988404E-17));
#13504=CARTESIAN_POINT('',(0.349505966563047,1.89949333228418,-8.67361737988404E-17));
#13505=CARTESIAN_POINT('',(0.817369265568074,1.74895154310022,0.475));
#13506=CARTESIAN_POINT('',(0.817369265568074,1.74895154310022,-0.475));
#13507=CARTESIAN_POINT('',(0.824088904761499,1.76334210836874,0.475));
#13508=CARTESIAN_POINT('',(0.824088904761499,1.76334210836874,-0.475));
#13509=CARTESIAN_POINT('',(0.832399619760505,1.7810915055387,0.475));
#13510=CARTESIAN_POINT('',(0.832399619760505,1.7810915055387,-0.475));
#13511=CARTESIAN_POINT('',(0.833583513590545,1.78349829079114,0.475));
#13512=CARTESIAN_POINT('',(0.833583513590545,1.78349829079114,-0.475));
#13513=CARTESIAN_POINT('',(0.835671416897389,1.78740123426338,0.475));
#13514=CARTESIAN_POINT('',(0.835671416897389,1.78740123426338,-0.475));
#13515=CARTESIAN_POINT('',(0.839124537535891,1.79328615662569,0.475));
#13516=CARTESIAN_POINT('',(0.839124537535891,1.79328615662569,-0.475));
#13517=CARTESIAN_POINT('',(0.846222385391084,1.80435406821684,0.475));
#13518=CARTESIAN_POINT('',(0.846222385391084,1.80435406821684,-0.475));
#13519=CARTESIAN_POINT('',(0.857463324338702,1.82006491143917,0.475));
#13520=CARTESIAN_POINT('',(0.857463324338702,1.82006491143917,-0.475));
#13521=CARTESIAN_POINT('',(0.87413979018414,1.84067497474347,0.475));
#13522=CARTESIAN_POINT('',(0.87413979018414,1.84067497474347,-0.475));
#13523=CARTESIAN_POINT('',(0.893661680897584,1.86236101056813,0.475));
#13524=CARTESIAN_POINT('',(0.893661680897584,1.86236101056813,-0.475));
#13525=CARTESIAN_POINT('',(0.923168515715735,1.89212931915521,0.475));
#13526=CARTESIAN_POINT('',(0.923168515715735,1.89212931915521,-0.475));
#13527=CARTESIAN_POINT('',(0.948972595533228,1.9149234088674,0.475));
#13528=CARTESIAN_POINT('',(0.948972595533228,1.9149234088674,-0.475));
#13529=CARTESIAN_POINT('',(0.967605396754943,1.93003129409104,0.475));
#13530=CARTESIAN_POINT('',(0.967605396754943,1.93003129409104,-0.475));
#13531=CARTESIAN_POINT('',(0.81736926699078,1.74895154614704,0.475));
#13532=CARTESIAN_POINT('',(0.658728145676181,1.81466284650948,0.475));
#13533=CARTESIAN_POINT('',(0.658728145676181,1.81466284650948,-0.475));
#13534=CARTESIAN_POINT('',(0.664152309521867,1.82959001523677,0.475));
#13535=CARTESIAN_POINT('',(0.664152309521867,1.82959001523677,-0.475));
#13536=CARTESIAN_POINT('',(0.67082646569041,1.84801729726992,0.475));
#13537=CARTESIAN_POINT('',(0.67082646569041,1.84801729726992,-0.475));
#13538=CARTESIAN_POINT('',(0.671691180507844,1.85055629079821,0.475));
#13539=CARTESIAN_POINT('',(0.671691180507844,1.85055629079821,-0.475));
#13540=CARTESIAN_POINT('',(0.67297460771693,1.85479245918076,0.475));
#13541=CARTESIAN_POINT('',(0.67297460771693,1.85479245918076,-0.475));
#13542=CARTESIAN_POINT('',(0.674694151206328,1.86139545270964,0.475));
#13543=CARTESIAN_POINT('',(0.674694151206328,1.86139545270964,-0.475));
#13544=CARTESIAN_POINT('',(0.677501410195774,1.87424058439955,0.475));
#13545=CARTESIAN_POINT('',(0.677501410195774,1.87424058439955,-0.475));
#13546=CARTESIAN_POINT('',(0.680662109819673,1.89329837233699,0.475));
#13547=CARTESIAN_POINT('',(0.680662109819673,1.89329837233699,-0.475));
#13548=CARTESIAN_POINT('',(0.683443583257294,1.91966392994567,0.475));
#13549=CARTESIAN_POINT('',(0.683443583257294,1.91966392994567,-0.475));
#13550=CARTESIAN_POINT('',(0.684973864940906,1.94880233423941,0.475));
#13551=CARTESIAN_POINT('',(0.684973864940906,1.94880233423941,-0.475));
#13552=CARTESIAN_POINT('',(0.685158754816018,1.99071619009705,0.475));
#13553=CARTESIAN_POINT('',(0.685158754816018,1.99071619009705,-0.475));
#13554=CARTESIAN_POINT('',(0.683030370401264,2.02508028532474,0.475));
#13555=CARTESIAN_POINT('',(0.683030370401264,2.02508028532474,-0.475));
#13556=CARTESIAN_POINT('',(0.680537878395898,2.04893855351214,0.475));
#13557=CARTESIAN_POINT('',(0.680537878395898,2.04893855351214,-0.475));
#13558=CARTESIAN_POINT('',(0.658728146824604,1.81466284966992,-0.475));
#13559=CARTESIAN_POINT('',(1.86293350234166E-14,4.65475953010834E-14,0.475));
#13560=CARTESIAN_POINT('',(0.691892461952498,1.74079016070097,0.475));
#13561=CARTESIAN_POINT('',(0.74168267555601,1.72016637895295,0.475));
#13562=CARTESIAN_POINT('',(0.764698362720707,1.77354609585078,-8.67361737988404E-17));
#13563=CARTESIAN_POINT('',(0.713363073280949,1.79480986896507,-8.67361737988404E-17));
#13564=CARTESIAN_POINT('',(1.14286726405719,1.55588509638544,0.475));
#13565=CARTESIAN_POINT('',(1.14286726405719,1.55588509638544,-0.475));
#13566=CARTESIAN_POINT('',(1.15226524727996,1.56868821440342,0.475));
#13567=CARTESIAN_POINT('',(1.15226524727996,1.56868821440342,-0.475));
#13568=CARTESIAN_POINT('',(1.16387900983009,1.5844752218184,0.475));
#13569=CARTESIAN_POINT('',(1.16387900983009,1.5844752218184,-0.475));
#13570=CARTESIAN_POINT('',(1.16550969598207,1.58660479513855,0.475));
#13571=CARTESIAN_POINT('',(1.16550969598207,1.58660479513855,-0.475));
#13572=CARTESIAN_POINT('',(1.16831890731114,1.59002541491791,0.475));
#13573=CARTESIAN_POINT('',(1.16831890731114,1.59002541491791,-0.475));
#13574=CARTESIAN_POINT('',(1.17285376860354,1.59512358972984,0.475));
#13575=CARTESIAN_POINT('',(1.17285376860354,1.59512358972984,-0.475));
#13576=CARTESIAN_POINT('',(1.18197447573882,1.60459411307957,0.475));
#13577=CARTESIAN_POINT('',(1.18197447573882,1.60459411307957,-0.475));
#13578=CARTESIAN_POINT('',(1.19606445665995,1.61781007845569,0.475));
#13579=CARTESIAN_POINT('',(1.19606445665995,1.61781007845569,-0.475));
#13580=CARTESIAN_POINT('',(1.2164413127771,1.63477070808085,0.475));
#13581=CARTESIAN_POINT('',(1.2164413127771,1.63477070808085,-0.475));
#13582=CARTESIAN_POINT('',(1.23981883154678,1.65223152086233,0.475));
#13583=CARTESIAN_POINT('',(1.23981883154678,1.65223152086233,-0.475));
#13584=CARTESIAN_POINT('',(1.27456620971584,1.67567134184068,0.475));
#13585=CARTESIAN_POINT('',(1.27456620971584,1.67567134184068,-0.475));
#13586=CARTESIAN_POINT('',(1.30432137767721,1.69299332326969,0.475));
#13587=CARTESIAN_POINT('',(1.30432137767721,1.69299332326969,-0.475));
#13588=CARTESIAN_POINT('',(1.3255435570414,1.70417583552462,0.475));
#13589=CARTESIAN_POINT('',(1.3255435570414,1.70417583552462,-0.475));
#13590=CARTESIAN_POINT('',(1.14286726604697,1.55588509909616,0.475));
#13591=CARTESIAN_POINT('',(1.00009402814275,1.65128312269008,0.475));
#13592=CARTESIAN_POINT('',(1.00009402814275,1.65128312269008,-0.475));
#13593=CARTESIAN_POINT('',(1.00832611435489,1.66486526818457,0.475));
#13594=CARTESIAN_POINT('',(1.00832611435489,1.66486526818457,-0.475));
#13595=CARTESIAN_POINT('',(1.01846701286984,1.68163641188442,0.475));
#13596=CARTESIAN_POINT('',(1.01846701286984,1.68163641188442,-0.475));
#13597=CARTESIAN_POINT('',(1.01981044549956,1.68395792187181,0.475));
#13598=CARTESIAN_POINT('',(1.01981044549956,1.68395792187181,-0.475));
#13599=CARTESIAN_POINT('',(1.02189564746856,1.68786230923923,0.475));
#13600=CARTESIAN_POINT('',(1.02189564746856,1.68786230923923,-0.475));
#13601=CARTESIAN_POINT('',(1.0248703305458,1.69400296180588,0.475));
#13602=CARTESIAN_POINT('',(1.0248703305458,1.69400296180588,-0.475));
#13603=CARTESIAN_POINT('',(1.03012960971865,1.70605360883196,0.475));
#13604=CARTESIAN_POINT('',(1.03012960971865,1.70605360883196,-0.475));
#13605=CARTESIAN_POINT('',(1.03694756737118,1.72412858481061,0.475));
#13606=CARTESIAN_POINT('',(1.03694756737118,1.72412858481061,-0.475));
#13607=CARTESIAN_POINT('',(1.04481926070064,1.74944489707421,0.475));
#13608=CARTESIAN_POINT('',(1.04481926070064,1.74944489707421,-0.475));
#13609=CARTESIAN_POINT('',(1.0520047591275,1.77772487195351,0.475));
#13610=CARTESIAN_POINT('',(1.0520047591275,1.77772487195351,-0.475));
#13611=CARTESIAN_POINT('',(1.06036308403171,1.81879729459836,0.475));
#13612=CARTESIAN_POINT('',(1.06036308403171,1.81879729459836,-0.475));
#13613=CARTESIAN_POINT('',(1.06497969833044,1.85291632057289,0.475));
#13614=CARTESIAN_POINT('',(1.06497969833044,1.85291632057289,-0.475));
#13615=CARTESIAN_POINT('',(1.06718961608348,1.87680241989496,0.475));
#13616=CARTESIAN_POINT('',(1.06718961608348,1.87680241989496,-0.475));
#13617=CARTESIAN_POINT('',(1.00009402988568,1.65128312556573,-0.475));
#13618=CARTESIAN_POINT('',(2.73523629310322E-14,4.20187933408045E-14,0.475));
#13619=CARTESIAN_POINT('',(1.01820925531862,1.57235984268344,0.475));
#13620=CARTESIAN_POINT('',(1.06301926370667,1.54241875231357,0.475));
#13621=CARTESIAN_POINT('',(1.0960065770549,1.59028265509867,-8.67361737988404E-17));
#13622=CARTESIAN_POINT('',(1.04980603715129,1.62115286892259,-8.67361737988404E-17));
#13623=CARTESIAN_POINT('',(1.65128312269008,1.00009402814276,0.475));
#13624=CARTESIAN_POINT('',(1.65128312269008,1.00009402814276,-0.474999999999999));
#13625=CARTESIAN_POINT('',(1.66486526818457,1.00832611435489,0.475));
#13626=CARTESIAN_POINT('',(1.66486526818457,1.00832611435489,-0.474999999999999));
#13627=CARTESIAN_POINT('',(1.68163641188442,1.01846701286984,0.475));
#13628=CARTESIAN_POINT('',(1.68163641188442,1.01846701286984,-0.474999999999999));
#13629=CARTESIAN_POINT('',(1.68395792187181,1.01981044549956,0.475));
#13630=CARTESIAN_POINT('',(1.68395792187181,1.01981044549956,-0.474999999999999));
#13631=CARTESIAN_POINT('',(1.68786230923923,1.02189564746856,0.475000000000001));
#13632=CARTESIAN_POINT('',(1.68786230923923,1.02189564746856,-0.474999999999999));
#13633=CARTESIAN_POINT('',(1.69400296180588,1.0248703305458,0.475));
#13634=CARTESIAN_POINT('',(1.69400296180588,1.0248703305458,-0.474999999999999));
#13635=CARTESIAN_POINT('',(1.70605360883196,1.03012960971865,0.475));
#13636=CARTESIAN_POINT('',(1.70605360883196,1.03012960971865,-0.474999999999999));
#13637=CARTESIAN_POINT('',(1.72412858481062,1.03694756737118,0.475));
#13638=CARTESIAN_POINT('',(1.72412858481062,1.03694756737118,-0.474999999999999));
#13639=CARTESIAN_POINT('',(1.74944489707422,1.04481926070064,0.475));
#13640=CARTESIAN_POINT('',(1.74944489707422,1.04481926070064,-0.474999999999999));
#13641=CARTESIAN_POINT('',(1.77772487195351,1.0520047591275,0.475));
#13642=CARTESIAN_POINT('',(1.77772487195351,1.0520047591275,-0.474999999999999));
#13643=CARTESIAN_POINT('',(1.81879729459836,1.06036308403171,0.475));
#13644=CARTESIAN_POINT('',(1.81879729459836,1.06036308403171,-0.474999999999999));
#13645=CARTESIAN_POINT('',(1.85291632057289,1.06497969833044,0.475));
#13646=CARTESIAN_POINT('',(1.85291632057289,1.06497969833044,-0.474999999999999));
#13647=CARTESIAN_POINT('',(1.87680241989496,1.06718961608348,0.475));
#13648=CARTESIAN_POINT('',(1.87680241989496,1.06718961608348,-0.474999999999999));
#13649=CARTESIAN_POINT('',(1.65128312556574,1.00009402988568,0.475));
#13650=CARTESIAN_POINT('',(1.55588509638544,1.14286726405719,0.475));
#13651=CARTESIAN_POINT('',(1.55588509638544,1.14286726405719,-0.475));
#13652=CARTESIAN_POINT('',(1.56868821440342,1.15226524727995,0.475));
#13653=CARTESIAN_POINT('',(1.56868821440342,1.15226524727995,-0.475));
#13654=CARTESIAN_POINT('',(1.5844752218184,1.16387900983008,0.475));
#13655=CARTESIAN_POINT('',(1.5844752218184,1.16387900983008,-0.475000000000001));
#13656=CARTESIAN_POINT('',(1.58660479513855,1.16550969598207,0.475));
#13657=CARTESIAN_POINT('',(1.58660479513855,1.16550969598207,-0.475));
#13658=CARTESIAN_POINT('',(1.59002541491791,1.16831890731114,0.475));
#13659=CARTESIAN_POINT('',(1.59002541491791,1.16831890731114,-0.475000000000001));
#13660=CARTESIAN_POINT('',(1.59512358972985,1.17285376860354,0.475));
#13661=CARTESIAN_POINT('',(1.59512358972985,1.17285376860354,-0.475));
#13662=CARTESIAN_POINT('',(1.60459411307957,1.18197447573882,0.475));
#13663=CARTESIAN_POINT('',(1.60459411307957,1.18197447573882,-0.475));
#13664=CARTESIAN_POINT('',(1.61781007845569,1.19606445665994,0.475));
#13665=CARTESIAN_POINT('',(1.61781007845569,1.19606445665994,-0.475));
#13666=CARTESIAN_POINT('',(1.63477070808085,1.2164413127771,0.475));
#13667=CARTESIAN_POINT('',(1.63477070808085,1.2164413127771,-0.475));
#13668=CARTESIAN_POINT('',(1.65223152086233,1.23981883154678,0.475));
#13669=CARTESIAN_POINT('',(1.65223152086233,1.23981883154678,-0.475));
#13670=CARTESIAN_POINT('',(1.67567134184068,1.27456620971584,0.475));
#13671=CARTESIAN_POINT('',(1.67567134184068,1.27456620971584,-0.475000000000001));
#13672=CARTESIAN_POINT('',(1.69299332326969,1.30432137767719,0.475));
#13673=CARTESIAN_POINT('',(1.69299332326969,1.30432137767719,-0.475));
#13674=CARTESIAN_POINT('',(1.70417583552462,1.3255435570414,0.475));
#13675=CARTESIAN_POINT('',(1.70417583552462,1.3255435570414,-0.475));
#13676=CARTESIAN_POINT('',(1.55588509909616,1.14286726604696,-0.475));
#13677=CARTESIAN_POINT('',(4.13501843372994E-14,2.83530070186477E-14,0.475));
#13678=CARTESIAN_POINT('',(1.54241875231357,1.06301926370667,0.475));
#13679=CARTESIAN_POINT('',(1.57235984268344,1.01820925531862,0.475));
#13680=CARTESIAN_POINT('',(1.6211528689226,1.04980603715129,-8.67361737988404E-17));
#13681=CARTESIAN_POINT('',(1.59028265509867,1.09600657705489,-8.67361737988404E-17));
#13682=CARTESIAN_POINT('',(1.42444551451594,1.30302685796699,0.475));
#13683=CARTESIAN_POINT('',(1.42444551451594,1.30302685796699,-0.475));
#13684=CARTESIAN_POINT('',(1.43616068254324,1.31375051208906,0.475));
#13685=CARTESIAN_POINT('',(1.43616068254324,1.31375051208906,-0.475));
#13686=CARTESIAN_POINT('',(1.45063118226276,1.32696844390757,0.475));
#13687=CARTESIAN_POINT('',(1.45063118226276,1.32696844390757,-0.475));
#13688=CARTESIAN_POINT('',(1.45264599438237,1.32873896698701,0.475));
#13689=CARTESIAN_POINT('',(1.45264599438237,1.32873896698701,-0.475));
#13690=CARTESIAN_POINT('',(1.45606855731771,1.33154581057366,0.475));
#13691=CARTESIAN_POINT('',(1.45606855731771,1.33154581057366,-0.475));
#13692=CARTESIAN_POINT('',(1.46151088708773,1.3356613178363,0.475));
#13693=CARTESIAN_POINT('',(1.46151088708773,1.3356613178363,-0.475));
#13694=CARTESIAN_POINT('',(1.47230394984284,1.34317050604338,0.475));
#13695=CARTESIAN_POINT('',(1.47230394984284,1.34317050604338,-0.475));
#13696=CARTESIAN_POINT('',(1.48870150267242,1.3533837114355,0.475));
#13697=CARTESIAN_POINT('',(1.48870150267242,1.3533837114355,-0.475));
#13698=CARTESIAN_POINT('',(1.51199567790819,1.36604311989665,0.475));
#13699=CARTESIAN_POINT('',(1.51199567790819,1.36604311989665,-0.475));
#13700=CARTESIAN_POINT('',(1.53833043979804,1.37860770039189,0.475));
#13701=CARTESIAN_POINT('',(1.53833043979804,1.37860770039189,-0.475));
#13702=CARTESIAN_POINT('',(1.57698303906153,1.39481825458653,0.475));
#13703=CARTESIAN_POINT('',(1.57698303906153,1.39481825458653,-0.475));
#13704=CARTESIAN_POINT('',(1.6095458207489,1.40600245370029,0.475));
#13705=CARTESIAN_POINT('',(1.6095458207489,1.40600245370029,-0.475));
#13706=CARTESIAN_POINT('',(1.63254182180415,1.41282985531181,0.475));
#13707=CARTESIAN_POINT('',(1.63254182180415,1.41282985531181,-0.475));
#13708=CARTESIAN_POINT('',(1.42444551699631,1.30302686023744,0.475));
#13709=CARTESIAN_POINT('',(1.30302685796699,1.42444551451593,0.475));
#13710=CARTESIAN_POINT('',(1.30302685796699,1.42444551451593,-0.475));
#13711=CARTESIAN_POINT('',(1.31375051208906,1.43616068254323,0.475));
#13712=CARTESIAN_POINT('',(1.31375051208906,1.43616068254323,-0.475));
#13713=CARTESIAN_POINT('',(1.32696844390757,1.45063118226276,0.475));
#13714=CARTESIAN_POINT('',(1.32696844390757,1.45063118226276,-0.475));
#13715=CARTESIAN_POINT('',(1.32873896698701,1.45264599438237,0.475));
#13716=CARTESIAN_POINT('',(1.32873896698701,1.45264599438237,-0.475));
#13717=CARTESIAN_POINT('',(1.33154581057366,1.45606855731771,0.475));
#13718=CARTESIAN_POINT('',(1.33154581057366,1.45606855731771,-0.475));
#13719=CARTESIAN_POINT('',(1.3356613178363,1.46151088708772,0.475));
#13720=CARTESIAN_POINT('',(1.3356613178363,1.46151088708772,-0.475));
#13721=CARTESIAN_POINT('',(1.34317050604338,1.47230394984284,0.475));
#13722=CARTESIAN_POINT('',(1.34317050604338,1.47230394984284,-0.475));
#13723=CARTESIAN_POINT('',(1.3533837114355,1.48870150267242,0.475));
#13724=CARTESIAN_POINT('',(1.3533837114355,1.48870150267242,-0.475));
#13725=CARTESIAN_POINT('',(1.36604311989666,1.51199567790819,0.475));
#13726=CARTESIAN_POINT('',(1.36604311989666,1.51199567790819,-0.475));
#13727=CARTESIAN_POINT('',(1.37860770039189,1.53833043979804,0.475));
#13728=CARTESIAN_POINT('',(1.37860770039189,1.53833043979804,-0.475));
#13729=CARTESIAN_POINT('',(1.39481825458653,1.57698303906153,0.475));
#13730=CARTESIAN_POINT('',(1.39481825458653,1.57698303906153,-0.475));
#13731=CARTESIAN_POINT('',(1.40600245370029,1.6095458207489,0.475));
#13732=CARTESIAN_POINT('',(1.40600245370029,1.6095458207489,-0.475));
#13733=CARTESIAN_POINT('',(1.41282985531181,1.63254182180415,0.475));
#13734=CARTESIAN_POINT('',(1.41282985531181,1.63254182180415,-0.475));
#13735=CARTESIAN_POINT('',(1.30302686023744,1.42444551699631,-0.475));
#13736=CARTESIAN_POINT('',(3.502425487059E-14,3.58752327168493E-14,0.475));
#13737=CARTESIAN_POINT('',(1.30539683802118,1.34350461770115,0.475));
#13738=CARTESIAN_POINT('',(1.34350461770115,1.30539683802118,0.475));
#13739=CARTESIAN_POINT('',(1.38519587328043,1.34590554375191,-8.67361737988404E-17));
#13740=CARTESIAN_POINT('',(1.34590554375191,1.38519587328043,-8.67361737988404E-17));
#13741=CARTESIAN_POINT('',(1.81466284650949,0.658728145676185,0.475));
#13742=CARTESIAN_POINT('',(1.81466284650949,0.658728145676185,-0.475));
#13743=CARTESIAN_POINT('',(1.82959001523678,0.664152309521871,0.475));
#13744=CARTESIAN_POINT('',(1.82959001523678,0.664152309521871,-0.475));
#13745=CARTESIAN_POINT('',(1.84801729726993,0.670826465690412,0.475));
#13746=CARTESIAN_POINT('',(1.84801729726993,0.670826465690412,-0.475));
#13747=CARTESIAN_POINT('',(1.85055629079821,0.671691180507844,0.475));
#13748=CARTESIAN_POINT('',(1.85055629079821,0.671691180507844,-0.475));
#13749=CARTESIAN_POINT('',(1.85479245918076,0.672974607716931,0.475));
#13750=CARTESIAN_POINT('',(1.85479245918076,0.672974607716931,-0.475));
#13751=CARTESIAN_POINT('',(1.86139545270964,0.67469415120633,0.475));
#13752=CARTESIAN_POINT('',(1.86139545270964,0.67469415120633,-0.475));
#13753=CARTESIAN_POINT('',(1.87424058439956,0.677501410195775,0.475));
#13754=CARTESIAN_POINT('',(1.87424058439956,0.677501410195775,-0.475));
#13755=CARTESIAN_POINT('',(1.89329837233699,0.680662109819674,0.475));
#13756=CARTESIAN_POINT('',(1.89329837233699,0.680662109819674,-0.475));
#13757=CARTESIAN_POINT('',(1.91966392994568,0.683443583257295,0.475));
#13758=CARTESIAN_POINT('',(1.91966392994568,0.683443583257295,-0.475));
#13759=CARTESIAN_POINT('',(1.94880233423941,0.684973864940908,0.475));
#13760=CARTESIAN_POINT('',(1.94880233423941,0.684973864940908,-0.475));
#13761=CARTESIAN_POINT('',(1.99071619009705,0.685158754816017,0.475));
#13762=CARTESIAN_POINT('',(1.99071619009705,0.685158754816017,-0.475));
#13763=CARTESIAN_POINT('',(2.02508028532474,0.68303037040127,0.475));
#13764=CARTESIAN_POINT('',(2.02508028532474,0.68303037040127,-0.475));
#13765=CARTESIAN_POINT('',(2.04893855351214,0.680537878395898,0.475));
#13766=CARTESIAN_POINT('',(2.04893855351214,0.680537878395898,-0.475));
#13767=CARTESIAN_POINT('',(1.81466284966992,0.658728146824607,0.475));
#13768=CARTESIAN_POINT('',(1.74895154310021,0.817369265568072,0.475));
#13769=CARTESIAN_POINT('',(1.74895154310021,0.817369265568072,-0.475000000000001));
#13770=CARTESIAN_POINT('',(1.76334210836874,0.824088904761498,0.475));
#13771=CARTESIAN_POINT('',(1.76334210836874,0.824088904761498,-0.475000000000001));
#13772=CARTESIAN_POINT('',(1.78109150553869,0.832399619760505,0.475));
#13773=CARTESIAN_POINT('',(1.78109150553869,0.832399619760505,-0.475000000000001));
#13774=CARTESIAN_POINT('',(1.78349829079114,0.833583513590546,0.475));
#13775=CARTESIAN_POINT('',(1.78349829079114,0.833583513590546,-0.475000000000001));
#13776=CARTESIAN_POINT('',(1.78740123426338,0.835671416897388,0.475));
#13777=CARTESIAN_POINT('',(1.78740123426338,0.835671416897388,-0.475000000000001));
#13778=CARTESIAN_POINT('',(1.79328615662569,0.839124537535892,0.475));
#13779=CARTESIAN_POINT('',(1.79328615662569,0.839124537535892,-0.475000000000001));
#13780=CARTESIAN_POINT('',(1.80435406821684,0.846222385391083,0.475));
#13781=CARTESIAN_POINT('',(1.80435406821684,0.846222385391083,-0.475000000000001));
#13782=CARTESIAN_POINT('',(1.82006491143917,0.857463324338702,0.475));
#13783=CARTESIAN_POINT('',(1.82006491143917,0.857463324338702,-0.475000000000001));
#13784=CARTESIAN_POINT('',(1.84067497474347,0.874139790184141,0.475));
#13785=CARTESIAN_POINT('',(1.84067497474347,0.874139790184141,-0.475000000000001));
#13786=CARTESIAN_POINT('',(1.86236101056813,0.893661680897583,0.475));
#13787=CARTESIAN_POINT('',(1.86236101056813,0.893661680897583,-0.475000000000001));
#13788=CARTESIAN_POINT('',(1.89212931915521,0.923168515715738,0.475));
#13789=CARTESIAN_POINT('',(1.89212931915521,0.923168515715738,-0.475000000000001));
#13790=CARTESIAN_POINT('',(1.9149234088674,0.948972595533223,0.475));
#13791=CARTESIAN_POINT('',(1.9149234088674,0.948972595533223,-0.475000000000001));
#13792=CARTESIAN_POINT('',(1.93003129409104,0.967605396754944,0.475));
#13793=CARTESIAN_POINT('',(1.93003129409104,0.967605396754944,-0.475000000000001));
#13794=CARTESIAN_POINT('',(1.74895154614703,0.817369266990777,-0.475));
#13795=CARTESIAN_POINT('',(4.6087049409377E-14,1.97411911612692E-14,0.475));
#13796=CARTESIAN_POINT('',(1.72016637895295,0.741682675556011,0.475));
#13797=CARTESIAN_POINT('',(1.74079016070097,0.691892461952499,0.475));
#13798=CARTESIAN_POINT('',(1.79480986896507,0.713363073280952,-8.67361737988404E-17));
#13799=CARTESIAN_POINT('',(1.77354609585077,0.764698362720705,-8.67361737988404E-17));
#13800=CARTESIAN_POINT('',(1.90830609481219,0.292047709990276,0.475));
#13801=CARTESIAN_POINT('',(1.90830609481219,0.292047709990276,-0.475));
#13802=CARTESIAN_POINT('',(1.92400464404933,0.294455503894826,0.475));
#13803=CARTESIAN_POINT('',(1.92400464404933,0.294455503894826,-0.475));
#13804=CARTESIAN_POINT('',(1.94337991430139,0.297406433638314,0.475));
#13805=CARTESIAN_POINT('',(1.94337991430139,0.297406433638314,-0.475));
#13806=CARTESIAN_POINT('',(1.94603881927316,0.297759200137968,0.475));
#13807=CARTESIAN_POINT('',(1.94603881927316,0.297759200137968,-0.475));
#13808=CARTESIAN_POINT('',(1.95044397509557,0.298191531199244,0.475));
#13809=CARTESIAN_POINT('',(1.95044397509557,0.298191531199244,-0.475));
#13810=CARTESIAN_POINT('',(1.95725556024836,0.298589854008839,0.475));
#13811=CARTESIAN_POINT('',(1.95725556024836,0.298589854008839,-0.475));
#13812=CARTESIAN_POINT('',(1.97040154539491,0.29883721142624,0.475));
#13813=CARTESIAN_POINT('',(1.97040154539491,0.29883721142624,-0.475));
#13814=CARTESIAN_POINT('',(1.98970976518841,0.298219189107509,0.475));
#13815=CARTESIAN_POINT('',(1.98970976518841,0.298219189107509,-0.475));
#13816=CARTESIAN_POINT('',(2.01611135454926,0.295803552188945,0.475));
#13817=CARTESIAN_POINT('',(2.01611135454926,0.295803552188945,-0.475));
#13818=CARTESIAN_POINT('',(2.04498841572142,0.291619809262403,0.475));
#13819=CARTESIAN_POINT('',(2.04498841572142,0.291619809262403,-0.475));
#13820=CARTESIAN_POINT('',(2.08613297881681,0.283624158894202,0.475));
#13821=CARTESIAN_POINT('',(2.08613297881681,0.283624158894202,-0.475));
#13822=CARTESIAN_POINT('',(2.11942155038968,0.27483256838541,0.475));
#13823=CARTESIAN_POINT('',(2.11942155038968,0.27483256838541,-0.475));
#13824=CARTESIAN_POINT('',(2.14233512757582,0.267733451691597,0.475));
#13825=CARTESIAN_POINT('',(2.14233512757582,0.267733451691597,-0.475));
#13826=CARTESIAN_POINT('',(1.90830609813594,0.292047710500062,0.475));
#13827=CARTESIAN_POINT('',(1.87480676283696,0.46046022458914,0.475));
#13828=CARTESIAN_POINT('',(1.87480676283696,0.46046022458914,-0.475));
#13829=CARTESIAN_POINT('',(1.89023175400309,0.464243287787441,0.475));
#13830=CARTESIAN_POINT('',(1.89023175400309,0.464243287787441,-0.475));
#13831=CARTESIAN_POINT('',(1.90926144154876,0.468931579118615,0.475));
#13832=CARTESIAN_POINT('',(1.90926144154876,0.468931579118615,-0.475));
#13833=CARTESIAN_POINT('',(1.91185294732598,0.469623184250757,0.475));
#13834=CARTESIAN_POINT('',(1.91185294732598,0.469623184250757,-0.475));
#13835=CARTESIAN_POINT('',(1.91608822656228,0.470909542582201,0.475));
#13836=CARTESIAN_POINT('',(1.91608822656228,0.470909542582201,-0.475));
#13837=CARTESIAN_POINT('',(1.92253374220887,0.473148221077201,0.475));
#13838=CARTESIAN_POINT('',(1.92253374220887,0.473148221077201,-0.475));
#13839=CARTESIAN_POINT('',(1.93477370840597,0.477950443339748,0.475));
#13840=CARTESIAN_POINT('',(1.93477370840597,0.477950443339748,-0.475));
#13841=CARTESIAN_POINT('',(1.9523756705802,0.485910357334096,0.475));
#13842=CARTESIAN_POINT('',(1.9523756705802,0.485910357334096,-0.475));
#13843=CARTESIAN_POINT('',(1.97584313438912,0.49824556567764,0.475));
#13844=CARTESIAN_POINT('',(1.97584313438912,0.49824556567764,-0.475));
#13845=CARTESIAN_POINT('',(2.00092101106189,0.513161613022741,0.475));
#13846=CARTESIAN_POINT('',(2.00092101106189,0.513161613022741,-0.475));
#13847=CARTESIAN_POINT('',(2.03587382785295,0.536293973375545,0.475));
#13848=CARTESIAN_POINT('',(2.03587382785295,0.536293973375545,-0.475));
#13849=CARTESIAN_POINT('',(2.06326406176378,0.557155328732868,0.475));
#13850=CARTESIAN_POINT('',(2.06326406176378,0.557155328732868,-0.475));
#13851=CARTESIAN_POINT('',(2.08171673239955,0.572482703710552,0.475));
#13852=CARTESIAN_POINT('',(2.08171673239955,0.572482703710552,-0.475));
#13853=CARTESIAN_POINT('',(1.87480676610279,0.460460225390103,-0.475));
#13854=CARTESIAN_POINT('',(4.90528150185674E-14,1.03707323985506E-14,0.475));
#13855=CARTESIAN_POINT('',(1.83180897632958,0.391843638124172,0.475));
#13856=CARTESIAN_POINT('',(1.84232288908913,0.338986629291302,0.475));
#13857=CARTESIAN_POINT('',(1.89949333228419,0.349505966563047,-8.67361737988404E-17));
#13858=CARTESIAN_POINT('',(1.88865315475545,0.404003219154942,-8.67361737988404E-17));
#13859=CARTESIAN_POINT('',(0.,5.81707229594993E-17,0.625));
#13860=CARTESIAN_POINT('',(0.,5.81707229594993E-17,0.625));
#13861=CARTESIAN_POINT('',(0.95,5.81707229594993E-17,0.625));
#13862=CARTESIAN_POINT('',(0.,0.,0.625));
#13863=CARTESIAN_POINT('',(0.554256258422041,0.32,0.625));
#13864=CARTESIAN_POINT('',(0.739008344562721,1.7347234759768E-16,0.625));
#13865=CARTESIAN_POINT('',(0.369504172281361,0.64,0.625));
#13866=CARTESIAN_POINT('',(0.554256258422041,-0.32,0.625));
#13867=CARTESIAN_POINT('',(0.369504172281361,-0.64,0.625));
#13868=CARTESIAN_POINT('',(-4.33680868994202E-17,-0.64,0.625));
#13869=CARTESIAN_POINT('',(-0.369504172281361,-0.64,0.625));
#13870=CARTESIAN_POINT('',(-0.554256258422041,-0.32,0.625));
#13871=CARTESIAN_POINT('',(-0.739008344562721,4.33680868994202E-17,0.625));
#13872=CARTESIAN_POINT('',(-0.554256258422041,0.32,0.625));
#13873=CARTESIAN_POINT('',(-0.369504172281361,0.64,0.625));
#13874=CARTESIAN_POINT('',(0.,0.64,0.625));
#13875=CARTESIAN_POINT('',(0.,-5.81707229594993E-17,-0.625));
#13876=CARTESIAN_POINT('',(0.,-5.81707229594993E-17,-0.625));
#13877=CARTESIAN_POINT('',(-0.95,-5.81707229594993E-17,-0.625));
#13878=CARTESIAN_POINT('',(0.,0.,-0.625));
#13879=CARTESIAN_POINT('',(0.554256258422041,0.32,-0.625));
#13880=CARTESIAN_POINT('',(0.369504172281361,0.64,-0.625));
#13881=CARTESIAN_POINT('',(0.739008344562721,1.7347234759768E-16,-0.625));
#13882=CARTESIAN_POINT('',(0.,0.64,-0.625));
#13883=CARTESIAN_POINT('',(-0.369504172281361,0.64,-0.625));
#13884=CARTESIAN_POINT('',(-0.554256258422041,0.32,-0.625));
#13885=CARTESIAN_POINT('',(-0.739008344562721,4.33680868994202E-17,-0.625));
#13886=CARTESIAN_POINT('',(-0.554256258422041,-0.32,-0.625));
#13887=CARTESIAN_POINT('',(-0.369504172281361,-0.64,-0.625));
#13888=CARTESIAN_POINT('',(-1.50231459873716E-16,-0.64,-0.625));
#13889=CARTESIAN_POINT('',(0.36950417228136,-0.64,-0.625));
#13890=CARTESIAN_POINT('',(0.554256258422041,-0.32,-0.625));
#13891=CARTESIAN_POINT('',(0.554256258422041,0.32,-5.59368884772472));
#13892=CARTESIAN_POINT('',(0.739008344562721,1.7347234759768E-16,-5.59368884772472));
#13893=CARTESIAN_POINT('',(0.369504172281361,0.64,-5.59368884772472));
#13894=CARTESIAN_POINT('',(0.,0.64,-5.59368884772472));
#13895=CARTESIAN_POINT('',(-0.369504172281361,0.64,-5.59368884772472));
#13896=CARTESIAN_POINT('',(-0.554256258422041,0.32,-5.59368884772472));
#13897=CARTESIAN_POINT('',(-0.739008344562721,4.33680868994202E-17,-5.59368884772472));
#13898=CARTESIAN_POINT('',(-0.554256258422041,-0.32,-5.59368884772472));
#13899=CARTESIAN_POINT('',(-0.369504172281361,-0.64,-5.59368884772472));
#13900=CARTESIAN_POINT('',(-4.33680868994202E-17,-0.64,-5.59368884772472));
#13901=CARTESIAN_POINT('',(0.36950417228136,-0.64,-5.59368884772472));
#13902=CARTESIAN_POINT('',(0.554256258422041,-0.32,-5.59368884772472));
#13903=CARTESIAN_POINT('',(-0.277806507492812,1.24039990773456,0.465));
#13904=CARTESIAN_POINT('',(-0.253340614221586,1.1583994833265,0.465));
#13905=CARTESIAN_POINT('',(-0.253366895093416,1.1583917960025,0.465));
#13906=CARTESIAN_POINT('',(-0.277806507492812,1.24039990773456,0.465));
#13907=CARTESIAN_POINT('',(-0.302272400764038,1.32240033214263,0.465));
#13908=CARTESIAN_POINT('',(-0.302272400764038,1.32240033214263,0.465));
#13909=CARTESIAN_POINT('',(0.387732336353691,1.34591744365526,0.465));
#13910=CARTESIAN_POINT('',(-0.24011623063411,1.11772913725866,0.465));
#13911=CARTESIAN_POINT('',(-0.240110672564728,1.11773134298699,0.465));
#13912=CARTESIAN_POINT('',(0.387732336353691,1.34591744365526,0.465));
#13913=CARTESIAN_POINT('',(-0.23292309763126,1.0973934204103,0.465000000007421));
#13914=CARTESIAN_POINT('',(-0.228286835963055,1.08433969178318,0.465));
#13915=CARTESIAN_POINT('',(-0.228286835963055,1.08433969178318,0.465));
#13916=CARTESIAN_POINT('',(-0.23292309763126,1.0973934204103,0.465));
#13917=CARTESIAN_POINT('',(-0.229031928016773,1.08411738387691,0.465));
#13918=CARTESIAN_POINT('',(-0.229813777982524,1.08388410876944,0.465));
#13919=CARTESIAN_POINT('',(-0.229813777982524,1.08388410876944,0.465));
#13920=CARTESIAN_POINT('',(-0.229031928016773,1.08411738387691,0.465));
#13921=CARTESIAN_POINT('',(-0.343352413986833,1.18007597782962,0.465));
#13922=CARTESIAN_POINT('',(-0.456891049991141,1.27626784688979,0.465));
#13923=CARTESIAN_POINT('',(-0.456891049991141,1.27626784688979,0.465));
#13924=CARTESIAN_POINT('',(-0.343352413986833,1.18007597782962,0.465));
#13925=CARTESIAN_POINT('',(-0.475655449169188,1.27066924431056,0.465));
#13926=CARTESIAN_POINT('',(-0.494419848347234,1.26507064173133,0.465));
#13927=CARTESIAN_POINT('',(-0.494419848347234,1.26507064173133,0.465));
#13928=CARTESIAN_POINT('',(-0.475655449169188,1.27066924431056,0.465));
#13929=CARTESIAN_POINT('',(-0.451786489706414,1.12217974199051,0.465));
#13930=CARTESIAN_POINT('',(-0.409153131065595,0.979288842249684,0.465));
#13931=CARTESIAN_POINT('',(-0.409153131065595,0.979288842249684,0.465));
#13932=CARTESIAN_POINT('',(-0.451786489706414,1.12217974199051,0.465));
#13933=CARTESIAN_POINT('',(-0.393797597738227,0.983870365360352,0.465));
#13934=CARTESIAN_POINT('',(-0.378442064410858,0.98845188847102,0.465));
#13935=CARTESIAN_POINT('',(-0.378442064410858,0.98845188847102,0.465));
#13936=CARTESIAN_POINT('',(-0.393797597738227,0.983870365360352,0.465));
#13937=CARTESIAN_POINT('',(-0.402674682574616,1.06967046291333,0.465));
#13938=CARTESIAN_POINT('',(-0.426907300738374,1.15088903735564,0.465));
#13939=CARTESIAN_POINT('',(-0.426895760768952,1.15089253541682,0.465));
#13940=CARTESIAN_POINT('',(-0.402674682574616,1.06967046291333,0.465));
#13941=CARTESIAN_POINT('',(-1.48338785809264,0.830642640450102,0.465));
#13942=CARTESIAN_POINT('',(-0.453141207289546,1.22732136433842,0.465));
#13943=CARTESIAN_POINT('',(-0.453119605236398,1.22732780953658,0.465));
#13944=CARTESIAN_POINT('',(-1.48338785809264,0.830642640450102,0.465));
#13945=CARTESIAN_POINT('',(-0.452337755270646,1.22756108464405,0.465));
#13946=CARTESIAN_POINT('',(-0.451555905304894,1.22779435975152,0.465));
#13947=CARTESIAN_POINT('',(-0.451555905304894,1.22779435975152,0.465));
#13948=CARTESIAN_POINT('',(-0.452337755270646,1.22756108464405,0.465));
#13949=CARTESIAN_POINT('',(-0.337689660244325,1.13118936673769,0.465));
#13950=CARTESIAN_POINT('',(-0.223823415183755,1.03458437372386,0.465));
#13951=CARTESIAN_POINT('',(-0.223823415183755,1.03458437372386,0.465));
#13952=CARTESIAN_POINT('',(-0.337689660244325,1.13118936673769,0.465));
#13953=CARTESIAN_POINT('',(-0.204871372013928,1.04023896232888,0.465));
#13954=CARTESIAN_POINT('',(-0.185919328844101,1.0458935509339,0.465));
#13955=CARTESIAN_POINT('',(-0.185919328844101,1.0458935509339,0.465));
#13956=CARTESIAN_POINT('',(-0.204871372013928,1.04023896232888,0.465));
#13957=CARTESIAN_POINT('',(-0.228552687484921,1.18878445067472,0.465));
#13958=CARTESIAN_POINT('',(-0.271186046125741,1.33167535041555,0.465));
#13959=CARTESIAN_POINT('',(-0.271186046125741,1.33167535041555,0.465));
#13960=CARTESIAN_POINT('',(-0.228552687484921,1.18878445067472,0.465));
#13961=CARTESIAN_POINT('',(-0.286729223444889,1.32703784127909,0.465));
#13962=CARTESIAN_POINT('',(-0.286729223444889,1.32703784127909,0.465));
#13963=CARTESIAN_POINT('',(-0.347194859471524,1.15471427836356,0.465));
#13964=CARTESIAN_POINT('',(-0.0759172708411372,-1.09213840669255,0.465));
#13965=CARTESIAN_POINT('',(-0.0760366800131823,-1.09305559694425,0.465));
#13966=CARTESIAN_POINT('',(-0.0760366800131823,-1.09305559694425,0.465));
#13967=CARTESIAN_POINT('',(-0.0759172708411372,-1.09213840669255,0.465));
#13968=CARTESIAN_POINT('',(-0.0757978616690921,-1.09122121644084,0.465));
#13969=CARTESIAN_POINT('',(-0.0757978616690921,-1.09122121644084,0.465));
#13970=CARTESIAN_POINT('',(-0.11739557689173,-1.12415971270909,0.465));
#13971=CARTESIAN_POINT('',(-0.158754473770278,-1.15526382847393,0.465));
#13972=CARTESIAN_POINT('',(-0.158754473770278,-1.15526382847393,0.465));
#13973=CARTESIAN_POINT('',(-0.11739557689173,-1.12415971270909,0.465));
#13974=CARTESIAN_POINT('',(-0.23594186333045,-1.22543009692803,0.465));
#13975=CARTESIAN_POINT('',(-0.23594186333045,-1.22543009692803,0.475));
#13976=CARTESIAN_POINT('',(-0.221299552955258,-1.20619436258163,0.465));
#13977=CARTESIAN_POINT('',(-0.221299552955258,-1.20619436258163,0.475));
#13978=CARTESIAN_POINT('',(-0.195570423101868,-1.18280560643026,0.465));
#13979=CARTESIAN_POINT('',(-0.195570423101868,-1.18280560643026,0.475));
#13980=CARTESIAN_POINT('',(-0.158754473770278,-1.15526382847393,0.465));
#13981=CARTESIAN_POINT('',(-0.158754473770278,-1.15526382847393,0.475));
#13982=CARTESIAN_POINT('',(-0.23594186333045,-1.22543009692803,0.465));
#13983=CARTESIAN_POINT('',(-0.23594186333045,-1.22543009692803,0.465));
#13984=CARTESIAN_POINT('',(-0.23594186333045,-1.22543009692803,0.465));
#13985=CARTESIAN_POINT('',(-0.213978397767663,-1.19657649540843,0.465));
#13986=CARTESIAN_POINT('',(-0.158754473770278,-1.15526382847393,0.465));
#13987=CARTESIAN_POINT('',(-0.262060768080407,-1.28620191920692,0.465));
#13988=CARTESIAN_POINT('',(-0.262060768080407,-1.28620191920692,0.475));
#13989=CARTESIAN_POINT('',(-0.259290475288961,-1.26492310536739,0.465));
#13990=CARTESIAN_POINT('',(-0.259290475288961,-1.26492310536739,0.475));
#13991=CARTESIAN_POINT('',(-0.250584173705642,-1.24466583127443,0.465));
#13992=CARTESIAN_POINT('',(-0.250584173705642,-1.24466583127443,0.475));
#13993=CARTESIAN_POINT('',(-0.23594186333045,-1.22543009692803,0.465));
#13994=CARTESIAN_POINT('',(-0.23594186333045,-1.22543009692803,0.475));
#13995=CARTESIAN_POINT('',(-0.262060768080407,-1.28620191920692,0.465));
#13996=CARTESIAN_POINT('',(-0.262060768080407,-1.28620191920692,0.465));
#13997=CARTESIAN_POINT('',(-0.262060768080407,-1.28620191920692,0.465));
#13998=CARTESIAN_POINT('',(-0.257905328893237,-1.25428369844763,0.465));
#13999=CARTESIAN_POINT('',(-0.23594186333045,-1.22543009692803,0.465));
#14000=CARTESIAN_POINT('',(-0.243701070868269,-1.3546672008282,0.465));
#14001=CARTESIAN_POINT('',(-0.243701070868269,-1.3546672008282,0.475));
#14002=CARTESIAN_POINT('',(-0.259481748991405,-1.3362214280112,0.465));
#14003=CARTESIAN_POINT('',(-0.259481748991405,-1.3362214280112,0.475));
#14004=CARTESIAN_POINT('',(-0.265601648062118,-1.31339966747077,0.465));
#14005=CARTESIAN_POINT('',(-0.265601648062118,-1.31339966747077,0.475));
#14006=CARTESIAN_POINT('',(-0.262060768080407,-1.28620191920692,0.465));
#14007=CARTESIAN_POINT('',(-0.262060768080407,-1.28620191920692,0.475));
#14008=CARTESIAN_POINT('',(-0.243701070868269,-1.3546672008282,0.465));
#14009=CARTESIAN_POINT('',(-0.243701070868269,-1.3546672008282,0.465));
#14010=CARTESIAN_POINT('',(-0.243701070868269,-1.3546672008282,0.465));
#14011=CARTESIAN_POINT('',(-0.267372088052973,-1.32699854160269,0.465));
#14012=CARTESIAN_POINT('',(-0.262060768080407,-1.28620191920692,0.465));
#14013=CARTESIAN_POINT('',(-0.172776411915796,-1.38848782059747,0.465));
#14014=CARTESIAN_POINT('',(-0.172776411915796,-1.38848782059747,0.475));
#14015=CARTESIAN_POINT('',(-0.204278839760975,-1.38438651356829,0.465));
#14016=CARTESIAN_POINT('',(-0.204278839760975,-1.38438651356829,0.475));
#14017=CARTESIAN_POINT('',(-0.227920392745133,-1.3731129736452,0.465));
#14018=CARTESIAN_POINT('',(-0.227920392745133,-1.3731129736452,0.475));
#14019=CARTESIAN_POINT('',(-0.243701070868269,-1.3546672008282,0.465));
#14020=CARTESIAN_POINT('',(-0.243701070868269,-1.3546672008282,0.475));
#14021=CARTESIAN_POINT('',(-0.172776411915796,-1.38848782059747,0.465));
#14022=CARTESIAN_POINT('',(-0.172776411915796,-1.38848782059747,0.465));
#14023=CARTESIAN_POINT('',(-0.172776411915796,-1.38848782059747,0.465));
#14024=CARTESIAN_POINT('',(-0.220030053683565,-1.3823358600537,0.465));
#14025=CARTESIAN_POINT('',(-0.243701070868269,-1.3546672008282,0.465));
#14026=CARTESIAN_POINT('',(-0.0668702990025068,-1.36310083895088,0.465));
#14027=CARTESIAN_POINT('',(-0.0668702990025068,-1.36310083895088,0.475));
#14028=CARTESIAN_POINT('',(-0.101080265090434,-1.38476364932869,0.465));
#14029=CARTESIAN_POINT('',(-0.101080265090434,-1.38476364932869,0.475));
#14030=CARTESIAN_POINT('',(-0.136382302728197,-1.39322597654422,0.465));
#14031=CARTESIAN_POINT('',(-0.136382302728197,-1.39322597654422,0.475));
#14032=CARTESIAN_POINT('',(-0.172776411915796,-1.38848782059747,0.465));
#14033=CARTESIAN_POINT('',(-0.172776411915796,-1.38848782059747,0.475));
#14034=CARTESIAN_POINT('',(-0.0668702990025068,-1.36310083895088,0.465));
#14035=CARTESIAN_POINT('',(-0.0668702990025068,-1.36310083895088,0.465));
#14036=CARTESIAN_POINT('',(-0.0668702990025068,-1.36310083895088,0.465));
#14037=CARTESIAN_POINT('',(-0.118185248134398,-1.39559505451759,0.465));
#14038=CARTESIAN_POINT('',(-0.172776411915796,-1.38848782059747,0.465));
#14039=CARTESIAN_POINT('',(-0.0752733342619695,-1.34883661170433,0.465));
#14040=CARTESIAN_POINT('',(-0.0836763695214322,-1.33457238445778,0.465));
#14041=CARTESIAN_POINT('',(-0.0836763695214322,-1.33457238445778,0.465));
#14042=CARTESIAN_POINT('',(-0.0752733342619695,-1.34883661170433,0.465));
#14043=CARTESIAN_POINT('',(-0.128537601552097,-1.35417693448028,0.465));
#14044=CARTESIAN_POINT('',(-0.128537601552097,-1.35417693448028,0.475));
#14045=CARTESIAN_POINT('',(-0.115465176146409,-1.35120271875822,0.465));
#14046=CARTESIAN_POINT('',(-0.115465176146409,-1.35120271875822,0.475));
#14047=CARTESIAN_POINT('',(-0.100511432136187,-1.34466786875072,0.465));
#14048=CARTESIAN_POINT('',(-0.100511432136187,-1.34466786875072,0.475));
#14049=CARTESIAN_POINT('',(-0.0836763695214322,-1.33457238445778,0.465));
#14050=CARTESIAN_POINT('',(-0.0836763695214322,-1.33457238445778,0.475));
#14051=CARTESIAN_POINT('',(-0.128537601552097,-1.35417693448028,0.465));
#14052=CARTESIAN_POINT('',(-0.128537601552097,-1.35417693448028,0.465));
#14053=CARTESIAN_POINT('',(-0.128537601552097,-1.35417693448028,0.465));
#14054=CARTESIAN_POINT('',(-0.108928963443565,-1.34971561089719,0.465));
#14055=CARTESIAN_POINT('',(-0.0836763695214322,-1.33457238445778,0.465));
#14056=CARTESIAN_POINT('',(-0.153543803883504,-1.24260393473231,0.465));
#14057=CARTESIAN_POINT('',(-0.168984802179335,-1.35592528167451,0.465));
#14058=CARTESIAN_POINT('',(-0.168984802179335,-1.35592528167451,0.465));
#14059=CARTESIAN_POINT('',(-0.153543803883504,-1.24260393473231,0.465));
#14060=CARTESIAN_POINT('',(-0.212139652757876,-1.33433850056696,0.465));
#14061=CARTESIAN_POINT('',(-0.212139652757876,-1.33433850056696,0.475));
#14062=CARTESIAN_POINT('',(-0.202642976861313,-1.34622050323675,0.465));
#14063=CARTESIAN_POINT('',(-0.202642976861313,-1.34622050323675,0.475));
#14064=CARTESIAN_POINT('',(-0.188258026668466,-1.35341609693927,0.465));
#14065=CARTESIAN_POINT('',(-0.188258026668466,-1.35341609693927,0.475));
#14066=CARTESIAN_POINT('',(-0.168984802179335,-1.35592528167451,0.465));
#14067=CARTESIAN_POINT('',(-0.168984802179335,-1.35592528167451,0.475));
#14068=CARTESIAN_POINT('',(-0.212139652757876,-1.33433850056696,0.465));
#14069=CARTESIAN_POINT('',(-0.212139652757876,-1.33433850056696,0.465));
#14070=CARTESIAN_POINT('',(-0.212139652757876,-1.33433850056696,0.465));
#14071=CARTESIAN_POINT('',(-0.197894638913032,-1.35216150457165,0.465));
#14072=CARTESIAN_POINT('',(-0.168984802179335,-1.35592528167451,0.465));
#14073=CARTESIAN_POINT('',(-0.222888366045239,-1.2896601659924,0.465));
#14074=CARTESIAN_POINT('',(-0.222888366045239,-1.2896601659924,0.475));
#14075=CARTESIAN_POINT('',(-0.225219233083559,-1.30756371970565,0.465));
#14076=CARTESIAN_POINT('',(-0.225219233083559,-1.30756371970565,0.475));
#14077=CARTESIAN_POINT('',(-0.221636328654438,-1.32245649789717,0.465));
#14078=CARTESIAN_POINT('',(-0.221636328654438,-1.32245649789717,0.475));
#14079=CARTESIAN_POINT('',(-0.212139652757876,-1.33433850056696,0.465));
#14080=CARTESIAN_POINT('',(-0.212139652757876,-1.33433850056696,0.475));
#14081=CARTESIAN_POINT('',(-0.222888366045239,-1.2896601659924,0.465));
#14082=CARTESIAN_POINT('',(-0.222888366045239,-1.2896601659924,0.465));
#14083=CARTESIAN_POINT('',(-0.222888366045239,-1.2896601659924,0.465));
#14084=CARTESIAN_POINT('',(-0.226384666602719,-1.31651549656228,0.465));
#14085=CARTESIAN_POINT('',(-0.212139652757876,-1.33433850056696,0.465));
#14086=CARTESIAN_POINT('',(-0.125628970293953,-1.30141922609398,0.465));
#14087=CARTESIAN_POINT('',(-0.211844511141728,-1.25498242365075,0.465));
#14088=CARTESIAN_POINT('',(-0.21186429623396,-1.25497143880309,0.465));
#14089=CARTESIAN_POINT('',(-0.125628970293953,-1.30141922609398,0.465));
#14090=CARTESIAN_POINT('',(-0.0810261167408042,-1.32933548729627,0.465));
#14091=CARTESIAN_POINT('',(-0.188165376490284,-1.22355397695066,0.465));
#14092=CARTESIAN_POINT('',(-0.188165376490284,-1.22355397695066,0.465));
#14093=CARTESIAN_POINT('',(-0.0810261167408042,-1.32933548729627,0.465));
#14094=CARTESIAN_POINT('',(-0.127378694916289,-1.172183096531,0.465));
#14095=CARTESIAN_POINT('',(-0.127378694916289,-1.172183096531,0.475));
#14096=CARTESIAN_POINT('',(-0.157830190770481,-1.19592709256162,0.465));
#14097=CARTESIAN_POINT('',(-0.157830190770481,-1.19592709256162,0.475));
#14098=CARTESIAN_POINT('',(-0.178092417961812,-1.21305071936817,0.465));
#14099=CARTESIAN_POINT('',(-0.178092417961812,-1.21305071936817,0.475));
#14100=CARTESIAN_POINT('',(-0.188165376490284,-1.22355397695066,0.465));
#14101=CARTESIAN_POINT('',(-0.188165376490284,-1.22355397695066,0.475));
#14102=CARTESIAN_POINT('',(-0.127378694916289,-1.172183096531,0.465));
#14103=CARTESIAN_POINT('',(-0.127378694916289,-1.172183096531,0.465));
#14104=CARTESIAN_POINT('',(-0.127378694916289,-1.172183096531,0.465));
#14105=CARTESIAN_POINT('',(-0.173055938697576,-1.20779909057693,0.465));
#14106=CARTESIAN_POINT('',(-0.188165376490284,-1.22355397695066,0.465));
#14107=CARTESIAN_POINT('',(-0.0774688724442116,-1.13357374531742,0.465));
#14108=CARTESIAN_POINT('',(-0.0275590499721341,-1.09496439410385,0.465));
#14109=CARTESIAN_POINT('',(-0.0275590499721341,-1.09496439410385,0.465));
#14110=CARTESIAN_POINT('',(-0.0774688724442116,-1.13357374531742,0.465));
#14111=CARTESIAN_POINT('',(-0.0254240139759677,-1.07856503240339,0.465));
#14112=CARTESIAN_POINT('',(-0.0232889779798014,-1.06216567070293,0.465));
#14113=CARTESIAN_POINT('',(-0.0232889779798014,-1.06216567070293,0.465));
#14114=CARTESIAN_POINT('',(-0.0254240139759677,-1.07856503240339,0.465));
#14115=CARTESIAN_POINT('',(-0.133461871014436,-1.04782224095687,0.465));
#14116=CARTESIAN_POINT('',(-0.243634764049072,-1.03347881121081,0.465));
#14117=CARTESIAN_POINT('',(-0.243634764049072,-1.03347881121081,0.465));
#14118=CARTESIAN_POINT('',(-0.133461871014436,-1.04782224095687,0.465));
#14119=CARTESIAN_POINT('',(-0.245932196519219,-1.05112555165359,0.465));
#14120=CARTESIAN_POINT('',(-0.248229628989367,-1.06877229209637,0.465));
#14121=CARTESIAN_POINT('',(-0.248229628989367,-1.06877229209637,0.465));
#14122=CARTESIAN_POINT('',(-0.245932196519219,-1.05112555165359,0.465));
#14123=CARTESIAN_POINT('',(-0.162013745329229,-1.07999675426861,0.465));
#14124=CARTESIAN_POINT('',(-0.162013745329229,-1.07999675426861,0.465));
#14125=CARTESIAN_POINT('',(-0.159337691371666,-1.2173454365907,0.465));
#14126=CARTESIAN_POINT('',(-0.128231629081857,1.34707904758874,0.465));
#14127=CARTESIAN_POINT('',(-0.145476923490147,1.34536874972868,0.465));
#14128=CARTESIAN_POINT('',(-0.145476923490147,1.34536874972868,0.465));
#14129=CARTESIAN_POINT('',(-0.128231629081857,1.34707904758874,0.465));
#14130=CARTESIAN_POINT('',(-0.110986334673567,1.34878934544879,0.465));
#14131=CARTESIAN_POINT('',(-0.110986334673567,1.34878934544879,0.465));
#14132=CARTESIAN_POINT('',(-0.130760631733867,1.1969812729839,0.465));
#14133=CARTESIAN_POINT('',(-0.116044339977586,1.04859379623912,0.465));
#14134=CARTESIAN_POINT('',(-0.116044339977586,1.04859379623912,0.465));
#14135=CARTESIAN_POINT('',(-0.130760631733867,1.1969812729839,0.465));
#14136=CARTESIAN_POINT('',(-0.0987990455692953,1.05030409409917,0.465));
#14137=CARTESIAN_POINT('',(-0.0815537511610048,1.05201439195923,0.465));
#14138=CARTESIAN_POINT('',(-0.0815537511610048,1.05201439195923,0.465));
#14139=CARTESIAN_POINT('',(-0.0987990455692953,1.05030409409917,0.465));
#14140=CARTESIAN_POINT('',(-0.0962700429172857,1.20040186870401,0.465));
#14141=CARTESIAN_POINT('',(-0.0962700429172857,1.20040186870401,0.465));
#14142=CARTESIAN_POINT('',(-0.120558556394329,1.19927212270409,0.465));
#14143=CARTESIAN_POINT('',(0.138601692750484,1.35064084780119,0.465));
#14144=CARTESIAN_POINT('',(0.138601692750484,1.35064084780119,0.475));
#14145=CARTESIAN_POINT('',(0.169747680404328,1.34816982604499,0.465));
#14146=CARTESIAN_POINT('',(0.169747680404328,1.34816982604499,0.475));
#14147=CARTESIAN_POINT('',(0.19653873388142,1.34032591790356,0.465));
#14148=CARTESIAN_POINT('',(0.19653873388142,1.34032591790356,0.475));
#14149=CARTESIAN_POINT('',(0.218974853181761,1.3271091233769,0.465));
#14150=CARTESIAN_POINT('',(0.218974853181761,1.3271091233769,0.475));
#14151=CARTESIAN_POINT('',(0.138601692750484,1.35064084780119,0.465));
#14152=CARTESIAN_POINT('',(0.138601692750484,1.35064084780119,0.465));
#14153=CARTESIAN_POINT('',(0.138601692750484,1.35064084780119,0.465));
#14154=CARTESIAN_POINT('',(0.18532067423125,1.34693431516689,0.465));
#14155=CARTESIAN_POINT('',(0.218974853181761,1.3271091233769,0.465));
#14156=CARTESIAN_POINT('',(0.218974853181761,1.3271091233769,0.465));
#14157=CARTESIAN_POINT('',(0.218974853181761,1.3271091233769,0.465));
#14158=CARTESIAN_POINT('',(0.0607599756195097,1.33799169581042,0.465));
#14159=CARTESIAN_POINT('',(0.0607599756195097,1.33799169581042,0.475));
#14160=CARTESIAN_POINT('',(0.0833737550071811,1.34874749957785,0.465));
#14161=CARTESIAN_POINT('',(0.0833737550071811,1.34874749957785,0.475));
#14162=CARTESIAN_POINT('',(0.109320994050839,1.35296388357477,0.465));
#14163=CARTESIAN_POINT('',(0.109320994050839,1.35296388357477,0.475));
#14164=CARTESIAN_POINT('',(0.138601692750484,1.35064084780119,0.465));
#14165=CARTESIAN_POINT('',(0.138601692750484,1.35064084780119,0.475));
#14166=CARTESIAN_POINT('',(0.0607599756195097,1.33799169581042,0.465));
#14167=CARTESIAN_POINT('',(0.0607599756195097,1.33799169581042,0.465));
#14168=CARTESIAN_POINT('',(0.0607599756195097,1.33799169581042,0.465));
#14169=CARTESIAN_POINT('',(0.0946806447010168,1.35412540146156,0.465));
#14170=CARTESIAN_POINT('',(0.138601692750484,1.35064084780119,0.465));
#14171=CARTESIAN_POINT('',(0.113672525615909,1.22633584718953,0.465));
#14172=CARTESIAN_POINT('',(0.0069201144213823,1.28866961334752,0.465));
#14173=CARTESIAN_POINT('',(0.0069201144213823,1.28866961334752,0.465));
#14174=CARTESIAN_POINT('',(0.113672525615909,1.22633584718953,0.465));
#14175=CARTESIAN_POINT('',(-0.0166436627089049,1.209543073687,0.465));
#14176=CARTESIAN_POINT('',(-0.0166436627089049,1.209543073687,0.475));
#14177=CARTESIAN_POINT('',(-0.0142139393664603,1.24016851558619,0.465));
#14178=CARTESIAN_POINT('',(-0.0142139393664603,1.24016851558619,0.475));
#14179=CARTESIAN_POINT('',(-0.00635934698969791,1.26654402880636,0.465));
#14180=CARTESIAN_POINT('',(-0.00635934698969791,1.26654402880636,0.475));
#14181=CARTESIAN_POINT('',(0.0069201144213823,1.28866961334752,0.465));
#14182=CARTESIAN_POINT('',(0.0069201144213823,1.28866961334752,0.475));
#14183=CARTESIAN_POINT('',(-0.0166436627089049,1.209543073687,0.465));
#14184=CARTESIAN_POINT('',(-0.0166436627089049,1.209543073687,0.465));
#14185=CARTESIAN_POINT('',(-0.0166436627089049,1.209543073687,0.465));
#14186=CARTESIAN_POINT('',(-0.012999077695238,1.25548123653578,0.465));
#14187=CARTESIAN_POINT('',(0.0069201144213823,1.28866961334752,0.465));
#14188=CARTESIAN_POINT('',(0.0100586883020859,1.09342778133613,0.465));
#14189=CARTESIAN_POINT('',(0.0100586883020859,1.09342778133613,0.475));
#14190=CARTESIAN_POINT('',(-0.011624929931319,1.12190667529864,0.465));
#14191=CARTESIAN_POINT('',(-0.011624929931319,1.12190667529864,0.475));
#14192=CARTESIAN_POINT('',(-0.0205257136016492,1.16061177274893,0.465));
#14193=CARTESIAN_POINT('',(-0.0205257136016492,1.16061177274893,0.475));
#14194=CARTESIAN_POINT('',(-0.0166436627089049,1.209543073687,0.465));
#14195=CARTESIAN_POINT('',(-0.0166436627089049,1.209543073687,0.475));
#14196=CARTESIAN_POINT('',(0.0100586883020859,1.09342778133613,0.465));
#14197=CARTESIAN_POINT('',(0.0100586883020859,1.09342778133613,0.465));
#14198=CARTESIAN_POINT('',(0.0100586883020859,1.09342778133613,0.465));
#14199=CARTESIAN_POINT('',(-0.0224667390480214,1.13614612227989,0.465));
#14200=CARTESIAN_POINT('',(-0.0166436627089049,1.209543073687,0.465));
#14201=CARTESIAN_POINT('',(0.10823794895873,1.04550067795782,0.465));
#14202=CARTESIAN_POINT('',(0.10823794895873,1.04550067795782,0.475));
#14203=CARTESIAN_POINT('',(0.064468726754372,1.04897318624752,0.465));
#14204=CARTESIAN_POINT('',(0.064468726754372,1.04897318624752,0.475));
#14205=CARTESIAN_POINT('',(0.0317423065354907,1.06494888737362,0.465));
#14206=CARTESIAN_POINT('',(0.0317423065354907,1.06494888737362,0.475));
#14207=CARTESIAN_POINT('',(0.0100586883020859,1.09342778133613,0.465));
#14208=CARTESIAN_POINT('',(0.0100586883020859,1.09342778133613,0.475));
#14209=CARTESIAN_POINT('',(0.10823794895873,1.04550067795782,0.465));
#14210=CARTESIAN_POINT('',(0.10823794895873,1.04550067795782,0.465));
#14211=CARTESIAN_POINT('',(0.10823794895873,1.04550067795782,0.465));
#14212=CARTESIAN_POINT('',(0.0425841156521932,1.05070944039237,0.465));
#14213=CARTESIAN_POINT('',(0.0100586883020859,1.09342778133613,0.465));
#14214=CARTESIAN_POINT('',(0.185421954024185,1.05109767160359,0.465));
#14215=CARTESIAN_POINT('',(0.185421954024185,1.05109767160359,0.475));
#14216=CARTESIAN_POINT('',(0.164200983230403,1.04496759297428,0.465));
#14217=CARTESIAN_POINT('',(0.164200983230403,1.04496759297428,0.475));
#14218=CARTESIAN_POINT('',(0.138472981541918,1.04310192842569,0.465));
#14219=CARTESIAN_POINT('',(0.138472981541918,1.04310192842569,0.475));
#14220=CARTESIAN_POINT('',(0.10823794895873,1.04550067795782,0.465));
#14221=CARTESIAN_POINT('',(0.10823794895873,1.04550067795782,0.475));
#14222=CARTESIAN_POINT('',(0.185421954024185,1.05109767160359,0.465));
#14223=CARTESIAN_POINT('',(0.185421954024185,1.05109767160359,0.465));
#14224=CARTESIAN_POINT('',(0.185421954024185,1.05109767160359,0.465));
#14225=CARTESIAN_POINT('',(0.153590497833513,1.04190255365963,0.465));
#14226=CARTESIAN_POINT('',(0.10823794895873,1.04550067795782,0.465));
#14227=CARTESIAN_POINT('',(0.186622189173871,1.06622603259841,0.465));
#14228=CARTESIAN_POINT('',(0.187822424323556,1.08135439359323,0.465));
#14229=CARTESIAN_POINT('',(0.187822424323556,1.08135439359323,0.465));
#14230=CARTESIAN_POINT('',(0.186622189173871,1.06622603259841,0.465));
#14231=CARTESIAN_POINT('',(0.115945081136069,1.07579473104354,0.465));
#14232=CARTESIAN_POINT('',(0.115945081136069,1.07579473104354,0.475));
#14233=CARTESIAN_POINT('',(0.136680153696706,1.07414967756239,0.465));
#14234=CARTESIAN_POINT('',(0.136680153696706,1.07414967756239,0.475));
#14235=CARTESIAN_POINT('',(0.160639268092535,1.07600289841229,0.465));
#14236=CARTESIAN_POINT('',(0.160639268092535,1.07600289841229,0.475));
#14237=CARTESIAN_POINT('',(0.187822424323556,1.08135439359323,0.465));
#14238=CARTESIAN_POINT('',(0.187822424323556,1.08135439359323,0.475));
#14239=CARTESIAN_POINT('',(0.115945081136069,1.07579473104354,0.465));
#14240=CARTESIAN_POINT('',(0.115945081136069,1.07579473104354,0.465));
#14241=CARTESIAN_POINT('',(0.115945081136069,1.07579473104354,0.465));
#14242=CARTESIAN_POINT('',(0.147047689977025,1.07332715082182,0.465));
#14243=CARTESIAN_POINT('',(0.187822424323556,1.08135439359323,0.465));
#14244=CARTESIAN_POINT('',(0.0404877669575027,1.11383264301713,0.465));
#14245=CARTESIAN_POINT('',(0.0404877669575027,1.11383264301713,0.475));
#14246=CARTESIAN_POINT('',(0.057043926649401,1.0911515488597,0.465));
#14247=CARTESIAN_POINT('',(0.057043926649401,1.0911515488597,0.475));
#14248=CARTESIAN_POINT('',(0.0821963647089232,1.0784722448685,0.465));
#14249=CARTESIAN_POINT('',(0.0821963647089232,1.0784722448685,0.475));
#14250=CARTESIAN_POINT('',(0.115945081136069,1.07579473104354,0.465));
#14251=CARTESIAN_POINT('',(0.115945081136069,1.07579473104354,0.475));
#14252=CARTESIAN_POINT('',(0.0404877669575027,1.11383264301713,0.465));
#14253=CARTESIAN_POINT('',(0.0404877669575027,1.11383264301713,0.465));
#14254=CARTESIAN_POINT('',(0.0404877669575027,1.11383264301713,0.465));
#14255=CARTESIAN_POINT('',(0.0653220064953502,1.07981100178098,0.465));
#14256=CARTESIAN_POINT('',(0.115945081136069,1.07579473104354,0.465));
#14257=CARTESIAN_POINT('',(0.0202789497599464,1.20615540877524,0.465));
#14258=CARTESIAN_POINT('',(0.0202789497599464,1.20615540877524,0.475));
#14259=CARTESIAN_POINT('',(0.017195334866419,1.16728799242727,0.465));
#14260=CARTESIAN_POINT('',(0.017195334866419,1.16728799242727,0.475));
#14261=CARTESIAN_POINT('',(0.0239316072656044,1.13651373717456,0.465));
#14262=CARTESIAN_POINT('',(0.0239316072656044,1.13651373717456,0.475));
#14263=CARTESIAN_POINT('',(0.0404877669575027,1.11383264301713,0.465));
#14264=CARTESIAN_POINT('',(0.0404877669575027,1.11383264301713,0.475));
#14265=CARTESIAN_POINT('',(0.0202789497599464,1.20615540877524,0.465));
#14266=CARTESIAN_POINT('',(0.0202789497599464,1.20615540877524,0.465));
#14267=CARTESIAN_POINT('',(0.0202789497599464,1.20615540877524,0.465));
#14268=CARTESIAN_POINT('',(0.0156535274196553,1.14785428425328,0.465));
#14269=CARTESIAN_POINT('',(0.0404877669575027,1.11383264301713,0.465));
#14270=CARTESIAN_POINT('',(0.0557391148000848,1.29327584447897,0.465));
#14271=CARTESIAN_POINT('',(0.0557391148000848,1.29327584447897,0.475));
#14272=CARTESIAN_POINT('',(0.0351000228393481,1.27302187884847,0.465));
#14273=CARTESIAN_POINT('',(0.0351000228393481,1.27302187884847,0.475));
#14274=CARTESIAN_POINT('',(0.0232799678259686,1.24398173361389,0.465));
#14275=CARTESIAN_POINT('',(0.0232799678259686,1.24398173361389,0.475));
#14276=CARTESIAN_POINT('',(0.0202789497599464,1.20615540877524,0.465));
#14277=CARTESIAN_POINT('',(0.0202789497599464,1.20615540877524,0.475));
#14278=CARTESIAN_POINT('',(0.0557391148000848,1.29327584447897,0.465));
#14279=CARTESIAN_POINT('',(0.0557391148000848,1.29327584447897,0.465));
#14280=CARTESIAN_POINT('',(0.0557391148000848,1.29327584447897,0.465));
#14281=CARTESIAN_POINT('',(0.0247804768589797,1.26289489603322,0.465));
#14282=CARTESIAN_POINT('',(0.0202789497599464,1.20615540877524,0.465));
#14283=CARTESIAN_POINT('',(0.135694121898595,1.31976957973026,0.465));
#14284=CARTESIAN_POINT('',(0.135694121898595,1.31976957973026,0.475));
#14285=CARTESIAN_POINT('',(0.103029875793658,1.32236105519324,0.465));
#14286=CARTESIAN_POINT('',(0.103029875793658,1.32236105519324,0.475));
#14287=CARTESIAN_POINT('',(0.0763782067608216,1.31352981010947,0.465));
#14288=CARTESIAN_POINT('',(0.0763782067608216,1.31352981010947,0.475));
#14289=CARTESIAN_POINT('',(0.0557391148000848,1.29327584447897,0.465));
#14290=CARTESIAN_POINT('',(0.0557391148000848,1.29327584447897,0.475));
#14291=CARTESIAN_POINT('',(0.135694121898595,1.31976957973026,0.465));
#14292=CARTESIAN_POINT('',(0.135694121898595,1.31976957973026,0.465));
#14293=CARTESIAN_POINT('',(0.135694121898595,1.31976957973026,0.465));
#14294=CARTESIAN_POINT('',(0.08669775274119,1.32365679292473,0.465));
#14295=CARTESIAN_POINT('',(0.0557391148000848,1.29327584447897,0.465));
#14296=CARTESIAN_POINT('',(0.121451907046083,1.16182193983064,0.465));
#14297=CARTESIAN_POINT('',(0.201942852506807,1.29853639405595,0.465));
#14298=CARTESIAN_POINT('',(0.201942853247123,1.29853639116356,0.465));
#14299=CARTESIAN_POINT('',(0.121451907046083,1.16182193983064,0.465));
#14300=CARTESIAN_POINT('',(0.210477673714901,1.31285432831248,0.465));
#14301=CARTESIAN_POINT('',(0.210477673714901,1.31285432831248,0.465));
#14302=CARTESIAN_POINT('',(0.0965466462702662,1.20020279348948,0.465));
#14303=CARTESIAN_POINT('',(0.324012294202388,1.09508048645309,0.465));
#14304=CARTESIAN_POINT('',(0.341376467971658,1.1471217207564,0.465));
#14305=CARTESIAN_POINT('',(0.341376467971658,1.1471217207564,0.465));
#14306=CARTESIAN_POINT('',(0.324012294202388,1.09508048645309,0.465));
#14307=CARTESIAN_POINT('',(0.306648120433118,1.04303925214978,0.465));
#14308=CARTESIAN_POINT('',(0.306648120433118,1.04303925214978,0.465));
#14309=CARTESIAN_POINT('',(0.400011862243208,1.12755732746729,0.465));
#14310=CARTESIAN_POINT('',(0.458647256514758,1.10799293417818,0.465));
#14311=CARTESIAN_POINT('',(0.458647256514758,1.10799293417818,0.465));
#14312=CARTESIAN_POINT('',(0.400011862243208,1.12755732746729,0.465));
#14313=CARTESIAN_POINT('',(0.463491871326053,1.1225124695073,0.465));
#14314=CARTESIAN_POINT('',(0.468336486137348,1.13703200483642,0.465));
#14315=CARTESIAN_POINT('',(0.468336486137348,1.13703200483642,0.465));
#14316=CARTESIAN_POINT('',(0.463491871326053,1.1225124695073,0.465));
#14317=CARTESIAN_POINT('',(0.409701091865798,1.15659639812554,0.465));
#14318=CARTESIAN_POINT('',(0.351065697594248,1.17616079141465,0.465));
#14319=CARTESIAN_POINT('',(0.351065697594248,1.17616079141465,0.465));
#14320=CARTESIAN_POINT('',(0.409701091865798,1.15659639812554,0.465));
#14321=CARTESIAN_POINT('',(0.366270970520105,1.22173169973974,0.465));
#14322=CARTESIAN_POINT('',(0.381476243445962,1.26730260806483,0.465));
#14323=CARTESIAN_POINT('',(0.381476243445962,1.26730260806483,0.465));
#14324=CARTESIAN_POINT('',(0.366270970520105,1.22173169973974,0.465));
#14325=CARTESIAN_POINT('',(0.443888574412934,1.24647799514463,0.465));
#14326=CARTESIAN_POINT('',(0.506300905379906,1.22565338222444,0.465));
#14327=CARTESIAN_POINT('',(0.506300905379906,1.22565338222444,0.465));
#14328=CARTESIAN_POINT('',(0.443888574412934,1.24647799514463,0.465));
#14329=CARTESIAN_POINT('',(0.511176509198523,1.24026579304607,0.465));
#14330=CARTESIAN_POINT('',(0.51605211301714,1.2548782038677,0.465));
#14331=CARTESIAN_POINT('',(0.51605211301714,1.2548782038677,0.465));
#14332=CARTESIAN_POINT('',(0.511176509198523,1.24026579304607,0.465));
#14333=CARTESIAN_POINT('',(0.437200819875832,1.28118787108384,0.465));
#14334=CARTESIAN_POINT('',(0.358349526734524,1.30749753829998,0.465));
#14335=CARTESIAN_POINT('',(0.358349526734524,1.30749753829998,0.465));
#14336=CARTESIAN_POINT('',(0.437200819875832,1.28118787108384,0.465));
#14337=CARTESIAN_POINT('',(0.311153268583546,1.16604816320668,0.465));
#14338=CARTESIAN_POINT('',(0.263957010432567,1.02459878811338,0.465));
#14339=CARTESIAN_POINT('',(0.263957010432567,1.02459878811338,0.465));
#14340=CARTESIAN_POINT('',(0.311153268583546,1.16604816320668,0.465));
#14341=CARTESIAN_POINT('',(0.342808303573876,0.998289120897241,0.465));
#14342=CARTESIAN_POINT('',(0.421659596715184,0.971979453681102,0.465));
#14343=CARTESIAN_POINT('',(0.421659596715184,0.971979453681102,0.465));
#14344=CARTESIAN_POINT('',(0.342808303573876,0.998289120897241,0.465));
#14345=CARTESIAN_POINT('',(0.426566189541123,0.986684739995244,0.465));
#14346=CARTESIAN_POINT('',(0.431472782367062,1.00139002630939,0.465));
#14347=CARTESIAN_POINT('',(0.431472782367062,1.00139002630939,0.465));
#14348=CARTESIAN_POINT('',(0.426566189541123,0.986684739995244,0.465));
#14349=CARTESIAN_POINT('',(0.36906045140009,1.02221463922958,0.465));
#14350=CARTESIAN_POINT('',(0.36906045140009,1.02221463922958,0.465));
#14351=CARTESIAN_POINT('',(0.3838132588518,1.14314609691302,0.465));
#14352=CARTESIAN_POINT('',(0.169266174122512,-1.21296310643114,0.465));
#14353=CARTESIAN_POINT('',(0.246559816930321,-1.36936767656271,0.465));
#14354=CARTESIAN_POINT('',(0.24655613921989,-1.36935997094889,0.465));
#14355=CARTESIAN_POINT('',(0.169266174122512,-1.21296310643114,0.465));
#14356=CARTESIAN_POINT('',(0.190994614770022,-1.3861059858491,0.465));
#14357=CARTESIAN_POINT('',(0.190994614770022,-1.3861059858491,0.465));
#14358=CARTESIAN_POINT('',(0.17575154278407,-1.22410737951355,0.465));
#14359=CARTESIAN_POINT('',(0.290763082596736,-1.33757804474172,0.465));
#14360=CARTESIAN_POINT('',(0.290763082596736,-1.33757804474172,0.465));
#14361=CARTESIAN_POINT('',(0.17575154278407,-1.22410737951355,0.465));
#14362=CARTESIAN_POINT('',(0.279445154125165,-1.32597995811719,0.465));
#14363=CARTESIAN_POINT('',(0.268148239740372,-1.31440340575129,0.465));
#14364=CARTESIAN_POINT('',(0.268148239740372,-1.31440340575129,0.465));
#14365=CARTESIAN_POINT('',(0.279445154125165,-1.32597995811719,0.465));
#14366=CARTESIAN_POINT('',(0.226548118220897,-1.34229321513003,0.465));
#14367=CARTESIAN_POINT('',(0.226548118220897,-1.34229321513003,0.475));
#14368=CARTESIAN_POINT('',(0.239010104506737,-1.33660163615168,0.465));
#14369=CARTESIAN_POINT('',(0.239010104506737,-1.33660163615168,0.475));
#14370=CARTESIAN_POINT('',(0.252876811679895,-1.32730503302544,0.465));
#14371=CARTESIAN_POINT('',(0.252876811679895,-1.32730503302544,0.475));
#14372=CARTESIAN_POINT('',(0.268148239740372,-1.31440340575129,0.465));
#14373=CARTESIAN_POINT('',(0.268148239740372,-1.31440340575129,0.475));
#14374=CARTESIAN_POINT('',(0.226548118220897,-1.34229321513003,0.465));
#14375=CARTESIAN_POINT('',(0.226548118220897,-1.34229321513003,0.465));
#14376=CARTESIAN_POINT('',(0.226548118220897,-1.34229321513003,0.465));
#14377=CARTESIAN_POINT('',(0.245241097649657,-1.33375584666251,0.465));
#14378=CARTESIAN_POINT('',(0.268148239740372,-1.31440340575129,0.465));
#14379=CARTESIAN_POINT('',(0.168405476503045,-1.21288468382086,0.465));
#14380=CARTESIAN_POINT('',(0.185845811069949,-1.35372116864802,0.465));
#14381=CARTESIAN_POINT('',(0.185845811069949,-1.35372116864802,0.465));
#14382=CARTESIAN_POINT('',(0.168405476503045,-1.21288468382086,0.465));
#14383=CARTESIAN_POINT('',(0.138262752471874,-1.34571616259477,0.465));
#14384=CARTESIAN_POINT('',(0.138262752471874,-1.34571616259477,0.475));
#14385=CARTESIAN_POINT('',(0.150714402376053,-1.35358370109667,0.465));
#14386=CARTESIAN_POINT('',(0.150714402376053,-1.35358370109667,0.475));
#14387=CARTESIAN_POINT('',(0.166575421908745,-1.35625203644776,0.465));
#14388=CARTESIAN_POINT('',(0.166575421908745,-1.35625203644776,0.475));
#14389=CARTESIAN_POINT('',(0.185845811069949,-1.35372116864802,0.465));
#14390=CARTESIAN_POINT('',(0.185845811069949,-1.35372116864802,0.475));
#14391=CARTESIAN_POINT('',(0.138262752471874,-1.34571616259477,0.465));
#14392=CARTESIAN_POINT('',(0.138262752471874,-1.34571616259477,0.465));
#14393=CARTESIAN_POINT('',(0.138262752471874,-1.34571616259477,0.465));
#14394=CARTESIAN_POINT('',(0.156940227328143,-1.35751747034763,0.465));
#14395=CARTESIAN_POINT('',(0.185845811069949,-1.35372116864802,0.465));
#14396=CARTESIAN_POINT('',(0.116367092926088,-1.30941113664455,0.465));
#14397=CARTESIAN_POINT('',(0.116367092926088,-1.30941113664455,0.475));
#14398=CARTESIAN_POINT('',(0.118512549385766,-1.32574694877613,0.465));
#14399=CARTESIAN_POINT('',(0.118512549385766,-1.32574694877613,0.475));
#14400=CARTESIAN_POINT('',(0.125811102567694,-1.33784862409287,0.465));
#14401=CARTESIAN_POINT('',(0.125811102567694,-1.33784862409287,0.475));
#14402=CARTESIAN_POINT('',(0.138262752471874,-1.34571616259477,0.465));
#14403=CARTESIAN_POINT('',(0.138262752471874,-1.34571616259477,0.475));
#14404=CARTESIAN_POINT('',(0.116367092926088,-1.30941113664455,0.465));
#14405=CARTESIAN_POINT('',(0.116367092926088,-1.30941113664455,0.465));
#14406=CARTESIAN_POINT('',(0.116367092926088,-1.30941113664455,0.465));
#14407=CARTESIAN_POINT('',(0.119585277615605,-1.33391485484192,0.465));
#14408=CARTESIAN_POINT('',(0.138262752471874,-1.34571616259477,0.465));
#14409=CARTESIAN_POINT('',(0.132982365276521,-1.2583464116902,0.465));
#14410=CARTESIAN_POINT('',(0.132982365276521,-1.2583464116902,0.475));
#14411=CARTESIAN_POINT('',(0.119214061184801,-1.27189643206955,0.465));
#14412=CARTESIAN_POINT('',(0.119214061184801,-1.27189643206955,0.475));
#14413=CARTESIAN_POINT('',(0.11367563706799,-1.28891800705433,0.465));
#14414=CARTESIAN_POINT('',(0.11367563706799,-1.28891800705433,0.475));
#14415=CARTESIAN_POINT('',(0.116367092926088,-1.30941113664455,0.465));
#14416=CARTESIAN_POINT('',(0.116367092926088,-1.30941113664455,0.475));
#14417=CARTESIAN_POINT('',(0.132982365276521,-1.2583464116902,0.465));
#14418=CARTESIAN_POINT('',(0.132982365276521,-1.2583464116902,0.465));
#14419=CARTESIAN_POINT('',(0.132982365276521,-1.2583464116902,0.465));
#14420=CARTESIAN_POINT('',(0.112329909138941,-1.27867144225923,0.465));
#14421=CARTESIAN_POINT('',(0.116367092926088,-1.30941113664455,0.465));
#14422=CARTESIAN_POINT('',(0.192811424759596,-1.23287613973136,0.465));
#14423=CARTESIAN_POINT('',(0.192811424759596,-1.23287613973136,0.475));
#14424=CARTESIAN_POINT('',(0.166693689195933,-1.23630630065791,0.465));
#14425=CARTESIAN_POINT('',(0.166693689195933,-1.23630630065791,0.475));
#14426=CARTESIAN_POINT('',(0.146750669368242,-1.24479639131086,0.465));
#14427=CARTESIAN_POINT('',(0.146750669368242,-1.24479639131086,0.475));
#14428=CARTESIAN_POINT('',(0.132982365276521,-1.2583464116902,0.465));
#14429=CARTESIAN_POINT('',(0.132982365276521,-1.2583464116902,0.475));
#14430=CARTESIAN_POINT('',(0.192811424759596,-1.23287613973136,0.465));
#14431=CARTESIAN_POINT('',(0.192811424759596,-1.23287613973136,0.465));
#14432=CARTESIAN_POINT('',(0.192811424759596,-1.23287613973136,0.465));
#14433=CARTESIAN_POINT('',(0.153634821414102,-1.23802138112118,0.465));
#14434=CARTESIAN_POINT('',(0.132982365276521,-1.2583464116902,0.465));
#14435=CARTESIAN_POINT('',(0.209538513828459,-1.23067929509301,0.465));
#14436=CARTESIAN_POINT('',(0.226265602897322,-1.22848245045465,0.465));
#14437=CARTESIAN_POINT('',(0.226265602897322,-1.22848245045465,0.465));
#14438=CARTESIAN_POINT('',(0.209538513828459,-1.23067929509301,0.465));
#14439=CARTESIAN_POINT('',(0.224116934676476,-1.21212218351449,0.465));
#14440=CARTESIAN_POINT('',(0.221968266455632,-1.19576191657433,0.465));
#14441=CARTESIAN_POINT('',(0.221968266455632,-1.19576191657433,0.465));
#14442=CARTESIAN_POINT('',(0.224116934676476,-1.21212218351449,0.465));
#14443=CARTESIAN_POINT('',(0.205461270663991,-1.19792985536218,0.465));
#14444=CARTESIAN_POINT('',(0.188954274872351,-1.20009779415003,0.465));
#14445=CARTESIAN_POINT('',(0.188954274872351,-1.20009779415003,0.465));
#14446=CARTESIAN_POINT('',(0.205461270663991,-1.19792985536218,0.465));
#14447=CARTESIAN_POINT('',(0.0851237789818067,-1.15164227218685,0.465));
#14448=CARTESIAN_POINT('',(0.0851237789818067,-1.15164227218685,0.475));
#14449=CARTESIAN_POINT('',(0.0904681495639976,-1.19233507366432,0.465));
#14450=CARTESIAN_POINT('',(0.0904681495639976,-1.19233507366432,0.475));
#14451=CARTESIAN_POINT('',(0.125078314860845,-1.20848691431871,0.465));
#14452=CARTESIAN_POINT('',(0.125078314860845,-1.20848691431871,0.475));
#14453=CARTESIAN_POINT('',(0.188954274872351,-1.20009779415003,0.465));
#14454=CARTESIAN_POINT('',(0.188954274872351,-1.20009779415003,0.475));
#14455=CARTESIAN_POINT('',(0.0851237789818067,-1.15164227218685,0.465));
#14456=CARTESIAN_POINT('',(0.0851237789818067,-1.15164227218685,0.465));
#14457=CARTESIAN_POINT('',(0.0851237789818067,-1.15164227218685,0.465));
#14458=CARTESIAN_POINT('',(0.093140334855093,-1.21268147440305,0.465));
#14459=CARTESIAN_POINT('',(0.188954274872351,-1.20009779415003,0.465));
#14460=CARTESIAN_POINT('',(0.163045715969273,-1.07215190943372,0.465));
#14461=CARTESIAN_POINT('',(0.163045715969273,-1.07215190943372,0.475));
#14462=CARTESIAN_POINT('',(0.105136729251339,-1.0797573598776,0.465));
#14463=CARTESIAN_POINT('',(0.105136729251339,-1.0797573598776,0.475));
#14464=CARTESIAN_POINT('',(0.0791627502555169,-1.10625414746198,0.465));
#14465=CARTESIAN_POINT('',(0.0791627502555169,-1.10625414746198,0.475));
#14466=CARTESIAN_POINT('',(0.0851237789818067,-1.15164227218685,0.465));
#14467=CARTESIAN_POINT('',(0.0851237789818067,-1.15164227218685,0.475));
#14468=CARTESIAN_POINT('',(0.163045715969273,-1.07215190943372,0.465));
#14469=CARTESIAN_POINT('',(0.163045715969273,-1.07215190943372,0.465));
#14470=CARTESIAN_POINT('',(0.163045715969273,-1.07215190943372,0.465));
#14471=CARTESIAN_POINT('',(0.076182235892372,-1.08356008509955,0.465));
#14472=CARTESIAN_POINT('',(0.0851237789818067,-1.15164227218685,0.465));
#14473=CARTESIAN_POINT('',(0.188761951671766,-1.28324824007367,0.465));
#14474=CARTESIAN_POINT('',(0.210442589928179,-1.07163624769589,0.465));
#14475=CARTESIAN_POINT('',(0.210440978412781,-1.07165175910499,0.465));
#14476=CARTESIAN_POINT('',(0.188761951671766,-1.28324824007367,0.465));
#14477=CARTESIAN_POINT('',(0.191481339476254,-1.2813120363725,0.465));
#14478=CARTESIAN_POINT('',(0.259034438885929,-1.08192402365552,0.465));
#14479=CARTESIAN_POINT('',(0.259034438870454,-1.08192402366823,0.465));
#14480=CARTESIAN_POINT('',(0.191481339476254,-1.2813120363725,0.465));
#14481=CARTESIAN_POINT('',(0.256655842259709,-1.06381304923451,0.465));
#14482=CARTESIAN_POINT('',(0.254277178309352,-1.04570156193682,0.465));
#14483=CARTESIAN_POINT('',(0.254277178309352,-1.04570156193682,0.465));
#14484=CARTESIAN_POINT('',(0.256655842259709,-1.06381304923451,0.465));
#14485=CARTESIAN_POINT('',(0.200762781452588,-1.20623473871517,0.465));
#14486=CARTESIAN_POINT('',(0.209471081531394,-1.03724752482453,0.465));
#14487=CARTESIAN_POINT('',(0.209471784165686,-1.03723123471498,0.465));
#14488=CARTESIAN_POINT('',(0.200762781452588,-1.20623473871517,0.465));
#14489=CARTESIAN_POINT('',(0.198356427598109,-1.31253749080189,0.465));
#14490=CARTESIAN_POINT('',(0.160190480034163,-1.03961512729557,0.465));
#14491=CARTESIAN_POINT('',(0.160190480034163,-1.03961512729557,0.465));
#14492=CARTESIAN_POINT('',(0.198356427598109,-1.31253749080189,0.465));
#14493=CARTESIAN_POINT('',(0.0691620838985218,-1.07784001502276,0.465));
#14494=CARTESIAN_POINT('',(0.0691620838985218,-1.07784001502276,0.475));
#14495=CARTESIAN_POINT('',(0.0890570606104946,-1.05771397416483,0.465));
#14496=CARTESIAN_POINT('',(0.0890570606104946,-1.05771397416483,0.475));
#14497=CARTESIAN_POINT('',(0.119399859322375,-1.04497234492243,0.465));
#14498=CARTESIAN_POINT('',(0.119399859322375,-1.04497234492243,0.475));
#14499=CARTESIAN_POINT('',(0.160190480034163,-1.03961512729557,0.465));
#14500=CARTESIAN_POINT('',(0.160190480034163,-1.03961512729557,0.475));
#14501=CARTESIAN_POINT('',(0.0691620838985218,-1.07784001502276,0.465));
#14502=CARTESIAN_POINT('',(0.0691620838985218,-1.07784001502276,0.465));
#14503=CARTESIAN_POINT('',(0.0691620838985218,-1.07784001502276,0.465));
#14504=CARTESIAN_POINT('',(0.0990045489664811,-1.04765095373586,0.465));
#14505=CARTESIAN_POINT('',(0.160190480034163,-1.03961512729557,0.465));
#14506=CARTESIAN_POINT('',(0.0456114589570722,-1.15593604631829,0.465));
#14507=CARTESIAN_POINT('',(0.0456114589570722,-1.15593604631829,0.475));
#14508=CARTESIAN_POINT('',(0.0414168988727325,-1.12399806631254,0.465));
#14509=CARTESIAN_POINT('',(0.0414168988727325,-1.12399806631254,0.475));
#14510=CARTESIAN_POINT('',(0.049267107186549,-1.0979660558807,0.465));
#14511=CARTESIAN_POINT('',(0.049267107186549,-1.0979660558807,0.475));
#14512=CARTESIAN_POINT('',(0.0691620838985218,-1.07784001502276,0.465));
#14513=CARTESIAN_POINT('',(0.0691620838985218,-1.07784001502276,0.475));
#14514=CARTESIAN_POINT('',(0.0456114589570722,-1.15593604631829,0.465));
#14515=CARTESIAN_POINT('',(0.0456114589570722,-1.15593604631829,0.465));
#14516=CARTESIAN_POINT('',(0.0456114589570722,-1.15593604631829,0.465));
#14517=CARTESIAN_POINT('',(0.0393196188305626,-1.10802907630966,0.465));
#14518=CARTESIAN_POINT('',(0.0691620838985218,-1.07784001502276,0.465));
#14519=CARTESIAN_POINT('',(0.0721957355735985,-1.20748414253234,0.465));
#14520=CARTESIAN_POINT('',(0.0721957355735985,-1.20748414253234,0.475));
#14521=CARTESIAN_POINT('',(0.0574020106803843,-1.19542153048146,0.465));
#14522=CARTESIAN_POINT('',(0.0574020106803843,-1.19542153048146,0.475));
#14523=CARTESIAN_POINT('',(0.0485405851415422,-1.17823883174344,0.465));
#14524=CARTESIAN_POINT('',(0.0485405851415422,-1.17823883174344,0.475));
#14525=CARTESIAN_POINT('',(0.0456114589570722,-1.15593604631829,0.465));
#14526=CARTESIAN_POINT('',(0.0456114589570722,-1.15593604631829,0.475));
#14527=CARTESIAN_POINT('',(0.0721957355735985,-1.20748414253234,0.465));
#14528=CARTESIAN_POINT('',(0.0721957355735985,-1.20748414253234,0.465));
#14529=CARTESIAN_POINT('',(0.0721957355735985,-1.20748414253234,0.465));
#14530=CARTESIAN_POINT('',(0.0500051482337772,-1.18939022445602,0.465));
#14531=CARTESIAN_POINT('',(0.0456114589570722,-1.15593604631829,0.465));
#14532=CARTESIAN_POINT('',(0.135391956348869,-1.22526743563318,0.465));
#14533=CARTESIAN_POINT('',(0.135391956348869,-1.22526743563318,0.475));
#14534=CARTESIAN_POINT('',(0.108054867391903,-1.22547451895017,0.465));
#14535=CARTESIAN_POINT('',(0.108054867391903,-1.22547451895017,0.475));
#14536=CARTESIAN_POINT('',(0.0869894604668128,-1.21954675458323,0.465));
#14537=CARTESIAN_POINT('',(0.0869894604668128,-1.21954675458323,0.475));
#14538=CARTESIAN_POINT('',(0.0721957355735985,-1.20748414253234,0.465));
#14539=CARTESIAN_POINT('',(0.0721957355735985,-1.20748414253234,0.475));
#14540=CARTESIAN_POINT('',(0.135391956348869,-1.22526743563318,0.465));
#14541=CARTESIAN_POINT('',(0.135391956348869,-1.22526743563318,0.465));
#14542=CARTESIAN_POINT('',(0.135391956348869,-1.22526743563318,0.465));
#14543=CARTESIAN_POINT('',(0.0943863229134199,-1.22557806060867,0.465));
#14544=CARTESIAN_POINT('',(0.0721957355735985,-1.20748414253234,0.465));
#14545=CARTESIAN_POINT('',(0.135512397392638,-1.22618449095494,0.465));
#14546=CARTESIAN_POINT('',(0.135632838436408,-1.2271015462767,0.465));
#14547=CARTESIAN_POINT('',(0.135632838436408,-1.2271015462767,0.465));
#14548=CARTESIAN_POINT('',(0.135512397392638,-1.22618449095494,0.465));
#14549=CARTESIAN_POINT('',(0.0881922057963778,-1.26109445232753,0.465));
#14550=CARTESIAN_POINT('',(0.0881922057963778,-1.26109445232753,0.475));
#14551=CARTESIAN_POINT('',(0.098413777600307,-1.24592060402385,0.465));
#14552=CARTESIAN_POINT('',(0.098413777600307,-1.24592060402385,0.475));
#14553=CARTESIAN_POINT('',(0.11422732181365,-1.23458963534024,0.465));
#14554=CARTESIAN_POINT('',(0.11422732181365,-1.23458963534024,0.475));
#14555=CARTESIAN_POINT('',(0.135632838436408,-1.2271015462767,0.465));
#14556=CARTESIAN_POINT('',(0.135632838436408,-1.2271015462767,0.475));
#14557=CARTESIAN_POINT('',(0.0881922057963778,-1.26109445232753,0.465));
#14558=CARTESIAN_POINT('',(0.0881922057963778,-1.26109445232753,0.465));
#14559=CARTESIAN_POINT('',(0.0881922057963778,-1.26109445232753,0.465));
#14560=CARTESIAN_POINT('',(0.103524563502272,-1.23833367987201,0.465));
#14561=CARTESIAN_POINT('',(0.135632838436408,-1.2271015462767,0.465));
#14562=CARTESIAN_POINT('',(0.0770801022641611,-1.31598884325745,0.465));
#14563=CARTESIAN_POINT('',(0.0770801022641611,-1.31598884325745,0.475));
#14564=CARTESIAN_POINT('',(0.0742665994817096,-1.29456643094119,0.465));
#14565=CARTESIAN_POINT('',(0.0742665994817096,-1.29456643094119,0.475));
#14566=CARTESIAN_POINT('',(0.0779706339924485,-1.27626830063122,0.465));
#14567=CARTESIAN_POINT('',(0.0779706339924485,-1.27626830063122,0.475));
#14568=CARTESIAN_POINT('',(0.0881922057963778,-1.26109445232753,0.465));
#14569=CARTESIAN_POINT('',(0.0881922057963778,-1.26109445232753,0.475));
#14570=CARTESIAN_POINT('',(0.0770801022641611,-1.31598884325745,0.465));
#14571=CARTESIAN_POINT('',(0.0770801022641611,-1.31598884325745,0.465));
#14572=CARTESIAN_POINT('',(0.0770801022641611,-1.31598884325745,0.465));
#14573=CARTESIAN_POINT('',(0.0728598480904839,-1.28385522478306,0.465));
#14574=CARTESIAN_POINT('',(0.0881922057963778,-1.26109445232753,0.465));
#14575=CARTESIAN_POINT('',(0.112201854727994,-1.37372940135167,0.465));
#14576=CARTESIAN_POINT('',(0.112201854727994,-1.37372940135167,0.475));
#14577=CARTESIAN_POINT('',(0.092198243444986,-1.36120670266771,0.465));
#14578=CARTESIAN_POINT('',(0.092198243444986,-1.36120670266771,0.475));
#14579=CARTESIAN_POINT('',(0.0804909926237084,-1.34195984996963,0.465));
#14580=CARTESIAN_POINT('',(0.0804909926237084,-1.34195984996963,0.475));
#14581=CARTESIAN_POINT('',(0.0770801022641611,-1.31598884325745,0.465));
#14582=CARTESIAN_POINT('',(0.0770801022641611,-1.31598884325745,0.475));
#14583=CARTESIAN_POINT('',(0.112201854727994,-1.37372940135167,0.465));
#14584=CARTESIAN_POINT('',(0.112201854727994,-1.37372940135167,0.465));
#14585=CARTESIAN_POINT('',(0.112201854727994,-1.37372940135167,0.465));
#14586=CARTESIAN_POINT('',(0.0821964378034821,-1.35494535332572,0.465));
#14587=CARTESIAN_POINT('',(0.0770801022641611,-1.31598884325745,0.465));
#14588=CARTESIAN_POINT('',(0.190994614770022,-1.3861059858491,0.465));
#14589=CARTESIAN_POINT('',(0.190994614770022,-1.3861059858491,0.475));
#14590=CARTESIAN_POINT('',(0.158469719358344,-1.39037762820145,0.465));
#14591=CARTESIAN_POINT('',(0.158469719358344,-1.39037762820145,0.475));
#14592=CARTESIAN_POINT('',(0.132205466011002,-1.38625210003564,0.465));
#14593=CARTESIAN_POINT('',(0.132205466011002,-1.38625210003564,0.475));
#14594=CARTESIAN_POINT('',(0.112201854727994,-1.37372940135167,0.465));
#14595=CARTESIAN_POINT('',(0.112201854727994,-1.37372940135167,0.475));
#14596=CARTESIAN_POINT('',(0.190994614770022,-1.3861059858491,0.465));
#14597=CARTESIAN_POINT('',(0.142207271652505,-1.39251344937762,0.465));
#14598=CARTESIAN_POINT('',(0.112201854727994,-1.37372940135167,0.465));
#14599=CARTESIAN_POINT('',(0.160406111273782,-1.21485506025715,0.465));
#14600=MECHANICAL_DESIGN_GEOMETRIC_PRESENTATION_REPRESENTATION('',(#5755),
#14601);
#14601=(
GEOMETRIC_REPRESENTATION_CONTEXT(3)
GLOBAL_UNCERTAINTY_ASSIGNED_CONTEXT((#14602))
GLOBAL_UNIT_ASSIGNED_CONTEXT((#14605,#14604,#14603))
REPRESENTATION_CONTEXT('????32t-20dp-1/2inch','TOP_LEVEL_ASSEMBLY_PART')
);
#14602=UNCERTAINTY_MEASURE_WITH_UNIT(LENGTH_MEASURE(0.002),#14605,
'DISTANCE_ACCURACY_VALUE','Maximum Tolerance applied to model');
#14603=(
NAMED_UNIT(*)
SI_UNIT($,.STERADIAN.)
SOLID_ANGLE_UNIT()
);
#14604=(
NAMED_UNIT(*)
PLANE_ANGLE_UNIT()
SI_UNIT($,.RADIAN.)
);
#14605=(
LENGTH_UNIT()
NAMED_UNIT(*)
SI_UNIT(.CENTI.,.METRE.)
);
#14606=PRODUCT_DEFINITION_SHAPE('','',#14607);
#14607=PRODUCT_DEFINITION('','',#14609,#14608);
#14608=PRODUCT_DEFINITION_CONTEXT('',#14615,'design');
#14609=PRODUCT_DEFINITION_FORMATION_WITH_SPECIFIED_SOURCE('','',#14611,
 .NOT_KNOWN.);
#14610=PRODUCT_RELATED_PRODUCT_CATEGORY('','',(#14611));
#14611=PRODUCT('????32t-20dp-1/2inch','????32t-20dp-1/2inch',
'????32t-20dp-1/2inch',(#14613));
#14612=PRODUCT_CATEGORY('','');
#14613=PRODUCT_CONTEXT('',#14615,'mechanical');
#14614=APPLICATION_PROTOCOL_DEFINITION('international standard',
'ap242_managed_model_based_3d_engineering',2020,#14615);
#14615=APPLICATION_CONTEXT('managed model based 3d engineering');
ENDSEC;
END-ISO-10303-21;
