ISO-10303-21;
HEADER;
/* Generated by software containing ST-Developer
 * from STEP Tools, Inc. (www.steptools.com) 
 */
/* OPTION: using custom renumber hook */

FILE_DESCRIPTION(
/* description */ ('STEP AP242 Edition 2',
'CAx-IF Rec.Pracs.---Representation and Presentation of Product Manufa
cturing Information (PMI)---4.0---2014-10-13',
'CAx-IF Rec.Pracs.---3D Tessellated Geometry---0.4---2014-09-14','2;1',
'CAx-IF Rec.Pracs.---User Defined Attributes---1.5---2016-08-15'),
/* implementation_level */ '2;1');

FILE_NAME(
/* name */ '695c834ace31b229894c34c5',
/* time_stamp */ '2026-01-06T03:36:43Z',
/* author */ (''),
/* organization */ (''),
/* preprocessor_version */ 'ST-DEVELOPER v20',
/* originating_system */ 'ONSHAPE BY PTC INC, 1.208',
/* authorisation */ '  ');

FILE_SCHEMA (('AP242_MANAGED_MODEL_BASED_3D_ENGINEERING_MIM_LF { 1 0 10303 442 3 1 4 }'));
ENDSEC;

DATA;
#10=SHAPE_REPRESENTATION_RELATIONSHIP('','',#5559,#11);
#11=ADVANCED_BREP_SHAPE_REPRESENTATION('',(#5557),#9969);
#12=B_SPLINE_SURFACE_WITH_KNOTS('',3,1,((#9446,#9447),(#9448,#9449),(#9450,
#9451),(#9452,#9453)),.SURF_OF_LINEAR_EXTRUSION.,.F.,.F.,.F.,(4,4),(2,2),
(0.,1.),(0.,1.),.PIECEWISE_BEZIER_KNOTS.);
#13=B_SPLINE_SURFACE_WITH_KNOTS('',3,1,((#9463,#9464),(#9465,#9466),(#9467,
#9468),(#9469,#9470)),.SURF_OF_LINEAR_EXTRUSION.,.F.,.F.,.F.,(4,4),(2,2),
(0.,1.),(0.,1.),.PIECEWISE_BEZIER_KNOTS.);
#14=B_SPLINE_SURFACE_WITH_KNOTS('',3,1,((#9476,#9477),(#9478,#9479),(#9480,
#9481),(#9482,#9483)),.SURF_OF_LINEAR_EXTRUSION.,.F.,.F.,.F.,(4,4),(2,2),
(0.,1.),(0.,1.),.PIECEWISE_BEZIER_KNOTS.);
#15=B_SPLINE_SURFACE_WITH_KNOTS('',3,1,((#9489,#9490),(#9491,#9492),(#9493,
#9494),(#9495,#9496)),.SURF_OF_LINEAR_EXTRUSION.,.F.,.F.,.F.,(4,4),(2,2),
(0.,1.),(0.,1.),.PIECEWISE_BEZIER_KNOTS.);
#16=B_SPLINE_SURFACE_WITH_KNOTS('',3,1,((#9506,#9507),(#9508,#9509),(#9510,
#9511),(#9512,#9513)),.SURF_OF_LINEAR_EXTRUSION.,.F.,.F.,.F.,(4,4),(2,2),
(0.,1.),(0.,1.),.PIECEWISE_BEZIER_KNOTS.);
#17=B_SPLINE_SURFACE_WITH_KNOTS('',3,1,((#9523,#9524),(#9525,#9526),(#9527,
#9528),(#9529,#9530)),.SURF_OF_LINEAR_EXTRUSION.,.F.,.F.,.F.,(4,4),(2,2),
(0.,1.),(0.,1.),.PIECEWISE_BEZIER_KNOTS.);
#18=B_SPLINE_SURFACE_WITH_KNOTS('',3,1,((#9536,#9537),(#9538,#9539),(#9540,
#9541),(#9542,#9543)),.SURF_OF_LINEAR_EXTRUSION.,.F.,.F.,.F.,(4,4),(2,2),
(0.,1.),(0.,1.),.PIECEWISE_BEZIER_KNOTS.);
#19=B_SPLINE_SURFACE_WITH_KNOTS('',3,1,((#9557,#9558),(#9559,#9560),(#9561,
#9562),(#9563,#9564)),.SURF_OF_LINEAR_EXTRUSION.,.F.,.F.,.F.,(4,4),(2,2),
(0.,1.),(0.,1.),.PIECEWISE_BEZIER_KNOTS.);
#20=B_SPLINE_SURFACE_WITH_KNOTS('',3,1,((#9606,#9607),(#9608,#9609),(#9610,
#9611),(#9612,#9613)),.SURF_OF_LINEAR_EXTRUSION.,.F.,.F.,.F.,(4,4),(2,2),
(0.,1.),(0.,1.),.PIECEWISE_BEZIER_KNOTS.);
#21=B_SPLINE_SURFACE_WITH_KNOTS('',3,1,((#9621,#9622),(#9623,#9624),(#9625,
#9626),(#9627,#9628)),.SURF_OF_LINEAR_EXTRUSION.,.F.,.F.,.F.,(4,4),(2,2),
(0.,1.),(0.,1.),.PIECEWISE_BEZIER_KNOTS.);
#22=B_SPLINE_SURFACE_WITH_KNOTS('',3,1,((#9638,#9639),(#9640,#9641),(#9642,
#9643),(#9644,#9645)),.SURF_OF_LINEAR_EXTRUSION.,.F.,.F.,.F.,(4,4),(2,2),
(0.,1.),(0.,1.),.PIECEWISE_BEZIER_KNOTS.);
#23=B_SPLINE_SURFACE_WITH_KNOTS('',3,1,((#9651,#9652),(#9653,#9654),(#9655,
#9656),(#9657,#9658)),.SURF_OF_LINEAR_EXTRUSION.,.F.,.F.,.F.,(4,4),(2,2),
(0.,1.),(0.,1.),.PIECEWISE_BEZIER_KNOTS.);
#24=B_SPLINE_SURFACE_WITH_KNOTS('',3,1,((#9664,#9665),(#9666,#9667),(#9668,
#9669),(#9670,#9671)),.SURF_OF_LINEAR_EXTRUSION.,.F.,.F.,.F.,(4,4),(2,2),
(0.,1.),(0.,1.),.PIECEWISE_BEZIER_KNOTS.);
#25=B_SPLINE_SURFACE_WITH_KNOTS('',3,1,((#9677,#9678),(#9679,#9680),(#9681,
#9682),(#9683,#9684)),.SURF_OF_LINEAR_EXTRUSION.,.F.,.F.,.F.,(4,4),(2,2),
(0.,1.),(0.,1.),.PIECEWISE_BEZIER_KNOTS.);
#26=B_SPLINE_SURFACE_WITH_KNOTS('',3,1,((#9694,#9695),(#9696,#9697),(#9698,
#9699),(#9700,#9701)),.SURF_OF_LINEAR_EXTRUSION.,.F.,.F.,.F.,(4,4),(2,2),
(0.,1.),(0.,1.),.PIECEWISE_BEZIER_KNOTS.);
#27=B_SPLINE_SURFACE_WITH_KNOTS('',3,1,((#9707,#9708),(#9709,#9710),(#9711,
#9712),(#9713,#9714)),.SURF_OF_LINEAR_EXTRUSION.,.F.,.F.,.F.,(4,4),(2,2),
(0.,1.),(0.,1.),.PIECEWISE_BEZIER_KNOTS.);
#28=B_SPLINE_SURFACE_WITH_KNOTS('',3,1,((#9720,#9721),(#9722,#9723),(#9724,
#9725),(#9726,#9727)),.SURF_OF_LINEAR_EXTRUSION.,.F.,.F.,.F.,(4,4),(2,2),
(0.,1.),(0.,1.),.PIECEWISE_BEZIER_KNOTS.);
#29=B_SPLINE_SURFACE_WITH_KNOTS('',3,1,((#9733,#9734),(#9735,#9736),(#9737,
#9738),(#9739,#9740)),.SURF_OF_LINEAR_EXTRUSION.,.F.,.F.,.F.,(4,4),(2,2),
(0.,1.),(0.,1.),.PIECEWISE_BEZIER_KNOTS.);
#30=B_SPLINE_SURFACE_WITH_KNOTS('',3,1,((#9746,#9747),(#9748,#9749),(#9750,
#9751),(#9752,#9753)),.SURF_OF_LINEAR_EXTRUSION.,.F.,.F.,.F.,(4,4),(2,2),
(0.,1.),(0.,1.),.PIECEWISE_BEZIER_KNOTS.);
#31=B_SPLINE_SURFACE_WITH_KNOTS('',3,1,((#9825,#9826),(#9827,#9828),(#9829,
#9830),(#9831,#9832)),.SURF_OF_LINEAR_EXTRUSION.,.F.,.F.,.F.,(4,4),(2,2),
(0.,1.),(0.,1.),.PIECEWISE_BEZIER_KNOTS.);
#32=B_SPLINE_SURFACE_WITH_KNOTS('',3,1,((#9842,#9843),(#9844,#9845),(#9846,
#9847),(#9848,#9849)),.SURF_OF_LINEAR_EXTRUSION.,.F.,.F.,.F.,(4,4),(2,2),
(0.,1.),(0.,1.),.PIECEWISE_BEZIER_KNOTS.);
#33=B_SPLINE_SURFACE_WITH_KNOTS('',3,1,((#9855,#9856),(#9857,#9858),(#9859,
#9860),(#9861,#9862)),.SURF_OF_LINEAR_EXTRUSION.,.F.,.F.,.F.,(4,4),(2,2),
(0.,1.),(0.,1.),.PIECEWISE_BEZIER_KNOTS.);
#34=B_SPLINE_SURFACE_WITH_KNOTS('',3,1,((#9868,#9869),(#9870,#9871),(#9872,
#9873),(#9874,#9875)),.SURF_OF_LINEAR_EXTRUSION.,.F.,.F.,.F.,(4,4),(2,2),
(0.,1.),(0.,1.),.PIECEWISE_BEZIER_KNOTS.);
#35=B_SPLINE_SURFACE_WITH_KNOTS('',3,1,((#9885,#9886),(#9887,#9888),(#9889,
#9890),(#9891,#9892)),.SURF_OF_LINEAR_EXTRUSION.,.F.,.F.,.F.,(4,4),(2,2),
(0.,1.),(0.,1.),.PIECEWISE_BEZIER_KNOTS.);
#36=B_SPLINE_SURFACE_WITH_KNOTS('',3,1,((#9902,#9903),(#9904,#9905),(#9906,
#9907),(#9908,#9909)),.SURF_OF_LINEAR_EXTRUSION.,.F.,.F.,.F.,(4,4),(2,2),
(0.,1.),(0.,1.),.PIECEWISE_BEZIER_KNOTS.);
#37=B_SPLINE_SURFACE_WITH_KNOTS('',3,1,((#9915,#9916),(#9917,#9918),(#9919,
#9920),(#9921,#9922)),.SURF_OF_LINEAR_EXTRUSION.,.F.,.F.,.F.,(4,4),(2,2),
(0.,1.),(0.,1.),.PIECEWISE_BEZIER_KNOTS.);
#38=B_SPLINE_SURFACE_WITH_KNOTS('',3,1,((#9936,#9937),(#9938,#9939),(#9940,
#9941),(#9942,#9943)),.SURF_OF_LINEAR_EXTRUSION.,.F.,.F.,.F.,(4,4),(2,2),
(0.,1.),(0.,1.),.PIECEWISE_BEZIER_KNOTS.);
#39=TOROIDAL_SURFACE('',#5829,1.15,0.2);
#40=TOROIDAL_SURFACE('',#5830,1.15,0.2);
#41=CONICAL_SURFACE('',#5781,2.39876100503808,1.39485670134237);
#42=CONICAL_SURFACE('',#5783,2.39876100503808,1.39485670134237);
#43=CONICAL_SURFACE('',#5831,0.93,0.78539816339745);
#44=CONICAL_SURFACE('',#5832,0.95,0.785398163397448);
#45=CIRCLE('',#5576,2.39876100503808);
#46=CIRCLE('',#5577,2.39876100503808);
#47=CIRCLE('',#5586,2.39876100503808);
#48=CIRCLE('',#5587,2.39876100503808);
#49=CIRCLE('',#5596,2.39876100503808);
#50=CIRCLE('',#5597,2.39876100503808);
#51=CIRCLE('',#5606,2.39876100503808);
#52=CIRCLE('',#5607,2.39876100503808);
#53=CIRCLE('',#5616,2.39876100503808);
#54=CIRCLE('',#5617,2.39876100503808);
#55=CIRCLE('',#5626,2.39876100503808);
#56=CIRCLE('',#5627,2.39876100503808);
#57=CIRCLE('',#5636,2.39876100503808);
#58=CIRCLE('',#5637,2.39876100503808);
#59=CIRCLE('',#5646,2.39876100503808);
#60=CIRCLE('',#5647,2.39876100503808);
#61=CIRCLE('',#5656,2.39876100503808);
#62=CIRCLE('',#5657,2.39876100503808);
#63=CIRCLE('',#5666,2.39876100503808);
#64=CIRCLE('',#5667,2.39876100503808);
#65=CIRCLE('',#5676,2.39876100503808);
#66=CIRCLE('',#5677,2.39876100503808);
#67=CIRCLE('',#5686,2.39876100503808);
#68=CIRCLE('',#5687,2.39876100503808);
#69=CIRCLE('',#5696,2.39876100503808);
#70=CIRCLE('',#5697,2.39876100503808);
#71=CIRCLE('',#5706,2.39876100503808);
#72=CIRCLE('',#5707,2.39876100503808);
#73=CIRCLE('',#5716,2.39876100503808);
#74=CIRCLE('',#5717,2.39876100503808);
#75=CIRCLE('',#5726,2.39876100503808);
#76=CIRCLE('',#5727,2.39876100503808);
#77=CIRCLE('',#5736,2.39876100503808);
#78=CIRCLE('',#5737,2.39876100503808);
#79=CIRCLE('',#5746,2.39876100503808);
#80=CIRCLE('',#5747,2.39876100503808);
#81=CIRCLE('',#5756,2.39876100503808);
#82=CIRCLE('',#5757,2.39876100503808);
#83=CIRCLE('',#5766,2.39876100503808);
#84=CIRCLE('',#5767,2.39876100503808);
#85=CIRCLE('',#5776,2.39876100503808);
#86=CIRCLE('',#5777,2.39876100503808);
#87=CIRCLE('',#5779,2.39876100503808);
#88=CIRCLE('',#5780,2.39876100503808);
#89=CIRCLE('',#5782,1.94876100503809);
#90=CIRCLE('',#5784,1.94876100503809);
#91=CIRCLE('',#5786,1.15);
#92=CIRCLE('',#5788,0.131689903260191);
#93=CIRCLE('',#5789,0.0856933435466215);
#94=CIRCLE('',#5790,0.10004878176212);
#95=CIRCLE('',#5791,0.110809714803286);
#96=CIRCLE('',#5792,0.155241454375469);
#97=CIRCLE('',#5793,0.120914610852236);
#98=CIRCLE('',#5794,0.131689903260669);
#99=CIRCLE('',#5795,0.0856933435467266);
#100=CIRCLE('',#5796,0.100048781762207);
#101=CIRCLE('',#5797,0.110809714803296);
#102=CIRCLE('',#5798,1.08026111752493);
#103=CIRCLE('',#5799,0.653640930035728);
#104=CIRCLE('',#5800,1.15);
#105=CIRCLE('',#5802,0.93);
#106=CIRCLE('',#5804,0.95);
#107=CIRCLE('',#5805,0.95);
#108=CIRCLE('',#5807,0.95);
#109=CIRCLE('',#5808,0.95);
#110=CIRCLE('',#5810,0.93);
#111=CIRCLE('',#5835,0.653640930035728);
#112=CIRCLE('',#5844,1.08026111752493);
#113=CIRCLE('',#5854,0.110809714803296);
#114=CIRCLE('',#5857,0.100048781762207);
#115=CIRCLE('',#5859,0.0856933435467266);
#116=CIRCLE('',#5861,0.131689903260669);
#117=CIRCLE('',#5874,0.120914610852236);
#118=CIRCLE('',#5877,0.155241454375469);
#119=CIRCLE('',#5896,0.110809714803286);
#120=CIRCLE('',#5899,0.10004878176212);
#121=CIRCLE('',#5901,0.0856933435466215);
#122=CIRCLE('',#5903,0.131689903260191);
#123=PLANE('',#5562);
#124=PLANE('',#5565);
#125=PLANE('',#5569);
#126=PLANE('',#5572);
#127=PLANE('',#5579);
#128=PLANE('',#5582);
#129=PLANE('',#5589);
#130=PLANE('',#5592);
#131=PLANE('',#5599);
#132=PLANE('',#5602);
#133=PLANE('',#5609);
#134=PLANE('',#5612);
#135=PLANE('',#5619);
#136=PLANE('',#5622);
#137=PLANE('',#5629);
#138=PLANE('',#5632);
#139=PLANE('',#5639);
#140=PLANE('',#5642);
#141=PLANE('',#5649);
#142=PLANE('',#5652);
#143=PLANE('',#5659);
#144=PLANE('',#5662);
#145=PLANE('',#5669);
#146=PLANE('',#5672);
#147=PLANE('',#5679);
#148=PLANE('',#5682);
#149=PLANE('',#5689);
#150=PLANE('',#5692);
#151=PLANE('',#5699);
#152=PLANE('',#5702);
#153=PLANE('',#5709);
#154=PLANE('',#5712);
#155=PLANE('',#5719);
#156=PLANE('',#5722);
#157=PLANE('',#5729);
#158=PLANE('',#5732);
#159=PLANE('',#5739);
#160=PLANE('',#5742);
#161=PLANE('',#5749);
#162=PLANE('',#5752);
#163=PLANE('',#5759);
#164=PLANE('',#5762);
#165=PLANE('',#5769);
#166=PLANE('',#5772);
#167=PLANE('',#5785);
#168=PLANE('',#5787);
#169=PLANE('',#5801);
#170=PLANE('',#5809);
#171=PLANE('',#5811);
#172=PLANE('',#5812);
#173=PLANE('',#5813);
#174=PLANE('',#5814);
#175=PLANE('',#5815);
#176=PLANE('',#5816);
#177=PLANE('',#5817);
#178=PLANE('',#5818);
#179=PLANE('',#5819);
#180=PLANE('',#5820);
#181=PLANE('',#5821);
#182=PLANE('',#5822);
#183=PLANE('',#5823);
#184=PLANE('',#5824);
#185=PLANE('',#5825);
#186=PLANE('',#5826);
#187=PLANE('',#5827);
#188=PLANE('',#5828);
#189=PLANE('',#5833);
#190=PLANE('',#5836);
#191=PLANE('',#5837);
#192=PLANE('',#5838);
#193=PLANE('',#5839);
#194=PLANE('',#5840);
#195=PLANE('',#5841);
#196=PLANE('',#5842);
#197=PLANE('',#5845);
#198=PLANE('',#5846);
#199=PLANE('',#5847);
#200=PLANE('',#5848);
#201=PLANE('',#5849);
#202=PLANE('',#5850);
#203=PLANE('',#5851);
#204=PLANE('',#5852);
#205=PLANE('',#5855);
#206=PLANE('',#5862);
#207=PLANE('',#5863);
#208=PLANE('',#5864);
#209=PLANE('',#5865);
#210=PLANE('',#5866);
#211=PLANE('',#5867);
#212=PLANE('',#5868);
#213=PLANE('',#5869);
#214=PLANE('',#5870);
#215=PLANE('',#5871);
#216=PLANE('',#5872);
#217=PLANE('',#5875);
#218=PLANE('',#5878);
#219=PLANE('',#5879);
#220=PLANE('',#5880);
#221=PLANE('',#5881);
#222=PLANE('',#5882);
#223=PLANE('',#5883);
#224=PLANE('',#5884);
#225=PLANE('',#5885);
#226=PLANE('',#5886);
#227=PLANE('',#5887);
#228=PLANE('',#5888);
#229=PLANE('',#5889);
#230=PLANE('',#5890);
#231=PLANE('',#5891);
#232=PLANE('',#5892);
#233=PLANE('',#5893);
#234=PLANE('',#5894);
#235=PLANE('',#5897);
#236=PLANE('',#5904);
#237=PLANE('',#5905);
#238=PLANE('',#5906);
#239=PLANE('',#5907);
#240=PLANE('',#5908);
#241=PLANE('',#5909);
#242=LINE('',#7016,#640);
#243=LINE('',#7023,#641);
#244=LINE('',#7035,#642);
#245=LINE('',#7047,#643);
#246=LINE('',#7061,#644);
#247=LINE('',#7063,#645);
#248=LINE('',#7071,#646);
#249=LINE('',#7078,#647);
#250=LINE('',#7105,#648);
#251=LINE('',#7112,#649);
#252=LINE('',#7124,#650);
#253=LINE('',#7136,#651);
#254=LINE('',#7150,#652);
#255=LINE('',#7152,#653);
#256=LINE('',#7160,#654);
#257=LINE('',#7167,#655);
#258=LINE('',#7197,#656);
#259=LINE('',#7204,#657);
#260=LINE('',#7216,#658);
#261=LINE('',#7228,#659);
#262=LINE('',#7242,#660);
#263=LINE('',#7244,#661);
#264=LINE('',#7252,#662);
#265=LINE('',#7259,#663);
#266=LINE('',#7289,#664);
#267=LINE('',#7296,#665);
#268=LINE('',#7308,#666);
#269=LINE('',#7320,#667);
#270=LINE('',#7334,#668);
#271=LINE('',#7336,#669);
#272=LINE('',#7344,#670);
#273=LINE('',#7351,#671);
#274=LINE('',#7381,#672);
#275=LINE('',#7388,#673);
#276=LINE('',#7400,#674);
#277=LINE('',#7412,#675);
#278=LINE('',#7426,#676);
#279=LINE('',#7428,#677);
#280=LINE('',#7436,#678);
#281=LINE('',#7443,#679);
#282=LINE('',#7473,#680);
#283=LINE('',#7480,#681);
#284=LINE('',#7492,#682);
#285=LINE('',#7504,#683);
#286=LINE('',#7518,#684);
#287=LINE('',#7520,#685);
#288=LINE('',#7528,#686);
#289=LINE('',#7535,#687);
#290=LINE('',#7565,#688);
#291=LINE('',#7572,#689);
#292=LINE('',#7584,#690);
#293=LINE('',#7596,#691);
#294=LINE('',#7610,#692);
#295=LINE('',#7612,#693);
#296=LINE('',#7620,#694);
#297=LINE('',#7627,#695);
#298=LINE('',#7657,#696);
#299=LINE('',#7664,#697);
#300=LINE('',#7676,#698);
#301=LINE('',#7688,#699);
#302=LINE('',#7702,#700);
#303=LINE('',#7704,#701);
#304=LINE('',#7712,#702);
#305=LINE('',#7719,#703);
#306=LINE('',#7749,#704);
#307=LINE('',#7756,#705);
#308=LINE('',#7768,#706);
#309=LINE('',#7780,#707);
#310=LINE('',#7794,#708);
#311=LINE('',#7796,#709);
#312=LINE('',#7804,#710);
#313=LINE('',#7811,#711);
#314=LINE('',#7841,#712);
#315=LINE('',#7848,#713);
#316=LINE('',#7860,#714);
#317=LINE('',#7872,#715);
#318=LINE('',#7886,#716);
#319=LINE('',#7888,#717);
#320=LINE('',#7896,#718);
#321=LINE('',#7903,#719);
#322=LINE('',#7933,#720);
#323=LINE('',#7940,#721);
#324=LINE('',#7952,#722);
#325=LINE('',#7964,#723);
#326=LINE('',#7978,#724);
#327=LINE('',#7980,#725);
#328=LINE('',#7988,#726);
#329=LINE('',#7995,#727);
#330=LINE('',#8025,#728);
#331=LINE('',#8032,#729);
#332=LINE('',#8044,#730);
#333=LINE('',#8056,#731);
#334=LINE('',#8070,#732);
#335=LINE('',#8072,#733);
#336=LINE('',#8080,#734);
#337=LINE('',#8087,#735);
#338=LINE('',#8117,#736);
#339=LINE('',#8124,#737);
#340=LINE('',#8136,#738);
#341=LINE('',#8148,#739);
#342=LINE('',#8162,#740);
#343=LINE('',#8164,#741);
#344=LINE('',#8172,#742);
#345=LINE('',#8179,#743);
#346=LINE('',#8209,#744);
#347=LINE('',#8216,#745);
#348=LINE('',#8228,#746);
#349=LINE('',#8240,#747);
#350=LINE('',#8254,#748);
#351=LINE('',#8256,#749);
#352=LINE('',#8264,#750);
#353=LINE('',#8271,#751);
#354=LINE('',#8301,#752);
#355=LINE('',#8308,#753);
#356=LINE('',#8320,#754);
#357=LINE('',#8332,#755);
#358=LINE('',#8346,#756);
#359=LINE('',#8348,#757);
#360=LINE('',#8356,#758);
#361=LINE('',#8363,#759);
#362=LINE('',#8393,#760);
#363=LINE('',#8400,#761);
#364=LINE('',#8412,#762);
#365=LINE('',#8424,#763);
#366=LINE('',#8438,#764);
#367=LINE('',#8440,#765);
#368=LINE('',#8448,#766);
#369=LINE('',#8455,#767);
#370=LINE('',#8485,#768);
#371=LINE('',#8492,#769);
#372=LINE('',#8504,#770);
#373=LINE('',#8516,#771);
#374=LINE('',#8530,#772);
#375=LINE('',#8532,#773);
#376=LINE('',#8540,#774);
#377=LINE('',#8547,#775);
#378=LINE('',#8577,#776);
#379=LINE('',#8584,#777);
#380=LINE('',#8596,#778);
#381=LINE('',#8608,#779);
#382=LINE('',#8622,#780);
#383=LINE('',#8624,#781);
#384=LINE('',#8632,#782);
#385=LINE('',#8639,#783);
#386=LINE('',#8669,#784);
#387=LINE('',#8676,#785);
#388=LINE('',#8688,#786);
#389=LINE('',#8700,#787);
#390=LINE('',#8714,#788);
#391=LINE('',#8716,#789);
#392=LINE('',#8724,#790);
#393=LINE('',#8731,#791);
#394=LINE('',#8761,#792);
#395=LINE('',#8768,#793);
#396=LINE('',#8780,#794);
#397=LINE('',#8792,#795);
#398=LINE('',#8806,#796);
#399=LINE('',#8808,#797);
#400=LINE('',#8816,#798);
#401=LINE('',#8823,#799);
#402=LINE('',#8853,#800);
#403=LINE('',#8860,#801);
#404=LINE('',#8872,#802);
#405=LINE('',#8884,#803);
#406=LINE('',#8898,#804);
#407=LINE('',#8900,#805);
#408=LINE('',#8908,#806);
#409=LINE('',#8915,#807);
#410=LINE('',#8945,#808);
#411=LINE('',#8952,#809);
#412=LINE('',#8964,#810);
#413=LINE('',#8976,#811);
#414=LINE('',#8990,#812);
#415=LINE('',#8992,#813);
#416=LINE('',#9000,#814);
#417=LINE('',#9007,#815);
#418=LINE('',#9043,#816);
#419=LINE('',#9046,#817);
#420=LINE('',#9048,#818);
#421=LINE('',#9050,#819);
#422=LINE('',#9052,#820);
#423=LINE('',#9054,#821);
#424=LINE('',#9078,#822);
#425=LINE('',#9098,#823);
#426=LINE('',#9099,#824);
#427=LINE('',#9102,#825);
#428=LINE('',#9104,#826);
#429=LINE('',#9106,#827);
#430=LINE('',#9108,#828);
#431=LINE('',#9110,#829);
#432=LINE('',#9112,#830);
#433=LINE('',#9114,#831);
#434=LINE('',#9116,#832);
#435=LINE('',#9118,#833);
#436=LINE('',#9120,#834);
#437=LINE('',#9122,#835);
#438=LINE('',#9128,#836);
#439=LINE('',#9152,#837);
#440=LINE('',#9175,#838);
#441=LINE('',#9178,#839);
#442=LINE('',#9180,#840);
#443=LINE('',#9182,#841);
#444=LINE('',#9183,#842);
#445=LINE('',#9186,#843);
#446=LINE('',#9188,#844);
#447=LINE('',#9190,#845);
#448=LINE('',#9192,#846);
#449=LINE('',#9194,#847);
#450=LINE('',#9218,#848);
#451=LINE('',#9238,#849);
#452=LINE('',#9239,#850);
#453=LINE('',#9242,#851);
#454=LINE('',#9244,#852);
#455=LINE('',#9246,#853);
#456=LINE('',#9248,#854);
#457=LINE('',#9250,#855);
#458=LINE('',#9254,#856);
#459=LINE('',#9256,#857);
#460=LINE('',#9258,#858);
#461=LINE('',#9260,#859);
#462=LINE('',#9262,#860);
#463=LINE('',#9264,#861);
#464=LINE('',#9266,#862);
#465=LINE('',#9274,#863);
#466=LINE('',#9277,#864);
#467=LINE('',#9279,#865);
#468=LINE('',#9281,#866);
#469=LINE('',#9283,#867);
#470=LINE('',#9285,#868);
#471=LINE('',#9299,#869);
#472=LINE('',#9302,#870);
#473=LINE('',#9304,#871);
#474=LINE('',#9306,#872);
#475=LINE('',#9308,#873);
#476=LINE('',#9310,#874);
#477=LINE('',#9312,#875);
#478=LINE('',#9315,#876);
#479=LINE('',#9317,#877);
#480=LINE('',#9319,#878);
#481=LINE('',#9321,#879);
#482=LINE('',#9323,#880);
#483=LINE('',#9325,#881);
#484=LINE('',#9327,#882);
#485=LINE('',#9329,#883);
#486=LINE('',#9331,#884);
#487=LINE('',#9333,#885);
#488=LINE('',#9335,#886);
#489=LINE('',#9337,#887);
#490=LINE('',#9339,#888);
#491=LINE('',#9341,#889);
#492=LINE('',#9343,#890);
#493=LINE('',#9345,#891);
#494=LINE('',#9346,#892);
#495=LINE('',#9348,#893);
#496=LINE('',#9349,#894);
#497=LINE('',#9351,#895);
#498=LINE('',#9353,#896);
#499=LINE('',#9355,#897);
#500=LINE('',#9357,#898);
#501=LINE('',#9360,#899);
#502=LINE('',#9361,#900);
#503=LINE('',#9363,#901);
#504=LINE('',#9365,#902);
#505=LINE('',#9367,#903);
#506=LINE('',#9369,#904);
#507=LINE('',#9376,#905);
#508=LINE('',#9378,#906);
#509=LINE('',#9380,#907);
#510=LINE('',#9382,#908);
#511=LINE('',#9386,#909);
#512=LINE('',#9388,#910);
#513=LINE('',#9390,#911);
#514=LINE('',#9392,#912);
#515=LINE('',#9394,#913);
#516=LINE('',#9396,#914);
#517=LINE('',#9398,#915);
#518=LINE('',#9400,#916);
#519=LINE('',#9402,#917);
#520=LINE('',#9404,#918);
#521=LINE('',#9406,#919);
#522=LINE('',#9408,#920);
#523=LINE('',#9410,#921);
#524=LINE('',#9412,#922);
#525=LINE('',#9414,#923);
#526=LINE('',#9418,#924);
#527=LINE('',#9420,#925);
#528=LINE('',#9422,#926);
#529=LINE('',#9424,#927);
#530=LINE('',#9426,#928);
#531=LINE('',#9428,#929);
#532=LINE('',#9430,#930);
#533=LINE('',#9432,#931);
#534=LINE('',#9434,#932);
#535=LINE('',#9437,#933);
#536=LINE('',#9439,#934);
#537=LINE('',#9441,#935);
#538=LINE('',#9443,#936);
#539=LINE('',#9445,#937);
#540=LINE('',#9454,#938);
#541=LINE('',#9460,#939);
#542=LINE('',#9471,#940);
#543=LINE('',#9484,#941);
#544=LINE('',#9497,#942);
#545=LINE('',#9503,#943);
#546=LINE('',#9505,#944);
#547=LINE('',#9514,#945);
#548=LINE('',#9520,#946);
#549=LINE('',#9531,#947);
#550=LINE('',#9544,#948);
#551=LINE('',#9550,#949);
#552=LINE('',#9554,#950);
#553=LINE('',#9565,#951);
#554=LINE('',#9571,#952);
#555=LINE('',#9573,#953);
#556=LINE('',#9575,#954);
#557=LINE('',#9577,#955);
#558=LINE('',#9579,#956);
#559=LINE('',#9581,#957);
#560=LINE('',#9583,#958);
#561=LINE('',#9585,#959);
#562=LINE('',#9587,#960);
#563=LINE('',#9590,#961);
#564=LINE('',#9592,#962);
#565=LINE('',#9594,#963);
#566=LINE('',#9596,#964);
#567=LINE('',#9598,#965);
#568=LINE('',#9600,#966);
#569=LINE('',#9602,#967);
#570=LINE('',#9604,#968);
#571=LINE('',#9614,#969);
#572=LINE('',#9620,#970);
#573=LINE('',#9629,#971);
#574=LINE('',#9635,#972);
#575=LINE('',#9646,#973);
#576=LINE('',#9659,#974);
#577=LINE('',#9672,#975);
#578=LINE('',#9685,#976);
#579=LINE('',#9691,#977);
#580=LINE('',#9693,#978);
#581=LINE('',#9702,#979);
#582=LINE('',#9715,#980);
#583=LINE('',#9728,#981);
#584=LINE('',#9741,#982);
#585=LINE('',#9754,#983);
#586=LINE('',#9760,#984);
#587=LINE('',#9764,#985);
#588=LINE('',#9767,#986);
#589=LINE('',#9769,#987);
#590=LINE('',#9771,#988);
#591=LINE('',#9773,#989);
#592=LINE('',#9775,#990);
#593=LINE('',#9777,#991);
#594=LINE('',#9779,#992);
#595=LINE('',#9781,#993);
#596=LINE('',#9783,#994);
#597=LINE('',#9785,#995);
#598=LINE('',#9787,#996);
#599=LINE('',#9789,#997);
#600=LINE('',#9791,#998);
#601=LINE('',#9793,#999);
#602=LINE('',#9795,#1000);
#603=LINE('',#9797,#1001);
#604=LINE('',#9799,#1002);
#605=LINE('',#9801,#1003);
#606=LINE('',#9803,#1004);
#607=LINE('',#9805,#1005);
#608=LINE('',#9807,#1006);
#609=LINE('',#9809,#1007);
#610=LINE('',#9811,#1008);
#611=LINE('',#9813,#1009);
#612=LINE('',#9816,#1010);
#613=LINE('',#9818,#1011);
#614=LINE('',#9820,#1012);
#615=LINE('',#9822,#1013);
#616=LINE('',#9824,#1014);
#617=LINE('',#9833,#1015);
#618=LINE('',#9839,#1016);
#619=LINE('',#9850,#1017);
#620=LINE('',#9863,#1018);
#621=LINE('',#9876,#1019);
#622=LINE('',#9882,#1020);
#623=LINE('',#9884,#1021);
#624=LINE('',#9893,#1022);
#625=LINE('',#9899,#1023);
#626=LINE('',#9910,#1024);
#627=LINE('',#9923,#1025);
#628=LINE('',#9929,#1026);
#629=LINE('',#9933,#1027);
#630=LINE('',#9944,#1028);
#631=LINE('',#9950,#1029);
#632=LINE('',#9952,#1030);
#633=LINE('',#9954,#1031);
#634=LINE('',#9956,#1032);
#635=LINE('',#9958,#1033);
#636=LINE('',#9960,#1034);
#637=LINE('',#9962,#1035);
#638=LINE('',#9964,#1036);
#639=LINE('',#9966,#1037);
#640=VECTOR('',#5914,100.);
#641=VECTOR('',#5915,100.);
#642=VECTOR('',#5918,100.);
#643=VECTOR('',#5921,100.);
#644=VECTOR('',#5924,100.);
#645=VECTOR('',#5927,100.);
#646=VECTOR('',#5928,100.);
#647=VECTOR('',#5931,100.);
#648=VECTOR('',#5936,100.);
#649=VECTOR('',#5937,100.);
#650=VECTOR('',#5940,100.);
#651=VECTOR('',#5943,100.);
#652=VECTOR('',#5946,100.);
#653=VECTOR('',#5949,100.);
#654=VECTOR('',#5950,100.);
#655=VECTOR('',#5953,100.);
#656=VECTOR('',#5964,100.);
#657=VECTOR('',#5965,100.);
#658=VECTOR('',#5968,100.);
#659=VECTOR('',#5971,100.);
#660=VECTOR('',#5974,100.);
#661=VECTOR('',#5977,100.);
#662=VECTOR('',#5978,100.);
#663=VECTOR('',#5981,100.);
#664=VECTOR('',#5992,100.);
#665=VECTOR('',#5993,100.);
#666=VECTOR('',#5996,100.);
#667=VECTOR('',#5999,100.);
#668=VECTOR('',#6002,100.);
#669=VECTOR('',#6005,100.);
#670=VECTOR('',#6006,100.);
#671=VECTOR('',#6009,100.);
#672=VECTOR('',#6020,100.);
#673=VECTOR('',#6021,100.);
#674=VECTOR('',#6024,100.);
#675=VECTOR('',#6027,100.);
#676=VECTOR('',#6030,100.);
#677=VECTOR('',#6033,100.);
#678=VECTOR('',#6034,100.);
#679=VECTOR('',#6037,100.);
#680=VECTOR('',#6048,100.);
#681=VECTOR('',#6049,100.);
#682=VECTOR('',#6052,100.);
#683=VECTOR('',#6055,100.);
#684=VECTOR('',#6058,100.);
#685=VECTOR('',#6061,100.);
#686=VECTOR('',#6062,100.);
#687=VECTOR('',#6065,100.);
#688=VECTOR('',#6076,100.);
#689=VECTOR('',#6077,100.);
#690=VECTOR('',#6080,100.);
#691=VECTOR('',#6083,100.);
#692=VECTOR('',#6086,100.);
#693=VECTOR('',#6089,100.);
#694=VECTOR('',#6090,100.);
#695=VECTOR('',#6093,100.);
#696=VECTOR('',#6104,100.);
#697=VECTOR('',#6105,100.);
#698=VECTOR('',#6108,100.);
#699=VECTOR('',#6111,100.);
#700=VECTOR('',#6114,100.);
#701=VECTOR('',#6117,100.);
#702=VECTOR('',#6118,100.);
#703=VECTOR('',#6121,100.);
#704=VECTOR('',#6132,100.);
#705=VECTOR('',#6133,100.);
#706=VECTOR('',#6136,100.);
#707=VECTOR('',#6139,100.);
#708=VECTOR('',#6142,100.);
#709=VECTOR('',#6145,100.);
#710=VECTOR('',#6146,100.);
#711=VECTOR('',#6149,100.);
#712=VECTOR('',#6160,100.);
#713=VECTOR('',#6161,100.);
#714=VECTOR('',#6164,100.);
#715=VECTOR('',#6167,100.);
#716=VECTOR('',#6170,100.);
#717=VECTOR('',#6173,100.);
#718=VECTOR('',#6174,100.);
#719=VECTOR('',#6177,100.);
#720=VECTOR('',#6188,100.);
#721=VECTOR('',#6189,100.);
#722=VECTOR('',#6192,100.);
#723=VECTOR('',#6195,100.);
#724=VECTOR('',#6198,100.);
#725=VECTOR('',#6201,100.);
#726=VECTOR('',#6202,100.);
#727=VECTOR('',#6205,100.);
#728=VECTOR('',#6216,100.);
#729=VECTOR('',#6217,100.);
#730=VECTOR('',#6220,100.);
#731=VECTOR('',#6223,100.);
#732=VECTOR('',#6226,100.);
#733=VECTOR('',#6229,100.);
#734=VECTOR('',#6230,100.);
#735=VECTOR('',#6233,100.);
#736=VECTOR('',#6244,100.);
#737=VECTOR('',#6245,100.);
#738=VECTOR('',#6248,100.);
#739=VECTOR('',#6251,100.);
#740=VECTOR('',#6254,100.);
#741=VECTOR('',#6257,100.);
#742=VECTOR('',#6258,100.);
#743=VECTOR('',#6261,100.);
#744=VECTOR('',#6272,100.);
#745=VECTOR('',#6273,100.);
#746=VECTOR('',#6276,100.);
#747=VECTOR('',#6279,100.);
#748=VECTOR('',#6282,100.);
#749=VECTOR('',#6285,100.);
#750=VECTOR('',#6286,100.);
#751=VECTOR('',#6289,100.);
#752=VECTOR('',#6300,100.);
#753=VECTOR('',#6301,100.);
#754=VECTOR('',#6304,100.);
#755=VECTOR('',#6307,100.);
#756=VECTOR('',#6310,100.);
#757=VECTOR('',#6313,100.);
#758=VECTOR('',#6314,100.);
#759=VECTOR('',#6317,100.);
#760=VECTOR('',#6328,100.);
#761=VECTOR('',#6329,100.);
#762=VECTOR('',#6332,100.);
#763=VECTOR('',#6335,100.);
#764=VECTOR('',#6338,100.);
#765=VECTOR('',#6341,100.);
#766=VECTOR('',#6342,100.);
#767=VECTOR('',#6345,100.);
#768=VECTOR('',#6356,100.);
#769=VECTOR('',#6357,100.);
#770=VECTOR('',#6360,100.);
#771=VECTOR('',#6363,100.);
#772=VECTOR('',#6366,100.);
#773=VECTOR('',#6369,100.);
#774=VECTOR('',#6370,100.);
#775=VECTOR('',#6373,100.);
#776=VECTOR('',#6384,100.);
#777=VECTOR('',#6385,100.);
#778=VECTOR('',#6388,100.);
#779=VECTOR('',#6391,100.);
#780=VECTOR('',#6394,100.);
#781=VECTOR('',#6397,100.);
#782=VECTOR('',#6398,100.);
#783=VECTOR('',#6401,100.);
#784=VECTOR('',#6412,100.);
#785=VECTOR('',#6413,100.);
#786=VECTOR('',#6416,100.);
#787=VECTOR('',#6419,100.);
#788=VECTOR('',#6422,100.);
#789=VECTOR('',#6425,100.);
#790=VECTOR('',#6426,100.);
#791=VECTOR('',#6429,100.);
#792=VECTOR('',#6440,100.);
#793=VECTOR('',#6441,100.);
#794=VECTOR('',#6444,100.);
#795=VECTOR('',#6447,100.);
#796=VECTOR('',#6450,100.);
#797=VECTOR('',#6453,100.);
#798=VECTOR('',#6454,100.);
#799=VECTOR('',#6457,100.);
#800=VECTOR('',#6468,100.);
#801=VECTOR('',#6469,100.);
#802=VECTOR('',#6472,100.);
#803=VECTOR('',#6475,100.);
#804=VECTOR('',#6478,100.);
#805=VECTOR('',#6481,100.);
#806=VECTOR('',#6482,100.);
#807=VECTOR('',#6485,100.);
#808=VECTOR('',#6496,100.);
#809=VECTOR('',#6497,100.);
#810=VECTOR('',#6500,100.);
#811=VECTOR('',#6503,100.);
#812=VECTOR('',#6506,100.);
#813=VECTOR('',#6509,100.);
#814=VECTOR('',#6510,100.);
#815=VECTOR('',#6513,100.);
#816=VECTOR('',#6542,100.);
#817=VECTOR('',#6543,100.);
#818=VECTOR('',#6544,100.);
#819=VECTOR('',#6545,100.);
#820=VECTOR('',#6546,100.);
#821=VECTOR('',#6547,100.);
#822=VECTOR('',#6554,100.);
#823=VECTOR('',#6557,100.);
#824=VECTOR('',#6558,100.);
#825=VECTOR('',#6559,100.);
#826=VECTOR('',#6560,100.);
#827=VECTOR('',#6561,100.);
#828=VECTOR('',#6562,100.);
#829=VECTOR('',#6563,100.);
#830=VECTOR('',#6564,100.);
#831=VECTOR('',#6565,100.);
#832=VECTOR('',#6566,100.);
#833=VECTOR('',#6567,100.);
#834=VECTOR('',#6568,100.);
#835=VECTOR('',#6569,100.);
#836=VECTOR('',#6570,100.);
#837=VECTOR('',#6573,100.);
#838=VECTOR('',#6576,100.);
#839=VECTOR('',#6577,100.);
#840=VECTOR('',#6578,100.);
#841=VECTOR('',#6579,100.);
#842=VECTOR('',#6580,100.);
#843=VECTOR('',#6581,100.);
#844=VECTOR('',#6582,100.);
#845=VECTOR('',#6583,100.);
#846=VECTOR('',#6584,100.);
#847=VECTOR('',#6585,100.);
#848=VECTOR('',#6592,100.);
#849=VECTOR('',#6595,100.);
#850=VECTOR('',#6596,100.);
#851=VECTOR('',#6597,100.);
#852=VECTOR('',#6598,100.);
#853=VECTOR('',#6599,100.);
#854=VECTOR('',#6600,100.);
#855=VECTOR('',#6601,100.);
#856=VECTOR('',#6604,100.);
#857=VECTOR('',#6605,100.);
#858=VECTOR('',#6606,100.);
#859=VECTOR('',#6607,100.);
#860=VECTOR('',#6608,100.);
#861=VECTOR('',#6609,100.);
#862=VECTOR('',#6610,100.);
#863=VECTOR('',#6619,100.);
#864=VECTOR('',#6620,100.);
#865=VECTOR('',#6621,100.);
#866=VECTOR('',#6622,100.);
#867=VECTOR('',#6623,100.);
#868=VECTOR('',#6624,100.);
#869=VECTOR('',#6641,100.);
#870=VECTOR('',#6642,100.);
#871=VECTOR('',#6643,100.);
#872=VECTOR('',#6644,100.);
#873=VECTOR('',#6645,100.);
#874=VECTOR('',#6646,100.);
#875=VECTOR('',#6649,100.);
#876=VECTOR('',#6650,100.);
#877=VECTOR('',#6651,100.);
#878=VECTOR('',#6652,100.);
#879=VECTOR('',#6655,100.);
#880=VECTOR('',#6656,100.);
#881=VECTOR('',#6657,100.);
#882=VECTOR('',#6660,100.);
#883=VECTOR('',#6661,100.);
#884=VECTOR('',#6662,100.);
#885=VECTOR('',#6665,100.);
#886=VECTOR('',#6666,100.);
#887=VECTOR('',#6667,100.);
#888=VECTOR('',#6670,100.);
#889=VECTOR('',#6671,100.);
#890=VECTOR('',#6672,100.);
#891=VECTOR('',#6675,100.);
#892=VECTOR('',#6676,100.);
#893=VECTOR('',#6679,100.);
#894=VECTOR('',#6680,100.);
#895=VECTOR('',#6683,100.);
#896=VECTOR('',#6686,100.);
#897=VECTOR('',#6689,100.);
#898=VECTOR('',#6692,100.);
#899=VECTOR('',#6697,100.);
#900=VECTOR('',#6698,100.);
#901=VECTOR('',#6701,100.);
#902=VECTOR('',#6704,100.);
#903=VECTOR('',#6707,100.);
#904=VECTOR('',#6710,100.);
#905=VECTOR('',#6723,100.);
#906=VECTOR('',#6724,100.);
#907=VECTOR('',#6725,100.);
#908=VECTOR('',#6728,100.);
#909=VECTOR('',#6733,100.);
#910=VECTOR('',#6734,100.);
#911=VECTOR('',#6737,100.);
#912=VECTOR('',#6738,100.);
#913=VECTOR('',#6741,100.);
#914=VECTOR('',#6742,100.);
#915=VECTOR('',#6745,100.);
#916=VECTOR('',#6746,100.);
#917=VECTOR('',#6749,100.);
#918=VECTOR('',#6750,100.);
#919=VECTOR('',#6753,100.);
#920=VECTOR('',#6754,100.);
#921=VECTOR('',#6757,100.);
#922=VECTOR('',#6758,100.);
#923=VECTOR('',#6761,100.);
#924=VECTOR('',#6766,100.);
#925=VECTOR('',#6767,100.);
#926=VECTOR('',#6770,100.);
#927=VECTOR('',#6771,100.);
#928=VECTOR('',#6774,100.);
#929=VECTOR('',#6775,100.);
#930=VECTOR('',#6778,100.);
#931=VECTOR('',#6779,100.);
#932=VECTOR('',#6782,100.);
#933=VECTOR('',#6787,100.);
#934=VECTOR('',#6788,100.);
#935=VECTOR('',#6789,100.);
#936=VECTOR('',#6792,100.);
#937=VECTOR('',#6793,100.);
#938=VECTOR('',#6794,100.);
#939=VECTOR('',#6797,100.);
#940=VECTOR('',#6800,100.);
#941=VECTOR('',#6801,100.);
#942=VECTOR('',#6802,100.);
#943=VECTOR('',#6805,100.);
#944=VECTOR('',#6806,100.);
#945=VECTOR('',#6807,100.);
#946=VECTOR('',#6810,100.);
#947=VECTOR('',#6813,100.);
#948=VECTOR('',#6814,100.);
#949=VECTOR('',#6817,100.);
#950=VECTOR('',#6822,100.);
#951=VECTOR('',#6825,100.);
#952=VECTOR('',#6828,100.);
#953=VECTOR('',#6829,100.);
#954=VECTOR('',#6832,100.);
#955=VECTOR('',#6833,100.);
#956=VECTOR('',#6836,100.);
#957=VECTOR('',#6837,100.);
#958=VECTOR('',#6840,100.);
#959=VECTOR('',#6841,100.);
#960=VECTOR('',#6844,100.);
#961=VECTOR('',#6849,100.);
#962=VECTOR('',#6850,100.);
#963=VECTOR('',#6851,100.);
#964=VECTOR('',#6854,100.);
#965=VECTOR('',#6855,100.);
#966=VECTOR('',#6858,100.);
#967=VECTOR('',#6859,100.);
#968=VECTOR('',#6862,100.);
#969=VECTOR('',#6865,100.);
#970=VECTOR('',#6866,100.);
#971=VECTOR('',#6867,100.);
#972=VECTOR('',#6870,100.);
#973=VECTOR('',#6873,100.);
#974=VECTOR('',#6874,100.);
#975=VECTOR('',#6875,100.);
#976=VECTOR('',#6876,100.);
#977=VECTOR('',#6879,100.);
#978=VECTOR('',#6880,100.);
#979=VECTOR('',#6881,100.);
#980=VECTOR('',#6882,100.);
#981=VECTOR('',#6883,100.);
#982=VECTOR('',#6884,100.);
#983=VECTOR('',#6885,100.);
#984=VECTOR('',#6888,100.);
#985=VECTOR('',#6893,100.);
#986=VECTOR('',#6898,100.);
#987=VECTOR('',#6899,100.);
#988=VECTOR('',#6900,100.);
#989=VECTOR('',#6903,100.);
#990=VECTOR('',#6904,100.);
#991=VECTOR('',#6907,100.);
#992=VECTOR('',#6908,100.);
#993=VECTOR('',#6911,100.);
#994=VECTOR('',#6912,100.);
#995=VECTOR('',#6915,100.);
#996=VECTOR('',#6916,100.);
#997=VECTOR('',#6919,100.);
#998=VECTOR('',#6920,100.);
#999=VECTOR('',#6923,100.);
#1000=VECTOR('',#6924,100.);
#1001=VECTOR('',#6927,100.);
#1002=VECTOR('',#6928,100.);
#1003=VECTOR('',#6931,100.);
#1004=VECTOR('',#6932,100.);
#1005=VECTOR('',#6935,100.);
#1006=VECTOR('',#6936,100.);
#1007=VECTOR('',#6939,100.);
#1008=VECTOR('',#6940,100.);
#1009=VECTOR('',#6943,100.);
#1010=VECTOR('',#6948,100.);
#1011=VECTOR('',#6949,100.);
#1012=VECTOR('',#6950,100.);
#1013=VECTOR('',#6953,100.);
#1014=VECTOR('',#6954,100.);
#1015=VECTOR('',#6955,100.);
#1016=VECTOR('',#6958,100.);
#1017=VECTOR('',#6961,100.);
#1018=VECTOR('',#6962,100.);
#1019=VECTOR('',#6963,100.);
#1020=VECTOR('',#6966,100.);
#1021=VECTOR('',#6967,100.);
#1022=VECTOR('',#6968,100.);
#1023=VECTOR('',#6971,100.);
#1024=VECTOR('',#6974,100.);
#1025=VECTOR('',#6975,100.);
#1026=VECTOR('',#6978,100.);
#1027=VECTOR('',#6983,100.);
#1028=VECTOR('',#6986,100.);
#1029=VECTOR('',#6989,100.);
#1030=VECTOR('',#6990,100.);
#1031=VECTOR('',#6993,100.);
#1032=VECTOR('',#6994,100.);
#1033=VECTOR('',#6997,100.);
#1034=VECTOR('',#6998,100.);
#1035=VECTOR('',#7001,100.);
#1036=VECTOR('',#7002,100.);
#1037=VECTOR('',#7005,100.);
#1038=ORIENTED_EDGE('',*,*,#2714,.F.);
#1039=ORIENTED_EDGE('',*,*,#2715,.T.);
#1040=ORIENTED_EDGE('',*,*,#2716,.T.);
#1041=ORIENTED_EDGE('',*,*,#2717,.F.);
#1042=ORIENTED_EDGE('',*,*,#2718,.F.);
#1043=ORIENTED_EDGE('',*,*,#2717,.T.);
#1044=ORIENTED_EDGE('',*,*,#2719,.T.);
#1045=ORIENTED_EDGE('',*,*,#2720,.F.);
#1046=ORIENTED_EDGE('',*,*,#2721,.F.);
#1047=ORIENTED_EDGE('',*,*,#2720,.T.);
#1048=ORIENTED_EDGE('',*,*,#2722,.T.);
#1049=ORIENTED_EDGE('',*,*,#2723,.F.);
#1050=ORIENTED_EDGE('',*,*,#2724,.F.);
#1051=ORIENTED_EDGE('',*,*,#2723,.T.);
#1052=ORIENTED_EDGE('',*,*,#2725,.T.);
#1053=ORIENTED_EDGE('',*,*,#2726,.F.);
#1054=ORIENTED_EDGE('',*,*,#2727,.F.);
#1055=ORIENTED_EDGE('',*,*,#2728,.T.);
#1056=ORIENTED_EDGE('',*,*,#2729,.T.);
#1057=ORIENTED_EDGE('',*,*,#2730,.F.);
#1058=ORIENTED_EDGE('',*,*,#2731,.F.);
#1059=ORIENTED_EDGE('',*,*,#2732,.T.);
#1060=ORIENTED_EDGE('',*,*,#2727,.T.);
#1061=ORIENTED_EDGE('',*,*,#2733,.F.);
#1062=ORIENTED_EDGE('',*,*,#2729,.F.);
#1063=ORIENTED_EDGE('',*,*,#2734,.T.);
#1064=ORIENTED_EDGE('',*,*,#2726,.T.);
#1065=ORIENTED_EDGE('',*,*,#2735,.F.);
#1066=ORIENTED_EDGE('',*,*,#2736,.F.);
#1067=ORIENTED_EDGE('',*,*,#2737,.T.);
#1068=ORIENTED_EDGE('',*,*,#2738,.T.);
#1069=ORIENTED_EDGE('',*,*,#2739,.F.);
#1070=ORIENTED_EDGE('',*,*,#2740,.F.);
#1071=ORIENTED_EDGE('',*,*,#2739,.T.);
#1072=ORIENTED_EDGE('',*,*,#2741,.T.);
#1073=ORIENTED_EDGE('',*,*,#2742,.F.);
#1074=ORIENTED_EDGE('',*,*,#2743,.F.);
#1075=ORIENTED_EDGE('',*,*,#2742,.T.);
#1076=ORIENTED_EDGE('',*,*,#2744,.T.);
#1077=ORIENTED_EDGE('',*,*,#2745,.F.);
#1078=ORIENTED_EDGE('',*,*,#2746,.F.);
#1079=ORIENTED_EDGE('',*,*,#2745,.T.);
#1080=ORIENTED_EDGE('',*,*,#2747,.T.);
#1081=ORIENTED_EDGE('',*,*,#2748,.F.);
#1082=ORIENTED_EDGE('',*,*,#2749,.F.);
#1083=ORIENTED_EDGE('',*,*,#2750,.T.);
#1084=ORIENTED_EDGE('',*,*,#2751,.T.);
#1085=ORIENTED_EDGE('',*,*,#2752,.F.);
#1086=ORIENTED_EDGE('',*,*,#2753,.F.);
#1087=ORIENTED_EDGE('',*,*,#2754,.T.);
#1088=ORIENTED_EDGE('',*,*,#2749,.T.);
#1089=ORIENTED_EDGE('',*,*,#2755,.F.);
#1090=ORIENTED_EDGE('',*,*,#2751,.F.);
#1091=ORIENTED_EDGE('',*,*,#2756,.T.);
#1092=ORIENTED_EDGE('',*,*,#2748,.T.);
#1093=ORIENTED_EDGE('',*,*,#2757,.F.);
#1094=ORIENTED_EDGE('',*,*,#2758,.F.);
#1095=ORIENTED_EDGE('',*,*,#2753,.T.);
#1096=ORIENTED_EDGE('',*,*,#2759,.T.);
#1097=ORIENTED_EDGE('',*,*,#2715,.F.);
#1098=ORIENTED_EDGE('',*,*,#2760,.F.);
#1099=ORIENTED_EDGE('',*,*,#2761,.T.);
#1100=ORIENTED_EDGE('',*,*,#2762,.T.);
#1101=ORIENTED_EDGE('',*,*,#2763,.F.);
#1102=ORIENTED_EDGE('',*,*,#2764,.F.);
#1103=ORIENTED_EDGE('',*,*,#2763,.T.);
#1104=ORIENTED_EDGE('',*,*,#2765,.T.);
#1105=ORIENTED_EDGE('',*,*,#2766,.F.);
#1106=ORIENTED_EDGE('',*,*,#2767,.F.);
#1107=ORIENTED_EDGE('',*,*,#2766,.T.);
#1108=ORIENTED_EDGE('',*,*,#2768,.T.);
#1109=ORIENTED_EDGE('',*,*,#2769,.F.);
#1110=ORIENTED_EDGE('',*,*,#2770,.F.);
#1111=ORIENTED_EDGE('',*,*,#2769,.T.);
#1112=ORIENTED_EDGE('',*,*,#2771,.T.);
#1113=ORIENTED_EDGE('',*,*,#2772,.F.);
#1114=ORIENTED_EDGE('',*,*,#2773,.F.);
#1115=ORIENTED_EDGE('',*,*,#2774,.T.);
#1116=ORIENTED_EDGE('',*,*,#2775,.T.);
#1117=ORIENTED_EDGE('',*,*,#2776,.F.);
#1118=ORIENTED_EDGE('',*,*,#2777,.F.);
#1119=ORIENTED_EDGE('',*,*,#2778,.T.);
#1120=ORIENTED_EDGE('',*,*,#2773,.T.);
#1121=ORIENTED_EDGE('',*,*,#2779,.F.);
#1122=ORIENTED_EDGE('',*,*,#2775,.F.);
#1123=ORIENTED_EDGE('',*,*,#2780,.T.);
#1124=ORIENTED_EDGE('',*,*,#2772,.T.);
#1125=ORIENTED_EDGE('',*,*,#2781,.F.);
#1126=ORIENTED_EDGE('',*,*,#2782,.F.);
#1127=ORIENTED_EDGE('',*,*,#2777,.T.);
#1128=ORIENTED_EDGE('',*,*,#2783,.T.);
#1129=ORIENTED_EDGE('',*,*,#2737,.F.);
#1130=ORIENTED_EDGE('',*,*,#2784,.F.);
#1131=ORIENTED_EDGE('',*,*,#2785,.T.);
#1132=ORIENTED_EDGE('',*,*,#2786,.T.);
#1133=ORIENTED_EDGE('',*,*,#2787,.F.);
#1134=ORIENTED_EDGE('',*,*,#2788,.F.);
#1135=ORIENTED_EDGE('',*,*,#2787,.T.);
#1136=ORIENTED_EDGE('',*,*,#2789,.T.);
#1137=ORIENTED_EDGE('',*,*,#2790,.F.);
#1138=ORIENTED_EDGE('',*,*,#2791,.F.);
#1139=ORIENTED_EDGE('',*,*,#2790,.T.);
#1140=ORIENTED_EDGE('',*,*,#2792,.T.);
#1141=ORIENTED_EDGE('',*,*,#2793,.F.);
#1142=ORIENTED_EDGE('',*,*,#2794,.F.);
#1143=ORIENTED_EDGE('',*,*,#2793,.T.);
#1144=ORIENTED_EDGE('',*,*,#2795,.T.);
#1145=ORIENTED_EDGE('',*,*,#2796,.F.);
#1146=ORIENTED_EDGE('',*,*,#2797,.F.);
#1147=ORIENTED_EDGE('',*,*,#2798,.T.);
#1148=ORIENTED_EDGE('',*,*,#2799,.T.);
#1149=ORIENTED_EDGE('',*,*,#2800,.F.);
#1150=ORIENTED_EDGE('',*,*,#2801,.F.);
#1151=ORIENTED_EDGE('',*,*,#2802,.T.);
#1152=ORIENTED_EDGE('',*,*,#2797,.T.);
#1153=ORIENTED_EDGE('',*,*,#2803,.F.);
#1154=ORIENTED_EDGE('',*,*,#2799,.F.);
#1155=ORIENTED_EDGE('',*,*,#2804,.T.);
#1156=ORIENTED_EDGE('',*,*,#2796,.T.);
#1157=ORIENTED_EDGE('',*,*,#2805,.F.);
#1158=ORIENTED_EDGE('',*,*,#2806,.F.);
#1159=ORIENTED_EDGE('',*,*,#2801,.T.);
#1160=ORIENTED_EDGE('',*,*,#2807,.T.);
#1161=ORIENTED_EDGE('',*,*,#2761,.F.);
#1162=ORIENTED_EDGE('',*,*,#2808,.F.);
#1163=ORIENTED_EDGE('',*,*,#2809,.T.);
#1164=ORIENTED_EDGE('',*,*,#2810,.T.);
#1165=ORIENTED_EDGE('',*,*,#2811,.F.);
#1166=ORIENTED_EDGE('',*,*,#2812,.F.);
#1167=ORIENTED_EDGE('',*,*,#2811,.T.);
#1168=ORIENTED_EDGE('',*,*,#2813,.T.);
#1169=ORIENTED_EDGE('',*,*,#2814,.F.);
#1170=ORIENTED_EDGE('',*,*,#2815,.F.);
#1171=ORIENTED_EDGE('',*,*,#2814,.T.);
#1172=ORIENTED_EDGE('',*,*,#2816,.T.);
#1173=ORIENTED_EDGE('',*,*,#2817,.F.);
#1174=ORIENTED_EDGE('',*,*,#2818,.F.);
#1175=ORIENTED_EDGE('',*,*,#2817,.T.);
#1176=ORIENTED_EDGE('',*,*,#2819,.T.);
#1177=ORIENTED_EDGE('',*,*,#2820,.F.);
#1178=ORIENTED_EDGE('',*,*,#2821,.F.);
#1179=ORIENTED_EDGE('',*,*,#2822,.T.);
#1180=ORIENTED_EDGE('',*,*,#2823,.T.);
#1181=ORIENTED_EDGE('',*,*,#2824,.F.);
#1182=ORIENTED_EDGE('',*,*,#2825,.F.);
#1183=ORIENTED_EDGE('',*,*,#2826,.T.);
#1184=ORIENTED_EDGE('',*,*,#2821,.T.);
#1185=ORIENTED_EDGE('',*,*,#2827,.F.);
#1186=ORIENTED_EDGE('',*,*,#2823,.F.);
#1187=ORIENTED_EDGE('',*,*,#2828,.T.);
#1188=ORIENTED_EDGE('',*,*,#2820,.T.);
#1189=ORIENTED_EDGE('',*,*,#2829,.F.);
#1190=ORIENTED_EDGE('',*,*,#2830,.F.);
#1191=ORIENTED_EDGE('',*,*,#2825,.T.);
#1192=ORIENTED_EDGE('',*,*,#2831,.T.);
#1193=ORIENTED_EDGE('',*,*,#2785,.F.);
#1194=ORIENTED_EDGE('',*,*,#2832,.F.);
#1195=ORIENTED_EDGE('',*,*,#2833,.T.);
#1196=ORIENTED_EDGE('',*,*,#2834,.T.);
#1197=ORIENTED_EDGE('',*,*,#2835,.F.);
#1198=ORIENTED_EDGE('',*,*,#2836,.F.);
#1199=ORIENTED_EDGE('',*,*,#2835,.T.);
#1200=ORIENTED_EDGE('',*,*,#2837,.T.);
#1201=ORIENTED_EDGE('',*,*,#2838,.F.);
#1202=ORIENTED_EDGE('',*,*,#2839,.F.);
#1203=ORIENTED_EDGE('',*,*,#2838,.T.);
#1204=ORIENTED_EDGE('',*,*,#2840,.T.);
#1205=ORIENTED_EDGE('',*,*,#2841,.F.);
#1206=ORIENTED_EDGE('',*,*,#2842,.F.);
#1207=ORIENTED_EDGE('',*,*,#2841,.T.);
#1208=ORIENTED_EDGE('',*,*,#2843,.T.);
#1209=ORIENTED_EDGE('',*,*,#2844,.F.);
#1210=ORIENTED_EDGE('',*,*,#2845,.F.);
#1211=ORIENTED_EDGE('',*,*,#2846,.T.);
#1212=ORIENTED_EDGE('',*,*,#2847,.T.);
#1213=ORIENTED_EDGE('',*,*,#2848,.F.);
#1214=ORIENTED_EDGE('',*,*,#2849,.F.);
#1215=ORIENTED_EDGE('',*,*,#2850,.T.);
#1216=ORIENTED_EDGE('',*,*,#2845,.T.);
#1217=ORIENTED_EDGE('',*,*,#2851,.F.);
#1218=ORIENTED_EDGE('',*,*,#2847,.F.);
#1219=ORIENTED_EDGE('',*,*,#2852,.T.);
#1220=ORIENTED_EDGE('',*,*,#2844,.T.);
#1221=ORIENTED_EDGE('',*,*,#2853,.F.);
#1222=ORIENTED_EDGE('',*,*,#2854,.F.);
#1223=ORIENTED_EDGE('',*,*,#2849,.T.);
#1224=ORIENTED_EDGE('',*,*,#2855,.T.);
#1225=ORIENTED_EDGE('',*,*,#2809,.F.);
#1226=ORIENTED_EDGE('',*,*,#2856,.F.);
#1227=ORIENTED_EDGE('',*,*,#2857,.T.);
#1228=ORIENTED_EDGE('',*,*,#2858,.T.);
#1229=ORIENTED_EDGE('',*,*,#2859,.F.);
#1230=ORIENTED_EDGE('',*,*,#2860,.F.);
#1231=ORIENTED_EDGE('',*,*,#2859,.T.);
#1232=ORIENTED_EDGE('',*,*,#2861,.T.);
#1233=ORIENTED_EDGE('',*,*,#2862,.F.);
#1234=ORIENTED_EDGE('',*,*,#2863,.F.);
#1235=ORIENTED_EDGE('',*,*,#2862,.T.);
#1236=ORIENTED_EDGE('',*,*,#2864,.T.);
#1237=ORIENTED_EDGE('',*,*,#2865,.F.);
#1238=ORIENTED_EDGE('',*,*,#2866,.F.);
#1239=ORIENTED_EDGE('',*,*,#2865,.T.);
#1240=ORIENTED_EDGE('',*,*,#2867,.T.);
#1241=ORIENTED_EDGE('',*,*,#2868,.F.);
#1242=ORIENTED_EDGE('',*,*,#2869,.F.);
#1243=ORIENTED_EDGE('',*,*,#2870,.T.);
#1244=ORIENTED_EDGE('',*,*,#2871,.T.);
#1245=ORIENTED_EDGE('',*,*,#2872,.F.);
#1246=ORIENTED_EDGE('',*,*,#2873,.F.);
#1247=ORIENTED_EDGE('',*,*,#2874,.T.);
#1248=ORIENTED_EDGE('',*,*,#2869,.T.);
#1249=ORIENTED_EDGE('',*,*,#2875,.F.);
#1250=ORIENTED_EDGE('',*,*,#2871,.F.);
#1251=ORIENTED_EDGE('',*,*,#2876,.T.);
#1252=ORIENTED_EDGE('',*,*,#2868,.T.);
#1253=ORIENTED_EDGE('',*,*,#2877,.F.);
#1254=ORIENTED_EDGE('',*,*,#2878,.F.);
#1255=ORIENTED_EDGE('',*,*,#2873,.T.);
#1256=ORIENTED_EDGE('',*,*,#2879,.T.);
#1257=ORIENTED_EDGE('',*,*,#2833,.F.);
#1258=ORIENTED_EDGE('',*,*,#2880,.F.);
#1259=ORIENTED_EDGE('',*,*,#2881,.T.);
#1260=ORIENTED_EDGE('',*,*,#2882,.T.);
#1261=ORIENTED_EDGE('',*,*,#2883,.F.);
#1262=ORIENTED_EDGE('',*,*,#2884,.F.);
#1263=ORIENTED_EDGE('',*,*,#2883,.T.);
#1264=ORIENTED_EDGE('',*,*,#2885,.T.);
#1265=ORIENTED_EDGE('',*,*,#2886,.F.);
#1266=ORIENTED_EDGE('',*,*,#2887,.F.);
#1267=ORIENTED_EDGE('',*,*,#2886,.T.);
#1268=ORIENTED_EDGE('',*,*,#2888,.T.);
#1269=ORIENTED_EDGE('',*,*,#2889,.F.);
#1270=ORIENTED_EDGE('',*,*,#2890,.F.);
#1271=ORIENTED_EDGE('',*,*,#2889,.T.);
#1272=ORIENTED_EDGE('',*,*,#2891,.T.);
#1273=ORIENTED_EDGE('',*,*,#2892,.F.);
#1274=ORIENTED_EDGE('',*,*,#2893,.F.);
#1275=ORIENTED_EDGE('',*,*,#2894,.T.);
#1276=ORIENTED_EDGE('',*,*,#2895,.T.);
#1277=ORIENTED_EDGE('',*,*,#2896,.F.);
#1278=ORIENTED_EDGE('',*,*,#2897,.F.);
#1279=ORIENTED_EDGE('',*,*,#2898,.T.);
#1280=ORIENTED_EDGE('',*,*,#2893,.T.);
#1281=ORIENTED_EDGE('',*,*,#2899,.F.);
#1282=ORIENTED_EDGE('',*,*,#2895,.F.);
#1283=ORIENTED_EDGE('',*,*,#2900,.T.);
#1284=ORIENTED_EDGE('',*,*,#2892,.T.);
#1285=ORIENTED_EDGE('',*,*,#2901,.F.);
#1286=ORIENTED_EDGE('',*,*,#2902,.F.);
#1287=ORIENTED_EDGE('',*,*,#2897,.T.);
#1288=ORIENTED_EDGE('',*,*,#2903,.T.);
#1289=ORIENTED_EDGE('',*,*,#2857,.F.);
#1290=ORIENTED_EDGE('',*,*,#2904,.F.);
#1291=ORIENTED_EDGE('',*,*,#2905,.T.);
#1292=ORIENTED_EDGE('',*,*,#2906,.T.);
#1293=ORIENTED_EDGE('',*,*,#2907,.F.);
#1294=ORIENTED_EDGE('',*,*,#2908,.F.);
#1295=ORIENTED_EDGE('',*,*,#2907,.T.);
#1296=ORIENTED_EDGE('',*,*,#2909,.T.);
#1297=ORIENTED_EDGE('',*,*,#2910,.F.);
#1298=ORIENTED_EDGE('',*,*,#2911,.F.);
#1299=ORIENTED_EDGE('',*,*,#2910,.T.);
#1300=ORIENTED_EDGE('',*,*,#2912,.T.);
#1301=ORIENTED_EDGE('',*,*,#2913,.F.);
#1302=ORIENTED_EDGE('',*,*,#2914,.F.);
#1303=ORIENTED_EDGE('',*,*,#2913,.T.);
#1304=ORIENTED_EDGE('',*,*,#2915,.T.);
#1305=ORIENTED_EDGE('',*,*,#2916,.F.);
#1306=ORIENTED_EDGE('',*,*,#2917,.F.);
#1307=ORIENTED_EDGE('',*,*,#2918,.T.);
#1308=ORIENTED_EDGE('',*,*,#2919,.T.);
#1309=ORIENTED_EDGE('',*,*,#2920,.F.);
#1310=ORIENTED_EDGE('',*,*,#2921,.F.);
#1311=ORIENTED_EDGE('',*,*,#2922,.T.);
#1312=ORIENTED_EDGE('',*,*,#2917,.T.);
#1313=ORIENTED_EDGE('',*,*,#2923,.F.);
#1314=ORIENTED_EDGE('',*,*,#2919,.F.);
#1315=ORIENTED_EDGE('',*,*,#2924,.T.);
#1316=ORIENTED_EDGE('',*,*,#2916,.T.);
#1317=ORIENTED_EDGE('',*,*,#2925,.F.);
#1318=ORIENTED_EDGE('',*,*,#2926,.F.);
#1319=ORIENTED_EDGE('',*,*,#2921,.T.);
#1320=ORIENTED_EDGE('',*,*,#2927,.T.);
#1321=ORIENTED_EDGE('',*,*,#2881,.F.);
#1322=ORIENTED_EDGE('',*,*,#2928,.F.);
#1323=ORIENTED_EDGE('',*,*,#2929,.T.);
#1324=ORIENTED_EDGE('',*,*,#2930,.T.);
#1325=ORIENTED_EDGE('',*,*,#2931,.F.);
#1326=ORIENTED_EDGE('',*,*,#2932,.F.);
#1327=ORIENTED_EDGE('',*,*,#2931,.T.);
#1328=ORIENTED_EDGE('',*,*,#2933,.T.);
#1329=ORIENTED_EDGE('',*,*,#2934,.F.);
#1330=ORIENTED_EDGE('',*,*,#2935,.F.);
#1331=ORIENTED_EDGE('',*,*,#2934,.T.);
#1332=ORIENTED_EDGE('',*,*,#2936,.T.);
#1333=ORIENTED_EDGE('',*,*,#2937,.F.);
#1334=ORIENTED_EDGE('',*,*,#2938,.F.);
#1335=ORIENTED_EDGE('',*,*,#2937,.T.);
#1336=ORIENTED_EDGE('',*,*,#2939,.T.);
#1337=ORIENTED_EDGE('',*,*,#2940,.F.);
#1338=ORIENTED_EDGE('',*,*,#2941,.F.);
#1339=ORIENTED_EDGE('',*,*,#2942,.T.);
#1340=ORIENTED_EDGE('',*,*,#2943,.T.);
#1341=ORIENTED_EDGE('',*,*,#2944,.F.);
#1342=ORIENTED_EDGE('',*,*,#2945,.F.);
#1343=ORIENTED_EDGE('',*,*,#2946,.T.);
#1344=ORIENTED_EDGE('',*,*,#2941,.T.);
#1345=ORIENTED_EDGE('',*,*,#2947,.F.);
#1346=ORIENTED_EDGE('',*,*,#2943,.F.);
#1347=ORIENTED_EDGE('',*,*,#2948,.T.);
#1348=ORIENTED_EDGE('',*,*,#2940,.T.);
#1349=ORIENTED_EDGE('',*,*,#2949,.F.);
#1350=ORIENTED_EDGE('',*,*,#2950,.F.);
#1351=ORIENTED_EDGE('',*,*,#2945,.T.);
#1352=ORIENTED_EDGE('',*,*,#2951,.T.);
#1353=ORIENTED_EDGE('',*,*,#2905,.F.);
#1354=ORIENTED_EDGE('',*,*,#2952,.F.);
#1355=ORIENTED_EDGE('',*,*,#2953,.T.);
#1356=ORIENTED_EDGE('',*,*,#2954,.T.);
#1357=ORIENTED_EDGE('',*,*,#2955,.F.);
#1358=ORIENTED_EDGE('',*,*,#2956,.F.);
#1359=ORIENTED_EDGE('',*,*,#2955,.T.);
#1360=ORIENTED_EDGE('',*,*,#2957,.T.);
#1361=ORIENTED_EDGE('',*,*,#2958,.F.);
#1362=ORIENTED_EDGE('',*,*,#2959,.F.);
#1363=ORIENTED_EDGE('',*,*,#2958,.T.);
#1364=ORIENTED_EDGE('',*,*,#2960,.T.);
#1365=ORIENTED_EDGE('',*,*,#2961,.F.);
#1366=ORIENTED_EDGE('',*,*,#2962,.F.);
#1367=ORIENTED_EDGE('',*,*,#2961,.T.);
#1368=ORIENTED_EDGE('',*,*,#2963,.T.);
#1369=ORIENTED_EDGE('',*,*,#2964,.F.);
#1370=ORIENTED_EDGE('',*,*,#2965,.F.);
#1371=ORIENTED_EDGE('',*,*,#2966,.T.);
#1372=ORIENTED_EDGE('',*,*,#2967,.T.);
#1373=ORIENTED_EDGE('',*,*,#2968,.F.);
#1374=ORIENTED_EDGE('',*,*,#2969,.F.);
#1375=ORIENTED_EDGE('',*,*,#2970,.T.);
#1376=ORIENTED_EDGE('',*,*,#2965,.T.);
#1377=ORIENTED_EDGE('',*,*,#2971,.F.);
#1378=ORIENTED_EDGE('',*,*,#2967,.F.);
#1379=ORIENTED_EDGE('',*,*,#2972,.T.);
#1380=ORIENTED_EDGE('',*,*,#2964,.T.);
#1381=ORIENTED_EDGE('',*,*,#2973,.F.);
#1382=ORIENTED_EDGE('',*,*,#2974,.F.);
#1383=ORIENTED_EDGE('',*,*,#2969,.T.);
#1384=ORIENTED_EDGE('',*,*,#2975,.T.);
#1385=ORIENTED_EDGE('',*,*,#2929,.F.);
#1386=ORIENTED_EDGE('',*,*,#2976,.F.);
#1387=ORIENTED_EDGE('',*,*,#2977,.T.);
#1388=ORIENTED_EDGE('',*,*,#2978,.T.);
#1389=ORIENTED_EDGE('',*,*,#2979,.F.);
#1390=ORIENTED_EDGE('',*,*,#2980,.F.);
#1391=ORIENTED_EDGE('',*,*,#2979,.T.);
#1392=ORIENTED_EDGE('',*,*,#2981,.T.);
#1393=ORIENTED_EDGE('',*,*,#2982,.F.);
#1394=ORIENTED_EDGE('',*,*,#2983,.F.);
#1395=ORIENTED_EDGE('',*,*,#2982,.T.);
#1396=ORIENTED_EDGE('',*,*,#2984,.T.);
#1397=ORIENTED_EDGE('',*,*,#2985,.F.);
#1398=ORIENTED_EDGE('',*,*,#2986,.F.);
#1399=ORIENTED_EDGE('',*,*,#2985,.T.);
#1400=ORIENTED_EDGE('',*,*,#2987,.T.);
#1401=ORIENTED_EDGE('',*,*,#2988,.F.);
#1402=ORIENTED_EDGE('',*,*,#2989,.F.);
#1403=ORIENTED_EDGE('',*,*,#2990,.T.);
#1404=ORIENTED_EDGE('',*,*,#2991,.T.);
#1405=ORIENTED_EDGE('',*,*,#2992,.F.);
#1406=ORIENTED_EDGE('',*,*,#2993,.F.);
#1407=ORIENTED_EDGE('',*,*,#2994,.T.);
#1408=ORIENTED_EDGE('',*,*,#2989,.T.);
#1409=ORIENTED_EDGE('',*,*,#2995,.F.);
#1410=ORIENTED_EDGE('',*,*,#2991,.F.);
#1411=ORIENTED_EDGE('',*,*,#2996,.T.);
#1412=ORIENTED_EDGE('',*,*,#2988,.T.);
#1413=ORIENTED_EDGE('',*,*,#2997,.F.);
#1414=ORIENTED_EDGE('',*,*,#2998,.F.);
#1415=ORIENTED_EDGE('',*,*,#2993,.T.);
#1416=ORIENTED_EDGE('',*,*,#2999,.T.);
#1417=ORIENTED_EDGE('',*,*,#2953,.F.);
#1418=ORIENTED_EDGE('',*,*,#3000,.F.);
#1419=ORIENTED_EDGE('',*,*,#3001,.T.);
#1420=ORIENTED_EDGE('',*,*,#3002,.T.);
#1421=ORIENTED_EDGE('',*,*,#3003,.F.);
#1422=ORIENTED_EDGE('',*,*,#3004,.F.);
#1423=ORIENTED_EDGE('',*,*,#3003,.T.);
#1424=ORIENTED_EDGE('',*,*,#3005,.T.);
#1425=ORIENTED_EDGE('',*,*,#3006,.F.);
#1426=ORIENTED_EDGE('',*,*,#3007,.F.);
#1427=ORIENTED_EDGE('',*,*,#3006,.T.);
#1428=ORIENTED_EDGE('',*,*,#3008,.T.);
#1429=ORIENTED_EDGE('',*,*,#3009,.F.);
#1430=ORIENTED_EDGE('',*,*,#3010,.F.);
#1431=ORIENTED_EDGE('',*,*,#3009,.T.);
#1432=ORIENTED_EDGE('',*,*,#3011,.T.);
#1433=ORIENTED_EDGE('',*,*,#3012,.F.);
#1434=ORIENTED_EDGE('',*,*,#3013,.F.);
#1435=ORIENTED_EDGE('',*,*,#3014,.T.);
#1436=ORIENTED_EDGE('',*,*,#3015,.T.);
#1437=ORIENTED_EDGE('',*,*,#3016,.F.);
#1438=ORIENTED_EDGE('',*,*,#3017,.F.);
#1439=ORIENTED_EDGE('',*,*,#3018,.T.);
#1440=ORIENTED_EDGE('',*,*,#3013,.T.);
#1441=ORIENTED_EDGE('',*,*,#3019,.F.);
#1442=ORIENTED_EDGE('',*,*,#3015,.F.);
#1443=ORIENTED_EDGE('',*,*,#3020,.T.);
#1444=ORIENTED_EDGE('',*,*,#3012,.T.);
#1445=ORIENTED_EDGE('',*,*,#3021,.F.);
#1446=ORIENTED_EDGE('',*,*,#3022,.F.);
#1447=ORIENTED_EDGE('',*,*,#3017,.T.);
#1448=ORIENTED_EDGE('',*,*,#3023,.T.);
#1449=ORIENTED_EDGE('',*,*,#2977,.F.);
#1450=ORIENTED_EDGE('',*,*,#3024,.F.);
#1451=ORIENTED_EDGE('',*,*,#3025,.T.);
#1452=ORIENTED_EDGE('',*,*,#3026,.T.);
#1453=ORIENTED_EDGE('',*,*,#3027,.F.);
#1454=ORIENTED_EDGE('',*,*,#3028,.F.);
#1455=ORIENTED_EDGE('',*,*,#3027,.T.);
#1456=ORIENTED_EDGE('',*,*,#3029,.T.);
#1457=ORIENTED_EDGE('',*,*,#3030,.F.);
#1458=ORIENTED_EDGE('',*,*,#3031,.F.);
#1459=ORIENTED_EDGE('',*,*,#3030,.T.);
#1460=ORIENTED_EDGE('',*,*,#3032,.T.);
#1461=ORIENTED_EDGE('',*,*,#3033,.F.);
#1462=ORIENTED_EDGE('',*,*,#3034,.F.);
#1463=ORIENTED_EDGE('',*,*,#3033,.T.);
#1464=ORIENTED_EDGE('',*,*,#3035,.T.);
#1465=ORIENTED_EDGE('',*,*,#3036,.F.);
#1466=ORIENTED_EDGE('',*,*,#3037,.F.);
#1467=ORIENTED_EDGE('',*,*,#3038,.T.);
#1468=ORIENTED_EDGE('',*,*,#3039,.T.);
#1469=ORIENTED_EDGE('',*,*,#3040,.F.);
#1470=ORIENTED_EDGE('',*,*,#3041,.F.);
#1471=ORIENTED_EDGE('',*,*,#3042,.T.);
#1472=ORIENTED_EDGE('',*,*,#3037,.T.);
#1473=ORIENTED_EDGE('',*,*,#3043,.F.);
#1474=ORIENTED_EDGE('',*,*,#3039,.F.);
#1475=ORIENTED_EDGE('',*,*,#3044,.T.);
#1476=ORIENTED_EDGE('',*,*,#3036,.T.);
#1477=ORIENTED_EDGE('',*,*,#3045,.F.);
#1478=ORIENTED_EDGE('',*,*,#3046,.F.);
#1479=ORIENTED_EDGE('',*,*,#3041,.T.);
#1480=ORIENTED_EDGE('',*,*,#3047,.T.);
#1481=ORIENTED_EDGE('',*,*,#3001,.F.);
#1482=ORIENTED_EDGE('',*,*,#3048,.F.);
#1483=ORIENTED_EDGE('',*,*,#3049,.T.);
#1484=ORIENTED_EDGE('',*,*,#3050,.T.);
#1485=ORIENTED_EDGE('',*,*,#3051,.F.);
#1486=ORIENTED_EDGE('',*,*,#3052,.F.);
#1487=ORIENTED_EDGE('',*,*,#3051,.T.);
#1488=ORIENTED_EDGE('',*,*,#3053,.T.);
#1489=ORIENTED_EDGE('',*,*,#3054,.F.);
#1490=ORIENTED_EDGE('',*,*,#3055,.F.);
#1491=ORIENTED_EDGE('',*,*,#3054,.T.);
#1492=ORIENTED_EDGE('',*,*,#3056,.T.);
#1493=ORIENTED_EDGE('',*,*,#3057,.F.);
#1494=ORIENTED_EDGE('',*,*,#3058,.F.);
#1495=ORIENTED_EDGE('',*,*,#3057,.T.);
#1496=ORIENTED_EDGE('',*,*,#3059,.T.);
#1497=ORIENTED_EDGE('',*,*,#3060,.F.);
#1498=ORIENTED_EDGE('',*,*,#3061,.F.);
#1499=ORIENTED_EDGE('',*,*,#3062,.T.);
#1500=ORIENTED_EDGE('',*,*,#3063,.T.);
#1501=ORIENTED_EDGE('',*,*,#3064,.F.);
#1502=ORIENTED_EDGE('',*,*,#3065,.F.);
#1503=ORIENTED_EDGE('',*,*,#3066,.T.);
#1504=ORIENTED_EDGE('',*,*,#3061,.T.);
#1505=ORIENTED_EDGE('',*,*,#3067,.F.);
#1506=ORIENTED_EDGE('',*,*,#3063,.F.);
#1507=ORIENTED_EDGE('',*,*,#3068,.T.);
#1508=ORIENTED_EDGE('',*,*,#3060,.T.);
#1509=ORIENTED_EDGE('',*,*,#3069,.F.);
#1510=ORIENTED_EDGE('',*,*,#3070,.F.);
#1511=ORIENTED_EDGE('',*,*,#3065,.T.);
#1512=ORIENTED_EDGE('',*,*,#3071,.T.);
#1513=ORIENTED_EDGE('',*,*,#3025,.F.);
#1514=ORIENTED_EDGE('',*,*,#3072,.F.);
#1515=ORIENTED_EDGE('',*,*,#3073,.T.);
#1516=ORIENTED_EDGE('',*,*,#3074,.T.);
#1517=ORIENTED_EDGE('',*,*,#3075,.F.);
#1518=ORIENTED_EDGE('',*,*,#3076,.F.);
#1519=ORIENTED_EDGE('',*,*,#3075,.T.);
#1520=ORIENTED_EDGE('',*,*,#3077,.T.);
#1521=ORIENTED_EDGE('',*,*,#3078,.F.);
#1522=ORIENTED_EDGE('',*,*,#3079,.F.);
#1523=ORIENTED_EDGE('',*,*,#3078,.T.);
#1524=ORIENTED_EDGE('',*,*,#3080,.T.);
#1525=ORIENTED_EDGE('',*,*,#3081,.F.);
#1526=ORIENTED_EDGE('',*,*,#3082,.F.);
#1527=ORIENTED_EDGE('',*,*,#3081,.T.);
#1528=ORIENTED_EDGE('',*,*,#3083,.T.);
#1529=ORIENTED_EDGE('',*,*,#3084,.F.);
#1530=ORIENTED_EDGE('',*,*,#3085,.F.);
#1531=ORIENTED_EDGE('',*,*,#3086,.T.);
#1532=ORIENTED_EDGE('',*,*,#3087,.T.);
#1533=ORIENTED_EDGE('',*,*,#3088,.F.);
#1534=ORIENTED_EDGE('',*,*,#3089,.F.);
#1535=ORIENTED_EDGE('',*,*,#3090,.T.);
#1536=ORIENTED_EDGE('',*,*,#3085,.T.);
#1537=ORIENTED_EDGE('',*,*,#3091,.F.);
#1538=ORIENTED_EDGE('',*,*,#3087,.F.);
#1539=ORIENTED_EDGE('',*,*,#3092,.T.);
#1540=ORIENTED_EDGE('',*,*,#3084,.T.);
#1541=ORIENTED_EDGE('',*,*,#3093,.F.);
#1542=ORIENTED_EDGE('',*,*,#3094,.F.);
#1543=ORIENTED_EDGE('',*,*,#3089,.T.);
#1544=ORIENTED_EDGE('',*,*,#3095,.T.);
#1545=ORIENTED_EDGE('',*,*,#3049,.F.);
#1546=ORIENTED_EDGE('',*,*,#3096,.F.);
#1547=ORIENTED_EDGE('',*,*,#3097,.T.);
#1548=ORIENTED_EDGE('',*,*,#3098,.T.);
#1549=ORIENTED_EDGE('',*,*,#3099,.F.);
#1550=ORIENTED_EDGE('',*,*,#3100,.F.);
#1551=ORIENTED_EDGE('',*,*,#3099,.T.);
#1552=ORIENTED_EDGE('',*,*,#3101,.T.);
#1553=ORIENTED_EDGE('',*,*,#3102,.F.);
#1554=ORIENTED_EDGE('',*,*,#3103,.F.);
#1555=ORIENTED_EDGE('',*,*,#3102,.T.);
#1556=ORIENTED_EDGE('',*,*,#3104,.T.);
#1557=ORIENTED_EDGE('',*,*,#3105,.F.);
#1558=ORIENTED_EDGE('',*,*,#3106,.F.);
#1559=ORIENTED_EDGE('',*,*,#3105,.T.);
#1560=ORIENTED_EDGE('',*,*,#3107,.T.);
#1561=ORIENTED_EDGE('',*,*,#3108,.F.);
#1562=ORIENTED_EDGE('',*,*,#3109,.F.);
#1563=ORIENTED_EDGE('',*,*,#3110,.T.);
#1564=ORIENTED_EDGE('',*,*,#3111,.T.);
#1565=ORIENTED_EDGE('',*,*,#3112,.F.);
#1566=ORIENTED_EDGE('',*,*,#3113,.F.);
#1567=ORIENTED_EDGE('',*,*,#3114,.T.);
#1568=ORIENTED_EDGE('',*,*,#3109,.T.);
#1569=ORIENTED_EDGE('',*,*,#3115,.F.);
#1570=ORIENTED_EDGE('',*,*,#3111,.F.);
#1571=ORIENTED_EDGE('',*,*,#3116,.T.);
#1572=ORIENTED_EDGE('',*,*,#3108,.T.);
#1573=ORIENTED_EDGE('',*,*,#3117,.F.);
#1574=ORIENTED_EDGE('',*,*,#3118,.F.);
#1575=ORIENTED_EDGE('',*,*,#3113,.T.);
#1576=ORIENTED_EDGE('',*,*,#3119,.T.);
#1577=ORIENTED_EDGE('',*,*,#3073,.F.);
#1578=ORIENTED_EDGE('',*,*,#3120,.F.);
#1579=ORIENTED_EDGE('',*,*,#3121,.T.);
#1580=ORIENTED_EDGE('',*,*,#3122,.T.);
#1581=ORIENTED_EDGE('',*,*,#3123,.F.);
#1582=ORIENTED_EDGE('',*,*,#3124,.F.);
#1583=ORIENTED_EDGE('',*,*,#3123,.T.);
#1584=ORIENTED_EDGE('',*,*,#3125,.T.);
#1585=ORIENTED_EDGE('',*,*,#3126,.F.);
#1586=ORIENTED_EDGE('',*,*,#3127,.F.);
#1587=ORIENTED_EDGE('',*,*,#3126,.T.);
#1588=ORIENTED_EDGE('',*,*,#3128,.T.);
#1589=ORIENTED_EDGE('',*,*,#3129,.F.);
#1590=ORIENTED_EDGE('',*,*,#3130,.F.);
#1591=ORIENTED_EDGE('',*,*,#3129,.T.);
#1592=ORIENTED_EDGE('',*,*,#3131,.T.);
#1593=ORIENTED_EDGE('',*,*,#3132,.F.);
#1594=ORIENTED_EDGE('',*,*,#3133,.F.);
#1595=ORIENTED_EDGE('',*,*,#3134,.T.);
#1596=ORIENTED_EDGE('',*,*,#3135,.T.);
#1597=ORIENTED_EDGE('',*,*,#3136,.F.);
#1598=ORIENTED_EDGE('',*,*,#3137,.F.);
#1599=ORIENTED_EDGE('',*,*,#3138,.T.);
#1600=ORIENTED_EDGE('',*,*,#3133,.T.);
#1601=ORIENTED_EDGE('',*,*,#3139,.F.);
#1602=ORIENTED_EDGE('',*,*,#3135,.F.);
#1603=ORIENTED_EDGE('',*,*,#3140,.T.);
#1604=ORIENTED_EDGE('',*,*,#3132,.T.);
#1605=ORIENTED_EDGE('',*,*,#3141,.F.);
#1606=ORIENTED_EDGE('',*,*,#3142,.F.);
#1607=ORIENTED_EDGE('',*,*,#3137,.T.);
#1608=ORIENTED_EDGE('',*,*,#3143,.T.);
#1609=ORIENTED_EDGE('',*,*,#3097,.F.);
#1610=ORIENTED_EDGE('',*,*,#3144,.F.);
#1611=ORIENTED_EDGE('',*,*,#3145,.T.);
#1612=ORIENTED_EDGE('',*,*,#3146,.T.);
#1613=ORIENTED_EDGE('',*,*,#3147,.F.);
#1614=ORIENTED_EDGE('',*,*,#3148,.F.);
#1615=ORIENTED_EDGE('',*,*,#3147,.T.);
#1616=ORIENTED_EDGE('',*,*,#3149,.T.);
#1617=ORIENTED_EDGE('',*,*,#3150,.F.);
#1618=ORIENTED_EDGE('',*,*,#3151,.F.);
#1619=ORIENTED_EDGE('',*,*,#3150,.T.);
#1620=ORIENTED_EDGE('',*,*,#3152,.T.);
#1621=ORIENTED_EDGE('',*,*,#3153,.F.);
#1622=ORIENTED_EDGE('',*,*,#3154,.F.);
#1623=ORIENTED_EDGE('',*,*,#3153,.T.);
#1624=ORIENTED_EDGE('',*,*,#3155,.T.);
#1625=ORIENTED_EDGE('',*,*,#3156,.F.);
#1626=ORIENTED_EDGE('',*,*,#3157,.F.);
#1627=ORIENTED_EDGE('',*,*,#3158,.T.);
#1628=ORIENTED_EDGE('',*,*,#3159,.T.);
#1629=ORIENTED_EDGE('',*,*,#3160,.F.);
#1630=ORIENTED_EDGE('',*,*,#3161,.F.);
#1631=ORIENTED_EDGE('',*,*,#3162,.T.);
#1632=ORIENTED_EDGE('',*,*,#3157,.T.);
#1633=ORIENTED_EDGE('',*,*,#3163,.F.);
#1634=ORIENTED_EDGE('',*,*,#3159,.F.);
#1635=ORIENTED_EDGE('',*,*,#3164,.T.);
#1636=ORIENTED_EDGE('',*,*,#3156,.T.);
#1637=ORIENTED_EDGE('',*,*,#3165,.F.);
#1638=ORIENTED_EDGE('',*,*,#3166,.F.);
#1639=ORIENTED_EDGE('',*,*,#3161,.T.);
#1640=ORIENTED_EDGE('',*,*,#3167,.T.);
#1641=ORIENTED_EDGE('',*,*,#3121,.F.);
#1642=ORIENTED_EDGE('',*,*,#3168,.F.);
#1643=ORIENTED_EDGE('',*,*,#3169,.T.);
#1644=ORIENTED_EDGE('',*,*,#3170,.T.);
#1645=ORIENTED_EDGE('',*,*,#3171,.F.);
#1646=ORIENTED_EDGE('',*,*,#3172,.F.);
#1647=ORIENTED_EDGE('',*,*,#3171,.T.);
#1648=ORIENTED_EDGE('',*,*,#3173,.T.);
#1649=ORIENTED_EDGE('',*,*,#3174,.F.);
#1650=ORIENTED_EDGE('',*,*,#3175,.F.);
#1651=ORIENTED_EDGE('',*,*,#3174,.T.);
#1652=ORIENTED_EDGE('',*,*,#3176,.T.);
#1653=ORIENTED_EDGE('',*,*,#3177,.F.);
#1654=ORIENTED_EDGE('',*,*,#3178,.F.);
#1655=ORIENTED_EDGE('',*,*,#3177,.T.);
#1656=ORIENTED_EDGE('',*,*,#3179,.T.);
#1657=ORIENTED_EDGE('',*,*,#3180,.F.);
#1658=ORIENTED_EDGE('',*,*,#3181,.F.);
#1659=ORIENTED_EDGE('',*,*,#3182,.T.);
#1660=ORIENTED_EDGE('',*,*,#3183,.T.);
#1661=ORIENTED_EDGE('',*,*,#3184,.F.);
#1662=ORIENTED_EDGE('',*,*,#3185,.F.);
#1663=ORIENTED_EDGE('',*,*,#3186,.T.);
#1664=ORIENTED_EDGE('',*,*,#3181,.T.);
#1665=ORIENTED_EDGE('',*,*,#3187,.F.);
#1666=ORIENTED_EDGE('',*,*,#3183,.F.);
#1667=ORIENTED_EDGE('',*,*,#3188,.T.);
#1668=ORIENTED_EDGE('',*,*,#3180,.T.);
#1669=ORIENTED_EDGE('',*,*,#3189,.F.);
#1670=ORIENTED_EDGE('',*,*,#3190,.F.);
#1671=ORIENTED_EDGE('',*,*,#3185,.T.);
#1672=ORIENTED_EDGE('',*,*,#3191,.T.);
#1673=ORIENTED_EDGE('',*,*,#3145,.F.);
#1674=ORIENTED_EDGE('',*,*,#3192,.F.);
#1675=ORIENTED_EDGE('',*,*,#3193,.T.);
#1676=ORIENTED_EDGE('',*,*,#3194,.T.);
#1677=ORIENTED_EDGE('',*,*,#3195,.F.);
#1678=ORIENTED_EDGE('',*,*,#3196,.F.);
#1679=ORIENTED_EDGE('',*,*,#3195,.T.);
#1680=ORIENTED_EDGE('',*,*,#3197,.T.);
#1681=ORIENTED_EDGE('',*,*,#3198,.F.);
#1682=ORIENTED_EDGE('',*,*,#3199,.F.);
#1683=ORIENTED_EDGE('',*,*,#3198,.T.);
#1684=ORIENTED_EDGE('',*,*,#3200,.T.);
#1685=ORIENTED_EDGE('',*,*,#3201,.F.);
#1686=ORIENTED_EDGE('',*,*,#3202,.F.);
#1687=ORIENTED_EDGE('',*,*,#3201,.T.);
#1688=ORIENTED_EDGE('',*,*,#3203,.T.);
#1689=ORIENTED_EDGE('',*,*,#3204,.F.);
#1690=ORIENTED_EDGE('',*,*,#3205,.F.);
#1691=ORIENTED_EDGE('',*,*,#3206,.T.);
#1692=ORIENTED_EDGE('',*,*,#3207,.T.);
#1693=ORIENTED_EDGE('',*,*,#3208,.F.);
#1694=ORIENTED_EDGE('',*,*,#3209,.F.);
#1695=ORIENTED_EDGE('',*,*,#3210,.T.);
#1696=ORIENTED_EDGE('',*,*,#3205,.T.);
#1697=ORIENTED_EDGE('',*,*,#3211,.F.);
#1698=ORIENTED_EDGE('',*,*,#3207,.F.);
#1699=ORIENTED_EDGE('',*,*,#3212,.T.);
#1700=ORIENTED_EDGE('',*,*,#3204,.T.);
#1701=ORIENTED_EDGE('',*,*,#3213,.F.);
#1702=ORIENTED_EDGE('',*,*,#3214,.F.);
#1703=ORIENTED_EDGE('',*,*,#3209,.T.);
#1704=ORIENTED_EDGE('',*,*,#3215,.T.);
#1705=ORIENTED_EDGE('',*,*,#3169,.F.);
#1706=ORIENTED_EDGE('',*,*,#3216,.F.);
#1707=ORIENTED_EDGE('',*,*,#3217,.T.);
#1708=ORIENTED_EDGE('',*,*,#3218,.T.);
#1709=ORIENTED_EDGE('',*,*,#3219,.F.);
#1710=ORIENTED_EDGE('',*,*,#3220,.F.);
#1711=ORIENTED_EDGE('',*,*,#3219,.T.);
#1712=ORIENTED_EDGE('',*,*,#3221,.T.);
#1713=ORIENTED_EDGE('',*,*,#3222,.F.);
#1714=ORIENTED_EDGE('',*,*,#3223,.F.);
#1715=ORIENTED_EDGE('',*,*,#3222,.T.);
#1716=ORIENTED_EDGE('',*,*,#3224,.T.);
#1717=ORIENTED_EDGE('',*,*,#3225,.F.);
#1718=ORIENTED_EDGE('',*,*,#3226,.F.);
#1719=ORIENTED_EDGE('',*,*,#3225,.T.);
#1720=ORIENTED_EDGE('',*,*,#3227,.T.);
#1721=ORIENTED_EDGE('',*,*,#3228,.F.);
#1722=ORIENTED_EDGE('',*,*,#3229,.F.);
#1723=ORIENTED_EDGE('',*,*,#3230,.T.);
#1724=ORIENTED_EDGE('',*,*,#3231,.T.);
#1725=ORIENTED_EDGE('',*,*,#3232,.F.);
#1726=ORIENTED_EDGE('',*,*,#3233,.F.);
#1727=ORIENTED_EDGE('',*,*,#3234,.T.);
#1728=ORIENTED_EDGE('',*,*,#3229,.T.);
#1729=ORIENTED_EDGE('',*,*,#3235,.F.);
#1730=ORIENTED_EDGE('',*,*,#3231,.F.);
#1731=ORIENTED_EDGE('',*,*,#3236,.T.);
#1732=ORIENTED_EDGE('',*,*,#3228,.T.);
#1733=ORIENTED_EDGE('',*,*,#3237,.F.);
#1734=ORIENTED_EDGE('',*,*,#3238,.F.);
#1735=ORIENTED_EDGE('',*,*,#3233,.T.);
#1736=ORIENTED_EDGE('',*,*,#3239,.T.);
#1737=ORIENTED_EDGE('',*,*,#3193,.F.);
#1738=ORIENTED_EDGE('',*,*,#3240,.F.);
#1739=ORIENTED_EDGE('',*,*,#2731,.T.);
#1740=ORIENTED_EDGE('',*,*,#3241,.T.);
#1741=ORIENTED_EDGE('',*,*,#3217,.F.);
#1742=ORIENTED_EDGE('',*,*,#2714,.T.);
#1743=ORIENTED_EDGE('',*,*,#2718,.T.);
#1744=ORIENTED_EDGE('',*,*,#2721,.T.);
#1745=ORIENTED_EDGE('',*,*,#2724,.T.);
#1746=ORIENTED_EDGE('',*,*,#2734,.F.);
#1747=ORIENTED_EDGE('',*,*,#2728,.F.);
#1748=ORIENTED_EDGE('',*,*,#2732,.F.);
#1749=ORIENTED_EDGE('',*,*,#3240,.T.);
#1750=ORIENTED_EDGE('',*,*,#3216,.T.);
#1751=ORIENTED_EDGE('',*,*,#3220,.T.);
#1752=ORIENTED_EDGE('',*,*,#3223,.T.);
#1753=ORIENTED_EDGE('',*,*,#3226,.T.);
#1754=ORIENTED_EDGE('',*,*,#3236,.F.);
#1755=ORIENTED_EDGE('',*,*,#3230,.F.);
#1756=ORIENTED_EDGE('',*,*,#3234,.F.);
#1757=ORIENTED_EDGE('',*,*,#3238,.T.);
#1758=ORIENTED_EDGE('',*,*,#3192,.T.);
#1759=ORIENTED_EDGE('',*,*,#3196,.T.);
#1760=ORIENTED_EDGE('',*,*,#3199,.T.);
#1761=ORIENTED_EDGE('',*,*,#3202,.T.);
#1762=ORIENTED_EDGE('',*,*,#3212,.F.);
#1763=ORIENTED_EDGE('',*,*,#3206,.F.);
#1764=ORIENTED_EDGE('',*,*,#3210,.F.);
#1765=ORIENTED_EDGE('',*,*,#3214,.T.);
#1766=ORIENTED_EDGE('',*,*,#3168,.T.);
#1767=ORIENTED_EDGE('',*,*,#3172,.T.);
#1768=ORIENTED_EDGE('',*,*,#3175,.T.);
#1769=ORIENTED_EDGE('',*,*,#3178,.T.);
#1770=ORIENTED_EDGE('',*,*,#3188,.F.);
#1771=ORIENTED_EDGE('',*,*,#3182,.F.);
#1772=ORIENTED_EDGE('',*,*,#3186,.F.);
#1773=ORIENTED_EDGE('',*,*,#3190,.T.);
#1774=ORIENTED_EDGE('',*,*,#3144,.T.);
#1775=ORIENTED_EDGE('',*,*,#3148,.T.);
#1776=ORIENTED_EDGE('',*,*,#3151,.T.);
#1777=ORIENTED_EDGE('',*,*,#3154,.T.);
#1778=ORIENTED_EDGE('',*,*,#3164,.F.);
#1779=ORIENTED_EDGE('',*,*,#3158,.F.);
#1780=ORIENTED_EDGE('',*,*,#3162,.F.);
#1781=ORIENTED_EDGE('',*,*,#3166,.T.);
#1782=ORIENTED_EDGE('',*,*,#3120,.T.);
#1783=ORIENTED_EDGE('',*,*,#3124,.T.);
#1784=ORIENTED_EDGE('',*,*,#3127,.T.);
#1785=ORIENTED_EDGE('',*,*,#3130,.T.);
#1786=ORIENTED_EDGE('',*,*,#3140,.F.);
#1787=ORIENTED_EDGE('',*,*,#3134,.F.);
#1788=ORIENTED_EDGE('',*,*,#3138,.F.);
#1789=ORIENTED_EDGE('',*,*,#3142,.T.);
#1790=ORIENTED_EDGE('',*,*,#3096,.T.);
#1791=ORIENTED_EDGE('',*,*,#3100,.T.);
#1792=ORIENTED_EDGE('',*,*,#3103,.T.);
#1793=ORIENTED_EDGE('',*,*,#3106,.T.);
#1794=ORIENTED_EDGE('',*,*,#3116,.F.);
#1795=ORIENTED_EDGE('',*,*,#3110,.F.);
#1796=ORIENTED_EDGE('',*,*,#3114,.F.);
#1797=ORIENTED_EDGE('',*,*,#3118,.T.);
#1798=ORIENTED_EDGE('',*,*,#3072,.T.);
#1799=ORIENTED_EDGE('',*,*,#3076,.T.);
#1800=ORIENTED_EDGE('',*,*,#3079,.T.);
#1801=ORIENTED_EDGE('',*,*,#3082,.T.);
#1802=ORIENTED_EDGE('',*,*,#3092,.F.);
#1803=ORIENTED_EDGE('',*,*,#3086,.F.);
#1804=ORIENTED_EDGE('',*,*,#3090,.F.);
#1805=ORIENTED_EDGE('',*,*,#3094,.T.);
#1806=ORIENTED_EDGE('',*,*,#3048,.T.);
#1807=ORIENTED_EDGE('',*,*,#3052,.T.);
#1808=ORIENTED_EDGE('',*,*,#3055,.T.);
#1809=ORIENTED_EDGE('',*,*,#3058,.T.);
#1810=ORIENTED_EDGE('',*,*,#3068,.F.);
#1811=ORIENTED_EDGE('',*,*,#3062,.F.);
#1812=ORIENTED_EDGE('',*,*,#3066,.F.);
#1813=ORIENTED_EDGE('',*,*,#3070,.T.);
#1814=ORIENTED_EDGE('',*,*,#3024,.T.);
#1815=ORIENTED_EDGE('',*,*,#3028,.T.);
#1816=ORIENTED_EDGE('',*,*,#3031,.T.);
#1817=ORIENTED_EDGE('',*,*,#3034,.T.);
#1818=ORIENTED_EDGE('',*,*,#3044,.F.);
#1819=ORIENTED_EDGE('',*,*,#3038,.F.);
#1820=ORIENTED_EDGE('',*,*,#3042,.F.);
#1821=ORIENTED_EDGE('',*,*,#3046,.T.);
#1822=ORIENTED_EDGE('',*,*,#3000,.T.);
#1823=ORIENTED_EDGE('',*,*,#3004,.T.);
#1824=ORIENTED_EDGE('',*,*,#3007,.T.);
#1825=ORIENTED_EDGE('',*,*,#3010,.T.);
#1826=ORIENTED_EDGE('',*,*,#3020,.F.);
#1827=ORIENTED_EDGE('',*,*,#3014,.F.);
#1828=ORIENTED_EDGE('',*,*,#3018,.F.);
#1829=ORIENTED_EDGE('',*,*,#3022,.T.);
#1830=ORIENTED_EDGE('',*,*,#2976,.T.);
#1831=ORIENTED_EDGE('',*,*,#2980,.T.);
#1832=ORIENTED_EDGE('',*,*,#2983,.T.);
#1833=ORIENTED_EDGE('',*,*,#2986,.T.);
#1834=ORIENTED_EDGE('',*,*,#2996,.F.);
#1835=ORIENTED_EDGE('',*,*,#2990,.F.);
#1836=ORIENTED_EDGE('',*,*,#2994,.F.);
#1837=ORIENTED_EDGE('',*,*,#2998,.T.);
#1838=ORIENTED_EDGE('',*,*,#2952,.T.);
#1839=ORIENTED_EDGE('',*,*,#2956,.T.);
#1840=ORIENTED_EDGE('',*,*,#2959,.T.);
#1841=ORIENTED_EDGE('',*,*,#2962,.T.);
#1842=ORIENTED_EDGE('',*,*,#2972,.F.);
#1843=ORIENTED_EDGE('',*,*,#2966,.F.);
#1844=ORIENTED_EDGE('',*,*,#2970,.F.);
#1845=ORIENTED_EDGE('',*,*,#2974,.T.);
#1846=ORIENTED_EDGE('',*,*,#2928,.T.);
#1847=ORIENTED_EDGE('',*,*,#2932,.T.);
#1848=ORIENTED_EDGE('',*,*,#2935,.T.);
#1849=ORIENTED_EDGE('',*,*,#2938,.T.);
#1850=ORIENTED_EDGE('',*,*,#2948,.F.);
#1851=ORIENTED_EDGE('',*,*,#2942,.F.);
#1852=ORIENTED_EDGE('',*,*,#2946,.F.);
#1853=ORIENTED_EDGE('',*,*,#2950,.T.);
#1854=ORIENTED_EDGE('',*,*,#2904,.T.);
#1855=ORIENTED_EDGE('',*,*,#2908,.T.);
#1856=ORIENTED_EDGE('',*,*,#2911,.T.);
#1857=ORIENTED_EDGE('',*,*,#2914,.T.);
#1858=ORIENTED_EDGE('',*,*,#2924,.F.);
#1859=ORIENTED_EDGE('',*,*,#2918,.F.);
#1860=ORIENTED_EDGE('',*,*,#2922,.F.);
#1861=ORIENTED_EDGE('',*,*,#2926,.T.);
#1862=ORIENTED_EDGE('',*,*,#2880,.T.);
#1863=ORIENTED_EDGE('',*,*,#2884,.T.);
#1864=ORIENTED_EDGE('',*,*,#2887,.T.);
#1865=ORIENTED_EDGE('',*,*,#2890,.T.);
#1866=ORIENTED_EDGE('',*,*,#2900,.F.);
#1867=ORIENTED_EDGE('',*,*,#2894,.F.);
#1868=ORIENTED_EDGE('',*,*,#2898,.F.);
#1869=ORIENTED_EDGE('',*,*,#2902,.T.);
#1870=ORIENTED_EDGE('',*,*,#2856,.T.);
#1871=ORIENTED_EDGE('',*,*,#2860,.T.);
#1872=ORIENTED_EDGE('',*,*,#2863,.T.);
#1873=ORIENTED_EDGE('',*,*,#2866,.T.);
#1874=ORIENTED_EDGE('',*,*,#2876,.F.);
#1875=ORIENTED_EDGE('',*,*,#2870,.F.);
#1876=ORIENTED_EDGE('',*,*,#2874,.F.);
#1877=ORIENTED_EDGE('',*,*,#2878,.T.);
#1878=ORIENTED_EDGE('',*,*,#2832,.T.);
#1879=ORIENTED_EDGE('',*,*,#2836,.T.);
#1880=ORIENTED_EDGE('',*,*,#2839,.T.);
#1881=ORIENTED_EDGE('',*,*,#2842,.T.);
#1882=ORIENTED_EDGE('',*,*,#2852,.F.);
#1883=ORIENTED_EDGE('',*,*,#2846,.F.);
#1884=ORIENTED_EDGE('',*,*,#2850,.F.);
#1885=ORIENTED_EDGE('',*,*,#2854,.T.);
#1886=ORIENTED_EDGE('',*,*,#2808,.T.);
#1887=ORIENTED_EDGE('',*,*,#2812,.T.);
#1888=ORIENTED_EDGE('',*,*,#2815,.T.);
#1889=ORIENTED_EDGE('',*,*,#2818,.T.);
#1890=ORIENTED_EDGE('',*,*,#2828,.F.);
#1891=ORIENTED_EDGE('',*,*,#2822,.F.);
#1892=ORIENTED_EDGE('',*,*,#2826,.F.);
#1893=ORIENTED_EDGE('',*,*,#2830,.T.);
#1894=ORIENTED_EDGE('',*,*,#2784,.T.);
#1895=ORIENTED_EDGE('',*,*,#2788,.T.);
#1896=ORIENTED_EDGE('',*,*,#2791,.T.);
#1897=ORIENTED_EDGE('',*,*,#2794,.T.);
#1898=ORIENTED_EDGE('',*,*,#2804,.F.);
#1899=ORIENTED_EDGE('',*,*,#2798,.F.);
#1900=ORIENTED_EDGE('',*,*,#2802,.F.);
#1901=ORIENTED_EDGE('',*,*,#2806,.T.);
#1902=ORIENTED_EDGE('',*,*,#2760,.T.);
#1903=ORIENTED_EDGE('',*,*,#2764,.T.);
#1904=ORIENTED_EDGE('',*,*,#2767,.T.);
#1905=ORIENTED_EDGE('',*,*,#2770,.T.);
#1906=ORIENTED_EDGE('',*,*,#2780,.F.);
#1907=ORIENTED_EDGE('',*,*,#2774,.F.);
#1908=ORIENTED_EDGE('',*,*,#2778,.F.);
#1909=ORIENTED_EDGE('',*,*,#2782,.T.);
#1910=ORIENTED_EDGE('',*,*,#2736,.T.);
#1911=ORIENTED_EDGE('',*,*,#2740,.T.);
#1912=ORIENTED_EDGE('',*,*,#2743,.T.);
#1913=ORIENTED_EDGE('',*,*,#2746,.T.);
#1914=ORIENTED_EDGE('',*,*,#2756,.F.);
#1915=ORIENTED_EDGE('',*,*,#2750,.F.);
#1916=ORIENTED_EDGE('',*,*,#2754,.F.);
#1917=ORIENTED_EDGE('',*,*,#2758,.T.);
#1918=ORIENTED_EDGE('',*,*,#3242,.F.);
#1919=ORIENTED_EDGE('',*,*,#3243,.T.);
#1920=ORIENTED_EDGE('',*,*,#2759,.F.);
#1921=ORIENTED_EDGE('',*,*,#2755,.T.);
#1922=ORIENTED_EDGE('',*,*,#2752,.T.);
#1923=ORIENTED_EDGE('',*,*,#2757,.T.);
#1924=ORIENTED_EDGE('',*,*,#2747,.F.);
#1925=ORIENTED_EDGE('',*,*,#2744,.F.);
#1926=ORIENTED_EDGE('',*,*,#2741,.F.);
#1927=ORIENTED_EDGE('',*,*,#2738,.F.);
#1928=ORIENTED_EDGE('',*,*,#2783,.F.);
#1929=ORIENTED_EDGE('',*,*,#2779,.T.);
#1930=ORIENTED_EDGE('',*,*,#2776,.T.);
#1931=ORIENTED_EDGE('',*,*,#2781,.T.);
#1932=ORIENTED_EDGE('',*,*,#2771,.F.);
#1933=ORIENTED_EDGE('',*,*,#2768,.F.);
#1934=ORIENTED_EDGE('',*,*,#2765,.F.);
#1935=ORIENTED_EDGE('',*,*,#2762,.F.);
#1936=ORIENTED_EDGE('',*,*,#2807,.F.);
#1937=ORIENTED_EDGE('',*,*,#2803,.T.);
#1938=ORIENTED_EDGE('',*,*,#2800,.T.);
#1939=ORIENTED_EDGE('',*,*,#2805,.T.);
#1940=ORIENTED_EDGE('',*,*,#2795,.F.);
#1941=ORIENTED_EDGE('',*,*,#2792,.F.);
#1942=ORIENTED_EDGE('',*,*,#2789,.F.);
#1943=ORIENTED_EDGE('',*,*,#2786,.F.);
#1944=ORIENTED_EDGE('',*,*,#2831,.F.);
#1945=ORIENTED_EDGE('',*,*,#2827,.T.);
#1946=ORIENTED_EDGE('',*,*,#2824,.T.);
#1947=ORIENTED_EDGE('',*,*,#2829,.T.);
#1948=ORIENTED_EDGE('',*,*,#2819,.F.);
#1949=ORIENTED_EDGE('',*,*,#2816,.F.);
#1950=ORIENTED_EDGE('',*,*,#2813,.F.);
#1951=ORIENTED_EDGE('',*,*,#2810,.F.);
#1952=ORIENTED_EDGE('',*,*,#2855,.F.);
#1953=ORIENTED_EDGE('',*,*,#2851,.T.);
#1954=ORIENTED_EDGE('',*,*,#2848,.T.);
#1955=ORIENTED_EDGE('',*,*,#2853,.T.);
#1956=ORIENTED_EDGE('',*,*,#2843,.F.);
#1957=ORIENTED_EDGE('',*,*,#2840,.F.);
#1958=ORIENTED_EDGE('',*,*,#2837,.F.);
#1959=ORIENTED_EDGE('',*,*,#2834,.F.);
#1960=ORIENTED_EDGE('',*,*,#2879,.F.);
#1961=ORIENTED_EDGE('',*,*,#2875,.T.);
#1962=ORIENTED_EDGE('',*,*,#2872,.T.);
#1963=ORIENTED_EDGE('',*,*,#2877,.T.);
#1964=ORIENTED_EDGE('',*,*,#2867,.F.);
#1965=ORIENTED_EDGE('',*,*,#2864,.F.);
#1966=ORIENTED_EDGE('',*,*,#2861,.F.);
#1967=ORIENTED_EDGE('',*,*,#2858,.F.);
#1968=ORIENTED_EDGE('',*,*,#2903,.F.);
#1969=ORIENTED_EDGE('',*,*,#2899,.T.);
#1970=ORIENTED_EDGE('',*,*,#2896,.T.);
#1971=ORIENTED_EDGE('',*,*,#2901,.T.);
#1972=ORIENTED_EDGE('',*,*,#2891,.F.);
#1973=ORIENTED_EDGE('',*,*,#2888,.F.);
#1974=ORIENTED_EDGE('',*,*,#2885,.F.);
#1975=ORIENTED_EDGE('',*,*,#2882,.F.);
#1976=ORIENTED_EDGE('',*,*,#2927,.F.);
#1977=ORIENTED_EDGE('',*,*,#2923,.T.);
#1978=ORIENTED_EDGE('',*,*,#2920,.T.);
#1979=ORIENTED_EDGE('',*,*,#2925,.T.);
#1980=ORIENTED_EDGE('',*,*,#2915,.F.);
#1981=ORIENTED_EDGE('',*,*,#2912,.F.);
#1982=ORIENTED_EDGE('',*,*,#2909,.F.);
#1983=ORIENTED_EDGE('',*,*,#2906,.F.);
#1984=ORIENTED_EDGE('',*,*,#2951,.F.);
#1985=ORIENTED_EDGE('',*,*,#2947,.T.);
#1986=ORIENTED_EDGE('',*,*,#2944,.T.);
#1987=ORIENTED_EDGE('',*,*,#2949,.T.);
#1988=ORIENTED_EDGE('',*,*,#2939,.F.);
#1989=ORIENTED_EDGE('',*,*,#2936,.F.);
#1990=ORIENTED_EDGE('',*,*,#2933,.F.);
#1991=ORIENTED_EDGE('',*,*,#2930,.F.);
#1992=ORIENTED_EDGE('',*,*,#2975,.F.);
#1993=ORIENTED_EDGE('',*,*,#2971,.T.);
#1994=ORIENTED_EDGE('',*,*,#2968,.T.);
#1995=ORIENTED_EDGE('',*,*,#2973,.T.);
#1996=ORIENTED_EDGE('',*,*,#2963,.F.);
#1997=ORIENTED_EDGE('',*,*,#2960,.F.);
#1998=ORIENTED_EDGE('',*,*,#2957,.F.);
#1999=ORIENTED_EDGE('',*,*,#2954,.F.);
#2000=ORIENTED_EDGE('',*,*,#2999,.F.);
#2001=ORIENTED_EDGE('',*,*,#2995,.T.);
#2002=ORIENTED_EDGE('',*,*,#2992,.T.);
#2003=ORIENTED_EDGE('',*,*,#2997,.T.);
#2004=ORIENTED_EDGE('',*,*,#2987,.F.);
#2005=ORIENTED_EDGE('',*,*,#2984,.F.);
#2006=ORIENTED_EDGE('',*,*,#2981,.F.);
#2007=ORIENTED_EDGE('',*,*,#2978,.F.);
#2008=ORIENTED_EDGE('',*,*,#3023,.F.);
#2009=ORIENTED_EDGE('',*,*,#3019,.T.);
#2010=ORIENTED_EDGE('',*,*,#3016,.T.);
#2011=ORIENTED_EDGE('',*,*,#3021,.T.);
#2012=ORIENTED_EDGE('',*,*,#3011,.F.);
#2013=ORIENTED_EDGE('',*,*,#3008,.F.);
#2014=ORIENTED_EDGE('',*,*,#3005,.F.);
#2015=ORIENTED_EDGE('',*,*,#3002,.F.);
#2016=ORIENTED_EDGE('',*,*,#3047,.F.);
#2017=ORIENTED_EDGE('',*,*,#3043,.T.);
#2018=ORIENTED_EDGE('',*,*,#3040,.T.);
#2019=ORIENTED_EDGE('',*,*,#3045,.T.);
#2020=ORIENTED_EDGE('',*,*,#3035,.F.);
#2021=ORIENTED_EDGE('',*,*,#3032,.F.);
#2022=ORIENTED_EDGE('',*,*,#3029,.F.);
#2023=ORIENTED_EDGE('',*,*,#3026,.F.);
#2024=ORIENTED_EDGE('',*,*,#3071,.F.);
#2025=ORIENTED_EDGE('',*,*,#3067,.T.);
#2026=ORIENTED_EDGE('',*,*,#3064,.T.);
#2027=ORIENTED_EDGE('',*,*,#3069,.T.);
#2028=ORIENTED_EDGE('',*,*,#3059,.F.);
#2029=ORIENTED_EDGE('',*,*,#3056,.F.);
#2030=ORIENTED_EDGE('',*,*,#3053,.F.);
#2031=ORIENTED_EDGE('',*,*,#3050,.F.);
#2032=ORIENTED_EDGE('',*,*,#3095,.F.);
#2033=ORIENTED_EDGE('',*,*,#3091,.T.);
#2034=ORIENTED_EDGE('',*,*,#3088,.T.);
#2035=ORIENTED_EDGE('',*,*,#3093,.T.);
#2036=ORIENTED_EDGE('',*,*,#3083,.F.);
#2037=ORIENTED_EDGE('',*,*,#3080,.F.);
#2038=ORIENTED_EDGE('',*,*,#3077,.F.);
#2039=ORIENTED_EDGE('',*,*,#3074,.F.);
#2040=ORIENTED_EDGE('',*,*,#3119,.F.);
#2041=ORIENTED_EDGE('',*,*,#3115,.T.);
#2042=ORIENTED_EDGE('',*,*,#3112,.T.);
#2043=ORIENTED_EDGE('',*,*,#3117,.T.);
#2044=ORIENTED_EDGE('',*,*,#3107,.F.);
#2045=ORIENTED_EDGE('',*,*,#3104,.F.);
#2046=ORIENTED_EDGE('',*,*,#3101,.F.);
#2047=ORIENTED_EDGE('',*,*,#3098,.F.);
#2048=ORIENTED_EDGE('',*,*,#3143,.F.);
#2049=ORIENTED_EDGE('',*,*,#3139,.T.);
#2050=ORIENTED_EDGE('',*,*,#3136,.T.);
#2051=ORIENTED_EDGE('',*,*,#3141,.T.);
#2052=ORIENTED_EDGE('',*,*,#3131,.F.);
#2053=ORIENTED_EDGE('',*,*,#3128,.F.);
#2054=ORIENTED_EDGE('',*,*,#3125,.F.);
#2055=ORIENTED_EDGE('',*,*,#3122,.F.);
#2056=ORIENTED_EDGE('',*,*,#3167,.F.);
#2057=ORIENTED_EDGE('',*,*,#3163,.T.);
#2058=ORIENTED_EDGE('',*,*,#3160,.T.);
#2059=ORIENTED_EDGE('',*,*,#3165,.T.);
#2060=ORIENTED_EDGE('',*,*,#3155,.F.);
#2061=ORIENTED_EDGE('',*,*,#3152,.F.);
#2062=ORIENTED_EDGE('',*,*,#3149,.F.);
#2063=ORIENTED_EDGE('',*,*,#3146,.F.);
#2064=ORIENTED_EDGE('',*,*,#3191,.F.);
#2065=ORIENTED_EDGE('',*,*,#3187,.T.);
#2066=ORIENTED_EDGE('',*,*,#3184,.T.);
#2067=ORIENTED_EDGE('',*,*,#3189,.T.);
#2068=ORIENTED_EDGE('',*,*,#3179,.F.);
#2069=ORIENTED_EDGE('',*,*,#3176,.F.);
#2070=ORIENTED_EDGE('',*,*,#3173,.F.);
#2071=ORIENTED_EDGE('',*,*,#3170,.F.);
#2072=ORIENTED_EDGE('',*,*,#3215,.F.);
#2073=ORIENTED_EDGE('',*,*,#3211,.T.);
#2074=ORIENTED_EDGE('',*,*,#3208,.T.);
#2075=ORIENTED_EDGE('',*,*,#3213,.T.);
#2076=ORIENTED_EDGE('',*,*,#3203,.F.);
#2077=ORIENTED_EDGE('',*,*,#3200,.F.);
#2078=ORIENTED_EDGE('',*,*,#3197,.F.);
#2079=ORIENTED_EDGE('',*,*,#3194,.F.);
#2080=ORIENTED_EDGE('',*,*,#3239,.F.);
#2081=ORIENTED_EDGE('',*,*,#3235,.T.);
#2082=ORIENTED_EDGE('',*,*,#3232,.T.);
#2083=ORIENTED_EDGE('',*,*,#3237,.T.);
#2084=ORIENTED_EDGE('',*,*,#3227,.F.);
#2085=ORIENTED_EDGE('',*,*,#3224,.F.);
#2086=ORIENTED_EDGE('',*,*,#3221,.F.);
#2087=ORIENTED_EDGE('',*,*,#3218,.F.);
#2088=ORIENTED_EDGE('',*,*,#3241,.F.);
#2089=ORIENTED_EDGE('',*,*,#2733,.T.);
#2090=ORIENTED_EDGE('',*,*,#2730,.T.);
#2091=ORIENTED_EDGE('',*,*,#2735,.T.);
#2092=ORIENTED_EDGE('',*,*,#2725,.F.);
#2093=ORIENTED_EDGE('',*,*,#2722,.F.);
#2094=ORIENTED_EDGE('',*,*,#2719,.F.);
#2095=ORIENTED_EDGE('',*,*,#2716,.F.);
#2096=ORIENTED_EDGE('',*,*,#3244,.T.);
#2097=ORIENTED_EDGE('',*,*,#3243,.F.);
#2098=ORIENTED_EDGE('',*,*,#3245,.F.);
#2099=ORIENTED_EDGE('',*,*,#3246,.F.);
#2100=ORIENTED_EDGE('',*,*,#3247,.F.);
#2101=ORIENTED_EDGE('',*,*,#3248,.F.);
#2102=ORIENTED_EDGE('',*,*,#3249,.F.);
#2103=ORIENTED_EDGE('',*,*,#3250,.F.);
#2104=ORIENTED_EDGE('',*,*,#3251,.F.);
#2105=ORIENTED_EDGE('',*,*,#3252,.F.);
#2106=ORIENTED_EDGE('',*,*,#3253,.F.);
#2107=ORIENTED_EDGE('',*,*,#3254,.F.);
#2108=ORIENTED_EDGE('',*,*,#3255,.F.);
#2109=ORIENTED_EDGE('',*,*,#3256,.F.);
#2110=ORIENTED_EDGE('',*,*,#3257,.F.);
#2111=ORIENTED_EDGE('',*,*,#3258,.F.);
#2112=ORIENTED_EDGE('',*,*,#3259,.F.);
#2113=ORIENTED_EDGE('',*,*,#3260,.F.);
#2114=ORIENTED_EDGE('',*,*,#3261,.F.);
#2115=ORIENTED_EDGE('',*,*,#3262,.F.);
#2116=ORIENTED_EDGE('',*,*,#3263,.F.);
#2117=ORIENTED_EDGE('',*,*,#3264,.F.);
#2118=ORIENTED_EDGE('',*,*,#3265,.F.);
#2119=ORIENTED_EDGE('',*,*,#3266,.F.);
#2120=ORIENTED_EDGE('',*,*,#3267,.F.);
#2121=ORIENTED_EDGE('',*,*,#3268,.F.);
#2122=ORIENTED_EDGE('',*,*,#3269,.F.);
#2123=ORIENTED_EDGE('',*,*,#3270,.F.);
#2124=ORIENTED_EDGE('',*,*,#3271,.F.);
#2125=ORIENTED_EDGE('',*,*,#3272,.F.);
#2126=ORIENTED_EDGE('',*,*,#3273,.F.);
#2127=ORIENTED_EDGE('',*,*,#3274,.F.);
#2128=ORIENTED_EDGE('',*,*,#3275,.F.);
#2129=ORIENTED_EDGE('',*,*,#3276,.F.);
#2130=ORIENTED_EDGE('',*,*,#3277,.F.);
#2131=ORIENTED_EDGE('',*,*,#3278,.F.);
#2132=ORIENTED_EDGE('',*,*,#3279,.F.);
#2133=ORIENTED_EDGE('',*,*,#3280,.F.);
#2134=ORIENTED_EDGE('',*,*,#3281,.F.);
#2135=ORIENTED_EDGE('',*,*,#3282,.F.);
#2136=ORIENTED_EDGE('',*,*,#3283,.F.);
#2137=ORIENTED_EDGE('',*,*,#3284,.F.);
#2138=ORIENTED_EDGE('',*,*,#3285,.F.);
#2139=ORIENTED_EDGE('',*,*,#3286,.F.);
#2140=ORIENTED_EDGE('',*,*,#3287,.F.);
#2141=ORIENTED_EDGE('',*,*,#3288,.F.);
#2142=ORIENTED_EDGE('',*,*,#3289,.F.);
#2143=ORIENTED_EDGE('',*,*,#3290,.F.);
#2144=ORIENTED_EDGE('',*,*,#3291,.F.);
#2145=ORIENTED_EDGE('',*,*,#3292,.F.);
#2146=ORIENTED_EDGE('',*,*,#3293,.F.);
#2147=ORIENTED_EDGE('',*,*,#3294,.F.);
#2148=ORIENTED_EDGE('',*,*,#3295,.F.);
#2149=ORIENTED_EDGE('',*,*,#3296,.F.);
#2150=ORIENTED_EDGE('',*,*,#3297,.F.);
#2151=ORIENTED_EDGE('',*,*,#3298,.F.);
#2152=ORIENTED_EDGE('',*,*,#3299,.F.);
#2153=ORIENTED_EDGE('',*,*,#3300,.F.);
#2154=ORIENTED_EDGE('',*,*,#3301,.F.);
#2155=ORIENTED_EDGE('',*,*,#3302,.F.);
#2156=ORIENTED_EDGE('',*,*,#3303,.F.);
#2157=ORIENTED_EDGE('',*,*,#3304,.F.);
#2158=ORIENTED_EDGE('',*,*,#3305,.F.);
#2159=ORIENTED_EDGE('',*,*,#3306,.F.);
#2160=ORIENTED_EDGE('',*,*,#3307,.F.);
#2161=ORIENTED_EDGE('',*,*,#3308,.F.);
#2162=ORIENTED_EDGE('',*,*,#3309,.F.);
#2163=ORIENTED_EDGE('',*,*,#3310,.F.);
#2164=ORIENTED_EDGE('',*,*,#3311,.F.);
#2165=ORIENTED_EDGE('',*,*,#3312,.F.);
#2166=ORIENTED_EDGE('',*,*,#3313,.F.);
#2167=ORIENTED_EDGE('',*,*,#3314,.F.);
#2168=ORIENTED_EDGE('',*,*,#3315,.F.);
#2169=ORIENTED_EDGE('',*,*,#3316,.F.);
#2170=ORIENTED_EDGE('',*,*,#3317,.F.);
#2171=ORIENTED_EDGE('',*,*,#3318,.F.);
#2172=ORIENTED_EDGE('',*,*,#3319,.F.);
#2173=ORIENTED_EDGE('',*,*,#3320,.F.);
#2174=ORIENTED_EDGE('',*,*,#3321,.F.);
#2175=ORIENTED_EDGE('',*,*,#3322,.F.);
#2176=ORIENTED_EDGE('',*,*,#3323,.F.);
#2177=ORIENTED_EDGE('',*,*,#3324,.F.);
#2178=ORIENTED_EDGE('',*,*,#3325,.F.);
#2179=ORIENTED_EDGE('',*,*,#3326,.F.);
#2180=ORIENTED_EDGE('',*,*,#3327,.F.);
#2181=ORIENTED_EDGE('',*,*,#3328,.F.);
#2182=ORIENTED_EDGE('',*,*,#3329,.F.);
#2183=ORIENTED_EDGE('',*,*,#3330,.F.);
#2184=ORIENTED_EDGE('',*,*,#3331,.T.);
#2185=ORIENTED_EDGE('',*,*,#3242,.T.);
#2186=ORIENTED_EDGE('',*,*,#3332,.T.);
#2187=ORIENTED_EDGE('',*,*,#3333,.T.);
#2188=ORIENTED_EDGE('',*,*,#3334,.T.);
#2189=ORIENTED_EDGE('',*,*,#3335,.T.);
#2190=ORIENTED_EDGE('',*,*,#3336,.T.);
#2191=ORIENTED_EDGE('',*,*,#3337,.T.);
#2192=ORIENTED_EDGE('',*,*,#3338,.T.);
#2193=ORIENTED_EDGE('',*,*,#3339,.T.);
#2194=ORIENTED_EDGE('',*,*,#3340,.T.);
#2195=ORIENTED_EDGE('',*,*,#3341,.T.);
#2196=ORIENTED_EDGE('',*,*,#3342,.T.);
#2197=ORIENTED_EDGE('',*,*,#3343,.T.);
#2198=ORIENTED_EDGE('',*,*,#3344,.T.);
#2199=ORIENTED_EDGE('',*,*,#3345,.T.);
#2200=ORIENTED_EDGE('',*,*,#3346,.T.);
#2201=ORIENTED_EDGE('',*,*,#3347,.T.);
#2202=ORIENTED_EDGE('',*,*,#3348,.T.);
#2203=ORIENTED_EDGE('',*,*,#3349,.T.);
#2204=ORIENTED_EDGE('',*,*,#3350,.T.);
#2205=ORIENTED_EDGE('',*,*,#3351,.T.);
#2206=ORIENTED_EDGE('',*,*,#3352,.F.);
#2207=ORIENTED_EDGE('',*,*,#3353,.T.);
#2208=ORIENTED_EDGE('',*,*,#3352,.T.);
#2209=ORIENTED_EDGE('',*,*,#3354,.T.);
#2210=ORIENTED_EDGE('',*,*,#3355,.F.);
#2211=ORIENTED_EDGE('',*,*,#3356,.T.);
#2212=ORIENTED_EDGE('',*,*,#3355,.T.);
#2213=ORIENTED_EDGE('',*,*,#3357,.T.);
#2214=ORIENTED_EDGE('',*,*,#3358,.F.);
#2215=ORIENTED_EDGE('',*,*,#3359,.T.);
#2216=ORIENTED_EDGE('',*,*,#3358,.T.);
#2217=ORIENTED_EDGE('',*,*,#3360,.T.);
#2218=ORIENTED_EDGE('',*,*,#3361,.F.);
#2219=ORIENTED_EDGE('',*,*,#3362,.T.);
#2220=ORIENTED_EDGE('',*,*,#3361,.T.);
#2221=ORIENTED_EDGE('',*,*,#3363,.T.);
#2222=ORIENTED_EDGE('',*,*,#3364,.F.);
#2223=ORIENTED_EDGE('',*,*,#3365,.T.);
#2224=ORIENTED_EDGE('',*,*,#3364,.T.);
#2225=ORIENTED_EDGE('',*,*,#3366,.T.);
#2226=ORIENTED_EDGE('',*,*,#3350,.F.);
#2227=ORIENTED_EDGE('',*,*,#3367,.T.);
#2228=ORIENTED_EDGE('',*,*,#3368,.F.);
#2229=ORIENTED_EDGE('',*,*,#3337,.F.);
#2230=ORIENTED_EDGE('',*,*,#3369,.F.);
#2231=ORIENTED_EDGE('',*,*,#3360,.F.);
#2232=ORIENTED_EDGE('',*,*,#3369,.T.);
#2233=ORIENTED_EDGE('',*,*,#3336,.F.);
#2234=ORIENTED_EDGE('',*,*,#3370,.F.);
#2235=ORIENTED_EDGE('',*,*,#3363,.F.);
#2236=ORIENTED_EDGE('',*,*,#3368,.T.);
#2237=ORIENTED_EDGE('',*,*,#3357,.F.);
#2238=ORIENTED_EDGE('',*,*,#3371,.F.);
#2239=ORIENTED_EDGE('',*,*,#3338,.F.);
#2240=ORIENTED_EDGE('',*,*,#3370,.T.);
#2241=ORIENTED_EDGE('',*,*,#3335,.F.);
#2242=ORIENTED_EDGE('',*,*,#3372,.F.);
#2243=ORIENTED_EDGE('',*,*,#3366,.F.);
#2244=ORIENTED_EDGE('',*,*,#3371,.T.);
#2245=ORIENTED_EDGE('',*,*,#3354,.F.);
#2246=ORIENTED_EDGE('',*,*,#3373,.F.);
#2247=ORIENTED_EDGE('',*,*,#3333,.F.);
#2248=ORIENTED_EDGE('',*,*,#3372,.T.);
#2249=ORIENTED_EDGE('',*,*,#3334,.F.);
#2250=ORIENTED_EDGE('',*,*,#3373,.T.);
#2251=ORIENTED_EDGE('',*,*,#3351,.F.);
#2252=ORIENTED_EDGE('',*,*,#3374,.F.);
#2253=ORIENTED_EDGE('',*,*,#3362,.F.);
#2254=ORIENTED_EDGE('',*,*,#3375,.F.);
#2255=ORIENTED_EDGE('',*,*,#3348,.F.);
#2256=ORIENTED_EDGE('',*,*,#3375,.T.);
#2257=ORIENTED_EDGE('',*,*,#3365,.F.);
#2258=ORIENTED_EDGE('',*,*,#3376,.F.);
#2259=ORIENTED_EDGE('',*,*,#3349,.F.);
#2260=ORIENTED_EDGE('',*,*,#3374,.T.);
#2261=ORIENTED_EDGE('',*,*,#3347,.F.);
#2262=ORIENTED_EDGE('',*,*,#3377,.F.);
#2263=ORIENTED_EDGE('',*,*,#3359,.F.);
#2264=ORIENTED_EDGE('',*,*,#3376,.T.);
#2265=ORIENTED_EDGE('',*,*,#3367,.F.);
#2266=ORIENTED_EDGE('',*,*,#3378,.F.);
#2267=ORIENTED_EDGE('',*,*,#3344,.F.);
#2268=ORIENTED_EDGE('',*,*,#3377,.T.);
#2269=ORIENTED_EDGE('',*,*,#3346,.F.);
#2270=ORIENTED_EDGE('',*,*,#3379,.F.);
#2271=ORIENTED_EDGE('',*,*,#3356,.F.);
#2272=ORIENTED_EDGE('',*,*,#3378,.T.);
#2273=ORIENTED_EDGE('',*,*,#3353,.F.);
#2274=ORIENTED_EDGE('',*,*,#3379,.T.);
#2275=ORIENTED_EDGE('',*,*,#3345,.F.);
#2276=ORIENTED_EDGE('',*,*,#3244,.F.);
#2277=ORIENTED_EDGE('',*,*,#3342,.F.);
#2278=ORIENTED_EDGE('',*,*,#3340,.F.);
#2279=ORIENTED_EDGE('',*,*,#3331,.F.);
#2280=ORIENTED_EDGE('',*,*,#3339,.F.);
#2281=ORIENTED_EDGE('',*,*,#3332,.F.);
#2282=ORIENTED_EDGE('',*,*,#3343,.F.);
#2283=ORIENTED_EDGE('',*,*,#3341,.F.);
#2284=ORIENTED_EDGE('',*,*,#3316,.T.);
#2285=ORIENTED_EDGE('',*,*,#3380,.F.);
#2286=ORIENTED_EDGE('',*,*,#3381,.T.);
#2287=ORIENTED_EDGE('',*,*,#3382,.T.);
#2288=ORIENTED_EDGE('',*,*,#3330,.T.);
#2289=ORIENTED_EDGE('',*,*,#3383,.F.);
#2290=ORIENTED_EDGE('',*,*,#3384,.T.);
#2291=ORIENTED_EDGE('',*,*,#3380,.T.);
#2292=ORIENTED_EDGE('',*,*,#3329,.T.);
#2293=ORIENTED_EDGE('',*,*,#3385,.F.);
#2294=ORIENTED_EDGE('',*,*,#3386,.T.);
#2295=ORIENTED_EDGE('',*,*,#3383,.T.);
#2296=ORIENTED_EDGE('',*,*,#3328,.T.);
#2297=ORIENTED_EDGE('',*,*,#3387,.F.);
#2298=ORIENTED_EDGE('',*,*,#3388,.T.);
#2299=ORIENTED_EDGE('',*,*,#3385,.T.);
#2300=ORIENTED_EDGE('',*,*,#3327,.T.);
#2301=ORIENTED_EDGE('',*,*,#3389,.F.);
#2302=ORIENTED_EDGE('',*,*,#3390,.T.);
#2303=ORIENTED_EDGE('',*,*,#3387,.T.);
#2304=ORIENTED_EDGE('',*,*,#3326,.T.);
#2305=ORIENTED_EDGE('',*,*,#3391,.F.);
#2306=ORIENTED_EDGE('',*,*,#3392,.T.);
#2307=ORIENTED_EDGE('',*,*,#3389,.T.);
#2308=ORIENTED_EDGE('',*,*,#3325,.T.);
#2309=ORIENTED_EDGE('',*,*,#3393,.F.);
#2310=ORIENTED_EDGE('',*,*,#3394,.T.);
#2311=ORIENTED_EDGE('',*,*,#3391,.T.);
#2312=ORIENTED_EDGE('',*,*,#3324,.T.);
#2313=ORIENTED_EDGE('',*,*,#3395,.F.);
#2314=ORIENTED_EDGE('',*,*,#3396,.T.);
#2315=ORIENTED_EDGE('',*,*,#3393,.T.);
#2316=ORIENTED_EDGE('',*,*,#3323,.T.);
#2317=ORIENTED_EDGE('',*,*,#3397,.F.);
#2318=ORIENTED_EDGE('',*,*,#3398,.T.);
#2319=ORIENTED_EDGE('',*,*,#3395,.T.);
#2320=ORIENTED_EDGE('',*,*,#3322,.T.);
#2321=ORIENTED_EDGE('',*,*,#3399,.F.);
#2322=ORIENTED_EDGE('',*,*,#3400,.T.);
#2323=ORIENTED_EDGE('',*,*,#3397,.T.);
#2324=ORIENTED_EDGE('',*,*,#3321,.T.);
#2325=ORIENTED_EDGE('',*,*,#3401,.F.);
#2326=ORIENTED_EDGE('',*,*,#3402,.T.);
#2327=ORIENTED_EDGE('',*,*,#3399,.T.);
#2328=ORIENTED_EDGE('',*,*,#3320,.T.);
#2329=ORIENTED_EDGE('',*,*,#3403,.F.);
#2330=ORIENTED_EDGE('',*,*,#3404,.T.);
#2331=ORIENTED_EDGE('',*,*,#3401,.T.);
#2332=ORIENTED_EDGE('',*,*,#3319,.T.);
#2333=ORIENTED_EDGE('',*,*,#3405,.F.);
#2334=ORIENTED_EDGE('',*,*,#3406,.T.);
#2335=ORIENTED_EDGE('',*,*,#3403,.T.);
#2336=ORIENTED_EDGE('',*,*,#3318,.T.);
#2337=ORIENTED_EDGE('',*,*,#3407,.F.);
#2338=ORIENTED_EDGE('',*,*,#3408,.T.);
#2339=ORIENTED_EDGE('',*,*,#3405,.T.);
#2340=ORIENTED_EDGE('',*,*,#3317,.T.);
#2341=ORIENTED_EDGE('',*,*,#3382,.F.);
#2342=ORIENTED_EDGE('',*,*,#3409,.T.);
#2343=ORIENTED_EDGE('',*,*,#3407,.T.);
#2344=ORIENTED_EDGE('',*,*,#3408,.F.);
#2345=ORIENTED_EDGE('',*,*,#3409,.F.);
#2346=ORIENTED_EDGE('',*,*,#3381,.F.);
#2347=ORIENTED_EDGE('',*,*,#3384,.F.);
#2348=ORIENTED_EDGE('',*,*,#3386,.F.);
#2349=ORIENTED_EDGE('',*,*,#3388,.F.);
#2350=ORIENTED_EDGE('',*,*,#3390,.F.);
#2351=ORIENTED_EDGE('',*,*,#3392,.F.);
#2352=ORIENTED_EDGE('',*,*,#3394,.F.);
#2353=ORIENTED_EDGE('',*,*,#3396,.F.);
#2354=ORIENTED_EDGE('',*,*,#3398,.F.);
#2355=ORIENTED_EDGE('',*,*,#3400,.F.);
#2356=ORIENTED_EDGE('',*,*,#3402,.F.);
#2357=ORIENTED_EDGE('',*,*,#3404,.F.);
#2358=ORIENTED_EDGE('',*,*,#3406,.F.);
#2359=ORIENTED_EDGE('',*,*,#3296,.T.);
#2360=ORIENTED_EDGE('',*,*,#3410,.F.);
#2361=ORIENTED_EDGE('',*,*,#3411,.T.);
#2362=ORIENTED_EDGE('',*,*,#3412,.T.);
#2363=ORIENTED_EDGE('',*,*,#3315,.T.);
#2364=ORIENTED_EDGE('',*,*,#3413,.F.);
#2365=ORIENTED_EDGE('',*,*,#3414,.T.);
#2366=ORIENTED_EDGE('',*,*,#3410,.T.);
#2367=ORIENTED_EDGE('',*,*,#3314,.T.);
#2368=ORIENTED_EDGE('',*,*,#3415,.F.);
#2369=ORIENTED_EDGE('',*,*,#3416,.T.);
#2370=ORIENTED_EDGE('',*,*,#3413,.T.);
#2371=ORIENTED_EDGE('',*,*,#3313,.T.);
#2372=ORIENTED_EDGE('',*,*,#3417,.F.);
#2373=ORIENTED_EDGE('',*,*,#3418,.T.);
#2374=ORIENTED_EDGE('',*,*,#3415,.T.);
#2375=ORIENTED_EDGE('',*,*,#3312,.T.);
#2376=ORIENTED_EDGE('',*,*,#3419,.F.);
#2377=ORIENTED_EDGE('',*,*,#3420,.T.);
#2378=ORIENTED_EDGE('',*,*,#3417,.T.);
#2379=ORIENTED_EDGE('',*,*,#3311,.T.);
#2380=ORIENTED_EDGE('',*,*,#3421,.F.);
#2381=ORIENTED_EDGE('',*,*,#3422,.T.);
#2382=ORIENTED_EDGE('',*,*,#3419,.T.);
#2383=ORIENTED_EDGE('',*,*,#3310,.T.);
#2384=ORIENTED_EDGE('',*,*,#3423,.F.);
#2385=ORIENTED_EDGE('',*,*,#3424,.T.);
#2386=ORIENTED_EDGE('',*,*,#3421,.T.);
#2387=ORIENTED_EDGE('',*,*,#3309,.T.);
#2388=ORIENTED_EDGE('',*,*,#3425,.F.);
#2389=ORIENTED_EDGE('',*,*,#3426,.T.);
#2390=ORIENTED_EDGE('',*,*,#3423,.T.);
#2391=ORIENTED_EDGE('',*,*,#3308,.T.);
#2392=ORIENTED_EDGE('',*,*,#3427,.F.);
#2393=ORIENTED_EDGE('',*,*,#3428,.T.);
#2394=ORIENTED_EDGE('',*,*,#3425,.T.);
#2395=ORIENTED_EDGE('',*,*,#3307,.T.);
#2396=ORIENTED_EDGE('',*,*,#3429,.F.);
#2397=ORIENTED_EDGE('',*,*,#3430,.T.);
#2398=ORIENTED_EDGE('',*,*,#3427,.T.);
#2399=ORIENTED_EDGE('',*,*,#3306,.T.);
#2400=ORIENTED_EDGE('',*,*,#3431,.F.);
#2401=ORIENTED_EDGE('',*,*,#3432,.T.);
#2402=ORIENTED_EDGE('',*,*,#3429,.T.);
#2403=ORIENTED_EDGE('',*,*,#3305,.T.);
#2404=ORIENTED_EDGE('',*,*,#3433,.F.);
#2405=ORIENTED_EDGE('',*,*,#3434,.T.);
#2406=ORIENTED_EDGE('',*,*,#3431,.T.);
#2407=ORIENTED_EDGE('',*,*,#3304,.T.);
#2408=ORIENTED_EDGE('',*,*,#3435,.F.);
#2409=ORIENTED_EDGE('',*,*,#3436,.T.);
#2410=ORIENTED_EDGE('',*,*,#3433,.T.);
#2411=ORIENTED_EDGE('',*,*,#3303,.T.);
#2412=ORIENTED_EDGE('',*,*,#3437,.F.);
#2413=ORIENTED_EDGE('',*,*,#3438,.T.);
#2414=ORIENTED_EDGE('',*,*,#3435,.T.);
#2415=ORIENTED_EDGE('',*,*,#3302,.T.);
#2416=ORIENTED_EDGE('',*,*,#3439,.F.);
#2417=ORIENTED_EDGE('',*,*,#3440,.T.);
#2418=ORIENTED_EDGE('',*,*,#3437,.T.);
#2419=ORIENTED_EDGE('',*,*,#3301,.T.);
#2420=ORIENTED_EDGE('',*,*,#3441,.F.);
#2421=ORIENTED_EDGE('',*,*,#3442,.T.);
#2422=ORIENTED_EDGE('',*,*,#3439,.T.);
#2423=ORIENTED_EDGE('',*,*,#3300,.T.);
#2424=ORIENTED_EDGE('',*,*,#3443,.F.);
#2425=ORIENTED_EDGE('',*,*,#3444,.T.);
#2426=ORIENTED_EDGE('',*,*,#3441,.T.);
#2427=ORIENTED_EDGE('',*,*,#3299,.T.);
#2428=ORIENTED_EDGE('',*,*,#3445,.F.);
#2429=ORIENTED_EDGE('',*,*,#3446,.T.);
#2430=ORIENTED_EDGE('',*,*,#3443,.T.);
#2431=ORIENTED_EDGE('',*,*,#3298,.T.);
#2432=ORIENTED_EDGE('',*,*,#3447,.F.);
#2433=ORIENTED_EDGE('',*,*,#3448,.T.);
#2434=ORIENTED_EDGE('',*,*,#3445,.T.);
#2435=ORIENTED_EDGE('',*,*,#3297,.T.);
#2436=ORIENTED_EDGE('',*,*,#3412,.F.);
#2437=ORIENTED_EDGE('',*,*,#3449,.T.);
#2438=ORIENTED_EDGE('',*,*,#3447,.T.);
#2439=ORIENTED_EDGE('',*,*,#3448,.F.);
#2440=ORIENTED_EDGE('',*,*,#3449,.F.);
#2441=ORIENTED_EDGE('',*,*,#3411,.F.);
#2442=ORIENTED_EDGE('',*,*,#3414,.F.);
#2443=ORIENTED_EDGE('',*,*,#3416,.F.);
#2444=ORIENTED_EDGE('',*,*,#3418,.F.);
#2445=ORIENTED_EDGE('',*,*,#3420,.F.);
#2446=ORIENTED_EDGE('',*,*,#3422,.F.);
#2447=ORIENTED_EDGE('',*,*,#3424,.F.);
#2448=ORIENTED_EDGE('',*,*,#3426,.F.);
#2449=ORIENTED_EDGE('',*,*,#3428,.F.);
#2450=ORIENTED_EDGE('',*,*,#3430,.F.);
#2451=ORIENTED_EDGE('',*,*,#3432,.F.);
#2452=ORIENTED_EDGE('',*,*,#3434,.F.);
#2453=ORIENTED_EDGE('',*,*,#3436,.F.);
#2454=ORIENTED_EDGE('',*,*,#3438,.F.);
#2455=ORIENTED_EDGE('',*,*,#3440,.F.);
#2456=ORIENTED_EDGE('',*,*,#3442,.F.);
#2457=ORIENTED_EDGE('',*,*,#3444,.F.);
#2458=ORIENTED_EDGE('',*,*,#3446,.F.);
#2459=ORIENTED_EDGE('',*,*,#3292,.T.);
#2460=ORIENTED_EDGE('',*,*,#3450,.F.);
#2461=ORIENTED_EDGE('',*,*,#3451,.T.);
#2462=ORIENTED_EDGE('',*,*,#3452,.T.);
#2463=ORIENTED_EDGE('',*,*,#3295,.T.);
#2464=ORIENTED_EDGE('',*,*,#3453,.F.);
#2465=ORIENTED_EDGE('',*,*,#3454,.T.);
#2466=ORIENTED_EDGE('',*,*,#3450,.T.);
#2467=ORIENTED_EDGE('',*,*,#3294,.T.);
#2468=ORIENTED_EDGE('',*,*,#3455,.F.);
#2469=ORIENTED_EDGE('',*,*,#3456,.T.);
#2470=ORIENTED_EDGE('',*,*,#3453,.T.);
#2471=ORIENTED_EDGE('',*,*,#3293,.T.);
#2472=ORIENTED_EDGE('',*,*,#3452,.F.);
#2473=ORIENTED_EDGE('',*,*,#3457,.T.);
#2474=ORIENTED_EDGE('',*,*,#3455,.T.);
#2475=ORIENTED_EDGE('',*,*,#3456,.F.);
#2476=ORIENTED_EDGE('',*,*,#3457,.F.);
#2477=ORIENTED_EDGE('',*,*,#3451,.F.);
#2478=ORIENTED_EDGE('',*,*,#3454,.F.);
#2479=ORIENTED_EDGE('',*,*,#3277,.T.);
#2480=ORIENTED_EDGE('',*,*,#3458,.F.);
#2481=ORIENTED_EDGE('',*,*,#3459,.T.);
#2482=ORIENTED_EDGE('',*,*,#3460,.T.);
#2483=ORIENTED_EDGE('',*,*,#3291,.T.);
#2484=ORIENTED_EDGE('',*,*,#3461,.F.);
#2485=ORIENTED_EDGE('',*,*,#3462,.T.);
#2486=ORIENTED_EDGE('',*,*,#3458,.T.);
#2487=ORIENTED_EDGE('',*,*,#3290,.T.);
#2488=ORIENTED_EDGE('',*,*,#3463,.F.);
#2489=ORIENTED_EDGE('',*,*,#3464,.T.);
#2490=ORIENTED_EDGE('',*,*,#3461,.T.);
#2491=ORIENTED_EDGE('',*,*,#3289,.T.);
#2492=ORIENTED_EDGE('',*,*,#3465,.F.);
#2493=ORIENTED_EDGE('',*,*,#3466,.T.);
#2494=ORIENTED_EDGE('',*,*,#3463,.T.);
#2495=ORIENTED_EDGE('',*,*,#3288,.T.);
#2496=ORIENTED_EDGE('',*,*,#3467,.F.);
#2497=ORIENTED_EDGE('',*,*,#3468,.T.);
#2498=ORIENTED_EDGE('',*,*,#3465,.T.);
#2499=ORIENTED_EDGE('',*,*,#3287,.T.);
#2500=ORIENTED_EDGE('',*,*,#3469,.F.);
#2501=ORIENTED_EDGE('',*,*,#3470,.T.);
#2502=ORIENTED_EDGE('',*,*,#3467,.T.);
#2503=ORIENTED_EDGE('',*,*,#3286,.T.);
#2504=ORIENTED_EDGE('',*,*,#3471,.F.);
#2505=ORIENTED_EDGE('',*,*,#3472,.T.);
#2506=ORIENTED_EDGE('',*,*,#3469,.T.);
#2507=ORIENTED_EDGE('',*,*,#3285,.T.);
#2508=ORIENTED_EDGE('',*,*,#3473,.F.);
#2509=ORIENTED_EDGE('',*,*,#3474,.T.);
#2510=ORIENTED_EDGE('',*,*,#3471,.T.);
#2511=ORIENTED_EDGE('',*,*,#3284,.T.);
#2512=ORIENTED_EDGE('',*,*,#3475,.F.);
#2513=ORIENTED_EDGE('',*,*,#3476,.T.);
#2514=ORIENTED_EDGE('',*,*,#3473,.T.);
#2515=ORIENTED_EDGE('',*,*,#3283,.T.);
#2516=ORIENTED_EDGE('',*,*,#3477,.F.);
#2517=ORIENTED_EDGE('',*,*,#3478,.T.);
#2518=ORIENTED_EDGE('',*,*,#3475,.T.);
#2519=ORIENTED_EDGE('',*,*,#3282,.T.);
#2520=ORIENTED_EDGE('',*,*,#3479,.F.);
#2521=ORIENTED_EDGE('',*,*,#3480,.T.);
#2522=ORIENTED_EDGE('',*,*,#3477,.T.);
#2523=ORIENTED_EDGE('',*,*,#3281,.T.);
#2524=ORIENTED_EDGE('',*,*,#3481,.F.);
#2525=ORIENTED_EDGE('',*,*,#3482,.T.);
#2526=ORIENTED_EDGE('',*,*,#3479,.T.);
#2527=ORIENTED_EDGE('',*,*,#3280,.T.);
#2528=ORIENTED_EDGE('',*,*,#3483,.F.);
#2529=ORIENTED_EDGE('',*,*,#3484,.T.);
#2530=ORIENTED_EDGE('',*,*,#3481,.T.);
#2531=ORIENTED_EDGE('',*,*,#3279,.T.);
#2532=ORIENTED_EDGE('',*,*,#3485,.F.);
#2533=ORIENTED_EDGE('',*,*,#3486,.T.);
#2534=ORIENTED_EDGE('',*,*,#3483,.T.);
#2535=ORIENTED_EDGE('',*,*,#3278,.T.);
#2536=ORIENTED_EDGE('',*,*,#3460,.F.);
#2537=ORIENTED_EDGE('',*,*,#3487,.T.);
#2538=ORIENTED_EDGE('',*,*,#3485,.T.);
#2539=ORIENTED_EDGE('',*,*,#3486,.F.);
#2540=ORIENTED_EDGE('',*,*,#3487,.F.);
#2541=ORIENTED_EDGE('',*,*,#3459,.F.);
#2542=ORIENTED_EDGE('',*,*,#3462,.F.);
#2543=ORIENTED_EDGE('',*,*,#3464,.F.);
#2544=ORIENTED_EDGE('',*,*,#3466,.F.);
#2545=ORIENTED_EDGE('',*,*,#3468,.F.);
#2546=ORIENTED_EDGE('',*,*,#3470,.F.);
#2547=ORIENTED_EDGE('',*,*,#3472,.F.);
#2548=ORIENTED_EDGE('',*,*,#3474,.F.);
#2549=ORIENTED_EDGE('',*,*,#3476,.F.);
#2550=ORIENTED_EDGE('',*,*,#3478,.F.);
#2551=ORIENTED_EDGE('',*,*,#3480,.F.);
#2552=ORIENTED_EDGE('',*,*,#3482,.F.);
#2553=ORIENTED_EDGE('',*,*,#3484,.F.);
#2554=ORIENTED_EDGE('',*,*,#3265,.T.);
#2555=ORIENTED_EDGE('',*,*,#3488,.F.);
#2556=ORIENTED_EDGE('',*,*,#3489,.T.);
#2557=ORIENTED_EDGE('',*,*,#3490,.T.);
#2558=ORIENTED_EDGE('',*,*,#3276,.T.);
#2559=ORIENTED_EDGE('',*,*,#3491,.F.);
#2560=ORIENTED_EDGE('',*,*,#3492,.T.);
#2561=ORIENTED_EDGE('',*,*,#3488,.T.);
#2562=ORIENTED_EDGE('',*,*,#3275,.T.);
#2563=ORIENTED_EDGE('',*,*,#3493,.F.);
#2564=ORIENTED_EDGE('',*,*,#3494,.T.);
#2565=ORIENTED_EDGE('',*,*,#3491,.T.);
#2566=ORIENTED_EDGE('',*,*,#3274,.T.);
#2567=ORIENTED_EDGE('',*,*,#3495,.F.);
#2568=ORIENTED_EDGE('',*,*,#3496,.T.);
#2569=ORIENTED_EDGE('',*,*,#3493,.T.);
#2570=ORIENTED_EDGE('',*,*,#3273,.T.);
#2571=ORIENTED_EDGE('',*,*,#3497,.F.);
#2572=ORIENTED_EDGE('',*,*,#3498,.T.);
#2573=ORIENTED_EDGE('',*,*,#3495,.T.);
#2574=ORIENTED_EDGE('',*,*,#3272,.T.);
#2575=ORIENTED_EDGE('',*,*,#3499,.F.);
#2576=ORIENTED_EDGE('',*,*,#3500,.T.);
#2577=ORIENTED_EDGE('',*,*,#3497,.T.);
#2578=ORIENTED_EDGE('',*,*,#3271,.T.);
#2579=ORIENTED_EDGE('',*,*,#3501,.F.);
#2580=ORIENTED_EDGE('',*,*,#3502,.T.);
#2581=ORIENTED_EDGE('',*,*,#3499,.T.);
#2582=ORIENTED_EDGE('',*,*,#3270,.T.);
#2583=ORIENTED_EDGE('',*,*,#3503,.F.);
#2584=ORIENTED_EDGE('',*,*,#3504,.T.);
#2585=ORIENTED_EDGE('',*,*,#3501,.T.);
#2586=ORIENTED_EDGE('',*,*,#3269,.T.);
#2587=ORIENTED_EDGE('',*,*,#3505,.F.);
#2588=ORIENTED_EDGE('',*,*,#3506,.T.);
#2589=ORIENTED_EDGE('',*,*,#3503,.T.);
#2590=ORIENTED_EDGE('',*,*,#3268,.T.);
#2591=ORIENTED_EDGE('',*,*,#3507,.F.);
#2592=ORIENTED_EDGE('',*,*,#3508,.T.);
#2593=ORIENTED_EDGE('',*,*,#3505,.T.);
#2594=ORIENTED_EDGE('',*,*,#3267,.T.);
#2595=ORIENTED_EDGE('',*,*,#3509,.F.);
#2596=ORIENTED_EDGE('',*,*,#3510,.T.);
#2597=ORIENTED_EDGE('',*,*,#3507,.T.);
#2598=ORIENTED_EDGE('',*,*,#3266,.T.);
#2599=ORIENTED_EDGE('',*,*,#3490,.F.);
#2600=ORIENTED_EDGE('',*,*,#3511,.T.);
#2601=ORIENTED_EDGE('',*,*,#3509,.T.);
#2602=ORIENTED_EDGE('',*,*,#3510,.F.);
#2603=ORIENTED_EDGE('',*,*,#3511,.F.);
#2604=ORIENTED_EDGE('',*,*,#3489,.F.);
#2605=ORIENTED_EDGE('',*,*,#3492,.F.);
#2606=ORIENTED_EDGE('',*,*,#3494,.F.);
#2607=ORIENTED_EDGE('',*,*,#3496,.F.);
#2608=ORIENTED_EDGE('',*,*,#3498,.F.);
#2609=ORIENTED_EDGE('',*,*,#3500,.F.);
#2610=ORIENTED_EDGE('',*,*,#3502,.F.);
#2611=ORIENTED_EDGE('',*,*,#3504,.F.);
#2612=ORIENTED_EDGE('',*,*,#3506,.F.);
#2613=ORIENTED_EDGE('',*,*,#3508,.F.);
#2614=ORIENTED_EDGE('',*,*,#3245,.T.);
#2615=ORIENTED_EDGE('',*,*,#3512,.F.);
#2616=ORIENTED_EDGE('',*,*,#3513,.T.);
#2617=ORIENTED_EDGE('',*,*,#3514,.T.);
#2618=ORIENTED_EDGE('',*,*,#3264,.T.);
#2619=ORIENTED_EDGE('',*,*,#3515,.F.);
#2620=ORIENTED_EDGE('',*,*,#3516,.T.);
#2621=ORIENTED_EDGE('',*,*,#3512,.T.);
#2622=ORIENTED_EDGE('',*,*,#3263,.T.);
#2623=ORIENTED_EDGE('',*,*,#3517,.F.);
#2624=ORIENTED_EDGE('',*,*,#3518,.T.);
#2625=ORIENTED_EDGE('',*,*,#3515,.T.);
#2626=ORIENTED_EDGE('',*,*,#3262,.T.);
#2627=ORIENTED_EDGE('',*,*,#3519,.F.);
#2628=ORIENTED_EDGE('',*,*,#3520,.T.);
#2629=ORIENTED_EDGE('',*,*,#3517,.T.);
#2630=ORIENTED_EDGE('',*,*,#3261,.T.);
#2631=ORIENTED_EDGE('',*,*,#3521,.F.);
#2632=ORIENTED_EDGE('',*,*,#3522,.T.);
#2633=ORIENTED_EDGE('',*,*,#3519,.T.);
#2634=ORIENTED_EDGE('',*,*,#3260,.T.);
#2635=ORIENTED_EDGE('',*,*,#3523,.F.);
#2636=ORIENTED_EDGE('',*,*,#3524,.T.);
#2637=ORIENTED_EDGE('',*,*,#3521,.T.);
#2638=ORIENTED_EDGE('',*,*,#3259,.T.);
#2639=ORIENTED_EDGE('',*,*,#3525,.F.);
#2640=ORIENTED_EDGE('',*,*,#3526,.T.);
#2641=ORIENTED_EDGE('',*,*,#3523,.T.);
#2642=ORIENTED_EDGE('',*,*,#3258,.T.);
#2643=ORIENTED_EDGE('',*,*,#3527,.F.);
#2644=ORIENTED_EDGE('',*,*,#3528,.T.);
#2645=ORIENTED_EDGE('',*,*,#3525,.T.);
#2646=ORIENTED_EDGE('',*,*,#3257,.T.);
#2647=ORIENTED_EDGE('',*,*,#3529,.F.);
#2648=ORIENTED_EDGE('',*,*,#3530,.T.);
#2649=ORIENTED_EDGE('',*,*,#3527,.T.);
#2650=ORIENTED_EDGE('',*,*,#3256,.T.);
#2651=ORIENTED_EDGE('',*,*,#3531,.F.);
#2652=ORIENTED_EDGE('',*,*,#3532,.T.);
#2653=ORIENTED_EDGE('',*,*,#3529,.T.);
#2654=ORIENTED_EDGE('',*,*,#3255,.T.);
#2655=ORIENTED_EDGE('',*,*,#3533,.F.);
#2656=ORIENTED_EDGE('',*,*,#3534,.T.);
#2657=ORIENTED_EDGE('',*,*,#3531,.T.);
#2658=ORIENTED_EDGE('',*,*,#3254,.T.);
#2659=ORIENTED_EDGE('',*,*,#3535,.F.);
#2660=ORIENTED_EDGE('',*,*,#3536,.T.);
#2661=ORIENTED_EDGE('',*,*,#3533,.T.);
#2662=ORIENTED_EDGE('',*,*,#3253,.T.);
#2663=ORIENTED_EDGE('',*,*,#3537,.F.);
#2664=ORIENTED_EDGE('',*,*,#3538,.T.);
#2665=ORIENTED_EDGE('',*,*,#3535,.T.);
#2666=ORIENTED_EDGE('',*,*,#3252,.T.);
#2667=ORIENTED_EDGE('',*,*,#3539,.F.);
#2668=ORIENTED_EDGE('',*,*,#3540,.T.);
#2669=ORIENTED_EDGE('',*,*,#3537,.T.);
#2670=ORIENTED_EDGE('',*,*,#3251,.T.);
#2671=ORIENTED_EDGE('',*,*,#3541,.F.);
#2672=ORIENTED_EDGE('',*,*,#3542,.T.);
#2673=ORIENTED_EDGE('',*,*,#3539,.T.);
#2674=ORIENTED_EDGE('',*,*,#3250,.T.);
#2675=ORIENTED_EDGE('',*,*,#3543,.F.);
#2676=ORIENTED_EDGE('',*,*,#3544,.T.);
#2677=ORIENTED_EDGE('',*,*,#3541,.T.);
#2678=ORIENTED_EDGE('',*,*,#3249,.T.);
#2679=ORIENTED_EDGE('',*,*,#3545,.F.);
#2680=ORIENTED_EDGE('',*,*,#3546,.T.);
#2681=ORIENTED_EDGE('',*,*,#3543,.T.);
#2682=ORIENTED_EDGE('',*,*,#3248,.T.);
#2683=ORIENTED_EDGE('',*,*,#3547,.F.);
#2684=ORIENTED_EDGE('',*,*,#3548,.T.);
#2685=ORIENTED_EDGE('',*,*,#3545,.T.);
#2686=ORIENTED_EDGE('',*,*,#3247,.T.);
#2687=ORIENTED_EDGE('',*,*,#3549,.F.);
#2688=ORIENTED_EDGE('',*,*,#3550,.T.);
#2689=ORIENTED_EDGE('',*,*,#3547,.T.);
#2690=ORIENTED_EDGE('',*,*,#3246,.T.);
#2691=ORIENTED_EDGE('',*,*,#3514,.F.);
#2692=ORIENTED_EDGE('',*,*,#3551,.T.);
#2693=ORIENTED_EDGE('',*,*,#3549,.T.);
#2694=ORIENTED_EDGE('',*,*,#3550,.F.);
#2695=ORIENTED_EDGE('',*,*,#3551,.F.);
#2696=ORIENTED_EDGE('',*,*,#3513,.F.);
#2697=ORIENTED_EDGE('',*,*,#3516,.F.);
#2698=ORIENTED_EDGE('',*,*,#3518,.F.);
#2699=ORIENTED_EDGE('',*,*,#3520,.F.);
#2700=ORIENTED_EDGE('',*,*,#3522,.F.);
#2701=ORIENTED_EDGE('',*,*,#3524,.F.);
#2702=ORIENTED_EDGE('',*,*,#3526,.F.);
#2703=ORIENTED_EDGE('',*,*,#3528,.F.);
#2704=ORIENTED_EDGE('',*,*,#3530,.F.);
#2705=ORIENTED_EDGE('',*,*,#3532,.F.);
#2706=ORIENTED_EDGE('',*,*,#3534,.F.);
#2707=ORIENTED_EDGE('',*,*,#3536,.F.);
#2708=ORIENTED_EDGE('',*,*,#3538,.F.);
#2709=ORIENTED_EDGE('',*,*,#3540,.F.);
#2710=ORIENTED_EDGE('',*,*,#3542,.F.);
#2711=ORIENTED_EDGE('',*,*,#3544,.F.);
#2712=ORIENTED_EDGE('',*,*,#3546,.F.);
#2713=ORIENTED_EDGE('',*,*,#3548,.F.);
#2714=EDGE_CURVE('',#3552,#3553,#4110,.T.);
#2715=EDGE_CURVE('',#3552,#3554,#242,.T.);
#2716=EDGE_CURVE('',#3554,#3555,#4111,.T.);
#2717=EDGE_CURVE('',#3553,#3555,#243,.T.);
#2718=EDGE_CURVE('',#3553,#3556,#4112,.T.);
#2719=EDGE_CURVE('',#3555,#3557,#4113,.T.);
#2720=EDGE_CURVE('',#3556,#3557,#244,.T.);
#2721=EDGE_CURVE('',#3556,#3558,#4114,.T.);
#2722=EDGE_CURVE('',#3557,#3559,#4115,.T.);
#2723=EDGE_CURVE('',#3558,#3559,#245,.T.);
#2724=EDGE_CURVE('',#3558,#3560,#4116,.T.);
#2725=EDGE_CURVE('',#3559,#3561,#4117,.T.);
#2726=EDGE_CURVE('',#3560,#3561,#246,.T.);
#2727=EDGE_CURVE('',#3562,#3563,#247,.T.);
#2728=EDGE_CURVE('',#3562,#3564,#4118,.T.);
#2729=EDGE_CURVE('',#3564,#3565,#248,.T.);
#2730=EDGE_CURVE('',#3563,#3565,#4119,.T.);
#2731=EDGE_CURVE('',#3566,#3567,#249,.T.);
#2732=EDGE_CURVE('',#3566,#3562,#4120,.T.);
#2733=EDGE_CURVE('',#3567,#3563,#4121,.T.);
#2734=EDGE_CURVE('',#3564,#3560,#4122,.T.);
#2735=EDGE_CURVE('',#3565,#3561,#4123,.T.);
#2736=EDGE_CURVE('',#3568,#3569,#4124,.T.);
#2737=EDGE_CURVE('',#3568,#3570,#250,.T.);
#2738=EDGE_CURVE('',#3570,#3571,#4125,.T.);
#2739=EDGE_CURVE('',#3569,#3571,#251,.T.);
#2740=EDGE_CURVE('',#3569,#3572,#4126,.T.);
#2741=EDGE_CURVE('',#3571,#3573,#4127,.T.);
#2742=EDGE_CURVE('',#3572,#3573,#252,.T.);
#2743=EDGE_CURVE('',#3572,#3574,#4128,.T.);
#2744=EDGE_CURVE('',#3573,#3575,#4129,.T.);
#2745=EDGE_CURVE('',#3574,#3575,#253,.T.);
#2746=EDGE_CURVE('',#3574,#3576,#4130,.T.);
#2747=EDGE_CURVE('',#3575,#3577,#4131,.T.);
#2748=EDGE_CURVE('',#3576,#3577,#254,.T.);
#2749=EDGE_CURVE('',#3578,#3579,#255,.T.);
#2750=EDGE_CURVE('',#3578,#3580,#4132,.T.);
#2751=EDGE_CURVE('',#3580,#3581,#256,.T.);
#2752=EDGE_CURVE('',#3579,#3581,#4133,.T.);
#2753=EDGE_CURVE('',#3582,#3583,#257,.T.);
#2754=EDGE_CURVE('',#3582,#3578,#4134,.T.);
#2755=EDGE_CURVE('',#3583,#3579,#4135,.T.);
#2756=EDGE_CURVE('',#3580,#3576,#4136,.T.);
#2757=EDGE_CURVE('',#3581,#3577,#4137,.T.);
#2758=EDGE_CURVE('',#3582,#3552,#45,.T.);
#2759=EDGE_CURVE('',#3583,#3554,#46,.T.);
#2760=EDGE_CURVE('',#3584,#3585,#4138,.T.);
#2761=EDGE_CURVE('',#3584,#3586,#258,.T.);
#2762=EDGE_CURVE('',#3586,#3587,#4139,.T.);
#2763=EDGE_CURVE('',#3585,#3587,#259,.T.);
#2764=EDGE_CURVE('',#3585,#3588,#4140,.T.);
#2765=EDGE_CURVE('',#3587,#3589,#4141,.T.);
#2766=EDGE_CURVE('',#3588,#3589,#260,.T.);
#2767=EDGE_CURVE('',#3588,#3590,#4142,.T.);
#2768=EDGE_CURVE('',#3589,#3591,#4143,.T.);
#2769=EDGE_CURVE('',#3590,#3591,#261,.T.);
#2770=EDGE_CURVE('',#3590,#3592,#4144,.T.);
#2771=EDGE_CURVE('',#3591,#3593,#4145,.T.);
#2772=EDGE_CURVE('',#3592,#3593,#262,.T.);
#2773=EDGE_CURVE('',#3594,#3595,#263,.T.);
#2774=EDGE_CURVE('',#3594,#3596,#4146,.T.);
#2775=EDGE_CURVE('',#3596,#3597,#264,.T.);
#2776=EDGE_CURVE('',#3595,#3597,#4147,.T.);
#2777=EDGE_CURVE('',#3598,#3599,#265,.T.);
#2778=EDGE_CURVE('',#3598,#3594,#4148,.T.);
#2779=EDGE_CURVE('',#3599,#3595,#4149,.T.);
#2780=EDGE_CURVE('',#3596,#3592,#4150,.T.);
#2781=EDGE_CURVE('',#3597,#3593,#4151,.T.);
#2782=EDGE_CURVE('',#3598,#3568,#47,.T.);
#2783=EDGE_CURVE('',#3599,#3570,#48,.T.);
#2784=EDGE_CURVE('',#3600,#3601,#4152,.T.);
#2785=EDGE_CURVE('',#3600,#3602,#266,.T.);
#2786=EDGE_CURVE('',#3602,#3603,#4153,.T.);
#2787=EDGE_CURVE('',#3601,#3603,#267,.T.);
#2788=EDGE_CURVE('',#3601,#3604,#4154,.T.);
#2789=EDGE_CURVE('',#3603,#3605,#4155,.T.);
#2790=EDGE_CURVE('',#3604,#3605,#268,.T.);
#2791=EDGE_CURVE('',#3604,#3606,#4156,.T.);
#2792=EDGE_CURVE('',#3605,#3607,#4157,.T.);
#2793=EDGE_CURVE('',#3606,#3607,#269,.T.);
#2794=EDGE_CURVE('',#3606,#3608,#4158,.T.);
#2795=EDGE_CURVE('',#3607,#3609,#4159,.T.);
#2796=EDGE_CURVE('',#3608,#3609,#270,.T.);
#2797=EDGE_CURVE('',#3610,#3611,#271,.T.);
#2798=EDGE_CURVE('',#3610,#3612,#4160,.T.);
#2799=EDGE_CURVE('',#3612,#3613,#272,.T.);
#2800=EDGE_CURVE('',#3611,#3613,#4161,.T.);
#2801=EDGE_CURVE('',#3614,#3615,#273,.T.);
#2802=EDGE_CURVE('',#3614,#3610,#4162,.T.);
#2803=EDGE_CURVE('',#3615,#3611,#4163,.T.);
#2804=EDGE_CURVE('',#3612,#3608,#4164,.T.);
#2805=EDGE_CURVE('',#3613,#3609,#4165,.T.);
#2806=EDGE_CURVE('',#3614,#3584,#49,.T.);
#2807=EDGE_CURVE('',#3615,#3586,#50,.T.);
#2808=EDGE_CURVE('',#3616,#3617,#4166,.T.);
#2809=EDGE_CURVE('',#3616,#3618,#274,.T.);
#2810=EDGE_CURVE('',#3618,#3619,#4167,.T.);
#2811=EDGE_CURVE('',#3617,#3619,#275,.T.);
#2812=EDGE_CURVE('',#3617,#3620,#4168,.T.);
#2813=EDGE_CURVE('',#3619,#3621,#4169,.T.);
#2814=EDGE_CURVE('',#3620,#3621,#276,.T.);
#2815=EDGE_CURVE('',#3620,#3622,#4170,.T.);
#2816=EDGE_CURVE('',#3621,#3623,#4171,.T.);
#2817=EDGE_CURVE('',#3622,#3623,#277,.T.);
#2818=EDGE_CURVE('',#3622,#3624,#4172,.T.);
#2819=EDGE_CURVE('',#3623,#3625,#4173,.T.);
#2820=EDGE_CURVE('',#3624,#3625,#278,.T.);
#2821=EDGE_CURVE('',#3626,#3627,#279,.T.);
#2822=EDGE_CURVE('',#3626,#3628,#4174,.T.);
#2823=EDGE_CURVE('',#3628,#3629,#280,.T.);
#2824=EDGE_CURVE('',#3627,#3629,#4175,.T.);
#2825=EDGE_CURVE('',#3630,#3631,#281,.T.);
#2826=EDGE_CURVE('',#3630,#3626,#4176,.T.);
#2827=EDGE_CURVE('',#3631,#3627,#4177,.T.);
#2828=EDGE_CURVE('',#3628,#3624,#4178,.T.);
#2829=EDGE_CURVE('',#3629,#3625,#4179,.T.);
#2830=EDGE_CURVE('',#3630,#3600,#51,.T.);
#2831=EDGE_CURVE('',#3631,#3602,#52,.T.);
#2832=EDGE_CURVE('',#3632,#3633,#4180,.T.);
#2833=EDGE_CURVE('',#3632,#3634,#282,.T.);
#2834=EDGE_CURVE('',#3634,#3635,#4181,.T.);
#2835=EDGE_CURVE('',#3633,#3635,#283,.T.);
#2836=EDGE_CURVE('',#3633,#3636,#4182,.T.);
#2837=EDGE_CURVE('',#3635,#3637,#4183,.T.);
#2838=EDGE_CURVE('',#3636,#3637,#284,.T.);
#2839=EDGE_CURVE('',#3636,#3638,#4184,.T.);
#2840=EDGE_CURVE('',#3637,#3639,#4185,.T.);
#2841=EDGE_CURVE('',#3638,#3639,#285,.T.);
#2842=EDGE_CURVE('',#3638,#3640,#4186,.T.);
#2843=EDGE_CURVE('',#3639,#3641,#4187,.T.);
#2844=EDGE_CURVE('',#3640,#3641,#286,.T.);
#2845=EDGE_CURVE('',#3642,#3643,#287,.T.);
#2846=EDGE_CURVE('',#3642,#3644,#4188,.T.);
#2847=EDGE_CURVE('',#3644,#3645,#288,.T.);
#2848=EDGE_CURVE('',#3643,#3645,#4189,.T.);
#2849=EDGE_CURVE('',#3646,#3647,#289,.T.);
#2850=EDGE_CURVE('',#3646,#3642,#4190,.T.);
#2851=EDGE_CURVE('',#3647,#3643,#4191,.T.);
#2852=EDGE_CURVE('',#3644,#3640,#4192,.T.);
#2853=EDGE_CURVE('',#3645,#3641,#4193,.T.);
#2854=EDGE_CURVE('',#3646,#3616,#53,.T.);
#2855=EDGE_CURVE('',#3647,#3618,#54,.T.);
#2856=EDGE_CURVE('',#3648,#3649,#4194,.T.);
#2857=EDGE_CURVE('',#3648,#3650,#290,.T.);
#2858=EDGE_CURVE('',#3650,#3651,#4195,.T.);
#2859=EDGE_CURVE('',#3649,#3651,#291,.T.);
#2860=EDGE_CURVE('',#3649,#3652,#4196,.T.);
#2861=EDGE_CURVE('',#3651,#3653,#4197,.T.);
#2862=EDGE_CURVE('',#3652,#3653,#292,.T.);
#2863=EDGE_CURVE('',#3652,#3654,#4198,.T.);
#2864=EDGE_CURVE('',#3653,#3655,#4199,.T.);
#2865=EDGE_CURVE('',#3654,#3655,#293,.T.);
#2866=EDGE_CURVE('',#3654,#3656,#4200,.T.);
#2867=EDGE_CURVE('',#3655,#3657,#4201,.T.);
#2868=EDGE_CURVE('',#3656,#3657,#294,.T.);
#2869=EDGE_CURVE('',#3658,#3659,#295,.T.);
#2870=EDGE_CURVE('',#3658,#3660,#4202,.T.);
#2871=EDGE_CURVE('',#3660,#3661,#296,.T.);
#2872=EDGE_CURVE('',#3659,#3661,#4203,.T.);
#2873=EDGE_CURVE('',#3662,#3663,#297,.T.);
#2874=EDGE_CURVE('',#3662,#3658,#4204,.T.);
#2875=EDGE_CURVE('',#3663,#3659,#4205,.T.);
#2876=EDGE_CURVE('',#3660,#3656,#4206,.T.);
#2877=EDGE_CURVE('',#3661,#3657,#4207,.T.);
#2878=EDGE_CURVE('',#3662,#3632,#55,.T.);
#2879=EDGE_CURVE('',#3663,#3634,#56,.T.);
#2880=EDGE_CURVE('',#3664,#3665,#4208,.T.);
#2881=EDGE_CURVE('',#3664,#3666,#298,.T.);
#2882=EDGE_CURVE('',#3666,#3667,#4209,.T.);
#2883=EDGE_CURVE('',#3665,#3667,#299,.T.);
#2884=EDGE_CURVE('',#3665,#3668,#4210,.T.);
#2885=EDGE_CURVE('',#3667,#3669,#4211,.T.);
#2886=EDGE_CURVE('',#3668,#3669,#300,.T.);
#2887=EDGE_CURVE('',#3668,#3670,#4212,.T.);
#2888=EDGE_CURVE('',#3669,#3671,#4213,.T.);
#2889=EDGE_CURVE('',#3670,#3671,#301,.T.);
#2890=EDGE_CURVE('',#3670,#3672,#4214,.T.);
#2891=EDGE_CURVE('',#3671,#3673,#4215,.T.);
#2892=EDGE_CURVE('',#3672,#3673,#302,.T.);
#2893=EDGE_CURVE('',#3674,#3675,#303,.T.);
#2894=EDGE_CURVE('',#3674,#3676,#4216,.T.);
#2895=EDGE_CURVE('',#3676,#3677,#304,.T.);
#2896=EDGE_CURVE('',#3675,#3677,#4217,.T.);
#2897=EDGE_CURVE('',#3678,#3679,#305,.T.);
#2898=EDGE_CURVE('',#3678,#3674,#4218,.T.);
#2899=EDGE_CURVE('',#3679,#3675,#4219,.T.);
#2900=EDGE_CURVE('',#3676,#3672,#4220,.T.);
#2901=EDGE_CURVE('',#3677,#3673,#4221,.T.);
#2902=EDGE_CURVE('',#3678,#3648,#57,.T.);
#2903=EDGE_CURVE('',#3679,#3650,#58,.T.);
#2904=EDGE_CURVE('',#3680,#3681,#4222,.T.);
#2905=EDGE_CURVE('',#3680,#3682,#306,.T.);
#2906=EDGE_CURVE('',#3682,#3683,#4223,.T.);
#2907=EDGE_CURVE('',#3681,#3683,#307,.T.);
#2908=EDGE_CURVE('',#3681,#3684,#4224,.T.);
#2909=EDGE_CURVE('',#3683,#3685,#4225,.T.);
#2910=EDGE_CURVE('',#3684,#3685,#308,.T.);
#2911=EDGE_CURVE('',#3684,#3686,#4226,.T.);
#2912=EDGE_CURVE('',#3685,#3687,#4227,.T.);
#2913=EDGE_CURVE('',#3686,#3687,#309,.T.);
#2914=EDGE_CURVE('',#3686,#3688,#4228,.T.);
#2915=EDGE_CURVE('',#3687,#3689,#4229,.T.);
#2916=EDGE_CURVE('',#3688,#3689,#310,.T.);
#2917=EDGE_CURVE('',#3690,#3691,#311,.T.);
#2918=EDGE_CURVE('',#3690,#3692,#4230,.T.);
#2919=EDGE_CURVE('',#3692,#3693,#312,.T.);
#2920=EDGE_CURVE('',#3691,#3693,#4231,.T.);
#2921=EDGE_CURVE('',#3694,#3695,#313,.T.);
#2922=EDGE_CURVE('',#3694,#3690,#4232,.T.);
#2923=EDGE_CURVE('',#3695,#3691,#4233,.T.);
#2924=EDGE_CURVE('',#3692,#3688,#4234,.T.);
#2925=EDGE_CURVE('',#3693,#3689,#4235,.T.);
#2926=EDGE_CURVE('',#3694,#3664,#59,.T.);
#2927=EDGE_CURVE('',#3695,#3666,#60,.T.);
#2928=EDGE_CURVE('',#3696,#3697,#4236,.T.);
#2929=EDGE_CURVE('',#3696,#3698,#314,.T.);
#2930=EDGE_CURVE('',#3698,#3699,#4237,.T.);
#2931=EDGE_CURVE('',#3697,#3699,#315,.T.);
#2932=EDGE_CURVE('',#3697,#3700,#4238,.T.);
#2933=EDGE_CURVE('',#3699,#3701,#4239,.T.);
#2934=EDGE_CURVE('',#3700,#3701,#316,.T.);
#2935=EDGE_CURVE('',#3700,#3702,#4240,.T.);
#2936=EDGE_CURVE('',#3701,#3703,#4241,.T.);
#2937=EDGE_CURVE('',#3702,#3703,#317,.T.);
#2938=EDGE_CURVE('',#3702,#3704,#4242,.T.);
#2939=EDGE_CURVE('',#3703,#3705,#4243,.T.);
#2940=EDGE_CURVE('',#3704,#3705,#318,.T.);
#2941=EDGE_CURVE('',#3706,#3707,#319,.T.);
#2942=EDGE_CURVE('',#3706,#3708,#4244,.T.);
#2943=EDGE_CURVE('',#3708,#3709,#320,.T.);
#2944=EDGE_CURVE('',#3707,#3709,#4245,.T.);
#2945=EDGE_CURVE('',#3710,#3711,#321,.T.);
#2946=EDGE_CURVE('',#3710,#3706,#4246,.T.);
#2947=EDGE_CURVE('',#3711,#3707,#4247,.T.);
#2948=EDGE_CURVE('',#3708,#3704,#4248,.T.);
#2949=EDGE_CURVE('',#3709,#3705,#4249,.T.);
#2950=EDGE_CURVE('',#3710,#3680,#61,.T.);
#2951=EDGE_CURVE('',#3711,#3682,#62,.T.);
#2952=EDGE_CURVE('',#3712,#3713,#4250,.T.);
#2953=EDGE_CURVE('',#3712,#3714,#322,.T.);
#2954=EDGE_CURVE('',#3714,#3715,#4251,.T.);
#2955=EDGE_CURVE('',#3713,#3715,#323,.T.);
#2956=EDGE_CURVE('',#3713,#3716,#4252,.T.);
#2957=EDGE_CURVE('',#3715,#3717,#4253,.T.);
#2958=EDGE_CURVE('',#3716,#3717,#324,.T.);
#2959=EDGE_CURVE('',#3716,#3718,#4254,.T.);
#2960=EDGE_CURVE('',#3717,#3719,#4255,.T.);
#2961=EDGE_CURVE('',#3718,#3719,#325,.T.);
#2962=EDGE_CURVE('',#3718,#3720,#4256,.T.);
#2963=EDGE_CURVE('',#3719,#3721,#4257,.T.);
#2964=EDGE_CURVE('',#3720,#3721,#326,.T.);
#2965=EDGE_CURVE('',#3722,#3723,#327,.T.);
#2966=EDGE_CURVE('',#3722,#3724,#4258,.T.);
#2967=EDGE_CURVE('',#3724,#3725,#328,.T.);
#2968=EDGE_CURVE('',#3723,#3725,#4259,.T.);
#2969=EDGE_CURVE('',#3726,#3727,#329,.T.);
#2970=EDGE_CURVE('',#3726,#3722,#4260,.T.);
#2971=EDGE_CURVE('',#3727,#3723,#4261,.T.);
#2972=EDGE_CURVE('',#3724,#3720,#4262,.T.);
#2973=EDGE_CURVE('',#3725,#3721,#4263,.T.);
#2974=EDGE_CURVE('',#3726,#3696,#63,.T.);
#2975=EDGE_CURVE('',#3727,#3698,#64,.T.);
#2976=EDGE_CURVE('',#3728,#3729,#4264,.T.);
#2977=EDGE_CURVE('',#3728,#3730,#330,.T.);
#2978=EDGE_CURVE('',#3730,#3731,#4265,.T.);
#2979=EDGE_CURVE('',#3729,#3731,#331,.T.);
#2980=EDGE_CURVE('',#3729,#3732,#4266,.T.);
#2981=EDGE_CURVE('',#3731,#3733,#4267,.T.);
#2982=EDGE_CURVE('',#3732,#3733,#332,.T.);
#2983=EDGE_CURVE('',#3732,#3734,#4268,.T.);
#2984=EDGE_CURVE('',#3733,#3735,#4269,.T.);
#2985=EDGE_CURVE('',#3734,#3735,#333,.T.);
#2986=EDGE_CURVE('',#3734,#3736,#4270,.T.);
#2987=EDGE_CURVE('',#3735,#3737,#4271,.T.);
#2988=EDGE_CURVE('',#3736,#3737,#334,.T.);
#2989=EDGE_CURVE('',#3738,#3739,#335,.T.);
#2990=EDGE_CURVE('',#3738,#3740,#4272,.T.);
#2991=EDGE_CURVE('',#3740,#3741,#336,.T.);
#2992=EDGE_CURVE('',#3739,#3741,#4273,.T.);
#2993=EDGE_CURVE('',#3742,#3743,#337,.T.);
#2994=EDGE_CURVE('',#3742,#3738,#4274,.T.);
#2995=EDGE_CURVE('',#3743,#3739,#4275,.T.);
#2996=EDGE_CURVE('',#3740,#3736,#4276,.T.);
#2997=EDGE_CURVE('',#3741,#3737,#4277,.T.);
#2998=EDGE_CURVE('',#3742,#3712,#65,.T.);
#2999=EDGE_CURVE('',#3743,#3714,#66,.T.);
#3000=EDGE_CURVE('',#3744,#3745,#4278,.T.);
#3001=EDGE_CURVE('',#3744,#3746,#338,.T.);
#3002=EDGE_CURVE('',#3746,#3747,#4279,.T.);
#3003=EDGE_CURVE('',#3745,#3747,#339,.T.);
#3004=EDGE_CURVE('',#3745,#3748,#4280,.T.);
#3005=EDGE_CURVE('',#3747,#3749,#4281,.T.);
#3006=EDGE_CURVE('',#3748,#3749,#340,.T.);
#3007=EDGE_CURVE('',#3748,#3750,#4282,.T.);
#3008=EDGE_CURVE('',#3749,#3751,#4283,.T.);
#3009=EDGE_CURVE('',#3750,#3751,#341,.T.);
#3010=EDGE_CURVE('',#3750,#3752,#4284,.T.);
#3011=EDGE_CURVE('',#3751,#3753,#4285,.T.);
#3012=EDGE_CURVE('',#3752,#3753,#342,.T.);
#3013=EDGE_CURVE('',#3754,#3755,#343,.T.);
#3014=EDGE_CURVE('',#3754,#3756,#4286,.T.);
#3015=EDGE_CURVE('',#3756,#3757,#344,.T.);
#3016=EDGE_CURVE('',#3755,#3757,#4287,.T.);
#3017=EDGE_CURVE('',#3758,#3759,#345,.T.);
#3018=EDGE_CURVE('',#3758,#3754,#4288,.T.);
#3019=EDGE_CURVE('',#3759,#3755,#4289,.T.);
#3020=EDGE_CURVE('',#3756,#3752,#4290,.T.);
#3021=EDGE_CURVE('',#3757,#3753,#4291,.T.);
#3022=EDGE_CURVE('',#3758,#3728,#67,.T.);
#3023=EDGE_CURVE('',#3759,#3730,#68,.T.);
#3024=EDGE_CURVE('',#3760,#3761,#4292,.T.);
#3025=EDGE_CURVE('',#3760,#3762,#346,.T.);
#3026=EDGE_CURVE('',#3762,#3763,#4293,.T.);
#3027=EDGE_CURVE('',#3761,#3763,#347,.T.);
#3028=EDGE_CURVE('',#3761,#3764,#4294,.T.);
#3029=EDGE_CURVE('',#3763,#3765,#4295,.T.);
#3030=EDGE_CURVE('',#3764,#3765,#348,.T.);
#3031=EDGE_CURVE('',#3764,#3766,#4296,.T.);
#3032=EDGE_CURVE('',#3765,#3767,#4297,.T.);
#3033=EDGE_CURVE('',#3766,#3767,#349,.T.);
#3034=EDGE_CURVE('',#3766,#3768,#4298,.T.);
#3035=EDGE_CURVE('',#3767,#3769,#4299,.T.);
#3036=EDGE_CURVE('',#3768,#3769,#350,.T.);
#3037=EDGE_CURVE('',#3770,#3771,#351,.T.);
#3038=EDGE_CURVE('',#3770,#3772,#4300,.T.);
#3039=EDGE_CURVE('',#3772,#3773,#352,.T.);
#3040=EDGE_CURVE('',#3771,#3773,#4301,.T.);
#3041=EDGE_CURVE('',#3774,#3775,#353,.T.);
#3042=EDGE_CURVE('',#3774,#3770,#4302,.T.);
#3043=EDGE_CURVE('',#3775,#3771,#4303,.T.);
#3044=EDGE_CURVE('',#3772,#3768,#4304,.T.);
#3045=EDGE_CURVE('',#3773,#3769,#4305,.T.);
#3046=EDGE_CURVE('',#3774,#3744,#69,.T.);
#3047=EDGE_CURVE('',#3775,#3746,#70,.T.);
#3048=EDGE_CURVE('',#3776,#3777,#4306,.T.);
#3049=EDGE_CURVE('',#3776,#3778,#354,.T.);
#3050=EDGE_CURVE('',#3778,#3779,#4307,.T.);
#3051=EDGE_CURVE('',#3777,#3779,#355,.T.);
#3052=EDGE_CURVE('',#3777,#3780,#4308,.T.);
#3053=EDGE_CURVE('',#3779,#3781,#4309,.T.);
#3054=EDGE_CURVE('',#3780,#3781,#356,.T.);
#3055=EDGE_CURVE('',#3780,#3782,#4310,.T.);
#3056=EDGE_CURVE('',#3781,#3783,#4311,.T.);
#3057=EDGE_CURVE('',#3782,#3783,#357,.T.);
#3058=EDGE_CURVE('',#3782,#3784,#4312,.T.);
#3059=EDGE_CURVE('',#3783,#3785,#4313,.T.);
#3060=EDGE_CURVE('',#3784,#3785,#358,.T.);
#3061=EDGE_CURVE('',#3786,#3787,#359,.T.);
#3062=EDGE_CURVE('',#3786,#3788,#4314,.T.);
#3063=EDGE_CURVE('',#3788,#3789,#360,.T.);
#3064=EDGE_CURVE('',#3787,#3789,#4315,.T.);
#3065=EDGE_CURVE('',#3790,#3791,#361,.T.);
#3066=EDGE_CURVE('',#3790,#3786,#4316,.T.);
#3067=EDGE_CURVE('',#3791,#3787,#4317,.T.);
#3068=EDGE_CURVE('',#3788,#3784,#4318,.T.);
#3069=EDGE_CURVE('',#3789,#3785,#4319,.T.);
#3070=EDGE_CURVE('',#3790,#3760,#71,.T.);
#3071=EDGE_CURVE('',#3791,#3762,#72,.T.);
#3072=EDGE_CURVE('',#3792,#3793,#4320,.T.);
#3073=EDGE_CURVE('',#3792,#3794,#362,.T.);
#3074=EDGE_CURVE('',#3794,#3795,#4321,.T.);
#3075=EDGE_CURVE('',#3793,#3795,#363,.T.);
#3076=EDGE_CURVE('',#3793,#3796,#4322,.T.);
#3077=EDGE_CURVE('',#3795,#3797,#4323,.T.);
#3078=EDGE_CURVE('',#3796,#3797,#364,.T.);
#3079=EDGE_CURVE('',#3796,#3798,#4324,.T.);
#3080=EDGE_CURVE('',#3797,#3799,#4325,.T.);
#3081=EDGE_CURVE('',#3798,#3799,#365,.T.);
#3082=EDGE_CURVE('',#3798,#3800,#4326,.T.);
#3083=EDGE_CURVE('',#3799,#3801,#4327,.T.);
#3084=EDGE_CURVE('',#3800,#3801,#366,.T.);
#3085=EDGE_CURVE('',#3802,#3803,#367,.T.);
#3086=EDGE_CURVE('',#3802,#3804,#4328,.T.);
#3087=EDGE_CURVE('',#3804,#3805,#368,.T.);
#3088=EDGE_CURVE('',#3803,#3805,#4329,.T.);
#3089=EDGE_CURVE('',#3806,#3807,#369,.T.);
#3090=EDGE_CURVE('',#3806,#3802,#4330,.T.);
#3091=EDGE_CURVE('',#3807,#3803,#4331,.T.);
#3092=EDGE_CURVE('',#3804,#3800,#4332,.T.);
#3093=EDGE_CURVE('',#3805,#3801,#4333,.T.);
#3094=EDGE_CURVE('',#3806,#3776,#73,.T.);
#3095=EDGE_CURVE('',#3807,#3778,#74,.T.);
#3096=EDGE_CURVE('',#3808,#3809,#4334,.T.);
#3097=EDGE_CURVE('',#3808,#3810,#370,.T.);
#3098=EDGE_CURVE('',#3810,#3811,#4335,.T.);
#3099=EDGE_CURVE('',#3809,#3811,#371,.T.);
#3100=EDGE_CURVE('',#3809,#3812,#4336,.T.);
#3101=EDGE_CURVE('',#3811,#3813,#4337,.T.);
#3102=EDGE_CURVE('',#3812,#3813,#372,.T.);
#3103=EDGE_CURVE('',#3812,#3814,#4338,.T.);
#3104=EDGE_CURVE('',#3813,#3815,#4339,.T.);
#3105=EDGE_CURVE('',#3814,#3815,#373,.T.);
#3106=EDGE_CURVE('',#3814,#3816,#4340,.T.);
#3107=EDGE_CURVE('',#3815,#3817,#4341,.T.);
#3108=EDGE_CURVE('',#3816,#3817,#374,.T.);
#3109=EDGE_CURVE('',#3818,#3819,#375,.T.);
#3110=EDGE_CURVE('',#3818,#3820,#4342,.T.);
#3111=EDGE_CURVE('',#3820,#3821,#376,.T.);
#3112=EDGE_CURVE('',#3819,#3821,#4343,.T.);
#3113=EDGE_CURVE('',#3822,#3823,#377,.T.);
#3114=EDGE_CURVE('',#3822,#3818,#4344,.T.);
#3115=EDGE_CURVE('',#3823,#3819,#4345,.T.);
#3116=EDGE_CURVE('',#3820,#3816,#4346,.T.);
#3117=EDGE_CURVE('',#3821,#3817,#4347,.T.);
#3118=EDGE_CURVE('',#3822,#3792,#75,.T.);
#3119=EDGE_CURVE('',#3823,#3794,#76,.T.);
#3120=EDGE_CURVE('',#3824,#3825,#4348,.T.);
#3121=EDGE_CURVE('',#3824,#3826,#378,.T.);
#3122=EDGE_CURVE('',#3826,#3827,#4349,.T.);
#3123=EDGE_CURVE('',#3825,#3827,#379,.T.);
#3124=EDGE_CURVE('',#3825,#3828,#4350,.T.);
#3125=EDGE_CURVE('',#3827,#3829,#4351,.T.);
#3126=EDGE_CURVE('',#3828,#3829,#380,.T.);
#3127=EDGE_CURVE('',#3828,#3830,#4352,.T.);
#3128=EDGE_CURVE('',#3829,#3831,#4353,.T.);
#3129=EDGE_CURVE('',#3830,#3831,#381,.T.);
#3130=EDGE_CURVE('',#3830,#3832,#4354,.T.);
#3131=EDGE_CURVE('',#3831,#3833,#4355,.T.);
#3132=EDGE_CURVE('',#3832,#3833,#382,.T.);
#3133=EDGE_CURVE('',#3834,#3835,#383,.T.);
#3134=EDGE_CURVE('',#3834,#3836,#4356,.T.);
#3135=EDGE_CURVE('',#3836,#3837,#384,.T.);
#3136=EDGE_CURVE('',#3835,#3837,#4357,.T.);
#3137=EDGE_CURVE('',#3838,#3839,#385,.T.);
#3138=EDGE_CURVE('',#3838,#3834,#4358,.T.);
#3139=EDGE_CURVE('',#3839,#3835,#4359,.T.);
#3140=EDGE_CURVE('',#3836,#3832,#4360,.T.);
#3141=EDGE_CURVE('',#3837,#3833,#4361,.T.);
#3142=EDGE_CURVE('',#3838,#3808,#77,.T.);
#3143=EDGE_CURVE('',#3839,#3810,#78,.T.);
#3144=EDGE_CURVE('',#3840,#3841,#4362,.T.);
#3145=EDGE_CURVE('',#3840,#3842,#386,.T.);
#3146=EDGE_CURVE('',#3842,#3843,#4363,.T.);
#3147=EDGE_CURVE('',#3841,#3843,#387,.T.);
#3148=EDGE_CURVE('',#3841,#3844,#4364,.T.);
#3149=EDGE_CURVE('',#3843,#3845,#4365,.T.);
#3150=EDGE_CURVE('',#3844,#3845,#388,.T.);
#3151=EDGE_CURVE('',#3844,#3846,#4366,.T.);
#3152=EDGE_CURVE('',#3845,#3847,#4367,.T.);
#3153=EDGE_CURVE('',#3846,#3847,#389,.T.);
#3154=EDGE_CURVE('',#3846,#3848,#4368,.T.);
#3155=EDGE_CURVE('',#3847,#3849,#4369,.T.);
#3156=EDGE_CURVE('',#3848,#3849,#390,.T.);
#3157=EDGE_CURVE('',#3850,#3851,#391,.T.);
#3158=EDGE_CURVE('',#3850,#3852,#4370,.T.);
#3159=EDGE_CURVE('',#3852,#3853,#392,.T.);
#3160=EDGE_CURVE('',#3851,#3853,#4371,.T.);
#3161=EDGE_CURVE('',#3854,#3855,#393,.T.);
#3162=EDGE_CURVE('',#3854,#3850,#4372,.T.);
#3163=EDGE_CURVE('',#3855,#3851,#4373,.T.);
#3164=EDGE_CURVE('',#3852,#3848,#4374,.T.);
#3165=EDGE_CURVE('',#3853,#3849,#4375,.T.);
#3166=EDGE_CURVE('',#3854,#3824,#79,.T.);
#3167=EDGE_CURVE('',#3855,#3826,#80,.T.);
#3168=EDGE_CURVE('',#3856,#3857,#4376,.T.);
#3169=EDGE_CURVE('',#3856,#3858,#394,.T.);
#3170=EDGE_CURVE('',#3858,#3859,#4377,.T.);
#3171=EDGE_CURVE('',#3857,#3859,#395,.T.);
#3172=EDGE_CURVE('',#3857,#3860,#4378,.T.);
#3173=EDGE_CURVE('',#3859,#3861,#4379,.T.);
#3174=EDGE_CURVE('',#3860,#3861,#396,.T.);
#3175=EDGE_CURVE('',#3860,#3862,#4380,.T.);
#3176=EDGE_CURVE('',#3861,#3863,#4381,.T.);
#3177=EDGE_CURVE('',#3862,#3863,#397,.T.);
#3178=EDGE_CURVE('',#3862,#3864,#4382,.T.);
#3179=EDGE_CURVE('',#3863,#3865,#4383,.T.);
#3180=EDGE_CURVE('',#3864,#3865,#398,.T.);
#3181=EDGE_CURVE('',#3866,#3867,#399,.T.);
#3182=EDGE_CURVE('',#3866,#3868,#4384,.T.);
#3183=EDGE_CURVE('',#3868,#3869,#400,.T.);
#3184=EDGE_CURVE('',#3867,#3869,#4385,.T.);
#3185=EDGE_CURVE('',#3870,#3871,#401,.T.);
#3186=EDGE_CURVE('',#3870,#3866,#4386,.T.);
#3187=EDGE_CURVE('',#3871,#3867,#4387,.T.);
#3188=EDGE_CURVE('',#3868,#3864,#4388,.T.);
#3189=EDGE_CURVE('',#3869,#3865,#4389,.T.);
#3190=EDGE_CURVE('',#3870,#3840,#81,.T.);
#3191=EDGE_CURVE('',#3871,#3842,#82,.T.);
#3192=EDGE_CURVE('',#3872,#3873,#4390,.T.);
#3193=EDGE_CURVE('',#3872,#3874,#402,.T.);
#3194=EDGE_CURVE('',#3874,#3875,#4391,.T.);
#3195=EDGE_CURVE('',#3873,#3875,#403,.T.);
#3196=EDGE_CURVE('',#3873,#3876,#4392,.T.);
#3197=EDGE_CURVE('',#3875,#3877,#4393,.T.);
#3198=EDGE_CURVE('',#3876,#3877,#404,.T.);
#3199=EDGE_CURVE('',#3876,#3878,#4394,.T.);
#3200=EDGE_CURVE('',#3877,#3879,#4395,.T.);
#3201=EDGE_CURVE('',#3878,#3879,#405,.T.);
#3202=EDGE_CURVE('',#3878,#3880,#4396,.T.);
#3203=EDGE_CURVE('',#3879,#3881,#4397,.T.);
#3204=EDGE_CURVE('',#3880,#3881,#406,.T.);
#3205=EDGE_CURVE('',#3882,#3883,#407,.T.);
#3206=EDGE_CURVE('',#3882,#3884,#4398,.T.);
#3207=EDGE_CURVE('',#3884,#3885,#408,.T.);
#3208=EDGE_CURVE('',#3883,#3885,#4399,.T.);
#3209=EDGE_CURVE('',#3886,#3887,#409,.T.);
#3210=EDGE_CURVE('',#3886,#3882,#4400,.T.);
#3211=EDGE_CURVE('',#3887,#3883,#4401,.T.);
#3212=EDGE_CURVE('',#3884,#3880,#4402,.T.);
#3213=EDGE_CURVE('',#3885,#3881,#4403,.T.);
#3214=EDGE_CURVE('',#3886,#3856,#83,.T.);
#3215=EDGE_CURVE('',#3887,#3858,#84,.T.);
#3216=EDGE_CURVE('',#3888,#3889,#4404,.T.);
#3217=EDGE_CURVE('',#3888,#3890,#410,.T.);
#3218=EDGE_CURVE('',#3890,#3891,#4405,.T.);
#3219=EDGE_CURVE('',#3889,#3891,#411,.T.);
#3220=EDGE_CURVE('',#3889,#3892,#4406,.T.);
#3221=EDGE_CURVE('',#3891,#3893,#4407,.T.);
#3222=EDGE_CURVE('',#3892,#3893,#412,.T.);
#3223=EDGE_CURVE('',#3892,#3894,#4408,.T.);
#3224=EDGE_CURVE('',#3893,#3895,#4409,.T.);
#3225=EDGE_CURVE('',#3894,#3895,#413,.T.);
#3226=EDGE_CURVE('',#3894,#3896,#4410,.T.);
#3227=EDGE_CURVE('',#3895,#3897,#4411,.T.);
#3228=EDGE_CURVE('',#3896,#3897,#414,.T.);
#3229=EDGE_CURVE('',#3898,#3899,#415,.T.);
#3230=EDGE_CURVE('',#3898,#3900,#4412,.T.);
#3231=EDGE_CURVE('',#3900,#3901,#416,.T.);
#3232=EDGE_CURVE('',#3899,#3901,#4413,.T.);
#3233=EDGE_CURVE('',#3902,#3903,#417,.T.);
#3234=EDGE_CURVE('',#3902,#3898,#4414,.T.);
#3235=EDGE_CURVE('',#3903,#3899,#4415,.T.);
#3236=EDGE_CURVE('',#3900,#3896,#4416,.T.);
#3237=EDGE_CURVE('',#3901,#3897,#4417,.T.);
#3238=EDGE_CURVE('',#3902,#3872,#85,.T.);
#3239=EDGE_CURVE('',#3903,#3874,#86,.T.);
#3240=EDGE_CURVE('',#3566,#3888,#87,.T.);
#3241=EDGE_CURVE('',#3567,#3890,#88,.T.);
#3242=EDGE_CURVE('',#3904,#3904,#89,.T.);
#3243=EDGE_CURVE('',#3905,#3905,#90,.T.);
#3244=EDGE_CURVE('',#3906,#3906,#91,.T.);
#3245=EDGE_CURVE('',#3907,#3908,#418,.F.);
#3246=EDGE_CURVE('',#3909,#3907,#419,.F.);
#3247=EDGE_CURVE('',#3910,#3909,#420,.F.);
#3248=EDGE_CURVE('',#3911,#3910,#421,.F.);
#3249=EDGE_CURVE('',#3912,#3911,#422,.F.);
#3250=EDGE_CURVE('',#3913,#3912,#423,.F.);
#3251=EDGE_CURVE('',#3914,#3913,#4418,.F.);
#3252=EDGE_CURVE('',#3915,#3914,#92,.F.);
#3253=EDGE_CURVE('',#3916,#3915,#93,.F.);
#3254=EDGE_CURVE('',#3917,#3916,#4419,.F.);
#3255=EDGE_CURVE('',#3918,#3917,#4420,.F.);
#3256=EDGE_CURVE('',#3919,#3918,#94,.F.);
#3257=EDGE_CURVE('',#3920,#3919,#4421,.F.);
#3258=EDGE_CURVE('',#3921,#3920,#424,.F.);
#3259=EDGE_CURVE('',#3922,#3921,#4422,.F.);
#3260=EDGE_CURVE('',#3923,#3922,#4423,.F.);
#3261=EDGE_CURVE('',#3924,#3923,#4424,.F.);
#3262=EDGE_CURVE('',#3925,#3924,#95,.T.);
#3263=EDGE_CURVE('',#3926,#3925,#4425,.F.);
#3264=EDGE_CURVE('',#3908,#3926,#425,.F.);
#3265=EDGE_CURVE('',#3927,#3928,#426,.F.);
#3266=EDGE_CURVE('',#3929,#3927,#427,.F.);
#3267=EDGE_CURVE('',#3930,#3929,#428,.F.);
#3268=EDGE_CURVE('',#3931,#3930,#429,.F.);
#3269=EDGE_CURVE('',#3932,#3931,#430,.F.);
#3270=EDGE_CURVE('',#3933,#3932,#431,.F.);
#3271=EDGE_CURVE('',#3934,#3933,#432,.F.);
#3272=EDGE_CURVE('',#3935,#3934,#433,.F.);
#3273=EDGE_CURVE('',#3936,#3935,#434,.F.);
#3274=EDGE_CURVE('',#3937,#3936,#435,.F.);
#3275=EDGE_CURVE('',#3938,#3937,#436,.F.);
#3276=EDGE_CURVE('',#3928,#3938,#437,.F.);
#3277=EDGE_CURVE('',#3939,#3940,#4426,.F.);
#3278=EDGE_CURVE('',#3941,#3939,#438,.F.);
#3279=EDGE_CURVE('',#3942,#3941,#96,.F.);
#3280=EDGE_CURVE('',#3943,#3942,#4427,.F.);
#3281=EDGE_CURVE('',#3944,#3943,#4428,.F.);
#3282=EDGE_CURVE('',#3945,#3944,#4429,.F.);
#3283=EDGE_CURVE('',#3946,#3945,#4430,.F.);
#3284=EDGE_CURVE('',#3947,#3946,#4431,.F.);
#3285=EDGE_CURVE('',#3948,#3947,#439,.F.);
#3286=EDGE_CURVE('',#3949,#3948,#4432,.F.);
#3287=EDGE_CURVE('',#3950,#3949,#4433,.F.);
#3288=EDGE_CURVE('',#3951,#3950,#4434,.F.);
#3289=EDGE_CURVE('',#3952,#3951,#4435,.F.);
#3290=EDGE_CURVE('',#3953,#3952,#97,.T.);
#3291=EDGE_CURVE('',#3940,#3953,#4436,.F.);
#3292=EDGE_CURVE('',#3954,#3955,#440,.F.);
#3293=EDGE_CURVE('',#3956,#3954,#441,.F.);
#3294=EDGE_CURVE('',#3957,#3956,#442,.F.);
#3295=EDGE_CURVE('',#3955,#3957,#443,.F.);
#3296=EDGE_CURVE('',#3958,#3959,#444,.F.);
#3297=EDGE_CURVE('',#3960,#3958,#445,.F.);
#3298=EDGE_CURVE('',#3961,#3960,#446,.F.);
#3299=EDGE_CURVE('',#3962,#3961,#447,.F.);
#3300=EDGE_CURVE('',#3963,#3962,#448,.F.);
#3301=EDGE_CURVE('',#3964,#3963,#449,.F.);
#3302=EDGE_CURVE('',#3965,#3964,#4437,.F.);
#3303=EDGE_CURVE('',#3966,#3965,#98,.F.);
#3304=EDGE_CURVE('',#3967,#3966,#99,.F.);
#3305=EDGE_CURVE('',#3968,#3967,#4438,.F.);
#3306=EDGE_CURVE('',#3969,#3968,#4439,.F.);
#3307=EDGE_CURVE('',#3970,#3969,#100,.F.);
#3308=EDGE_CURVE('',#3971,#3970,#4440,.F.);
#3309=EDGE_CURVE('',#3972,#3971,#450,.F.);
#3310=EDGE_CURVE('',#3973,#3972,#4441,.F.);
#3311=EDGE_CURVE('',#3974,#3973,#4442,.F.);
#3312=EDGE_CURVE('',#3975,#3974,#4443,.F.);
#3313=EDGE_CURVE('',#3976,#3975,#101,.T.);
#3314=EDGE_CURVE('',#3977,#3976,#4444,.F.);
#3315=EDGE_CURVE('',#3959,#3977,#451,.F.);
#3316=EDGE_CURVE('',#3978,#3979,#452,.F.);
#3317=EDGE_CURVE('',#3980,#3978,#453,.F.);
#3318=EDGE_CURVE('',#3981,#3980,#454,.F.);
#3319=EDGE_CURVE('',#3982,#3981,#455,.F.);
#3320=EDGE_CURVE('',#3983,#3982,#456,.F.);
#3321=EDGE_CURVE('',#3984,#3983,#457,.F.);
#3322=EDGE_CURVE('',#3985,#3984,#102,.T.);
#3323=EDGE_CURVE('',#3986,#3985,#458,.F.);
#3324=EDGE_CURVE('',#3987,#3986,#459,.F.);
#3325=EDGE_CURVE('',#3988,#3987,#460,.F.);
#3326=EDGE_CURVE('',#3989,#3988,#461,.F.);
#3327=EDGE_CURVE('',#3990,#3989,#462,.F.);
#3328=EDGE_CURVE('',#3991,#3990,#463,.F.);
#3329=EDGE_CURVE('',#3992,#3991,#464,.F.);
#3330=EDGE_CURVE('',#3979,#3992,#103,.T.);
#3331=EDGE_CURVE('',#3993,#3993,#104,.F.);
#3332=EDGE_CURVE('',#3994,#3994,#105,.T.);
#3333=EDGE_CURVE('',#3995,#3996,#465,.T.);
#3334=EDGE_CURVE('',#3996,#3997,#466,.T.);
#3335=EDGE_CURVE('',#3997,#3998,#467,.T.);
#3336=EDGE_CURVE('',#3998,#3999,#468,.T.);
#3337=EDGE_CURVE('',#3999,#4000,#469,.T.);
#3338=EDGE_CURVE('',#4000,#3995,#470,.T.);
#3339=EDGE_CURVE('',#4001,#4001,#106,.F.);
#3340=EDGE_CURVE('',#4002,#4002,#107,.T.);
#3341=EDGE_CURVE('',#4003,#4003,#108,.T.);
#3342=EDGE_CURVE('',#4004,#4004,#109,.F.);
#3343=EDGE_CURVE('',#4005,#4005,#110,.F.);
#3344=EDGE_CURVE('',#4006,#4007,#471,.T.);
#3345=EDGE_CURVE('',#4007,#4008,#472,.T.);
#3346=EDGE_CURVE('',#4008,#4009,#473,.T.);
#3347=EDGE_CURVE('',#4009,#4010,#474,.T.);
#3348=EDGE_CURVE('',#4010,#4011,#475,.T.);
#3349=EDGE_CURVE('',#4011,#4006,#476,.T.);
#3350=EDGE_CURVE('',#4012,#4013,#477,.T.);
#3351=EDGE_CURVE('',#4013,#4014,#478,.T.);
#3352=EDGE_CURVE('',#4015,#4014,#479,.T.);
#3353=EDGE_CURVE('',#4015,#4012,#480,.T.);
#3354=EDGE_CURVE('',#4014,#4016,#481,.T.);
#3355=EDGE_CURVE('',#4017,#4016,#482,.T.);
#3356=EDGE_CURVE('',#4017,#4015,#483,.T.);
#3357=EDGE_CURVE('',#4016,#4018,#484,.T.);
#3358=EDGE_CURVE('',#4019,#4018,#485,.T.);
#3359=EDGE_CURVE('',#4019,#4017,#486,.T.);
#3360=EDGE_CURVE('',#4018,#4020,#487,.T.);
#3361=EDGE_CURVE('',#4021,#4020,#488,.T.);
#3362=EDGE_CURVE('',#4021,#4019,#489,.T.);
#3363=EDGE_CURVE('',#4020,#4022,#490,.T.);
#3364=EDGE_CURVE('',#4023,#4022,#491,.T.);
#3365=EDGE_CURVE('',#4023,#4021,#492,.T.);
#3366=EDGE_CURVE('',#4022,#4013,#493,.T.);
#3367=EDGE_CURVE('',#4012,#4023,#494,.T.);
#3368=EDGE_CURVE('',#4000,#4018,#495,.T.);
#3369=EDGE_CURVE('',#4020,#3999,#496,.F.);
#3370=EDGE_CURVE('',#4022,#3998,#497,.F.);
#3371=EDGE_CURVE('',#3995,#4016,#498,.T.);
#3372=EDGE_CURVE('',#4013,#3997,#499,.F.);
#3373=EDGE_CURVE('',#3996,#4014,#500,.F.);
#3374=EDGE_CURVE('',#4019,#4010,#501,.T.);
#3375=EDGE_CURVE('',#4011,#4021,#502,.F.);
#3376=EDGE_CURVE('',#4006,#4023,#503,.F.);
#3377=EDGE_CURVE('',#4017,#4009,#504,.T.);
#3378=EDGE_CURVE('',#4007,#4012,#505,.F.);
#3379=EDGE_CURVE('',#4015,#4008,#506,.F.);
#3380=EDGE_CURVE('',#4024,#3979,#507,.T.);
#3381=EDGE_CURVE('',#4024,#4025,#508,.T.);
#3382=EDGE_CURVE('',#4025,#3978,#509,.T.);
#3383=EDGE_CURVE('',#4026,#3992,#510,.T.);
#3384=EDGE_CURVE('',#4026,#4024,#111,.F.);
#3385=EDGE_CURVE('',#4027,#3991,#511,.T.);
#3386=EDGE_CURVE('',#4027,#4026,#512,.T.);
#3387=EDGE_CURVE('',#4028,#3990,#513,.T.);
#3388=EDGE_CURVE('',#4028,#4027,#514,.T.);
#3389=EDGE_CURVE('',#4029,#3989,#515,.T.);
#3390=EDGE_CURVE('',#4029,#4028,#516,.T.);
#3391=EDGE_CURVE('',#4030,#3988,#517,.T.);
#3392=EDGE_CURVE('',#4030,#4029,#518,.T.);
#3393=EDGE_CURVE('',#4031,#3987,#519,.T.);
#3394=EDGE_CURVE('',#4031,#4030,#520,.T.);
#3395=EDGE_CURVE('',#4032,#3986,#521,.T.);
#3396=EDGE_CURVE('',#4032,#4031,#522,.T.);
#3397=EDGE_CURVE('',#4033,#3985,#523,.T.);
#3398=EDGE_CURVE('',#4033,#4032,#524,.T.);
#3399=EDGE_CURVE('',#4034,#3984,#525,.T.);
#3400=EDGE_CURVE('',#4034,#4033,#112,.F.);
#3401=EDGE_CURVE('',#4035,#3983,#526,.T.);
#3402=EDGE_CURVE('',#4035,#4034,#527,.T.);
#3403=EDGE_CURVE('',#4036,#3982,#528,.T.);
#3404=EDGE_CURVE('',#4036,#4035,#529,.T.);
#3405=EDGE_CURVE('',#4037,#3981,#530,.T.);
#3406=EDGE_CURVE('',#4037,#4036,#531,.T.);
#3407=EDGE_CURVE('',#4038,#3980,#532,.T.);
#3408=EDGE_CURVE('',#4038,#4037,#533,.T.);
#3409=EDGE_CURVE('',#4025,#4038,#534,.T.);
#3410=EDGE_CURVE('',#4039,#3959,#535,.T.);
#3411=EDGE_CURVE('',#4039,#4040,#536,.T.);
#3412=EDGE_CURVE('',#4040,#3958,#537,.T.);
#3413=EDGE_CURVE('',#4041,#3977,#538,.T.);
#3414=EDGE_CURVE('',#4041,#4039,#539,.T.);
#3415=EDGE_CURVE('',#4042,#3976,#540,.T.);
#3416=EDGE_CURVE('',#4042,#4041,#4445,.T.);
#3417=EDGE_CURVE('',#4043,#3975,#541,.T.);
#3418=EDGE_CURVE('',#4043,#4042,#113,.F.);
#3419=EDGE_CURVE('',#4044,#3974,#542,.T.);
#3420=EDGE_CURVE('',#4044,#4043,#4446,.T.);
#3421=EDGE_CURVE('',#4045,#3973,#543,.T.);
#3422=EDGE_CURVE('',#4045,#4044,#4447,.T.);
#3423=EDGE_CURVE('',#4046,#3972,#544,.T.);
#3424=EDGE_CURVE('',#4046,#4045,#4448,.T.);
#3425=EDGE_CURVE('',#4047,#3971,#545,.T.);
#3426=EDGE_CURVE('',#4047,#4046,#546,.T.);
#3427=EDGE_CURVE('',#4048,#3970,#547,.T.);
#3428=EDGE_CURVE('',#4048,#4047,#4449,.T.);
#3429=EDGE_CURVE('',#4049,#3969,#548,.T.);
#3430=EDGE_CURVE('',#4049,#4048,#114,.T.);
#3431=EDGE_CURVE('',#4050,#3968,#549,.T.);
#3432=EDGE_CURVE('',#4050,#4049,#4450,.T.);
#3433=EDGE_CURVE('',#4051,#3967,#550,.T.);
#3434=EDGE_CURVE('',#4051,#4050,#4451,.T.);
#3435=EDGE_CURVE('',#4052,#3966,#551,.T.);
#3436=EDGE_CURVE('',#4052,#4051,#115,.T.);
#3437=EDGE_CURVE('',#4053,#3965,#552,.T.);
#3438=EDGE_CURVE('',#4053,#4052,#116,.T.);
#3439=EDGE_CURVE('',#4054,#3964,#553,.T.);
#3440=EDGE_CURVE('',#4054,#4053,#4452,.T.);
#3441=EDGE_CURVE('',#4055,#3963,#554,.T.);
#3442=EDGE_CURVE('',#4055,#4054,#555,.T.);
#3443=EDGE_CURVE('',#4056,#3962,#556,.T.);
#3444=EDGE_CURVE('',#4056,#4055,#557,.T.);
#3445=EDGE_CURVE('',#4057,#3961,#558,.T.);
#3446=EDGE_CURVE('',#4057,#4056,#559,.T.);
#3447=EDGE_CURVE('',#4058,#3960,#560,.T.);
#3448=EDGE_CURVE('',#4058,#4057,#561,.T.);
#3449=EDGE_CURVE('',#4040,#4058,#562,.T.);
#3450=EDGE_CURVE('',#4059,#3955,#563,.T.);
#3451=EDGE_CURVE('',#4059,#4060,#564,.T.);
#3452=EDGE_CURVE('',#4060,#3954,#565,.T.);
#3453=EDGE_CURVE('',#4061,#3957,#566,.T.);
#3454=EDGE_CURVE('',#4061,#4059,#567,.T.);
#3455=EDGE_CURVE('',#4062,#3956,#568,.T.);
#3456=EDGE_CURVE('',#4062,#4061,#569,.T.);
#3457=EDGE_CURVE('',#4060,#4062,#570,.T.);
#3458=EDGE_CURVE('',#4063,#3940,#571,.T.);
#3459=EDGE_CURVE('',#4063,#4064,#4453,.T.);
#3460=EDGE_CURVE('',#4064,#3939,#572,.T.);
#3461=EDGE_CURVE('',#4065,#3953,#573,.T.);
#3462=EDGE_CURVE('',#4065,#4063,#4454,.T.);
#3463=EDGE_CURVE('',#4066,#3952,#574,.T.);
#3464=EDGE_CURVE('',#4066,#4065,#117,.F.);
#3465=EDGE_CURVE('',#4067,#3951,#575,.T.);
#3466=EDGE_CURVE('',#4067,#4066,#4455,.T.);
#3467=EDGE_CURVE('',#4068,#3950,#576,.T.);
#3468=EDGE_CURVE('',#4068,#4067,#4456,.T.);
#3469=EDGE_CURVE('',#4069,#3949,#577,.T.);
#3470=EDGE_CURVE('',#4069,#4068,#4457,.T.);
#3471=EDGE_CURVE('',#4070,#3948,#578,.T.);
#3472=EDGE_CURVE('',#4070,#4069,#4458,.T.);
#3473=EDGE_CURVE('',#4071,#3947,#579,.T.);
#3474=EDGE_CURVE('',#4071,#4070,#580,.T.);
#3475=EDGE_CURVE('',#4072,#3946,#581,.T.);
#3476=EDGE_CURVE('',#4072,#4071,#4459,.T.);
#3477=EDGE_CURVE('',#4073,#3945,#582,.T.);
#3478=EDGE_CURVE('',#4073,#4072,#4460,.T.);
#3479=EDGE_CURVE('',#4074,#3944,#583,.T.);
#3480=EDGE_CURVE('',#4074,#4073,#4461,.T.);
#3481=EDGE_CURVE('',#4075,#3943,#584,.T.);
#3482=EDGE_CURVE('',#4075,#4074,#4462,.T.);
#3483=EDGE_CURVE('',#4076,#3942,#585,.T.);
#3484=EDGE_CURVE('',#4076,#4075,#4463,.T.);
#3485=EDGE_CURVE('',#4077,#3941,#586,.T.);
#3486=EDGE_CURVE('',#4077,#4076,#118,.T.);
#3487=EDGE_CURVE('',#4064,#4077,#587,.T.);
#3488=EDGE_CURVE('',#4078,#3928,#588,.T.);
#3489=EDGE_CURVE('',#4078,#4079,#589,.T.);
#3490=EDGE_CURVE('',#4079,#3927,#590,.T.);
#3491=EDGE_CURVE('',#4080,#3938,#591,.T.);
#3492=EDGE_CURVE('',#4080,#4078,#592,.T.);
#3493=EDGE_CURVE('',#4081,#3937,#593,.T.);
#3494=EDGE_CURVE('',#4081,#4080,#594,.T.);
#3495=EDGE_CURVE('',#4082,#3936,#595,.T.);
#3496=EDGE_CURVE('',#4082,#4081,#596,.T.);
#3497=EDGE_CURVE('',#4083,#3935,#597,.T.);
#3498=EDGE_CURVE('',#4083,#4082,#598,.T.);
#3499=EDGE_CURVE('',#4084,#3934,#599,.T.);
#3500=EDGE_CURVE('',#4084,#4083,#600,.T.);
#3501=EDGE_CURVE('',#4085,#3933,#601,.T.);
#3502=EDGE_CURVE('',#4085,#4084,#602,.T.);
#3503=EDGE_CURVE('',#4086,#3932,#603,.T.);
#3504=EDGE_CURVE('',#4086,#4085,#604,.T.);
#3505=EDGE_CURVE('',#4087,#3931,#605,.T.);
#3506=EDGE_CURVE('',#4087,#4086,#606,.T.);
#3507=EDGE_CURVE('',#4088,#3930,#607,.T.);
#3508=EDGE_CURVE('',#4088,#4087,#608,.T.);
#3509=EDGE_CURVE('',#4089,#3929,#609,.T.);
#3510=EDGE_CURVE('',#4089,#4088,#610,.T.);
#3511=EDGE_CURVE('',#4079,#4089,#611,.T.);
#3512=EDGE_CURVE('',#4090,#3908,#612,.T.);
#3513=EDGE_CURVE('',#4090,#4091,#613,.T.);
#3514=EDGE_CURVE('',#4091,#3907,#614,.T.);
#3515=EDGE_CURVE('',#4092,#3926,#615,.T.);
#3516=EDGE_CURVE('',#4092,#4090,#616,.T.);
#3517=EDGE_CURVE('',#4093,#3925,#617,.T.);
#3518=EDGE_CURVE('',#4093,#4092,#4464,.T.);
#3519=EDGE_CURVE('',#4094,#3924,#618,.T.);
#3520=EDGE_CURVE('',#4094,#4093,#119,.F.);
#3521=EDGE_CURVE('',#4095,#3923,#619,.T.);
#3522=EDGE_CURVE('',#4095,#4094,#4465,.T.);
#3523=EDGE_CURVE('',#4096,#3922,#620,.T.);
#3524=EDGE_CURVE('',#4096,#4095,#4466,.T.);
#3525=EDGE_CURVE('',#4097,#3921,#621,.T.);
#3526=EDGE_CURVE('',#4097,#4096,#4467,.T.);
#3527=EDGE_CURVE('',#4098,#3920,#622,.T.);
#3528=EDGE_CURVE('',#4098,#4097,#623,.T.);
#3529=EDGE_CURVE('',#4099,#3919,#624,.T.);
#3530=EDGE_CURVE('',#4099,#4098,#4468,.T.);
#3531=EDGE_CURVE('',#4100,#3918,#625,.T.);
#3532=EDGE_CURVE('',#4100,#4099,#120,.T.);
#3533=EDGE_CURVE('',#4101,#3917,#626,.T.);
#3534=EDGE_CURVE('',#4101,#4100,#4469,.T.);
#3535=EDGE_CURVE('',#4102,#3916,#627,.T.);
#3536=EDGE_CURVE('',#4102,#4101,#4470,.T.);
#3537=EDGE_CURVE('',#4103,#3915,#628,.T.);
#3538=EDGE_CURVE('',#4103,#4102,#121,.T.);
#3539=EDGE_CURVE('',#4104,#3914,#629,.T.);
#3540=EDGE_CURVE('',#4104,#4103,#122,.T.);
#3541=EDGE_CURVE('',#4105,#3913,#630,.T.);
#3542=EDGE_CURVE('',#4105,#4104,#4471,.T.);
#3543=EDGE_CURVE('',#4106,#3912,#631,.T.);
#3544=EDGE_CURVE('',#4106,#4105,#632,.T.);
#3545=EDGE_CURVE('',#4107,#3911,#633,.T.);
#3546=EDGE_CURVE('',#4107,#4106,#634,.T.);
#3547=EDGE_CURVE('',#4108,#3910,#635,.T.);
#3548=EDGE_CURVE('',#4108,#4107,#636,.T.);
#3549=EDGE_CURVE('',#4109,#3909,#637,.T.);
#3550=EDGE_CURVE('',#4109,#4108,#638,.T.);
#3551=EDGE_CURVE('',#4091,#4109,#639,.T.);
#3552=VERTEX_POINT('',#7014);
#3553=VERTEX_POINT('',#7015);
#3554=VERTEX_POINT('',#7017);
#3555=VERTEX_POINT('',#7022);
#3556=VERTEX_POINT('',#7029);
#3557=VERTEX_POINT('',#7034);
#3558=VERTEX_POINT('',#7041);
#3559=VERTEX_POINT('',#7046);
#3560=VERTEX_POINT('',#7054);
#3561=VERTEX_POINT('',#7060);
#3562=VERTEX_POINT('',#7064);
#3563=VERTEX_POINT('',#7065);
#3564=VERTEX_POINT('',#7070);
#3565=VERTEX_POINT('',#7072);
#3566=VERTEX_POINT('',#7079);
#3567=VERTEX_POINT('',#7080);
#3568=VERTEX_POINT('',#7103);
#3569=VERTEX_POINT('',#7104);
#3570=VERTEX_POINT('',#7106);
#3571=VERTEX_POINT('',#7111);
#3572=VERTEX_POINT('',#7118);
#3573=VERTEX_POINT('',#7123);
#3574=VERTEX_POINT('',#7130);
#3575=VERTEX_POINT('',#7135);
#3576=VERTEX_POINT('',#7143);
#3577=VERTEX_POINT('',#7149);
#3578=VERTEX_POINT('',#7153);
#3579=VERTEX_POINT('',#7154);
#3580=VERTEX_POINT('',#7159);
#3581=VERTEX_POINT('',#7161);
#3582=VERTEX_POINT('',#7168);
#3583=VERTEX_POINT('',#7169);
#3584=VERTEX_POINT('',#7195);
#3585=VERTEX_POINT('',#7196);
#3586=VERTEX_POINT('',#7198);
#3587=VERTEX_POINT('',#7203);
#3588=VERTEX_POINT('',#7210);
#3589=VERTEX_POINT('',#7215);
#3590=VERTEX_POINT('',#7222);
#3591=VERTEX_POINT('',#7227);
#3592=VERTEX_POINT('',#7235);
#3593=VERTEX_POINT('',#7241);
#3594=VERTEX_POINT('',#7245);
#3595=VERTEX_POINT('',#7246);
#3596=VERTEX_POINT('',#7251);
#3597=VERTEX_POINT('',#7253);
#3598=VERTEX_POINT('',#7260);
#3599=VERTEX_POINT('',#7261);
#3600=VERTEX_POINT('',#7287);
#3601=VERTEX_POINT('',#7288);
#3602=VERTEX_POINT('',#7290);
#3603=VERTEX_POINT('',#7295);
#3604=VERTEX_POINT('',#7302);
#3605=VERTEX_POINT('',#7307);
#3606=VERTEX_POINT('',#7314);
#3607=VERTEX_POINT('',#7319);
#3608=VERTEX_POINT('',#7327);
#3609=VERTEX_POINT('',#7333);
#3610=VERTEX_POINT('',#7337);
#3611=VERTEX_POINT('',#7338);
#3612=VERTEX_POINT('',#7343);
#3613=VERTEX_POINT('',#7345);
#3614=VERTEX_POINT('',#7352);
#3615=VERTEX_POINT('',#7353);
#3616=VERTEX_POINT('',#7379);
#3617=VERTEX_POINT('',#7380);
#3618=VERTEX_POINT('',#7382);
#3619=VERTEX_POINT('',#7387);
#3620=VERTEX_POINT('',#7394);
#3621=VERTEX_POINT('',#7399);
#3622=VERTEX_POINT('',#7406);
#3623=VERTEX_POINT('',#7411);
#3624=VERTEX_POINT('',#7419);
#3625=VERTEX_POINT('',#7425);
#3626=VERTEX_POINT('',#7429);
#3627=VERTEX_POINT('',#7430);
#3628=VERTEX_POINT('',#7435);
#3629=VERTEX_POINT('',#7437);
#3630=VERTEX_POINT('',#7444);
#3631=VERTEX_POINT('',#7445);
#3632=VERTEX_POINT('',#7471);
#3633=VERTEX_POINT('',#7472);
#3634=VERTEX_POINT('',#7474);
#3635=VERTEX_POINT('',#7479);
#3636=VERTEX_POINT('',#7486);
#3637=VERTEX_POINT('',#7491);
#3638=VERTEX_POINT('',#7498);
#3639=VERTEX_POINT('',#7503);
#3640=VERTEX_POINT('',#7511);
#3641=VERTEX_POINT('',#7517);
#3642=VERTEX_POINT('',#7521);
#3643=VERTEX_POINT('',#7522);
#3644=VERTEX_POINT('',#7527);
#3645=VERTEX_POINT('',#7529);
#3646=VERTEX_POINT('',#7536);
#3647=VERTEX_POINT('',#7537);
#3648=VERTEX_POINT('',#7563);
#3649=VERTEX_POINT('',#7564);
#3650=VERTEX_POINT('',#7566);
#3651=VERTEX_POINT('',#7571);
#3652=VERTEX_POINT('',#7578);
#3653=VERTEX_POINT('',#7583);
#3654=VERTEX_POINT('',#7590);
#3655=VERTEX_POINT('',#7595);
#3656=VERTEX_POINT('',#7603);
#3657=VERTEX_POINT('',#7609);
#3658=VERTEX_POINT('',#7613);
#3659=VERTEX_POINT('',#7614);
#3660=VERTEX_POINT('',#7619);
#3661=VERTEX_POINT('',#7621);
#3662=VERTEX_POINT('',#7628);
#3663=VERTEX_POINT('',#7629);
#3664=VERTEX_POINT('',#7655);
#3665=VERTEX_POINT('',#7656);
#3666=VERTEX_POINT('',#7658);
#3667=VERTEX_POINT('',#7663);
#3668=VERTEX_POINT('',#7670);
#3669=VERTEX_POINT('',#7675);
#3670=VERTEX_POINT('',#7682);
#3671=VERTEX_POINT('',#7687);
#3672=VERTEX_POINT('',#7695);
#3673=VERTEX_POINT('',#7701);
#3674=VERTEX_POINT('',#7705);
#3675=VERTEX_POINT('',#7706);
#3676=VERTEX_POINT('',#7711);
#3677=VERTEX_POINT('',#7713);
#3678=VERTEX_POINT('',#7720);
#3679=VERTEX_POINT('',#7721);
#3680=VERTEX_POINT('',#7747);
#3681=VERTEX_POINT('',#7748);
#3682=VERTEX_POINT('',#7750);
#3683=VERTEX_POINT('',#7755);
#3684=VERTEX_POINT('',#7762);
#3685=VERTEX_POINT('',#7767);
#3686=VERTEX_POINT('',#7774);
#3687=VERTEX_POINT('',#7779);
#3688=VERTEX_POINT('',#7787);
#3689=VERTEX_POINT('',#7793);
#3690=VERTEX_POINT('',#7797);
#3691=VERTEX_POINT('',#7798);
#3692=VERTEX_POINT('',#7803);
#3693=VERTEX_POINT('',#7805);
#3694=VERTEX_POINT('',#7812);
#3695=VERTEX_POINT('',#7813);
#3696=VERTEX_POINT('',#7839);
#3697=VERTEX_POINT('',#7840);
#3698=VERTEX_POINT('',#7842);
#3699=VERTEX_POINT('',#7847);
#3700=VERTEX_POINT('',#7854);
#3701=VERTEX_POINT('',#7859);
#3702=VERTEX_POINT('',#7866);
#3703=VERTEX_POINT('',#7871);
#3704=VERTEX_POINT('',#7879);
#3705=VERTEX_POINT('',#7885);
#3706=VERTEX_POINT('',#7889);
#3707=VERTEX_POINT('',#7890);
#3708=VERTEX_POINT('',#7895);
#3709=VERTEX_POINT('',#7897);
#3710=VERTEX_POINT('',#7904);
#3711=VERTEX_POINT('',#7905);
#3712=VERTEX_POINT('',#7931);
#3713=VERTEX_POINT('',#7932);
#3714=VERTEX_POINT('',#7934);
#3715=VERTEX_POINT('',#7939);
#3716=VERTEX_POINT('',#7946);
#3717=VERTEX_POINT('',#7951);
#3718=VERTEX_POINT('',#7958);
#3719=VERTEX_POINT('',#7963);
#3720=VERTEX_POINT('',#7971);
#3721=VERTEX_POINT('',#7977);
#3722=VERTEX_POINT('',#7981);
#3723=VERTEX_POINT('',#7982);
#3724=VERTEX_POINT('',#7987);
#3725=VERTEX_POINT('',#7989);
#3726=VERTEX_POINT('',#7996);
#3727=VERTEX_POINT('',#7997);
#3728=VERTEX_POINT('',#8023);
#3729=VERTEX_POINT('',#8024);
#3730=VERTEX_POINT('',#8026);
#3731=VERTEX_POINT('',#8031);
#3732=VERTEX_POINT('',#8038);
#3733=VERTEX_POINT('',#8043);
#3734=VERTEX_POINT('',#8050);
#3735=VERTEX_POINT('',#8055);
#3736=VERTEX_POINT('',#8063);
#3737=VERTEX_POINT('',#8069);
#3738=VERTEX_POINT('',#8073);
#3739=VERTEX_POINT('',#8074);
#3740=VERTEX_POINT('',#8079);
#3741=VERTEX_POINT('',#8081);
#3742=VERTEX_POINT('',#8088);
#3743=VERTEX_POINT('',#8089);
#3744=VERTEX_POINT('',#8115);
#3745=VERTEX_POINT('',#8116);
#3746=VERTEX_POINT('',#8118);
#3747=VERTEX_POINT('',#8123);
#3748=VERTEX_POINT('',#8130);
#3749=VERTEX_POINT('',#8135);
#3750=VERTEX_POINT('',#8142);
#3751=VERTEX_POINT('',#8147);
#3752=VERTEX_POINT('',#8155);
#3753=VERTEX_POINT('',#8161);
#3754=VERTEX_POINT('',#8165);
#3755=VERTEX_POINT('',#8166);
#3756=VERTEX_POINT('',#8171);
#3757=VERTEX_POINT('',#8173);
#3758=VERTEX_POINT('',#8180);
#3759=VERTEX_POINT('',#8181);
#3760=VERTEX_POINT('',#8207);
#3761=VERTEX_POINT('',#8208);
#3762=VERTEX_POINT('',#8210);
#3763=VERTEX_POINT('',#8215);
#3764=VERTEX_POINT('',#8222);
#3765=VERTEX_POINT('',#8227);
#3766=VERTEX_POINT('',#8234);
#3767=VERTEX_POINT('',#8239);
#3768=VERTEX_POINT('',#8247);
#3769=VERTEX_POINT('',#8253);
#3770=VERTEX_POINT('',#8257);
#3771=VERTEX_POINT('',#8258);
#3772=VERTEX_POINT('',#8263);
#3773=VERTEX_POINT('',#8265);
#3774=VERTEX_POINT('',#8272);
#3775=VERTEX_POINT('',#8273);
#3776=VERTEX_POINT('',#8299);
#3777=VERTEX_POINT('',#8300);
#3778=VERTEX_POINT('',#8302);
#3779=VERTEX_POINT('',#8307);
#3780=VERTEX_POINT('',#8314);
#3781=VERTEX_POINT('',#8319);
#3782=VERTEX_POINT('',#8326);
#3783=VERTEX_POINT('',#8331);
#3784=VERTEX_POINT('',#8339);
#3785=VERTEX_POINT('',#8345);
#3786=VERTEX_POINT('',#8349);
#3787=VERTEX_POINT('',#8350);
#3788=VERTEX_POINT('',#8355);
#3789=VERTEX_POINT('',#8357);
#3790=VERTEX_POINT('',#8364);
#3791=VERTEX_POINT('',#8365);
#3792=VERTEX_POINT('',#8391);
#3793=VERTEX_POINT('',#8392);
#3794=VERTEX_POINT('',#8394);
#3795=VERTEX_POINT('',#8399);
#3796=VERTEX_POINT('',#8406);
#3797=VERTEX_POINT('',#8411);
#3798=VERTEX_POINT('',#8418);
#3799=VERTEX_POINT('',#8423);
#3800=VERTEX_POINT('',#8431);
#3801=VERTEX_POINT('',#8437);
#3802=VERTEX_POINT('',#8441);
#3803=VERTEX_POINT('',#8442);
#3804=VERTEX_POINT('',#8447);
#3805=VERTEX_POINT('',#8449);
#3806=VERTEX_POINT('',#8456);
#3807=VERTEX_POINT('',#8457);
#3808=VERTEX_POINT('',#8483);
#3809=VERTEX_POINT('',#8484);
#3810=VERTEX_POINT('',#8486);
#3811=VERTEX_POINT('',#8491);
#3812=VERTEX_POINT('',#8498);
#3813=VERTEX_POINT('',#8503);
#3814=VERTEX_POINT('',#8510);
#3815=VERTEX_POINT('',#8515);
#3816=VERTEX_POINT('',#8523);
#3817=VERTEX_POINT('',#8529);
#3818=VERTEX_POINT('',#8533);
#3819=VERTEX_POINT('',#8534);
#3820=VERTEX_POINT('',#8539);
#3821=VERTEX_POINT('',#8541);
#3822=VERTEX_POINT('',#8548);
#3823=VERTEX_POINT('',#8549);
#3824=VERTEX_POINT('',#8575);
#3825=VERTEX_POINT('',#8576);
#3826=VERTEX_POINT('',#8578);
#3827=VERTEX_POINT('',#8583);
#3828=VERTEX_POINT('',#8590);
#3829=VERTEX_POINT('',#8595);
#3830=VERTEX_POINT('',#8602);
#3831=VERTEX_POINT('',#8607);
#3832=VERTEX_POINT('',#8615);
#3833=VERTEX_POINT('',#8621);
#3834=VERTEX_POINT('',#8625);
#3835=VERTEX_POINT('',#8626);
#3836=VERTEX_POINT('',#8631);
#3837=VERTEX_POINT('',#8633);
#3838=VERTEX_POINT('',#8640);
#3839=VERTEX_POINT('',#8641);
#3840=VERTEX_POINT('',#8667);
#3841=VERTEX_POINT('',#8668);
#3842=VERTEX_POINT('',#8670);
#3843=VERTEX_POINT('',#8675);
#3844=VERTEX_POINT('',#8682);
#3845=VERTEX_POINT('',#8687);
#3846=VERTEX_POINT('',#8694);
#3847=VERTEX_POINT('',#8699);
#3848=VERTEX_POINT('',#8707);
#3849=VERTEX_POINT('',#8713);
#3850=VERTEX_POINT('',#8717);
#3851=VERTEX_POINT('',#8718);
#3852=VERTEX_POINT('',#8723);
#3853=VERTEX_POINT('',#8725);
#3854=VERTEX_POINT('',#8732);
#3855=VERTEX_POINT('',#8733);
#3856=VERTEX_POINT('',#8759);
#3857=VERTEX_POINT('',#8760);
#3858=VERTEX_POINT('',#8762);
#3859=VERTEX_POINT('',#8767);
#3860=VERTEX_POINT('',#8774);
#3861=VERTEX_POINT('',#8779);
#3862=VERTEX_POINT('',#8786);
#3863=VERTEX_POINT('',#8791);
#3864=VERTEX_POINT('',#8799);
#3865=VERTEX_POINT('',#8805);
#3866=VERTEX_POINT('',#8809);
#3867=VERTEX_POINT('',#8810);
#3868=VERTEX_POINT('',#8815);
#3869=VERTEX_POINT('',#8817);
#3870=VERTEX_POINT('',#8824);
#3871=VERTEX_POINT('',#8825);
#3872=VERTEX_POINT('',#8851);
#3873=VERTEX_POINT('',#8852);
#3874=VERTEX_POINT('',#8854);
#3875=VERTEX_POINT('',#8859);
#3876=VERTEX_POINT('',#8866);
#3877=VERTEX_POINT('',#8871);
#3878=VERTEX_POINT('',#8878);
#3879=VERTEX_POINT('',#8883);
#3880=VERTEX_POINT('',#8891);
#3881=VERTEX_POINT('',#8897);
#3882=VERTEX_POINT('',#8901);
#3883=VERTEX_POINT('',#8902);
#3884=VERTEX_POINT('',#8907);
#3885=VERTEX_POINT('',#8909);
#3886=VERTEX_POINT('',#8916);
#3887=VERTEX_POINT('',#8917);
#3888=VERTEX_POINT('',#8943);
#3889=VERTEX_POINT('',#8944);
#3890=VERTEX_POINT('',#8946);
#3891=VERTEX_POINT('',#8951);
#3892=VERTEX_POINT('',#8958);
#3893=VERTEX_POINT('',#8963);
#3894=VERTEX_POINT('',#8970);
#3895=VERTEX_POINT('',#8975);
#3896=VERTEX_POINT('',#8983);
#3897=VERTEX_POINT('',#8989);
#3898=VERTEX_POINT('',#8993);
#3899=VERTEX_POINT('',#8994);
#3900=VERTEX_POINT('',#8999);
#3901=VERTEX_POINT('',#9001);
#3902=VERTEX_POINT('',#9008);
#3903=VERTEX_POINT('',#9009);
#3904=VERTEX_POINT('',#9035);
#3905=VERTEX_POINT('',#9038);
#3906=VERTEX_POINT('',#9041);
#3907=VERTEX_POINT('',#9044);
#3908=VERTEX_POINT('',#9045);
#3909=VERTEX_POINT('',#9047);
#3910=VERTEX_POINT('',#9049);
#3911=VERTEX_POINT('',#9051);
#3912=VERTEX_POINT('',#9053);
#3913=VERTEX_POINT('',#9055);
#3914=VERTEX_POINT('',#9059);
#3915=VERTEX_POINT('',#9061);
#3916=VERTEX_POINT('',#9063);
#3917=VERTEX_POINT('',#9067);
#3918=VERTEX_POINT('',#9071);
#3919=VERTEX_POINT('',#9073);
#3920=VERTEX_POINT('',#9077);
#3921=VERTEX_POINT('',#9079);
#3922=VERTEX_POINT('',#9083);
#3923=VERTEX_POINT('',#9087);
#3924=VERTEX_POINT('',#9091);
#3925=VERTEX_POINT('',#9093);
#3926=VERTEX_POINT('',#9097);
#3927=VERTEX_POINT('',#9100);
#3928=VERTEX_POINT('',#9101);
#3929=VERTEX_POINT('',#9103);
#3930=VERTEX_POINT('',#9105);
#3931=VERTEX_POINT('',#9107);
#3932=VERTEX_POINT('',#9109);
#3933=VERTEX_POINT('',#9111);
#3934=VERTEX_POINT('',#9113);
#3935=VERTEX_POINT('',#9115);
#3936=VERTEX_POINT('',#9117);
#3937=VERTEX_POINT('',#9119);
#3938=VERTEX_POINT('',#9121);
#3939=VERTEX_POINT('',#9126);
#3940=VERTEX_POINT('',#9127);
#3941=VERTEX_POINT('',#9129);
#3942=VERTEX_POINT('',#9131);
#3943=VERTEX_POINT('',#9135);
#3944=VERTEX_POINT('',#9139);
#3945=VERTEX_POINT('',#9143);
#3946=VERTEX_POINT('',#9147);
#3947=VERTEX_POINT('',#9151);
#3948=VERTEX_POINT('',#9153);
#3949=VERTEX_POINT('',#9157);
#3950=VERTEX_POINT('',#9161);
#3951=VERTEX_POINT('',#9165);
#3952=VERTEX_POINT('',#9169);
#3953=VERTEX_POINT('',#9171);
#3954=VERTEX_POINT('',#9176);
#3955=VERTEX_POINT('',#9177);
#3956=VERTEX_POINT('',#9179);
#3957=VERTEX_POINT('',#9181);
#3958=VERTEX_POINT('',#9184);
#3959=VERTEX_POINT('',#9185);
#3960=VERTEX_POINT('',#9187);
#3961=VERTEX_POINT('',#9189);
#3962=VERTEX_POINT('',#9191);
#3963=VERTEX_POINT('',#9193);
#3964=VERTEX_POINT('',#9195);
#3965=VERTEX_POINT('',#9199);
#3966=VERTEX_POINT('',#9201);
#3967=VERTEX_POINT('',#9203);
#3968=VERTEX_POINT('',#9207);
#3969=VERTEX_POINT('',#9211);
#3970=VERTEX_POINT('',#9213);
#3971=VERTEX_POINT('',#9217);
#3972=VERTEX_POINT('',#9219);
#3973=VERTEX_POINT('',#9223);
#3974=VERTEX_POINT('',#9227);
#3975=VERTEX_POINT('',#9231);
#3976=VERTEX_POINT('',#9233);
#3977=VERTEX_POINT('',#9237);
#3978=VERTEX_POINT('',#9240);
#3979=VERTEX_POINT('',#9241);
#3980=VERTEX_POINT('',#9243);
#3981=VERTEX_POINT('',#9245);
#3982=VERTEX_POINT('',#9247);
#3983=VERTEX_POINT('',#9249);
#3984=VERTEX_POINT('',#9251);
#3985=VERTEX_POINT('',#9253);
#3986=VERTEX_POINT('',#9255);
#3987=VERTEX_POINT('',#9257);
#3988=VERTEX_POINT('',#9259);
#3989=VERTEX_POINT('',#9261);
#3990=VERTEX_POINT('',#9263);
#3991=VERTEX_POINT('',#9265);
#3992=VERTEX_POINT('',#9267);
#3993=VERTEX_POINT('',#9270);
#3994=VERTEX_POINT('',#9273);
#3995=VERTEX_POINT('',#9275);
#3996=VERTEX_POINT('',#9276);
#3997=VERTEX_POINT('',#9278);
#3998=VERTEX_POINT('',#9280);
#3999=VERTEX_POINT('',#9282);
#4000=VERTEX_POINT('',#9284);
#4001=VERTEX_POINT('',#9288);
#4002=VERTEX_POINT('',#9290);
#4003=VERTEX_POINT('',#9293);
#4004=VERTEX_POINT('',#9295);
#4005=VERTEX_POINT('',#9298);
#4006=VERTEX_POINT('',#9300);
#4007=VERTEX_POINT('',#9301);
#4008=VERTEX_POINT('',#9303);
#4009=VERTEX_POINT('',#9305);
#4010=VERTEX_POINT('',#9307);
#4011=VERTEX_POINT('',#9309);
#4012=VERTEX_POINT('',#9313);
#4013=VERTEX_POINT('',#9314);
#4014=VERTEX_POINT('',#9316);
#4015=VERTEX_POINT('',#9318);
#4016=VERTEX_POINT('',#9322);
#4017=VERTEX_POINT('',#9324);
#4018=VERTEX_POINT('',#9328);
#4019=VERTEX_POINT('',#9330);
#4020=VERTEX_POINT('',#9334);
#4021=VERTEX_POINT('',#9336);
#4022=VERTEX_POINT('',#9340);
#4023=VERTEX_POINT('',#9342);
#4024=VERTEX_POINT('',#9377);
#4025=VERTEX_POINT('',#9379);
#4026=VERTEX_POINT('',#9383);
#4027=VERTEX_POINT('',#9387);
#4028=VERTEX_POINT('',#9391);
#4029=VERTEX_POINT('',#9395);
#4030=VERTEX_POINT('',#9399);
#4031=VERTEX_POINT('',#9403);
#4032=VERTEX_POINT('',#9407);
#4033=VERTEX_POINT('',#9411);
#4034=VERTEX_POINT('',#9415);
#4035=VERTEX_POINT('',#9419);
#4036=VERTEX_POINT('',#9423);
#4037=VERTEX_POINT('',#9427);
#4038=VERTEX_POINT('',#9431);
#4039=VERTEX_POINT('',#9438);
#4040=VERTEX_POINT('',#9440);
#4041=VERTEX_POINT('',#9444);
#4042=VERTEX_POINT('',#9455);
#4043=VERTEX_POINT('',#9461);
#4044=VERTEX_POINT('',#9472);
#4045=VERTEX_POINT('',#9485);
#4046=VERTEX_POINT('',#9498);
#4047=VERTEX_POINT('',#9504);
#4048=VERTEX_POINT('',#9515);
#4049=VERTEX_POINT('',#9521);
#4050=VERTEX_POINT('',#9532);
#4051=VERTEX_POINT('',#9545);
#4052=VERTEX_POINT('',#9551);
#4053=VERTEX_POINT('',#9555);
#4054=VERTEX_POINT('',#9566);
#4055=VERTEX_POINT('',#9572);
#4056=VERTEX_POINT('',#9576);
#4057=VERTEX_POINT('',#9580);
#4058=VERTEX_POINT('',#9584);
#4059=VERTEX_POINT('',#9591);
#4060=VERTEX_POINT('',#9593);
#4061=VERTEX_POINT('',#9597);
#4062=VERTEX_POINT('',#9601);
#4063=VERTEX_POINT('',#9615);
#4064=VERTEX_POINT('',#9619);
#4065=VERTEX_POINT('',#9630);
#4066=VERTEX_POINT('',#9636);
#4067=VERTEX_POINT('',#9647);
#4068=VERTEX_POINT('',#9660);
#4069=VERTEX_POINT('',#9673);
#4070=VERTEX_POINT('',#9686);
#4071=VERTEX_POINT('',#9692);
#4072=VERTEX_POINT('',#9703);
#4073=VERTEX_POINT('',#9716);
#4074=VERTEX_POINT('',#9729);
#4075=VERTEX_POINT('',#9742);
#4076=VERTEX_POINT('',#9755);
#4077=VERTEX_POINT('',#9761);
#4078=VERTEX_POINT('',#9768);
#4079=VERTEX_POINT('',#9770);
#4080=VERTEX_POINT('',#9774);
#4081=VERTEX_POINT('',#9778);
#4082=VERTEX_POINT('',#9782);
#4083=VERTEX_POINT('',#9786);
#4084=VERTEX_POINT('',#9790);
#4085=VERTEX_POINT('',#9794);
#4086=VERTEX_POINT('',#9798);
#4087=VERTEX_POINT('',#9802);
#4088=VERTEX_POINT('',#9806);
#4089=VERTEX_POINT('',#9810);
#4090=VERTEX_POINT('',#9817);
#4091=VERTEX_POINT('',#9819);
#4092=VERTEX_POINT('',#9823);
#4093=VERTEX_POINT('',#9834);
#4094=VERTEX_POINT('',#9840);
#4095=VERTEX_POINT('',#9851);
#4096=VERTEX_POINT('',#9864);
#4097=VERTEX_POINT('',#9877);
#4098=VERTEX_POINT('',#9883);
#4099=VERTEX_POINT('',#9894);
#4100=VERTEX_POINT('',#9900);
#4101=VERTEX_POINT('',#9911);
#4102=VERTEX_POINT('',#9924);
#4103=VERTEX_POINT('',#9930);
#4104=VERTEX_POINT('',#9934);
#4105=VERTEX_POINT('',#9945);
#4106=VERTEX_POINT('',#9951);
#4107=VERTEX_POINT('',#9955);
#4108=VERTEX_POINT('',#9959);
#4109=VERTEX_POINT('',#9963);
#4110=B_SPLINE_CURVE_WITH_KNOTS('',3,(#7010,#7011,#7012,#7013),
 .UNSPECIFIED.,.F.,.F.,(4,4),(2.47923255583962E-7,0.00145485194248227),
 .UNSPECIFIED.);
#4111=B_SPLINE_CURVE_WITH_KNOTS('',3,(#7018,#7019,#7020,#7021),
 .UNSPECIFIED.,.F.,.F.,(4,4),(2.47923255587247E-7,0.00145485194248227),
 .UNSPECIFIED.);
#4112=B_SPLINE_CURVE_WITH_KNOTS('',3,(#7025,#7026,#7027,#7028),
 .UNSPECIFIED.,.F.,.F.,(4,4),(2.03952942473245E-7,0.000427796375561043),
 .UNSPECIFIED.);
#4113=B_SPLINE_CURVE_WITH_KNOTS('',3,(#7030,#7031,#7032,#7033),
 .UNSPECIFIED.,.F.,.F.,(4,4),(2.03952942473281E-7,0.000427796375561043),
 .UNSPECIFIED.);
#4114=B_SPLINE_CURVE_WITH_KNOTS('',3,(#7037,#7038,#7039,#7040),
 .UNSPECIFIED.,.F.,.F.,(4,4),(2.02260189472286E-7,0.00118080724252047),
 .UNSPECIFIED.);
#4115=B_SPLINE_CURVE_WITH_KNOTS('',3,(#7042,#7043,#7044,#7045),
 .UNSPECIFIED.,.F.,.F.,(4,4),(2.02260189472303E-7,0.00118080724252047),
 .UNSPECIFIED.);
#4116=B_SPLINE_CURVE_WITH_KNOTS('',3,(#7049,#7050,#7051,#7052,#7053),
 .UNSPECIFIED.,.F.,.F.,(4,1,4),(2.14031091353441E-7,0.00154009191949769,
0.00307996980790402),.UNSPECIFIED.);
#4117=B_SPLINE_CURVE_WITH_KNOTS('',3,(#7055,#7056,#7057,#7058,#7059),
 .UNSPECIFIED.,.F.,.F.,(4,1,4),(2.14031091353448E-7,0.00154009191949769,
0.00307996980790402),.UNSPECIFIED.);
#4118=B_SPLINE_CURVE_WITH_KNOTS('',3,(#7066,#7067,#7068,#7069),
 .UNSPECIFIED.,.F.,.F.,(4,4),(2.5971439168436E-7,0.000427852137010252),
 .UNSPECIFIED.);
#4119=B_SPLINE_CURVE_WITH_KNOTS('',3,(#7073,#7074,#7075,#7076),
 .UNSPECIFIED.,.F.,.F.,(4,4),(2.59714391684396E-7,0.000427852137010252),
 .UNSPECIFIED.);
#4120=B_SPLINE_CURVE_WITH_KNOTS('',3,(#7081,#7082,#7083,#7084),
 .UNSPECIFIED.,.F.,.F.,(4,4),(2.12075053252336E-7,0.00145481627069878),
 .UNSPECIFIED.);
#4121=B_SPLINE_CURVE_WITH_KNOTS('',3,(#7085,#7086,#7087,#7088),
 .UNSPECIFIED.,.F.,.F.,(4,4),(2.12075053252321E-7,0.00145481627069878),
 .UNSPECIFIED.);
#4122=B_SPLINE_CURVE_WITH_KNOTS('',3,(#7090,#7091,#7092,#7093),
 .UNSPECIFIED.,.F.,.F.,(4,4),(2.5871120241409E-7,0.00118086369353398),
 .UNSPECIFIED.);
#4123=B_SPLINE_CURVE_WITH_KNOTS('',3,(#7094,#7095,#7096,#7097),
 .UNSPECIFIED.,.F.,.F.,(4,4),(2.5871120241409E-7,0.00118086369353398),
 .UNSPECIFIED.);
#4124=B_SPLINE_CURVE_WITH_KNOTS('',3,(#7099,#7100,#7101,#7102),
 .UNSPECIFIED.,.F.,.F.,(4,4),(2.48307888920431E-7,0.00145485247423168),
 .UNSPECIFIED.);
#4125=B_SPLINE_CURVE_WITH_KNOTS('',3,(#7107,#7108,#7109,#7110),
 .UNSPECIFIED.,.F.,.F.,(4,4),(2.48307888920106E-7,0.00145485247423168),
 .UNSPECIFIED.);
#4126=B_SPLINE_CURVE_WITH_KNOTS('',3,(#7114,#7115,#7116,#7117),
 .UNSPECIFIED.,.F.,.F.,(4,4),(2.19225608965965E-7,0.000427811648227507),
 .UNSPECIFIED.);
#4127=B_SPLINE_CURVE_WITH_KNOTS('',3,(#7119,#7120,#7121,#7122),
 .UNSPECIFIED.,.F.,.F.,(4,4),(2.19225608965947E-7,0.000427811648227507),
 .UNSPECIFIED.);
#4128=B_SPLINE_CURVE_WITH_KNOTS('',3,(#7126,#7127,#7128,#7129),
 .UNSPECIFIED.,.F.,.F.,(4,4),(2.17833147509061E-7,0.0011808228154693),
 .UNSPECIFIED.);
#4129=B_SPLINE_CURVE_WITH_KNOTS('',3,(#7131,#7132,#7133,#7134),
 .UNSPECIFIED.,.F.,.F.,(4,4),(2.17833147509061E-7,0.0011808228154693),
 .UNSPECIFIED.);
#4130=B_SPLINE_CURVE_WITH_KNOTS('',3,(#7138,#7139,#7140,#7141,#7142),
 .UNSPECIFIED.,.F.,.F.,(4,1,4),(2.5200416200213E-7,0.00154013002290851,
0.00308000804165501),.UNSPECIFIED.);
#4131=B_SPLINE_CURVE_WITH_KNOTS('',3,(#7144,#7145,#7146,#7147,#7148),
 .UNSPECIFIED.,.F.,.F.,(4,1,4),(2.52004162002144E-7,0.00154013002290851,
0.00308000804165502),.UNSPECIFIED.);
#4132=B_SPLINE_CURVE_WITH_KNOTS('',3,(#7155,#7156,#7157,#7158),
 .UNSPECIFIED.,.F.,.F.,(4,4),(2.19225608965965E-7,0.000427811648227506),
 .UNSPECIFIED.);
#4133=B_SPLINE_CURVE_WITH_KNOTS('',3,(#7162,#7163,#7164,#7165),
 .UNSPECIFIED.,.F.,.F.,(4,4),(2.19225608965947E-7,0.000427811648227505),
 .UNSPECIFIED.);
#4134=B_SPLINE_CURVE_WITH_KNOTS('',3,(#7170,#7171,#7172,#7173),
 .UNSPECIFIED.,.F.,.F.,(4,4),(2.48307888925999E-7,0.00145485247423169),
 .UNSPECIFIED.);
#4135=B_SPLINE_CURVE_WITH_KNOTS('',3,(#7174,#7175,#7176,#7177),
 .UNSPECIFIED.,.F.,.F.,(4,4),(2.48307888925984E-7,0.00145485247423169),
 .UNSPECIFIED.);
#4136=B_SPLINE_CURVE_WITH_KNOTS('',3,(#7179,#7180,#7181,#7182),
 .UNSPECIFIED.,.F.,.F.,(4,4),(2.17833147509061E-7,0.0011808228154693),
 .UNSPECIFIED.);
#4137=B_SPLINE_CURVE_WITH_KNOTS('',3,(#7183,#7184,#7185,#7186),
 .UNSPECIFIED.,.F.,.F.,(4,4),(2.17833147509061E-7,0.0011808228154693),
 .UNSPECIFIED.);
#4138=B_SPLINE_CURVE_WITH_KNOTS('',3,(#7191,#7192,#7193,#7194),
 .UNSPECIFIED.,.F.,.F.,(4,4),(2.12075053243005E-7,0.00145481627069877),
 .UNSPECIFIED.);
#4139=B_SPLINE_CURVE_WITH_KNOTS('',3,(#7199,#7200,#7201,#7202),
 .UNSPECIFIED.,.F.,.F.,(4,4),(2.12075053242989E-7,0.00145481627069877),
 .UNSPECIFIED.);
#4140=B_SPLINE_CURVE_WITH_KNOTS('',3,(#7206,#7207,#7208,#7209),
 .UNSPECIFIED.,.F.,.F.,(4,4),(2.5971439168436E-7,0.000427852137010258),
 .UNSPECIFIED.);
#4141=B_SPLINE_CURVE_WITH_KNOTS('',3,(#7211,#7212,#7213,#7214),
 .UNSPECIFIED.,.F.,.F.,(4,4),(2.59714391684396E-7,0.000427852137010261),
 .UNSPECIFIED.);
#4142=B_SPLINE_CURVE_WITH_KNOTS('',3,(#7218,#7219,#7220,#7221),
 .UNSPECIFIED.,.F.,.F.,(4,4),(2.5871120241409E-7,0.00118086369353397),
 .UNSPECIFIED.);
#4143=B_SPLINE_CURVE_WITH_KNOTS('',3,(#7223,#7224,#7225,#7226),
 .UNSPECIFIED.,.F.,.F.,(4,4),(2.5871120241409E-7,0.00118086369353398),
 .UNSPECIFIED.);
#4144=B_SPLINE_CURVE_WITH_KNOTS('',3,(#7230,#7231,#7232,#7233,#7234),
 .UNSPECIFIED.,.F.,.F.,(4,1,4),(2.46114711803039E-7,0.00154012400202797,
0.00308000188934415),.UNSPECIFIED.);
#4145=B_SPLINE_CURVE_WITH_KNOTS('',3,(#7236,#7237,#7238,#7239,#7240),
 .UNSPECIFIED.,.F.,.F.,(4,1,4),(2.46114711803019E-7,0.00154012400202797,
0.00308000188934414),.UNSPECIFIED.);
#4146=B_SPLINE_CURVE_WITH_KNOTS('',3,(#7247,#7248,#7249,#7250),
 .UNSPECIFIED.,.F.,.F.,(4,4),(2.03952942473245E-7,0.000427796375561043),
 .UNSPECIFIED.);
#4147=B_SPLINE_CURVE_WITH_KNOTS('',3,(#7254,#7255,#7256,#7257),
 .UNSPECIFIED.,.F.,.F.,(4,4),(2.03952942473281E-7,0.000427796375561043),
 .UNSPECIFIED.);
#4148=B_SPLINE_CURVE_WITH_KNOTS('',3,(#7262,#7263,#7264,#7265),
 .UNSPECIFIED.,.F.,.F.,(4,4),(2.47923255536768E-7,0.00145485194248227),
 .UNSPECIFIED.);
#4149=B_SPLINE_CURVE_WITH_KNOTS('',3,(#7266,#7267,#7268,#7269),
 .UNSPECIFIED.,.F.,.F.,(4,4),(2.47923255540039E-7,0.00145485194248227),
 .UNSPECIFIED.);
#4150=B_SPLINE_CURVE_WITH_KNOTS('',3,(#7271,#7272,#7273,#7274),
 .UNSPECIFIED.,.F.,.F.,(4,4),(2.02260189472354E-7,0.00118080724252047),
 .UNSPECIFIED.);
#4151=B_SPLINE_CURVE_WITH_KNOTS('',3,(#7275,#7276,#7277,#7278),
 .UNSPECIFIED.,.F.,.F.,(4,4),(2.02260189472337E-7,0.00118080724252047),
 .UNSPECIFIED.);
#4152=B_SPLINE_CURVE_WITH_KNOTS('',3,(#7283,#7284,#7285,#7286),
 .UNSPECIFIED.,.F.,.F.,(4,4),(1.99148599816918E-7,0.00145480310603498),
 .UNSPECIFIED.);
#4153=B_SPLINE_CURVE_WITH_KNOTS('',3,(#7291,#7292,#7293,#7294),
 .UNSPECIFIED.,.F.,.F.,(4,4),(1.99148599816933E-7,0.00145480310603499),
 .UNSPECIFIED.);
#4154=B_SPLINE_CURVE_WITH_KNOTS('',3,(#7298,#7299,#7300,#7301),
 .UNSPECIFIED.,.F.,.F.,(4,4),(2.47657610542395E-7,0.000427840080229074),
 .UNSPECIFIED.);
#4155=B_SPLINE_CURVE_WITH_KNOTS('',3,(#7303,#7304,#7305,#7306),
 .UNSPECIFIED.,.F.,.F.,(4,4),(2.47657610542414E-7,0.000427840080229074),
 .UNSPECIFIED.);
#4156=B_SPLINE_CURVE_WITH_KNOTS('',3,(#7310,#7311,#7312,#7313),
 .UNSPECIFIED.,.F.,.F.,(4,4),(2.4434426459222E-7,0.00118084932658965),
 .UNSPECIFIED.);
#4157=B_SPLINE_CURVE_WITH_KNOTS('',3,(#7315,#7316,#7317,#7318),
 .UNSPECIFIED.,.F.,.F.,(4,4),(2.4434426459222E-7,0.00118084932658965),
 .UNSPECIFIED.);
#4158=B_SPLINE_CURVE_WITH_KNOTS('',3,(#7322,#7323,#7324,#7325,#7326),
 .UNSPECIFIED.,.F.,.F.,(4,1,4),(2.11522478902533E-7,0.00154008926535305,
0.00307996700822719),.UNSPECIFIED.);
#4159=B_SPLINE_CURVE_WITH_KNOTS('',3,(#7328,#7329,#7330,#7331,#7332),
 .UNSPECIFIED.,.F.,.F.,(4,1,4),(2.11522478903154E-7,0.00154008926535305,
0.00307996700822719),.UNSPECIFIED.);
#4160=B_SPLINE_CURVE_WITH_KNOTS('',3,(#7339,#7340,#7341,#7342),
 .UNSPECIFIED.,.F.,.F.,(4,4),(2.06293886979195E-7,0.00042779871650549),
 .UNSPECIFIED.);
#4161=B_SPLINE_CURVE_WITH_KNOTS('',3,(#7346,#7347,#7348,#7349),
 .UNSPECIFIED.,.F.,.F.,(4,4),(2.06293886979177E-7,0.00042779871650549),
 .UNSPECIFIED.);
#4162=B_SPLINE_CURVE_WITH_KNOTS('',3,(#7354,#7355,#7356,#7357),
 .UNSPECIFIED.,.F.,.F.,(4,4),(2.11910245857E-7,0.00145481560282335),
 .UNSPECIFIED.);
#4163=B_SPLINE_CURVE_WITH_KNOTS('',3,(#7358,#7359,#7360,#7361),
 .UNSPECIFIED.,.F.,.F.,(4,4),(2.11910245857E-7,0.00145481560282334),
 .UNSPECIFIED.);
#4164=B_SPLINE_CURVE_WITH_KNOTS('',3,(#7363,#7364,#7365,#7366),
 .UNSPECIFIED.,.F.,.F.,(4,4),(2.0420478705033E-7,0.00118080918711962),
 .UNSPECIFIED.);
#4165=B_SPLINE_CURVE_WITH_KNOTS('',3,(#7367,#7368,#7369,#7370),
 .UNSPECIFIED.,.F.,.F.,(4,4),(2.04204787053736E-7,0.00118080918711962),
 .UNSPECIFIED.);
#4166=B_SPLINE_CURVE_WITH_KNOTS('',3,(#7375,#7376,#7377,#7378),
 .UNSPECIFIED.,.F.,.F.,(4,4),(2.03225626974486E-7,0.00145480690737931),
 .UNSPECIFIED.);
#4167=B_SPLINE_CURVE_WITH_KNOTS('',3,(#7383,#7384,#7385,#7386),
 .UNSPECIFIED.,.F.,.F.,(4,4),(2.03225626974471E-7,0.00145480690737931),
 .UNSPECIFIED.);
#4168=B_SPLINE_CURVE_WITH_KNOTS('',3,(#7390,#7391,#7392,#7393),
 .UNSPECIFIED.,.F.,.F.,(4,4),(2.14095148237603E-7,0.000427806517766777),
 .UNSPECIFIED.);
#4169=B_SPLINE_CURVE_WITH_KNOTS('',3,(#7395,#7396,#7397,#7398),
 .UNSPECIFIED.,.F.,.F.,(4,4),(2.1409514823764E-7,0.000427806517766774),
 .UNSPECIFIED.);
#4170=B_SPLINE_CURVE_WITH_KNOTS('',3,(#7402,#7403,#7404,#7405),
 .UNSPECIFIED.,.F.,.F.,(4,4),(2.11720249346183E-7,0.00118081670258115),
 .UNSPECIFIED.);
#4171=B_SPLINE_CURVE_WITH_KNOTS('',3,(#7407,#7408,#7409,#7410),
 .UNSPECIFIED.,.F.,.F.,(4,4),(2.117202493462E-7,0.00118081670258115),
 .UNSPECIFIED.);
#4172=B_SPLINE_CURVE_WITH_KNOTS('',3,(#7414,#7415,#7416,#7417,#7418),
 .UNSPECIFIED.,.F.,.F.,(4,1,4),(1.99637626954433E-7,0.0015400773549253,
0.00307995507222365),.UNSPECIFIED.);
#4173=B_SPLINE_CURVE_WITH_KNOTS('',3,(#7420,#7421,#7422,#7423,#7424),
 .UNSPECIFIED.,.F.,.F.,(4,1,4),(1.99637626954426E-7,0.0015400773549253,
0.00307995507222365),.UNSPECIFIED.);
#4174=B_SPLINE_CURVE_WITH_KNOTS('',3,(#7431,#7432,#7433,#7434),
 .UNSPECIFIED.,.F.,.F.,(4,4),(2.27319063488683E-7,0.000427819741682036),
 .UNSPECIFIED.);
#4175=B_SPLINE_CURVE_WITH_KNOTS('',3,(#7438,#7439,#7440,#7441),
 .UNSPECIFIED.,.F.,.F.,(4,4),(2.27319063488647E-7,0.000427819741682036),
 .UNSPECIFIED.);
#4176=B_SPLINE_CURVE_WITH_KNOTS('',3,(#7446,#7447,#7448,#7449),
 .UNSPECIFIED.,.F.,.F.,(4,4),(1.99118845667522E-7,0.00145480288500949),
 .UNSPECIFIED.);
#4177=B_SPLINE_CURVE_WITH_KNOTS('',3,(#7450,#7451,#7452,#7453),
 .UNSPECIFIED.,.F.,.F.,(4,4),(1.99118845667507E-7,0.00145480288500949),
 .UNSPECIFIED.);
#4178=B_SPLINE_CURVE_WITH_KNOTS('',3,(#7455,#7456,#7457,#7458),
 .UNSPECIFIED.,.F.,.F.,(4,4),(2.2455613542507E-7,0.00118082953846507),
 .UNSPECIFIED.);
#4179=B_SPLINE_CURVE_WITH_KNOTS('',3,(#7459,#7460,#7461,#7462),
 .UNSPECIFIED.,.F.,.F.,(4,4),(2.24556135425087E-7,0.00118082953846507),
 .UNSPECIFIED.);
#4180=B_SPLINE_CURVE_WITH_KNOTS('',3,(#7467,#7468,#7469,#7470),
 .UNSPECIFIED.,.F.,.F.,(4,4),(2.26180448392742E-7,0.00145482998051648),
 .UNSPECIFIED.);
#4181=B_SPLINE_CURVE_WITH_KNOTS('',3,(#7475,#7476,#7477,#7478),
 .UNSPECIFIED.,.F.,.F.,(4,4),(2.26180448392773E-7,0.00145482998051648),
 .UNSPECIFIED.);
#4182=B_SPLINE_CURVE_WITH_KNOTS('',3,(#7482,#7483,#7484,#7485),
 .UNSPECIFIED.,.F.,.F.,(4,4),(2.03028943152032E-7,0.000427795451561687),
 .UNSPECIFIED.);
#4183=B_SPLINE_CURVE_WITH_KNOTS('',3,(#7487,#7488,#7489,#7490),
 .UNSPECIFIED.,.F.,.F.,(4,4),(2.03028943152032E-7,0.000427795451561687),
 .UNSPECIFIED.);
#4184=B_SPLINE_CURVE_WITH_KNOTS('',3,(#7494,#7495,#7496,#7497),
 .UNSPECIFIED.,.F.,.F.,(4,4),(2.0115927237746E-7,0.00118080614160471),
 .UNSPECIFIED.);
#4185=B_SPLINE_CURVE_WITH_KNOTS('',3,(#7499,#7500,#7501,#7502),
 .UNSPECIFIED.,.F.,.F.,(4,4),(2.01159272377443E-7,0.00118080614160471),
 .UNSPECIFIED.);
#4186=B_SPLINE_CURVE_WITH_KNOTS('',3,(#7506,#7507,#7508,#7509,#7510),
 .UNSPECIFIED.,.F.,.F.,(4,1,4),(2.04720549111235E-7,0.00154008251856385,
0.00307996031657858),.UNSPECIFIED.);
#4187=B_SPLINE_CURVE_WITH_KNOTS('',3,(#7512,#7513,#7514,#7515,#7516),
 .UNSPECIFIED.,.F.,.F.,(4,1,4),(2.04720549111255E-7,0.00154008251856384,
0.00307996031657858),.UNSPECIFIED.);
#4188=B_SPLINE_CURVE_WITH_KNOTS('',3,(#7523,#7524,#7525,#7526),
 .UNSPECIFIED.,.F.,.F.,(4,4),(2.78213361772521E-7,0.000427870635980317),
 .UNSPECIFIED.);
#4189=B_SPLINE_CURVE_WITH_KNOTS('',3,(#7530,#7531,#7532,#7533),
 .UNSPECIFIED.,.F.,.F.,(4,4),(2.78213361772485E-7,0.000427870635980317),
 .UNSPECIFIED.);
#4190=B_SPLINE_CURVE_WITH_KNOTS('',3,(#7538,#7539,#7540,#7541),
 .UNSPECIFIED.,.F.,.F.,(4,4),(2.03317937913117E-7,0.00145480760268429),
 .UNSPECIFIED.);
#4191=B_SPLINE_CURVE_WITH_KNOTS('',3,(#7542,#7543,#7544,#7545),
 .UNSPECIFIED.,.F.,.F.,(4,4),(2.03317937911541E-7,0.00145480760268429),
 .UNSPECIFIED.);
#4192=B_SPLINE_CURVE_WITH_KNOTS('',3,(#7547,#7548,#7549,#7550),
 .UNSPECIFIED.,.F.,.F.,(4,4),(2.74075951151277E-7,0.00118087905826649),
 .UNSPECIFIED.);
#4193=B_SPLINE_CURVE_WITH_KNOTS('',3,(#7551,#7552,#7553,#7554),
 .UNSPECIFIED.,.F.,.F.,(4,4),(2.74075951151277E-7,0.00118087905826649),
 .UNSPECIFIED.);
#4194=B_SPLINE_CURVE_WITH_KNOTS('',3,(#7559,#7560,#7561,#7562),
 .UNSPECIFIED.,.F.,.F.,(4,4),(2.80611899203492E-7,0.00145488499647962),
 .UNSPECIFIED.);
#4195=B_SPLINE_CURVE_WITH_KNOTS('',3,(#7567,#7568,#7569,#7570),
 .UNSPECIFIED.,.F.,.F.,(4,4),(2.80611899203338E-7,0.00145488499647962),
 .UNSPECIFIED.);
#4196=B_SPLINE_CURVE_WITH_KNOTS('',3,(#7574,#7575,#7576,#7577),
 .UNSPECIFIED.,.F.,.F.,(4,4),(2.0916280912969E-7,0.000427801585427658),
 .UNSPECIFIED.);
#4197=B_SPLINE_CURVE_WITH_KNOTS('',3,(#7579,#7580,#7581,#7582),
 .UNSPECIFIED.,.F.,.F.,(4,4),(2.09162809129708E-7,0.000427801585427658),
 .UNSPECIFIED.);
#4198=B_SPLINE_CURVE_WITH_KNOTS('',3,(#7586,#7587,#7588,#7589),
 .UNSPECIFIED.,.F.,.F.,(4,4),(2.07623039032027E-7,0.0011808126053671),
 .UNSPECIFIED.);
#4199=B_SPLINE_CURVE_WITH_KNOTS('',3,(#7591,#7592,#7593,#7594),
 .UNSPECIFIED.,.F.,.F.,(4,4),(2.07623039031912E-7,0.00118081260536709),
 .UNSPECIFIED.);
#4200=B_SPLINE_CURVE_WITH_KNOTS('',3,(#7598,#7599,#7600,#7601,#7602),
 .UNSPECIFIED.,.F.,.F.,(4,1,4),(2.29114852645532E-7,0.00154010714234077,
0.00307998516982889),.UNSPECIFIED.);
#4201=B_SPLINE_CURVE_WITH_KNOTS('',3,(#7604,#7605,#7606,#7607,#7608),
 .UNSPECIFIED.,.F.,.F.,(4,1,4),(2.29114852645559E-7,0.00154010714234077,
0.00307998516982889),.UNSPECIFIED.);
#4202=B_SPLINE_CURVE_WITH_KNOTS('',3,(#7615,#7616,#7617,#7618),
 .UNSPECIFIED.,.F.,.F.,(4,4),(2.35338534015474E-7,0.000427827761152554),
 .UNSPECIFIED.);
#4203=B_SPLINE_CURVE_WITH_KNOTS('',3,(#7622,#7623,#7624,#7625),
 .UNSPECIFIED.,.F.,.F.,(4,4),(2.35338534015438E-7,0.000427827761152553),
 .UNSPECIFIED.);
#4204=B_SPLINE_CURVE_WITH_KNOTS('',3,(#7630,#7631,#7632,#7633),
 .UNSPECIFIED.,.F.,.F.,(4,4),(2.26437359716347E-7,0.00145483054323595),
 .UNSPECIFIED.);
#4205=B_SPLINE_CURVE_WITH_KNOTS('',3,(#7634,#7635,#7636,#7637),
 .UNSPECIFIED.,.F.,.F.,(4,4),(2.26437359716362E-7,0.00145483054323595),
 .UNSPECIFIED.);
#4206=B_SPLINE_CURVE_WITH_KNOTS('',3,(#7639,#7640,#7641,#7642),
 .UNSPECIFIED.,.F.,.F.,(4,4),(2.34111540623536E-7,0.00118083909385833),
 .UNSPECIFIED.);
#4207=B_SPLINE_CURVE_WITH_KNOTS('',3,(#7643,#7644,#7645,#7646),
 .UNSPECIFIED.,.F.,.F.,(4,4),(2.34111540623023E-7,0.00118083909385833),
 .UNSPECIFIED.);
#4208=B_SPLINE_CURVE_WITH_KNOTS('',3,(#7651,#7652,#7653,#7654),
 .UNSPECIFIED.,.F.,.F.,(4,4),(2.26437359719216E-7,0.00145483054323595),
 .UNSPECIFIED.);
#4209=B_SPLINE_CURVE_WITH_KNOTS('',3,(#7659,#7660,#7661,#7662),
 .UNSPECIFIED.,.F.,.F.,(4,4),(2.26437359719185E-7,0.00145483054323595),
 .UNSPECIFIED.);
#4210=B_SPLINE_CURVE_WITH_KNOTS('',3,(#7666,#7667,#7668,#7669),
 .UNSPECIFIED.,.F.,.F.,(4,4),(2.35338534015402E-7,0.000427827761152561),
 .UNSPECIFIED.);
#4211=B_SPLINE_CURVE_WITH_KNOTS('',3,(#7671,#7672,#7673,#7674),
 .UNSPECIFIED.,.F.,.F.,(4,4),(2.35338534015438E-7,0.000427827761152561),
 .UNSPECIFIED.);
#4212=B_SPLINE_CURVE_WITH_KNOTS('',3,(#7678,#7679,#7680,#7681),
 .UNSPECIFIED.,.F.,.F.,(4,4),(2.34111540628487E-7,0.00118083909385832),
 .UNSPECIFIED.);
#4213=B_SPLINE_CURVE_WITH_KNOTS('',3,(#7683,#7684,#7685,#7686),
 .UNSPECIFIED.,.F.,.F.,(4,4),(2.34111540628379E-7,0.00118083909385832),
 .UNSPECIFIED.);
#4214=B_SPLINE_CURVE_WITH_KNOTS('',3,(#7690,#7691,#7692,#7693,#7694),
 .UNSPECIFIED.,.F.,.F.,(4,1,4),(2.7754912665393E-7,0.00154015557493654,
0.00308003360074643),.UNSPECIFIED.);
#4215=B_SPLINE_CURVE_WITH_KNOTS('',3,(#7696,#7697,#7698,#7699,#7700),
 .UNSPECIFIED.,.F.,.F.,(4,1,4),(2.77549126653214E-7,0.00154015557493654,
0.00308003360074643),.UNSPECIFIED.);
#4216=B_SPLINE_CURVE_WITH_KNOTS('',3,(#7707,#7708,#7709,#7710),
 .UNSPECIFIED.,.F.,.F.,(4,4),(2.0916280912969E-7,0.000427801585427658),
 .UNSPECIFIED.);
#4217=B_SPLINE_CURVE_WITH_KNOTS('',3,(#7714,#7715,#7716,#7717),
 .UNSPECIFIED.,.F.,.F.,(4,4),(2.09162809129708E-7,0.000427801585427658),
 .UNSPECIFIED.);
#4218=B_SPLINE_CURVE_WITH_KNOTS('',3,(#7722,#7723,#7724,#7725),
 .UNSPECIFIED.,.F.,.F.,(4,4),(2.80611899246245E-7,0.00145488499647966),
 .UNSPECIFIED.);
#4219=B_SPLINE_CURVE_WITH_KNOTS('',3,(#7726,#7727,#7728,#7729),
 .UNSPECIFIED.,.F.,.F.,(4,4),(2.80611899246214E-7,0.00145488499647966),
 .UNSPECIFIED.);
#4220=B_SPLINE_CURVE_WITH_KNOTS('',3,(#7731,#7732,#7733,#7734),
 .UNSPECIFIED.,.F.,.F.,(4,4),(2.07623039032189E-7,0.0011808126053671),
 .UNSPECIFIED.);
#4221=B_SPLINE_CURVE_WITH_KNOTS('',3,(#7735,#7736,#7737,#7738),
 .UNSPECIFIED.,.F.,.F.,(4,4),(2.07623039032108E-7,0.0011808126053671),
 .UNSPECIFIED.);
#4222=B_SPLINE_CURVE_WITH_KNOTS('',3,(#7743,#7744,#7745,#7746),
 .UNSPECIFIED.,.F.,.F.,(4,4),(2.03317937913117E-7,0.00145480760268427),
 .UNSPECIFIED.);
#4223=B_SPLINE_CURVE_WITH_KNOTS('',3,(#7751,#7752,#7753,#7754),
 .UNSPECIFIED.,.F.,.F.,(4,4),(2.03317937913133E-7,0.00145480760268427),
 .UNSPECIFIED.);
#4224=B_SPLINE_CURVE_WITH_KNOTS('',3,(#7758,#7759,#7760,#7761),
 .UNSPECIFIED.,.F.,.F.,(4,4),(2.78213361772449E-7,0.000427870635980315),
 .UNSPECIFIED.);
#4225=B_SPLINE_CURVE_WITH_KNOTS('',3,(#7763,#7764,#7765,#7766),
 .UNSPECIFIED.,.F.,.F.,(4,4),(2.78213361772467E-7,0.000427870635980317),
 .UNSPECIFIED.);
#4226=B_SPLINE_CURVE_WITH_KNOTS('',3,(#7770,#7771,#7772,#7773),
 .UNSPECIFIED.,.F.,.F.,(4,4),(2.74075951133745E-7,0.00118087905826647),
 .UNSPECIFIED.);
#4227=B_SPLINE_CURVE_WITH_KNOTS('',3,(#7775,#7776,#7777,#7778),
 .UNSPECIFIED.,.F.,.F.,(4,4),(2.74075951133745E-7,0.00118087905826647),
 .UNSPECIFIED.);
#4228=B_SPLINE_CURVE_WITH_KNOTS('',3,(#7782,#7783,#7784,#7785,#7786),
 .UNSPECIFIED.,.F.,.F.,(4,1,4),(2.2519514524237E-7,0.00154010299247318,
0.00307998078980112),.UNSPECIFIED.);
#4229=B_SPLINE_CURVE_WITH_KNOTS('',3,(#7788,#7789,#7790,#7791,#7792),
 .UNSPECIFIED.,.F.,.F.,(4,1,4),(2.25195145240741E-7,0.00154010299247318,
0.00307998078980112),.UNSPECIFIED.);
#4230=B_SPLINE_CURVE_WITH_KNOTS('',3,(#7799,#7800,#7801,#7802),
 .UNSPECIFIED.,.F.,.F.,(4,4),(2.0302894315545E-7,0.000427795451561687),
 .UNSPECIFIED.);
#4231=B_SPLINE_CURVE_WITH_KNOTS('',3,(#7806,#7807,#7808,#7809),
 .UNSPECIFIED.,.F.,.F.,(4,4),(2.03028943152032E-7,0.000427795451561686),
 .UNSPECIFIED.);
#4232=B_SPLINE_CURVE_WITH_KNOTS('',3,(#7814,#7815,#7816,#7817),
 .UNSPECIFIED.,.F.,.F.,(4,4),(2.26180448447873E-7,0.00145482998051653),
 .UNSPECIFIED.);
#4233=B_SPLINE_CURVE_WITH_KNOTS('',3,(#7818,#7819,#7820,#7821),
 .UNSPECIFIED.,.F.,.F.,(4,4),(2.26180448447843E-7,0.00145482998051653),
 .UNSPECIFIED.);
#4234=B_SPLINE_CURVE_WITH_KNOTS('',3,(#7823,#7824,#7825,#7826),
 .UNSPECIFIED.,.F.,.F.,(4,4),(2.0115927237746E-7,0.00118080614160471),
 .UNSPECIFIED.);
#4235=B_SPLINE_CURVE_WITH_KNOTS('',3,(#7827,#7828,#7829,#7830),
 .UNSPECIFIED.,.F.,.F.,(4,4),(2.01159272377443E-7,0.00118080614160471),
 .UNSPECIFIED.);
#4236=B_SPLINE_CURVE_WITH_KNOTS('',3,(#7835,#7836,#7837,#7838),
 .UNSPECIFIED.,.F.,.F.,(4,4),(1.9911884567094E-7,0.00145480288500944),
 .UNSPECIFIED.);
#4237=B_SPLINE_CURVE_WITH_KNOTS('',3,(#7843,#7844,#7845,#7846),
 .UNSPECIFIED.,.F.,.F.,(4,4),(1.99118845670925E-7,0.00145480288500944),
 .UNSPECIFIED.);
#4238=B_SPLINE_CURVE_WITH_KNOTS('',3,(#7850,#7851,#7852,#7853),
 .UNSPECIFIED.,.F.,.F.,(4,4),(2.27319063484015E-7,0.000427819741682036),
 .UNSPECIFIED.);
#4239=B_SPLINE_CURVE_WITH_KNOTS('',3,(#7855,#7856,#7857,#7858),
 .UNSPECIFIED.,.F.,.F.,(4,4),(2.27319063488647E-7,0.000427819741682036),
 .UNSPECIFIED.);
#4240=B_SPLINE_CURVE_WITH_KNOTS('',3,(#7862,#7863,#7864,#7865),
 .UNSPECIFIED.,.F.,.F.,(4,4),(2.2455613542507E-7,0.00118082953846507),
 .UNSPECIFIED.);
#4241=B_SPLINE_CURVE_WITH_KNOTS('',3,(#7867,#7868,#7869,#7870),
 .UNSPECIFIED.,.F.,.F.,(4,4),(2.24556135425104E-7,0.00118082953846507),
 .UNSPECIFIED.);
#4242=B_SPLINE_CURVE_WITH_KNOTS('',3,(#7874,#7875,#7876,#7877,#7878),
 .UNSPECIFIED.,.F.,.F.,(4,1,4),(2.03317420939514E-7,0.00154008103459728,
0.00307995875177363),.UNSPECIFIED.);
#4243=B_SPLINE_CURVE_WITH_KNOTS('',3,(#7880,#7881,#7882,#7883,#7884),
 .UNSPECIFIED.,.F.,.F.,(4,1,4),(2.03317420939534E-7,0.00154008103459728,
0.00307995875177363),.UNSPECIFIED.);
#4244=B_SPLINE_CURVE_WITH_KNOTS('',3,(#7891,#7892,#7893,#7894),
 .UNSPECIFIED.,.F.,.F.,(4,4),(2.14095148237603E-7,0.000427806517766775),
 .UNSPECIFIED.);
#4245=B_SPLINE_CURVE_WITH_KNOTS('',3,(#7898,#7899,#7900,#7901),
 .UNSPECIFIED.,.F.,.F.,(4,4),(2.1409514823764E-7,0.000427806517766777),
 .UNSPECIFIED.);
#4246=B_SPLINE_CURVE_WITH_KNOTS('',3,(#7906,#7907,#7908,#7909),
 .UNSPECIFIED.,.F.,.F.,(4,4),(2.03225626977918E-7,0.00145480690737931),
 .UNSPECIFIED.);
#4247=B_SPLINE_CURVE_WITH_KNOTS('',3,(#7910,#7911,#7912,#7913),
 .UNSPECIFIED.,.F.,.F.,(4,4),(2.03225626977949E-7,0.00145480690737932),
 .UNSPECIFIED.);
#4248=B_SPLINE_CURVE_WITH_KNOTS('',3,(#7915,#7916,#7917,#7918),
 .UNSPECIFIED.,.F.,.F.,(4,4),(2.11720249342815E-7,0.00118081670258115),
 .UNSPECIFIED.);
#4249=B_SPLINE_CURVE_WITH_KNOTS('',3,(#7919,#7920,#7921,#7922),
 .UNSPECIFIED.,.F.,.F.,(4,4),(2.117202493462E-7,0.00118081670258115),
 .UNSPECIFIED.);
#4250=B_SPLINE_CURVE_WITH_KNOTS('',3,(#7927,#7928,#7929,#7930),
 .UNSPECIFIED.,.F.,.F.,(4,4),(2.11910245910261E-7,0.00145481560282334),
 .UNSPECIFIED.);
#4251=B_SPLINE_CURVE_WITH_KNOTS('',3,(#7935,#7936,#7937,#7938),
 .UNSPECIFIED.,.F.,.F.,(4,4),(2.11910245910246E-7,0.00145481560282334),
 .UNSPECIFIED.);
#4252=B_SPLINE_CURVE_WITH_KNOTS('',3,(#7942,#7943,#7944,#7945),
 .UNSPECIFIED.,.F.,.F.,(4,4),(2.06293886979195E-7,0.00042779871650549),
 .UNSPECIFIED.);
#4253=B_SPLINE_CURVE_WITH_KNOTS('',3,(#7947,#7948,#7949,#7950),
 .UNSPECIFIED.,.F.,.F.,(4,4),(2.06293886979177E-7,0.00042779871650549),
 .UNSPECIFIED.);
#4254=B_SPLINE_CURVE_WITH_KNOTS('',3,(#7954,#7955,#7956,#7957),
 .UNSPECIFIED.,.F.,.F.,(4,4),(2.04204787053753E-7,0.00118080918711962),
 .UNSPECIFIED.);
#4255=B_SPLINE_CURVE_WITH_KNOTS('',3,(#7959,#7960,#7961,#7962),
 .UNSPECIFIED.,.F.,.F.,(4,4),(2.04204787053736E-7,0.00118080918711962),
 .UNSPECIFIED.);
#4256=B_SPLINE_CURVE_WITH_KNOTS('',3,(#7966,#7967,#7968,#7969,#7970),
 .UNSPECIFIED.,.F.,.F.,(4,1,4),(2.00089584746625E-7,0.0015400778328394,
0.00307995557609404),.UNSPECIFIED.);
#4257=B_SPLINE_CURVE_WITH_KNOTS('',3,(#7972,#7973,#7974,#7975,#7976),
 .UNSPECIFIED.,.F.,.F.,(4,1,4),(2.00089584746625E-7,0.00154007783283939,
0.00307995557609404),.UNSPECIFIED.);
#4258=B_SPLINE_CURVE_WITH_KNOTS('',3,(#7983,#7984,#7985,#7986),
 .UNSPECIFIED.,.F.,.F.,(4,4),(2.47657610542395E-7,0.000427840080229073),
 .UNSPECIFIED.);
#4259=B_SPLINE_CURVE_WITH_KNOTS('',3,(#7990,#7991,#7992,#7993),
 .UNSPECIFIED.,.F.,.F.,(4,4),(2.47657610542414E-7,0.000427840080229073),
 .UNSPECIFIED.);
#4260=B_SPLINE_CURVE_WITH_KNOTS('',3,(#7998,#7999,#8000,#8001),
 .UNSPECIFIED.,.F.,.F.,(4,4),(1.99148599816918E-7,0.00145480310603497),
 .UNSPECIFIED.);
#4261=B_SPLINE_CURVE_WITH_KNOTS('',3,(#8002,#8003,#8004,#8005),
 .UNSPECIFIED.,.F.,.F.,(4,4),(1.99148599816948E-7,0.00145480310603497),
 .UNSPECIFIED.);
#4262=B_SPLINE_CURVE_WITH_KNOTS('',3,(#8007,#8008,#8009,#8010),
 .UNSPECIFIED.,.F.,.F.,(4,4),(2.4434426459222E-7,0.00118084932658967),
 .UNSPECIFIED.);
#4263=B_SPLINE_CURVE_WITH_KNOTS('',3,(#8011,#8012,#8013,#8014),
 .UNSPECIFIED.,.F.,.F.,(4,4),(2.4434426459222E-7,0.00118084932658967),
 .UNSPECIFIED.);
#4264=B_SPLINE_CURVE_WITH_KNOTS('',3,(#8019,#8020,#8021,#8022),
 .UNSPECIFIED.,.F.,.F.,(4,4),(2.47923255595726E-7,0.00145485194248227),
 .UNSPECIFIED.);
#4265=B_SPLINE_CURVE_WITH_KNOTS('',3,(#8027,#8028,#8029,#8030),
 .UNSPECIFIED.,.F.,.F.,(4,4),(2.47923255595726E-7,0.00145485194248227),
 .UNSPECIFIED.);
#4266=B_SPLINE_CURVE_WITH_KNOTS('',3,(#8034,#8035,#8036,#8037),
 .UNSPECIFIED.,.F.,.F.,(4,4),(2.03952942473317E-7,0.000427796375561043),
 .UNSPECIFIED.);
#4267=B_SPLINE_CURVE_WITH_KNOTS('',3,(#8039,#8040,#8041,#8042),
 .UNSPECIFIED.,.F.,.F.,(4,4),(2.03952942473281E-7,0.000427796375561043),
 .UNSPECIFIED.);
#4268=B_SPLINE_CURVE_WITH_KNOTS('',3,(#8046,#8047,#8048,#8049),
 .UNSPECIFIED.,.F.,.F.,(4,4),(2.02260189472354E-7,0.00118080724252047),
 .UNSPECIFIED.);
#4269=B_SPLINE_CURVE_WITH_KNOTS('',3,(#8051,#8052,#8053,#8054),
 .UNSPECIFIED.,.F.,.F.,(4,4),(2.02260189472337E-7,0.00118080724252047),
 .UNSPECIFIED.);
#4270=B_SPLINE_CURVE_WITH_KNOTS('',3,(#8058,#8059,#8060,#8061,#8062),
 .UNSPECIFIED.,.F.,.F.,(4,1,4),(2.14031091353441E-7,0.00154009191949769,
0.00307996980790402),.UNSPECIFIED.);
#4271=B_SPLINE_CURVE_WITH_KNOTS('',3,(#8064,#8065,#8066,#8067,#8068),
 .UNSPECIFIED.,.F.,.F.,(4,1,4),(2.14031091353448E-7,0.00154009191949769,
0.00307996980790402),.UNSPECIFIED.);
#4272=B_SPLINE_CURVE_WITH_KNOTS('',3,(#8075,#8076,#8077,#8078),
 .UNSPECIFIED.,.F.,.F.,(4,4),(2.59714391684433E-7,0.000427852137010261),
 .UNSPECIFIED.);
#4273=B_SPLINE_CURVE_WITH_KNOTS('',3,(#8082,#8083,#8084,#8085),
 .UNSPECIFIED.,.F.,.F.,(4,4),(2.59714391684396E-7,0.000427852137010261),
 .UNSPECIFIED.);
#4274=B_SPLINE_CURVE_WITH_KNOTS('',3,(#8090,#8091,#8092,#8093),
 .UNSPECIFIED.,.F.,.F.,(4,4),(2.12075053279033E-7,0.00145481627069877),
 .UNSPECIFIED.);
#4275=B_SPLINE_CURVE_WITH_KNOTS('',3,(#8094,#8095,#8096,#8097),
 .UNSPECIFIED.,.F.,.F.,(4,4),(2.12075053279048E-7,0.00145481627069877),
 .UNSPECIFIED.);
#4276=B_SPLINE_CURVE_WITH_KNOTS('',3,(#8099,#8100,#8101,#8102),
 .UNSPECIFIED.,.F.,.F.,(4,4),(2.5871120241409E-7,0.00118086369353397),
 .UNSPECIFIED.);
#4277=B_SPLINE_CURVE_WITH_KNOTS('',3,(#8103,#8104,#8105,#8106),
 .UNSPECIFIED.,.F.,.F.,(4,4),(2.5871120241409E-7,0.00118086369353397),
 .UNSPECIFIED.);
#4278=B_SPLINE_CURVE_WITH_KNOTS('',3,(#8111,#8112,#8113,#8114),
 .UNSPECIFIED.,.F.,.F.,(4,4),(2.48307888946144E-7,0.00145485247423167),
 .UNSPECIFIED.);
#4279=B_SPLINE_CURVE_WITH_KNOTS('',3,(#8119,#8120,#8121,#8122),
 .UNSPECIFIED.,.F.,.F.,(4,4),(2.48307888946114E-7,0.00145485247423167),
 .UNSPECIFIED.);
#4280=B_SPLINE_CURVE_WITH_KNOTS('',3,(#8126,#8127,#8128,#8129),
 .UNSPECIFIED.,.F.,.F.,(4,4),(2.19225608965965E-7,0.000427811648227506),
 .UNSPECIFIED.);
#4281=B_SPLINE_CURVE_WITH_KNOTS('',3,(#8131,#8132,#8133,#8134),
 .UNSPECIFIED.,.F.,.F.,(4,4),(2.19225608965947E-7,0.000427811648227505),
 .UNSPECIFIED.);
#4282=B_SPLINE_CURVE_WITH_KNOTS('',3,(#8138,#8139,#8140,#8141),
 .UNSPECIFIED.,.F.,.F.,(4,4),(2.17833147505387E-7,0.0011808228154693),
 .UNSPECIFIED.);
#4283=B_SPLINE_CURVE_WITH_KNOTS('',3,(#8143,#8144,#8145,#8146),
 .UNSPECIFIED.,.F.,.F.,(4,4),(2.17833147505495E-7,0.0011808228154693),
 .UNSPECIFIED.);
#4284=B_SPLINE_CURVE_WITH_KNOTS('',3,(#8150,#8151,#8152,#8153,#8154),
 .UNSPECIFIED.,.F.,.F.,(4,1,4),(2.52004161998848E-7,0.00154013002290851,
0.00308000804165501),.UNSPECIFIED.);
#4285=B_SPLINE_CURVE_WITH_KNOTS('',3,(#8156,#8157,#8158,#8159,#8160),
 .UNSPECIFIED.,.F.,.F.,(4,1,4),(2.52004161998993E-7,0.00154013002290851,
0.00308000804165501),.UNSPECIFIED.);
#4286=B_SPLINE_CURVE_WITH_KNOTS('',3,(#8167,#8168,#8169,#8170),
 .UNSPECIFIED.,.F.,.F.,(4,4),(2.19225608965965E-7,0.000427811648227508),
 .UNSPECIFIED.);
#4287=B_SPLINE_CURVE_WITH_KNOTS('',3,(#8174,#8175,#8176,#8177),
 .UNSPECIFIED.,.F.,.F.,(4,4),(2.19225608965785E-7,0.000427811648227505),
 .UNSPECIFIED.);
#4288=B_SPLINE_CURVE_WITH_KNOTS('',3,(#8182,#8183,#8184,#8185),
 .UNSPECIFIED.,.F.,.F.,(4,4),(2.48307888958535E-7,0.00145485247423169),
 .UNSPECIFIED.);
#4289=B_SPLINE_CURVE_WITH_KNOTS('',3,(#8186,#8187,#8188,#8189),
 .UNSPECIFIED.,.F.,.F.,(4,4),(2.4830788895883E-7,0.00145485247423169),
 .UNSPECIFIED.);
#4290=B_SPLINE_CURVE_WITH_KNOTS('',3,(#8191,#8192,#8193,#8194),
 .UNSPECIFIED.,.F.,.F.,(4,4),(2.17833147509061E-7,0.0011808228154693),
 .UNSPECIFIED.);
#4291=B_SPLINE_CURVE_WITH_KNOTS('',3,(#8195,#8196,#8197,#8198),
 .UNSPECIFIED.,.F.,.F.,(4,4),(2.17833147509061E-7,0.0011808228154693),
 .UNSPECIFIED.);
#4292=B_SPLINE_CURVE_WITH_KNOTS('',3,(#8203,#8204,#8205,#8206),
 .UNSPECIFIED.,.F.,.F.,(4,4),(2.12075053279094E-7,0.00145481627069876),
 .UNSPECIFIED.);
#4293=B_SPLINE_CURVE_WITH_KNOTS('',3,(#8211,#8212,#8213,#8214),
 .UNSPECIFIED.,.F.,.F.,(4,4),(2.12075053279079E-7,0.00145481627069876),
 .UNSPECIFIED.);
#4294=B_SPLINE_CURVE_WITH_KNOTS('',3,(#8218,#8219,#8220,#8221),
 .UNSPECIFIED.,.F.,.F.,(4,4),(2.59714391684433E-7,0.00042785213701022),
 .UNSPECIFIED.);
#4295=B_SPLINE_CURVE_WITH_KNOTS('',3,(#8223,#8224,#8225,#8226),
 .UNSPECIFIED.,.F.,.F.,(4,4),(2.59714391684396E-7,0.000427852137010219),
 .UNSPECIFIED.);
#4296=B_SPLINE_CURVE_WITH_KNOTS('',3,(#8230,#8231,#8232,#8233),
 .UNSPECIFIED.,.F.,.F.,(4,4),(2.58711202378053E-7,0.00118086369353398),
 .UNSPECIFIED.);
#4297=B_SPLINE_CURVE_WITH_KNOTS('',3,(#8235,#8236,#8237,#8238),
 .UNSPECIFIED.,.F.,.F.,(4,4),(2.5871120237807E-7,0.00118086369353398),
 .UNSPECIFIED.);
#4298=B_SPLINE_CURVE_WITH_KNOTS('',3,(#8242,#8243,#8244,#8245,#8246),
 .UNSPECIFIED.,.F.,.F.,(4,1,4),(2.46114711803039E-7,0.00154012400202797,
0.00308000188934413),.UNSPECIFIED.);
#4299=B_SPLINE_CURVE_WITH_KNOTS('',3,(#8248,#8249,#8250,#8251,#8252),
 .UNSPECIFIED.,.F.,.F.,(4,1,4),(2.46114711803019E-7,0.00154012400202797,
0.00308000188934414),.UNSPECIFIED.);
#4300=B_SPLINE_CURVE_WITH_KNOTS('',3,(#8259,#8260,#8261,#8262),
 .UNSPECIFIED.,.F.,.F.,(4,4),(2.03952942476719E-7,0.000427796375561044),
 .UNSPECIFIED.);
#4301=B_SPLINE_CURVE_WITH_KNOTS('',3,(#8266,#8267,#8268,#8269),
 .UNSPECIFIED.,.F.,.F.,(4,4),(2.03952942476701E-7,0.000427796375561044),
 .UNSPECIFIED.);
#4302=B_SPLINE_CURVE_WITH_KNOTS('',3,(#8274,#8275,#8276,#8277),
 .UNSPECIFIED.,.F.,.F.,(4,4),(2.47923255599238E-7,0.00145485194248227),
 .UNSPECIFIED.);
#4303=B_SPLINE_CURVE_WITH_KNOTS('',3,(#8278,#8279,#8280,#8281),
 .UNSPECIFIED.,.F.,.F.,(4,4),(2.47923255599222E-7,0.00145485194248227),
 .UNSPECIFIED.);
#4304=B_SPLINE_CURVE_WITH_KNOTS('',3,(#8283,#8284,#8285,#8286),
 .UNSPECIFIED.,.F.,.F.,(4,4),(2.02260189472286E-7,0.00118080724252047),
 .UNSPECIFIED.);
#4305=B_SPLINE_CURVE_WITH_KNOTS('',3,(#8287,#8288,#8289,#8290),
 .UNSPECIFIED.,.F.,.F.,(4,4),(2.02260189472303E-7,0.00118080724252047),
 .UNSPECIFIED.);
#4306=B_SPLINE_CURVE_WITH_KNOTS('',3,(#8295,#8296,#8297,#8298),
 .UNSPECIFIED.,.F.,.F.,(4,4),(1.99148599816918E-7,0.00145480310603498),
 .UNSPECIFIED.);
#4307=B_SPLINE_CURVE_WITH_KNOTS('',3,(#8303,#8304,#8305,#8306),
 .UNSPECIFIED.,.F.,.F.,(4,4),(1.99148599816933E-7,0.00145480310603499),
 .UNSPECIFIED.);
#4308=B_SPLINE_CURVE_WITH_KNOTS('',3,(#8310,#8311,#8312,#8313),
 .UNSPECIFIED.,.F.,.F.,(4,4),(2.47657610542395E-7,0.000427840080229074),
 .UNSPECIFIED.);
#4309=B_SPLINE_CURVE_WITH_KNOTS('',3,(#8315,#8316,#8317,#8318),
 .UNSPECIFIED.,.F.,.F.,(4,4),(2.47657610542414E-7,0.000427840080229074),
 .UNSPECIFIED.);
#4310=B_SPLINE_CURVE_WITH_KNOTS('',3,(#8322,#8323,#8324,#8325),
 .UNSPECIFIED.,.F.,.F.,(4,4),(2.4434426459222E-7,0.00118084932658965),
 .UNSPECIFIED.);
#4311=B_SPLINE_CURVE_WITH_KNOTS('',3,(#8327,#8328,#8329,#8330),
 .UNSPECIFIED.,.F.,.F.,(4,4),(2.4434426459222E-7,0.00118084932658965),
 .UNSPECIFIED.);
#4312=B_SPLINE_CURVE_WITH_KNOTS('',3,(#8334,#8335,#8336,#8337,#8338),
 .UNSPECIFIED.,.F.,.F.,(4,1,4),(2.11522478902533E-7,0.00154008926535305,
0.00307996700822719),.UNSPECIFIED.);
#4313=B_SPLINE_CURVE_WITH_KNOTS('',3,(#8340,#8341,#8342,#8343,#8344),
 .UNSPECIFIED.,.F.,.F.,(4,1,4),(2.11522478903154E-7,0.00154008926535305,
0.00307996700822719),.UNSPECIFIED.);
#4314=B_SPLINE_CURVE_WITH_KNOTS('',3,(#8351,#8352,#8353,#8354),
 .UNSPECIFIED.,.F.,.F.,(4,4),(2.06293886979195E-7,0.00042779871650549),
 .UNSPECIFIED.);
#4315=B_SPLINE_CURVE_WITH_KNOTS('',3,(#8358,#8359,#8360,#8361),
 .UNSPECIFIED.,.F.,.F.,(4,4),(2.06293886979177E-7,0.00042779871650549),
 .UNSPECIFIED.);
#4316=B_SPLINE_CURVE_WITH_KNOTS('',3,(#8366,#8367,#8368,#8369),
 .UNSPECIFIED.,.F.,.F.,(4,4),(2.11910245910261E-7,0.00145481560282335),
 .UNSPECIFIED.);
#4317=B_SPLINE_CURVE_WITH_KNOTS('',3,(#8370,#8371,#8372,#8373),
 .UNSPECIFIED.,.F.,.F.,(4,4),(2.11910245910261E-7,0.00145481560282334),
 .UNSPECIFIED.);
#4318=B_SPLINE_CURVE_WITH_KNOTS('',3,(#8375,#8376,#8377,#8378),
 .UNSPECIFIED.,.F.,.F.,(4,4),(2.04204787053753E-7,0.00118080918711962),
 .UNSPECIFIED.);
#4319=B_SPLINE_CURVE_WITH_KNOTS('',3,(#8379,#8380,#8381,#8382),
 .UNSPECIFIED.,.F.,.F.,(4,4),(2.04204787053736E-7,0.00118080918711962),
 .UNSPECIFIED.);
#4320=B_SPLINE_CURVE_WITH_KNOTS('',3,(#8387,#8388,#8389,#8390),
 .UNSPECIFIED.,.F.,.F.,(4,4),(2.03225626977918E-7,0.00145480690737931),
 .UNSPECIFIED.);
#4321=B_SPLINE_CURVE_WITH_KNOTS('',3,(#8395,#8396,#8397,#8398),
 .UNSPECIFIED.,.F.,.F.,(4,4),(2.03225626977933E-7,0.00145480690737931),
 .UNSPECIFIED.);
#4322=B_SPLINE_CURVE_WITH_KNOTS('',3,(#8402,#8403,#8404,#8405),
 .UNSPECIFIED.,.F.,.F.,(4,4),(2.14095148237603E-7,0.00042780651776677),
 .UNSPECIFIED.);
#4323=B_SPLINE_CURVE_WITH_KNOTS('',3,(#8407,#8408,#8409,#8410),
 .UNSPECIFIED.,.F.,.F.,(4,4),(2.1409514823764E-7,0.00042780651776677),
 .UNSPECIFIED.);
#4324=B_SPLINE_CURVE_WITH_KNOTS('',3,(#8414,#8415,#8416,#8417),
 .UNSPECIFIED.,.F.,.F.,(4,4),(2.11720249342815E-7,0.00118081670258115),
 .UNSPECIFIED.);
#4325=B_SPLINE_CURVE_WITH_KNOTS('',3,(#8419,#8420,#8421,#8422),
 .UNSPECIFIED.,.F.,.F.,(4,4),(2.117202493462E-7,0.00118081670258115),
 .UNSPECIFIED.);
#4326=B_SPLINE_CURVE_WITH_KNOTS('',3,(#8426,#8427,#8428,#8429,#8430),
 .UNSPECIFIED.,.F.,.F.,(4,1,4),(1.99637626954433E-7,0.0015400773549253,
0.00307995507222365),.UNSPECIFIED.);
#4327=B_SPLINE_CURVE_WITH_KNOTS('',3,(#8432,#8433,#8434,#8435,#8436),
 .UNSPECIFIED.,.F.,.F.,(4,1,4),(1.9963762695446E-7,0.0015400773549253,0.00307995507222365),
 .UNSPECIFIED.);
#4328=B_SPLINE_CURVE_WITH_KNOTS('',3,(#8443,#8444,#8445,#8446),
 .UNSPECIFIED.,.F.,.F.,(4,4),(2.27319063484015E-7,0.000427819741682035),
 .UNSPECIFIED.);
#4329=B_SPLINE_CURVE_WITH_KNOTS('',3,(#8450,#8451,#8452,#8453),
 .UNSPECIFIED.,.F.,.F.,(4,4),(2.27319063488647E-7,0.000427819741682036),
 .UNSPECIFIED.);
#4330=B_SPLINE_CURVE_WITH_KNOTS('',3,(#8458,#8459,#8460,#8461),
 .UNSPECIFIED.,.F.,.F.,(4,4),(1.99118845663982E-7,0.00145480288500948),
 .UNSPECIFIED.);
#4331=B_SPLINE_CURVE_WITH_KNOTS('',3,(#8462,#8463,#8464,#8465),
 .UNSPECIFIED.,.F.,.F.,(4,4),(1.99118845663998E-7,0.00145480288500948),
 .UNSPECIFIED.);
#4332=B_SPLINE_CURVE_WITH_KNOTS('',3,(#8467,#8468,#8469,#8470),
 .UNSPECIFIED.,.F.,.F.,(4,4),(2.2455613542507E-7,0.00118082953846507),
 .UNSPECIFIED.);
#4333=B_SPLINE_CURVE_WITH_KNOTS('',3,(#8471,#8472,#8473,#8474),
 .UNSPECIFIED.,.F.,.F.,(4,4),(2.24556135425087E-7,0.00118082953846507),
 .UNSPECIFIED.);
#4334=B_SPLINE_CURVE_WITH_KNOTS('',3,(#8479,#8480,#8481,#8482),
 .UNSPECIFIED.,.F.,.F.,(4,4),(2.26180448447873E-7,0.00145482998051652),
 .UNSPECIFIED.);
#4335=B_SPLINE_CURVE_WITH_KNOTS('',3,(#8487,#8488,#8489,#8490),
 .UNSPECIFIED.,.F.,.F.,(4,4),(2.26180448447843E-7,0.00145482998051653),
 .UNSPECIFIED.);
#4336=B_SPLINE_CURVE_WITH_KNOTS('',3,(#8494,#8495,#8496,#8497),
 .UNSPECIFIED.,.F.,.F.,(4,4),(2.03028943152032E-7,0.000427795451561687),
 .UNSPECIFIED.);
#4337=B_SPLINE_CURVE_WITH_KNOTS('',3,(#8499,#8500,#8501,#8502),
 .UNSPECIFIED.,.F.,.F.,(4,4),(2.03028943152032E-7,0.000427795451561687),
 .UNSPECIFIED.);
#4338=B_SPLINE_CURVE_WITH_KNOTS('',3,(#8506,#8507,#8508,#8509),
 .UNSPECIFIED.,.F.,.F.,(4,4),(2.0115927237746E-7,0.00118080614160471),
 .UNSPECIFIED.);
#4339=B_SPLINE_CURVE_WITH_KNOTS('',3,(#8511,#8512,#8513,#8514),
 .UNSPECIFIED.,.F.,.F.,(4,4),(2.01159272377443E-7,0.00118080614160471),
 .UNSPECIFIED.);
#4340=B_SPLINE_CURVE_WITH_KNOTS('',3,(#8518,#8519,#8520,#8521,#8522),
 .UNSPECIFIED.,.F.,.F.,(4,1,4),(2.04720549111235E-7,0.00154008251856386,
0.00307996031657861),.UNSPECIFIED.);
#4341=B_SPLINE_CURVE_WITH_KNOTS('',3,(#8524,#8525,#8526,#8527,#8528),
 .UNSPECIFIED.,.F.,.F.,(4,1,4),(2.04720549111255E-7,0.00154008251856386,
0.00307996031657861),.UNSPECIFIED.);
#4342=B_SPLINE_CURVE_WITH_KNOTS('',3,(#8535,#8536,#8537,#8538),
 .UNSPECIFIED.,.F.,.F.,(4,4),(2.78213361772449E-7,0.000427870635980315),
 .UNSPECIFIED.);
#4343=B_SPLINE_CURVE_WITH_KNOTS('',3,(#8542,#8543,#8544,#8545),
 .UNSPECIFIED.,.F.,.F.,(4,4),(2.78213361772467E-7,0.000427870635980317),
 .UNSPECIFIED.);
#4344=B_SPLINE_CURVE_WITH_KNOTS('',3,(#8550,#8551,#8552,#8553),
 .UNSPECIFIED.,.F.,.F.,(4,4),(2.03317937932042E-7,0.00145480760268429),
 .UNSPECIFIED.);
#4345=B_SPLINE_CURVE_WITH_KNOTS('',3,(#8554,#8555,#8556,#8557),
 .UNSPECIFIED.,.F.,.F.,(4,4),(2.03317937932027E-7,0.00145480760268429),
 .UNSPECIFIED.);
#4346=B_SPLINE_CURVE_WITH_KNOTS('',3,(#8559,#8560,#8561,#8562),
 .UNSPECIFIED.,.F.,.F.,(4,4),(2.74075951151277E-7,0.00118087905826646),
 .UNSPECIFIED.);
#4347=B_SPLINE_CURVE_WITH_KNOTS('',3,(#8563,#8564,#8565,#8566),
 .UNSPECIFIED.,.F.,.F.,(4,4),(2.74075951151294E-7,0.00118087905826646),
 .UNSPECIFIED.);
#4348=B_SPLINE_CURVE_WITH_KNOTS('',3,(#8571,#8572,#8573,#8574),
 .UNSPECIFIED.,.F.,.F.,(4,4),(2.80611899204018E-7,0.00145488499647962),
 .UNSPECIFIED.);
#4349=B_SPLINE_CURVE_WITH_KNOTS('',3,(#8579,#8580,#8581,#8582),
 .UNSPECIFIED.,.F.,.F.,(4,4),(2.80611899203925E-7,0.00145488499647962),
 .UNSPECIFIED.);
#4350=B_SPLINE_CURVE_WITH_KNOTS('',3,(#8586,#8587,#8588,#8589),
 .UNSPECIFIED.,.F.,.F.,(4,4),(2.0916280912969E-7,0.000427801585427655),
 .UNSPECIFIED.);
#4351=B_SPLINE_CURVE_WITH_KNOTS('',3,(#8591,#8592,#8593,#8594),
 .UNSPECIFIED.,.F.,.F.,(4,4),(2.09162809129638E-7,0.000427801585427658),
 .UNSPECIFIED.);
#4352=B_SPLINE_CURVE_WITH_KNOTS('',3,(#8598,#8599,#8600,#8601),
 .UNSPECIFIED.,.F.,.F.,(4,4),(2.07623039031878E-7,0.0011808126053671),
 .UNSPECIFIED.);
#4353=B_SPLINE_CURVE_WITH_KNOTS('',3,(#8603,#8604,#8605,#8606),
 .UNSPECIFIED.,.F.,.F.,(4,4),(2.07623039031912E-7,0.0011808126053671),
 .UNSPECIFIED.);
#4354=B_SPLINE_CURVE_WITH_KNOTS('',3,(#8610,#8611,#8612,#8613,#8614),
 .UNSPECIFIED.,.F.,.F.,(4,1,4),(2.29114852645532E-7,0.00154010714234077,
0.00307998516982889),.UNSPECIFIED.);
#4355=B_SPLINE_CURVE_WITH_KNOTS('',3,(#8616,#8617,#8618,#8619,#8620),
 .UNSPECIFIED.,.F.,.F.,(4,1,4),(2.29114852645559E-7,0.00154010714234077,
0.00307998516982889),.UNSPECIFIED.);
#4356=B_SPLINE_CURVE_WITH_KNOTS('',3,(#8627,#8628,#8629,#8630),
 .UNSPECIFIED.,.F.,.F.,(4,4),(2.35338534015474E-7,0.000427827761152554),
 .UNSPECIFIED.);
#4357=B_SPLINE_CURVE_WITH_KNOTS('',3,(#8634,#8635,#8636,#8637),
 .UNSPECIFIED.,.F.,.F.,(4,4),(2.35338534015438E-7,0.000427827761152553),
 .UNSPECIFIED.);
#4358=B_SPLINE_CURVE_WITH_KNOTS('',3,(#8642,#8643,#8644,#8645),
 .UNSPECIFIED.,.F.,.F.,(4,4),(2.26437359726182E-7,0.00145483054323596),
 .UNSPECIFIED.);
#4359=B_SPLINE_CURVE_WITH_KNOTS('',3,(#8646,#8647,#8648,#8649),
 .UNSPECIFIED.,.F.,.F.,(4,4),(2.26437359726182E-7,0.00145483054323596),
 .UNSPECIFIED.);
#4360=B_SPLINE_CURVE_WITH_KNOTS('',3,(#8651,#8652,#8653,#8654),
 .UNSPECIFIED.,.F.,.F.,(4,4),(2.34111540623536E-7,0.00118083909385832),
 .UNSPECIFIED.);
#4361=B_SPLINE_CURVE_WITH_KNOTS('',3,(#8655,#8656,#8657,#8658),
 .UNSPECIFIED.,.F.,.F.,(4,4),(2.34111540623556E-7,0.00118083909385832),
 .UNSPECIFIED.);
#4362=B_SPLINE_CURVE_WITH_KNOTS('',3,(#8663,#8664,#8665,#8666),
 .UNSPECIFIED.,.F.,.F.,(4,4),(2.26437359710054E-7,0.00145483054323595),
 .UNSPECIFIED.);
#4363=B_SPLINE_CURVE_WITH_KNOTS('',3,(#8671,#8672,#8673,#8674),
 .UNSPECIFIED.,.F.,.F.,(4,4),(2.26437359709366E-7,0.00145483054323595),
 .UNSPECIFIED.);
#4364=B_SPLINE_CURVE_WITH_KNOTS('',3,(#8678,#8679,#8680,#8681),
 .UNSPECIFIED.,.F.,.F.,(4,4),(2.3533853401108E-7,0.000427827761152556),
 .UNSPECIFIED.);
#4365=B_SPLINE_CURVE_WITH_KNOTS('',3,(#8683,#8684,#8685,#8686),
 .UNSPECIFIED.,.F.,.F.,(4,4),(2.35338534011044E-7,0.000427827761152555),
 .UNSPECIFIED.);
#4366=B_SPLINE_CURVE_WITH_KNOTS('',3,(#8690,#8691,#8692,#8693),
 .UNSPECIFIED.,.F.,.F.,(4,4),(2.34111540623915E-7,0.00118083909385832),
 .UNSPECIFIED.);
#4367=B_SPLINE_CURVE_WITH_KNOTS('',3,(#8695,#8696,#8697,#8698),
 .UNSPECIFIED.,.F.,.F.,(4,4),(2.34111540623773E-7,0.00118083909385832),
 .UNSPECIFIED.);
#4368=B_SPLINE_CURVE_WITH_KNOTS('',3,(#8702,#8703,#8704,#8705,#8706),
 .UNSPECIFIED.,.F.,.F.,(4,1,4),(2.77549126653221E-7,0.00154015557493654,
0.00308003360074642),.UNSPECIFIED.);
#4369=B_SPLINE_CURVE_WITH_KNOTS('',3,(#8708,#8709,#8710,#8711,#8712),
 .UNSPECIFIED.,.F.,.F.,(4,1,4),(2.77549126653214E-7,0.00154015557493654,
0.00308003360074642),.UNSPECIFIED.);
#4370=B_SPLINE_CURVE_WITH_KNOTS('',3,(#8719,#8720,#8721,#8722),
 .UNSPECIFIED.,.F.,.F.,(4,4),(2.0916280912969E-7,0.000427801585427658),
 .UNSPECIFIED.);
#4371=B_SPLINE_CURVE_WITH_KNOTS('',3,(#8726,#8727,#8728,#8729),
 .UNSPECIFIED.,.F.,.F.,(4,4),(2.09162809129638E-7,0.000427801585427658),
 .UNSPECIFIED.);
#4372=B_SPLINE_CURVE_WITH_KNOTS('',3,(#8734,#8735,#8736,#8737),
 .UNSPECIFIED.,.F.,.F.,(4,4),(2.80611899246245E-7,0.00145488499647966),
 .UNSPECIFIED.);
#4373=B_SPLINE_CURVE_WITH_KNOTS('',3,(#8738,#8739,#8740,#8741),
 .UNSPECIFIED.,.F.,.F.,(4,4),(2.80611899246214E-7,0.00145488499647966),
 .UNSPECIFIED.);
#4374=B_SPLINE_CURVE_WITH_KNOTS('',3,(#8743,#8744,#8745,#8746),
 .UNSPECIFIED.,.F.,.F.,(4,4),(2.07623039032027E-7,0.0011808126053671),
 .UNSPECIFIED.);
#4375=B_SPLINE_CURVE_WITH_KNOTS('',3,(#8747,#8748,#8749,#8750),
 .UNSPECIFIED.,.F.,.F.,(4,4),(2.07623039031912E-7,0.0011808126053671),
 .UNSPECIFIED.);
#4376=B_SPLINE_CURVE_WITH_KNOTS('',3,(#8755,#8756,#8757,#8758),
 .UNSPECIFIED.,.F.,.F.,(4,4),(2.03317937892662E-7,0.00145480760268427),
 .UNSPECIFIED.);
#4377=B_SPLINE_CURVE_WITH_KNOTS('',3,(#8763,#8764,#8765,#8766),
 .UNSPECIFIED.,.F.,.F.,(4,4),(2.03317937892662E-7,0.00145480760268427),
 .UNSPECIFIED.);
#4378=B_SPLINE_CURVE_WITH_KNOTS('',3,(#8770,#8771,#8772,#8773),
 .UNSPECIFIED.,.F.,.F.,(4,4),(2.78213361772521E-7,0.000427870635980331),
 .UNSPECIFIED.);
#4379=B_SPLINE_CURVE_WITH_KNOTS('',3,(#8775,#8776,#8777,#8778),
 .UNSPECIFIED.,.F.,.F.,(4,4),(2.78213361772467E-7,0.000427870635980331),
 .UNSPECIFIED.);
#4380=B_SPLINE_CURVE_WITH_KNOTS('',3,(#8782,#8783,#8784,#8785),
 .UNSPECIFIED.,.F.,.F.,(4,4),(2.74075951151277E-7,0.00118087905826646),
 .UNSPECIFIED.);
#4381=B_SPLINE_CURVE_WITH_KNOTS('',3,(#8787,#8788,#8789,#8790),
 .UNSPECIFIED.,.F.,.F.,(4,4),(2.7407595115126E-7,0.00118087905826646),
 .UNSPECIFIED.);
#4382=B_SPLINE_CURVE_WITH_KNOTS('',3,(#8794,#8795,#8796,#8797,#8798),
 .UNSPECIFIED.,.F.,.F.,(4,1,4),(2.25195145226361E-7,0.00154010299247317,
0.00307998078980111),.UNSPECIFIED.);
#4383=B_SPLINE_CURVE_WITH_KNOTS('',3,(#8800,#8801,#8802,#8803,#8804),
 .UNSPECIFIED.,.F.,.F.,(4,1,4),(2.25195145226354E-7,0.00154010299247317,
0.00307998078980111),.UNSPECIFIED.);
#4384=B_SPLINE_CURVE_WITH_KNOTS('',3,(#8811,#8812,#8813,#8814),
 .UNSPECIFIED.,.F.,.F.,(4,4),(2.03028943152032E-7,0.000427795451561687),
 .UNSPECIFIED.);
#4385=B_SPLINE_CURVE_WITH_KNOTS('',3,(#8818,#8819,#8820,#8821),
 .UNSPECIFIED.,.F.,.F.,(4,4),(2.03028943152032E-7,0.000427795451561687),
 .UNSPECIFIED.);
#4386=B_SPLINE_CURVE_WITH_KNOTS('',3,(#8826,#8827,#8828,#8829),
 .UNSPECIFIED.,.F.,.F.,(4,4),(2.26180448444561E-7,0.00145482998051653),
 .UNSPECIFIED.);
#4387=B_SPLINE_CURVE_WITH_KNOTS('',3,(#8830,#8831,#8832,#8833),
 .UNSPECIFIED.,.F.,.F.,(4,4),(2.26180448447843E-7,0.00145482998051653),
 .UNSPECIFIED.);
#4388=B_SPLINE_CURVE_WITH_KNOTS('',3,(#8835,#8836,#8837,#8838),
 .UNSPECIFIED.,.F.,.F.,(4,4),(2.0115927237746E-7,0.00118080614160471),
 .UNSPECIFIED.);
#4389=B_SPLINE_CURVE_WITH_KNOTS('',3,(#8839,#8840,#8841,#8842),
 .UNSPECIFIED.,.F.,.F.,(4,4),(2.01159272377443E-7,0.00118080614160471),
 .UNSPECIFIED.);
#4390=B_SPLINE_CURVE_WITH_KNOTS('',3,(#8847,#8848,#8849,#8850),
 .UNSPECIFIED.,.F.,.F.,(4,4),(1.99118845667522E-7,0.00145480288500949),
 .UNSPECIFIED.);
#4391=B_SPLINE_CURVE_WITH_KNOTS('',3,(#8855,#8856,#8857,#8858),
 .UNSPECIFIED.,.F.,.F.,(4,4),(1.99118845667507E-7,0.00145480288500949),
 .UNSPECIFIED.);
#4392=B_SPLINE_CURVE_WITH_KNOTS('',3,(#8862,#8863,#8864,#8865),
 .UNSPECIFIED.,.F.,.F.,(4,4),(2.27319063488683E-7,0.000427819741682036),
 .UNSPECIFIED.);
#4393=B_SPLINE_CURVE_WITH_KNOTS('',3,(#8867,#8868,#8869,#8870),
 .UNSPECIFIED.,.F.,.F.,(4,4),(2.27319063488647E-7,0.000427819741682036),
 .UNSPECIFIED.);
#4394=B_SPLINE_CURVE_WITH_KNOTS('',3,(#8874,#8875,#8876,#8877),
 .UNSPECIFIED.,.F.,.F.,(4,4),(2.2455613542507E-7,0.00118082953846507),
 .UNSPECIFIED.);
#4395=B_SPLINE_CURVE_WITH_KNOTS('',3,(#8879,#8880,#8881,#8882),
 .UNSPECIFIED.,.F.,.F.,(4,4),(2.24556135425087E-7,0.00118082953846507),
 .UNSPECIFIED.);
#4396=B_SPLINE_CURVE_WITH_KNOTS('',3,(#8886,#8887,#8888,#8889,#8890),
 .UNSPECIFIED.,.F.,.F.,(4,1,4),(2.03317420939514E-7,0.00154008103459728,
0.00307995875177363),.UNSPECIFIED.);
#4397=B_SPLINE_CURVE_WITH_KNOTS('',3,(#8892,#8893,#8894,#8895,#8896),
 .UNSPECIFIED.,.F.,.F.,(4,1,4),(2.03317420939534E-7,0.00154008103459728,
0.00307995875177363),.UNSPECIFIED.);
#4398=B_SPLINE_CURVE_WITH_KNOTS('',3,(#8903,#8904,#8905,#8906),
 .UNSPECIFIED.,.F.,.F.,(4,4),(2.14095148237603E-7,0.00042780651776677),
 .UNSPECIFIED.);
#4399=B_SPLINE_CURVE_WITH_KNOTS('',3,(#8910,#8911,#8912,#8913),
 .UNSPECIFIED.,.F.,.F.,(4,4),(2.1409514823764E-7,0.00042780651776677),
 .UNSPECIFIED.);
#4400=B_SPLINE_CURVE_WITH_KNOTS('',3,(#8918,#8919,#8920,#8921),
 .UNSPECIFIED.,.F.,.F.,(4,4),(2.03225626977918E-7,0.00145480690737931),
 .UNSPECIFIED.);
#4401=B_SPLINE_CURVE_WITH_KNOTS('',3,(#8922,#8923,#8924,#8925),
 .UNSPECIFIED.,.F.,.F.,(4,4),(2.03225626977918E-7,0.00145480690737931),
 .UNSPECIFIED.);
#4402=B_SPLINE_CURVE_WITH_KNOTS('',3,(#8927,#8928,#8929,#8930),
 .UNSPECIFIED.,.F.,.F.,(4,4),(2.11720249346183E-7,0.00118081670258115),
 .UNSPECIFIED.);
#4403=B_SPLINE_CURVE_WITH_KNOTS('',3,(#8931,#8932,#8933,#8934),
 .UNSPECIFIED.,.F.,.F.,(4,4),(2.117202493462E-7,0.00118081670258115),
 .UNSPECIFIED.);
#4404=B_SPLINE_CURVE_WITH_KNOTS('',3,(#8939,#8940,#8941,#8942),
 .UNSPECIFIED.,.F.,.F.,(4,4),(2.11910245857E-7,0.00145481560282334),
 .UNSPECIFIED.);
#4405=B_SPLINE_CURVE_WITH_KNOTS('',3,(#8947,#8948,#8949,#8950),
 .UNSPECIFIED.,.F.,.F.,(4,4),(2.11910245857E-7,0.00145481560282334),
 .UNSPECIFIED.);
#4406=B_SPLINE_CURVE_WITH_KNOTS('',3,(#8954,#8955,#8956,#8957),
 .UNSPECIFIED.,.F.,.F.,(4,4),(2.06293886975686E-7,0.000427798716505486),
 .UNSPECIFIED.);
#4407=B_SPLINE_CURVE_WITH_KNOTS('',3,(#8959,#8960,#8961,#8962),
 .UNSPECIFIED.,.F.,.F.,(4,4),(2.06293886975704E-7,0.000427798716505486),
 .UNSPECIFIED.);
#4408=B_SPLINE_CURVE_WITH_KNOTS('',3,(#8966,#8967,#8968,#8969),
 .UNSPECIFIED.,.F.,.F.,(4,4),(2.0420478705033E-7,0.00118080918711962),
 .UNSPECIFIED.);
#4409=B_SPLINE_CURVE_WITH_KNOTS('',3,(#8971,#8972,#8973,#8974),
 .UNSPECIFIED.,.F.,.F.,(4,4),(2.04204787053736E-7,0.00118080918711962),
 .UNSPECIFIED.);
#4410=B_SPLINE_CURVE_WITH_KNOTS('',3,(#8978,#8979,#8980,#8981,#8982),
 .UNSPECIFIED.,.F.,.F.,(4,1,4),(2.00089584742751E-7,0.00154007783283937,
0.003079955576094),.UNSPECIFIED.);
#4411=B_SPLINE_CURVE_WITH_KNOTS('',3,(#8984,#8985,#8986,#8987,#8988),
 .UNSPECIFIED.,.F.,.F.,(4,1,4),(2.00089584742778E-7,0.00154007783283937,
0.00307995557609401),.UNSPECIFIED.);
#4412=B_SPLINE_CURVE_WITH_KNOTS('',3,(#8995,#8996,#8997,#8998),
 .UNSPECIFIED.,.F.,.F.,(4,4),(2.47657610542395E-7,0.000427840080229074),
 .UNSPECIFIED.);
#4413=B_SPLINE_CURVE_WITH_KNOTS('',3,(#9002,#9003,#9004,#9005),
 .UNSPECIFIED.,.F.,.F.,(4,4),(2.47657610542414E-7,0.000427840080229074),
 .UNSPECIFIED.);
#4414=B_SPLINE_CURVE_WITH_KNOTS('',3,(#9010,#9011,#9012,#9013),
 .UNSPECIFIED.,.F.,.F.,(4,4),(1.99148599816918E-7,0.00145480310603498),
 .UNSPECIFIED.);
#4415=B_SPLINE_CURVE_WITH_KNOTS('',3,(#9014,#9015,#9016,#9017),
 .UNSPECIFIED.,.F.,.F.,(4,4),(1.99148599816933E-7,0.00145480310603498),
 .UNSPECIFIED.);
#4416=B_SPLINE_CURVE_WITH_KNOTS('',3,(#9019,#9020,#9021,#9022),
 .UNSPECIFIED.,.F.,.F.,(4,4),(2.4434426459222E-7,0.00118084932658967),
 .UNSPECIFIED.);
#4417=B_SPLINE_CURVE_WITH_KNOTS('',3,(#9023,#9024,#9025,#9026),
 .UNSPECIFIED.,.F.,.F.,(4,4),(2.4434426459222E-7,0.00118084932658967),
 .UNSPECIFIED.);
#4418=B_SPLINE_CURVE_WITH_KNOTS('',2,(#9056,#9057,#9058),.UNSPECIFIED.,
 .F.,.F.,(3,3),(0.,1.),.UNSPECIFIED.);
#4419=B_SPLINE_CURVE_WITH_KNOTS('',2,(#9064,#9065,#9066),.UNSPECIFIED.,
 .F.,.F.,(3,3),(0.,1.),.UNSPECIFIED.);
#4420=B_SPLINE_CURVE_WITH_KNOTS('',2,(#9068,#9069,#9070),.UNSPECIFIED.,
 .F.,.F.,(3,3),(0.,1.),.UNSPECIFIED.);
#4421=B_SPLINE_CURVE_WITH_KNOTS('',2,(#9074,#9075,#9076),.UNSPECIFIED.,
 .F.,.F.,(3,3),(0.,1.),.UNSPECIFIED.);
#4422=B_SPLINE_CURVE_WITH_KNOTS('',2,(#9080,#9081,#9082),.UNSPECIFIED.,
 .F.,.F.,(3,3),(0.,1.),.UNSPECIFIED.);
#4423=B_SPLINE_CURVE_WITH_KNOTS('',2,(#9084,#9085,#9086),.UNSPECIFIED.,
 .F.,.F.,(3,3),(0.,1.),.UNSPECIFIED.);
#4424=B_SPLINE_CURVE_WITH_KNOTS('',2,(#9088,#9089,#9090),.UNSPECIFIED.,
 .F.,.F.,(3,3),(0.,1.),.UNSPECIFIED.);
#4425=B_SPLINE_CURVE_WITH_KNOTS('',2,(#9094,#9095,#9096),.UNSPECIFIED.,
 .F.,.F.,(3,3),(0.,1.),.UNSPECIFIED.);
#4426=B_SPLINE_CURVE_WITH_KNOTS('',2,(#9123,#9124,#9125),.UNSPECIFIED.,
 .F.,.F.,(3,3),(0.,1.),.UNSPECIFIED.);
#4427=B_SPLINE_CURVE_WITH_KNOTS('',2,(#9132,#9133,#9134),.UNSPECIFIED.,
 .F.,.F.,(3,3),(0.,1.),.UNSPECIFIED.);
#4428=B_SPLINE_CURVE_WITH_KNOTS('',2,(#9136,#9137,#9138),.UNSPECIFIED.,
 .F.,.F.,(3,3),(0.,1.),.UNSPECIFIED.);
#4429=B_SPLINE_CURVE_WITH_KNOTS('',2,(#9140,#9141,#9142),.UNSPECIFIED.,
 .F.,.F.,(3,3),(0.,1.),.UNSPECIFIED.);
#4430=B_SPLINE_CURVE_WITH_KNOTS('',2,(#9144,#9145,#9146),.UNSPECIFIED.,
 .F.,.F.,(3,3),(0.,1.),.UNSPECIFIED.);
#4431=B_SPLINE_CURVE_WITH_KNOTS('',2,(#9148,#9149,#9150),.UNSPECIFIED.,
 .F.,.F.,(3,3),(0.,1.),.UNSPECIFIED.);
#4432=B_SPLINE_CURVE_WITH_KNOTS('',2,(#9154,#9155,#9156),.UNSPECIFIED.,
 .F.,.F.,(3,3),(0.,1.),.UNSPECIFIED.);
#4433=B_SPLINE_CURVE_WITH_KNOTS('',2,(#9158,#9159,#9160),.UNSPECIFIED.,
 .F.,.F.,(3,3),(0.,1.),.UNSPECIFIED.);
#4434=B_SPLINE_CURVE_WITH_KNOTS('',2,(#9162,#9163,#9164),.UNSPECIFIED.,
 .F.,.F.,(3,3),(0.,1.),.UNSPECIFIED.);
#4435=B_SPLINE_CURVE_WITH_KNOTS('',2,(#9166,#9167,#9168),.UNSPECIFIED.,
 .F.,.F.,(3,3),(0.,1.),.UNSPECIFIED.);
#4436=B_SPLINE_CURVE_WITH_KNOTS('',2,(#9172,#9173,#9174),.UNSPECIFIED.,
 .F.,.F.,(3,3),(0.,1.),.UNSPECIFIED.);
#4437=B_SPLINE_CURVE_WITH_KNOTS('',2,(#9196,#9197,#9198),.UNSPECIFIED.,
 .F.,.F.,(3,3),(0.,1.),.UNSPECIFIED.);
#4438=B_SPLINE_CURVE_WITH_KNOTS('',2,(#9204,#9205,#9206),.UNSPECIFIED.,
 .F.,.F.,(3,3),(0.,1.),.UNSPECIFIED.);
#4439=B_SPLINE_CURVE_WITH_KNOTS('',2,(#9208,#9209,#9210),.UNSPECIFIED.,
 .F.,.F.,(3,3),(0.,1.),.UNSPECIFIED.);
#4440=B_SPLINE_CURVE_WITH_KNOTS('',2,(#9214,#9215,#9216),.UNSPECIFIED.,
 .F.,.F.,(3,3),(0.,1.),.UNSPECIFIED.);
#4441=B_SPLINE_CURVE_WITH_KNOTS('',2,(#9220,#9221,#9222),.UNSPECIFIED.,
 .F.,.F.,(3,3),(0.,1.),.UNSPECIFIED.);
#4442=B_SPLINE_CURVE_WITH_KNOTS('',2,(#9224,#9225,#9226),.UNSPECIFIED.,
 .F.,.F.,(3,3),(0.,1.),.UNSPECIFIED.);
#4443=B_SPLINE_CURVE_WITH_KNOTS('',2,(#9228,#9229,#9230),.UNSPECIFIED.,
 .F.,.F.,(3,3),(0.,1.),.UNSPECIFIED.);
#4444=B_SPLINE_CURVE_WITH_KNOTS('',2,(#9234,#9235,#9236),.UNSPECIFIED.,
 .F.,.F.,(3,3),(0.,1.),.UNSPECIFIED.);
#4445=B_SPLINE_CURVE_WITH_KNOTS('',2,(#9456,#9457,#9458),.UNSPECIFIED.,
 .F.,.F.,(3,3),(0.,1.),.UNSPECIFIED.);
#4446=B_SPLINE_CURVE_WITH_KNOTS('',2,(#9473,#9474,#9475),.UNSPECIFIED.,
 .F.,.F.,(3,3),(0.,1.),.UNSPECIFIED.);
#4447=B_SPLINE_CURVE_WITH_KNOTS('',2,(#9486,#9487,#9488),.UNSPECIFIED.,
 .F.,.F.,(3,3),(0.,1.),.UNSPECIFIED.);
#4448=B_SPLINE_CURVE_WITH_KNOTS('',2,(#9499,#9500,#9501),.UNSPECIFIED.,
 .F.,.F.,(3,3),(0.,1.),.UNSPECIFIED.);
#4449=B_SPLINE_CURVE_WITH_KNOTS('',2,(#9516,#9517,#9518),.UNSPECIFIED.,
 .F.,.F.,(3,3),(0.,1.),.UNSPECIFIED.);
#4450=B_SPLINE_CURVE_WITH_KNOTS('',2,(#9533,#9534,#9535),.UNSPECIFIED.,
 .F.,.F.,(3,3),(0.,1.),.UNSPECIFIED.);
#4451=B_SPLINE_CURVE_WITH_KNOTS('',2,(#9546,#9547,#9548),.UNSPECIFIED.,
 .F.,.F.,(3,3),(0.,1.),.UNSPECIFIED.);
#4452=B_SPLINE_CURVE_WITH_KNOTS('',2,(#9567,#9568,#9569),.UNSPECIFIED.,
 .F.,.F.,(3,3),(0.,1.),.UNSPECIFIED.);
#4453=B_SPLINE_CURVE_WITH_KNOTS('',2,(#9616,#9617,#9618),.UNSPECIFIED.,
 .F.,.F.,(3,3),(0.,1.),.UNSPECIFIED.);
#4454=B_SPLINE_CURVE_WITH_KNOTS('',2,(#9631,#9632,#9633),.UNSPECIFIED.,
 .F.,.F.,(3,3),(0.,1.),.UNSPECIFIED.);
#4455=B_SPLINE_CURVE_WITH_KNOTS('',2,(#9648,#9649,#9650),.UNSPECIFIED.,
 .F.,.F.,(3,3),(0.,1.),.UNSPECIFIED.);
#4456=B_SPLINE_CURVE_WITH_KNOTS('',2,(#9661,#9662,#9663),.UNSPECIFIED.,
 .F.,.F.,(3,3),(0.,1.),.UNSPECIFIED.);
#4457=B_SPLINE_CURVE_WITH_KNOTS('',2,(#9674,#9675,#9676),.UNSPECIFIED.,
 .F.,.F.,(3,3),(0.,1.),.UNSPECIFIED.);
#4458=B_SPLINE_CURVE_WITH_KNOTS('',2,(#9687,#9688,#9689),.UNSPECIFIED.,
 .F.,.F.,(3,3),(0.,1.),.UNSPECIFIED.);
#4459=B_SPLINE_CURVE_WITH_KNOTS('',2,(#9704,#9705,#9706),.UNSPECIFIED.,
 .F.,.F.,(3,3),(0.,1.),.UNSPECIFIED.);
#4460=B_SPLINE_CURVE_WITH_KNOTS('',2,(#9717,#9718,#9719),.UNSPECIFIED.,
 .F.,.F.,(3,3),(0.,1.),.UNSPECIFIED.);
#4461=B_SPLINE_CURVE_WITH_KNOTS('',2,(#9730,#9731,#9732),.UNSPECIFIED.,
 .F.,.F.,(3,3),(0.,1.),.UNSPECIFIED.);
#4462=B_SPLINE_CURVE_WITH_KNOTS('',2,(#9743,#9744,#9745),.UNSPECIFIED.,
 .F.,.F.,(3,3),(0.,1.),.UNSPECIFIED.);
#4463=B_SPLINE_CURVE_WITH_KNOTS('',2,(#9756,#9757,#9758),.UNSPECIFIED.,
 .F.,.F.,(3,3),(0.,1.),.UNSPECIFIED.);
#4464=B_SPLINE_CURVE_WITH_KNOTS('',2,(#9835,#9836,#9837),.UNSPECIFIED.,
 .F.,.F.,(3,3),(0.,1.),.UNSPECIFIED.);
#4465=B_SPLINE_CURVE_WITH_KNOTS('',2,(#9852,#9853,#9854),.UNSPECIFIED.,
 .F.,.F.,(3,3),(0.,1.),.UNSPECIFIED.);
#4466=B_SPLINE_CURVE_WITH_KNOTS('',2,(#9865,#9866,#9867),.UNSPECIFIED.,
 .F.,.F.,(3,3),(0.,1.),.UNSPECIFIED.);
#4467=B_SPLINE_CURVE_WITH_KNOTS('',2,(#9878,#9879,#9880),.UNSPECIFIED.,
 .F.,.F.,(3,3),(0.,1.),.UNSPECIFIED.);
#4468=B_SPLINE_CURVE_WITH_KNOTS('',2,(#9895,#9896,#9897),.UNSPECIFIED.,
 .F.,.F.,(3,3),(0.,1.),.UNSPECIFIED.);
#4469=B_SPLINE_CURVE_WITH_KNOTS('',2,(#9912,#9913,#9914),.UNSPECIFIED.,
 .F.,.F.,(3,3),(0.,1.),.UNSPECIFIED.);
#4470=B_SPLINE_CURVE_WITH_KNOTS('',2,(#9925,#9926,#9927),.UNSPECIFIED.,
 .F.,.F.,(3,3),(0.,1.),.UNSPECIFIED.);
#4471=B_SPLINE_CURVE_WITH_KNOTS('',2,(#9946,#9947,#9948),.UNSPECIFIED.,
 .F.,.F.,(3,3),(0.,1.),.UNSPECIFIED.);
#4472=EDGE_LOOP('',(#1038,#1039,#1040,#1041));
#4473=EDGE_LOOP('',(#1042,#1043,#1044,#1045));
#4474=EDGE_LOOP('',(#1046,#1047,#1048,#1049));
#4475=EDGE_LOOP('',(#1050,#1051,#1052,#1053));
#4476=EDGE_LOOP('',(#1054,#1055,#1056,#1057));
#4477=EDGE_LOOP('',(#1058,#1059,#1060,#1061));
#4478=EDGE_LOOP('',(#1062,#1063,#1064,#1065));
#4479=EDGE_LOOP('',(#1066,#1067,#1068,#1069));
#4480=EDGE_LOOP('',(#1070,#1071,#1072,#1073));
#4481=EDGE_LOOP('',(#1074,#1075,#1076,#1077));
#4482=EDGE_LOOP('',(#1078,#1079,#1080,#1081));
#4483=EDGE_LOOP('',(#1082,#1083,#1084,#1085));
#4484=EDGE_LOOP('',(#1086,#1087,#1088,#1089));
#4485=EDGE_LOOP('',(#1090,#1091,#1092,#1093));
#4486=EDGE_LOOP('',(#1094,#1095,#1096,#1097));
#4487=EDGE_LOOP('',(#1098,#1099,#1100,#1101));
#4488=EDGE_LOOP('',(#1102,#1103,#1104,#1105));
#4489=EDGE_LOOP('',(#1106,#1107,#1108,#1109));
#4490=EDGE_LOOP('',(#1110,#1111,#1112,#1113));
#4491=EDGE_LOOP('',(#1114,#1115,#1116,#1117));
#4492=EDGE_LOOP('',(#1118,#1119,#1120,#1121));
#4493=EDGE_LOOP('',(#1122,#1123,#1124,#1125));
#4494=EDGE_LOOP('',(#1126,#1127,#1128,#1129));
#4495=EDGE_LOOP('',(#1130,#1131,#1132,#1133));
#4496=EDGE_LOOP('',(#1134,#1135,#1136,#1137));
#4497=EDGE_LOOP('',(#1138,#1139,#1140,#1141));
#4498=EDGE_LOOP('',(#1142,#1143,#1144,#1145));
#4499=EDGE_LOOP('',(#1146,#1147,#1148,#1149));
#4500=EDGE_LOOP('',(#1150,#1151,#1152,#1153));
#4501=EDGE_LOOP('',(#1154,#1155,#1156,#1157));
#4502=EDGE_LOOP('',(#1158,#1159,#1160,#1161));
#4503=EDGE_LOOP('',(#1162,#1163,#1164,#1165));
#4504=EDGE_LOOP('',(#1166,#1167,#1168,#1169));
#4505=EDGE_LOOP('',(#1170,#1171,#1172,#1173));
#4506=EDGE_LOOP('',(#1174,#1175,#1176,#1177));
#4507=EDGE_LOOP('',(#1178,#1179,#1180,#1181));
#4508=EDGE_LOOP('',(#1182,#1183,#1184,#1185));
#4509=EDGE_LOOP('',(#1186,#1187,#1188,#1189));
#4510=EDGE_LOOP('',(#1190,#1191,#1192,#1193));
#4511=EDGE_LOOP('',(#1194,#1195,#1196,#1197));
#4512=EDGE_LOOP('',(#1198,#1199,#1200,#1201));
#4513=EDGE_LOOP('',(#1202,#1203,#1204,#1205));
#4514=EDGE_LOOP('',(#1206,#1207,#1208,#1209));
#4515=EDGE_LOOP('',(#1210,#1211,#1212,#1213));
#4516=EDGE_LOOP('',(#1214,#1215,#1216,#1217));
#4517=EDGE_LOOP('',(#1218,#1219,#1220,#1221));
#4518=EDGE_LOOP('',(#1222,#1223,#1224,#1225));
#4519=EDGE_LOOP('',(#1226,#1227,#1228,#1229));
#4520=EDGE_LOOP('',(#1230,#1231,#1232,#1233));
#4521=EDGE_LOOP('',(#1234,#1235,#1236,#1237));
#4522=EDGE_LOOP('',(#1238,#1239,#1240,#1241));
#4523=EDGE_LOOP('',(#1242,#1243,#1244,#1245));
#4524=EDGE_LOOP('',(#1246,#1247,#1248,#1249));
#4525=EDGE_LOOP('',(#1250,#1251,#1252,#1253));
#4526=EDGE_LOOP('',(#1254,#1255,#1256,#1257));
#4527=EDGE_LOOP('',(#1258,#1259,#1260,#1261));
#4528=EDGE_LOOP('',(#1262,#1263,#1264,#1265));
#4529=EDGE_LOOP('',(#1266,#1267,#1268,#1269));
#4530=EDGE_LOOP('',(#1270,#1271,#1272,#1273));
#4531=EDGE_LOOP('',(#1274,#1275,#1276,#1277));
#4532=EDGE_LOOP('',(#1278,#1279,#1280,#1281));
#4533=EDGE_LOOP('',(#1282,#1283,#1284,#1285));
#4534=EDGE_LOOP('',(#1286,#1287,#1288,#1289));
#4535=EDGE_LOOP('',(#1290,#1291,#1292,#1293));
#4536=EDGE_LOOP('',(#1294,#1295,#1296,#1297));
#4537=EDGE_LOOP('',(#1298,#1299,#1300,#1301));
#4538=EDGE_LOOP('',(#1302,#1303,#1304,#1305));
#4539=EDGE_LOOP('',(#1306,#1307,#1308,#1309));
#4540=EDGE_LOOP('',(#1310,#1311,#1312,#1313));
#4541=EDGE_LOOP('',(#1314,#1315,#1316,#1317));
#4542=EDGE_LOOP('',(#1318,#1319,#1320,#1321));
#4543=EDGE_LOOP('',(#1322,#1323,#1324,#1325));
#4544=EDGE_LOOP('',(#1326,#1327,#1328,#1329));
#4545=EDGE_LOOP('',(#1330,#1331,#1332,#1333));
#4546=EDGE_LOOP('',(#1334,#1335,#1336,#1337));
#4547=EDGE_LOOP('',(#1338,#1339,#1340,#1341));
#4548=EDGE_LOOP('',(#1342,#1343,#1344,#1345));
#4549=EDGE_LOOP('',(#1346,#1347,#1348,#1349));
#4550=EDGE_LOOP('',(#1350,#1351,#1352,#1353));
#4551=EDGE_LOOP('',(#1354,#1355,#1356,#1357));
#4552=EDGE_LOOP('',(#1358,#1359,#1360,#1361));
#4553=EDGE_LOOP('',(#1362,#1363,#1364,#1365));
#4554=EDGE_LOOP('',(#1366,#1367,#1368,#1369));
#4555=EDGE_LOOP('',(#1370,#1371,#1372,#1373));
#4556=EDGE_LOOP('',(#1374,#1375,#1376,#1377));
#4557=EDGE_LOOP('',(#1378,#1379,#1380,#1381));
#4558=EDGE_LOOP('',(#1382,#1383,#1384,#1385));
#4559=EDGE_LOOP('',(#1386,#1387,#1388,#1389));
#4560=EDGE_LOOP('',(#1390,#1391,#1392,#1393));
#4561=EDGE_LOOP('',(#1394,#1395,#1396,#1397));
#4562=EDGE_LOOP('',(#1398,#1399,#1400,#1401));
#4563=EDGE_LOOP('',(#1402,#1403,#1404,#1405));
#4564=EDGE_LOOP('',(#1406,#1407,#1408,#1409));
#4565=EDGE_LOOP('',(#1410,#1411,#1412,#1413));
#4566=EDGE_LOOP('',(#1414,#1415,#1416,#1417));
#4567=EDGE_LOOP('',(#1418,#1419,#1420,#1421));
#4568=EDGE_LOOP('',(#1422,#1423,#1424,#1425));
#4569=EDGE_LOOP('',(#1426,#1427,#1428,#1429));
#4570=EDGE_LOOP('',(#1430,#1431,#1432,#1433));
#4571=EDGE_LOOP('',(#1434,#1435,#1436,#1437));
#4572=EDGE_LOOP('',(#1438,#1439,#1440,#1441));
#4573=EDGE_LOOP('',(#1442,#1443,#1444,#1445));
#4574=EDGE_LOOP('',(#1446,#1447,#1448,#1449));
#4575=EDGE_LOOP('',(#1450,#1451,#1452,#1453));
#4576=EDGE_LOOP('',(#1454,#1455,#1456,#1457));
#4577=EDGE_LOOP('',(#1458,#1459,#1460,#1461));
#4578=EDGE_LOOP('',(#1462,#1463,#1464,#1465));
#4579=EDGE_LOOP('',(#1466,#1467,#1468,#1469));
#4580=EDGE_LOOP('',(#1470,#1471,#1472,#1473));
#4581=EDGE_LOOP('',(#1474,#1475,#1476,#1477));
#4582=EDGE_LOOP('',(#1478,#1479,#1480,#1481));
#4583=EDGE_LOOP('',(#1482,#1483,#1484,#1485));
#4584=EDGE_LOOP('',(#1486,#1487,#1488,#1489));
#4585=EDGE_LOOP('',(#1490,#1491,#1492,#1493));
#4586=EDGE_LOOP('',(#1494,#1495,#1496,#1497));
#4587=EDGE_LOOP('',(#1498,#1499,#1500,#1501));
#4588=EDGE_LOOP('',(#1502,#1503,#1504,#1505));
#4589=EDGE_LOOP('',(#1506,#1507,#1508,#1509));
#4590=EDGE_LOOP('',(#1510,#1511,#1512,#1513));
#4591=EDGE_LOOP('',(#1514,#1515,#1516,#1517));
#4592=EDGE_LOOP('',(#1518,#1519,#1520,#1521));
#4593=EDGE_LOOP('',(#1522,#1523,#1524,#1525));
#4594=EDGE_LOOP('',(#1526,#1527,#1528,#1529));
#4595=EDGE_LOOP('',(#1530,#1531,#1532,#1533));
#4596=EDGE_LOOP('',(#1534,#1535,#1536,#1537));
#4597=EDGE_LOOP('',(#1538,#1539,#1540,#1541));
#4598=EDGE_LOOP('',(#1542,#1543,#1544,#1545));
#4599=EDGE_LOOP('',(#1546,#1547,#1548,#1549));
#4600=EDGE_LOOP('',(#1550,#1551,#1552,#1553));
#4601=EDGE_LOOP('',(#1554,#1555,#1556,#1557));
#4602=EDGE_LOOP('',(#1558,#1559,#1560,#1561));
#4603=EDGE_LOOP('',(#1562,#1563,#1564,#1565));
#4604=EDGE_LOOP('',(#1566,#1567,#1568,#1569));
#4605=EDGE_LOOP('',(#1570,#1571,#1572,#1573));
#4606=EDGE_LOOP('',(#1574,#1575,#1576,#1577));
#4607=EDGE_LOOP('',(#1578,#1579,#1580,#1581));
#4608=EDGE_LOOP('',(#1582,#1583,#1584,#1585));
#4609=EDGE_LOOP('',(#1586,#1587,#1588,#1589));
#4610=EDGE_LOOP('',(#1590,#1591,#1592,#1593));
#4611=EDGE_LOOP('',(#1594,#1595,#1596,#1597));
#4612=EDGE_LOOP('',(#1598,#1599,#1600,#1601));
#4613=EDGE_LOOP('',(#1602,#1603,#1604,#1605));
#4614=EDGE_LOOP('',(#1606,#1607,#1608,#1609));
#4615=EDGE_LOOP('',(#1610,#1611,#1612,#1613));
#4616=EDGE_LOOP('',(#1614,#1615,#1616,#1617));
#4617=EDGE_LOOP('',(#1618,#1619,#1620,#1621));
#4618=EDGE_LOOP('',(#1622,#1623,#1624,#1625));
#4619=EDGE_LOOP('',(#1626,#1627,#1628,#1629));
#4620=EDGE_LOOP('',(#1630,#1631,#1632,#1633));
#4621=EDGE_LOOP('',(#1634,#1635,#1636,#1637));
#4622=EDGE_LOOP('',(#1638,#1639,#1640,#1641));
#4623=EDGE_LOOP('',(#1642,#1643,#1644,#1645));
#4624=EDGE_LOOP('',(#1646,#1647,#1648,#1649));
#4625=EDGE_LOOP('',(#1650,#1651,#1652,#1653));
#4626=EDGE_LOOP('',(#1654,#1655,#1656,#1657));
#4627=EDGE_LOOP('',(#1658,#1659,#1660,#1661));
#4628=EDGE_LOOP('',(#1662,#1663,#1664,#1665));
#4629=EDGE_LOOP('',(#1666,#1667,#1668,#1669));
#4630=EDGE_LOOP('',(#1670,#1671,#1672,#1673));
#4631=EDGE_LOOP('',(#1674,#1675,#1676,#1677));
#4632=EDGE_LOOP('',(#1678,#1679,#1680,#1681));
#4633=EDGE_LOOP('',(#1682,#1683,#1684,#1685));
#4634=EDGE_LOOP('',(#1686,#1687,#1688,#1689));
#4635=EDGE_LOOP('',(#1690,#1691,#1692,#1693));
#4636=EDGE_LOOP('',(#1694,#1695,#1696,#1697));
#4637=EDGE_LOOP('',(#1698,#1699,#1700,#1701));
#4638=EDGE_LOOP('',(#1702,#1703,#1704,#1705));
#4639=EDGE_LOOP('',(#1706,#1707,#1708,#1709));
#4640=EDGE_LOOP('',(#1710,#1711,#1712,#1713));
#4641=EDGE_LOOP('',(#1714,#1715,#1716,#1717));
#4642=EDGE_LOOP('',(#1718,#1719,#1720,#1721));
#4643=EDGE_LOOP('',(#1722,#1723,#1724,#1725));
#4644=EDGE_LOOP('',(#1726,#1727,#1728,#1729));
#4645=EDGE_LOOP('',(#1730,#1731,#1732,#1733));
#4646=EDGE_LOOP('',(#1734,#1735,#1736,#1737));
#4647=EDGE_LOOP('',(#1738,#1739,#1740,#1741));
#4648=EDGE_LOOP('',(#1742,#1743,#1744,#1745,#1746,#1747,#1748,#1749,#1750,
#1751,#1752,#1753,#1754,#1755,#1756,#1757,#1758,#1759,#1760,#1761,#1762,
#1763,#1764,#1765,#1766,#1767,#1768,#1769,#1770,#1771,#1772,#1773,#1774,
#1775,#1776,#1777,#1778,#1779,#1780,#1781,#1782,#1783,#1784,#1785,#1786,
#1787,#1788,#1789,#1790,#1791,#1792,#1793,#1794,#1795,#1796,#1797,#1798,
#1799,#1800,#1801,#1802,#1803,#1804,#1805,#1806,#1807,#1808,#1809,#1810,
#1811,#1812,#1813,#1814,#1815,#1816,#1817,#1818,#1819,#1820,#1821,#1822,
#1823,#1824,#1825,#1826,#1827,#1828,#1829,#1830,#1831,#1832,#1833,#1834,
#1835,#1836,#1837,#1838,#1839,#1840,#1841,#1842,#1843,#1844,#1845,#1846,
#1847,#1848,#1849,#1850,#1851,#1852,#1853,#1854,#1855,#1856,#1857,#1858,
#1859,#1860,#1861,#1862,#1863,#1864,#1865,#1866,#1867,#1868,#1869,#1870,
#1871,#1872,#1873,#1874,#1875,#1876,#1877,#1878,#1879,#1880,#1881,#1882,
#1883,#1884,#1885,#1886,#1887,#1888,#1889,#1890,#1891,#1892,#1893,#1894,
#1895,#1896,#1897,#1898,#1899,#1900,#1901,#1902,#1903,#1904,#1905,#1906,
#1907,#1908,#1909,#1910,#1911,#1912,#1913,#1914,#1915,#1916,#1917));
#4649=EDGE_LOOP('',(#1918));
#4650=EDGE_LOOP('',(#1919));
#4651=EDGE_LOOP('',(#1920,#1921,#1922,#1923,#1924,#1925,#1926,#1927,#1928,
#1929,#1930,#1931,#1932,#1933,#1934,#1935,#1936,#1937,#1938,#1939,#1940,
#1941,#1942,#1943,#1944,#1945,#1946,#1947,#1948,#1949,#1950,#1951,#1952,
#1953,#1954,#1955,#1956,#1957,#1958,#1959,#1960,#1961,#1962,#1963,#1964,
#1965,#1966,#1967,#1968,#1969,#1970,#1971,#1972,#1973,#1974,#1975,#1976,
#1977,#1978,#1979,#1980,#1981,#1982,#1983,#1984,#1985,#1986,#1987,#1988,
#1989,#1990,#1991,#1992,#1993,#1994,#1995,#1996,#1997,#1998,#1999,#2000,
#2001,#2002,#2003,#2004,#2005,#2006,#2007,#2008,#2009,#2010,#2011,#2012,
#2013,#2014,#2015,#2016,#2017,#2018,#2019,#2020,#2021,#2022,#2023,#2024,
#2025,#2026,#2027,#2028,#2029,#2030,#2031,#2032,#2033,#2034,#2035,#2036,
#2037,#2038,#2039,#2040,#2041,#2042,#2043,#2044,#2045,#2046,#2047,#2048,
#2049,#2050,#2051,#2052,#2053,#2054,#2055,#2056,#2057,#2058,#2059,#2060,
#2061,#2062,#2063,#2064,#2065,#2066,#2067,#2068,#2069,#2070,#2071,#2072,
#2073,#2074,#2075,#2076,#2077,#2078,#2079,#2080,#2081,#2082,#2083,#2084,
#2085,#2086,#2087,#2088,#2089,#2090,#2091,#2092,#2093,#2094,#2095));
#4652=EDGE_LOOP('',(#2096));
#4653=EDGE_LOOP('',(#2097));
#4654=EDGE_LOOP('',(#2098,#2099,#2100,#2101,#2102,#2103,#2104,#2105,#2106,
#2107,#2108,#2109,#2110,#2111,#2112,#2113,#2114,#2115,#2116,#2117));
#4655=EDGE_LOOP('',(#2118,#2119,#2120,#2121,#2122,#2123,#2124,#2125,#2126,
#2127,#2128,#2129));
#4656=EDGE_LOOP('',(#2130,#2131,#2132,#2133,#2134,#2135,#2136,#2137,#2138,
#2139,#2140,#2141,#2142,#2143,#2144));
#4657=EDGE_LOOP('',(#2145,#2146,#2147,#2148));
#4658=EDGE_LOOP('',(#2149,#2150,#2151,#2152,#2153,#2154,#2155,#2156,#2157,
#2158,#2159,#2160,#2161,#2162,#2163,#2164,#2165,#2166,#2167,#2168));
#4659=EDGE_LOOP('',(#2169,#2170,#2171,#2172,#2173,#2174,#2175,#2176,#2177,
#2178,#2179,#2180,#2181,#2182,#2183));
#4660=EDGE_LOOP('',(#2184));
#4661=EDGE_LOOP('',(#2185));
#4662=EDGE_LOOP('',(#2186));
#4663=EDGE_LOOP('',(#2187,#2188,#2189,#2190,#2191,#2192));
#4664=EDGE_LOOP('',(#2193));
#4665=EDGE_LOOP('',(#2194));
#4666=EDGE_LOOP('',(#2195));
#4667=EDGE_LOOP('',(#2196));
#4668=EDGE_LOOP('',(#2197));
#4669=EDGE_LOOP('',(#2198,#2199,#2200,#2201,#2202,#2203));
#4670=EDGE_LOOP('',(#2204,#2205,#2206,#2207));
#4671=EDGE_LOOP('',(#2208,#2209,#2210,#2211));
#4672=EDGE_LOOP('',(#2212,#2213,#2214,#2215));
#4673=EDGE_LOOP('',(#2216,#2217,#2218,#2219));
#4674=EDGE_LOOP('',(#2220,#2221,#2222,#2223));
#4675=EDGE_LOOP('',(#2224,#2225,#2226,#2227));
#4676=EDGE_LOOP('',(#2228,#2229,#2230,#2231));
#4677=EDGE_LOOP('',(#2232,#2233,#2234,#2235));
#4678=EDGE_LOOP('',(#2236,#2237,#2238,#2239));
#4679=EDGE_LOOP('',(#2240,#2241,#2242,#2243));
#4680=EDGE_LOOP('',(#2244,#2245,#2246,#2247));
#4681=EDGE_LOOP('',(#2248,#2249,#2250,#2251));
#4682=EDGE_LOOP('',(#2252,#2253,#2254,#2255));
#4683=EDGE_LOOP('',(#2256,#2257,#2258,#2259));
#4684=EDGE_LOOP('',(#2260,#2261,#2262,#2263));
#4685=EDGE_LOOP('',(#2264,#2265,#2266,#2267));
#4686=EDGE_LOOP('',(#2268,#2269,#2270,#2271));
#4687=EDGE_LOOP('',(#2272,#2273,#2274,#2275));
#4688=EDGE_LOOP('',(#2276));
#4689=EDGE_LOOP('',(#2277));
#4690=EDGE_LOOP('',(#2278));
#4691=EDGE_LOOP('',(#2279));
#4692=EDGE_LOOP('',(#2280));
#4693=EDGE_LOOP('',(#2281));
#4694=EDGE_LOOP('',(#2282));
#4695=EDGE_LOOP('',(#2283));
#4696=EDGE_LOOP('',(#2284,#2285,#2286,#2287));
#4697=EDGE_LOOP('',(#2288,#2289,#2290,#2291));
#4698=EDGE_LOOP('',(#2292,#2293,#2294,#2295));
#4699=EDGE_LOOP('',(#2296,#2297,#2298,#2299));
#4700=EDGE_LOOP('',(#2300,#2301,#2302,#2303));
#4701=EDGE_LOOP('',(#2304,#2305,#2306,#2307));
#4702=EDGE_LOOP('',(#2308,#2309,#2310,#2311));
#4703=EDGE_LOOP('',(#2312,#2313,#2314,#2315));
#4704=EDGE_LOOP('',(#2316,#2317,#2318,#2319));
#4705=EDGE_LOOP('',(#2320,#2321,#2322,#2323));
#4706=EDGE_LOOP('',(#2324,#2325,#2326,#2327));
#4707=EDGE_LOOP('',(#2328,#2329,#2330,#2331));
#4708=EDGE_LOOP('',(#2332,#2333,#2334,#2335));
#4709=EDGE_LOOP('',(#2336,#2337,#2338,#2339));
#4710=EDGE_LOOP('',(#2340,#2341,#2342,#2343));
#4711=EDGE_LOOP('',(#2344,#2345,#2346,#2347,#2348,#2349,#2350,#2351,#2352,
#2353,#2354,#2355,#2356,#2357,#2358));
#4712=EDGE_LOOP('',(#2359,#2360,#2361,#2362));
#4713=EDGE_LOOP('',(#2363,#2364,#2365,#2366));
#4714=EDGE_LOOP('',(#2367,#2368,#2369,#2370));
#4715=EDGE_LOOP('',(#2371,#2372,#2373,#2374));
#4716=EDGE_LOOP('',(#2375,#2376,#2377,#2378));
#4717=EDGE_LOOP('',(#2379,#2380,#2381,#2382));
#4718=EDGE_LOOP('',(#2383,#2384,#2385,#2386));
#4719=EDGE_LOOP('',(#2387,#2388,#2389,#2390));
#4720=EDGE_LOOP('',(#2391,#2392,#2393,#2394));
#4721=EDGE_LOOP('',(#2395,#2396,#2397,#2398));
#4722=EDGE_LOOP('',(#2399,#2400,#2401,#2402));
#4723=EDGE_LOOP('',(#2403,#2404,#2405,#2406));
#4724=EDGE_LOOP('',(#2407,#2408,#2409,#2410));
#4725=EDGE_LOOP('',(#2411,#2412,#2413,#2414));
#4726=EDGE_LOOP('',(#2415,#2416,#2417,#2418));
#4727=EDGE_LOOP('',(#2419,#2420,#2421,#2422));
#4728=EDGE_LOOP('',(#2423,#2424,#2425,#2426));
#4729=EDGE_LOOP('',(#2427,#2428,#2429,#2430));
#4730=EDGE_LOOP('',(#2431,#2432,#2433,#2434));
#4731=EDGE_LOOP('',(#2435,#2436,#2437,#2438));
#4732=EDGE_LOOP('',(#2439,#2440,#2441,#2442,#2443,#2444,#2445,#2446,#2447,
#2448,#2449,#2450,#2451,#2452,#2453,#2454,#2455,#2456,#2457,#2458));
#4733=EDGE_LOOP('',(#2459,#2460,#2461,#2462));
#4734=EDGE_LOOP('',(#2463,#2464,#2465,#2466));
#4735=EDGE_LOOP('',(#2467,#2468,#2469,#2470));
#4736=EDGE_LOOP('',(#2471,#2472,#2473,#2474));
#4737=EDGE_LOOP('',(#2475,#2476,#2477,#2478));
#4738=EDGE_LOOP('',(#2479,#2480,#2481,#2482));
#4739=EDGE_LOOP('',(#2483,#2484,#2485,#2486));
#4740=EDGE_LOOP('',(#2487,#2488,#2489,#2490));
#4741=EDGE_LOOP('',(#2491,#2492,#2493,#2494));
#4742=EDGE_LOOP('',(#2495,#2496,#2497,#2498));
#4743=EDGE_LOOP('',(#2499,#2500,#2501,#2502));
#4744=EDGE_LOOP('',(#2503,#2504,#2505,#2506));
#4745=EDGE_LOOP('',(#2507,#2508,#2509,#2510));
#4746=EDGE_LOOP('',(#2511,#2512,#2513,#2514));
#4747=EDGE_LOOP('',(#2515,#2516,#2517,#2518));
#4748=EDGE_LOOP('',(#2519,#2520,#2521,#2522));
#4749=EDGE_LOOP('',(#2523,#2524,#2525,#2526));
#4750=EDGE_LOOP('',(#2527,#2528,#2529,#2530));
#4751=EDGE_LOOP('',(#2531,#2532,#2533,#2534));
#4752=EDGE_LOOP('',(#2535,#2536,#2537,#2538));
#4753=EDGE_LOOP('',(#2539,#2540,#2541,#2542,#2543,#2544,#2545,#2546,#2547,
#2548,#2549,#2550,#2551,#2552,#2553));
#4754=EDGE_LOOP('',(#2554,#2555,#2556,#2557));
#4755=EDGE_LOOP('',(#2558,#2559,#2560,#2561));
#4756=EDGE_LOOP('',(#2562,#2563,#2564,#2565));
#4757=EDGE_LOOP('',(#2566,#2567,#2568,#2569));
#4758=EDGE_LOOP('',(#2570,#2571,#2572,#2573));
#4759=EDGE_LOOP('',(#2574,#2575,#2576,#2577));
#4760=EDGE_LOOP('',(#2578,#2579,#2580,#2581));
#4761=EDGE_LOOP('',(#2582,#2583,#2584,#2585));
#4762=EDGE_LOOP('',(#2586,#2587,#2588,#2589));
#4763=EDGE_LOOP('',(#2590,#2591,#2592,#2593));
#4764=EDGE_LOOP('',(#2594,#2595,#2596,#2597));
#4765=EDGE_LOOP('',(#2598,#2599,#2600,#2601));
#4766=EDGE_LOOP('',(#2602,#2603,#2604,#2605,#2606,#2607,#2608,#2609,#2610,
#2611,#2612,#2613));
#4767=EDGE_LOOP('',(#2614,#2615,#2616,#2617));
#4768=EDGE_LOOP('',(#2618,#2619,#2620,#2621));
#4769=EDGE_LOOP('',(#2622,#2623,#2624,#2625));
#4770=EDGE_LOOP('',(#2626,#2627,#2628,#2629));
#4771=EDGE_LOOP('',(#2630,#2631,#2632,#2633));
#4772=EDGE_LOOP('',(#2634,#2635,#2636,#2637));
#4773=EDGE_LOOP('',(#2638,#2639,#2640,#2641));
#4774=EDGE_LOOP('',(#2642,#2643,#2644,#2645));
#4775=EDGE_LOOP('',(#2646,#2647,#2648,#2649));
#4776=EDGE_LOOP('',(#2650,#2651,#2652,#2653));
#4777=EDGE_LOOP('',(#2654,#2655,#2656,#2657));
#4778=EDGE_LOOP('',(#2658,#2659,#2660,#2661));
#4779=EDGE_LOOP('',(#2662,#2663,#2664,#2665));
#4780=EDGE_LOOP('',(#2666,#2667,#2668,#2669));
#4781=EDGE_LOOP('',(#2670,#2671,#2672,#2673));
#4782=EDGE_LOOP('',(#2674,#2675,#2676,#2677));
#4783=EDGE_LOOP('',(#2678,#2679,#2680,#2681));
#4784=EDGE_LOOP('',(#2682,#2683,#2684,#2685));
#4785=EDGE_LOOP('',(#2686,#2687,#2688,#2689));
#4786=EDGE_LOOP('',(#2690,#2691,#2692,#2693));
#4787=EDGE_LOOP('',(#2694,#2695,#2696,#2697,#2698,#2699,#2700,#2701,#2702,
#2703,#2704,#2705,#2706,#2707,#2708,#2709,#2710,#2711,#2712,#2713));
#4788=FACE_BOUND('',#4472,.T.);
#4789=FACE_BOUND('',#4473,.T.);
#4790=FACE_BOUND('',#4474,.T.);
#4791=FACE_BOUND('',#4475,.T.);
#4792=FACE_BOUND('',#4476,.T.);
#4793=FACE_BOUND('',#4477,.T.);
#4794=FACE_BOUND('',#4478,.T.);
#4795=FACE_BOUND('',#4479,.T.);
#4796=FACE_BOUND('',#4480,.T.);
#4797=FACE_BOUND('',#4481,.T.);
#4798=FACE_BOUND('',#4482,.T.);
#4799=FACE_BOUND('',#4483,.T.);
#4800=FACE_BOUND('',#4484,.T.);
#4801=FACE_BOUND('',#4485,.T.);
#4802=FACE_BOUND('',#4486,.T.);
#4803=FACE_BOUND('',#4487,.T.);
#4804=FACE_BOUND('',#4488,.T.);
#4805=FACE_BOUND('',#4489,.T.);
#4806=FACE_BOUND('',#4490,.T.);
#4807=FACE_BOUND('',#4491,.T.);
#4808=FACE_BOUND('',#4492,.T.);
#4809=FACE_BOUND('',#4493,.T.);
#4810=FACE_BOUND('',#4494,.T.);
#4811=FACE_BOUND('',#4495,.T.);
#4812=FACE_BOUND('',#4496,.T.);
#4813=FACE_BOUND('',#4497,.T.);
#4814=FACE_BOUND('',#4498,.T.);
#4815=FACE_BOUND('',#4499,.T.);
#4816=FACE_BOUND('',#4500,.T.);
#4817=FACE_BOUND('',#4501,.T.);
#4818=FACE_BOUND('',#4502,.T.);
#4819=FACE_BOUND('',#4503,.T.);
#4820=FACE_BOUND('',#4504,.T.);
#4821=FACE_BOUND('',#4505,.T.);
#4822=FACE_BOUND('',#4506,.T.);
#4823=FACE_BOUND('',#4507,.T.);
#4824=FACE_BOUND('',#4508,.T.);
#4825=FACE_BOUND('',#4509,.T.);
#4826=FACE_BOUND('',#4510,.T.);
#4827=FACE_BOUND('',#4511,.T.);
#4828=FACE_BOUND('',#4512,.T.);
#4829=FACE_BOUND('',#4513,.T.);
#4830=FACE_BOUND('',#4514,.T.);
#4831=FACE_BOUND('',#4515,.T.);
#4832=FACE_BOUND('',#4516,.T.);
#4833=FACE_BOUND('',#4517,.T.);
#4834=FACE_BOUND('',#4518,.T.);
#4835=FACE_BOUND('',#4519,.T.);
#4836=FACE_BOUND('',#4520,.T.);
#4837=FACE_BOUND('',#4521,.T.);
#4838=FACE_BOUND('',#4522,.T.);
#4839=FACE_BOUND('',#4523,.T.);
#4840=FACE_BOUND('',#4524,.T.);
#4841=FACE_BOUND('',#4525,.T.);
#4842=FACE_BOUND('',#4526,.T.);
#4843=FACE_BOUND('',#4527,.T.);
#4844=FACE_BOUND('',#4528,.T.);
#4845=FACE_BOUND('',#4529,.T.);
#4846=FACE_BOUND('',#4530,.T.);
#4847=FACE_BOUND('',#4531,.T.);
#4848=FACE_BOUND('',#4532,.T.);
#4849=FACE_BOUND('',#4533,.T.);
#4850=FACE_BOUND('',#4534,.T.);
#4851=FACE_BOUND('',#4535,.T.);
#4852=FACE_BOUND('',#4536,.T.);
#4853=FACE_BOUND('',#4537,.T.);
#4854=FACE_BOUND('',#4538,.T.);
#4855=FACE_BOUND('',#4539,.T.);
#4856=FACE_BOUND('',#4540,.T.);
#4857=FACE_BOUND('',#4541,.T.);
#4858=FACE_BOUND('',#4542,.T.);
#4859=FACE_BOUND('',#4543,.T.);
#4860=FACE_BOUND('',#4544,.T.);
#4861=FACE_BOUND('',#4545,.T.);
#4862=FACE_BOUND('',#4546,.T.);
#4863=FACE_BOUND('',#4547,.T.);
#4864=FACE_BOUND('',#4548,.T.);
#4865=FACE_BOUND('',#4549,.T.);
#4866=FACE_BOUND('',#4550,.T.);
#4867=FACE_BOUND('',#4551,.T.);
#4868=FACE_BOUND('',#4552,.T.);
#4869=FACE_BOUND('',#4553,.T.);
#4870=FACE_BOUND('',#4554,.T.);
#4871=FACE_BOUND('',#4555,.T.);
#4872=FACE_BOUND('',#4556,.T.);
#4873=FACE_BOUND('',#4557,.T.);
#4874=FACE_BOUND('',#4558,.T.);
#4875=FACE_BOUND('',#4559,.T.);
#4876=FACE_BOUND('',#4560,.T.);
#4877=FACE_BOUND('',#4561,.T.);
#4878=FACE_BOUND('',#4562,.T.);
#4879=FACE_BOUND('',#4563,.T.);
#4880=FACE_BOUND('',#4564,.T.);
#4881=FACE_BOUND('',#4565,.T.);
#4882=FACE_BOUND('',#4566,.T.);
#4883=FACE_BOUND('',#4567,.T.);
#4884=FACE_BOUND('',#4568,.T.);
#4885=FACE_BOUND('',#4569,.T.);
#4886=FACE_BOUND('',#4570,.T.);
#4887=FACE_BOUND('',#4571,.T.);
#4888=FACE_BOUND('',#4572,.T.);
#4889=FACE_BOUND('',#4573,.T.);
#4890=FACE_BOUND('',#4574,.T.);
#4891=FACE_BOUND('',#4575,.T.);
#4892=FACE_BOUND('',#4576,.T.);
#4893=FACE_BOUND('',#4577,.T.);
#4894=FACE_BOUND('',#4578,.T.);
#4895=FACE_BOUND('',#4579,.T.);
#4896=FACE_BOUND('',#4580,.T.);
#4897=FACE_BOUND('',#4581,.T.);
#4898=FACE_BOUND('',#4582,.T.);
#4899=FACE_BOUND('',#4583,.T.);
#4900=FACE_BOUND('',#4584,.T.);
#4901=FACE_BOUND('',#4585,.T.);
#4902=FACE_BOUND('',#4586,.T.);
#4903=FACE_BOUND('',#4587,.T.);
#4904=FACE_BOUND('',#4588,.T.);
#4905=FACE_BOUND('',#4589,.T.);
#4906=FACE_BOUND('',#4590,.T.);
#4907=FACE_BOUND('',#4591,.T.);
#4908=FACE_BOUND('',#4592,.T.);
#4909=FACE_BOUND('',#4593,.T.);
#4910=FACE_BOUND('',#4594,.T.);
#4911=FACE_BOUND('',#4595,.T.);
#4912=FACE_BOUND('',#4596,.T.);
#4913=FACE_BOUND('',#4597,.T.);
#4914=FACE_BOUND('',#4598,.T.);
#4915=FACE_BOUND('',#4599,.T.);
#4916=FACE_BOUND('',#4600,.T.);
#4917=FACE_BOUND('',#4601,.T.);
#4918=FACE_BOUND('',#4602,.T.);
#4919=FACE_BOUND('',#4603,.T.);
#4920=FACE_BOUND('',#4604,.T.);
#4921=FACE_BOUND('',#4605,.T.);
#4922=FACE_BOUND('',#4606,.T.);
#4923=FACE_BOUND('',#4607,.T.);
#4924=FACE_BOUND('',#4608,.T.);
#4925=FACE_BOUND('',#4609,.T.);
#4926=FACE_BOUND('',#4610,.T.);
#4927=FACE_BOUND('',#4611,.T.);
#4928=FACE_BOUND('',#4612,.T.);
#4929=FACE_BOUND('',#4613,.T.);
#4930=FACE_BOUND('',#4614,.T.);
#4931=FACE_BOUND('',#4615,.T.);
#4932=FACE_BOUND('',#4616,.T.);
#4933=FACE_BOUND('',#4617,.T.);
#4934=FACE_BOUND('',#4618,.T.);
#4935=FACE_BOUND('',#4619,.T.);
#4936=FACE_BOUND('',#4620,.T.);
#4937=FACE_BOUND('',#4621,.T.);
#4938=FACE_BOUND('',#4622,.T.);
#4939=FACE_BOUND('',#4623,.T.);
#4940=FACE_BOUND('',#4624,.T.);
#4941=FACE_BOUND('',#4625,.T.);
#4942=FACE_BOUND('',#4626,.T.);
#4943=FACE_BOUND('',#4627,.T.);
#4944=FACE_BOUND('',#4628,.T.);
#4945=FACE_BOUND('',#4629,.T.);
#4946=FACE_BOUND('',#4630,.T.);
#4947=FACE_BOUND('',#4631,.T.);
#4948=FACE_BOUND('',#4632,.T.);
#4949=FACE_BOUND('',#4633,.T.);
#4950=FACE_BOUND('',#4634,.T.);
#4951=FACE_BOUND('',#4635,.T.);
#4952=FACE_BOUND('',#4636,.T.);
#4953=FACE_BOUND('',#4637,.T.);
#4954=FACE_BOUND('',#4638,.T.);
#4955=FACE_BOUND('',#4639,.T.);
#4956=FACE_BOUND('',#4640,.T.);
#4957=FACE_BOUND('',#4641,.T.);
#4958=FACE_BOUND('',#4642,.T.);
#4959=FACE_BOUND('',#4643,.T.);
#4960=FACE_BOUND('',#4644,.T.);
#4961=FACE_BOUND('',#4645,.T.);
#4962=FACE_BOUND('',#4646,.T.);
#4963=FACE_BOUND('',#4647,.T.);
#4964=FACE_BOUND('',#4648,.T.);
#4965=FACE_BOUND('',#4649,.T.);
#4966=FACE_BOUND('',#4650,.T.);
#4967=FACE_BOUND('',#4651,.T.);
#4968=FACE_BOUND('',#4652,.T.);
#4969=FACE_BOUND('',#4653,.T.);
#4970=FACE_BOUND('',#4654,.T.);
#4971=FACE_BOUND('',#4655,.T.);
#4972=FACE_BOUND('',#4656,.T.);
#4973=FACE_BOUND('',#4657,.T.);
#4974=FACE_BOUND('',#4658,.T.);
#4975=FACE_BOUND('',#4659,.T.);
#4976=FACE_BOUND('',#4660,.T.);
#4977=FACE_BOUND('',#4661,.T.);
#4978=FACE_BOUND('',#4662,.T.);
#4979=FACE_BOUND('',#4663,.T.);
#4980=FACE_BOUND('',#4664,.T.);
#4981=FACE_BOUND('',#4665,.T.);
#4982=FACE_BOUND('',#4666,.T.);
#4983=FACE_BOUND('',#4667,.T.);
#4984=FACE_BOUND('',#4668,.T.);
#4985=FACE_BOUND('',#4669,.T.);
#4986=FACE_BOUND('',#4670,.T.);
#4987=FACE_BOUND('',#4671,.T.);
#4988=FACE_BOUND('',#4672,.T.);
#4989=FACE_BOUND('',#4673,.T.);
#4990=FACE_BOUND('',#4674,.T.);
#4991=FACE_BOUND('',#4675,.T.);
#4992=FACE_BOUND('',#4676,.T.);
#4993=FACE_BOUND('',#4677,.T.);
#4994=FACE_BOUND('',#4678,.T.);
#4995=FACE_BOUND('',#4679,.T.);
#4996=FACE_BOUND('',#4680,.T.);
#4997=FACE_BOUND('',#4681,.T.);
#4998=FACE_BOUND('',#4682,.T.);
#4999=FACE_BOUND('',#4683,.T.);
#5000=FACE_BOUND('',#4684,.T.);
#5001=FACE_BOUND('',#4685,.T.);
#5002=FACE_BOUND('',#4686,.T.);
#5003=FACE_BOUND('',#4687,.T.);
#5004=FACE_BOUND('',#4688,.T.);
#5005=FACE_BOUND('',#4689,.T.);
#5006=FACE_BOUND('',#4690,.T.);
#5007=FACE_BOUND('',#4691,.T.);
#5008=FACE_BOUND('',#4692,.T.);
#5009=FACE_BOUND('',#4693,.T.);
#5010=FACE_BOUND('',#4694,.T.);
#5011=FACE_BOUND('',#4695,.T.);
#5012=FACE_BOUND('',#4696,.T.);
#5013=FACE_BOUND('',#4697,.T.);
#5014=FACE_BOUND('',#4698,.T.);
#5015=FACE_BOUND('',#4699,.T.);
#5016=FACE_BOUND('',#4700,.T.);
#5017=FACE_BOUND('',#4701,.T.);
#5018=FACE_BOUND('',#4702,.T.);
#5019=FACE_BOUND('',#4703,.T.);
#5020=FACE_BOUND('',#4704,.T.);
#5021=FACE_BOUND('',#4705,.T.);
#5022=FACE_BOUND('',#4706,.T.);
#5023=FACE_BOUND('',#4707,.T.);
#5024=FACE_BOUND('',#4708,.T.);
#5025=FACE_BOUND('',#4709,.T.);
#5026=FACE_BOUND('',#4710,.T.);
#5027=FACE_BOUND('',#4711,.T.);
#5028=FACE_BOUND('',#4712,.T.);
#5029=FACE_BOUND('',#4713,.T.);
#5030=FACE_BOUND('',#4714,.T.);
#5031=FACE_BOUND('',#4715,.T.);
#5032=FACE_BOUND('',#4716,.T.);
#5033=FACE_BOUND('',#4717,.T.);
#5034=FACE_BOUND('',#4718,.T.);
#5035=FACE_BOUND('',#4719,.T.);
#5036=FACE_BOUND('',#4720,.T.);
#5037=FACE_BOUND('',#4721,.T.);
#5038=FACE_BOUND('',#4722,.T.);
#5039=FACE_BOUND('',#4723,.T.);
#5040=FACE_BOUND('',#4724,.T.);
#5041=FACE_BOUND('',#4725,.T.);
#5042=FACE_BOUND('',#4726,.T.);
#5043=FACE_BOUND('',#4727,.T.);
#5044=FACE_BOUND('',#4728,.T.);
#5045=FACE_BOUND('',#4729,.T.);
#5046=FACE_BOUND('',#4730,.T.);
#5047=FACE_BOUND('',#4731,.T.);
#5048=FACE_BOUND('',#4732,.T.);
#5049=FACE_BOUND('',#4733,.T.);
#5050=FACE_BOUND('',#4734,.T.);
#5051=FACE_BOUND('',#4735,.T.);
#5052=FACE_BOUND('',#4736,.T.);
#5053=FACE_BOUND('',#4737,.T.);
#5054=FACE_BOUND('',#4738,.T.);
#5055=FACE_BOUND('',#4739,.T.);
#5056=FACE_BOUND('',#4740,.T.);
#5057=FACE_BOUND('',#4741,.T.);
#5058=FACE_BOUND('',#4742,.T.);
#5059=FACE_BOUND('',#4743,.T.);
#5060=FACE_BOUND('',#4744,.T.);
#5061=FACE_BOUND('',#4745,.T.);
#5062=FACE_BOUND('',#4746,.T.);
#5063=FACE_BOUND('',#4747,.T.);
#5064=FACE_BOUND('',#4748,.T.);
#5065=FACE_BOUND('',#4749,.T.);
#5066=FACE_BOUND('',#4750,.T.);
#5067=FACE_BOUND('',#4751,.T.);
#5068=FACE_BOUND('',#4752,.T.);
#5069=FACE_BOUND('',#4753,.T.);
#5070=FACE_BOUND('',#4754,.T.);
#5071=FACE_BOUND('',#4755,.T.);
#5072=FACE_BOUND('',#4756,.T.);
#5073=FACE_BOUND('',#4757,.T.);
#5074=FACE_BOUND('',#4758,.T.);
#5075=FACE_BOUND('',#4759,.T.);
#5076=FACE_BOUND('',#4760,.T.);
#5077=FACE_BOUND('',#4761,.T.);
#5078=FACE_BOUND('',#4762,.T.);
#5079=FACE_BOUND('',#4763,.T.);
#5080=FACE_BOUND('',#4764,.T.);
#5081=FACE_BOUND('',#4765,.T.);
#5082=FACE_BOUND('',#4766,.T.);
#5083=FACE_BOUND('',#4767,.T.);
#5084=FACE_BOUND('',#4768,.T.);
#5085=FACE_BOUND('',#4769,.T.);
#5086=FACE_BOUND('',#4770,.T.);
#5087=FACE_BOUND('',#4771,.T.);
#5088=FACE_BOUND('',#4772,.T.);
#5089=FACE_BOUND('',#4773,.T.);
#5090=FACE_BOUND('',#4774,.T.);
#5091=FACE_BOUND('',#4775,.T.);
#5092=FACE_BOUND('',#4776,.T.);
#5093=FACE_BOUND('',#4777,.T.);
#5094=FACE_BOUND('',#4778,.T.);
#5095=FACE_BOUND('',#4779,.T.);
#5096=FACE_BOUND('',#4780,.T.);
#5097=FACE_BOUND('',#4781,.T.);
#5098=FACE_BOUND('',#4782,.T.);
#5099=FACE_BOUND('',#4783,.T.);
#5100=FACE_BOUND('',#4784,.T.);
#5101=FACE_BOUND('',#4785,.T.);
#5102=FACE_BOUND('',#4786,.T.);
#5103=FACE_BOUND('',#4787,.T.);
#5104=CYLINDRICAL_SURFACE('',#5561,0.269083342923357);
#5105=CYLINDRICAL_SURFACE('',#5563,0.433895499999995);
#5106=CYLINDRICAL_SURFACE('',#5564,0.16899255);
#5107=CYLINDRICAL_SURFACE('',#5566,0.269083342923357);
#5108=CYLINDRICAL_SURFACE('',#5567,0.433895499999995);
#5109=CYLINDRICAL_SURFACE('',#5568,0.269083342923357);
#5110=CYLINDRICAL_SURFACE('',#5570,0.433895499999995);
#5111=CYLINDRICAL_SURFACE('',#5571,0.16899255);
#5112=CYLINDRICAL_SURFACE('',#5573,0.269083342923357);
#5113=CYLINDRICAL_SURFACE('',#5574,0.433895499999995);
#5114=CYLINDRICAL_SURFACE('',#5575,2.39876100503808);
#5115=CYLINDRICAL_SURFACE('',#5578,0.269083342923357);
#5116=CYLINDRICAL_SURFACE('',#5580,0.433895499999995);
#5117=CYLINDRICAL_SURFACE('',#5581,0.16899255);
#5118=CYLINDRICAL_SURFACE('',#5583,0.269083342923357);
#5119=CYLINDRICAL_SURFACE('',#5584,0.433895499999995);
#5120=CYLINDRICAL_SURFACE('',#5585,2.39876100503808);
#5121=CYLINDRICAL_SURFACE('',#5588,0.269083342923357);
#5122=CYLINDRICAL_SURFACE('',#5590,0.433895499999995);
#5123=CYLINDRICAL_SURFACE('',#5591,0.16899255);
#5124=CYLINDRICAL_SURFACE('',#5593,0.269083342923357);
#5125=CYLINDRICAL_SURFACE('',#5594,0.433895499999995);
#5126=CYLINDRICAL_SURFACE('',#5595,2.39876100503808);
#5127=CYLINDRICAL_SURFACE('',#5598,0.269083342923357);
#5128=CYLINDRICAL_SURFACE('',#5600,0.433895499999995);
#5129=CYLINDRICAL_SURFACE('',#5601,0.16899255);
#5130=CYLINDRICAL_SURFACE('',#5603,0.269083342923357);
#5131=CYLINDRICAL_SURFACE('',#5604,0.433895499999995);
#5132=CYLINDRICAL_SURFACE('',#5605,2.39876100503808);
#5133=CYLINDRICAL_SURFACE('',#5608,0.269083342923357);
#5134=CYLINDRICAL_SURFACE('',#5610,0.433895499999995);
#5135=CYLINDRICAL_SURFACE('',#5611,0.16899255);
#5136=CYLINDRICAL_SURFACE('',#5613,0.269083342923357);
#5137=CYLINDRICAL_SURFACE('',#5614,0.433895499999995);
#5138=CYLINDRICAL_SURFACE('',#5615,2.39876100503808);
#5139=CYLINDRICAL_SURFACE('',#5618,0.269083342923357);
#5140=CYLINDRICAL_SURFACE('',#5620,0.433895499999995);
#5141=CYLINDRICAL_SURFACE('',#5621,0.16899255);
#5142=CYLINDRICAL_SURFACE('',#5623,0.269083342923357);
#5143=CYLINDRICAL_SURFACE('',#5624,0.433895499999995);
#5144=CYLINDRICAL_SURFACE('',#5625,2.39876100503808);
#5145=CYLINDRICAL_SURFACE('',#5628,0.269083342923357);
#5146=CYLINDRICAL_SURFACE('',#5630,0.433895499999995);
#5147=CYLINDRICAL_SURFACE('',#5631,0.16899255);
#5148=CYLINDRICAL_SURFACE('',#5633,0.269083342923357);
#5149=CYLINDRICAL_SURFACE('',#5634,0.433895499999995);
#5150=CYLINDRICAL_SURFACE('',#5635,2.39876100503808);
#5151=CYLINDRICAL_SURFACE('',#5638,0.269083342923357);
#5152=CYLINDRICAL_SURFACE('',#5640,0.433895499999995);
#5153=CYLINDRICAL_SURFACE('',#5641,0.16899255);
#5154=CYLINDRICAL_SURFACE('',#5643,0.269083342923357);
#5155=CYLINDRICAL_SURFACE('',#5644,0.433895499999995);
#5156=CYLINDRICAL_SURFACE('',#5645,2.39876100503808);
#5157=CYLINDRICAL_SURFACE('',#5648,0.269083342923357);
#5158=CYLINDRICAL_SURFACE('',#5650,0.433895499999995);
#5159=CYLINDRICAL_SURFACE('',#5651,0.16899255);
#5160=CYLINDRICAL_SURFACE('',#5653,0.269083342923357);
#5161=CYLINDRICAL_SURFACE('',#5654,0.433895499999995);
#5162=CYLINDRICAL_SURFACE('',#5655,2.39876100503808);
#5163=CYLINDRICAL_SURFACE('',#5658,0.269083342923357);
#5164=CYLINDRICAL_SURFACE('',#5660,0.433895499999995);
#5165=CYLINDRICAL_SURFACE('',#5661,0.16899255);
#5166=CYLINDRICAL_SURFACE('',#5663,0.269083342923357);
#5167=CYLINDRICAL_SURFACE('',#5664,0.433895499999995);
#5168=CYLINDRICAL_SURFACE('',#5665,2.39876100503808);
#5169=CYLINDRICAL_SURFACE('',#5668,0.269083342923357);
#5170=CYLINDRICAL_SURFACE('',#5670,0.433895499999995);
#5171=CYLINDRICAL_SURFACE('',#5671,0.16899255);
#5172=CYLINDRICAL_SURFACE('',#5673,0.269083342923357);
#5173=CYLINDRICAL_SURFACE('',#5674,0.433895499999995);
#5174=CYLINDRICAL_SURFACE('',#5675,2.39876100503808);
#5175=CYLINDRICAL_SURFACE('',#5678,0.269083342923357);
#5176=CYLINDRICAL_SURFACE('',#5680,0.433895499999995);
#5177=CYLINDRICAL_SURFACE('',#5681,0.16899255);
#5178=CYLINDRICAL_SURFACE('',#5683,0.269083342923357);
#5179=CYLINDRICAL_SURFACE('',#5684,0.433895499999995);
#5180=CYLINDRICAL_SURFACE('',#5685,2.39876100503808);
#5181=CYLINDRICAL_SURFACE('',#5688,0.269083342923357);
#5182=CYLINDRICAL_SURFACE('',#5690,0.433895499999995);
#5183=CYLINDRICAL_SURFACE('',#5691,0.16899255);
#5184=CYLINDRICAL_SURFACE('',#5693,0.269083342923357);
#5185=CYLINDRICAL_SURFACE('',#5694,0.433895499999995);
#5186=CYLINDRICAL_SURFACE('',#5695,2.39876100503808);
#5187=CYLINDRICAL_SURFACE('',#5698,0.269083342923357);
#5188=CYLINDRICAL_SURFACE('',#5700,0.433895499999995);
#5189=CYLINDRICAL_SURFACE('',#5701,0.16899255);
#5190=CYLINDRICAL_SURFACE('',#5703,0.269083342923357);
#5191=CYLINDRICAL_SURFACE('',#5704,0.433895499999995);
#5192=CYLINDRICAL_SURFACE('',#5705,2.39876100503808);
#5193=CYLINDRICAL_SURFACE('',#5708,0.269083342923357);
#5194=CYLINDRICAL_SURFACE('',#5710,0.433895499999995);
#5195=CYLINDRICAL_SURFACE('',#5711,0.16899255);
#5196=CYLINDRICAL_SURFACE('',#5713,0.269083342923357);
#5197=CYLINDRICAL_SURFACE('',#5714,0.433895499999995);
#5198=CYLINDRICAL_SURFACE('',#5715,2.39876100503808);
#5199=CYLINDRICAL_SURFACE('',#5718,0.269083342923357);
#5200=CYLINDRICAL_SURFACE('',#5720,0.433895499999995);
#5201=CYLINDRICAL_SURFACE('',#5721,0.16899255);
#5202=CYLINDRICAL_SURFACE('',#5723,0.269083342923357);
#5203=CYLINDRICAL_SURFACE('',#5724,0.433895499999995);
#5204=CYLINDRICAL_SURFACE('',#5725,2.39876100503808);
#5205=CYLINDRICAL_SURFACE('',#5728,0.269083342923357);
#5206=CYLINDRICAL_SURFACE('',#5730,0.433895499999995);
#5207=CYLINDRICAL_SURFACE('',#5731,0.16899255);
#5208=CYLINDRICAL_SURFACE('',#5733,0.269083342923357);
#5209=CYLINDRICAL_SURFACE('',#5734,0.433895499999995);
#5210=CYLINDRICAL_SURFACE('',#5735,2.39876100503808);
#5211=CYLINDRICAL_SURFACE('',#5738,0.269083342923357);
#5212=CYLINDRICAL_SURFACE('',#5740,0.433895499999995);
#5213=CYLINDRICAL_SURFACE('',#5741,0.16899255);
#5214=CYLINDRICAL_SURFACE('',#5743,0.269083342923357);
#5215=CYLINDRICAL_SURFACE('',#5744,0.433895499999995);
#5216=CYLINDRICAL_SURFACE('',#5745,2.39876100503808);
#5217=CYLINDRICAL_SURFACE('',#5748,0.269083342923357);
#5218=CYLINDRICAL_SURFACE('',#5750,0.433895499999995);
#5219=CYLINDRICAL_SURFACE('',#5751,0.16899255);
#5220=CYLINDRICAL_SURFACE('',#5753,0.269083342923357);
#5221=CYLINDRICAL_SURFACE('',#5754,0.433895499999995);
#5222=CYLINDRICAL_SURFACE('',#5755,2.39876100503808);
#5223=CYLINDRICAL_SURFACE('',#5758,0.269083342923357);
#5224=CYLINDRICAL_SURFACE('',#5760,0.433895499999995);
#5225=CYLINDRICAL_SURFACE('',#5761,0.16899255);
#5226=CYLINDRICAL_SURFACE('',#5763,0.269083342923357);
#5227=CYLINDRICAL_SURFACE('',#5764,0.433895499999995);
#5228=CYLINDRICAL_SURFACE('',#5765,2.39876100503808);
#5229=CYLINDRICAL_SURFACE('',#5768,0.269083342923357);
#5230=CYLINDRICAL_SURFACE('',#5770,0.433895499999995);
#5231=CYLINDRICAL_SURFACE('',#5771,0.16899255);
#5232=CYLINDRICAL_SURFACE('',#5773,0.269083342923357);
#5233=CYLINDRICAL_SURFACE('',#5774,0.433895499999995);
#5234=CYLINDRICAL_SURFACE('',#5775,2.39876100503808);
#5235=CYLINDRICAL_SURFACE('',#5778,2.39876100503808);
#5236=CYLINDRICAL_SURFACE('',#5803,0.95);
#5237=CYLINDRICAL_SURFACE('',#5806,0.95);
#5238=CYLINDRICAL_SURFACE('',#5834,0.653640930035728);
#5239=CYLINDRICAL_SURFACE('',#5843,1.08026111752493);
#5240=CYLINDRICAL_SURFACE('',#5853,0.110809714803296);
#5241=CYLINDRICAL_SURFACE('',#5856,0.100048781762207);
#5242=CYLINDRICAL_SURFACE('',#5858,0.0856933435467266);
#5243=CYLINDRICAL_SURFACE('',#5860,0.131689903260669);
#5244=CYLINDRICAL_SURFACE('',#5873,0.120914610852236);
#5245=CYLINDRICAL_SURFACE('',#5876,0.155241454375469);
#5246=CYLINDRICAL_SURFACE('',#5895,0.110809714803286);
#5247=CYLINDRICAL_SURFACE('',#5898,0.10004878176212);
#5248=CYLINDRICAL_SURFACE('',#5900,0.0856933435466215);
#5249=CYLINDRICAL_SURFACE('',#5902,0.131689903260191);
#5250=ADVANCED_FACE('',(#4788),#5104,.T.);
#5251=ADVANCED_FACE('',(#4789),#123,.T.);
#5252=ADVANCED_FACE('',(#4790),#5105,.F.);
#5253=ADVANCED_FACE('',(#4791),#5106,.F.);
#5254=ADVANCED_FACE('',(#4792),#124,.F.);
#5255=ADVANCED_FACE('',(#4793),#5107,.T.);
#5256=ADVANCED_FACE('',(#4794),#5108,.F.);
#5257=ADVANCED_FACE('',(#4795),#5109,.T.);
#5258=ADVANCED_FACE('',(#4796),#125,.T.);
#5259=ADVANCED_FACE('',(#4797),#5110,.F.);
#5260=ADVANCED_FACE('',(#4798),#5111,.F.);
#5261=ADVANCED_FACE('',(#4799),#126,.F.);
#5262=ADVANCED_FACE('',(#4800),#5112,.T.);
#5263=ADVANCED_FACE('',(#4801),#5113,.F.);
#5264=ADVANCED_FACE('',(#4802),#5114,.T.);
#5265=ADVANCED_FACE('',(#4803),#5115,.T.);
#5266=ADVANCED_FACE('',(#4804),#127,.T.);
#5267=ADVANCED_FACE('',(#4805),#5116,.F.);
#5268=ADVANCED_FACE('',(#4806),#5117,.F.);
#5269=ADVANCED_FACE('',(#4807),#128,.F.);
#5270=ADVANCED_FACE('',(#4808),#5118,.T.);
#5271=ADVANCED_FACE('',(#4809),#5119,.F.);
#5272=ADVANCED_FACE('',(#4810),#5120,.T.);
#5273=ADVANCED_FACE('',(#4811),#5121,.T.);
#5274=ADVANCED_FACE('',(#4812),#129,.T.);
#5275=ADVANCED_FACE('',(#4813),#5122,.F.);
#5276=ADVANCED_FACE('',(#4814),#5123,.F.);
#5277=ADVANCED_FACE('',(#4815),#130,.F.);
#5278=ADVANCED_FACE('',(#4816),#5124,.T.);
#5279=ADVANCED_FACE('',(#4817),#5125,.F.);
#5280=ADVANCED_FACE('',(#4818),#5126,.T.);
#5281=ADVANCED_FACE('',(#4819),#5127,.T.);
#5282=ADVANCED_FACE('',(#4820),#131,.T.);
#5283=ADVANCED_FACE('',(#4821),#5128,.F.);
#5284=ADVANCED_FACE('',(#4822),#5129,.F.);
#5285=ADVANCED_FACE('',(#4823),#132,.F.);
#5286=ADVANCED_FACE('',(#4824),#5130,.T.);
#5287=ADVANCED_FACE('',(#4825),#5131,.F.);
#5288=ADVANCED_FACE('',(#4826),#5132,.T.);
#5289=ADVANCED_FACE('',(#4827),#5133,.T.);
#5290=ADVANCED_FACE('',(#4828),#133,.T.);
#5291=ADVANCED_FACE('',(#4829),#5134,.F.);
#5292=ADVANCED_FACE('',(#4830),#5135,.F.);
#5293=ADVANCED_FACE('',(#4831),#134,.F.);
#5294=ADVANCED_FACE('',(#4832),#5136,.T.);
#5295=ADVANCED_FACE('',(#4833),#5137,.F.);
#5296=ADVANCED_FACE('',(#4834),#5138,.T.);
#5297=ADVANCED_FACE('',(#4835),#5139,.T.);
#5298=ADVANCED_FACE('',(#4836),#135,.T.);
#5299=ADVANCED_FACE('',(#4837),#5140,.F.);
#5300=ADVANCED_FACE('',(#4838),#5141,.F.);
#5301=ADVANCED_FACE('',(#4839),#136,.F.);
#5302=ADVANCED_FACE('',(#4840),#5142,.T.);
#5303=ADVANCED_FACE('',(#4841),#5143,.F.);
#5304=ADVANCED_FACE('',(#4842),#5144,.T.);
#5305=ADVANCED_FACE('',(#4843),#5145,.T.);
#5306=ADVANCED_FACE('',(#4844),#137,.T.);
#5307=ADVANCED_FACE('',(#4845),#5146,.F.);
#5308=ADVANCED_FACE('',(#4846),#5147,.F.);
#5309=ADVANCED_FACE('',(#4847),#138,.F.);
#5310=ADVANCED_FACE('',(#4848),#5148,.T.);
#5311=ADVANCED_FACE('',(#4849),#5149,.F.);
#5312=ADVANCED_FACE('',(#4850),#5150,.T.);
#5313=ADVANCED_FACE('',(#4851),#5151,.T.);
#5314=ADVANCED_FACE('',(#4852),#139,.T.);
#5315=ADVANCED_FACE('',(#4853),#5152,.F.);
#5316=ADVANCED_FACE('',(#4854),#5153,.F.);
#5317=ADVANCED_FACE('',(#4855),#140,.F.);
#5318=ADVANCED_FACE('',(#4856),#5154,.T.);
#5319=ADVANCED_FACE('',(#4857),#5155,.F.);
#5320=ADVANCED_FACE('',(#4858),#5156,.T.);
#5321=ADVANCED_FACE('',(#4859),#5157,.T.);
#5322=ADVANCED_FACE('',(#4860),#141,.T.);
#5323=ADVANCED_FACE('',(#4861),#5158,.F.);
#5324=ADVANCED_FACE('',(#4862),#5159,.F.);
#5325=ADVANCED_FACE('',(#4863),#142,.F.);
#5326=ADVANCED_FACE('',(#4864),#5160,.T.);
#5327=ADVANCED_FACE('',(#4865),#5161,.F.);
#5328=ADVANCED_FACE('',(#4866),#5162,.T.);
#5329=ADVANCED_FACE('',(#4867),#5163,.T.);
#5330=ADVANCED_FACE('',(#4868),#143,.T.);
#5331=ADVANCED_FACE('',(#4869),#5164,.F.);
#5332=ADVANCED_FACE('',(#4870),#5165,.F.);
#5333=ADVANCED_FACE('',(#4871),#144,.F.);
#5334=ADVANCED_FACE('',(#4872),#5166,.T.);
#5335=ADVANCED_FACE('',(#4873),#5167,.F.);
#5336=ADVANCED_FACE('',(#4874),#5168,.T.);
#5337=ADVANCED_FACE('',(#4875),#5169,.T.);
#5338=ADVANCED_FACE('',(#4876),#145,.T.);
#5339=ADVANCED_FACE('',(#4877),#5170,.F.);
#5340=ADVANCED_FACE('',(#4878),#5171,.F.);
#5341=ADVANCED_FACE('',(#4879),#146,.F.);
#5342=ADVANCED_FACE('',(#4880),#5172,.T.);
#5343=ADVANCED_FACE('',(#4881),#5173,.F.);
#5344=ADVANCED_FACE('',(#4882),#5174,.T.);
#5345=ADVANCED_FACE('',(#4883),#5175,.T.);
#5346=ADVANCED_FACE('',(#4884),#147,.T.);
#5347=ADVANCED_FACE('',(#4885),#5176,.F.);
#5348=ADVANCED_FACE('',(#4886),#5177,.F.);
#5349=ADVANCED_FACE('',(#4887),#148,.F.);
#5350=ADVANCED_FACE('',(#4888),#5178,.T.);
#5351=ADVANCED_FACE('',(#4889),#5179,.F.);
#5352=ADVANCED_FACE('',(#4890),#5180,.T.);
#5353=ADVANCED_FACE('',(#4891),#5181,.T.);
#5354=ADVANCED_FACE('',(#4892),#149,.T.);
#5355=ADVANCED_FACE('',(#4893),#5182,.F.);
#5356=ADVANCED_FACE('',(#4894),#5183,.F.);
#5357=ADVANCED_FACE('',(#4895),#150,.F.);
#5358=ADVANCED_FACE('',(#4896),#5184,.T.);
#5359=ADVANCED_FACE('',(#4897),#5185,.F.);
#5360=ADVANCED_FACE('',(#4898),#5186,.T.);
#5361=ADVANCED_FACE('',(#4899),#5187,.T.);
#5362=ADVANCED_FACE('',(#4900),#151,.T.);
#5363=ADVANCED_FACE('',(#4901),#5188,.F.);
#5364=ADVANCED_FACE('',(#4902),#5189,.F.);
#5365=ADVANCED_FACE('',(#4903),#152,.F.);
#5366=ADVANCED_FACE('',(#4904),#5190,.T.);
#5367=ADVANCED_FACE('',(#4905),#5191,.F.);
#5368=ADVANCED_FACE('',(#4906),#5192,.T.);
#5369=ADVANCED_FACE('',(#4907),#5193,.T.);
#5370=ADVANCED_FACE('',(#4908),#153,.T.);
#5371=ADVANCED_FACE('',(#4909),#5194,.F.);
#5372=ADVANCED_FACE('',(#4910),#5195,.F.);
#5373=ADVANCED_FACE('',(#4911),#154,.F.);
#5374=ADVANCED_FACE('',(#4912),#5196,.T.);
#5375=ADVANCED_FACE('',(#4913),#5197,.F.);
#5376=ADVANCED_FACE('',(#4914),#5198,.T.);
#5377=ADVANCED_FACE('',(#4915),#5199,.T.);
#5378=ADVANCED_FACE('',(#4916),#155,.T.);
#5379=ADVANCED_FACE('',(#4917),#5200,.F.);
#5380=ADVANCED_FACE('',(#4918),#5201,.F.);
#5381=ADVANCED_FACE('',(#4919),#156,.F.);
#5382=ADVANCED_FACE('',(#4920),#5202,.T.);
#5383=ADVANCED_FACE('',(#4921),#5203,.F.);
#5384=ADVANCED_FACE('',(#4922),#5204,.T.);
#5385=ADVANCED_FACE('',(#4923),#5205,.T.);
#5386=ADVANCED_FACE('',(#4924),#157,.T.);
#5387=ADVANCED_FACE('',(#4925),#5206,.F.);
#5388=ADVANCED_FACE('',(#4926),#5207,.F.);
#5389=ADVANCED_FACE('',(#4927),#158,.F.);
#5390=ADVANCED_FACE('',(#4928),#5208,.T.);
#5391=ADVANCED_FACE('',(#4929),#5209,.F.);
#5392=ADVANCED_FACE('',(#4930),#5210,.T.);
#5393=ADVANCED_FACE('',(#4931),#5211,.T.);
#5394=ADVANCED_FACE('',(#4932),#159,.T.);
#5395=ADVANCED_FACE('',(#4933),#5212,.F.);
#5396=ADVANCED_FACE('',(#4934),#5213,.F.);
#5397=ADVANCED_FACE('',(#4935),#160,.F.);
#5398=ADVANCED_FACE('',(#4936),#5214,.T.);
#5399=ADVANCED_FACE('',(#4937),#5215,.F.);
#5400=ADVANCED_FACE('',(#4938),#5216,.T.);
#5401=ADVANCED_FACE('',(#4939),#5217,.T.);
#5402=ADVANCED_FACE('',(#4940),#161,.T.);
#5403=ADVANCED_FACE('',(#4941),#5218,.F.);
#5404=ADVANCED_FACE('',(#4942),#5219,.F.);
#5405=ADVANCED_FACE('',(#4943),#162,.F.);
#5406=ADVANCED_FACE('',(#4944),#5220,.T.);
#5407=ADVANCED_FACE('',(#4945),#5221,.F.);
#5408=ADVANCED_FACE('',(#4946),#5222,.T.);
#5409=ADVANCED_FACE('',(#4947),#5223,.T.);
#5410=ADVANCED_FACE('',(#4948),#163,.T.);
#5411=ADVANCED_FACE('',(#4949),#5224,.F.);
#5412=ADVANCED_FACE('',(#4950),#5225,.F.);
#5413=ADVANCED_FACE('',(#4951),#164,.F.);
#5414=ADVANCED_FACE('',(#4952),#5226,.T.);
#5415=ADVANCED_FACE('',(#4953),#5227,.F.);
#5416=ADVANCED_FACE('',(#4954),#5228,.T.);
#5417=ADVANCED_FACE('',(#4955),#5229,.T.);
#5418=ADVANCED_FACE('',(#4956),#165,.T.);
#5419=ADVANCED_FACE('',(#4957),#5230,.F.);
#5420=ADVANCED_FACE('',(#4958),#5231,.F.);
#5421=ADVANCED_FACE('',(#4959),#166,.F.);
#5422=ADVANCED_FACE('',(#4960),#5232,.T.);
#5423=ADVANCED_FACE('',(#4961),#5233,.F.);
#5424=ADVANCED_FACE('',(#4962),#5234,.T.);
#5425=ADVANCED_FACE('',(#4963),#5235,.T.);
#5426=ADVANCED_FACE('',(#4964,#4965),#41,.T.);
#5427=ADVANCED_FACE('',(#4966,#4967),#42,.T.);
#5428=ADVANCED_FACE('',(#4968,#4969),#167,.F.);
#5429=ADVANCED_FACE('',(#4970,#4971,#4972,#4973,#4974,#4975,#4976,#4977),
#168,.T.);
#5430=ADVANCED_FACE('',(#4978,#4979),#169,.T.);
#5431=ADVANCED_FACE('',(#4980,#4981),#5236,.T.);
#5432=ADVANCED_FACE('',(#4982,#4983),#5237,.T.);
#5433=ADVANCED_FACE('',(#4984,#4985),#170,.F.);
#5434=ADVANCED_FACE('',(#4986),#171,.F.);
#5435=ADVANCED_FACE('',(#4987),#172,.F.);
#5436=ADVANCED_FACE('',(#4988),#173,.F.);
#5437=ADVANCED_FACE('',(#4989),#174,.F.);
#5438=ADVANCED_FACE('',(#4990),#175,.F.);
#5439=ADVANCED_FACE('',(#4991),#176,.F.);
#5440=ADVANCED_FACE('',(#4992),#177,.T.);
#5441=ADVANCED_FACE('',(#4993),#178,.T.);
#5442=ADVANCED_FACE('',(#4994),#179,.T.);
#5443=ADVANCED_FACE('',(#4995),#180,.T.);
#5444=ADVANCED_FACE('',(#4996),#181,.T.);
#5445=ADVANCED_FACE('',(#4997),#182,.T.);
#5446=ADVANCED_FACE('',(#4998),#183,.F.);
#5447=ADVANCED_FACE('',(#4999),#184,.F.);
#5448=ADVANCED_FACE('',(#5000),#185,.F.);
#5449=ADVANCED_FACE('',(#5001),#186,.F.);
#5450=ADVANCED_FACE('',(#5002),#187,.F.);
#5451=ADVANCED_FACE('',(#5003),#188,.F.);
#5452=ADVANCED_FACE('',(#5004,#5005),#39,.F.);
#5453=ADVANCED_FACE('',(#5006,#5007),#40,.F.);
#5454=ADVANCED_FACE('',(#5008,#5009),#43,.T.);
#5455=ADVANCED_FACE('',(#5010,#5011),#44,.T.);
#5456=ADVANCED_FACE('',(#5012),#189,.T.);
#5457=ADVANCED_FACE('',(#5013),#5238,.F.);
#5458=ADVANCED_FACE('',(#5014),#190,.T.);
#5459=ADVANCED_FACE('',(#5015),#191,.T.);
#5460=ADVANCED_FACE('',(#5016),#192,.T.);
#5461=ADVANCED_FACE('',(#5017),#193,.T.);
#5462=ADVANCED_FACE('',(#5018),#194,.T.);
#5463=ADVANCED_FACE('',(#5019),#195,.T.);
#5464=ADVANCED_FACE('',(#5020),#196,.T.);
#5465=ADVANCED_FACE('',(#5021),#5239,.F.);
#5466=ADVANCED_FACE('',(#5022),#197,.T.);
#5467=ADVANCED_FACE('',(#5023),#198,.T.);
#5468=ADVANCED_FACE('',(#5024),#199,.T.);
#5469=ADVANCED_FACE('',(#5025),#200,.T.);
#5470=ADVANCED_FACE('',(#5026),#201,.T.);
#5471=ADVANCED_FACE('',(#5027),#202,.T.);
#5472=ADVANCED_FACE('',(#5028),#203,.T.);
#5473=ADVANCED_FACE('',(#5029),#204,.T.);
#5474=ADVANCED_FACE('',(#5030),#12,.T.);
#5475=ADVANCED_FACE('',(#5031),#5240,.F.);
#5476=ADVANCED_FACE('',(#5032),#13,.T.);
#5477=ADVANCED_FACE('',(#5033),#14,.T.);
#5478=ADVANCED_FACE('',(#5034),#15,.T.);
#5479=ADVANCED_FACE('',(#5035),#205,.T.);
#5480=ADVANCED_FACE('',(#5036),#16,.T.);
#5481=ADVANCED_FACE('',(#5037),#5241,.T.);
#5482=ADVANCED_FACE('',(#5038),#17,.T.);
#5483=ADVANCED_FACE('',(#5039),#18,.T.);
#5484=ADVANCED_FACE('',(#5040),#5242,.T.);
#5485=ADVANCED_FACE('',(#5041),#5243,.T.);
#5486=ADVANCED_FACE('',(#5042),#19,.T.);
#5487=ADVANCED_FACE('',(#5043),#206,.T.);
#5488=ADVANCED_FACE('',(#5044),#207,.T.);
#5489=ADVANCED_FACE('',(#5045),#208,.T.);
#5490=ADVANCED_FACE('',(#5046),#209,.T.);
#5491=ADVANCED_FACE('',(#5047),#210,.T.);
#5492=ADVANCED_FACE('',(#5048),#211,.T.);
#5493=ADVANCED_FACE('',(#5049),#212,.T.);
#5494=ADVANCED_FACE('',(#5050),#213,.T.);
#5495=ADVANCED_FACE('',(#5051),#214,.T.);
#5496=ADVANCED_FACE('',(#5052),#215,.T.);
#5497=ADVANCED_FACE('',(#5053),#216,.T.);
#5498=ADVANCED_FACE('',(#5054),#20,.T.);
#5499=ADVANCED_FACE('',(#5055),#21,.T.);
#5500=ADVANCED_FACE('',(#5056),#5244,.F.);
#5501=ADVANCED_FACE('',(#5057),#22,.T.);
#5502=ADVANCED_FACE('',(#5058),#23,.T.);
#5503=ADVANCED_FACE('',(#5059),#24,.T.);
#5504=ADVANCED_FACE('',(#5060),#25,.T.);
#5505=ADVANCED_FACE('',(#5061),#217,.T.);
#5506=ADVANCED_FACE('',(#5062),#26,.T.);
#5507=ADVANCED_FACE('',(#5063),#27,.T.);
#5508=ADVANCED_FACE('',(#5064),#28,.T.);
#5509=ADVANCED_FACE('',(#5065),#29,.T.);
#5510=ADVANCED_FACE('',(#5066),#30,.T.);
#5511=ADVANCED_FACE('',(#5067),#5245,.T.);
#5512=ADVANCED_FACE('',(#5068),#218,.T.);
#5513=ADVANCED_FACE('',(#5069),#219,.T.);
#5514=ADVANCED_FACE('',(#5070),#220,.T.);
#5515=ADVANCED_FACE('',(#5071),#221,.T.);
#5516=ADVANCED_FACE('',(#5072),#222,.T.);
#5517=ADVANCED_FACE('',(#5073),#223,.T.);
#5518=ADVANCED_FACE('',(#5074),#224,.T.);
#5519=ADVANCED_FACE('',(#5075),#225,.T.);
#5520=ADVANCED_FACE('',(#5076),#226,.T.);
#5521=ADVANCED_FACE('',(#5077),#227,.T.);
#5522=ADVANCED_FACE('',(#5078),#228,.T.);
#5523=ADVANCED_FACE('',(#5079),#229,.T.);
#5524=ADVANCED_FACE('',(#5080),#230,.T.);
#5525=ADVANCED_FACE('',(#5081),#231,.T.);
#5526=ADVANCED_FACE('',(#5082),#232,.T.);
#5527=ADVANCED_FACE('',(#5083),#233,.T.);
#5528=ADVANCED_FACE('',(#5084),#234,.T.);
#5529=ADVANCED_FACE('',(#5085),#31,.T.);
#5530=ADVANCED_FACE('',(#5086),#5246,.F.);
#5531=ADVANCED_FACE('',(#5087),#32,.T.);
#5532=ADVANCED_FACE('',(#5088),#33,.T.);
#5533=ADVANCED_FACE('',(#5089),#34,.T.);
#5534=ADVANCED_FACE('',(#5090),#235,.T.);
#5535=ADVANCED_FACE('',(#5091),#35,.T.);
#5536=ADVANCED_FACE('',(#5092),#5247,.T.);
#5537=ADVANCED_FACE('',(#5093),#36,.T.);
#5538=ADVANCED_FACE('',(#5094),#37,.T.);
#5539=ADVANCED_FACE('',(#5095),#5248,.T.);
#5540=ADVANCED_FACE('',(#5096),#5249,.T.);
#5541=ADVANCED_FACE('',(#5097),#38,.T.);
#5542=ADVANCED_FACE('',(#5098),#236,.T.);
#5543=ADVANCED_FACE('',(#5099),#237,.T.);
#5544=ADVANCED_FACE('',(#5100),#238,.T.);
#5545=ADVANCED_FACE('',(#5101),#239,.T.);
#5546=ADVANCED_FACE('',(#5102),#240,.T.);
#5547=ADVANCED_FACE('',(#5103),#241,.T.);
#5548=CLOSED_SHELL('',(#5250,#5251,#5252,#5253,#5254,#5255,#5256,#5257,
#5258,#5259,#5260,#5261,#5262,#5263,#5264,#5265,#5266,#5267,#5268,#5269,
#5270,#5271,#5272,#5273,#5274,#5275,#5276,#5277,#5278,#5279,#5280,#5281,
#5282,#5283,#5284,#5285,#5286,#5287,#5288,#5289,#5290,#5291,#5292,#5293,
#5294,#5295,#5296,#5297,#5298,#5299,#5300,#5301,#5302,#5303,#5304,#5305,
#5306,#5307,#5308,#5309,#5310,#5311,#5312,#5313,#5314,#5315,#5316,#5317,
#5318,#5319,#5320,#5321,#5322,#5323,#5324,#5325,#5326,#5327,#5328,#5329,
#5330,#5331,#5332,#5333,#5334,#5335,#5336,#5337,#5338,#5339,#5340,#5341,
#5342,#5343,#5344,#5345,#5346,#5347,#5348,#5349,#5350,#5351,#5352,#5353,
#5354,#5355,#5356,#5357,#5358,#5359,#5360,#5361,#5362,#5363,#5364,#5365,
#5366,#5367,#5368,#5369,#5370,#5371,#5372,#5373,#5374,#5375,#5376,#5377,
#5378,#5379,#5380,#5381,#5382,#5383,#5384,#5385,#5386,#5387,#5388,#5389,
#5390,#5391,#5392,#5393,#5394,#5395,#5396,#5397,#5398,#5399,#5400,#5401,
#5402,#5403,#5404,#5405,#5406,#5407,#5408,#5409,#5410,#5411,#5412,#5413,
#5414,#5415,#5416,#5417,#5418,#5419,#5420,#5421,#5422,#5423,#5424,#5425,
#5426,#5427,#5428,#5429,#5430,#5431,#5432,#5433,#5434,#5435,#5436,#5437,
#5438,#5439,#5440,#5441,#5442,#5443,#5444,#5445,#5446,#5447,#5448,#5449,
#5450,#5451,#5452,#5453,#5454,#5455,#5456,#5457,#5458,#5459,#5460,#5461,
#5462,#5463,#5464,#5465,#5466,#5467,#5468,#5469,#5470,#5471,#5472,#5473,
#5474,#5475,#5476,#5477,#5478,#5479,#5480,#5481,#5482,#5483,#5484,#5485,
#5486,#5487,#5488,#5489,#5490,#5491,#5492,#5493,#5494,#5495,#5496,#5497,
#5498,#5499,#5500,#5501,#5502,#5503,#5504,#5505,#5506,#5507,#5508,#5509,
#5510,#5511,#5512,#5513,#5514,#5515,#5516,#5517,#5518,#5519,#5520,#5521,
#5522,#5523,#5524,#5525,#5526,#5527,#5528,#5529,#5530,#5531,#5532,#5533,
#5534,#5535,#5536,#5537,#5538,#5539,#5540,#5541,#5542,#5543,#5544,#5545,
#5546,#5547));
#5549=STYLED_ITEM('',(#5550),#5557);
#5550=PRESENTATION_STYLE_ASSIGNMENT((#5551));
#5551=SURFACE_STYLE_USAGE(.BOTH.,#5552);
#5552=SURFACE_SIDE_STYLE('',(#5553));
#5553=SURFACE_STYLE_FILL_AREA(#5554);
#5554=FILL_AREA_STYLE('',(#5555));
#5555=FILL_AREA_STYLE_COLOUR('',#5556);
#5556=COLOUR_RGB('',0.262745098039216,0.282352941176471,0.301960784313725);
#5557=MANIFOLD_SOLID_BREP('#25\X2\94FE8F6E\X0\22t',#5548);
#5558=SHAPE_DEFINITION_REPRESENTATION(#9974,#5559);
#5559=SHAPE_REPRESENTATION('#25??22t',(#5560),#9969);
#5560=AXIS2_PLACEMENT_3D('',#7008,#5910,#5911);
#5561=AXIS2_PLACEMENT_3D('',#7009,#5912,#5913);
#5562=AXIS2_PLACEMENT_3D('',#7024,#5916,#5917);
#5563=AXIS2_PLACEMENT_3D('',#7036,#5919,#5920);
#5564=AXIS2_PLACEMENT_3D('',#7048,#5922,#5923);
#5565=AXIS2_PLACEMENT_3D('',#7062,#5925,#5926);
#5566=AXIS2_PLACEMENT_3D('',#7077,#5929,#5930);
#5567=AXIS2_PLACEMENT_3D('',#7089,#5932,#5933);
#5568=AXIS2_PLACEMENT_3D('',#7098,#5934,#5935);
#5569=AXIS2_PLACEMENT_3D('',#7113,#5938,#5939);
#5570=AXIS2_PLACEMENT_3D('',#7125,#5941,#5942);
#5571=AXIS2_PLACEMENT_3D('',#7137,#5944,#5945);
#5572=AXIS2_PLACEMENT_3D('',#7151,#5947,#5948);
#5573=AXIS2_PLACEMENT_3D('',#7166,#5951,#5952);
#5574=AXIS2_PLACEMENT_3D('',#7178,#5954,#5955);
#5575=AXIS2_PLACEMENT_3D('',#7187,#5956,#5957);
#5576=AXIS2_PLACEMENT_3D('',#7188,#5958,#5959);
#5577=AXIS2_PLACEMENT_3D('',#7189,#5960,#5961);
#5578=AXIS2_PLACEMENT_3D('',#7190,#5962,#5963);
#5579=AXIS2_PLACEMENT_3D('',#7205,#5966,#5967);
#5580=AXIS2_PLACEMENT_3D('',#7217,#5969,#5970);
#5581=AXIS2_PLACEMENT_3D('',#7229,#5972,#5973);
#5582=AXIS2_PLACEMENT_3D('',#7243,#5975,#5976);
#5583=AXIS2_PLACEMENT_3D('',#7258,#5979,#5980);
#5584=AXIS2_PLACEMENT_3D('',#7270,#5982,#5983);
#5585=AXIS2_PLACEMENT_3D('',#7279,#5984,#5985);
#5586=AXIS2_PLACEMENT_3D('',#7280,#5986,#5987);
#5587=AXIS2_PLACEMENT_3D('',#7281,#5988,#5989);
#5588=AXIS2_PLACEMENT_3D('',#7282,#5990,#5991);
#5589=AXIS2_PLACEMENT_3D('',#7297,#5994,#5995);
#5590=AXIS2_PLACEMENT_3D('',#7309,#5997,#5998);
#5591=AXIS2_PLACEMENT_3D('',#7321,#6000,#6001);
#5592=AXIS2_PLACEMENT_3D('',#7335,#6003,#6004);
#5593=AXIS2_PLACEMENT_3D('',#7350,#6007,#6008);
#5594=AXIS2_PLACEMENT_3D('',#7362,#6010,#6011);
#5595=AXIS2_PLACEMENT_3D('',#7371,#6012,#6013);
#5596=AXIS2_PLACEMENT_3D('',#7372,#6014,#6015);
#5597=AXIS2_PLACEMENT_3D('',#7373,#6016,#6017);
#5598=AXIS2_PLACEMENT_3D('',#7374,#6018,#6019);
#5599=AXIS2_PLACEMENT_3D('',#7389,#6022,#6023);
#5600=AXIS2_PLACEMENT_3D('',#7401,#6025,#6026);
#5601=AXIS2_PLACEMENT_3D('',#7413,#6028,#6029);
#5602=AXIS2_PLACEMENT_3D('',#7427,#6031,#6032);
#5603=AXIS2_PLACEMENT_3D('',#7442,#6035,#6036);
#5604=AXIS2_PLACEMENT_3D('',#7454,#6038,#6039);
#5605=AXIS2_PLACEMENT_3D('',#7463,#6040,#6041);
#5606=AXIS2_PLACEMENT_3D('',#7464,#6042,#6043);
#5607=AXIS2_PLACEMENT_3D('',#7465,#6044,#6045);
#5608=AXIS2_PLACEMENT_3D('',#7466,#6046,#6047);
#5609=AXIS2_PLACEMENT_3D('',#7481,#6050,#6051);
#5610=AXIS2_PLACEMENT_3D('',#7493,#6053,#6054);
#5611=AXIS2_PLACEMENT_3D('',#7505,#6056,#6057);
#5612=AXIS2_PLACEMENT_3D('',#7519,#6059,#6060);
#5613=AXIS2_PLACEMENT_3D('',#7534,#6063,#6064);
#5614=AXIS2_PLACEMENT_3D('',#7546,#6066,#6067);
#5615=AXIS2_PLACEMENT_3D('',#7555,#6068,#6069);
#5616=AXIS2_PLACEMENT_3D('',#7556,#6070,#6071);
#5617=AXIS2_PLACEMENT_3D('',#7557,#6072,#6073);
#5618=AXIS2_PLACEMENT_3D('',#7558,#6074,#6075);
#5619=AXIS2_PLACEMENT_3D('',#7573,#6078,#6079);
#5620=AXIS2_PLACEMENT_3D('',#7585,#6081,#6082);
#5621=AXIS2_PLACEMENT_3D('',#7597,#6084,#6085);
#5622=AXIS2_PLACEMENT_3D('',#7611,#6087,#6088);
#5623=AXIS2_PLACEMENT_3D('',#7626,#6091,#6092);
#5624=AXIS2_PLACEMENT_3D('',#7638,#6094,#6095);
#5625=AXIS2_PLACEMENT_3D('',#7647,#6096,#6097);
#5626=AXIS2_PLACEMENT_3D('',#7648,#6098,#6099);
#5627=AXIS2_PLACEMENT_3D('',#7649,#6100,#6101);
#5628=AXIS2_PLACEMENT_3D('',#7650,#6102,#6103);
#5629=AXIS2_PLACEMENT_3D('',#7665,#6106,#6107);
#5630=AXIS2_PLACEMENT_3D('',#7677,#6109,#6110);
#5631=AXIS2_PLACEMENT_3D('',#7689,#6112,#6113);
#5632=AXIS2_PLACEMENT_3D('',#7703,#6115,#6116);
#5633=AXIS2_PLACEMENT_3D('',#7718,#6119,#6120);
#5634=AXIS2_PLACEMENT_3D('',#7730,#6122,#6123);
#5635=AXIS2_PLACEMENT_3D('',#7739,#6124,#6125);
#5636=AXIS2_PLACEMENT_3D('',#7740,#6126,#6127);
#5637=AXIS2_PLACEMENT_3D('',#7741,#6128,#6129);
#5638=AXIS2_PLACEMENT_3D('',#7742,#6130,#6131);
#5639=AXIS2_PLACEMENT_3D('',#7757,#6134,#6135);
#5640=AXIS2_PLACEMENT_3D('',#7769,#6137,#6138);
#5641=AXIS2_PLACEMENT_3D('',#7781,#6140,#6141);
#5642=AXIS2_PLACEMENT_3D('',#7795,#6143,#6144);
#5643=AXIS2_PLACEMENT_3D('',#7810,#6147,#6148);
#5644=AXIS2_PLACEMENT_3D('',#7822,#6150,#6151);
#5645=AXIS2_PLACEMENT_3D('',#7831,#6152,#6153);
#5646=AXIS2_PLACEMENT_3D('',#7832,#6154,#6155);
#5647=AXIS2_PLACEMENT_3D('',#7833,#6156,#6157);
#5648=AXIS2_PLACEMENT_3D('',#7834,#6158,#6159);
#5649=AXIS2_PLACEMENT_3D('',#7849,#6162,#6163);
#5650=AXIS2_PLACEMENT_3D('',#7861,#6165,#6166);
#5651=AXIS2_PLACEMENT_3D('',#7873,#6168,#6169);
#5652=AXIS2_PLACEMENT_3D('',#7887,#6171,#6172);
#5653=AXIS2_PLACEMENT_3D('',#7902,#6175,#6176);
#5654=AXIS2_PLACEMENT_3D('',#7914,#6178,#6179);
#5655=AXIS2_PLACEMENT_3D('',#7923,#6180,#6181);
#5656=AXIS2_PLACEMENT_3D('',#7924,#6182,#6183);
#5657=AXIS2_PLACEMENT_3D('',#7925,#6184,#6185);
#5658=AXIS2_PLACEMENT_3D('',#7926,#6186,#6187);
#5659=AXIS2_PLACEMENT_3D('',#7941,#6190,#6191);
#5660=AXIS2_PLACEMENT_3D('',#7953,#6193,#6194);
#5661=AXIS2_PLACEMENT_3D('',#7965,#6196,#6197);
#5662=AXIS2_PLACEMENT_3D('',#7979,#6199,#6200);
#5663=AXIS2_PLACEMENT_3D('',#7994,#6203,#6204);
#5664=AXIS2_PLACEMENT_3D('',#8006,#6206,#6207);
#5665=AXIS2_PLACEMENT_3D('',#8015,#6208,#6209);
#5666=AXIS2_PLACEMENT_3D('',#8016,#6210,#6211);
#5667=AXIS2_PLACEMENT_3D('',#8017,#6212,#6213);
#5668=AXIS2_PLACEMENT_3D('',#8018,#6214,#6215);
#5669=AXIS2_PLACEMENT_3D('',#8033,#6218,#6219);
#5670=AXIS2_PLACEMENT_3D('',#8045,#6221,#6222);
#5671=AXIS2_PLACEMENT_3D('',#8057,#6224,#6225);
#5672=AXIS2_PLACEMENT_3D('',#8071,#6227,#6228);
#5673=AXIS2_PLACEMENT_3D('',#8086,#6231,#6232);
#5674=AXIS2_PLACEMENT_3D('',#8098,#6234,#6235);
#5675=AXIS2_PLACEMENT_3D('',#8107,#6236,#6237);
#5676=AXIS2_PLACEMENT_3D('',#8108,#6238,#6239);
#5677=AXIS2_PLACEMENT_3D('',#8109,#6240,#6241);
#5678=AXIS2_PLACEMENT_3D('',#8110,#6242,#6243);
#5679=AXIS2_PLACEMENT_3D('',#8125,#6246,#6247);
#5680=AXIS2_PLACEMENT_3D('',#8137,#6249,#6250);
#5681=AXIS2_PLACEMENT_3D('',#8149,#6252,#6253);
#5682=AXIS2_PLACEMENT_3D('',#8163,#6255,#6256);
#5683=AXIS2_PLACEMENT_3D('',#8178,#6259,#6260);
#5684=AXIS2_PLACEMENT_3D('',#8190,#6262,#6263);
#5685=AXIS2_PLACEMENT_3D('',#8199,#6264,#6265);
#5686=AXIS2_PLACEMENT_3D('',#8200,#6266,#6267);
#5687=AXIS2_PLACEMENT_3D('',#8201,#6268,#6269);
#5688=AXIS2_PLACEMENT_3D('',#8202,#6270,#6271);
#5689=AXIS2_PLACEMENT_3D('',#8217,#6274,#6275);
#5690=AXIS2_PLACEMENT_3D('',#8229,#6277,#6278);
#5691=AXIS2_PLACEMENT_3D('',#8241,#6280,#6281);
#5692=AXIS2_PLACEMENT_3D('',#8255,#6283,#6284);
#5693=AXIS2_PLACEMENT_3D('',#8270,#6287,#6288);
#5694=AXIS2_PLACEMENT_3D('',#8282,#6290,#6291);
#5695=AXIS2_PLACEMENT_3D('',#8291,#6292,#6293);
#5696=AXIS2_PLACEMENT_3D('',#8292,#6294,#6295);
#5697=AXIS2_PLACEMENT_3D('',#8293,#6296,#6297);
#5698=AXIS2_PLACEMENT_3D('',#8294,#6298,#6299);
#5699=AXIS2_PLACEMENT_3D('',#8309,#6302,#6303);
#5700=AXIS2_PLACEMENT_3D('',#8321,#6305,#6306);
#5701=AXIS2_PLACEMENT_3D('',#8333,#6308,#6309);
#5702=AXIS2_PLACEMENT_3D('',#8347,#6311,#6312);
#5703=AXIS2_PLACEMENT_3D('',#8362,#6315,#6316);
#5704=AXIS2_PLACEMENT_3D('',#8374,#6318,#6319);
#5705=AXIS2_PLACEMENT_3D('',#8383,#6320,#6321);
#5706=AXIS2_PLACEMENT_3D('',#8384,#6322,#6323);
#5707=AXIS2_PLACEMENT_3D('',#8385,#6324,#6325);
#5708=AXIS2_PLACEMENT_3D('',#8386,#6326,#6327);
#5709=AXIS2_PLACEMENT_3D('',#8401,#6330,#6331);
#5710=AXIS2_PLACEMENT_3D('',#8413,#6333,#6334);
#5711=AXIS2_PLACEMENT_3D('',#8425,#6336,#6337);
#5712=AXIS2_PLACEMENT_3D('',#8439,#6339,#6340);
#5713=AXIS2_PLACEMENT_3D('',#8454,#6343,#6344);
#5714=AXIS2_PLACEMENT_3D('',#8466,#6346,#6347);
#5715=AXIS2_PLACEMENT_3D('',#8475,#6348,#6349);
#5716=AXIS2_PLACEMENT_3D('',#8476,#6350,#6351);
#5717=AXIS2_PLACEMENT_3D('',#8477,#6352,#6353);
#5718=AXIS2_PLACEMENT_3D('',#8478,#6354,#6355);
#5719=AXIS2_PLACEMENT_3D('',#8493,#6358,#6359);
#5720=AXIS2_PLACEMENT_3D('',#8505,#6361,#6362);
#5721=AXIS2_PLACEMENT_3D('',#8517,#6364,#6365);
#5722=AXIS2_PLACEMENT_3D('',#8531,#6367,#6368);
#5723=AXIS2_PLACEMENT_3D('',#8546,#6371,#6372);
#5724=AXIS2_PLACEMENT_3D('',#8558,#6374,#6375);
#5725=AXIS2_PLACEMENT_3D('',#8567,#6376,#6377);
#5726=AXIS2_PLACEMENT_3D('',#8568,#6378,#6379);
#5727=AXIS2_PLACEMENT_3D('',#8569,#6380,#6381);
#5728=AXIS2_PLACEMENT_3D('',#8570,#6382,#6383);
#5729=AXIS2_PLACEMENT_3D('',#8585,#6386,#6387);
#5730=AXIS2_PLACEMENT_3D('',#8597,#6389,#6390);
#5731=AXIS2_PLACEMENT_3D('',#8609,#6392,#6393);
#5732=AXIS2_PLACEMENT_3D('',#8623,#6395,#6396);
#5733=AXIS2_PLACEMENT_3D('',#8638,#6399,#6400);
#5734=AXIS2_PLACEMENT_3D('',#8650,#6402,#6403);
#5735=AXIS2_PLACEMENT_3D('',#8659,#6404,#6405);
#5736=AXIS2_PLACEMENT_3D('',#8660,#6406,#6407);
#5737=AXIS2_PLACEMENT_3D('',#8661,#6408,#6409);
#5738=AXIS2_PLACEMENT_3D('',#8662,#6410,#6411);
#5739=AXIS2_PLACEMENT_3D('',#8677,#6414,#6415);
#5740=AXIS2_PLACEMENT_3D('',#8689,#6417,#6418);
#5741=AXIS2_PLACEMENT_3D('',#8701,#6420,#6421);
#5742=AXIS2_PLACEMENT_3D('',#8715,#6423,#6424);
#5743=AXIS2_PLACEMENT_3D('',#8730,#6427,#6428);
#5744=AXIS2_PLACEMENT_3D('',#8742,#6430,#6431);
#5745=AXIS2_PLACEMENT_3D('',#8751,#6432,#6433);
#5746=AXIS2_PLACEMENT_3D('',#8752,#6434,#6435);
#5747=AXIS2_PLACEMENT_3D('',#8753,#6436,#6437);
#5748=AXIS2_PLACEMENT_3D('',#8754,#6438,#6439);
#5749=AXIS2_PLACEMENT_3D('',#8769,#6442,#6443);
#5750=AXIS2_PLACEMENT_3D('',#8781,#6445,#6446);
#5751=AXIS2_PLACEMENT_3D('',#8793,#6448,#6449);
#5752=AXIS2_PLACEMENT_3D('',#8807,#6451,#6452);
#5753=AXIS2_PLACEMENT_3D('',#8822,#6455,#6456);
#5754=AXIS2_PLACEMENT_3D('',#8834,#6458,#6459);
#5755=AXIS2_PLACEMENT_3D('',#8843,#6460,#6461);
#5756=AXIS2_PLACEMENT_3D('',#8844,#6462,#6463);
#5757=AXIS2_PLACEMENT_3D('',#8845,#6464,#6465);
#5758=AXIS2_PLACEMENT_3D('',#8846,#6466,#6467);
#5759=AXIS2_PLACEMENT_3D('',#8861,#6470,#6471);
#5760=AXIS2_PLACEMENT_3D('',#8873,#6473,#6474);
#5761=AXIS2_PLACEMENT_3D('',#8885,#6476,#6477);
#5762=AXIS2_PLACEMENT_3D('',#8899,#6479,#6480);
#5763=AXIS2_PLACEMENT_3D('',#8914,#6483,#6484);
#5764=AXIS2_PLACEMENT_3D('',#8926,#6486,#6487);
#5765=AXIS2_PLACEMENT_3D('',#8935,#6488,#6489);
#5766=AXIS2_PLACEMENT_3D('',#8936,#6490,#6491);
#5767=AXIS2_PLACEMENT_3D('',#8937,#6492,#6493);
#5768=AXIS2_PLACEMENT_3D('',#8938,#6494,#6495);
#5769=AXIS2_PLACEMENT_3D('',#8953,#6498,#6499);
#5770=AXIS2_PLACEMENT_3D('',#8965,#6501,#6502);
#5771=AXIS2_PLACEMENT_3D('',#8977,#6504,#6505);
#5772=AXIS2_PLACEMENT_3D('',#8991,#6507,#6508);
#5773=AXIS2_PLACEMENT_3D('',#9006,#6511,#6512);
#5774=AXIS2_PLACEMENT_3D('',#9018,#6514,#6515);
#5775=AXIS2_PLACEMENT_3D('',#9027,#6516,#6517);
#5776=AXIS2_PLACEMENT_3D('',#9028,#6518,#6519);
#5777=AXIS2_PLACEMENT_3D('',#9029,#6520,#6521);
#5778=AXIS2_PLACEMENT_3D('',#9030,#6522,#6523);
#5779=AXIS2_PLACEMENT_3D('',#9031,#6524,#6525);
#5780=AXIS2_PLACEMENT_3D('',#9032,#6526,#6527);
#5781=AXIS2_PLACEMENT_3D('',#9033,#6528,#6529);
#5782=AXIS2_PLACEMENT_3D('',#9034,#6530,#6531);
#5783=AXIS2_PLACEMENT_3D('',#9036,#6532,#6533);
#5784=AXIS2_PLACEMENT_3D('',#9037,#6534,#6535);
#5785=AXIS2_PLACEMENT_3D('',#9039,#6536,#6537);
#5786=AXIS2_PLACEMENT_3D('',#9040,#6538,#6539);
#5787=AXIS2_PLACEMENT_3D('',#9042,#6540,#6541);
#5788=AXIS2_PLACEMENT_3D('',#9060,#6548,#6549);
#5789=AXIS2_PLACEMENT_3D('',#9062,#6550,#6551);
#5790=AXIS2_PLACEMENT_3D('',#9072,#6552,#6553);
#5791=AXIS2_PLACEMENT_3D('',#9092,#6555,#6556);
#5792=AXIS2_PLACEMENT_3D('',#9130,#6571,#6572);
#5793=AXIS2_PLACEMENT_3D('',#9170,#6574,#6575);
#5794=AXIS2_PLACEMENT_3D('',#9200,#6586,#6587);
#5795=AXIS2_PLACEMENT_3D('',#9202,#6588,#6589);
#5796=AXIS2_PLACEMENT_3D('',#9212,#6590,#6591);
#5797=AXIS2_PLACEMENT_3D('',#9232,#6593,#6594);
#5798=AXIS2_PLACEMENT_3D('',#9252,#6602,#6603);
#5799=AXIS2_PLACEMENT_3D('',#9268,#6611,#6612);
#5800=AXIS2_PLACEMENT_3D('',#9269,#6613,#6614);
#5801=AXIS2_PLACEMENT_3D('',#9271,#6615,#6616);
#5802=AXIS2_PLACEMENT_3D('',#9272,#6617,#6618);
#5803=AXIS2_PLACEMENT_3D('',#9286,#6625,#6626);
#5804=AXIS2_PLACEMENT_3D('',#9287,#6627,#6628);
#5805=AXIS2_PLACEMENT_3D('',#9289,#6629,#6630);
#5806=AXIS2_PLACEMENT_3D('',#9291,#6631,#6632);
#5807=AXIS2_PLACEMENT_3D('',#9292,#6633,#6634);
#5808=AXIS2_PLACEMENT_3D('',#9294,#6635,#6636);
#5809=AXIS2_PLACEMENT_3D('',#9296,#6637,#6638);
#5810=AXIS2_PLACEMENT_3D('',#9297,#6639,#6640);
#5811=AXIS2_PLACEMENT_3D('',#9311,#6647,#6648);
#5812=AXIS2_PLACEMENT_3D('',#9320,#6653,#6654);
#5813=AXIS2_PLACEMENT_3D('',#9326,#6658,#6659);
#5814=AXIS2_PLACEMENT_3D('',#9332,#6663,#6664);
#5815=AXIS2_PLACEMENT_3D('',#9338,#6668,#6669);
#5816=AXIS2_PLACEMENT_3D('',#9344,#6673,#6674);
#5817=AXIS2_PLACEMENT_3D('',#9347,#6677,#6678);
#5818=AXIS2_PLACEMENT_3D('',#9350,#6681,#6682);
#5819=AXIS2_PLACEMENT_3D('',#9352,#6684,#6685);
#5820=AXIS2_PLACEMENT_3D('',#9354,#6687,#6688);
#5821=AXIS2_PLACEMENT_3D('',#9356,#6690,#6691);
#5822=AXIS2_PLACEMENT_3D('',#9358,#6693,#6694);
#5823=AXIS2_PLACEMENT_3D('',#9359,#6695,#6696);
#5824=AXIS2_PLACEMENT_3D('',#9362,#6699,#6700);
#5825=AXIS2_PLACEMENT_3D('',#9364,#6702,#6703);
#5826=AXIS2_PLACEMENT_3D('',#9366,#6705,#6706);
#5827=AXIS2_PLACEMENT_3D('',#9368,#6708,#6709);
#5828=AXIS2_PLACEMENT_3D('',#9370,#6711,#6712);
#5829=AXIS2_PLACEMENT_3D('',#9371,#6713,#6714);
#5830=AXIS2_PLACEMENT_3D('',#9372,#6715,#6716);
#5831=AXIS2_PLACEMENT_3D('',#9373,#6717,#6718);
#5832=AXIS2_PLACEMENT_3D('',#9374,#6719,#6720);
#5833=AXIS2_PLACEMENT_3D('',#9375,#6721,#6722);
#5834=AXIS2_PLACEMENT_3D('',#9381,#6726,#6727);
#5835=AXIS2_PLACEMENT_3D('',#9384,#6729,#6730);
#5836=AXIS2_PLACEMENT_3D('',#9385,#6731,#6732);
#5837=AXIS2_PLACEMENT_3D('',#9389,#6735,#6736);
#5838=AXIS2_PLACEMENT_3D('',#9393,#6739,#6740);
#5839=AXIS2_PLACEMENT_3D('',#9397,#6743,#6744);
#5840=AXIS2_PLACEMENT_3D('',#9401,#6747,#6748);
#5841=AXIS2_PLACEMENT_3D('',#9405,#6751,#6752);
#5842=AXIS2_PLACEMENT_3D('',#9409,#6755,#6756);
#5843=AXIS2_PLACEMENT_3D('',#9413,#6759,#6760);
#5844=AXIS2_PLACEMENT_3D('',#9416,#6762,#6763);
#5845=AXIS2_PLACEMENT_3D('',#9417,#6764,#6765);
#5846=AXIS2_PLACEMENT_3D('',#9421,#6768,#6769);
#5847=AXIS2_PLACEMENT_3D('',#9425,#6772,#6773);
#5848=AXIS2_PLACEMENT_3D('',#9429,#6776,#6777);
#5849=AXIS2_PLACEMENT_3D('',#9433,#6780,#6781);
#5850=AXIS2_PLACEMENT_3D('',#9435,#6783,#6784);
#5851=AXIS2_PLACEMENT_3D('',#9436,#6785,#6786);
#5852=AXIS2_PLACEMENT_3D('',#9442,#6790,#6791);
#5853=AXIS2_PLACEMENT_3D('',#9459,#6795,#6796);
#5854=AXIS2_PLACEMENT_3D('',#9462,#6798,#6799);
#5855=AXIS2_PLACEMENT_3D('',#9502,#6803,#6804);
#5856=AXIS2_PLACEMENT_3D('',#9519,#6808,#6809);
#5857=AXIS2_PLACEMENT_3D('',#9522,#6811,#6812);
#5858=AXIS2_PLACEMENT_3D('',#9549,#6815,#6816);
#5859=AXIS2_PLACEMENT_3D('',#9552,#6818,#6819);
#5860=AXIS2_PLACEMENT_3D('',#9553,#6820,#6821);
#5861=AXIS2_PLACEMENT_3D('',#9556,#6823,#6824);
#5862=AXIS2_PLACEMENT_3D('',#9570,#6826,#6827);
#5863=AXIS2_PLACEMENT_3D('',#9574,#6830,#6831);
#5864=AXIS2_PLACEMENT_3D('',#9578,#6834,#6835);
#5865=AXIS2_PLACEMENT_3D('',#9582,#6838,#6839);
#5866=AXIS2_PLACEMENT_3D('',#9586,#6842,#6843);
#5867=AXIS2_PLACEMENT_3D('',#9588,#6845,#6846);
#5868=AXIS2_PLACEMENT_3D('',#9589,#6847,#6848);
#5869=AXIS2_PLACEMENT_3D('',#9595,#6852,#6853);
#5870=AXIS2_PLACEMENT_3D('',#9599,#6856,#6857);
#5871=AXIS2_PLACEMENT_3D('',#9603,#6860,#6861);
#5872=AXIS2_PLACEMENT_3D('',#9605,#6863,#6864);
#5873=AXIS2_PLACEMENT_3D('',#9634,#6868,#6869);
#5874=AXIS2_PLACEMENT_3D('',#9637,#6871,#6872);
#5875=AXIS2_PLACEMENT_3D('',#9690,#6877,#6878);
#5876=AXIS2_PLACEMENT_3D('',#9759,#6886,#6887);
#5877=AXIS2_PLACEMENT_3D('',#9762,#6889,#6890);
#5878=AXIS2_PLACEMENT_3D('',#9763,#6891,#6892);
#5879=AXIS2_PLACEMENT_3D('',#9765,#6894,#6895);
#5880=AXIS2_PLACEMENT_3D('',#9766,#6896,#6897);
#5881=AXIS2_PLACEMENT_3D('',#9772,#6901,#6902);
#5882=AXIS2_PLACEMENT_3D('',#9776,#6905,#6906);
#5883=AXIS2_PLACEMENT_3D('',#9780,#6909,#6910);
#5884=AXIS2_PLACEMENT_3D('',#9784,#6913,#6914);
#5885=AXIS2_PLACEMENT_3D('',#9788,#6917,#6918);
#5886=AXIS2_PLACEMENT_3D('',#9792,#6921,#6922);
#5887=AXIS2_PLACEMENT_3D('',#9796,#6925,#6926);
#5888=AXIS2_PLACEMENT_3D('',#9800,#6929,#6930);
#5889=AXIS2_PLACEMENT_3D('',#9804,#6933,#6934);
#5890=AXIS2_PLACEMENT_3D('',#9808,#6937,#6938);
#5891=AXIS2_PLACEMENT_3D('',#9812,#6941,#6942);
#5892=AXIS2_PLACEMENT_3D('',#9814,#6944,#6945);
#5893=AXIS2_PLACEMENT_3D('',#9815,#6946,#6947);
#5894=AXIS2_PLACEMENT_3D('',#9821,#6951,#6952);
#5895=AXIS2_PLACEMENT_3D('',#9838,#6956,#6957);
#5896=AXIS2_PLACEMENT_3D('',#9841,#6959,#6960);
#5897=AXIS2_PLACEMENT_3D('',#9881,#6964,#6965);
#5898=AXIS2_PLACEMENT_3D('',#9898,#6969,#6970);
#5899=AXIS2_PLACEMENT_3D('',#9901,#6972,#6973);
#5900=AXIS2_PLACEMENT_3D('',#9928,#6976,#6977);
#5901=AXIS2_PLACEMENT_3D('',#9931,#6979,#6980);
#5902=AXIS2_PLACEMENT_3D('',#9932,#6981,#6982);
#5903=AXIS2_PLACEMENT_3D('',#9935,#6984,#6985);
#5904=AXIS2_PLACEMENT_3D('',#9949,#6987,#6988);
#5905=AXIS2_PLACEMENT_3D('',#9953,#6991,#6992);
#5906=AXIS2_PLACEMENT_3D('',#9957,#6995,#6996);
#5907=AXIS2_PLACEMENT_3D('',#9961,#6999,#7000);
#5908=AXIS2_PLACEMENT_3D('',#9965,#7003,#7004);
#5909=AXIS2_PLACEMENT_3D('',#9967,#7006,#7007);
#5910=DIRECTION('',(0.,0.,1.));
#5911=DIRECTION('',(1.,0.,0.));
#5912=DIRECTION('',(0.,-1.,0.));
#5913=DIRECTION('',(-0.959492973614497,0.,0.28173255684143));
#5914=DIRECTION('',(0.,-1.,0.));
#5915=DIRECTION('',(0.,-1.,0.));
#5916=DIRECTION('',(-0.994686494885393,0.,-0.102950361303935));
#5917=DIRECTION('',(-0.102950361303935,0.,0.994686494885393));
#5918=DIRECTION('',(0.,-1.,0.));
#5919=DIRECTION('',(0.,-1.,0.));
#5920=DIRECTION('',(-0.959492973614497,0.,0.28173255684143));
#5921=DIRECTION('',(0.,-1.,0.));
#5922=DIRECTION('',(0.,-1.,0.));
#5923=DIRECTION('',(-0.959492973614497,0.,0.28173255684143));
#5924=DIRECTION('',(0.,-1.,0.));
#5925=DIRECTION('',(-0.781124360389093,0.,0.624375474860064));
#5926=DIRECTION('',(0.624375474860064,0.,0.781124360389093));
#5927=DIRECTION('',(0.,-1.,0.));
#5928=DIRECTION('',(0.,-1.,0.));
#5929=DIRECTION('',(0.,-1.,0.));
#5930=DIRECTION('',(-0.959492973614497,0.,0.28173255684143));
#5931=DIRECTION('',(0.,-1.,0.));
#5932=DIRECTION('',(0.,-1.,0.));
#5933=DIRECTION('',(-0.959492973614497,0.,0.28173255684143));
#5934=DIRECTION('',(0.,-1.,0.));
#5935=DIRECTION('',(-1.,0.,0.));
#5936=DIRECTION('',(0.,-1.,0.));
#5937=DIRECTION('',(0.,-1.,0.));
#5938=DIRECTION('',(-0.925390234273861,0.,-0.379015717761901));
#5939=DIRECTION('',(-0.379015717761901,0.,0.925390234273861));
#5940=DIRECTION('',(0.,-1.,0.));
#5941=DIRECTION('',(0.,-1.,0.));
#5942=DIRECTION('',(-1.,0.,0.));
#5943=DIRECTION('',(0.,-1.,0.));
#5944=DIRECTION('',(0.,-1.,0.));
#5945=DIRECTION('',(-1.,0.,0.));
#5946=DIRECTION('',(0.,-1.,0.));
#5947=DIRECTION('',(-0.925390234273861,0.,0.379015717761901));
#5948=DIRECTION('',(0.379015717761901,0.,0.925390234273861));
#5949=DIRECTION('',(0.,-1.,0.));
#5950=DIRECTION('',(0.,-1.,0.));
#5951=DIRECTION('',(0.,-1.,0.));
#5952=DIRECTION('',(-1.,0.,0.));
#5953=DIRECTION('',(0.,-1.,0.));
#5954=DIRECTION('',(0.,-1.,0.));
#5955=DIRECTION('',(-1.,0.,0.));
#5956=DIRECTION('',(0.,-1.,0.));
#5957=DIRECTION('',(-1.,0.,0.));
#5958=DIRECTION('',(0.,1.,0.));
#5959=DIRECTION('',(1.,0.,0.));
#5960=DIRECTION('',(0.,1.,0.));
#5961=DIRECTION('',(1.,0.,0.));
#5962=DIRECTION('',(0.,-1.,0.));
#5963=DIRECTION('',(-0.959492973614497,0.,-0.28173255684143));
#5964=DIRECTION('',(0.,-1.,0.));
#5965=DIRECTION('',(0.,-1.,0.));
#5966=DIRECTION('',(-0.781124360389093,0.,-0.624375474860064));
#5967=DIRECTION('',(-0.624375474860064,0.,0.781124360389093));
#5968=DIRECTION('',(0.,-1.,0.));
#5969=DIRECTION('',(0.,-1.,0.));
#5970=DIRECTION('',(-0.959492973614497,0.,-0.28173255684143));
#5971=DIRECTION('',(0.,-1.,0.));
#5972=DIRECTION('',(0.,-1.,0.));
#5973=DIRECTION('',(-0.959492973614497,0.,-0.28173255684143));
#5974=DIRECTION('',(0.,-1.,0.));
#5975=DIRECTION('',(-0.994686494885393,0.,0.102950361303935));
#5976=DIRECTION('',(0.102950361303935,0.,0.994686494885393));
#5977=DIRECTION('',(0.,-1.,0.));
#5978=DIRECTION('',(0.,-1.,0.));
#5979=DIRECTION('',(0.,-1.,0.));
#5980=DIRECTION('',(-0.959492973614497,0.,-0.28173255684143));
#5981=DIRECTION('',(0.,-1.,0.));
#5982=DIRECTION('',(0.,-1.,0.));
#5983=DIRECTION('',(-0.959492973614497,0.,-0.28173255684143));
#5984=DIRECTION('',(0.,-1.,0.));
#5985=DIRECTION('',(-1.,0.,0.));
#5986=DIRECTION('',(0.,1.,0.));
#5987=DIRECTION('',(1.,0.,0.));
#5988=DIRECTION('',(0.,1.,0.));
#5989=DIRECTION('',(1.,0.,0.));
#5990=DIRECTION('',(0.,-1.,0.));
#5991=DIRECTION('',(-0.841253532831181,0.,-0.540640817455598));
#5992=DIRECTION('',(0.,-1.,0.));
#5993=DIRECTION('',(0.,-1.,0.));
#5994=DIRECTION('',(-0.573576436351045,0.,-0.819152044288992));
#5995=DIRECTION('',(-0.819152044288992,0.,0.573576436351045));
#5996=DIRECTION('',(0.,-1.,0.));
#5997=DIRECTION('',(0.,-1.,0.));
#5998=DIRECTION('',(-0.841253532831181,0.,-0.540640817455598));
#5999=DIRECTION('',(0.,-1.,0.));
#6000=DIRECTION('',(0.,-1.,0.));
#6001=DIRECTION('',(-0.841253532831181,0.,-0.540640817455598));
#6002=DIRECTION('',(0.,-1.,0.));
#6003=DIRECTION('',(-0.983399171309674,0.,-0.181455421157502));
#6004=DIRECTION('',(-0.181455421157502,0.,0.983399171309674));
#6005=DIRECTION('',(0.,-1.,0.));
#6006=DIRECTION('',(0.,-1.,0.));
#6007=DIRECTION('',(0.,-1.,0.));
#6008=DIRECTION('',(-0.841253532831181,0.,-0.540640817455598));
#6009=DIRECTION('',(0.,-1.,0.));
#6010=DIRECTION('',(0.,-1.,0.));
#6011=DIRECTION('',(-0.841253532831181,0.,-0.540640817455598));
#6012=DIRECTION('',(0.,-1.,0.));
#6013=DIRECTION('',(-1.,0.,0.));
#6014=DIRECTION('',(0.,1.,0.));
#6015=DIRECTION('',(1.,0.,0.));
#6016=DIRECTION('',(0.,1.,0.));
#6017=DIRECTION('',(1.,0.,0.));
#6018=DIRECTION('',(0.,-1.,0.));
#6019=DIRECTION('',(-0.654860733945285,0.,-0.755749574354258));
#6020=DIRECTION('',(0.,-1.,0.));
#6021=DIRECTION('',(0.,-1.,0.));
#6022=DIRECTION('',(-0.319560760630249,0.,-0.947565786774415));
#6023=DIRECTION('',(-0.947565786774415,0.,0.319560760630249));
#6024=DIRECTION('',(0.,-1.,0.));
#6025=DIRECTION('',(0.,-1.,0.));
#6026=DIRECTION('',(-0.654860733945285,0.,-0.755749574354258));
#6027=DIRECTION('',(0.,-1.,0.));
#6028=DIRECTION('',(0.,-1.,0.));
#6029=DIRECTION('',(-0.654860733945285,0.,-0.755749574354258));
#6030=DIRECTION('',(0.,-1.,0.));
#6031=DIRECTION('',(-0.89244269537451,0.,-0.4511607645537));
#6032=DIRECTION('',(-0.4511607645537,0.,0.89244269537451));
#6033=DIRECTION('',(0.,-1.,0.));
#6034=DIRECTION('',(0.,-1.,0.));
#6035=DIRECTION('',(0.,-1.,0.));
#6036=DIRECTION('',(-0.654860733945285,0.,-0.755749574354258));
#6037=DIRECTION('',(0.,-1.,0.));
#6038=DIRECTION('',(0.,-1.,0.));
#6039=DIRECTION('',(-0.654860733945285,0.,-0.755749574354258));
#6040=DIRECTION('',(0.,-1.,0.));
#6041=DIRECTION('',(-1.,0.,0.));
#6042=DIRECTION('',(0.,1.,0.));
#6043=DIRECTION('',(1.,0.,0.));
#6044=DIRECTION('',(0.,1.,0.));
#6045=DIRECTION('',(1.,0.,0.));
#6046=DIRECTION('',(0.,-1.,0.));
#6047=DIRECTION('',(-0.415415013001886,0.,-0.909631995354518));
#6048=DIRECTION('',(0.,-1.,0.));
#6049=DIRECTION('',(0.,-1.,0.));
#6050=DIRECTION('',(-0.0396561725842114,0.,-0.999213384606097));
#6051=DIRECTION('',(-0.999213384606097,0.,0.0396561725842114));
#6052=DIRECTION('',(0.,-1.,0.));
#6053=DIRECTION('',(0.,-1.,0.));
#6054=DIRECTION('',(-0.415415013001886,0.,-0.909631995354518));
#6055=DIRECTION('',(0.,-1.,0.));
#6056=DIRECTION('',(0.,-1.,0.));
#6057=DIRECTION('',(-0.415415013001886,0.,-0.909631995354518));
#6058=DIRECTION('',(0.,-1.,0.));
#6059=DIRECTION('',(-0.729185819821178,0.,-0.684315745962138));
#6060=DIRECTION('',(-0.684315745962138,0.,0.729185819821178));
#6061=DIRECTION('',(0.,-1.,0.));
#6062=DIRECTION('',(0.,-1.,0.));
#6063=DIRECTION('',(0.,-1.,0.));
#6064=DIRECTION('',(-0.415415013001886,0.,-0.909631995354518));
#6065=DIRECTION('',(0.,-1.,0.));
#6066=DIRECTION('',(0.,-1.,0.));
#6067=DIRECTION('',(-0.415415013001886,0.,-0.909631995354518));
#6068=DIRECTION('',(0.,-1.,0.));
#6069=DIRECTION('',(-1.,0.,0.));
#6070=DIRECTION('',(0.,1.,0.));
#6071=DIRECTION('',(1.,0.,0.));
#6072=DIRECTION('',(0.,1.,0.));
#6073=DIRECTION('',(1.,0.,0.));
#6074=DIRECTION('',(0.,-1.,0.));
#6075=DIRECTION('',(-0.142314838273285,0.,-0.989821441880933));
#6076=DIRECTION('',(0.,-1.,0.));
#6077=DIRECTION('',(0.,-1.,0.));
#6078=DIRECTION('',(0.24346112272026,0.,-0.969910656567805));
#6079=DIRECTION('',(-0.969910656567805,0.,-0.24346112272026));
#6080=DIRECTION('',(0.,-1.,0.));
#6081=DIRECTION('',(0.,-1.,0.));
#6082=DIRECTION('',(-0.142314838273285,0.,-0.989821441880933));
#6083=DIRECTION('',(0.,-1.,0.));
#6084=DIRECTION('',(0.,-1.,0.));
#6085=DIRECTION('',(-0.142314838273285,0.,-0.989821441880933));
#6086=DIRECTION('',(0.,-1.,0.));
#6087=DIRECTION('',(-0.506854645780983,0.,-0.862031535415169));
#6088=DIRECTION('',(-0.862031535415169,0.,0.506854645780983));
#6089=DIRECTION('',(0.,-1.,0.));
#6090=DIRECTION('',(0.,-1.,0.));
#6091=DIRECTION('',(0.,-1.,0.));
#6092=DIRECTION('',(-0.142314838273285,0.,-0.989821441880933));
#6093=DIRECTION('',(0.,-1.,0.));
#6094=DIRECTION('',(0.,-1.,0.));
#6095=DIRECTION('',(-0.142314838273285,0.,-0.989821441880933));
#6096=DIRECTION('',(0.,-1.,0.));
#6097=DIRECTION('',(-1.,0.,0.));
#6098=DIRECTION('',(0.,1.,0.));
#6099=DIRECTION('',(1.,0.,0.));
#6100=DIRECTION('',(0.,1.,0.));
#6101=DIRECTION('',(1.,0.,0.));
#6102=DIRECTION('',(0.,-1.,0.));
#6103=DIRECTION('',(0.142314838273285,0.,-0.989821441880933));
#6104=DIRECTION('',(0.,-1.,0.));
#6105=DIRECTION('',(0.,-1.,0.));
#6106=DIRECTION('',(0.506854645780984,0.,-0.862031535415169));
#6107=DIRECTION('',(-0.862031535415169,0.,-0.506854645780984));
#6108=DIRECTION('',(0.,-1.,0.));
#6109=DIRECTION('',(0.,-1.,0.));
#6110=DIRECTION('',(0.142314838273285,0.,-0.989821441880933));
#6111=DIRECTION('',(0.,-1.,0.));
#6112=DIRECTION('',(0.,-1.,0.));
#6113=DIRECTION('',(0.142314838273285,0.,-0.989821441880933));
#6114=DIRECTION('',(0.,-1.,0.));
#6115=DIRECTION('',(-0.243461122720259,0.,-0.969910656567805));
#6116=DIRECTION('',(-0.969910656567805,0.,0.243461122720259));
#6117=DIRECTION('',(0.,-1.,0.));
#6118=DIRECTION('',(0.,-1.,0.));
#6119=DIRECTION('',(0.,-1.,0.));
#6120=DIRECTION('',(0.142314838273285,0.,-0.989821441880933));
#6121=DIRECTION('',(0.,-1.,0.));
#6122=DIRECTION('',(0.,-1.,0.));
#6123=DIRECTION('',(0.142314838273285,0.,-0.989821441880933));
#6124=DIRECTION('',(0.,-1.,0.));
#6125=DIRECTION('',(-1.,0.,0.));
#6126=DIRECTION('',(0.,1.,0.));
#6127=DIRECTION('',(1.,0.,0.));
#6128=DIRECTION('',(0.,1.,0.));
#6129=DIRECTION('',(1.,0.,0.));
#6130=DIRECTION('',(0.,-1.,0.));
#6131=DIRECTION('',(0.415415013001886,0.,-0.909631995354518));
#6132=DIRECTION('',(0.,-1.,0.));
#6133=DIRECTION('',(0.,-1.,0.));
#6134=DIRECTION('',(0.729185819821178,0.,-0.684315745962138));
#6135=DIRECTION('',(-0.684315745962138,0.,-0.729185819821178));
#6136=DIRECTION('',(0.,-1.,0.));
#6137=DIRECTION('',(0.,-1.,0.));
#6138=DIRECTION('',(0.415415013001886,0.,-0.909631995354518));
#6139=DIRECTION('',(0.,-1.,0.));
#6140=DIRECTION('',(0.,-1.,0.));
#6141=DIRECTION('',(0.415415013001886,0.,-0.909631995354518));
#6142=DIRECTION('',(0.,-1.,0.));
#6143=DIRECTION('',(0.0396561725842116,0.,-0.999213384606097));
#6144=DIRECTION('',(-0.999213384606097,0.,-0.0396561725842116));
#6145=DIRECTION('',(0.,-1.,0.));
#6146=DIRECTION('',(0.,-1.,0.));
#6147=DIRECTION('',(0.,-1.,0.));
#6148=DIRECTION('',(0.415415013001886,0.,-0.909631995354518));
#6149=DIRECTION('',(0.,-1.,0.));
#6150=DIRECTION('',(0.,-1.,0.));
#6151=DIRECTION('',(0.415415013001886,0.,-0.909631995354518));
#6152=DIRECTION('',(0.,-1.,0.));
#6153=DIRECTION('',(-1.,0.,0.));
#6154=DIRECTION('',(0.,1.,0.));
#6155=DIRECTION('',(1.,0.,0.));
#6156=DIRECTION('',(0.,1.,0.));
#6157=DIRECTION('',(1.,0.,0.));
#6158=DIRECTION('',(0.,-1.,0.));
#6159=DIRECTION('',(0.654860733945285,0.,-0.755749574354258));
#6160=DIRECTION('',(0.,-1.,0.));
#6161=DIRECTION('',(0.,-1.,0.));
#6162=DIRECTION('',(0.89244269537451,0.,-0.4511607645537));
#6163=DIRECTION('',(-0.4511607645537,0.,-0.89244269537451));
#6164=DIRECTION('',(0.,-1.,0.));
#6165=DIRECTION('',(0.,-1.,0.));
#6166=DIRECTION('',(0.654860733945285,0.,-0.755749574354258));
#6167=DIRECTION('',(0.,-1.,0.));
#6168=DIRECTION('',(0.,-1.,0.));
#6169=DIRECTION('',(0.654860733945285,0.,-0.755749574354258));
#6170=DIRECTION('',(0.,-1.,0.));
#6171=DIRECTION('',(0.31956076063025,0.,-0.947565786774415));
#6172=DIRECTION('',(-0.947565786774415,0.,-0.31956076063025));
#6173=DIRECTION('',(0.,-1.,0.));
#6174=DIRECTION('',(0.,-1.,0.));
#6175=DIRECTION('',(0.,-1.,0.));
#6176=DIRECTION('',(0.654860733945285,0.,-0.755749574354258));
#6177=DIRECTION('',(0.,-1.,0.));
#6178=DIRECTION('',(0.,-1.,0.));
#6179=DIRECTION('',(0.654860733945285,0.,-0.755749574354258));
#6180=DIRECTION('',(0.,-1.,0.));
#6181=DIRECTION('',(-1.,0.,0.));
#6182=DIRECTION('',(0.,1.,0.));
#6183=DIRECTION('',(1.,0.,0.));
#6184=DIRECTION('',(0.,1.,0.));
#6185=DIRECTION('',(1.,0.,0.));
#6186=DIRECTION('',(0.,-1.,0.));
#6187=DIRECTION('',(0.841253532831181,0.,-0.540640817455598));
#6188=DIRECTION('',(0.,-1.,0.));
#6189=DIRECTION('',(0.,-1.,0.));
#6190=DIRECTION('',(0.983399171309674,0.,-0.181455421157502));
#6191=DIRECTION('',(-0.181455421157502,0.,-0.983399171309674));
#6192=DIRECTION('',(0.,-1.,0.));
#6193=DIRECTION('',(0.,-1.,0.));
#6194=DIRECTION('',(0.841253532831181,0.,-0.540640817455598));
#6195=DIRECTION('',(0.,-1.,0.));
#6196=DIRECTION('',(0.,-1.,0.));
#6197=DIRECTION('',(0.841253532831181,0.,-0.540640817455598));
#6198=DIRECTION('',(0.,-1.,0.));
#6199=DIRECTION('',(0.573576436351046,0.,-0.819152044288992));
#6200=DIRECTION('',(-0.819152044288992,0.,-0.573576436351046));
#6201=DIRECTION('',(0.,-1.,0.));
#6202=DIRECTION('',(0.,-1.,0.));
#6203=DIRECTION('',(0.,-1.,0.));
#6204=DIRECTION('',(0.841253532831181,0.,-0.540640817455598));
#6205=DIRECTION('',(0.,-1.,0.));
#6206=DIRECTION('',(0.,-1.,0.));
#6207=DIRECTION('',(0.841253532831181,0.,-0.540640817455598));
#6208=DIRECTION('',(0.,-1.,0.));
#6209=DIRECTION('',(-1.,0.,0.));
#6210=DIRECTION('',(0.,1.,0.));
#6211=DIRECTION('',(1.,0.,0.));
#6212=DIRECTION('',(0.,1.,0.));
#6213=DIRECTION('',(1.,0.,0.));
#6214=DIRECTION('',(0.,-1.,0.));
#6215=DIRECTION('',(0.959492973614497,0.,-0.28173255684143));
#6216=DIRECTION('',(0.,-1.,0.));
#6217=DIRECTION('',(0.,-1.,0.));
#6218=DIRECTION('',(0.994686494885393,0.,0.102950361303935));
#6219=DIRECTION('',(0.102950361303935,0.,-0.994686494885393));
#6220=DIRECTION('',(0.,-1.,0.));
#6221=DIRECTION('',(0.,-1.,0.));
#6222=DIRECTION('',(0.959492973614497,0.,-0.28173255684143));
#6223=DIRECTION('',(0.,-1.,0.));
#6224=DIRECTION('',(0.,-1.,0.));
#6225=DIRECTION('',(0.959492973614497,0.,-0.28173255684143));
#6226=DIRECTION('',(0.,-1.,0.));
#6227=DIRECTION('',(0.781124360389093,0.,-0.624375474860064));
#6228=DIRECTION('',(-0.624375474860064,0.,-0.781124360389093));
#6229=DIRECTION('',(0.,-1.,0.));
#6230=DIRECTION('',(0.,-1.,0.));
#6231=DIRECTION('',(0.,-1.,0.));
#6232=DIRECTION('',(0.959492973614497,0.,-0.28173255684143));
#6233=DIRECTION('',(0.,-1.,0.));
#6234=DIRECTION('',(0.,-1.,0.));
#6235=DIRECTION('',(0.959492973614497,0.,-0.28173255684143));
#6236=DIRECTION('',(0.,-1.,0.));
#6237=DIRECTION('',(-1.,0.,0.));
#6238=DIRECTION('',(0.,1.,0.));
#6239=DIRECTION('',(1.,0.,0.));
#6240=DIRECTION('',(0.,1.,0.));
#6241=DIRECTION('',(1.,0.,0.));
#6242=DIRECTION('',(0.,-1.,0.));
#6243=DIRECTION('',(1.,0.,-1.22464679914735E-16));
#6244=DIRECTION('',(0.,-1.,0.));
#6245=DIRECTION('',(0.,-1.,0.));
#6246=DIRECTION('',(0.925390234273861,0.,0.379015717761901));
#6247=DIRECTION('',(0.379015717761901,0.,-0.925390234273861));
#6248=DIRECTION('',(0.,-1.,0.));
#6249=DIRECTION('',(0.,-1.,0.));
#6250=DIRECTION('',(1.,0.,-1.22464679914735E-16));
#6251=DIRECTION('',(0.,-1.,0.));
#6252=DIRECTION('',(0.,-1.,0.));
#6253=DIRECTION('',(1.,0.,-1.22464679914735E-16));
#6254=DIRECTION('',(0.,-1.,0.));
#6255=DIRECTION('',(0.925390234273861,0.,-0.379015717761901));
#6256=DIRECTION('',(-0.379015717761901,0.,-0.925390234273861));
#6257=DIRECTION('',(0.,-1.,0.));
#6258=DIRECTION('',(0.,-1.,0.));
#6259=DIRECTION('',(0.,-1.,0.));
#6260=DIRECTION('',(1.,0.,-1.22464679914735E-16));
#6261=DIRECTION('',(0.,-1.,0.));
#6262=DIRECTION('',(0.,-1.,0.));
#6263=DIRECTION('',(1.,0.,-1.22464679914735E-16));
#6264=DIRECTION('',(0.,-1.,0.));
#6265=DIRECTION('',(-1.,0.,0.));
#6266=DIRECTION('',(0.,1.,0.));
#6267=DIRECTION('',(1.,0.,0.));
#6268=DIRECTION('',(0.,1.,0.));
#6269=DIRECTION('',(1.,0.,0.));
#6270=DIRECTION('',(0.,-1.,0.));
#6271=DIRECTION('',(0.959492973614497,0.,0.28173255684143));
#6272=DIRECTION('',(0.,-1.,0.));
#6273=DIRECTION('',(0.,-1.,0.));
#6274=DIRECTION('',(0.781124360389093,0.,0.624375474860064));
#6275=DIRECTION('',(0.624375474860064,0.,-0.781124360389093));
#6276=DIRECTION('',(0.,-1.,0.));
#6277=DIRECTION('',(0.,-1.,0.));
#6278=DIRECTION('',(0.959492973614497,0.,0.28173255684143));
#6279=DIRECTION('',(0.,-1.,0.));
#6280=DIRECTION('',(0.,-1.,0.));
#6281=DIRECTION('',(0.959492973614497,0.,0.28173255684143));
#6282=DIRECTION('',(0.,-1.,0.));
#6283=DIRECTION('',(0.994686494885393,0.,-0.102950361303935));
#6284=DIRECTION('',(-0.102950361303935,0.,-0.994686494885393));
#6285=DIRECTION('',(0.,-1.,0.));
#6286=DIRECTION('',(0.,-1.,0.));
#6287=DIRECTION('',(0.,-1.,0.));
#6288=DIRECTION('',(0.959492973614497,0.,0.28173255684143));
#6289=DIRECTION('',(0.,-1.,0.));
#6290=DIRECTION('',(0.,-1.,0.));
#6291=DIRECTION('',(0.959492973614497,0.,0.28173255684143));
#6292=DIRECTION('',(0.,-1.,0.));
#6293=DIRECTION('',(-1.,0.,0.));
#6294=DIRECTION('',(0.,1.,0.));
#6295=DIRECTION('',(1.,0.,0.));
#6296=DIRECTION('',(0.,1.,0.));
#6297=DIRECTION('',(1.,0.,0.));
#6298=DIRECTION('',(0.,-1.,0.));
#6299=DIRECTION('',(0.841253532831181,0.,0.540640817455598));
#6300=DIRECTION('',(0.,-1.,0.));
#6301=DIRECTION('',(0.,-1.,0.));
#6302=DIRECTION('',(0.573576436351045,0.,0.819152044288992));
#6303=DIRECTION('',(0.819152044288992,0.,-0.573576436351045));
#6304=DIRECTION('',(0.,-1.,0.));
#6305=DIRECTION('',(0.,-1.,0.));
#6306=DIRECTION('',(0.841253532831181,0.,0.540640817455598));
#6307=DIRECTION('',(0.,-1.,0.));
#6308=DIRECTION('',(0.,-1.,0.));
#6309=DIRECTION('',(0.841253532831181,0.,0.540640817455598));
#6310=DIRECTION('',(0.,-1.,0.));
#6311=DIRECTION('',(0.983399171309674,0.,0.181455421157502));
#6312=DIRECTION('',(0.181455421157502,0.,-0.983399171309674));
#6313=DIRECTION('',(0.,-1.,0.));
#6314=DIRECTION('',(0.,-1.,0.));
#6315=DIRECTION('',(0.,-1.,0.));
#6316=DIRECTION('',(0.841253532831181,0.,0.540640817455598));
#6317=DIRECTION('',(0.,-1.,0.));
#6318=DIRECTION('',(0.,-1.,0.));
#6319=DIRECTION('',(0.841253532831181,0.,0.540640817455598));
#6320=DIRECTION('',(0.,-1.,0.));
#6321=DIRECTION('',(-1.,0.,0.));
#6322=DIRECTION('',(0.,1.,0.));
#6323=DIRECTION('',(1.,0.,0.));
#6324=DIRECTION('',(0.,1.,0.));
#6325=DIRECTION('',(1.,0.,0.));
#6326=DIRECTION('',(0.,-1.,0.));
#6327=DIRECTION('',(0.654860733945285,0.,0.755749574354258));
#6328=DIRECTION('',(0.,-1.,0.));
#6329=DIRECTION('',(0.,-1.,0.));
#6330=DIRECTION('',(0.31956076063025,0.,0.947565786774415));
#6331=DIRECTION('',(0.947565786774415,0.,-0.31956076063025));
#6332=DIRECTION('',(0.,-1.,0.));
#6333=DIRECTION('',(0.,-1.,0.));
#6334=DIRECTION('',(0.654860733945285,0.,0.755749574354258));
#6335=DIRECTION('',(0.,-1.,0.));
#6336=DIRECTION('',(0.,-1.,0.));
#6337=DIRECTION('',(0.654860733945285,0.,0.755749574354258));
#6338=DIRECTION('',(0.,-1.,0.));
#6339=DIRECTION('',(0.89244269537451,0.,0.4511607645537));
#6340=DIRECTION('',(0.4511607645537,0.,-0.89244269537451));
#6341=DIRECTION('',(0.,-1.,0.));
#6342=DIRECTION('',(0.,-1.,0.));
#6343=DIRECTION('',(0.,-1.,0.));
#6344=DIRECTION('',(0.654860733945285,0.,0.755749574354258));
#6345=DIRECTION('',(0.,-1.,0.));
#6346=DIRECTION('',(0.,-1.,0.));
#6347=DIRECTION('',(0.654860733945285,0.,0.755749574354258));
#6348=DIRECTION('',(0.,-1.,0.));
#6349=DIRECTION('',(-1.,0.,0.));
#6350=DIRECTION('',(0.,1.,0.));
#6351=DIRECTION('',(1.,0.,0.));
#6352=DIRECTION('',(0.,1.,0.));
#6353=DIRECTION('',(1.,0.,0.));
#6354=DIRECTION('',(0.,-1.,0.));
#6355=DIRECTION('',(0.415415013001886,0.,0.909631995354518));
#6356=DIRECTION('',(0.,-1.,0.));
#6357=DIRECTION('',(0.,-1.,0.));
#6358=DIRECTION('',(0.0396561725842113,0.,0.999213384606097));
#6359=DIRECTION('',(0.999213384606097,0.,-0.0396561725842113));
#6360=DIRECTION('',(0.,-1.,0.));
#6361=DIRECTION('',(0.,-1.,0.));
#6362=DIRECTION('',(0.415415013001886,0.,0.909631995354518));
#6363=DIRECTION('',(0.,-1.,0.));
#6364=DIRECTION('',(0.,-1.,0.));
#6365=DIRECTION('',(0.415415013001886,0.,0.909631995354518));
#6366=DIRECTION('',(0.,-1.,0.));
#6367=DIRECTION('',(0.729185819821178,0.,0.684315745962138));
#6368=DIRECTION('',(0.684315745962138,0.,-0.729185819821178));
#6369=DIRECTION('',(0.,-1.,0.));
#6370=DIRECTION('',(0.,-1.,0.));
#6371=DIRECTION('',(0.,-1.,0.));
#6372=DIRECTION('',(0.415415013001886,0.,0.909631995354518));
#6373=DIRECTION('',(0.,-1.,0.));
#6374=DIRECTION('',(0.,-1.,0.));
#6375=DIRECTION('',(0.415415013001886,0.,0.909631995354518));
#6376=DIRECTION('',(0.,-1.,0.));
#6377=DIRECTION('',(-1.,0.,0.));
#6378=DIRECTION('',(0.,1.,0.));
#6379=DIRECTION('',(1.,0.,0.));
#6380=DIRECTION('',(0.,1.,0.));
#6381=DIRECTION('',(1.,0.,0.));
#6382=DIRECTION('',(0.,-1.,0.));
#6383=DIRECTION('',(0.142314838273285,0.,0.989821441880933));
#6384=DIRECTION('',(0.,-1.,0.));
#6385=DIRECTION('',(0.,-1.,0.));
#6386=DIRECTION('',(-0.24346112272026,0.,0.969910656567805));
#6387=DIRECTION('',(0.969910656567805,0.,0.24346112272026));
#6388=DIRECTION('',(0.,-1.,0.));
#6389=DIRECTION('',(0.,-1.,0.));
#6390=DIRECTION('',(0.142314838273285,0.,0.989821441880933));
#6391=DIRECTION('',(0.,-1.,0.));
#6392=DIRECTION('',(0.,-1.,0.));
#6393=DIRECTION('',(0.142314838273285,0.,0.989821441880933));
#6394=DIRECTION('',(0.,-1.,0.));
#6395=DIRECTION('',(0.506854645780984,0.,0.862031535415169));
#6396=DIRECTION('',(0.862031535415169,0.,-0.506854645780984));
#6397=DIRECTION('',(0.,-1.,0.));
#6398=DIRECTION('',(0.,-1.,0.));
#6399=DIRECTION('',(0.,-1.,0.));
#6400=DIRECTION('',(0.142314838273285,0.,0.989821441880933));
#6401=DIRECTION('',(0.,-1.,0.));
#6402=DIRECTION('',(0.,-1.,0.));
#6403=DIRECTION('',(0.142314838273285,0.,0.989821441880933));
#6404=DIRECTION('',(0.,-1.,0.));
#6405=DIRECTION('',(-1.,0.,0.));
#6406=DIRECTION('',(0.,1.,0.));
#6407=DIRECTION('',(1.,0.,0.));
#6408=DIRECTION('',(0.,1.,0.));
#6409=DIRECTION('',(1.,0.,0.));
#6410=DIRECTION('',(0.,-1.,0.));
#6411=DIRECTION('',(-0.142314838273285,0.,0.989821441880933));
#6412=DIRECTION('',(0.,-1.,0.));
#6413=DIRECTION('',(0.,-1.,0.));
#6414=DIRECTION('',(-0.506854645780984,0.,0.862031535415169));
#6415=DIRECTION('',(0.862031535415169,0.,0.506854645780984));
#6416=DIRECTION('',(0.,-1.,0.));
#6417=DIRECTION('',(0.,-1.,0.));
#6418=DIRECTION('',(-0.142314838273285,0.,0.989821441880933));
#6419=DIRECTION('',(0.,-1.,0.));
#6420=DIRECTION('',(0.,-1.,0.));
#6421=DIRECTION('',(-0.142314838273285,0.,0.989821441880933));
#6422=DIRECTION('',(0.,-1.,0.));
#6423=DIRECTION('',(0.24346112272026,0.,0.969910656567805));
#6424=DIRECTION('',(0.969910656567805,0.,-0.24346112272026));
#6425=DIRECTION('',(0.,-1.,0.));
#6426=DIRECTION('',(0.,-1.,0.));
#6427=DIRECTION('',(0.,-1.,0.));
#6428=DIRECTION('',(-0.142314838273285,0.,0.989821441880933));
#6429=DIRECTION('',(0.,-1.,0.));
#6430=DIRECTION('',(0.,-1.,0.));
#6431=DIRECTION('',(-0.142314838273285,0.,0.989821441880933));
#6432=DIRECTION('',(0.,-1.,0.));
#6433=DIRECTION('',(-1.,0.,0.));
#6434=DIRECTION('',(0.,1.,0.));
#6435=DIRECTION('',(1.,0.,0.));
#6436=DIRECTION('',(0.,1.,0.));
#6437=DIRECTION('',(1.,0.,0.));
#6438=DIRECTION('',(0.,-1.,0.));
#6439=DIRECTION('',(-0.415415013001886,0.,0.909631995354519));
#6440=DIRECTION('',(0.,-1.,0.));
#6441=DIRECTION('',(0.,-1.,0.));
#6442=DIRECTION('',(-0.729185819821178,0.,0.684315745962138));
#6443=DIRECTION('',(0.684315745962138,0.,0.729185819821178));
#6444=DIRECTION('',(0.,-1.,0.));
#6445=DIRECTION('',(0.,-1.,0.));
#6446=DIRECTION('',(-0.415415013001886,0.,0.909631995354519));
#6447=DIRECTION('',(0.,-1.,0.));
#6448=DIRECTION('',(0.,-1.,0.));
#6449=DIRECTION('',(-0.415415013001886,0.,0.909631995354519));
#6450=DIRECTION('',(0.,-1.,0.));
#6451=DIRECTION('',(-0.0396561725842114,0.,0.999213384606097));
#6452=DIRECTION('',(0.999213384606097,0.,0.0396561725842114));
#6453=DIRECTION('',(0.,-1.,0.));
#6454=DIRECTION('',(0.,-1.,0.));
#6455=DIRECTION('',(0.,-1.,0.));
#6456=DIRECTION('',(-0.415415013001886,0.,0.909631995354519));
#6457=DIRECTION('',(0.,-1.,0.));
#6458=DIRECTION('',(0.,-1.,0.));
#6459=DIRECTION('',(-0.415415013001886,0.,0.909631995354519));
#6460=DIRECTION('',(0.,-1.,0.));
#6461=DIRECTION('',(-1.,0.,0.));
#6462=DIRECTION('',(0.,1.,0.));
#6463=DIRECTION('',(1.,0.,0.));
#6464=DIRECTION('',(0.,1.,0.));
#6465=DIRECTION('',(1.,0.,0.));
#6466=DIRECTION('',(0.,-1.,0.));
#6467=DIRECTION('',(-0.654860733945285,0.,0.755749574354258));
#6468=DIRECTION('',(0.,-1.,0.));
#6469=DIRECTION('',(0.,-1.,0.));
#6470=DIRECTION('',(-0.892442695374511,0.,0.4511607645537));
#6471=DIRECTION('',(0.4511607645537,0.,0.892442695374511));
#6472=DIRECTION('',(0.,-1.,0.));
#6473=DIRECTION('',(0.,-1.,0.));
#6474=DIRECTION('',(-0.654860733945285,0.,0.755749574354258));
#6475=DIRECTION('',(0.,-1.,0.));
#6476=DIRECTION('',(0.,-1.,0.));
#6477=DIRECTION('',(-0.654860733945285,0.,0.755749574354258));
#6478=DIRECTION('',(0.,-1.,0.));
#6479=DIRECTION('',(-0.31956076063025,0.,0.947565786774415));
#6480=DIRECTION('',(0.947565786774415,0.,0.31956076063025));
#6481=DIRECTION('',(0.,-1.,0.));
#6482=DIRECTION('',(0.,-1.,0.));
#6483=DIRECTION('',(0.,-1.,0.));
#6484=DIRECTION('',(-0.654860733945285,0.,0.755749574354258));
#6485=DIRECTION('',(0.,-1.,0.));
#6486=DIRECTION('',(0.,-1.,0.));
#6487=DIRECTION('',(-0.654860733945285,0.,0.755749574354258));
#6488=DIRECTION('',(0.,-1.,0.));
#6489=DIRECTION('',(-1.,0.,0.));
#6490=DIRECTION('',(0.,1.,0.));
#6491=DIRECTION('',(1.,0.,0.));
#6492=DIRECTION('',(0.,1.,0.));
#6493=DIRECTION('',(1.,0.,0.));
#6494=DIRECTION('',(0.,-1.,0.));
#6495=DIRECTION('',(-0.841253532831181,0.,0.540640817455597));
#6496=DIRECTION('',(0.,-1.,0.));
#6497=DIRECTION('',(0.,-1.,0.));
#6498=DIRECTION('',(-0.983399171309674,0.,0.181455421157501));
#6499=DIRECTION('',(0.181455421157501,0.,0.983399171309674));
#6500=DIRECTION('',(0.,-1.,0.));
#6501=DIRECTION('',(0.,-1.,0.));
#6502=DIRECTION('',(-0.841253532831181,0.,0.540640817455597));
#6503=DIRECTION('',(0.,-1.,0.));
#6504=DIRECTION('',(0.,-1.,0.));
#6505=DIRECTION('',(-0.841253532831181,0.,0.540640817455597));
#6506=DIRECTION('',(0.,-1.,0.));
#6507=DIRECTION('',(-0.573576436351046,0.,0.819152044288992));
#6508=DIRECTION('',(0.819152044288992,0.,0.573576436351046));
#6509=DIRECTION('',(0.,-1.,0.));
#6510=DIRECTION('',(0.,-1.,0.));
#6511=DIRECTION('',(0.,-1.,0.));
#6512=DIRECTION('',(-0.841253532831181,0.,0.540640817455597));
#6513=DIRECTION('',(0.,-1.,0.));
#6514=DIRECTION('',(0.,-1.,0.));
#6515=DIRECTION('',(-0.841253532831181,0.,0.540640817455597));
#6516=DIRECTION('',(0.,-1.,0.));
#6517=DIRECTION('',(-1.,0.,0.));
#6518=DIRECTION('',(0.,1.,0.));
#6519=DIRECTION('',(1.,0.,0.));
#6520=DIRECTION('',(0.,1.,0.));
#6521=DIRECTION('',(1.,0.,0.));
#6522=DIRECTION('',(0.,-1.,0.));
#6523=DIRECTION('',(-1.,0.,0.));
#6524=DIRECTION('',(0.,1.,0.));
#6525=DIRECTION('',(1.,0.,0.));
#6526=DIRECTION('',(0.,1.,0.));
#6527=DIRECTION('',(1.,0.,0.));
#6528=DIRECTION('',(0.,-1.,0.));
#6529=DIRECTION('',(-1.,0.,0.));
#6530=DIRECTION('',(0.,1.,0.));
#6531=DIRECTION('',(1.,0.,0.));
#6532=DIRECTION('',(0.,1.,0.));
#6533=DIRECTION('',(1.,0.,0.));
#6534=DIRECTION('',(0.,1.,0.));
#6535=DIRECTION('',(1.,0.,0.));
#6536=DIRECTION('',(0.,1.,0.));
#6537=DIRECTION('',(1.,0.,0.));
#6538=DIRECTION('',(0.,1.,0.));
#6539=DIRECTION('',(1.,0.,0.));
#6540=DIRECTION('',(0.,1.,0.));
#6541=DIRECTION('',(1.,0.,0.));
#6542=DIRECTION('',(-0.099709518812414,0.,-0.995016588735181));
#6543=DIRECTION('',(-0.995016588735181,0.,0.099709518812414));
#6544=DIRECTION('',(-0.099709518812414,0.,-0.995016588735181));
#6545=DIRECTION('',(0.995016588735181,0.,-0.099709518812414));
#6546=DIRECTION('',(0.099709518812414,0.,0.995016588735181));
#6547=DIRECTION('',(-0.631150154949819,0.,0.775660674461984));
#6548=DIRECTION('',(0.,1.,0.));
#6549=DIRECTION('',(0.,0.,1.));
#6550=DIRECTION('',(0.,1.,0.));
#6551=DIRECTION('',(0.,0.,1.));
#6552=DIRECTION('',(0.,1.,0.));
#6553=DIRECTION('',(0.,0.,1.));
#6554=DIRECTION('',(0.690154592165504,0.,0.723661964533764));
#6555=DIRECTION('',(0.,1.,0.));
#6556=DIRECTION('',(0.,0.,1.));
#6557=DIRECTION('',(0.641647690840296,0.,-0.766999505110216));
#6558=DIRECTION('',(-0.27231868542545,0.,0.962207115733487));
#6559=DIRECTION('',(0.962207115733487,0.,0.27231868542545));
#6560=DIRECTION('',(-0.27231868542545,0.,0.962207115733487));
#6561=DIRECTION('',(-0.962207115733487,0.,-0.27231868542545));
#6562=DIRECTION('',(0.27231868542545,0.,-0.962207115733487));
#6563=DIRECTION('',(0.962207115733487,0.,0.27231868542545));
#6564=DIRECTION('',(-0.27231868542545,0.,0.962207115733487));
#6565=DIRECTION('',(-0.962207115733487,0.,-0.27231868542545));
#6566=DIRECTION('',(-0.27231868542545,0.,0.962207115733487));
#6567=DIRECTION('',(0.962207115733487,0.,0.27231868542545));
#6568=DIRECTION('',(-0.27231868542545,0.,0.962207115733487));
#6569=DIRECTION('',(-0.962207115733487,0.,-0.27231868542545));
#6570=DIRECTION('',(-0.502370230154741,0.,0.864652619179676));
#6571=DIRECTION('',(0.,1.,0.));
#6572=DIRECTION('',(0.,0.,1.));
#6573=DIRECTION('',(-0.0679149201859343,0.,0.997691116336183));
#6574=DIRECTION('',(0.,1.,0.));
#6575=DIRECTION('',(0.,0.,1.));
#6576=DIRECTION('',(0.996402012910418,0.,-0.0847527502094571));
#6577=DIRECTION('',(0.0847527502094571,0.,0.996402012910418));
#6578=DIRECTION('',(-0.996402012910418,0.,0.0847527502094571));
#6579=DIRECTION('',(-0.0847527502094571,0.,-0.996402012910418));
#6580=DIRECTION('',(0.0997095174778174,0.,-0.99501658886892));
#6581=DIRECTION('',(-0.99501658886892,0.,-0.0997095174778174));
#6582=DIRECTION('',(0.0997095174778174,0.,-0.99501658886892));
#6583=DIRECTION('',(0.99501658886892,0.,0.0997095174778174));
#6584=DIRECTION('',(-0.0997095174778174,0.,0.99501658886892));
#6585=DIRECTION('',(-0.772511043054726,0.,0.63500132941475));
#6586=DIRECTION('',(0.,1.,0.));
#6587=DIRECTION('',(0.,0.,1.));
#6588=DIRECTION('',(0.,1.,0.));
#6589=DIRECTION('',(0.,0.,1.));
#6590=DIRECTION('',(0.,1.,0.));
#6591=DIRECTION('',(0.,0.,1.));
#6592=DIRECTION('',(0.532838769134431,0.,0.846216784345066));
#6593=DIRECTION('',(0.,1.,0.));
#6594=DIRECTION('',(0.,0.,1.));
#6595=DIRECTION('',(0.781081251506051,0.,-0.62442940237127));
#6596=DIRECTION('',(-0.24588168980236,0.,-0.969299847632267));
#6597=DIRECTION('',(0.969299847632267,0.,-0.24588168980236));
#6598=DIRECTION('',(0.24588168980236,0.,0.969299847632267));
#6599=DIRECTION('',(-0.969299847632267,0.,0.24588168980236));
#6600=DIRECTION('',(-0.735024181621284,0.,-0.678040892890659));
#6601=DIRECTION('',(-0.969299847632267,0.,0.24588168980236));
#6602=DIRECTION('',(0.,1.,0.));
#6603=DIRECTION('',(0.,0.,1.));
#6604=DIRECTION('',(0.24588168980236,0.,0.969299847632267));
#6605=DIRECTION('',(-0.969299847632267,0.,0.24588168980236));
#6606=DIRECTION('',(-0.24588168980236,0.,-0.969299847632267));
#6607=DIRECTION('',(0.969299847632267,0.,-0.24588168980236));
#6608=DIRECTION('',(0.735493678960383,0.,0.677531584658104));
#6609=DIRECTION('',(0.969299847632267,0.,-0.24588168980236));
#6610=DIRECTION('',(-0.295277502748635,-8.49277027402349E-17,-0.955411532466785));
#6611=DIRECTION('',(0.,1.,0.));
#6612=DIRECTION('',(0.,0.,1.));
#6613=DIRECTION('',(0.,1.,0.));
#6614=DIRECTION('',(1.,0.,0.));
#6615=DIRECTION('',(0.,1.,0.));
#6616=DIRECTION('',(1.,0.,0.));
#6617=DIRECTION('',(0.,1.,0.));
#6618=DIRECTION('',(1.,0.,0.));
#6619=DIRECTION('',(1.,0.,0.));
#6620=DIRECTION('',(0.5,0.,0.866025403784439));
#6621=DIRECTION('',(-0.5,0.,0.866025403784438));
#6622=DIRECTION('',(-1.,0.,-2.34736656052681E-16));
#6623=DIRECTION('',(-0.5,0.,-0.866025403784439));
#6624=DIRECTION('',(0.5,0.,-0.866025403784439));
#6625=DIRECTION('',(0.,-1.,0.));
#6626=DIRECTION('',(-1.,0.,0.));
#6627=DIRECTION('',(0.,1.,0.));
#6628=DIRECTION('',(1.,0.,0.));
#6629=DIRECTION('',(0.,1.,0.));
#6630=DIRECTION('',(1.,0.,0.));
#6631=DIRECTION('',(0.,-1.,0.));
#6632=DIRECTION('',(-1.,0.,0.));
#6633=DIRECTION('',(0.,1.,0.));
#6634=DIRECTION('',(1.,0.,0.));
#6635=DIRECTION('',(0.,1.,0.));
#6636=DIRECTION('',(1.,0.,0.));
#6637=DIRECTION('',(0.,1.,0.));
#6638=DIRECTION('',(1.,0.,0.));
#6639=DIRECTION('',(0.,1.,0.));
#6640=DIRECTION('',(1.,0.,0.));
#6641=DIRECTION('',(0.5,0.,-0.866025403784438));
#6642=DIRECTION('',(-0.5,0.,-0.866025403784439));
#6643=DIRECTION('',(-1.,0.,0.));
#6644=DIRECTION('',(-0.5,0.,0.866025403784439));
#6645=DIRECTION('',(0.5,0.,0.866025403784439));
#6646=DIRECTION('',(1.,0.,2.34736656052681E-16));
#6647=DIRECTION('',(0.866025403784439,0.,-0.5));
#6648=DIRECTION('',(-0.5,0.,-0.866025403784439));
#6649=DIRECTION('',(0.,1.,0.));
#6650=DIRECTION('',(-0.5,0.,-0.866025403784439));
#6651=DIRECTION('',(0.,1.,0.));
#6652=DIRECTION('',(0.5,0.,0.866025403784439));
#6653=DIRECTION('',(0.,0.,-1.));
#6654=DIRECTION('',(0.,1.,0.));
#6655=DIRECTION('',(-1.,0.,0.));
#6656=DIRECTION('',(0.,1.,0.));
#6657=DIRECTION('',(1.,0.,0.));
#6658=DIRECTION('',(-0.866025403784439,0.,-0.5));
#6659=DIRECTION('',(-0.5,0.,0.866025403784439));
#6660=DIRECTION('',(-0.5,0.,0.866025403784439));
#6661=DIRECTION('',(0.,1.,0.));
#6662=DIRECTION('',(0.5,0.,-0.866025403784439));
#6663=DIRECTION('',(-0.866025403784439,0.,0.5));
#6664=DIRECTION('',(0.5,0.,0.866025403784439));
#6665=DIRECTION('',(0.5,0.,0.866025403784439));
#6666=DIRECTION('',(0.,1.,0.));
#6667=DIRECTION('',(-0.5,0.,-0.866025403784439));
#6668=DIRECTION('',(-2.34736656052681E-16,0.,1.));
#6669=DIRECTION('',(1.,0.,2.34736656052681E-16));
#6670=DIRECTION('',(1.,0.,2.34736656052681E-16));
#6671=DIRECTION('',(0.,1.,0.));
#6672=DIRECTION('',(-1.,0.,-2.34736656052681E-16));
#6673=DIRECTION('',(0.866025403784438,0.,0.5));
#6674=DIRECTION('',(0.5,0.,-0.866025403784439));
#6675=DIRECTION('',(0.5,0.,-0.866025403784439));
#6676=DIRECTION('',(-0.5,0.,0.866025403784439));
#6677=DIRECTION('',(0.612372435695795,0.707106781186547,-0.353553390593274));
#6678=DIRECTION('',(-0.5,0.,-0.866025403784439));
#6679=DIRECTION('',(0.755928946018454,-0.654653670707977,3.07555200871006E-15));
#6680=DIRECTION('',(0.377964473009226,-0.654653670707978,-0.654653670707977));
#6681=DIRECTION('',(1.65983881287905E-16,0.707106781186548,-0.707106781186548));
#6682=DIRECTION('',(-1.,0.,-2.34736656052681E-16));
#6683=DIRECTION('',(-0.377964473009228,-0.654653670707977,-0.654653670707977));
#6684=DIRECTION('',(0.612372435695794,0.707106781186548,0.353553390593274));
#6685=DIRECTION('',(0.5,0.,-0.866025403784439));
#6686=DIRECTION('',(0.377964473009229,-0.654653670707977,0.654653670707977));
#6687=DIRECTION('',(-0.612372435695794,0.707106781186548,-0.353553390593274));
#6688=DIRECTION('',(-0.5,0.,0.866025403784439));
#6689=DIRECTION('',(-0.755928946018455,-0.654653670707977,-8.93502734499238E-16));
#6690=DIRECTION('',(0.,0.707106781186548,0.707106781186548));
#6691=DIRECTION('',(1.,0.,0.));
#6692=DIRECTION('',(0.377964473009227,0.654653670707977,-0.654653670707977));
#6693=DIRECTION('',(-0.612372435695794,0.707106781186548,0.353553390593274));
#6694=DIRECTION('',(0.5,0.,0.866025403784439));
#6695=DIRECTION('',(-0.612372435695794,0.707106781186548,0.353553390593274));
#6696=DIRECTION('',(0.5,0.,0.866025403784439));
#6697=DIRECTION('',(-0.755928946018455,-0.654653670707977,-3.65371846776235E-16));
#6698=DIRECTION('',(-0.377964473009228,-0.654653670707977,0.654653670707978));
#6699=DIRECTION('',(-1.65983881287905E-16,0.707106781186548,0.707106781186547));
#6700=DIRECTION('',(1.,0.,2.34736656052681E-16));
#6701=DIRECTION('',(0.377964473009228,-0.654653670707976,0.654653670707978));
#6702=DIRECTION('',(-0.612372435695794,0.707106781186548,-0.353553390593274));
#6703=DIRECTION('',(-0.5,0.,0.866025403784439));
#6704=DIRECTION('',(-0.377964473009227,-0.654653670707977,-0.654653670707978));
#6705=DIRECTION('',(0.612372435695794,0.707106781186549,0.353553390593274));
#6706=DIRECTION('',(0.5,0.,-0.866025403784439));
#6707=DIRECTION('',(0.755928946018455,-0.654653670707976,8.93502734499238E-16));
#6708=DIRECTION('',(0.,0.707106781186548,-0.707106781186547));
#6709=DIRECTION('',(-1.,0.,0.));
#6710=DIRECTION('',(-0.377964473009227,0.654653670707977,0.654653670707978));
#6711=DIRECTION('',(0.612372435695794,0.707106781186548,-0.353553390593274));
#6712=DIRECTION('',(-0.5,0.,-0.866025403784439));
#6713=DIRECTION('',(0.,1.,0.));
#6714=DIRECTION('',(1.,0.,0.));
#6715=DIRECTION('',(0.,1.,0.));
#6716=DIRECTION('',(1.,0.,0.));
#6717=DIRECTION('',(0.,-1.,0.));
#6718=DIRECTION('',(-1.,0.,0.));
#6719=DIRECTION('',(0.,1.,0.));
#6720=DIRECTION('',(1.,0.,0.));
#6721=DIRECTION('',(0.969299847632267,0.,-0.24588168980236));
#6722=DIRECTION('',(-0.24588168980236,0.,-0.969299847632267));
#6723=DIRECTION('',(0.,1.,0.));
#6724=DIRECTION('',(-0.24588168980236,0.,-0.969299847632267));
#6725=DIRECTION('',(0.,1.,0.));
#6726=DIRECTION('',(0.,1.,0.));
#6727=DIRECTION('',(-0.964124749288716,0.,0.265449557937042));
#6728=DIRECTION('',(0.,1.,0.));
#6729=DIRECTION('',(0.,1.,0.));
#6730=DIRECTION('',(0.,0.,1.));
#6731=DIRECTION('',(0.955411532466785,1.13067135031308E-25,-0.295277502748635));
#6732=DIRECTION('',(-0.295277502748635,-8.49277027402349E-17,-0.955411532466785));
#6733=DIRECTION('',(-1.0974042078379E-25,1.,2.78377843222123E-26));
#6734=DIRECTION('',(-0.295277502748635,-8.49277027402349E-17,-0.955411532466785));
#6735=DIRECTION('',(0.24588168980236,0.,0.969299847632267));
#6736=DIRECTION('',(0.969299847632267,0.,-0.24588168980236));
#6737=DIRECTION('',(0.,1.,0.));
#6738=DIRECTION('',(0.969299847632267,0.,-0.24588168980236));
#6739=DIRECTION('',(-0.677531584658103,0.,0.735493678960383));
#6740=DIRECTION('',(0.735493678960383,0.,0.677531584658103));
#6741=DIRECTION('',(0.,1.,0.));
#6742=DIRECTION('',(0.735493678960383,0.,0.677531584658103));
#6743=DIRECTION('',(0.24588168980236,0.,0.969299847632267));
#6744=DIRECTION('',(0.969299847632267,0.,-0.24588168980236));
#6745=DIRECTION('',(0.,1.,0.));
#6746=DIRECTION('',(0.969299847632267,0.,-0.24588168980236));
#6747=DIRECTION('',(0.969299847632267,0.,-0.24588168980236));
#6748=DIRECTION('',(-0.24588168980236,0.,-0.969299847632267));
#6749=DIRECTION('',(0.,1.,0.));
#6750=DIRECTION('',(-0.24588168980236,0.,-0.969299847632267));
#6751=DIRECTION('',(-0.24588168980236,0.,-0.969299847632267));
#6752=DIRECTION('',(-0.969299847632267,0.,0.24588168980236));
#6753=DIRECTION('',(0.,1.,0.));
#6754=DIRECTION('',(-0.969299847632267,0.,0.24588168980236));
#6755=DIRECTION('',(-0.969299847632267,0.,0.24588168980236));
#6756=DIRECTION('',(0.24588168980236,0.,0.969299847632267));
#6757=DIRECTION('',(0.,1.,0.));
#6758=DIRECTION('',(0.24588168980236,0.,0.969299847632267));
#6759=DIRECTION('',(0.,1.,0.));
#6760=DIRECTION('',(0.958897500655441,0.,-0.28375267969968));
#6761=DIRECTION('',(0.,1.,0.));
#6762=DIRECTION('',(0.,1.,0.));
#6763=DIRECTION('',(0.,0.,1.));
#6764=DIRECTION('',(-0.24588168980236,0.,-0.969299847632267));
#6765=DIRECTION('',(-0.969299847632267,0.,0.24588168980236));
#6766=DIRECTION('',(0.,1.,0.));
#6767=DIRECTION('',(-0.969299847632267,0.,0.24588168980236));
#6768=DIRECTION('',(0.678040892890659,0.,-0.735024181621284));
#6769=DIRECTION('',(-0.735024181621284,0.,-0.678040892890659));
#6770=DIRECTION('',(0.,1.,0.));
#6771=DIRECTION('',(-0.735024181621284,0.,-0.678040892890659));
#6772=DIRECTION('',(-0.24588168980236,0.,-0.969299847632267));
#6773=DIRECTION('',(-0.969299847632267,0.,0.24588168980236));
#6774=DIRECTION('',(0.,1.,0.));
#6775=DIRECTION('',(-0.969299847632267,0.,0.24588168980236));
#6776=DIRECTION('',(-0.969299847632267,0.,0.24588168980236));
#6777=DIRECTION('',(0.24588168980236,0.,0.969299847632267));
#6778=DIRECTION('',(0.,1.,0.));
#6779=DIRECTION('',(0.24588168980236,0.,0.969299847632267));
#6780=DIRECTION('',(0.24588168980236,0.,0.969299847632267));
#6781=DIRECTION('',(0.969299847632267,0.,-0.24588168980236));
#6782=DIRECTION('',(0.969299847632267,0.,-0.24588168980236));
#6783=DIRECTION('',(0.,1.,0.));
#6784=DIRECTION('',(0.969299847632267,0.,-0.24588168980236));
#6785=DIRECTION('',(0.99501658886892,0.,0.0997095174778174));
#6786=DIRECTION('',(0.0997095174778173,0.,-0.995016588868919));
#6787=DIRECTION('',(0.,1.,0.));
#6788=DIRECTION('',(0.0997095174778173,0.,-0.995016588868919));
#6789=DIRECTION('',(0.,1.,0.));
#6790=DIRECTION('',(0.62442940237127,0.,0.781081251506051));
#6791=DIRECTION('',(0.781081251506051,0.,-0.62442940237127));
#6792=DIRECTION('',(0.,1.,0.));
#6793=DIRECTION('',(0.781081251506051,0.,-0.62442940237127));
#6794=DIRECTION('',(0.,1.,0.));
#6795=DIRECTION('',(0.,1.,0.));
#6796=DIRECTION('',(-0.932025885788526,0.,-0.362391705506782));
#6797=DIRECTION('',(0.,1.,0.));
#6798=DIRECTION('',(0.,1.,0.));
#6799=DIRECTION('',(0.,0.,1.));
#6800=DIRECTION('',(0.,1.,0.));
#6801=DIRECTION('',(0.,1.,0.));
#6802=DIRECTION('',(0.,1.,0.));
#6803=DIRECTION('',(-0.846216784345066,0.,0.532838769134431));
#6804=DIRECTION('',(0.532838769134431,0.,0.846216784345066));
#6805=DIRECTION('',(0.,1.,0.));
#6806=DIRECTION('',(0.532838769134431,0.,0.846216784345066));
#6807=DIRECTION('',(0.,1.,0.));
#6808=DIRECTION('',(0.,1.,0.));
#6809=DIRECTION('',(0.0740450285049178,0.,0.997254899087343));
#6810=DIRECTION('',(0.,1.,0.));
#6811=DIRECTION('',(0.,1.,0.));
#6812=DIRECTION('',(0.,0.,1.));
#6813=DIRECTION('',(0.,1.,0.));
#6814=DIRECTION('',(0.,1.,0.));
#6815=DIRECTION('',(0.,1.,0.));
#6816=DIRECTION('',(-0.960789159526857,0.,-0.277279986540097));
#6817=DIRECTION('',(0.,1.,0.));
#6818=DIRECTION('',(0.,1.,0.));
#6819=DIRECTION('',(0.,0.,1.));
#6820=DIRECTION('',(0.,1.,0.));
#6821=DIRECTION('',(-0.818662881609018,0.,-0.574274399808679));
#6822=DIRECTION('',(0.,1.,0.));
#6823=DIRECTION('',(0.,1.,0.));
#6824=DIRECTION('',(0.,0.,1.));
#6825=DIRECTION('',(0.,1.,0.));
#6826=DIRECTION('',(-0.63500132941475,0.,-0.772511043054726));
#6827=DIRECTION('',(-0.772511043054725,0.,0.63500132941475));
#6828=DIRECTION('',(0.,1.,0.));
#6829=DIRECTION('',(-0.772511043054725,0.,0.63500132941475));
#6830=DIRECTION('',(-0.99501658886892,0.,-0.0997095174778174));
#6831=DIRECTION('',(-0.0997095174778173,0.,0.995016588868919));
#6832=DIRECTION('',(0.,1.,0.));
#6833=DIRECTION('',(-0.0997095174778173,0.,0.995016588868919));
#6834=DIRECTION('',(-0.0997095174778174,0.,0.99501658886892));
#6835=DIRECTION('',(0.995016588868919,0.,0.0997095174778173));
#6836=DIRECTION('',(0.,1.,0.));
#6837=DIRECTION('',(0.995016588868919,0.,0.0997095174778173));
#6838=DIRECTION('',(0.99501658886892,0.,0.0997095174778174));
#6839=DIRECTION('',(0.0997095174778173,0.,-0.995016588868919));
#6840=DIRECTION('',(0.,1.,0.));
#6841=DIRECTION('',(0.0997095174778173,0.,-0.995016588868919));
#6842=DIRECTION('',(0.0997095174778174,0.,-0.99501658886892));
#6843=DIRECTION('',(-0.995016588868919,0.,-0.0997095174778173));
#6844=DIRECTION('',(-0.995016588868919,0.,-0.0997095174778173));
#6845=DIRECTION('',(0.,1.,0.));
#6846=DIRECTION('',(-0.995016588868919,0.,-0.0997095174778173));
#6847=DIRECTION('',(0.0847527502094571,0.,0.996402012910418));
#6848=DIRECTION('',(0.996402012910418,0.,-0.0847527502094571));
#6849=DIRECTION('',(0.,1.,0.));
#6850=DIRECTION('',(0.996402012910418,0.,-0.0847527502094571));
#6851=DIRECTION('',(0.,1.,0.));
#6852=DIRECTION('',(0.996402012910418,0.,-0.0847527502094571));
#6853=DIRECTION('',(-0.0847527502094571,0.,-0.996402012910418));
#6854=DIRECTION('',(0.,1.,0.));
#6855=DIRECTION('',(-0.0847527502094571,0.,-0.996402012910418));
#6856=DIRECTION('',(-0.0847527502094571,0.,-0.996402012910418));
#6857=DIRECTION('',(-0.996402012910418,0.,0.0847527502094571));
#6858=DIRECTION('',(0.,1.,0.));
#6859=DIRECTION('',(-0.996402012910418,0.,0.0847527502094571));
#6860=DIRECTION('',(-0.996402012910418,0.,0.0847527502094571));
#6861=DIRECTION('',(0.0847527502094571,0.,0.996402012910418));
#6862=DIRECTION('',(0.0847527502094571,0.,0.996402012910418));
#6863=DIRECTION('',(0.,1.,0.));
#6864=DIRECTION('',(0.996402012910418,0.,-0.0847527502094571));
#6865=DIRECTION('',(0.,1.,0.));
#6866=DIRECTION('',(0.,1.,0.));
#6867=DIRECTION('',(0.,1.,0.));
#6868=DIRECTION('',(0.,1.,0.));
#6869=DIRECTION('',(-0.68254384909675,0.,-0.730844644271403));
#6870=DIRECTION('',(0.,1.,0.));
#6871=DIRECTION('',(0.,1.,0.));
#6872=DIRECTION('',(0.,0.,1.));
#6873=DIRECTION('',(0.,1.,0.));
#6874=DIRECTION('',(0.,1.,0.));
#6875=DIRECTION('',(0.,1.,0.));
#6876=DIRECTION('',(0.,1.,0.));
#6877=DIRECTION('',(-0.997691116336183,0.,-0.0679149201859343));
#6878=DIRECTION('',(-0.0679149201859342,0.,0.997691116336182));
#6879=DIRECTION('',(0.,1.,0.));
#6880=DIRECTION('',(-0.0679149201859342,0.,0.997691116336182));
#6881=DIRECTION('',(0.,1.,0.));
#6882=DIRECTION('',(0.,1.,0.));
#6883=DIRECTION('',(0.,1.,0.));
#6884=DIRECTION('',(0.,1.,0.));
#6885=DIRECTION('',(0.,1.,0.));
#6886=DIRECTION('',(0.,1.,0.));
#6887=DIRECTION('',(0.289941096374833,0.,-0.957044492504377));
#6888=DIRECTION('',(0.,1.,0.));
#6889=DIRECTION('',(0.,1.,0.));
#6890=DIRECTION('',(0.,0.,1.));
#6891=DIRECTION('',(-0.864652619179676,0.,-0.502370230154741));
#6892=DIRECTION('',(-0.502370230154741,0.,0.864652619179675));
#6893=DIRECTION('',(-0.502370230154741,0.,0.864652619179675));
#6894=DIRECTION('',(0.,1.,0.));
#6895=DIRECTION('',(0.997691116336182,0.,0.0679149201859342));
#6896=DIRECTION('',(-0.962207115733487,0.,-0.27231868542545));
#6897=DIRECTION('',(-0.272318685425449,0.,0.962207115733486));
#6898=DIRECTION('',(0.,1.,0.));
#6899=DIRECTION('',(-0.272318685425449,0.,0.962207115733486));
#6900=DIRECTION('',(0.,1.,0.));
#6901=DIRECTION('',(0.27231868542545,0.,-0.962207115733487));
#6902=DIRECTION('',(-0.962207115733486,0.,-0.272318685425449));
#6903=DIRECTION('',(0.,1.,0.));
#6904=DIRECTION('',(-0.962207115733486,0.,-0.272318685425449));
#6905=DIRECTION('',(-0.962207115733487,0.,-0.27231868542545));
#6906=DIRECTION('',(-0.272318685425449,0.,0.962207115733486));
#6907=DIRECTION('',(0.,1.,0.));
#6908=DIRECTION('',(-0.272318685425449,0.,0.962207115733486));
#6909=DIRECTION('',(-0.27231868542545,0.,0.962207115733487));
#6910=DIRECTION('',(0.962207115733486,0.,0.272318685425449));
#6911=DIRECTION('',(0.,1.,0.));
#6912=DIRECTION('',(0.962207115733486,0.,0.272318685425449));
#6913=DIRECTION('',(-0.962207115733487,0.,-0.27231868542545));
#6914=DIRECTION('',(-0.272318685425449,0.,0.962207115733486));
#6915=DIRECTION('',(0.,1.,0.));
#6916=DIRECTION('',(-0.272318685425449,0.,0.962207115733486));
#6917=DIRECTION('',(0.27231868542545,0.,-0.962207115733487));
#6918=DIRECTION('',(-0.962207115733486,0.,-0.272318685425449));
#6919=DIRECTION('',(0.,1.,0.));
#6920=DIRECTION('',(-0.962207115733486,0.,-0.272318685425449));
#6921=DIRECTION('',(-0.962207115733487,0.,-0.27231868542545));
#6922=DIRECTION('',(-0.272318685425449,0.,0.962207115733486));
#6923=DIRECTION('',(0.,1.,0.));
#6924=DIRECTION('',(-0.272318685425449,0.,0.962207115733486));
#6925=DIRECTION('',(-0.27231868542545,0.,0.962207115733487));
#6926=DIRECTION('',(0.962207115733486,0.,0.272318685425449));
#6927=DIRECTION('',(0.,1.,0.));
#6928=DIRECTION('',(0.962207115733486,0.,0.272318685425449));
#6929=DIRECTION('',(0.962207115733487,0.,0.27231868542545));
#6930=DIRECTION('',(0.272318685425449,0.,-0.962207115733486));
#6931=DIRECTION('',(0.,1.,0.));
#6932=DIRECTION('',(0.272318685425449,0.,-0.962207115733486));
#6933=DIRECTION('',(0.27231868542545,0.,-0.962207115733487));
#6934=DIRECTION('',(-0.962207115733486,0.,-0.272318685425449));
#6935=DIRECTION('',(0.,1.,0.));
#6936=DIRECTION('',(-0.962207115733486,0.,-0.272318685425449));
#6937=DIRECTION('',(-0.962207115733487,0.,-0.27231868542545));
#6938=DIRECTION('',(-0.272318685425449,0.,0.962207115733486));
#6939=DIRECTION('',(0.,1.,0.));
#6940=DIRECTION('',(-0.272318685425449,0.,0.962207115733486));
#6941=DIRECTION('',(-0.27231868542545,0.,0.962207115733487));
#6942=DIRECTION('',(0.962207115733486,0.,0.272318685425449));
#6943=DIRECTION('',(0.962207115733486,0.,0.272318685425449));
#6944=DIRECTION('',(0.,1.,0.));
#6945=DIRECTION('',(0.962207115733486,0.,0.272318685425449));
#6946=DIRECTION('',(0.995016588735181,0.,-0.099709518812414));
#6947=DIRECTION('',(-0.0997095188124139,0.,-0.995016588735181));
#6948=DIRECTION('',(0.,1.,0.));
#6949=DIRECTION('',(-0.0997095188124139,0.,-0.995016588735181));
#6950=DIRECTION('',(0.,1.,0.));
#6951=DIRECTION('',(0.766999505110216,0.,0.641647690840296));
#6952=DIRECTION('',(0.641647690840296,0.,-0.766999505110216));
#6953=DIRECTION('',(0.,1.,0.));
#6954=DIRECTION('',(0.641647690840296,0.,-0.766999505110216));
#6955=DIRECTION('',(0.,1.,0.));
#6956=DIRECTION('',(0.,1.,0.));
#6957=DIRECTION('',(-0.985401169912533,0.,-0.170248448847592));
#6958=DIRECTION('',(0.,1.,0.));
#6959=DIRECTION('',(0.,1.,0.));
#6960=DIRECTION('',(0.,0.,1.));
#6961=DIRECTION('',(0.,1.,0.));
#6962=DIRECTION('',(0.,1.,0.));
#6963=DIRECTION('',(0.,1.,0.));
#6964=DIRECTION('',(-0.723661964533764,0.,0.690154592165504));
#6965=DIRECTION('',(0.690154592165504,0.,0.723661964533764));
#6966=DIRECTION('',(0.,1.,0.));
#6967=DIRECTION('',(0.690154592165504,0.,0.723661964533764));
#6968=DIRECTION('',(0.,1.,0.));
#6969=DIRECTION('',(0.,1.,0.));
#6970=DIRECTION('',(0.270453270832873,0.,0.962733103355131));
#6971=DIRECTION('',(0.,1.,0.));
#6972=DIRECTION('',(0.,1.,0.));
#6973=DIRECTION('',(0.,0.,1.));
#6974=DIRECTION('',(0.,1.,0.));
#6975=DIRECTION('',(0.,1.,0.));
#6976=DIRECTION('',(0.,1.,0.));
#6977=DIRECTION('',(-0.996704201357176,0.,-0.081121729499281));
#6978=DIRECTION('',(0.,1.,0.));
#6979=DIRECTION('',(0.,1.,0.));
#6980=DIRECTION('',(0.,0.,1.));
#6981=DIRECTION('',(0.,1.,0.));
#6982=DIRECTION('',(-0.916335149414137,0.,-0.400412155095435));
#6983=DIRECTION('',(0.,1.,0.));
#6984=DIRECTION('',(0.,1.,0.));
#6985=DIRECTION('',(0.,0.,1.));
#6986=DIRECTION('',(0.,1.,0.));
#6987=DIRECTION('',(-0.775660674461984,0.,-0.631150154949819));
#6988=DIRECTION('',(-0.631150154949819,0.,0.775660674461984));
#6989=DIRECTION('',(0.,1.,0.));
#6990=DIRECTION('',(-0.631150154949819,0.,0.775660674461984));
#6991=DIRECTION('',(-0.995016588735181,0.,0.099709518812414));
#6992=DIRECTION('',(0.0997095188124139,0.,0.995016588735181));
#6993=DIRECTION('',(0.,1.,0.));
#6994=DIRECTION('',(0.0997095188124139,0.,0.995016588735181));
#6995=DIRECTION('',(0.099709518812414,0.,0.995016588735181));
#6996=DIRECTION('',(0.995016588735181,0.,-0.0997095188124139));
#6997=DIRECTION('',(0.,1.,0.));
#6998=DIRECTION('',(0.995016588735181,0.,-0.0997095188124139));
#6999=DIRECTION('',(0.995016588735181,0.,-0.099709518812414));
#7000=DIRECTION('',(-0.0997095188124139,0.,-0.995016588735181));
#7001=DIRECTION('',(0.,1.,0.));
#7002=DIRECTION('',(-0.0997095188124139,0.,-0.995016588735181));
#7003=DIRECTION('',(-0.099709518812414,0.,-0.995016588735181));
#7004=DIRECTION('',(-0.995016588735181,0.,0.0997095188124139));
#7005=DIRECTION('',(-0.995016588735181,0.,0.0997095188124139));
#7006=DIRECTION('',(0.,1.,0.));
#7007=DIRECTION('',(-0.995016588735181,0.,0.0997095188124139));
#7008=CARTESIAN_POINT('',(0.,0.,0.));
#7009=CARTESIAN_POINT('',(-0.170961959441678,6.79147120856356,-2.20638843434143));
#7010=CARTESIAN_POINT('',(-0.386548599638401,0.205000000000001,-2.36741093589789));
#7011=CARTESIAN_POINT('',(-0.41576403051922,0.211025999660303,-2.32829555435423));
#7012=CARTESIAN_POINT('',(-0.433623488961895,0.218449637965533,-2.28232276506784));
#7013=CARTESIAN_POINT('',(-0.438615526646156,0.226692637275244,-2.23409066171627));
#7014=CARTESIAN_POINT('',(-0.386548599638409,0.205,-2.36741093589789));
#7015=CARTESIAN_POINT('',(-0.438615526646155,0.226692637275243,-2.23409066171627));
#7016=CARTESIAN_POINT('',(-0.386548599638408,6.79147120856356,-2.36741093589788));
#7017=CARTESIAN_POINT('',(-0.386548599638409,0.08,-2.36741093589789));
#7018=CARTESIAN_POINT('',(-0.386548599638401,0.0799999999999993,-2.36741093589789));
#7019=CARTESIAN_POINT('',(-0.41576403051922,0.0739740003396973,-2.32829555435422));
#7020=CARTESIAN_POINT('',(-0.433623488961895,0.0665503620344675,-2.28232276506784));
#7021=CARTESIAN_POINT('',(-0.438615526646156,0.0583073627247565,-2.23409066171627));
#7022=CARTESIAN_POINT('',(-0.438615526646155,0.0583073627247565,-2.23409066171627));
#7023=CARTESIAN_POINT('',(-0.438615526646155,6.79147120856356,-2.23409066171627));
#7024=CARTESIAN_POINT('',(-0.440785487861615,6.79147120856356,-2.21312491581596));
#7025=CARTESIAN_POINT('',(-0.438615526646155,0.226692637275244,-2.23409066171627));
#7026=CARTESIAN_POINT('',(-0.440062133187273,0.229081316502858,-2.220113828885));
#7027=CARTESIAN_POINT('',(-0.441508773378768,0.231468071338601,-2.20613667093031));
#7028=CARTESIAN_POINT('',(-0.442955449077075,0.233852795616837,-2.19215916991565));
#7029=CARTESIAN_POINT('',(-0.442955449077075,0.233852795616837,-2.19215916991565));
#7030=CARTESIAN_POINT('',(-0.438615526646155,0.0583073627247565,-2.23409066171627));
#7031=CARTESIAN_POINT('',(-0.440062133187273,0.0559186834971424,-2.220113828885));
#7032=CARTESIAN_POINT('',(-0.441508773378768,0.0535319286613987,-2.20613667093031));
#7033=CARTESIAN_POINT('',(-0.442955449077075,0.0511472043831631,-2.19215916991565));
#7034=CARTESIAN_POINT('',(-0.442955449077075,0.0511472043831635,-2.19215916991565));
#7035=CARTESIAN_POINT('',(-0.442955449077075,6.79147120856356,-2.19215916991565));
#7036=CARTESIAN_POINT('',(-0.874249377104157,6.79147120856356,-2.23960232081456));
#7037=CARTESIAN_POINT('',(-0.442955449077075,0.233852795616837,-2.19215916991565));
#7038=CARTESIAN_POINT('',(-0.447236010934888,0.240482987716932,-2.15324564282398));
#7039=CARTESIAN_POINT('',(-0.45661699544234,0.246710380305388,-2.11553734790328));
#7040=CARTESIAN_POINT('',(-0.471156016390011,0.252467495626756,-2.07903754426497));
#7041=CARTESIAN_POINT('',(-0.471156016390011,0.252467495626756,-2.07903754426497));
#7042=CARTESIAN_POINT('',(-0.442955449077075,0.0511472043831631,-2.19215916991565));
#7043=CARTESIAN_POINT('',(-0.447236010934888,0.0445170122830678,-2.15324564282398));
#7044=CARTESIAN_POINT('',(-0.45661699544234,0.0382896196946122,-2.11553734790328));
#7045=CARTESIAN_POINT('',(-0.471156016390011,0.0325325043732437,-2.07903754426497));
#7046=CARTESIAN_POINT('',(-0.471156016390011,0.0325325043732435,-2.07903754426497));
#7047=CARTESIAN_POINT('',(-0.471156016390011,6.79147120856356,-2.07903754426497));
#7048=CARTESIAN_POINT('',(-0.628536615594392,6.79147120856356,-2.14059913090446));
#7049=CARTESIAN_POINT('',(-0.47115601639001,0.252467495626757,-2.07903754426497));
#7050=CARTESIAN_POINT('',(-0.489917265634711,0.26004615357752,-2.0310748972779));
#7051=CARTESIAN_POINT('',(-0.573611698671451,0.269699124116194,-1.95470103611859));
#7052=CARTESIAN_POINT('',(-0.685934143570552,0.260046738361484,-1.97351587303158));
#7053=CARTESIAN_POINT('',(-0.727650894149524,0.252467495626757,-2.00372385285178));
#7054=CARTESIAN_POINT('',(-0.727650894149525,0.252467495626756,-2.00372385285178));
#7055=CARTESIAN_POINT('',(-0.47115601639001,0.0325325043732436,-2.07903754426496));
#7056=CARTESIAN_POINT('',(-0.489917265634711,0.0249538464224802,-2.0310748972779));
#7057=CARTESIAN_POINT('',(-0.57361169867145,0.015300875883806,-1.95470103611859));
#7058=CARTESIAN_POINT('',(-0.685934143570552,0.024953261638516,-1.97351587303158));
#7059=CARTESIAN_POINT('',(-0.727650894149524,0.0325325043732432,-2.00372385285178));
#7060=CARTESIAN_POINT('',(-0.727650894149525,0.0325325043732433,-2.00372385285178));
#7061=CARTESIAN_POINT('',(-0.727650894149525,6.79147120856356,-2.00372385285178));
#7062=CARTESIAN_POINT('',(-0.825693314733791,6.79147120856356,-2.10010578050695));
#7063=CARTESIAN_POINT('',(-0.838853740274511,6.79147120856356,-2.11657011870865));
#7064=CARTESIAN_POINT('',(-0.838853740274511,0.226692637275243,-2.11657011870865));
#7065=CARTESIAN_POINT('',(-0.838853740274511,0.0583073627247564,-2.11657011870865));
#7066=CARTESIAN_POINT('',(-0.838853740274511,0.226692637275243,-2.11657011870865));
#7067=CARTESIAN_POINT('',(-0.830080331083844,0.229081316502858,-2.10559415325449));
#7068=CARTESIAN_POINT('',(-0.821306717809684,0.231468071338601,-2.09461793248186));
#7069=CARTESIAN_POINT('',(-0.812532889193069,0.233852795616837,-2.08364144230525));
#7070=CARTESIAN_POINT('',(-0.812532889193071,0.233852795616837,-2.08364144230525));
#7071=CARTESIAN_POINT('',(-0.812532889193071,6.79147120856356,-2.08364144230525));
#7072=CARTESIAN_POINT('',(-0.812532889193071,0.0511472043831635,-2.08364144230525));
#7073=CARTESIAN_POINT('',(-0.838853740274511,0.0583073627247566,-2.11657011870865));
#7074=CARTESIAN_POINT('',(-0.830080331083844,0.0559186834971424,-2.10559415325449));
#7075=CARTESIAN_POINT('',(-0.821306717809684,0.0535319286613987,-2.09461793248186));
#7076=CARTESIAN_POINT('',(-0.812532889193069,0.0511472043831632,-2.08364144230525));
#7077=CARTESIAN_POINT('',(-1.04904129440688,6.79147120856356,-1.94856107869395));
#7078=CARTESIAN_POINT('',(-0.954733608580396,6.79147120856356,-2.20057676438209));
#7079=CARTESIAN_POINT('',(-0.954733608580407,0.205,-2.20057676438209));
#7080=CARTESIAN_POINT('',(-0.954733608580407,0.08,-2.20057676438209));
#7081=CARTESIAN_POINT('',(-0.954733608580406,0.205,-2.20057676438209));
#7082=CARTESIAN_POINT('',(-0.90900854174492,0.211026014228272,-2.18346582453825));
#7083=CARTESIAN_POINT('',(-0.86912949715556,0.218449653277758,-2.15444657635508));
#7084=CARTESIAN_POINT('',(-0.838853740274511,0.226692637275244,-2.11657011870866));
#7085=CARTESIAN_POINT('',(-0.954733608580406,0.0799999999999997,-2.20057676438209));
#7086=CARTESIAN_POINT('',(-0.90900854174492,0.0739739857717278,-2.18346582453825));
#7087=CARTESIAN_POINT('',(-0.86912949715556,0.0665503467222422,-2.15444657635508));
#7088=CARTESIAN_POINT('',(-0.838853740274511,0.0583073627247566,-2.11657011870865));
#7089=CARTESIAN_POINT('',(-0.475355052436306,6.79147120856356,-2.3567282624198));
#7090=CARTESIAN_POINT('',(-0.812532889193069,0.233852795616837,-2.08364144230525));
#7091=CARTESIAN_POINT('',(-0.787893619970278,0.240482985117649,-2.05321955855296));
#7092=CARTESIAN_POINT('',(-0.759615193141752,0.246710378039575,-2.02656906243114));
#7093=CARTESIAN_POINT('',(-0.727650894149524,0.252467495626757,-2.00372385285178));
#7094=CARTESIAN_POINT('',(-0.812532889193069,0.0511472043831632,-2.08364144230525));
#7095=CARTESIAN_POINT('',(-0.787893619970278,0.0445170148823509,-2.05321955855296));
#7096=CARTESIAN_POINT('',(-0.759615193141752,0.0382896219604256,-2.02656906243114));
#7097=CARTESIAN_POINT('',(-0.727650894149524,0.0325325043732433,-2.00372385285178));
#7098=CARTESIAN_POINT('',(0.457574656152715,6.79147120856356,-2.16517974977103));
#7099=CARTESIAN_POINT('',(0.296086070751306,0.205,-2.38041748397175));
#7100=CARTESIAN_POINT('',(0.257033990555499,0.211026000137175,-2.35111748594295));
#7101=CARTESIAN_POINT('',(0.226945929196328,0.21844964159425,-2.3120384911013));
#7102=CARTESIAN_POINT('',(0.208567558405676,0.226692637275244,-2.26716656612689));
#7103=CARTESIAN_POINT('',(0.296086070751307,0.205,-2.38041748397175));
#7104=CARTESIAN_POINT('',(0.208567558405677,0.226692637275243,-2.26716656612689));
#7105=CARTESIAN_POINT('',(0.296086070751296,6.79147120856356,-2.38041748397174));
#7106=CARTESIAN_POINT('',(0.296086070751307,0.08,-2.38041748397175));
#7107=CARTESIAN_POINT('',(0.296086070751306,0.0799999999999999,-2.38041748397175));
#7108=CARTESIAN_POINT('',(0.257033990555499,0.0739739998628254,-2.35111748594295));
#7109=CARTESIAN_POINT('',(0.226945929196328,0.0665503584057502,-2.3120384911013));
#7110=CARTESIAN_POINT('',(0.208567558405676,0.0583073627247563,-2.26716656612689));
#7111=CARTESIAN_POINT('',(0.208567558405677,0.0583073627247564,-2.26716656612689));
#7112=CARTESIAN_POINT('',(0.208567558405677,6.79147120856356,-2.26716656612689));
#7113=CARTESIAN_POINT('',(0.200578762667846,6.79147120856356,-2.24766142897044));
#7114=CARTESIAN_POINT('',(0.208567558405676,0.226692637275244,-2.26716656612689));
#7115=CARTESIAN_POINT('',(0.203241820743792,0.229081316502858,-2.25416344939148));
#7116=CARTESIAN_POINT('',(0.197915959196753,0.231468071338601,-2.24116003018284));
#7117=CARTESIAN_POINT('',(0.192589966930014,0.233852795616837,-2.22815629181399));
#7118=CARTESIAN_POINT('',(0.192589966930015,0.233852795616837,-2.22815629181399));
#7119=CARTESIAN_POINT('',(0.208567558405676,0.0583073627247564,-2.26716656612689));
#7120=CARTESIAN_POINT('',(0.203241820743792,0.0559186834971424,-2.25416344939148));
#7121=CARTESIAN_POINT('',(0.197915959196753,0.0535319286613989,-2.24116003018284));
#7122=CARTESIAN_POINT('',(0.192589966930014,0.0511472043831634,-2.22815629181399));
#7123=CARTESIAN_POINT('',(0.192589966930015,0.0511472043831635,-2.22815629181399));
#7124=CARTESIAN_POINT('',(0.192589966930015,6.79147120856356,-2.22815629181399));
#7125=CARTESIAN_POINT('',(-0.207867246367203,6.79147120856356,-2.39518720284088));
#7126=CARTESIAN_POINT('',(0.192589966930014,0.233852795616837,-2.22815629181399));
#7127=CARTESIAN_POINT('',(0.177519585037837,0.240482990085276,-2.19202499672158));
#7128=CARTESIAN_POINT('',(0.157894938668002,0.246710382369981,-2.1584870832652));
#7129=CARTESIAN_POINT('',(0.13366167591268,0.252467495626757,-2.12756190477175));
#7130=CARTESIAN_POINT('',(0.133661675912682,0.252467495626756,-2.12756190477175));
#7131=CARTESIAN_POINT('',(0.192589966930014,0.0511472043831635,-2.22815629181399));
#7132=CARTESIAN_POINT('',(0.177519585037837,0.0445170099147239,-2.19202499672158));
#7133=CARTESIAN_POINT('',(0.157894938668002,0.0382896176300187,-2.1584870832652));
#7134=CARTESIAN_POINT('',(0.13366167591268,0.0325325043732432,-2.12756190477175));
#7135=CARTESIAN_POINT('',(0.133661675912682,0.0325325043732433,-2.12756190477175));
#7136=CARTESIAN_POINT('',(0.133661675912682,6.79147120856356,-2.12756190477175));
#7137=CARTESIAN_POINT('',(-1.62630325872826E-17,6.79147120856356,-2.23096905320799));
#7138=CARTESIAN_POINT('',(0.133661675912682,0.252467495626757,-2.12756190477175));
#7139=CARTESIAN_POINT('',(0.102147866591851,0.260046125519,-2.08682788752137));
#7140=CARTESIAN_POINT('',(0.000326533903998371,0.269699138788939,-2.03712692130772));
#7141=CARTESIAN_POINT('',(-0.102145323691479,0.260046737050934,-2.08682460062747));
#7142=CARTESIAN_POINT('',(-0.133661675912682,0.252467495626757,-2.12756190477175));
#7143=CARTESIAN_POINT('',(-0.133661675912682,0.252467495626756,-2.12756190477175));
#7144=CARTESIAN_POINT('',(0.133661675912682,0.0325325043732431,-2.12756190477175));
#7145=CARTESIAN_POINT('',(0.102147866591851,0.0249538744810005,-2.08682788752137));
#7146=CARTESIAN_POINT('',(0.000326533903998339,0.0153008612110612,-2.03712692130772));
#7147=CARTESIAN_POINT('',(-0.102145323691479,0.0249532629490662,-2.08682460062747));
#7148=CARTESIAN_POINT('',(-0.133661675912682,0.0325325043732431,-2.12756190477175));
#7149=CARTESIAN_POINT('',(-0.133661675912682,0.0325325043732434,-2.12756190477175));
#7150=CARTESIAN_POINT('',(-0.133661675912682,6.79147120856356,-2.12756190477175));
#7151=CARTESIAN_POINT('',(-0.200578762667846,6.79147120856356,-2.24766142897044));
#7152=CARTESIAN_POINT('',(-0.208567558405677,6.79147120856356,-2.26716656612689));
#7153=CARTESIAN_POINT('',(-0.208567558405677,0.226692637275243,-2.26716656612689));
#7154=CARTESIAN_POINT('',(-0.208567558405677,0.0583073627247564,-2.26716656612689));
#7155=CARTESIAN_POINT('',(-0.208567558405676,0.226692637275244,-2.26716656612689));
#7156=CARTESIAN_POINT('',(-0.203241820743792,0.229081316502858,-2.25416344939148));
#7157=CARTESIAN_POINT('',(-0.197915959196753,0.231468071338601,-2.24116003018284));
#7158=CARTESIAN_POINT('',(-0.192589966930014,0.233852795616837,-2.22815629181399));
#7159=CARTESIAN_POINT('',(-0.192589966930015,0.233852795616837,-2.22815629181399));
#7160=CARTESIAN_POINT('',(-0.192589966930015,6.79147120856356,-2.22815629181399));
#7161=CARTESIAN_POINT('',(-0.192589966930015,0.0511472043831635,-2.22815629181399));
#7162=CARTESIAN_POINT('',(-0.208567558405676,0.0583073627247564,-2.26716656612689));
#7163=CARTESIAN_POINT('',(-0.203241820743792,0.0559186834971424,-2.25416344939148));
#7164=CARTESIAN_POINT('',(-0.197915959196753,0.0535319286613989,-2.24116003018284));
#7165=CARTESIAN_POINT('',(-0.192589966930014,0.0511472043831635,-2.22815629181399));
#7166=CARTESIAN_POINT('',(-0.457574656152715,6.79147120856356,-2.16517974977103));
#7167=CARTESIAN_POINT('',(-0.296086070751297,6.79147120856356,-2.38041748397174));
#7168=CARTESIAN_POINT('',(-0.296086070751307,0.205,-2.38041748397175));
#7169=CARTESIAN_POINT('',(-0.296086070751307,0.08,-2.38041748397175));
#7170=CARTESIAN_POINT('',(-0.296086070751306,0.205,-2.38041748397175));
#7171=CARTESIAN_POINT('',(-0.257033990555499,0.211026000137175,-2.35111748594295));
#7172=CARTESIAN_POINT('',(-0.226945929196328,0.21844964159425,-2.3120384911013));
#7173=CARTESIAN_POINT('',(-0.208567558405676,0.226692637275244,-2.26716656612689));
#7174=CARTESIAN_POINT('',(-0.296086070751306,0.0799999999999999,-2.38041748397175));
#7175=CARTESIAN_POINT('',(-0.257033990555499,0.0739739998628255,-2.35111748594295));
#7176=CARTESIAN_POINT('',(-0.226945929196328,0.0665503584057502,-2.3120384911013));
#7177=CARTESIAN_POINT('',(-0.208567558405676,0.0583073627247563,-2.26716656612689));
#7178=CARTESIAN_POINT('',(0.207867246367203,6.79147120856356,-2.39518720284088));
#7179=CARTESIAN_POINT('',(-0.192589966930014,0.233852795616837,-2.22815629181399));
#7180=CARTESIAN_POINT('',(-0.177519585037837,0.240482990085276,-2.19202499672158));
#7181=CARTESIAN_POINT('',(-0.157894938668002,0.246710382369981,-2.1584870832652));
#7182=CARTESIAN_POINT('',(-0.13366167591268,0.252467495626757,-2.12756190477175));
#7183=CARTESIAN_POINT('',(-0.192589966930014,0.0511472043831635,-2.22815629181399));
#7184=CARTESIAN_POINT('',(-0.177519585037837,0.0445170099147239,-2.19202499672158));
#7185=CARTESIAN_POINT('',(-0.157894938668002,0.0382896176300187,-2.1584870832652));
#7186=CARTESIAN_POINT('',(-0.13366167591268,0.0325325043732432,-2.12756190477175));
#7187=CARTESIAN_POINT('',(4.33680868994202E-17,0.2794,7.63278329429795E-15));
#7188=CARTESIAN_POINT('',(-5.4311885017963E-17,0.205,-1.85350083791461E-15));
#7189=CARTESIAN_POINT('',(-5.4311885017963E-17,0.08,-1.85350083791461E-15));
#7190=CARTESIAN_POINT('',(1.04904129440688,6.79147120856356,-1.94856107869395));
#7191=CARTESIAN_POINT('',(0.954733608580406,0.205,-2.20057676438209));
#7192=CARTESIAN_POINT('',(0.90900854174492,0.211026014228272,-2.18346582453825));
#7193=CARTESIAN_POINT('',(0.86912949715556,0.218449653277758,-2.15444657635508));
#7194=CARTESIAN_POINT('',(0.838853740274511,0.226692637275243,-2.11657011870865));
#7195=CARTESIAN_POINT('',(0.954733608580407,0.205,-2.20057676438209));
#7196=CARTESIAN_POINT('',(0.838853740274511,0.226692637275243,-2.11657011870865));
#7197=CARTESIAN_POINT('',(0.954733608580395,6.79147120856356,-2.20057676438209));
#7198=CARTESIAN_POINT('',(0.954733608580407,0.08,-2.20057676438209));
#7199=CARTESIAN_POINT('',(0.954733608580406,0.0799999999999997,-2.20057676438209));
#7200=CARTESIAN_POINT('',(0.90900854174492,0.0739739857717278,-2.18346582453825));
#7201=CARTESIAN_POINT('',(0.86912949715556,0.0665503467222422,-2.15444657635508));
#7202=CARTESIAN_POINT('',(0.838853740274511,0.0583073627247566,-2.11657011870865));
#7203=CARTESIAN_POINT('',(0.838853740274511,0.0583073627247565,-2.11657011870865));
#7204=CARTESIAN_POINT('',(0.838853740274511,6.79147120856356,-2.11657011870865));
#7205=CARTESIAN_POINT('',(0.825693314733791,6.79147120856356,-2.10010578050695));
#7206=CARTESIAN_POINT('',(0.838853740274511,0.226692637275243,-2.11657011870865));
#7207=CARTESIAN_POINT('',(0.830080331083844,0.229081316502858,-2.10559415325449));
#7208=CARTESIAN_POINT('',(0.821306717809684,0.231468071338601,-2.09461793248186));
#7209=CARTESIAN_POINT('',(0.812532889193069,0.233852795616837,-2.08364144230525));
#7210=CARTESIAN_POINT('',(0.81253288919307,0.233852795616837,-2.08364144230525));
#7211=CARTESIAN_POINT('',(0.838853740274511,0.0583073627247566,-2.11657011870865));
#7212=CARTESIAN_POINT('',(0.830080331083844,0.0559186834971424,-2.10559415325449));
#7213=CARTESIAN_POINT('',(0.821306717809684,0.0535319286613986,-2.09461793248186));
#7214=CARTESIAN_POINT('',(0.812532889193068,0.0511472043831631,-2.08364144230525));
#7215=CARTESIAN_POINT('',(0.81253288919307,0.0511472043831634,-2.08364144230525));
#7216=CARTESIAN_POINT('',(0.81253288919307,6.79147120856356,-2.08364144230525));
#7217=CARTESIAN_POINT('',(0.475355052436306,6.79147120856356,-2.3567282624198));
#7218=CARTESIAN_POINT('',(0.812532889193069,0.233852795616837,-2.08364144230525));
#7219=CARTESIAN_POINT('',(0.787893619970277,0.240482985117649,-2.05321955855296));
#7220=CARTESIAN_POINT('',(0.759615193141752,0.246710378039575,-2.02656906243113));
#7221=CARTESIAN_POINT('',(0.727650894149523,0.252467495626757,-2.00372385285178));
#7222=CARTESIAN_POINT('',(0.727650894149525,0.252467495626756,-2.00372385285178));
#7223=CARTESIAN_POINT('',(0.812532889193069,0.0511472043831631,-2.08364144230525));
#7224=CARTESIAN_POINT('',(0.787893619970277,0.0445170148823509,-2.05321955855296));
#7225=CARTESIAN_POINT('',(0.759615193141752,0.0382896219604255,-2.02656906243113));
#7226=CARTESIAN_POINT('',(0.727650894149523,0.0325325043732433,-2.00372385285178));
#7227=CARTESIAN_POINT('',(0.727650894149525,0.0325325043732433,-2.00372385285178));
#7228=CARTESIAN_POINT('',(0.727650894149525,6.79147120856356,-2.00372385285178));
#7229=CARTESIAN_POINT('',(0.628536615594392,6.79147120856356,-2.14059913090446));
#7230=CARTESIAN_POINT('',(0.727650894149524,0.252467495626757,-2.00372385285178));
#7231=CARTESIAN_POINT('',(0.685937495765803,0.260046129323121,-1.97351830042694));
#7232=CARTESIAN_POINT('',(0.57423829007989,0.269699130615089,-1.95451701587296));
#7233=CARTESIAN_POINT('',(0.489918741085369,0.260046749589849,-2.03107112532657));
#7234=CARTESIAN_POINT('',(0.47115601639001,0.252467495626756,-2.07903754426497));
#7235=CARTESIAN_POINT('',(0.471156016390011,0.252467495626756,-2.07903754426497));
#7236=CARTESIAN_POINT('',(0.727650894149524,0.0325325043732433,-2.00372385285178));
#7237=CARTESIAN_POINT('',(0.685937495765804,0.0249538706768796,-1.97351830042694));
#7238=CARTESIAN_POINT('',(0.57423829007989,0.0153008693849109,-1.95451701587296));
#7239=CARTESIAN_POINT('',(0.489918741085369,0.0249532504101509,-2.03107112532657));
#7240=CARTESIAN_POINT('',(0.47115601639001,0.0325325043732436,-2.07903754426496));
#7241=CARTESIAN_POINT('',(0.471156016390011,0.0325325043732434,-2.07903754426497));
#7242=CARTESIAN_POINT('',(0.471156016390011,6.79147120856356,-2.07903754426497));
#7243=CARTESIAN_POINT('',(0.440785487861615,6.79147120856356,-2.21312491581596));
#7244=CARTESIAN_POINT('',(0.438615526646155,6.79147120856356,-2.23409066171627));
#7245=CARTESIAN_POINT('',(0.438615526646155,0.226692637275243,-2.23409066171627));
#7246=CARTESIAN_POINT('',(0.438615526646155,0.0583073627247564,-2.23409066171627));
#7247=CARTESIAN_POINT('',(0.438615526646155,0.226692637275244,-2.23409066171627));
#7248=CARTESIAN_POINT('',(0.440062133187273,0.229081316502858,-2.220113828885));
#7249=CARTESIAN_POINT('',(0.441508773378768,0.231468071338601,-2.20613667093031));
#7250=CARTESIAN_POINT('',(0.442955449077075,0.233852795616837,-2.19215916991565));
#7251=CARTESIAN_POINT('',(0.442955449077075,0.233852795616837,-2.19215916991565));
#7252=CARTESIAN_POINT('',(0.442955449077075,6.79147120856356,-2.19215916991565));
#7253=CARTESIAN_POINT('',(0.442955449077075,0.0511472043831635,-2.19215916991565));
#7254=CARTESIAN_POINT('',(0.438615526646155,0.0583073627247565,-2.23409066171627));
#7255=CARTESIAN_POINT('',(0.440062133187274,0.0559186834971424,-2.220113828885));
#7256=CARTESIAN_POINT('',(0.441508773378768,0.0535319286613987,-2.20613667093031));
#7257=CARTESIAN_POINT('',(0.442955449077075,0.0511472043831631,-2.19215916991565));
#7258=CARTESIAN_POINT('',(0.170961959441678,6.79147120856356,-2.20638843434143));
#7259=CARTESIAN_POINT('',(0.386548599638407,6.79147120856356,-2.36741093589788));
#7260=CARTESIAN_POINT('',(0.386548599638398,0.205,-2.36741093589789));
#7261=CARTESIAN_POINT('',(0.386548599638398,0.08,-2.36741093589789));
#7262=CARTESIAN_POINT('',(0.386548599638398,0.205,-2.36741093589789));
#7263=CARTESIAN_POINT('',(0.415764030519218,0.211025999660302,-2.32829555435423));
#7264=CARTESIAN_POINT('',(0.433623488961895,0.218449637965532,-2.28232276506784));
#7265=CARTESIAN_POINT('',(0.438615526646156,0.226692637275244,-2.23409066171627));
#7266=CARTESIAN_POINT('',(0.386548599638398,0.0799999999999999,-2.36741093589789));
#7267=CARTESIAN_POINT('',(0.415764030519219,0.0739740003396978,-2.32829555435423));
#7268=CARTESIAN_POINT('',(0.433623488961895,0.0665503620344677,-2.28232276506784));
#7269=CARTESIAN_POINT('',(0.438615526646156,0.0583073627247565,-2.23409066171627));
#7270=CARTESIAN_POINT('',(0.874249377104156,6.79147120856356,-2.23960232081456));
#7271=CARTESIAN_POINT('',(0.442955449077074,0.233852795616837,-2.19215916991565));
#7272=CARTESIAN_POINT('',(0.447236010934887,0.240482987716932,-2.15324564282398));
#7273=CARTESIAN_POINT('',(0.456616995442339,0.246710380305388,-2.11553734790328));
#7274=CARTESIAN_POINT('',(0.47115601639001,0.252467495626757,-2.07903754426497));
#7275=CARTESIAN_POINT('',(0.442955449077074,0.051147204383163,-2.19215916991565));
#7276=CARTESIAN_POINT('',(0.447236010934887,0.0445170122830677,-2.15324564282398));
#7277=CARTESIAN_POINT('',(0.456616995442339,0.0382896196946121,-2.11553734790328));
#7278=CARTESIAN_POINT('',(0.47115601639001,0.0325325043732436,-2.07903754426497));
#7279=CARTESIAN_POINT('',(4.33680868994202E-17,0.2794,7.63278329429795E-15));
#7280=CARTESIAN_POINT('',(-5.4311885017963E-17,0.205,-1.85350083791461E-15));
#7281=CARTESIAN_POINT('',(-5.4311885017963E-17,0.08,-1.85350083791461E-15));
#7282=CARTESIAN_POINT('',(1.55552084587699,6.79147120856356,-1.57408157756004));
#7283=CARTESIAN_POINT('',(1.53603430746172,0.205,-1.84245840267614));
#7284=CARTESIAN_POINT('',(1.48734068619655,0.211026018199073,-1.83892281378559));
#7285=CARTESIAN_POINT('',(1.44090139863243,0.218449651116219,-1.82231428387378));
#7286=CARTESIAN_POINT('',(1.40118098096159,0.226692637275244,-1.79450174799982));
#7287=CARTESIAN_POINT('',(1.53603430746172,0.205,-1.84245840267614));
#7288=CARTESIAN_POINT('',(1.40118098096159,0.226692637275243,-1.79450174799982));
#7289=CARTESIAN_POINT('',(1.53603430746171,6.79147120856356,-1.84245840267614));
#7290=CARTESIAN_POINT('',(1.53603430746172,0.08,-1.84245840267614));
#7291=CARTESIAN_POINT('',(1.53603430746172,0.0799999999999998,-1.84245840267614));
#7292=CARTESIAN_POINT('',(1.48734068619655,0.0739739818009275,-1.83892281378559));
#7293=CARTESIAN_POINT('',(1.44090139863243,0.0665503488837807,-1.82231428387379));
#7294=CARTESIAN_POINT('',(1.40118098096159,0.0583073627247563,-1.79450174799982));
#7295=CARTESIAN_POINT('',(1.40118098096159,0.0583073627247565,-1.79450174799982));
#7296=CARTESIAN_POINT('',(1.40118098096159,6.79147120856356,-1.79450174799982));
#7297=CARTESIAN_POINT('',(1.38391510502723,6.79147120856356,-1.78241205151678));
#7298=CARTESIAN_POINT('',(1.40118098096159,0.226692637275244,-1.79450174799982));
#7299=CARTESIAN_POINT('',(1.3896706696773,0.229081316502858,-1.78644214127142));
#7300=CARTESIAN_POINT('',(1.3781600906448,0.231468071338601,-1.77838234706371));
#7301=CARTESIAN_POINT('',(1.36664922909286,0.233852795616837,-1.77032235503375));
#7302=CARTESIAN_POINT('',(1.36664922909286,0.233852795616837,-1.77032235503375));
#7303=CARTESIAN_POINT('',(1.40118098096159,0.0583073627247561,-1.79450174799982));
#7304=CARTESIAN_POINT('',(1.3896706696773,0.0559186834971422,-1.78644214127142));
#7305=CARTESIAN_POINT('',(1.3781600906448,0.0535319286613987,-1.77838234706371));
#7306=CARTESIAN_POINT('',(1.36664922909286,0.0511472043831634,-1.77032235503375));
#7307=CARTESIAN_POINT('',(1.36664922909286,0.0511472043831635,-1.77032235503375));
#7308=CARTESIAN_POINT('',(1.36664922909286,6.79147120856356,-1.77032235503375));
#7309=CARTESIAN_POINT('',(1.12006691193678,6.79147120856356,-2.12734121418013));
#7310=CARTESIAN_POINT('',(1.36664922909286,0.233852795616837,-1.77032235503375));
#7311=CARTESIAN_POINT('',(1.3344371980592,0.240482983109974,-1.74807446238299));
#7312=CARTESIAN_POINT('',(1.29979593532511,0.246710376289386,-1.73047044929382));
#7313=CARTESIAN_POINT('',(1.26269016444887,0.252467495626756,-1.71755601097836));
#7314=CARTESIAN_POINT('',(1.26269016444887,0.252467495626756,-1.71755601097835));
#7315=CARTESIAN_POINT('',(1.36664922909286,0.0511472043831635,-1.77032235503375));
#7316=CARTESIAN_POINT('',(1.3344371980592,0.0445170168900265,-1.74807446238299));
#7317=CARTESIAN_POINT('',(1.29979593532511,0.0382896237106146,-1.73047044929382));
#7318=CARTESIAN_POINT('',(1.26269016444887,0.0325325043732436,-1.71755601097836));
#7319=CARTESIAN_POINT('',(1.26269016444887,0.0325325043732434,-1.71755601097835));
#7320=CARTESIAN_POINT('',(1.26269016444887,6.79147120856356,-1.71755601097835));
#7321=CARTESIAN_POINT('',(1.20615293264451,6.79147120856356,-1.87681059764826));
#7322=CARTESIAN_POINT('',(1.26269016444887,0.252467495626757,-1.71755601097835));
#7323=CARTESIAN_POINT('',(1.21415640139728,0.260046154757422,-1.70032596021898));
#7324=CARTESIAN_POINT('',(1.10162871689103,0.26969911588438,-1.71356379275308));
#7325=CARTESIAN_POINT('',(1.04229245337527,0.26004675363653,-1.81077238669668));
#7326=CARTESIAN_POINT('',(1.03780345031751,0.252467495626757,-1.86208192643419));
#7327=CARTESIAN_POINT('',(1.03780345031751,0.252467495626756,-1.86208192643419));
#7328=CARTESIAN_POINT('',(1.26269016444887,0.0325325043732434,-1.71755601097835));
#7329=CARTESIAN_POINT('',(1.21415640139728,0.0249538452425778,-1.70032596021898));
#7330=CARTESIAN_POINT('',(1.10162871689103,0.0153008841156204,-1.71356379275308));
#7331=CARTESIAN_POINT('',(1.04229245337527,0.0249532463634706,-1.81077238669668));
#7332=CARTESIAN_POINT('',(1.03780345031751,0.032532504373243,-1.86208192643419));
#7333=CARTESIAN_POINT('',(1.03780345031751,0.0325325043732434,-1.86208192643419));
#7334=CARTESIAN_POINT('',(1.03780345031751,6.79147120856356,-1.86208192643419));
#7335=CARTESIAN_POINT('',(1.04643991961676,6.79147120856356,-1.99929418394274));
#7336=CARTESIAN_POINT('',(1.05026459027609,6.79147120856356,-2.02002201854215));
#7337=CARTESIAN_POINT('',(1.05026459027609,0.226692637275243,-2.02002201854215));
#7338=CARTESIAN_POINT('',(1.05026459027609,0.0583073627247565,-2.02002201854215));
#7339=CARTESIAN_POINT('',(1.05026459027609,0.226692637275244,-2.02002201854215));
#7340=CARTESIAN_POINT('',(1.04771487023778,0.229081316502858,-2.00620378948759));
#7341=CARTESIAN_POINT('',(1.04516509088892,0.231468071338601,-1.99238523899899));
#7342=CARTESIAN_POINT('',(1.04261524895743,0.233852795616837,-1.97856634934333));
#7343=CARTESIAN_POINT('',(1.04261524895743,0.233852795616837,-1.97856634934333));
#7344=CARTESIAN_POINT('',(1.04261524895743,6.79147120856356,-1.97856634934333));
#7345=CARTESIAN_POINT('',(1.04261524895743,0.0511472043831635,-1.97856634934333));
#7346=CARTESIAN_POINT('',(1.05026459027609,0.0583073627247559,-2.02002201854215));
#7347=CARTESIAN_POINT('',(1.04771487023778,0.0559186834971422,-2.00620378948759));
#7348=CARTESIAN_POINT('',(1.04516509088892,0.0535319286613988,-1.99238523899899));
#7349=CARTESIAN_POINT('',(1.04261524895743,0.0511472043831635,-1.97856634934333));
#7350=CARTESIAN_POINT('',(0.785648253832028,6.79147120856356,-2.06884864985877));
#7351=CARTESIAN_POINT('',(1.03786740137845,6.79147120856356,-2.16261083333253));
#7352=CARTESIAN_POINT('',(1.03786740137844,0.205,-2.16261083333254));
#7353=CARTESIAN_POINT('',(1.03786740137844,0.08,-2.16261083333254));
#7354=CARTESIAN_POINT('',(1.03786740137844,0.205,-2.16261083333255));
#7355=CARTESIAN_POINT('',(1.05487936084677,0.211026012154136,-2.11684886666081));
#7356=CARTESIAN_POINT('',(1.05906331626542,0.218449640520936,-2.06770678756856));
#7357=CARTESIAN_POINT('',(1.05026459027609,0.226692637275244,-2.02002201854215));
#7358=CARTESIAN_POINT('',(1.03786740137844,0.0799999999999998,-2.16261083333255));
#7359=CARTESIAN_POINT('',(1.05487936084677,0.0739739878458646,-2.11684886666081));
#7360=CARTESIAN_POINT('',(1.05906331626542,0.066550359479064,-2.06770678756856));
#7361=CARTESIAN_POINT('',(1.05026459027609,0.0583073627247561,-2.02002201854215));
#7362=CARTESIAN_POINT('',(1.46980502266937,6.79147120856356,-1.90257817818371));
#7363=CARTESIAN_POINT('',(1.04261524895743,0.233852795616837,-1.97856634934333));
#7364=CARTESIAN_POINT('',(1.03575921221572,0.240482986057598,-1.94002312952958));
#7365=CARTESIAN_POINT('',(1.03413654395689,0.246710378858887,-1.90119935693745));
#7366=CARTESIAN_POINT('',(1.03780345031751,0.252467495626757,-1.86208192643419));
#7367=CARTESIAN_POINT('',(1.04261524895743,0.0511472043831635,-1.97856634934333));
#7368=CARTESIAN_POINT('',(1.03575921221572,0.044517013942402,-1.94002312952958));
#7369=CARTESIAN_POINT('',(1.03413654395689,0.0382896211411128,-1.90119935693745));
#7370=CARTESIAN_POINT('',(1.03780345031751,0.0325325043732431,-1.86208192643419));
#7371=CARTESIAN_POINT('',(4.33680868994202E-17,0.2794,7.63278329429795E-15));
#7372=CARTESIAN_POINT('',(-5.4311885017963E-17,0.205,-1.85350083791461E-15));
#7373=CARTESIAN_POINT('',(-5.4311885017963E-17,0.08,-1.85350083791461E-15));
#7374=CARTESIAN_POINT('',(1.93598134945284,6.79147120856356,-1.07207934843581));
#7375=CARTESIAN_POINT('',(1.99289464190025,0.205,-1.3350750187074));
#7376=CARTESIAN_POINT('',(1.94517738565991,0.211026015455953,-1.34540121972961));
#7377=CARTESIAN_POINT('',(1.89594007620478,0.218449642867119,-1.34254893140801));
#7378=CARTESIAN_POINT('',(1.84999287171532,0.226692637275244,-1.32705351798087));
#7379=CARTESIAN_POINT('',(1.99289464190025,0.205,-1.3350750187074));
#7380=CARTESIAN_POINT('',(1.84999287171532,0.226692637275243,-1.32705351798087));
#7381=CARTESIAN_POINT('',(1.99289464190025,6.79147120856356,-1.33507501870741));
#7382=CARTESIAN_POINT('',(1.99289464190025,0.08,-1.3350750187074));
#7383=CARTESIAN_POINT('',(1.99289464190025,0.0799999999999995,-1.3350750187074));
#7384=CARTESIAN_POINT('',(1.94517738565991,0.0739739845440473,-1.34540121972961));
#7385=CARTESIAN_POINT('',(1.89594007620478,0.0665503571328806,-1.34254893140801));
#7386=CARTESIAN_POINT('',(1.84999287171532,0.0583073627247564,-1.32705351798087));
#7387=CARTESIAN_POINT('',(1.84999287171532,0.0583073627247565,-1.32705351798087));
#7388=CARTESIAN_POINT('',(1.84999287171532,6.79147120856356,-1.32705351798087));
#7389=CARTESIAN_POINT('',(1.83002032397139,6.79147120856356,-1.32031789852536));
#7390=CARTESIAN_POINT('',(1.84999287171532,0.226692637275244,-1.32705351798087));
#7391=CARTESIAN_POINT('',(1.8366781553032,0.229081316502858,-1.32256321138304));
#7392=CARTESIAN_POINT('',(1.82336312916953,0.231468071338601,-1.31807280033351));
#7393=CARTESIAN_POINT('',(1.81004777622747,0.233852795616837,-1.31358227906985));
#7394=CARTESIAN_POINT('',(1.81004777622747,0.233852795616837,-1.31358227906985));
#7395=CARTESIAN_POINT('',(1.84999287171532,0.0583073627247564,-1.32705351798087));
#7396=CARTESIAN_POINT('',(1.8366781553032,0.0559186834971425,-1.32256321138304));
#7397=CARTESIAN_POINT('',(1.82336312916953,0.0535319286613989,-1.31807280033351));
#7398=CARTESIAN_POINT('',(1.81004777622747,0.0511472043831636,-1.31358227906985));
#7399=CARTESIAN_POINT('',(1.81004777622747,0.0511472043831636,-1.31358227906985));
#7400=CARTESIAN_POINT('',(1.81004777622747,6.79147120856356,-1.31358227906985));
#7401=CARTESIAN_POINT('',(1.67403761152655,6.79147120856356,-1.72560963255294));
#7402=CARTESIAN_POINT('',(1.81004777622747,0.233852795616837,-1.31358227906985));
#7403=CARTESIAN_POINT('',(1.77287259119278,0.240482985234335,-1.301310756326));
#7404=CARTESIAN_POINT('',(1.73467491867285,0.246710378141228,-1.29417940429051));
#7405=CARTESIAN_POINT('',(1.69543378713212,0.252467495626757,-1.29224199579437));
#7406=CARTESIAN_POINT('',(1.69543378713212,0.252467495626756,-1.29224199579437));
#7407=CARTESIAN_POINT('',(1.81004777622747,0.0511472043831636,-1.31358227906985));
#7408=CARTESIAN_POINT('',(1.77287259119278,0.0445170147656651,-1.301310756326));
#7409=CARTESIAN_POINT('',(1.73467491867285,0.038289621858772,-1.29417940429051));
#7410=CARTESIAN_POINT('',(1.69543378713212,0.0325325043732431,-1.29224199579437));
#7411=CARTESIAN_POINT('',(1.69543378713212,0.0325325043732435,-1.29224199579437));
#7412=CARTESIAN_POINT('',(1.69543378713212,6.79147120856356,-1.29224199579437));
#7413=CARTESIAN_POINT('',(1.68605391235946,6.79147120856356,-1.46097403159301));
#7414=CARTESIAN_POINT('',(1.69543378713212,0.252467495626757,-1.29224199579437));
#7415=CARTESIAN_POINT('',(1.6440116561461,0.260046163615048,-1.28938342097241));
#7416=CARTESIAN_POINT('',(1.53977173625035,0.269699112098989,-1.33378775854864));
#7417=CARTESIAN_POINT('',(1.51022582153854,0.260046752358206,-1.44377567250134));
#7418=CARTESIAN_POINT('',(1.52037422075505,0.252467495626757,-1.49427150515134));
#7419=CARTESIAN_POINT('',(1.52037422075505,0.252467495626756,-1.49427150515134));
#7420=CARTESIAN_POINT('',(1.69543378713212,0.032532504373243,-1.29224199579437));
#7421=CARTESIAN_POINT('',(1.6440116561461,0.0249538363849525,-1.28938342097241));
#7422=CARTESIAN_POINT('',(1.53977173625035,0.0153008879010115,-1.33378775854864));
#7423=CARTESIAN_POINT('',(1.51022582153854,0.0249532476417937,-1.44377567250134));
#7424=CARTESIAN_POINT('',(1.52037422075505,0.0325325043732432,-1.49427150515134));
#7425=CARTESIAN_POINT('',(1.52037422075505,0.0325325043732434,-1.49427150515134));
#7426=CARTESIAN_POINT('',(1.52037422075505,6.79147120856356,-1.49427150515134));
#7427=CARTESIAN_POINT('',(1.56731801250239,6.79147120856356,-1.62349252754681));
#7428=CARTESIAN_POINT('',(1.57682746296589,6.79147120856356,-1.64230320495926));
#7429=CARTESIAN_POINT('',(1.57682746296589,0.226692637275243,-1.64230320495926));
#7430=CARTESIAN_POINT('',(1.57682746296589,0.0583073627247565,-1.64230320495926));
#7431=CARTESIAN_POINT('',(1.57682746296589,0.226692637275243,-1.64230320495926));
#7432=CARTESIAN_POINT('',(1.57048797950189,0.229081316502857,-1.62976305041925));
#7433=CARTESIAN_POINT('',(1.56414834857139,0.231468071338601,-1.61722260417523));
#7434=CARTESIAN_POINT('',(1.5578085620389,0.233852795616837,-1.60468185013437));
#7435=CARTESIAN_POINT('',(1.55780856203889,0.233852795616837,-1.60468185013437));
#7436=CARTESIAN_POINT('',(1.55780856203889,6.79147120856356,-1.60468185013437));
#7437=CARTESIAN_POINT('',(1.55780856203889,0.0511472043831635,-1.60468185013437));
#7438=CARTESIAN_POINT('',(1.57682746296589,0.0583073627247566,-1.64230320495926));
#7439=CARTESIAN_POINT('',(1.57048797950189,0.0559186834971426,-1.62976305041925));
#7440=CARTESIAN_POINT('',(1.56414834857139,0.0535319286613991,-1.61722260417523));
#7441=CARTESIAN_POINT('',(1.5578085620389,0.0511472043831636,-1.60468185013437));
#7442=CARTESIAN_POINT('',(1.33668599912698,6.79147120856356,-1.76370305168123));
#7443=CARTESIAN_POINT('',(1.60510435869391,6.79147120856356,-1.78260886259244));
#7444=CARTESIAN_POINT('',(1.60510435869391,0.205,-1.78260886259245));
#7445=CARTESIAN_POINT('',(1.60510435869391,0.08,-1.78260886259245));
#7446=CARTESIAN_POINT('',(1.6051043586939,0.205,-1.78260886259245));
#7447=CARTESIAN_POINT('',(1.60853458137953,0.211026017397779,-1.7339077118961));
#7448=CARTESIAN_POINT('',(1.59870411540926,0.218449646255873,-1.68557748811119));
#7449=CARTESIAN_POINT('',(1.57682746296589,0.226692637275243,-1.64230320495926));
#7450=CARTESIAN_POINT('',(1.6051043586939,0.0799999999999997,-1.78260886259245));
#7451=CARTESIAN_POINT('',(1.60853458137953,0.0739739826022213,-1.7339077118961));
#7452=CARTESIAN_POINT('',(1.59870411540926,0.0665503537441274,-1.68557748811119));
#7453=CARTESIAN_POINT('',(1.57682746296589,0.0583073627247566,-1.64230320495926));
#7454=CARTESIAN_POINT('',(1.94628580656497,6.79147120856356,-1.41141846662452));
#7455=CARTESIAN_POINT('',(1.5578085620389,0.233852795616837,-1.60468185013437));
#7456=CARTESIAN_POINT('',(1.5403713677294,0.240482984294065,-1.56963147962653));
#7457=CARTESIAN_POINT('',(1.5278765055832,0.246710377321576,-1.53283750206794));
#7458=CARTESIAN_POINT('',(1.52037422075505,0.252467495626757,-1.49427150515134));
#7459=CARTESIAN_POINT('',(1.5578085620389,0.0511472043831636,-1.60468185013437));
#7460=CARTESIAN_POINT('',(1.5403713677294,0.0445170157059354,-1.56963147962653));
#7461=CARTESIAN_POINT('',(1.5278765055832,0.0382896226784238,-1.53283750206794));
#7462=CARTESIAN_POINT('',(1.52037422075505,0.0325325043732434,-1.49427150515134));
#7463=CARTESIAN_POINT('',(4.33680868994202E-17,0.2794,7.63278329429795E-15));
#7464=CARTESIAN_POINT('',(-5.4311885017963E-17,0.205,-1.85350083791461E-15));
#7465=CARTESIAN_POINT('',(-5.4311885017963E-17,0.08,-1.85350083791461E-15));
#7466=CARTESIAN_POINT('',(2.15960015782042,6.79147120856356,-0.483223626402699));
#7467=CARTESIAN_POINT('',(2.28830250465283,0.205,-0.71953179671985));
#7468=CARTESIAN_POINT('',(2.24542741896767,0.21102600711005,-0.742883186309619));
#7469=CARTESIAN_POINT('',(2.19738094766983,0.218449638949587,-0.75401822204621));
#7470=CARTESIAN_POINT('',(2.14892934233392,0.226692637275244,-0.752095304226269));
#7471=CARTESIAN_POINT('',(2.28830250465283,0.205,-0.71953179671985));
#7472=CARTESIAN_POINT('',(2.14892934233392,0.226692637275243,-0.752095304226269));
#7473=CARTESIAN_POINT('',(2.28830250465283,6.79147120856356,-0.719531796719858));
#7474=CARTESIAN_POINT('',(2.28830250465283,0.08,-0.71953179671985));
#7475=CARTESIAN_POINT('',(2.28830250465283,0.0799999999999996,-0.71953179671985));
#7476=CARTESIAN_POINT('',(2.24542741896767,0.0739739928899503,-0.742883186309619));
#7477=CARTESIAN_POINT('',(2.19738094766983,0.0665503610504125,-0.75401822204621));
#7478=CARTESIAN_POINT('',(2.14892934233392,0.0583073627247564,-0.752095304226269));
#7479=CARTESIAN_POINT('',(2.14892934233392,0.0583073627247567,-0.752095304226269));
#7480=CARTESIAN_POINT('',(2.14892934233392,6.79147120856356,-0.752095304226269));
#7481=CARTESIAN_POINT('',(2.12786817981734,6.79147120856356,-0.7512594416283));
#7482=CARTESIAN_POINT('',(2.14892934233392,0.226692637275244,-0.752095304226269));
#7483=CARTESIAN_POINT('',(2.13488889993201,0.229081316502858,-0.751538075694679));
#7484=CARTESIAN_POINT('',(2.12084813092701,0.231468071338601,-0.750980834201065));
#7485=CARTESIAN_POINT('',(2.10680701730075,0.233852795616837,-0.750423579030331));
#7486=CARTESIAN_POINT('',(2.10680701730075,0.233852795616837,-0.750423579030331));
#7487=CARTESIAN_POINT('',(2.14892934233392,0.0583073627247564,-0.752095304226269));
#7488=CARTESIAN_POINT('',(2.13488889993201,0.0559186834971426,-0.751538075694679));
#7489=CARTESIAN_POINT('',(2.12084813092701,0.053531928661399,-0.750980834201065));
#7490=CARTESIAN_POINT('',(2.10680701730075,0.0511472043831636,-0.750423579030331));
#7491=CARTESIAN_POINT('',(2.10680701730075,0.0511472043831637,-0.750423579030331));
#7492=CARTESIAN_POINT('',(2.10680701730075,6.79147120856356,-0.750423579030331));
#7493=CARTESIAN_POINT('',(2.09238773971545,6.79147120856356,-1.18407942109194));
#7494=CARTESIAN_POINT('',(2.10680701730075,0.233852795616836,-0.750423579030332));
#7495=CARTESIAN_POINT('',(2.06768039141542,0.240482986856485,-0.749122598794635));
#7496=CARTESIAN_POINT('',(2.02902085917206,0.246710379555303,-0.753041647145819));
#7497=CARTESIAN_POINT('',(1.99082344751491,0.252467495626757,-0.762238219370193));
#7498=CARTESIAN_POINT('',(1.99082344751491,0.252467495626756,-0.762238219370193));
#7499=CARTESIAN_POINT('',(2.10680701730075,0.0511472043831637,-0.750423579030332));
#7500=CARTESIAN_POINT('',(2.06768039141542,0.0445170131435151,-0.749122598794635));
#7501=CARTESIAN_POINT('',(2.02902085917206,0.0382896204446975,-0.753041647145819));
#7502=CARTESIAN_POINT('',(1.99082344751491,0.0325325043732436,-0.762238219370193));
#7503=CARTESIAN_POINT('',(1.99082344751491,0.0325325043732436,-0.762238219370193));
#7504=CARTESIAN_POINT('',(1.99082344751491,6.79147120856356,-0.762238219370193));
#7505=CARTESIAN_POINT('',(2.02936083144377,6.79147120856356,-0.926778038245206));
#7506=CARTESIAN_POINT('',(1.99082344751491,0.252467495626757,-0.762238219370193));
#7507=CARTESIAN_POINT('',(1.9406789433451,0.260046160170182,-0.77398272001646));
#7508=CARTESIAN_POINT('',(1.85317157287641,0.269699117419141,-0.845956139283753));
#7509=CARTESIAN_POINT('',(1.8558096988018,0.260046745164341,-0.959812874403611));
#7510=CARTESIAN_POINT('',(1.87977331384067,0.252467495626757,-1.00540409329596));
#7511=CARTESIAN_POINT('',(1.87977331384067,0.252467495626756,-1.00540409329596));
#7512=CARTESIAN_POINT('',(1.99082344751491,0.0325325043732436,-0.762238219370193));
#7513=CARTESIAN_POINT('',(1.9406789433451,0.0249538398298185,-0.77398272001646));
#7514=CARTESIAN_POINT('',(1.85317157287641,0.0153008825808587,-0.845956139283753));
#7515=CARTESIAN_POINT('',(1.8558096988018,0.0249532548356596,-0.95981287440361));
#7516=CARTESIAN_POINT('',(1.87977331384067,0.0325325043732434,-1.00540409329596));
#7517=CARTESIAN_POINT('',(1.87977331384067,0.0325325043732435,-1.00540409329596));
#7518=CARTESIAN_POINT('',(1.87977331384067,6.79147120856356,-1.00540409329596));
#7519=CARTESIAN_POINT('',(1.9612213212142,6.79147120856356,-1.11616516185089));
#7520=CARTESIAN_POINT('',(1.97564515236019,6.79147120856356,-1.13153475286382));
#7521=CARTESIAN_POINT('',(1.97564515236019,0.226692637275243,-1.13153475286382));
#7522=CARTESIAN_POINT('',(1.97564515236019,0.0583073627247565,-1.13153475286382));
#7523=CARTESIAN_POINT('',(1.97564515236019,0.226692637275244,-1.13153475286382));
#7524=CARTESIAN_POINT('',(1.96602949271839,0.229081316502858,-1.12128860158));
#7525=CARTESIAN_POINT('',(1.956413609401,0.231468071338601,-1.11104221195436));
#7526=CARTESIAN_POINT('',(1.94679749006821,0.233852795616837,-1.10079557083795));
#7527=CARTESIAN_POINT('',(1.94679749006822,0.233852795616837,-1.10079557083795));
#7528=CARTESIAN_POINT('',(1.94679749006822,6.79147120856356,-1.10079557083795));
#7529=CARTESIAN_POINT('',(1.94679749006822,0.0511472043831636,-1.10079557083795));
#7530=CARTESIAN_POINT('',(1.97564515236019,0.0583073627247565,-1.13153475286382));
#7531=CARTESIAN_POINT('',(1.96602949271839,0.0559186834971424,-1.12128860158));
#7532=CARTESIAN_POINT('',(1.956413609401,0.0535319286613988,-1.11104221195436));
#7533=CARTESIAN_POINT('',(1.94679749006821,0.0511472043831635,-1.10079557083795));
#7534=CARTESIAN_POINT('',(1.7794333943504,6.79147120856356,-1.3156727214024));
#7535=CARTESIAN_POINT('',(2.04230530679117,6.79147120856356,-1.25819052338822));
#7536=CARTESIAN_POINT('',(2.04230530679117,0.205,-1.25819052338823));
#7537=CARTESIAN_POINT('',(2.04230530679117,0.08,-1.25819052338823));
#7538=CARTESIAN_POINT('',(2.04230530679117,0.205,-1.25819052338823));
#7539=CARTESIAN_POINT('',(2.0318758806369,0.211026017982651,-1.21049570145123));
#7540=CARTESIAN_POINT('',(2.00882737306294,0.218449658189939,-1.16689270706755));
#7541=CARTESIAN_POINT('',(1.97564515236019,0.226692637275243,-1.13153475286382));
#7542=CARTESIAN_POINT('',(2.04230530679117,0.0799999999999999,-1.25819052338823));
#7543=CARTESIAN_POINT('',(2.0318758806369,0.0739739820173495,-1.21049570145123));
#7544=CARTESIAN_POINT('',(2.00882737306294,0.0665503418100609,-1.16689270706755));
#7545=CARTESIAN_POINT('',(1.97564515236019,0.0583073627247566,-1.13153475286382));
#7546=CARTESIAN_POINT('',(2.26509008942005,6.79147120856356,-0.805914024928245));
#7547=CARTESIAN_POINT('',(1.94679749006822,0.233852795616836,-1.10079557083795));
#7548=CARTESIAN_POINT('',(1.92019180546739,0.240482981473073,-1.07207762416887));
#7549=CARTESIAN_POINT('',(1.89783700805352,0.246710374862476,-1.0402942733741));
#7550=CARTESIAN_POINT('',(1.87977331384067,0.252467495626757,-1.00540409329596));
#7551=CARTESIAN_POINT('',(1.94679749006822,0.0511472043831637,-1.10079557083795));
#7552=CARTESIAN_POINT('',(1.92019180546739,0.044517018526927,-1.07207762416887));
#7553=CARTESIAN_POINT('',(1.89783700805352,0.038289625137524,-1.0402942733741));
#7554=CARTESIAN_POINT('',(1.87977331384067,0.0325325043732434,-1.00540409329596));
#7555=CARTESIAN_POINT('',(4.33680868994202E-17,0.2794,7.63278329429795E-15));
#7556=CARTESIAN_POINT('',(-5.4311885017963E-17,0.205,-1.85350083791461E-15));
#7557=CARTESIAN_POINT('',(-5.4311885017963E-17,0.08,-1.85350083791461E-15));
#7558=CARTESIAN_POINT('',(2.20826100503808,6.79147120856356,0.144779999999997));
#7559=CARTESIAN_POINT('',(2.39832570753744,0.205,-0.0456963877824217));
#7560=CARTESIAN_POINT('',(2.36376631685379,0.21102598861338,-0.0801810836826307));
#7561=CARTESIAN_POINT('',(2.32080307008877,0.218449637399673,-0.10440143106923));
#7562=CARTESIAN_POINT('',(2.27377233781152,0.226692637275243,-0.116206801806256));
#7563=CARTESIAN_POINT('',(2.39832570753744,0.205,-0.0456963877824214));
#7564=CARTESIAN_POINT('',(2.27377233781152,0.226692637275243,-0.116206801806255));
#7565=CARTESIAN_POINT('',(2.39832570753743,6.79147120856356,-0.0456963877824307));
#7566=CARTESIAN_POINT('',(2.39832570753744,0.08,-0.0456963877824214));
#7567=CARTESIAN_POINT('',(2.39832570753744,0.0800000000000001,-0.0456963877824217));
#7568=CARTESIAN_POINT('',(2.36376631685379,0.07397401138662,-0.0801810836826307));
#7569=CARTESIAN_POINT('',(2.32080307008877,0.0665503626003275,-0.10440143106923));
#7570=CARTESIAN_POINT('',(2.27377233781152,0.0583073627247567,-0.116206801806256));
#7571=CARTESIAN_POINT('',(2.27377233781152,0.0583073627247566,-0.116206801806255));
#7572=CARTESIAN_POINT('',(2.27377233781152,6.79147120856356,-0.116206801806255));
#7573=CARTESIAN_POINT('',(2.25332881065381,6.79147120856356,-0.121338412682448));
#7574=CARTESIAN_POINT('',(2.27377233781152,0.226692637275243,-0.116206801806255));
#7575=CARTESIAN_POINT('',(2.2601436425615,0.229081316502857,-0.119627794682572));
#7576=CARTESIAN_POINT('',(2.24651463028628,0.231468071338601,-0.123048867136641));
#7577=CARTESIAN_POINT('',(2.23288528349609,0.233852795616836,-0.12647002355864));
#7578=CARTESIAN_POINT('',(2.2328852834961,0.233852795616837,-0.126470023558641));
#7579=CARTESIAN_POINT('',(2.27377233781152,0.0583073627247567,-0.116206801806255));
#7580=CARTESIAN_POINT('',(2.2601436425615,0.0559186834971429,-0.119627794682572));
#7581=CARTESIAN_POINT('',(2.24651463028628,0.0535319286613993,-0.123048867136641));
#7582=CARTESIAN_POINT('',(2.23288528349609,0.0511472043831639,-0.12647002355864));
#7583=CARTESIAN_POINT('',(2.2328852834961,0.0511472043831638,-0.126470023558641));
#7584=CARTESIAN_POINT('',(2.2328852834961,6.79147120856356,-0.126470023558641));
#7585=CARTESIAN_POINT('',(2.34122505714165,6.79147120856356,-0.546622136925545));
#7586=CARTESIAN_POINT('',(2.23288528349609,0.233852795616836,-0.126470023558641));
#7587=CARTESIAN_POINT('',(2.19497702160923,0.240482988741996,-0.136244989294759));
#7588=CARTESIAN_POINT('',(2.15898759662729,0.246710381198981,-0.150896940328097));
#7589=CARTESIAN_POINT('',(2.12492843206297,0.252467495626756,-0.170482435617881));
#7590=CARTESIAN_POINT('',(2.12492843206297,0.252467495626756,-0.170482435617881));
#7591=CARTESIAN_POINT('',(2.23288528349609,0.0511472043831639,-0.126470023558641));
#7592=CARTESIAN_POINT('',(2.19497702160923,0.0445170112580046,-0.136244989294759));
#7593=CARTESIAN_POINT('',(2.15898759662729,0.0382896188010193,-0.150896940328097));
#7594=CARTESIAN_POINT('',(2.12492843206297,0.0325325043732438,-0.170482435617881));
#7595=CARTESIAN_POINT('',(2.12492843206297,0.0325325043732436,-0.170482435617881));
#7596=CARTESIAN_POINT('',(2.12492843206297,6.79147120856356,-0.170482435617881));
#7597=CARTESIAN_POINT('',(2.20826100503808,6.79147120856356,-0.3175));
#7598=CARTESIAN_POINT('',(2.12492843206297,0.252467495626756,-0.170482435617882));
#7599=CARTESIAN_POINT('',(2.08012404317173,0.260046142861235,-0.195878482835613));
#7600=CARTESIAN_POINT('',(2.01643839943334,0.269699134575099,-0.289590182353173));
#7601=CARTESIAN_POINT('',(2.05104698197735,0.260046728157119,-0.398091780530012));
#7602=CARTESIAN_POINT('',(2.08688435248127,0.252467495626756,-0.435084821170107));
#7603=CARTESIAN_POINT('',(2.08688435248127,0.252467495626756,-0.435084821170107));
#7604=CARTESIAN_POINT('',(2.12492843206297,0.0325325043732439,-0.170482435617882));
#7605=CARTESIAN_POINT('',(2.08012404317173,0.0249538571387648,-0.195878482835613));
#7606=CARTESIAN_POINT('',(2.01643839943334,0.0153008654249016,-0.289590182353173));
#7607=CARTESIAN_POINT('',(2.05104698197735,0.0249532718428811,-0.398091780530012));
#7608=CARTESIAN_POINT('',(2.08688435248127,0.0325325043732437,-0.435084821170107));
#7609=CARTESIAN_POINT('',(2.08688435248127,0.0325325043732436,-0.435084821170107));
#7610=CARTESIAN_POINT('',(2.08688435248127,6.79147120856356,-0.435084821170107));
#7611=CARTESIAN_POINT('',(2.19623814231355,6.79147120856356,-0.518412732831609));
#7612=CARTESIAN_POINT('',(2.2144078211244,6.79147120856356,-0.52909608458764));
#7613=CARTESIAN_POINT('',(2.2144078211244,0.226692637275243,-0.52909608458764));
#7614=CARTESIAN_POINT('',(2.2144078211244,0.0583073627247567,-0.52909608458764));
#7615=CARTESIAN_POINT('',(2.2144078211244,0.226692637275243,-0.529096084587641));
#7616=CARTESIAN_POINT('',(2.20229498886245,0.229081316502857,-0.521974018800827));
#7617=CARTESIAN_POINT('',(2.1901818748367,0.231468071338601,-0.514851787343401));
#7618=CARTESIAN_POINT('',(2.17806846350269,0.233852795616836,-0.50772938107558));
#7619=CARTESIAN_POINT('',(2.17806846350269,0.233852795616837,-0.507729381075579));
#7620=CARTESIAN_POINT('',(2.17806846350269,6.79147120856356,-0.507729381075579));
#7621=CARTESIAN_POINT('',(2.17806846350269,0.0511472043831637,-0.507729381075579));
#7622=CARTESIAN_POINT('',(2.2144078211244,0.0583073627247568,-0.529096084587641));
#7623=CARTESIAN_POINT('',(2.20229498886245,0.0559186834971429,-0.521974018800827));
#7624=CARTESIAN_POINT('',(2.1901818748367,0.0535319286613993,-0.514851787343401));
#7625=CARTESIAN_POINT('',(2.17806846350269,0.0511472043831639,-0.50772938107558));
#7626=CARTESIAN_POINT('',(2.07802167866142,6.79147120856356,-0.761054411842507));
#7627=CARTESIAN_POINT('',(2.31405082498955,6.79147120856356,-0.631841070726247));
#7628=CARTESIAN_POINT('',(2.31405082498955,0.205,-0.631841070726256));
#7629=CARTESIAN_POINT('',(2.31405082498955,0.08,-0.631841070726256));
#7630=CARTESIAN_POINT('',(2.31405082498955,0.205,-0.631841070726256));
#7631=CARTESIAN_POINT('',(2.29060671737277,0.211026008310472,-0.589016601833107));
#7632=CARTESIAN_POINT('',(2.2562074740643,0.21844964665672,-0.553673315714591));
#7633=CARTESIAN_POINT('',(2.21440782112441,0.226692637275243,-0.529096084587639));
#7634=CARTESIAN_POINT('',(2.31405082498955,0.0799999999999999,-0.631841070726256));
#7635=CARTESIAN_POINT('',(2.29060671737277,0.0739739916895278,-0.589016601833107));
#7636=CARTESIAN_POINT('',(2.2562074740643,0.0665503533432804,-0.553673315714591));
#7637=CARTESIAN_POINT('',(2.21440782112441,0.0583073627247568,-0.529096084587639));
#7638=CARTESIAN_POINT('',(2.40039024423977,6.79147120856356,-0.135119221887537));
#7639=CARTESIAN_POINT('',(2.17806846350269,0.233852795616836,-0.50772938107558));
#7640=CARTESIAN_POINT('',(2.14444966850746,0.240482990746255,-0.487670372523961));
#7641=CARTESIAN_POINT('',(2.11404600165965,0.246710382946203,-0.463472533186639));
#7642=CARTESIAN_POINT('',(2.08688435248127,0.252467495626757,-0.435084821170109));
#7643=CARTESIAN_POINT('',(2.17806846350269,0.0511472043831638,-0.50772938107558));
#7644=CARTESIAN_POINT('',(2.14444966850746,0.044517009253745,-0.487670372523961));
#7645=CARTESIAN_POINT('',(2.11404600165965,0.038289617053797,-0.463472533186639));
#7646=CARTESIAN_POINT('',(2.08688435248127,0.0325325043732435,-0.435084821170109));
#7647=CARTESIAN_POINT('',(4.33680868994202E-17,0.2794,7.63278329429795E-15));
#7648=CARTESIAN_POINT('',(-5.4311885017963E-17,0.205,-1.85350083791461E-15));
#7649=CARTESIAN_POINT('',(-5.4311885017963E-17,0.08,-1.85350083791461E-15));
#7650=CARTESIAN_POINT('',(2.07802167866142,6.79147120856356,0.761054411842507));
#7651=CARTESIAN_POINT('',(2.31405082498955,0.205,0.631841070726255));
#7652=CARTESIAN_POINT('',(2.29060671737277,0.211026008310472,0.589016601833106));
#7653=CARTESIAN_POINT('',(2.2562074740643,0.21844964665672,0.553673315714591));
#7654=CARTESIAN_POINT('',(2.21440782112441,0.226692637275243,0.529096084587639));
#7655=CARTESIAN_POINT('',(2.31405082498955,0.205,0.631841070726255));
#7656=CARTESIAN_POINT('',(2.2144078211244,0.226692637275243,0.52909608458764));
#7657=CARTESIAN_POINT('',(2.31405082498955,6.79147120856356,0.631841070726246));
#7658=CARTESIAN_POINT('',(2.31405082498955,0.08,0.631841070726255));
#7659=CARTESIAN_POINT('',(2.31405082498955,0.08,0.631841070726255));
#7660=CARTESIAN_POINT('',(2.29060671737277,0.0739739916895279,0.589016601833107));
#7661=CARTESIAN_POINT('',(2.2562074740643,0.0665503533432805,0.553673315714591));
#7662=CARTESIAN_POINT('',(2.21440782112441,0.058307362724757,0.529096084587639));
#7663=CARTESIAN_POINT('',(2.2144078211244,0.0583073627247569,0.52909608458764));
#7664=CARTESIAN_POINT('',(2.2144078211244,6.79147120856356,0.52909608458764));
#7665=CARTESIAN_POINT('',(2.19623814231355,6.79147120856356,0.518412732831609));
#7666=CARTESIAN_POINT('',(2.2144078211244,0.226692637275243,0.529096084587641));
#7667=CARTESIAN_POINT('',(2.20229498886245,0.229081316502857,0.521974018800827));
#7668=CARTESIAN_POINT('',(2.1901818748367,0.231468071338601,0.514851787343401));
#7669=CARTESIAN_POINT('',(2.17806846350269,0.233852795616836,0.507729381075579));
#7670=CARTESIAN_POINT('',(2.17806846350269,0.233852795616837,0.507729381075578));
#7671=CARTESIAN_POINT('',(2.2144078211244,0.0583073627247569,0.529096084587641));
#7672=CARTESIAN_POINT('',(2.20229498886245,0.0559186834971429,0.521974018800827));
#7673=CARTESIAN_POINT('',(2.1901818748367,0.0535319286613993,0.514851787343401));
#7674=CARTESIAN_POINT('',(2.17806846350269,0.0511472043831639,0.507729381075579));
#7675=CARTESIAN_POINT('',(2.17806846350269,0.0511472043831638,0.507729381075578));
#7676=CARTESIAN_POINT('',(2.17806846350269,6.79147120856356,0.507729381075578));
#7677=CARTESIAN_POINT('',(2.40039024423977,6.79147120856356,0.135119221887536));
#7678=CARTESIAN_POINT('',(2.17806846350269,0.233852795616836,0.507729381075578));
#7679=CARTESIAN_POINT('',(2.14444966850747,0.240482990746255,0.487670372523959));
#7680=CARTESIAN_POINT('',(2.11404600165965,0.246710382946203,0.463472533186636));
#7681=CARTESIAN_POINT('',(2.08688435248127,0.252467495626756,0.435084821170106));
#7682=CARTESIAN_POINT('',(2.08688435248127,0.252467495626756,0.435084821170107));
#7683=CARTESIAN_POINT('',(2.17806846350269,0.0511472043831641,0.507729381075578));
#7684=CARTESIAN_POINT('',(2.14444966850747,0.0445170092537453,0.487670372523959));
#7685=CARTESIAN_POINT('',(2.11404600165965,0.0382896170537974,0.463472533186636));
#7686=CARTESIAN_POINT('',(2.08688435248127,0.0325325043732439,0.435084821170106));
#7687=CARTESIAN_POINT('',(2.08688435248127,0.0325325043732438,0.435084821170107));
#7688=CARTESIAN_POINT('',(2.08688435248127,6.79147120856356,0.435084821170107));
#7689=CARTESIAN_POINT('',(2.20826100503808,6.79147120856356,0.3175));
#7690=CARTESIAN_POINT('',(2.08688435248127,0.252467495626756,0.435084821170107));
#7691=CARTESIAN_POINT('',(2.05104992258413,0.260046106249254,0.398094815964381));
#7692=CARTESIAN_POINT('',(2.01634540588928,0.269699144384572,0.290236596154885));
#7693=CARTESIAN_POINT('',(2.08012048273727,0.260046745107521,0.195880500962943));
#7694=CARTESIAN_POINT('',(2.12492843206297,0.252467495626756,0.170482435617881));
#7695=CARTESIAN_POINT('',(2.12492843206297,0.252467495626756,0.170482435617881));
#7696=CARTESIAN_POINT('',(2.08688435248127,0.0325325043732439,0.435084821170107));
#7697=CARTESIAN_POINT('',(2.05104992258413,0.0249538937507459,0.398094815964381));
#7698=CARTESIAN_POINT('',(2.01634540588928,0.0153008556154283,0.290236596154885));
#7699=CARTESIAN_POINT('',(2.08012048273727,0.024953254892479,0.195880500962943));
#7700=CARTESIAN_POINT('',(2.12492843206297,0.0325325043732439,0.170482435617881));
#7701=CARTESIAN_POINT('',(2.12492843206297,0.0325325043732438,0.170482435617881));
#7702=CARTESIAN_POINT('',(2.12492843206297,6.79147120856356,0.170482435617881));
#7703=CARTESIAN_POINT('',(2.25332881065381,6.79147120856356,0.121338412682448));
#7704=CARTESIAN_POINT('',(2.27377233781152,6.79147120856356,0.116206801806255));
#7705=CARTESIAN_POINT('',(2.27377233781152,0.226692637275243,0.116206801806255));
#7706=CARTESIAN_POINT('',(2.27377233781152,0.0583073627247568,0.116206801806255));
#7707=CARTESIAN_POINT('',(2.27377233781152,0.226692637275243,0.116206801806255));
#7708=CARTESIAN_POINT('',(2.2601436425615,0.229081316502857,0.119627794682572));
#7709=CARTESIAN_POINT('',(2.24651463028628,0.231468071338601,0.123048867136641));
#7710=CARTESIAN_POINT('',(2.23288528349609,0.233852795616836,0.12647002355864));
#7711=CARTESIAN_POINT('',(2.2328852834961,0.233852795616837,0.126470023558641));
#7712=CARTESIAN_POINT('',(2.2328852834961,6.79147120856356,0.126470023558641));
#7713=CARTESIAN_POINT('',(2.2328852834961,0.0511472043831638,0.126470023558641));
#7714=CARTESIAN_POINT('',(2.27377233781152,0.0583073627247567,0.116206801806255));
#7715=CARTESIAN_POINT('',(2.2601436425615,0.0559186834971429,0.119627794682572));
#7716=CARTESIAN_POINT('',(2.24651463028628,0.0535319286613994,0.123048867136641));
#7717=CARTESIAN_POINT('',(2.23288528349609,0.051147204383164,0.12647002355864));
#7718=CARTESIAN_POINT('',(2.20826100503808,6.79147120856356,-0.144779999999997));
#7719=CARTESIAN_POINT('',(2.39832570753744,6.79147120856356,0.0456963877824294));
#7720=CARTESIAN_POINT('',(2.39832570753744,0.205,0.0456963877824218));
#7721=CARTESIAN_POINT('',(2.39832570753744,0.08,0.0456963877824218));
#7722=CARTESIAN_POINT('',(2.39832570753744,0.205,0.0456963877824218));
#7723=CARTESIAN_POINT('',(2.36376631685379,0.21102598861338,0.0801810836826309));
#7724=CARTESIAN_POINT('',(2.32080307008877,0.218449637399673,0.10440143106923));
#7725=CARTESIAN_POINT('',(2.27377233781152,0.226692637275243,0.116206801806256));
#7726=CARTESIAN_POINT('',(2.39832570753744,0.0800000000000001,0.0456963877824218));
#7727=CARTESIAN_POINT('',(2.36376631685379,0.0739740113866199,0.0801810836826309));
#7728=CARTESIAN_POINT('',(2.32080307008877,0.0665503626003275,0.10440143106923));
#7729=CARTESIAN_POINT('',(2.27377233781152,0.0583073627247568,0.116206801806256));
#7730=CARTESIAN_POINT('',(2.34122505714165,6.79147120856356,0.546622136925545));
#7731=CARTESIAN_POINT('',(2.2328852834961,0.233852795616836,0.126470023558641));
#7732=CARTESIAN_POINT('',(2.19497702160923,0.240482988741996,0.136244989294759));
#7733=CARTESIAN_POINT('',(2.15898759662729,0.246710381198981,0.150896940328097));
#7734=CARTESIAN_POINT('',(2.12492843206297,0.252467495626756,0.170482435617881));
#7735=CARTESIAN_POINT('',(2.2328852834961,0.051147204383164,0.126470023558641));
#7736=CARTESIAN_POINT('',(2.19497702160923,0.0445170112580046,0.136244989294759));
#7737=CARTESIAN_POINT('',(2.15898759662729,0.0382896188010194,0.150896940328097));
#7738=CARTESIAN_POINT('',(2.12492843206297,0.0325325043732438,0.170482435617881));
#7739=CARTESIAN_POINT('',(4.33680868994202E-17,0.2794,7.63278329429795E-15));
#7740=CARTESIAN_POINT('',(-5.4311885017963E-17,0.205,-1.85350083791461E-15));
#7741=CARTESIAN_POINT('',(-5.4311885017963E-17,0.08,-1.85350083791461E-15));
#7742=CARTESIAN_POINT('',(1.7794333943504,6.79147120856356,1.3156727214024));
#7743=CARTESIAN_POINT('',(2.04230530679117,0.205,1.25819052338823));
#7744=CARTESIAN_POINT('',(2.0318758806369,0.21102601798265,1.21049570145123));
#7745=CARTESIAN_POINT('',(2.00882737306294,0.218449658189939,1.16689270706755));
#7746=CARTESIAN_POINT('',(1.97564515236019,0.226692637275243,1.13153475286382));
#7747=CARTESIAN_POINT('',(2.04230530679117,0.205,1.25819052338823));
#7748=CARTESIAN_POINT('',(1.97564515236019,0.226692637275243,1.13153475286382));
#7749=CARTESIAN_POINT('',(2.04230530679117,6.79147120856356,1.25819052338822));
#7750=CARTESIAN_POINT('',(2.04230530679117,0.08,1.25819052338823));
#7751=CARTESIAN_POINT('',(2.04230530679117,0.08,1.25819052338823));
#7752=CARTESIAN_POINT('',(2.0318758806369,0.0739739820173497,1.21049570145123));
#7753=CARTESIAN_POINT('',(2.00882737306294,0.0665503418100611,1.16689270706755));
#7754=CARTESIAN_POINT('',(1.97564515236019,0.058307362724757,1.13153475286382));
#7755=CARTESIAN_POINT('',(1.97564515236019,0.0583073627247569,1.13153475286382));
#7756=CARTESIAN_POINT('',(1.97564515236019,6.79147120856356,1.13153475286382));
#7757=CARTESIAN_POINT('',(1.9612213212142,6.79147120856356,1.11616516185089));
#7758=CARTESIAN_POINT('',(1.97564515236019,0.226692637275243,1.13153475286382));
#7759=CARTESIAN_POINT('',(1.96602949271839,0.229081316502857,1.12128860158));
#7760=CARTESIAN_POINT('',(1.956413609401,0.231468071338601,1.11104221195436));
#7761=CARTESIAN_POINT('',(1.94679749006821,0.233852795616836,1.10079557083795));
#7762=CARTESIAN_POINT('',(1.94679749006822,0.233852795616836,1.10079557083795));
#7763=CARTESIAN_POINT('',(1.97564515236019,0.0583073627247568,1.13153475286382));
#7764=CARTESIAN_POINT('',(1.96602949271839,0.0559186834971427,1.12128860158));
#7765=CARTESIAN_POINT('',(1.956413609401,0.0535319286613992,1.11104221195436));
#7766=CARTESIAN_POINT('',(1.94679749006821,0.0511472043831638,1.10079557083795));
#7767=CARTESIAN_POINT('',(1.94679749006822,0.051147204383164,1.10079557083795));
#7768=CARTESIAN_POINT('',(1.94679749006822,6.79147120856356,1.10079557083795));
#7769=CARTESIAN_POINT('',(2.26509008942005,6.79147120856356,0.805914024928244));
#7770=CARTESIAN_POINT('',(1.94679749006822,0.233852795616836,1.10079557083795));
#7771=CARTESIAN_POINT('',(1.92019180546739,0.240482981473073,1.07207762416887));
#7772=CARTESIAN_POINT('',(1.89783700805353,0.246710374862476,1.0402942733741));
#7773=CARTESIAN_POINT('',(1.87977331384067,0.252467495626756,1.00540409329596));
#7774=CARTESIAN_POINT('',(1.87977331384067,0.252467495626756,1.00540409329596));
#7775=CARTESIAN_POINT('',(1.94679749006822,0.051147204383164,1.10079557083795));
#7776=CARTESIAN_POINT('',(1.92019180546739,0.0445170185269274,1.07207762416887));
#7777=CARTESIAN_POINT('',(1.89783700805353,0.0382896251375243,1.0402942733741));
#7778=CARTESIAN_POINT('',(1.87977331384067,0.0325325043732437,1.00540409329596));
#7779=CARTESIAN_POINT('',(1.87977331384067,0.0325325043732438,1.00540409329596));
#7780=CARTESIAN_POINT('',(1.87977331384067,6.79147120856356,1.00540409329596));
#7781=CARTESIAN_POINT('',(2.02936083144377,6.79147120856356,0.926778038245206));
#7782=CARTESIAN_POINT('',(1.87977331384067,0.252467495626756,1.00540409329596));
#7783=CARTESIAN_POINT('',(1.85581159734209,0.260046144691058,0.959816486411464));
#7784=CARTESIAN_POINT('',(1.85290026773177,0.269699121566892,0.846550161014337));
#7785=CARTESIAN_POINT('',(1.94067502529896,0.260046752329937,0.77398363767426));
#7786=CARTESIAN_POINT('',(1.99082344751491,0.252467495626756,0.762238219370193));
#7787=CARTESIAN_POINT('',(1.99082344751491,0.252467495626756,0.762238219370193));
#7788=CARTESIAN_POINT('',(1.87977331384067,0.0325325043732437,1.00540409329596));
#7789=CARTESIAN_POINT('',(1.85581159734209,0.0249538553089422,0.959816486411464));
#7790=CARTESIAN_POINT('',(1.85290026773177,0.0153008784331087,0.846550161014336));
#7791=CARTESIAN_POINT('',(1.94067502529897,0.0249532476700631,0.77398363767426));
#7792=CARTESIAN_POINT('',(1.99082344751491,0.0325325043732439,0.762238219370193));
#7793=CARTESIAN_POINT('',(1.99082344751491,0.0325325043732438,0.762238219370193));
#7794=CARTESIAN_POINT('',(1.99082344751491,6.79147120856356,0.762238219370193));
#7795=CARTESIAN_POINT('',(2.12786817981734,6.79147120856356,0.7512594416283));
#7796=CARTESIAN_POINT('',(2.14892934233392,6.79147120856356,0.752095304226269));
#7797=CARTESIAN_POINT('',(2.14892934233392,0.226692637275243,0.752095304226268));
#7798=CARTESIAN_POINT('',(2.14892934233392,0.0583073627247568,0.752095304226268));
#7799=CARTESIAN_POINT('',(2.14892934233392,0.226692637275243,0.752095304226269));
#7800=CARTESIAN_POINT('',(2.13488889993201,0.229081316502857,0.751538075694679));
#7801=CARTESIAN_POINT('',(2.12084813092701,0.231468071338601,0.750980834201065));
#7802=CARTESIAN_POINT('',(2.10680701730075,0.233852795616836,0.750423579030331));
#7803=CARTESIAN_POINT('',(2.10680701730075,0.233852795616836,0.750423579030331));
#7804=CARTESIAN_POINT('',(2.10680701730075,6.79147120856356,0.750423579030331));
#7805=CARTESIAN_POINT('',(2.10680701730075,0.0511472043831639,0.750423579030331));
#7806=CARTESIAN_POINT('',(2.14892934233392,0.0583073627247567,0.752095304226269));
#7807=CARTESIAN_POINT('',(2.13488889993201,0.0559186834971428,0.751538075694679));
#7808=CARTESIAN_POINT('',(2.12084813092701,0.0535319286613993,0.750980834201064));
#7809=CARTESIAN_POINT('',(2.10680701730075,0.0511472043831638,0.750423579030331));
#7810=CARTESIAN_POINT('',(2.15960015782042,6.79147120856356,0.483223626402699));
#7811=CARTESIAN_POINT('',(2.28830250465283,6.79147120856356,0.719531796719856));
#7812=CARTESIAN_POINT('',(2.28830250465283,0.205,0.719531796719851));
#7813=CARTESIAN_POINT('',(2.28830250465283,0.08,0.719531796719851));
#7814=CARTESIAN_POINT('',(2.28830250465283,0.205,0.719531796719851));
#7815=CARTESIAN_POINT('',(2.24542741896767,0.21102600711005,0.742883186309619));
#7816=CARTESIAN_POINT('',(2.19738094766983,0.218449638949587,0.75401822204621));
#7817=CARTESIAN_POINT('',(2.14892934233392,0.226692637275243,0.752095304226269));
#7818=CARTESIAN_POINT('',(2.28830250465283,0.0799999999999996,0.719531796719851));
#7819=CARTESIAN_POINT('',(2.24542741896767,0.0739739928899504,0.742883186309619));
#7820=CARTESIAN_POINT('',(2.19738094766983,0.0665503610504127,0.75401822204621));
#7821=CARTESIAN_POINT('',(2.14892934233392,0.0583073627247567,0.752095304226269));
#7822=CARTESIAN_POINT('',(2.09238773971546,6.79147120856356,1.18407942109194));
#7823=CARTESIAN_POINT('',(2.10680701730075,0.233852795616836,0.750423579030332));
#7824=CARTESIAN_POINT('',(2.06768039141542,0.240482986856485,0.749122598794635));
#7825=CARTESIAN_POINT('',(2.02902085917206,0.246710379555302,0.75304164714582));
#7826=CARTESIAN_POINT('',(1.99082344751491,0.252467495626756,0.762238219370194));
#7827=CARTESIAN_POINT('',(2.10680701730075,0.0511472043831639,0.750423579030332));
#7828=CARTESIAN_POINT('',(2.06768039141542,0.0445170131435153,0.749122598794635));
#7829=CARTESIAN_POINT('',(2.02902085917206,0.0382896204446977,0.75304164714582));
#7830=CARTESIAN_POINT('',(1.99082344751491,0.0325325043732439,0.762238219370194));
#7831=CARTESIAN_POINT('',(4.33680868994202E-17,0.2794,7.63278329429795E-15));
#7832=CARTESIAN_POINT('',(-5.4311885017963E-17,0.205,-1.85350083791461E-15));
#7833=CARTESIAN_POINT('',(-5.4311885017963E-17,0.08,-1.85350083791461E-15));
#7834=CARTESIAN_POINT('',(1.33668599912698,6.79147120856356,1.76370305168123));
#7835=CARTESIAN_POINT('',(1.60510435869391,0.205000000000001,1.78260886259244));
#7836=CARTESIAN_POINT('',(1.60853458137953,0.211026017397779,1.7339077118961));
#7837=CARTESIAN_POINT('',(1.59870411540926,0.218449646255873,1.68557748811118));
#7838=CARTESIAN_POINT('',(1.57682746296589,0.226692637275243,1.64230320495926));
#7839=CARTESIAN_POINT('',(1.60510435869391,0.205,1.78260886259244));
#7840=CARTESIAN_POINT('',(1.57682746296589,0.226692637275243,1.64230320495926));
#7841=CARTESIAN_POINT('',(1.60510435869391,6.79147120856356,1.78260886259244));
#7842=CARTESIAN_POINT('',(1.60510435869391,0.08,1.78260886259244));
#7843=CARTESIAN_POINT('',(1.60510435869391,0.0799999999999995,1.78260886259244));
#7844=CARTESIAN_POINT('',(1.60853458137953,0.0739739826022212,1.7339077118961));
#7845=CARTESIAN_POINT('',(1.59870411540926,0.0665503537441275,1.68557748811118));
#7846=CARTESIAN_POINT('',(1.57682746296589,0.0583073627247571,1.64230320495926));
#7847=CARTESIAN_POINT('',(1.57682746296589,0.058307362724757,1.64230320495926));
#7848=CARTESIAN_POINT('',(1.57682746296589,6.79147120856356,1.64230320495926));
#7849=CARTESIAN_POINT('',(1.56731801250239,6.79147120856356,1.62349252754681));
#7850=CARTESIAN_POINT('',(1.57682746296589,0.226692637275243,1.64230320495926));
#7851=CARTESIAN_POINT('',(1.57048797950189,0.229081316502857,1.62976305041925));
#7852=CARTESIAN_POINT('',(1.56414834857139,0.231468071338601,1.61722260417523));
#7853=CARTESIAN_POINT('',(1.5578085620389,0.233852795616836,1.60468185013437));
#7854=CARTESIAN_POINT('',(1.55780856203889,0.233852795616836,1.60468185013437));
#7855=CARTESIAN_POINT('',(1.57682746296589,0.0583073627247571,1.64230320495926));
#7856=CARTESIAN_POINT('',(1.57048797950189,0.0559186834971431,1.62976305041925));
#7857=CARTESIAN_POINT('',(1.56414834857139,0.0535319286613995,1.61722260417523));
#7858=CARTESIAN_POINT('',(1.5578085620389,0.0511472043831641,1.60468185013437));
#7859=CARTESIAN_POINT('',(1.55780856203889,0.0511472043831639,1.60468185013437));
#7860=CARTESIAN_POINT('',(1.55780856203889,6.79147120856356,1.60468185013437));
#7861=CARTESIAN_POINT('',(1.94628580656497,6.79147120856356,1.41141846662452));
#7862=CARTESIAN_POINT('',(1.5578085620389,0.233852795616836,1.60468185013437));
#7863=CARTESIAN_POINT('',(1.5403713677294,0.240482984294064,1.56963147962653));
#7864=CARTESIAN_POINT('',(1.5278765055832,0.246710377321576,1.53283750206794));
#7865=CARTESIAN_POINT('',(1.52037422075505,0.252467495626756,1.49427150515134));
#7866=CARTESIAN_POINT('',(1.52037422075505,0.252467495626756,1.49427150515134));
#7867=CARTESIAN_POINT('',(1.5578085620389,0.0511472043831641,1.60468185013437));
#7868=CARTESIAN_POINT('',(1.5403713677294,0.0445170157059359,1.56963147962653));
#7869=CARTESIAN_POINT('',(1.5278765055832,0.0382896226784243,1.53283750206794));
#7870=CARTESIAN_POINT('',(1.52037422075505,0.0325325043732439,1.49427150515134));
#7871=CARTESIAN_POINT('',(1.52037422075505,0.0325325043732439,1.49427150515134));
#7872=CARTESIAN_POINT('',(1.52037422075505,6.79147120856356,1.49427150515134));
#7873=CARTESIAN_POINT('',(1.68605391235946,6.79147120856356,1.46097403159301));
#7874=CARTESIAN_POINT('',(1.52037422075505,0.252467495626756,1.49427150515134));
#7875=CARTESIAN_POINT('',(1.51022661357329,0.260046160832927,1.44377961346317));
#7876=CARTESIAN_POINT('',(1.53934408477721,0.269699112844505,1.33428128853863));
#7877=CARTESIAN_POINT('',(1.6440076527181,0.260046753646053,1.2893831984204));
#7878=CARTESIAN_POINT('',(1.69543378713212,0.252467495626757,1.29224199579437));
#7879=CARTESIAN_POINT('',(1.69543378713212,0.252467495626756,1.29224199579437));
#7880=CARTESIAN_POINT('',(1.52037422075505,0.0325325043732437,1.49427150515134));
#7881=CARTESIAN_POINT('',(1.51022661357329,0.0249538391670728,1.44377961346317));
#7882=CARTESIAN_POINT('',(1.53934408477721,0.0153008871554951,1.33428128853863));
#7883=CARTESIAN_POINT('',(1.6440076527181,0.0249532463539477,1.2893831984204));
#7884=CARTESIAN_POINT('',(1.69543378713212,0.0325325043732435,1.29224199579437));
#7885=CARTESIAN_POINT('',(1.69543378713212,0.0325325043732439,1.29224199579437));
#7886=CARTESIAN_POINT('',(1.69543378713212,6.79147120856356,1.29224199579437));
#7887=CARTESIAN_POINT('',(1.83002032397139,6.79147120856356,1.32031789852536));
#7888=CARTESIAN_POINT('',(1.84999287171532,6.79147120856356,1.32705351798087));
#7889=CARTESIAN_POINT('',(1.84999287171532,0.226692637275243,1.32705351798087));
#7890=CARTESIAN_POINT('',(1.84999287171532,0.0583073627247569,1.32705351798087));
#7891=CARTESIAN_POINT('',(1.84999287171532,0.226692637275243,1.32705351798087));
#7892=CARTESIAN_POINT('',(1.8366781553032,0.229081316502857,1.32256321138304));
#7893=CARTESIAN_POINT('',(1.82336312916953,0.231468071338601,1.31807280033351));
#7894=CARTESIAN_POINT('',(1.81004777622747,0.233852795616836,1.31358227906985));
#7895=CARTESIAN_POINT('',(1.81004777622747,0.233852795616836,1.31358227906985));
#7896=CARTESIAN_POINT('',(1.81004777622747,6.79147120856356,1.31358227906985));
#7897=CARTESIAN_POINT('',(1.81004777622747,0.0511472043831639,1.31358227906985));
#7898=CARTESIAN_POINT('',(1.84999287171532,0.0583073627247568,1.32705351798087));
#7899=CARTESIAN_POINT('',(1.8366781553032,0.0559186834971429,1.32256321138304));
#7900=CARTESIAN_POINT('',(1.82336312916953,0.0535319286613994,1.31807280033351));
#7901=CARTESIAN_POINT('',(1.81004777622747,0.0511472043831639,1.31358227906985));
#7902=CARTESIAN_POINT('',(1.93598134945284,6.79147120856356,1.07207934843581));
#7903=CARTESIAN_POINT('',(1.99289464190025,6.79147120856356,1.3350750187074));
#7904=CARTESIAN_POINT('',(1.99289464190025,0.205,1.3350750187074));
#7905=CARTESIAN_POINT('',(1.99289464190025,0.08,1.3350750187074));
#7906=CARTESIAN_POINT('',(1.99289464190025,0.205,1.3350750187074));
#7907=CARTESIAN_POINT('',(1.94517738565991,0.211026015455952,1.34540121972961));
#7908=CARTESIAN_POINT('',(1.89594007620478,0.218449642867119,1.34254893140801));
#7909=CARTESIAN_POINT('',(1.84999287171532,0.226692637275243,1.32705351798087));
#7910=CARTESIAN_POINT('',(1.99289464190025,0.0799999999999999,1.3350750187074));
#7911=CARTESIAN_POINT('',(1.94517738565991,0.0739739845440477,1.34540121972961));
#7912=CARTESIAN_POINT('',(1.89594007620478,0.0665503571328809,1.34254893140801));
#7913=CARTESIAN_POINT('',(1.84999287171532,0.0583073627247568,1.32705351798087));
#7914=CARTESIAN_POINT('',(1.67403761152655,6.79147120856356,1.72560963255294));
#7915=CARTESIAN_POINT('',(1.81004777622747,0.233852795616836,1.31358227906985));
#7916=CARTESIAN_POINT('',(1.77287259119278,0.240482985234335,1.301310756326));
#7917=CARTESIAN_POINT('',(1.73467491867285,0.246710378141228,1.29417940429051));
#7918=CARTESIAN_POINT('',(1.69543378713212,0.252467495626757,1.29224199579437));
#7919=CARTESIAN_POINT('',(1.81004777622747,0.051147204383164,1.31358227906985));
#7920=CARTESIAN_POINT('',(1.77287259119278,0.0445170147656655,1.301310756326));
#7921=CARTESIAN_POINT('',(1.73467491867285,0.0382896218587723,1.29417940429051));
#7922=CARTESIAN_POINT('',(1.69543378713212,0.0325325043732435,1.29224199579437));
#7923=CARTESIAN_POINT('',(4.33680868994202E-17,0.2794,7.63278329429795E-15));
#7924=CARTESIAN_POINT('',(-5.4311885017963E-17,0.205,-1.85350083791461E-15));
#7925=CARTESIAN_POINT('',(-5.4311885017963E-17,0.08,-1.85350083791461E-15));
#7926=CARTESIAN_POINT('',(0.785648253832028,6.79147120856355,2.06884864985877));
#7927=CARTESIAN_POINT('',(1.03786740137844,0.205,2.16261083333254));
#7928=CARTESIAN_POINT('',(1.05487936084677,0.211026012154135,2.11684886666081));
#7929=CARTESIAN_POINT('',(1.05906331626542,0.218449640520936,2.06770678756856));
#7930=CARTESIAN_POINT('',(1.05026459027609,0.226692637275243,2.02002201854215));
#7931=CARTESIAN_POINT('',(1.03786740137844,0.205,2.16261083333254));
#7932=CARTESIAN_POINT('',(1.05026459027609,0.226692637275243,2.02002201854215));
#7933=CARTESIAN_POINT('',(1.03786740137845,6.79147120856355,2.16261083333253));
#7934=CARTESIAN_POINT('',(1.03786740137844,0.08,2.16261083333254));
#7935=CARTESIAN_POINT('',(1.03786740137844,0.0799999999999998,2.16261083333254));
#7936=CARTESIAN_POINT('',(1.05487936084677,0.0739739878458646,2.11684886666081));
#7937=CARTESIAN_POINT('',(1.05906331626542,0.0665503594790644,2.06770678756856));
#7938=CARTESIAN_POINT('',(1.05026459027609,0.0583073627247566,2.02002201854215));
#7939=CARTESIAN_POINT('',(1.05026459027609,0.058307362724757,2.02002201854215));
#7940=CARTESIAN_POINT('',(1.05026459027609,6.79147120856355,2.02002201854215));
#7941=CARTESIAN_POINT('',(1.04643991961676,6.79147120856355,1.99929418394274));
#7942=CARTESIAN_POINT('',(1.05026459027609,0.226692637275243,2.02002201854215));
#7943=CARTESIAN_POINT('',(1.04771487023778,0.229081316502857,2.00620378948759));
#7944=CARTESIAN_POINT('',(1.04516509088892,0.231468071338601,1.99238523899899));
#7945=CARTESIAN_POINT('',(1.04261524895743,0.233852795616836,1.97856634934333));
#7946=CARTESIAN_POINT('',(1.04261524895743,0.233852795616836,1.97856634934333));
#7947=CARTESIAN_POINT('',(1.05026459027609,0.0583073627247566,2.02002201854215));
#7948=CARTESIAN_POINT('',(1.04771487023778,0.0559186834971429,2.00620378948759));
#7949=CARTESIAN_POINT('',(1.04516509088892,0.0535319286613994,1.99238523899899));
#7950=CARTESIAN_POINT('',(1.04261524895743,0.0511472043831642,1.97856634934333));
#7951=CARTESIAN_POINT('',(1.04261524895743,0.0511472043831641,1.97856634934333));
#7952=CARTESIAN_POINT('',(1.04261524895743,6.79147120856355,1.97856634934333));
#7953=CARTESIAN_POINT('',(1.46980502266938,6.79147120856355,1.90257817818371));
#7954=CARTESIAN_POINT('',(1.04261524895743,0.233852795616836,1.97856634934333));
#7955=CARTESIAN_POINT('',(1.03575921221573,0.240482986057597,1.94002312952958));
#7956=CARTESIAN_POINT('',(1.03413654395689,0.246710378858887,1.90119935693745));
#7957=CARTESIAN_POINT('',(1.03780345031751,0.252467495626756,1.86208192643419));
#7958=CARTESIAN_POINT('',(1.03780345031751,0.252467495626756,1.86208192643419));
#7959=CARTESIAN_POINT('',(1.04261524895743,0.0511472043831642,1.97856634934333));
#7960=CARTESIAN_POINT('',(1.03575921221573,0.0445170139424027,1.94002312952958));
#7961=CARTESIAN_POINT('',(1.03413654395689,0.0382896211411135,1.90119935693745));
#7962=CARTESIAN_POINT('',(1.03780345031751,0.0325325043732438,1.86208192643419));
#7963=CARTESIAN_POINT('',(1.03780345031751,0.0325325043732439,1.86208192643419));
#7964=CARTESIAN_POINT('',(1.03780345031751,6.79147120856355,1.86208192643419));
#7965=CARTESIAN_POINT('',(1.20615293264451,6.79147120856355,1.87681059764826));
#7966=CARTESIAN_POINT('',(1.03780345031751,0.252467495626756,1.86208192643419));
#7967=CARTESIAN_POINT('',(1.04229210379377,0.260046163401161,1.81077638243149));
#7968=CARTESIAN_POINT('',(1.10107935153281,0.269699113568167,1.71391686323058));
#7969=CARTESIAN_POINT('',(1.21415259179712,0.26004674963528,1.70032460776659));
#7970=CARTESIAN_POINT('',(1.26269016444887,0.252467495626756,1.71755601097835));
#7971=CARTESIAN_POINT('',(1.26269016444887,0.252467495626756,1.71755601097835));
#7972=CARTESIAN_POINT('',(1.03780345031751,0.0325325043732438,1.86208192643419));
#7973=CARTESIAN_POINT('',(1.04229210379377,0.024953836598839,1.81077638243149));
#7974=CARTESIAN_POINT('',(1.10107935153281,0.0153008864318332,1.71391686323058));
#7975=CARTESIAN_POINT('',(1.21415259179712,0.0249532503647204,1.70032460776659));
#7976=CARTESIAN_POINT('',(1.26269016444887,0.0325325043732438,1.71755601097835));
#7977=CARTESIAN_POINT('',(1.26269016444887,0.0325325043732439,1.71755601097835));
#7978=CARTESIAN_POINT('',(1.26269016444887,6.79147120856355,1.71755601097835));
#7979=CARTESIAN_POINT('',(1.38391510502723,6.79147120856355,1.78241205151678));
#7980=CARTESIAN_POINT('',(1.40118098096159,6.79147120856355,1.79450174799982));
#7981=CARTESIAN_POINT('',(1.40118098096159,0.226692637275243,1.79450174799982));
#7982=CARTESIAN_POINT('',(1.40118098096159,0.058307362724757,1.79450174799982));
#7983=CARTESIAN_POINT('',(1.40118098096159,0.226692637275243,1.79450174799982));
#7984=CARTESIAN_POINT('',(1.3896706696773,0.229081316502857,1.78644214127142));
#7985=CARTESIAN_POINT('',(1.3781600906448,0.231468071338601,1.77838234706371));
#7986=CARTESIAN_POINT('',(1.36664922909286,0.233852795616836,1.77032235503375));
#7987=CARTESIAN_POINT('',(1.36664922909286,0.233852795616836,1.77032235503375));
#7988=CARTESIAN_POINT('',(1.36664922909286,6.79147120856355,1.77032235503375));
#7989=CARTESIAN_POINT('',(1.36664922909286,0.051147204383164,1.77032235503375));
#7990=CARTESIAN_POINT('',(1.40118098096159,0.0583073627247568,1.79450174799982));
#7991=CARTESIAN_POINT('',(1.3896706696773,0.0559186834971429,1.78644214127142));
#7992=CARTESIAN_POINT('',(1.3781600906448,0.0535319286613994,1.77838234706371));
#7993=CARTESIAN_POINT('',(1.36664922909286,0.0511472043831641,1.77032235503375));
#7994=CARTESIAN_POINT('',(1.55552084587699,6.79147120856355,1.57408157756004));
#7995=CARTESIAN_POINT('',(1.53603430746171,6.79147120856355,1.84245840267614));
#7996=CARTESIAN_POINT('',(1.53603430746172,0.205,1.84245840267614));
#7997=CARTESIAN_POINT('',(1.53603430746172,0.08,1.84245840267614));
#7998=CARTESIAN_POINT('',(1.53603430746172,0.205,1.84245840267614));
#7999=CARTESIAN_POINT('',(1.48734068619655,0.211026018199072,1.83892281378559));
#8000=CARTESIAN_POINT('',(1.44090139863243,0.218449651116219,1.82231428387378));
#8001=CARTESIAN_POINT('',(1.40118098096159,0.226692637275243,1.79450174799982));
#8002=CARTESIAN_POINT('',(1.53603430746172,0.0800000000000003,1.84245840267614));
#8003=CARTESIAN_POINT('',(1.48734068619655,0.073973981800928,1.83892281378559));
#8004=CARTESIAN_POINT('',(1.44090139863243,0.0665503488837813,1.82231428387379));
#8005=CARTESIAN_POINT('',(1.40118098096159,0.0583073627247571,1.79450174799982));
#8006=CARTESIAN_POINT('',(1.12006691193678,6.79147120856355,2.12734121418013));
#8007=CARTESIAN_POINT('',(1.36664922909286,0.233852795616836,1.77032235503375));
#8008=CARTESIAN_POINT('',(1.3344371980592,0.240482983109973,1.74807446238299));
#8009=CARTESIAN_POINT('',(1.29979593532511,0.246710376289385,1.73047044929382));
#8010=CARTESIAN_POINT('',(1.26269016444887,0.252467495626756,1.71755601097836));
#8011=CARTESIAN_POINT('',(1.36664922909286,0.0511472043831642,1.77032235503375));
#8012=CARTESIAN_POINT('',(1.3344371980592,0.0445170168900271,1.74807446238299));
#8013=CARTESIAN_POINT('',(1.29979593532511,0.0382896237106152,1.73047044929382));
#8014=CARTESIAN_POINT('',(1.26269016444887,0.0325325043732441,1.71755601097836));
#8015=CARTESIAN_POINT('',(4.33680868994202E-17,0.2794,7.63278329429795E-15));
#8016=CARTESIAN_POINT('',(-5.4311885017963E-17,0.205,-1.85350083791461E-15));
#8017=CARTESIAN_POINT('',(-5.4311885017963E-17,0.08,-1.85350083791461E-15));
#8018=CARTESIAN_POINT('',(0.170961959441678,6.79147120856356,2.20638843434143));
#8019=CARTESIAN_POINT('',(0.386548599638402,0.205,2.36741093589789));
#8020=CARTESIAN_POINT('',(0.41576403051922,0.211025999660302,2.32829555435422));
#8021=CARTESIAN_POINT('',(0.433623488961894,0.218449637965532,2.28232276506784));
#8022=CARTESIAN_POINT('',(0.438615526646156,0.226692637275243,2.23409066171627));
#8023=CARTESIAN_POINT('',(0.386548599638401,0.205,2.36741093589788));
#8024=CARTESIAN_POINT('',(0.438615526646155,0.226692637275243,2.23409066171627));
#8025=CARTESIAN_POINT('',(0.386548599638408,6.79147120856356,2.36741093589788));
#8026=CARTESIAN_POINT('',(0.386548599638401,0.08,2.36741093589788));
#8027=CARTESIAN_POINT('',(0.386548599638402,0.0799999999999999,2.36741093589789));
#8028=CARTESIAN_POINT('',(0.41576403051922,0.0739740003396979,2.32829555435422));
#8029=CARTESIAN_POINT('',(0.433623488961895,0.066550362034468,2.28232276506784));
#8030=CARTESIAN_POINT('',(0.438615526646156,0.0583073627247571,2.23409066171627));
#8031=CARTESIAN_POINT('',(0.438615526646155,0.058307362724757,2.23409066171627));
#8032=CARTESIAN_POINT('',(0.438615526646155,6.79147120856356,2.23409066171627));
#8033=CARTESIAN_POINT('',(0.440785487861615,6.79147120856356,2.21312491581596));
#8034=CARTESIAN_POINT('',(0.438615526646155,0.226692637275243,2.23409066171627));
#8035=CARTESIAN_POINT('',(0.440062133187273,0.229081316502857,2.220113828885));
#8036=CARTESIAN_POINT('',(0.441508773378768,0.231468071338601,2.20613667093031));
#8037=CARTESIAN_POINT('',(0.442955449077075,0.233852795616836,2.19215916991565));
#8038=CARTESIAN_POINT('',(0.442955449077075,0.233852795616836,2.19215916991565));
#8039=CARTESIAN_POINT('',(0.438615526646155,0.0583073627247571,2.23409066171627));
#8040=CARTESIAN_POINT('',(0.440062133187273,0.0559186834971431,2.220113828885));
#8041=CARTESIAN_POINT('',(0.441508773378768,0.0535319286613993,2.20613667093031));
#8042=CARTESIAN_POINT('',(0.442955449077075,0.0511472043831637,2.19215916991565));
#8043=CARTESIAN_POINT('',(0.442955449077075,0.051147204383164,2.19215916991565));
#8044=CARTESIAN_POINT('',(0.442955449077074,6.79147120856356,2.19215916991565));
#8045=CARTESIAN_POINT('',(0.874249377104156,6.79147120856356,2.23960232081456));
#8046=CARTESIAN_POINT('',(0.442955449077074,0.233852795616836,2.19215916991565));
#8047=CARTESIAN_POINT('',(0.447236010934887,0.240482987716932,2.15324564282398));
#8048=CARTESIAN_POINT('',(0.456616995442339,0.246710380305387,2.11553734790328));
#8049=CARTESIAN_POINT('',(0.47115601639001,0.252467495626756,2.07903754426497));
#8050=CARTESIAN_POINT('',(0.471156016390011,0.252467495626756,2.07903754426497));
#8051=CARTESIAN_POINT('',(0.442955449077074,0.0511472043831637,2.19215916991565));
#8052=CARTESIAN_POINT('',(0.447236010934887,0.0445170122830683,2.15324564282398));
#8053=CARTESIAN_POINT('',(0.456616995442339,0.0382896196946127,2.11553734790328));
#8054=CARTESIAN_POINT('',(0.47115601639001,0.0325325043732442,2.07903754426497));
#8055=CARTESIAN_POINT('',(0.471156016390011,0.032532504373244,2.07903754426497));
#8056=CARTESIAN_POINT('',(0.471156016390011,6.79147120856356,2.07903754426497));
#8057=CARTESIAN_POINT('',(0.628536615594392,6.79147120856356,2.14059913090446));
#8058=CARTESIAN_POINT('',(0.47115601639001,0.252467495626756,2.07903754426496));
#8059=CARTESIAN_POINT('',(0.48991726563471,0.260046153577519,2.0310748972779));
#8060=CARTESIAN_POINT('',(0.573611698671451,0.269699124116194,1.95470103611859));
#8061=CARTESIAN_POINT('',(0.685934143570552,0.260046738361483,1.97351587303158));
#8062=CARTESIAN_POINT('',(0.727650894149524,0.252467495626756,2.00372385285178));
#8063=CARTESIAN_POINT('',(0.727650894149525,0.252467495626756,2.00372385285178));
#8064=CARTESIAN_POINT('',(0.47115601639001,0.0325325043732442,2.07903754426496));
#8065=CARTESIAN_POINT('',(0.48991726563471,0.0249538464224808,2.0310748972779));
#8066=CARTESIAN_POINT('',(0.573611698671451,0.0153008758838066,1.95470103611859));
#8067=CARTESIAN_POINT('',(0.685934143570552,0.0249532616385167,1.97351587303158));
#8068=CARTESIAN_POINT('',(0.727650894149524,0.0325325043732438,2.00372385285178));
#8069=CARTESIAN_POINT('',(0.727650894149525,0.0325325043732439,2.00372385285178));
#8070=CARTESIAN_POINT('',(0.727650894149525,6.79147120856356,2.00372385285178));
#8071=CARTESIAN_POINT('',(0.825693314733791,6.79147120856356,2.10010578050695));
#8072=CARTESIAN_POINT('',(0.838853740274511,6.79147120856356,2.11657011870865));
#8073=CARTESIAN_POINT('',(0.838853740274511,0.226692637275243,2.11657011870865));
#8074=CARTESIAN_POINT('',(0.838853740274511,0.058307362724757,2.11657011870865));
#8075=CARTESIAN_POINT('',(0.838853740274511,0.226692637275243,2.11657011870865));
#8076=CARTESIAN_POINT('',(0.830080331083844,0.229081316502857,2.10559415325449));
#8077=CARTESIAN_POINT('',(0.821306717809684,0.231468071338601,2.09461793248186));
#8078=CARTESIAN_POINT('',(0.812532889193068,0.233852795616836,2.08364144230525));
#8079=CARTESIAN_POINT('',(0.81253288919307,0.233852795616836,2.08364144230525));
#8080=CARTESIAN_POINT('',(0.81253288919307,6.79147120856356,2.08364144230525));
#8081=CARTESIAN_POINT('',(0.81253288919307,0.0511472043831641,2.08364144230525));
#8082=CARTESIAN_POINT('',(0.838853740274511,0.0583073627247571,2.11657011870865));
#8083=CARTESIAN_POINT('',(0.830080331083844,0.0559186834971429,2.10559415325449));
#8084=CARTESIAN_POINT('',(0.821306717809684,0.0535319286613992,2.09461793248186));
#8085=CARTESIAN_POINT('',(0.812532889193068,0.0511472043831636,2.08364144230525));
#8086=CARTESIAN_POINT('',(1.04904129440688,6.79147120856356,1.94856107869395));
#8087=CARTESIAN_POINT('',(0.954733608580395,6.79147120856356,2.20057676438209));
#8088=CARTESIAN_POINT('',(0.954733608580403,0.205,2.20057676438209));
#8089=CARTESIAN_POINT('',(0.954733608580403,0.08,2.20057676438209));
#8090=CARTESIAN_POINT('',(0.954733608580403,0.205,2.20057676438209));
#8091=CARTESIAN_POINT('',(0.909008541744918,0.211026014228272,2.18346582453825));
#8092=CARTESIAN_POINT('',(0.86912949715556,0.218449653277758,2.15444657635508));
#8093=CARTESIAN_POINT('',(0.838853740274511,0.226692637275243,2.11657011870865));
#8094=CARTESIAN_POINT('',(0.954733608580403,0.0799999999999998,2.20057676438209));
#8095=CARTESIAN_POINT('',(0.909008541744918,0.073973985771728,2.18346582453825));
#8096=CARTESIAN_POINT('',(0.86912949715556,0.0665503467222425,2.15444657635508));
#8097=CARTESIAN_POINT('',(0.838853740274511,0.0583073627247571,2.11657011870865));
#8098=CARTESIAN_POINT('',(0.475355052436306,6.79147120856356,2.3567282624198));
#8099=CARTESIAN_POINT('',(0.812532889193069,0.233852795616836,2.08364144230525));
#8100=CARTESIAN_POINT('',(0.787893619970277,0.240482985117649,2.05321955855296));
#8101=CARTESIAN_POINT('',(0.759615193141752,0.246710378039574,2.02656906243113));
#8102=CARTESIAN_POINT('',(0.727650894149523,0.252467495626756,2.00372385285178));
#8103=CARTESIAN_POINT('',(0.812532889193069,0.0511472043831637,2.08364144230525));
#8104=CARTESIAN_POINT('',(0.787893619970277,0.0445170148823514,2.05321955855296));
#8105=CARTESIAN_POINT('',(0.759615193141752,0.0382896219604261,2.02656906243113));
#8106=CARTESIAN_POINT('',(0.727650894149523,0.0325325043732438,2.00372385285178));
#8107=CARTESIAN_POINT('',(4.33680868994202E-17,0.2794,7.63278329429795E-15));
#8108=CARTESIAN_POINT('',(-5.4311885017963E-17,0.205,-1.85350083791461E-15));
#8109=CARTESIAN_POINT('',(-5.4311885017963E-17,0.08,-1.85350083791461E-15));
#8110=CARTESIAN_POINT('',(-0.457574656152714,6.79147120856356,2.16517974977103));
#8111=CARTESIAN_POINT('',(-0.296086070751303,0.205,2.38041748397175));
#8112=CARTESIAN_POINT('',(-0.257033990555497,0.211026000137174,2.35111748594295));
#8113=CARTESIAN_POINT('',(-0.226945929196327,0.218449641594249,2.3120384911013));
#8114=CARTESIAN_POINT('',(-0.208567558405675,0.226692637275243,2.26716656612689));
#8115=CARTESIAN_POINT('',(-0.296086070751303,0.205,2.38041748397175));
#8116=CARTESIAN_POINT('',(-0.208567558405677,0.226692637275243,2.26716656612689));
#8117=CARTESIAN_POINT('',(-0.296086070751296,6.79147120856356,2.38041748397174));
#8118=CARTESIAN_POINT('',(-0.296086070751303,0.08,2.38041748397175));
#8119=CARTESIAN_POINT('',(-0.296086070751303,0.0800000000000002,2.38041748397175));
#8120=CARTESIAN_POINT('',(-0.257033990555497,0.0739739998628258,2.35111748594295));
#8121=CARTESIAN_POINT('',(-0.226945929196327,0.0665503584057507,2.3120384911013));
#8122=CARTESIAN_POINT('',(-0.208567558405675,0.058307362724757,2.26716656612689));
#8123=CARTESIAN_POINT('',(-0.208567558405677,0.058307362724757,2.26716656612689));
#8124=CARTESIAN_POINT('',(-0.208567558405676,6.79147120856356,2.26716656612689));
#8125=CARTESIAN_POINT('',(-0.200578762667845,6.79147120856356,2.24766142897044));
#8126=CARTESIAN_POINT('',(-0.208567558405675,0.226692637275243,2.26716656612689));
#8127=CARTESIAN_POINT('',(-0.203241820743791,0.229081316502857,2.25416344939148));
#8128=CARTESIAN_POINT('',(-0.197915959196753,0.231468071338601,2.24116003018284));
#8129=CARTESIAN_POINT('',(-0.192589966930014,0.233852795616836,2.22815629181399));
#8130=CARTESIAN_POINT('',(-0.192589966930015,0.233852795616836,2.22815629181399));
#8131=CARTESIAN_POINT('',(-0.208567558405675,0.0583073627247571,2.26716656612689));
#8132=CARTESIAN_POINT('',(-0.203241820743791,0.0559186834971431,2.25416344939148));
#8133=CARTESIAN_POINT('',(-0.197915959196753,0.0535319286613996,2.24116003018284));
#8134=CARTESIAN_POINT('',(-0.192589966930014,0.0511472043831642,2.22815629181399));
#8135=CARTESIAN_POINT('',(-0.192589966930015,0.051147204383164,2.22815629181399));
#8136=CARTESIAN_POINT('',(-0.192589966930015,6.79147120856356,2.22815629181399));
#8137=CARTESIAN_POINT('',(0.207867246367203,6.79147120856356,2.39518720284088));
#8138=CARTESIAN_POINT('',(-0.192589966930014,0.233852795616836,2.22815629181399));
#8139=CARTESIAN_POINT('',(-0.177519585037837,0.240482990085276,2.19202499672158));
#8140=CARTESIAN_POINT('',(-0.157894938668002,0.246710382369981,2.1584870832652));
#8141=CARTESIAN_POINT('',(-0.13366167591268,0.252467495626756,2.12756190477175));
#8142=CARTESIAN_POINT('',(-0.133661675912682,0.252467495626756,2.12756190477175));
#8143=CARTESIAN_POINT('',(-0.192589966930014,0.0511472043831641,2.22815629181399));
#8144=CARTESIAN_POINT('',(-0.177519585037837,0.0445170099147245,2.19202499672158));
#8145=CARTESIAN_POINT('',(-0.157894938668002,0.0382896176300193,2.1584870832652));
#8146=CARTESIAN_POINT('',(-0.13366167591268,0.0325325043732438,2.12756190477175));
#8147=CARTESIAN_POINT('',(-0.133661675912682,0.0325325043732439,2.12756190477175));
#8148=CARTESIAN_POINT('',(-0.133661675912682,6.79147120856356,2.12756190477175));
#8149=CARTESIAN_POINT('',(2.8947794358808E-16,6.79147120856356,2.23096905320799));
#8150=CARTESIAN_POINT('',(-0.133661675912682,0.252467495626756,2.12756190477175));
#8151=CARTESIAN_POINT('',(-0.102147866591851,0.260046125518999,2.08682788752137));
#8152=CARTESIAN_POINT('',(-0.000326533903998263,0.269699138788939,2.03712692130772));
#8153=CARTESIAN_POINT('',(0.102145323691479,0.260046737050933,2.08682460062747));
#8154=CARTESIAN_POINT('',(0.133661675912682,0.252467495626757,2.12756190477175));
#8155=CARTESIAN_POINT('',(0.133661675912683,0.252467495626756,2.12756190477175));
#8156=CARTESIAN_POINT('',(-0.133661675912682,0.0325325043732437,2.12756190477175));
#8157=CARTESIAN_POINT('',(-0.102147866591851,0.0249538744810012,2.08682788752137));
#8158=CARTESIAN_POINT('',(-0.000326533903998187,0.0153008612110617,2.03712692130772));
#8159=CARTESIAN_POINT('',(0.102145323691479,0.0249532629490668,2.08682460062747));
#8160=CARTESIAN_POINT('',(0.133661675912682,0.0325325043732437,2.12756190477175));
#8161=CARTESIAN_POINT('',(0.133661675912683,0.032532504373244,2.12756190477175));
#8162=CARTESIAN_POINT('',(0.133661675912683,6.79147120856356,2.12756190477175));
#8163=CARTESIAN_POINT('',(0.200578762667846,6.79147120856356,2.24766142897044));
#8164=CARTESIAN_POINT('',(0.208567558405677,6.79147120856356,2.26716656612689));
#8165=CARTESIAN_POINT('',(0.208567558405677,0.226692637275243,2.26716656612689));
#8166=CARTESIAN_POINT('',(0.208567558405677,0.0583073627247571,2.26716656612689));
#8167=CARTESIAN_POINT('',(0.208567558405676,0.226692637275243,2.26716656612689));
#8168=CARTESIAN_POINT('',(0.203241820743792,0.229081316502857,2.25416344939148));
#8169=CARTESIAN_POINT('',(0.197915959196753,0.231468071338601,2.24116003018284));
#8170=CARTESIAN_POINT('',(0.192589966930014,0.233852795616836,2.22815629181399));
#8171=CARTESIAN_POINT('',(0.192589966930016,0.233852795616836,2.22815629181399));
#8172=CARTESIAN_POINT('',(0.192589966930016,6.79147120856356,2.22815629181399));
#8173=CARTESIAN_POINT('',(0.192589966930016,0.0511472043831641,2.22815629181399));
#8174=CARTESIAN_POINT('',(0.208567558405676,0.0583073627247571,2.26716656612689));
#8175=CARTESIAN_POINT('',(0.203241820743792,0.0559186834971432,2.25416344939148));
#8176=CARTESIAN_POINT('',(0.197915959196754,0.0535319286613996,2.24116003018284));
#8177=CARTESIAN_POINT('',(0.192589966930014,0.0511472043831642,2.22815629181399));
#8178=CARTESIAN_POINT('',(0.457574656152715,6.79147120856356,2.16517974977103));
#8179=CARTESIAN_POINT('',(0.296086070751298,6.79147120856356,2.38041748397174));
#8180=CARTESIAN_POINT('',(0.296086070751303,0.205,2.38041748397175));
#8181=CARTESIAN_POINT('',(0.296086070751303,0.08,2.38041748397175));
#8182=CARTESIAN_POINT('',(0.296086070751304,0.205,2.38041748397174));
#8183=CARTESIAN_POINT('',(0.257033990555498,0.211026000137174,2.35111748594295));
#8184=CARTESIAN_POINT('',(0.226945929196328,0.218449641594249,2.3120384911013));
#8185=CARTESIAN_POINT('',(0.208567558405676,0.226692637275243,2.26716656612689));
#8186=CARTESIAN_POINT('',(0.296086070751304,0.0800000000000001,2.38041748397174));
#8187=CARTESIAN_POINT('',(0.257033990555498,0.0739739998628258,2.35111748594295));
#8188=CARTESIAN_POINT('',(0.226945929196328,0.0665503584057507,2.3120384911013));
#8189=CARTESIAN_POINT('',(0.208567558405676,0.058307362724757,2.26716656612689));
#8190=CARTESIAN_POINT('',(-0.207867246367203,6.79147120856356,2.39518720284088));
#8191=CARTESIAN_POINT('',(0.192589966930015,0.233852795616836,2.22815629181399));
#8192=CARTESIAN_POINT('',(0.177519585037838,0.240482990085276,2.19202499672158));
#8193=CARTESIAN_POINT('',(0.157894938668002,0.246710382369981,2.1584870832652));
#8194=CARTESIAN_POINT('',(0.133661675912681,0.252467495626756,2.12756190477175));
#8195=CARTESIAN_POINT('',(0.192589966930015,0.0511472043831641,2.22815629181399));
#8196=CARTESIAN_POINT('',(0.177519585037838,0.0445170099147245,2.19202499672158));
#8197=CARTESIAN_POINT('',(0.157894938668002,0.0382896176300193,2.1584870832652));
#8198=CARTESIAN_POINT('',(0.13366167591268,0.0325325043732438,2.12756190477175));
#8199=CARTESIAN_POINT('',(4.33680868994202E-17,0.2794,7.63278329429795E-15));
#8200=CARTESIAN_POINT('',(-5.4311885017963E-17,0.205,-1.85350083791461E-15));
#8201=CARTESIAN_POINT('',(-5.4311885017963E-17,0.08,-1.85350083791461E-15));
#8202=CARTESIAN_POINT('',(-1.04904129440688,6.79147120856356,1.94856107869395));
#8203=CARTESIAN_POINT('',(-0.954733608580402,0.205,2.20057676438209));
#8204=CARTESIAN_POINT('',(-0.909008541744917,0.211026014228272,2.18346582453824));
#8205=CARTESIAN_POINT('',(-0.86912949715556,0.218449653277758,2.15444657635508));
#8206=CARTESIAN_POINT('',(-0.838853740274511,0.226692637275243,2.11657011870865));
#8207=CARTESIAN_POINT('',(-0.954733608580402,0.205,2.20057676438209));
#8208=CARTESIAN_POINT('',(-0.838853740274511,0.226692637275243,2.11657011870865));
#8209=CARTESIAN_POINT('',(-0.954733608580394,6.79147120856356,2.20057676438209));
#8210=CARTESIAN_POINT('',(-0.954733608580402,0.08,2.20057676438209));
#8211=CARTESIAN_POINT('',(-0.954733608580402,0.0799999999999997,2.20057676438209));
#8212=CARTESIAN_POINT('',(-0.909008541744917,0.0739739857717279,2.18346582453824));
#8213=CARTESIAN_POINT('',(-0.86912949715556,0.0665503467222425,2.15444657635508));
#8214=CARTESIAN_POINT('',(-0.838853740274511,0.0583073627247571,2.11657011870865));
#8215=CARTESIAN_POINT('',(-0.838853740274511,0.0583073627247571,2.11657011870865));
#8216=CARTESIAN_POINT('',(-0.83885374027451,6.79147120856356,2.11657011870865));
#8217=CARTESIAN_POINT('',(-0.82569331473379,6.79147120856356,2.10010578050695));
#8218=CARTESIAN_POINT('',(-0.83885374027451,0.226692637275243,2.11657011870866));
#8219=CARTESIAN_POINT('',(-0.830080331083844,0.229081316502857,2.10559415325449));
#8220=CARTESIAN_POINT('',(-0.821306717809685,0.2314680713386,2.09461793248186));
#8221=CARTESIAN_POINT('',(-0.81253288919307,0.233852795616836,2.08364144230526));
#8222=CARTESIAN_POINT('',(-0.81253288919307,0.233852795616836,2.08364144230526));
#8223=CARTESIAN_POINT('',(-0.83885374027451,0.0583073627247572,2.11657011870866));
#8224=CARTESIAN_POINT('',(-0.830080331083844,0.0559186834971432,2.10559415325449));
#8225=CARTESIAN_POINT('',(-0.821306717809685,0.0535319286613997,2.09461793248186));
#8226=CARTESIAN_POINT('',(-0.81253288919307,0.0511472043831644,2.08364144230526));
#8227=CARTESIAN_POINT('',(-0.81253288919307,0.0511472043831641,2.08364144230526));
#8228=CARTESIAN_POINT('',(-0.81253288919307,6.79147120856356,2.08364144230526));
#8229=CARTESIAN_POINT('',(-0.475355052436305,6.79147120856356,2.3567282624198));
#8230=CARTESIAN_POINT('',(-0.81253288919307,0.233852795616836,2.08364144230525));
#8231=CARTESIAN_POINT('',(-0.787893619970278,0.240482985117648,2.05321955855296));
#8232=CARTESIAN_POINT('',(-0.759615193141752,0.246710378039574,2.02656906243114));
#8233=CARTESIAN_POINT('',(-0.727650894149522,0.252467495626756,2.00372385285178));
#8234=CARTESIAN_POINT('',(-0.727650894149524,0.252467495626756,2.00372385285178));
#8235=CARTESIAN_POINT('',(-0.81253288919307,0.0511472043831643,2.08364144230525));
#8236=CARTESIAN_POINT('',(-0.787893619970278,0.0445170148823518,2.05321955855296));
#8237=CARTESIAN_POINT('',(-0.759615193141752,0.0382896219604262,2.02656906243114));
#8238=CARTESIAN_POINT('',(-0.727650894149522,0.0325325043732437,2.00372385285178));
#8239=CARTESIAN_POINT('',(-0.727650894149524,0.0325325043732439,2.00372385285178));
#8240=CARTESIAN_POINT('',(-0.727650894149524,6.79147120856356,2.00372385285178));
#8241=CARTESIAN_POINT('',(-0.628536615594392,6.79147120856356,2.14059913090446));
#8242=CARTESIAN_POINT('',(-0.727650894149524,0.252467495626756,2.00372385285178));
#8243=CARTESIAN_POINT('',(-0.685937495765803,0.26004612932312,1.97351830042694));
#8244=CARTESIAN_POINT('',(-0.574238290079889,0.269699130615089,1.95451701587297));
#8245=CARTESIAN_POINT('',(-0.489918741085369,0.260046749589849,2.03107112532657));
#8246=CARTESIAN_POINT('',(-0.47115601639001,0.252467495626756,2.07903754426497));
#8247=CARTESIAN_POINT('',(-0.47115601639001,0.252467495626756,2.07903754426497));
#8248=CARTESIAN_POINT('',(-0.727650894149524,0.0325325043732437,2.00372385285178));
#8249=CARTESIAN_POINT('',(-0.685937495765803,0.0249538706768801,1.97351830042694));
#8250=CARTESIAN_POINT('',(-0.574238290079889,0.0153008693849115,1.95451701587296));
#8251=CARTESIAN_POINT('',(-0.489918741085368,0.0249532504101516,2.03107112532657));
#8252=CARTESIAN_POINT('',(-0.47115601639001,0.0325325043732443,2.07903754426497));
#8253=CARTESIAN_POINT('',(-0.47115601639001,0.0325325043732441,2.07903754426497));
#8254=CARTESIAN_POINT('',(-0.47115601639001,6.79147120856356,2.07903754426497));
#8255=CARTESIAN_POINT('',(-0.440785487861615,6.79147120856356,2.21312491581596));
#8256=CARTESIAN_POINT('',(-0.438615526646154,6.79147120856356,2.23409066171627));
#8257=CARTESIAN_POINT('',(-0.438615526646154,0.226692637275243,2.23409066171627));
#8258=CARTESIAN_POINT('',(-0.438615526646154,0.058307362724757,2.23409066171627));
#8259=CARTESIAN_POINT('',(-0.438615526646155,0.226692637275243,2.23409066171627));
#8260=CARTESIAN_POINT('',(-0.440062133187273,0.229081316502857,2.220113828885));
#8261=CARTESIAN_POINT('',(-0.441508773378767,0.231468071338601,2.20613667093031));
#8262=CARTESIAN_POINT('',(-0.442955449077075,0.233852795616836,2.19215916991565));
#8263=CARTESIAN_POINT('',(-0.442955449077074,0.233852795616836,2.19215916991565));
#8264=CARTESIAN_POINT('',(-0.442955449077074,6.79147120856356,2.19215916991565));
#8265=CARTESIAN_POINT('',(-0.442955449077074,0.051147204383164,2.19215916991565));
#8266=CARTESIAN_POINT('',(-0.438615526646155,0.058307362724757,2.23409066171627));
#8267=CARTESIAN_POINT('',(-0.440062133187273,0.055918683497143,2.220113828885));
#8268=CARTESIAN_POINT('',(-0.441508773378767,0.0535319286613993,2.20613667093031));
#8269=CARTESIAN_POINT('',(-0.442955449077075,0.0511472043831637,2.19215916991565));
#8270=CARTESIAN_POINT('',(-0.170961959441677,6.79147120856356,2.20638843434143));
#8271=CARTESIAN_POINT('',(-0.386548599638406,6.79147120856356,2.36741093589788));
#8272=CARTESIAN_POINT('',(-0.386548599638401,0.205,2.36741093589788));
#8273=CARTESIAN_POINT('',(-0.386548599638401,0.08,2.36741093589788));
#8274=CARTESIAN_POINT('',(-0.386548599638401,0.205,2.36741093589789));
#8275=CARTESIAN_POINT('',(-0.415764030519219,0.211025999660302,2.32829555435422));
#8276=CARTESIAN_POINT('',(-0.433623488961894,0.218449637965532,2.28232276506784));
#8277=CARTESIAN_POINT('',(-0.438615526646155,0.226692637275243,2.23409066171627));
#8278=CARTESIAN_POINT('',(-0.386548599638401,0.0799999999999998,2.36741093589789));
#8279=CARTESIAN_POINT('',(-0.415764030519219,0.0739740003396978,2.32829555435422));
#8280=CARTESIAN_POINT('',(-0.433623488961894,0.066550362034468,2.28232276506784));
#8281=CARTESIAN_POINT('',(-0.438615526646155,0.0583073627247571,2.23409066171627));
#8282=CARTESIAN_POINT('',(-0.874249377104156,6.79147120856356,2.23960232081456));
#8283=CARTESIAN_POINT('',(-0.442955449077074,0.233852795616836,2.19215916991565));
#8284=CARTESIAN_POINT('',(-0.447236010934887,0.240482987716932,2.15324564282398));
#8285=CARTESIAN_POINT('',(-0.456616995442339,0.246710380305387,2.11553734790328));
#8286=CARTESIAN_POINT('',(-0.47115601639001,0.252467495626756,2.07903754426497));
#8287=CARTESIAN_POINT('',(-0.442955449077074,0.0511472043831637,2.19215916991565));
#8288=CARTESIAN_POINT('',(-0.447236010934887,0.0445170122830683,2.15324564282398));
#8289=CARTESIAN_POINT('',(-0.456616995442339,0.0382896196946127,2.11553734790328));
#8290=CARTESIAN_POINT('',(-0.47115601639001,0.0325325043732442,2.07903754426497));
#8291=CARTESIAN_POINT('',(4.33680868994202E-17,0.2794,7.63278329429795E-15));
#8292=CARTESIAN_POINT('',(-5.4311885017963E-17,0.205,-1.85350083791461E-15));
#8293=CARTESIAN_POINT('',(-5.4311885017963E-17,0.08,-1.85350083791461E-15));
#8294=CARTESIAN_POINT('',(-1.55552084587699,6.79147120856356,1.57408157756004));
#8295=CARTESIAN_POINT('',(-1.53603430746172,0.205,1.84245840267614));
#8296=CARTESIAN_POINT('',(-1.48734068619655,0.211026018199072,1.83892281378559));
#8297=CARTESIAN_POINT('',(-1.44090139863243,0.218449651116219,1.82231428387378));
#8298=CARTESIAN_POINT('',(-1.40118098096159,0.226692637275243,1.79450174799982));
#8299=CARTESIAN_POINT('',(-1.53603430746172,0.205,1.84245840267614));
#8300=CARTESIAN_POINT('',(-1.40118098096159,0.226692637275243,1.79450174799982));
#8301=CARTESIAN_POINT('',(-1.53603430746171,6.79147120856356,1.84245840267614));
#8302=CARTESIAN_POINT('',(-1.53603430746172,0.08,1.84245840267614));
#8303=CARTESIAN_POINT('',(-1.53603430746172,0.0800000000000003,1.84245840267614));
#8304=CARTESIAN_POINT('',(-1.48734068619655,0.0739739818009279,1.83892281378559));
#8305=CARTESIAN_POINT('',(-1.44090139863243,0.0665503488837811,1.82231428387379));
#8306=CARTESIAN_POINT('',(-1.40118098096159,0.0583073627247568,1.79450174799982));
#8307=CARTESIAN_POINT('',(-1.40118098096159,0.058307362724757,1.79450174799982));
#8308=CARTESIAN_POINT('',(-1.40118098096159,6.79147120856356,1.79450174799982));
#8309=CARTESIAN_POINT('',(-1.38391510502723,6.79147120856356,1.78241205151678));
#8310=CARTESIAN_POINT('',(-1.40118098096159,0.226692637275243,1.79450174799982));
#8311=CARTESIAN_POINT('',(-1.3896706696773,0.229081316502857,1.78644214127142));
#8312=CARTESIAN_POINT('',(-1.3781600906448,0.231468071338601,1.77838234706371));
#8313=CARTESIAN_POINT('',(-1.36664922909286,0.233852795616836,1.77032235503375));
#8314=CARTESIAN_POINT('',(-1.36664922909286,0.233852795616836,1.77032235503375));
#8315=CARTESIAN_POINT('',(-1.40118098096159,0.0583073627247567,1.79450174799982));
#8316=CARTESIAN_POINT('',(-1.3896706696773,0.0559186834971427,1.78644214127142));
#8317=CARTESIAN_POINT('',(-1.3781600906448,0.0535319286613992,1.77838234706371));
#8318=CARTESIAN_POINT('',(-1.36664922909286,0.0511472043831639,1.77032235503375));
#8319=CARTESIAN_POINT('',(-1.36664922909286,0.051147204383164,1.77032235503375));
#8320=CARTESIAN_POINT('',(-1.36664922909286,6.79147120856356,1.77032235503375));
#8321=CARTESIAN_POINT('',(-1.12006691193678,6.79147120856356,2.12734121418013));
#8322=CARTESIAN_POINT('',(-1.36664922909286,0.233852795616836,1.77032235503375));
#8323=CARTESIAN_POINT('',(-1.3344371980592,0.240482983109973,1.74807446238299));
#8324=CARTESIAN_POINT('',(-1.29979593532511,0.246710376289385,1.73047044929382));
#8325=CARTESIAN_POINT('',(-1.26269016444887,0.252467495626756,1.71755601097836));
#8326=CARTESIAN_POINT('',(-1.26269016444887,0.252467495626756,1.71755601097835));
#8327=CARTESIAN_POINT('',(-1.36664922909286,0.0511472043831639,1.77032235503375));
#8328=CARTESIAN_POINT('',(-1.3344371980592,0.044517016890027,1.74807446238299));
#8329=CARTESIAN_POINT('',(-1.29979593532511,0.0382896237106151,1.73047044929382));
#8330=CARTESIAN_POINT('',(-1.26269016444887,0.0325325043732441,1.71755601097836));
#8331=CARTESIAN_POINT('',(-1.26269016444887,0.0325325043732439,1.71755601097835));
#8332=CARTESIAN_POINT('',(-1.26269016444887,6.79147120856356,1.71755601097835));
#8333=CARTESIAN_POINT('',(-1.20615293264451,6.79147120856356,1.87681059764826));
#8334=CARTESIAN_POINT('',(-1.26269016444887,0.252467495626756,1.71755601097835));
#8335=CARTESIAN_POINT('',(-1.21415640139728,0.260046154757422,1.70032596021898));
#8336=CARTESIAN_POINT('',(-1.10162871689103,0.269699115884379,1.71356379275308));
#8337=CARTESIAN_POINT('',(-1.04229245337527,0.260046753636529,1.81077238669668));
#8338=CARTESIAN_POINT('',(-1.03780345031751,0.252467495626757,1.86208192643419));
#8339=CARTESIAN_POINT('',(-1.03780345031751,0.252467495626756,1.86208192643419));
#8340=CARTESIAN_POINT('',(-1.26269016444887,0.0325325043732439,1.71755601097835));
#8341=CARTESIAN_POINT('',(-1.21415640139728,0.0249538452425783,1.70032596021898));
#8342=CARTESIAN_POINT('',(-1.10162871689103,0.0153008841156208,1.71356379275308));
#8343=CARTESIAN_POINT('',(-1.04229245337527,0.0249532463634712,1.81077238669668));
#8344=CARTESIAN_POINT('',(-1.03780345031751,0.0325325043732435,1.86208192643419));
#8345=CARTESIAN_POINT('',(-1.03780345031751,0.0325325043732439,1.86208192643419));
#8346=CARTESIAN_POINT('',(-1.03780345031751,6.79147120856356,1.86208192643419));
#8347=CARTESIAN_POINT('',(-1.04643991961676,6.79147120856356,1.99929418394274));
#8348=CARTESIAN_POINT('',(-1.05026459027609,6.79147120856356,2.02002201854215));
#8349=CARTESIAN_POINT('',(-1.05026459027609,0.226692637275243,2.02002201854215));
#8350=CARTESIAN_POINT('',(-1.05026459027609,0.058307362724757,2.02002201854215));
#8351=CARTESIAN_POINT('',(-1.05026459027609,0.226692637275244,2.02002201854215));
#8352=CARTESIAN_POINT('',(-1.04771487023778,0.229081316502857,2.00620378948759));
#8353=CARTESIAN_POINT('',(-1.04516509088892,0.231468071338601,1.99238523899899));
#8354=CARTESIAN_POINT('',(-1.04261524895743,0.233852795616836,1.97856634934333));
#8355=CARTESIAN_POINT('',(-1.04261524895743,0.233852795616836,1.97856634934333));
#8356=CARTESIAN_POINT('',(-1.04261524895743,6.79147120856356,1.97856634934333));
#8357=CARTESIAN_POINT('',(-1.04261524895743,0.051147204383164,1.97856634934333));
#8358=CARTESIAN_POINT('',(-1.05026459027609,0.0583073627247565,2.02002201854215));
#8359=CARTESIAN_POINT('',(-1.04771487023778,0.0559186834971428,2.00620378948759));
#8360=CARTESIAN_POINT('',(-1.04516509088892,0.0535319286613993,1.99238523899899));
#8361=CARTESIAN_POINT('',(-1.04261524895743,0.0511472043831641,1.97856634934333));
#8362=CARTESIAN_POINT('',(-0.785648253832028,6.79147120856356,2.06884864985877));
#8363=CARTESIAN_POINT('',(-1.03786740137845,6.79147120856356,2.16261083333253));
#8364=CARTESIAN_POINT('',(-1.03786740137844,0.205,2.16261083333254));
#8365=CARTESIAN_POINT('',(-1.03786740137844,0.08,2.16261083333254));
#8366=CARTESIAN_POINT('',(-1.03786740137844,0.205,2.16261083333254));
#8367=CARTESIAN_POINT('',(-1.05487936084677,0.211026012154136,2.11684886666081));
#8368=CARTESIAN_POINT('',(-1.05906331626542,0.218449640520936,2.06770678756856));
#8369=CARTESIAN_POINT('',(-1.05026459027609,0.226692637275244,2.02002201854214));
#8370=CARTESIAN_POINT('',(-1.03786740137844,0.0799999999999998,2.16261083333254));
#8371=CARTESIAN_POINT('',(-1.05487936084677,0.0739739878458646,2.11684886666081));
#8372=CARTESIAN_POINT('',(-1.05906331626542,0.0665503594790643,2.06770678756856));
#8373=CARTESIAN_POINT('',(-1.05026459027609,0.0583073627247566,2.02002201854215));
#8374=CARTESIAN_POINT('',(-1.46980502266937,6.79147120856356,1.90257817818371));
#8375=CARTESIAN_POINT('',(-1.04261524895743,0.233852795616836,1.97856634934333));
#8376=CARTESIAN_POINT('',(-1.03575921221572,0.240482986057598,1.94002312952958));
#8377=CARTESIAN_POINT('',(-1.03413654395689,0.246710378858887,1.90119935693745));
#8378=CARTESIAN_POINT('',(-1.03780345031751,0.252467495626756,1.86208192643419));
#8379=CARTESIAN_POINT('',(-1.04261524895743,0.051147204383164,1.97856634934333));
#8380=CARTESIAN_POINT('',(-1.03575921221572,0.0445170139424025,1.94002312952958));
#8381=CARTESIAN_POINT('',(-1.03413654395689,0.0382896211411133,1.90119935693745));
#8382=CARTESIAN_POINT('',(-1.03780345031751,0.0325325043732437,1.86208192643419));
#8383=CARTESIAN_POINT('',(4.33680868994202E-17,0.2794,7.63278329429795E-15));
#8384=CARTESIAN_POINT('',(-5.4311885017963E-17,0.205,-1.85350083791461E-15));
#8385=CARTESIAN_POINT('',(-5.4311885017963E-17,0.08,-1.85350083791461E-15));
#8386=CARTESIAN_POINT('',(-1.93598134945284,6.79147120856356,1.07207934843581));
#8387=CARTESIAN_POINT('',(-1.99289464190025,0.205,1.3350750187074));
#8388=CARTESIAN_POINT('',(-1.94517738565991,0.211026015455952,1.34540121972961));
#8389=CARTESIAN_POINT('',(-1.89594007620478,0.218449642867119,1.34254893140801));
#8390=CARTESIAN_POINT('',(-1.84999287171532,0.226692637275243,1.32705351798087));
#8391=CARTESIAN_POINT('',(-1.99289464190025,0.205,1.3350750187074));
#8392=CARTESIAN_POINT('',(-1.84999287171532,0.226692637275243,1.32705351798087));
#8393=CARTESIAN_POINT('',(-1.99289464190025,6.79147120856356,1.33507501870741));
#8394=CARTESIAN_POINT('',(-1.99289464190025,0.08,1.3350750187074));
#8395=CARTESIAN_POINT('',(-1.99289464190025,0.0799999999999998,1.3350750187074));
#8396=CARTESIAN_POINT('',(-1.94517738565991,0.0739739845440476,1.34540121972961));
#8397=CARTESIAN_POINT('',(-1.89594007620478,0.0665503571328809,1.34254893140801));
#8398=CARTESIAN_POINT('',(-1.84999287171532,0.0583073627247568,1.32705351798087));
#8399=CARTESIAN_POINT('',(-1.84999287171532,0.058307362724757,1.32705351798087));
#8400=CARTESIAN_POINT('',(-1.84999287171532,6.79147120856356,1.32705351798087));
#8401=CARTESIAN_POINT('',(-1.83002032397139,6.79147120856356,1.32031789852536));
#8402=CARTESIAN_POINT('',(-1.84999287171532,0.226692637275243,1.32705351798087));
#8403=CARTESIAN_POINT('',(-1.8366781553032,0.229081316502857,1.32256321138304));
#8404=CARTESIAN_POINT('',(-1.82336312916953,0.231468071338601,1.31807280033351));
#8405=CARTESIAN_POINT('',(-1.81004777622747,0.233852795616836,1.31358227906985));
#8406=CARTESIAN_POINT('',(-1.81004777622747,0.233852795616836,1.31358227906985));
#8407=CARTESIAN_POINT('',(-1.84999287171532,0.0583073627247568,1.32705351798087));
#8408=CARTESIAN_POINT('',(-1.8366781553032,0.0559186834971429,1.32256321138304));
#8409=CARTESIAN_POINT('',(-1.82336312916953,0.0535319286613995,1.31807280033351));
#8410=CARTESIAN_POINT('',(-1.81004777622747,0.0511472043831641,1.31358227906985));
#8411=CARTESIAN_POINT('',(-1.81004777622747,0.051147204383164,1.31358227906985));
#8412=CARTESIAN_POINT('',(-1.81004777622747,6.79147120856356,1.31358227906985));
#8413=CARTESIAN_POINT('',(-1.67403761152655,6.79147120856356,1.72560963255294));
#8414=CARTESIAN_POINT('',(-1.81004777622747,0.233852795616836,1.31358227906985));
#8415=CARTESIAN_POINT('',(-1.77287259119278,0.240482985234335,1.301310756326));
#8416=CARTESIAN_POINT('',(-1.73467491867285,0.246710378141228,1.29417940429051));
#8417=CARTESIAN_POINT('',(-1.69543378713212,0.252467495626757,1.29224199579437));
#8418=CARTESIAN_POINT('',(-1.69543378713212,0.252467495626756,1.29224199579437));
#8419=CARTESIAN_POINT('',(-1.81004777622747,0.0511472043831641,1.31358227906985));
#8420=CARTESIAN_POINT('',(-1.77287259119278,0.0445170147656656,1.301310756326));
#8421=CARTESIAN_POINT('',(-1.73467491867285,0.0382896218587724,1.29417940429051));
#8422=CARTESIAN_POINT('',(-1.69543378713212,0.0325325043732436,1.29224199579437));
#8423=CARTESIAN_POINT('',(-1.69543378713212,0.0325325043732439,1.29224199579437));
#8424=CARTESIAN_POINT('',(-1.69543378713212,6.79147120856356,1.29224199579437));
#8425=CARTESIAN_POINT('',(-1.68605391235946,6.79147120856356,1.46097403159301));
#8426=CARTESIAN_POINT('',(-1.69543378713212,0.252467495626757,1.29224199579437));
#8427=CARTESIAN_POINT('',(-1.6440116561461,0.260046163615047,1.28938342097241));
#8428=CARTESIAN_POINT('',(-1.53977173625035,0.269699112098989,1.33378775854864));
#8429=CARTESIAN_POINT('',(-1.51022582153854,0.260046752358206,1.44377567250134));
#8430=CARTESIAN_POINT('',(-1.52037422075505,0.252467495626756,1.49427150515134));
#8431=CARTESIAN_POINT('',(-1.52037422075505,0.252467495626756,1.49427150515134));
#8432=CARTESIAN_POINT('',(-1.69543378713212,0.0325325043732435,1.29224199579437));
#8433=CARTESIAN_POINT('',(-1.6440116561461,0.0249538363849529,1.28938342097241));
#8434=CARTESIAN_POINT('',(-1.53977173625035,0.0153008879010118,1.33378775854864));
#8435=CARTESIAN_POINT('',(-1.51022582153854,0.0249532476417942,1.44377567250134));
#8436=CARTESIAN_POINT('',(-1.52037422075505,0.0325325043732437,1.49427150515134));
#8437=CARTESIAN_POINT('',(-1.52037422075505,0.0325325043732439,1.49427150515134));
#8438=CARTESIAN_POINT('',(-1.52037422075505,6.79147120856356,1.49427150515134));
#8439=CARTESIAN_POINT('',(-1.56731801250239,6.79147120856356,1.62349252754681));
#8440=CARTESIAN_POINT('',(-1.57682746296589,6.79147120856356,1.64230320495926));
#8441=CARTESIAN_POINT('',(-1.57682746296589,0.226692637275243,1.64230320495926));
#8442=CARTESIAN_POINT('',(-1.57682746296589,0.058307362724757,1.64230320495926));
#8443=CARTESIAN_POINT('',(-1.57682746296589,0.226692637275243,1.64230320495926));
#8444=CARTESIAN_POINT('',(-1.57048797950189,0.229081316502857,1.62976305041925));
#8445=CARTESIAN_POINT('',(-1.56414834857139,0.231468071338601,1.61722260417523));
#8446=CARTESIAN_POINT('',(-1.5578085620389,0.233852795616836,1.60468185013437));
#8447=CARTESIAN_POINT('',(-1.55780856203889,0.233852795616836,1.60468185013437));
#8448=CARTESIAN_POINT('',(-1.55780856203889,6.79147120856356,1.60468185013437));
#8449=CARTESIAN_POINT('',(-1.55780856203889,0.051147204383164,1.60468185013437));
#8450=CARTESIAN_POINT('',(-1.57682746296589,0.0583073627247571,1.64230320495926));
#8451=CARTESIAN_POINT('',(-1.57048797950189,0.0559186834971431,1.62976305041925));
#8452=CARTESIAN_POINT('',(-1.56414834857139,0.0535319286613995,1.61722260417523));
#8453=CARTESIAN_POINT('',(-1.5578085620389,0.051147204383164,1.60468185013437));
#8454=CARTESIAN_POINT('',(-1.33668599912698,6.79147120856356,1.76370305168123));
#8455=CARTESIAN_POINT('',(-1.60510435869391,6.79147120856356,1.78260886259244));
#8456=CARTESIAN_POINT('',(-1.60510435869391,0.205,1.78260886259245));
#8457=CARTESIAN_POINT('',(-1.60510435869391,0.08,1.78260886259245));
#8458=CARTESIAN_POINT('',(-1.6051043586939,0.205,1.78260886259245));
#8459=CARTESIAN_POINT('',(-1.60853458137953,0.211026017397778,1.7339077118961));
#8460=CARTESIAN_POINT('',(-1.59870411540926,0.218449646255872,1.68557748811119));
#8461=CARTESIAN_POINT('',(-1.57682746296589,0.226692637275243,1.64230320495926));
#8462=CARTESIAN_POINT('',(-1.6051043586939,0.0800000000000001,1.78260886259245));
#8463=CARTESIAN_POINT('',(-1.60853458137953,0.0739739826022218,1.7339077118961));
#8464=CARTESIAN_POINT('',(-1.59870411540926,0.0665503537441278,1.68557748811119));
#8465=CARTESIAN_POINT('',(-1.57682746296589,0.0583073627247571,1.64230320495926));
#8466=CARTESIAN_POINT('',(-1.94628580656497,6.79147120856356,1.41141846662452));
#8467=CARTESIAN_POINT('',(-1.5578085620389,0.233852795616836,1.60468185013437));
#8468=CARTESIAN_POINT('',(-1.5403713677294,0.240482984294064,1.56963147962653));
#8469=CARTESIAN_POINT('',(-1.5278765055832,0.246710377321576,1.53283750206794));
#8470=CARTESIAN_POINT('',(-1.52037422075505,0.252467495626756,1.49427150515134));
#8471=CARTESIAN_POINT('',(-1.5578085620389,0.0511472043831641,1.60468185013437));
#8472=CARTESIAN_POINT('',(-1.5403713677294,0.0445170157059359,1.56963147962653));
#8473=CARTESIAN_POINT('',(-1.5278765055832,0.0382896226784243,1.53283750206794));
#8474=CARTESIAN_POINT('',(-1.52037422075505,0.0325325043732439,1.49427150515134));
#8475=CARTESIAN_POINT('',(4.33680868994202E-17,0.2794,7.63278329429795E-15));
#8476=CARTESIAN_POINT('',(-5.4311885017963E-17,0.205,-1.85350083791461E-15));
#8477=CARTESIAN_POINT('',(-5.4311885017963E-17,0.08,-1.85350083791461E-15));
#8478=CARTESIAN_POINT('',(-2.15960015782042,6.79147120856356,0.483223626402699));
#8479=CARTESIAN_POINT('',(-2.28830250465283,0.205,0.719531796719851));
#8480=CARTESIAN_POINT('',(-2.24542741896767,0.21102600711005,0.742883186309619));
#8481=CARTESIAN_POINT('',(-2.19738094766983,0.218449638949587,0.75401822204621));
#8482=CARTESIAN_POINT('',(-2.14892934233392,0.226692637275243,0.752095304226269));
#8483=CARTESIAN_POINT('',(-2.28830250465283,0.205,0.719531796719851));
#8484=CARTESIAN_POINT('',(-2.14892934233392,0.226692637275243,0.752095304226268));
#8485=CARTESIAN_POINT('',(-2.28830250465283,6.79147120856356,0.719531796719857));
#8486=CARTESIAN_POINT('',(-2.28830250465283,0.08,0.719531796719851));
#8487=CARTESIAN_POINT('',(-2.28830250465283,0.0799999999999996,0.719531796719851));
#8488=CARTESIAN_POINT('',(-2.24542741896767,0.0739739928899504,0.742883186309619));
#8489=CARTESIAN_POINT('',(-2.19738094766983,0.0665503610504127,0.75401822204621));
#8490=CARTESIAN_POINT('',(-2.14892934233392,0.0583073627247567,0.752095304226269));
#8491=CARTESIAN_POINT('',(-2.14892934233392,0.0583073627247569,0.752095304226268));
#8492=CARTESIAN_POINT('',(-2.14892934233392,6.79147120856356,0.752095304226269));
#8493=CARTESIAN_POINT('',(-2.12786817981734,6.79147120856356,0.7512594416283));
#8494=CARTESIAN_POINT('',(-2.14892934233392,0.226692637275243,0.752095304226269));
#8495=CARTESIAN_POINT('',(-2.13488889993201,0.229081316502857,0.751538075694679));
#8496=CARTESIAN_POINT('',(-2.12084813092701,0.231468071338601,0.750980834201065));
#8497=CARTESIAN_POINT('',(-2.10680701730075,0.233852795616836,0.750423579030331));
#8498=CARTESIAN_POINT('',(-2.10680701730075,0.233852795616836,0.750423579030331));
#8499=CARTESIAN_POINT('',(-2.14892934233392,0.0583073627247567,0.752095304226269));
#8500=CARTESIAN_POINT('',(-2.13488889993201,0.0559186834971428,0.751538075694679));
#8501=CARTESIAN_POINT('',(-2.12084813092701,0.0535319286613993,0.750980834201065));
#8502=CARTESIAN_POINT('',(-2.10680701730075,0.0511472043831638,0.750423579030331));
#8503=CARTESIAN_POINT('',(-2.10680701730075,0.0511472043831639,0.750423579030331));
#8504=CARTESIAN_POINT('',(-2.10680701730075,6.79147120856356,0.750423579030331));
#8505=CARTESIAN_POINT('',(-2.09238773971546,6.79147120856356,1.18407942109194));
#8506=CARTESIAN_POINT('',(-2.10680701730075,0.233852795616836,0.750423579030332));
#8507=CARTESIAN_POINT('',(-2.06768039141542,0.240482986856485,0.749122598794635));
#8508=CARTESIAN_POINT('',(-2.02902085917206,0.246710379555302,0.75304164714582));
#8509=CARTESIAN_POINT('',(-1.99082344751491,0.252467495626756,0.762238219370194));
#8510=CARTESIAN_POINT('',(-1.99082344751491,0.252467495626756,0.762238219370193));
#8511=CARTESIAN_POINT('',(-2.10680701730075,0.0511472043831639,0.750423579030332));
#8512=CARTESIAN_POINT('',(-2.06768039141542,0.0445170131435153,0.749122598794635));
#8513=CARTESIAN_POINT('',(-2.02902085917206,0.0382896204446977,0.75304164714582));
#8514=CARTESIAN_POINT('',(-1.99082344751491,0.0325325043732439,0.762238219370194));
#8515=CARTESIAN_POINT('',(-1.99082344751491,0.0325325043732438,0.762238219370193));
#8516=CARTESIAN_POINT('',(-1.99082344751491,6.79147120856356,0.762238219370193));
#8517=CARTESIAN_POINT('',(-2.02936083144377,6.79147120856356,0.926778038245206));
#8518=CARTESIAN_POINT('',(-1.99082344751491,0.252467495626756,0.762238219370193));
#8519=CARTESIAN_POINT('',(-1.9406789433451,0.260046160170181,0.77398272001646));
#8520=CARTESIAN_POINT('',(-1.85317157287641,0.269699117419141,0.845956139283754));
#8521=CARTESIAN_POINT('',(-1.8558096988018,0.26004674516434,0.959812874403614));
#8522=CARTESIAN_POINT('',(-1.87977331384067,0.252467495626756,1.00540409329596));
#8523=CARTESIAN_POINT('',(-1.87977331384067,0.252467495626756,1.00540409329596));
#8524=CARTESIAN_POINT('',(-1.99082344751491,0.0325325043732438,0.762238219370193));
#8525=CARTESIAN_POINT('',(-1.9406789433451,0.0249538398298187,0.77398272001646));
#8526=CARTESIAN_POINT('',(-1.85317157287641,0.0153008825808589,0.845956139283754));
#8527=CARTESIAN_POINT('',(-1.8558096988018,0.0249532548356603,0.959812874403614));
#8528=CARTESIAN_POINT('',(-1.87977331384067,0.032532504373244,1.00540409329596));
#8529=CARTESIAN_POINT('',(-1.87977331384067,0.0325325043732438,1.00540409329596));
#8530=CARTESIAN_POINT('',(-1.87977331384067,6.79147120856356,1.00540409329596));
#8531=CARTESIAN_POINT('',(-1.9612213212142,6.79147120856356,1.11616516185089));
#8532=CARTESIAN_POINT('',(-1.97564515236019,6.79147120856356,1.13153475286382));
#8533=CARTESIAN_POINT('',(-1.97564515236019,0.226692637275243,1.13153475286382));
#8534=CARTESIAN_POINT('',(-1.97564515236019,0.0583073627247569,1.13153475286382));
#8535=CARTESIAN_POINT('',(-1.97564515236019,0.226692637275243,1.13153475286382));
#8536=CARTESIAN_POINT('',(-1.96602949271839,0.229081316502857,1.12128860158));
#8537=CARTESIAN_POINT('',(-1.956413609401,0.231468071338601,1.11104221195436));
#8538=CARTESIAN_POINT('',(-1.94679749006821,0.233852795616836,1.10079557083795));
#8539=CARTESIAN_POINT('',(-1.94679749006822,0.233852795616836,1.10079557083795));
#8540=CARTESIAN_POINT('',(-1.94679749006822,6.79147120856356,1.10079557083795));
#8541=CARTESIAN_POINT('',(-1.94679749006822,0.051147204383164,1.10079557083795));
#8542=CARTESIAN_POINT('',(-1.97564515236019,0.0583073627247568,1.13153475286382));
#8543=CARTESIAN_POINT('',(-1.96602949271839,0.0559186834971427,1.12128860158));
#8544=CARTESIAN_POINT('',(-1.956413609401,0.0535319286613992,1.11104221195436));
#8545=CARTESIAN_POINT('',(-1.94679749006821,0.0511472043831638,1.10079557083795));
#8546=CARTESIAN_POINT('',(-1.7794333943504,6.79147120856356,1.3156727214024));
#8547=CARTESIAN_POINT('',(-2.04230530679117,6.79147120856356,1.25819052338822));
#8548=CARTESIAN_POINT('',(-2.04230530679117,0.205,1.25819052338823));
#8549=CARTESIAN_POINT('',(-2.04230530679117,0.08,1.25819052338823));
#8550=CARTESIAN_POINT('',(-2.04230530679117,0.205,1.25819052338823));
#8551=CARTESIAN_POINT('',(-2.0318758806369,0.21102601798265,1.21049570145123));
#8552=CARTESIAN_POINT('',(-2.00882737306294,0.218449658189939,1.16689270706755));
#8553=CARTESIAN_POINT('',(-1.97564515236019,0.226692637275243,1.13153475286382));
#8554=CARTESIAN_POINT('',(-2.04230530679117,0.08,1.25819052338823));
#8555=CARTESIAN_POINT('',(-2.0318758806369,0.0739739820173497,1.21049570145123));
#8556=CARTESIAN_POINT('',(-2.00882737306294,0.0665503418100612,1.16689270706755));
#8557=CARTESIAN_POINT('',(-1.97564515236019,0.058307362724757,1.13153475286382));
#8558=CARTESIAN_POINT('',(-2.26509008942005,6.79147120856356,0.805914024928245));
#8559=CARTESIAN_POINT('',(-1.94679749006822,0.233852795616836,1.10079557083795));
#8560=CARTESIAN_POINT('',(-1.92019180546739,0.240482981473073,1.07207762416887));
#8561=CARTESIAN_POINT('',(-1.89783700805353,0.246710374862476,1.0402942733741));
#8562=CARTESIAN_POINT('',(-1.87977331384067,0.252467495626756,1.00540409329596));
#8563=CARTESIAN_POINT('',(-1.94679749006822,0.051147204383164,1.10079557083795));
#8564=CARTESIAN_POINT('',(-1.92019180546739,0.0445170185269275,1.07207762416887));
#8565=CARTESIAN_POINT('',(-1.89783700805353,0.0382896251375246,1.0402942733741));
#8566=CARTESIAN_POINT('',(-1.87977331384067,0.0325325043732441,1.00540409329596));
#8567=CARTESIAN_POINT('',(4.33680868994202E-17,0.2794,7.63278329429795E-15));
#8568=CARTESIAN_POINT('',(-5.4311885017963E-17,0.205,-1.85350083791461E-15));
#8569=CARTESIAN_POINT('',(-5.4311885017963E-17,0.08,-1.85350083791461E-15));
#8570=CARTESIAN_POINT('',(-2.20826100503808,6.79147120856356,-0.144779999999997));
#8571=CARTESIAN_POINT('',(-2.39832570753744,0.205,0.0456963877824222));
#8572=CARTESIAN_POINT('',(-2.36376631685379,0.21102598861338,0.0801810836826311));
#8573=CARTESIAN_POINT('',(-2.32080307008877,0.218449637399673,0.10440143106923));
#8574=CARTESIAN_POINT('',(-2.27377233781152,0.226692637275243,0.116206801806256));
#8575=CARTESIAN_POINT('',(-2.39832570753744,0.205,0.0456963877824223));
#8576=CARTESIAN_POINT('',(-2.27377233781152,0.226692637275243,0.116206801806255));
#8577=CARTESIAN_POINT('',(-2.39832570753743,6.79147120856356,0.045696387782431));
#8578=CARTESIAN_POINT('',(-2.39832570753744,0.08,0.0456963877824223));
#8579=CARTESIAN_POINT('',(-2.39832570753744,0.0800000000000001,0.0456963877824222));
#8580=CARTESIAN_POINT('',(-2.36376631685379,0.07397401138662,0.0801810836826311));
#8581=CARTESIAN_POINT('',(-2.32080307008877,0.0665503626003275,0.10440143106923));
#8582=CARTESIAN_POINT('',(-2.27377233781152,0.0583073627247568,0.116206801806256));
#8583=CARTESIAN_POINT('',(-2.27377233781152,0.0583073627247568,0.116206801806255));
#8584=CARTESIAN_POINT('',(-2.27377233781152,6.79147120856356,0.116206801806256));
#8585=CARTESIAN_POINT('',(-2.25332881065381,6.79147120856356,0.121338412682448));
#8586=CARTESIAN_POINT('',(-2.27377233781152,0.226692637275243,0.116206801806255));
#8587=CARTESIAN_POINT('',(-2.2601436425615,0.229081316502857,0.119627794682572));
#8588=CARTESIAN_POINT('',(-2.24651463028628,0.231468071338601,0.123048867136642));
#8589=CARTESIAN_POINT('',(-2.2328852834961,0.233852795616836,0.126470023558641));
#8590=CARTESIAN_POINT('',(-2.2328852834961,0.233852795616836,0.126470023558641));
#8591=CARTESIAN_POINT('',(-2.27377233781152,0.0583073627247567,0.116206801806255));
#8592=CARTESIAN_POINT('',(-2.2601436425615,0.0559186834971429,0.119627794682572));
#8593=CARTESIAN_POINT('',(-2.24651463028628,0.0535319286613994,0.123048867136642));
#8594=CARTESIAN_POINT('',(-2.23288528349609,0.051147204383164,0.126470023558641));
#8595=CARTESIAN_POINT('',(-2.2328852834961,0.0511472043831638,0.126470023558641));
#8596=CARTESIAN_POINT('',(-2.2328852834961,6.79147120856356,0.126470023558641));
#8597=CARTESIAN_POINT('',(-2.34122505714165,6.79147120856356,0.546622136925546));
#8598=CARTESIAN_POINT('',(-2.2328852834961,0.233852795616836,0.126470023558642));
#8599=CARTESIAN_POINT('',(-2.19497702160923,0.240482988741995,0.13624498929476));
#8600=CARTESIAN_POINT('',(-2.15898759662729,0.246710381198981,0.150896940328098));
#8601=CARTESIAN_POINT('',(-2.12492843206297,0.252467495626756,0.170482435617881));
#8602=CARTESIAN_POINT('',(-2.12492843206297,0.252467495626756,0.170482435617881));
#8603=CARTESIAN_POINT('',(-2.2328852834961,0.0511472043831641,0.126470023558642));
#8604=CARTESIAN_POINT('',(-2.19497702160923,0.0445170112580047,0.13624498929476));
#8605=CARTESIAN_POINT('',(-2.15898759662729,0.0382896188010194,0.150896940328098));
#8606=CARTESIAN_POINT('',(-2.12492843206297,0.0325325043732439,0.170482435617881));
#8607=CARTESIAN_POINT('',(-2.12492843206297,0.0325325043732436,0.170482435617881));
#8608=CARTESIAN_POINT('',(-2.12492843206297,6.79147120856356,0.170482435617881));
#8609=CARTESIAN_POINT('',(-2.20826100503808,6.79147120856356,0.3175));
#8610=CARTESIAN_POINT('',(-2.12492843206297,0.252467495626756,0.170482435617881));
#8611=CARTESIAN_POINT('',(-2.08012404317173,0.260046142861235,0.195878482835613));
#8612=CARTESIAN_POINT('',(-2.01643839943334,0.269699134575099,0.289590182353173));
#8613=CARTESIAN_POINT('',(-2.05104698197735,0.260046728157119,0.398091780530012));
#8614=CARTESIAN_POINT('',(-2.08688435248127,0.252467495626756,0.435084821170107));
#8615=CARTESIAN_POINT('',(-2.08688435248127,0.252467495626756,0.435084821170107));
#8616=CARTESIAN_POINT('',(-2.12492843206297,0.0325325043732439,0.170482435617881));
#8617=CARTESIAN_POINT('',(-2.08012404317173,0.0249538571387649,0.195878482835613));
#8618=CARTESIAN_POINT('',(-2.01643839943334,0.0153008654249016,0.289590182353173));
#8619=CARTESIAN_POINT('',(-2.05104698197735,0.0249532718428813,0.398091780530012));
#8620=CARTESIAN_POINT('',(-2.08688435248127,0.0325325043732439,0.435084821170107));
#8621=CARTESIAN_POINT('',(-2.08688435248127,0.0325325043732437,0.435084821170107));
#8622=CARTESIAN_POINT('',(-2.08688435248127,6.79147120856356,0.435084821170107));
#8623=CARTESIAN_POINT('',(-2.19623814231355,6.79147120856356,0.51841273283161));
#8624=CARTESIAN_POINT('',(-2.2144078211244,6.79147120856356,0.52909608458764));
#8625=CARTESIAN_POINT('',(-2.2144078211244,0.226692637275243,0.52909608458764));
#8626=CARTESIAN_POINT('',(-2.2144078211244,0.0583073627247568,0.52909608458764));
#8627=CARTESIAN_POINT('',(-2.2144078211244,0.226692637275243,0.529096084587642));
#8628=CARTESIAN_POINT('',(-2.20229498886245,0.229081316502857,0.521974018800828));
#8629=CARTESIAN_POINT('',(-2.1901818748367,0.231468071338601,0.514851787343402));
#8630=CARTESIAN_POINT('',(-2.17806846350269,0.233852795616836,0.50772938107558));
#8631=CARTESIAN_POINT('',(-2.17806846350269,0.233852795616837,0.507729381075579));
#8632=CARTESIAN_POINT('',(-2.17806846350269,6.79147120856356,0.507729381075579));
#8633=CARTESIAN_POINT('',(-2.17806846350269,0.0511472043831638,0.507729381075579));
#8634=CARTESIAN_POINT('',(-2.2144078211244,0.0583073627247569,0.529096084587642));
#8635=CARTESIAN_POINT('',(-2.20229498886245,0.0559186834971429,0.521974018800828));
#8636=CARTESIAN_POINT('',(-2.1901818748367,0.0535319286613994,0.514851787343402));
#8637=CARTESIAN_POINT('',(-2.17806846350269,0.051147204383164,0.50772938107558));
#8638=CARTESIAN_POINT('',(-2.07802167866142,6.79147120856356,0.761054411842507));
#8639=CARTESIAN_POINT('',(-2.31405082498955,6.79147120856356,0.631841070726247));
#8640=CARTESIAN_POINT('',(-2.31405082498955,0.205,0.631841070726256));
#8641=CARTESIAN_POINT('',(-2.31405082498955,0.08,0.631841070726256));
#8642=CARTESIAN_POINT('',(-2.31405082498955,0.205,0.631841070726255));
#8643=CARTESIAN_POINT('',(-2.29060671737277,0.211026008310472,0.589016601833107));
#8644=CARTESIAN_POINT('',(-2.2562074740643,0.21844964665672,0.553673315714591));
#8645=CARTESIAN_POINT('',(-2.21440782112441,0.226692637275243,0.529096084587639));
#8646=CARTESIAN_POINT('',(-2.31405082498955,0.08,0.631841070726255));
#8647=CARTESIAN_POINT('',(-2.29060671737277,0.0739739916895279,0.589016601833107));
#8648=CARTESIAN_POINT('',(-2.2562074740643,0.0665503533432805,0.553673315714591));
#8649=CARTESIAN_POINT('',(-2.21440782112441,0.058307362724757,0.52909608458764));
#8650=CARTESIAN_POINT('',(-2.40039024423977,6.79147120856356,0.135119221887537));
#8651=CARTESIAN_POINT('',(-2.17806846350269,0.233852795616836,0.507729381075579));
#8652=CARTESIAN_POINT('',(-2.14444966850747,0.240482990746255,0.487670372523959));
#8653=CARTESIAN_POINT('',(-2.11404600165965,0.246710382946203,0.463472533186637));
#8654=CARTESIAN_POINT('',(-2.08688435248127,0.252467495626756,0.435084821170107));
#8655=CARTESIAN_POINT('',(-2.17806846350269,0.0511472043831641,0.507729381075579));
#8656=CARTESIAN_POINT('',(-2.14444966850747,0.0445170092537453,0.487670372523959));
#8657=CARTESIAN_POINT('',(-2.11404600165965,0.0382896170537974,0.463472533186637));
#8658=CARTESIAN_POINT('',(-2.08688435248127,0.0325325043732438,0.435084821170107));
#8659=CARTESIAN_POINT('',(4.33680868994202E-17,0.2794,7.63278329429795E-15));
#8660=CARTESIAN_POINT('',(-5.4311885017963E-17,0.205,-1.85350083791461E-15));
#8661=CARTESIAN_POINT('',(-5.4311885017963E-17,0.08,-1.85350083791461E-15));
#8662=CARTESIAN_POINT('',(-2.07802167866142,6.79147120856356,-0.761054411842506));
#8663=CARTESIAN_POINT('',(-2.31405082498955,0.205,-0.631841070726255));
#8664=CARTESIAN_POINT('',(-2.29060671737277,0.211026008310472,-0.589016601833106));
#8665=CARTESIAN_POINT('',(-2.2562074740643,0.21844964665672,-0.55367331571459));
#8666=CARTESIAN_POINT('',(-2.21440782112441,0.226692637275243,-0.529096084587639));
#8667=CARTESIAN_POINT('',(-2.31405082498955,0.205,-0.631841070726256));
#8668=CARTESIAN_POINT('',(-2.2144078211244,0.226692637275243,-0.52909608458764));
#8669=CARTESIAN_POINT('',(-2.31405082498955,6.79147120856356,-0.631841070726245));
#8670=CARTESIAN_POINT('',(-2.31405082498955,0.08,-0.631841070726256));
#8671=CARTESIAN_POINT('',(-2.31405082498955,0.08,-0.631841070726255));
#8672=CARTESIAN_POINT('',(-2.29060671737277,0.0739739916895278,-0.589016601833107));
#8673=CARTESIAN_POINT('',(-2.2562074740643,0.0665503533432805,-0.55367331571459));
#8674=CARTESIAN_POINT('',(-2.21440782112441,0.0583073627247569,-0.529096084587639));
#8675=CARTESIAN_POINT('',(-2.2144078211244,0.0583073627247567,-0.52909608458764));
#8676=CARTESIAN_POINT('',(-2.2144078211244,6.79147120856356,-0.529096084587639));
#8677=CARTESIAN_POINT('',(-2.19623814231355,6.79147120856356,-0.518412732831609));
#8678=CARTESIAN_POINT('',(-2.2144078211244,0.226692637275243,-0.529096084587641));
#8679=CARTESIAN_POINT('',(-2.20229498886245,0.229081316502857,-0.521974018800827));
#8680=CARTESIAN_POINT('',(-2.1901818748367,0.231468071338601,-0.514851787343401));
#8681=CARTESIAN_POINT('',(-2.17806846350269,0.233852795616836,-0.507729381075579));
#8682=CARTESIAN_POINT('',(-2.17806846350269,0.233852795616837,-0.507729381075578));
#8683=CARTESIAN_POINT('',(-2.2144078211244,0.0583073627247567,-0.529096084587641));
#8684=CARTESIAN_POINT('',(-2.20229498886245,0.0559186834971428,-0.521974018800827));
#8685=CARTESIAN_POINT('',(-2.1901818748367,0.0535319286613992,-0.514851787343401));
#8686=CARTESIAN_POINT('',(-2.17806846350269,0.0511472043831637,-0.507729381075579));
#8687=CARTESIAN_POINT('',(-2.17806846350269,0.0511472043831637,-0.507729381075578));
#8688=CARTESIAN_POINT('',(-2.17806846350269,6.79147120856356,-0.507729381075578));
#8689=CARTESIAN_POINT('',(-2.40039024423977,6.79147120856356,-0.135119221887536));
#8690=CARTESIAN_POINT('',(-2.17806846350269,0.233852795616836,-0.507729381075578));
#8691=CARTESIAN_POINT('',(-2.14444966850747,0.240482990746255,-0.487670372523958));
#8692=CARTESIAN_POINT('',(-2.11404600165965,0.246710382946203,-0.463472533186636));
#8693=CARTESIAN_POINT('',(-2.08688435248127,0.252467495626756,-0.435084821170106));
#8694=CARTESIAN_POINT('',(-2.08688435248127,0.252467495626756,-0.435084821170107));
#8695=CARTESIAN_POINT('',(-2.17806846350269,0.0511472043831639,-0.507729381075578));
#8696=CARTESIAN_POINT('',(-2.14444966850747,0.0445170092537451,-0.487670372523958));
#8697=CARTESIAN_POINT('',(-2.11404600165965,0.0382896170537972,-0.463472533186636));
#8698=CARTESIAN_POINT('',(-2.08688435248127,0.0325325043732437,-0.435084821170106));
#8699=CARTESIAN_POINT('',(-2.08688435248127,0.0325325043732436,-0.435084821170107));
#8700=CARTESIAN_POINT('',(-2.08688435248127,6.79147120856356,-0.435084821170107));
#8701=CARTESIAN_POINT('',(-2.20826100503808,6.79147120856356,-0.3175));
#8702=CARTESIAN_POINT('',(-2.08688435248127,0.252467495626756,-0.435084821170107));
#8703=CARTESIAN_POINT('',(-2.05104992258413,0.260046106249254,-0.39809481596438));
#8704=CARTESIAN_POINT('',(-2.01634540588928,0.269699144384572,-0.290236596154884));
#8705=CARTESIAN_POINT('',(-2.08012048273727,0.260046745107521,-0.195880500962943));
#8706=CARTESIAN_POINT('',(-2.12492843206297,0.252467495626756,-0.170482435617881));
#8707=CARTESIAN_POINT('',(-2.12492843206297,0.252467495626756,-0.170482435617881));
#8708=CARTESIAN_POINT('',(-2.08688435248127,0.0325325043732437,-0.435084821170107));
#8709=CARTESIAN_POINT('',(-2.05104992258413,0.0249538937507457,-0.398094815964381));
#8710=CARTESIAN_POINT('',(-2.01634540588928,0.0153008556154282,-0.290236596154884));
#8711=CARTESIAN_POINT('',(-2.08012048273727,0.024953254892479,-0.195880500962943));
#8712=CARTESIAN_POINT('',(-2.12492843206297,0.0325325043732439,-0.170482435617881));
#8713=CARTESIAN_POINT('',(-2.12492843206297,0.0325325043732437,-0.170482435617881));
#8714=CARTESIAN_POINT('',(-2.12492843206297,6.79147120856356,-0.170482435617881));
#8715=CARTESIAN_POINT('',(-2.25332881065381,6.79147120856356,-0.121338412682448));
#8716=CARTESIAN_POINT('',(-2.27377233781152,6.79147120856356,-0.116206801806255));
#8717=CARTESIAN_POINT('',(-2.27377233781152,0.226692637275243,-0.116206801806254));
#8718=CARTESIAN_POINT('',(-2.27377233781152,0.0583073627247567,-0.116206801806254));
#8719=CARTESIAN_POINT('',(-2.27377233781152,0.226692637275243,-0.116206801806254));
#8720=CARTESIAN_POINT('',(-2.2601436425615,0.229081316502857,-0.119627794682572));
#8721=CARTESIAN_POINT('',(-2.24651463028628,0.231468071338601,-0.123048867136641));
#8722=CARTESIAN_POINT('',(-2.23288528349609,0.233852795616836,-0.12647002355864));
#8723=CARTESIAN_POINT('',(-2.2328852834961,0.233852795616837,-0.126470023558641));
#8724=CARTESIAN_POINT('',(-2.2328852834961,6.79147120856356,-0.126470023558641));
#8725=CARTESIAN_POINT('',(-2.2328852834961,0.0511472043831638,-0.126470023558641));
#8726=CARTESIAN_POINT('',(-2.27377233781152,0.0583073627247567,-0.116206801806254));
#8727=CARTESIAN_POINT('',(-2.2601436425615,0.0559186834971428,-0.119627794682572));
#8728=CARTESIAN_POINT('',(-2.24651463028628,0.0535319286613993,-0.123048867136641));
#8729=CARTESIAN_POINT('',(-2.23288528349609,0.0511472043831639,-0.12647002355864));
#8730=CARTESIAN_POINT('',(-2.20826100503808,6.79147120856356,0.144779999999997));
#8731=CARTESIAN_POINT('',(-2.39832570753744,6.79147120856356,-0.0456963877824291));
#8732=CARTESIAN_POINT('',(-2.39832570753744,0.205,-0.0456963877824215));
#8733=CARTESIAN_POINT('',(-2.39832570753744,0.08,-0.0456963877824215));
#8734=CARTESIAN_POINT('',(-2.39832570753744,0.205,-0.0456963877824214));
#8735=CARTESIAN_POINT('',(-2.36376631685379,0.21102598861338,-0.0801810836826305));
#8736=CARTESIAN_POINT('',(-2.32080307008877,0.218449637399673,-0.10440143106923));
#8737=CARTESIAN_POINT('',(-2.27377233781152,0.226692637275243,-0.116206801806255));
#8738=CARTESIAN_POINT('',(-2.39832570753744,0.08,-0.0456963877824214));
#8739=CARTESIAN_POINT('',(-2.36376631685379,0.0739740113866199,-0.0801810836826305));
#8740=CARTESIAN_POINT('',(-2.32080307008877,0.0665503626003274,-0.10440143106923));
#8741=CARTESIAN_POINT('',(-2.27377233781152,0.0583073627247567,-0.116206801806255));
#8742=CARTESIAN_POINT('',(-2.34122505714165,6.79147120856356,-0.546622136925545));
#8743=CARTESIAN_POINT('',(-2.2328852834961,0.233852795616836,-0.126470023558641));
#8744=CARTESIAN_POINT('',(-2.19497702160923,0.240482988741996,-0.136244989294759));
#8745=CARTESIAN_POINT('',(-2.15898759662729,0.246710381198981,-0.150896940328097));
#8746=CARTESIAN_POINT('',(-2.12492843206297,0.252467495626756,-0.17048243561788));
#8747=CARTESIAN_POINT('',(-2.2328852834961,0.051147204383164,-0.126470023558641));
#8748=CARTESIAN_POINT('',(-2.19497702160923,0.0445170112580046,-0.136244989294759));
#8749=CARTESIAN_POINT('',(-2.15898759662729,0.0382896188010194,-0.150896940328097));
#8750=CARTESIAN_POINT('',(-2.12492843206297,0.0325325043732438,-0.17048243561788));
#8751=CARTESIAN_POINT('',(4.33680868994202E-17,0.2794,7.63278329429795E-15));
#8752=CARTESIAN_POINT('',(-5.4311885017963E-17,0.205,-1.85350083791461E-15));
#8753=CARTESIAN_POINT('',(-5.4311885017963E-17,0.08,-1.85350083791461E-15));
#8754=CARTESIAN_POINT('',(-1.7794333943504,6.79147120856356,-1.3156727214024));
#8755=CARTESIAN_POINT('',(-2.04230530679117,0.205,-1.25819052338823));
#8756=CARTESIAN_POINT('',(-2.0318758806369,0.21102601798265,-1.21049570145123));
#8757=CARTESIAN_POINT('',(-2.00882737306294,0.218449658189939,-1.16689270706755));
#8758=CARTESIAN_POINT('',(-1.97564515236019,0.226692637275243,-1.13153475286382));
#8759=CARTESIAN_POINT('',(-2.04230530679117,0.205,-1.25819052338823));
#8760=CARTESIAN_POINT('',(-1.97564515236019,0.226692637275243,-1.13153475286382));
#8761=CARTESIAN_POINT('',(-2.04230530679117,6.79147120856356,-1.25819052338822));
#8762=CARTESIAN_POINT('',(-2.04230530679117,0.08,-1.25819052338823));
#8763=CARTESIAN_POINT('',(-2.04230530679117,0.08,-1.25819052338823));
#8764=CARTESIAN_POINT('',(-2.0318758806369,0.0739739820173496,-1.21049570145123));
#8765=CARTESIAN_POINT('',(-2.00882737306294,0.066550341810061,-1.16689270706755));
#8766=CARTESIAN_POINT('',(-1.97564515236019,0.0583073627247567,-1.13153475286382));
#8767=CARTESIAN_POINT('',(-1.97564515236019,0.0583073627247566,-1.13153475286382));
#8768=CARTESIAN_POINT('',(-1.97564515236019,6.79147120856356,-1.13153475286382));
#8769=CARTESIAN_POINT('',(-1.9612213212142,6.79147120856356,-1.11616516185088));
#8770=CARTESIAN_POINT('',(-1.97564515236019,0.226692637275243,-1.13153475286382));
#8771=CARTESIAN_POINT('',(-1.96602949271839,0.229081316502858,-1.12128860158));
#8772=CARTESIAN_POINT('',(-1.95641360940101,0.231468071338601,-1.11104221195436));
#8773=CARTESIAN_POINT('',(-1.94679749006821,0.233852795616837,-1.10079557083795));
#8774=CARTESIAN_POINT('',(-1.94679749006822,0.233852795616837,-1.10079557083795));
#8775=CARTESIAN_POINT('',(-1.97564515236019,0.0583073627247566,-1.13153475286382));
#8776=CARTESIAN_POINT('',(-1.96602949271839,0.0559186834971424,-1.12128860158));
#8777=CARTESIAN_POINT('',(-1.95641360940101,0.0535319286613988,-1.11104221195436));
#8778=CARTESIAN_POINT('',(-1.94679749006821,0.0511472043831634,-1.10079557083795));
#8779=CARTESIAN_POINT('',(-1.94679749006822,0.0511472043831636,-1.10079557083795));
#8780=CARTESIAN_POINT('',(-1.94679749006822,6.79147120856356,-1.10079557083795));
#8781=CARTESIAN_POINT('',(-2.26509008942005,6.79147120856356,-0.805914024928244));
#8782=CARTESIAN_POINT('',(-1.94679749006821,0.233852795616837,-1.10079557083795));
#8783=CARTESIAN_POINT('',(-1.92019180546739,0.240482981473073,-1.07207762416887));
#8784=CARTESIAN_POINT('',(-1.89783700805353,0.246710374862476,-1.0402942733741));
#8785=CARTESIAN_POINT('',(-1.87977331384067,0.252467495626757,-1.00540409329596));
#8786=CARTESIAN_POINT('',(-1.87977331384067,0.252467495626756,-1.00540409329596));
#8787=CARTESIAN_POINT('',(-1.94679749006821,0.0511472043831634,-1.10079557083795));
#8788=CARTESIAN_POINT('',(-1.92019180546739,0.0445170185269269,-1.07207762416887));
#8789=CARTESIAN_POINT('',(-1.89783700805353,0.0382896251375241,-1.0402942733741));
#8790=CARTESIAN_POINT('',(-1.87977331384067,0.0325325043732436,-1.00540409329596));
#8791=CARTESIAN_POINT('',(-1.87977331384067,0.0325325043732436,-1.00540409329596));
#8792=CARTESIAN_POINT('',(-1.87977331384067,6.79147120856356,-1.00540409329596));
#8793=CARTESIAN_POINT('',(-2.02936083144377,6.79147120856356,-0.926778038245205));
#8794=CARTESIAN_POINT('',(-1.87977331384067,0.252467495626757,-1.00540409329596));
#8795=CARTESIAN_POINT('',(-1.85581159734209,0.260046144691058,-0.959816486411464));
#8796=CARTESIAN_POINT('',(-1.85290026773177,0.269699121566892,-0.846550161014336));
#8797=CARTESIAN_POINT('',(-1.94067502529896,0.260046752329937,-0.773983637674259));
#8798=CARTESIAN_POINT('',(-1.99082344751491,0.252467495626757,-0.762238219370192));
#8799=CARTESIAN_POINT('',(-1.99082344751491,0.252467495626756,-0.762238219370192));
#8800=CARTESIAN_POINT('',(-1.87977331384067,0.0325325043732434,-1.00540409329596));
#8801=CARTESIAN_POINT('',(-1.85581159734209,0.0249538553089419,-0.959816486411464));
#8802=CARTESIAN_POINT('',(-1.85290026773177,0.0153008784331084,-0.846550161014336));
#8803=CARTESIAN_POINT('',(-1.94067502529897,0.0249532476700628,-0.773983637674259));
#8804=CARTESIAN_POINT('',(-1.99082344751491,0.0325325043732436,-0.762238219370192));
#8805=CARTESIAN_POINT('',(-1.99082344751491,0.0325325043732436,-0.762238219370192));
#8806=CARTESIAN_POINT('',(-1.99082344751491,6.79147120856356,-0.762238219370192));
#8807=CARTESIAN_POINT('',(-2.12786817981734,6.79147120856356,-0.751259441628299));
#8808=CARTESIAN_POINT('',(-2.14892934233392,6.79147120856356,-0.752095304226268));
#8809=CARTESIAN_POINT('',(-2.14892934233392,0.226692637275243,-0.752095304226268));
#8810=CARTESIAN_POINT('',(-2.14892934233392,0.0583073627247566,-0.752095304226268));
#8811=CARTESIAN_POINT('',(-2.14892934233392,0.226692637275244,-0.752095304226268));
#8812=CARTESIAN_POINT('',(-2.13488889993201,0.229081316502858,-0.751538075694678));
#8813=CARTESIAN_POINT('',(-2.12084813092701,0.231468071338601,-0.750980834201063));
#8814=CARTESIAN_POINT('',(-2.10680701730075,0.233852795616837,-0.75042357903033));
#8815=CARTESIAN_POINT('',(-2.10680701730075,0.233852795616837,-0.75042357903033));
#8816=CARTESIAN_POINT('',(-2.10680701730075,6.79147120856356,-0.75042357903033));
#8817=CARTESIAN_POINT('',(-2.10680701730075,0.0511472043831637,-0.75042357903033));
#8818=CARTESIAN_POINT('',(-2.14892934233392,0.0583073627247564,-0.752095304226268));
#8819=CARTESIAN_POINT('',(-2.13488889993201,0.0559186834971426,-0.751538075694678));
#8820=CARTESIAN_POINT('',(-2.12084813092701,0.053531928661399,-0.750980834201063));
#8821=CARTESIAN_POINT('',(-2.10680701730075,0.0511472043831636,-0.75042357903033));
#8822=CARTESIAN_POINT('',(-2.15960015782042,6.79147120856356,-0.483223626402698));
#8823=CARTESIAN_POINT('',(-2.28830250465283,6.79147120856356,-0.719531796719856));
#8824=CARTESIAN_POINT('',(-2.28830250465283,0.205,-0.71953179671985));
#8825=CARTESIAN_POINT('',(-2.28830250465283,0.08,-0.71953179671985));
#8826=CARTESIAN_POINT('',(-2.28830250465283,0.205000000000001,-0.71953179671985));
#8827=CARTESIAN_POINT('',(-2.24542741896767,0.21102600711005,-0.742883186309618));
#8828=CARTESIAN_POINT('',(-2.19738094766983,0.218449638949588,-0.754018222046209));
#8829=CARTESIAN_POINT('',(-2.14892934233392,0.226692637275244,-0.752095304226268));
#8830=CARTESIAN_POINT('',(-2.28830250465283,0.0799999999999994,-0.71953179671985));
#8831=CARTESIAN_POINT('',(-2.24542741896767,0.0739739928899502,-0.742883186309618));
#8832=CARTESIAN_POINT('',(-2.19738094766983,0.0665503610504124,-0.754018222046209));
#8833=CARTESIAN_POINT('',(-2.14892934233392,0.0583073627247564,-0.752095304226268));
#8834=CARTESIAN_POINT('',(-2.09238773971546,6.79147120856356,-1.18407942109194));
#8835=CARTESIAN_POINT('',(-2.10680701730075,0.233852795616837,-0.75042357903033));
#8836=CARTESIAN_POINT('',(-2.06768039141542,0.240482986856485,-0.749122598794633));
#8837=CARTESIAN_POINT('',(-2.02902085917206,0.246710379555303,-0.753041647145818));
#8838=CARTESIAN_POINT('',(-1.99082344751491,0.252467495626757,-0.762238219370192));
#8839=CARTESIAN_POINT('',(-2.10680701730075,0.0511472043831636,-0.75042357903033));
#8840=CARTESIAN_POINT('',(-2.06768039141542,0.044517013143515,-0.749122598794633));
#8841=CARTESIAN_POINT('',(-2.02902085917206,0.0382896204446974,-0.753041647145818));
#8842=CARTESIAN_POINT('',(-1.99082344751491,0.0325325043732436,-0.762238219370192));
#8843=CARTESIAN_POINT('',(4.33680868994202E-17,0.2794,7.63278329429795E-15));
#8844=CARTESIAN_POINT('',(-5.4311885017963E-17,0.205,-1.85350083791461E-15));
#8845=CARTESIAN_POINT('',(-5.4311885017963E-17,0.08,-1.85350083791461E-15));
#8846=CARTESIAN_POINT('',(-1.33668599912698,6.79147120856356,-1.76370305168123));
#8847=CARTESIAN_POINT('',(-1.6051043586939,0.205,-1.78260886259245));
#8848=CARTESIAN_POINT('',(-1.60853458137953,0.211026017397779,-1.7339077118961));
#8849=CARTESIAN_POINT('',(-1.59870411540926,0.218449646255873,-1.68557748811119));
#8850=CARTESIAN_POINT('',(-1.57682746296589,0.226692637275243,-1.64230320495926));
#8851=CARTESIAN_POINT('',(-1.60510435869391,0.205,-1.78260886259245));
#8852=CARTESIAN_POINT('',(-1.57682746296589,0.226692637275243,-1.64230320495926));
#8853=CARTESIAN_POINT('',(-1.60510435869391,6.79147120856356,-1.78260886259244));
#8854=CARTESIAN_POINT('',(-1.60510435869391,0.08,-1.78260886259245));
#8855=CARTESIAN_POINT('',(-1.6051043586939,0.0799999999999997,-1.78260886259245));
#8856=CARTESIAN_POINT('',(-1.60853458137953,0.0739739826022213,-1.7339077118961));
#8857=CARTESIAN_POINT('',(-1.59870411540926,0.0665503537441274,-1.68557748811119));
#8858=CARTESIAN_POINT('',(-1.57682746296589,0.0583073627247566,-1.64230320495926));
#8859=CARTESIAN_POINT('',(-1.57682746296589,0.0583073627247566,-1.64230320495926));
#8860=CARTESIAN_POINT('',(-1.57682746296589,6.79147120856356,-1.64230320495926));
#8861=CARTESIAN_POINT('',(-1.56731801250239,6.79147120856356,-1.62349252754682));
#8862=CARTESIAN_POINT('',(-1.57682746296589,0.226692637275244,-1.64230320495926));
#8863=CARTESIAN_POINT('',(-1.57048797950188,0.229081316502858,-1.62976305041925));
#8864=CARTESIAN_POINT('',(-1.56414834857138,0.231468071338601,-1.61722260417523));
#8865=CARTESIAN_POINT('',(-1.55780856203889,0.233852795616837,-1.60468185013437));
#8866=CARTESIAN_POINT('',(-1.55780856203889,0.233852795616837,-1.60468185013437));
#8867=CARTESIAN_POINT('',(-1.57682746296589,0.0583073627247565,-1.64230320495926));
#8868=CARTESIAN_POINT('',(-1.57048797950188,0.0559186834971425,-1.62976305041925));
#8869=CARTESIAN_POINT('',(-1.56414834857138,0.053531928661399,-1.61722260417523));
#8870=CARTESIAN_POINT('',(-1.55780856203889,0.0511472043831635,-1.60468185013437));
#8871=CARTESIAN_POINT('',(-1.55780856203889,0.0511472043831636,-1.60468185013437));
#8872=CARTESIAN_POINT('',(-1.55780856203889,6.79147120856356,-1.60468185013437));
#8873=CARTESIAN_POINT('',(-1.94628580656497,6.79147120856356,-1.41141846662452));
#8874=CARTESIAN_POINT('',(-1.5578085620389,0.233852795616837,-1.60468185013437));
#8875=CARTESIAN_POINT('',(-1.5403713677294,0.240482984294065,-1.56963147962653));
#8876=CARTESIAN_POINT('',(-1.5278765055832,0.246710377321576,-1.53283750206794));
#8877=CARTESIAN_POINT('',(-1.52037422075505,0.252467495626757,-1.49427150515134));
#8878=CARTESIAN_POINT('',(-1.52037422075505,0.252467495626756,-1.49427150515134));
#8879=CARTESIAN_POINT('',(-1.5578085620389,0.0511472043831636,-1.60468185013437));
#8880=CARTESIAN_POINT('',(-1.5403713677294,0.0445170157059354,-1.56963147962653));
#8881=CARTESIAN_POINT('',(-1.5278765055832,0.0382896226784238,-1.53283750206794));
#8882=CARTESIAN_POINT('',(-1.52037422075505,0.0325325043732434,-1.49427150515134));
#8883=CARTESIAN_POINT('',(-1.52037422075505,0.0325325043732434,-1.49427150515134));
#8884=CARTESIAN_POINT('',(-1.52037422075505,6.79147120856356,-1.49427150515134));
#8885=CARTESIAN_POINT('',(-1.68605391235946,6.79147120856356,-1.46097403159301));
#8886=CARTESIAN_POINT('',(-1.52037422075505,0.252467495626757,-1.49427150515134));
#8887=CARTESIAN_POINT('',(-1.51022661357329,0.260046160832928,-1.44377961346317));
#8888=CARTESIAN_POINT('',(-1.53934408477721,0.269699112844506,-1.33428128853863));
#8889=CARTESIAN_POINT('',(-1.6440076527181,0.260046753646053,-1.2893831984204));
#8890=CARTESIAN_POINT('',(-1.69543378713212,0.252467495626757,-1.29224199579437));
#8891=CARTESIAN_POINT('',(-1.69543378713212,0.252467495626756,-1.29224199579437));
#8892=CARTESIAN_POINT('',(-1.52037422075505,0.0325325043732432,-1.49427150515134));
#8893=CARTESIAN_POINT('',(-1.51022661357329,0.0249538391670724,-1.44377961346317));
#8894=CARTESIAN_POINT('',(-1.53934408477721,0.0153008871554946,-1.33428128853863));
#8895=CARTESIAN_POINT('',(-1.6440076527181,0.0249532463539473,-1.2893831984204));
#8896=CARTESIAN_POINT('',(-1.69543378713212,0.032532504373243,-1.29224199579437));
#8897=CARTESIAN_POINT('',(-1.69543378713212,0.0325325043732435,-1.29224199579437));
#8898=CARTESIAN_POINT('',(-1.69543378713212,6.79147120856356,-1.29224199579437));
#8899=CARTESIAN_POINT('',(-1.83002032397139,6.79147120856356,-1.32031789852536));
#8900=CARTESIAN_POINT('',(-1.84999287171532,6.79147120856356,-1.32705351798087));
#8901=CARTESIAN_POINT('',(-1.84999287171532,0.226692637275243,-1.32705351798087));
#8902=CARTESIAN_POINT('',(-1.84999287171532,0.0583073627247565,-1.32705351798087));
#8903=CARTESIAN_POINT('',(-1.84999287171532,0.226692637275244,-1.32705351798087));
#8904=CARTESIAN_POINT('',(-1.8366781553032,0.229081316502858,-1.32256321138304));
#8905=CARTESIAN_POINT('',(-1.82336312916953,0.231468071338601,-1.31807280033351));
#8906=CARTESIAN_POINT('',(-1.81004777622747,0.233852795616836,-1.31358227906985));
#8907=CARTESIAN_POINT('',(-1.81004777622747,0.233852795616837,-1.31358227906985));
#8908=CARTESIAN_POINT('',(-1.81004777622747,6.79147120856356,-1.31358227906985));
#8909=CARTESIAN_POINT('',(-1.81004777622747,0.0511472043831636,-1.31358227906985));
#8910=CARTESIAN_POINT('',(-1.84999287171532,0.0583073627247564,-1.32705351798087));
#8911=CARTESIAN_POINT('',(-1.8366781553032,0.0559186834971426,-1.32256321138304));
#8912=CARTESIAN_POINT('',(-1.82336312916953,0.053531928661399,-1.31807280033351));
#8913=CARTESIAN_POINT('',(-1.81004777622747,0.0511472043831636,-1.31358227906985));
#8914=CARTESIAN_POINT('',(-1.93598134945284,6.79147120856356,-1.07207934843581));
#8915=CARTESIAN_POINT('',(-1.99289464190025,6.79147120856356,-1.3350750187074));
#8916=CARTESIAN_POINT('',(-1.99289464190025,0.205,-1.3350750187074));
#8917=CARTESIAN_POINT('',(-1.99289464190025,0.08,-1.3350750187074));
#8918=CARTESIAN_POINT('',(-1.99289464190025,0.205,-1.3350750187074));
#8919=CARTESIAN_POINT('',(-1.94517738565991,0.211026015455953,-1.34540121972961));
#8920=CARTESIAN_POINT('',(-1.89594007620478,0.21844964286712,-1.34254893140801));
#8921=CARTESIAN_POINT('',(-1.84999287171532,0.226692637275244,-1.32705351798087));
#8922=CARTESIAN_POINT('',(-1.99289464190025,0.0799999999999994,-1.3350750187074));
#8923=CARTESIAN_POINT('',(-1.94517738565991,0.0739739845440472,-1.34540121972961));
#8924=CARTESIAN_POINT('',(-1.89594007620478,0.0665503571328806,-1.34254893140801));
#8925=CARTESIAN_POINT('',(-1.84999287171532,0.0583073627247564,-1.32705351798087));
#8926=CARTESIAN_POINT('',(-1.67403761152655,6.79147120856356,-1.72560963255294));
#8927=CARTESIAN_POINT('',(-1.81004777622747,0.233852795616836,-1.31358227906985));
#8928=CARTESIAN_POINT('',(-1.77287259119278,0.240482985234335,-1.301310756326));
#8929=CARTESIAN_POINT('',(-1.73467491867285,0.246710378141228,-1.29417940429051));
#8930=CARTESIAN_POINT('',(-1.69543378713212,0.252467495626757,-1.29224199579437));
#8931=CARTESIAN_POINT('',(-1.81004777622747,0.0511472043831637,-1.31358227906985));
#8932=CARTESIAN_POINT('',(-1.77287259119278,0.0445170147656652,-1.301310756326));
#8933=CARTESIAN_POINT('',(-1.73467491867285,0.038289621858772,-1.29417940429051));
#8934=CARTESIAN_POINT('',(-1.69543378713212,0.0325325043732431,-1.29224199579437));
#8935=CARTESIAN_POINT('',(4.33680868994202E-17,0.2794,7.63278329429795E-15));
#8936=CARTESIAN_POINT('',(-5.4311885017963E-17,0.205,-1.85350083791461E-15));
#8937=CARTESIAN_POINT('',(-5.4311885017963E-17,0.08,-1.85350083791461E-15));
#8938=CARTESIAN_POINT('',(-0.785648253832028,6.79147120856356,-2.06884864985877));
#8939=CARTESIAN_POINT('',(-1.03786740137844,0.205,-2.16261083333255));
#8940=CARTESIAN_POINT('',(-1.05487936084677,0.211026012154135,-2.11684886666081));
#8941=CARTESIAN_POINT('',(-1.05906331626542,0.218449640520936,-2.06770678756856));
#8942=CARTESIAN_POINT('',(-1.05026459027609,0.226692637275244,-2.02002201854214));
#8943=CARTESIAN_POINT('',(-1.03786740137844,0.205,-2.16261083333254));
#8944=CARTESIAN_POINT('',(-1.05026459027609,0.226692637275243,-2.02002201854215));
#8945=CARTESIAN_POINT('',(-1.03786740137845,6.79147120856356,-2.16261083333253));
#8946=CARTESIAN_POINT('',(-1.03786740137844,0.08,-2.16261083333254));
#8947=CARTESIAN_POINT('',(-1.03786740137844,0.0799999999999998,-2.16261083333255));
#8948=CARTESIAN_POINT('',(-1.05487936084677,0.0739739878458646,-2.11684886666081));
#8949=CARTESIAN_POINT('',(-1.05906331626542,0.0665503594790639,-2.06770678756856));
#8950=CARTESIAN_POINT('',(-1.05026459027609,0.058307362724756,-2.02002201854214));
#8951=CARTESIAN_POINT('',(-1.05026459027609,0.0583073627247564,-2.02002201854215));
#8952=CARTESIAN_POINT('',(-1.05026459027609,6.79147120856356,-2.02002201854215));
#8953=CARTESIAN_POINT('',(-1.04643991961676,6.79147120856356,-1.99929418394274));
#8954=CARTESIAN_POINT('',(-1.05026459027609,0.226692637275244,-2.02002201854215));
#8955=CARTESIAN_POINT('',(-1.04771487023778,0.229081316502858,-2.00620378948759));
#8956=CARTESIAN_POINT('',(-1.04516509088892,0.231468071338601,-1.99238523899899));
#8957=CARTESIAN_POINT('',(-1.04261524895743,0.233852795616837,-1.97856634934333));
#8958=CARTESIAN_POINT('',(-1.04261524895743,0.233852795616837,-1.97856634934333));
#8959=CARTESIAN_POINT('',(-1.05026459027609,0.0583073627247559,-2.02002201854215));
#8960=CARTESIAN_POINT('',(-1.04771487023778,0.0559186834971422,-2.00620378948759));
#8961=CARTESIAN_POINT('',(-1.04516509088892,0.0535319286613988,-1.99238523899899));
#8962=CARTESIAN_POINT('',(-1.04261524895743,0.0511472043831635,-1.97856634934333));
#8963=CARTESIAN_POINT('',(-1.04261524895743,0.0511472043831635,-1.97856634934333));
#8964=CARTESIAN_POINT('',(-1.04261524895743,6.79147120856356,-1.97856634934333));
#8965=CARTESIAN_POINT('',(-1.46980502266937,6.79147120856356,-1.90257817818371));
#8966=CARTESIAN_POINT('',(-1.04261524895743,0.233852795616837,-1.97856634934333));
#8967=CARTESIAN_POINT('',(-1.03575921221572,0.240482986057598,-1.94002312952958));
#8968=CARTESIAN_POINT('',(-1.03413654395689,0.246710378858887,-1.90119935693745));
#8969=CARTESIAN_POINT('',(-1.03780345031751,0.252467495626757,-1.86208192643419));
#8970=CARTESIAN_POINT('',(-1.03780345031751,0.252467495626756,-1.86208192643419));
#8971=CARTESIAN_POINT('',(-1.04261524895743,0.0511472043831635,-1.97856634934333));
#8972=CARTESIAN_POINT('',(-1.03575921221572,0.044517013942402,-1.94002312952958));
#8973=CARTESIAN_POINT('',(-1.03413654395689,0.0382896211411128,-1.90119935693745));
#8974=CARTESIAN_POINT('',(-1.03780345031751,0.0325325043732431,-1.86208192643419));
#8975=CARTESIAN_POINT('',(-1.03780345031751,0.0325325043732433,-1.86208192643419));
#8976=CARTESIAN_POINT('',(-1.03780345031751,6.79147120856356,-1.86208192643419));
#8977=CARTESIAN_POINT('',(-1.20615293264451,6.79147120856356,-1.87681059764826));
#8978=CARTESIAN_POINT('',(-1.03780345031751,0.252467495626757,-1.86208192643419));
#8979=CARTESIAN_POINT('',(-1.04229210379377,0.260046163401162,-1.81077638243149));
#8980=CARTESIAN_POINT('',(-1.10107935153281,0.269699113568168,-1.71391686323058));
#8981=CARTESIAN_POINT('',(-1.21415259179712,0.260046749635281,-1.70032460776659));
#8982=CARTESIAN_POINT('',(-1.26269016444887,0.252467495626757,-1.71755601097835));
#8983=CARTESIAN_POINT('',(-1.26269016444887,0.252467495626756,-1.71755601097835));
#8984=CARTESIAN_POINT('',(-1.03780345031751,0.0325325043732431,-1.86208192643419));
#8985=CARTESIAN_POINT('',(-1.04229210379377,0.0249538365988383,-1.81077638243149));
#8986=CARTESIAN_POINT('',(-1.10107935153281,0.0153008864318325,-1.71391686323058));
#8987=CARTESIAN_POINT('',(-1.21415259179712,0.0249532503647197,-1.70032460776659));
#8988=CARTESIAN_POINT('',(-1.26269016444887,0.0325325043732431,-1.71755601097835));
#8989=CARTESIAN_POINT('',(-1.26269016444887,0.0325325043732434,-1.71755601097835));
#8990=CARTESIAN_POINT('',(-1.26269016444887,6.79147120856356,-1.71755601097835));
#8991=CARTESIAN_POINT('',(-1.38391510502723,6.79147120856356,-1.78241205151678));
#8992=CARTESIAN_POINT('',(-1.40118098096159,6.79147120856356,-1.79450174799982));
#8993=CARTESIAN_POINT('',(-1.40118098096159,0.226692637275243,-1.79450174799982));
#8994=CARTESIAN_POINT('',(-1.40118098096159,0.0583073627247565,-1.79450174799982));
#8995=CARTESIAN_POINT('',(-1.40118098096159,0.226692637275244,-1.79450174799982));
#8996=CARTESIAN_POINT('',(-1.3896706696773,0.229081316502858,-1.78644214127142));
#8997=CARTESIAN_POINT('',(-1.3781600906448,0.231468071338601,-1.77838234706371));
#8998=CARTESIAN_POINT('',(-1.36664922909286,0.233852795616837,-1.77032235503375));
#8999=CARTESIAN_POINT('',(-1.36664922909286,0.233852795616837,-1.77032235503375));
#9000=CARTESIAN_POINT('',(-1.36664922909286,6.79147120856356,-1.77032235503375));
#9001=CARTESIAN_POINT('',(-1.36664922909286,0.0511472043831636,-1.77032235503375));
#9002=CARTESIAN_POINT('',(-1.40118098096159,0.0583073627247561,-1.79450174799982));
#9003=CARTESIAN_POINT('',(-1.3896706696773,0.0559186834971422,-1.78644214127142));
#9004=CARTESIAN_POINT('',(-1.3781600906448,0.0535319286613987,-1.77838234706371));
#9005=CARTESIAN_POINT('',(-1.36664922909286,0.0511472043831634,-1.77032235503375));
#9006=CARTESIAN_POINT('',(-1.55552084587699,6.79147120856356,-1.57408157756004));
#9007=CARTESIAN_POINT('',(-1.53603430746171,6.79147120856356,-1.84245840267614));
#9008=CARTESIAN_POINT('',(-1.53603430746172,0.205,-1.84245840267614));
#9009=CARTESIAN_POINT('',(-1.53603430746172,0.08,-1.84245840267614));
#9010=CARTESIAN_POINT('',(-1.53603430746172,0.205,-1.84245840267614));
#9011=CARTESIAN_POINT('',(-1.48734068619655,0.211026018199073,-1.83892281378559));
#9012=CARTESIAN_POINT('',(-1.44090139863243,0.218449651116219,-1.82231428387378));
#9013=CARTESIAN_POINT('',(-1.40118098096159,0.226692637275244,-1.79450174799982));
#9014=CARTESIAN_POINT('',(-1.53603430746172,0.0799999999999998,-1.84245840267614));
#9015=CARTESIAN_POINT('',(-1.48734068619655,0.0739739818009275,-1.83892281378559));
#9016=CARTESIAN_POINT('',(-1.44090139863243,0.0665503488837807,-1.82231428387378));
#9017=CARTESIAN_POINT('',(-1.40118098096159,0.0583073627247563,-1.79450174799982));
#9018=CARTESIAN_POINT('',(-1.12006691193678,6.79147120856356,-2.12734121418013));
#9019=CARTESIAN_POINT('',(-1.36664922909286,0.233852795616837,-1.77032235503375));
#9020=CARTESIAN_POINT('',(-1.3344371980592,0.240482983109974,-1.74807446238299));
#9021=CARTESIAN_POINT('',(-1.2997959353251,0.246710376289386,-1.73047044929382));
#9022=CARTESIAN_POINT('',(-1.26269016444887,0.252467495626757,-1.71755601097836));
#9023=CARTESIAN_POINT('',(-1.36664922909286,0.0511472043831635,-1.77032235503375));
#9024=CARTESIAN_POINT('',(-1.3344371980592,0.0445170168900264,-1.74807446238299));
#9025=CARTESIAN_POINT('',(-1.2997959353251,0.0382896237106144,-1.73047044929382));
#9026=CARTESIAN_POINT('',(-1.26269016444887,0.0325325043732434,-1.71755601097836));
#9027=CARTESIAN_POINT('',(4.33680868994202E-17,0.2794,7.63278329429795E-15));
#9028=CARTESIAN_POINT('',(-5.4311885017963E-17,0.205,-1.85350083791461E-15));
#9029=CARTESIAN_POINT('',(-5.4311885017963E-17,0.08,-1.85350083791461E-15));
#9030=CARTESIAN_POINT('',(4.33680868994202E-17,0.2794,7.63278329429795E-15));
#9031=CARTESIAN_POINT('',(-5.4311885017963E-17,0.205,-1.85350083791461E-15));
#9032=CARTESIAN_POINT('',(-5.4311885017963E-17,0.08,-1.85350083791461E-15));
#9033=CARTESIAN_POINT('',(-5.4311885017963E-17,0.205,-1.85350083791461E-15));
#9034=CARTESIAN_POINT('',(-5.4311885017963E-17,0.285,-1.85350083791461E-15));
#9035=CARTESIAN_POINT('',(1.94876100503809,0.285,-1.85350083791461E-15));
#9036=CARTESIAN_POINT('',(-5.4311885017963E-17,0.08,-1.85350083791461E-15));
#9037=CARTESIAN_POINT('',(-5.4311885017963E-17,0.,-1.85350083791461E-15));
#9038=CARTESIAN_POINT('',(1.94876100503809,0.,-1.85350083791461E-15));
#9039=CARTESIAN_POINT('',(0.,0.,-0.00576423079760857));
#9040=CARTESIAN_POINT('',(0.,0.,-5.81707229594993E-17));
#9041=CARTESIAN_POINT('',(1.15,0.,-5.81707229594993E-17));
#9042=CARTESIAN_POINT('',(0.,0.285,-0.00576423079760857));
#9043=CARTESIAN_POINT('',(0.0582139986486035,0.285,-0.0115977916237423));
#9044=CARTESIAN_POINT('',(0.181678779852134,0.285,1.22047620577658));
#9045=CARTESIAN_POINT('',(0.181840156932647,0.285,1.22208661242645));
#9046=CARTESIAN_POINT('',(0.123464781203531,0.285,1.22630976660271));
#9047=CARTESIAN_POINT('',(0.0303005547640244,0.285,1.23564565134471));
#9048=CARTESIAN_POINT('',(-0.0931642264395067,0.285,0.00357165394439577));
#9049=CARTESIAN_POINT('',(0.0271956597349715,0.285,1.20466142740115));
#9050=CARTESIAN_POINT('',(0.120359886174478,0.285,1.19532554265914));
#9051=CARTESIAN_POINT('',(0.220637706517778,0.285,1.18527681249003));
#9052=CARTESIAN_POINT('',(0.1002778203433,0.285,-0.0158129609667185));
#9053=CARTESIAN_POINT('',(0.223523128717334,0.285,1.21407088338977));
#9054=CARTESIAN_POINT('',(0.731663046307505,0.285,0.589585334098595));
#9055=CARTESIAN_POINT('',(0.153834556338986,0.285,1.2997156140919));
#9056=CARTESIAN_POINT('',(0.153834556338986,0.285,1.2997156140919));
#9057=CARTESIAN_POINT('',(0.122001091395579,0.285,1.33914577002234));
#9058=CARTESIAN_POINT('',(0.112261327111329,0.285,1.35557427275973));
#9059=CARTESIAN_POINT('',(0.112261327111329,0.285,1.35557427275973));
#9060=CARTESIAN_POINT('',(0.224584400867473,0.285,1.42439130174314));
#9061=CARTESIAN_POINT('',(0.0983184913748453,0.285,1.38705583114092));
#9062=CARTESIAN_POINT('',(0.181029970892236,0.285,1.40947778870965));
#9063=CARTESIAN_POINT('',(0.0958253702812885,0.285,1.41880354765111));
#9064=CARTESIAN_POINT('',(0.0958253702812885,0.285,1.41880354765111));
#9065=CARTESIAN_POINT('',(0.0981879307399857,0.285,1.44237990100526));
#9066=CARTESIAN_POINT('',(0.113869729600046,0.285,1.45473195345323));
#9067=CARTESIAN_POINT('',(0.113869729600046,0.285,1.45473195345323));
#9068=CARTESIAN_POINT('',(0.113869729600046,0.285,1.45473195345323));
#9069=CARTESIAN_POINT('',(0.129551528460107,0.285,1.4670840059012));
#9070=CARTESIAN_POINT('',(0.154931537262113,0.285,1.46454070311233));
#9071=CARTESIAN_POINT('',(0.154931537262113,0.285,1.46454070311233));
#9072=CARTESIAN_POINT('',(0.14554814976865,0.285,1.36491886974088));
#9073=CARTESIAN_POINT('',(0.189045126810661,0.285,1.45500628425296));
#9074=CARTESIAN_POINT('',(0.189045126810661,0.285,1.45500628425296));
#9075=CARTESIAN_POINT('',(0.204864496816645,0.285,1.44730510902821));
#9076=CARTESIAN_POINT('',(0.223367966251607,0.285,1.42938030536267));
#9077=CARTESIAN_POINT('',(0.223367966251607,0.285,1.42938030536267));
#9078=CARTESIAN_POINT('',(-0.599791798632309,0.285,0.566255696263214));
#9079=CARTESIAN_POINT('',(0.243361083777046,0.285,1.45034409937325));
#9080=CARTESIAN_POINT('',(0.243361083777046,0.285,1.45034409937325));
#9081=CARTESIAN_POINT('',(0.206103338624993,0.285,1.48823579653272));
#9082=CARTESIAN_POINT('',(0.158177636724758,0.285,1.49303837844876));
#9083=CARTESIAN_POINT('',(0.158177636724758,0.285,1.49303837844876));
#9084=CARTESIAN_POINT('',(0.158177636724758,0.285,1.49303837844876));
#9085=CARTESIAN_POINT('',(0.116693561424016,0.285,1.49719545204275));
#9086=CARTESIAN_POINT('',(0.0910224662817153,0.285,1.47832962531451));
#9087=CARTESIAN_POINT('',(0.0910224662817153,0.285,1.47832962531451));
#9088=CARTESIAN_POINT('',(0.0910224662817153,0.285,1.47832962531451));
#9089=CARTESIAN_POINT('',(0.065351371139415,0.285,1.45946379858626));
#9090=CARTESIAN_POINT('',(0.0617623448688257,0.285,1.42364835469307));
#9091=CARTESIAN_POINT('',(0.0617623448688257,0.285,1.42364835469307));
#9092=CARTESIAN_POINT('',(0.172100599116067,0.285,1.41426123833326));
#9093=CARTESIAN_POINT('',(0.0719285422019747,0.285,1.36667532563163));
#9094=CARTESIAN_POINT('',(0.0719285422019747,0.285,1.36667532563163));
#9095=CARTESIAN_POINT('',(0.0849027007360344,0.285,1.33772337227798));
#9096=CARTESIAN_POINT('',(0.12373696232734,0.285,1.29154080378998));
#9097=CARTESIAN_POINT('',(0.12373696232734,0.285,1.29154080378998));
#9098=CARTESIAN_POINT('',(0.711253190016632,0.285,0.589247844094651));
#9099=CARTESIAN_POINT('',(-0.0354160039556523,0.285,-0.0157874778538037));
#9100=CARTESIAN_POINT('',(0.299572194138409,0.285,-1.19943019186465));
#9101=CARTESIAN_POINT('',(0.328810072158433,0.285,-1.30273890986857));
#9102=CARTESIAN_POINT('',(0.334988198094061,0.285,-1.18940694480845));
#9103=CARTESIAN_POINT('',(0.423468907699323,0.285,-1.16436561001553));
#9104=CARTESIAN_POINT('',(0.0884807096052617,0.285,0.0192771039953152));
#9105=CARTESIAN_POINT('',(0.41520716346404,0.285,-1.1351736760168));
#9106=CARTESIAN_POINT('',(0.326726453858778,0.285,-1.16021501080973));
#9107=CARTESIAN_POINT('',(0.258676940527707,0.285,-1.17947401826368));
#9108=CARTESIAN_POINT('',(-0.0680495133310716,0.285,-0.0250232382515628));
#9109=CARTESIAN_POINT('',(0.338146223498254,0.285,-1.46026969497986));
#9110=CARTESIAN_POINT('',(0.406195736829326,0.285,-1.44101068752591));
#9111=CARTESIAN_POINT('',(0.494676446434587,0.285,-1.41596935273298));
#9112=CARTESIAN_POINT('',(0.0884807096052617,0.285,0.0192771039953152));
#9113=CARTESIAN_POINT('',(0.486466881636579,0.285,-1.38696178884372));
#9114=CARTESIAN_POINT('',(0.397986172031317,0.285,-1.41200312363664));
#9115=CARTESIAN_POINT('',(0.362570168075666,0.285,-1.42202637069284));
#9116=CARTESIAN_POINT('',(-0.0354160039556523,0.285,-0.0157874778538037));
#9117=CARTESIAN_POINT('',(0.336967457519166,0.285,-1.33156210364836));
#9118=CARTESIAN_POINT('',(0.372383461474818,0.285,-1.32153885659217));
#9119=CARTESIAN_POINT('',(0.453366453295144,0.285,-1.29861948558178));
#9120=CARTESIAN_POINT('',(0.0809829918203255,0.285,0.0171551402127793));
#9121=CARTESIAN_POINT('',(0.445209067934411,0.285,-1.26979629180198));
#9122=CARTESIAN_POINT('',(0.364226076114086,0.285,-1.29271566281237));
#9123=CARTESIAN_POINT('',(0.132387484406204,0.285,-1.49533586695071));
#9124=CARTESIAN_POINT('',(0.178140660147914,0.285,-1.4922213526207));
#9125=CARTESIAN_POINT('',(0.211287186324207,0.285,-1.47319218722533));
#9126=CARTESIAN_POINT('',(0.211287186324207,0.285,-1.47319218722533));
#9127=CARTESIAN_POINT('',(0.132387484406204,0.285,-1.49533586695071));
#9128=CARTESIAN_POINT('',(-0.479451694101509,0.285,-0.28432957897451));
#9129=CARTESIAN_POINT('',(0.194935333824095,0.285,-1.44504826234171));
#9130=CARTESIAN_POINT('',(0.117677129578042,0.285,-1.31039656470508));
#9131=CARTESIAN_POINT('',(0.129880985051125,0.285,-1.4650977654507));
#9132=CARTESIAN_POINT('',(0.129880985051125,0.285,-1.4650977654507));
#9133=CARTESIAN_POINT('',(0.0818975012997217,0.285,-1.46836410150989));
#9134=CARTESIAN_POINT('',(0.0519388473165949,0.285,-1.43829823885448));
#9135=CARTESIAN_POINT('',(0.0519388473165949,0.285,-1.43829823885448));
#9136=CARTESIAN_POINT('',(0.0519388473165949,0.285,-1.43829823885448));
#9137=CARTESIAN_POINT('',(0.0219801933334682,0.285,-1.40823237619907));
#9138=CARTESIAN_POINT('',(0.0181976633950733,0.285,-1.35266584521471));
#9139=CARTESIAN_POINT('',(0.0181976633950733,0.285,-1.35266584521471));
#9140=CARTESIAN_POINT('',(0.0181976633950733,0.285,-1.35266584521471));
#9141=CARTESIAN_POINT('',(0.0143110271280988,0.285,-1.29556996016656));
#9142=CARTESIAN_POINT('',(0.038983249460759,0.285,-1.26255347994186));
#9143=CARTESIAN_POINT('',(0.038983249460759,0.285,-1.26255347994186));
#9144=CARTESIAN_POINT('',(0.038983249460759,0.285,-1.26255347994186));
#9145=CARTESIAN_POINT('',(0.0636554717934193,0.285,-1.22953699971716));
#9146=CARTESIAN_POINT('',(0.113232032694604,0.285,-1.2261622195657));
#9147=CARTESIAN_POINT('',(0.113232032694604,0.285,-1.2261622195657));
#9148=CARTESIAN_POINT('',(0.113232032694604,0.285,-1.2261622195657));
#9149=CARTESIAN_POINT('',(0.143691667798417,0.285,-1.22408876852149));
#9150=CARTESIAN_POINT('',(0.183500014865868,0.285,-1.23239009016951));
#9151=CARTESIAN_POINT('',(0.183500014865868,0.285,-1.23239009016951));
#9152=CARTESIAN_POINT('',(0.0995397797017427,0.285,0.00101165011691227));
#9153=CARTESIAN_POINT('',(0.181482954749637,0.285,-1.20275885518358));
#9154=CARTESIAN_POINT('',(0.181482954749637,0.285,-1.20275885518358));
#9155=CARTESIAN_POINT('',(0.150438029203141,0.285,-1.19341286054429));
#9156=CARTESIAN_POINT('',(0.106023038267247,0.285,-1.19643628183679));
#9157=CARTESIAN_POINT('',(0.106023038267247,0.285,-1.19643628183679));
#9158=CARTESIAN_POINT('',(0.106023038267247,0.285,-1.19643628183679));
#9159=CARTESIAN_POINT('',(0.0417264445020855,0.285,-1.20081308540083));
#9160=CARTESIAN_POINT('',(0.00943338097836273,0.285,-1.24225460049787));
#9161=CARTESIAN_POINT('',(0.00943338097836273,0.285,-1.24225460049787));
#9162=CARTESIAN_POINT('',(0.00943338097836273,0.285,-1.24225460049787));
#9163=CARTESIAN_POINT('',(-0.02285968254536,0.285,-1.28369611559492));
#9164=CARTESIAN_POINT('',(-0.0179666851021153,0.285,-1.35557575659304));
#9165=CARTESIAN_POINT('',(-0.0179666851021153,0.285,-1.35557575659304));
#9166=CARTESIAN_POINT('',(-0.0179666851021153,0.285,-1.35557575659304));
#9167=CARTESIAN_POINT('',(-0.0149042239363966,0.285,-1.40056425530285));
#9168=CARTESIAN_POINT('',(0.00422202328511607,0.285,-1.43325604434982));
#9169=CARTESIAN_POINT('',(0.00422202328511607,0.285,-1.43325604434982));
#9170=CARTESIAN_POINT('',(0.109358082040525,0.285,-1.37343540291708));
#9171=CARTESIAN_POINT('',(0.0563613359343726,0.285,-1.4821058454194));
#9172=CARTESIAN_POINT('',(0.0563613359343726,0.285,-1.4821058454194));
#9173=CARTESIAN_POINT('',(0.0893744013621165,0.285,-1.49826385744201));
#9174=CARTESIAN_POINT('',(0.132387484406204,0.285,-1.49533586695071));
#9175=CARTESIAN_POINT('',(-0.126366422816217,0.285,-1.49140048150559));
#9176=CARTESIAN_POINT('',(-0.104575536047592,0.285,-1.49325398798111));
#9177=CARTESIAN_POINT('',(-0.138368774424563,0.285,-1.49037957599295));
#9178=CARTESIAN_POINT('',(0.0217908867686251,0.285,-0.00761773727312177));
#9179=CARTESIAN_POINT('',(-0.0798426012568531,0.285,-1.20247940013859));
#9180=CARTESIAN_POINT('',(-0.101633488025478,0.285,-1.20062589366307));
#9181=CARTESIAN_POINT('',(-0.113635839633823,0.285,-1.19960498815043));
#9182=CARTESIAN_POINT('',(-0.0120023516083453,0.285,-0.00474332528496624));
#9183=CARTESIAN_POINT('',(0.0576708638701467,0.285,1.490301116328E-5));
#9184=CARTESIAN_POINT('',(-0.0657939156812334,0.285,1.23208890058113));
#9185=CARTESIAN_POINT('',(-0.0659552927595855,0.285,1.23369930723122));
#9186=CARTESIAN_POINT('',(-0.12346477955138,0.285,1.22630976677236));
#9187=CARTESIAN_POINT('',(-0.21717214078969,0.285,1.21691945521604));
#9188=CARTESIAN_POINT('',(-0.09370736123831,0.285,-0.0151545423539341));
#9189=CARTESIAN_POINT('',(-0.214067245802196,0.285,1.18593523126831));
#9190=CARTESIAN_POINT('',(-0.120359884563886,0.285,1.19532554282463));
#9191=CARTESIAN_POINT('',(-0.0206251989933891,0.285,1.20531984591996));
#9192=CARTESIAN_POINT('',(0.0997346855704966,0.285,0.00423007229772013));
#9193=CARTESIAN_POINT('',(-0.0235106211543246,0.285,1.23411391682357));
#9194=CARTESIAN_POINT('',(0.598736584715687,0.285,0.722628927056141));
#9195=CARTESIAN_POINT('',(-0.108807584665761,0.285,1.30422771741162));
#9196=CARTESIAN_POINT('',(-0.108807584665761,0.285,1.30422771741162));
#9197=CARTESIAN_POINT('',(-0.147832012273425,0.285,1.33655728185187));
#9198=CARTESIAN_POINT('',(-0.1606379410684,0.285,1.35072650547926));
#9199=CARTESIAN_POINT('',(-0.1606379410684,0.285,1.35072650547926));
#9200=CARTESIAN_POINT('',(-0.0642033327440568,0.285,1.44046291221359));
#9201=CARTESIAN_POINT('',(-0.180550273861475,0.285,1.3788154746526));
#9202=CARTESIAN_POINT('',(-0.103932509937915,0.285,1.41720364049237));
#9203=CARTESIAN_POINT('',(-0.18929337035607,0.285,1.40943722215474));
#9204=CARTESIAN_POINT('',(-0.18929337035607,0.285,1.40943722215474));
#9205=CARTESIAN_POINT('',(-0.191655930783144,0.285,1.43301357551206));
#9206=CARTESIAN_POINT('',(-0.17873690752104,0.285,1.44823168489259));
#9207=CARTESIAN_POINT('',(-0.17873690752104,0.285,1.44823168489259));
#9208=CARTESIAN_POINT('',(-0.17873690752104,0.285,1.44823168489259));
#9209=CARTESIAN_POINT('',(-0.165817884258935,0.285,1.46344979427313));
#9210=CARTESIAN_POINT('',(-0.140437875453517,0.285,1.46599309702796));
#9211=CARTESIAN_POINT('',(-0.140437875453517,0.285,1.46599309702796));
#9212=CARTESIAN_POINT('',(-0.129867196779454,0.285,1.36649024079998));
#9213=CARTESIAN_POINT('',(-0.105110730262973,0.285,1.46341725783289));
#9214=CARTESIAN_POINT('',(-0.105110730262973,0.285,1.46341725783289));
#9215=CARTESIAN_POINT('',(-0.088077804617452,0.285,1.45900817502775));
#9216=CARTESIAN_POINT('',(-0.0663855240902105,0.285,1.44511134326269));
#9217=CARTESIAN_POINT('',(-0.0663855240902105,0.285,1.44511134326269));
#9218=CARTESIAN_POINT('',(-0.701733138041457,0.285,0.436097273786281));
#9219=CARTESIAN_POINT('',(-0.0509496952855525,0.285,1.46962543302384));
#9220=CARTESIAN_POINT('',(-0.0509496952855525,0.285,1.46962543302384));
#9221=CARTESIAN_POINT('',(-0.0949852777792173,0.285,1.49937081521812));
#9222=CARTESIAN_POINT('',(-0.142910979685895,0.285,1.49456823336636));
#9223=CARTESIAN_POINT('',(-0.142910979685895,0.285,1.49456823336636));
#9224=CARTESIAN_POINT('',(-0.142910979685895,0.285,1.49456823336636));
#9225=CARTESIAN_POINT('',(-0.184395054992212,0.285,1.49041115982801));
#9226=CARTESIAN_POINT('',(-0.205812250323847,0.285,1.46682666729432));
#9227=CARTESIAN_POINT('',(-0.205812250323847,0.285,1.46682666729432));
#9228=CARTESIAN_POINT('',(-0.205812250323847,0.285,1.46682666729432));
#9229=CARTESIAN_POINT('',(-0.227229445655482,0.285,1.44324217476062));
#9230=CARTESIAN_POINT('',(-0.223640419432931,0.285,1.40742673086262));
#9231=CARTESIAN_POINT('',(-0.223640419432931,0.285,1.40742673086262));
#9232=CARTESIAN_POINT('',(-0.113633487483676,0.285,1.42012016329818));
#9233=CARTESIAN_POINT('',(-0.202371479032741,0.285,1.35360378238424));
#9234=CARTESIAN_POINT('',(-0.202371479032741,0.285,1.35360378238424));
#9235=CARTESIAN_POINT('',(-0.183910499795876,0.285,1.32780190961743));
#9236=CARTESIAN_POINT('',(-0.136684630068318,0.285,1.29024333224866));
#9237=CARTESIAN_POINT('',(-0.136684630068318,0.285,1.29024333224866));
#9238=CARTESIAN_POINT('',(0.578806908919512,0.285,0.718249121364173));
#9239=CARTESIAN_POINT('',(0.0825715094503293,0.285,-0.0267100942708906));
#9240=CARTESIAN_POINT('',(-0.284164442894648,0.285,-1.47243426761211));
#9241=CARTESIAN_POINT('',(-0.243012987714889,0.285,-1.31010053393729));
#9242=CARTESIAN_POINT('',(-0.366735952344977,0.285,-1.45148840413883));
#9243=CARTESIAN_POINT('',(-0.253395312112879,0.285,-1.48023945389049));
#9244=CARTESIAN_POINT('',(0.113340640232099,0.285,-0.0345152805492666));
#9245=CARTESIAN_POINT('',(-0.181640993992356,0.285,-1.19737394374581));
#9246=CARTESIAN_POINT('',(-0.294981634224455,0.285,-1.16862289399416));
#9247=CARTESIAN_POINT('',(-0.219158284241354,0.285,-1.18785695605025));
#9248=CARTESIAN_POINT('',(0.488371469229427,0.285,-0.535178965603921));
#9249=CARTESIAN_POINT('',(-0.43395829179341,0.285,-1.38600443548727));
#9250=CARTESIAN_POINT('',(-0.355193071229069,0.285,-1.40598476002495));
#9251=CARTESIAN_POINT('',(-0.435506034790481,0.285,-1.38561182048333));
#9252=CARTESIAN_POINT('',(-1.45888794677844,0.285,-1.039633410717));
#9253=CARTESIAN_POINT('',(-0.412972533960031,0.285,-1.30981767819492));
#9254=CARTESIAN_POINT('',(-0.0772174775672701,0.285,0.0138234787361283));
#9255=CARTESIAN_POINT('',(-0.372199111791724,0.285,-1.14903518446042));
#9256=CARTESIAN_POINT('',(-0.294981634224455,0.285,-1.16862289399416));
#9257=CARTESIAN_POINT('',(-0.402596784254197,0.285,-1.14132422578299));
#9258=CARTESIAN_POINT('',(-0.107615150029743,0.285,0.0215344374135581));
#9259=CARTESIAN_POINT('',(-0.47435110237472,0.285,-1.42418973592767));
#9260=CARTESIAN_POINT('',(-0.366735952344977,0.285,-1.45148840413883));
#9261=CARTESIAN_POINT('',(-0.437205270445018,0.285,-1.43361249602229));
#9262=CARTESIAN_POINT('',(0.510826966702465,0.285,-0.560291892030937));
#9263=CARTESIAN_POINT('',(-0.223012290214625,0.285,-1.23629943478256));
#9264=CARTESIAN_POINT('',(-0.306760084342728,0.285,-1.21505518390628));
#9265=CARTESIAN_POINT('',(-0.22150093002975,0.285,-1.23668282058115));
#9266=CARTESIAN_POINT('',(-0.225503428468581,0.285,-1.24963346237249));
#9267=CARTESIAN_POINT('',(-0.231704389071841,0.285,-1.26980931986846));
#9268=CARTESIAN_POINT('',(0.391391562574759,0.285,-1.46739740462116));
#9269=CARTESIAN_POINT('',(0.,0.285,-5.81707229594993E-17));
#9270=CARTESIAN_POINT('',(1.15,0.285,-5.81707229594993E-17));
#9271=CARTESIAN_POINT('',(0.,0.6425,0.));
#9272=CARTESIAN_POINT('',(0.,0.6425,-5.81707229594993E-17));
#9273=CARTESIAN_POINT('',(0.93,0.6425,-5.81707229594993E-17));
#9274=CARTESIAN_POINT('',(0.369504172281361,0.6425,-0.69));
#9275=CARTESIAN_POINT('',(-0.398371685740842,0.6425,-0.69));
#9276=CARTESIAN_POINT('',(0.398371685740842,0.6425,-0.69));
#9277=CARTESIAN_POINT('',(0.782309614751943,0.6425,-0.0249999999999993));
#9278=CARTESIAN_POINT('',(0.796743371481684,0.6425,9.75051925774147E-16));
#9279=CARTESIAN_POINT('',(0.412805442470582,0.6425,0.665));
#9280=CARTESIAN_POINT('',(0.398371685740842,0.6425,0.69));
#9281=CARTESIAN_POINT('',(-0.36950417228136,0.6425,0.69));
#9282=CARTESIAN_POINT('',(-0.398371685740842,0.6425,0.69));
#9283=CARTESIAN_POINT('',(-0.782309614751942,0.6425,0.0250000000000006));
#9284=CARTESIAN_POINT('',(-0.796743371481683,0.6425,2.7251060204699E-16));
#9285=CARTESIAN_POINT('',(-0.412805442470582,0.6425,-0.665));
#9286=CARTESIAN_POINT('',(0.,0.6425,-5.81707229594993E-17));
#9287=CARTESIAN_POINT('',(0.,0.6225,-5.81707229594993E-17));
#9288=CARTESIAN_POINT('',(0.95,0.6225,-5.81707229594993E-17));
#9289=CARTESIAN_POINT('',(0.,0.485,-5.81707229594993E-17));
#9290=CARTESIAN_POINT('',(0.95,0.485,-5.81707229594993E-17));
#9291=CARTESIAN_POINT('',(0.,0.6425,-5.81707229594993E-17));
#9292=CARTESIAN_POINT('',(0.,-0.3375,-5.81707229594993E-17));
#9293=CARTESIAN_POINT('',(0.95,-0.3375,-5.81707229594993E-17));
#9294=CARTESIAN_POINT('',(0.,-0.2,-5.81707229594993E-17));
#9295=CARTESIAN_POINT('',(0.95,-0.2,-5.81707229594993E-17));
#9296=CARTESIAN_POINT('',(0.,-0.3575,0.));
#9297=CARTESIAN_POINT('',(0.,-0.3575,-5.81707229594993E-17));
#9298=CARTESIAN_POINT('',(0.93,-0.3575,-5.81707229594993E-17));
#9299=CARTESIAN_POINT('',(0.597557528611263,-0.3575,0.345));
#9300=CARTESIAN_POINT('',(0.398371685740842,-0.3575,0.69));
#9301=CARTESIAN_POINT('',(0.796743371481684,-0.3575,8.49013423222707E-16));
#9302=CARTESIAN_POINT('',(0.597557528611262,-0.3575,-0.345));
#9303=CARTESIAN_POINT('',(0.398371685740842,-0.3575,-0.69));
#9304=CARTESIAN_POINT('',(0.,-0.3575,-0.69));
#9305=CARTESIAN_POINT('',(-0.398371685740842,-0.3575,-0.69));
#9306=CARTESIAN_POINT('',(-0.597557528611262,-0.3575,-0.345));
#9307=CARTESIAN_POINT('',(-0.796743371481683,-0.3575,4.78509014819236E-16));
#9308=CARTESIAN_POINT('',(-0.597557528611263,-0.3575,0.345));
#9309=CARTESIAN_POINT('',(-0.398371685740842,-0.3575,0.69));
#9310=CARTESIAN_POINT('',(-1.6196829267635E-16,-0.3575,0.69));
#9311=CARTESIAN_POINT('',(0.554256258422041,-6.19090565461088,-0.32));
#9312=CARTESIAN_POINT('',(0.739008344562721,-6.19090565461088,7.37257477290143E-16));
#9313=CARTESIAN_POINT('',(0.739008344562721,-0.3075,7.37257477290143E-16));
#9314=CARTESIAN_POINT('',(0.739008344562721,0.5925,7.37257477290143E-16));
#9315=CARTESIAN_POINT('',(0.369504172281361,0.5925,-0.64));
#9316=CARTESIAN_POINT('',(0.369504172281361,0.5925,-0.64));
#9317=CARTESIAN_POINT('',(0.369504172281361,-6.19090565461088,-0.64));
#9318=CARTESIAN_POINT('',(0.369504172281361,-0.3075,-0.64));
#9319=CARTESIAN_POINT('',(0.554256258422041,-0.3075,-0.32));
#9320=CARTESIAN_POINT('',(3.46944695195362E-16,-6.19090565461088,-0.64));
#9321=CARTESIAN_POINT('',(-0.36950417228136,0.5925,-0.64));
#9322=CARTESIAN_POINT('',(-0.36950417228136,0.5925,-0.64));
#9323=CARTESIAN_POINT('',(-0.36950417228136,-6.19090565461088,-0.64));
#9324=CARTESIAN_POINT('',(-0.36950417228136,-0.3075,-0.64));
#9325=CARTESIAN_POINT('',(3.46944695195362E-16,-0.3075,-0.64));
#9326=CARTESIAN_POINT('',(-0.55425625842204,-6.19090565461088,-0.32));
#9327=CARTESIAN_POINT('',(-0.739008344562721,0.5925,6.30938593278262E-16));
#9328=CARTESIAN_POINT('',(-0.739008344562721,0.5925,6.93889390390723E-16));
#9329=CARTESIAN_POINT('',(-0.739008344562721,-6.19090565461088,6.93889390390723E-16));
#9330=CARTESIAN_POINT('',(-0.739008344562721,-0.3075,6.93889390390723E-16));
#9331=CARTESIAN_POINT('',(-0.55425625842204,-0.3075,-0.32));
#9332=CARTESIAN_POINT('',(-0.55425625842204,-6.19090565461088,0.32));
#9333=CARTESIAN_POINT('',(-0.36950417228136,0.5925,0.64));
#9334=CARTESIAN_POINT('',(-0.36950417228136,0.5925,0.64));
#9335=CARTESIAN_POINT('',(-0.36950417228136,-6.19090565461088,0.64));
#9336=CARTESIAN_POINT('',(-0.36950417228136,-0.3075,0.64));
#9337=CARTESIAN_POINT('',(-0.55425625842204,-0.3075,0.32));
#9338=CARTESIAN_POINT('',(2.60208521396521E-16,-6.19090565461088,0.64));
#9339=CARTESIAN_POINT('',(0.369504172281361,0.5925,0.64));
#9340=CARTESIAN_POINT('',(0.369504172281361,0.5925,0.64));
#9341=CARTESIAN_POINT('',(0.369504172281361,-6.19090565461088,0.64));
#9342=CARTESIAN_POINT('',(0.369504172281361,-0.3075,0.64));
#9343=CARTESIAN_POINT('',(2.60208521396521E-16,-0.3075,0.64));
#9344=CARTESIAN_POINT('',(0.554256258422041,-6.19090565461088,0.32));
#9345=CARTESIAN_POINT('',(0.739008344562722,0.5925,7.93021285845015E-16));
#9346=CARTESIAN_POINT('',(0.554256258422041,-0.3075,0.32));
#9347=CARTESIAN_POINT('',(-0.55425625842204,0.5925,0.32));
#9348=CARTESIAN_POINT('',(-0.633435723910903,0.501071428571428,9.54097911787244E-16));
#9349=CARTESIAN_POINT('',(-0.316717861955452,0.501071428571429,0.54857142857143));
#9350=CARTESIAN_POINT('',(2.60208521396521E-16,0.5925,0.64));
#9351=CARTESIAN_POINT('',(0.316717861955452,0.501071428571429,0.54857142857143));
#9352=CARTESIAN_POINT('',(-0.55425625842204,0.5925,-0.32));
#9353=CARTESIAN_POINT('',(-0.316717861955451,0.501071428571429,-0.548571428571428));
#9354=CARTESIAN_POINT('',(0.554256258422041,0.5925,0.32));
#9355=CARTESIAN_POINT('',(0.633435723910904,0.501071428571428,6.93889390390723E-16));
#9356=CARTESIAN_POINT('',(3.46944695195362E-16,0.5925,-0.64));
#9357=CARTESIAN_POINT('',(0.316717861955452,0.501071428571429,-0.548571428571428));
#9358=CARTESIAN_POINT('',(0.554256258422041,0.5925,-0.32));
#9359=CARTESIAN_POINT('',(-0.597557528611263,-0.3575,0.345));
#9360=CARTESIAN_POINT('',(-0.682922889841443,-0.258928571428572,4.33680868994202E-16));
#9361=CARTESIAN_POINT('',(-0.341461444920721,-0.258928571428572,0.591428571428572));
#9362=CARTESIAN_POINT('',(-1.6196829267635E-16,-0.3575,0.69));
#9363=CARTESIAN_POINT('',(0.341461444920721,-0.258928571428572,0.591428571428572));
#9364=CARTESIAN_POINT('',(-0.597557528611262,-0.3575,-0.345));
#9365=CARTESIAN_POINT('',(-0.341461444920721,-0.258928571428572,-0.591428571428571));
#9366=CARTESIAN_POINT('',(0.597557528611263,-0.3575,0.345));
#9367=CARTESIAN_POINT('',(0.682922889841443,-0.258928571428571,7.80625564189563E-16));
#9368=CARTESIAN_POINT('',(0.,-0.3575,-0.69));
#9369=CARTESIAN_POINT('',(0.341461444920722,-0.258928571428572,-0.591428571428571));
#9370=CARTESIAN_POINT('',(0.597557528611262,-0.3575,-0.345));
#9371=CARTESIAN_POINT('',(0.,-0.2,-5.81707229594993E-17));
#9372=CARTESIAN_POINT('',(0.,0.485,-5.81707229594993E-17));
#9373=CARTESIAN_POINT('',(0.,0.6425,-5.81707229594993E-17));
#9374=CARTESIAN_POINT('',(0.,-0.3375,-5.81707229594993E-17));
#9375=CARTESIAN_POINT('',(-0.263575712087905,0.284,-1.39127062484572));
#9376=CARTESIAN_POINT('',(-0.242986981281164,0.284,-1.31010698207932));
#9377=CARTESIAN_POINT('',(-0.243012987714889,0.284,-1.31010053393729));
#9378=CARTESIAN_POINT('',(-0.263575712087905,0.284,-1.39127062484572));
#9379=CARTESIAN_POINT('',(-0.284164442894648,0.284,-1.47243426761211));
#9380=CARTESIAN_POINT('',(-0.284164442894648,0.284,-1.47243426761211));
#9381=CARTESIAN_POINT('',(0.391391562574759,0.284,-1.46739740462116));
#9382=CARTESIAN_POINT('',(-0.231709912659746,0.284,-1.26980738915858));
#9383=CARTESIAN_POINT('',(-0.231704389071841,0.284,-1.26980931986846));
#9384=CARTESIAN_POINT('',(0.391391562574759,0.284,-1.46739740462116));
#9385=CARTESIAN_POINT('',(-0.225503428468581,0.283999999770458,-1.24963346237249));
#9386=CARTESIAN_POINT('',(-0.22150093002975,0.284,-1.23668282058115));
#9387=CARTESIAN_POINT('',(-0.22150093002975,0.284,-1.23668282058115));
#9388=CARTESIAN_POINT('',(-0.225503428468581,0.284,-1.24963346237249));
#9389=CARTESIAN_POINT('',(-0.22223841871609,0.284,-1.23649574228453));
#9390=CARTESIAN_POINT('',(-0.223012290214625,0.284,-1.23629943478256));
#9391=CARTESIAN_POINT('',(-0.223012290214625,0.284,-1.23629943478256));
#9392=CARTESIAN_POINT('',(-0.22223841871609,0.284,-1.23649574228453));
#9393=CARTESIAN_POINT('',(-0.330108780329821,0.284,-1.33495596540242));
#9394=CARTESIAN_POINT('',(-0.437205270445018,0.284,-1.43361249602229));
#9395=CARTESIAN_POINT('',(-0.437205270445018,0.284,-1.43361249602229));
#9396=CARTESIAN_POINT('',(-0.330108780329821,0.284,-1.33495596540242));
#9397=CARTESIAN_POINT('',(-0.455778186409869,0.284,-1.42890111597498));
#9398=CARTESIAN_POINT('',(-0.47435110237472,0.284,-1.42418973592767));
#9399=CARTESIAN_POINT('',(-0.47435110237472,0.284,-1.42418973592767));
#9400=CARTESIAN_POINT('',(-0.455778186409869,0.284,-1.42890111597498));
#9401=CARTESIAN_POINT('',(-0.438473943314459,0.284,-1.28275698085533));
#9402=CARTESIAN_POINT('',(-0.402596784254197,0.284,-1.14132422578299));
#9403=CARTESIAN_POINT('',(-0.402596784254197,0.284,-1.14132422578299));
#9404=CARTESIAN_POINT('',(-0.438473943314459,0.284,-1.28275698085533));
#9405=CARTESIAN_POINT('',(-0.387397948022961,0.284,-1.1451797051217));
#9406=CARTESIAN_POINT('',(-0.372199111791724,0.284,-1.14903518446042));
#9407=CARTESIAN_POINT('',(-0.372199111791724,0.284,-1.14903518446042));
#9408=CARTESIAN_POINT('',(-0.387397948022961,0.284,-1.1451797051217));
#9409=CARTESIAN_POINT('',(-0.392591535096495,0.284,-1.22942495572828));
#9410=CARTESIAN_POINT('',(-0.412983958401267,0.284,-1.30981472699614));
#9411=CARTESIAN_POINT('',(-0.412972533960031,0.284,-1.30981767819492));
#9412=CARTESIAN_POINT('',(-0.392591535096495,0.284,-1.22942495572828));
#9413=CARTESIAN_POINT('',(-1.45888794677844,0.284,-1.039633410717));
#9414=CARTESIAN_POINT('',(-0.435527416401039,0.284,-1.38560639667706));
#9415=CARTESIAN_POINT('',(-0.435506034790481,0.284,-1.38561182048333));
#9416=CARTESIAN_POINT('',(-1.45888794677844,0.284,-1.039633410717));
#9417=CARTESIAN_POINT('',(-0.434732163291946,0.284,-1.3858081279853));
#9418=CARTESIAN_POINT('',(-0.43395829179341,0.284,-1.38600443548727));
#9419=CARTESIAN_POINT('',(-0.43395829179341,0.284,-1.38600443548727));
#9420=CARTESIAN_POINT('',(-0.434732163291946,0.284,-1.3858081279853));
#9421=CARTESIAN_POINT('',(-0.326558288017382,0.284,-1.28693069576876));
#9422=CARTESIAN_POINT('',(-0.219158284241354,0.284,-1.18785695605025));
#9423=CARTESIAN_POINT('',(-0.219158284241354,0.284,-1.18785695605025));
#9424=CARTESIAN_POINT('',(-0.326558288017382,0.284,-1.28693069576876));
#9425=CARTESIAN_POINT('',(-0.200399639116855,0.284,-1.19261544989803));
#9426=CARTESIAN_POINT('',(-0.181640993992356,0.284,-1.19737394374581));
#9427=CARTESIAN_POINT('',(-0.181640993992356,0.284,-1.19737394374581));
#9428=CARTESIAN_POINT('',(-0.200399639116855,0.284,-1.19261544989803));
#9429=CARTESIAN_POINT('',(-0.217518153052617,0.284,-1.33880669881815));
#9430=CARTESIAN_POINT('',(-0.253395312112879,0.284,-1.48023945389049));
#9431=CARTESIAN_POINT('',(-0.253395312112879,0.284,-1.48023945389049));
#9432=CARTESIAN_POINT('',(-0.217518153052617,0.284,-1.33880669881815));
#9433=CARTESIAN_POINT('',(-0.268779877503763,0.284,-1.4763368607513));
#9434=CARTESIAN_POINT('',(-0.268779877503763,0.284,-1.4763368607513));
#9435=CARTESIAN_POINT('',(-0.334895673054135,0.284,-1.31031653945766));
#9436=CARTESIAN_POINT('',(-0.0658746042204094,0.284,1.23289410390618));
#9437=CARTESIAN_POINT('',(-0.0659552927595855,0.284,1.23369930723122));
#9438=CARTESIAN_POINT('',(-0.0659552927595855,0.284,1.23369930723122));
#9439=CARTESIAN_POINT('',(-0.0658746042204094,0.284,1.23289410390618));
#9440=CARTESIAN_POINT('',(-0.0657939156812334,0.284,1.23208890058113));
#9441=CARTESIAN_POINT('',(-0.0657939156812334,0.284,1.23208890058113));
#9442=CARTESIAN_POINT('',(-0.101319961413952,0.284,1.26197131973994));
#9443=CARTESIAN_POINT('',(-0.136684630068318,0.284,1.29024333224866));
#9444=CARTESIAN_POINT('',(-0.136684630068318,0.284,1.29024333224866));
#9445=CARTESIAN_POINT('',(-0.101319961413952,0.284,1.26197131973994));
#9446=CARTESIAN_POINT('',(-0.202371479032741,0.284,1.35360378238424));
#9447=CARTESIAN_POINT('',(-0.202371479032741,0.285,1.35360378238424));
#9448=CARTESIAN_POINT('',(-0.190064159541498,0.284,1.33640253387303));
#9449=CARTESIAN_POINT('',(-0.190064159541498,0.285,1.33640253387303));
#9450=CARTESIAN_POINT('',(-0.168168543220024,0.284,1.31528238382784));
#9451=CARTESIAN_POINT('',(-0.168168543220024,0.285,1.31528238382784));
#9452=CARTESIAN_POINT('',(-0.136684630068318,0.284,1.29024333224866));
#9453=CARTESIAN_POINT('',(-0.136684630068318,0.285,1.29024333224866));
#9454=CARTESIAN_POINT('',(-0.202371479032741,0.284,1.35360378238424));
#9455=CARTESIAN_POINT('',(-0.202371479032741,0.284,1.35360378238424));
#9456=CARTESIAN_POINT('',(-0.202371479032741,0.284,1.35360378238424));
#9457=CARTESIAN_POINT('',(-0.183910499795876,0.284,1.32780190961743));
#9458=CARTESIAN_POINT('',(-0.136684630068318,0.284,1.29024333224866));
#9459=CARTESIAN_POINT('',(-0.113633487483676,0.284,1.42012016329818));
#9460=CARTESIAN_POINT('',(-0.223640419432931,0.284,1.40742673086262));
#9461=CARTESIAN_POINT('',(-0.223640419432931,0.284,1.40742673086262));
#9462=CARTESIAN_POINT('',(-0.113633487483676,0.284,1.42012016329818));
#9463=CARTESIAN_POINT('',(-0.205812250323847,0.284,1.46682666729432));
#9464=CARTESIAN_POINT('',(-0.205812250323847,0.285,1.46682666729432));
#9465=CARTESIAN_POINT('',(-0.220090380544937,0.284,1.45110367227185));
#9466=CARTESIAN_POINT('',(-0.220090380544937,0.285,1.45110367227185));
#9467=CARTESIAN_POINT('',(-0.226033103581298,0.284,1.43130369346129));
#9468=CARTESIAN_POINT('',(-0.226033103581298,0.285,1.43130369346129));
#9469=CARTESIAN_POINT('',(-0.223640419432931,0.284,1.40742673086262));
#9470=CARTESIAN_POINT('',(-0.223640419432931,0.285,1.40742673086262));
#9471=CARTESIAN_POINT('',(-0.205812250323847,0.284,1.46682666729432));
#9472=CARTESIAN_POINT('',(-0.205812250323847,0.284,1.46682666729432));
#9473=CARTESIAN_POINT('',(-0.205812250323847,0.284,1.46682666729432));
#9474=CARTESIAN_POINT('',(-0.227229445655482,0.284,1.44324217476062));
#9475=CARTESIAN_POINT('',(-0.223640419432931,0.284,1.40742673086262));
#9476=CARTESIAN_POINT('',(-0.142910979685895,0.284,1.49456823336636));
#9477=CARTESIAN_POINT('',(-0.142910979685895,0.285,1.49456823336636));
#9478=CARTESIAN_POINT('',(-0.170567029890106,0.284,1.49179685100746));
#9479=CARTESIAN_POINT('',(-0.170567029890106,0.285,1.49179685100746));
#9480=CARTESIAN_POINT('',(-0.191534120102757,0.284,1.48254966231678));
#9481=CARTESIAN_POINT('',(-0.191534120102757,0.285,1.48254966231678));
#9482=CARTESIAN_POINT('',(-0.205812250323847,0.284,1.46682666729432));
#9483=CARTESIAN_POINT('',(-0.205812250323847,0.285,1.46682666729432));
#9484=CARTESIAN_POINT('',(-0.142910979685895,0.284,1.49456823336636));
#9485=CARTESIAN_POINT('',(-0.142910979685895,0.284,1.49456823336636));
#9486=CARTESIAN_POINT('',(-0.142910979685895,0.284,1.49456823336636));
#9487=CARTESIAN_POINT('',(-0.184395054992212,0.284,1.49041115982801));
#9488=CARTESIAN_POINT('',(-0.205812250323847,0.284,1.46682666729432));
#9489=CARTESIAN_POINT('',(-0.0509496952855525,0.284,1.46962543302384));
#9490=CARTESIAN_POINT('',(-0.0509496952855525,0.285,1.46962543302384));
#9491=CARTESIAN_POINT('',(-0.080306750281329,0.284,1.48945568782002));
#9492=CARTESIAN_POINT('',(-0.080306750281329,0.285,1.48945568782002));
#9493=CARTESIAN_POINT('',(-0.11096051174811,0.284,1.49776995460087));
#9494=CARTESIAN_POINT('',(-0.11096051174811,0.285,1.49776995460087));
#9495=CARTESIAN_POINT('',(-0.142910979685895,0.284,1.49456823336636));
#9496=CARTESIAN_POINT('',(-0.142910979685895,0.285,1.49456823336636));
#9497=CARTESIAN_POINT('',(-0.0509496952855525,0.284,1.46962543302384));
#9498=CARTESIAN_POINT('',(-0.0509496952855525,0.284,1.46962543302384));
#9499=CARTESIAN_POINT('',(-0.0509496952855525,0.284,1.46962543302384));
#9500=CARTESIAN_POINT('',(-0.0949852777792173,0.284,1.49937081521812));
#9501=CARTESIAN_POINT('',(-0.142910979685895,0.284,1.49456823336636));
#9502=CARTESIAN_POINT('',(-0.0586676096878815,0.284,1.45736838814326));
#9503=CARTESIAN_POINT('',(-0.0663855240902105,0.284,1.44511134326269));
#9504=CARTESIAN_POINT('',(-0.0663855240902105,0.284,1.44511134326269));
#9505=CARTESIAN_POINT('',(-0.0586676096878815,0.284,1.45736838814326));
#9506=CARTESIAN_POINT('',(-0.105110730262973,0.284,1.46341725783289));
#9507=CARTESIAN_POINT('',(-0.105110730262973,0.285,1.46341725783289));
#9508=CARTESIAN_POINT('',(-0.0937554464992925,0.284,1.46047786929613));
#9509=CARTESIAN_POINT('',(-0.0937554464992925,0.285,1.46047786929613));
#9510=CARTESIAN_POINT('',(-0.0808470444417048,0.284,1.45437589777273));
#9511=CARTESIAN_POINT('',(-0.0808470444417048,0.285,1.45437589777273));
#9512=CARTESIAN_POINT('',(-0.0663855240902105,0.284,1.44511134326269));
#9513=CARTESIAN_POINT('',(-0.0663855240902105,0.285,1.44511134326269));
#9514=CARTESIAN_POINT('',(-0.105110730262973,0.284,1.46341725783289));
#9515=CARTESIAN_POINT('',(-0.105110730262973,0.284,1.46341725783289));
#9516=CARTESIAN_POINT('',(-0.105110730262973,0.284,1.46341725783289));
#9517=CARTESIAN_POINT('',(-0.088077804617452,0.284,1.45900817502775));
#9518=CARTESIAN_POINT('',(-0.0663855240902105,0.284,1.44511134326269));
#9519=CARTESIAN_POINT('',(-0.129867196779454,0.284,1.36649024079998));
#9520=CARTESIAN_POINT('',(-0.140437875453517,0.284,1.46599309702796));
#9521=CARTESIAN_POINT('',(-0.140437875453517,0.284,1.46599309702796));
#9522=CARTESIAN_POINT('',(-0.129867196779454,0.284,1.36649024079998));
#9523=CARTESIAN_POINT('',(-0.17873690752104,0.284,1.44823168489259));
#9524=CARTESIAN_POINT('',(-0.17873690752104,0.285,1.44823168489259));
#9525=CARTESIAN_POINT('',(-0.170124225346303,0.284,1.45837709114629));
#9526=CARTESIAN_POINT('',(-0.170124225346303,0.285,1.45837709114629));
#9527=CARTESIAN_POINT('',(-0.157357881323796,0.284,1.46429756185807));
#9528=CARTESIAN_POINT('',(-0.157357881323796,0.285,1.46429756185807));
#9529=CARTESIAN_POINT('',(-0.140437875453517,0.284,1.46599309702796));
#9530=CARTESIAN_POINT('',(-0.140437875453517,0.285,1.46599309702796));
#9531=CARTESIAN_POINT('',(-0.17873690752104,0.284,1.44823168489259));
#9532=CARTESIAN_POINT('',(-0.17873690752104,0.284,1.44823168489259));
#9533=CARTESIAN_POINT('',(-0.17873690752104,0.284,1.44823168489259));
#9534=CARTESIAN_POINT('',(-0.165817884258935,0.284,1.46344979427313));
#9535=CARTESIAN_POINT('',(-0.140437875453517,0.284,1.46599309702796));
#9536=CARTESIAN_POINT('',(-0.18929337035607,0.284,1.40943722215474));
#9537=CARTESIAN_POINT('',(-0.18929337035607,0.285,1.40943722215474));
#9538=CARTESIAN_POINT('',(-0.190868410640786,0.284,1.42515479105962));
#9539=CARTESIAN_POINT('',(-0.190868410640786,0.285,1.42515479105962));
#9540=CARTESIAN_POINT('',(-0.187349589695776,0.284,1.4380862786389));
#9541=CARTESIAN_POINT('',(-0.187349589695776,0.285,1.4380862786389));
#9542=CARTESIAN_POINT('',(-0.17873690752104,0.284,1.44823168489259));
#9543=CARTESIAN_POINT('',(-0.17873690752104,0.285,1.44823168489259));
#9544=CARTESIAN_POINT('',(-0.18929337035607,0.284,1.40943722215474));
#9545=CARTESIAN_POINT('',(-0.18929337035607,0.284,1.40943722215474));
#9546=CARTESIAN_POINT('',(-0.18929337035607,0.284,1.40943722215474));
#9547=CARTESIAN_POINT('',(-0.191655930783144,0.284,1.43301357551206));
#9548=CARTESIAN_POINT('',(-0.17873690752104,0.284,1.44823168489259));
#9549=CARTESIAN_POINT('',(-0.103932509937915,0.284,1.41720364049237));
#9550=CARTESIAN_POINT('',(-0.180532686843858,0.284,1.37882456918323));
#9551=CARTESIAN_POINT('',(-0.180550273861475,0.284,1.3788154746526));
#9552=CARTESIAN_POINT('',(-0.103932509937915,0.284,1.41720364049237));
#9553=CARTESIAN_POINT('',(-0.0642033327440568,0.284,1.44046291221359));
#9554=CARTESIAN_POINT('',(-0.1606379410684,0.284,1.35072650547926));
#9555=CARTESIAN_POINT('',(-0.1606379410684,0.284,1.35072650547926));
#9556=CARTESIAN_POINT('',(-0.0642033327440568,0.284,1.44046291221359));
#9557=CARTESIAN_POINT('',(-0.108807584665761,0.284,1.30422771741162));
#9558=CARTESIAN_POINT('',(-0.108807584665761,0.285,1.30422771741162));
#9559=CARTESIAN_POINT('',(-0.134823869737537,0.284,1.32578076037179));
#9560=CARTESIAN_POINT('',(-0.134823869737537,0.285,1.32578076037179));
#9561=CARTESIAN_POINT('',(-0.152100655205083,0.284,1.34128035639434));
#9562=CARTESIAN_POINT('',(-0.152100655205083,0.285,1.34128035639434));
#9563=CARTESIAN_POINT('',(-0.1606379410684,0.284,1.35072650547926));
#9564=CARTESIAN_POINT('',(-0.1606379410684,0.285,1.35072650547926));
#9565=CARTESIAN_POINT('',(-0.108807584665761,0.284,1.30422771741162));
#9566=CARTESIAN_POINT('',(-0.108807584665761,0.284,1.30422771741162));
#9567=CARTESIAN_POINT('',(-0.108807584665761,0.284,1.30422771741162));
#9568=CARTESIAN_POINT('',(-0.147832012273425,0.284,1.33655728185187));
#9569=CARTESIAN_POINT('',(-0.1606379410684,0.284,1.35072650547926));
#9570=CARTESIAN_POINT('',(-0.0661591029100429,0.284,1.26917081711759));
#9571=CARTESIAN_POINT('',(-0.0235106211543246,0.284,1.23411391682357));
#9572=CARTESIAN_POINT('',(-0.0235106211543246,0.284,1.23411391682357));
#9573=CARTESIAN_POINT('',(-0.0661591029100429,0.284,1.26917081711759));
#9574=CARTESIAN_POINT('',(-0.0220679100738569,0.284,1.21971688137176));
#9575=CARTESIAN_POINT('',(-0.0206251989933891,0.284,1.20531984591996));
#9576=CARTESIAN_POINT('',(-0.0206251989933891,0.284,1.20531984591996));
#9577=CARTESIAN_POINT('',(-0.0220679100738569,0.284,1.21971688137176));
#9578=CARTESIAN_POINT('',(-0.117346222397792,0.284,1.19562753859413));
#9579=CARTESIAN_POINT('',(-0.214067245802196,0.284,1.18593523126831));
#9580=CARTESIAN_POINT('',(-0.214067245802196,0.284,1.18593523126831));
#9581=CARTESIAN_POINT('',(-0.117346222397792,0.284,1.19562753859413));
#9582=CARTESIAN_POINT('',(-0.215619693295943,0.284,1.20142734324217));
#9583=CARTESIAN_POINT('',(-0.21717214078969,0.284,1.21691945521604));
#9584=CARTESIAN_POINT('',(-0.21717214078969,0.284,1.21691945521604));
#9585=CARTESIAN_POINT('',(-0.215619693295943,0.284,1.20142734324217));
#9586=CARTESIAN_POINT('',(-0.141483028235462,0.284,1.22450417789858));
#9587=CARTESIAN_POINT('',(-0.141483028235462,0.284,1.22450417789858));
#9588=CARTESIAN_POINT('',(-0.135587879585648,0.284,1.34455081768463));
#9589=CARTESIAN_POINT('',(-0.121472155236078,0.284,-1.49181678198703));
#9590=CARTESIAN_POINT('',(-0.138368774424563,0.284,-1.49037957599295));
#9591=CARTESIAN_POINT('',(-0.138368774424563,0.284,-1.49037957599295));
#9592=CARTESIAN_POINT('',(-0.121472155236078,0.284,-1.49181678198703));
#9593=CARTESIAN_POINT('',(-0.104575536047592,0.284,-1.49325398798111));
#9594=CARTESIAN_POINT('',(-0.104575536047592,0.284,-1.49325398798111));
#9595=CARTESIAN_POINT('',(-0.126002307029193,0.284,-1.34499228207169));
#9596=CARTESIAN_POINT('',(-0.113635839633823,0.284,-1.19960498815043));
#9597=CARTESIAN_POINT('',(-0.113635839633823,0.284,-1.19960498815043));
#9598=CARTESIAN_POINT('',(-0.126002307029193,0.284,-1.34499228207169));
#9599=CARTESIAN_POINT('',(-0.0967392204453382,0.284,-1.20104219414451));
#9600=CARTESIAN_POINT('',(-0.0798426012568531,0.284,-1.20247940013859));
#9601=CARTESIAN_POINT('',(-0.0798426012568531,0.284,-1.20247940013859));
#9602=CARTESIAN_POINT('',(-0.0967392204453382,0.284,-1.20104219414451));
#9603=CARTESIAN_POINT('',(-0.0922090686522228,0.284,-1.34786669405985));
#9604=CARTESIAN_POINT('',(-0.0922090686522228,0.284,-1.34786669405985));
#9605=CARTESIAN_POINT('',(-0.115988985243564,0.284,-1.34709397633622));
#9606=CARTESIAN_POINT('',(0.132387484406204,0.284,-1.49533586695071));
#9607=CARTESIAN_POINT('',(0.132387484406204,0.285,-1.49533586695071));
#9608=CARTESIAN_POINT('',(0.162889601567344,0.284,-1.49325952406404));
#9609=CARTESIAN_POINT('',(0.162889601567344,0.285,-1.49325952406404));
#9610=CARTESIAN_POINT('',(0.189189502206678,0.284,-1.48587829748891));
#9611=CARTESIAN_POINT('',(0.189189502206678,0.285,-1.48587829748891));
#9612=CARTESIAN_POINT('',(0.211287186324207,0.284,-1.47319218722533));
#9613=CARTESIAN_POINT('',(0.211287186324207,0.285,-1.47319218722533));
#9614=CARTESIAN_POINT('',(0.132387484406204,0.284,-1.49533586695071));
#9615=CARTESIAN_POINT('',(0.132387484406204,0.284,-1.49533586695071));
#9616=CARTESIAN_POINT('',(0.132387484406204,0.284,-1.49533586695071));
#9617=CARTESIAN_POINT('',(0.178140660147914,0.284,-1.4922213526207));
#9618=CARTESIAN_POINT('',(0.211287186324207,0.284,-1.47319218722533));
#9619=CARTESIAN_POINT('',(0.211287186324207,0.284,-1.47319218722533));
#9620=CARTESIAN_POINT('',(0.211287186324207,0.284,-1.47319218722533));
#9621=CARTESIAN_POINT('',(0.0563613359343726,0.284,-1.4821058454194));
#9622=CARTESIAN_POINT('',(0.0563613359343726,0.285,-1.4821058454194));
#9623=CARTESIAN_POINT('',(0.0783700462195352,0.284,-1.49287785343447));
#9624=CARTESIAN_POINT('',(0.0783700462195352,0.285,-1.49287785343447));
#9625=CARTESIAN_POINT('',(0.103712095710146,0.284,-1.49728786061158));
#9626=CARTESIAN_POINT('',(0.103712095710146,0.285,-1.49728786061158));
#9627=CARTESIAN_POINT('',(0.132387484406204,0.284,-1.49533586695071));
#9628=CARTESIAN_POINT('',(0.132387484406204,0.285,-1.49533586695071));
#9629=CARTESIAN_POINT('',(0.0563613359343726,0.284,-1.4821058454194));
#9630=CARTESIAN_POINT('',(0.0563613359343726,0.284,-1.4821058454194));
#9631=CARTESIAN_POINT('',(0.0563613359343726,0.284,-1.4821058454194));
#9632=CARTESIAN_POINT('',(0.0893744013621165,0.284,-1.49826385744201));
#9633=CARTESIAN_POINT('',(0.132387484406204,0.284,-1.49533586695071));
#9634=CARTESIAN_POINT('',(0.109358082040525,0.284,-1.37343540291708));
#9635=CARTESIAN_POINT('',(0.00422202328511607,0.284,-1.43325604434982));
#9636=CARTESIAN_POINT('',(0.00422202328511607,0.284,-1.43325604434982));
#9637=CARTESIAN_POINT('',(0.109358082040525,0.284,-1.37343540291708));
#9638=CARTESIAN_POINT('',(-0.0179666851021153,0.284,-1.35557575659304));
#9639=CARTESIAN_POINT('',(-0.0179666851021153,0.285,-1.35557575659304));
#9640=CARTESIAN_POINT('',(-0.0159250443249695,0.284,-1.38556808906625));
#9641=CARTESIAN_POINT('',(-0.0159250443249695,0.285,-1.38556808906625));
#9642=CARTESIAN_POINT('',(-0.00852880819589238,0.284,-1.41146151831851));
#9643=CARTESIAN_POINT('',(-0.00852880819589238,0.285,-1.41146151831851));
#9644=CARTESIAN_POINT('',(0.00422202328511607,0.284,-1.43325604434982));
#9645=CARTESIAN_POINT('',(0.00422202328511607,0.285,-1.43325604434982));
#9646=CARTESIAN_POINT('',(-0.0179666851021153,0.284,-1.35557575659304));
#9647=CARTESIAN_POINT('',(-0.0179666851021153,0.284,-1.35557575659304));
#9648=CARTESIAN_POINT('',(-0.0179666851021153,0.284,-1.35557575659304));
#9649=CARTESIAN_POINT('',(-0.0149042239363966,0.284,-1.40056425530285));
#9650=CARTESIAN_POINT('',(0.00422202328511607,0.284,-1.43325604434982));
#9651=CARTESIAN_POINT('',(0.00943338097836273,0.284,-1.24225460049787));
#9652=CARTESIAN_POINT('',(0.00943338097836273,0.285,-1.24225460049787));
#9653=CARTESIAN_POINT('',(-0.0120953280374524,0.284,-1.26988227722923));
#9654=CARTESIAN_POINT('',(-0.0120953280374524,0.285,-1.26988227722923));
#9655=CARTESIAN_POINT('',(-0.0212286833976118,0.284,-1.30765599592762));
#9656=CARTESIAN_POINT('',(-0.0212286833976118,0.285,-1.30765599592762));
#9657=CARTESIAN_POINT('',(-0.0179666851021153,0.284,-1.35557575659304));
#9658=CARTESIAN_POINT('',(-0.0179666851021153,0.285,-1.35557575659304));
#9659=CARTESIAN_POINT('',(0.00943338097836273,0.284,-1.24225460049787));
#9660=CARTESIAN_POINT('',(0.00943338097836273,0.284,-1.24225460049787));
#9661=CARTESIAN_POINT('',(0.00943338097836273,0.284,-1.24225460049787));
#9662=CARTESIAN_POINT('',(-0.02285968254536,0.284,-1.28369611559492));
#9663=CARTESIAN_POINT('',(-0.0179666851021153,0.284,-1.35557575659304));
#9664=CARTESIAN_POINT('',(0.106023038267247,0.284,-1.19643628183679));
#9665=CARTESIAN_POINT('',(0.106023038267247,0.285,-1.19643628183679));
#9666=CARTESIAN_POINT('',(0.0631586424238058,0.284,-1.19935415087948));
#9667=CARTESIAN_POINT('',(0.0631586424238058,0.285,-1.19935415087948));
#9668=CARTESIAN_POINT('',(0.0309620899941779,0.284,-1.21462692376651));
#9669=CARTESIAN_POINT('',(0.0309620899941779,0.285,-1.21462692376651));
#9670=CARTESIAN_POINT('',(0.00943338097836273,0.284,-1.24225460049787));
#9671=CARTESIAN_POINT('',(0.00943338097836273,0.285,-1.24225460049787));
#9672=CARTESIAN_POINT('',(0.106023038267247,0.284,-1.19643628183679));
#9673=CARTESIAN_POINT('',(0.106023038267247,0.284,-1.19643628183679));
#9674=CARTESIAN_POINT('',(0.106023038267247,0.284,-1.19643628183679));
#9675=CARTESIAN_POINT('',(0.0417264445020855,0.284,-1.20081308540083));
#9676=CARTESIAN_POINT('',(0.00943338097836273,0.284,-1.24225460049787));
#9677=CARTESIAN_POINT('',(0.181482954749637,0.284,-1.20275885518358));
#9678=CARTESIAN_POINT('',(0.181482954749637,0.285,-1.20275885518358));
#9679=CARTESIAN_POINT('',(0.16078633771864,0.284,-1.19652819209072));
#9680=CARTESIAN_POINT('',(0.16078633771864,0.285,-1.19652819209072));
#9681=CARTESIAN_POINT('',(0.13563303222451,0.284,-1.19442066764179));
#9682=CARTESIAN_POINT('',(0.13563303222451,0.285,-1.19442066764179));
#9683=CARTESIAN_POINT('',(0.106023038267247,0.284,-1.19643628183679));
#9684=CARTESIAN_POINT('',(0.106023038267247,0.285,-1.19643628183679));
#9685=CARTESIAN_POINT('',(0.181482954749637,0.284,-1.20275885518358));
#9686=CARTESIAN_POINT('',(0.181482954749637,0.284,-1.20275885518358));
#9687=CARTESIAN_POINT('',(0.181482954749637,0.284,-1.20275885518358));
#9688=CARTESIAN_POINT('',(0.150438029203141,0.284,-1.19341286054429));
#9689=CARTESIAN_POINT('',(0.106023038267247,0.284,-1.19643628183679));
#9690=CARTESIAN_POINT('',(0.182491484807753,0.284,-1.21757447267654));
#9691=CARTESIAN_POINT('',(0.183500014865868,0.284,-1.23239009016951));
#9692=CARTESIAN_POINT('',(0.183500014865868,0.284,-1.23239009016951));
#9693=CARTESIAN_POINT('',(0.182491484807753,0.284,-1.21757447267654));
#9694=CARTESIAN_POINT('',(0.113232032694604,0.284,-1.2261622195657));
#9695=CARTESIAN_POINT('',(0.113232032694604,0.285,-1.2261622195657));
#9696=CARTESIAN_POINT('',(0.133538456097146,0.284,-1.22477991886956));
#9697=CARTESIAN_POINT('',(0.133538456097146,0.285,-1.22477991886956));
#9698=CARTESIAN_POINT('',(0.156961116820901,0.284,-1.22685587573749));
#9699=CARTESIAN_POINT('',(0.156961116820901,0.285,-1.22685587573749));
#9700=CARTESIAN_POINT('',(0.183500014865868,0.284,-1.23239009016951));
#9701=CARTESIAN_POINT('',(0.183500014865868,0.285,-1.23239009016951));
#9702=CARTESIAN_POINT('',(0.113232032694604,0.284,-1.2261622195657));
#9703=CARTESIAN_POINT('',(0.113232032694604,0.284,-1.2261622195657));
#9704=CARTESIAN_POINT('',(0.113232032694604,0.284,-1.2261622195657));
#9705=CARTESIAN_POINT('',(0.143691667798417,0.284,-1.22408876852149));
#9706=CARTESIAN_POINT('',(0.183500014865868,0.284,-1.23239009016951));
#9707=CARTESIAN_POINT('',(0.038983249460759,0.284,-1.26255347994186));
#9708=CARTESIAN_POINT('',(0.038983249460759,0.285,-1.26255347994186));
#9709=CARTESIAN_POINT('',(0.0554313976825325,0.284,-1.24054249312539));
#9710=CARTESIAN_POINT('',(0.0554313976825325,0.285,-1.24054249312539));
#9711=CARTESIAN_POINT('',(0.0801809920938142,0.284,-1.228412073));
#9712=CARTESIAN_POINT('',(0.0801809920938142,0.285,-1.228412073));
#9713=CARTESIAN_POINT('',(0.113232032694604,0.284,-1.2261622195657));
#9714=CARTESIAN_POINT('',(0.113232032694604,0.285,-1.2261622195657));
#9715=CARTESIAN_POINT('',(0.038983249460759,0.284,-1.26255347994186));
#9716=CARTESIAN_POINT('',(0.038983249460759,0.284,-1.26255347994186));
#9717=CARTESIAN_POINT('',(0.038983249460759,0.284,-1.26255347994186));
#9718=CARTESIAN_POINT('',(0.0636554717934193,0.284,-1.22953699971716));
#9719=CARTESIAN_POINT('',(0.113232032694604,0.284,-1.2261622195657));
#9720=CARTESIAN_POINT('',(0.0181976633950733,0.284,-1.35266584521471));
#9721=CARTESIAN_POINT('',(0.0181976633950733,0.285,-1.35266584521471));
#9722=CARTESIAN_POINT('',(0.0156065725504237,0.284,-1.31460192184928));
#9723=CARTESIAN_POINT('',(0.0156065725504237,0.285,-1.31460192184928));
#9724=CARTESIAN_POINT('',(0.0225351012389856,0.284,-1.28456446675833));
#9725=CARTESIAN_POINT('',(0.0225351012389856,0.285,-1.28456446675833));
#9726=CARTESIAN_POINT('',(0.038983249460759,0.284,-1.26255347994186));
#9727=CARTESIAN_POINT('',(0.038983249460759,0.285,-1.26255347994186));
#9728=CARTESIAN_POINT('',(0.0181976633950733,0.284,-1.35266584521471));
#9729=CARTESIAN_POINT('',(0.0181976633950733,0.284,-1.35266584521471));
#9730=CARTESIAN_POINT('',(0.0181976633950733,0.284,-1.35266584521471));
#9731=CARTESIAN_POINT('',(0.0143110271280988,0.284,-1.29556996016656));
#9732=CARTESIAN_POINT('',(0.038983249460759,0.284,-1.26255347994186));
#9733=CARTESIAN_POINT('',(0.0519388473165949,0.284,-1.43829823885448));
#9734=CARTESIAN_POINT('',(0.0519388473165949,0.285,-1.43829823885448));
#9735=CARTESIAN_POINT('',(0.0319664113278437,0.284,-1.41825433041754));
#9736=CARTESIAN_POINT('',(0.0319664113278437,0.285,-1.41825433041754));
#9737=CARTESIAN_POINT('',(0.0207193500206699,0.284,-1.38971019920428));
#9738=CARTESIAN_POINT('',(0.0207193500206699,0.285,-1.38971019920428));
#9739=CARTESIAN_POINT('',(0.0181976633950733,0.284,-1.35266584521471));
#9740=CARTESIAN_POINT('',(0.0181976633950733,0.285,-1.35266584521471));
#9741=CARTESIAN_POINT('',(0.0519388473165949,0.284,-1.43829823885448));
#9742=CARTESIAN_POINT('',(0.0519388473165949,0.284,-1.43829823885448));
#9743=CARTESIAN_POINT('',(0.0519388473165949,0.284,-1.43829823885448));
#9744=CARTESIAN_POINT('',(0.0219801933334682,0.284,-1.40823237619907));
#9745=CARTESIAN_POINT('',(0.0181976633950733,0.284,-1.35266584521471));
#9746=CARTESIAN_POINT('',(0.129880985051125,0.284,-1.4650977654507));
#9747=CARTESIAN_POINT('',(0.129880985051125,0.285,-1.4650977654507));
#9748=CARTESIAN_POINT('',(0.0978919958835229,0.284,-1.4672753228235));
#9749=CARTESIAN_POINT('',(0.0978919958835229,0.285,-1.4672753228235));
#9750=CARTESIAN_POINT('',(0.0719112833053461,0.284,-1.45834214729142));
#9751=CARTESIAN_POINT('',(0.0719112833053461,0.285,-1.45834214729142));
#9752=CARTESIAN_POINT('',(0.0519388473165949,0.284,-1.43829823885448));
#9753=CARTESIAN_POINT('',(0.0519388473165949,0.285,-1.43829823885448));
#9754=CARTESIAN_POINT('',(0.129880985051125,0.284,-1.4650977654507));
#9755=CARTESIAN_POINT('',(0.129880985051125,0.284,-1.4650977654507));
#9756=CARTESIAN_POINT('',(0.129880985051125,0.284,-1.4650977654507));
#9757=CARTESIAN_POINT('',(0.0818975012997217,0.284,-1.46836410150989));
#9758=CARTESIAN_POINT('',(0.0519388473165949,0.284,-1.43829823885448));
#9759=CARTESIAN_POINT('',(0.117677129578042,0.284,-1.31039656470508));
#9760=CARTESIAN_POINT('',(0.194935333068019,0.284,-1.44504826516367));
#9761=CARTESIAN_POINT('',(0.194935333824095,0.284,-1.44504826234171));
#9762=CARTESIAN_POINT('',(0.117677129578042,0.284,-1.31039656470508));
#9763=CARTESIAN_POINT('',(0.203129329028685,0.284,-1.45915132203455));
#9764=CARTESIAN_POINT('',(0.203129329028685,0.284,-1.45915132203455));
#9765=CARTESIAN_POINT('',(0.092887626822343,0.284,-1.34767757079806));
#9766=CARTESIAN_POINT('',(0.314191133148421,0.284,-1.25108455086661));
#9767=CARTESIAN_POINT('',(0.328810072158433,0.284,-1.30273890986857));
#9768=CARTESIAN_POINT('',(0.328810072158433,0.284,-1.30273890986857));
#9769=CARTESIAN_POINT('',(0.314191133148421,0.284,-1.25108455086661));
#9770=CARTESIAN_POINT('',(0.299572194138409,0.284,-1.19943019186465));
#9771=CARTESIAN_POINT('',(0.299572194138409,0.284,-1.19943019186465));
#9772=CARTESIAN_POINT('',(0.387009570046422,0.284,-1.28626760083527));
#9773=CARTESIAN_POINT('',(0.445209067934411,0.284,-1.26979629180198));
#9774=CARTESIAN_POINT('',(0.445209067934411,0.284,-1.26979629180198));
#9775=CARTESIAN_POINT('',(0.387009570046422,0.284,-1.28626760083527));
#9776=CARTESIAN_POINT('',(0.449287760614778,0.284,-1.28420788869188));
#9777=CARTESIAN_POINT('',(0.453366453295144,0.284,-1.29861948558178));
#9778=CARTESIAN_POINT('',(0.453366453295144,0.284,-1.29861948558178));
#9779=CARTESIAN_POINT('',(0.449287760614778,0.284,-1.28420788869188));
#9780=CARTESIAN_POINT('',(0.395166955407155,0.284,-1.31509079461507));
#9781=CARTESIAN_POINT('',(0.336967457519166,0.284,-1.33156210364836));
#9782=CARTESIAN_POINT('',(0.336967457519166,0.284,-1.33156210364836));
#9783=CARTESIAN_POINT('',(0.395166955407155,0.284,-1.31509079461507));
#9784=CARTESIAN_POINT('',(0.349768812797416,0.284,-1.3767942371706));
#9785=CARTESIAN_POINT('',(0.362570168075666,0.284,-1.42202637069284));
#9786=CARTESIAN_POINT('',(0.362570168075666,0.284,-1.42202637069284));
#9787=CARTESIAN_POINT('',(0.349768812797416,0.284,-1.3767942371706));
#9788=CARTESIAN_POINT('',(0.424518524856122,0.284,-1.40449407976828));
#9789=CARTESIAN_POINT('',(0.486466881636579,0.284,-1.38696178884372));
#9790=CARTESIAN_POINT('',(0.486466881636579,0.284,-1.38696178884372));
#9791=CARTESIAN_POINT('',(0.424518524856122,0.284,-1.40449407976828));
#9792=CARTESIAN_POINT('',(0.490571664035583,0.284,-1.40146557078835));
#9793=CARTESIAN_POINT('',(0.494676446434587,0.284,-1.41596935273298));
#9794=CARTESIAN_POINT('',(0.494676446434587,0.284,-1.41596935273298));
#9795=CARTESIAN_POINT('',(0.490571664035583,0.284,-1.40146557078835));
#9796=CARTESIAN_POINT('',(0.416411334966421,0.284,-1.43811952385642));
#9797=CARTESIAN_POINT('',(0.338146223498254,0.284,-1.46026969497986));
#9798=CARTESIAN_POINT('',(0.338146223498254,0.284,-1.46026969497986));
#9799=CARTESIAN_POINT('',(0.416411334966421,0.284,-1.43811952385642));
#9800=CARTESIAN_POINT('',(0.29841158201298,0.284,-1.31987185662177));
#9801=CARTESIAN_POINT('',(0.258676940527707,0.284,-1.17947401826368));
#9802=CARTESIAN_POINT('',(0.258676940527707,0.284,-1.17947401826368));
#9803=CARTESIAN_POINT('',(0.29841158201298,0.284,-1.31987185662177));
#9804=CARTESIAN_POINT('',(0.336942051995873,0.284,-1.15732384714024));
#9805=CARTESIAN_POINT('',(0.41520716346404,0.284,-1.1351736760168));
#9806=CARTESIAN_POINT('',(0.41520716346404,0.284,-1.1351736760168));
#9807=CARTESIAN_POINT('',(0.336942051995873,0.284,-1.15732384714024));
#9808=CARTESIAN_POINT('',(0.419338035581682,0.284,-1.14976964301617));
#9809=CARTESIAN_POINT('',(0.423468907699323,0.284,-1.16436561001553));
#9810=CARTESIAN_POINT('',(0.423468907699323,0.284,-1.16436561001553));
#9811=CARTESIAN_POINT('',(0.419338035581682,0.284,-1.14976964301617));
#9812=CARTESIAN_POINT('',(0.361520550918866,0.284,-1.18189790094009));
#9813=CARTESIAN_POINT('',(0.361520550918866,0.284,-1.18189790094009));
#9814=CARTESIAN_POINT('',(0.370470720937407,0.284,-1.30077246123314));
#9815=CARTESIAN_POINT('',(0.18175946839239,0.284,1.22128140910151));
#9816=CARTESIAN_POINT('',(0.181840156932647,0.284,1.22208661242645));
#9817=CARTESIAN_POINT('',(0.181840156932647,0.284,1.22208661242645));
#9818=CARTESIAN_POINT('',(0.18175946839239,0.284,1.22128140910151));
#9819=CARTESIAN_POINT('',(0.181678779852134,0.284,1.22047620577658));
#9820=CARTESIAN_POINT('',(0.181678779852134,0.284,1.22047620577658));
#9821=CARTESIAN_POINT('',(0.152788559629994,0.284,1.25681370810822));
#9822=CARTESIAN_POINT('',(0.12373696232734,0.284,1.29154080378998));
#9823=CARTESIAN_POINT('',(0.12373696232734,0.284,1.29154080378998));
#9824=CARTESIAN_POINT('',(0.152788559629994,0.284,1.25681370810822));
#9825=CARTESIAN_POINT('',(0.0719285422019747,0.284,1.36667532563163));
#9826=CARTESIAN_POINT('',(0.0719285422019747,0.285,1.36667532563163));
#9827=CARTESIAN_POINT('',(0.0805779812246812,0.284,1.34737402339586));
#9828=CARTESIAN_POINT('',(0.0805779812246812,0.285,1.34737402339586));
#9829=CARTESIAN_POINT('',(0.0978474545998029,0.284,1.32232918278198));
#9830=CARTESIAN_POINT('',(0.0978474545998029,0.285,1.32232918278198));
#9831=CARTESIAN_POINT('',(0.12373696232734,0.284,1.29154080378998));
#9832=CARTESIAN_POINT('',(0.12373696232734,0.285,1.29154080378998));
#9833=CARTESIAN_POINT('',(0.0719285422019747,0.284,1.36667532563163));
#9834=CARTESIAN_POINT('',(0.0719285422019747,0.284,1.36667532563163));
#9835=CARTESIAN_POINT('',(0.0719285422019747,0.284,1.36667532563163));
#9836=CARTESIAN_POINT('',(0.0849027007360344,0.284,1.33772337227798));
#9837=CARTESIAN_POINT('',(0.12373696232734,0.284,1.29154080378998));
#9838=CARTESIAN_POINT('',(0.172100599116067,0.284,1.41426123833326));
#9839=CARTESIAN_POINT('',(0.0617623448688257,0.284,1.42364835469307));
#9840=CARTESIAN_POINT('',(0.0617623448688257,0.284,1.42364835469307));
#9841=CARTESIAN_POINT('',(0.172100599116067,0.284,1.41426123833326));
#9842=CARTESIAN_POINT('',(0.0910224662817153,0.284,1.47832962531451));
#9843=CARTESIAN_POINT('',(0.0910224662817153,0.285,1.47832962531451));
#9844=CARTESIAN_POINT('',(0.0739084028535151,0.284,1.46575240749568));
#9845=CARTESIAN_POINT('',(0.0739084028535151,0.285,1.46575240749568));
#9846=CARTESIAN_POINT('',(0.0641550290492186,0.284,1.44752531728853));
#9847=CARTESIAN_POINT('',(0.0641550290492186,0.285,1.44752531728853));
#9848=CARTESIAN_POINT('',(0.0617623448688257,0.284,1.42364835469307));
#9849=CARTESIAN_POINT('',(0.0617623448688257,0.285,1.42364835469307));
#9850=CARTESIAN_POINT('',(0.0910224662817153,0.284,1.47832962531451));
#9851=CARTESIAN_POINT('',(0.0910224662817153,0.284,1.47832962531451));
#9852=CARTESIAN_POINT('',(0.0910224662817153,0.284,1.47832962531451));
#9853=CARTESIAN_POINT('',(0.065351371139415,0.284,1.45946379858626));
#9854=CARTESIAN_POINT('',(0.0617623448688257,0.284,1.42364835469307));
#9855=CARTESIAN_POINT('',(0.158177636724758,0.284,1.49303837844876));
#9856=CARTESIAN_POINT('',(0.158177636724758,0.285,1.49303837844876));
#9857=CARTESIAN_POINT('',(0.130521586524263,0.284,1.49580976084476));
#9858=CARTESIAN_POINT('',(0.130521586524263,0.285,1.49580976084476));
#9859=CARTESIAN_POINT('',(0.108136529709915,0.284,1.49090684313334));
#9860=CARTESIAN_POINT('',(0.108136529709915,0.285,1.49090684313334));
#9861=CARTESIAN_POINT('',(0.0910224662817153,0.284,1.47832962531451));
#9862=CARTESIAN_POINT('',(0.0910224662817153,0.285,1.47832962531451));
#9863=CARTESIAN_POINT('',(0.158177636724758,0.284,1.49303837844876));
#9864=CARTESIAN_POINT('',(0.158177636724758,0.284,1.49303837844876));
#9865=CARTESIAN_POINT('',(0.158177636724758,0.284,1.49303837844876));
#9866=CARTESIAN_POINT('',(0.116693561424016,0.284,1.49719545204275));
#9867=CARTESIAN_POINT('',(0.0910224662817153,0.284,1.47832962531451));
#9868=CARTESIAN_POINT('',(0.243361083777046,0.284,1.45034409937325));
#9869=CARTESIAN_POINT('',(0.243361083777046,0.285,1.45034409937325));
#9870=CARTESIAN_POINT('',(0.218522587009011,0.284,1.4756052308129));
#9871=CARTESIAN_POINT('',(0.218522587009011,0.285,1.4756052308129));
#9872=CARTESIAN_POINT('',(0.190128104658248,0.284,1.4898366571714));
#9873=CARTESIAN_POINT('',(0.190128104658248,0.285,1.4898366571714));
#9874=CARTESIAN_POINT('',(0.158177636724758,0.284,1.49303837844876));
#9875=CARTESIAN_POINT('',(0.158177636724758,0.285,1.49303837844876));
#9876=CARTESIAN_POINT('',(0.243361083777046,0.284,1.45034409937325));
#9877=CARTESIAN_POINT('',(0.243361083777046,0.284,1.45034409937325));
#9878=CARTESIAN_POINT('',(0.243361083777046,0.284,1.45034409937325));
#9879=CARTESIAN_POINT('',(0.206103338624993,0.284,1.48823579653272));
#9880=CARTESIAN_POINT('',(0.158177636724758,0.284,1.49303837844876));
#9881=CARTESIAN_POINT('',(0.233364525014327,0.284,1.43986220236796));
#9882=CARTESIAN_POINT('',(0.223367966251607,0.284,1.42938030536267));
#9883=CARTESIAN_POINT('',(0.223367966251607,0.284,1.42938030536267));
#9884=CARTESIAN_POINT('',(0.233364525014327,0.284,1.43986220236796));
#9885=CARTESIAN_POINT('',(0.189045126810661,0.284,1.45500628425296));
#9886=CARTESIAN_POINT('',(0.189045126810661,0.285,1.45500628425296));
#9887=CARTESIAN_POINT('',(0.199591373481317,0.284,1.44987216743646));
#9888=CARTESIAN_POINT('',(0.199591373481317,0.285,1.44987216743646));
#9889=CARTESIAN_POINT('',(0.211032319961632,0.284,1.44133017447303));
#9890=CARTESIAN_POINT('',(0.211032319961632,0.285,1.44133017447303));
#9891=CARTESIAN_POINT('',(0.223367966251607,0.284,1.42938030536267));
#9892=CARTESIAN_POINT('',(0.223367966251607,0.285,1.42938030536267));
#9893=CARTESIAN_POINT('',(0.189045126810661,0.284,1.45500628425296));
#9894=CARTESIAN_POINT('',(0.189045126810661,0.284,1.45500628425296));
#9895=CARTESIAN_POINT('',(0.189045126810661,0.284,1.45500628425296));
#9896=CARTESIAN_POINT('',(0.204864496816645,0.284,1.44730510902821));
#9897=CARTESIAN_POINT('',(0.223367966251607,0.284,1.42938030536267));
#9898=CARTESIAN_POINT('',(0.14554814976865,0.284,1.36491886974088));
#9899=CARTESIAN_POINT('',(0.154931537262113,0.284,1.46454070311233));
#9900=CARTESIAN_POINT('',(0.154931537262113,0.284,1.46454070311233));
#9901=CARTESIAN_POINT('',(0.14554814976865,0.284,1.36491886974088));
#9902=CARTESIAN_POINT('',(0.113869729600046,0.284,1.45473195345323));
#9903=CARTESIAN_POINT('',(0.113869729600046,0.285,1.45473195345323));
#9904=CARTESIAN_POINT('',(0.12432426217342,0.284,1.46296665508521));
#9905=CARTESIAN_POINT('',(0.12432426217342,0.285,1.46296665508521));
#9906=CARTESIAN_POINT('',(0.138011531394109,0.284,1.46623623830491));
#9907=CARTESIAN_POINT('',(0.138011531394109,0.285,1.46623623830491));
#9908=CARTESIAN_POINT('',(0.154931537262113,0.284,1.46454070311233));
#9909=CARTESIAN_POINT('',(0.154931537262113,0.285,1.46454070311233));
#9910=CARTESIAN_POINT('',(0.113869729600046,0.284,1.45473195345323));
#9911=CARTESIAN_POINT('',(0.113869729600046,0.284,1.45473195345323));
#9912=CARTESIAN_POINT('',(0.113869729600046,0.284,1.45473195345323));
#9913=CARTESIAN_POINT('',(0.129551528460107,0.284,1.4670840059012));
#9914=CARTESIAN_POINT('',(0.154931537262113,0.284,1.46454070311233));
#9915=CARTESIAN_POINT('',(0.0958253702812885,0.284,1.41880354765111));
#9916=CARTESIAN_POINT('',(0.0958253702812885,0.285,1.41880354765111));
#9917=CARTESIAN_POINT('',(0.0974004105870866,0.284,1.43452111655388));
#9918=CARTESIAN_POINT('',(0.0974004105870866,0.285,1.43452111655388));
#9919=CARTESIAN_POINT('',(0.103415197026672,0.284,1.44649725182125));
#9920=CARTESIAN_POINT('',(0.103415197026672,0.285,1.44649725182125));
#9921=CARTESIAN_POINT('',(0.113869729600046,0.284,1.45473195345323));
#9922=CARTESIAN_POINT('',(0.113869729600046,0.285,1.45473195345323));
#9923=CARTESIAN_POINT('',(0.0958253702812885,0.284,1.41880354765111));
#9924=CARTESIAN_POINT('',(0.0958253702812885,0.284,1.41880354765111));
#9925=CARTESIAN_POINT('',(0.0958253702812885,0.284,1.41880354765111));
#9926=CARTESIAN_POINT('',(0.0981879307399857,0.284,1.44237990100526));
#9927=CARTESIAN_POINT('',(0.113869729600046,0.284,1.45473195345323));
#9928=CARTESIAN_POINT('',(0.181029970892236,0.284,1.40947778870965));
#9929=CARTESIAN_POINT('',(0.0983375332771314,0.284,1.38706125512777));
#9930=CARTESIAN_POINT('',(0.0983184913748453,0.284,1.38705583114092));
#9931=CARTESIAN_POINT('',(0.181029970892236,0.284,1.40947778870965));
#9932=CARTESIAN_POINT('',(0.224584400867473,0.284,1.42439130174314));
#9933=CARTESIAN_POINT('',(0.112261327111329,0.284,1.35557427275973));
#9934=CARTESIAN_POINT('',(0.112261327111329,0.284,1.35557427275973));
#9935=CARTESIAN_POINT('',(0.224584400867473,0.284,1.42439130174314));
#9936=CARTESIAN_POINT('',(0.153834556338986,0.284,1.2997156140919));
#9937=CARTESIAN_POINT('',(0.153834556338986,0.285,1.2997156140919));
#9938=CARTESIAN_POINT('',(0.132612246376715,0.284,1.32600238471219));
#9939=CARTESIAN_POINT('',(0.132612246376715,0.285,1.32600238471219));
#9940=CARTESIAN_POINT('',(0.118754503300829,0.284,1.34462193760147));
#9941=CARTESIAN_POINT('',(0.118754503300829,0.285,1.34462193760147));
#9942=CARTESIAN_POINT('',(0.112261327111329,0.284,1.35557427275973));
#9943=CARTESIAN_POINT('',(0.112261327111329,0.285,1.35557427275973));
#9944=CARTESIAN_POINT('',(0.153834556338986,0.284,1.2997156140919));
#9945=CARTESIAN_POINT('',(0.153834556338986,0.284,1.2997156140919));
#9946=CARTESIAN_POINT('',(0.153834556338986,0.284,1.2997156140919));
#9947=CARTESIAN_POINT('',(0.122001091395579,0.284,1.33914577002234));
#9948=CARTESIAN_POINT('',(0.112261327111329,0.284,1.35557427275973));
#9949=CARTESIAN_POINT('',(0.188678842528161,0.284,1.25689324874083));
#9950=CARTESIAN_POINT('',(0.223523128717334,0.284,1.21407088338977));
#9951=CARTESIAN_POINT('',(0.223523128717334,0.284,1.21407088338977));
#9952=CARTESIAN_POINT('',(0.188678842528161,0.284,1.25689324874083));
#9953=CARTESIAN_POINT('',(0.222080417617556,0.284,1.1996738479399));
#9954=CARTESIAN_POINT('',(0.220637706517778,0.284,1.18527681249003));
#9955=CARTESIAN_POINT('',(0.220637706517778,0.284,1.18527681249003));
#9956=CARTESIAN_POINT('',(0.222080417617556,0.284,1.1996738479399));
#9957=CARTESIAN_POINT('',(0.123916683126375,0.284,1.19496911994559));
#9958=CARTESIAN_POINT('',(0.0271956597349715,0.284,1.20466142740115));
#9959=CARTESIAN_POINT('',(0.0271956597349715,0.284,1.20466142740115));
#9960=CARTESIAN_POINT('',(0.123916683126375,0.284,1.19496911994559));
#9961=CARTESIAN_POINT('',(0.0287481072494979,0.284,1.22015353937293));
#9962=CARTESIAN_POINT('',(0.0303005547640244,0.284,1.23564565134471));
#9963=CARTESIAN_POINT('',(0.0303005547640244,0.284,1.23564565134471));
#9964=CARTESIAN_POINT('',(0.0287481072494979,0.284,1.22015353937293));
#9965=CARTESIAN_POINT('',(0.105989667308079,0.284,1.22806092856064));
#9966=CARTESIAN_POINT('',(0.105989667308079,0.284,1.22806092856064));
#9967=CARTESIAN_POINT('',(0.135587881382495,0.284,1.34455081750011));
#9968=MECHANICAL_DESIGN_GEOMETRIC_PRESENTATION_REPRESENTATION('',(#5549),
#9969);
#9969=(
GEOMETRIC_REPRESENTATION_CONTEXT(3)
GLOBAL_UNCERTAINTY_ASSIGNED_CONTEXT((#9970))
GLOBAL_UNIT_ASSIGNED_CONTEXT((#9973,#9972,#9971))
REPRESENTATION_CONTEXT('#25??22t','TOP_LEVEL_ASSEMBLY_PART')
);
#9970=UNCERTAINTY_MEASURE_WITH_UNIT(LENGTH_MEASURE(0.002),#9973,
'DISTANCE_ACCURACY_VALUE','Maximum Tolerance applied to model');
#9971=(
NAMED_UNIT(*)
SI_UNIT($,.STERADIAN.)
SOLID_ANGLE_UNIT()
);
#9972=(
NAMED_UNIT(*)
PLANE_ANGLE_UNIT()
SI_UNIT($,.RADIAN.)
);
#9973=(
LENGTH_UNIT()
NAMED_UNIT(*)
SI_UNIT(.CENTI.,.METRE.)
);
#9974=PRODUCT_DEFINITION_SHAPE('','',#9975);
#9975=PRODUCT_DEFINITION('','',#9977,#9976);
#9976=PRODUCT_DEFINITION_CONTEXT('',#9983,'design');
#9977=PRODUCT_DEFINITION_FORMATION_WITH_SPECIFIED_SOURCE('','',#9979,
 .NOT_KNOWN.);
#9978=PRODUCT_RELATED_PRODUCT_CATEGORY('','',(#9979));
#9979=PRODUCT('#25??22t','#25??22t','#25??22t',(#9981));
#9980=PRODUCT_CATEGORY('','');
#9981=PRODUCT_CONTEXT('',#9983,'mechanical');
#9982=APPLICATION_PROTOCOL_DEFINITION('international standard',
'ap242_managed_model_based_3d_engineering',2020,#9983);
#9983=APPLICATION_CONTEXT('managed model based 3d engineering');
ENDSEC;
END-ISO-10303-21;
