ISO-10303-21;
HEADER;
/* Generated by software containing ST-Developer
 * from STEP Tools, Inc. (www.steptools.com) 
 */
/* OPTION: using custom renumber hook */

FILE_DESCRIPTION(
/* description */ ('STEP AP242 Edition 2',
'CAx-IF Rec.Pracs.---Representation and Presentation of Product Manufa
cturing Information (PMI)---4.0---2014-10-13',
'CAx-IF Rec.Pracs.---3D Tessellated Geometry---0.4---2014-09-14','2;1',
'CAx-IF Rec.Pracs.---User Defined Attributes---1.5---2016-08-15'),
/* implementation_level */ '2;1');

FILE_NAME(
/* name */ '695c84dcce31b229894c36dd',
/* time_stamp */ '2026-01-06T03:43:25Z',
/* author */ (''),
/* organization */ (''),
/* preprocessor_version */ 'ST-DEVELOPER v20',
/* originating_system */ 'ONSHAPE BY PTC INC, 1.208',
/* authorisation */ '  ');

FILE_SCHEMA (('AP242_MANAGED_MODEL_BASED_3D_ENGINEERING_MIM_LF { 1 0 10303 442 3 1 4 }'));
ENDSEC;

DATA;
#10=SHAPE_REPRESENTATION_RELATIONSHIP('','',#4779,#11);
#11=ADVANCED_BREP_SHAPE_REPRESENTATION('',(#4777),#8577);
#12=B_SPLINE_SURFACE_WITH_KNOTS('',3,1,((#8194,#8195),(#8196,#8197),(#8198,
#8199),(#8200,#8201)),.SURF_OF_LINEAR_EXTRUSION.,.F.,.F.,.F.,(4,4),(2,2),
(0.,1.),(0.,1.),.PIECEWISE_BEZIER_KNOTS.);
#13=B_SPLINE_SURFACE_WITH_KNOTS('',3,1,((#8207,#8208),(#8209,#8210),(#8211,
#8212),(#8213,#8214)),.SURF_OF_LINEAR_EXTRUSION.,.F.,.F.,.F.,(4,4),(2,2),
(0.,1.),(0.,1.),.PIECEWISE_BEZIER_KNOTS.);
#14=B_SPLINE_SURFACE_WITH_KNOTS('',3,1,((#8220,#8221),(#8222,#8223),(#8224,
#8225),(#8226,#8227)),.SURF_OF_LINEAR_EXTRUSION.,.F.,.F.,.F.,(4,4),(2,2),
(0.,1.),(0.,1.),.PIECEWISE_BEZIER_KNOTS.);
#15=B_SPLINE_SURFACE_WITH_KNOTS('',3,1,((#8233,#8234),(#8235,#8236),(#8237,
#8238),(#8239,#8240)),.SURF_OF_LINEAR_EXTRUSION.,.F.,.F.,.F.,(4,4),(2,2),
(0.,1.),(0.,1.),.PIECEWISE_BEZIER_KNOTS.);
#16=B_SPLINE_SURFACE_WITH_KNOTS('',3,1,((#8258,#8259),(#8260,#8261),(#8262,
#8263),(#8264,#8265)),.SURF_OF_LINEAR_EXTRUSION.,.F.,.F.,.F.,(4,4),(2,2),
(0.,1.),(0.,1.),.PIECEWISE_BEZIER_KNOTS.);
#17=B_SPLINE_SURFACE_WITH_KNOTS('',3,1,((#8271,#8272),(#8273,#8274),(#8275,
#8276),(#8277,#8278)),.SURF_OF_LINEAR_EXTRUSION.,.F.,.F.,.F.,(4,4),(2,2),
(0.,1.),(0.,1.),.PIECEWISE_BEZIER_KNOTS.);
#18=B_SPLINE_SURFACE_WITH_KNOTS('',3,1,((#8284,#8285),(#8286,#8287),(#8288,
#8289),(#8290,#8291)),.SURF_OF_LINEAR_EXTRUSION.,.F.,.F.,.F.,(4,4),(2,2),
(0.,1.),(0.,1.),.PIECEWISE_BEZIER_KNOTS.);
#19=B_SPLINE_SURFACE_WITH_KNOTS('',3,1,((#8297,#8298),(#8299,#8300),(#8301,
#8302),(#8303,#8304)),.SURF_OF_LINEAR_EXTRUSION.,.F.,.F.,.F.,(4,4),(2,2),
(0.,1.),(0.,1.),.PIECEWISE_BEZIER_KNOTS.);
#20=B_SPLINE_SURFACE_WITH_KNOTS('',3,1,((#8310,#8311),(#8312,#8313),(#8314,
#8315),(#8316,#8317)),.SURF_OF_LINEAR_EXTRUSION.,.F.,.F.,.F.,(4,4),(2,2),
(0.,1.),(0.,1.),.PIECEWISE_BEZIER_KNOTS.);
#21=B_SPLINE_SURFACE_WITH_KNOTS('',3,1,((#8416,#8417),(#8418,#8419),(#8420,
#8421),(#8422,#8423)),.SURF_OF_LINEAR_EXTRUSION.,.F.,.F.,.F.,(4,4),(2,2),
(0.,1.),(0.,1.),.PIECEWISE_BEZIER_KNOTS.);
#22=B_SPLINE_SURFACE_WITH_KNOTS('',3,1,((#8431,#8432),(#8433,#8434),(#8435,
#8436),(#8437,#8438)),.SURF_OF_LINEAR_EXTRUSION.,.F.,.F.,.F.,(4,4),(2,2),
(0.,1.),(0.,1.),.PIECEWISE_BEZIER_KNOTS.);
#23=B_SPLINE_SURFACE_WITH_KNOTS('',3,1,((#8448,#8449),(#8450,#8451),(#8452,
#8453),(#8454,#8455)),.SURF_OF_LINEAR_EXTRUSION.,.F.,.F.,.F.,(4,4),(2,2),
(0.,1.),(0.,1.),.PIECEWISE_BEZIER_KNOTS.);
#24=B_SPLINE_SURFACE_WITH_KNOTS('',3,1,((#8461,#8462),(#8463,#8464),(#8465,
#8466),(#8467,#8468)),.SURF_OF_LINEAR_EXTRUSION.,.F.,.F.,.F.,(4,4),(2,2),
(0.,1.),(0.,1.),.PIECEWISE_BEZIER_KNOTS.);
#25=B_SPLINE_SURFACE_WITH_KNOTS('',3,1,((#8474,#8475),(#8476,#8477),(#8478,
#8479),(#8480,#8481)),.SURF_OF_LINEAR_EXTRUSION.,.F.,.F.,.F.,(4,4),(2,2),
(0.,1.),(0.,1.),.PIECEWISE_BEZIER_KNOTS.);
#26=B_SPLINE_SURFACE_WITH_KNOTS('',3,1,((#8487,#8488),(#8489,#8490),(#8491,
#8492),(#8493,#8494)),.SURF_OF_LINEAR_EXTRUSION.,.F.,.F.,.F.,(4,4),(2,2),
(0.,1.),(0.,1.),.PIECEWISE_BEZIER_KNOTS.);
#27=B_SPLINE_SURFACE_WITH_KNOTS('',3,1,((#8504,#8505),(#8506,#8507),(#8508,
#8509),(#8510,#8511)),.SURF_OF_LINEAR_EXTRUSION.,.F.,.F.,.F.,(4,4),(2,2),
(0.,1.),(0.,1.),.PIECEWISE_BEZIER_KNOTS.);
#28=B_SPLINE_SURFACE_WITH_KNOTS('',3,1,((#8517,#8518),(#8519,#8520),(#8521,
#8522),(#8523,#8524)),.SURF_OF_LINEAR_EXTRUSION.,.F.,.F.,.F.,(4,4),(2,2),
(0.,1.),(0.,1.),.PIECEWISE_BEZIER_KNOTS.);
#29=B_SPLINE_SURFACE_WITH_KNOTS('',3,1,((#8530,#8531),(#8532,#8533),(#8534,
#8535),(#8536,#8537)),.SURF_OF_LINEAR_EXTRUSION.,.F.,.F.,.F.,(4,4),(2,2),
(0.,1.),(0.,1.),.PIECEWISE_BEZIER_KNOTS.);
#30=B_SPLINE_SURFACE_WITH_KNOTS('',3,1,((#8543,#8544),(#8545,#8546),(#8547,
#8548),(#8549,#8550)),.SURF_OF_LINEAR_EXTRUSION.,.F.,.F.,.F.,(4,4),(2,2),
(0.,1.),(0.,1.),.PIECEWISE_BEZIER_KNOTS.);
#31=B_SPLINE_SURFACE_WITH_KNOTS('',3,1,((#8556,#8557),(#8558,#8559),(#8560,
#8561),(#8562,#8563)),.SURF_OF_LINEAR_EXTRUSION.,.F.,.F.,.F.,(4,4),(2,2),
(0.,1.),(0.,1.),.PIECEWISE_BEZIER_KNOTS.);
#32=B_SPLINE_CURVE_WITH_KNOTS('',3,(#6203,#6204,#6205,#6206),
 .UNSPECIFIED.,.F.,.F.,(4,4),(2.4630245549061E-7,0.00221851644263738),
 .UNSPECIFIED.);
#33=B_SPLINE_CURVE_WITH_KNOTS('',3,(#6208,#6209,#6210,#6211),
 .UNSPECIFIED.,.F.,.F.,(4,4),(2.26401405971434E-7,0.000582202730284173),
 .UNSPECIFIED.);
#34=B_SPLINE_CURVE_WITH_KNOTS('',3,(#6213,#6214,#6215,#6216),
 .UNSPECIFIED.,.F.,.F.,(4,4),(2.25396489585091E-7,0.00169283992948648),
 .UNSPECIFIED.);
#35=B_SPLINE_CURVE_WITH_KNOTS('',3,(#6218,#6219,#6220,#6221),
 .UNSPECIFIED.,.F.,.F.,(4,4),(2.5925277955559E-7,0.00140592396346887),
 .UNSPECIFIED.);
#36=B_SPLINE_CURVE_WITH_KNOTS('',3,(#6225,#6226,#6227,#6228),
 .UNSPECIFIED.,.F.,.F.,(4,4),(2.07872807706769E-6,0.00140731485940417),
 .UNSPECIFIED.);
#37=B_SPLINE_CURVE_WITH_KNOTS('',3,(#6230,#6231,#6232,#6233),
 .UNSPECIFIED.,.F.,.F.,(4,4),(2.25396489564509E-7,0.00169283992948647),
 .UNSPECIFIED.);
#38=B_SPLINE_CURVE_WITH_KNOTS('',3,(#6235,#6236,#6237,#6238),
 .UNSPECIFIED.,.F.,.F.,(4,4),(2.26401405950532E-7,0.000582202730284128),
 .UNSPECIFIED.);
#39=B_SPLINE_CURVE_WITH_KNOTS('',3,(#6240,#6241,#6242,#6243),
 .UNSPECIFIED.,.F.,.F.,(4,4),(2.46302455516495E-7,0.00221851644263738),
 .UNSPECIFIED.);
#40=B_SPLINE_CURVE_WITH_KNOTS('',3,(#6248,#6249,#6250,#6251),
 .UNSPECIFIED.,.F.,.F.,(4,4),(2.23244698067363E-7,0.00221879575891419),
 .UNSPECIFIED.);
#41=B_SPLINE_CURVE_WITH_KNOTS('',3,(#6253,#6254,#6255,#6256),
 .UNSPECIFIED.,.F.,.F.,(4,4),(2.2637381682737E-7,0.000582202702695032),
 .UNSPECIFIED.);
#42=B_SPLINE_CURVE_WITH_KNOTS('',3,(#6258,#6259,#6260,#6261),
 .UNSPECIFIED.,.F.,.F.,(4,4),(2.62289060969657E-7,0.00169287682205787),
 .UNSPECIFIED.);
#43=B_SPLINE_CURVE_WITH_KNOTS('',3,(#6263,#6264,#6265,#6266),
 .UNSPECIFIED.,.F.,.F.,(4,4),(2.5925277954358E-7,0.00140592396346884),
 .UNSPECIFIED.);
#44=B_SPLINE_CURVE_WITH_KNOTS('',3,(#6270,#6271,#6272,#6273),
 .UNSPECIFIED.,.F.,.F.,(4,4),(2.07872807700575E-6,0.00140731485940416),
 .UNSPECIFIED.);
#45=B_SPLINE_CURVE_WITH_KNOTS('',3,(#6275,#6276,#6277,#6278),
 .UNSPECIFIED.,.F.,.F.,(4,4),(2.62289060939007E-7,0.00169287682205787),
 .UNSPECIFIED.);
#46=B_SPLINE_CURVE_WITH_KNOTS('',3,(#6280,#6281,#6282,#6283),
 .UNSPECIFIED.,.F.,.F.,(4,4),(2.26373816860776E-7,0.000582202702695036),
 .UNSPECIFIED.);
#47=B_SPLINE_CURVE_WITH_KNOTS('',3,(#6285,#6286,#6287,#6288),
 .UNSPECIFIED.,.F.,.F.,(4,4),(2.23244698037536E-7,0.0022187957589142),
 .UNSPECIFIED.);
#48=B_SPLINE_CURVE_WITH_KNOTS('',3,(#6298,#6299,#6300,#6301),
 .UNSPECIFIED.,.F.,.F.,(4,4),(2.25396489584613E-7,0.00169283992948649),
 .UNSPECIFIED.);
#49=B_SPLINE_CURVE_WITH_KNOTS('',3,(#6307,#6308,#6309,#6310),
 .UNSPECIFIED.,.F.,.F.,(4,4),(2.07872807707137E-6,0.00140731485940417),
 .UNSPECIFIED.);
#50=B_SPLINE_CURVE_WITH_KNOTS('',3,(#6315,#6316,#6317,#6318),
 .UNSPECIFIED.,.F.,.F.,(4,4),(2.07872807701653E-6,0.00140731485940416),
 .UNSPECIFIED.);
#51=B_SPLINE_CURVE_WITH_KNOTS('',3,(#6322,#6323,#6324,#6325),
 .UNSPECIFIED.,.F.,.F.,(4,4),(2.62289060968349E-7,0.00169287682205786),
 .UNSPECIFIED.);
#52=B_SPLINE_CURVE_WITH_KNOTS('',3,(#6329,#6330,#6331,#6332),
 .UNSPECIFIED.,.F.,.F.,(4,4),(2.26373816807826E-7,0.00058220270269501),
 .UNSPECIFIED.);
#53=B_SPLINE_CURVE_WITH_KNOTS('',3,(#6336,#6337,#6338,#6339),
 .UNSPECIFIED.,.F.,.F.,(4,4),(2.23244698064645E-7,0.00221879575891422),
 .UNSPECIFIED.);
#54=B_SPLINE_CURVE_WITH_KNOTS('',3,(#6341,#6342,#6343,#6344),
 .UNSPECIFIED.,.F.,.F.,(4,4),(2.46302455515567E-7,0.00221851644263736),
 .UNSPECIFIED.);
#55=B_SPLINE_CURVE_WITH_KNOTS('',3,(#6348,#6349,#6350,#6351),
 .UNSPECIFIED.,.F.,.F.,(4,4),(2.26401405956942E-7,0.000582202730284161),
 .UNSPECIFIED.);
#56=B_SPLINE_CURVE_WITH_KNOTS('',3,(#6353,#6354,#6355,#6356),
 .UNSPECIFIED.,.F.,.F.,(4,4),(2.46302455455336E-7,0.00221851644263734),
 .UNSPECIFIED.);
#57=B_SPLINE_CURVE_WITH_KNOTS('',3,(#6358,#6359,#6360,#6361),
 .UNSPECIFIED.,.F.,.F.,(4,4),(2.26401405968635E-7,0.000582202730284143),
 .UNSPECIFIED.);
#58=B_SPLINE_CURVE_WITH_KNOTS('',3,(#6363,#6364,#6365,#6366),
 .UNSPECIFIED.,.F.,.F.,(4,4),(2.25396489573195E-7,0.0016928399294865),
 .UNSPECIFIED.);
#59=B_SPLINE_CURVE_WITH_KNOTS('',3,(#6368,#6369,#6370,#6371),
 .UNSPECIFIED.,.F.,.F.,(4,4),(2.59252779556437E-7,0.00140592396346886),
 .UNSPECIFIED.);
#60=B_SPLINE_CURVE_WITH_KNOTS('',3,(#6378,#6379,#6380,#6381),
 .UNSPECIFIED.,.F.,.F.,(4,4),(2.2324469807638E-7,0.00221879575891424),
 .UNSPECIFIED.);
#61=B_SPLINE_CURVE_WITH_KNOTS('',3,(#6383,#6384,#6385,#6386),
 .UNSPECIFIED.,.F.,.F.,(4,4),(2.26373816850782E-7,0.000582202702695029),
 .UNSPECIFIED.);
#62=B_SPLINE_CURVE_WITH_KNOTS('',3,(#6388,#6389,#6390,#6391),
 .UNSPECIFIED.,.F.,.F.,(4,4),(2.62289060976107E-7,0.00169287682205789),
 .UNSPECIFIED.);
#63=B_SPLINE_CURVE_WITH_KNOTS('',3,(#6393,#6394,#6395,#6396),
 .UNSPECIFIED.,.F.,.F.,(4,4),(2.59252779545518E-7,0.00140592396346886),
 .UNSPECIFIED.);
#64=B_SPLINE_CURVE_WITH_KNOTS('',3,(#6400,#6401,#6402,#6403),
 .UNSPECIFIED.,.F.,.F.,(4,4),(2.07872807702203E-6,0.00140731485940417),
 .UNSPECIFIED.);
#65=B_SPLINE_CURVE_WITH_KNOTS('',3,(#6405,#6406,#6407,#6408),
 .UNSPECIFIED.,.F.,.F.,(4,4),(2.62289060976857E-7,0.00169287682205785),
 .UNSPECIFIED.);
#66=B_SPLINE_CURVE_WITH_KNOTS('',3,(#6410,#6411,#6412,#6413),
 .UNSPECIFIED.,.F.,.F.,(4,4),(2.26373816828193E-7,0.000582202702695028),
 .UNSPECIFIED.);
#67=B_SPLINE_CURVE_WITH_KNOTS('',3,(#6415,#6416,#6417,#6418),
 .UNSPECIFIED.,.F.,.F.,(4,4),(2.23244698041933E-7,0.00221879575891418),
 .UNSPECIFIED.);
#68=B_SPLINE_CURVE_WITH_KNOTS('',3,(#6428,#6429,#6430,#6431),
 .UNSPECIFIED.,.F.,.F.,(4,4),(2.25396489554106E-7,0.00169283992948646),
 .UNSPECIFIED.);
#69=B_SPLINE_CURVE_WITH_KNOTS('',3,(#6436,#6437,#6438,#6439),
 .UNSPECIFIED.,.F.,.F.,(4,4),(2.0787280770879E-6,0.00140731485940419),
 .UNSPECIFIED.);
#70=B_SPLINE_CURVE_WITH_KNOTS('',3,(#6449,#6450,#6451,#6452),
 .UNSPECIFIED.,.F.,.F.,(4,4),(2.46302455497329E-7,0.00221851644263739),
 .UNSPECIFIED.);
#71=B_SPLINE_CURVE_WITH_KNOTS('',3,(#6456,#6457,#6458,#6459),
 .UNSPECIFIED.,.F.,.F.,(4,4),(2.26401405968169E-7,0.000582202730284146),
 .UNSPECIFIED.);
#72=B_SPLINE_CURVE_WITH_KNOTS('',3,(#6461,#6462,#6463,#6464),
 .UNSPECIFIED.,.F.,.F.,(4,4),(2.46302455495902E-7,0.00221851644263737),
 .UNSPECIFIED.);
#73=B_SPLINE_CURVE_WITH_KNOTS('',3,(#6466,#6467,#6468,#6469),
 .UNSPECIFIED.,.F.,.F.,(4,4),(2.26401405951688E-7,0.000582202730284151),
 .UNSPECIFIED.);
#74=B_SPLINE_CURVE_WITH_KNOTS('',3,(#6471,#6472,#6473,#6474),
 .UNSPECIFIED.,.F.,.F.,(4,4),(2.25396489575407E-7,0.00169283992948645),
 .UNSPECIFIED.);
#75=B_SPLINE_CURVE_WITH_KNOTS('',3,(#6476,#6477,#6478,#6479),
 .UNSPECIFIED.,.F.,.F.,(4,4),(2.59252779530293E-7,0.00140592396346885),
 .UNSPECIFIED.);
#76=B_SPLINE_CURVE_WITH_KNOTS('',3,(#6486,#6487,#6488,#6489),
 .UNSPECIFIED.,.F.,.F.,(4,4),(2.23244698047882E-7,0.0022187957589142),
 .UNSPECIFIED.);
#77=B_SPLINE_CURVE_WITH_KNOTS('',3,(#6491,#6492,#6493,#6494),
 .UNSPECIFIED.,.F.,.F.,(4,4),(2.26373816835827E-7,0.000582202702695008),
 .UNSPECIFIED.);
#78=B_SPLINE_CURVE_WITH_KNOTS('',3,(#6496,#6497,#6498,#6499),
 .UNSPECIFIED.,.F.,.F.,(4,4),(2.62289060962059E-7,0.00169287682205789),
 .UNSPECIFIED.);
#79=B_SPLINE_CURVE_WITH_KNOTS('',3,(#6501,#6502,#6503,#6504),
 .UNSPECIFIED.,.F.,.F.,(4,4),(2.59252779533845E-7,0.00140592396346884),
 .UNSPECIFIED.);
#80=B_SPLINE_CURVE_WITH_KNOTS('',3,(#6508,#6509,#6510,#6511),
 .UNSPECIFIED.,.F.,.F.,(4,4),(2.07872807700701E-6,0.00140731485940416),
 .UNSPECIFIED.);
#81=B_SPLINE_CURVE_WITH_KNOTS('',3,(#6513,#6514,#6515,#6516),
 .UNSPECIFIED.,.F.,.F.,(4,4),(2.62289060952548E-7,0.00169287682205786),
 .UNSPECIFIED.);
#82=B_SPLINE_CURVE_WITH_KNOTS('',3,(#6518,#6519,#6520,#6521),
 .UNSPECIFIED.,.F.,.F.,(4,4),(2.26373816846852E-7,0.000582202702695052),
 .UNSPECIFIED.);
#83=B_SPLINE_CURVE_WITH_KNOTS('',3,(#6523,#6524,#6525,#6526),
 .UNSPECIFIED.,.F.,.F.,(4,4),(2.2324469804789E-7,0.00221879575891417),
 .UNSPECIFIED.);
#84=B_SPLINE_CURVE_WITH_KNOTS('',3,(#6536,#6537,#6538,#6539),
 .UNSPECIFIED.,.F.,.F.,(4,4),(2.25396489556059E-7,0.00169283992948649),
 .UNSPECIFIED.);
#85=B_SPLINE_CURVE_WITH_KNOTS('',3,(#6544,#6545,#6546,#6547),
 .UNSPECIFIED.,.F.,.F.,(4,4),(2.07872807704786E-6,0.00140731485940416),
 .UNSPECIFIED.);
#86=B_SPLINE_CURVE_WITH_KNOTS('',3,(#6557,#6558,#6559,#6560),
 .UNSPECIFIED.,.F.,.F.,(4,4),(2.46302455517956E-7,0.0022185164426374),
 .UNSPECIFIED.);
#87=B_SPLINE_CURVE_WITH_KNOTS('',3,(#6564,#6565,#6566,#6567),
 .UNSPECIFIED.,.F.,.F.,(4,4),(2.26401405947946E-7,0.000582202730284119),
 .UNSPECIFIED.);
#88=B_SPLINE_CURVE_WITH_KNOTS('',3,(#6569,#6570,#6571,#6572),
 .UNSPECIFIED.,.F.,.F.,(4,4),(2.46302455511085E-7,0.00221851644263736),
 .UNSPECIFIED.);
#89=B_SPLINE_CURVE_WITH_KNOTS('',3,(#6574,#6575,#6576,#6577),
 .UNSPECIFIED.,.F.,.F.,(4,4),(2.26401405959381E-7,0.000582202730284164),
 .UNSPECIFIED.);
#90=B_SPLINE_CURVE_WITH_KNOTS('',3,(#6579,#6580,#6581,#6582),
 .UNSPECIFIED.,.F.,.F.,(4,4),(2.25396489587298E-7,0.00169283992948649),
 .UNSPECIFIED.);
#91=B_SPLINE_CURVE_WITH_KNOTS('',3,(#6584,#6585,#6586,#6587),
 .UNSPECIFIED.,.F.,.F.,(4,4),(2.5925277955245E-7,0.00140592396346886),
 .UNSPECIFIED.);
#92=B_SPLINE_CURVE_WITH_KNOTS('',3,(#6594,#6595,#6596,#6597),
 .UNSPECIFIED.,.F.,.F.,(4,4),(2.23244698049081E-7,0.00221879575891418),
 .UNSPECIFIED.);
#93=B_SPLINE_CURVE_WITH_KNOTS('',3,(#6599,#6600,#6601,#6602),
 .UNSPECIFIED.,.F.,.F.,(4,4),(2.26373816833221E-7,0.000582202702695022),
 .UNSPECIFIED.);
#94=B_SPLINE_CURVE_WITH_KNOTS('',3,(#6604,#6605,#6606,#6607),
 .UNSPECIFIED.,.F.,.F.,(4,4),(2.62289061011299E-7,0.0016928768220579),
 .UNSPECIFIED.);
#95=B_SPLINE_CURVE_WITH_KNOTS('',3,(#6609,#6610,#6611,#6612),
 .UNSPECIFIED.,.F.,.F.,(4,4),(2.59252779524541E-7,0.00140592396346885),
 .UNSPECIFIED.);
#96=B_SPLINE_CURVE_WITH_KNOTS('',3,(#6616,#6617,#6618,#6619),
 .UNSPECIFIED.,.F.,.F.,(4,4),(2.07872807699165E-6,0.00140731485940418),
 .UNSPECIFIED.);
#97=B_SPLINE_CURVE_WITH_KNOTS('',3,(#6621,#6622,#6623,#6624),
 .UNSPECIFIED.,.F.,.F.,(4,4),(2.6228906098025E-7,0.00169287682205784),
 .UNSPECIFIED.);
#98=B_SPLINE_CURVE_WITH_KNOTS('',3,(#6626,#6627,#6628,#6629),
 .UNSPECIFIED.,.F.,.F.,(4,4),(2.26373816837183E-7,0.000582202702695029),
 .UNSPECIFIED.);
#99=B_SPLINE_CURVE_WITH_KNOTS('',3,(#6631,#6632,#6633,#6634),
 .UNSPECIFIED.,.F.,.F.,(4,4),(2.23244698064477E-7,0.00221879575891423),
 .UNSPECIFIED.);
#100=B_SPLINE_CURVE_WITH_KNOTS('',3,(#6644,#6645,#6646,#6647),
 .UNSPECIFIED.,.F.,.F.,(4,4),(2.25396489588044E-7,0.00169283992948648),
 .UNSPECIFIED.);
#101=B_SPLINE_CURVE_WITH_KNOTS('',3,(#6652,#6653,#6654,#6655),
 .UNSPECIFIED.,.F.,.F.,(4,4),(2.07872807708258E-6,0.00140731485940419),
 .UNSPECIFIED.);
#102=B_SPLINE_CURVE_WITH_KNOTS('',3,(#6665,#6666,#6667,#6668),
 .UNSPECIFIED.,.F.,.F.,(4,4),(2.46302455521082E-7,0.00221851644263739),
 .UNSPECIFIED.);
#103=B_SPLINE_CURVE_WITH_KNOTS('',3,(#6672,#6673,#6674,#6675),
 .UNSPECIFIED.,.F.,.F.,(4,4),(2.26401405942014E-7,0.00058220273028413),
 .UNSPECIFIED.);
#104=B_SPLINE_CURVE_WITH_KNOTS('',3,(#6677,#6678,#6679,#6680),
 .UNSPECIFIED.,.F.,.F.,(4,4),(2.46302455469778E-7,0.00221851644263736),
 .UNSPECIFIED.);
#105=B_SPLINE_CURVE_WITH_KNOTS('',3,(#6682,#6683,#6684,#6685),
 .UNSPECIFIED.,.F.,.F.,(4,4),(2.26401405948063E-7,0.000582202730284139),
 .UNSPECIFIED.);
#106=B_SPLINE_CURVE_WITH_KNOTS('',3,(#6687,#6688,#6689,#6690),
 .UNSPECIFIED.,.F.,.F.,(4,4),(2.25396489601585E-7,0.00169283992948646),
 .UNSPECIFIED.);
#107=B_SPLINE_CURVE_WITH_KNOTS('',3,(#6692,#6693,#6694,#6695),
 .UNSPECIFIED.,.F.,.F.,(4,4),(2.59252779495438E-7,0.00140592396346885),
 .UNSPECIFIED.);
#108=B_SPLINE_CURVE_WITH_KNOTS('',3,(#6702,#6703,#6704,#6705),
 .UNSPECIFIED.,.F.,.F.,(4,4),(2.2324469806277E-7,0.00221879575891422),
 .UNSPECIFIED.);
#109=B_SPLINE_CURVE_WITH_KNOTS('',3,(#6707,#6708,#6709,#6710),
 .UNSPECIFIED.,.F.,.F.,(4,4),(2.26373816827648E-7,0.000582202702695021),
 .UNSPECIFIED.);
#110=B_SPLINE_CURVE_WITH_KNOTS('',3,(#6712,#6713,#6714,#6715),
 .UNSPECIFIED.,.F.,.F.,(4,4),(2.62289060970057E-7,0.00169287682205788),
 .UNSPECIFIED.);
#111=B_SPLINE_CURVE_WITH_KNOTS('',3,(#6717,#6718,#6719,#6720),
 .UNSPECIFIED.,.F.,.F.,(4,4),(2.59252779532401E-7,0.00140592396346886),
 .UNSPECIFIED.);
#112=B_SPLINE_CURVE_WITH_KNOTS('',3,(#6724,#6725,#6726,#6727),
 .UNSPECIFIED.,.F.,.F.,(4,4),(2.07872807702755E-6,0.00140731485940419),
 .UNSPECIFIED.);
#113=B_SPLINE_CURVE_WITH_KNOTS('',3,(#6729,#6730,#6731,#6732),
 .UNSPECIFIED.,.F.,.F.,(4,4),(2.62289060960779E-7,0.00169287682205786),
 .UNSPECIFIED.);
#114=B_SPLINE_CURVE_WITH_KNOTS('',3,(#6734,#6735,#6736,#6737),
 .UNSPECIFIED.,.F.,.F.,(4,4),(2.2637381682967E-7,0.000582202702695044),
 .UNSPECIFIED.);
#115=B_SPLINE_CURVE_WITH_KNOTS('',3,(#6739,#6740,#6741,#6742),
 .UNSPECIFIED.,.F.,.F.,(4,4),(2.2324469804852E-7,0.00221879575891417),
 .UNSPECIFIED.);
#116=B_SPLINE_CURVE_WITH_KNOTS('',3,(#6752,#6753,#6754,#6755),
 .UNSPECIFIED.,.F.,.F.,(4,4),(2.25396489587852E-7,0.0016928399294865),
 .UNSPECIFIED.);
#117=B_SPLINE_CURVE_WITH_KNOTS('',3,(#6760,#6761,#6762,#6763),
 .UNSPECIFIED.,.F.,.F.,(4,4),(2.07872807706673E-6,0.00140731485940416),
 .UNSPECIFIED.);
#118=B_SPLINE_CURVE_WITH_KNOTS('',3,(#6773,#6774,#6775,#6776),
 .UNSPECIFIED.,.F.,.F.,(4,4),(2.46302455483431E-7,0.00221851644263738),
 .UNSPECIFIED.);
#119=B_SPLINE_CURVE_WITH_KNOTS('',3,(#6780,#6781,#6782,#6783),
 .UNSPECIFIED.,.F.,.F.,(4,4),(2.26401405956598E-7,0.000582202730284151),
 .UNSPECIFIED.);
#120=B_SPLINE_CURVE_WITH_KNOTS('',3,(#6785,#6786,#6787,#6788),
 .UNSPECIFIED.,.F.,.F.,(4,4),(2.46302455492287E-7,0.00221851644263736),
 .UNSPECIFIED.);
#121=B_SPLINE_CURVE_WITH_KNOTS('',3,(#6790,#6791,#6792,#6793),
 .UNSPECIFIED.,.F.,.F.,(4,4),(2.26401405943675E-7,0.000582202730284157),
 .UNSPECIFIED.);
#122=B_SPLINE_CURVE_WITH_KNOTS('',3,(#6795,#6796,#6797,#6798),
 .UNSPECIFIED.,.F.,.F.,(4,4),(2.25396489563369E-7,0.00169283992948646),
 .UNSPECIFIED.);
#123=B_SPLINE_CURVE_WITH_KNOTS('',3,(#6800,#6801,#6802,#6803),
 .UNSPECIFIED.,.F.,.F.,(4,4),(2.59252779539277E-7,0.00140592396346886),
 .UNSPECIFIED.);
#124=B_SPLINE_CURVE_WITH_KNOTS('',3,(#6810,#6811,#6812,#6813),
 .UNSPECIFIED.,.F.,.F.,(4,4),(2.23244698072362E-7,0.00221879575891424),
 .UNSPECIFIED.);
#125=B_SPLINE_CURVE_WITH_KNOTS('',3,(#6815,#6816,#6817,#6818),
 .UNSPECIFIED.,.F.,.F.,(4,4),(2.26373816854937E-7,0.000582202702695031),
 .UNSPECIFIED.);
#126=B_SPLINE_CURVE_WITH_KNOTS('',3,(#6820,#6821,#6822,#6823),
 .UNSPECIFIED.,.F.,.F.,(4,4),(2.62289061024185E-7,0.00169287682205791),
 .UNSPECIFIED.);
#127=B_SPLINE_CURVE_WITH_KNOTS('',3,(#6825,#6826,#6827,#6828),
 .UNSPECIFIED.,.F.,.F.,(4,4),(2.59252779530379E-7,0.00140592396346888),
 .UNSPECIFIED.);
#128=B_SPLINE_CURVE_WITH_KNOTS('',3,(#6832,#6833,#6834,#6835),
 .UNSPECIFIED.,.F.,.F.,(4,4),(2.07872807702168E-6,0.00140731485940419),
 .UNSPECIFIED.);
#129=B_SPLINE_CURVE_WITH_KNOTS('',3,(#6837,#6838,#6839,#6840),
 .UNSPECIFIED.,.F.,.F.,(4,4),(2.62289060990813E-7,0.00169287682205788),
 .UNSPECIFIED.);
#130=B_SPLINE_CURVE_WITH_KNOTS('',3,(#6842,#6843,#6844,#6845),
 .UNSPECIFIED.,.F.,.F.,(4,4),(2.26373816826977E-7,0.000582202702695014),
 .UNSPECIFIED.);
#131=B_SPLINE_CURVE_WITH_KNOTS('',3,(#6847,#6848,#6849,#6850),
 .UNSPECIFIED.,.F.,.F.,(4,4),(2.23244698072853E-7,0.00221879575891421),
 .UNSPECIFIED.);
#132=B_SPLINE_CURVE_WITH_KNOTS('',3,(#6860,#6861,#6862,#6863),
 .UNSPECIFIED.,.F.,.F.,(4,4),(2.25396489567842E-7,0.00169283992948646),
 .UNSPECIFIED.);
#133=B_SPLINE_CURVE_WITH_KNOTS('',3,(#6868,#6869,#6870,#6871),
 .UNSPECIFIED.,.F.,.F.,(4,4),(2.07872807708079E-6,0.00140731485940421),
 .UNSPECIFIED.);
#134=B_SPLINE_CURVE_WITH_KNOTS('',3,(#6881,#6882,#6883,#6884),
 .UNSPECIFIED.,.F.,.F.,(4,4),(2.46302455486619E-7,0.00221851644263739),
 .UNSPECIFIED.);
#135=B_SPLINE_CURVE_WITH_KNOTS('',3,(#6888,#6889,#6890,#6891),
 .UNSPECIFIED.,.F.,.F.,(4,4),(2.26401405969777E-7,0.000582202730284145),
 .UNSPECIFIED.);
#136=B_SPLINE_CURVE_WITH_KNOTS('',3,(#6893,#6894,#6895,#6896),
 .UNSPECIFIED.,.F.,.F.,(4,4),(2.4630245547846E-7,0.00221851644263735),
 .UNSPECIFIED.);
#137=B_SPLINE_CURVE_WITH_KNOTS('',3,(#6898,#6899,#6900,#6901),
 .UNSPECIFIED.,.F.,.F.,(4,4),(2.26401405942415E-7,0.000582202730284129),
 .UNSPECIFIED.);
#138=B_SPLINE_CURVE_WITH_KNOTS('',3,(#6903,#6904,#6905,#6906),
 .UNSPECIFIED.,.F.,.F.,(4,4),(2.25396489571572E-7,0.00169283992948646),
 .UNSPECIFIED.);
#139=B_SPLINE_CURVE_WITH_KNOTS('',3,(#6908,#6909,#6910,#6911),
 .UNSPECIFIED.,.F.,.F.,(4,4),(2.59252779515811E-7,0.00140592396346885),
 .UNSPECIFIED.);
#140=B_SPLINE_CURVE_WITH_KNOTS('',3,(#6918,#6919,#6920,#6921),
 .UNSPECIFIED.,.F.,.F.,(4,4),(2.2324469801741E-7,0.00221879575891416),
 .UNSPECIFIED.);
#141=B_SPLINE_CURVE_WITH_KNOTS('',3,(#6923,#6924,#6925,#6926),
 .UNSPECIFIED.,.F.,.F.,(4,4),(2.26373816859217E-7,0.000582202702695012),
 .UNSPECIFIED.);
#142=B_SPLINE_CURVE_WITH_KNOTS('',3,(#6928,#6929,#6930,#6931),
 .UNSPECIFIED.,.F.,.F.,(4,4),(2.62289060970109E-7,0.00169287682205788),
 .UNSPECIFIED.);
#143=B_SPLINE_CURVE_WITH_KNOTS('',3,(#6933,#6934,#6935,#6936),
 .UNSPECIFIED.,.F.,.F.,(4,4),(2.5925277953202E-7,0.00140592396346884),
 .UNSPECIFIED.);
#144=B_SPLINE_CURVE_WITH_KNOTS('',3,(#6940,#6941,#6942,#6943),
 .UNSPECIFIED.,.F.,.F.,(4,4),(2.07872807704611E-6,0.00140731485940418),
 .UNSPECIFIED.);
#145=B_SPLINE_CURVE_WITH_KNOTS('',3,(#6945,#6946,#6947,#6948),
 .UNSPECIFIED.,.F.,.F.,(4,4),(2.62289060969727E-7,0.00169287682205788),
 .UNSPECIFIED.);
#146=B_SPLINE_CURVE_WITH_KNOTS('',3,(#6950,#6951,#6952,#6953),
 .UNSPECIFIED.,.F.,.F.,(4,4),(2.26373816859217E-7,0.000582202702695012),
 .UNSPECIFIED.);
#147=B_SPLINE_CURVE_WITH_KNOTS('',3,(#6955,#6956,#6957,#6958),
 .UNSPECIFIED.,.F.,.F.,(4,4),(2.23244698017434E-7,0.00221879575891416),
 .UNSPECIFIED.);
#148=B_SPLINE_CURVE_WITH_KNOTS('',3,(#6968,#6969,#6970,#6971),
 .UNSPECIFIED.,.F.,.F.,(4,4),(2.25396489566236E-7,0.00169283992948648),
 .UNSPECIFIED.);
#149=B_SPLINE_CURVE_WITH_KNOTS('',3,(#6976,#6977,#6978,#6979),
 .UNSPECIFIED.,.F.,.F.,(4,4),(2.07872807708302E-6,0.00140731485940418),
 .UNSPECIFIED.);
#150=B_SPLINE_CURVE_WITH_KNOTS('',3,(#6989,#6990,#6991,#6992),
 .UNSPECIFIED.,.F.,.F.,(4,4),(2.46302455533325E-7,0.00221851644263741),
 .UNSPECIFIED.);
#151=B_SPLINE_CURVE_WITH_KNOTS('',3,(#6996,#6997,#6998,#6999),
 .UNSPECIFIED.,.F.,.F.,(4,4),(2.26401405973993E-7,0.000582202730284126),
 .UNSPECIFIED.);
#152=B_SPLINE_CURVE_WITH_KNOTS('',3,(#7001,#7002,#7003,#7004),
 .UNSPECIFIED.,.F.,.F.,(4,4),(2.46302455495002E-7,0.00221851644263737),
 .UNSPECIFIED.);
#153=B_SPLINE_CURVE_WITH_KNOTS('',3,(#7006,#7007,#7008,#7009),
 .UNSPECIFIED.,.F.,.F.,(4,4),(2.26401405973993E-7,0.000582202730284126),
 .UNSPECIFIED.);
#154=B_SPLINE_CURVE_WITH_KNOTS('',3,(#7011,#7012,#7013,#7014),
 .UNSPECIFIED.,.F.,.F.,(4,4),(2.25396489566236E-7,0.00169283992948648),
 .UNSPECIFIED.);
#155=B_SPLINE_CURVE_WITH_KNOTS('',3,(#7016,#7017,#7018,#7019),
 .UNSPECIFIED.,.F.,.F.,(4,4),(2.59252779531694E-7,0.00140592396346884),
 .UNSPECIFIED.);
#156=B_SPLINE_CURVE_WITH_KNOTS('',3,(#7026,#7027,#7028,#7029),
 .UNSPECIFIED.,.F.,.F.,(4,4),(2.23244698072853E-7,0.00221879575891423),
 .UNSPECIFIED.);
#157=B_SPLINE_CURVE_WITH_KNOTS('',3,(#7031,#7032,#7033,#7034),
 .UNSPECIFIED.,.F.,.F.,(4,4),(2.26373816862611E-7,0.000582202702695049),
 .UNSPECIFIED.);
#158=B_SPLINE_CURVE_WITH_KNOTS('',3,(#7036,#7037,#7038,#7039),
 .UNSPECIFIED.,.F.,.F.,(4,4),(2.62289060961961E-7,0.00169287682205788),
 .UNSPECIFIED.);
#159=B_SPLINE_CURVE_WITH_KNOTS('',3,(#7041,#7042,#7043,#7044),
 .UNSPECIFIED.,.F.,.F.,(4,4),(2.59252779538731E-7,0.00140592396346885),
 .UNSPECIFIED.);
#160=B_SPLINE_CURVE_WITH_KNOTS('',3,(#7048,#7049,#7050,#7051),
 .UNSPECIFIED.,.F.,.F.,(4,4),(2.07872807702753E-6,0.00140731485940421),
 .UNSPECIFIED.);
#161=B_SPLINE_CURVE_WITH_KNOTS('',3,(#7053,#7054,#7055,#7056),
 .UNSPECIFIED.,.F.,.F.,(4,4),(2.6228906097783E-7,0.00169287682205787),
 .UNSPECIFIED.);
#162=B_SPLINE_CURVE_WITH_KNOTS('',3,(#7058,#7059,#7060,#7061),
 .UNSPECIFIED.,.F.,.F.,(4,4),(2.26373816854937E-7,0.000582202702695031),
 .UNSPECIFIED.);
#163=B_SPLINE_CURVE_WITH_KNOTS('',3,(#7063,#7064,#7065,#7066),
 .UNSPECIFIED.,.F.,.F.,(4,4),(2.23244698072385E-7,0.00221879575891419),
 .UNSPECIFIED.);
#164=B_SPLINE_CURVE_WITH_KNOTS('',3,(#7076,#7077,#7078,#7079),
 .UNSPECIFIED.,.F.,.F.,(4,4),(2.25396489579754E-7,0.0016928399294865),
 .UNSPECIFIED.);
#165=B_SPLINE_CURVE_WITH_KNOTS('',3,(#7084,#7085,#7086,#7087),
 .UNSPECIFIED.,.F.,.F.,(4,4),(2.07872807705906E-6,0.00140731485940415),
 .UNSPECIFIED.);
#166=B_SPLINE_CURVE_WITH_KNOTS('',3,(#7097,#7098,#7099,#7100),
 .UNSPECIFIED.,.F.,.F.,(4,4),(2.46302455486354E-7,0.00221851644263737),
 .UNSPECIFIED.);
#167=B_SPLINE_CURVE_WITH_KNOTS('',3,(#7104,#7105,#7106,#7107),
 .UNSPECIFIED.,.F.,.F.,(4,4),(2.26401405942415E-7,0.000582202730284129),
 .UNSPECIFIED.);
#168=B_SPLINE_CURVE_WITH_KNOTS('',3,(#7109,#7110,#7111,#7112),
 .UNSPECIFIED.,.F.,.F.,(4,4),(2.46302455536686E-7,0.00221851644263738),
 .UNSPECIFIED.);
#169=B_SPLINE_CURVE_WITH_KNOTS('',3,(#7114,#7115,#7116,#7117),
 .UNSPECIFIED.,.F.,.F.,(4,4),(2.26401405969777E-7,0.000582202730284145),
 .UNSPECIFIED.);
#170=B_SPLINE_CURVE_WITH_KNOTS('',3,(#7119,#7120,#7121,#7122),
 .UNSPECIFIED.,.F.,.F.,(4,4),(2.25396489567842E-7,0.00169283992948646),
 .UNSPECIFIED.);
#171=B_SPLINE_CURVE_WITH_KNOTS('',3,(#7124,#7125,#7126,#7127),
 .UNSPECIFIED.,.F.,.F.,(4,4),(2.59252779530436E-7,0.00140592396346887),
 .UNSPECIFIED.);
#172=B_SPLINE_CURVE_WITH_KNOTS('',3,(#7134,#7135,#7136,#7137),
 .UNSPECIFIED.,.F.,.F.,(4,4),(2.23244698029545E-7,0.00221879575891417),
 .UNSPECIFIED.);
#173=B_SPLINE_CURVE_WITH_KNOTS('',3,(#7139,#7140,#7141,#7142),
 .UNSPECIFIED.,.F.,.F.,(4,4),(2.2637381682967E-7,0.00058220270269502),
 .UNSPECIFIED.);
#174=B_SPLINE_CURVE_WITH_KNOTS('',3,(#7144,#7145,#7146,#7147),
 .UNSPECIFIED.,.F.,.F.,(4,4),(2.62289060960785E-7,0.00169287682205786),
 .UNSPECIFIED.);
#175=B_SPLINE_CURVE_WITH_KNOTS('',3,(#7149,#7150,#7151,#7152),
 .UNSPECIFIED.,.F.,.F.,(4,4),(2.59252779558587E-7,0.00140592396346887),
 .UNSPECIFIED.);
#176=B_SPLINE_CURVE_WITH_KNOTS('',3,(#7156,#7157,#7158,#7159),
 .UNSPECIFIED.,.F.,.F.,(4,4),(2.07872807702651E-6,0.00140731485940418),
 .UNSPECIFIED.);
#177=B_SPLINE_CURVE_WITH_KNOTS('',3,(#7161,#7162,#7163,#7164),
 .UNSPECIFIED.,.F.,.F.,(4,4),(2.62289060989127E-7,0.00169287682205788),
 .UNSPECIFIED.);
#178=B_SPLINE_CURVE_WITH_KNOTS('',3,(#7166,#7167,#7168,#7169),
 .UNSPECIFIED.,.F.,.F.,(4,4),(2.26373816827648E-7,0.000582202702695039),
 .UNSPECIFIED.);
#179=B_SPLINE_CURVE_WITH_KNOTS('',3,(#7171,#7172,#7173,#7174),
 .UNSPECIFIED.,.F.,.F.,(4,4),(2.2324469806277E-7,0.00221879575891418),
 .UNSPECIFIED.);
#180=B_SPLINE_CURVE_WITH_KNOTS('',3,(#7184,#7185,#7186,#7187),
 .UNSPECIFIED.,.F.,.F.,(4,4),(2.25396489563369E-7,0.00169283992948646),
 .UNSPECIFIED.);
#181=B_SPLINE_CURVE_WITH_KNOTS('',3,(#7192,#7193,#7194,#7195),
 .UNSPECIFIED.,.F.,.F.,(4,4),(2.07872807707352E-6,0.00140731485940416),
 .UNSPECIFIED.);
#182=B_SPLINE_CURVE_WITH_KNOTS('',3,(#7205,#7206,#7207,#7208),
 .UNSPECIFIED.,.F.,.F.,(4,4),(2.46302455492287E-7,0.00221851644263737),
 .UNSPECIFIED.);
#183=B_SPLINE_CURVE_WITH_KNOTS('',3,(#7212,#7213,#7214,#7215),
 .UNSPECIFIED.,.F.,.F.,(4,4),(2.26401405967496E-7,0.000582202730284157),
 .UNSPECIFIED.);
#184=B_SPLINE_CURVE_WITH_KNOTS('',3,(#7217,#7218,#7219,#7220),
 .UNSPECIFIED.,.F.,.F.,(4,4),(2.46302455486794E-7,0.00221851644263733),
 .UNSPECIFIED.);
#185=B_SPLINE_CURVE_WITH_KNOTS('',3,(#7222,#7223,#7224,#7225),
 .UNSPECIFIED.,.F.,.F.,(4,4),(2.26401405940202E-7,0.000582202730284151),
 .UNSPECIFIED.);
#186=B_SPLINE_CURVE_WITH_KNOTS('',3,(#7227,#7228,#7229,#7230),
 .UNSPECIFIED.,.F.,.F.,(4,4),(2.25396489587852E-7,0.00169283992948648),
 .UNSPECIFIED.);
#187=B_SPLINE_CURVE_WITH_KNOTS('',3,(#7232,#7233,#7234,#7235),
 .UNSPECIFIED.,.F.,.F.,(4,4),(2.59252779543426E-7,0.00140592396346885),
 .UNSPECIFIED.);
#188=B_SPLINE_CURVE_WITH_KNOTS('',3,(#7242,#7243,#7244,#7245),
 .UNSPECIFIED.,.F.,.F.,(4,4),(2.23244698018107E-7,0.00221879575891419),
 .UNSPECIFIED.);
#189=B_SPLINE_CURVE_WITH_KNOTS('',3,(#7247,#7248,#7249,#7250),
 .UNSPECIFIED.,.F.,.F.,(4,4),(2.26373816837208E-7,0.000582202702695029),
 .UNSPECIFIED.);
#190=B_SPLINE_CURVE_WITH_KNOTS('',3,(#7252,#7253,#7254,#7255),
 .UNSPECIFIED.,.F.,.F.,(4,4),(2.62289060980256E-7,0.00169287682205784),
 .UNSPECIFIED.);
#191=B_SPLINE_CURVE_WITH_KNOTS('',3,(#7257,#7258,#7259,#7260),
 .UNSPECIFIED.,.F.,.F.,(4,4),(2.59252779495515E-7,0.00140592396346881),
 .UNSPECIFIED.);
#192=B_SPLINE_CURVE_WITH_KNOTS('',3,(#7264,#7265,#7266,#7267),
 .UNSPECIFIED.,.F.,.F.,(4,4),(2.07872807703743E-6,0.00140731485940419),
 .UNSPECIFIED.);
#193=B_SPLINE_CURVE_WITH_KNOTS('',3,(#7269,#7270,#7271,#7272),
 .UNSPECIFIED.,.F.,.F.,(4,4),(2.62289061006891E-7,0.00169287682205789),
 .UNSPECIFIED.);
#194=B_SPLINE_CURVE_WITH_KNOTS('',3,(#7274,#7275,#7276,#7277),
 .UNSPECIFIED.,.F.,.F.,(4,4),(2.26373816833221E-7,0.000582202702695022),
 .UNSPECIFIED.);
#195=B_SPLINE_CURVE_WITH_KNOTS('',3,(#7279,#7280,#7281,#7282),
 .UNSPECIFIED.,.F.,.F.,(4,4),(2.23244698049081E-7,0.00221879575891417),
 .UNSPECIFIED.);
#196=B_SPLINE_CURVE_WITH_KNOTS('',3,(#7292,#7293,#7294,#7295),
 .UNSPECIFIED.,.F.,.F.,(4,4),(2.25396489601585E-7,0.00169283992948646),
 .UNSPECIFIED.);
#197=B_SPLINE_CURVE_WITH_KNOTS('',3,(#7300,#7301,#7302,#7303),
 .UNSPECIFIED.,.F.,.F.,(4,4),(2.07872807705685E-6,0.00140731485940418),
 .UNSPECIFIED.);
#198=B_SPLINE_CURVE_WITH_KNOTS('',3,(#7313,#7314,#7315,#7316),
 .UNSPECIFIED.,.F.,.F.,(4,4),(2.46302455510182E-7,0.00221851644263741),
 .UNSPECIFIED.);
#199=B_SPLINE_CURVE_WITH_KNOTS('',3,(#7320,#7321,#7322,#7323),
 .UNSPECIFIED.,.F.,.F.,(4,4),(2.26401405948063E-7,0.000582202730284139),
 .UNSPECIFIED.);
#200=B_SPLINE_CURVE_WITH_KNOTS('',3,(#7325,#7326,#7327,#7328),
 .UNSPECIFIED.,.F.,.F.,(4,4),(2.46302455511822E-7,0.00221851644263737),
 .UNSPECIFIED.);
#201=B_SPLINE_CURVE_WITH_KNOTS('',3,(#7330,#7331,#7332,#7333),
 .UNSPECIFIED.,.F.,.F.,(4,4),(2.26401405942014E-7,0.00058220273028413),
 .UNSPECIFIED.);
#202=B_SPLINE_CURVE_WITH_KNOTS('',3,(#7335,#7336,#7337,#7338),
 .UNSPECIFIED.,.F.,.F.,(4,4),(2.25396489588044E-7,0.00169283992948648),
 .UNSPECIFIED.);
#203=B_SPLINE_CURVE_WITH_KNOTS('',3,(#7340,#7341,#7342,#7343),
 .UNSPECIFIED.,.F.,.F.,(4,4),(2.59252779524536E-7,0.00140592396346884),
 .UNSPECIFIED.);
#204=B_SPLINE_CURVE_WITH_KNOTS('',3,(#7350,#7351,#7352,#7353),
 .UNSPECIFIED.,.F.,.F.,(4,4),(2.23244698047816E-7,0.00221879575891418),
 .UNSPECIFIED.);
#205=B_SPLINE_CURVE_WITH_KNOTS('',3,(#7355,#7356,#7357,#7358),
 .UNSPECIFIED.,.F.,.F.,(4,4),(2.26373816846852E-7,0.000582202702695052),
 .UNSPECIFIED.);
#206=B_SPLINE_CURVE_WITH_KNOTS('',3,(#7360,#7361,#7362,#7363),
 .UNSPECIFIED.,.F.,.F.,(4,4),(2.62289060956024E-7,0.00169287682205786),
 .UNSPECIFIED.);
#207=B_SPLINE_CURVE_WITH_KNOTS('',3,(#7365,#7366,#7367,#7368),
 .UNSPECIFIED.,.F.,.F.,(4,4),(2.59252779549009E-7,0.00140592396346886),
 .UNSPECIFIED.);
#208=B_SPLINE_CURVE_WITH_KNOTS('',3,(#7372,#7373,#7374,#7375),
 .UNSPECIFIED.,.F.,.F.,(4,4),(2.07872807702002E-6,0.00140731485940416),
 .UNSPECIFIED.);
#209=B_SPLINE_CURVE_WITH_KNOTS('',3,(#7377,#7378,#7379,#7380),
 .UNSPECIFIED.,.F.,.F.,(4,4),(2.62289060962065E-7,0.00169287682205789),
 .UNSPECIFIED.);
#210=B_SPLINE_CURVE_WITH_KNOTS('',3,(#7382,#7383,#7384,#7385),
 .UNSPECIFIED.,.F.,.F.,(4,4),(2.26373816835802E-7,0.000582202702695007),
 .UNSPECIFIED.);
#211=B_SPLINE_CURVE_WITH_KNOTS('',3,(#7387,#7388,#7389,#7390),
 .UNSPECIFIED.,.F.,.F.,(4,4),(2.23244698048194E-7,0.00221879575891419),
 .UNSPECIFIED.);
#212=B_SPLINE_CURVE_WITH_KNOTS('',3,(#7400,#7401,#7402,#7403),
 .UNSPECIFIED.,.F.,.F.,(4,4),(2.25396489587345E-7,0.00169283992948649),
 .UNSPECIFIED.);
#213=B_SPLINE_CURVE_WITH_KNOTS('',3,(#7408,#7409,#7410,#7411),
 .UNSPECIFIED.,.F.,.F.,(4,4),(2.07872807704594E-6,0.00140731485940416),
 .UNSPECIFIED.);
#214=B_SPLINE_CURVE_WITH_KNOTS('',3,(#7421,#7422,#7423,#7424),
 .UNSPECIFIED.,.F.,.F.,(4,4),(2.46302455514141E-7,0.00221851644263738),
 .UNSPECIFIED.);
#215=B_SPLINE_CURVE_WITH_KNOTS('',3,(#7428,#7429,#7430,#7431),
 .UNSPECIFIED.,.F.,.F.,(4,4),(2.26401405959213E-7,0.000582202730284164),
 .UNSPECIFIED.);
#216=B_SPLINE_CURVE_WITH_KNOTS('',3,(#7433,#7434,#7435,#7436),
 .UNSPECIFIED.,.F.,.F.,(4,4),(2.46302455474881E-7,0.00221851644263735),
 .UNSPECIFIED.);
#217=B_SPLINE_CURVE_WITH_KNOTS('',3,(#7438,#7439,#7440,#7441),
 .UNSPECIFIED.,.F.,.F.,(4,4),(2.26401405947946E-7,0.000582202730284119),
 .UNSPECIFIED.);
#218=B_SPLINE_CURVE_WITH_KNOTS('',3,(#7443,#7444,#7445,#7446),
 .UNSPECIFIED.,.F.,.F.,(4,4),(2.25396489556059E-7,0.00169283992948649),
 .UNSPECIFIED.);
#219=B_SPLINE_CURVE_WITH_KNOTS('',3,(#7448,#7449,#7450,#7451),
 .UNSPECIFIED.,.F.,.F.,(4,4),(2.59252779538232E-7,0.00140592396346885),
 .UNSPECIFIED.);
#220=B_SPLINE_CURVE_WITH_KNOTS('',3,(#7458,#7459,#7460,#7461),
 .UNSPECIFIED.,.F.,.F.,(4,4),(2.23244698041909E-7,0.0022187957589142),
 .UNSPECIFIED.);
#221=B_SPLINE_CURVE_WITH_KNOTS('',3,(#7463,#7464,#7465,#7466),
 .UNSPECIFIED.,.F.,.F.,(4,4),(2.26373816828193E-7,0.000582202702695021),
 .UNSPECIFIED.);
#222=B_SPLINE_CURVE_WITH_KNOTS('',3,(#7468,#7469,#7470,#7471),
 .UNSPECIFIED.,.F.,.F.,(4,4),(2.62289060976863E-7,0.00169287682205786),
 .UNSPECIFIED.);
#223=B_SPLINE_CURVE_WITH_KNOTS('',3,(#7473,#7474,#7475,#7476),
 .UNSPECIFIED.,.F.,.F.,(4,4),(2.59252779530355E-7,0.00140592396346885),
 .UNSPECIFIED.);
#224=B_SPLINE_CURVE_WITH_KNOTS('',3,(#7480,#7481,#7482,#7483),
 .UNSPECIFIED.,.F.,.F.,(4,4),(2.07872807703638E-6,0.00140731485940419),
 .UNSPECIFIED.);
#225=B_SPLINE_CURVE_WITH_KNOTS('',3,(#7485,#7486,#7487,#7488),
 .UNSPECIFIED.,.F.,.F.,(4,4),(2.62289060979878E-7,0.00169287682205784),
 .UNSPECIFIED.);
#226=B_SPLINE_CURVE_WITH_KNOTS('',3,(#7490,#7491,#7492,#7493),
 .UNSPECIFIED.,.F.,.F.,(4,4),(2.26373816806315E-7,0.000582202702695036),
 .UNSPECIFIED.);
#227=B_SPLINE_CURVE_WITH_KNOTS('',3,(#7495,#7496,#7497,#7498),
 .UNSPECIFIED.,.F.,.F.,(4,4),(2.23244698076404E-7,0.00221879575891418),
 .UNSPECIFIED.);
#228=B_SPLINE_CURVE_WITH_KNOTS('',3,(#7508,#7509,#7510,#7511),
 .UNSPECIFIED.,.F.,.F.,(4,4),(2.25396489568958E-7,0.00169283992948645),
 .UNSPECIFIED.);
#229=B_SPLINE_CURVE_WITH_KNOTS('',3,(#7516,#7517,#7518,#7519),
 .UNSPECIFIED.,.F.,.F.,(4,4),(2.07872807707046E-6,0.00140731485940418),
 .UNSPECIFIED.);
#230=B_SPLINE_CURVE_WITH_KNOTS('',3,(#7529,#7530,#7531,#7532),
 .UNSPECIFIED.,.F.,.F.,(4,4),(2.46302455500572E-7,0.00221851644263738),
 .UNSPECIFIED.);
#231=B_SPLINE_CURVE_WITH_KNOTS('',3,(#7536,#7537,#7538,#7539),
 .UNSPECIFIED.,.F.,.F.,(4,4),(2.26401405951688E-7,0.000582202730284144),
 .UNSPECIFIED.);
#232=B_SPLINE_CURVE_WITH_KNOTS('',3,(#7541,#7542,#7543,#7544),
 .UNSPECIFIED.,.F.,.F.,(4,4),(2.46302455500975E-7,0.00221851644263734),
 .UNSPECIFIED.);
#233=B_SPLINE_CURVE_WITH_KNOTS('',3,(#7546,#7547,#7548,#7549),
 .UNSPECIFIED.,.F.,.F.,(4,4),(2.2640140596082E-7,0.000582202730284191),
 .UNSPECIFIED.);
#234=B_SPLINE_CURVE_WITH_KNOTS('',3,(#7551,#7552,#7553,#7554),
 .UNSPECIFIED.,.F.,.F.,(4,4),(2.25396489600905E-7,0.00169283992948646),
 .UNSPECIFIED.);
#235=B_SPLINE_CURVE_WITH_KNOTS('',3,(#7556,#7557,#7558,#7559),
 .UNSPECIFIED.,.F.,.F.,(4,4),(2.59252779545609E-7,0.00140592396346886),
 .UNSPECIFIED.);
#236=B_SPLINE_CURVE_WITH_KNOTS('',3,(#7566,#7567,#7568,#7569),
 .UNSPECIFIED.,.F.,.F.,(4,4),(2.23244698026719E-7,0.0022187957589142),
 .UNSPECIFIED.);
#237=B_SPLINE_CURVE_WITH_KNOTS('',3,(#7571,#7572,#7573,#7574),
 .UNSPECIFIED.,.F.,.F.,(4,4),(2.2637381685279E-7,0.000582202702695016),
 .UNSPECIFIED.);
#238=B_SPLINE_CURVE_WITH_KNOTS('',3,(#7576,#7577,#7578,#7579),
 .UNSPECIFIED.,.F.,.F.,(4,4),(2.62289060990736E-7,0.00169287682205787),
 .UNSPECIFIED.);
#239=B_SPLINE_CURVE_WITH_KNOTS('',3,(#7581,#7582,#7583,#7584),
 .UNSPECIFIED.,.F.,.F.,(4,4),(2.59252779507209E-7,0.00140592396346884),
 .UNSPECIFIED.);
#240=B_SPLINE_CURVE_WITH_KNOTS('',3,(#7588,#7589,#7590,#7591),
 .UNSPECIFIED.,.F.,.F.,(4,4),(2.07872807702747E-6,0.00140731485940417),
 .UNSPECIFIED.);
#241=B_SPLINE_CURVE_WITH_KNOTS('',3,(#7593,#7594,#7595,#7596),
 .UNSPECIFIED.,.F.,.F.,(4,4),(2.62289060969651E-7,0.00169287682205787),
 .UNSPECIFIED.);
#242=B_SPLINE_CURVE_WITH_KNOTS('',3,(#7598,#7599,#7600,#7601),
 .UNSPECIFIED.,.F.,.F.,(4,4),(2.2637381682737E-7,0.000582202702695001),
 .UNSPECIFIED.);
#243=B_SPLINE_CURVE_WITH_KNOTS('',3,(#7603,#7604,#7605,#7606),
 .UNSPECIFIED.,.F.,.F.,(4,4),(2.23244698051472E-7,0.0022187957589142),
 .UNSPECIFIED.);
#244=B_SPLINE_CURVE_WITH_KNOTS('',3,(#7616,#7617,#7618,#7619),
 .UNSPECIFIED.,.F.,.F.,(4,4),(2.2539648957329E-7,0.00169283992948645),
 .UNSPECIFIED.);
#245=B_SPLINE_CURVE_WITH_KNOTS('',3,(#7624,#7625,#7626,#7627),
 .UNSPECIFIED.,.F.,.F.,(4,4),(2.07872807707715E-6,0.0014073148594042),
 .UNSPECIFIED.);
#246=B_SPLINE_CURVE_WITH_KNOTS('',3,(#7637,#7638,#7639,#7640),
 .UNSPECIFIED.,.F.,.F.,(4,4),(2.46302455505127E-7,0.0022185164426374),
 .UNSPECIFIED.);
#247=B_SPLINE_CURVE_WITH_KNOTS('',3,(#7644,#7645,#7646,#7647),
 .UNSPECIFIED.,.F.,.F.,(4,4),(2.26401405968534E-7,0.000582202730284131),
 .UNSPECIFIED.);
#248=B_SPLINE_CURVE_WITH_KNOTS('',3,(#7649,#7650,#7651,#7652),
 .UNSPECIFIED.,.F.,.F.,(4,4),(2.46302455496481E-7,0.00221851644263739),
 .UNSPECIFIED.);
#249=B_SPLINE_CURVE_WITH_KNOTS('',3,(#7654,#7655,#7656,#7657),
 .UNSPECIFIED.,.F.,.F.,(4,4),(2.26401405973303E-7,0.000582202730284146),
 .UNSPECIFIED.);
#250=B_SPLINE_CURVE_WITH_KNOTS('',3,(#7659,#7660,#7661,#7662),
 .UNSPECIFIED.,.F.,.F.,(4,4),(2.2539648957024E-7,0.00169283992948647),
 .UNSPECIFIED.);
#251=B_SPLINE_CURVE_WITH_KNOTS('',3,(#7664,#7665,#7666,#7667),
 .UNSPECIFIED.,.F.,.F.,(4,4),(2.5925277952624E-7,0.00140592396346885),
 .UNSPECIFIED.);
#252=B_SPLINE_CURVE_WITH_KNOTS('',3,(#7674,#7675,#7676,#7677),
 .UNSPECIFIED.,.F.,.F.,(4,4),(2.23244698017599E-7,0.00221879575891419),
 .UNSPECIFIED.);
#253=B_SPLINE_CURVE_WITH_KNOTS('',3,(#7679,#7680,#7681,#7682),
 .UNSPECIFIED.,.F.,.F.,(4,4),(2.2637381686117E-7,0.00058220270269501),
 .UNSPECIFIED.);
#254=B_SPLINE_CURVE_WITH_KNOTS('',3,(#7684,#7685,#7686,#7687),
 .UNSPECIFIED.,.F.,.F.,(4,4),(2.62289061015195E-7,0.00169287682205791),
 .UNSPECIFIED.);
#255=B_SPLINE_CURVE_WITH_KNOTS('',3,(#7689,#7690,#7691,#7692),
 .UNSPECIFIED.,.F.,.F.,(4,4),(2.5925277950991E-7,0.00140592396346883),
 .UNSPECIFIED.);
#256=B_SPLINE_CURVE_WITH_KNOTS('',3,(#7696,#7697,#7698,#7699),
 .UNSPECIFIED.,.F.,.F.,(4,4),(2.07872807702168E-6,0.00140731485940417),
 .UNSPECIFIED.);
#257=B_SPLINE_CURVE_WITH_KNOTS('',3,(#7701,#7702,#7703,#7704),
 .UNSPECIFIED.,.F.,.F.,(4,4),(2.6228906096351E-7,0.00169287682205787),
 .UNSPECIFIED.);
#258=B_SPLINE_CURVE_WITH_KNOTS('',3,(#7706,#7707,#7708,#7709),
 .UNSPECIFIED.,.F.,.F.,(4,4),(2.26373816839668E-7,0.000582202702695017),
 .UNSPECIFIED.);
#259=B_SPLINE_CURVE_WITH_KNOTS('',3,(#7711,#7712,#7713,#7714),
 .UNSPECIFIED.,.F.,.F.,(4,4),(2.23244698044798E-7,0.00221879575891421),
 .UNSPECIFIED.);
#260=B_SPLINE_CURVE_WITH_KNOTS('',3,(#7724,#7725,#7726,#7727),
 .UNSPECIFIED.,.F.,.F.,(4,4),(2.25396489534842E-7,0.00169283992948643),
 .UNSPECIFIED.);
#261=B_SPLINE_CURVE_WITH_KNOTS('',3,(#7732,#7733,#7734,#7735),
 .UNSPECIFIED.,.F.,.F.,(4,4),(2.07872807708652E-6,0.00140731485940421),
 .UNSPECIFIED.);
#262=B_SPLINE_CURVE_WITH_KNOTS('',3,(#7745,#7746,#7747,#7748),
 .UNSPECIFIED.,.F.,.F.,(4,4),(2.46302455487042E-7,0.00221851644263738),
 .UNSPECIFIED.);
#263=B_SPLINE_CURVE_WITH_KNOTS('',3,(#7752,#7753,#7754,#7755),
 .UNSPECIFIED.,.F.,.F.,(4,4),(2.26401405971434E-7,0.00058220273028412),
 .UNSPECIFIED.);
#264=B_SPLINE_CURVE_WITH_KNOTS('',3,(#7763,#7764,#7765,#7766),
 .UNSPECIFIED.,.F.,.F.,(4,4),(2.23244698044774E-7,0.00221879575891419),
 .UNSPECIFIED.);
#265=B_SPLINE_CURVE_WITH_KNOTS('',3,(#7768,#7769,#7770,#7771),
 .UNSPECIFIED.,.F.,.F.,(4,4),(2.26373816839189E-7,0.000582202702695017),
 .UNSPECIFIED.);
#266=B_SPLINE_CURVE_WITH_KNOTS('',3,(#7773,#7774,#7775,#7776),
 .UNSPECIFIED.,.F.,.F.,(4,4),(2.62289060963516E-7,0.00169287682205787),
 .UNSPECIFIED.);
#267=B_SPLINE_CURVE_WITH_KNOTS('',3,(#7778,#7779,#7780,#7781),
 .UNSPECIFIED.,.F.,.F.,(4,4),(2.59252779531143E-7,0.00140592396346884),
 .UNSPECIFIED.);
#268=B_SPLINE_CURVE_WITH_KNOTS('',3,(#7783,#7784,#7785,#7786),
 .UNSPECIFIED.,.F.,.F.,(4,4),(2.46302455477668E-7,0.00221851644263738),
 .UNSPECIFIED.);
#269=B_SPLINE_CURVE_WITH_KNOTS('',3,(#7788,#7789,#7790,#7791),
 .UNSPECIFIED.,.F.,.F.,(4,4),(2.26401405950532E-7,0.000582202730284128),
 .UNSPECIFIED.);
#270=B_SPLINE_CURVE_WITH_KNOTS('',3,(#7793,#7794,#7795,#7796),
 .UNSPECIFIED.,.F.,.F.,(4,4),(2.25396489563415E-7,0.00169283992948647),
 .UNSPECIFIED.);
#271=B_SPLINE_CURVE_WITH_KNOTS('',3,(#7798,#7799,#7800,#7801),
 .UNSPECIFIED.,.F.,.F.,(4,4),(2.59252779533163E-7,0.00140592396346885),
 .UNSPECIFIED.);
#272=B_SPLINE_CURVE_WITH_KNOTS('',2,(#7807,#7808,#7809),.UNSPECIFIED.,.F.,
 .F.,(3,3),(0.,1.),.UNSPECIFIED.);
#273=B_SPLINE_CURVE_WITH_KNOTS('',2,(#7816,#7817,#7818),.UNSPECIFIED.,.F.,
 .F.,(3,3),(0.,1.),.UNSPECIFIED.);
#274=B_SPLINE_CURVE_WITH_KNOTS('',2,(#7820,#7821,#7822),.UNSPECIFIED.,.F.,
 .F.,(3,3),(0.,1.),.UNSPECIFIED.);
#275=B_SPLINE_CURVE_WITH_KNOTS('',2,(#7824,#7825,#7826),.UNSPECIFIED.,.F.,
 .F.,(3,3),(0.,1.),.UNSPECIFIED.);
#276=B_SPLINE_CURVE_WITH_KNOTS('',2,(#7828,#7829,#7830),.UNSPECIFIED.,.F.,
 .F.,(3,3),(0.,1.),.UNSPECIFIED.);
#277=B_SPLINE_CURVE_WITH_KNOTS('',2,(#7832,#7833,#7834),.UNSPECIFIED.,.F.,
 .F.,(3,3),(0.,1.),.UNSPECIFIED.);
#278=B_SPLINE_CURVE_WITH_KNOTS('',2,(#7838,#7839,#7840),.UNSPECIFIED.,.F.,
 .F.,(3,3),(0.,1.),.UNSPECIFIED.);
#279=B_SPLINE_CURVE_WITH_KNOTS('',2,(#7842,#7843,#7844),.UNSPECIFIED.,.F.,
 .F.,(3,3),(0.,1.),.UNSPECIFIED.);
#280=B_SPLINE_CURVE_WITH_KNOTS('',2,(#7846,#7847,#7848),.UNSPECIFIED.,.F.,
 .F.,(3,3),(0.,1.),.UNSPECIFIED.);
#281=B_SPLINE_CURVE_WITH_KNOTS('',2,(#7850,#7851,#7852),.UNSPECIFIED.,.F.,
 .F.,(3,3),(0.,1.),.UNSPECIFIED.);
#282=B_SPLINE_CURVE_WITH_KNOTS('',2,(#7856,#7857,#7858),.UNSPECIFIED.,.F.,
 .F.,(3,3),(0.,1.),.UNSPECIFIED.);
#283=B_SPLINE_CURVE_WITH_KNOTS('',2,(#7908,#7909,#7910),.UNSPECIFIED.,.F.,
 .F.,(3,3),(0.,1.),.UNSPECIFIED.);
#284=B_SPLINE_CURVE_WITH_KNOTS('',2,(#7912,#7913,#7914),.UNSPECIFIED.,.F.,
 .F.,(3,3),(0.,1.),.UNSPECIFIED.);
#285=B_SPLINE_CURVE_WITH_KNOTS('',2,(#7916,#7917,#7918),.UNSPECIFIED.,.F.,
 .F.,(3,3),(0.,1.),.UNSPECIFIED.);
#286=B_SPLINE_CURVE_WITH_KNOTS('',2,(#7920,#7921,#7922),.UNSPECIFIED.,.F.,
 .F.,(3,3),(0.,1.),.UNSPECIFIED.);
#287=B_SPLINE_CURVE_WITH_KNOTS('',2,(#7924,#7925,#7926),.UNSPECIFIED.,.F.,
 .F.,(3,3),(0.,1.),.UNSPECIFIED.);
#288=B_SPLINE_CURVE_WITH_KNOTS('',2,(#7934,#7935,#7936),.UNSPECIFIED.,.F.,
 .F.,(3,3),(0.,1.),.UNSPECIFIED.);
#289=B_SPLINE_CURVE_WITH_KNOTS('',2,(#7938,#7939,#7940),.UNSPECIFIED.,.F.,
 .F.,(3,3),(0.,1.),.UNSPECIFIED.);
#290=B_SPLINE_CURVE_WITH_KNOTS('',2,(#7942,#7943,#7944),.UNSPECIFIED.,.F.,
 .F.,(3,3),(0.,1.),.UNSPECIFIED.);
#291=B_SPLINE_CURVE_WITH_KNOTS('',2,(#7946,#7947,#7948),.UNSPECIFIED.,.F.,
 .F.,(3,3),(0.,1.),.UNSPECIFIED.);
#292=B_SPLINE_CURVE_WITH_KNOTS('',2,(#8204,#8205,#8206),.UNSPECIFIED.,.F.,
 .F.,(3,3),(0.,1.),.UNSPECIFIED.);
#293=B_SPLINE_CURVE_WITH_KNOTS('',2,(#8217,#8218,#8219),.UNSPECIFIED.,.F.,
 .F.,(3,3),(0.,1.),.UNSPECIFIED.);
#294=B_SPLINE_CURVE_WITH_KNOTS('',2,(#8230,#8231,#8232),.UNSPECIFIED.,.F.,
 .F.,(3,3),(0.,1.),.UNSPECIFIED.);
#295=B_SPLINE_CURVE_WITH_KNOTS('',2,(#8243,#8244,#8245),.UNSPECIFIED.,.F.,
 .F.,(3,3),(0.,1.),.UNSPECIFIED.);
#296=B_SPLINE_CURVE_WITH_KNOTS('',2,(#8268,#8269,#8270),.UNSPECIFIED.,.F.,
 .F.,(3,3),(0.,1.),.UNSPECIFIED.);
#297=B_SPLINE_CURVE_WITH_KNOTS('',2,(#8281,#8282,#8283),.UNSPECIFIED.,.F.,
 .F.,(3,3),(0.,1.),.UNSPECIFIED.);
#298=B_SPLINE_CURVE_WITH_KNOTS('',2,(#8294,#8295,#8296),.UNSPECIFIED.,.F.,
 .F.,(3,3),(0.,1.),.UNSPECIFIED.);
#299=B_SPLINE_CURVE_WITH_KNOTS('',2,(#8307,#8308,#8309),.UNSPECIFIED.,.F.,
 .F.,(3,3),(0.,1.),.UNSPECIFIED.);
#300=B_SPLINE_CURVE_WITH_KNOTS('',2,(#8320,#8321,#8322),.UNSPECIFIED.,.F.,
 .F.,(3,3),(0.,1.),.UNSPECIFIED.);
#301=B_SPLINE_CURVE_WITH_KNOTS('',2,(#8426,#8427,#8428),.UNSPECIFIED.,.F.,
 .F.,(3,3),(0.,1.),.UNSPECIFIED.);
#302=B_SPLINE_CURVE_WITH_KNOTS('',2,(#8441,#8442,#8443),.UNSPECIFIED.,.F.,
 .F.,(3,3),(0.,1.),.UNSPECIFIED.);
#303=B_SPLINE_CURVE_WITH_KNOTS('',2,(#8458,#8459,#8460),.UNSPECIFIED.,.F.,
 .F.,(3,3),(0.,1.),.UNSPECIFIED.);
#304=B_SPLINE_CURVE_WITH_KNOTS('',2,(#8471,#8472,#8473),.UNSPECIFIED.,.F.,
 .F.,(3,3),(0.,1.),.UNSPECIFIED.);
#305=B_SPLINE_CURVE_WITH_KNOTS('',2,(#8484,#8485,#8486),.UNSPECIFIED.,.F.,
 .F.,(3,3),(0.,1.),.UNSPECIFIED.);
#306=B_SPLINE_CURVE_WITH_KNOTS('',2,(#8497,#8498,#8499),.UNSPECIFIED.,.F.,
 .F.,(3,3),(0.,1.),.UNSPECIFIED.);
#307=B_SPLINE_CURVE_WITH_KNOTS('',2,(#8514,#8515,#8516),.UNSPECIFIED.,.F.,
 .F.,(3,3),(0.,1.),.UNSPECIFIED.);
#308=B_SPLINE_CURVE_WITH_KNOTS('',2,(#8527,#8528,#8529),.UNSPECIFIED.,.F.,
 .F.,(3,3),(0.,1.),.UNSPECIFIED.);
#309=B_SPLINE_CURVE_WITH_KNOTS('',2,(#8540,#8541,#8542),.UNSPECIFIED.,.F.,
 .F.,(3,3),(0.,1.),.UNSPECIFIED.);
#310=B_SPLINE_CURVE_WITH_KNOTS('',2,(#8553,#8554,#8555),.UNSPECIFIED.,.F.,
 .F.,(3,3),(0.,1.),.UNSPECIFIED.);
#311=B_SPLINE_CURVE_WITH_KNOTS('',2,(#8566,#8567,#8568),.UNSPECIFIED.,.F.,
 .F.,(3,3),(0.,1.),.UNSPECIFIED.);
#312=CONICAL_SURFACE('',#4788,2.05008008963912,1.32581766366803);
#313=CONICAL_SURFACE('',#4791,2.52633008963912,1.32581766366803);
#314=CONICAL_SURFACE('',#4805,2.05008008963912,1.32581766366803);
#315=CONICAL_SURFACE('',#4807,2.52633008963912,1.32581766366803);
#316=CONICAL_SURFACE('',#4821,2.05008008963912,1.32581766366803);
#317=CONICAL_SURFACE('',#4823,2.52633008963912,1.32581766366803);
#318=CONICAL_SURFACE('',#4837,2.05008008963912,1.32581766366803);
#319=CONICAL_SURFACE('',#4839,2.52633008963912,1.32581766366803);
#320=CONICAL_SURFACE('',#4853,2.05008008963912,1.32581766366803);
#321=CONICAL_SURFACE('',#4855,2.52633008963912,1.32581766366803);
#322=CONICAL_SURFACE('',#4869,2.05008008963912,1.32581766366803);
#323=CONICAL_SURFACE('',#4871,2.52633008963912,1.32581766366803);
#324=CONICAL_SURFACE('',#4885,2.05008008963912,1.32581766366803);
#325=CONICAL_SURFACE('',#4887,2.52633008963912,1.32581766366803);
#326=CONICAL_SURFACE('',#4901,2.05008008963912,1.32581766366803);
#327=CONICAL_SURFACE('',#4903,2.52633008963912,1.32581766366803);
#328=CONICAL_SURFACE('',#4917,2.05008008963912,1.32581766366803);
#329=CONICAL_SURFACE('',#4919,2.52633008963912,1.32581766366803);
#330=CONICAL_SURFACE('',#4933,2.05008008963912,1.32581766366803);
#331=CONICAL_SURFACE('',#4935,2.52633008963912,1.32581766366803);
#332=CONICAL_SURFACE('',#4949,2.05008008963912,1.32581766366803);
#333=CONICAL_SURFACE('',#4951,2.52633008963912,1.32581766366803);
#334=CONICAL_SURFACE('',#4965,2.05008008963912,1.32581766366803);
#335=CONICAL_SURFACE('',#4967,2.52633008963912,1.32581766366803);
#336=CONICAL_SURFACE('',#4981,2.05008008963912,1.32581766366803);
#337=CONICAL_SURFACE('',#4983,2.52633008963912,1.32581766366803);
#338=CONICAL_SURFACE('',#4997,2.05008008963912,1.32581766366803);
#339=CONICAL_SURFACE('',#4999,2.52633008963912,1.32581766366803);
#340=CONICAL_SURFACE('',#5016,2.52633008963912,1.32581766366803);
#341=CONICAL_SURFACE('',#5018,2.05008008963912,1.32581766366803);
#342=CONICAL_SURFACE('',#5065,0.95,0.785398163397449);
#343=CONICAL_SURFACE('',#5066,0.93,0.785398163397448);
#344=CYLINDRICAL_SURFACE('',#4786,0.95);
#345=CYLINDRICAL_SURFACE('',#4794,2.52633008963912);
#346=CYLINDRICAL_SURFACE('',#4796,0.665480000000009);
#347=CYLINDRICAL_SURFACE('',#4797,0.257937);
#348=CYLINDRICAL_SURFACE('',#4800,0.665480000000009);
#349=CYLINDRICAL_SURFACE('',#4802,0.422095412359692);
#350=CYLINDRICAL_SURFACE('',#4803,0.422095412359692);
#351=CYLINDRICAL_SURFACE('',#4810,2.52633008963912);
#352=CYLINDRICAL_SURFACE('',#4812,0.665480000000009);
#353=CYLINDRICAL_SURFACE('',#4813,0.257937);
#354=CYLINDRICAL_SURFACE('',#4816,0.665480000000009);
#355=CYLINDRICAL_SURFACE('',#4818,0.422095412359692);
#356=CYLINDRICAL_SURFACE('',#4819,0.422095412359692);
#357=CYLINDRICAL_SURFACE('',#4826,2.52633008963912);
#358=CYLINDRICAL_SURFACE('',#4828,0.665480000000009);
#359=CYLINDRICAL_SURFACE('',#4829,0.257937);
#360=CYLINDRICAL_SURFACE('',#4832,0.665480000000009);
#361=CYLINDRICAL_SURFACE('',#4834,0.422095412359692);
#362=CYLINDRICAL_SURFACE('',#4835,0.422095412359692);
#363=CYLINDRICAL_SURFACE('',#4842,2.52633008963912);
#364=CYLINDRICAL_SURFACE('',#4844,0.665480000000009);
#365=CYLINDRICAL_SURFACE('',#4845,0.257937);
#366=CYLINDRICAL_SURFACE('',#4848,0.665480000000009);
#367=CYLINDRICAL_SURFACE('',#4850,0.422095412359692);
#368=CYLINDRICAL_SURFACE('',#4851,0.422095412359692);
#369=CYLINDRICAL_SURFACE('',#4858,2.52633008963912);
#370=CYLINDRICAL_SURFACE('',#4860,0.665480000000009);
#371=CYLINDRICAL_SURFACE('',#4861,0.257937);
#372=CYLINDRICAL_SURFACE('',#4864,0.665480000000009);
#373=CYLINDRICAL_SURFACE('',#4866,0.422095412359692);
#374=CYLINDRICAL_SURFACE('',#4867,0.422095412359692);
#375=CYLINDRICAL_SURFACE('',#4874,2.52633008963912);
#376=CYLINDRICAL_SURFACE('',#4876,0.665480000000009);
#377=CYLINDRICAL_SURFACE('',#4877,0.257937);
#378=CYLINDRICAL_SURFACE('',#4880,0.665480000000009);
#379=CYLINDRICAL_SURFACE('',#4882,0.422095412359692);
#380=CYLINDRICAL_SURFACE('',#4883,0.422095412359692);
#381=CYLINDRICAL_SURFACE('',#4890,2.52633008963912);
#382=CYLINDRICAL_SURFACE('',#4892,0.665480000000009);
#383=CYLINDRICAL_SURFACE('',#4893,0.257937);
#384=CYLINDRICAL_SURFACE('',#4896,0.665480000000009);
#385=CYLINDRICAL_SURFACE('',#4898,0.422095412359692);
#386=CYLINDRICAL_SURFACE('',#4899,0.422095412359692);
#387=CYLINDRICAL_SURFACE('',#4906,2.52633008963912);
#388=CYLINDRICAL_SURFACE('',#4908,0.665480000000009);
#389=CYLINDRICAL_SURFACE('',#4909,0.257937);
#390=CYLINDRICAL_SURFACE('',#4912,0.665480000000009);
#391=CYLINDRICAL_SURFACE('',#4914,0.422095412359692);
#392=CYLINDRICAL_SURFACE('',#4915,0.422095412359692);
#393=CYLINDRICAL_SURFACE('',#4922,2.52633008963912);
#394=CYLINDRICAL_SURFACE('',#4924,0.665480000000009);
#395=CYLINDRICAL_SURFACE('',#4925,0.257937);
#396=CYLINDRICAL_SURFACE('',#4928,0.665480000000009);
#397=CYLINDRICAL_SURFACE('',#4930,0.422095412359692);
#398=CYLINDRICAL_SURFACE('',#4931,0.422095412359692);
#399=CYLINDRICAL_SURFACE('',#4938,2.52633008963912);
#400=CYLINDRICAL_SURFACE('',#4940,0.665480000000009);
#401=CYLINDRICAL_SURFACE('',#4941,0.257937);
#402=CYLINDRICAL_SURFACE('',#4944,0.665480000000009);
#403=CYLINDRICAL_SURFACE('',#4946,0.422095412359692);
#404=CYLINDRICAL_SURFACE('',#4947,0.422095412359692);
#405=CYLINDRICAL_SURFACE('',#4954,2.52633008963912);
#406=CYLINDRICAL_SURFACE('',#4956,0.665480000000009);
#407=CYLINDRICAL_SURFACE('',#4957,0.257937);
#408=CYLINDRICAL_SURFACE('',#4960,0.665480000000009);
#409=CYLINDRICAL_SURFACE('',#4962,0.422095412359692);
#410=CYLINDRICAL_SURFACE('',#4963,0.422095412359692);
#411=CYLINDRICAL_SURFACE('',#4970,2.52633008963912);
#412=CYLINDRICAL_SURFACE('',#4972,0.665480000000009);
#413=CYLINDRICAL_SURFACE('',#4973,0.257937);
#414=CYLINDRICAL_SURFACE('',#4976,0.665480000000009);
#415=CYLINDRICAL_SURFACE('',#4978,0.422095412359692);
#416=CYLINDRICAL_SURFACE('',#4979,0.422095412359692);
#417=CYLINDRICAL_SURFACE('',#4986,2.52633008963912);
#418=CYLINDRICAL_SURFACE('',#4988,0.665480000000009);
#419=CYLINDRICAL_SURFACE('',#4989,0.257937);
#420=CYLINDRICAL_SURFACE('',#4992,0.665480000000009);
#421=CYLINDRICAL_SURFACE('',#4994,0.422095412359692);
#422=CYLINDRICAL_SURFACE('',#4995,0.422095412359692);
#423=CYLINDRICAL_SURFACE('',#5002,2.52633008963912);
#424=CYLINDRICAL_SURFACE('',#5004,0.665480000000009);
#425=CYLINDRICAL_SURFACE('',#5005,0.257937);
#426=CYLINDRICAL_SURFACE('',#5008,0.665480000000009);
#427=CYLINDRICAL_SURFACE('',#5010,0.422095412359692);
#428=CYLINDRICAL_SURFACE('',#5011,0.422095412359692);
#429=CYLINDRICAL_SURFACE('',#5020,2.52633008963912);
#430=CYLINDRICAL_SURFACE('',#5034,0.665480000000009);
#431=CYLINDRICAL_SURFACE('',#5035,0.257937);
#432=CYLINDRICAL_SURFACE('',#5036,0.665480000000009);
#433=CYLINDRICAL_SURFACE('',#5038,0.422095412359692);
#434=CYLINDRICAL_SURFACE('',#5039,0.422095412359692);
#435=CYLINDRICAL_SURFACE('',#5041,0.95);
#436=CYLINDRICAL_SURFACE('',#5073,0.610733737669749);
#437=CYLINDRICAL_SURFACE('',#5082,1.00934913903332);
#438=CYLINDRICAL_SURFACE('',#5095,0.171821647971497);
#439=CYLINDRICAL_SURFACE('',#5097,0.116149767821238);
#440=CYLINDRICAL_SURFACE('',#5100,0.233324659666296);
#441=CYLINDRICAL_SURFACE('',#5106,4.62320691106018);
#442=CYLINDRICAL_SURFACE('',#5108,0.178289480282561);
#443=CYLINDRICAL_SURFACE('',#5110,0.719392974834551);
#444=CYLINDRICAL_SURFACE('',#5130,0.112977368509126);
#445=CYLINDRICAL_SURFACE('',#5133,0.145050882397035);
#446=LINE('',#6184,#770);
#447=LINE('',#6187,#771);
#448=LINE('',#6189,#772);
#449=LINE('',#6191,#773);
#450=LINE('',#6193,#774);
#451=LINE('',#6195,#775);
#452=LINE('',#6290,#776);
#453=LINE('',#6294,#777);
#454=LINE('',#6296,#778);
#455=LINE('',#6303,#779);
#456=LINE('',#6313,#780);
#457=LINE('',#6320,#781);
#458=LINE('',#6327,#782);
#459=LINE('',#6334,#783);
#460=LINE('',#6346,#784);
#461=LINE('',#6420,#785);
#462=LINE('',#6424,#786);
#463=LINE('',#6426,#787);
#464=LINE('',#6433,#788);
#465=LINE('',#6442,#789);
#466=LINE('',#6444,#790);
#467=LINE('',#6446,#791);
#468=LINE('',#6454,#792);
#469=LINE('',#6528,#793);
#470=LINE('',#6532,#794);
#471=LINE('',#6534,#795);
#472=LINE('',#6541,#796);
#473=LINE('',#6550,#797);
#474=LINE('',#6552,#798);
#475=LINE('',#6554,#799);
#476=LINE('',#6562,#800);
#477=LINE('',#6636,#801);
#478=LINE('',#6640,#802);
#479=LINE('',#6642,#803);
#480=LINE('',#6649,#804);
#481=LINE('',#6658,#805);
#482=LINE('',#6660,#806);
#483=LINE('',#6662,#807);
#484=LINE('',#6670,#808);
#485=LINE('',#6744,#809);
#486=LINE('',#6748,#810);
#487=LINE('',#6750,#811);
#488=LINE('',#6757,#812);
#489=LINE('',#6766,#813);
#490=LINE('',#6768,#814);
#491=LINE('',#6770,#815);
#492=LINE('',#6778,#816);
#493=LINE('',#6852,#817);
#494=LINE('',#6856,#818);
#495=LINE('',#6858,#819);
#496=LINE('',#6865,#820);
#497=LINE('',#6874,#821);
#498=LINE('',#6876,#822);
#499=LINE('',#6878,#823);
#500=LINE('',#6886,#824);
#501=LINE('',#6960,#825);
#502=LINE('',#6964,#826);
#503=LINE('',#6966,#827);
#504=LINE('',#6973,#828);
#505=LINE('',#6982,#829);
#506=LINE('',#6984,#830);
#507=LINE('',#6986,#831);
#508=LINE('',#6994,#832);
#509=LINE('',#7068,#833);
#510=LINE('',#7072,#834);
#511=LINE('',#7074,#835);
#512=LINE('',#7081,#836);
#513=LINE('',#7090,#837);
#514=LINE('',#7092,#838);
#515=LINE('',#7094,#839);
#516=LINE('',#7102,#840);
#517=LINE('',#7176,#841);
#518=LINE('',#7180,#842);
#519=LINE('',#7182,#843);
#520=LINE('',#7189,#844);
#521=LINE('',#7198,#845);
#522=LINE('',#7200,#846);
#523=LINE('',#7202,#847);
#524=LINE('',#7210,#848);
#525=LINE('',#7284,#849);
#526=LINE('',#7288,#850);
#527=LINE('',#7290,#851);
#528=LINE('',#7297,#852);
#529=LINE('',#7306,#853);
#530=LINE('',#7308,#854);
#531=LINE('',#7310,#855);
#532=LINE('',#7318,#856);
#533=LINE('',#7392,#857);
#534=LINE('',#7396,#858);
#535=LINE('',#7398,#859);
#536=LINE('',#7405,#860);
#537=LINE('',#7414,#861);
#538=LINE('',#7416,#862);
#539=LINE('',#7418,#863);
#540=LINE('',#7426,#864);
#541=LINE('',#7500,#865);
#542=LINE('',#7504,#866);
#543=LINE('',#7506,#867);
#544=LINE('',#7513,#868);
#545=LINE('',#7522,#869);
#546=LINE('',#7524,#870);
#547=LINE('',#7526,#871);
#548=LINE('',#7534,#872);
#549=LINE('',#7608,#873);
#550=LINE('',#7612,#874);
#551=LINE('',#7614,#875);
#552=LINE('',#7621,#876);
#553=LINE('',#7630,#877);
#554=LINE('',#7632,#878);
#555=LINE('',#7634,#879);
#556=LINE('',#7642,#880);
#557=LINE('',#7716,#881);
#558=LINE('',#7720,#882);
#559=LINE('',#7722,#883);
#560=LINE('',#7729,#884);
#561=LINE('',#7738,#885);
#562=LINE('',#7740,#886);
#563=LINE('',#7742,#887);
#564=LINE('',#7750,#888);
#565=LINE('',#7805,#889);
#566=LINE('',#7812,#890);
#567=LINE('',#7836,#891);
#568=LINE('',#7859,#892);
#569=LINE('',#7862,#893);
#570=LINE('',#7864,#894);
#571=LINE('',#7866,#895);
#572=LINE('',#7868,#896);
#573=LINE('',#7870,#897);
#574=LINE('',#7872,#898);
#575=LINE('',#7874,#899);
#576=LINE('',#7876,#900);
#577=LINE('',#7878,#901);
#578=LINE('',#7880,#902);
#579=LINE('',#7882,#903);
#580=LINE('',#7883,#904);
#581=LINE('',#7886,#905);
#582=LINE('',#7888,#906);
#583=LINE('',#7890,#907);
#584=LINE('',#7892,#908);
#585=LINE('',#7900,#909);
#586=LINE('',#7901,#910);
#587=LINE('',#7904,#911);
#588=LINE('',#7928,#912);
#589=LINE('',#7950,#913);
#590=LINE('',#7952,#914);
#591=LINE('',#7954,#915);
#592=LINE('',#7956,#916);
#593=LINE('',#7957,#917);
#594=LINE('',#7960,#918);
#595=LINE('',#7962,#919);
#596=LINE('',#7964,#920);
#597=LINE('',#7966,#921);
#598=LINE('',#7968,#922);
#599=LINE('',#7972,#923);
#600=LINE('',#7974,#924);
#601=LINE('',#7976,#925);
#602=LINE('',#7978,#926);
#603=LINE('',#7980,#927);
#604=LINE('',#7982,#928);
#605=LINE('',#7984,#929);
#606=LINE('',#7987,#930);
#607=LINE('',#7990,#931);
#608=LINE('',#7992,#932);
#609=LINE('',#7994,#933);
#610=LINE('',#7999,#934);
#611=LINE('',#8000,#935);
#612=LINE('',#8002,#936);
#613=LINE('',#8004,#937);
#614=LINE('',#8006,#938);
#615=LINE('',#8009,#939);
#616=LINE('',#8019,#940);
#617=LINE('',#8022,#941);
#618=LINE('',#8024,#942);
#619=LINE('',#8026,#943);
#620=LINE('',#8028,#944);
#621=LINE('',#8030,#945);
#622=LINE('',#8033,#946);
#623=LINE('',#8036,#947);
#624=LINE('',#8038,#948);
#625=LINE('',#8040,#949);
#626=LINE('',#8042,#950);
#627=LINE('',#8045,#951);
#628=LINE('',#8046,#952);
#629=LINE('',#8048,#953);
#630=LINE('',#8051,#954);
#631=LINE('',#8052,#955);
#632=LINE('',#8054,#956);
#633=LINE('',#8057,#957);
#634=LINE('',#8058,#958);
#635=LINE('',#8060,#959);
#636=LINE('',#8063,#960);
#637=LINE('',#8064,#961);
#638=LINE('',#8066,#962);
#639=LINE('',#8067,#963);
#640=LINE('',#8069,#964);
#641=LINE('',#8070,#965);
#642=LINE('',#8072,#966);
#643=LINE('',#8074,#967);
#644=LINE('',#8076,#968);
#645=LINE('',#8078,#969);
#646=LINE('',#8081,#970);
#647=LINE('',#8082,#971);
#648=LINE('',#8084,#972);
#649=LINE('',#8086,#973);
#650=LINE('',#8088,#974);
#651=LINE('',#8090,#975);
#652=LINE('',#8095,#976);
#653=LINE('',#8097,#977);
#654=LINE('',#8099,#978);
#655=LINE('',#8101,#979);
#656=LINE('',#8103,#980);
#657=LINE('',#8105,#981);
#658=LINE('',#8107,#982);
#659=LINE('',#8109,#983);
#660=LINE('',#8112,#984);
#661=LINE('',#8114,#985);
#662=LINE('',#8116,#986);
#663=LINE('',#8118,#987);
#664=LINE('',#8122,#988);
#665=LINE('',#8124,#989);
#666=LINE('',#8126,#990);
#667=LINE('',#8128,#991);
#668=LINE('',#8130,#992);
#669=LINE('',#8132,#993);
#670=LINE('',#8134,#994);
#671=LINE('',#8136,#995);
#672=LINE('',#8138,#996);
#673=LINE('',#8140,#997);
#674=LINE('',#8142,#998);
#675=LINE('',#8144,#999);
#676=LINE('',#8146,#1000);
#677=LINE('',#8148,#1001);
#678=LINE('',#8150,#1002);
#679=LINE('',#8154,#1003);
#680=LINE('',#8156,#1004);
#681=LINE('',#8158,#1005);
#682=LINE('',#8160,#1006);
#683=LINE('',#8162,#1007);
#684=LINE('',#8164,#1008);
#685=LINE('',#8166,#1009);
#686=LINE('',#8168,#1010);
#687=LINE('',#8170,#1011);
#688=LINE('',#8173,#1012);
#689=LINE('',#8175,#1013);
#690=LINE('',#8177,#1014);
#691=LINE('',#8179,#1015);
#692=LINE('',#8181,#1016);
#693=LINE('',#8183,#1017);
#694=LINE('',#8185,#1018);
#695=LINE('',#8187,#1019);
#696=LINE('',#8189,#1020);
#697=LINE('',#8191,#1021);
#698=LINE('',#8193,#1022);
#699=LINE('',#8202,#1023);
#700=LINE('',#8215,#1024);
#701=LINE('',#8228,#1025);
#702=LINE('',#8241,#1026);
#703=LINE('',#8247,#1027);
#704=LINE('',#8251,#1028);
#705=LINE('',#8255,#1029);
#706=LINE('',#8257,#1030);
#707=LINE('',#8266,#1031);
#708=LINE('',#8279,#1032);
#709=LINE('',#8292,#1033);
#710=LINE('',#8305,#1034);
#711=LINE('',#8318,#1035);
#712=LINE('',#8324,#1036);
#713=LINE('',#8328,#1037);
#714=LINE('',#8331,#1038);
#715=LINE('',#8333,#1039);
#716=LINE('',#8335,#1040);
#717=LINE('',#8337,#1041);
#718=LINE('',#8339,#1042);
#719=LINE('',#8341,#1043);
#720=LINE('',#8345,#1044);
#721=LINE('',#8349,#1045);
#722=LINE('',#8353,#1046);
#723=LINE('',#8355,#1047);
#724=LINE('',#8357,#1048);
#725=LINE('',#8359,#1049);
#726=LINE('',#8361,#1050);
#727=LINE('',#8363,#1051);
#728=LINE('',#8365,#1052);
#729=LINE('',#8368,#1053);
#730=LINE('',#8370,#1054);
#731=LINE('',#8372,#1055);
#732=LINE('',#8374,#1056);
#733=LINE('',#8376,#1057);
#734=LINE('',#8378,#1058);
#735=LINE('',#8380,#1059);
#736=LINE('',#8382,#1060);
#737=LINE('',#8384,#1061);
#738=LINE('',#8386,#1062);
#739=LINE('',#8388,#1063);
#740=LINE('',#8390,#1064);
#741=LINE('',#8392,#1065);
#742=LINE('',#8394,#1066);
#743=LINE('',#8396,#1067);
#744=LINE('',#8398,#1068);
#745=LINE('',#8400,#1069);
#746=LINE('',#8402,#1070);
#747=LINE('',#8404,#1071);
#748=LINE('',#8406,#1072);
#749=LINE('',#8408,#1073);
#750=LINE('',#8410,#1074);
#751=LINE('',#8412,#1075);
#752=LINE('',#8414,#1076);
#753=LINE('',#8424,#1077);
#754=LINE('',#8430,#1078);
#755=LINE('',#8439,#1079);
#756=LINE('',#8445,#1080);
#757=LINE('',#8456,#1081);
#758=LINE('',#8469,#1082);
#759=LINE('',#8482,#1083);
#760=LINE('',#8495,#1084);
#761=LINE('',#8501,#1085);
#762=LINE('',#8503,#1086);
#763=LINE('',#8512,#1087);
#764=LINE('',#8525,#1088);
#765=LINE('',#8538,#1089);
#766=LINE('',#8551,#1090);
#767=LINE('',#8564,#1091);
#768=LINE('',#8570,#1092);
#769=LINE('',#8574,#1093);
#770=VECTOR('',#5149,100.);
#771=VECTOR('',#5150,100.);
#772=VECTOR('',#5151,100.);
#773=VECTOR('',#5152,100.);
#774=VECTOR('',#5153,100.);
#775=VECTOR('',#5154,100.);
#776=VECTOR('',#5173,100.);
#777=VECTOR('',#5176,100.);
#778=VECTOR('',#5179,100.);
#779=VECTOR('',#5180,100.);
#780=VECTOR('',#5187,100.);
#781=VECTOR('',#5190,100.);
#782=VECTOR('',#5193,100.);
#783=VECTOR('',#5196,100.);
#784=VECTOR('',#5199,100.);
#785=VECTOR('',#5214,100.);
#786=VECTOR('',#5217,100.);
#787=VECTOR('',#5220,100.);
#788=VECTOR('',#5221,100.);
#789=VECTOR('',#5228,100.);
#790=VECTOR('',#5231,100.);
#791=VECTOR('',#5234,100.);
#792=VECTOR('',#5239,100.);
#793=VECTOR('',#5254,100.);
#794=VECTOR('',#5257,100.);
#795=VECTOR('',#5260,100.);
#796=VECTOR('',#5261,100.);
#797=VECTOR('',#5268,100.);
#798=VECTOR('',#5271,100.);
#799=VECTOR('',#5274,100.);
#800=VECTOR('',#5279,100.);
#801=VECTOR('',#5294,100.);
#802=VECTOR('',#5297,100.);
#803=VECTOR('',#5300,100.);
#804=VECTOR('',#5301,100.);
#805=VECTOR('',#5308,100.);
#806=VECTOR('',#5311,100.);
#807=VECTOR('',#5314,100.);
#808=VECTOR('',#5319,100.);
#809=VECTOR('',#5334,100.);
#810=VECTOR('',#5337,100.);
#811=VECTOR('',#5340,100.);
#812=VECTOR('',#5341,100.);
#813=VECTOR('',#5348,100.);
#814=VECTOR('',#5351,100.);
#815=VECTOR('',#5354,100.);
#816=VECTOR('',#5359,100.);
#817=VECTOR('',#5374,100.);
#818=VECTOR('',#5377,100.);
#819=VECTOR('',#5380,100.);
#820=VECTOR('',#5381,100.);
#821=VECTOR('',#5388,100.);
#822=VECTOR('',#5391,100.);
#823=VECTOR('',#5394,100.);
#824=VECTOR('',#5399,100.);
#825=VECTOR('',#5414,100.);
#826=VECTOR('',#5417,100.);
#827=VECTOR('',#5420,100.);
#828=VECTOR('',#5421,100.);
#829=VECTOR('',#5428,100.);
#830=VECTOR('',#5431,100.);
#831=VECTOR('',#5434,100.);
#832=VECTOR('',#5439,100.);
#833=VECTOR('',#5454,100.);
#834=VECTOR('',#5457,100.);
#835=VECTOR('',#5460,100.);
#836=VECTOR('',#5461,100.);
#837=VECTOR('',#5468,100.);
#838=VECTOR('',#5471,100.);
#839=VECTOR('',#5474,100.);
#840=VECTOR('',#5479,100.);
#841=VECTOR('',#5494,100.);
#842=VECTOR('',#5497,100.);
#843=VECTOR('',#5500,100.);
#844=VECTOR('',#5501,100.);
#845=VECTOR('',#5508,100.);
#846=VECTOR('',#5511,100.);
#847=VECTOR('',#5514,100.);
#848=VECTOR('',#5519,100.);
#849=VECTOR('',#5534,100.);
#850=VECTOR('',#5537,100.);
#851=VECTOR('',#5540,100.);
#852=VECTOR('',#5541,100.);
#853=VECTOR('',#5548,100.);
#854=VECTOR('',#5551,100.);
#855=VECTOR('',#5554,100.);
#856=VECTOR('',#5559,100.);
#857=VECTOR('',#5574,100.);
#858=VECTOR('',#5577,100.);
#859=VECTOR('',#5580,100.);
#860=VECTOR('',#5581,100.);
#861=VECTOR('',#5588,100.);
#862=VECTOR('',#5591,100.);
#863=VECTOR('',#5594,100.);
#864=VECTOR('',#5599,100.);
#865=VECTOR('',#5614,100.);
#866=VECTOR('',#5617,100.);
#867=VECTOR('',#5620,100.);
#868=VECTOR('',#5621,100.);
#869=VECTOR('',#5628,100.);
#870=VECTOR('',#5631,100.);
#871=VECTOR('',#5634,100.);
#872=VECTOR('',#5639,100.);
#873=VECTOR('',#5654,100.);
#874=VECTOR('',#5657,100.);
#875=VECTOR('',#5660,100.);
#876=VECTOR('',#5661,100.);
#877=VECTOR('',#5668,100.);
#878=VECTOR('',#5671,100.);
#879=VECTOR('',#5674,100.);
#880=VECTOR('',#5679,100.);
#881=VECTOR('',#5694,100.);
#882=VECTOR('',#5697,100.);
#883=VECTOR('',#5700,100.);
#884=VECTOR('',#5701,100.);
#885=VECTOR('',#5708,100.);
#886=VECTOR('',#5711,100.);
#887=VECTOR('',#5714,100.);
#888=VECTOR('',#5719,100.);
#889=VECTOR('',#5738,100.);
#890=VECTOR('',#5741,100.);
#891=VECTOR('',#5744,100.);
#892=VECTOR('',#5747,100.);
#893=VECTOR('',#5748,100.);
#894=VECTOR('',#5749,100.);
#895=VECTOR('',#5750,100.);
#896=VECTOR('',#5751,100.);
#897=VECTOR('',#5752,100.);
#898=VECTOR('',#5753,100.);
#899=VECTOR('',#5754,100.);
#900=VECTOR('',#5755,100.);
#901=VECTOR('',#5756,100.);
#902=VECTOR('',#5757,100.);
#903=VECTOR('',#5758,100.);
#904=VECTOR('',#5759,100.);
#905=VECTOR('',#5760,100.);
#906=VECTOR('',#5761,100.);
#907=VECTOR('',#5762,100.);
#908=VECTOR('',#5763,100.);
#909=VECTOR('',#5770,100.);
#910=VECTOR('',#5771,100.);
#911=VECTOR('',#5772,100.);
#912=VECTOR('',#5775,100.);
#913=VECTOR('',#5780,100.);
#914=VECTOR('',#5781,100.);
#915=VECTOR('',#5782,100.);
#916=VECTOR('',#5783,100.);
#917=VECTOR('',#5784,100.);
#918=VECTOR('',#5785,100.);
#919=VECTOR('',#5786,100.);
#920=VECTOR('',#5787,100.);
#921=VECTOR('',#5788,100.);
#922=VECTOR('',#5789,100.);
#923=VECTOR('',#5792,100.);
#924=VECTOR('',#5793,100.);
#925=VECTOR('',#5794,100.);
#926=VECTOR('',#5795,100.);
#927=VECTOR('',#5796,100.);
#928=VECTOR('',#5797,100.);
#929=VECTOR('',#5798,100.);
#930=VECTOR('',#5801,100.);
#931=VECTOR('',#5802,100.);
#932=VECTOR('',#5803,100.);
#933=VECTOR('',#5804,100.);
#934=VECTOR('',#5811,100.);
#935=VECTOR('',#5812,100.);
#936=VECTOR('',#5815,100.);
#937=VECTOR('',#5818,100.);
#938=VECTOR('',#5821,100.);
#939=VECTOR('',#5826,100.);
#940=VECTOR('',#5839,100.);
#941=VECTOR('',#5840,100.);
#942=VECTOR('',#5841,100.);
#943=VECTOR('',#5842,100.);
#944=VECTOR('',#5843,100.);
#945=VECTOR('',#5844,100.);
#946=VECTOR('',#5849,100.);
#947=VECTOR('',#5850,100.);
#948=VECTOR('',#5851,100.);
#949=VECTOR('',#5852,100.);
#950=VECTOR('',#5855,100.);
#951=VECTOR('',#5856,100.);
#952=VECTOR('',#5857,100.);
#953=VECTOR('',#5860,100.);
#954=VECTOR('',#5861,100.);
#955=VECTOR('',#5862,100.);
#956=VECTOR('',#5865,100.);
#957=VECTOR('',#5866,100.);
#958=VECTOR('',#5867,100.);
#959=VECTOR('',#5870,100.);
#960=VECTOR('',#5871,100.);
#961=VECTOR('',#5872,100.);
#962=VECTOR('',#5875,100.);
#963=VECTOR('',#5876,100.);
#964=VECTOR('',#5879,100.);
#965=VECTOR('',#5880,100.);
#966=VECTOR('',#5883,100.);
#967=VECTOR('',#5886,100.);
#968=VECTOR('',#5889,100.);
#969=VECTOR('',#5892,100.);
#970=VECTOR('',#5897,100.);
#971=VECTOR('',#5898,100.);
#972=VECTOR('',#5901,100.);
#973=VECTOR('',#5904,100.);
#974=VECTOR('',#5907,100.);
#975=VECTOR('',#5910,100.);
#976=VECTOR('',#5919,100.);
#977=VECTOR('',#5920,100.);
#978=VECTOR('',#5921,100.);
#979=VECTOR('',#5924,100.);
#980=VECTOR('',#5925,100.);
#981=VECTOR('',#5928,100.);
#982=VECTOR('',#5929,100.);
#983=VECTOR('',#5932,100.);
#984=VECTOR('',#5937,100.);
#985=VECTOR('',#5938,100.);
#986=VECTOR('',#5939,100.);
#987=VECTOR('',#5942,100.);
#988=VECTOR('',#5947,100.);
#989=VECTOR('',#5948,100.);
#990=VECTOR('',#5951,100.);
#991=VECTOR('',#5952,100.);
#992=VECTOR('',#5955,100.);
#993=VECTOR('',#5956,100.);
#994=VECTOR('',#5959,100.);
#995=VECTOR('',#5960,100.);
#996=VECTOR('',#5963,100.);
#997=VECTOR('',#5964,100.);
#998=VECTOR('',#5967,100.);
#999=VECTOR('',#5968,100.);
#1000=VECTOR('',#5971,100.);
#1001=VECTOR('',#5972,100.);
#1002=VECTOR('',#5975,100.);
#1003=VECTOR('',#5980,100.);
#1004=VECTOR('',#5981,100.);
#1005=VECTOR('',#5984,100.);
#1006=VECTOR('',#5985,100.);
#1007=VECTOR('',#5988,100.);
#1008=VECTOR('',#5989,100.);
#1009=VECTOR('',#5992,100.);
#1010=VECTOR('',#5993,100.);
#1011=VECTOR('',#5996,100.);
#1012=VECTOR('',#6001,100.);
#1013=VECTOR('',#6002,100.);
#1014=VECTOR('',#6003,100.);
#1015=VECTOR('',#6006,100.);
#1016=VECTOR('',#6007,100.);
#1017=VECTOR('',#6010,100.);
#1018=VECTOR('',#6011,100.);
#1019=VECTOR('',#6014,100.);
#1020=VECTOR('',#6015,100.);
#1021=VECTOR('',#6018,100.);
#1022=VECTOR('',#6019,100.);
#1023=VECTOR('',#6020,100.);
#1024=VECTOR('',#6021,100.);
#1025=VECTOR('',#6022,100.);
#1026=VECTOR('',#6023,100.);
#1027=VECTOR('',#6026,100.);
#1028=VECTOR('',#6031,100.);
#1029=VECTOR('',#6036,100.);
#1030=VECTOR('',#6037,100.);
#1031=VECTOR('',#6038,100.);
#1032=VECTOR('',#6039,100.);
#1033=VECTOR('',#6040,100.);
#1034=VECTOR('',#6041,100.);
#1035=VECTOR('',#6042,100.);
#1036=VECTOR('',#6045,100.);
#1037=VECTOR('',#6050,100.);
#1038=VECTOR('',#6055,100.);
#1039=VECTOR('',#6056,100.);
#1040=VECTOR('',#6057,100.);
#1041=VECTOR('',#6060,100.);
#1042=VECTOR('',#6061,100.);
#1043=VECTOR('',#6064,100.);
#1044=VECTOR('',#6069,100.);
#1045=VECTOR('',#6074,100.);
#1046=VECTOR('',#6079,100.);
#1047=VECTOR('',#6080,100.);
#1048=VECTOR('',#6083,100.);
#1049=VECTOR('',#6084,100.);
#1050=VECTOR('',#6087,100.);
#1051=VECTOR('',#6088,100.);
#1052=VECTOR('',#6091,100.);
#1053=VECTOR('',#6096,100.);
#1054=VECTOR('',#6097,100.);
#1055=VECTOR('',#6098,100.);
#1056=VECTOR('',#6101,100.);
#1057=VECTOR('',#6102,100.);
#1058=VECTOR('',#6105,100.);
#1059=VECTOR('',#6106,100.);
#1060=VECTOR('',#6109,100.);
#1061=VECTOR('',#6110,100.);
#1062=VECTOR('',#6113,100.);
#1063=VECTOR('',#6114,100.);
#1064=VECTOR('',#6117,100.);
#1065=VECTOR('',#6118,100.);
#1066=VECTOR('',#6121,100.);
#1067=VECTOR('',#6122,100.);
#1068=VECTOR('',#6125,100.);
#1069=VECTOR('',#6126,100.);
#1070=VECTOR('',#6129,100.);
#1071=VECTOR('',#6130,100.);
#1072=VECTOR('',#6133,100.);
#1073=VECTOR('',#6134,100.);
#1074=VECTOR('',#6137,100.);
#1075=VECTOR('',#6138,100.);
#1076=VECTOR('',#6141,100.);
#1077=VECTOR('',#6144,100.);
#1078=VECTOR('',#6145,100.);
#1079=VECTOR('',#6146,100.);
#1080=VECTOR('',#6149,100.);
#1081=VECTOR('',#6152,100.);
#1082=VECTOR('',#6153,100.);
#1083=VECTOR('',#6154,100.);
#1084=VECTOR('',#6155,100.);
#1085=VECTOR('',#6158,100.);
#1086=VECTOR('',#6159,100.);
#1087=VECTOR('',#6160,100.);
#1088=VECTOR('',#6161,100.);
#1089=VECTOR('',#6162,100.);
#1090=VECTOR('',#6163,100.);
#1091=VECTOR('',#6164,100.);
#1092=VECTOR('',#6167,100.);
#1093=VECTOR('',#6172,100.);
#1094=PLANE('',#4784);
#1095=PLANE('',#4801);
#1096=PLANE('',#4804);
#1097=PLANE('',#4817);
#1098=PLANE('',#4820);
#1099=PLANE('',#4833);
#1100=PLANE('',#4836);
#1101=PLANE('',#4849);
#1102=PLANE('',#4852);
#1103=PLANE('',#4865);
#1104=PLANE('',#4868);
#1105=PLANE('',#4881);
#1106=PLANE('',#4884);
#1107=PLANE('',#4897);
#1108=PLANE('',#4900);
#1109=PLANE('',#4913);
#1110=PLANE('',#4916);
#1111=PLANE('',#4929);
#1112=PLANE('',#4932);
#1113=PLANE('',#4945);
#1114=PLANE('',#4948);
#1115=PLANE('',#4961);
#1116=PLANE('',#4964);
#1117=PLANE('',#4977);
#1118=PLANE('',#4980);
#1119=PLANE('',#4993);
#1120=PLANE('',#4996);
#1121=PLANE('',#5009);
#1122=PLANE('',#5012);
#1123=PLANE('',#5013);
#1124=PLANE('',#5021);
#1125=PLANE('',#5037);
#1126=PLANE('',#5040);
#1127=PLANE('',#5044);
#1128=PLANE('',#5047);
#1129=PLANE('',#5048);
#1130=PLANE('',#5049);
#1131=PLANE('',#5050);
#1132=PLANE('',#5051);
#1133=PLANE('',#5052);
#1134=PLANE('',#5053);
#1135=PLANE('',#5054);
#1136=PLANE('',#5055);
#1137=PLANE('',#5056);
#1138=PLANE('',#5057);
#1139=PLANE('',#5058);
#1140=PLANE('',#5059);
#1141=PLANE('',#5060);
#1142=PLANE('',#5061);
#1143=PLANE('',#5062);
#1144=PLANE('',#5063);
#1145=PLANE('',#5064);
#1146=PLANE('',#5067);
#1147=PLANE('',#5068);
#1148=PLANE('',#5069);
#1149=PLANE('',#5070);
#1150=PLANE('',#5071);
#1151=PLANE('',#5072);
#1152=PLANE('',#5075);
#1153=PLANE('',#5076);
#1154=PLANE('',#5077);
#1155=PLANE('',#5078);
#1156=PLANE('',#5079);
#1157=PLANE('',#5080);
#1158=PLANE('',#5081);
#1159=PLANE('',#5084);
#1160=PLANE('',#5085);
#1161=PLANE('',#5086);
#1162=PLANE('',#5087);
#1163=PLANE('',#5088);
#1164=PLANE('',#5089);
#1165=PLANE('',#5090);
#1166=PLANE('',#5091);
#1167=PLANE('',#5092);
#1168=PLANE('',#5093);
#1169=PLANE('',#5094);
#1170=PLANE('',#5099);
#1171=PLANE('',#5102);
#1172=PLANE('',#5103);
#1173=PLANE('',#5104);
#1174=PLANE('',#5105);
#1175=PLANE('',#5112);
#1176=PLANE('',#5113);
#1177=PLANE('',#5114);
#1178=PLANE('',#5115);
#1179=PLANE('',#5116);
#1180=PLANE('',#5117);
#1181=PLANE('',#5118);
#1182=PLANE('',#5119);
#1183=PLANE('',#5120);
#1184=PLANE('',#5121);
#1185=PLANE('',#5122);
#1186=PLANE('',#5123);
#1187=PLANE('',#5124);
#1188=PLANE('',#5125);
#1189=PLANE('',#5126);
#1190=PLANE('',#5127);
#1191=PLANE('',#5128);
#1192=PLANE('',#5129);
#1193=PLANE('',#5132);
#1194=PLANE('',#5135);
#1195=PLANE('',#5136);
#1196=ORIENTED_EDGE('',*,*,#2640,.T.);
#1197=ORIENTED_EDGE('',*,*,#2641,.T.);
#1198=ORIENTED_EDGE('',*,*,#2642,.T.);
#1199=ORIENTED_EDGE('',*,*,#2643,.T.);
#1200=ORIENTED_EDGE('',*,*,#2644,.T.);
#1201=ORIENTED_EDGE('',*,*,#2645,.T.);
#1202=ORIENTED_EDGE('',*,*,#2646,.T.);
#1203=ORIENTED_EDGE('',*,*,#2647,.T.);
#1204=ORIENTED_EDGE('',*,*,#2648,.T.);
#1205=ORIENTED_EDGE('',*,*,#2649,.T.);
#1206=ORIENTED_EDGE('',*,*,#2641,.F.);
#1207=ORIENTED_EDGE('',*,*,#2650,.F.);
#1208=ORIENTED_EDGE('',*,*,#2651,.T.);
#1209=ORIENTED_EDGE('',*,*,#2652,.T.);
#1210=ORIENTED_EDGE('',*,*,#2653,.T.);
#1211=ORIENTED_EDGE('',*,*,#2654,.T.);
#1212=ORIENTED_EDGE('',*,*,#2655,.F.);
#1213=ORIENTED_EDGE('',*,*,#2656,.T.);
#1214=ORIENTED_EDGE('',*,*,#2657,.F.);
#1215=ORIENTED_EDGE('',*,*,#2658,.F.);
#1216=ORIENTED_EDGE('',*,*,#2659,.F.);
#1217=ORIENTED_EDGE('',*,*,#2660,.F.);
#1218=ORIENTED_EDGE('',*,*,#2661,.F.);
#1219=ORIENTED_EDGE('',*,*,#2662,.F.);
#1220=ORIENTED_EDGE('',*,*,#2663,.F.);
#1221=ORIENTED_EDGE('',*,*,#2664,.T.);
#1222=ORIENTED_EDGE('',*,*,#2665,.F.);
#1223=ORIENTED_EDGE('',*,*,#2666,.T.);
#1224=ORIENTED_EDGE('',*,*,#2667,.T.);
#1225=ORIENTED_EDGE('',*,*,#2668,.T.);
#1226=ORIENTED_EDGE('',*,*,#2669,.T.);
#1227=ORIENTED_EDGE('',*,*,#2660,.T.);
#1228=ORIENTED_EDGE('',*,*,#2670,.F.);
#1229=ORIENTED_EDGE('',*,*,#2671,.T.);
#1230=ORIENTED_EDGE('',*,*,#2672,.T.);
#1231=ORIENTED_EDGE('',*,*,#2663,.T.);
#1232=ORIENTED_EDGE('',*,*,#2673,.F.);
#1233=ORIENTED_EDGE('',*,*,#2674,.T.);
#1234=ORIENTED_EDGE('',*,*,#2675,.T.);
#1235=ORIENTED_EDGE('',*,*,#2676,.F.);
#1236=ORIENTED_EDGE('',*,*,#2664,.F.);
#1237=ORIENTED_EDGE('',*,*,#2675,.F.);
#1238=ORIENTED_EDGE('',*,*,#2677,.F.);
#1239=ORIENTED_EDGE('',*,*,#2678,.F.);
#1240=ORIENTED_EDGE('',*,*,#2654,.F.);
#1241=ORIENTED_EDGE('',*,*,#2679,.T.);
#1242=ORIENTED_EDGE('',*,*,#2680,.F.);
#1243=ORIENTED_EDGE('',*,*,#2679,.F.);
#1244=ORIENTED_EDGE('',*,*,#2653,.F.);
#1245=ORIENTED_EDGE('',*,*,#2681,.T.);
#1246=ORIENTED_EDGE('',*,*,#2682,.F.);
#1247=ORIENTED_EDGE('',*,*,#2681,.F.);
#1248=ORIENTED_EDGE('',*,*,#2652,.F.);
#1249=ORIENTED_EDGE('',*,*,#2683,.T.);
#1250=ORIENTED_EDGE('',*,*,#2684,.F.);
#1251=ORIENTED_EDGE('',*,*,#2683,.F.);
#1252=ORIENTED_EDGE('',*,*,#2651,.F.);
#1253=ORIENTED_EDGE('',*,*,#2685,.T.);
#1254=ORIENTED_EDGE('',*,*,#2686,.F.);
#1255=ORIENTED_EDGE('',*,*,#2661,.T.);
#1256=ORIENTED_EDGE('',*,*,#2672,.F.);
#1257=ORIENTED_EDGE('',*,*,#2687,.T.);
#1258=ORIENTED_EDGE('',*,*,#2688,.T.);
#1259=ORIENTED_EDGE('',*,*,#2662,.T.);
#1260=ORIENTED_EDGE('',*,*,#2688,.F.);
#1261=ORIENTED_EDGE('',*,*,#2689,.T.);
#1262=ORIENTED_EDGE('',*,*,#2673,.T.);
#1263=ORIENTED_EDGE('',*,*,#2671,.F.);
#1264=ORIENTED_EDGE('',*,*,#2690,.T.);
#1265=ORIENTED_EDGE('',*,*,#2691,.T.);
#1266=ORIENTED_EDGE('',*,*,#2692,.T.);
#1267=ORIENTED_EDGE('',*,*,#2693,.T.);
#1268=ORIENTED_EDGE('',*,*,#2694,.F.);
#1269=ORIENTED_EDGE('',*,*,#2677,.T.);
#1270=ORIENTED_EDGE('',*,*,#2674,.F.);
#1271=ORIENTED_EDGE('',*,*,#2689,.F.);
#1272=ORIENTED_EDGE('',*,*,#2687,.F.);
#1273=ORIENTED_EDGE('',*,*,#2695,.F.);
#1274=ORIENTED_EDGE('',*,*,#2696,.F.);
#1275=ORIENTED_EDGE('',*,*,#2697,.F.);
#1276=ORIENTED_EDGE('',*,*,#2698,.F.);
#1277=ORIENTED_EDGE('',*,*,#2699,.T.);
#1278=ORIENTED_EDGE('',*,*,#2700,.F.);
#1279=ORIENTED_EDGE('',*,*,#2701,.T.);
#1280=ORIENTED_EDGE('',*,*,#2702,.T.);
#1281=ORIENTED_EDGE('',*,*,#2703,.T.);
#1282=ORIENTED_EDGE('',*,*,#2704,.T.);
#1283=ORIENTED_EDGE('',*,*,#2695,.T.);
#1284=ORIENTED_EDGE('',*,*,#2705,.F.);
#1285=ORIENTED_EDGE('',*,*,#2706,.T.);
#1286=ORIENTED_EDGE('',*,*,#2707,.T.);
#1287=ORIENTED_EDGE('',*,*,#2698,.T.);
#1288=ORIENTED_EDGE('',*,*,#2708,.F.);
#1289=ORIENTED_EDGE('',*,*,#2709,.T.);
#1290=ORIENTED_EDGE('',*,*,#2710,.T.);
#1291=ORIENTED_EDGE('',*,*,#2711,.F.);
#1292=ORIENTED_EDGE('',*,*,#2699,.F.);
#1293=ORIENTED_EDGE('',*,*,#2710,.F.);
#1294=ORIENTED_EDGE('',*,*,#2712,.F.);
#1295=ORIENTED_EDGE('',*,*,#2713,.F.);
#1296=ORIENTED_EDGE('',*,*,#2693,.F.);
#1297=ORIENTED_EDGE('',*,*,#2714,.T.);
#1298=ORIENTED_EDGE('',*,*,#2666,.F.);
#1299=ORIENTED_EDGE('',*,*,#2714,.F.);
#1300=ORIENTED_EDGE('',*,*,#2692,.F.);
#1301=ORIENTED_EDGE('',*,*,#2715,.T.);
#1302=ORIENTED_EDGE('',*,*,#2667,.F.);
#1303=ORIENTED_EDGE('',*,*,#2715,.F.);
#1304=ORIENTED_EDGE('',*,*,#2691,.F.);
#1305=ORIENTED_EDGE('',*,*,#2716,.T.);
#1306=ORIENTED_EDGE('',*,*,#2668,.F.);
#1307=ORIENTED_EDGE('',*,*,#2716,.F.);
#1308=ORIENTED_EDGE('',*,*,#2690,.F.);
#1309=ORIENTED_EDGE('',*,*,#2670,.T.);
#1310=ORIENTED_EDGE('',*,*,#2669,.F.);
#1311=ORIENTED_EDGE('',*,*,#2696,.T.);
#1312=ORIENTED_EDGE('',*,*,#2707,.F.);
#1313=ORIENTED_EDGE('',*,*,#2717,.T.);
#1314=ORIENTED_EDGE('',*,*,#2718,.T.);
#1315=ORIENTED_EDGE('',*,*,#2697,.T.);
#1316=ORIENTED_EDGE('',*,*,#2718,.F.);
#1317=ORIENTED_EDGE('',*,*,#2719,.T.);
#1318=ORIENTED_EDGE('',*,*,#2708,.T.);
#1319=ORIENTED_EDGE('',*,*,#2706,.F.);
#1320=ORIENTED_EDGE('',*,*,#2720,.T.);
#1321=ORIENTED_EDGE('',*,*,#2721,.T.);
#1322=ORIENTED_EDGE('',*,*,#2722,.T.);
#1323=ORIENTED_EDGE('',*,*,#2723,.T.);
#1324=ORIENTED_EDGE('',*,*,#2724,.F.);
#1325=ORIENTED_EDGE('',*,*,#2712,.T.);
#1326=ORIENTED_EDGE('',*,*,#2709,.F.);
#1327=ORIENTED_EDGE('',*,*,#2719,.F.);
#1328=ORIENTED_EDGE('',*,*,#2717,.F.);
#1329=ORIENTED_EDGE('',*,*,#2725,.F.);
#1330=ORIENTED_EDGE('',*,*,#2726,.F.);
#1331=ORIENTED_EDGE('',*,*,#2727,.F.);
#1332=ORIENTED_EDGE('',*,*,#2728,.F.);
#1333=ORIENTED_EDGE('',*,*,#2729,.T.);
#1334=ORIENTED_EDGE('',*,*,#2730,.F.);
#1335=ORIENTED_EDGE('',*,*,#2731,.T.);
#1336=ORIENTED_EDGE('',*,*,#2732,.T.);
#1337=ORIENTED_EDGE('',*,*,#2733,.T.);
#1338=ORIENTED_EDGE('',*,*,#2734,.T.);
#1339=ORIENTED_EDGE('',*,*,#2725,.T.);
#1340=ORIENTED_EDGE('',*,*,#2735,.F.);
#1341=ORIENTED_EDGE('',*,*,#2736,.T.);
#1342=ORIENTED_EDGE('',*,*,#2737,.T.);
#1343=ORIENTED_EDGE('',*,*,#2728,.T.);
#1344=ORIENTED_EDGE('',*,*,#2738,.F.);
#1345=ORIENTED_EDGE('',*,*,#2739,.T.);
#1346=ORIENTED_EDGE('',*,*,#2740,.T.);
#1347=ORIENTED_EDGE('',*,*,#2741,.F.);
#1348=ORIENTED_EDGE('',*,*,#2729,.F.);
#1349=ORIENTED_EDGE('',*,*,#2740,.F.);
#1350=ORIENTED_EDGE('',*,*,#2742,.F.);
#1351=ORIENTED_EDGE('',*,*,#2743,.F.);
#1352=ORIENTED_EDGE('',*,*,#2723,.F.);
#1353=ORIENTED_EDGE('',*,*,#2744,.T.);
#1354=ORIENTED_EDGE('',*,*,#2701,.F.);
#1355=ORIENTED_EDGE('',*,*,#2744,.F.);
#1356=ORIENTED_EDGE('',*,*,#2722,.F.);
#1357=ORIENTED_EDGE('',*,*,#2745,.T.);
#1358=ORIENTED_EDGE('',*,*,#2702,.F.);
#1359=ORIENTED_EDGE('',*,*,#2745,.F.);
#1360=ORIENTED_EDGE('',*,*,#2721,.F.);
#1361=ORIENTED_EDGE('',*,*,#2746,.T.);
#1362=ORIENTED_EDGE('',*,*,#2703,.F.);
#1363=ORIENTED_EDGE('',*,*,#2746,.F.);
#1364=ORIENTED_EDGE('',*,*,#2720,.F.);
#1365=ORIENTED_EDGE('',*,*,#2705,.T.);
#1366=ORIENTED_EDGE('',*,*,#2704,.F.);
#1367=ORIENTED_EDGE('',*,*,#2726,.T.);
#1368=ORIENTED_EDGE('',*,*,#2737,.F.);
#1369=ORIENTED_EDGE('',*,*,#2747,.T.);
#1370=ORIENTED_EDGE('',*,*,#2748,.T.);
#1371=ORIENTED_EDGE('',*,*,#2727,.T.);
#1372=ORIENTED_EDGE('',*,*,#2748,.F.);
#1373=ORIENTED_EDGE('',*,*,#2749,.T.);
#1374=ORIENTED_EDGE('',*,*,#2738,.T.);
#1375=ORIENTED_EDGE('',*,*,#2736,.F.);
#1376=ORIENTED_EDGE('',*,*,#2750,.T.);
#1377=ORIENTED_EDGE('',*,*,#2751,.T.);
#1378=ORIENTED_EDGE('',*,*,#2752,.T.);
#1379=ORIENTED_EDGE('',*,*,#2753,.T.);
#1380=ORIENTED_EDGE('',*,*,#2754,.F.);
#1381=ORIENTED_EDGE('',*,*,#2742,.T.);
#1382=ORIENTED_EDGE('',*,*,#2739,.F.);
#1383=ORIENTED_EDGE('',*,*,#2749,.F.);
#1384=ORIENTED_EDGE('',*,*,#2747,.F.);
#1385=ORIENTED_EDGE('',*,*,#2755,.F.);
#1386=ORIENTED_EDGE('',*,*,#2756,.F.);
#1387=ORIENTED_EDGE('',*,*,#2757,.F.);
#1388=ORIENTED_EDGE('',*,*,#2758,.F.);
#1389=ORIENTED_EDGE('',*,*,#2759,.T.);
#1390=ORIENTED_EDGE('',*,*,#2760,.F.);
#1391=ORIENTED_EDGE('',*,*,#2761,.T.);
#1392=ORIENTED_EDGE('',*,*,#2762,.T.);
#1393=ORIENTED_EDGE('',*,*,#2763,.T.);
#1394=ORIENTED_EDGE('',*,*,#2764,.T.);
#1395=ORIENTED_EDGE('',*,*,#2755,.T.);
#1396=ORIENTED_EDGE('',*,*,#2765,.F.);
#1397=ORIENTED_EDGE('',*,*,#2766,.T.);
#1398=ORIENTED_EDGE('',*,*,#2767,.T.);
#1399=ORIENTED_EDGE('',*,*,#2758,.T.);
#1400=ORIENTED_EDGE('',*,*,#2768,.F.);
#1401=ORIENTED_EDGE('',*,*,#2769,.T.);
#1402=ORIENTED_EDGE('',*,*,#2770,.T.);
#1403=ORIENTED_EDGE('',*,*,#2771,.F.);
#1404=ORIENTED_EDGE('',*,*,#2759,.F.);
#1405=ORIENTED_EDGE('',*,*,#2770,.F.);
#1406=ORIENTED_EDGE('',*,*,#2772,.F.);
#1407=ORIENTED_EDGE('',*,*,#2773,.F.);
#1408=ORIENTED_EDGE('',*,*,#2753,.F.);
#1409=ORIENTED_EDGE('',*,*,#2774,.T.);
#1410=ORIENTED_EDGE('',*,*,#2731,.F.);
#1411=ORIENTED_EDGE('',*,*,#2774,.F.);
#1412=ORIENTED_EDGE('',*,*,#2752,.F.);
#1413=ORIENTED_EDGE('',*,*,#2775,.T.);
#1414=ORIENTED_EDGE('',*,*,#2732,.F.);
#1415=ORIENTED_EDGE('',*,*,#2775,.F.);
#1416=ORIENTED_EDGE('',*,*,#2751,.F.);
#1417=ORIENTED_EDGE('',*,*,#2776,.T.);
#1418=ORIENTED_EDGE('',*,*,#2733,.F.);
#1419=ORIENTED_EDGE('',*,*,#2776,.F.);
#1420=ORIENTED_EDGE('',*,*,#2750,.F.);
#1421=ORIENTED_EDGE('',*,*,#2735,.T.);
#1422=ORIENTED_EDGE('',*,*,#2734,.F.);
#1423=ORIENTED_EDGE('',*,*,#2756,.T.);
#1424=ORIENTED_EDGE('',*,*,#2767,.F.);
#1425=ORIENTED_EDGE('',*,*,#2777,.T.);
#1426=ORIENTED_EDGE('',*,*,#2778,.T.);
#1427=ORIENTED_EDGE('',*,*,#2757,.T.);
#1428=ORIENTED_EDGE('',*,*,#2778,.F.);
#1429=ORIENTED_EDGE('',*,*,#2779,.T.);
#1430=ORIENTED_EDGE('',*,*,#2768,.T.);
#1431=ORIENTED_EDGE('',*,*,#2766,.F.);
#1432=ORIENTED_EDGE('',*,*,#2780,.T.);
#1433=ORIENTED_EDGE('',*,*,#2781,.T.);
#1434=ORIENTED_EDGE('',*,*,#2782,.T.);
#1435=ORIENTED_EDGE('',*,*,#2783,.T.);
#1436=ORIENTED_EDGE('',*,*,#2784,.F.);
#1437=ORIENTED_EDGE('',*,*,#2772,.T.);
#1438=ORIENTED_EDGE('',*,*,#2769,.F.);
#1439=ORIENTED_EDGE('',*,*,#2779,.F.);
#1440=ORIENTED_EDGE('',*,*,#2777,.F.);
#1441=ORIENTED_EDGE('',*,*,#2785,.F.);
#1442=ORIENTED_EDGE('',*,*,#2786,.F.);
#1443=ORIENTED_EDGE('',*,*,#2787,.F.);
#1444=ORIENTED_EDGE('',*,*,#2788,.F.);
#1445=ORIENTED_EDGE('',*,*,#2789,.T.);
#1446=ORIENTED_EDGE('',*,*,#2790,.F.);
#1447=ORIENTED_EDGE('',*,*,#2791,.T.);
#1448=ORIENTED_EDGE('',*,*,#2792,.T.);
#1449=ORIENTED_EDGE('',*,*,#2793,.T.);
#1450=ORIENTED_EDGE('',*,*,#2794,.T.);
#1451=ORIENTED_EDGE('',*,*,#2785,.T.);
#1452=ORIENTED_EDGE('',*,*,#2795,.F.);
#1453=ORIENTED_EDGE('',*,*,#2796,.T.);
#1454=ORIENTED_EDGE('',*,*,#2797,.T.);
#1455=ORIENTED_EDGE('',*,*,#2788,.T.);
#1456=ORIENTED_EDGE('',*,*,#2798,.F.);
#1457=ORIENTED_EDGE('',*,*,#2799,.T.);
#1458=ORIENTED_EDGE('',*,*,#2800,.T.);
#1459=ORIENTED_EDGE('',*,*,#2801,.F.);
#1460=ORIENTED_EDGE('',*,*,#2789,.F.);
#1461=ORIENTED_EDGE('',*,*,#2800,.F.);
#1462=ORIENTED_EDGE('',*,*,#2802,.F.);
#1463=ORIENTED_EDGE('',*,*,#2803,.F.);
#1464=ORIENTED_EDGE('',*,*,#2783,.F.);
#1465=ORIENTED_EDGE('',*,*,#2804,.T.);
#1466=ORIENTED_EDGE('',*,*,#2761,.F.);
#1467=ORIENTED_EDGE('',*,*,#2804,.F.);
#1468=ORIENTED_EDGE('',*,*,#2782,.F.);
#1469=ORIENTED_EDGE('',*,*,#2805,.T.);
#1470=ORIENTED_EDGE('',*,*,#2762,.F.);
#1471=ORIENTED_EDGE('',*,*,#2805,.F.);
#1472=ORIENTED_EDGE('',*,*,#2781,.F.);
#1473=ORIENTED_EDGE('',*,*,#2806,.T.);
#1474=ORIENTED_EDGE('',*,*,#2763,.F.);
#1475=ORIENTED_EDGE('',*,*,#2806,.F.);
#1476=ORIENTED_EDGE('',*,*,#2780,.F.);
#1477=ORIENTED_EDGE('',*,*,#2765,.T.);
#1478=ORIENTED_EDGE('',*,*,#2764,.F.);
#1479=ORIENTED_EDGE('',*,*,#2786,.T.);
#1480=ORIENTED_EDGE('',*,*,#2797,.F.);
#1481=ORIENTED_EDGE('',*,*,#2807,.T.);
#1482=ORIENTED_EDGE('',*,*,#2808,.T.);
#1483=ORIENTED_EDGE('',*,*,#2787,.T.);
#1484=ORIENTED_EDGE('',*,*,#2808,.F.);
#1485=ORIENTED_EDGE('',*,*,#2809,.T.);
#1486=ORIENTED_EDGE('',*,*,#2798,.T.);
#1487=ORIENTED_EDGE('',*,*,#2796,.F.);
#1488=ORIENTED_EDGE('',*,*,#2810,.T.);
#1489=ORIENTED_EDGE('',*,*,#2811,.T.);
#1490=ORIENTED_EDGE('',*,*,#2812,.T.);
#1491=ORIENTED_EDGE('',*,*,#2813,.T.);
#1492=ORIENTED_EDGE('',*,*,#2814,.F.);
#1493=ORIENTED_EDGE('',*,*,#2802,.T.);
#1494=ORIENTED_EDGE('',*,*,#2799,.F.);
#1495=ORIENTED_EDGE('',*,*,#2809,.F.);
#1496=ORIENTED_EDGE('',*,*,#2807,.F.);
#1497=ORIENTED_EDGE('',*,*,#2815,.F.);
#1498=ORIENTED_EDGE('',*,*,#2816,.F.);
#1499=ORIENTED_EDGE('',*,*,#2817,.F.);
#1500=ORIENTED_EDGE('',*,*,#2818,.F.);
#1501=ORIENTED_EDGE('',*,*,#2819,.T.);
#1502=ORIENTED_EDGE('',*,*,#2820,.F.);
#1503=ORIENTED_EDGE('',*,*,#2821,.T.);
#1504=ORIENTED_EDGE('',*,*,#2822,.T.);
#1505=ORIENTED_EDGE('',*,*,#2823,.T.);
#1506=ORIENTED_EDGE('',*,*,#2824,.T.);
#1507=ORIENTED_EDGE('',*,*,#2815,.T.);
#1508=ORIENTED_EDGE('',*,*,#2825,.F.);
#1509=ORIENTED_EDGE('',*,*,#2826,.T.);
#1510=ORIENTED_EDGE('',*,*,#2827,.T.);
#1511=ORIENTED_EDGE('',*,*,#2818,.T.);
#1512=ORIENTED_EDGE('',*,*,#2828,.F.);
#1513=ORIENTED_EDGE('',*,*,#2829,.T.);
#1514=ORIENTED_EDGE('',*,*,#2830,.T.);
#1515=ORIENTED_EDGE('',*,*,#2831,.F.);
#1516=ORIENTED_EDGE('',*,*,#2819,.F.);
#1517=ORIENTED_EDGE('',*,*,#2830,.F.);
#1518=ORIENTED_EDGE('',*,*,#2832,.F.);
#1519=ORIENTED_EDGE('',*,*,#2833,.F.);
#1520=ORIENTED_EDGE('',*,*,#2813,.F.);
#1521=ORIENTED_EDGE('',*,*,#2834,.T.);
#1522=ORIENTED_EDGE('',*,*,#2791,.F.);
#1523=ORIENTED_EDGE('',*,*,#2834,.F.);
#1524=ORIENTED_EDGE('',*,*,#2812,.F.);
#1525=ORIENTED_EDGE('',*,*,#2835,.T.);
#1526=ORIENTED_EDGE('',*,*,#2792,.F.);
#1527=ORIENTED_EDGE('',*,*,#2835,.F.);
#1528=ORIENTED_EDGE('',*,*,#2811,.F.);
#1529=ORIENTED_EDGE('',*,*,#2836,.T.);
#1530=ORIENTED_EDGE('',*,*,#2793,.F.);
#1531=ORIENTED_EDGE('',*,*,#2836,.F.);
#1532=ORIENTED_EDGE('',*,*,#2810,.F.);
#1533=ORIENTED_EDGE('',*,*,#2795,.T.);
#1534=ORIENTED_EDGE('',*,*,#2794,.F.);
#1535=ORIENTED_EDGE('',*,*,#2816,.T.);
#1536=ORIENTED_EDGE('',*,*,#2827,.F.);
#1537=ORIENTED_EDGE('',*,*,#2837,.T.);
#1538=ORIENTED_EDGE('',*,*,#2838,.T.);
#1539=ORIENTED_EDGE('',*,*,#2817,.T.);
#1540=ORIENTED_EDGE('',*,*,#2838,.F.);
#1541=ORIENTED_EDGE('',*,*,#2839,.T.);
#1542=ORIENTED_EDGE('',*,*,#2828,.T.);
#1543=ORIENTED_EDGE('',*,*,#2826,.F.);
#1544=ORIENTED_EDGE('',*,*,#2840,.T.);
#1545=ORIENTED_EDGE('',*,*,#2841,.T.);
#1546=ORIENTED_EDGE('',*,*,#2842,.T.);
#1547=ORIENTED_EDGE('',*,*,#2843,.T.);
#1548=ORIENTED_EDGE('',*,*,#2844,.F.);
#1549=ORIENTED_EDGE('',*,*,#2832,.T.);
#1550=ORIENTED_EDGE('',*,*,#2829,.F.);
#1551=ORIENTED_EDGE('',*,*,#2839,.F.);
#1552=ORIENTED_EDGE('',*,*,#2837,.F.);
#1553=ORIENTED_EDGE('',*,*,#2845,.F.);
#1554=ORIENTED_EDGE('',*,*,#2846,.F.);
#1555=ORIENTED_EDGE('',*,*,#2847,.F.);
#1556=ORIENTED_EDGE('',*,*,#2848,.F.);
#1557=ORIENTED_EDGE('',*,*,#2849,.T.);
#1558=ORIENTED_EDGE('',*,*,#2850,.F.);
#1559=ORIENTED_EDGE('',*,*,#2851,.T.);
#1560=ORIENTED_EDGE('',*,*,#2852,.T.);
#1561=ORIENTED_EDGE('',*,*,#2853,.T.);
#1562=ORIENTED_EDGE('',*,*,#2854,.T.);
#1563=ORIENTED_EDGE('',*,*,#2845,.T.);
#1564=ORIENTED_EDGE('',*,*,#2855,.F.);
#1565=ORIENTED_EDGE('',*,*,#2856,.T.);
#1566=ORIENTED_EDGE('',*,*,#2857,.T.);
#1567=ORIENTED_EDGE('',*,*,#2848,.T.);
#1568=ORIENTED_EDGE('',*,*,#2858,.F.);
#1569=ORIENTED_EDGE('',*,*,#2859,.T.);
#1570=ORIENTED_EDGE('',*,*,#2860,.T.);
#1571=ORIENTED_EDGE('',*,*,#2861,.F.);
#1572=ORIENTED_EDGE('',*,*,#2849,.F.);
#1573=ORIENTED_EDGE('',*,*,#2860,.F.);
#1574=ORIENTED_EDGE('',*,*,#2862,.F.);
#1575=ORIENTED_EDGE('',*,*,#2863,.F.);
#1576=ORIENTED_EDGE('',*,*,#2843,.F.);
#1577=ORIENTED_EDGE('',*,*,#2864,.T.);
#1578=ORIENTED_EDGE('',*,*,#2821,.F.);
#1579=ORIENTED_EDGE('',*,*,#2864,.F.);
#1580=ORIENTED_EDGE('',*,*,#2842,.F.);
#1581=ORIENTED_EDGE('',*,*,#2865,.T.);
#1582=ORIENTED_EDGE('',*,*,#2822,.F.);
#1583=ORIENTED_EDGE('',*,*,#2865,.F.);
#1584=ORIENTED_EDGE('',*,*,#2841,.F.);
#1585=ORIENTED_EDGE('',*,*,#2866,.T.);
#1586=ORIENTED_EDGE('',*,*,#2823,.F.);
#1587=ORIENTED_EDGE('',*,*,#2866,.F.);
#1588=ORIENTED_EDGE('',*,*,#2840,.F.);
#1589=ORIENTED_EDGE('',*,*,#2825,.T.);
#1590=ORIENTED_EDGE('',*,*,#2824,.F.);
#1591=ORIENTED_EDGE('',*,*,#2846,.T.);
#1592=ORIENTED_EDGE('',*,*,#2857,.F.);
#1593=ORIENTED_EDGE('',*,*,#2867,.T.);
#1594=ORIENTED_EDGE('',*,*,#2868,.T.);
#1595=ORIENTED_EDGE('',*,*,#2847,.T.);
#1596=ORIENTED_EDGE('',*,*,#2868,.F.);
#1597=ORIENTED_EDGE('',*,*,#2869,.T.);
#1598=ORIENTED_EDGE('',*,*,#2858,.T.);
#1599=ORIENTED_EDGE('',*,*,#2856,.F.);
#1600=ORIENTED_EDGE('',*,*,#2870,.T.);
#1601=ORIENTED_EDGE('',*,*,#2871,.T.);
#1602=ORIENTED_EDGE('',*,*,#2872,.T.);
#1603=ORIENTED_EDGE('',*,*,#2873,.T.);
#1604=ORIENTED_EDGE('',*,*,#2874,.F.);
#1605=ORIENTED_EDGE('',*,*,#2862,.T.);
#1606=ORIENTED_EDGE('',*,*,#2859,.F.);
#1607=ORIENTED_EDGE('',*,*,#2869,.F.);
#1608=ORIENTED_EDGE('',*,*,#2867,.F.);
#1609=ORIENTED_EDGE('',*,*,#2875,.F.);
#1610=ORIENTED_EDGE('',*,*,#2876,.F.);
#1611=ORIENTED_EDGE('',*,*,#2877,.F.);
#1612=ORIENTED_EDGE('',*,*,#2878,.F.);
#1613=ORIENTED_EDGE('',*,*,#2879,.T.);
#1614=ORIENTED_EDGE('',*,*,#2880,.F.);
#1615=ORIENTED_EDGE('',*,*,#2881,.T.);
#1616=ORIENTED_EDGE('',*,*,#2882,.T.);
#1617=ORIENTED_EDGE('',*,*,#2883,.T.);
#1618=ORIENTED_EDGE('',*,*,#2884,.T.);
#1619=ORIENTED_EDGE('',*,*,#2875,.T.);
#1620=ORIENTED_EDGE('',*,*,#2885,.F.);
#1621=ORIENTED_EDGE('',*,*,#2886,.T.);
#1622=ORIENTED_EDGE('',*,*,#2887,.T.);
#1623=ORIENTED_EDGE('',*,*,#2878,.T.);
#1624=ORIENTED_EDGE('',*,*,#2888,.F.);
#1625=ORIENTED_EDGE('',*,*,#2889,.T.);
#1626=ORIENTED_EDGE('',*,*,#2890,.T.);
#1627=ORIENTED_EDGE('',*,*,#2891,.F.);
#1628=ORIENTED_EDGE('',*,*,#2879,.F.);
#1629=ORIENTED_EDGE('',*,*,#2890,.F.);
#1630=ORIENTED_EDGE('',*,*,#2892,.F.);
#1631=ORIENTED_EDGE('',*,*,#2893,.F.);
#1632=ORIENTED_EDGE('',*,*,#2873,.F.);
#1633=ORIENTED_EDGE('',*,*,#2894,.T.);
#1634=ORIENTED_EDGE('',*,*,#2851,.F.);
#1635=ORIENTED_EDGE('',*,*,#2894,.F.);
#1636=ORIENTED_EDGE('',*,*,#2872,.F.);
#1637=ORIENTED_EDGE('',*,*,#2895,.T.);
#1638=ORIENTED_EDGE('',*,*,#2852,.F.);
#1639=ORIENTED_EDGE('',*,*,#2895,.F.);
#1640=ORIENTED_EDGE('',*,*,#2871,.F.);
#1641=ORIENTED_EDGE('',*,*,#2896,.T.);
#1642=ORIENTED_EDGE('',*,*,#2853,.F.);
#1643=ORIENTED_EDGE('',*,*,#2896,.F.);
#1644=ORIENTED_EDGE('',*,*,#2870,.F.);
#1645=ORIENTED_EDGE('',*,*,#2855,.T.);
#1646=ORIENTED_EDGE('',*,*,#2854,.F.);
#1647=ORIENTED_EDGE('',*,*,#2876,.T.);
#1648=ORIENTED_EDGE('',*,*,#2887,.F.);
#1649=ORIENTED_EDGE('',*,*,#2897,.T.);
#1650=ORIENTED_EDGE('',*,*,#2898,.T.);
#1651=ORIENTED_EDGE('',*,*,#2877,.T.);
#1652=ORIENTED_EDGE('',*,*,#2898,.F.);
#1653=ORIENTED_EDGE('',*,*,#2899,.T.);
#1654=ORIENTED_EDGE('',*,*,#2888,.T.);
#1655=ORIENTED_EDGE('',*,*,#2886,.F.);
#1656=ORIENTED_EDGE('',*,*,#2900,.T.);
#1657=ORIENTED_EDGE('',*,*,#2901,.T.);
#1658=ORIENTED_EDGE('',*,*,#2902,.T.);
#1659=ORIENTED_EDGE('',*,*,#2903,.T.);
#1660=ORIENTED_EDGE('',*,*,#2904,.F.);
#1661=ORIENTED_EDGE('',*,*,#2892,.T.);
#1662=ORIENTED_EDGE('',*,*,#2889,.F.);
#1663=ORIENTED_EDGE('',*,*,#2899,.F.);
#1664=ORIENTED_EDGE('',*,*,#2897,.F.);
#1665=ORIENTED_EDGE('',*,*,#2905,.F.);
#1666=ORIENTED_EDGE('',*,*,#2906,.F.);
#1667=ORIENTED_EDGE('',*,*,#2907,.F.);
#1668=ORIENTED_EDGE('',*,*,#2908,.F.);
#1669=ORIENTED_EDGE('',*,*,#2909,.T.);
#1670=ORIENTED_EDGE('',*,*,#2910,.F.);
#1671=ORIENTED_EDGE('',*,*,#2911,.T.);
#1672=ORIENTED_EDGE('',*,*,#2912,.T.);
#1673=ORIENTED_EDGE('',*,*,#2913,.T.);
#1674=ORIENTED_EDGE('',*,*,#2914,.T.);
#1675=ORIENTED_EDGE('',*,*,#2905,.T.);
#1676=ORIENTED_EDGE('',*,*,#2915,.F.);
#1677=ORIENTED_EDGE('',*,*,#2916,.T.);
#1678=ORIENTED_EDGE('',*,*,#2917,.T.);
#1679=ORIENTED_EDGE('',*,*,#2908,.T.);
#1680=ORIENTED_EDGE('',*,*,#2918,.F.);
#1681=ORIENTED_EDGE('',*,*,#2919,.T.);
#1682=ORIENTED_EDGE('',*,*,#2920,.T.);
#1683=ORIENTED_EDGE('',*,*,#2921,.F.);
#1684=ORIENTED_EDGE('',*,*,#2909,.F.);
#1685=ORIENTED_EDGE('',*,*,#2920,.F.);
#1686=ORIENTED_EDGE('',*,*,#2922,.F.);
#1687=ORIENTED_EDGE('',*,*,#2923,.F.);
#1688=ORIENTED_EDGE('',*,*,#2903,.F.);
#1689=ORIENTED_EDGE('',*,*,#2924,.T.);
#1690=ORIENTED_EDGE('',*,*,#2881,.F.);
#1691=ORIENTED_EDGE('',*,*,#2924,.F.);
#1692=ORIENTED_EDGE('',*,*,#2902,.F.);
#1693=ORIENTED_EDGE('',*,*,#2925,.T.);
#1694=ORIENTED_EDGE('',*,*,#2882,.F.);
#1695=ORIENTED_EDGE('',*,*,#2925,.F.);
#1696=ORIENTED_EDGE('',*,*,#2901,.F.);
#1697=ORIENTED_EDGE('',*,*,#2926,.T.);
#1698=ORIENTED_EDGE('',*,*,#2883,.F.);
#1699=ORIENTED_EDGE('',*,*,#2926,.F.);
#1700=ORIENTED_EDGE('',*,*,#2900,.F.);
#1701=ORIENTED_EDGE('',*,*,#2885,.T.);
#1702=ORIENTED_EDGE('',*,*,#2884,.F.);
#1703=ORIENTED_EDGE('',*,*,#2906,.T.);
#1704=ORIENTED_EDGE('',*,*,#2917,.F.);
#1705=ORIENTED_EDGE('',*,*,#2927,.T.);
#1706=ORIENTED_EDGE('',*,*,#2928,.T.);
#1707=ORIENTED_EDGE('',*,*,#2907,.T.);
#1708=ORIENTED_EDGE('',*,*,#2928,.F.);
#1709=ORIENTED_EDGE('',*,*,#2929,.T.);
#1710=ORIENTED_EDGE('',*,*,#2918,.T.);
#1711=ORIENTED_EDGE('',*,*,#2916,.F.);
#1712=ORIENTED_EDGE('',*,*,#2930,.T.);
#1713=ORIENTED_EDGE('',*,*,#2931,.T.);
#1714=ORIENTED_EDGE('',*,*,#2932,.T.);
#1715=ORIENTED_EDGE('',*,*,#2933,.T.);
#1716=ORIENTED_EDGE('',*,*,#2934,.F.);
#1717=ORIENTED_EDGE('',*,*,#2922,.T.);
#1718=ORIENTED_EDGE('',*,*,#2919,.F.);
#1719=ORIENTED_EDGE('',*,*,#2929,.F.);
#1720=ORIENTED_EDGE('',*,*,#2927,.F.);
#1721=ORIENTED_EDGE('',*,*,#2935,.F.);
#1722=ORIENTED_EDGE('',*,*,#2936,.F.);
#1723=ORIENTED_EDGE('',*,*,#2937,.F.);
#1724=ORIENTED_EDGE('',*,*,#2938,.F.);
#1725=ORIENTED_EDGE('',*,*,#2939,.T.);
#1726=ORIENTED_EDGE('',*,*,#2940,.F.);
#1727=ORIENTED_EDGE('',*,*,#2941,.T.);
#1728=ORIENTED_EDGE('',*,*,#2942,.T.);
#1729=ORIENTED_EDGE('',*,*,#2943,.T.);
#1730=ORIENTED_EDGE('',*,*,#2944,.T.);
#1731=ORIENTED_EDGE('',*,*,#2935,.T.);
#1732=ORIENTED_EDGE('',*,*,#2945,.F.);
#1733=ORIENTED_EDGE('',*,*,#2946,.T.);
#1734=ORIENTED_EDGE('',*,*,#2947,.T.);
#1735=ORIENTED_EDGE('',*,*,#2938,.T.);
#1736=ORIENTED_EDGE('',*,*,#2948,.F.);
#1737=ORIENTED_EDGE('',*,*,#2949,.T.);
#1738=ORIENTED_EDGE('',*,*,#2950,.T.);
#1739=ORIENTED_EDGE('',*,*,#2951,.F.);
#1740=ORIENTED_EDGE('',*,*,#2939,.F.);
#1741=ORIENTED_EDGE('',*,*,#2950,.F.);
#1742=ORIENTED_EDGE('',*,*,#2952,.F.);
#1743=ORIENTED_EDGE('',*,*,#2953,.F.);
#1744=ORIENTED_EDGE('',*,*,#2933,.F.);
#1745=ORIENTED_EDGE('',*,*,#2954,.T.);
#1746=ORIENTED_EDGE('',*,*,#2911,.F.);
#1747=ORIENTED_EDGE('',*,*,#2954,.F.);
#1748=ORIENTED_EDGE('',*,*,#2932,.F.);
#1749=ORIENTED_EDGE('',*,*,#2955,.T.);
#1750=ORIENTED_EDGE('',*,*,#2912,.F.);
#1751=ORIENTED_EDGE('',*,*,#2955,.F.);
#1752=ORIENTED_EDGE('',*,*,#2931,.F.);
#1753=ORIENTED_EDGE('',*,*,#2956,.T.);
#1754=ORIENTED_EDGE('',*,*,#2913,.F.);
#1755=ORIENTED_EDGE('',*,*,#2956,.F.);
#1756=ORIENTED_EDGE('',*,*,#2930,.F.);
#1757=ORIENTED_EDGE('',*,*,#2915,.T.);
#1758=ORIENTED_EDGE('',*,*,#2914,.F.);
#1759=ORIENTED_EDGE('',*,*,#2936,.T.);
#1760=ORIENTED_EDGE('',*,*,#2947,.F.);
#1761=ORIENTED_EDGE('',*,*,#2957,.T.);
#1762=ORIENTED_EDGE('',*,*,#2958,.T.);
#1763=ORIENTED_EDGE('',*,*,#2937,.T.);
#1764=ORIENTED_EDGE('',*,*,#2958,.F.);
#1765=ORIENTED_EDGE('',*,*,#2959,.T.);
#1766=ORIENTED_EDGE('',*,*,#2948,.T.);
#1767=ORIENTED_EDGE('',*,*,#2946,.F.);
#1768=ORIENTED_EDGE('',*,*,#2960,.T.);
#1769=ORIENTED_EDGE('',*,*,#2961,.T.);
#1770=ORIENTED_EDGE('',*,*,#2962,.T.);
#1771=ORIENTED_EDGE('',*,*,#2963,.T.);
#1772=ORIENTED_EDGE('',*,*,#2964,.F.);
#1773=ORIENTED_EDGE('',*,*,#2952,.T.);
#1774=ORIENTED_EDGE('',*,*,#2949,.F.);
#1775=ORIENTED_EDGE('',*,*,#2959,.F.);
#1776=ORIENTED_EDGE('',*,*,#2957,.F.);
#1777=ORIENTED_EDGE('',*,*,#2965,.F.);
#1778=ORIENTED_EDGE('',*,*,#2966,.F.);
#1779=ORIENTED_EDGE('',*,*,#2967,.F.);
#1780=ORIENTED_EDGE('',*,*,#2968,.F.);
#1781=ORIENTED_EDGE('',*,*,#2969,.T.);
#1782=ORIENTED_EDGE('',*,*,#2970,.F.);
#1783=ORIENTED_EDGE('',*,*,#2971,.T.);
#1784=ORIENTED_EDGE('',*,*,#2972,.T.);
#1785=ORIENTED_EDGE('',*,*,#2973,.T.);
#1786=ORIENTED_EDGE('',*,*,#2974,.T.);
#1787=ORIENTED_EDGE('',*,*,#2965,.T.);
#1788=ORIENTED_EDGE('',*,*,#2975,.F.);
#1789=ORIENTED_EDGE('',*,*,#2976,.T.);
#1790=ORIENTED_EDGE('',*,*,#2977,.T.);
#1791=ORIENTED_EDGE('',*,*,#2968,.T.);
#1792=ORIENTED_EDGE('',*,*,#2978,.F.);
#1793=ORIENTED_EDGE('',*,*,#2979,.T.);
#1794=ORIENTED_EDGE('',*,*,#2980,.T.);
#1795=ORIENTED_EDGE('',*,*,#2981,.F.);
#1796=ORIENTED_EDGE('',*,*,#2969,.F.);
#1797=ORIENTED_EDGE('',*,*,#2980,.F.);
#1798=ORIENTED_EDGE('',*,*,#2982,.F.);
#1799=ORIENTED_EDGE('',*,*,#2983,.F.);
#1800=ORIENTED_EDGE('',*,*,#2963,.F.);
#1801=ORIENTED_EDGE('',*,*,#2984,.T.);
#1802=ORIENTED_EDGE('',*,*,#2941,.F.);
#1803=ORIENTED_EDGE('',*,*,#2984,.F.);
#1804=ORIENTED_EDGE('',*,*,#2962,.F.);
#1805=ORIENTED_EDGE('',*,*,#2985,.T.);
#1806=ORIENTED_EDGE('',*,*,#2942,.F.);
#1807=ORIENTED_EDGE('',*,*,#2985,.F.);
#1808=ORIENTED_EDGE('',*,*,#2961,.F.);
#1809=ORIENTED_EDGE('',*,*,#2986,.T.);
#1810=ORIENTED_EDGE('',*,*,#2943,.F.);
#1811=ORIENTED_EDGE('',*,*,#2986,.F.);
#1812=ORIENTED_EDGE('',*,*,#2960,.F.);
#1813=ORIENTED_EDGE('',*,*,#2945,.T.);
#1814=ORIENTED_EDGE('',*,*,#2944,.F.);
#1815=ORIENTED_EDGE('',*,*,#2966,.T.);
#1816=ORIENTED_EDGE('',*,*,#2977,.F.);
#1817=ORIENTED_EDGE('',*,*,#2987,.T.);
#1818=ORIENTED_EDGE('',*,*,#2988,.T.);
#1819=ORIENTED_EDGE('',*,*,#2967,.T.);
#1820=ORIENTED_EDGE('',*,*,#2988,.F.);
#1821=ORIENTED_EDGE('',*,*,#2989,.T.);
#1822=ORIENTED_EDGE('',*,*,#2978,.T.);
#1823=ORIENTED_EDGE('',*,*,#2976,.F.);
#1824=ORIENTED_EDGE('',*,*,#2990,.T.);
#1825=ORIENTED_EDGE('',*,*,#2991,.T.);
#1826=ORIENTED_EDGE('',*,*,#2992,.T.);
#1827=ORIENTED_EDGE('',*,*,#2993,.T.);
#1828=ORIENTED_EDGE('',*,*,#2994,.F.);
#1829=ORIENTED_EDGE('',*,*,#2982,.T.);
#1830=ORIENTED_EDGE('',*,*,#2979,.F.);
#1831=ORIENTED_EDGE('',*,*,#2989,.F.);
#1832=ORIENTED_EDGE('',*,*,#2987,.F.);
#1833=ORIENTED_EDGE('',*,*,#2995,.F.);
#1834=ORIENTED_EDGE('',*,*,#2996,.F.);
#1835=ORIENTED_EDGE('',*,*,#2997,.F.);
#1836=ORIENTED_EDGE('',*,*,#2998,.F.);
#1837=ORIENTED_EDGE('',*,*,#2999,.T.);
#1838=ORIENTED_EDGE('',*,*,#3000,.F.);
#1839=ORIENTED_EDGE('',*,*,#3001,.T.);
#1840=ORIENTED_EDGE('',*,*,#3002,.T.);
#1841=ORIENTED_EDGE('',*,*,#3003,.T.);
#1842=ORIENTED_EDGE('',*,*,#3004,.T.);
#1843=ORIENTED_EDGE('',*,*,#2995,.T.);
#1844=ORIENTED_EDGE('',*,*,#3005,.F.);
#1845=ORIENTED_EDGE('',*,*,#3006,.T.);
#1846=ORIENTED_EDGE('',*,*,#3007,.T.);
#1847=ORIENTED_EDGE('',*,*,#2998,.T.);
#1848=ORIENTED_EDGE('',*,*,#3008,.F.);
#1849=ORIENTED_EDGE('',*,*,#3009,.T.);
#1850=ORIENTED_EDGE('',*,*,#3010,.T.);
#1851=ORIENTED_EDGE('',*,*,#3011,.F.);
#1852=ORIENTED_EDGE('',*,*,#2999,.F.);
#1853=ORIENTED_EDGE('',*,*,#3010,.F.);
#1854=ORIENTED_EDGE('',*,*,#3012,.F.);
#1855=ORIENTED_EDGE('',*,*,#3013,.F.);
#1856=ORIENTED_EDGE('',*,*,#2993,.F.);
#1857=ORIENTED_EDGE('',*,*,#3014,.T.);
#1858=ORIENTED_EDGE('',*,*,#2971,.F.);
#1859=ORIENTED_EDGE('',*,*,#3014,.F.);
#1860=ORIENTED_EDGE('',*,*,#2992,.F.);
#1861=ORIENTED_EDGE('',*,*,#3015,.T.);
#1862=ORIENTED_EDGE('',*,*,#2972,.F.);
#1863=ORIENTED_EDGE('',*,*,#3015,.F.);
#1864=ORIENTED_EDGE('',*,*,#2991,.F.);
#1865=ORIENTED_EDGE('',*,*,#3016,.T.);
#1866=ORIENTED_EDGE('',*,*,#2973,.F.);
#1867=ORIENTED_EDGE('',*,*,#3016,.F.);
#1868=ORIENTED_EDGE('',*,*,#2990,.F.);
#1869=ORIENTED_EDGE('',*,*,#2975,.T.);
#1870=ORIENTED_EDGE('',*,*,#2974,.F.);
#1871=ORIENTED_EDGE('',*,*,#2996,.T.);
#1872=ORIENTED_EDGE('',*,*,#3007,.F.);
#1873=ORIENTED_EDGE('',*,*,#3017,.T.);
#1874=ORIENTED_EDGE('',*,*,#3018,.T.);
#1875=ORIENTED_EDGE('',*,*,#2997,.T.);
#1876=ORIENTED_EDGE('',*,*,#3018,.F.);
#1877=ORIENTED_EDGE('',*,*,#3019,.T.);
#1878=ORIENTED_EDGE('',*,*,#3008,.T.);
#1879=ORIENTED_EDGE('',*,*,#3006,.F.);
#1880=ORIENTED_EDGE('',*,*,#3020,.T.);
#1881=ORIENTED_EDGE('',*,*,#3021,.T.);
#1882=ORIENTED_EDGE('',*,*,#3022,.T.);
#1883=ORIENTED_EDGE('',*,*,#3023,.T.);
#1884=ORIENTED_EDGE('',*,*,#3024,.F.);
#1885=ORIENTED_EDGE('',*,*,#3012,.T.);
#1886=ORIENTED_EDGE('',*,*,#3009,.F.);
#1887=ORIENTED_EDGE('',*,*,#3019,.F.);
#1888=ORIENTED_EDGE('',*,*,#3017,.F.);
#1889=ORIENTED_EDGE('',*,*,#3025,.F.);
#1890=ORIENTED_EDGE('',*,*,#3026,.F.);
#1891=ORIENTED_EDGE('',*,*,#3027,.F.);
#1892=ORIENTED_EDGE('',*,*,#3028,.F.);
#1893=ORIENTED_EDGE('',*,*,#3029,.T.);
#1894=ORIENTED_EDGE('',*,*,#3030,.F.);
#1895=ORIENTED_EDGE('',*,*,#3031,.T.);
#1896=ORIENTED_EDGE('',*,*,#3032,.T.);
#1897=ORIENTED_EDGE('',*,*,#3033,.T.);
#1898=ORIENTED_EDGE('',*,*,#3034,.T.);
#1899=ORIENTED_EDGE('',*,*,#3025,.T.);
#1900=ORIENTED_EDGE('',*,*,#3035,.F.);
#1901=ORIENTED_EDGE('',*,*,#3036,.T.);
#1902=ORIENTED_EDGE('',*,*,#3037,.T.);
#1903=ORIENTED_EDGE('',*,*,#3028,.T.);
#1904=ORIENTED_EDGE('',*,*,#3038,.F.);
#1905=ORIENTED_EDGE('',*,*,#3039,.T.);
#1906=ORIENTED_EDGE('',*,*,#3040,.T.);
#1907=ORIENTED_EDGE('',*,*,#3041,.F.);
#1908=ORIENTED_EDGE('',*,*,#3029,.F.);
#1909=ORIENTED_EDGE('',*,*,#3040,.F.);
#1910=ORIENTED_EDGE('',*,*,#3042,.F.);
#1911=ORIENTED_EDGE('',*,*,#3043,.F.);
#1912=ORIENTED_EDGE('',*,*,#3023,.F.);
#1913=ORIENTED_EDGE('',*,*,#3044,.T.);
#1914=ORIENTED_EDGE('',*,*,#3001,.F.);
#1915=ORIENTED_EDGE('',*,*,#3044,.F.);
#1916=ORIENTED_EDGE('',*,*,#3022,.F.);
#1917=ORIENTED_EDGE('',*,*,#3045,.T.);
#1918=ORIENTED_EDGE('',*,*,#3002,.F.);
#1919=ORIENTED_EDGE('',*,*,#3045,.F.);
#1920=ORIENTED_EDGE('',*,*,#3021,.F.);
#1921=ORIENTED_EDGE('',*,*,#3046,.T.);
#1922=ORIENTED_EDGE('',*,*,#3003,.F.);
#1923=ORIENTED_EDGE('',*,*,#3046,.F.);
#1924=ORIENTED_EDGE('',*,*,#3020,.F.);
#1925=ORIENTED_EDGE('',*,*,#3005,.T.);
#1926=ORIENTED_EDGE('',*,*,#3004,.F.);
#1927=ORIENTED_EDGE('',*,*,#3026,.T.);
#1928=ORIENTED_EDGE('',*,*,#3037,.F.);
#1929=ORIENTED_EDGE('',*,*,#3047,.T.);
#1930=ORIENTED_EDGE('',*,*,#3048,.T.);
#1931=ORIENTED_EDGE('',*,*,#3027,.T.);
#1932=ORIENTED_EDGE('',*,*,#3048,.F.);
#1933=ORIENTED_EDGE('',*,*,#3049,.T.);
#1934=ORIENTED_EDGE('',*,*,#3038,.T.);
#1935=ORIENTED_EDGE('',*,*,#3036,.F.);
#1936=ORIENTED_EDGE('',*,*,#3050,.T.);
#1937=ORIENTED_EDGE('',*,*,#3051,.T.);
#1938=ORIENTED_EDGE('',*,*,#3052,.T.);
#1939=ORIENTED_EDGE('',*,*,#3053,.T.);
#1940=ORIENTED_EDGE('',*,*,#3054,.F.);
#1941=ORIENTED_EDGE('',*,*,#3042,.T.);
#1942=ORIENTED_EDGE('',*,*,#3039,.F.);
#1943=ORIENTED_EDGE('',*,*,#3049,.F.);
#1944=ORIENTED_EDGE('',*,*,#3047,.F.);
#1945=ORIENTED_EDGE('',*,*,#3055,.F.);
#1946=ORIENTED_EDGE('',*,*,#3056,.F.);
#1947=ORIENTED_EDGE('',*,*,#3057,.F.);
#1948=ORIENTED_EDGE('',*,*,#3058,.F.);
#1949=ORIENTED_EDGE('',*,*,#3059,.T.);
#1950=ORIENTED_EDGE('',*,*,#3060,.F.);
#1951=ORIENTED_EDGE('',*,*,#3061,.T.);
#1952=ORIENTED_EDGE('',*,*,#3062,.T.);
#1953=ORIENTED_EDGE('',*,*,#3063,.T.);
#1954=ORIENTED_EDGE('',*,*,#3064,.T.);
#1955=ORIENTED_EDGE('',*,*,#3055,.T.);
#1956=ORIENTED_EDGE('',*,*,#3065,.F.);
#1957=ORIENTED_EDGE('',*,*,#3066,.T.);
#1958=ORIENTED_EDGE('',*,*,#3067,.T.);
#1959=ORIENTED_EDGE('',*,*,#3058,.T.);
#1960=ORIENTED_EDGE('',*,*,#3068,.F.);
#1961=ORIENTED_EDGE('',*,*,#3069,.T.);
#1962=ORIENTED_EDGE('',*,*,#3070,.T.);
#1963=ORIENTED_EDGE('',*,*,#3071,.F.);
#1964=ORIENTED_EDGE('',*,*,#3059,.F.);
#1965=ORIENTED_EDGE('',*,*,#3070,.F.);
#1966=ORIENTED_EDGE('',*,*,#3072,.F.);
#1967=ORIENTED_EDGE('',*,*,#3073,.F.);
#1968=ORIENTED_EDGE('',*,*,#3053,.F.);
#1969=ORIENTED_EDGE('',*,*,#3074,.T.);
#1970=ORIENTED_EDGE('',*,*,#3031,.F.);
#1971=ORIENTED_EDGE('',*,*,#3074,.F.);
#1972=ORIENTED_EDGE('',*,*,#3052,.F.);
#1973=ORIENTED_EDGE('',*,*,#3075,.T.);
#1974=ORIENTED_EDGE('',*,*,#3032,.F.);
#1975=ORIENTED_EDGE('',*,*,#3075,.F.);
#1976=ORIENTED_EDGE('',*,*,#3051,.F.);
#1977=ORIENTED_EDGE('',*,*,#3076,.T.);
#1978=ORIENTED_EDGE('',*,*,#3033,.F.);
#1979=ORIENTED_EDGE('',*,*,#3076,.F.);
#1980=ORIENTED_EDGE('',*,*,#3050,.F.);
#1981=ORIENTED_EDGE('',*,*,#3035,.T.);
#1982=ORIENTED_EDGE('',*,*,#3034,.F.);
#1983=ORIENTED_EDGE('',*,*,#3056,.T.);
#1984=ORIENTED_EDGE('',*,*,#3067,.F.);
#1985=ORIENTED_EDGE('',*,*,#3077,.T.);
#1986=ORIENTED_EDGE('',*,*,#3078,.T.);
#1987=ORIENTED_EDGE('',*,*,#3057,.T.);
#1988=ORIENTED_EDGE('',*,*,#3078,.F.);
#1989=ORIENTED_EDGE('',*,*,#3079,.T.);
#1990=ORIENTED_EDGE('',*,*,#3068,.T.);
#1991=ORIENTED_EDGE('',*,*,#2640,.F.);
#1992=ORIENTED_EDGE('',*,*,#2665,.T.);
#1993=ORIENTED_EDGE('',*,*,#2676,.T.);
#1994=ORIENTED_EDGE('',*,*,#3080,.T.);
#1995=ORIENTED_EDGE('',*,*,#3081,.T.);
#1996=ORIENTED_EDGE('',*,*,#3060,.T.);
#1997=ORIENTED_EDGE('',*,*,#3071,.T.);
#1998=ORIENTED_EDGE('',*,*,#3030,.T.);
#1999=ORIENTED_EDGE('',*,*,#3041,.T.);
#2000=ORIENTED_EDGE('',*,*,#3000,.T.);
#2001=ORIENTED_EDGE('',*,*,#3011,.T.);
#2002=ORIENTED_EDGE('',*,*,#2970,.T.);
#2003=ORIENTED_EDGE('',*,*,#2981,.T.);
#2004=ORIENTED_EDGE('',*,*,#2940,.T.);
#2005=ORIENTED_EDGE('',*,*,#2951,.T.);
#2006=ORIENTED_EDGE('',*,*,#2910,.T.);
#2007=ORIENTED_EDGE('',*,*,#2921,.T.);
#2008=ORIENTED_EDGE('',*,*,#2880,.T.);
#2009=ORIENTED_EDGE('',*,*,#2891,.T.);
#2010=ORIENTED_EDGE('',*,*,#2850,.T.);
#2011=ORIENTED_EDGE('',*,*,#2861,.T.);
#2012=ORIENTED_EDGE('',*,*,#2820,.T.);
#2013=ORIENTED_EDGE('',*,*,#2831,.T.);
#2014=ORIENTED_EDGE('',*,*,#2790,.T.);
#2015=ORIENTED_EDGE('',*,*,#2801,.T.);
#2016=ORIENTED_EDGE('',*,*,#2760,.T.);
#2017=ORIENTED_EDGE('',*,*,#2771,.T.);
#2018=ORIENTED_EDGE('',*,*,#2730,.T.);
#2019=ORIENTED_EDGE('',*,*,#2741,.T.);
#2020=ORIENTED_EDGE('',*,*,#2700,.T.);
#2021=ORIENTED_EDGE('',*,*,#2711,.T.);
#2022=ORIENTED_EDGE('',*,*,#3082,.F.);
#2023=ORIENTED_EDGE('',*,*,#3083,.F.);
#2024=ORIENTED_EDGE('',*,*,#3084,.F.);
#2025=ORIENTED_EDGE('',*,*,#3085,.F.);
#2026=ORIENTED_EDGE('',*,*,#3086,.T.);
#2027=ORIENTED_EDGE('',*,*,#3080,.F.);
#2028=ORIENTED_EDGE('',*,*,#2680,.T.);
#2029=ORIENTED_EDGE('',*,*,#2682,.T.);
#2030=ORIENTED_EDGE('',*,*,#2684,.T.);
#2031=ORIENTED_EDGE('',*,*,#2686,.T.);
#2032=ORIENTED_EDGE('',*,*,#3066,.F.);
#2033=ORIENTED_EDGE('',*,*,#3087,.T.);
#2034=ORIENTED_EDGE('',*,*,#3088,.T.);
#2035=ORIENTED_EDGE('',*,*,#3089,.T.);
#2036=ORIENTED_EDGE('',*,*,#3090,.T.);
#2037=ORIENTED_EDGE('',*,*,#3091,.F.);
#2038=ORIENTED_EDGE('',*,*,#3072,.T.);
#2039=ORIENTED_EDGE('',*,*,#3069,.F.);
#2040=ORIENTED_EDGE('',*,*,#3079,.F.);
#2041=ORIENTED_EDGE('',*,*,#3077,.F.);
#2042=ORIENTED_EDGE('',*,*,#3082,.T.);
#2043=ORIENTED_EDGE('',*,*,#2685,.F.);
#2044=ORIENTED_EDGE('',*,*,#2650,.T.);
#2045=ORIENTED_EDGE('',*,*,#3092,.T.);
#2046=ORIENTED_EDGE('',*,*,#3093,.F.);
#2047=ORIENTED_EDGE('',*,*,#3094,.F.);
#2048=ORIENTED_EDGE('',*,*,#3095,.F.);
#2049=ORIENTED_EDGE('',*,*,#3096,.F.);
#2050=ORIENTED_EDGE('',*,*,#3097,.F.);
#2051=ORIENTED_EDGE('',*,*,#3098,.F.);
#2052=ORIENTED_EDGE('',*,*,#3099,.F.);
#2053=ORIENTED_EDGE('',*,*,#3100,.F.);
#2054=ORIENTED_EDGE('',*,*,#3101,.F.);
#2055=ORIENTED_EDGE('',*,*,#3102,.F.);
#2056=ORIENTED_EDGE('',*,*,#3103,.F.);
#2057=ORIENTED_EDGE('',*,*,#3104,.F.);
#2058=ORIENTED_EDGE('',*,*,#3105,.F.);
#2059=ORIENTED_EDGE('',*,*,#3106,.F.);
#2060=ORIENTED_EDGE('',*,*,#3107,.F.);
#2061=ORIENTED_EDGE('',*,*,#3108,.F.);
#2062=ORIENTED_EDGE('',*,*,#3109,.F.);
#2063=ORIENTED_EDGE('',*,*,#3110,.F.);
#2064=ORIENTED_EDGE('',*,*,#3111,.F.);
#2065=ORIENTED_EDGE('',*,*,#3112,.F.);
#2066=ORIENTED_EDGE('',*,*,#3113,.F.);
#2067=ORIENTED_EDGE('',*,*,#3114,.F.);
#2068=ORIENTED_EDGE('',*,*,#3115,.F.);
#2069=ORIENTED_EDGE('',*,*,#3116,.F.);
#2070=ORIENTED_EDGE('',*,*,#3117,.F.);
#2071=ORIENTED_EDGE('',*,*,#3118,.F.);
#2072=ORIENTED_EDGE('',*,*,#3119,.F.);
#2073=ORIENTED_EDGE('',*,*,#3120,.F.);
#2074=ORIENTED_EDGE('',*,*,#3121,.F.);
#2075=ORIENTED_EDGE('',*,*,#3122,.F.);
#2076=ORIENTED_EDGE('',*,*,#3123,.F.);
#2077=ORIENTED_EDGE('',*,*,#3124,.F.);
#2078=ORIENTED_EDGE('',*,*,#3125,.F.);
#2079=ORIENTED_EDGE('',*,*,#3126,.F.);
#2080=ORIENTED_EDGE('',*,*,#3127,.F.);
#2081=ORIENTED_EDGE('',*,*,#3128,.F.);
#2082=ORIENTED_EDGE('',*,*,#3129,.F.);
#2083=ORIENTED_EDGE('',*,*,#3130,.F.);
#2084=ORIENTED_EDGE('',*,*,#3131,.F.);
#2085=ORIENTED_EDGE('',*,*,#3132,.F.);
#2086=ORIENTED_EDGE('',*,*,#3133,.F.);
#2087=ORIENTED_EDGE('',*,*,#3134,.F.);
#2088=ORIENTED_EDGE('',*,*,#3135,.F.);
#2089=ORIENTED_EDGE('',*,*,#3136,.F.);
#2090=ORIENTED_EDGE('',*,*,#3137,.F.);
#2091=ORIENTED_EDGE('',*,*,#3138,.F.);
#2092=ORIENTED_EDGE('',*,*,#3139,.F.);
#2093=ORIENTED_EDGE('',*,*,#3140,.F.);
#2094=ORIENTED_EDGE('',*,*,#3141,.F.);
#2095=ORIENTED_EDGE('',*,*,#3142,.F.);
#2096=ORIENTED_EDGE('',*,*,#3143,.F.);
#2097=ORIENTED_EDGE('',*,*,#3144,.F.);
#2098=ORIENTED_EDGE('',*,*,#3145,.F.);
#2099=ORIENTED_EDGE('',*,*,#3146,.F.);
#2100=ORIENTED_EDGE('',*,*,#3147,.F.);
#2101=ORIENTED_EDGE('',*,*,#3148,.F.);
#2102=ORIENTED_EDGE('',*,*,#3149,.F.);
#2103=ORIENTED_EDGE('',*,*,#3150,.F.);
#2104=ORIENTED_EDGE('',*,*,#3151,.F.);
#2105=ORIENTED_EDGE('',*,*,#3152,.F.);
#2106=ORIENTED_EDGE('',*,*,#3153,.F.);
#2107=ORIENTED_EDGE('',*,*,#3154,.F.);
#2108=ORIENTED_EDGE('',*,*,#3155,.F.);
#2109=ORIENTED_EDGE('',*,*,#3156,.F.);
#2110=ORIENTED_EDGE('',*,*,#3157,.F.);
#2111=ORIENTED_EDGE('',*,*,#3158,.F.);
#2112=ORIENTED_EDGE('',*,*,#3159,.F.);
#2113=ORIENTED_EDGE('',*,*,#3160,.F.);
#2114=ORIENTED_EDGE('',*,*,#3161,.F.);
#2115=ORIENTED_EDGE('',*,*,#3162,.F.);
#2116=ORIENTED_EDGE('',*,*,#3163,.F.);
#2117=ORIENTED_EDGE('',*,*,#3164,.F.);
#2118=ORIENTED_EDGE('',*,*,#3165,.F.);
#2119=ORIENTED_EDGE('',*,*,#3166,.F.);
#2120=ORIENTED_EDGE('',*,*,#3167,.T.);
#2121=ORIENTED_EDGE('',*,*,#2655,.T.);
#2122=ORIENTED_EDGE('',*,*,#2678,.T.);
#2123=ORIENTED_EDGE('',*,*,#2694,.T.);
#2124=ORIENTED_EDGE('',*,*,#2713,.T.);
#2125=ORIENTED_EDGE('',*,*,#2724,.T.);
#2126=ORIENTED_EDGE('',*,*,#2743,.T.);
#2127=ORIENTED_EDGE('',*,*,#2754,.T.);
#2128=ORIENTED_EDGE('',*,*,#2773,.T.);
#2129=ORIENTED_EDGE('',*,*,#2784,.T.);
#2130=ORIENTED_EDGE('',*,*,#2803,.T.);
#2131=ORIENTED_EDGE('',*,*,#2814,.T.);
#2132=ORIENTED_EDGE('',*,*,#2833,.T.);
#2133=ORIENTED_EDGE('',*,*,#2844,.T.);
#2134=ORIENTED_EDGE('',*,*,#2863,.T.);
#2135=ORIENTED_EDGE('',*,*,#2874,.T.);
#2136=ORIENTED_EDGE('',*,*,#2893,.T.);
#2137=ORIENTED_EDGE('',*,*,#2904,.T.);
#2138=ORIENTED_EDGE('',*,*,#2923,.T.);
#2139=ORIENTED_EDGE('',*,*,#2934,.T.);
#2140=ORIENTED_EDGE('',*,*,#2953,.T.);
#2141=ORIENTED_EDGE('',*,*,#2964,.T.);
#2142=ORIENTED_EDGE('',*,*,#2983,.T.);
#2143=ORIENTED_EDGE('',*,*,#2994,.T.);
#2144=ORIENTED_EDGE('',*,*,#3013,.T.);
#2145=ORIENTED_EDGE('',*,*,#3024,.T.);
#2146=ORIENTED_EDGE('',*,*,#3043,.T.);
#2147=ORIENTED_EDGE('',*,*,#3054,.T.);
#2148=ORIENTED_EDGE('',*,*,#3073,.T.);
#2149=ORIENTED_EDGE('',*,*,#3091,.T.);
#2150=ORIENTED_EDGE('',*,*,#3168,.T.);
#2151=ORIENTED_EDGE('',*,*,#3085,.T.);
#2152=ORIENTED_EDGE('',*,*,#3169,.F.);
#2153=ORIENTED_EDGE('',*,*,#2657,.T.);
#2154=ORIENTED_EDGE('',*,*,#3170,.T.);
#2155=ORIENTED_EDGE('',*,*,#3081,.F.);
#2156=ORIENTED_EDGE('',*,*,#3086,.F.);
#2157=ORIENTED_EDGE('',*,*,#3170,.F.);
#2158=ORIENTED_EDGE('',*,*,#2656,.F.);
#2159=ORIENTED_EDGE('',*,*,#3168,.F.);
#2160=ORIENTED_EDGE('',*,*,#3090,.F.);
#2161=ORIENTED_EDGE('',*,*,#3171,.T.);
#2162=ORIENTED_EDGE('',*,*,#3061,.F.);
#2163=ORIENTED_EDGE('',*,*,#3171,.F.);
#2164=ORIENTED_EDGE('',*,*,#3089,.F.);
#2165=ORIENTED_EDGE('',*,*,#3172,.T.);
#2166=ORIENTED_EDGE('',*,*,#3062,.F.);
#2167=ORIENTED_EDGE('',*,*,#3172,.F.);
#2168=ORIENTED_EDGE('',*,*,#3088,.F.);
#2169=ORIENTED_EDGE('',*,*,#3173,.T.);
#2170=ORIENTED_EDGE('',*,*,#3063,.F.);
#2171=ORIENTED_EDGE('',*,*,#3173,.F.);
#2172=ORIENTED_EDGE('',*,*,#3087,.F.);
#2173=ORIENTED_EDGE('',*,*,#3065,.T.);
#2174=ORIENTED_EDGE('',*,*,#3064,.F.);
#2175=ORIENTED_EDGE('',*,*,#3083,.T.);
#2176=ORIENTED_EDGE('',*,*,#3092,.F.);
#2177=ORIENTED_EDGE('',*,*,#2659,.T.);
#2178=ORIENTED_EDGE('',*,*,#3174,.T.);
#2179=ORIENTED_EDGE('',*,*,#3084,.T.);
#2180=ORIENTED_EDGE('',*,*,#3174,.F.);
#2181=ORIENTED_EDGE('',*,*,#2658,.T.);
#2182=ORIENTED_EDGE('',*,*,#3169,.T.);
#2183=ORIENTED_EDGE('',*,*,#3175,.T.);
#2184=ORIENTED_EDGE('',*,*,#3176,.T.);
#2185=ORIENTED_EDGE('',*,*,#3177,.T.);
#2186=ORIENTED_EDGE('',*,*,#3178,.T.);
#2187=ORIENTED_EDGE('',*,*,#3179,.T.);
#2188=ORIENTED_EDGE('',*,*,#3180,.T.);
#2189=ORIENTED_EDGE('',*,*,#3181,.T.);
#2190=ORIENTED_EDGE('',*,*,#3182,.T.);
#2191=ORIENTED_EDGE('',*,*,#3183,.T.);
#2192=ORIENTED_EDGE('',*,*,#3167,.F.);
#2193=ORIENTED_EDGE('',*,*,#3176,.F.);
#2194=ORIENTED_EDGE('',*,*,#3184,.F.);
#2195=ORIENTED_EDGE('',*,*,#3185,.T.);
#2196=ORIENTED_EDGE('',*,*,#3186,.T.);
#2197=ORIENTED_EDGE('',*,*,#3187,.T.);
#2198=ORIENTED_EDGE('',*,*,#3188,.F.);
#2199=ORIENTED_EDGE('',*,*,#3189,.T.);
#2200=ORIENTED_EDGE('',*,*,#3184,.T.);
#2201=ORIENTED_EDGE('',*,*,#3190,.T.);
#2202=ORIENTED_EDGE('',*,*,#3191,.F.);
#2203=ORIENTED_EDGE('',*,*,#3192,.T.);
#2204=ORIENTED_EDGE('',*,*,#3188,.T.);
#2205=ORIENTED_EDGE('',*,*,#3193,.T.);
#2206=ORIENTED_EDGE('',*,*,#3194,.F.);
#2207=ORIENTED_EDGE('',*,*,#3195,.T.);
#2208=ORIENTED_EDGE('',*,*,#3191,.T.);
#2209=ORIENTED_EDGE('',*,*,#3196,.T.);
#2210=ORIENTED_EDGE('',*,*,#3197,.F.);
#2211=ORIENTED_EDGE('',*,*,#3198,.T.);
#2212=ORIENTED_EDGE('',*,*,#3194,.T.);
#2213=ORIENTED_EDGE('',*,*,#3199,.T.);
#2214=ORIENTED_EDGE('',*,*,#3186,.F.);
#2215=ORIENTED_EDGE('',*,*,#3200,.T.);
#2216=ORIENTED_EDGE('',*,*,#3197,.T.);
#2217=ORIENTED_EDGE('',*,*,#3201,.T.);
#2218=ORIENTED_EDGE('',*,*,#3202,.F.);
#2219=ORIENTED_EDGE('',*,*,#2647,.F.);
#2220=ORIENTED_EDGE('',*,*,#3203,.F.);
#2221=ORIENTED_EDGE('',*,*,#3195,.F.);
#2222=ORIENTED_EDGE('',*,*,#3203,.T.);
#2223=ORIENTED_EDGE('',*,*,#2646,.F.);
#2224=ORIENTED_EDGE('',*,*,#3204,.F.);
#2225=ORIENTED_EDGE('',*,*,#3192,.F.);
#2226=ORIENTED_EDGE('',*,*,#3202,.T.);
#2227=ORIENTED_EDGE('',*,*,#3198,.F.);
#2228=ORIENTED_EDGE('',*,*,#3205,.F.);
#2229=ORIENTED_EDGE('',*,*,#2648,.F.);
#2230=ORIENTED_EDGE('',*,*,#3204,.T.);
#2231=ORIENTED_EDGE('',*,*,#2645,.F.);
#2232=ORIENTED_EDGE('',*,*,#3206,.F.);
#2233=ORIENTED_EDGE('',*,*,#3189,.F.);
#2234=ORIENTED_EDGE('',*,*,#3205,.T.);
#2235=ORIENTED_EDGE('',*,*,#3200,.F.);
#2236=ORIENTED_EDGE('',*,*,#3207,.F.);
#2237=ORIENTED_EDGE('',*,*,#2643,.F.);
#2238=ORIENTED_EDGE('',*,*,#3206,.T.);
#2239=ORIENTED_EDGE('',*,*,#2644,.F.);
#2240=ORIENTED_EDGE('',*,*,#3207,.T.);
#2241=ORIENTED_EDGE('',*,*,#3185,.F.);
#2242=ORIENTED_EDGE('',*,*,#3208,.F.);
#2243=ORIENTED_EDGE('',*,*,#3182,.F.);
#2244=ORIENTED_EDGE('',*,*,#3209,.F.);
#2245=ORIENTED_EDGE('',*,*,#3196,.F.);
#2246=ORIENTED_EDGE('',*,*,#3209,.T.);
#2247=ORIENTED_EDGE('',*,*,#3181,.F.);
#2248=ORIENTED_EDGE('',*,*,#3210,.F.);
#2249=ORIENTED_EDGE('',*,*,#3199,.F.);
#2250=ORIENTED_EDGE('',*,*,#3208,.T.);
#2251=ORIENTED_EDGE('',*,*,#3193,.F.);
#2252=ORIENTED_EDGE('',*,*,#3211,.F.);
#2253=ORIENTED_EDGE('',*,*,#3183,.F.);
#2254=ORIENTED_EDGE('',*,*,#3210,.T.);
#2255=ORIENTED_EDGE('',*,*,#3180,.F.);
#2256=ORIENTED_EDGE('',*,*,#3212,.F.);
#2257=ORIENTED_EDGE('',*,*,#3201,.F.);
#2258=ORIENTED_EDGE('',*,*,#3211,.T.);
#2259=ORIENTED_EDGE('',*,*,#3190,.F.);
#2260=ORIENTED_EDGE('',*,*,#3213,.F.);
#2261=ORIENTED_EDGE('',*,*,#3178,.F.);
#2262=ORIENTED_EDGE('',*,*,#3212,.T.);
#2263=ORIENTED_EDGE('',*,*,#3179,.F.);
#2264=ORIENTED_EDGE('',*,*,#3213,.T.);
#2265=ORIENTED_EDGE('',*,*,#3187,.F.);
#2266=ORIENTED_EDGE('',*,*,#2642,.F.);
#2267=ORIENTED_EDGE('',*,*,#2649,.F.);
#2268=ORIENTED_EDGE('',*,*,#3175,.F.);
#2269=ORIENTED_EDGE('',*,*,#3177,.F.);
#2270=ORIENTED_EDGE('',*,*,#3163,.T.);
#2271=ORIENTED_EDGE('',*,*,#3214,.F.);
#2272=ORIENTED_EDGE('',*,*,#3215,.T.);
#2273=ORIENTED_EDGE('',*,*,#3216,.T.);
#2274=ORIENTED_EDGE('',*,*,#3166,.T.);
#2275=ORIENTED_EDGE('',*,*,#3217,.F.);
#2276=ORIENTED_EDGE('',*,*,#3218,.T.);
#2277=ORIENTED_EDGE('',*,*,#3214,.T.);
#2278=ORIENTED_EDGE('',*,*,#3165,.T.);
#2279=ORIENTED_EDGE('',*,*,#3219,.F.);
#2280=ORIENTED_EDGE('',*,*,#3220,.T.);
#2281=ORIENTED_EDGE('',*,*,#3217,.T.);
#2282=ORIENTED_EDGE('',*,*,#3164,.T.);
#2283=ORIENTED_EDGE('',*,*,#3216,.F.);
#2284=ORIENTED_EDGE('',*,*,#3221,.T.);
#2285=ORIENTED_EDGE('',*,*,#3219,.T.);
#2286=ORIENTED_EDGE('',*,*,#3220,.F.);
#2287=ORIENTED_EDGE('',*,*,#3221,.F.);
#2288=ORIENTED_EDGE('',*,*,#3215,.F.);
#2289=ORIENTED_EDGE('',*,*,#3218,.F.);
#2290=ORIENTED_EDGE('',*,*,#3148,.T.);
#2291=ORIENTED_EDGE('',*,*,#3222,.F.);
#2292=ORIENTED_EDGE('',*,*,#3223,.T.);
#2293=ORIENTED_EDGE('',*,*,#3224,.T.);
#2294=ORIENTED_EDGE('',*,*,#3162,.T.);
#2295=ORIENTED_EDGE('',*,*,#3225,.F.);
#2296=ORIENTED_EDGE('',*,*,#3226,.T.);
#2297=ORIENTED_EDGE('',*,*,#3222,.T.);
#2298=ORIENTED_EDGE('',*,*,#3161,.T.);
#2299=ORIENTED_EDGE('',*,*,#3227,.F.);
#2300=ORIENTED_EDGE('',*,*,#3228,.T.);
#2301=ORIENTED_EDGE('',*,*,#3225,.T.);
#2302=ORIENTED_EDGE('',*,*,#3160,.T.);
#2303=ORIENTED_EDGE('',*,*,#3229,.F.);
#2304=ORIENTED_EDGE('',*,*,#3230,.T.);
#2305=ORIENTED_EDGE('',*,*,#3227,.T.);
#2306=ORIENTED_EDGE('',*,*,#3159,.T.);
#2307=ORIENTED_EDGE('',*,*,#3231,.F.);
#2308=ORIENTED_EDGE('',*,*,#3232,.T.);
#2309=ORIENTED_EDGE('',*,*,#3229,.T.);
#2310=ORIENTED_EDGE('',*,*,#3158,.T.);
#2311=ORIENTED_EDGE('',*,*,#3233,.F.);
#2312=ORIENTED_EDGE('',*,*,#3234,.T.);
#2313=ORIENTED_EDGE('',*,*,#3231,.T.);
#2314=ORIENTED_EDGE('',*,*,#3157,.T.);
#2315=ORIENTED_EDGE('',*,*,#3235,.F.);
#2316=ORIENTED_EDGE('',*,*,#3236,.T.);
#2317=ORIENTED_EDGE('',*,*,#3233,.T.);
#2318=ORIENTED_EDGE('',*,*,#3156,.T.);
#2319=ORIENTED_EDGE('',*,*,#3237,.F.);
#2320=ORIENTED_EDGE('',*,*,#3238,.T.);
#2321=ORIENTED_EDGE('',*,*,#3235,.T.);
#2322=ORIENTED_EDGE('',*,*,#3155,.T.);
#2323=ORIENTED_EDGE('',*,*,#3239,.F.);
#2324=ORIENTED_EDGE('',*,*,#3240,.T.);
#2325=ORIENTED_EDGE('',*,*,#3237,.T.);
#2326=ORIENTED_EDGE('',*,*,#3154,.T.);
#2327=ORIENTED_EDGE('',*,*,#3241,.F.);
#2328=ORIENTED_EDGE('',*,*,#3242,.T.);
#2329=ORIENTED_EDGE('',*,*,#3239,.T.);
#2330=ORIENTED_EDGE('',*,*,#3153,.T.);
#2331=ORIENTED_EDGE('',*,*,#3243,.F.);
#2332=ORIENTED_EDGE('',*,*,#3244,.T.);
#2333=ORIENTED_EDGE('',*,*,#3241,.T.);
#2334=ORIENTED_EDGE('',*,*,#3152,.T.);
#2335=ORIENTED_EDGE('',*,*,#3245,.F.);
#2336=ORIENTED_EDGE('',*,*,#3246,.T.);
#2337=ORIENTED_EDGE('',*,*,#3243,.T.);
#2338=ORIENTED_EDGE('',*,*,#3151,.T.);
#2339=ORIENTED_EDGE('',*,*,#3247,.F.);
#2340=ORIENTED_EDGE('',*,*,#3248,.T.);
#2341=ORIENTED_EDGE('',*,*,#3245,.T.);
#2342=ORIENTED_EDGE('',*,*,#3150,.T.);
#2343=ORIENTED_EDGE('',*,*,#3249,.F.);
#2344=ORIENTED_EDGE('',*,*,#3250,.T.);
#2345=ORIENTED_EDGE('',*,*,#3247,.T.);
#2346=ORIENTED_EDGE('',*,*,#3149,.T.);
#2347=ORIENTED_EDGE('',*,*,#3224,.F.);
#2348=ORIENTED_EDGE('',*,*,#3251,.T.);
#2349=ORIENTED_EDGE('',*,*,#3249,.T.);
#2350=ORIENTED_EDGE('',*,*,#3250,.F.);
#2351=ORIENTED_EDGE('',*,*,#3251,.F.);
#2352=ORIENTED_EDGE('',*,*,#3223,.F.);
#2353=ORIENTED_EDGE('',*,*,#3226,.F.);
#2354=ORIENTED_EDGE('',*,*,#3228,.F.);
#2355=ORIENTED_EDGE('',*,*,#3230,.F.);
#2356=ORIENTED_EDGE('',*,*,#3232,.F.);
#2357=ORIENTED_EDGE('',*,*,#3234,.F.);
#2358=ORIENTED_EDGE('',*,*,#3236,.F.);
#2359=ORIENTED_EDGE('',*,*,#3238,.F.);
#2360=ORIENTED_EDGE('',*,*,#3240,.F.);
#2361=ORIENTED_EDGE('',*,*,#3242,.F.);
#2362=ORIENTED_EDGE('',*,*,#3244,.F.);
#2363=ORIENTED_EDGE('',*,*,#3246,.F.);
#2364=ORIENTED_EDGE('',*,*,#3248,.F.);
#2365=ORIENTED_EDGE('',*,*,#3129,.T.);
#2366=ORIENTED_EDGE('',*,*,#3252,.F.);
#2367=ORIENTED_EDGE('',*,*,#3253,.T.);
#2368=ORIENTED_EDGE('',*,*,#3254,.T.);
#2369=ORIENTED_EDGE('',*,*,#3147,.T.);
#2370=ORIENTED_EDGE('',*,*,#3255,.F.);
#2371=ORIENTED_EDGE('',*,*,#3256,.T.);
#2372=ORIENTED_EDGE('',*,*,#3252,.T.);
#2373=ORIENTED_EDGE('',*,*,#3146,.T.);
#2374=ORIENTED_EDGE('',*,*,#3257,.F.);
#2375=ORIENTED_EDGE('',*,*,#3258,.T.);
#2376=ORIENTED_EDGE('',*,*,#3255,.T.);
#2377=ORIENTED_EDGE('',*,*,#3145,.T.);
#2378=ORIENTED_EDGE('',*,*,#3259,.F.);
#2379=ORIENTED_EDGE('',*,*,#3260,.T.);
#2380=ORIENTED_EDGE('',*,*,#3257,.T.);
#2381=ORIENTED_EDGE('',*,*,#3144,.T.);
#2382=ORIENTED_EDGE('',*,*,#3261,.F.);
#2383=ORIENTED_EDGE('',*,*,#3262,.T.);
#2384=ORIENTED_EDGE('',*,*,#3259,.T.);
#2385=ORIENTED_EDGE('',*,*,#3143,.T.);
#2386=ORIENTED_EDGE('',*,*,#3263,.F.);
#2387=ORIENTED_EDGE('',*,*,#3264,.T.);
#2388=ORIENTED_EDGE('',*,*,#3261,.T.);
#2389=ORIENTED_EDGE('',*,*,#3142,.T.);
#2390=ORIENTED_EDGE('',*,*,#3265,.F.);
#2391=ORIENTED_EDGE('',*,*,#3266,.T.);
#2392=ORIENTED_EDGE('',*,*,#3263,.T.);
#2393=ORIENTED_EDGE('',*,*,#3141,.T.);
#2394=ORIENTED_EDGE('',*,*,#3267,.F.);
#2395=ORIENTED_EDGE('',*,*,#3268,.T.);
#2396=ORIENTED_EDGE('',*,*,#3265,.T.);
#2397=ORIENTED_EDGE('',*,*,#3140,.T.);
#2398=ORIENTED_EDGE('',*,*,#3269,.F.);
#2399=ORIENTED_EDGE('',*,*,#3270,.T.);
#2400=ORIENTED_EDGE('',*,*,#3267,.T.);
#2401=ORIENTED_EDGE('',*,*,#3139,.T.);
#2402=ORIENTED_EDGE('',*,*,#3271,.F.);
#2403=ORIENTED_EDGE('',*,*,#3272,.T.);
#2404=ORIENTED_EDGE('',*,*,#3269,.T.);
#2405=ORIENTED_EDGE('',*,*,#3138,.T.);
#2406=ORIENTED_EDGE('',*,*,#3273,.F.);
#2407=ORIENTED_EDGE('',*,*,#3274,.T.);
#2408=ORIENTED_EDGE('',*,*,#3271,.T.);
#2409=ORIENTED_EDGE('',*,*,#3137,.T.);
#2410=ORIENTED_EDGE('',*,*,#3275,.F.);
#2411=ORIENTED_EDGE('',*,*,#3276,.T.);
#2412=ORIENTED_EDGE('',*,*,#3273,.T.);
#2413=ORIENTED_EDGE('',*,*,#3136,.T.);
#2414=ORIENTED_EDGE('',*,*,#3277,.F.);
#2415=ORIENTED_EDGE('',*,*,#3278,.T.);
#2416=ORIENTED_EDGE('',*,*,#3275,.T.);
#2417=ORIENTED_EDGE('',*,*,#3135,.T.);
#2418=ORIENTED_EDGE('',*,*,#3279,.F.);
#2419=ORIENTED_EDGE('',*,*,#3280,.T.);
#2420=ORIENTED_EDGE('',*,*,#3277,.T.);
#2421=ORIENTED_EDGE('',*,*,#3134,.T.);
#2422=ORIENTED_EDGE('',*,*,#3281,.F.);
#2423=ORIENTED_EDGE('',*,*,#3282,.T.);
#2424=ORIENTED_EDGE('',*,*,#3279,.T.);
#2425=ORIENTED_EDGE('',*,*,#3133,.T.);
#2426=ORIENTED_EDGE('',*,*,#3283,.F.);
#2427=ORIENTED_EDGE('',*,*,#3284,.T.);
#2428=ORIENTED_EDGE('',*,*,#3281,.T.);
#2429=ORIENTED_EDGE('',*,*,#3132,.T.);
#2430=ORIENTED_EDGE('',*,*,#3285,.F.);
#2431=ORIENTED_EDGE('',*,*,#3286,.T.);
#2432=ORIENTED_EDGE('',*,*,#3283,.T.);
#2433=ORIENTED_EDGE('',*,*,#3131,.T.);
#2434=ORIENTED_EDGE('',*,*,#3287,.F.);
#2435=ORIENTED_EDGE('',*,*,#3288,.T.);
#2436=ORIENTED_EDGE('',*,*,#3285,.T.);
#2437=ORIENTED_EDGE('',*,*,#3130,.T.);
#2438=ORIENTED_EDGE('',*,*,#3254,.F.);
#2439=ORIENTED_EDGE('',*,*,#3289,.T.);
#2440=ORIENTED_EDGE('',*,*,#3287,.T.);
#2441=ORIENTED_EDGE('',*,*,#3288,.F.);
#2442=ORIENTED_EDGE('',*,*,#3289,.F.);
#2443=ORIENTED_EDGE('',*,*,#3253,.F.);
#2444=ORIENTED_EDGE('',*,*,#3256,.F.);
#2445=ORIENTED_EDGE('',*,*,#3258,.F.);
#2446=ORIENTED_EDGE('',*,*,#3260,.F.);
#2447=ORIENTED_EDGE('',*,*,#3262,.F.);
#2448=ORIENTED_EDGE('',*,*,#3264,.F.);
#2449=ORIENTED_EDGE('',*,*,#3266,.F.);
#2450=ORIENTED_EDGE('',*,*,#3268,.F.);
#2451=ORIENTED_EDGE('',*,*,#3270,.F.);
#2452=ORIENTED_EDGE('',*,*,#3272,.F.);
#2453=ORIENTED_EDGE('',*,*,#3274,.F.);
#2454=ORIENTED_EDGE('',*,*,#3276,.F.);
#2455=ORIENTED_EDGE('',*,*,#3278,.F.);
#2456=ORIENTED_EDGE('',*,*,#3280,.F.);
#2457=ORIENTED_EDGE('',*,*,#3282,.F.);
#2458=ORIENTED_EDGE('',*,*,#3284,.F.);
#2459=ORIENTED_EDGE('',*,*,#3286,.F.);
#2460=ORIENTED_EDGE('',*,*,#3120,.T.);
#2461=ORIENTED_EDGE('',*,*,#3290,.F.);
#2462=ORIENTED_EDGE('',*,*,#3291,.T.);
#2463=ORIENTED_EDGE('',*,*,#3292,.T.);
#2464=ORIENTED_EDGE('',*,*,#3128,.T.);
#2465=ORIENTED_EDGE('',*,*,#3293,.F.);
#2466=ORIENTED_EDGE('',*,*,#3294,.T.);
#2467=ORIENTED_EDGE('',*,*,#3290,.T.);
#2468=ORIENTED_EDGE('',*,*,#3127,.T.);
#2469=ORIENTED_EDGE('',*,*,#3295,.F.);
#2470=ORIENTED_EDGE('',*,*,#3296,.T.);
#2471=ORIENTED_EDGE('',*,*,#3293,.T.);
#2472=ORIENTED_EDGE('',*,*,#3126,.T.);
#2473=ORIENTED_EDGE('',*,*,#3297,.F.);
#2474=ORIENTED_EDGE('',*,*,#3298,.T.);
#2475=ORIENTED_EDGE('',*,*,#3295,.T.);
#2476=ORIENTED_EDGE('',*,*,#3125,.T.);
#2477=ORIENTED_EDGE('',*,*,#3299,.F.);
#2478=ORIENTED_EDGE('',*,*,#3300,.T.);
#2479=ORIENTED_EDGE('',*,*,#3297,.T.);
#2480=ORIENTED_EDGE('',*,*,#3124,.T.);
#2481=ORIENTED_EDGE('',*,*,#3301,.F.);
#2482=ORIENTED_EDGE('',*,*,#3302,.T.);
#2483=ORIENTED_EDGE('',*,*,#3299,.T.);
#2484=ORIENTED_EDGE('',*,*,#3123,.T.);
#2485=ORIENTED_EDGE('',*,*,#3303,.F.);
#2486=ORIENTED_EDGE('',*,*,#3304,.T.);
#2487=ORIENTED_EDGE('',*,*,#3301,.T.);
#2488=ORIENTED_EDGE('',*,*,#3122,.T.);
#2489=ORIENTED_EDGE('',*,*,#3305,.F.);
#2490=ORIENTED_EDGE('',*,*,#3306,.T.);
#2491=ORIENTED_EDGE('',*,*,#3303,.T.);
#2492=ORIENTED_EDGE('',*,*,#3121,.T.);
#2493=ORIENTED_EDGE('',*,*,#3292,.F.);
#2494=ORIENTED_EDGE('',*,*,#3307,.T.);
#2495=ORIENTED_EDGE('',*,*,#3305,.T.);
#2496=ORIENTED_EDGE('',*,*,#3306,.F.);
#2497=ORIENTED_EDGE('',*,*,#3307,.F.);
#2498=ORIENTED_EDGE('',*,*,#3291,.F.);
#2499=ORIENTED_EDGE('',*,*,#3294,.F.);
#2500=ORIENTED_EDGE('',*,*,#3296,.F.);
#2501=ORIENTED_EDGE('',*,*,#3298,.F.);
#2502=ORIENTED_EDGE('',*,*,#3300,.F.);
#2503=ORIENTED_EDGE('',*,*,#3302,.F.);
#2504=ORIENTED_EDGE('',*,*,#3304,.F.);
#2505=ORIENTED_EDGE('',*,*,#3108,.T.);
#2506=ORIENTED_EDGE('',*,*,#3308,.F.);
#2507=ORIENTED_EDGE('',*,*,#3309,.T.);
#2508=ORIENTED_EDGE('',*,*,#3310,.T.);
#2509=ORIENTED_EDGE('',*,*,#3119,.T.);
#2510=ORIENTED_EDGE('',*,*,#3311,.F.);
#2511=ORIENTED_EDGE('',*,*,#3312,.T.);
#2512=ORIENTED_EDGE('',*,*,#3308,.T.);
#2513=ORIENTED_EDGE('',*,*,#3118,.T.);
#2514=ORIENTED_EDGE('',*,*,#3313,.F.);
#2515=ORIENTED_EDGE('',*,*,#3314,.T.);
#2516=ORIENTED_EDGE('',*,*,#3311,.T.);
#2517=ORIENTED_EDGE('',*,*,#3117,.T.);
#2518=ORIENTED_EDGE('',*,*,#3315,.F.);
#2519=ORIENTED_EDGE('',*,*,#3316,.T.);
#2520=ORIENTED_EDGE('',*,*,#3313,.T.);
#2521=ORIENTED_EDGE('',*,*,#3116,.T.);
#2522=ORIENTED_EDGE('',*,*,#3317,.F.);
#2523=ORIENTED_EDGE('',*,*,#3318,.T.);
#2524=ORIENTED_EDGE('',*,*,#3315,.T.);
#2525=ORIENTED_EDGE('',*,*,#3115,.T.);
#2526=ORIENTED_EDGE('',*,*,#3319,.F.);
#2527=ORIENTED_EDGE('',*,*,#3320,.T.);
#2528=ORIENTED_EDGE('',*,*,#3317,.T.);
#2529=ORIENTED_EDGE('',*,*,#3114,.T.);
#2530=ORIENTED_EDGE('',*,*,#3321,.F.);
#2531=ORIENTED_EDGE('',*,*,#3322,.T.);
#2532=ORIENTED_EDGE('',*,*,#3319,.T.);
#2533=ORIENTED_EDGE('',*,*,#3113,.T.);
#2534=ORIENTED_EDGE('',*,*,#3323,.F.);
#2535=ORIENTED_EDGE('',*,*,#3324,.T.);
#2536=ORIENTED_EDGE('',*,*,#3321,.T.);
#2537=ORIENTED_EDGE('',*,*,#3112,.T.);
#2538=ORIENTED_EDGE('',*,*,#3325,.F.);
#2539=ORIENTED_EDGE('',*,*,#3326,.T.);
#2540=ORIENTED_EDGE('',*,*,#3323,.T.);
#2541=ORIENTED_EDGE('',*,*,#3111,.T.);
#2542=ORIENTED_EDGE('',*,*,#3327,.F.);
#2543=ORIENTED_EDGE('',*,*,#3328,.T.);
#2544=ORIENTED_EDGE('',*,*,#3325,.T.);
#2545=ORIENTED_EDGE('',*,*,#3110,.T.);
#2546=ORIENTED_EDGE('',*,*,#3329,.F.);
#2547=ORIENTED_EDGE('',*,*,#3330,.T.);
#2548=ORIENTED_EDGE('',*,*,#3327,.T.);
#2549=ORIENTED_EDGE('',*,*,#3109,.T.);
#2550=ORIENTED_EDGE('',*,*,#3310,.F.);
#2551=ORIENTED_EDGE('',*,*,#3331,.T.);
#2552=ORIENTED_EDGE('',*,*,#3329,.T.);
#2553=ORIENTED_EDGE('',*,*,#3330,.F.);
#2554=ORIENTED_EDGE('',*,*,#3331,.F.);
#2555=ORIENTED_EDGE('',*,*,#3309,.F.);
#2556=ORIENTED_EDGE('',*,*,#3312,.F.);
#2557=ORIENTED_EDGE('',*,*,#3314,.F.);
#2558=ORIENTED_EDGE('',*,*,#3316,.F.);
#2559=ORIENTED_EDGE('',*,*,#3318,.F.);
#2560=ORIENTED_EDGE('',*,*,#3320,.F.);
#2561=ORIENTED_EDGE('',*,*,#3322,.F.);
#2562=ORIENTED_EDGE('',*,*,#3324,.F.);
#2563=ORIENTED_EDGE('',*,*,#3326,.F.);
#2564=ORIENTED_EDGE('',*,*,#3328,.F.);
#2565=ORIENTED_EDGE('',*,*,#3093,.T.);
#2566=ORIENTED_EDGE('',*,*,#3332,.F.);
#2567=ORIENTED_EDGE('',*,*,#3333,.T.);
#2568=ORIENTED_EDGE('',*,*,#3334,.T.);
#2569=ORIENTED_EDGE('',*,*,#3107,.T.);
#2570=ORIENTED_EDGE('',*,*,#3335,.F.);
#2571=ORIENTED_EDGE('',*,*,#3336,.T.);
#2572=ORIENTED_EDGE('',*,*,#3332,.T.);
#2573=ORIENTED_EDGE('',*,*,#3106,.T.);
#2574=ORIENTED_EDGE('',*,*,#3337,.F.);
#2575=ORIENTED_EDGE('',*,*,#3338,.T.);
#2576=ORIENTED_EDGE('',*,*,#3335,.T.);
#2577=ORIENTED_EDGE('',*,*,#3105,.T.);
#2578=ORIENTED_EDGE('',*,*,#3339,.F.);
#2579=ORIENTED_EDGE('',*,*,#3340,.T.);
#2580=ORIENTED_EDGE('',*,*,#3337,.T.);
#2581=ORIENTED_EDGE('',*,*,#3104,.T.);
#2582=ORIENTED_EDGE('',*,*,#3341,.F.);
#2583=ORIENTED_EDGE('',*,*,#3342,.T.);
#2584=ORIENTED_EDGE('',*,*,#3339,.T.);
#2585=ORIENTED_EDGE('',*,*,#3103,.T.);
#2586=ORIENTED_EDGE('',*,*,#3343,.F.);
#2587=ORIENTED_EDGE('',*,*,#3344,.T.);
#2588=ORIENTED_EDGE('',*,*,#3341,.T.);
#2589=ORIENTED_EDGE('',*,*,#3102,.T.);
#2590=ORIENTED_EDGE('',*,*,#3345,.F.);
#2591=ORIENTED_EDGE('',*,*,#3346,.T.);
#2592=ORIENTED_EDGE('',*,*,#3343,.T.);
#2593=ORIENTED_EDGE('',*,*,#3101,.T.);
#2594=ORIENTED_EDGE('',*,*,#3347,.F.);
#2595=ORIENTED_EDGE('',*,*,#3348,.T.);
#2596=ORIENTED_EDGE('',*,*,#3345,.T.);
#2597=ORIENTED_EDGE('',*,*,#3100,.T.);
#2598=ORIENTED_EDGE('',*,*,#3349,.F.);
#2599=ORIENTED_EDGE('',*,*,#3350,.T.);
#2600=ORIENTED_EDGE('',*,*,#3347,.T.);
#2601=ORIENTED_EDGE('',*,*,#3099,.T.);
#2602=ORIENTED_EDGE('',*,*,#3351,.F.);
#2603=ORIENTED_EDGE('',*,*,#3352,.T.);
#2604=ORIENTED_EDGE('',*,*,#3349,.T.);
#2605=ORIENTED_EDGE('',*,*,#3098,.T.);
#2606=ORIENTED_EDGE('',*,*,#3353,.F.);
#2607=ORIENTED_EDGE('',*,*,#3354,.T.);
#2608=ORIENTED_EDGE('',*,*,#3351,.T.);
#2609=ORIENTED_EDGE('',*,*,#3097,.T.);
#2610=ORIENTED_EDGE('',*,*,#3355,.F.);
#2611=ORIENTED_EDGE('',*,*,#3356,.T.);
#2612=ORIENTED_EDGE('',*,*,#3353,.T.);
#2613=ORIENTED_EDGE('',*,*,#3096,.T.);
#2614=ORIENTED_EDGE('',*,*,#3357,.F.);
#2615=ORIENTED_EDGE('',*,*,#3358,.T.);
#2616=ORIENTED_EDGE('',*,*,#3355,.T.);
#2617=ORIENTED_EDGE('',*,*,#3095,.T.);
#2618=ORIENTED_EDGE('',*,*,#3359,.F.);
#2619=ORIENTED_EDGE('',*,*,#3360,.T.);
#2620=ORIENTED_EDGE('',*,*,#3357,.T.);
#2621=ORIENTED_EDGE('',*,*,#3094,.T.);
#2622=ORIENTED_EDGE('',*,*,#3334,.F.);
#2623=ORIENTED_EDGE('',*,*,#3361,.T.);
#2624=ORIENTED_EDGE('',*,*,#3359,.T.);
#2625=ORIENTED_EDGE('',*,*,#3360,.F.);
#2626=ORIENTED_EDGE('',*,*,#3361,.F.);
#2627=ORIENTED_EDGE('',*,*,#3333,.F.);
#2628=ORIENTED_EDGE('',*,*,#3336,.F.);
#2629=ORIENTED_EDGE('',*,*,#3338,.F.);
#2630=ORIENTED_EDGE('',*,*,#3340,.F.);
#2631=ORIENTED_EDGE('',*,*,#3342,.F.);
#2632=ORIENTED_EDGE('',*,*,#3344,.F.);
#2633=ORIENTED_EDGE('',*,*,#3346,.F.);
#2634=ORIENTED_EDGE('',*,*,#3348,.F.);
#2635=ORIENTED_EDGE('',*,*,#3350,.F.);
#2636=ORIENTED_EDGE('',*,*,#3352,.F.);
#2637=ORIENTED_EDGE('',*,*,#3354,.F.);
#2638=ORIENTED_EDGE('',*,*,#3356,.F.);
#2639=ORIENTED_EDGE('',*,*,#3358,.F.);
#2640=EDGE_CURVE('',#3362,#3362,#3842,.F.);
#2641=EDGE_CURVE('',#3363,#3363,#3843,.T.);
#2642=EDGE_CURVE('',#3364,#3364,#3844,.T.);
#2643=EDGE_CURVE('',#3365,#3366,#446,.T.);
#2644=EDGE_CURVE('',#3366,#3367,#447,.T.);
#2645=EDGE_CURVE('',#3367,#3368,#448,.T.);
#2646=EDGE_CURVE('',#3368,#3369,#449,.T.);
#2647=EDGE_CURVE('',#3369,#3370,#450,.T.);
#2648=EDGE_CURVE('',#3370,#3365,#451,.T.);
#2649=EDGE_CURVE('',#3371,#3371,#3845,.F.);
#2650=EDGE_CURVE('',#3372,#3373,#3846,.F.);
#2651=EDGE_CURVE('',#3372,#3374,#32,.T.);
#2652=EDGE_CURVE('',#3374,#3375,#33,.T.);
#2653=EDGE_CURVE('',#3375,#3376,#34,.T.);
#2654=EDGE_CURVE('',#3376,#3377,#35,.T.);
#2655=EDGE_CURVE('',#3378,#3377,#3847,.T.);
#2656=EDGE_CURVE('',#3378,#3379,#36,.T.);
#2657=EDGE_CURVE('',#3380,#3379,#37,.T.);
#2658=EDGE_CURVE('',#3381,#3380,#38,.T.);
#2659=EDGE_CURVE('',#3373,#3381,#39,.T.);
#2660=EDGE_CURVE('',#3382,#3383,#3848,.T.);
#2661=EDGE_CURVE('',#3384,#3382,#40,.T.);
#2662=EDGE_CURVE('',#3385,#3384,#41,.T.);
#2663=EDGE_CURVE('',#3386,#3385,#42,.T.);
#2664=EDGE_CURVE('',#3386,#3387,#43,.T.);
#2665=EDGE_CURVE('',#3388,#3387,#3849,.F.);
#2666=EDGE_CURVE('',#3388,#3389,#44,.T.);
#2667=EDGE_CURVE('',#3389,#3390,#45,.T.);
#2668=EDGE_CURVE('',#3390,#3391,#46,.T.);
#2669=EDGE_CURVE('',#3391,#3383,#47,.T.);
#2670=EDGE_CURVE('',#3392,#3383,#452,.T.);
#2671=EDGE_CURVE('',#3392,#3393,#3850,.F.);
#2672=EDGE_CURVE('',#3393,#3382,#453,.T.);
#2673=EDGE_CURVE('',#3394,#3385,#454,.T.);
#2674=EDGE_CURVE('',#3394,#3395,#48,.T.);
#2675=EDGE_CURVE('',#3395,#3386,#455,.T.);
#2676=EDGE_CURVE('',#3387,#3396,#3851,.T.);
#2677=EDGE_CURVE('',#3397,#3395,#49,.T.);
#2678=EDGE_CURVE('',#3377,#3397,#3852,.F.);
#2679=EDGE_CURVE('',#3376,#3398,#456,.T.);
#2680=EDGE_CURVE('',#3396,#3398,#50,.T.);
#2681=EDGE_CURVE('',#3375,#3399,#457,.T.);
#2682=EDGE_CURVE('',#3398,#3399,#51,.T.);
#2683=EDGE_CURVE('',#3374,#3400,#458,.T.);
#2684=EDGE_CURVE('',#3399,#3400,#52,.T.);
#2685=EDGE_CURVE('',#3372,#3401,#459,.T.);
#2686=EDGE_CURVE('',#3400,#3401,#53,.T.);
#2687=EDGE_CURVE('',#3393,#3402,#54,.T.);
#2688=EDGE_CURVE('',#3402,#3384,#460,.T.);
#2689=EDGE_CURVE('',#3402,#3394,#55,.T.);
#2690=EDGE_CURVE('',#3392,#3403,#56,.T.);
#2691=EDGE_CURVE('',#3403,#3404,#57,.T.);
#2692=EDGE_CURVE('',#3404,#3405,#58,.T.);
#2693=EDGE_CURVE('',#3405,#3406,#59,.T.);
#2694=EDGE_CURVE('',#3397,#3406,#3853,.T.);
#2695=EDGE_CURVE('',#3407,#3408,#3854,.T.);
#2696=EDGE_CURVE('',#3409,#3407,#60,.T.);
#2697=EDGE_CURVE('',#3410,#3409,#61,.T.);
#2698=EDGE_CURVE('',#3411,#3410,#62,.T.);
#2699=EDGE_CURVE('',#3411,#3412,#63,.T.);
#2700=EDGE_CURVE('',#3413,#3412,#3855,.F.);
#2701=EDGE_CURVE('',#3413,#3414,#64,.T.);
#2702=EDGE_CURVE('',#3414,#3415,#65,.T.);
#2703=EDGE_CURVE('',#3415,#3416,#66,.T.);
#2704=EDGE_CURVE('',#3416,#3408,#67,.T.);
#2705=EDGE_CURVE('',#3417,#3408,#461,.T.);
#2706=EDGE_CURVE('',#3417,#3418,#3856,.F.);
#2707=EDGE_CURVE('',#3418,#3407,#462,.T.);
#2708=EDGE_CURVE('',#3419,#3410,#463,.T.);
#2709=EDGE_CURVE('',#3419,#3420,#68,.T.);
#2710=EDGE_CURVE('',#3420,#3411,#464,.T.);
#2711=EDGE_CURVE('',#3412,#3388,#3857,.T.);
#2712=EDGE_CURVE('',#3421,#3420,#69,.T.);
#2713=EDGE_CURVE('',#3406,#3421,#3858,.F.);
#2714=EDGE_CURVE('',#3405,#3389,#465,.T.);
#2715=EDGE_CURVE('',#3404,#3390,#466,.T.);
#2716=EDGE_CURVE('',#3403,#3391,#467,.T.);
#2717=EDGE_CURVE('',#3418,#3422,#70,.T.);
#2718=EDGE_CURVE('',#3422,#3409,#468,.T.);
#2719=EDGE_CURVE('',#3422,#3419,#71,.T.);
#2720=EDGE_CURVE('',#3417,#3423,#72,.T.);
#2721=EDGE_CURVE('',#3423,#3424,#73,.T.);
#2722=EDGE_CURVE('',#3424,#3425,#74,.T.);
#2723=EDGE_CURVE('',#3425,#3426,#75,.T.);
#2724=EDGE_CURVE('',#3421,#3426,#3859,.T.);
#2725=EDGE_CURVE('',#3427,#3428,#3860,.T.);
#2726=EDGE_CURVE('',#3429,#3427,#76,.T.);
#2727=EDGE_CURVE('',#3430,#3429,#77,.T.);
#2728=EDGE_CURVE('',#3431,#3430,#78,.T.);
#2729=EDGE_CURVE('',#3431,#3432,#79,.T.);
#2730=EDGE_CURVE('',#3433,#3432,#3861,.F.);
#2731=EDGE_CURVE('',#3433,#3434,#80,.T.);
#2732=EDGE_CURVE('',#3434,#3435,#81,.T.);
#2733=EDGE_CURVE('',#3435,#3436,#82,.T.);
#2734=EDGE_CURVE('',#3436,#3428,#83,.T.);
#2735=EDGE_CURVE('',#3437,#3428,#469,.T.);
#2736=EDGE_CURVE('',#3437,#3438,#3862,.F.);
#2737=EDGE_CURVE('',#3438,#3427,#470,.T.);
#2738=EDGE_CURVE('',#3439,#3430,#471,.T.);
#2739=EDGE_CURVE('',#3439,#3440,#84,.T.);
#2740=EDGE_CURVE('',#3440,#3431,#472,.T.);
#2741=EDGE_CURVE('',#3432,#3413,#3863,.T.);
#2742=EDGE_CURVE('',#3441,#3440,#85,.T.);
#2743=EDGE_CURVE('',#3426,#3441,#3864,.F.);
#2744=EDGE_CURVE('',#3425,#3414,#473,.T.);
#2745=EDGE_CURVE('',#3424,#3415,#474,.T.);
#2746=EDGE_CURVE('',#3423,#3416,#475,.T.);
#2747=EDGE_CURVE('',#3438,#3442,#86,.T.);
#2748=EDGE_CURVE('',#3442,#3429,#476,.T.);
#2749=EDGE_CURVE('',#3442,#3439,#87,.T.);
#2750=EDGE_CURVE('',#3437,#3443,#88,.T.);
#2751=EDGE_CURVE('',#3443,#3444,#89,.T.);
#2752=EDGE_CURVE('',#3444,#3445,#90,.T.);
#2753=EDGE_CURVE('',#3445,#3446,#91,.T.);
#2754=EDGE_CURVE('',#3441,#3446,#3865,.T.);
#2755=EDGE_CURVE('',#3447,#3448,#3866,.T.);
#2756=EDGE_CURVE('',#3449,#3447,#92,.T.);
#2757=EDGE_CURVE('',#3450,#3449,#93,.T.);
#2758=EDGE_CURVE('',#3451,#3450,#94,.T.);
#2759=EDGE_CURVE('',#3451,#3452,#95,.T.);
#2760=EDGE_CURVE('',#3453,#3452,#3867,.F.);
#2761=EDGE_CURVE('',#3453,#3454,#96,.T.);
#2762=EDGE_CURVE('',#3454,#3455,#97,.T.);
#2763=EDGE_CURVE('',#3455,#3456,#98,.T.);
#2764=EDGE_CURVE('',#3456,#3448,#99,.T.);
#2765=EDGE_CURVE('',#3457,#3448,#477,.T.);
#2766=EDGE_CURVE('',#3457,#3458,#3868,.F.);
#2767=EDGE_CURVE('',#3458,#3447,#478,.T.);
#2768=EDGE_CURVE('',#3459,#3450,#479,.T.);
#2769=EDGE_CURVE('',#3459,#3460,#100,.T.);
#2770=EDGE_CURVE('',#3460,#3451,#480,.T.);
#2771=EDGE_CURVE('',#3452,#3433,#3869,.T.);
#2772=EDGE_CURVE('',#3461,#3460,#101,.T.);
#2773=EDGE_CURVE('',#3446,#3461,#3870,.F.);
#2774=EDGE_CURVE('',#3445,#3434,#481,.T.);
#2775=EDGE_CURVE('',#3444,#3435,#482,.T.);
#2776=EDGE_CURVE('',#3443,#3436,#483,.T.);
#2777=EDGE_CURVE('',#3458,#3462,#102,.T.);
#2778=EDGE_CURVE('',#3462,#3449,#484,.T.);
#2779=EDGE_CURVE('',#3462,#3459,#103,.T.);
#2780=EDGE_CURVE('',#3457,#3463,#104,.T.);
#2781=EDGE_CURVE('',#3463,#3464,#105,.T.);
#2782=EDGE_CURVE('',#3464,#3465,#106,.T.);
#2783=EDGE_CURVE('',#3465,#3466,#107,.T.);
#2784=EDGE_CURVE('',#3461,#3466,#3871,.T.);
#2785=EDGE_CURVE('',#3467,#3468,#3872,.T.);
#2786=EDGE_CURVE('',#3469,#3467,#108,.T.);
#2787=EDGE_CURVE('',#3470,#3469,#109,.T.);
#2788=EDGE_CURVE('',#3471,#3470,#110,.T.);
#2789=EDGE_CURVE('',#3471,#3472,#111,.T.);
#2790=EDGE_CURVE('',#3473,#3472,#3873,.F.);
#2791=EDGE_CURVE('',#3473,#3474,#112,.T.);
#2792=EDGE_CURVE('',#3474,#3475,#113,.T.);
#2793=EDGE_CURVE('',#3475,#3476,#114,.T.);
#2794=EDGE_CURVE('',#3476,#3468,#115,.T.);
#2795=EDGE_CURVE('',#3477,#3468,#485,.T.);
#2796=EDGE_CURVE('',#3477,#3478,#3874,.F.);
#2797=EDGE_CURVE('',#3478,#3467,#486,.T.);
#2798=EDGE_CURVE('',#3479,#3470,#487,.T.);
#2799=EDGE_CURVE('',#3479,#3480,#116,.T.);
#2800=EDGE_CURVE('',#3480,#3471,#488,.T.);
#2801=EDGE_CURVE('',#3472,#3453,#3875,.T.);
#2802=EDGE_CURVE('',#3481,#3480,#117,.T.);
#2803=EDGE_CURVE('',#3466,#3481,#3876,.F.);
#2804=EDGE_CURVE('',#3465,#3454,#489,.T.);
#2805=EDGE_CURVE('',#3464,#3455,#490,.T.);
#2806=EDGE_CURVE('',#3463,#3456,#491,.T.);
#2807=EDGE_CURVE('',#3478,#3482,#118,.T.);
#2808=EDGE_CURVE('',#3482,#3469,#492,.T.);
#2809=EDGE_CURVE('',#3482,#3479,#119,.T.);
#2810=EDGE_CURVE('',#3477,#3483,#120,.T.);
#2811=EDGE_CURVE('',#3483,#3484,#121,.T.);
#2812=EDGE_CURVE('',#3484,#3485,#122,.T.);
#2813=EDGE_CURVE('',#3485,#3486,#123,.T.);
#2814=EDGE_CURVE('',#3481,#3486,#3877,.T.);
#2815=EDGE_CURVE('',#3487,#3488,#3878,.T.);
#2816=EDGE_CURVE('',#3489,#3487,#124,.T.);
#2817=EDGE_CURVE('',#3490,#3489,#125,.T.);
#2818=EDGE_CURVE('',#3491,#3490,#126,.T.);
#2819=EDGE_CURVE('',#3491,#3492,#127,.T.);
#2820=EDGE_CURVE('',#3493,#3492,#3879,.F.);
#2821=EDGE_CURVE('',#3493,#3494,#128,.T.);
#2822=EDGE_CURVE('',#3494,#3495,#129,.T.);
#2823=EDGE_CURVE('',#3495,#3496,#130,.T.);
#2824=EDGE_CURVE('',#3496,#3488,#131,.T.);
#2825=EDGE_CURVE('',#3497,#3488,#493,.T.);
#2826=EDGE_CURVE('',#3497,#3498,#3880,.F.);
#2827=EDGE_CURVE('',#3498,#3487,#494,.T.);
#2828=EDGE_CURVE('',#3499,#3490,#495,.T.);
#2829=EDGE_CURVE('',#3499,#3500,#132,.T.);
#2830=EDGE_CURVE('',#3500,#3491,#496,.T.);
#2831=EDGE_CURVE('',#3492,#3473,#3881,.T.);
#2832=EDGE_CURVE('',#3501,#3500,#133,.T.);
#2833=EDGE_CURVE('',#3486,#3501,#3882,.F.);
#2834=EDGE_CURVE('',#3485,#3474,#497,.T.);
#2835=EDGE_CURVE('',#3484,#3475,#498,.T.);
#2836=EDGE_CURVE('',#3483,#3476,#499,.T.);
#2837=EDGE_CURVE('',#3498,#3502,#134,.T.);
#2838=EDGE_CURVE('',#3502,#3489,#500,.T.);
#2839=EDGE_CURVE('',#3502,#3499,#135,.T.);
#2840=EDGE_CURVE('',#3497,#3503,#136,.T.);
#2841=EDGE_CURVE('',#3503,#3504,#137,.T.);
#2842=EDGE_CURVE('',#3504,#3505,#138,.T.);
#2843=EDGE_CURVE('',#3505,#3506,#139,.T.);
#2844=EDGE_CURVE('',#3501,#3506,#3883,.T.);
#2845=EDGE_CURVE('',#3507,#3508,#3884,.T.);
#2846=EDGE_CURVE('',#3509,#3507,#140,.T.);
#2847=EDGE_CURVE('',#3510,#3509,#141,.T.);
#2848=EDGE_CURVE('',#3511,#3510,#142,.T.);
#2849=EDGE_CURVE('',#3511,#3512,#143,.T.);
#2850=EDGE_CURVE('',#3513,#3512,#3885,.F.);
#2851=EDGE_CURVE('',#3513,#3514,#144,.T.);
#2852=EDGE_CURVE('',#3514,#3515,#145,.T.);
#2853=EDGE_CURVE('',#3515,#3516,#146,.T.);
#2854=EDGE_CURVE('',#3516,#3508,#147,.T.);
#2855=EDGE_CURVE('',#3517,#3508,#501,.T.);
#2856=EDGE_CURVE('',#3517,#3518,#3886,.F.);
#2857=EDGE_CURVE('',#3518,#3507,#502,.T.);
#2858=EDGE_CURVE('',#3519,#3510,#503,.T.);
#2859=EDGE_CURVE('',#3519,#3520,#148,.T.);
#2860=EDGE_CURVE('',#3520,#3511,#504,.T.);
#2861=EDGE_CURVE('',#3512,#3493,#3887,.T.);
#2862=EDGE_CURVE('',#3521,#3520,#149,.T.);
#2863=EDGE_CURVE('',#3506,#3521,#3888,.F.);
#2864=EDGE_CURVE('',#3505,#3494,#505,.T.);
#2865=EDGE_CURVE('',#3504,#3495,#506,.T.);
#2866=EDGE_CURVE('',#3503,#3496,#507,.T.);
#2867=EDGE_CURVE('',#3518,#3522,#150,.T.);
#2868=EDGE_CURVE('',#3522,#3509,#508,.T.);
#2869=EDGE_CURVE('',#3522,#3519,#151,.T.);
#2870=EDGE_CURVE('',#3517,#3523,#152,.T.);
#2871=EDGE_CURVE('',#3523,#3524,#153,.T.);
#2872=EDGE_CURVE('',#3524,#3525,#154,.T.);
#2873=EDGE_CURVE('',#3525,#3526,#155,.T.);
#2874=EDGE_CURVE('',#3521,#3526,#3889,.T.);
#2875=EDGE_CURVE('',#3527,#3528,#3890,.T.);
#2876=EDGE_CURVE('',#3529,#3527,#156,.T.);
#2877=EDGE_CURVE('',#3530,#3529,#157,.T.);
#2878=EDGE_CURVE('',#3531,#3530,#158,.T.);
#2879=EDGE_CURVE('',#3531,#3532,#159,.T.);
#2880=EDGE_CURVE('',#3533,#3532,#3891,.F.);
#2881=EDGE_CURVE('',#3533,#3534,#160,.T.);
#2882=EDGE_CURVE('',#3534,#3535,#161,.T.);
#2883=EDGE_CURVE('',#3535,#3536,#162,.T.);
#2884=EDGE_CURVE('',#3536,#3528,#163,.T.);
#2885=EDGE_CURVE('',#3537,#3528,#509,.T.);
#2886=EDGE_CURVE('',#3537,#3538,#3892,.F.);
#2887=EDGE_CURVE('',#3538,#3527,#510,.T.);
#2888=EDGE_CURVE('',#3539,#3530,#511,.T.);
#2889=EDGE_CURVE('',#3539,#3540,#164,.T.);
#2890=EDGE_CURVE('',#3540,#3531,#512,.T.);
#2891=EDGE_CURVE('',#3532,#3513,#3893,.T.);
#2892=EDGE_CURVE('',#3541,#3540,#165,.T.);
#2893=EDGE_CURVE('',#3526,#3541,#3894,.F.);
#2894=EDGE_CURVE('',#3525,#3514,#513,.T.);
#2895=EDGE_CURVE('',#3524,#3515,#514,.T.);
#2896=EDGE_CURVE('',#3523,#3516,#515,.T.);
#2897=EDGE_CURVE('',#3538,#3542,#166,.T.);
#2898=EDGE_CURVE('',#3542,#3529,#516,.T.);
#2899=EDGE_CURVE('',#3542,#3539,#167,.T.);
#2900=EDGE_CURVE('',#3537,#3543,#168,.T.);
#2901=EDGE_CURVE('',#3543,#3544,#169,.T.);
#2902=EDGE_CURVE('',#3544,#3545,#170,.T.);
#2903=EDGE_CURVE('',#3545,#3546,#171,.T.);
#2904=EDGE_CURVE('',#3541,#3546,#3895,.T.);
#2905=EDGE_CURVE('',#3547,#3548,#3896,.T.);
#2906=EDGE_CURVE('',#3549,#3547,#172,.T.);
#2907=EDGE_CURVE('',#3550,#3549,#173,.T.);
#2908=EDGE_CURVE('',#3551,#3550,#174,.T.);
#2909=EDGE_CURVE('',#3551,#3552,#175,.T.);
#2910=EDGE_CURVE('',#3553,#3552,#3897,.F.);
#2911=EDGE_CURVE('',#3553,#3554,#176,.T.);
#2912=EDGE_CURVE('',#3554,#3555,#177,.T.);
#2913=EDGE_CURVE('',#3555,#3556,#178,.T.);
#2914=EDGE_CURVE('',#3556,#3548,#179,.T.);
#2915=EDGE_CURVE('',#3557,#3548,#517,.T.);
#2916=EDGE_CURVE('',#3557,#3558,#3898,.F.);
#2917=EDGE_CURVE('',#3558,#3547,#518,.T.);
#2918=EDGE_CURVE('',#3559,#3550,#519,.T.);
#2919=EDGE_CURVE('',#3559,#3560,#180,.T.);
#2920=EDGE_CURVE('',#3560,#3551,#520,.T.);
#2921=EDGE_CURVE('',#3552,#3533,#3899,.T.);
#2922=EDGE_CURVE('',#3561,#3560,#181,.T.);
#2923=EDGE_CURVE('',#3546,#3561,#3900,.F.);
#2924=EDGE_CURVE('',#3545,#3534,#521,.T.);
#2925=EDGE_CURVE('',#3544,#3535,#522,.T.);
#2926=EDGE_CURVE('',#3543,#3536,#523,.T.);
#2927=EDGE_CURVE('',#3558,#3562,#182,.T.);
#2928=EDGE_CURVE('',#3562,#3549,#524,.T.);
#2929=EDGE_CURVE('',#3562,#3559,#183,.T.);
#2930=EDGE_CURVE('',#3557,#3563,#184,.T.);
#2931=EDGE_CURVE('',#3563,#3564,#185,.T.);
#2932=EDGE_CURVE('',#3564,#3565,#186,.T.);
#2933=EDGE_CURVE('',#3565,#3566,#187,.T.);
#2934=EDGE_CURVE('',#3561,#3566,#3901,.T.);
#2935=EDGE_CURVE('',#3567,#3568,#3902,.T.);
#2936=EDGE_CURVE('',#3569,#3567,#188,.T.);
#2937=EDGE_CURVE('',#3570,#3569,#189,.T.);
#2938=EDGE_CURVE('',#3571,#3570,#190,.T.);
#2939=EDGE_CURVE('',#3571,#3572,#191,.T.);
#2940=EDGE_CURVE('',#3573,#3572,#3903,.F.);
#2941=EDGE_CURVE('',#3573,#3574,#192,.T.);
#2942=EDGE_CURVE('',#3574,#3575,#193,.T.);
#2943=EDGE_CURVE('',#3575,#3576,#194,.T.);
#2944=EDGE_CURVE('',#3576,#3568,#195,.T.);
#2945=EDGE_CURVE('',#3577,#3568,#525,.T.);
#2946=EDGE_CURVE('',#3577,#3578,#3904,.F.);
#2947=EDGE_CURVE('',#3578,#3567,#526,.T.);
#2948=EDGE_CURVE('',#3579,#3570,#527,.T.);
#2949=EDGE_CURVE('',#3579,#3580,#196,.T.);
#2950=EDGE_CURVE('',#3580,#3571,#528,.T.);
#2951=EDGE_CURVE('',#3572,#3553,#3905,.T.);
#2952=EDGE_CURVE('',#3581,#3580,#197,.T.);
#2953=EDGE_CURVE('',#3566,#3581,#3906,.F.);
#2954=EDGE_CURVE('',#3565,#3554,#529,.T.);
#2955=EDGE_CURVE('',#3564,#3555,#530,.T.);
#2956=EDGE_CURVE('',#3563,#3556,#531,.T.);
#2957=EDGE_CURVE('',#3578,#3582,#198,.T.);
#2958=EDGE_CURVE('',#3582,#3569,#532,.T.);
#2959=EDGE_CURVE('',#3582,#3579,#199,.T.);
#2960=EDGE_CURVE('',#3577,#3583,#200,.T.);
#2961=EDGE_CURVE('',#3583,#3584,#201,.T.);
#2962=EDGE_CURVE('',#3584,#3585,#202,.T.);
#2963=EDGE_CURVE('',#3585,#3586,#203,.T.);
#2964=EDGE_CURVE('',#3581,#3586,#3907,.T.);
#2965=EDGE_CURVE('',#3587,#3588,#3908,.T.);
#2966=EDGE_CURVE('',#3589,#3587,#204,.T.);
#2967=EDGE_CURVE('',#3590,#3589,#205,.T.);
#2968=EDGE_CURVE('',#3591,#3590,#206,.T.);
#2969=EDGE_CURVE('',#3591,#3592,#207,.T.);
#2970=EDGE_CURVE('',#3593,#3592,#3909,.F.);
#2971=EDGE_CURVE('',#3593,#3594,#208,.T.);
#2972=EDGE_CURVE('',#3594,#3595,#209,.T.);
#2973=EDGE_CURVE('',#3595,#3596,#210,.T.);
#2974=EDGE_CURVE('',#3596,#3588,#211,.T.);
#2975=EDGE_CURVE('',#3597,#3588,#533,.T.);
#2976=EDGE_CURVE('',#3597,#3598,#3910,.F.);
#2977=EDGE_CURVE('',#3598,#3587,#534,.T.);
#2978=EDGE_CURVE('',#3599,#3590,#535,.T.);
#2979=EDGE_CURVE('',#3599,#3600,#212,.T.);
#2980=EDGE_CURVE('',#3600,#3591,#536,.T.);
#2981=EDGE_CURVE('',#3592,#3573,#3911,.T.);
#2982=EDGE_CURVE('',#3601,#3600,#213,.T.);
#2983=EDGE_CURVE('',#3586,#3601,#3912,.F.);
#2984=EDGE_CURVE('',#3585,#3574,#537,.T.);
#2985=EDGE_CURVE('',#3584,#3575,#538,.T.);
#2986=EDGE_CURVE('',#3583,#3576,#539,.T.);
#2987=EDGE_CURVE('',#3598,#3602,#214,.T.);
#2988=EDGE_CURVE('',#3602,#3589,#540,.T.);
#2989=EDGE_CURVE('',#3602,#3599,#215,.T.);
#2990=EDGE_CURVE('',#3597,#3603,#216,.T.);
#2991=EDGE_CURVE('',#3603,#3604,#217,.T.);
#2992=EDGE_CURVE('',#3604,#3605,#218,.T.);
#2993=EDGE_CURVE('',#3605,#3606,#219,.T.);
#2994=EDGE_CURVE('',#3601,#3606,#3913,.T.);
#2995=EDGE_CURVE('',#3607,#3608,#3914,.T.);
#2996=EDGE_CURVE('',#3609,#3607,#220,.T.);
#2997=EDGE_CURVE('',#3610,#3609,#221,.T.);
#2998=EDGE_CURVE('',#3611,#3610,#222,.T.);
#2999=EDGE_CURVE('',#3611,#3612,#223,.T.);
#3000=EDGE_CURVE('',#3613,#3612,#3915,.F.);
#3001=EDGE_CURVE('',#3613,#3614,#224,.T.);
#3002=EDGE_CURVE('',#3614,#3615,#225,.T.);
#3003=EDGE_CURVE('',#3615,#3616,#226,.T.);
#3004=EDGE_CURVE('',#3616,#3608,#227,.T.);
#3005=EDGE_CURVE('',#3617,#3608,#541,.T.);
#3006=EDGE_CURVE('',#3617,#3618,#3916,.F.);
#3007=EDGE_CURVE('',#3618,#3607,#542,.T.);
#3008=EDGE_CURVE('',#3619,#3610,#543,.T.);
#3009=EDGE_CURVE('',#3619,#3620,#228,.T.);
#3010=EDGE_CURVE('',#3620,#3611,#544,.T.);
#3011=EDGE_CURVE('',#3612,#3593,#3917,.T.);
#3012=EDGE_CURVE('',#3621,#3620,#229,.T.);
#3013=EDGE_CURVE('',#3606,#3621,#3918,.F.);
#3014=EDGE_CURVE('',#3605,#3594,#545,.T.);
#3015=EDGE_CURVE('',#3604,#3595,#546,.T.);
#3016=EDGE_CURVE('',#3603,#3596,#547,.T.);
#3017=EDGE_CURVE('',#3618,#3622,#230,.T.);
#3018=EDGE_CURVE('',#3622,#3609,#548,.T.);
#3019=EDGE_CURVE('',#3622,#3619,#231,.T.);
#3020=EDGE_CURVE('',#3617,#3623,#232,.T.);
#3021=EDGE_CURVE('',#3623,#3624,#233,.T.);
#3022=EDGE_CURVE('',#3624,#3625,#234,.T.);
#3023=EDGE_CURVE('',#3625,#3626,#235,.T.);
#3024=EDGE_CURVE('',#3621,#3626,#3919,.T.);
#3025=EDGE_CURVE('',#3627,#3628,#3920,.T.);
#3026=EDGE_CURVE('',#3629,#3627,#236,.T.);
#3027=EDGE_CURVE('',#3630,#3629,#237,.T.);
#3028=EDGE_CURVE('',#3631,#3630,#238,.T.);
#3029=EDGE_CURVE('',#3631,#3632,#239,.T.);
#3030=EDGE_CURVE('',#3633,#3632,#3921,.F.);
#3031=EDGE_CURVE('',#3633,#3634,#240,.T.);
#3032=EDGE_CURVE('',#3634,#3635,#241,.T.);
#3033=EDGE_CURVE('',#3635,#3636,#242,.T.);
#3034=EDGE_CURVE('',#3636,#3628,#243,.T.);
#3035=EDGE_CURVE('',#3637,#3628,#549,.T.);
#3036=EDGE_CURVE('',#3637,#3638,#3922,.F.);
#3037=EDGE_CURVE('',#3638,#3627,#550,.T.);
#3038=EDGE_CURVE('',#3639,#3630,#551,.T.);
#3039=EDGE_CURVE('',#3639,#3640,#244,.T.);
#3040=EDGE_CURVE('',#3640,#3631,#552,.T.);
#3041=EDGE_CURVE('',#3632,#3613,#3923,.T.);
#3042=EDGE_CURVE('',#3641,#3640,#245,.T.);
#3043=EDGE_CURVE('',#3626,#3641,#3924,.F.);
#3044=EDGE_CURVE('',#3625,#3614,#553,.T.);
#3045=EDGE_CURVE('',#3624,#3615,#554,.T.);
#3046=EDGE_CURVE('',#3623,#3616,#555,.T.);
#3047=EDGE_CURVE('',#3638,#3642,#246,.T.);
#3048=EDGE_CURVE('',#3642,#3629,#556,.T.);
#3049=EDGE_CURVE('',#3642,#3639,#247,.T.);
#3050=EDGE_CURVE('',#3637,#3643,#248,.T.);
#3051=EDGE_CURVE('',#3643,#3644,#249,.T.);
#3052=EDGE_CURVE('',#3644,#3645,#250,.T.);
#3053=EDGE_CURVE('',#3645,#3646,#251,.T.);
#3054=EDGE_CURVE('',#3641,#3646,#3925,.T.);
#3055=EDGE_CURVE('',#3647,#3648,#3926,.T.);
#3056=EDGE_CURVE('',#3649,#3647,#252,.T.);
#3057=EDGE_CURVE('',#3650,#3649,#253,.T.);
#3058=EDGE_CURVE('',#3651,#3650,#254,.T.);
#3059=EDGE_CURVE('',#3651,#3652,#255,.T.);
#3060=EDGE_CURVE('',#3653,#3652,#3927,.F.);
#3061=EDGE_CURVE('',#3653,#3654,#256,.T.);
#3062=EDGE_CURVE('',#3654,#3655,#257,.T.);
#3063=EDGE_CURVE('',#3655,#3656,#258,.T.);
#3064=EDGE_CURVE('',#3656,#3648,#259,.T.);
#3065=EDGE_CURVE('',#3657,#3648,#557,.T.);
#3066=EDGE_CURVE('',#3657,#3658,#3928,.F.);
#3067=EDGE_CURVE('',#3658,#3647,#558,.T.);
#3068=EDGE_CURVE('',#3659,#3650,#559,.T.);
#3069=EDGE_CURVE('',#3659,#3660,#260,.T.);
#3070=EDGE_CURVE('',#3660,#3651,#560,.T.);
#3071=EDGE_CURVE('',#3652,#3633,#3929,.T.);
#3072=EDGE_CURVE('',#3661,#3660,#261,.T.);
#3073=EDGE_CURVE('',#3646,#3661,#3930,.F.);
#3074=EDGE_CURVE('',#3645,#3634,#561,.T.);
#3075=EDGE_CURVE('',#3644,#3635,#562,.T.);
#3076=EDGE_CURVE('',#3643,#3636,#563,.T.);
#3077=EDGE_CURVE('',#3658,#3662,#262,.T.);
#3078=EDGE_CURVE('',#3662,#3649,#564,.T.);
#3079=EDGE_CURVE('',#3662,#3659,#263,.T.);
#3080=EDGE_CURVE('',#3396,#3663,#3931,.F.);
#3081=EDGE_CURVE('',#3663,#3653,#3932,.T.);
#3082=EDGE_CURVE('',#3664,#3401,#3933,.T.);
#3083=EDGE_CURVE('',#3665,#3664,#264,.T.);
#3084=EDGE_CURVE('',#3666,#3665,#265,.T.);
#3085=EDGE_CURVE('',#3667,#3666,#266,.T.);
#3086=EDGE_CURVE('',#3667,#3663,#267,.T.);
#3087=EDGE_CURVE('',#3657,#3668,#268,.T.);
#3088=EDGE_CURVE('',#3668,#3669,#269,.T.);
#3089=EDGE_CURVE('',#3669,#3670,#270,.T.);
#3090=EDGE_CURVE('',#3670,#3671,#271,.T.);
#3091=EDGE_CURVE('',#3661,#3671,#3934,.T.);
#3092=EDGE_CURVE('',#3373,#3664,#565,.T.);
#3093=EDGE_CURVE('',#3672,#3673,#272,.F.);
#3094=EDGE_CURVE('',#3674,#3672,#566,.F.);
#3095=EDGE_CURVE('',#3675,#3674,#3935,.F.);
#3096=EDGE_CURVE('',#3676,#3675,#273,.F.);
#3097=EDGE_CURVE('',#3677,#3676,#274,.F.);
#3098=EDGE_CURVE('',#3678,#3677,#275,.F.);
#3099=EDGE_CURVE('',#3679,#3678,#276,.F.);
#3100=EDGE_CURVE('',#3680,#3679,#277,.F.);
#3101=EDGE_CURVE('',#3681,#3680,#567,.F.);
#3102=EDGE_CURVE('',#3682,#3681,#278,.F.);
#3103=EDGE_CURVE('',#3683,#3682,#279,.F.);
#3104=EDGE_CURVE('',#3684,#3683,#280,.F.);
#3105=EDGE_CURVE('',#3685,#3684,#281,.F.);
#3106=EDGE_CURVE('',#3686,#3685,#3936,.T.);
#3107=EDGE_CURVE('',#3673,#3686,#282,.F.);
#3108=EDGE_CURVE('',#3687,#3688,#568,.F.);
#3109=EDGE_CURVE('',#3689,#3687,#569,.F.);
#3110=EDGE_CURVE('',#3690,#3689,#570,.F.);
#3111=EDGE_CURVE('',#3691,#3690,#571,.F.);
#3112=EDGE_CURVE('',#3692,#3691,#572,.F.);
#3113=EDGE_CURVE('',#3693,#3692,#573,.F.);
#3114=EDGE_CURVE('',#3694,#3693,#574,.F.);
#3115=EDGE_CURVE('',#3695,#3694,#575,.F.);
#3116=EDGE_CURVE('',#3696,#3695,#576,.F.);
#3117=EDGE_CURVE('',#3697,#3696,#577,.F.);
#3118=EDGE_CURVE('',#3698,#3697,#578,.F.);
#3119=EDGE_CURVE('',#3688,#3698,#579,.F.);
#3120=EDGE_CURVE('',#3699,#3700,#580,.F.);
#3121=EDGE_CURVE('',#3701,#3699,#581,.F.);
#3122=EDGE_CURVE('',#3702,#3701,#582,.F.);
#3123=EDGE_CURVE('',#3703,#3702,#583,.F.);
#3124=EDGE_CURVE('',#3704,#3703,#584,.F.);
#3125=EDGE_CURVE('',#3705,#3704,#3937,.T.);
#3126=EDGE_CURVE('',#3706,#3705,#3938,.T.);
#3127=EDGE_CURVE('',#3707,#3706,#3939,.T.);
#3128=EDGE_CURVE('',#3700,#3707,#585,.F.);
#3129=EDGE_CURVE('',#3708,#3709,#586,.F.);
#3130=EDGE_CURVE('',#3710,#3708,#587,.F.);
#3131=EDGE_CURVE('',#3711,#3710,#3940,.T.);
#3132=EDGE_CURVE('',#3712,#3711,#283,.F.);
#3133=EDGE_CURVE('',#3713,#3712,#284,.F.);
#3134=EDGE_CURVE('',#3714,#3713,#285,.F.);
#3135=EDGE_CURVE('',#3715,#3714,#286,.F.);
#3136=EDGE_CURVE('',#3716,#3715,#287,.F.);
#3137=EDGE_CURVE('',#3717,#3716,#588,.F.);
#3138=EDGE_CURVE('',#3718,#3717,#3941,.F.);
#3139=EDGE_CURVE('',#3719,#3718,#3942,.F.);
#3140=EDGE_CURVE('',#3720,#3719,#288,.F.);
#3141=EDGE_CURVE('',#3721,#3720,#289,.F.);
#3142=EDGE_CURVE('',#3722,#3721,#290,.F.);
#3143=EDGE_CURVE('',#3723,#3722,#291,.F.);
#3144=EDGE_CURVE('',#3724,#3723,#589,.F.);
#3145=EDGE_CURVE('',#3725,#3724,#590,.F.);
#3146=EDGE_CURVE('',#3726,#3725,#591,.F.);
#3147=EDGE_CURVE('',#3709,#3726,#592,.F.);
#3148=EDGE_CURVE('',#3727,#3728,#593,.F.);
#3149=EDGE_CURVE('',#3729,#3727,#594,.F.);
#3150=EDGE_CURVE('',#3730,#3729,#595,.F.);
#3151=EDGE_CURVE('',#3731,#3730,#596,.F.);
#3152=EDGE_CURVE('',#3732,#3731,#597,.F.);
#3153=EDGE_CURVE('',#3733,#3732,#598,.F.);
#3154=EDGE_CURVE('',#3734,#3733,#3943,.T.);
#3155=EDGE_CURVE('',#3735,#3734,#599,.F.);
#3156=EDGE_CURVE('',#3736,#3735,#600,.F.);
#3157=EDGE_CURVE('',#3737,#3736,#601,.F.);
#3158=EDGE_CURVE('',#3738,#3737,#602,.F.);
#3159=EDGE_CURVE('',#3739,#3738,#603,.F.);
#3160=EDGE_CURVE('',#3740,#3739,#604,.F.);
#3161=EDGE_CURVE('',#3741,#3740,#605,.F.);
#3162=EDGE_CURVE('',#3728,#3741,#3944,.T.);
#3163=EDGE_CURVE('',#3742,#3743,#606,.F.);
#3164=EDGE_CURVE('',#3744,#3742,#607,.F.);
#3165=EDGE_CURVE('',#3745,#3744,#608,.F.);
#3166=EDGE_CURVE('',#3743,#3745,#609,.F.);
#3167=EDGE_CURVE('',#3746,#3746,#3945,.F.);
#3168=EDGE_CURVE('',#3671,#3378,#3946,.F.);
#3169=EDGE_CURVE('',#3380,#3666,#610,.T.);
#3170=EDGE_CURVE('',#3379,#3667,#611,.T.);
#3171=EDGE_CURVE('',#3670,#3654,#612,.T.);
#3172=EDGE_CURVE('',#3669,#3655,#613,.T.);
#3173=EDGE_CURVE('',#3668,#3656,#614,.T.);
#3174=EDGE_CURVE('',#3381,#3665,#615,.T.);
#3175=EDGE_CURVE('',#3747,#3747,#3947,.F.);
#3176=EDGE_CURVE('',#3748,#3748,#3948,.T.);
#3177=EDGE_CURVE('',#3749,#3749,#3949,.T.);
#3178=EDGE_CURVE('',#3750,#3751,#616,.T.);
#3179=EDGE_CURVE('',#3751,#3752,#617,.T.);
#3180=EDGE_CURVE('',#3752,#3753,#618,.T.);
#3181=EDGE_CURVE('',#3753,#3754,#619,.T.);
#3182=EDGE_CURVE('',#3754,#3755,#620,.T.);
#3183=EDGE_CURVE('',#3755,#3750,#621,.T.);
#3184=EDGE_CURVE('',#3756,#3757,#622,.T.);
#3185=EDGE_CURVE('',#3756,#3758,#623,.T.);
#3186=EDGE_CURVE('',#3758,#3759,#624,.T.);
#3187=EDGE_CURVE('',#3759,#3757,#625,.T.);
#3188=EDGE_CURVE('',#3760,#3761,#626,.T.);
#3189=EDGE_CURVE('',#3760,#3756,#627,.T.);
#3190=EDGE_CURVE('',#3757,#3761,#628,.T.);
#3191=EDGE_CURVE('',#3762,#3763,#629,.T.);
#3192=EDGE_CURVE('',#3762,#3760,#630,.T.);
#3193=EDGE_CURVE('',#3761,#3763,#631,.T.);
#3194=EDGE_CURVE('',#3764,#3765,#632,.T.);
#3195=EDGE_CURVE('',#3764,#3762,#633,.T.);
#3196=EDGE_CURVE('',#3763,#3765,#634,.T.);
#3197=EDGE_CURVE('',#3766,#3767,#635,.T.);
#3198=EDGE_CURVE('',#3766,#3764,#636,.T.);
#3199=EDGE_CURVE('',#3765,#3767,#637,.T.);
#3200=EDGE_CURVE('',#3758,#3766,#638,.T.);
#3201=EDGE_CURVE('',#3767,#3759,#639,.T.);
#3202=EDGE_CURVE('',#3370,#3764,#640,.T.);
#3203=EDGE_CURVE('',#3762,#3369,#641,.F.);
#3204=EDGE_CURVE('',#3760,#3368,#642,.F.);
#3205=EDGE_CURVE('',#3365,#3766,#643,.T.);
#3206=EDGE_CURVE('',#3756,#3367,#644,.F.);
#3207=EDGE_CURVE('',#3366,#3758,#645,.F.);
#3208=EDGE_CURVE('',#3755,#3763,#646,.T.);
#3209=EDGE_CURVE('',#3765,#3754,#647,.F.);
#3210=EDGE_CURVE('',#3767,#3753,#648,.F.);
#3211=EDGE_CURVE('',#3750,#3761,#649,.T.);
#3212=EDGE_CURVE('',#3759,#3752,#650,.F.);
#3213=EDGE_CURVE('',#3751,#3757,#651,.F.);
#3214=EDGE_CURVE('',#3768,#3743,#652,.T.);
#3215=EDGE_CURVE('',#3768,#3769,#653,.T.);
#3216=EDGE_CURVE('',#3769,#3742,#654,.T.);
#3217=EDGE_CURVE('',#3770,#3745,#655,.T.);
#3218=EDGE_CURVE('',#3770,#3768,#656,.T.);
#3219=EDGE_CURVE('',#3771,#3744,#657,.T.);
#3220=EDGE_CURVE('',#3771,#3770,#658,.T.);
#3221=EDGE_CURVE('',#3769,#3771,#659,.T.);
#3222=EDGE_CURVE('',#3772,#3728,#660,.T.);
#3223=EDGE_CURVE('',#3772,#3773,#661,.T.);
#3224=EDGE_CURVE('',#3773,#3727,#662,.T.);
#3225=EDGE_CURVE('',#3774,#3741,#663,.T.);
#3226=EDGE_CURVE('',#3774,#3772,#3950,.F.);
#3227=EDGE_CURVE('',#3775,#3740,#664,.T.);
#3228=EDGE_CURVE('',#3775,#3774,#665,.T.);
#3229=EDGE_CURVE('',#3776,#3739,#666,.T.);
#3230=EDGE_CURVE('',#3776,#3775,#667,.T.);
#3231=EDGE_CURVE('',#3777,#3738,#668,.T.);
#3232=EDGE_CURVE('',#3777,#3776,#669,.T.);
#3233=EDGE_CURVE('',#3778,#3737,#670,.T.);
#3234=EDGE_CURVE('',#3778,#3777,#671,.T.);
#3235=EDGE_CURVE('',#3779,#3736,#672,.T.);
#3236=EDGE_CURVE('',#3779,#3778,#673,.T.);
#3237=EDGE_CURVE('',#3780,#3735,#674,.T.);
#3238=EDGE_CURVE('',#3780,#3779,#675,.T.);
#3239=EDGE_CURVE('',#3781,#3734,#676,.T.);
#3240=EDGE_CURVE('',#3781,#3780,#677,.T.);
#3241=EDGE_CURVE('',#3782,#3733,#678,.T.);
#3242=EDGE_CURVE('',#3782,#3781,#3951,.F.);
#3243=EDGE_CURVE('',#3783,#3732,#679,.T.);
#3244=EDGE_CURVE('',#3783,#3782,#680,.T.);
#3245=EDGE_CURVE('',#3784,#3731,#681,.T.);
#3246=EDGE_CURVE('',#3784,#3783,#682,.T.);
#3247=EDGE_CURVE('',#3785,#3730,#683,.T.);
#3248=EDGE_CURVE('',#3785,#3784,#684,.T.);
#3249=EDGE_CURVE('',#3786,#3729,#685,.T.);
#3250=EDGE_CURVE('',#3786,#3785,#686,.T.);
#3251=EDGE_CURVE('',#3773,#3786,#687,.T.);
#3252=EDGE_CURVE('',#3787,#3709,#688,.T.);
#3253=EDGE_CURVE('',#3787,#3788,#689,.T.);
#3254=EDGE_CURVE('',#3788,#3708,#690,.T.);
#3255=EDGE_CURVE('',#3789,#3726,#691,.T.);
#3256=EDGE_CURVE('',#3789,#3787,#692,.T.);
#3257=EDGE_CURVE('',#3790,#3725,#693,.T.);
#3258=EDGE_CURVE('',#3790,#3789,#694,.T.);
#3259=EDGE_CURVE('',#3791,#3724,#695,.T.);
#3260=EDGE_CURVE('',#3791,#3790,#696,.T.);
#3261=EDGE_CURVE('',#3792,#3723,#697,.T.);
#3262=EDGE_CURVE('',#3792,#3791,#698,.T.);
#3263=EDGE_CURVE('',#3793,#3722,#699,.T.);
#3264=EDGE_CURVE('',#3793,#3792,#292,.T.);
#3265=EDGE_CURVE('',#3794,#3721,#700,.T.);
#3266=EDGE_CURVE('',#3794,#3793,#293,.T.);
#3267=EDGE_CURVE('',#3795,#3720,#701,.T.);
#3268=EDGE_CURVE('',#3795,#3794,#294,.T.);
#3269=EDGE_CURVE('',#3796,#3719,#702,.T.);
#3270=EDGE_CURVE('',#3796,#3795,#295,.T.);
#3271=EDGE_CURVE('',#3797,#3718,#703,.T.);
#3272=EDGE_CURVE('',#3797,#3796,#3952,.T.);
#3273=EDGE_CURVE('',#3798,#3717,#704,.T.);
#3274=EDGE_CURVE('',#3798,#3797,#3953,.T.);
#3275=EDGE_CURVE('',#3799,#3716,#705,.T.);
#3276=EDGE_CURVE('',#3799,#3798,#706,.T.);
#3277=EDGE_CURVE('',#3800,#3715,#707,.T.);
#3278=EDGE_CURVE('',#3800,#3799,#296,.T.);
#3279=EDGE_CURVE('',#3801,#3714,#708,.T.);
#3280=EDGE_CURVE('',#3801,#3800,#297,.T.);
#3281=EDGE_CURVE('',#3802,#3713,#709,.T.);
#3282=EDGE_CURVE('',#3802,#3801,#298,.T.);
#3283=EDGE_CURVE('',#3803,#3712,#710,.T.);
#3284=EDGE_CURVE('',#3803,#3802,#299,.T.);
#3285=EDGE_CURVE('',#3804,#3711,#711,.T.);
#3286=EDGE_CURVE('',#3804,#3803,#300,.T.);
#3287=EDGE_CURVE('',#3805,#3710,#712,.T.);
#3288=EDGE_CURVE('',#3805,#3804,#3954,.F.);
#3289=EDGE_CURVE('',#3788,#3805,#713,.T.);
#3290=EDGE_CURVE('',#3806,#3700,#714,.T.);
#3291=EDGE_CURVE('',#3806,#3807,#715,.T.);
#3292=EDGE_CURVE('',#3807,#3699,#716,.T.);
#3293=EDGE_CURVE('',#3808,#3707,#717,.T.);
#3294=EDGE_CURVE('',#3808,#3806,#718,.T.);
#3295=EDGE_CURVE('',#3809,#3706,#719,.T.);
#3296=EDGE_CURVE('',#3809,#3808,#3955,.F.);
#3297=EDGE_CURVE('',#3810,#3705,#720,.T.);
#3298=EDGE_CURVE('',#3810,#3809,#3956,.F.);
#3299=EDGE_CURVE('',#3811,#3704,#721,.T.);
#3300=EDGE_CURVE('',#3811,#3810,#3957,.F.);
#3301=EDGE_CURVE('',#3812,#3703,#722,.T.);
#3302=EDGE_CURVE('',#3812,#3811,#723,.T.);
#3303=EDGE_CURVE('',#3813,#3702,#724,.T.);
#3304=EDGE_CURVE('',#3813,#3812,#725,.T.);
#3305=EDGE_CURVE('',#3814,#3701,#726,.T.);
#3306=EDGE_CURVE('',#3814,#3813,#727,.T.);
#3307=EDGE_CURVE('',#3807,#3814,#728,.T.);
#3308=EDGE_CURVE('',#3815,#3688,#729,.T.);
#3309=EDGE_CURVE('',#3815,#3816,#730,.T.);
#3310=EDGE_CURVE('',#3816,#3687,#731,.T.);
#3311=EDGE_CURVE('',#3817,#3698,#732,.T.);
#3312=EDGE_CURVE('',#3817,#3815,#733,.T.);
#3313=EDGE_CURVE('',#3818,#3697,#734,.T.);
#3314=EDGE_CURVE('',#3818,#3817,#735,.T.);
#3315=EDGE_CURVE('',#3819,#3696,#736,.T.);
#3316=EDGE_CURVE('',#3819,#3818,#737,.T.);
#3317=EDGE_CURVE('',#3820,#3695,#738,.T.);
#3318=EDGE_CURVE('',#3820,#3819,#739,.T.);
#3319=EDGE_CURVE('',#3821,#3694,#740,.T.);
#3320=EDGE_CURVE('',#3821,#3820,#741,.T.);
#3321=EDGE_CURVE('',#3822,#3693,#742,.T.);
#3322=EDGE_CURVE('',#3822,#3821,#743,.T.);
#3323=EDGE_CURVE('',#3823,#3692,#744,.T.);
#3324=EDGE_CURVE('',#3823,#3822,#745,.T.);
#3325=EDGE_CURVE('',#3824,#3691,#746,.T.);
#3326=EDGE_CURVE('',#3824,#3823,#747,.T.);
#3327=EDGE_CURVE('',#3825,#3690,#748,.T.);
#3328=EDGE_CURVE('',#3825,#3824,#749,.T.);
#3329=EDGE_CURVE('',#3826,#3689,#750,.T.);
#3330=EDGE_CURVE('',#3826,#3825,#751,.T.);
#3331=EDGE_CURVE('',#3816,#3826,#752,.T.);
#3332=EDGE_CURVE('',#3827,#3673,#753,.T.);
#3333=EDGE_CURVE('',#3827,#3828,#301,.T.);
#3334=EDGE_CURVE('',#3828,#3672,#754,.T.);
#3335=EDGE_CURVE('',#3829,#3686,#755,.T.);
#3336=EDGE_CURVE('',#3829,#3827,#302,.T.);
#3337=EDGE_CURVE('',#3830,#3685,#756,.T.);
#3338=EDGE_CURVE('',#3830,#3829,#3958,.F.);
#3339=EDGE_CURVE('',#3831,#3684,#757,.T.);
#3340=EDGE_CURVE('',#3831,#3830,#303,.T.);
#3341=EDGE_CURVE('',#3832,#3683,#758,.T.);
#3342=EDGE_CURVE('',#3832,#3831,#304,.T.);
#3343=EDGE_CURVE('',#3833,#3682,#759,.T.);
#3344=EDGE_CURVE('',#3833,#3832,#305,.T.);
#3345=EDGE_CURVE('',#3834,#3681,#760,.T.);
#3346=EDGE_CURVE('',#3834,#3833,#306,.T.);
#3347=EDGE_CURVE('',#3835,#3680,#761,.T.);
#3348=EDGE_CURVE('',#3835,#3834,#762,.T.);
#3349=EDGE_CURVE('',#3836,#3679,#763,.T.);
#3350=EDGE_CURVE('',#3836,#3835,#307,.T.);
#3351=EDGE_CURVE('',#3837,#3678,#764,.T.);
#3352=EDGE_CURVE('',#3837,#3836,#308,.T.);
#3353=EDGE_CURVE('',#3838,#3677,#765,.T.);
#3354=EDGE_CURVE('',#3838,#3837,#309,.T.);
#3355=EDGE_CURVE('',#3839,#3676,#766,.T.);
#3356=EDGE_CURVE('',#3839,#3838,#310,.T.);
#3357=EDGE_CURVE('',#3840,#3675,#767,.T.);
#3358=EDGE_CURVE('',#3840,#3839,#311,.T.);
#3359=EDGE_CURVE('',#3841,#3674,#768,.T.);
#3360=EDGE_CURVE('',#3841,#3840,#3959,.T.);
#3361=EDGE_CURVE('',#3828,#3841,#769,.T.);
#3362=VERTEX_POINT('',#6178);
#3363=VERTEX_POINT('',#6180);
#3364=VERTEX_POINT('',#6183);
#3365=VERTEX_POINT('',#6185);
#3366=VERTEX_POINT('',#6186);
#3367=VERTEX_POINT('',#6188);
#3368=VERTEX_POINT('',#6190);
#3369=VERTEX_POINT('',#6192);
#3370=VERTEX_POINT('',#6194);
#3371=VERTEX_POINT('',#6198);
#3372=VERTEX_POINT('',#6201);
#3373=VERTEX_POINT('',#6202);
#3374=VERTEX_POINT('',#6207);
#3375=VERTEX_POINT('',#6212);
#3376=VERTEX_POINT('',#6217);
#3377=VERTEX_POINT('',#6222);
#3378=VERTEX_POINT('',#6224);
#3379=VERTEX_POINT('',#6229);
#3380=VERTEX_POINT('',#6234);
#3381=VERTEX_POINT('',#6239);
#3382=VERTEX_POINT('',#6246);
#3383=VERTEX_POINT('',#6247);
#3384=VERTEX_POINT('',#6252);
#3385=VERTEX_POINT('',#6257);
#3386=VERTEX_POINT('',#6262);
#3387=VERTEX_POINT('',#6267);
#3388=VERTEX_POINT('',#6269);
#3389=VERTEX_POINT('',#6274);
#3390=VERTEX_POINT('',#6279);
#3391=VERTEX_POINT('',#6284);
#3392=VERTEX_POINT('',#6291);
#3393=VERTEX_POINT('',#6293);
#3394=VERTEX_POINT('',#6297);
#3395=VERTEX_POINT('',#6302);
#3396=VERTEX_POINT('',#6306);
#3397=VERTEX_POINT('',#6311);
#3398=VERTEX_POINT('',#6314);
#3399=VERTEX_POINT('',#6321);
#3400=VERTEX_POINT('',#6328);
#3401=VERTEX_POINT('',#6335);
#3402=VERTEX_POINT('',#6345);
#3403=VERTEX_POINT('',#6357);
#3404=VERTEX_POINT('',#6362);
#3405=VERTEX_POINT('',#6367);
#3406=VERTEX_POINT('',#6372);
#3407=VERTEX_POINT('',#6376);
#3408=VERTEX_POINT('',#6377);
#3409=VERTEX_POINT('',#6382);
#3410=VERTEX_POINT('',#6387);
#3411=VERTEX_POINT('',#6392);
#3412=VERTEX_POINT('',#6397);
#3413=VERTEX_POINT('',#6399);
#3414=VERTEX_POINT('',#6404);
#3415=VERTEX_POINT('',#6409);
#3416=VERTEX_POINT('',#6414);
#3417=VERTEX_POINT('',#6421);
#3418=VERTEX_POINT('',#6423);
#3419=VERTEX_POINT('',#6427);
#3420=VERTEX_POINT('',#6432);
#3421=VERTEX_POINT('',#6440);
#3422=VERTEX_POINT('',#6453);
#3423=VERTEX_POINT('',#6465);
#3424=VERTEX_POINT('',#6470);
#3425=VERTEX_POINT('',#6475);
#3426=VERTEX_POINT('',#6480);
#3427=VERTEX_POINT('',#6484);
#3428=VERTEX_POINT('',#6485);
#3429=VERTEX_POINT('',#6490);
#3430=VERTEX_POINT('',#6495);
#3431=VERTEX_POINT('',#6500);
#3432=VERTEX_POINT('',#6505);
#3433=VERTEX_POINT('',#6507);
#3434=VERTEX_POINT('',#6512);
#3435=VERTEX_POINT('',#6517);
#3436=VERTEX_POINT('',#6522);
#3437=VERTEX_POINT('',#6529);
#3438=VERTEX_POINT('',#6531);
#3439=VERTEX_POINT('',#6535);
#3440=VERTEX_POINT('',#6540);
#3441=VERTEX_POINT('',#6548);
#3442=VERTEX_POINT('',#6561);
#3443=VERTEX_POINT('',#6573);
#3444=VERTEX_POINT('',#6578);
#3445=VERTEX_POINT('',#6583);
#3446=VERTEX_POINT('',#6588);
#3447=VERTEX_POINT('',#6592);
#3448=VERTEX_POINT('',#6593);
#3449=VERTEX_POINT('',#6598);
#3450=VERTEX_POINT('',#6603);
#3451=VERTEX_POINT('',#6608);
#3452=VERTEX_POINT('',#6613);
#3453=VERTEX_POINT('',#6615);
#3454=VERTEX_POINT('',#6620);
#3455=VERTEX_POINT('',#6625);
#3456=VERTEX_POINT('',#6630);
#3457=VERTEX_POINT('',#6637);
#3458=VERTEX_POINT('',#6639);
#3459=VERTEX_POINT('',#6643);
#3460=VERTEX_POINT('',#6648);
#3461=VERTEX_POINT('',#6656);
#3462=VERTEX_POINT('',#6669);
#3463=VERTEX_POINT('',#6681);
#3464=VERTEX_POINT('',#6686);
#3465=VERTEX_POINT('',#6691);
#3466=VERTEX_POINT('',#6696);
#3467=VERTEX_POINT('',#6700);
#3468=VERTEX_POINT('',#6701);
#3469=VERTEX_POINT('',#6706);
#3470=VERTEX_POINT('',#6711);
#3471=VERTEX_POINT('',#6716);
#3472=VERTEX_POINT('',#6721);
#3473=VERTEX_POINT('',#6723);
#3474=VERTEX_POINT('',#6728);
#3475=VERTEX_POINT('',#6733);
#3476=VERTEX_POINT('',#6738);
#3477=VERTEX_POINT('',#6745);
#3478=VERTEX_POINT('',#6747);
#3479=VERTEX_POINT('',#6751);
#3480=VERTEX_POINT('',#6756);
#3481=VERTEX_POINT('',#6764);
#3482=VERTEX_POINT('',#6777);
#3483=VERTEX_POINT('',#6789);
#3484=VERTEX_POINT('',#6794);
#3485=VERTEX_POINT('',#6799);
#3486=VERTEX_POINT('',#6804);
#3487=VERTEX_POINT('',#6808);
#3488=VERTEX_POINT('',#6809);
#3489=VERTEX_POINT('',#6814);
#3490=VERTEX_POINT('',#6819);
#3491=VERTEX_POINT('',#6824);
#3492=VERTEX_POINT('',#6829);
#3493=VERTEX_POINT('',#6831);
#3494=VERTEX_POINT('',#6836);
#3495=VERTEX_POINT('',#6841);
#3496=VERTEX_POINT('',#6846);
#3497=VERTEX_POINT('',#6853);
#3498=VERTEX_POINT('',#6855);
#3499=VERTEX_POINT('',#6859);
#3500=VERTEX_POINT('',#6864);
#3501=VERTEX_POINT('',#6872);
#3502=VERTEX_POINT('',#6885);
#3503=VERTEX_POINT('',#6897);
#3504=VERTEX_POINT('',#6902);
#3505=VERTEX_POINT('',#6907);
#3506=VERTEX_POINT('',#6912);
#3507=VERTEX_POINT('',#6916);
#3508=VERTEX_POINT('',#6917);
#3509=VERTEX_POINT('',#6922);
#3510=VERTEX_POINT('',#6927);
#3511=VERTEX_POINT('',#6932);
#3512=VERTEX_POINT('',#6937);
#3513=VERTEX_POINT('',#6939);
#3514=VERTEX_POINT('',#6944);
#3515=VERTEX_POINT('',#6949);
#3516=VERTEX_POINT('',#6954);
#3517=VERTEX_POINT('',#6961);
#3518=VERTEX_POINT('',#6963);
#3519=VERTEX_POINT('',#6967);
#3520=VERTEX_POINT('',#6972);
#3521=VERTEX_POINT('',#6980);
#3522=VERTEX_POINT('',#6993);
#3523=VERTEX_POINT('',#7005);
#3524=VERTEX_POINT('',#7010);
#3525=VERTEX_POINT('',#7015);
#3526=VERTEX_POINT('',#7020);
#3527=VERTEX_POINT('',#7024);
#3528=VERTEX_POINT('',#7025);
#3529=VERTEX_POINT('',#7030);
#3530=VERTEX_POINT('',#7035);
#3531=VERTEX_POINT('',#7040);
#3532=VERTEX_POINT('',#7045);
#3533=VERTEX_POINT('',#7047);
#3534=VERTEX_POINT('',#7052);
#3535=VERTEX_POINT('',#7057);
#3536=VERTEX_POINT('',#7062);
#3537=VERTEX_POINT('',#7069);
#3538=VERTEX_POINT('',#7071);
#3539=VERTEX_POINT('',#7075);
#3540=VERTEX_POINT('',#7080);
#3541=VERTEX_POINT('',#7088);
#3542=VERTEX_POINT('',#7101);
#3543=VERTEX_POINT('',#7113);
#3544=VERTEX_POINT('',#7118);
#3545=VERTEX_POINT('',#7123);
#3546=VERTEX_POINT('',#7128);
#3547=VERTEX_POINT('',#7132);
#3548=VERTEX_POINT('',#7133);
#3549=VERTEX_POINT('',#7138);
#3550=VERTEX_POINT('',#7143);
#3551=VERTEX_POINT('',#7148);
#3552=VERTEX_POINT('',#7153);
#3553=VERTEX_POINT('',#7155);
#3554=VERTEX_POINT('',#7160);
#3555=VERTEX_POINT('',#7165);
#3556=VERTEX_POINT('',#7170);
#3557=VERTEX_POINT('',#7177);
#3558=VERTEX_POINT('',#7179);
#3559=VERTEX_POINT('',#7183);
#3560=VERTEX_POINT('',#7188);
#3561=VERTEX_POINT('',#7196);
#3562=VERTEX_POINT('',#7209);
#3563=VERTEX_POINT('',#7221);
#3564=VERTEX_POINT('',#7226);
#3565=VERTEX_POINT('',#7231);
#3566=VERTEX_POINT('',#7236);
#3567=VERTEX_POINT('',#7240);
#3568=VERTEX_POINT('',#7241);
#3569=VERTEX_POINT('',#7246);
#3570=VERTEX_POINT('',#7251);
#3571=VERTEX_POINT('',#7256);
#3572=VERTEX_POINT('',#7261);
#3573=VERTEX_POINT('',#7263);
#3574=VERTEX_POINT('',#7268);
#3575=VERTEX_POINT('',#7273);
#3576=VERTEX_POINT('',#7278);
#3577=VERTEX_POINT('',#7285);
#3578=VERTEX_POINT('',#7287);
#3579=VERTEX_POINT('',#7291);
#3580=VERTEX_POINT('',#7296);
#3581=VERTEX_POINT('',#7304);
#3582=VERTEX_POINT('',#7317);
#3583=VERTEX_POINT('',#7329);
#3584=VERTEX_POINT('',#7334);
#3585=VERTEX_POINT('',#7339);
#3586=VERTEX_POINT('',#7344);
#3587=VERTEX_POINT('',#7348);
#3588=VERTEX_POINT('',#7349);
#3589=VERTEX_POINT('',#7354);
#3590=VERTEX_POINT('',#7359);
#3591=VERTEX_POINT('',#7364);
#3592=VERTEX_POINT('',#7369);
#3593=VERTEX_POINT('',#7371);
#3594=VERTEX_POINT('',#7376);
#3595=VERTEX_POINT('',#7381);
#3596=VERTEX_POINT('',#7386);
#3597=VERTEX_POINT('',#7393);
#3598=VERTEX_POINT('',#7395);
#3599=VERTEX_POINT('',#7399);
#3600=VERTEX_POINT('',#7404);
#3601=VERTEX_POINT('',#7412);
#3602=VERTEX_POINT('',#7425);
#3603=VERTEX_POINT('',#7437);
#3604=VERTEX_POINT('',#7442);
#3605=VERTEX_POINT('',#7447);
#3606=VERTEX_POINT('',#7452);
#3607=VERTEX_POINT('',#7456);
#3608=VERTEX_POINT('',#7457);
#3609=VERTEX_POINT('',#7462);
#3610=VERTEX_POINT('',#7467);
#3611=VERTEX_POINT('',#7472);
#3612=VERTEX_POINT('',#7477);
#3613=VERTEX_POINT('',#7479);
#3614=VERTEX_POINT('',#7484);
#3615=VERTEX_POINT('',#7489);
#3616=VERTEX_POINT('',#7494);
#3617=VERTEX_POINT('',#7501);
#3618=VERTEX_POINT('',#7503);
#3619=VERTEX_POINT('',#7507);
#3620=VERTEX_POINT('',#7512);
#3621=VERTEX_POINT('',#7520);
#3622=VERTEX_POINT('',#7533);
#3623=VERTEX_POINT('',#7545);
#3624=VERTEX_POINT('',#7550);
#3625=VERTEX_POINT('',#7555);
#3626=VERTEX_POINT('',#7560);
#3627=VERTEX_POINT('',#7564);
#3628=VERTEX_POINT('',#7565);
#3629=VERTEX_POINT('',#7570);
#3630=VERTEX_POINT('',#7575);
#3631=VERTEX_POINT('',#7580);
#3632=VERTEX_POINT('',#7585);
#3633=VERTEX_POINT('',#7587);
#3634=VERTEX_POINT('',#7592);
#3635=VERTEX_POINT('',#7597);
#3636=VERTEX_POINT('',#7602);
#3637=VERTEX_POINT('',#7609);
#3638=VERTEX_POINT('',#7611);
#3639=VERTEX_POINT('',#7615);
#3640=VERTEX_POINT('',#7620);
#3641=VERTEX_POINT('',#7628);
#3642=VERTEX_POINT('',#7641);
#3643=VERTEX_POINT('',#7653);
#3644=VERTEX_POINT('',#7658);
#3645=VERTEX_POINT('',#7663);
#3646=VERTEX_POINT('',#7668);
#3647=VERTEX_POINT('',#7672);
#3648=VERTEX_POINT('',#7673);
#3649=VERTEX_POINT('',#7678);
#3650=VERTEX_POINT('',#7683);
#3651=VERTEX_POINT('',#7688);
#3652=VERTEX_POINT('',#7693);
#3653=VERTEX_POINT('',#7695);
#3654=VERTEX_POINT('',#7700);
#3655=VERTEX_POINT('',#7705);
#3656=VERTEX_POINT('',#7710);
#3657=VERTEX_POINT('',#7717);
#3658=VERTEX_POINT('',#7719);
#3659=VERTEX_POINT('',#7723);
#3660=VERTEX_POINT('',#7728);
#3661=VERTEX_POINT('',#7736);
#3662=VERTEX_POINT('',#7749);
#3663=VERTEX_POINT('',#7758);
#3664=VERTEX_POINT('',#7762);
#3665=VERTEX_POINT('',#7767);
#3666=VERTEX_POINT('',#7772);
#3667=VERTEX_POINT('',#7777);
#3668=VERTEX_POINT('',#7787);
#3669=VERTEX_POINT('',#7792);
#3670=VERTEX_POINT('',#7797);
#3671=VERTEX_POINT('',#7802);
#3672=VERTEX_POINT('',#7810);
#3673=VERTEX_POINT('',#7811);
#3674=VERTEX_POINT('',#7813);
#3675=VERTEX_POINT('',#7815);
#3676=VERTEX_POINT('',#7819);
#3677=VERTEX_POINT('',#7823);
#3678=VERTEX_POINT('',#7827);
#3679=VERTEX_POINT('',#7831);
#3680=VERTEX_POINT('',#7835);
#3681=VERTEX_POINT('',#7837);
#3682=VERTEX_POINT('',#7841);
#3683=VERTEX_POINT('',#7845);
#3684=VERTEX_POINT('',#7849);
#3685=VERTEX_POINT('',#7853);
#3686=VERTEX_POINT('',#7855);
#3687=VERTEX_POINT('',#7860);
#3688=VERTEX_POINT('',#7861);
#3689=VERTEX_POINT('',#7863);
#3690=VERTEX_POINT('',#7865);
#3691=VERTEX_POINT('',#7867);
#3692=VERTEX_POINT('',#7869);
#3693=VERTEX_POINT('',#7871);
#3694=VERTEX_POINT('',#7873);
#3695=VERTEX_POINT('',#7875);
#3696=VERTEX_POINT('',#7877);
#3697=VERTEX_POINT('',#7879);
#3698=VERTEX_POINT('',#7881);
#3699=VERTEX_POINT('',#7884);
#3700=VERTEX_POINT('',#7885);
#3701=VERTEX_POINT('',#7887);
#3702=VERTEX_POINT('',#7889);
#3703=VERTEX_POINT('',#7891);
#3704=VERTEX_POINT('',#7893);
#3705=VERTEX_POINT('',#7895);
#3706=VERTEX_POINT('',#7897);
#3707=VERTEX_POINT('',#7899);
#3708=VERTEX_POINT('',#7902);
#3709=VERTEX_POINT('',#7903);
#3710=VERTEX_POINT('',#7905);
#3711=VERTEX_POINT('',#7907);
#3712=VERTEX_POINT('',#7911);
#3713=VERTEX_POINT('',#7915);
#3714=VERTEX_POINT('',#7919);
#3715=VERTEX_POINT('',#7923);
#3716=VERTEX_POINT('',#7927);
#3717=VERTEX_POINT('',#7929);
#3718=VERTEX_POINT('',#7931);
#3719=VERTEX_POINT('',#7933);
#3720=VERTEX_POINT('',#7937);
#3721=VERTEX_POINT('',#7941);
#3722=VERTEX_POINT('',#7945);
#3723=VERTEX_POINT('',#7949);
#3724=VERTEX_POINT('',#7951);
#3725=VERTEX_POINT('',#7953);
#3726=VERTEX_POINT('',#7955);
#3727=VERTEX_POINT('',#7958);
#3728=VERTEX_POINT('',#7959);
#3729=VERTEX_POINT('',#7961);
#3730=VERTEX_POINT('',#7963);
#3731=VERTEX_POINT('',#7965);
#3732=VERTEX_POINT('',#7967);
#3733=VERTEX_POINT('',#7969);
#3734=VERTEX_POINT('',#7971);
#3735=VERTEX_POINT('',#7973);
#3736=VERTEX_POINT('',#7975);
#3737=VERTEX_POINT('',#7977);
#3738=VERTEX_POINT('',#7979);
#3739=VERTEX_POINT('',#7981);
#3740=VERTEX_POINT('',#7983);
#3741=VERTEX_POINT('',#7985);
#3742=VERTEX_POINT('',#7988);
#3743=VERTEX_POINT('',#7989);
#3744=VERTEX_POINT('',#7991);
#3745=VERTEX_POINT('',#7993);
#3746=VERTEX_POINT('',#7996);
#3747=VERTEX_POINT('',#8013);
#3748=VERTEX_POINT('',#8015);
#3749=VERTEX_POINT('',#8018);
#3750=VERTEX_POINT('',#8020);
#3751=VERTEX_POINT('',#8021);
#3752=VERTEX_POINT('',#8023);
#3753=VERTEX_POINT('',#8025);
#3754=VERTEX_POINT('',#8027);
#3755=VERTEX_POINT('',#8029);
#3756=VERTEX_POINT('',#8034);
#3757=VERTEX_POINT('',#8035);
#3758=VERTEX_POINT('',#8037);
#3759=VERTEX_POINT('',#8039);
#3760=VERTEX_POINT('',#8043);
#3761=VERTEX_POINT('',#8044);
#3762=VERTEX_POINT('',#8049);
#3763=VERTEX_POINT('',#8050);
#3764=VERTEX_POINT('',#8055);
#3765=VERTEX_POINT('',#8056);
#3766=VERTEX_POINT('',#8061);
#3767=VERTEX_POINT('',#8062);
#3768=VERTEX_POINT('',#8096);
#3769=VERTEX_POINT('',#8098);
#3770=VERTEX_POINT('',#8102);
#3771=VERTEX_POINT('',#8106);
#3772=VERTEX_POINT('',#8113);
#3773=VERTEX_POINT('',#8115);
#3774=VERTEX_POINT('',#8119);
#3775=VERTEX_POINT('',#8123);
#3776=VERTEX_POINT('',#8127);
#3777=VERTEX_POINT('',#8131);
#3778=VERTEX_POINT('',#8135);
#3779=VERTEX_POINT('',#8139);
#3780=VERTEX_POINT('',#8143);
#3781=VERTEX_POINT('',#8147);
#3782=VERTEX_POINT('',#8151);
#3783=VERTEX_POINT('',#8155);
#3784=VERTEX_POINT('',#8159);
#3785=VERTEX_POINT('',#8163);
#3786=VERTEX_POINT('',#8167);
#3787=VERTEX_POINT('',#8174);
#3788=VERTEX_POINT('',#8176);
#3789=VERTEX_POINT('',#8180);
#3790=VERTEX_POINT('',#8184);
#3791=VERTEX_POINT('',#8188);
#3792=VERTEX_POINT('',#8192);
#3793=VERTEX_POINT('',#8203);
#3794=VERTEX_POINT('',#8216);
#3795=VERTEX_POINT('',#8229);
#3796=VERTEX_POINT('',#8242);
#3797=VERTEX_POINT('',#8248);
#3798=VERTEX_POINT('',#8252);
#3799=VERTEX_POINT('',#8256);
#3800=VERTEX_POINT('',#8267);
#3801=VERTEX_POINT('',#8280);
#3802=VERTEX_POINT('',#8293);
#3803=VERTEX_POINT('',#8306);
#3804=VERTEX_POINT('',#8319);
#3805=VERTEX_POINT('',#8325);
#3806=VERTEX_POINT('',#8332);
#3807=VERTEX_POINT('',#8334);
#3808=VERTEX_POINT('',#8338);
#3809=VERTEX_POINT('',#8342);
#3810=VERTEX_POINT('',#8346);
#3811=VERTEX_POINT('',#8350);
#3812=VERTEX_POINT('',#8354);
#3813=VERTEX_POINT('',#8358);
#3814=VERTEX_POINT('',#8362);
#3815=VERTEX_POINT('',#8369);
#3816=VERTEX_POINT('',#8371);
#3817=VERTEX_POINT('',#8375);
#3818=VERTEX_POINT('',#8379);
#3819=VERTEX_POINT('',#8383);
#3820=VERTEX_POINT('',#8387);
#3821=VERTEX_POINT('',#8391);
#3822=VERTEX_POINT('',#8395);
#3823=VERTEX_POINT('',#8399);
#3824=VERTEX_POINT('',#8403);
#3825=VERTEX_POINT('',#8407);
#3826=VERTEX_POINT('',#8411);
#3827=VERTEX_POINT('',#8425);
#3828=VERTEX_POINT('',#8429);
#3829=VERTEX_POINT('',#8440);
#3830=VERTEX_POINT('',#8446);
#3831=VERTEX_POINT('',#8457);
#3832=VERTEX_POINT('',#8470);
#3833=VERTEX_POINT('',#8483);
#3834=VERTEX_POINT('',#8496);
#3835=VERTEX_POINT('',#8502);
#3836=VERTEX_POINT('',#8513);
#3837=VERTEX_POINT('',#8526);
#3838=VERTEX_POINT('',#8539);
#3839=VERTEX_POINT('',#8552);
#3840=VERTEX_POINT('',#8565);
#3841=VERTEX_POINT('',#8571);
#3842=CIRCLE('',#4782,1.15);
#3843=CIRCLE('',#4783,0.95);
#3844=CIRCLE('',#4785,0.93);
#3845=CIRCLE('',#4787,0.95);
#3846=CIRCLE('',#4789,2.52633008963912);
#3847=CIRCLE('',#4790,2.05008008963912);
#3848=CIRCLE('',#4792,2.52633008963912);
#3849=CIRCLE('',#4793,2.05008008963912);
#3850=CIRCLE('',#4795,2.52633008963912);
#3851=CIRCLE('',#4798,0.257937);
#3852=CIRCLE('',#4799,0.257937);
#3853=CIRCLE('',#4806,2.05008008963912);
#3854=CIRCLE('',#4808,2.52633008963912);
#3855=CIRCLE('',#4809,2.05008008963912);
#3856=CIRCLE('',#4811,2.52633008963912);
#3857=CIRCLE('',#4814,0.257937);
#3858=CIRCLE('',#4815,0.257937);
#3859=CIRCLE('',#4822,2.05008008963912);
#3860=CIRCLE('',#4824,2.52633008963912);
#3861=CIRCLE('',#4825,2.05008008963912);
#3862=CIRCLE('',#4827,2.52633008963912);
#3863=CIRCLE('',#4830,0.257937);
#3864=CIRCLE('',#4831,0.257937);
#3865=CIRCLE('',#4838,2.05008008963912);
#3866=CIRCLE('',#4840,2.52633008963912);
#3867=CIRCLE('',#4841,2.05008008963912);
#3868=CIRCLE('',#4843,2.52633008963912);
#3869=CIRCLE('',#4846,0.257937);
#3870=CIRCLE('',#4847,0.257937);
#3871=CIRCLE('',#4854,2.05008008963912);
#3872=CIRCLE('',#4856,2.52633008963912);
#3873=CIRCLE('',#4857,2.05008008963912);
#3874=CIRCLE('',#4859,2.52633008963912);
#3875=CIRCLE('',#4862,0.257937);
#3876=CIRCLE('',#4863,0.257937);
#3877=CIRCLE('',#4870,2.05008008963912);
#3878=CIRCLE('',#4872,2.52633008963912);
#3879=CIRCLE('',#4873,2.05008008963912);
#3880=CIRCLE('',#4875,2.52633008963912);
#3881=CIRCLE('',#4878,0.257937);
#3882=CIRCLE('',#4879,0.257937);
#3883=CIRCLE('',#4886,2.05008008963912);
#3884=CIRCLE('',#4888,2.52633008963912);
#3885=CIRCLE('',#4889,2.05008008963912);
#3886=CIRCLE('',#4891,2.52633008963912);
#3887=CIRCLE('',#4894,0.257937);
#3888=CIRCLE('',#4895,0.257937);
#3889=CIRCLE('',#4902,2.05008008963912);
#3890=CIRCLE('',#4904,2.52633008963912);
#3891=CIRCLE('',#4905,2.05008008963912);
#3892=CIRCLE('',#4907,2.52633008963912);
#3893=CIRCLE('',#4910,0.257937);
#3894=CIRCLE('',#4911,0.257937);
#3895=CIRCLE('',#4918,2.05008008963912);
#3896=CIRCLE('',#4920,2.52633008963912);
#3897=CIRCLE('',#4921,2.05008008963912);
#3898=CIRCLE('',#4923,2.52633008963912);
#3899=CIRCLE('',#4926,0.257937);
#3900=CIRCLE('',#4927,0.257937);
#3901=CIRCLE('',#4934,2.05008008963912);
#3902=CIRCLE('',#4936,2.52633008963912);
#3903=CIRCLE('',#4937,2.05008008963912);
#3904=CIRCLE('',#4939,2.52633008963912);
#3905=CIRCLE('',#4942,0.257937);
#3906=CIRCLE('',#4943,0.257937);
#3907=CIRCLE('',#4950,2.05008008963912);
#3908=CIRCLE('',#4952,2.52633008963912);
#3909=CIRCLE('',#4953,2.05008008963912);
#3910=CIRCLE('',#4955,2.52633008963912);
#3911=CIRCLE('',#4958,0.257937);
#3912=CIRCLE('',#4959,0.257937);
#3913=CIRCLE('',#4966,2.05008008963912);
#3914=CIRCLE('',#4968,2.52633008963912);
#3915=CIRCLE('',#4969,2.05008008963912);
#3916=CIRCLE('',#4971,2.52633008963912);
#3917=CIRCLE('',#4974,0.257937);
#3918=CIRCLE('',#4975,0.257937);
#3919=CIRCLE('',#4982,2.05008008963912);
#3920=CIRCLE('',#4984,2.52633008963912);
#3921=CIRCLE('',#4985,2.05008008963912);
#3922=CIRCLE('',#4987,2.52633008963912);
#3923=CIRCLE('',#4990,0.257937);
#3924=CIRCLE('',#4991,0.257937);
#3925=CIRCLE('',#4998,2.05008008963912);
#3926=CIRCLE('',#5000,2.52633008963912);
#3927=CIRCLE('',#5001,2.05008008963912);
#3928=CIRCLE('',#5003,2.52633008963912);
#3929=CIRCLE('',#5006,0.257937);
#3930=CIRCLE('',#5007,0.257937);
#3931=CIRCLE('',#5014,2.05008008963912);
#3932=CIRCLE('',#5015,0.257937);
#3933=CIRCLE('',#5017,2.52633008963912);
#3934=CIRCLE('',#5019,2.05008008963912);
#3935=CIRCLE('',#5022,0.145050882397035);
#3936=CIRCLE('',#5023,0.112977368509126);
#3937=CIRCLE('',#5024,0.719392974834551);
#3938=CIRCLE('',#5025,0.178289480282561);
#3939=CIRCLE('',#5026,4.62320691106018);
#3940=CIRCLE('',#5027,0.233324659666296);
#3941=CIRCLE('',#5028,0.116149767821238);
#3942=CIRCLE('',#5029,0.171821647971497);
#3943=CIRCLE('',#5030,1.00934913903332);
#3944=CIRCLE('',#5031,0.610733737669749);
#3945=CIRCLE('',#5032,1.15);
#3946=CIRCLE('',#5033,0.257937);
#3947=CIRCLE('',#5042,0.95);
#3948=CIRCLE('',#5043,0.95);
#3949=CIRCLE('',#5045,0.93);
#3950=CIRCLE('',#5074,0.610733737669749);
#3951=CIRCLE('',#5083,1.00934913903332);
#3952=CIRCLE('',#5096,0.171821647971497);
#3953=CIRCLE('',#5098,0.116149767821238);
#3954=CIRCLE('',#5101,0.233324659666296);
#3955=CIRCLE('',#5107,4.62320691106018);
#3956=CIRCLE('',#5109,0.178289480282561);
#3957=CIRCLE('',#5111,0.719392974834551);
#3958=CIRCLE('',#5131,0.112977368509126);
#3959=CIRCLE('',#5134,0.145050882397035);
#3960=EDGE_LOOP('',(#1196));
#3961=EDGE_LOOP('',(#1197));
#3962=EDGE_LOOP('',(#1198));
#3963=EDGE_LOOP('',(#1199,#1200,#1201,#1202,#1203,#1204));
#3964=EDGE_LOOP('',(#1205));
#3965=EDGE_LOOP('',(#1206));
#3966=EDGE_LOOP('',(#1207,#1208,#1209,#1210,#1211,#1212,#1213,#1214,#1215,
#1216));
#3967=EDGE_LOOP('',(#1217,#1218,#1219,#1220,#1221,#1222,#1223,#1224,#1225,
#1226));
#3968=EDGE_LOOP('',(#1227,#1228,#1229,#1230));
#3969=EDGE_LOOP('',(#1231,#1232,#1233,#1234));
#3970=EDGE_LOOP('',(#1235,#1236,#1237,#1238,#1239,#1240,#1241,#1242));
#3971=EDGE_LOOP('',(#1243,#1244,#1245,#1246));
#3972=EDGE_LOOP('',(#1247,#1248,#1249,#1250));
#3973=EDGE_LOOP('',(#1251,#1252,#1253,#1254));
#3974=EDGE_LOOP('',(#1255,#1256,#1257,#1258));
#3975=EDGE_LOOP('',(#1259,#1260,#1261,#1262));
#3976=EDGE_LOOP('',(#1263,#1264,#1265,#1266,#1267,#1268,#1269,#1270,#1271,
#1272));
#3977=EDGE_LOOP('',(#1273,#1274,#1275,#1276,#1277,#1278,#1279,#1280,#1281,
#1282));
#3978=EDGE_LOOP('',(#1283,#1284,#1285,#1286));
#3979=EDGE_LOOP('',(#1287,#1288,#1289,#1290));
#3980=EDGE_LOOP('',(#1291,#1292,#1293,#1294,#1295,#1296,#1297,#1298));
#3981=EDGE_LOOP('',(#1299,#1300,#1301,#1302));
#3982=EDGE_LOOP('',(#1303,#1304,#1305,#1306));
#3983=EDGE_LOOP('',(#1307,#1308,#1309,#1310));
#3984=EDGE_LOOP('',(#1311,#1312,#1313,#1314));
#3985=EDGE_LOOP('',(#1315,#1316,#1317,#1318));
#3986=EDGE_LOOP('',(#1319,#1320,#1321,#1322,#1323,#1324,#1325,#1326,#1327,
#1328));
#3987=EDGE_LOOP('',(#1329,#1330,#1331,#1332,#1333,#1334,#1335,#1336,#1337,
#1338));
#3988=EDGE_LOOP('',(#1339,#1340,#1341,#1342));
#3989=EDGE_LOOP('',(#1343,#1344,#1345,#1346));
#3990=EDGE_LOOP('',(#1347,#1348,#1349,#1350,#1351,#1352,#1353,#1354));
#3991=EDGE_LOOP('',(#1355,#1356,#1357,#1358));
#3992=EDGE_LOOP('',(#1359,#1360,#1361,#1362));
#3993=EDGE_LOOP('',(#1363,#1364,#1365,#1366));
#3994=EDGE_LOOP('',(#1367,#1368,#1369,#1370));
#3995=EDGE_LOOP('',(#1371,#1372,#1373,#1374));
#3996=EDGE_LOOP('',(#1375,#1376,#1377,#1378,#1379,#1380,#1381,#1382,#1383,
#1384));
#3997=EDGE_LOOP('',(#1385,#1386,#1387,#1388,#1389,#1390,#1391,#1392,#1393,
#1394));
#3998=EDGE_LOOP('',(#1395,#1396,#1397,#1398));
#3999=EDGE_LOOP('',(#1399,#1400,#1401,#1402));
#4000=EDGE_LOOP('',(#1403,#1404,#1405,#1406,#1407,#1408,#1409,#1410));
#4001=EDGE_LOOP('',(#1411,#1412,#1413,#1414));
#4002=EDGE_LOOP('',(#1415,#1416,#1417,#1418));
#4003=EDGE_LOOP('',(#1419,#1420,#1421,#1422));
#4004=EDGE_LOOP('',(#1423,#1424,#1425,#1426));
#4005=EDGE_LOOP('',(#1427,#1428,#1429,#1430));
#4006=EDGE_LOOP('',(#1431,#1432,#1433,#1434,#1435,#1436,#1437,#1438,#1439,
#1440));
#4007=EDGE_LOOP('',(#1441,#1442,#1443,#1444,#1445,#1446,#1447,#1448,#1449,
#1450));
#4008=EDGE_LOOP('',(#1451,#1452,#1453,#1454));
#4009=EDGE_LOOP('',(#1455,#1456,#1457,#1458));
#4010=EDGE_LOOP('',(#1459,#1460,#1461,#1462,#1463,#1464,#1465,#1466));
#4011=EDGE_LOOP('',(#1467,#1468,#1469,#1470));
#4012=EDGE_LOOP('',(#1471,#1472,#1473,#1474));
#4013=EDGE_LOOP('',(#1475,#1476,#1477,#1478));
#4014=EDGE_LOOP('',(#1479,#1480,#1481,#1482));
#4015=EDGE_LOOP('',(#1483,#1484,#1485,#1486));
#4016=EDGE_LOOP('',(#1487,#1488,#1489,#1490,#1491,#1492,#1493,#1494,#1495,
#1496));
#4017=EDGE_LOOP('',(#1497,#1498,#1499,#1500,#1501,#1502,#1503,#1504,#1505,
#1506));
#4018=EDGE_LOOP('',(#1507,#1508,#1509,#1510));
#4019=EDGE_LOOP('',(#1511,#1512,#1513,#1514));
#4020=EDGE_LOOP('',(#1515,#1516,#1517,#1518,#1519,#1520,#1521,#1522));
#4021=EDGE_LOOP('',(#1523,#1524,#1525,#1526));
#4022=EDGE_LOOP('',(#1527,#1528,#1529,#1530));
#4023=EDGE_LOOP('',(#1531,#1532,#1533,#1534));
#4024=EDGE_LOOP('',(#1535,#1536,#1537,#1538));
#4025=EDGE_LOOP('',(#1539,#1540,#1541,#1542));
#4026=EDGE_LOOP('',(#1543,#1544,#1545,#1546,#1547,#1548,#1549,#1550,#1551,
#1552));
#4027=EDGE_LOOP('',(#1553,#1554,#1555,#1556,#1557,#1558,#1559,#1560,#1561,
#1562));
#4028=EDGE_LOOP('',(#1563,#1564,#1565,#1566));
#4029=EDGE_LOOP('',(#1567,#1568,#1569,#1570));
#4030=EDGE_LOOP('',(#1571,#1572,#1573,#1574,#1575,#1576,#1577,#1578));
#4031=EDGE_LOOP('',(#1579,#1580,#1581,#1582));
#4032=EDGE_LOOP('',(#1583,#1584,#1585,#1586));
#4033=EDGE_LOOP('',(#1587,#1588,#1589,#1590));
#4034=EDGE_LOOP('',(#1591,#1592,#1593,#1594));
#4035=EDGE_LOOP('',(#1595,#1596,#1597,#1598));
#4036=EDGE_LOOP('',(#1599,#1600,#1601,#1602,#1603,#1604,#1605,#1606,#1607,
#1608));
#4037=EDGE_LOOP('',(#1609,#1610,#1611,#1612,#1613,#1614,#1615,#1616,#1617,
#1618));
#4038=EDGE_LOOP('',(#1619,#1620,#1621,#1622));
#4039=EDGE_LOOP('',(#1623,#1624,#1625,#1626));
#4040=EDGE_LOOP('',(#1627,#1628,#1629,#1630,#1631,#1632,#1633,#1634));
#4041=EDGE_LOOP('',(#1635,#1636,#1637,#1638));
#4042=EDGE_LOOP('',(#1639,#1640,#1641,#1642));
#4043=EDGE_LOOP('',(#1643,#1644,#1645,#1646));
#4044=EDGE_LOOP('',(#1647,#1648,#1649,#1650));
#4045=EDGE_LOOP('',(#1651,#1652,#1653,#1654));
#4046=EDGE_LOOP('',(#1655,#1656,#1657,#1658,#1659,#1660,#1661,#1662,#1663,
#1664));
#4047=EDGE_LOOP('',(#1665,#1666,#1667,#1668,#1669,#1670,#1671,#1672,#1673,
#1674));
#4048=EDGE_LOOP('',(#1675,#1676,#1677,#1678));
#4049=EDGE_LOOP('',(#1679,#1680,#1681,#1682));
#4050=EDGE_LOOP('',(#1683,#1684,#1685,#1686,#1687,#1688,#1689,#1690));
#4051=EDGE_LOOP('',(#1691,#1692,#1693,#1694));
#4052=EDGE_LOOP('',(#1695,#1696,#1697,#1698));
#4053=EDGE_LOOP('',(#1699,#1700,#1701,#1702));
#4054=EDGE_LOOP('',(#1703,#1704,#1705,#1706));
#4055=EDGE_LOOP('',(#1707,#1708,#1709,#1710));
#4056=EDGE_LOOP('',(#1711,#1712,#1713,#1714,#1715,#1716,#1717,#1718,#1719,
#1720));
#4057=EDGE_LOOP('',(#1721,#1722,#1723,#1724,#1725,#1726,#1727,#1728,#1729,
#1730));
#4058=EDGE_LOOP('',(#1731,#1732,#1733,#1734));
#4059=EDGE_LOOP('',(#1735,#1736,#1737,#1738));
#4060=EDGE_LOOP('',(#1739,#1740,#1741,#1742,#1743,#1744,#1745,#1746));
#4061=EDGE_LOOP('',(#1747,#1748,#1749,#1750));
#4062=EDGE_LOOP('',(#1751,#1752,#1753,#1754));
#4063=EDGE_LOOP('',(#1755,#1756,#1757,#1758));
#4064=EDGE_LOOP('',(#1759,#1760,#1761,#1762));
#4065=EDGE_LOOP('',(#1763,#1764,#1765,#1766));
#4066=EDGE_LOOP('',(#1767,#1768,#1769,#1770,#1771,#1772,#1773,#1774,#1775,
#1776));
#4067=EDGE_LOOP('',(#1777,#1778,#1779,#1780,#1781,#1782,#1783,#1784,#1785,
#1786));
#4068=EDGE_LOOP('',(#1787,#1788,#1789,#1790));
#4069=EDGE_LOOP('',(#1791,#1792,#1793,#1794));
#4070=EDGE_LOOP('',(#1795,#1796,#1797,#1798,#1799,#1800,#1801,#1802));
#4071=EDGE_LOOP('',(#1803,#1804,#1805,#1806));
#4072=EDGE_LOOP('',(#1807,#1808,#1809,#1810));
#4073=EDGE_LOOP('',(#1811,#1812,#1813,#1814));
#4074=EDGE_LOOP('',(#1815,#1816,#1817,#1818));
#4075=EDGE_LOOP('',(#1819,#1820,#1821,#1822));
#4076=EDGE_LOOP('',(#1823,#1824,#1825,#1826,#1827,#1828,#1829,#1830,#1831,
#1832));
#4077=EDGE_LOOP('',(#1833,#1834,#1835,#1836,#1837,#1838,#1839,#1840,#1841,
#1842));
#4078=EDGE_LOOP('',(#1843,#1844,#1845,#1846));
#4079=EDGE_LOOP('',(#1847,#1848,#1849,#1850));
#4080=EDGE_LOOP('',(#1851,#1852,#1853,#1854,#1855,#1856,#1857,#1858));
#4081=EDGE_LOOP('',(#1859,#1860,#1861,#1862));
#4082=EDGE_LOOP('',(#1863,#1864,#1865,#1866));
#4083=EDGE_LOOP('',(#1867,#1868,#1869,#1870));
#4084=EDGE_LOOP('',(#1871,#1872,#1873,#1874));
#4085=EDGE_LOOP('',(#1875,#1876,#1877,#1878));
#4086=EDGE_LOOP('',(#1879,#1880,#1881,#1882,#1883,#1884,#1885,#1886,#1887,
#1888));
#4087=EDGE_LOOP('',(#1889,#1890,#1891,#1892,#1893,#1894,#1895,#1896,#1897,
#1898));
#4088=EDGE_LOOP('',(#1899,#1900,#1901,#1902));
#4089=EDGE_LOOP('',(#1903,#1904,#1905,#1906));
#4090=EDGE_LOOP('',(#1907,#1908,#1909,#1910,#1911,#1912,#1913,#1914));
#4091=EDGE_LOOP('',(#1915,#1916,#1917,#1918));
#4092=EDGE_LOOP('',(#1919,#1920,#1921,#1922));
#4093=EDGE_LOOP('',(#1923,#1924,#1925,#1926));
#4094=EDGE_LOOP('',(#1927,#1928,#1929,#1930));
#4095=EDGE_LOOP('',(#1931,#1932,#1933,#1934));
#4096=EDGE_LOOP('',(#1935,#1936,#1937,#1938,#1939,#1940,#1941,#1942,#1943,
#1944));
#4097=EDGE_LOOP('',(#1945,#1946,#1947,#1948,#1949,#1950,#1951,#1952,#1953,
#1954));
#4098=EDGE_LOOP('',(#1955,#1956,#1957,#1958));
#4099=EDGE_LOOP('',(#1959,#1960,#1961,#1962));
#4100=EDGE_LOOP('',(#1963,#1964,#1965,#1966,#1967,#1968,#1969,#1970));
#4101=EDGE_LOOP('',(#1971,#1972,#1973,#1974));
#4102=EDGE_LOOP('',(#1975,#1976,#1977,#1978));
#4103=EDGE_LOOP('',(#1979,#1980,#1981,#1982));
#4104=EDGE_LOOP('',(#1983,#1984,#1985,#1986));
#4105=EDGE_LOOP('',(#1987,#1988,#1989,#1990));
#4106=EDGE_LOOP('',(#1991));
#4107=EDGE_LOOP('',(#1992,#1993,#1994,#1995,#1996,#1997,#1998,#1999,#2000,
#2001,#2002,#2003,#2004,#2005,#2006,#2007,#2008,#2009,#2010,#2011,#2012,
#2013,#2014,#2015,#2016,#2017,#2018,#2019,#2020,#2021));
#4108=EDGE_LOOP('',(#2022,#2023,#2024,#2025,#2026,#2027,#2028,#2029,#2030,
#2031));
#4109=EDGE_LOOP('',(#2032,#2033,#2034,#2035,#2036,#2037,#2038,#2039,#2040,
#2041));
#4110=EDGE_LOOP('',(#2042,#2043,#2044,#2045));
#4111=EDGE_LOOP('',(#2046,#2047,#2048,#2049,#2050,#2051,#2052,#2053,#2054,
#2055,#2056,#2057,#2058,#2059,#2060));
#4112=EDGE_LOOP('',(#2061,#2062,#2063,#2064,#2065,#2066,#2067,#2068,#2069,
#2070,#2071,#2072));
#4113=EDGE_LOOP('',(#2073,#2074,#2075,#2076,#2077,#2078,#2079,#2080,#2081));
#4114=EDGE_LOOP('',(#2082,#2083,#2084,#2085,#2086,#2087,#2088,#2089,#2090,
#2091,#2092,#2093,#2094,#2095,#2096,#2097,#2098,#2099,#2100));
#4115=EDGE_LOOP('',(#2101,#2102,#2103,#2104,#2105,#2106,#2107,#2108,#2109,
#2110,#2111,#2112,#2113,#2114,#2115));
#4116=EDGE_LOOP('',(#2116,#2117,#2118,#2119));
#4117=EDGE_LOOP('',(#2120));
#4118=EDGE_LOOP('',(#2121,#2122,#2123,#2124,#2125,#2126,#2127,#2128,#2129,
#2130,#2131,#2132,#2133,#2134,#2135,#2136,#2137,#2138,#2139,#2140,#2141,
#2142,#2143,#2144,#2145,#2146,#2147,#2148,#2149,#2150));
#4119=EDGE_LOOP('',(#2151,#2152,#2153,#2154));
#4120=EDGE_LOOP('',(#2155,#2156,#2157,#2158,#2159,#2160,#2161,#2162));
#4121=EDGE_LOOP('',(#2163,#2164,#2165,#2166));
#4122=EDGE_LOOP('',(#2167,#2168,#2169,#2170));
#4123=EDGE_LOOP('',(#2171,#2172,#2173,#2174));
#4124=EDGE_LOOP('',(#2175,#2176,#2177,#2178));
#4125=EDGE_LOOP('',(#2179,#2180,#2181,#2182));
#4126=EDGE_LOOP('',(#2183));
#4127=EDGE_LOOP('',(#2184));
#4128=EDGE_LOOP('',(#2185));
#4129=EDGE_LOOP('',(#2186,#2187,#2188,#2189,#2190,#2191));
#4130=EDGE_LOOP('',(#2192));
#4131=EDGE_LOOP('',(#2193));
#4132=EDGE_LOOP('',(#2194,#2195,#2196,#2197));
#4133=EDGE_LOOP('',(#2198,#2199,#2200,#2201));
#4134=EDGE_LOOP('',(#2202,#2203,#2204,#2205));
#4135=EDGE_LOOP('',(#2206,#2207,#2208,#2209));
#4136=EDGE_LOOP('',(#2210,#2211,#2212,#2213));
#4137=EDGE_LOOP('',(#2214,#2215,#2216,#2217));
#4138=EDGE_LOOP('',(#2218,#2219,#2220,#2221));
#4139=EDGE_LOOP('',(#2222,#2223,#2224,#2225));
#4140=EDGE_LOOP('',(#2226,#2227,#2228,#2229));
#4141=EDGE_LOOP('',(#2230,#2231,#2232,#2233));
#4142=EDGE_LOOP('',(#2234,#2235,#2236,#2237));
#4143=EDGE_LOOP('',(#2238,#2239,#2240,#2241));
#4144=EDGE_LOOP('',(#2242,#2243,#2244,#2245));
#4145=EDGE_LOOP('',(#2246,#2247,#2248,#2249));
#4146=EDGE_LOOP('',(#2250,#2251,#2252,#2253));
#4147=EDGE_LOOP('',(#2254,#2255,#2256,#2257));
#4148=EDGE_LOOP('',(#2258,#2259,#2260,#2261));
#4149=EDGE_LOOP('',(#2262,#2263,#2264,#2265));
#4150=EDGE_LOOP('',(#2266));
#4151=EDGE_LOOP('',(#2267));
#4152=EDGE_LOOP('',(#2268));
#4153=EDGE_LOOP('',(#2269));
#4154=EDGE_LOOP('',(#2270,#2271,#2272,#2273));
#4155=EDGE_LOOP('',(#2274,#2275,#2276,#2277));
#4156=EDGE_LOOP('',(#2278,#2279,#2280,#2281));
#4157=EDGE_LOOP('',(#2282,#2283,#2284,#2285));
#4158=EDGE_LOOP('',(#2286,#2287,#2288,#2289));
#4159=EDGE_LOOP('',(#2290,#2291,#2292,#2293));
#4160=EDGE_LOOP('',(#2294,#2295,#2296,#2297));
#4161=EDGE_LOOP('',(#2298,#2299,#2300,#2301));
#4162=EDGE_LOOP('',(#2302,#2303,#2304,#2305));
#4163=EDGE_LOOP('',(#2306,#2307,#2308,#2309));
#4164=EDGE_LOOP('',(#2310,#2311,#2312,#2313));
#4165=EDGE_LOOP('',(#2314,#2315,#2316,#2317));
#4166=EDGE_LOOP('',(#2318,#2319,#2320,#2321));
#4167=EDGE_LOOP('',(#2322,#2323,#2324,#2325));
#4168=EDGE_LOOP('',(#2326,#2327,#2328,#2329));
#4169=EDGE_LOOP('',(#2330,#2331,#2332,#2333));
#4170=EDGE_LOOP('',(#2334,#2335,#2336,#2337));
#4171=EDGE_LOOP('',(#2338,#2339,#2340,#2341));
#4172=EDGE_LOOP('',(#2342,#2343,#2344,#2345));
#4173=EDGE_LOOP('',(#2346,#2347,#2348,#2349));
#4174=EDGE_LOOP('',(#2350,#2351,#2352,#2353,#2354,#2355,#2356,#2357,#2358,
#2359,#2360,#2361,#2362,#2363,#2364));
#4175=EDGE_LOOP('',(#2365,#2366,#2367,#2368));
#4176=EDGE_LOOP('',(#2369,#2370,#2371,#2372));
#4177=EDGE_LOOP('',(#2373,#2374,#2375,#2376));
#4178=EDGE_LOOP('',(#2377,#2378,#2379,#2380));
#4179=EDGE_LOOP('',(#2381,#2382,#2383,#2384));
#4180=EDGE_LOOP('',(#2385,#2386,#2387,#2388));
#4181=EDGE_LOOP('',(#2389,#2390,#2391,#2392));
#4182=EDGE_LOOP('',(#2393,#2394,#2395,#2396));
#4183=EDGE_LOOP('',(#2397,#2398,#2399,#2400));
#4184=EDGE_LOOP('',(#2401,#2402,#2403,#2404));
#4185=EDGE_LOOP('',(#2405,#2406,#2407,#2408));
#4186=EDGE_LOOP('',(#2409,#2410,#2411,#2412));
#4187=EDGE_LOOP('',(#2413,#2414,#2415,#2416));
#4188=EDGE_LOOP('',(#2417,#2418,#2419,#2420));
#4189=EDGE_LOOP('',(#2421,#2422,#2423,#2424));
#4190=EDGE_LOOP('',(#2425,#2426,#2427,#2428));
#4191=EDGE_LOOP('',(#2429,#2430,#2431,#2432));
#4192=EDGE_LOOP('',(#2433,#2434,#2435,#2436));
#4193=EDGE_LOOP('',(#2437,#2438,#2439,#2440));
#4194=EDGE_LOOP('',(#2441,#2442,#2443,#2444,#2445,#2446,#2447,#2448,#2449,
#2450,#2451,#2452,#2453,#2454,#2455,#2456,#2457,#2458,#2459));
#4195=EDGE_LOOP('',(#2460,#2461,#2462,#2463));
#4196=EDGE_LOOP('',(#2464,#2465,#2466,#2467));
#4197=EDGE_LOOP('',(#2468,#2469,#2470,#2471));
#4198=EDGE_LOOP('',(#2472,#2473,#2474,#2475));
#4199=EDGE_LOOP('',(#2476,#2477,#2478,#2479));
#4200=EDGE_LOOP('',(#2480,#2481,#2482,#2483));
#4201=EDGE_LOOP('',(#2484,#2485,#2486,#2487));
#4202=EDGE_LOOP('',(#2488,#2489,#2490,#2491));
#4203=EDGE_LOOP('',(#2492,#2493,#2494,#2495));
#4204=EDGE_LOOP('',(#2496,#2497,#2498,#2499,#2500,#2501,#2502,#2503,#2504));
#4205=EDGE_LOOP('',(#2505,#2506,#2507,#2508));
#4206=EDGE_LOOP('',(#2509,#2510,#2511,#2512));
#4207=EDGE_LOOP('',(#2513,#2514,#2515,#2516));
#4208=EDGE_LOOP('',(#2517,#2518,#2519,#2520));
#4209=EDGE_LOOP('',(#2521,#2522,#2523,#2524));
#4210=EDGE_LOOP('',(#2525,#2526,#2527,#2528));
#4211=EDGE_LOOP('',(#2529,#2530,#2531,#2532));
#4212=EDGE_LOOP('',(#2533,#2534,#2535,#2536));
#4213=EDGE_LOOP('',(#2537,#2538,#2539,#2540));
#4214=EDGE_LOOP('',(#2541,#2542,#2543,#2544));
#4215=EDGE_LOOP('',(#2545,#2546,#2547,#2548));
#4216=EDGE_LOOP('',(#2549,#2550,#2551,#2552));
#4217=EDGE_LOOP('',(#2553,#2554,#2555,#2556,#2557,#2558,#2559,#2560,#2561,
#2562,#2563,#2564));
#4218=EDGE_LOOP('',(#2565,#2566,#2567,#2568));
#4219=EDGE_LOOP('',(#2569,#2570,#2571,#2572));
#4220=EDGE_LOOP('',(#2573,#2574,#2575,#2576));
#4221=EDGE_LOOP('',(#2577,#2578,#2579,#2580));
#4222=EDGE_LOOP('',(#2581,#2582,#2583,#2584));
#4223=EDGE_LOOP('',(#2585,#2586,#2587,#2588));
#4224=EDGE_LOOP('',(#2589,#2590,#2591,#2592));
#4225=EDGE_LOOP('',(#2593,#2594,#2595,#2596));
#4226=EDGE_LOOP('',(#2597,#2598,#2599,#2600));
#4227=EDGE_LOOP('',(#2601,#2602,#2603,#2604));
#4228=EDGE_LOOP('',(#2605,#2606,#2607,#2608));
#4229=EDGE_LOOP('',(#2609,#2610,#2611,#2612));
#4230=EDGE_LOOP('',(#2613,#2614,#2615,#2616));
#4231=EDGE_LOOP('',(#2617,#2618,#2619,#2620));
#4232=EDGE_LOOP('',(#2621,#2622,#2623,#2624));
#4233=EDGE_LOOP('',(#2625,#2626,#2627,#2628,#2629,#2630,#2631,#2632,#2633,
#2634,#2635,#2636,#2637,#2638,#2639));
#4234=FACE_BOUND('',#3960,.T.);
#4235=FACE_BOUND('',#3961,.T.);
#4236=FACE_BOUND('',#3962,.T.);
#4237=FACE_BOUND('',#3963,.T.);
#4238=FACE_BOUND('',#3964,.T.);
#4239=FACE_BOUND('',#3965,.T.);
#4240=FACE_BOUND('',#3966,.T.);
#4241=FACE_BOUND('',#3967,.T.);
#4242=FACE_BOUND('',#3968,.T.);
#4243=FACE_BOUND('',#3969,.T.);
#4244=FACE_BOUND('',#3970,.T.);
#4245=FACE_BOUND('',#3971,.T.);
#4246=FACE_BOUND('',#3972,.T.);
#4247=FACE_BOUND('',#3973,.T.);
#4248=FACE_BOUND('',#3974,.T.);
#4249=FACE_BOUND('',#3975,.T.);
#4250=FACE_BOUND('',#3976,.T.);
#4251=FACE_BOUND('',#3977,.T.);
#4252=FACE_BOUND('',#3978,.T.);
#4253=FACE_BOUND('',#3979,.T.);
#4254=FACE_BOUND('',#3980,.T.);
#4255=FACE_BOUND('',#3981,.T.);
#4256=FACE_BOUND('',#3982,.T.);
#4257=FACE_BOUND('',#3983,.T.);
#4258=FACE_BOUND('',#3984,.T.);
#4259=FACE_BOUND('',#3985,.T.);
#4260=FACE_BOUND('',#3986,.T.);
#4261=FACE_BOUND('',#3987,.T.);
#4262=FACE_BOUND('',#3988,.T.);
#4263=FACE_BOUND('',#3989,.T.);
#4264=FACE_BOUND('',#3990,.T.);
#4265=FACE_BOUND('',#3991,.T.);
#4266=FACE_BOUND('',#3992,.T.);
#4267=FACE_BOUND('',#3993,.T.);
#4268=FACE_BOUND('',#3994,.T.);
#4269=FACE_BOUND('',#3995,.T.);
#4270=FACE_BOUND('',#3996,.T.);
#4271=FACE_BOUND('',#3997,.T.);
#4272=FACE_BOUND('',#3998,.T.);
#4273=FACE_BOUND('',#3999,.T.);
#4274=FACE_BOUND('',#4000,.T.);
#4275=FACE_BOUND('',#4001,.T.);
#4276=FACE_BOUND('',#4002,.T.);
#4277=FACE_BOUND('',#4003,.T.);
#4278=FACE_BOUND('',#4004,.T.);
#4279=FACE_BOUND('',#4005,.T.);
#4280=FACE_BOUND('',#4006,.T.);
#4281=FACE_BOUND('',#4007,.T.);
#4282=FACE_BOUND('',#4008,.T.);
#4283=FACE_BOUND('',#4009,.T.);
#4284=FACE_BOUND('',#4010,.T.);
#4285=FACE_BOUND('',#4011,.T.);
#4286=FACE_BOUND('',#4012,.T.);
#4287=FACE_BOUND('',#4013,.T.);
#4288=FACE_BOUND('',#4014,.T.);
#4289=FACE_BOUND('',#4015,.T.);
#4290=FACE_BOUND('',#4016,.T.);
#4291=FACE_BOUND('',#4017,.T.);
#4292=FACE_BOUND('',#4018,.T.);
#4293=FACE_BOUND('',#4019,.T.);
#4294=FACE_BOUND('',#4020,.T.);
#4295=FACE_BOUND('',#4021,.T.);
#4296=FACE_BOUND('',#4022,.T.);
#4297=FACE_BOUND('',#4023,.T.);
#4298=FACE_BOUND('',#4024,.T.);
#4299=FACE_BOUND('',#4025,.T.);
#4300=FACE_BOUND('',#4026,.T.);
#4301=FACE_BOUND('',#4027,.T.);
#4302=FACE_BOUND('',#4028,.T.);
#4303=FACE_BOUND('',#4029,.T.);
#4304=FACE_BOUND('',#4030,.T.);
#4305=FACE_BOUND('',#4031,.T.);
#4306=FACE_BOUND('',#4032,.T.);
#4307=FACE_BOUND('',#4033,.T.);
#4308=FACE_BOUND('',#4034,.T.);
#4309=FACE_BOUND('',#4035,.T.);
#4310=FACE_BOUND('',#4036,.T.);
#4311=FACE_BOUND('',#4037,.T.);
#4312=FACE_BOUND('',#4038,.T.);
#4313=FACE_BOUND('',#4039,.T.);
#4314=FACE_BOUND('',#4040,.T.);
#4315=FACE_BOUND('',#4041,.T.);
#4316=FACE_BOUND('',#4042,.T.);
#4317=FACE_BOUND('',#4043,.T.);
#4318=FACE_BOUND('',#4044,.T.);
#4319=FACE_BOUND('',#4045,.T.);
#4320=FACE_BOUND('',#4046,.T.);
#4321=FACE_BOUND('',#4047,.T.);
#4322=FACE_BOUND('',#4048,.T.);
#4323=FACE_BOUND('',#4049,.T.);
#4324=FACE_BOUND('',#4050,.T.);
#4325=FACE_BOUND('',#4051,.T.);
#4326=FACE_BOUND('',#4052,.T.);
#4327=FACE_BOUND('',#4053,.T.);
#4328=FACE_BOUND('',#4054,.T.);
#4329=FACE_BOUND('',#4055,.T.);
#4330=FACE_BOUND('',#4056,.T.);
#4331=FACE_BOUND('',#4057,.T.);
#4332=FACE_BOUND('',#4058,.T.);
#4333=FACE_BOUND('',#4059,.T.);
#4334=FACE_BOUND('',#4060,.T.);
#4335=FACE_BOUND('',#4061,.T.);
#4336=FACE_BOUND('',#4062,.T.);
#4337=FACE_BOUND('',#4063,.T.);
#4338=FACE_BOUND('',#4064,.T.);
#4339=FACE_BOUND('',#4065,.T.);
#4340=FACE_BOUND('',#4066,.T.);
#4341=FACE_BOUND('',#4067,.T.);
#4342=FACE_BOUND('',#4068,.T.);
#4343=FACE_BOUND('',#4069,.T.);
#4344=FACE_BOUND('',#4070,.T.);
#4345=FACE_BOUND('',#4071,.T.);
#4346=FACE_BOUND('',#4072,.T.);
#4347=FACE_BOUND('',#4073,.T.);
#4348=FACE_BOUND('',#4074,.T.);
#4349=FACE_BOUND('',#4075,.T.);
#4350=FACE_BOUND('',#4076,.T.);
#4351=FACE_BOUND('',#4077,.T.);
#4352=FACE_BOUND('',#4078,.T.);
#4353=FACE_BOUND('',#4079,.T.);
#4354=FACE_BOUND('',#4080,.T.);
#4355=FACE_BOUND('',#4081,.T.);
#4356=FACE_BOUND('',#4082,.T.);
#4357=FACE_BOUND('',#4083,.T.);
#4358=FACE_BOUND('',#4084,.T.);
#4359=FACE_BOUND('',#4085,.T.);
#4360=FACE_BOUND('',#4086,.T.);
#4361=FACE_BOUND('',#4087,.T.);
#4362=FACE_BOUND('',#4088,.T.);
#4363=FACE_BOUND('',#4089,.T.);
#4364=FACE_BOUND('',#4090,.T.);
#4365=FACE_BOUND('',#4091,.T.);
#4366=FACE_BOUND('',#4092,.T.);
#4367=FACE_BOUND('',#4093,.T.);
#4368=FACE_BOUND('',#4094,.T.);
#4369=FACE_BOUND('',#4095,.T.);
#4370=FACE_BOUND('',#4096,.T.);
#4371=FACE_BOUND('',#4097,.T.);
#4372=FACE_BOUND('',#4098,.T.);
#4373=FACE_BOUND('',#4099,.T.);
#4374=FACE_BOUND('',#4100,.T.);
#4375=FACE_BOUND('',#4101,.T.);
#4376=FACE_BOUND('',#4102,.T.);
#4377=FACE_BOUND('',#4103,.T.);
#4378=FACE_BOUND('',#4104,.T.);
#4379=FACE_BOUND('',#4105,.T.);
#4380=FACE_BOUND('',#4106,.T.);
#4381=FACE_BOUND('',#4107,.T.);
#4382=FACE_BOUND('',#4108,.T.);
#4383=FACE_BOUND('',#4109,.T.);
#4384=FACE_BOUND('',#4110,.T.);
#4385=FACE_BOUND('',#4111,.T.);
#4386=FACE_BOUND('',#4112,.T.);
#4387=FACE_BOUND('',#4113,.T.);
#4388=FACE_BOUND('',#4114,.T.);
#4389=FACE_BOUND('',#4115,.T.);
#4390=FACE_BOUND('',#4116,.T.);
#4391=FACE_BOUND('',#4117,.T.);
#4392=FACE_BOUND('',#4118,.T.);
#4393=FACE_BOUND('',#4119,.T.);
#4394=FACE_BOUND('',#4120,.T.);
#4395=FACE_BOUND('',#4121,.T.);
#4396=FACE_BOUND('',#4122,.T.);
#4397=FACE_BOUND('',#4123,.T.);
#4398=FACE_BOUND('',#4124,.T.);
#4399=FACE_BOUND('',#4125,.T.);
#4400=FACE_BOUND('',#4126,.T.);
#4401=FACE_BOUND('',#4127,.T.);
#4402=FACE_BOUND('',#4128,.T.);
#4403=FACE_BOUND('',#4129,.T.);
#4404=FACE_BOUND('',#4130,.T.);
#4405=FACE_BOUND('',#4131,.T.);
#4406=FACE_BOUND('',#4132,.T.);
#4407=FACE_BOUND('',#4133,.T.);
#4408=FACE_BOUND('',#4134,.T.);
#4409=FACE_BOUND('',#4135,.T.);
#4410=FACE_BOUND('',#4136,.T.);
#4411=FACE_BOUND('',#4137,.T.);
#4412=FACE_BOUND('',#4138,.T.);
#4413=FACE_BOUND('',#4139,.T.);
#4414=FACE_BOUND('',#4140,.T.);
#4415=FACE_BOUND('',#4141,.T.);
#4416=FACE_BOUND('',#4142,.T.);
#4417=FACE_BOUND('',#4143,.T.);
#4418=FACE_BOUND('',#4144,.T.);
#4419=FACE_BOUND('',#4145,.T.);
#4420=FACE_BOUND('',#4146,.T.);
#4421=FACE_BOUND('',#4147,.T.);
#4422=FACE_BOUND('',#4148,.T.);
#4423=FACE_BOUND('',#4149,.T.);
#4424=FACE_BOUND('',#4150,.T.);
#4425=FACE_BOUND('',#4151,.T.);
#4426=FACE_BOUND('',#4152,.T.);
#4427=FACE_BOUND('',#4153,.T.);
#4428=FACE_BOUND('',#4154,.T.);
#4429=FACE_BOUND('',#4155,.T.);
#4430=FACE_BOUND('',#4156,.T.);
#4431=FACE_BOUND('',#4157,.T.);
#4432=FACE_BOUND('',#4158,.T.);
#4433=FACE_BOUND('',#4159,.T.);
#4434=FACE_BOUND('',#4160,.T.);
#4435=FACE_BOUND('',#4161,.T.);
#4436=FACE_BOUND('',#4162,.T.);
#4437=FACE_BOUND('',#4163,.T.);
#4438=FACE_BOUND('',#4164,.T.);
#4439=FACE_BOUND('',#4165,.T.);
#4440=FACE_BOUND('',#4166,.T.);
#4441=FACE_BOUND('',#4167,.T.);
#4442=FACE_BOUND('',#4168,.T.);
#4443=FACE_BOUND('',#4169,.T.);
#4444=FACE_BOUND('',#4170,.T.);
#4445=FACE_BOUND('',#4171,.T.);
#4446=FACE_BOUND('',#4172,.T.);
#4447=FACE_BOUND('',#4173,.T.);
#4448=FACE_BOUND('',#4174,.T.);
#4449=FACE_BOUND('',#4175,.T.);
#4450=FACE_BOUND('',#4176,.T.);
#4451=FACE_BOUND('',#4177,.T.);
#4452=FACE_BOUND('',#4178,.T.);
#4453=FACE_BOUND('',#4179,.T.);
#4454=FACE_BOUND('',#4180,.T.);
#4455=FACE_BOUND('',#4181,.T.);
#4456=FACE_BOUND('',#4182,.T.);
#4457=FACE_BOUND('',#4183,.T.);
#4458=FACE_BOUND('',#4184,.T.);
#4459=FACE_BOUND('',#4185,.T.);
#4460=FACE_BOUND('',#4186,.T.);
#4461=FACE_BOUND('',#4187,.T.);
#4462=FACE_BOUND('',#4188,.T.);
#4463=FACE_BOUND('',#4189,.T.);
#4464=FACE_BOUND('',#4190,.T.);
#4465=FACE_BOUND('',#4191,.T.);
#4466=FACE_BOUND('',#4192,.T.);
#4467=FACE_BOUND('',#4193,.T.);
#4468=FACE_BOUND('',#4194,.T.);
#4469=FACE_BOUND('',#4195,.T.);
#4470=FACE_BOUND('',#4196,.T.);
#4471=FACE_BOUND('',#4197,.T.);
#4472=FACE_BOUND('',#4198,.T.);
#4473=FACE_BOUND('',#4199,.T.);
#4474=FACE_BOUND('',#4200,.T.);
#4475=FACE_BOUND('',#4201,.T.);
#4476=FACE_BOUND('',#4202,.T.);
#4477=FACE_BOUND('',#4203,.T.);
#4478=FACE_BOUND('',#4204,.T.);
#4479=FACE_BOUND('',#4205,.T.);
#4480=FACE_BOUND('',#4206,.T.);
#4481=FACE_BOUND('',#4207,.T.);
#4482=FACE_BOUND('',#4208,.T.);
#4483=FACE_BOUND('',#4209,.T.);
#4484=FACE_BOUND('',#4210,.T.);
#4485=FACE_BOUND('',#4211,.T.);
#4486=FACE_BOUND('',#4212,.T.);
#4487=FACE_BOUND('',#4213,.T.);
#4488=FACE_BOUND('',#4214,.T.);
#4489=FACE_BOUND('',#4215,.T.);
#4490=FACE_BOUND('',#4216,.T.);
#4491=FACE_BOUND('',#4217,.T.);
#4492=FACE_BOUND('',#4218,.T.);
#4493=FACE_BOUND('',#4219,.T.);
#4494=FACE_BOUND('',#4220,.T.);
#4495=FACE_BOUND('',#4221,.T.);
#4496=FACE_BOUND('',#4222,.T.);
#4497=FACE_BOUND('',#4223,.T.);
#4498=FACE_BOUND('',#4224,.T.);
#4499=FACE_BOUND('',#4225,.T.);
#4500=FACE_BOUND('',#4226,.T.);
#4501=FACE_BOUND('',#4227,.T.);
#4502=FACE_BOUND('',#4228,.T.);
#4503=FACE_BOUND('',#4229,.T.);
#4504=FACE_BOUND('',#4230,.T.);
#4505=FACE_BOUND('',#4231,.T.);
#4506=FACE_BOUND('',#4232,.T.);
#4507=FACE_BOUND('',#4233,.T.);
#4508=TOROIDAL_SURFACE('',#4781,1.15,0.2);
#4509=TOROIDAL_SURFACE('',#5046,1.15,0.2);
#4510=ADVANCED_FACE('',(#4234,#4235),#4508,.F.);
#4511=ADVANCED_FACE('',(#4236,#4237),#1094,.T.);
#4512=ADVANCED_FACE('',(#4238,#4239),#344,.T.);
#4513=ADVANCED_FACE('',(#4240),#312,.T.);
#4514=ADVANCED_FACE('',(#4241),#313,.T.);
#4515=ADVANCED_FACE('',(#4242),#345,.T.);
#4516=ADVANCED_FACE('',(#4243),#346,.F.);
#4517=ADVANCED_FACE('',(#4244),#347,.F.);
#4518=ADVANCED_FACE('',(#4245),#348,.F.);
#4519=ADVANCED_FACE('',(#4246),#1095,.T.);
#4520=ADVANCED_FACE('',(#4247),#349,.T.);
#4521=ADVANCED_FACE('',(#4248),#350,.T.);
#4522=ADVANCED_FACE('',(#4249),#1096,.F.);
#4523=ADVANCED_FACE('',(#4250),#314,.T.);
#4524=ADVANCED_FACE('',(#4251),#315,.T.);
#4525=ADVANCED_FACE('',(#4252),#351,.T.);
#4526=ADVANCED_FACE('',(#4253),#352,.F.);
#4527=ADVANCED_FACE('',(#4254),#353,.F.);
#4528=ADVANCED_FACE('',(#4255),#354,.F.);
#4529=ADVANCED_FACE('',(#4256),#1097,.T.);
#4530=ADVANCED_FACE('',(#4257),#355,.T.);
#4531=ADVANCED_FACE('',(#4258),#356,.T.);
#4532=ADVANCED_FACE('',(#4259),#1098,.F.);
#4533=ADVANCED_FACE('',(#4260),#316,.T.);
#4534=ADVANCED_FACE('',(#4261),#317,.T.);
#4535=ADVANCED_FACE('',(#4262),#357,.T.);
#4536=ADVANCED_FACE('',(#4263),#358,.F.);
#4537=ADVANCED_FACE('',(#4264),#359,.F.);
#4538=ADVANCED_FACE('',(#4265),#360,.F.);
#4539=ADVANCED_FACE('',(#4266),#1099,.T.);
#4540=ADVANCED_FACE('',(#4267),#361,.T.);
#4541=ADVANCED_FACE('',(#4268),#362,.T.);
#4542=ADVANCED_FACE('',(#4269),#1100,.F.);
#4543=ADVANCED_FACE('',(#4270),#318,.T.);
#4544=ADVANCED_FACE('',(#4271),#319,.T.);
#4545=ADVANCED_FACE('',(#4272),#363,.T.);
#4546=ADVANCED_FACE('',(#4273),#364,.F.);
#4547=ADVANCED_FACE('',(#4274),#365,.F.);
#4548=ADVANCED_FACE('',(#4275),#366,.F.);
#4549=ADVANCED_FACE('',(#4276),#1101,.T.);
#4550=ADVANCED_FACE('',(#4277),#367,.T.);
#4551=ADVANCED_FACE('',(#4278),#368,.T.);
#4552=ADVANCED_FACE('',(#4279),#1102,.F.);
#4553=ADVANCED_FACE('',(#4280),#320,.T.);
#4554=ADVANCED_FACE('',(#4281),#321,.T.);
#4555=ADVANCED_FACE('',(#4282),#369,.T.);
#4556=ADVANCED_FACE('',(#4283),#370,.F.);
#4557=ADVANCED_FACE('',(#4284),#371,.F.);
#4558=ADVANCED_FACE('',(#4285),#372,.F.);
#4559=ADVANCED_FACE('',(#4286),#1103,.T.);
#4560=ADVANCED_FACE('',(#4287),#373,.T.);
#4561=ADVANCED_FACE('',(#4288),#374,.T.);
#4562=ADVANCED_FACE('',(#4289),#1104,.F.);
#4563=ADVANCED_FACE('',(#4290),#322,.T.);
#4564=ADVANCED_FACE('',(#4291),#323,.T.);
#4565=ADVANCED_FACE('',(#4292),#375,.T.);
#4566=ADVANCED_FACE('',(#4293),#376,.F.);
#4567=ADVANCED_FACE('',(#4294),#377,.F.);
#4568=ADVANCED_FACE('',(#4295),#378,.F.);
#4569=ADVANCED_FACE('',(#4296),#1105,.T.);
#4570=ADVANCED_FACE('',(#4297),#379,.T.);
#4571=ADVANCED_FACE('',(#4298),#380,.T.);
#4572=ADVANCED_FACE('',(#4299),#1106,.F.);
#4573=ADVANCED_FACE('',(#4300),#324,.T.);
#4574=ADVANCED_FACE('',(#4301),#325,.T.);
#4575=ADVANCED_FACE('',(#4302),#381,.T.);
#4576=ADVANCED_FACE('',(#4303),#382,.F.);
#4577=ADVANCED_FACE('',(#4304),#383,.F.);
#4578=ADVANCED_FACE('',(#4305),#384,.F.);
#4579=ADVANCED_FACE('',(#4306),#1107,.T.);
#4580=ADVANCED_FACE('',(#4307),#385,.T.);
#4581=ADVANCED_FACE('',(#4308),#386,.T.);
#4582=ADVANCED_FACE('',(#4309),#1108,.F.);
#4583=ADVANCED_FACE('',(#4310),#326,.T.);
#4584=ADVANCED_FACE('',(#4311),#327,.T.);
#4585=ADVANCED_FACE('',(#4312),#387,.T.);
#4586=ADVANCED_FACE('',(#4313),#388,.F.);
#4587=ADVANCED_FACE('',(#4314),#389,.F.);
#4588=ADVANCED_FACE('',(#4315),#390,.F.);
#4589=ADVANCED_FACE('',(#4316),#1109,.T.);
#4590=ADVANCED_FACE('',(#4317),#391,.T.);
#4591=ADVANCED_FACE('',(#4318),#392,.T.);
#4592=ADVANCED_FACE('',(#4319),#1110,.F.);
#4593=ADVANCED_FACE('',(#4320),#328,.T.);
#4594=ADVANCED_FACE('',(#4321),#329,.T.);
#4595=ADVANCED_FACE('',(#4322),#393,.T.);
#4596=ADVANCED_FACE('',(#4323),#394,.F.);
#4597=ADVANCED_FACE('',(#4324),#395,.F.);
#4598=ADVANCED_FACE('',(#4325),#396,.F.);
#4599=ADVANCED_FACE('',(#4326),#1111,.T.);
#4600=ADVANCED_FACE('',(#4327),#397,.T.);
#4601=ADVANCED_FACE('',(#4328),#398,.T.);
#4602=ADVANCED_FACE('',(#4329),#1112,.F.);
#4603=ADVANCED_FACE('',(#4330),#330,.T.);
#4604=ADVANCED_FACE('',(#4331),#331,.T.);
#4605=ADVANCED_FACE('',(#4332),#399,.T.);
#4606=ADVANCED_FACE('',(#4333),#400,.F.);
#4607=ADVANCED_FACE('',(#4334),#401,.F.);
#4608=ADVANCED_FACE('',(#4335),#402,.F.);
#4609=ADVANCED_FACE('',(#4336),#1113,.T.);
#4610=ADVANCED_FACE('',(#4337),#403,.T.);
#4611=ADVANCED_FACE('',(#4338),#404,.T.);
#4612=ADVANCED_FACE('',(#4339),#1114,.F.);
#4613=ADVANCED_FACE('',(#4340),#332,.T.);
#4614=ADVANCED_FACE('',(#4341),#333,.T.);
#4615=ADVANCED_FACE('',(#4342),#405,.T.);
#4616=ADVANCED_FACE('',(#4343),#406,.F.);
#4617=ADVANCED_FACE('',(#4344),#407,.F.);
#4618=ADVANCED_FACE('',(#4345),#408,.F.);
#4619=ADVANCED_FACE('',(#4346),#1115,.T.);
#4620=ADVANCED_FACE('',(#4347),#409,.T.);
#4621=ADVANCED_FACE('',(#4348),#410,.T.);
#4622=ADVANCED_FACE('',(#4349),#1116,.F.);
#4623=ADVANCED_FACE('',(#4350),#334,.T.);
#4624=ADVANCED_FACE('',(#4351),#335,.T.);
#4625=ADVANCED_FACE('',(#4352),#411,.T.);
#4626=ADVANCED_FACE('',(#4353),#412,.F.);
#4627=ADVANCED_FACE('',(#4354),#413,.F.);
#4628=ADVANCED_FACE('',(#4355),#414,.F.);
#4629=ADVANCED_FACE('',(#4356),#1117,.T.);
#4630=ADVANCED_FACE('',(#4357),#415,.T.);
#4631=ADVANCED_FACE('',(#4358),#416,.T.);
#4632=ADVANCED_FACE('',(#4359),#1118,.F.);
#4633=ADVANCED_FACE('',(#4360),#336,.T.);
#4634=ADVANCED_FACE('',(#4361),#337,.T.);
#4635=ADVANCED_FACE('',(#4362),#417,.T.);
#4636=ADVANCED_FACE('',(#4363),#418,.F.);
#4637=ADVANCED_FACE('',(#4364),#419,.F.);
#4638=ADVANCED_FACE('',(#4365),#420,.F.);
#4639=ADVANCED_FACE('',(#4366),#1119,.T.);
#4640=ADVANCED_FACE('',(#4367),#421,.T.);
#4641=ADVANCED_FACE('',(#4368),#422,.T.);
#4642=ADVANCED_FACE('',(#4369),#1120,.F.);
#4643=ADVANCED_FACE('',(#4370),#338,.T.);
#4644=ADVANCED_FACE('',(#4371),#339,.T.);
#4645=ADVANCED_FACE('',(#4372),#423,.T.);
#4646=ADVANCED_FACE('',(#4373),#424,.F.);
#4647=ADVANCED_FACE('',(#4374),#425,.F.);
#4648=ADVANCED_FACE('',(#4375),#426,.F.);
#4649=ADVANCED_FACE('',(#4376),#1121,.T.);
#4650=ADVANCED_FACE('',(#4377),#427,.T.);
#4651=ADVANCED_FACE('',(#4378),#428,.T.);
#4652=ADVANCED_FACE('',(#4379),#1122,.F.);
#4653=ADVANCED_FACE('',(#4380,#4381),#1123,.F.);
#4654=ADVANCED_FACE('',(#4382),#340,.T.);
#4655=ADVANCED_FACE('',(#4383),#341,.T.);
#4656=ADVANCED_FACE('',(#4384),#429,.T.);
#4657=ADVANCED_FACE('',(#4385,#4386,#4387,#4388,#4389,#4390,#4391,#4392),
#1124,.T.);
#4658=ADVANCED_FACE('',(#4393),#430,.F.);
#4659=ADVANCED_FACE('',(#4394),#431,.F.);
#4660=ADVANCED_FACE('',(#4395),#432,.F.);
#4661=ADVANCED_FACE('',(#4396),#1125,.T.);
#4662=ADVANCED_FACE('',(#4397),#433,.T.);
#4663=ADVANCED_FACE('',(#4398),#434,.T.);
#4664=ADVANCED_FACE('',(#4399),#1126,.F.);
#4665=ADVANCED_FACE('',(#4400,#4401),#435,.T.);
#4666=ADVANCED_FACE('',(#4402,#4403),#1127,.T.);
#4667=ADVANCED_FACE('',(#4404,#4405),#4509,.F.);
#4668=ADVANCED_FACE('',(#4406),#1128,.F.);
#4669=ADVANCED_FACE('',(#4407),#1129,.F.);
#4670=ADVANCED_FACE('',(#4408),#1130,.F.);
#4671=ADVANCED_FACE('',(#4409),#1131,.F.);
#4672=ADVANCED_FACE('',(#4410),#1132,.F.);
#4673=ADVANCED_FACE('',(#4411),#1133,.F.);
#4674=ADVANCED_FACE('',(#4412),#1134,.T.);
#4675=ADVANCED_FACE('',(#4413),#1135,.T.);
#4676=ADVANCED_FACE('',(#4414),#1136,.T.);
#4677=ADVANCED_FACE('',(#4415),#1137,.T.);
#4678=ADVANCED_FACE('',(#4416),#1138,.T.);
#4679=ADVANCED_FACE('',(#4417),#1139,.T.);
#4680=ADVANCED_FACE('',(#4418),#1140,.T.);
#4681=ADVANCED_FACE('',(#4419),#1141,.T.);
#4682=ADVANCED_FACE('',(#4420),#1142,.T.);
#4683=ADVANCED_FACE('',(#4421),#1143,.T.);
#4684=ADVANCED_FACE('',(#4422),#1144,.T.);
#4685=ADVANCED_FACE('',(#4423),#1145,.T.);
#4686=ADVANCED_FACE('',(#4424,#4425),#342,.T.);
#4687=ADVANCED_FACE('',(#4426,#4427),#343,.T.);
#4688=ADVANCED_FACE('',(#4428),#1146,.T.);
#4689=ADVANCED_FACE('',(#4429),#1147,.T.);
#4690=ADVANCED_FACE('',(#4430),#1148,.T.);
#4691=ADVANCED_FACE('',(#4431),#1149,.T.);
#4692=ADVANCED_FACE('',(#4432),#1150,.T.);
#4693=ADVANCED_FACE('',(#4433),#1151,.T.);
#4694=ADVANCED_FACE('',(#4434),#436,.F.);
#4695=ADVANCED_FACE('',(#4435),#1152,.T.);
#4696=ADVANCED_FACE('',(#4436),#1153,.T.);
#4697=ADVANCED_FACE('',(#4437),#1154,.T.);
#4698=ADVANCED_FACE('',(#4438),#1155,.T.);
#4699=ADVANCED_FACE('',(#4439),#1156,.T.);
#4700=ADVANCED_FACE('',(#4440),#1157,.T.);
#4701=ADVANCED_FACE('',(#4441),#1158,.T.);
#4702=ADVANCED_FACE('',(#4442),#437,.F.);
#4703=ADVANCED_FACE('',(#4443),#1159,.T.);
#4704=ADVANCED_FACE('',(#4444),#1160,.T.);
#4705=ADVANCED_FACE('',(#4445),#1161,.T.);
#4706=ADVANCED_FACE('',(#4446),#1162,.T.);
#4707=ADVANCED_FACE('',(#4447),#1163,.T.);
#4708=ADVANCED_FACE('',(#4448),#1164,.T.);
#4709=ADVANCED_FACE('',(#4449),#1165,.T.);
#4710=ADVANCED_FACE('',(#4450),#1166,.T.);
#4711=ADVANCED_FACE('',(#4451),#1167,.T.);
#4712=ADVANCED_FACE('',(#4452),#1168,.T.);
#4713=ADVANCED_FACE('',(#4453),#1169,.T.);
#4714=ADVANCED_FACE('',(#4454),#12,.T.);
#4715=ADVANCED_FACE('',(#4455),#13,.T.);
#4716=ADVANCED_FACE('',(#4456),#14,.T.);
#4717=ADVANCED_FACE('',(#4457),#15,.T.);
#4718=ADVANCED_FACE('',(#4458),#438,.T.);
#4719=ADVANCED_FACE('',(#4459),#439,.T.);
#4720=ADVANCED_FACE('',(#4460),#1170,.T.);
#4721=ADVANCED_FACE('',(#4461),#16,.T.);
#4722=ADVANCED_FACE('',(#4462),#17,.T.);
#4723=ADVANCED_FACE('',(#4463),#18,.T.);
#4724=ADVANCED_FACE('',(#4464),#19,.T.);
#4725=ADVANCED_FACE('',(#4465),#20,.T.);
#4726=ADVANCED_FACE('',(#4466),#440,.F.);
#4727=ADVANCED_FACE('',(#4467),#1171,.T.);
#4728=ADVANCED_FACE('',(#4468),#1172,.T.);
#4729=ADVANCED_FACE('',(#4469),#1173,.T.);
#4730=ADVANCED_FACE('',(#4470),#1174,.T.);
#4731=ADVANCED_FACE('',(#4471),#441,.F.);
#4732=ADVANCED_FACE('',(#4472),#442,.F.);
#4733=ADVANCED_FACE('',(#4473),#443,.F.);
#4734=ADVANCED_FACE('',(#4474),#1175,.T.);
#4735=ADVANCED_FACE('',(#4475),#1176,.T.);
#4736=ADVANCED_FACE('',(#4476),#1177,.T.);
#4737=ADVANCED_FACE('',(#4477),#1178,.T.);
#4738=ADVANCED_FACE('',(#4478),#1179,.T.);
#4739=ADVANCED_FACE('',(#4479),#1180,.T.);
#4740=ADVANCED_FACE('',(#4480),#1181,.T.);
#4741=ADVANCED_FACE('',(#4481),#1182,.T.);
#4742=ADVANCED_FACE('',(#4482),#1183,.T.);
#4743=ADVANCED_FACE('',(#4483),#1184,.T.);
#4744=ADVANCED_FACE('',(#4484),#1185,.T.);
#4745=ADVANCED_FACE('',(#4485),#1186,.T.);
#4746=ADVANCED_FACE('',(#4486),#1187,.T.);
#4747=ADVANCED_FACE('',(#4487),#1188,.T.);
#4748=ADVANCED_FACE('',(#4488),#1189,.T.);
#4749=ADVANCED_FACE('',(#4489),#1190,.T.);
#4750=ADVANCED_FACE('',(#4490),#1191,.T.);
#4751=ADVANCED_FACE('',(#4491),#1192,.T.);
#4752=ADVANCED_FACE('',(#4492),#21,.T.);
#4753=ADVANCED_FACE('',(#4493),#22,.T.);
#4754=ADVANCED_FACE('',(#4494),#444,.F.);
#4755=ADVANCED_FACE('',(#4495),#23,.T.);
#4756=ADVANCED_FACE('',(#4496),#24,.T.);
#4757=ADVANCED_FACE('',(#4497),#25,.T.);
#4758=ADVANCED_FACE('',(#4498),#26,.T.);
#4759=ADVANCED_FACE('',(#4499),#1193,.T.);
#4760=ADVANCED_FACE('',(#4500),#27,.T.);
#4761=ADVANCED_FACE('',(#4501),#28,.T.);
#4762=ADVANCED_FACE('',(#4502),#29,.T.);
#4763=ADVANCED_FACE('',(#4503),#30,.T.);
#4764=ADVANCED_FACE('',(#4504),#31,.T.);
#4765=ADVANCED_FACE('',(#4505),#445,.T.);
#4766=ADVANCED_FACE('',(#4506),#1194,.T.);
#4767=ADVANCED_FACE('',(#4507),#1195,.T.);
#4768=CLOSED_SHELL('',(#4510,#4511,#4512,#4513,#4514,#4515,#4516,#4517,
#4518,#4519,#4520,#4521,#4522,#4523,#4524,#4525,#4526,#4527,#4528,#4529,
#4530,#4531,#4532,#4533,#4534,#4535,#4536,#4537,#4538,#4539,#4540,#4541,
#4542,#4543,#4544,#4545,#4546,#4547,#4548,#4549,#4550,#4551,#4552,#4553,
#4554,#4555,#4556,#4557,#4558,#4559,#4560,#4561,#4562,#4563,#4564,#4565,
#4566,#4567,#4568,#4569,#4570,#4571,#4572,#4573,#4574,#4575,#4576,#4577,
#4578,#4579,#4580,#4581,#4582,#4583,#4584,#4585,#4586,#4587,#4588,#4589,
#4590,#4591,#4592,#4593,#4594,#4595,#4596,#4597,#4598,#4599,#4600,#4601,
#4602,#4603,#4604,#4605,#4606,#4607,#4608,#4609,#4610,#4611,#4612,#4613,
#4614,#4615,#4616,#4617,#4618,#4619,#4620,#4621,#4622,#4623,#4624,#4625,
#4626,#4627,#4628,#4629,#4630,#4631,#4632,#4633,#4634,#4635,#4636,#4637,
#4638,#4639,#4640,#4641,#4642,#4643,#4644,#4645,#4646,#4647,#4648,#4649,
#4650,#4651,#4652,#4653,#4654,#4655,#4656,#4657,#4658,#4659,#4660,#4661,
#4662,#4663,#4664,#4665,#4666,#4667,#4668,#4669,#4670,#4671,#4672,#4673,
#4674,#4675,#4676,#4677,#4678,#4679,#4680,#4681,#4682,#4683,#4684,#4685,
#4686,#4687,#4688,#4689,#4690,#4691,#4692,#4693,#4694,#4695,#4696,#4697,
#4698,#4699,#4700,#4701,#4702,#4703,#4704,#4705,#4706,#4707,#4708,#4709,
#4710,#4711,#4712,#4713,#4714,#4715,#4716,#4717,#4718,#4719,#4720,#4721,
#4722,#4723,#4724,#4725,#4726,#4727,#4728,#4729,#4730,#4731,#4732,#4733,
#4734,#4735,#4736,#4737,#4738,#4739,#4740,#4741,#4742,#4743,#4744,#4745,
#4746,#4747,#4748,#4749,#4750,#4751,#4752,#4753,#4754,#4755,#4756,#4757,
#4758,#4759,#4760,#4761,#4762,#4763,#4764,#4765,#4766,#4767));
#4769=STYLED_ITEM('',(#4770),#4777);
#4770=PRESENTATION_STYLE_ASSIGNMENT((#4771));
#4771=SURFACE_STYLE_USAGE(.BOTH.,#4772);
#4772=SURFACE_SIDE_STYLE('',(#4773));
#4773=SURFACE_STYLE_FILL_AREA(#4774);
#4774=FILL_AREA_STYLE('',(#4775));
#4775=FILL_AREA_STYLE_COLOUR('',#4776);
#4776=COLOUR_RGB('',0.196078431372549,0.196078431372549,0.196078431372549);
#4777=MANIFOLD_SOLID_BREP('#35\X2\94FE8F6E\X0\15t',#4768);
#4778=SHAPE_DEFINITION_REPRESENTATION(#8582,#4779);
#4779=SHAPE_REPRESENTATION('#35??15t',(#4780),#8577);
#4780=AXIS2_PLACEMENT_3D('',#6175,#5137,#5138);
#4781=AXIS2_PLACEMENT_3D('',#6176,#5139,#5140);
#4782=AXIS2_PLACEMENT_3D('',#6177,#5141,#5142);
#4783=AXIS2_PLACEMENT_3D('',#6179,#5143,#5144);
#4784=AXIS2_PLACEMENT_3D('',#6181,#5145,#5146);
#4785=AXIS2_PLACEMENT_3D('',#6182,#5147,#5148);
#4786=AXIS2_PLACEMENT_3D('',#6196,#5155,#5156);
#4787=AXIS2_PLACEMENT_3D('',#6197,#5157,#5158);
#4788=AXIS2_PLACEMENT_3D('',#6199,#5159,#5160);
#4789=AXIS2_PLACEMENT_3D('',#6200,#5161,#5162);
#4790=AXIS2_PLACEMENT_3D('',#6223,#5163,#5164);
#4791=AXIS2_PLACEMENT_3D('',#6244,#5165,#5166);
#4792=AXIS2_PLACEMENT_3D('',#6245,#5167,#5168);
#4793=AXIS2_PLACEMENT_3D('',#6268,#5169,#5170);
#4794=AXIS2_PLACEMENT_3D('',#6289,#5171,#5172);
#4795=AXIS2_PLACEMENT_3D('',#6292,#5174,#5175);
#4796=AXIS2_PLACEMENT_3D('',#6295,#5177,#5178);
#4797=AXIS2_PLACEMENT_3D('',#6304,#5181,#5182);
#4798=AXIS2_PLACEMENT_3D('',#6305,#5183,#5184);
#4799=AXIS2_PLACEMENT_3D('',#6312,#5185,#5186);
#4800=AXIS2_PLACEMENT_3D('',#6319,#5188,#5189);
#4801=AXIS2_PLACEMENT_3D('',#6326,#5191,#5192);
#4802=AXIS2_PLACEMENT_3D('',#6333,#5194,#5195);
#4803=AXIS2_PLACEMENT_3D('',#6340,#5197,#5198);
#4804=AXIS2_PLACEMENT_3D('',#6347,#5200,#5201);
#4805=AXIS2_PLACEMENT_3D('',#6352,#5202,#5203);
#4806=AXIS2_PLACEMENT_3D('',#6373,#5204,#5205);
#4807=AXIS2_PLACEMENT_3D('',#6374,#5206,#5207);
#4808=AXIS2_PLACEMENT_3D('',#6375,#5208,#5209);
#4809=AXIS2_PLACEMENT_3D('',#6398,#5210,#5211);
#4810=AXIS2_PLACEMENT_3D('',#6419,#5212,#5213);
#4811=AXIS2_PLACEMENT_3D('',#6422,#5215,#5216);
#4812=AXIS2_PLACEMENT_3D('',#6425,#5218,#5219);
#4813=AXIS2_PLACEMENT_3D('',#6434,#5222,#5223);
#4814=AXIS2_PLACEMENT_3D('',#6435,#5224,#5225);
#4815=AXIS2_PLACEMENT_3D('',#6441,#5226,#5227);
#4816=AXIS2_PLACEMENT_3D('',#6443,#5229,#5230);
#4817=AXIS2_PLACEMENT_3D('',#6445,#5232,#5233);
#4818=AXIS2_PLACEMENT_3D('',#6447,#5235,#5236);
#4819=AXIS2_PLACEMENT_3D('',#6448,#5237,#5238);
#4820=AXIS2_PLACEMENT_3D('',#6455,#5240,#5241);
#4821=AXIS2_PLACEMENT_3D('',#6460,#5242,#5243);
#4822=AXIS2_PLACEMENT_3D('',#6481,#5244,#5245);
#4823=AXIS2_PLACEMENT_3D('',#6482,#5246,#5247);
#4824=AXIS2_PLACEMENT_3D('',#6483,#5248,#5249);
#4825=AXIS2_PLACEMENT_3D('',#6506,#5250,#5251);
#4826=AXIS2_PLACEMENT_3D('',#6527,#5252,#5253);
#4827=AXIS2_PLACEMENT_3D('',#6530,#5255,#5256);
#4828=AXIS2_PLACEMENT_3D('',#6533,#5258,#5259);
#4829=AXIS2_PLACEMENT_3D('',#6542,#5262,#5263);
#4830=AXIS2_PLACEMENT_3D('',#6543,#5264,#5265);
#4831=AXIS2_PLACEMENT_3D('',#6549,#5266,#5267);
#4832=AXIS2_PLACEMENT_3D('',#6551,#5269,#5270);
#4833=AXIS2_PLACEMENT_3D('',#6553,#5272,#5273);
#4834=AXIS2_PLACEMENT_3D('',#6555,#5275,#5276);
#4835=AXIS2_PLACEMENT_3D('',#6556,#5277,#5278);
#4836=AXIS2_PLACEMENT_3D('',#6563,#5280,#5281);
#4837=AXIS2_PLACEMENT_3D('',#6568,#5282,#5283);
#4838=AXIS2_PLACEMENT_3D('',#6589,#5284,#5285);
#4839=AXIS2_PLACEMENT_3D('',#6590,#5286,#5287);
#4840=AXIS2_PLACEMENT_3D('',#6591,#5288,#5289);
#4841=AXIS2_PLACEMENT_3D('',#6614,#5290,#5291);
#4842=AXIS2_PLACEMENT_3D('',#6635,#5292,#5293);
#4843=AXIS2_PLACEMENT_3D('',#6638,#5295,#5296);
#4844=AXIS2_PLACEMENT_3D('',#6641,#5298,#5299);
#4845=AXIS2_PLACEMENT_3D('',#6650,#5302,#5303);
#4846=AXIS2_PLACEMENT_3D('',#6651,#5304,#5305);
#4847=AXIS2_PLACEMENT_3D('',#6657,#5306,#5307);
#4848=AXIS2_PLACEMENT_3D('',#6659,#5309,#5310);
#4849=AXIS2_PLACEMENT_3D('',#6661,#5312,#5313);
#4850=AXIS2_PLACEMENT_3D('',#6663,#5315,#5316);
#4851=AXIS2_PLACEMENT_3D('',#6664,#5317,#5318);
#4852=AXIS2_PLACEMENT_3D('',#6671,#5320,#5321);
#4853=AXIS2_PLACEMENT_3D('',#6676,#5322,#5323);
#4854=AXIS2_PLACEMENT_3D('',#6697,#5324,#5325);
#4855=AXIS2_PLACEMENT_3D('',#6698,#5326,#5327);
#4856=AXIS2_PLACEMENT_3D('',#6699,#5328,#5329);
#4857=AXIS2_PLACEMENT_3D('',#6722,#5330,#5331);
#4858=AXIS2_PLACEMENT_3D('',#6743,#5332,#5333);
#4859=AXIS2_PLACEMENT_3D('',#6746,#5335,#5336);
#4860=AXIS2_PLACEMENT_3D('',#6749,#5338,#5339);
#4861=AXIS2_PLACEMENT_3D('',#6758,#5342,#5343);
#4862=AXIS2_PLACEMENT_3D('',#6759,#5344,#5345);
#4863=AXIS2_PLACEMENT_3D('',#6765,#5346,#5347);
#4864=AXIS2_PLACEMENT_3D('',#6767,#5349,#5350);
#4865=AXIS2_PLACEMENT_3D('',#6769,#5352,#5353);
#4866=AXIS2_PLACEMENT_3D('',#6771,#5355,#5356);
#4867=AXIS2_PLACEMENT_3D('',#6772,#5357,#5358);
#4868=AXIS2_PLACEMENT_3D('',#6779,#5360,#5361);
#4869=AXIS2_PLACEMENT_3D('',#6784,#5362,#5363);
#4870=AXIS2_PLACEMENT_3D('',#6805,#5364,#5365);
#4871=AXIS2_PLACEMENT_3D('',#6806,#5366,#5367);
#4872=AXIS2_PLACEMENT_3D('',#6807,#5368,#5369);
#4873=AXIS2_PLACEMENT_3D('',#6830,#5370,#5371);
#4874=AXIS2_PLACEMENT_3D('',#6851,#5372,#5373);
#4875=AXIS2_PLACEMENT_3D('',#6854,#5375,#5376);
#4876=AXIS2_PLACEMENT_3D('',#6857,#5378,#5379);
#4877=AXIS2_PLACEMENT_3D('',#6866,#5382,#5383);
#4878=AXIS2_PLACEMENT_3D('',#6867,#5384,#5385);
#4879=AXIS2_PLACEMENT_3D('',#6873,#5386,#5387);
#4880=AXIS2_PLACEMENT_3D('',#6875,#5389,#5390);
#4881=AXIS2_PLACEMENT_3D('',#6877,#5392,#5393);
#4882=AXIS2_PLACEMENT_3D('',#6879,#5395,#5396);
#4883=AXIS2_PLACEMENT_3D('',#6880,#5397,#5398);
#4884=AXIS2_PLACEMENT_3D('',#6887,#5400,#5401);
#4885=AXIS2_PLACEMENT_3D('',#6892,#5402,#5403);
#4886=AXIS2_PLACEMENT_3D('',#6913,#5404,#5405);
#4887=AXIS2_PLACEMENT_3D('',#6914,#5406,#5407);
#4888=AXIS2_PLACEMENT_3D('',#6915,#5408,#5409);
#4889=AXIS2_PLACEMENT_3D('',#6938,#5410,#5411);
#4890=AXIS2_PLACEMENT_3D('',#6959,#5412,#5413);
#4891=AXIS2_PLACEMENT_3D('',#6962,#5415,#5416);
#4892=AXIS2_PLACEMENT_3D('',#6965,#5418,#5419);
#4893=AXIS2_PLACEMENT_3D('',#6974,#5422,#5423);
#4894=AXIS2_PLACEMENT_3D('',#6975,#5424,#5425);
#4895=AXIS2_PLACEMENT_3D('',#6981,#5426,#5427);
#4896=AXIS2_PLACEMENT_3D('',#6983,#5429,#5430);
#4897=AXIS2_PLACEMENT_3D('',#6985,#5432,#5433);
#4898=AXIS2_PLACEMENT_3D('',#6987,#5435,#5436);
#4899=AXIS2_PLACEMENT_3D('',#6988,#5437,#5438);
#4900=AXIS2_PLACEMENT_3D('',#6995,#5440,#5441);
#4901=AXIS2_PLACEMENT_3D('',#7000,#5442,#5443);
#4902=AXIS2_PLACEMENT_3D('',#7021,#5444,#5445);
#4903=AXIS2_PLACEMENT_3D('',#7022,#5446,#5447);
#4904=AXIS2_PLACEMENT_3D('',#7023,#5448,#5449);
#4905=AXIS2_PLACEMENT_3D('',#7046,#5450,#5451);
#4906=AXIS2_PLACEMENT_3D('',#7067,#5452,#5453);
#4907=AXIS2_PLACEMENT_3D('',#7070,#5455,#5456);
#4908=AXIS2_PLACEMENT_3D('',#7073,#5458,#5459);
#4909=AXIS2_PLACEMENT_3D('',#7082,#5462,#5463);
#4910=AXIS2_PLACEMENT_3D('',#7083,#5464,#5465);
#4911=AXIS2_PLACEMENT_3D('',#7089,#5466,#5467);
#4912=AXIS2_PLACEMENT_3D('',#7091,#5469,#5470);
#4913=AXIS2_PLACEMENT_3D('',#7093,#5472,#5473);
#4914=AXIS2_PLACEMENT_3D('',#7095,#5475,#5476);
#4915=AXIS2_PLACEMENT_3D('',#7096,#5477,#5478);
#4916=AXIS2_PLACEMENT_3D('',#7103,#5480,#5481);
#4917=AXIS2_PLACEMENT_3D('',#7108,#5482,#5483);
#4918=AXIS2_PLACEMENT_3D('',#7129,#5484,#5485);
#4919=AXIS2_PLACEMENT_3D('',#7130,#5486,#5487);
#4920=AXIS2_PLACEMENT_3D('',#7131,#5488,#5489);
#4921=AXIS2_PLACEMENT_3D('',#7154,#5490,#5491);
#4922=AXIS2_PLACEMENT_3D('',#7175,#5492,#5493);
#4923=AXIS2_PLACEMENT_3D('',#7178,#5495,#5496);
#4924=AXIS2_PLACEMENT_3D('',#7181,#5498,#5499);
#4925=AXIS2_PLACEMENT_3D('',#7190,#5502,#5503);
#4926=AXIS2_PLACEMENT_3D('',#7191,#5504,#5505);
#4927=AXIS2_PLACEMENT_3D('',#7197,#5506,#5507);
#4928=AXIS2_PLACEMENT_3D('',#7199,#5509,#5510);
#4929=AXIS2_PLACEMENT_3D('',#7201,#5512,#5513);
#4930=AXIS2_PLACEMENT_3D('',#7203,#5515,#5516);
#4931=AXIS2_PLACEMENT_3D('',#7204,#5517,#5518);
#4932=AXIS2_PLACEMENT_3D('',#7211,#5520,#5521);
#4933=AXIS2_PLACEMENT_3D('',#7216,#5522,#5523);
#4934=AXIS2_PLACEMENT_3D('',#7237,#5524,#5525);
#4935=AXIS2_PLACEMENT_3D('',#7238,#5526,#5527);
#4936=AXIS2_PLACEMENT_3D('',#7239,#5528,#5529);
#4937=AXIS2_PLACEMENT_3D('',#7262,#5530,#5531);
#4938=AXIS2_PLACEMENT_3D('',#7283,#5532,#5533);
#4939=AXIS2_PLACEMENT_3D('',#7286,#5535,#5536);
#4940=AXIS2_PLACEMENT_3D('',#7289,#5538,#5539);
#4941=AXIS2_PLACEMENT_3D('',#7298,#5542,#5543);
#4942=AXIS2_PLACEMENT_3D('',#7299,#5544,#5545);
#4943=AXIS2_PLACEMENT_3D('',#7305,#5546,#5547);
#4944=AXIS2_PLACEMENT_3D('',#7307,#5549,#5550);
#4945=AXIS2_PLACEMENT_3D('',#7309,#5552,#5553);
#4946=AXIS2_PLACEMENT_3D('',#7311,#5555,#5556);
#4947=AXIS2_PLACEMENT_3D('',#7312,#5557,#5558);
#4948=AXIS2_PLACEMENT_3D('',#7319,#5560,#5561);
#4949=AXIS2_PLACEMENT_3D('',#7324,#5562,#5563);
#4950=AXIS2_PLACEMENT_3D('',#7345,#5564,#5565);
#4951=AXIS2_PLACEMENT_3D('',#7346,#5566,#5567);
#4952=AXIS2_PLACEMENT_3D('',#7347,#5568,#5569);
#4953=AXIS2_PLACEMENT_3D('',#7370,#5570,#5571);
#4954=AXIS2_PLACEMENT_3D('',#7391,#5572,#5573);
#4955=AXIS2_PLACEMENT_3D('',#7394,#5575,#5576);
#4956=AXIS2_PLACEMENT_3D('',#7397,#5578,#5579);
#4957=AXIS2_PLACEMENT_3D('',#7406,#5582,#5583);
#4958=AXIS2_PLACEMENT_3D('',#7407,#5584,#5585);
#4959=AXIS2_PLACEMENT_3D('',#7413,#5586,#5587);
#4960=AXIS2_PLACEMENT_3D('',#7415,#5589,#5590);
#4961=AXIS2_PLACEMENT_3D('',#7417,#5592,#5593);
#4962=AXIS2_PLACEMENT_3D('',#7419,#5595,#5596);
#4963=AXIS2_PLACEMENT_3D('',#7420,#5597,#5598);
#4964=AXIS2_PLACEMENT_3D('',#7427,#5600,#5601);
#4965=AXIS2_PLACEMENT_3D('',#7432,#5602,#5603);
#4966=AXIS2_PLACEMENT_3D('',#7453,#5604,#5605);
#4967=AXIS2_PLACEMENT_3D('',#7454,#5606,#5607);
#4968=AXIS2_PLACEMENT_3D('',#7455,#5608,#5609);
#4969=AXIS2_PLACEMENT_3D('',#7478,#5610,#5611);
#4970=AXIS2_PLACEMENT_3D('',#7499,#5612,#5613);
#4971=AXIS2_PLACEMENT_3D('',#7502,#5615,#5616);
#4972=AXIS2_PLACEMENT_3D('',#7505,#5618,#5619);
#4973=AXIS2_PLACEMENT_3D('',#7514,#5622,#5623);
#4974=AXIS2_PLACEMENT_3D('',#7515,#5624,#5625);
#4975=AXIS2_PLACEMENT_3D('',#7521,#5626,#5627);
#4976=AXIS2_PLACEMENT_3D('',#7523,#5629,#5630);
#4977=AXIS2_PLACEMENT_3D('',#7525,#5632,#5633);
#4978=AXIS2_PLACEMENT_3D('',#7527,#5635,#5636);
#4979=AXIS2_PLACEMENT_3D('',#7528,#5637,#5638);
#4980=AXIS2_PLACEMENT_3D('',#7535,#5640,#5641);
#4981=AXIS2_PLACEMENT_3D('',#7540,#5642,#5643);
#4982=AXIS2_PLACEMENT_3D('',#7561,#5644,#5645);
#4983=AXIS2_PLACEMENT_3D('',#7562,#5646,#5647);
#4984=AXIS2_PLACEMENT_3D('',#7563,#5648,#5649);
#4985=AXIS2_PLACEMENT_3D('',#7586,#5650,#5651);
#4986=AXIS2_PLACEMENT_3D('',#7607,#5652,#5653);
#4987=AXIS2_PLACEMENT_3D('',#7610,#5655,#5656);
#4988=AXIS2_PLACEMENT_3D('',#7613,#5658,#5659);
#4989=AXIS2_PLACEMENT_3D('',#7622,#5662,#5663);
#4990=AXIS2_PLACEMENT_3D('',#7623,#5664,#5665);
#4991=AXIS2_PLACEMENT_3D('',#7629,#5666,#5667);
#4992=AXIS2_PLACEMENT_3D('',#7631,#5669,#5670);
#4993=AXIS2_PLACEMENT_3D('',#7633,#5672,#5673);
#4994=AXIS2_PLACEMENT_3D('',#7635,#5675,#5676);
#4995=AXIS2_PLACEMENT_3D('',#7636,#5677,#5678);
#4996=AXIS2_PLACEMENT_3D('',#7643,#5680,#5681);
#4997=AXIS2_PLACEMENT_3D('',#7648,#5682,#5683);
#4998=AXIS2_PLACEMENT_3D('',#7669,#5684,#5685);
#4999=AXIS2_PLACEMENT_3D('',#7670,#5686,#5687);
#5000=AXIS2_PLACEMENT_3D('',#7671,#5688,#5689);
#5001=AXIS2_PLACEMENT_3D('',#7694,#5690,#5691);
#5002=AXIS2_PLACEMENT_3D('',#7715,#5692,#5693);
#5003=AXIS2_PLACEMENT_3D('',#7718,#5695,#5696);
#5004=AXIS2_PLACEMENT_3D('',#7721,#5698,#5699);
#5005=AXIS2_PLACEMENT_3D('',#7730,#5702,#5703);
#5006=AXIS2_PLACEMENT_3D('',#7731,#5704,#5705);
#5007=AXIS2_PLACEMENT_3D('',#7737,#5706,#5707);
#5008=AXIS2_PLACEMENT_3D('',#7739,#5709,#5710);
#5009=AXIS2_PLACEMENT_3D('',#7741,#5712,#5713);
#5010=AXIS2_PLACEMENT_3D('',#7743,#5715,#5716);
#5011=AXIS2_PLACEMENT_3D('',#7744,#5717,#5718);
#5012=AXIS2_PLACEMENT_3D('',#7751,#5720,#5721);
#5013=AXIS2_PLACEMENT_3D('',#7756,#5722,#5723);
#5014=AXIS2_PLACEMENT_3D('',#7757,#5724,#5725);
#5015=AXIS2_PLACEMENT_3D('',#7759,#5726,#5727);
#5016=AXIS2_PLACEMENT_3D('',#7760,#5728,#5729);
#5017=AXIS2_PLACEMENT_3D('',#7761,#5730,#5731);
#5018=AXIS2_PLACEMENT_3D('',#7782,#5732,#5733);
#5019=AXIS2_PLACEMENT_3D('',#7803,#5734,#5735);
#5020=AXIS2_PLACEMENT_3D('',#7804,#5736,#5737);
#5021=AXIS2_PLACEMENT_3D('',#7806,#5739,#5740);
#5022=AXIS2_PLACEMENT_3D('',#7814,#5742,#5743);
#5023=AXIS2_PLACEMENT_3D('',#7854,#5745,#5746);
#5024=AXIS2_PLACEMENT_3D('',#7894,#5764,#5765);
#5025=AXIS2_PLACEMENT_3D('',#7896,#5766,#5767);
#5026=AXIS2_PLACEMENT_3D('',#7898,#5768,#5769);
#5027=AXIS2_PLACEMENT_3D('',#7906,#5773,#5774);
#5028=AXIS2_PLACEMENT_3D('',#7930,#5776,#5777);
#5029=AXIS2_PLACEMENT_3D('',#7932,#5778,#5779);
#5030=AXIS2_PLACEMENT_3D('',#7970,#5790,#5791);
#5031=AXIS2_PLACEMENT_3D('',#7986,#5799,#5800);
#5032=AXIS2_PLACEMENT_3D('',#7995,#5805,#5806);
#5033=AXIS2_PLACEMENT_3D('',#7997,#5807,#5808);
#5034=AXIS2_PLACEMENT_3D('',#7998,#5809,#5810);
#5035=AXIS2_PLACEMENT_3D('',#8001,#5813,#5814);
#5036=AXIS2_PLACEMENT_3D('',#8003,#5816,#5817);
#5037=AXIS2_PLACEMENT_3D('',#8005,#5819,#5820);
#5038=AXIS2_PLACEMENT_3D('',#8007,#5822,#5823);
#5039=AXIS2_PLACEMENT_3D('',#8008,#5824,#5825);
#5040=AXIS2_PLACEMENT_3D('',#8010,#5827,#5828);
#5041=AXIS2_PLACEMENT_3D('',#8011,#5829,#5830);
#5042=AXIS2_PLACEMENT_3D('',#8012,#5831,#5832);
#5043=AXIS2_PLACEMENT_3D('',#8014,#5833,#5834);
#5044=AXIS2_PLACEMENT_3D('',#8016,#5835,#5836);
#5045=AXIS2_PLACEMENT_3D('',#8017,#5837,#5838);
#5046=AXIS2_PLACEMENT_3D('',#8031,#5845,#5846);
#5047=AXIS2_PLACEMENT_3D('',#8032,#5847,#5848);
#5048=AXIS2_PLACEMENT_3D('',#8041,#5853,#5854);
#5049=AXIS2_PLACEMENT_3D('',#8047,#5858,#5859);
#5050=AXIS2_PLACEMENT_3D('',#8053,#5863,#5864);
#5051=AXIS2_PLACEMENT_3D('',#8059,#5868,#5869);
#5052=AXIS2_PLACEMENT_3D('',#8065,#5873,#5874);
#5053=AXIS2_PLACEMENT_3D('',#8068,#5877,#5878);
#5054=AXIS2_PLACEMENT_3D('',#8071,#5881,#5882);
#5055=AXIS2_PLACEMENT_3D('',#8073,#5884,#5885);
#5056=AXIS2_PLACEMENT_3D('',#8075,#5887,#5888);
#5057=AXIS2_PLACEMENT_3D('',#8077,#5890,#5891);
#5058=AXIS2_PLACEMENT_3D('',#8079,#5893,#5894);
#5059=AXIS2_PLACEMENT_3D('',#8080,#5895,#5896);
#5060=AXIS2_PLACEMENT_3D('',#8083,#5899,#5900);
#5061=AXIS2_PLACEMENT_3D('',#8085,#5902,#5903);
#5062=AXIS2_PLACEMENT_3D('',#8087,#5905,#5906);
#5063=AXIS2_PLACEMENT_3D('',#8089,#5908,#5909);
#5064=AXIS2_PLACEMENT_3D('',#8091,#5911,#5912);
#5065=AXIS2_PLACEMENT_3D('',#8092,#5913,#5914);
#5066=AXIS2_PLACEMENT_3D('',#8093,#5915,#5916);
#5067=AXIS2_PLACEMENT_3D('',#8094,#5917,#5918);
#5068=AXIS2_PLACEMENT_3D('',#8100,#5922,#5923);
#5069=AXIS2_PLACEMENT_3D('',#8104,#5926,#5927);
#5070=AXIS2_PLACEMENT_3D('',#8108,#5930,#5931);
#5071=AXIS2_PLACEMENT_3D('',#8110,#5933,#5934);
#5072=AXIS2_PLACEMENT_3D('',#8111,#5935,#5936);
#5073=AXIS2_PLACEMENT_3D('',#8117,#5940,#5941);
#5074=AXIS2_PLACEMENT_3D('',#8120,#5943,#5944);
#5075=AXIS2_PLACEMENT_3D('',#8121,#5945,#5946);
#5076=AXIS2_PLACEMENT_3D('',#8125,#5949,#5950);
#5077=AXIS2_PLACEMENT_3D('',#8129,#5953,#5954);
#5078=AXIS2_PLACEMENT_3D('',#8133,#5957,#5958);
#5079=AXIS2_PLACEMENT_3D('',#8137,#5961,#5962);
#5080=AXIS2_PLACEMENT_3D('',#8141,#5965,#5966);
#5081=AXIS2_PLACEMENT_3D('',#8145,#5969,#5970);
#5082=AXIS2_PLACEMENT_3D('',#8149,#5973,#5974);
#5083=AXIS2_PLACEMENT_3D('',#8152,#5976,#5977);
#5084=AXIS2_PLACEMENT_3D('',#8153,#5978,#5979);
#5085=AXIS2_PLACEMENT_3D('',#8157,#5982,#5983);
#5086=AXIS2_PLACEMENT_3D('',#8161,#5986,#5987);
#5087=AXIS2_PLACEMENT_3D('',#8165,#5990,#5991);
#5088=AXIS2_PLACEMENT_3D('',#8169,#5994,#5995);
#5089=AXIS2_PLACEMENT_3D('',#8171,#5997,#5998);
#5090=AXIS2_PLACEMENT_3D('',#8172,#5999,#6000);
#5091=AXIS2_PLACEMENT_3D('',#8178,#6004,#6005);
#5092=AXIS2_PLACEMENT_3D('',#8182,#6008,#6009);
#5093=AXIS2_PLACEMENT_3D('',#8186,#6012,#6013);
#5094=AXIS2_PLACEMENT_3D('',#8190,#6016,#6017);
#5095=AXIS2_PLACEMENT_3D('',#8246,#6024,#6025);
#5096=AXIS2_PLACEMENT_3D('',#8249,#6027,#6028);
#5097=AXIS2_PLACEMENT_3D('',#8250,#6029,#6030);
#5098=AXIS2_PLACEMENT_3D('',#8253,#6032,#6033);
#5099=AXIS2_PLACEMENT_3D('',#8254,#6034,#6035);
#5100=AXIS2_PLACEMENT_3D('',#8323,#6043,#6044);
#5101=AXIS2_PLACEMENT_3D('',#8326,#6046,#6047);
#5102=AXIS2_PLACEMENT_3D('',#8327,#6048,#6049);
#5103=AXIS2_PLACEMENT_3D('',#8329,#6051,#6052);
#5104=AXIS2_PLACEMENT_3D('',#8330,#6053,#6054);
#5105=AXIS2_PLACEMENT_3D('',#8336,#6058,#6059);
#5106=AXIS2_PLACEMENT_3D('',#8340,#6062,#6063);
#5107=AXIS2_PLACEMENT_3D('',#8343,#6065,#6066);
#5108=AXIS2_PLACEMENT_3D('',#8344,#6067,#6068);
#5109=AXIS2_PLACEMENT_3D('',#8347,#6070,#6071);
#5110=AXIS2_PLACEMENT_3D('',#8348,#6072,#6073);
#5111=AXIS2_PLACEMENT_3D('',#8351,#6075,#6076);
#5112=AXIS2_PLACEMENT_3D('',#8352,#6077,#6078);
#5113=AXIS2_PLACEMENT_3D('',#8356,#6081,#6082);
#5114=AXIS2_PLACEMENT_3D('',#8360,#6085,#6086);
#5115=AXIS2_PLACEMENT_3D('',#8364,#6089,#6090);
#5116=AXIS2_PLACEMENT_3D('',#8366,#6092,#6093);
#5117=AXIS2_PLACEMENT_3D('',#8367,#6094,#6095);
#5118=AXIS2_PLACEMENT_3D('',#8373,#6099,#6100);
#5119=AXIS2_PLACEMENT_3D('',#8377,#6103,#6104);
#5120=AXIS2_PLACEMENT_3D('',#8381,#6107,#6108);
#5121=AXIS2_PLACEMENT_3D('',#8385,#6111,#6112);
#5122=AXIS2_PLACEMENT_3D('',#8389,#6115,#6116);
#5123=AXIS2_PLACEMENT_3D('',#8393,#6119,#6120);
#5124=AXIS2_PLACEMENT_3D('',#8397,#6123,#6124);
#5125=AXIS2_PLACEMENT_3D('',#8401,#6127,#6128);
#5126=AXIS2_PLACEMENT_3D('',#8405,#6131,#6132);
#5127=AXIS2_PLACEMENT_3D('',#8409,#6135,#6136);
#5128=AXIS2_PLACEMENT_3D('',#8413,#6139,#6140);
#5129=AXIS2_PLACEMENT_3D('',#8415,#6142,#6143);
#5130=AXIS2_PLACEMENT_3D('',#8444,#6147,#6148);
#5131=AXIS2_PLACEMENT_3D('',#8447,#6150,#6151);
#5132=AXIS2_PLACEMENT_3D('',#8500,#6156,#6157);
#5133=AXIS2_PLACEMENT_3D('',#8569,#6165,#6166);
#5134=AXIS2_PLACEMENT_3D('',#8572,#6168,#6169);
#5135=AXIS2_PLACEMENT_3D('',#8573,#6170,#6171);
#5136=AXIS2_PLACEMENT_3D('',#8575,#6173,#6174);
#5137=DIRECTION('',(0.,0.,1.));
#5138=DIRECTION('',(1.,0.,0.));
#5139=DIRECTION('',(0.,-1.,0.));
#5140=DIRECTION('',(1.,0.,0.));
#5141=DIRECTION('',(0.,1.,0.));
#5142=DIRECTION('',(1.,0.,0.));
#5143=DIRECTION('',(0.,1.,0.));
#5144=DIRECTION('',(1.,0.,0.));
#5145=DIRECTION('',(0.,-1.,0.));
#5146=DIRECTION('',(1.,0.,0.));
#5147=DIRECTION('',(0.,-1.,0.));
#5148=DIRECTION('',(-1.,0.,0.));
#5149=DIRECTION('',(0.5,0.,-0.866025403784439));
#5150=DIRECTION('',(-0.5,0.,-0.866025403784439));
#5151=DIRECTION('',(-1.,0.,0.));
#5152=DIRECTION('',(-0.5,0.,0.866025403784439));
#5153=DIRECTION('',(0.5,0.,0.866025403784439));
#5154=DIRECTION('',(1.,0.,2.34736656052681E-16));
#5155=DIRECTION('',(0.,1.,0.));
#5156=DIRECTION('',(-1.,0.,0.));
#5157=DIRECTION('',(0.,-1.,0.));
#5158=DIRECTION('',(-1.,0.,0.));
#5159=DIRECTION('',(0.,-1.,0.));
#5160=DIRECTION('',(-1.,0.,0.));
#5161=DIRECTION('',(0.,1.,0.));
#5162=DIRECTION('',(1.,0.,0.));
#5163=DIRECTION('',(0.,1.,0.));
#5164=DIRECTION('',(1.,0.,0.));
#5165=DIRECTION('',(0.,1.,0.));
#5166=DIRECTION('',(1.,0.,0.));
#5167=DIRECTION('',(0.,1.,0.));
#5168=DIRECTION('',(1.,0.,0.));
#5169=DIRECTION('',(0.,1.,0.));
#5170=DIRECTION('',(1.,0.,0.));
#5171=DIRECTION('',(0.,-1.,0.));
#5172=DIRECTION('',(-1.,0.,0.));
#5173=DIRECTION('',(0.,-1.,0.));
#5174=DIRECTION('',(0.,1.,0.));
#5175=DIRECTION('',(1.,0.,0.));
#5176=DIRECTION('',(0.,-1.,0.));
#5177=DIRECTION('',(0.,-1.,0.));
#5178=DIRECTION('',(-0.913545457642601,0.,0.406736643075801));
#5179=DIRECTION('',(0.,-1.,0.));
#5180=DIRECTION('',(0.,-1.,0.));
#5181=DIRECTION('',(0.,-1.,0.));
#5182=DIRECTION('',(-0.913545457642601,0.,0.406736643075801));
#5183=DIRECTION('',(0.,1.,0.));
#5184=DIRECTION('',(0.913545457642601,0.,-0.406736643075801));
#5185=DIRECTION('',(0.,1.,0.));
#5186=DIRECTION('',(0.913545457642601,0.,-0.406736643075801));
#5187=DIRECTION('',(0.,-1.,0.));
#5188=DIRECTION('',(0.,-1.,0.));
#5189=DIRECTION('',(-0.913545457642601,0.,0.406736643075801));
#5190=DIRECTION('',(0.,-1.,0.));
#5191=DIRECTION('',(-0.999918092878611,0.,-0.0127987317340835));
#5192=DIRECTION('',(-0.0127987317340835,0.,0.999918092878611));
#5193=DIRECTION('',(0.,-1.,0.));
#5194=DIRECTION('',(0.,-1.,0.));
#5195=DIRECTION('',(-0.913545457642601,0.,0.406736643075801));
#5196=DIRECTION('',(0.,-1.,0.));
#5197=DIRECTION('',(0.,-1.,0.));
#5198=DIRECTION('',(-0.913545457642601,0.,0.406736643075801));
#5199=DIRECTION('',(0.,-1.,0.));
#5200=DIRECTION('',(-0.6595644885362,0.,0.751647979749817));
#5201=DIRECTION('',(0.751647979749817,0.,0.6595644885362));
#5202=DIRECTION('',(0.,-1.,0.));
#5203=DIRECTION('',(-1.,0.,0.));
#5204=DIRECTION('',(0.,1.,0.));
#5205=DIRECTION('',(1.,0.,0.));
#5206=DIRECTION('',(0.,1.,0.));
#5207=DIRECTION('',(1.,0.,0.));
#5208=DIRECTION('',(0.,1.,0.));
#5209=DIRECTION('',(1.,0.,0.));
#5210=DIRECTION('',(0.,1.,0.));
#5211=DIRECTION('',(1.,0.,0.));
#5212=DIRECTION('',(0.,-1.,0.));
#5213=DIRECTION('',(-1.,0.,0.));
#5214=DIRECTION('',(0.,-1.,0.));
#5215=DIRECTION('',(0.,1.,0.));
#5216=DIRECTION('',(1.,0.,0.));
#5217=DIRECTION('',(0.,-1.,0.));
#5218=DIRECTION('',(0.,-1.,0.));
#5219=DIRECTION('',(-0.669130606358858,0.,0.743144825477395));
#5220=DIRECTION('',(0.,-1.,0.));
#5221=DIRECTION('',(0.,-1.,0.));
#5222=DIRECTION('',(0.,-1.,0.));
#5223=DIRECTION('',(-0.669130606358858,0.,0.743144825477395));
#5224=DIRECTION('',(0.,1.,0.));
#5225=DIRECTION('',(0.669130606358858,0.,-0.743144825477395));
#5226=DIRECTION('',(0.,1.,0.));
#5227=DIRECTION('',(0.669130606358858,0.,-0.743144825477395));
#5228=DIRECTION('',(0.,-1.,0.));
#5229=DIRECTION('',(0.,-1.,0.));
#5230=DIRECTION('',(-0.669130606358858,0.,0.743144825477395));
#5231=DIRECTION('',(0.,-1.,0.));
#5232=DIRECTION('',(-0.918676344945057,0.,0.395011105208944));
#5233=DIRECTION('',(0.395011105208944,0.,0.918676344945057));
#5234=DIRECTION('',(0.,-1.,0.));
#5235=DIRECTION('',(0.,-1.,0.));
#5236=DIRECTION('',(-0.669130606358858,0.,0.743144825477395));
#5237=DIRECTION('',(0.,-1.,0.));
#5238=DIRECTION('',(-0.669130606358858,0.,0.743144825477395));
#5239=DIRECTION('',(0.,-1.,0.));
#5240=DIRECTION('',(-0.296819366466463,0.,0.954933643605904));
#5241=DIRECTION('',(0.954933643605904,0.,0.296819366466463));
#5242=DIRECTION('',(0.,-1.,0.));
#5243=DIRECTION('',(-1.,0.,0.));
#5244=DIRECTION('',(0.,1.,0.));
#5245=DIRECTION('',(1.,0.,0.));
#5246=DIRECTION('',(0.,1.,0.));
#5247=DIRECTION('',(1.,0.,0.));
#5248=DIRECTION('',(0.,1.,0.));
#5249=DIRECTION('',(1.,0.,0.));
#5250=DIRECTION('',(0.,1.,0.));
#5251=DIRECTION('',(1.,0.,0.));
#5252=DIRECTION('',(0.,-1.,0.));
#5253=DIRECTION('',(-1.,0.,0.));
#5254=DIRECTION('',(0.,-1.,0.));
#5255=DIRECTION('',(0.,1.,0.));
#5256=DIRECTION('',(1.,0.,0.));
#5257=DIRECTION('',(0.,-1.,0.));
#5258=DIRECTION('',(0.,-1.,0.));
#5259=DIRECTION('',(-0.309016994374948,0.,0.951056516295154));
#5260=DIRECTION('',(0.,-1.,0.));
#5261=DIRECTION('',(0.,-1.,0.));
#5262=DIRECTION('',(0.,-1.,0.));
#5263=DIRECTION('',(-0.309016994374948,0.,0.951056516295154));
#5264=DIRECTION('',(0.,1.,0.));
#5265=DIRECTION('',(0.309016994374948,0.,-0.951056516295154));
#5266=DIRECTION('',(0.,1.,0.));
#5267=DIRECTION('',(0.309016994374948,0.,-0.951056516295154));
#5268=DIRECTION('',(0.,-1.,0.));
#5269=DIRECTION('',(0.,-1.,0.));
#5270=DIRECTION('',(-0.309016994374948,0.,0.951056516295154));
#5271=DIRECTION('',(0.,-1.,0.));
#5272=DIRECTION('',(-0.678587111057916,0.,0.734519933498112));
#5273=DIRECTION('',(0.734519933498112,0.,0.678587111057916));
#5274=DIRECTION('',(0.,-1.,0.));
#5275=DIRECTION('',(0.,-1.,0.));
#5276=DIRECTION('',(-0.309016994374948,0.,0.951056516295154));
#5277=DIRECTION('',(0.,-1.,0.));
#5278=DIRECTION('',(-0.309016994374948,0.,0.951056516295154));
#5279=DIRECTION('',(0.,-1.,0.));
#5280=DIRECTION('',(0.117248520584616,0.,0.993102605182727));
#5281=DIRECTION('',(0.993102605182727,0.,-0.117248520584616));
#5282=DIRECTION('',(0.,-1.,0.));
#5283=DIRECTION('',(-1.,0.,0.));
#5284=DIRECTION('',(0.,1.,0.));
#5285=DIRECTION('',(1.,0.,0.));
#5286=DIRECTION('',(0.,1.,0.));
#5287=DIRECTION('',(1.,0.,0.));
#5288=DIRECTION('',(0.,1.,0.));
#5289=DIRECTION('',(1.,0.,0.));
#5290=DIRECTION('',(0.,1.,0.));
#5291=DIRECTION('',(1.,0.,0.));
#5292=DIRECTION('',(0.,-1.,0.));
#5293=DIRECTION('',(-1.,0.,0.));
#5294=DIRECTION('',(0.,-1.,0.));
#5295=DIRECTION('',(0.,1.,0.));
#5296=DIRECTION('',(1.,0.,0.));
#5297=DIRECTION('',(0.,-1.,0.));
#5298=DIRECTION('',(0.,-1.,0.));
#5299=DIRECTION('',(0.104528463267654,0.,0.994521895368273));
#5300=DIRECTION('',(0.,-1.,0.));
#5301=DIRECTION('',(0.,-1.,0.));
#5302=DIRECTION('',(0.,-1.,0.));
#5303=DIRECTION('',(0.104528463267654,0.,0.994521895368273));
#5304=DIRECTION('',(0.,1.,0.));
#5305=DIRECTION('',(-0.104528463267654,0.,-0.994521895368273));
#5306=DIRECTION('',(0.,1.,0.));
#5307=DIRECTION('',(-0.104528463267654,0.,-0.994521895368273));
#5308=DIRECTION('',(0.,-1.,0.));
#5309=DIRECTION('',(0.,-1.,0.));
#5310=DIRECTION('',(0.104528463267654,0.,0.994521895368273));
#5311=DIRECTION('',(0.,-1.,0.));
#5312=DIRECTION('',(-0.321164000898492,0.,0.947023592381348));
#5313=DIRECTION('',(0.947023592381348,0.,0.321164000898492));
#5314=DIRECTION('',(0.,-1.,0.));
#5315=DIRECTION('',(0.,-1.,0.));
#5316=DIRECTION('',(0.104528463267654,0.,0.994521895368273));
#5317=DIRECTION('',(0.,-1.,0.));
#5318=DIRECTION('',(0.104528463267654,0.,0.994521895368273));
#5319=DIRECTION('',(0.,-1.,0.));
#5320=DIRECTION('',(0.511043073257246,0.,0.859555104269523));
#5321=DIRECTION('',(0.859555104269523,0.,-0.511043073257246));
#5322=DIRECTION('',(0.,-1.,0.));
#5323=DIRECTION('',(-1.,0.,0.));
#5324=DIRECTION('',(0.,1.,0.));
#5325=DIRECTION('',(1.,0.,0.));
#5326=DIRECTION('',(0.,1.,0.));
#5327=DIRECTION('',(1.,0.,0.));
#5328=DIRECTION('',(0.,1.,0.));
#5329=DIRECTION('',(1.,0.,0.));
#5330=DIRECTION('',(0.,1.,0.));
#5331=DIRECTION('',(1.,0.,0.));
#5332=DIRECTION('',(0.,-1.,0.));
#5333=DIRECTION('',(-1.,0.,0.));
#5334=DIRECTION('',(0.,-1.,0.));
#5335=DIRECTION('',(0.,1.,0.));
#5336=DIRECTION('',(1.,0.,0.));
#5337=DIRECTION('',(0.,-1.,0.));
#5338=DIRECTION('',(0.,-1.,0.));
#5339=DIRECTION('',(0.5,0.,0.866025403784438));
#5340=DIRECTION('',(0.,-1.,0.));
#5341=DIRECTION('',(0.,-1.,0.));
#5342=DIRECTION('',(0.,-1.,0.));
#5343=DIRECTION('',(0.5,0.,0.866025403784438));
#5344=DIRECTION('',(0.,1.,0.));
#5345=DIRECTION('',(-0.5,0.,-0.866025403784438));
#5346=DIRECTION('',(0.,1.,0.));
#5347=DIRECTION('',(-0.5,0.,-0.866025403784438));
#5348=DIRECTION('',(0.,-1.,0.));
#5349=DIRECTION('',(0.,-1.,0.));
#5350=DIRECTION('',(0.5,0.,0.866025403784438));
#5351=DIRECTION('',(0.,-1.,0.));
#5352=DIRECTION('',(0.0917912826996329,0.,0.995778268702604));
#5353=DIRECTION('',(0.995778268702604,0.,-0.0917912826996329));
#5354=DIRECTION('',(0.,-1.,0.));
#5355=DIRECTION('',(0.,-1.,0.));
#5356=DIRECTION('',(0.5,0.,0.866025403784438));
#5357=DIRECTION('',(0.,-1.,0.));
#5358=DIRECTION('',(0.5,0.,0.866025403784438));
#5359=DIRECTION('',(0.,-1.,0.));
#5360=DIRECTION('',(0.816473635883126,0.,0.577382717015142));
#5361=DIRECTION('',(0.577382717015142,0.,-0.816473635883126));
#5362=DIRECTION('',(0.,-1.,0.));
#5363=DIRECTION('',(-1.,0.,0.));
#5364=DIRECTION('',(0.,1.,0.));
#5365=DIRECTION('',(1.,0.,0.));
#5366=DIRECTION('',(0.,1.,0.));
#5367=DIRECTION('',(1.,0.,0.));
#5368=DIRECTION('',(0.,1.,0.));
#5369=DIRECTION('',(1.,0.,0.));
#5370=DIRECTION('',(0.,1.,0.));
#5371=DIRECTION('',(1.,0.,0.));
#5372=DIRECTION('',(0.,-1.,0.));
#5373=DIRECTION('',(-1.,0.,0.));
#5374=DIRECTION('',(0.,-1.,0.));
#5375=DIRECTION('',(0.,1.,0.));
#5376=DIRECTION('',(1.,0.,0.));
#5377=DIRECTION('',(0.,-1.,0.));
#5378=DIRECTION('',(0.,-1.,0.));
#5379=DIRECTION('',(0.809016994374948,0.,0.587785252292473));
#5380=DIRECTION('',(0.,-1.,0.));
#5381=DIRECTION('',(0.,-1.,0.));
#5382=DIRECTION('',(0.,-1.,0.));
#5383=DIRECTION('',(0.809016994374948,0.,0.587785252292473));
#5384=DIRECTION('',(0.,1.,0.));
#5385=DIRECTION('',(-0.809016994374948,0.,-0.587785252292473));
#5386=DIRECTION('',(0.,1.,0.));
#5387=DIRECTION('',(-0.809016994374948,0.,-0.587785252292473));
#5388=DIRECTION('',(0.,-1.,0.));
#5389=DIRECTION('',(0.,-1.,0.));
#5390=DIRECTION('',(0.809016994374948,0.,0.587785252292473));
#5391=DIRECTION('',(0.,-1.,0.));
#5392=DIRECTION('',(0.488875019621367,0.,0.872353836003607));
#5393=DIRECTION('',(0.872353836003607,0.,-0.488875019621367));
#5394=DIRECTION('',(0.,-1.,0.));
#5395=DIRECTION('',(0.,-1.,0.));
#5396=DIRECTION('',(0.809016994374948,0.,0.587785252292473));
#5397=DIRECTION('',(0.,-1.,0.));
#5398=DIRECTION('',(0.809016994374948,0.,0.587785252292473));
#5399=DIRECTION('',(0.,-1.,0.));
#5400=DIRECTION('',(0.980728489434693,0.,0.195375612631531));
#5401=DIRECTION('',(0.195375612631531,0.,-0.980728489434693));
#5402=DIRECTION('',(0.,-1.,0.));
#5403=DIRECTION('',(-1.,0.,0.));
#5404=DIRECTION('',(0.,1.,0.));
#5405=DIRECTION('',(1.,0.,0.));
#5406=DIRECTION('',(0.,1.,0.));
#5407=DIRECTION('',(1.,0.,0.));
#5408=DIRECTION('',(0.,1.,0.));
#5409=DIRECTION('',(1.,0.,0.));
#5410=DIRECTION('',(0.,1.,0.));
#5411=DIRECTION('',(1.,0.,0.));
#5412=DIRECTION('',(0.,-1.,0.));
#5413=DIRECTION('',(-1.,0.,0.));
#5414=DIRECTION('',(0.,-1.,0.));
#5415=DIRECTION('',(0.,1.,0.));
#5416=DIRECTION('',(1.,0.,0.));
#5417=DIRECTION('',(0.,-1.,0.));
#5418=DIRECTION('',(0.,-1.,0.));
#5419=DIRECTION('',(0.978147600733806,0.,0.207911690817759));
#5420=DIRECTION('',(0.,-1.,0.));
#5421=DIRECTION('',(0.,-1.,0.));
#5422=DIRECTION('',(0.,-1.,0.));
#5423=DIRECTION('',(0.978147600733806,0.,0.207911690817759));
#5424=DIRECTION('',(0.,1.,0.));
#5425=DIRECTION('',(-0.978147600733806,0.,-0.207911690817759));
#5426=DIRECTION('',(0.,1.,0.));
#5427=DIRECTION('',(-0.978147600733806,0.,-0.207911690817759));
#5428=DIRECTION('',(0.,-1.,0.));
#5429=DIRECTION('',(0.,-1.,0.));
#5430=DIRECTION('',(0.978147600733806,0.,0.207911690817759));
#5431=DIRECTION('',(0.,-1.,0.));
#5432=DIRECTION('',(0.801427824360441,0.,0.598091499973783));
#5433=DIRECTION('',(0.598091499973783,0.,-0.801427824360441));
#5434=DIRECTION('',(0.,-1.,0.));
#5435=DIRECTION('',(0.,-1.,0.));
#5436=DIRECTION('',(0.978147600733806,0.,0.207911690817759));
#5437=DIRECTION('',(0.,-1.,0.));
#5438=DIRECTION('',(0.978147600733806,0.,0.207911690817759));
#5439=DIRECTION('',(0.,-1.,0.));
#5440=DIRECTION('',(0.97540647752438,0.,-0.220413710107792));
#5441=DIRECTION('',(-0.220413710107792,0.,-0.97540647752438));
#5442=DIRECTION('',(0.,-1.,0.));
#5443=DIRECTION('',(-1.,0.,0.));
#5444=DIRECTION('',(0.,1.,0.));
#5445=DIRECTION('',(1.,0.,0.));
#5446=DIRECTION('',(0.,1.,0.));
#5447=DIRECTION('',(1.,0.,0.));
#5448=DIRECTION('',(0.,1.,0.));
#5449=DIRECTION('',(1.,0.,0.));
#5450=DIRECTION('',(0.,1.,0.));
#5451=DIRECTION('',(1.,0.,0.));
#5452=DIRECTION('',(0.,-1.,0.));
#5453=DIRECTION('',(-1.,0.,0.));
#5454=DIRECTION('',(0.,-1.,0.));
#5455=DIRECTION('',(0.,1.,0.));
#5456=DIRECTION('',(1.,0.,0.));
#5457=DIRECTION('',(0.,-1.,0.));
#5458=DIRECTION('',(0.,-1.,0.));
#5459=DIRECTION('',(0.978147600733806,0.,-0.207911690817759));
#5460=DIRECTION('',(0.,-1.,0.));
#5461=DIRECTION('',(0.,-1.,0.));
#5462=DIRECTION('',(0.,-1.,0.));
#5463=DIRECTION('',(0.978147600733806,0.,-0.207911690817759));
#5464=DIRECTION('',(0.,1.,0.));
#5465=DIRECTION('',(-0.978147600733806,0.,0.207911690817759));
#5466=DIRECTION('',(0.,1.,0.));
#5467=DIRECTION('',(-0.978147600733806,0.,0.207911690817759));
#5468=DIRECTION('',(0.,-1.,0.));
#5469=DIRECTION('',(0.,-1.,0.));
#5470=DIRECTION('',(0.978147600733806,0.,-0.207911690817759));
#5471=DIRECTION('',(0.,-1.,0.));
#5472=DIRECTION('',(0.97540647752438,0.,0.220413710107792));
#5473=DIRECTION('',(0.220413710107792,0.,-0.97540647752438));
#5474=DIRECTION('',(0.,-1.,0.));
#5475=DIRECTION('',(0.,-1.,0.));
#5476=DIRECTION('',(0.978147600733806,0.,-0.207911690817759));
#5477=DIRECTION('',(0.,-1.,0.));
#5478=DIRECTION('',(0.978147600733806,0.,-0.207911690817759));
#5479=DIRECTION('',(0.,-1.,0.));
#5480=DIRECTION('',(0.801427824360441,0.,-0.598091499973784));
#5481=DIRECTION('',(-0.598091499973784,0.,-0.801427824360441));
#5482=DIRECTION('',(0.,-1.,0.));
#5483=DIRECTION('',(-1.,0.,0.));
#5484=DIRECTION('',(0.,1.,0.));
#5485=DIRECTION('',(1.,0.,0.));
#5486=DIRECTION('',(0.,1.,0.));
#5487=DIRECTION('',(1.,0.,0.));
#5488=DIRECTION('',(0.,1.,0.));
#5489=DIRECTION('',(1.,0.,0.));
#5490=DIRECTION('',(0.,1.,0.));
#5491=DIRECTION('',(1.,0.,0.));
#5492=DIRECTION('',(0.,-1.,0.));
#5493=DIRECTION('',(-1.,0.,0.));
#5494=DIRECTION('',(0.,-1.,0.));
#5495=DIRECTION('',(0.,1.,0.));
#5496=DIRECTION('',(1.,0.,0.));
#5497=DIRECTION('',(0.,-1.,0.));
#5498=DIRECTION('',(0.,-1.,0.));
#5499=DIRECTION('',(0.809016994374947,0.,-0.587785252292473));
#5500=DIRECTION('',(0.,-1.,0.));
#5501=DIRECTION('',(0.,-1.,0.));
#5502=DIRECTION('',(0.,-1.,0.));
#5503=DIRECTION('',(0.809016994374947,0.,-0.587785252292473));
#5504=DIRECTION('',(0.,1.,0.));
#5505=DIRECTION('',(-0.809016994374947,0.,0.587785252292473));
#5506=DIRECTION('',(0.,1.,0.));
#5507=DIRECTION('',(-0.809016994374947,0.,0.587785252292473));
#5508=DIRECTION('',(0.,-1.,0.));
#5509=DIRECTION('',(0.,-1.,0.));
#5510=DIRECTION('',(0.809016994374947,0.,-0.587785252292473));
#5511=DIRECTION('',(0.,-1.,0.));
#5512=DIRECTION('',(0.980728489434693,0.,-0.195375612631531));
#5513=DIRECTION('',(-0.195375612631531,0.,-0.980728489434693));
#5514=DIRECTION('',(0.,-1.,0.));
#5515=DIRECTION('',(0.,-1.,0.));
#5516=DIRECTION('',(0.809016994374947,0.,-0.587785252292473));
#5517=DIRECTION('',(0.,-1.,0.));
#5518=DIRECTION('',(0.809016994374947,0.,-0.587785252292473));
#5519=DIRECTION('',(0.,-1.,0.));
#5520=DIRECTION('',(0.488875019621366,0.,-0.872353836003607));
#5521=DIRECTION('',(-0.872353836003607,0.,-0.488875019621366));
#5522=DIRECTION('',(0.,-1.,0.));
#5523=DIRECTION('',(-1.,0.,0.));
#5524=DIRECTION('',(0.,1.,0.));
#5525=DIRECTION('',(1.,0.,0.));
#5526=DIRECTION('',(0.,1.,0.));
#5527=DIRECTION('',(1.,0.,0.));
#5528=DIRECTION('',(0.,1.,0.));
#5529=DIRECTION('',(1.,0.,0.));
#5530=DIRECTION('',(0.,1.,0.));
#5531=DIRECTION('',(1.,0.,0.));
#5532=DIRECTION('',(0.,-1.,0.));
#5533=DIRECTION('',(-1.,0.,0.));
#5534=DIRECTION('',(0.,-1.,0.));
#5535=DIRECTION('',(0.,1.,0.));
#5536=DIRECTION('',(1.,0.,0.));
#5537=DIRECTION('',(0.,-1.,0.));
#5538=DIRECTION('',(0.,-1.,0.));
#5539=DIRECTION('',(0.5,0.,-0.866025403784439));
#5540=DIRECTION('',(0.,-1.,0.));
#5541=DIRECTION('',(0.,-1.,0.));
#5542=DIRECTION('',(0.,-1.,0.));
#5543=DIRECTION('',(0.5,0.,-0.866025403784439));
#5544=DIRECTION('',(0.,1.,0.));
#5545=DIRECTION('',(-0.5,0.,0.866025403784439));
#5546=DIRECTION('',(0.,1.,0.));
#5547=DIRECTION('',(-0.5,0.,0.866025403784439));
#5548=DIRECTION('',(0.,-1.,0.));
#5549=DIRECTION('',(0.,-1.,0.));
#5550=DIRECTION('',(0.5,0.,-0.866025403784439));
#5551=DIRECTION('',(0.,-1.,0.));
#5552=DIRECTION('',(0.816473635883126,0.,-0.577382717015143));
#5553=DIRECTION('',(-0.577382717015143,0.,-0.816473635883126));
#5554=DIRECTION('',(0.,-1.,0.));
#5555=DIRECTION('',(0.,-1.,0.));
#5556=DIRECTION('',(0.5,0.,-0.866025403784439));
#5557=DIRECTION('',(0.,-1.,0.));
#5558=DIRECTION('',(0.5,0.,-0.866025403784439));
#5559=DIRECTION('',(0.,-1.,0.));
#5560=DIRECTION('',(0.0917912826996321,0.,-0.995778268702604));
#5561=DIRECTION('',(-0.995778268702604,0.,-0.0917912826996321));
#5562=DIRECTION('',(0.,-1.,0.));
#5563=DIRECTION('',(-1.,0.,0.));
#5564=DIRECTION('',(0.,1.,0.));
#5565=DIRECTION('',(1.,0.,0.));
#5566=DIRECTION('',(0.,1.,0.));
#5567=DIRECTION('',(1.,0.,0.));
#5568=DIRECTION('',(0.,1.,0.));
#5569=DIRECTION('',(1.,0.,0.));
#5570=DIRECTION('',(0.,1.,0.));
#5571=DIRECTION('',(1.,0.,0.));
#5572=DIRECTION('',(0.,-1.,0.));
#5573=DIRECTION('',(-1.,0.,0.));
#5574=DIRECTION('',(0.,-1.,0.));
#5575=DIRECTION('',(0.,1.,0.));
#5576=DIRECTION('',(1.,0.,0.));
#5577=DIRECTION('',(0.,-1.,0.));
#5578=DIRECTION('',(0.,-1.,0.));
#5579=DIRECTION('',(0.104528463267653,0.,-0.994521895368273));
#5580=DIRECTION('',(0.,-1.,0.));
#5581=DIRECTION('',(0.,-1.,0.));
#5582=DIRECTION('',(0.,-1.,0.));
#5583=DIRECTION('',(0.104528463267653,0.,-0.994521895368273));
#5584=DIRECTION('',(0.,1.,0.));
#5585=DIRECTION('',(-0.104528463267653,0.,0.994521895368273));
#5586=DIRECTION('',(0.,1.,0.));
#5587=DIRECTION('',(-0.104528463267653,0.,0.994521895368273));
#5588=DIRECTION('',(0.,-1.,0.));
#5589=DIRECTION('',(0.,-1.,0.));
#5590=DIRECTION('',(0.104528463267653,0.,-0.994521895368273));
#5591=DIRECTION('',(0.,-1.,0.));
#5592=DIRECTION('',(0.511043073257245,0.,-0.859555104269523));
#5593=DIRECTION('',(-0.859555104269523,0.,-0.511043073257245));
#5594=DIRECTION('',(0.,-1.,0.));
#5595=DIRECTION('',(0.,-1.,0.));
#5596=DIRECTION('',(0.104528463267653,0.,-0.994521895368273));
#5597=DIRECTION('',(0.,-1.,0.));
#5598=DIRECTION('',(0.104528463267653,0.,-0.994521895368273));
#5599=DIRECTION('',(0.,-1.,0.));
#5600=DIRECTION('',(-0.321164000898493,0.,-0.947023592381348));
#5601=DIRECTION('',(-0.947023592381348,0.,0.321164000898493));
#5602=DIRECTION('',(0.,-1.,0.));
#5603=DIRECTION('',(-1.,0.,0.));
#5604=DIRECTION('',(0.,1.,0.));
#5605=DIRECTION('',(1.,0.,0.));
#5606=DIRECTION('',(0.,1.,0.));
#5607=DIRECTION('',(1.,0.,0.));
#5608=DIRECTION('',(0.,1.,0.));
#5609=DIRECTION('',(1.,0.,0.));
#5610=DIRECTION('',(0.,1.,0.));
#5611=DIRECTION('',(1.,0.,0.));
#5612=DIRECTION('',(0.,-1.,0.));
#5613=DIRECTION('',(-1.,0.,0.));
#5614=DIRECTION('',(0.,-1.,0.));
#5615=DIRECTION('',(0.,1.,0.));
#5616=DIRECTION('',(1.,0.,0.));
#5617=DIRECTION('',(0.,-1.,0.));
#5618=DIRECTION('',(0.,-1.,0.));
#5619=DIRECTION('',(-0.309016994374948,0.,-0.951056516295154));
#5620=DIRECTION('',(0.,-1.,0.));
#5621=DIRECTION('',(0.,-1.,0.));
#5622=DIRECTION('',(0.,-1.,0.));
#5623=DIRECTION('',(-0.309016994374948,0.,-0.951056516295154));
#5624=DIRECTION('',(0.,1.,0.));
#5625=DIRECTION('',(0.309016994374948,0.,0.951056516295154));
#5626=DIRECTION('',(0.,1.,0.));
#5627=DIRECTION('',(0.309016994374948,0.,0.951056516295154));
#5628=DIRECTION('',(0.,-1.,0.));
#5629=DIRECTION('',(0.,-1.,0.));
#5630=DIRECTION('',(-0.309016994374948,0.,-0.951056516295154));
#5631=DIRECTION('',(0.,-1.,0.));
#5632=DIRECTION('',(0.117248520584616,0.,-0.993102605182727));
#5633=DIRECTION('',(-0.993102605182727,0.,-0.117248520584616));
#5634=DIRECTION('',(0.,-1.,0.));
#5635=DIRECTION('',(0.,-1.,0.));
#5636=DIRECTION('',(-0.309016994374948,0.,-0.951056516295154));
#5637=DIRECTION('',(0.,-1.,0.));
#5638=DIRECTION('',(-0.309016994374948,0.,-0.951056516295154));
#5639=DIRECTION('',(0.,-1.,0.));
#5640=DIRECTION('',(-0.678587111057917,0.,-0.734519933498112));
#5641=DIRECTION('',(-0.734519933498112,0.,0.678587111057917));
#5642=DIRECTION('',(0.,-1.,0.));
#5643=DIRECTION('',(-1.,0.,0.));
#5644=DIRECTION('',(0.,1.,0.));
#5645=DIRECTION('',(1.,0.,0.));
#5646=DIRECTION('',(0.,1.,0.));
#5647=DIRECTION('',(1.,0.,0.));
#5648=DIRECTION('',(0.,1.,0.));
#5649=DIRECTION('',(1.,0.,0.));
#5650=DIRECTION('',(0.,1.,0.));
#5651=DIRECTION('',(1.,0.,0.));
#5652=DIRECTION('',(0.,-1.,0.));
#5653=DIRECTION('',(-1.,0.,0.));
#5654=DIRECTION('',(0.,-1.,0.));
#5655=DIRECTION('',(0.,1.,0.));
#5656=DIRECTION('',(1.,0.,0.));
#5657=DIRECTION('',(0.,-1.,0.));
#5658=DIRECTION('',(0.,-1.,0.));
#5659=DIRECTION('',(-0.669130606358858,0.,-0.743144825477394));
#5660=DIRECTION('',(0.,-1.,0.));
#5661=DIRECTION('',(0.,-1.,0.));
#5662=DIRECTION('',(0.,-1.,0.));
#5663=DIRECTION('',(-0.669130606358858,0.,-0.743144825477394));
#5664=DIRECTION('',(0.,1.,0.));
#5665=DIRECTION('',(0.669130606358858,0.,0.743144825477394));
#5666=DIRECTION('',(0.,1.,0.));
#5667=DIRECTION('',(0.669130606358858,0.,0.743144825477394));
#5668=DIRECTION('',(0.,-1.,0.));
#5669=DIRECTION('',(0.,-1.,0.));
#5670=DIRECTION('',(-0.669130606358858,0.,-0.743144825477394));
#5671=DIRECTION('',(0.,-1.,0.));
#5672=DIRECTION('',(-0.296819366466463,0.,-0.954933643605904));
#5673=DIRECTION('',(-0.954933643605904,0.,0.296819366466463));
#5674=DIRECTION('',(0.,-1.,0.));
#5675=DIRECTION('',(0.,-1.,0.));
#5676=DIRECTION('',(-0.669130606358858,0.,-0.743144825477394));
#5677=DIRECTION('',(0.,-1.,0.));
#5678=DIRECTION('',(-0.669130606358858,0.,-0.743144825477394));
#5679=DIRECTION('',(0.,-1.,0.));
#5680=DIRECTION('',(-0.918676344945057,0.,-0.395011105208943));
#5681=DIRECTION('',(-0.395011105208943,0.,0.918676344945057));
#5682=DIRECTION('',(0.,-1.,0.));
#5683=DIRECTION('',(-1.,0.,0.));
#5684=DIRECTION('',(0.,1.,0.));
#5685=DIRECTION('',(1.,0.,0.));
#5686=DIRECTION('',(0.,1.,0.));
#5687=DIRECTION('',(1.,0.,0.));
#5688=DIRECTION('',(0.,1.,0.));
#5689=DIRECTION('',(1.,0.,0.));
#5690=DIRECTION('',(0.,1.,0.));
#5691=DIRECTION('',(1.,0.,0.));
#5692=DIRECTION('',(0.,-1.,0.));
#5693=DIRECTION('',(-1.,0.,0.));
#5694=DIRECTION('',(0.,-1.,0.));
#5695=DIRECTION('',(0.,1.,0.));
#5696=DIRECTION('',(1.,0.,0.));
#5697=DIRECTION('',(0.,-1.,0.));
#5698=DIRECTION('',(0.,-1.,0.));
#5699=DIRECTION('',(-0.913545457642601,0.,-0.4067366430758));
#5700=DIRECTION('',(0.,-1.,0.));
#5701=DIRECTION('',(0.,-1.,0.));
#5702=DIRECTION('',(0.,-1.,0.));
#5703=DIRECTION('',(-0.913545457642601,0.,-0.4067366430758));
#5704=DIRECTION('',(0.,1.,0.));
#5705=DIRECTION('',(0.913545457642601,0.,0.4067366430758));
#5706=DIRECTION('',(0.,1.,0.));
#5707=DIRECTION('',(0.913545457642601,0.,0.4067366430758));
#5708=DIRECTION('',(0.,-1.,0.));
#5709=DIRECTION('',(0.,-1.,0.));
#5710=DIRECTION('',(-0.913545457642601,0.,-0.4067366430758));
#5711=DIRECTION('',(0.,-1.,0.));
#5712=DIRECTION('',(-0.6595644885362,0.,-0.751647979749817));
#5713=DIRECTION('',(-0.751647979749817,0.,0.6595644885362));
#5714=DIRECTION('',(0.,-1.,0.));
#5715=DIRECTION('',(0.,-1.,0.));
#5716=DIRECTION('',(-0.913545457642601,0.,-0.4067366430758));
#5717=DIRECTION('',(0.,-1.,0.));
#5718=DIRECTION('',(-0.913545457642601,0.,-0.4067366430758));
#5719=DIRECTION('',(0.,-1.,0.));
#5720=DIRECTION('',(-0.999918092878611,0.,0.0127987317340844));
#5721=DIRECTION('',(0.0127987317340844,0.,0.999918092878611));
#5722=DIRECTION('',(0.,1.,0.));
#5723=DIRECTION('',(1.,0.,0.));
#5724=DIRECTION('',(0.,1.,0.));
#5725=DIRECTION('',(1.,0.,0.));
#5726=DIRECTION('',(0.,1.,0.));
#5727=DIRECTION('',(1.,0.,0.));
#5728=DIRECTION('',(0.,1.,0.));
#5729=DIRECTION('',(1.,0.,0.));
#5730=DIRECTION('',(0.,1.,0.));
#5731=DIRECTION('',(1.,0.,0.));
#5732=DIRECTION('',(0.,-1.,0.));
#5733=DIRECTION('',(-1.,0.,0.));
#5734=DIRECTION('',(0.,1.,0.));
#5735=DIRECTION('',(1.,0.,0.));
#5736=DIRECTION('',(0.,-1.,0.));
#5737=DIRECTION('',(-1.,0.,0.));
#5738=DIRECTION('',(0.,-1.,0.));
#5739=DIRECTION('',(0.,1.,0.));
#5740=DIRECTION('',(1.,0.,0.));
#5741=DIRECTION('',(-0.498655602405963,0.,0.866800202001099));
#5742=DIRECTION('',(0.,1.,0.));
#5743=DIRECTION('',(0.,0.,1.));
#5744=DIRECTION('',(-0.0636334575505552,0.,0.997973337860367));
#5745=DIRECTION('',(0.,1.,0.));
#5746=DIRECTION('',(0.,0.,1.));
#5747=DIRECTION('',(-0.255352761228297,0.,0.966847954609764));
#5748=DIRECTION('',(0.966847954609764,0.,0.255352761228297));
#5749=DIRECTION('',(-0.255352761228297,0.,0.966847954609764));
#5750=DIRECTION('',(-0.966847954609764,0.,-0.255352761228297));
#5751=DIRECTION('',(0.255352761228297,0.,-0.966847954609764));
#5752=DIRECTION('',(0.966847954609764,0.,0.255352761228297));
#5753=DIRECTION('',(-0.255352761228297,0.,0.966847954609764));
#5754=DIRECTION('',(-0.966847954609764,0.,-0.255352761228297));
#5755=DIRECTION('',(-0.255352761228297,0.,0.966847954609764));
#5756=DIRECTION('',(0.966847954609764,0.,0.255352761228297));
#5757=DIRECTION('',(-0.255352761228297,0.,0.966847954609764));
#5758=DIRECTION('',(-0.966847954609764,0.,-0.255352761228297));
#5759=DIRECTION('',(-0.726937398894741,0.,0.686703733853361));
#5760=DIRECTION('',(-0.995137427343322,0.,0.0984961963758754));
#5761=DIRECTION('',(-0.0984961963758754,0.,-0.995137427343322));
#5762=DIRECTION('',(0.995137427343322,0.,-0.0984961963758754));
#5763=DIRECTION('',(0.0984961963758754,0.,0.995137427343322));
#5764=DIRECTION('',(0.,1.,0.));
#5765=DIRECTION('',(0.,0.,1.));
#5766=DIRECTION('',(0.,1.,0.));
#5767=DIRECTION('',(0.,0.,1.));
#5768=DIRECTION('',(0.,1.,0.));
#5769=DIRECTION('',(0.,0.,1.));
#5770=DIRECTION('',(0.686296558478625,0.,0.72732182273076));
#5771=DIRECTION('',(0.997518009934599,0.,0.0704117877639638));
#5772=DIRECTION('',(0.154199886747127,0.,-0.988039672749619));
#5773=DIRECTION('',(0.,1.,0.));
#5774=DIRECTION('',(0.,0.,1.));
#5775=DIRECTION('',(-0.0704117877639638,0.,0.997518009934599));
#5776=DIRECTION('',(0.,1.,0.));
#5777=DIRECTION('',(0.,0.,1.));
#5778=DIRECTION('',(0.,1.,0.));
#5779=DIRECTION('',(0.,0.,1.));
#5780=DIRECTION('',(0.802477073060742,0.,0.596682953679644));
#5781=DIRECTION('',(-0.15017594295976,0.,0.988659287194606));
#5782=DIRECTION('',(-0.997518009934599,0.,-0.0704117877639638));
#5783=DIRECTION('',(0.0704117877639638,0.,-0.997518009934599));
#5784=DIRECTION('',(-0.230523000479543,0.,-0.973066876555722));
#5785=DIRECTION('',(0.973066876555722,0.,-0.230523000479543));
#5786=DIRECTION('',(0.230523000479543,0.,0.973066876555722));
#5787=DIRECTION('',(-0.973066876555722,0.,0.230523000479543));
#5788=DIRECTION('',(-0.724210129748415,0.,-0.689579355817577));
#5789=DIRECTION('',(-0.973066876555722,0.,0.230523000479543));
#5790=DIRECTION('',(0.,1.,0.));
#5791=DIRECTION('',(0.,0.,1.));
#5792=DIRECTION('',(0.230523000479543,0.,0.973066876555722));
#5793=DIRECTION('',(-0.973066876555722,0.,0.230523000479543));
#5794=DIRECTION('',(-0.230523000479543,0.,-0.973066876555722));
#5795=DIRECTION('',(0.973066876555722,0.,-0.230523000479543));
#5796=DIRECTION('',(0.724687622285911,0.,0.689077535626865));
#5797=DIRECTION('',(0.973066876555722,0.,-0.230523000479543));
#5798=DIRECTION('',(-0.280132258719342,6.060808578298E-32,-0.959961414654152));
#5799=DIRECTION('',(0.,1.,0.));
#5800=DIRECTION('',(0.,0.,1.));
#5801=DIRECTION('',(0.996841895206574,0.,-0.0794118124775339));
#5802=DIRECTION('',(0.0794118124775339,0.,0.996841895206574));
#5803=DIRECTION('',(-0.996841895206574,0.,0.0794118124775339));
#5804=DIRECTION('',(-0.0794118124775339,0.,-0.996841895206574));
#5805=DIRECTION('',(0.,1.,0.));
#5806=DIRECTION('',(1.,0.,0.));
#5807=DIRECTION('',(0.,1.,0.));
#5808=DIRECTION('',(1.,0.,0.));
#5809=DIRECTION('',(0.,-1.,0.));
#5810=DIRECTION('',(-1.,0.,0.));
#5811=DIRECTION('',(0.,-1.,0.));
#5812=DIRECTION('',(0.,-1.,0.));
#5813=DIRECTION('',(0.,-1.,0.));
#5814=DIRECTION('',(-1.,0.,0.));
#5815=DIRECTION('',(0.,-1.,0.));
#5816=DIRECTION('',(0.,-1.,0.));
#5817=DIRECTION('',(-1.,0.,0.));
#5818=DIRECTION('',(0.,-1.,0.));
#5819=DIRECTION('',(-0.908264918582758,0.,-0.418395551687461));
#5820=DIRECTION('',(-0.418395551687461,0.,0.908264918582758));
#5821=DIRECTION('',(0.,-1.,0.));
#5822=DIRECTION('',(0.,-1.,0.));
#5823=DIRECTION('',(-1.,0.,0.));
#5824=DIRECTION('',(0.,-1.,0.));
#5825=DIRECTION('',(-1.,0.,0.));
#5826=DIRECTION('',(0.,-1.,0.));
#5827=DIRECTION('',(-0.908264918582758,0.,0.418395551687461));
#5828=DIRECTION('',(0.418395551687461,0.,0.908264918582758));
#5829=DIRECTION('',(0.,-1.,0.));
#5830=DIRECTION('',(-1.,0.,0.));
#5831=DIRECTION('',(0.,1.,0.));
#5832=DIRECTION('',(1.,0.,0.));
#5833=DIRECTION('',(0.,1.,0.));
#5834=DIRECTION('',(1.,0.,0.));
#5835=DIRECTION('',(0.,1.,0.));
#5836=DIRECTION('',(1.,0.,0.));
#5837=DIRECTION('',(0.,1.,0.));
#5838=DIRECTION('',(1.,0.,0.));
#5839=DIRECTION('',(1.,0.,0.));
#5840=DIRECTION('',(0.5,0.,0.866025403784439));
#5841=DIRECTION('',(-0.5,0.,0.866025403784439));
#5842=DIRECTION('',(-1.,0.,-2.34736656052681E-16));
#5843=DIRECTION('',(-0.5,0.,-0.866025403784439));
#5844=DIRECTION('',(0.5,0.,-0.866025403784439));
#5845=DIRECTION('',(0.,1.,0.));
#5846=DIRECTION('',(1.,0.,0.));
#5847=DIRECTION('',(0.866025403784439,0.,-0.5));
#5848=DIRECTION('',(-0.5,0.,-0.866025403784439));
#5849=DIRECTION('',(0.,1.,0.));
#5850=DIRECTION('',(0.5,0.,0.866025403784439));
#5851=DIRECTION('',(0.,1.,0.));
#5852=DIRECTION('',(-0.5,0.,-0.866025403784439));
#5853=DIRECTION('',(0.,0.,-1.));
#5854=DIRECTION('',(0.,1.,0.));
#5855=DIRECTION('',(0.,1.,0.));
#5856=DIRECTION('',(1.,0.,0.));
#5857=DIRECTION('',(-1.,0.,0.));
#5858=DIRECTION('',(-0.866025403784439,0.,-0.5));
#5859=DIRECTION('',(-0.5,0.,0.866025403784439));
#5860=DIRECTION('',(0.,1.,0.));
#5861=DIRECTION('',(0.5,0.,-0.866025403784439));
#5862=DIRECTION('',(-0.5,0.,0.866025403784439));
#5863=DIRECTION('',(-0.866025403784439,0.,0.5));
#5864=DIRECTION('',(0.5,0.,0.866025403784439));
#5865=DIRECTION('',(0.,1.,0.));
#5866=DIRECTION('',(-0.5,0.,-0.866025403784439));
#5867=DIRECTION('',(0.5,0.,0.866025403784439));
#5868=DIRECTION('',(-2.34736656052681E-16,0.,1.));
#5869=DIRECTION('',(1.,0.,2.34736656052681E-16));
#5870=DIRECTION('',(0.,1.,0.));
#5871=DIRECTION('',(-1.,0.,-2.34736656052681E-16));
#5872=DIRECTION('',(1.,0.,2.34736656052681E-16));
#5873=DIRECTION('',(0.866025403784438,0.,0.5));
#5874=DIRECTION('',(0.5,0.,-0.866025403784439));
#5875=DIRECTION('',(-0.5,0.,0.866025403784439));
#5876=DIRECTION('',(0.5,0.,-0.866025403784439));
#5877=DIRECTION('',(0.612372435695795,-0.707106781186547,-0.353553390593274));
#5878=DIRECTION('',(0.5,0.,0.866025403784439));
#5879=DIRECTION('',(0.377964473009225,0.654653670707977,-0.654653670707978));
#5880=DIRECTION('',(0.755928946018454,0.654653670707977,2.51265825932765E-15));
#5881=DIRECTION('',(0.612372435695794,-0.707106781186548,0.353553390593274));
#5882=DIRECTION('',(-0.5,0.,0.866025403784439));
#5883=DIRECTION('',(0.377964473009228,0.654653670707977,0.654653670707978));
#5884=DIRECTION('',(1.65983881287905E-16,-0.707106781186548,-0.707106781186547));
#5885=DIRECTION('',(1.,0.,2.34736656052681E-16));
#5886=DIRECTION('',(-0.377964473009228,0.654653670707976,-0.654653670707977));
#5887=DIRECTION('',(0.,-0.707106781186548,0.707106781186547));
#5888=DIRECTION('',(-1.,0.,0.));
#5889=DIRECTION('',(-0.377964473009228,0.654653670707977,0.654653670707978));
#5890=DIRECTION('',(-0.612372435695794,-0.707106781186549,-0.353553390593274));
#5891=DIRECTION('',(0.5,0.,-0.866025403784439));
#5892=DIRECTION('',(0.755928946018455,-0.654653670707976,1.25887458127547E-15));
#5893=DIRECTION('',(-0.612372435695794,-0.707106781186548,0.353553390593274));
#5894=DIRECTION('',(-0.5,0.,-0.866025403784439));
#5895=DIRECTION('',(0.612372435695798,0.707106781186543,-0.353553390593276));
#5896=DIRECTION('',(-0.5,0.,-0.866025403784439));
#5897=DIRECTION('',(0.755928946018451,-0.654653670707981,1.0910246371054E-15));
#5898=DIRECTION('',(0.377964473009225,-0.654653670707981,-0.654653670707974));
#5899=DIRECTION('',(1.65983881287906E-16,0.707106781186544,-0.707106781186551));
#5900=DIRECTION('',(-1.,0.,-2.34736656052681E-16));
#5901=DIRECTION('',(-0.377964473009227,-0.654653670707981,-0.654653670707974));
#5902=DIRECTION('',(0.612372435695798,0.707106781186544,0.353553390593276));
#5903=DIRECTION('',(0.5,0.,-0.866025403784439));
#5904=DIRECTION('',(0.377964473009226,-0.654653670707981,0.654653670707974));
#5905=DIRECTION('',(-0.612372435695797,0.707106781186544,-0.353553390593276));
#5906=DIRECTION('',(-0.5,0.,0.866025403784439));
#5907=DIRECTION('',(-0.755928946018452,-0.65465367070798,0.));
#5908=DIRECTION('',(0.,0.707106781186544,0.707106781186551));
#5909=DIRECTION('',(1.,0.,0.));
#5910=DIRECTION('',(0.377964473009227,0.654653670707981,-0.654653670707974));
#5911=DIRECTION('',(-0.612372435695797,0.707106781186545,0.353553390593276));
#5912=DIRECTION('',(0.5,0.,0.866025403784439));
#5913=DIRECTION('',(0.,1.,0.));
#5914=DIRECTION('',(1.,0.,0.));
#5915=DIRECTION('',(0.,-1.,0.));
#5916=DIRECTION('',(-1.,0.,0.));
#5917=DIRECTION('',(0.0794118124775339,0.,0.996841895206574));
#5918=DIRECTION('',(0.996841895206573,0.,-0.0794118124775338));
#5919=DIRECTION('',(0.,1.,0.));
#5920=DIRECTION('',(0.996841895206573,0.,-0.0794118124775338));
#5921=DIRECTION('',(0.,1.,0.));
#5922=DIRECTION('',(0.996841895206574,0.,-0.0794118124775339));
#5923=DIRECTION('',(-0.0794118124775338,0.,-0.996841895206573));
#5924=DIRECTION('',(0.,1.,0.));
#5925=DIRECTION('',(-0.0794118124775338,0.,-0.996841895206573));
#5926=DIRECTION('',(-0.0794118124775339,0.,-0.996841895206574));
#5927=DIRECTION('',(-0.996841895206573,0.,0.0794118124775338));
#5928=DIRECTION('',(0.,1.,0.));
#5929=DIRECTION('',(-0.996841895206573,0.,0.0794118124775338));
#5930=DIRECTION('',(-0.996841895206574,0.,0.0794118124775339));
#5931=DIRECTION('',(0.0794118124775338,0.,0.996841895206573));
#5932=DIRECTION('',(0.0794118124775338,0.,0.996841895206573));
#5933=DIRECTION('',(0.,1.,0.));
#5934=DIRECTION('',(0.996841895206573,0.,-0.0794118124775338));
#5935=DIRECTION('',(0.973066876555722,0.,-0.230523000479543));
#5936=DIRECTION('',(-0.230523000479543,0.,-0.973066876555722));
#5937=DIRECTION('',(0.,1.,0.));
#5938=DIRECTION('',(-0.230523000479543,0.,-0.973066876555722));
#5939=DIRECTION('',(0.,1.,0.));
#5940=DIRECTION('',(0.,1.,0.));
#5941=DIRECTION('',(-0.968201860197116,0.,0.250170257846218));
#5942=DIRECTION('',(0.,1.,0.));
#5943=DIRECTION('',(0.,1.,0.));
#5944=DIRECTION('',(0.,0.,1.));
#5945=DIRECTION('',(0.959961414654151,5.18597445781331E-26,-0.280132258719342));
#5946=DIRECTION('',(-0.280132258719342,6.060808578298E-32,-0.959961414654152));
#5947=DIRECTION('',(-5.05295175317448E-26,1.,1.19706222407155E-26));
#5948=DIRECTION('',(-0.280132258719342,6.060808578298E-32,-0.959961414654152));
#5949=DIRECTION('',(0.230523000479543,0.,0.973066876555722));
#5950=DIRECTION('',(0.973066876555722,0.,-0.230523000479543));
#5951=DIRECTION('',(0.,1.,0.));
#5952=DIRECTION('',(0.973066876555722,0.,-0.230523000479543));
#5953=DIRECTION('',(-0.689077535626865,0.,0.724687622285911));
#5954=DIRECTION('',(0.724687622285911,0.,0.689077535626865));
#5955=DIRECTION('',(0.,1.,0.));
#5956=DIRECTION('',(0.724687622285911,0.,0.689077535626865));
#5957=DIRECTION('',(0.230523000479543,0.,0.973066876555722));
#5958=DIRECTION('',(0.973066876555722,0.,-0.230523000479543));
#5959=DIRECTION('',(0.,1.,0.));
#5960=DIRECTION('',(0.973066876555722,0.,-0.230523000479543));
#5961=DIRECTION('',(0.973066876555722,0.,-0.230523000479543));
#5962=DIRECTION('',(-0.230523000479543,0.,-0.973066876555722));
#5963=DIRECTION('',(0.,1.,0.));
#5964=DIRECTION('',(-0.230523000479543,0.,-0.973066876555722));
#5965=DIRECTION('',(-0.230523000479543,0.,-0.973066876555722));
#5966=DIRECTION('',(-0.973066876555722,0.,0.230523000479543));
#5967=DIRECTION('',(0.,1.,0.));
#5968=DIRECTION('',(-0.973066876555722,0.,0.230523000479543));
#5969=DIRECTION('',(-0.973066876555722,0.,0.230523000479543));
#5970=DIRECTION('',(0.230523000479543,0.,0.973066876555722));
#5971=DIRECTION('',(0.,1.,0.));
#5972=DIRECTION('',(0.230523000479543,0.,0.973066876555722));
#5973=DIRECTION('',(0.,1.,0.));
#5974=DIRECTION('',(0.96326470010578,0.,-0.268553751658995));
#5975=DIRECTION('',(0.,1.,0.));
#5976=DIRECTION('',(0.,1.,0.));
#5977=DIRECTION('',(0.,0.,1.));
#5978=DIRECTION('',(-0.230523000479543,0.,-0.973066876555722));
#5979=DIRECTION('',(-0.973066876555722,0.,0.230523000479543));
#5980=DIRECTION('',(0.,1.,0.));
#5981=DIRECTION('',(-0.973066876555722,0.,0.230523000479543));
#5982=DIRECTION('',(0.689579355817577,0.,-0.724210129748415));
#5983=DIRECTION('',(-0.724210129748415,0.,-0.689579355817576));
#5984=DIRECTION('',(0.,1.,0.));
#5985=DIRECTION('',(-0.724210129748415,0.,-0.689579355817576));
#5986=DIRECTION('',(-0.230523000479543,0.,-0.973066876555722));
#5987=DIRECTION('',(-0.973066876555722,0.,0.230523000479543));
#5988=DIRECTION('',(0.,1.,0.));
#5989=DIRECTION('',(-0.973066876555722,0.,0.230523000479543));
#5990=DIRECTION('',(-0.973066876555722,0.,0.230523000479543));
#5991=DIRECTION('',(0.230523000479543,0.,0.973066876555722));
#5992=DIRECTION('',(0.,1.,0.));
#5993=DIRECTION('',(0.230523000479543,0.,0.973066876555722));
#5994=DIRECTION('',(0.230523000479543,0.,0.973066876555722));
#5995=DIRECTION('',(0.973066876555722,0.,-0.230523000479543));
#5996=DIRECTION('',(0.973066876555722,0.,-0.230523000479543));
#5997=DIRECTION('',(0.,1.,0.));
#5998=DIRECTION('',(0.973066876555722,0.,-0.230523000479543));
#5999=DIRECTION('',(-0.0704117877639638,0.,0.997518009934599));
#6000=DIRECTION('',(0.997518009934599,0.,0.0704117877639638));
#6001=DIRECTION('',(0.,1.,0.));
#6002=DIRECTION('',(0.997518009934599,0.,0.0704117877639638));
#6003=DIRECTION('',(0.,1.,0.));
#6004=DIRECTION('',(0.997518009934599,0.,0.0704117877639638));
#6005=DIRECTION('',(0.0704117877639638,0.,-0.997518009934599));
#6006=DIRECTION('',(0.,1.,0.));
#6007=DIRECTION('',(0.0704117877639638,0.,-0.997518009934599));
#6008=DIRECTION('',(0.0704117877639638,0.,-0.997518009934599));
#6009=DIRECTION('',(-0.997518009934599,0.,-0.0704117877639638));
#6010=DIRECTION('',(0.,1.,0.));
#6011=DIRECTION('',(-0.997518009934599,0.,-0.0704117877639638));
#6012=DIRECTION('',(-0.988659287194606,0.,-0.15017594295976));
#6013=DIRECTION('',(-0.15017594295976,0.,0.988659287194606));
#6014=DIRECTION('',(0.,1.,0.));
#6015=DIRECTION('',(-0.15017594295976,0.,0.988659287194606));
#6016=DIRECTION('',(-0.596682953679644,0.,0.802477073060742));
#6017=DIRECTION('',(0.802477073060742,0.,0.596682953679644));
#6018=DIRECTION('',(0.,1.,0.));
#6019=DIRECTION('',(0.802477073060742,0.,0.596682953679644));
#6020=DIRECTION('',(0.,1.,0.));
#6021=DIRECTION('',(0.,1.,0.));
#6022=DIRECTION('',(0.,1.,0.));
#6023=DIRECTION('',(0.,1.,0.));
#6024=DIRECTION('',(0.,1.,0.));
#6025=DIRECTION('',(0.192264932462944,0.,-0.981343057113576));
#6026=DIRECTION('',(0.,1.,0.));
#6027=DIRECTION('',(0.,1.,0.));
#6028=DIRECTION('',(0.,0.,1.));
#6029=DIRECTION('',(0.,1.,0.));
#6030=DIRECTION('',(0.446105241186686,0.,-0.894980510282637));
#6031=DIRECTION('',(0.,1.,0.));
#6032=DIRECTION('',(0.,1.,0.));
#6033=DIRECTION('',(0.,0.,1.));
#6034=DIRECTION('',(-0.997518009934599,0.,-0.0704117877639638));
#6035=DIRECTION('',(-0.0704117877639638,0.,0.997518009934599));
#6036=DIRECTION('',(0.,1.,0.));
#6037=DIRECTION('',(-0.0704117877639638,0.,0.997518009934599));
#6038=DIRECTION('',(0.,1.,0.));
#6039=DIRECTION('',(0.,1.,0.));
#6040=DIRECTION('',(0.,1.,0.));
#6041=DIRECTION('',(0.,1.,0.));
#6042=DIRECTION('',(0.,1.,0.));
#6043=DIRECTION('',(0.,1.,0.));
#6044=DIRECTION('',(0.0293292802239309,0.,0.999569804126528));
#6045=DIRECTION('',(0.,1.,0.));
#6046=DIRECTION('',(0.,1.,0.));
#6047=DIRECTION('',(0.,0.,1.));
#6048=DIRECTION('',(0.988039672749619,0.,0.154199886747127));
#6049=DIRECTION('',(0.154199886747127,0.,-0.988039672749618));
#6050=DIRECTION('',(0.154199886747127,0.,-0.988039672749618));
#6051=DIRECTION('',(0.,1.,0.));
#6052=DIRECTION('',(-0.997518009934599,0.,-0.0704117877639638));
#6053=DIRECTION('',(-0.686703733853361,0.,-0.726937398894741));
#6054=DIRECTION('',(-0.726937398894741,0.,0.686703733853361));
#6055=DIRECTION('',(0.,1.,0.));
#6056=DIRECTION('',(-0.726937398894741,0.,0.686703733853361));
#6057=DIRECTION('',(0.,1.,0.));
#6058=DIRECTION('',(-0.72732182273076,0.,0.686296558478625));
#6059=DIRECTION('',(0.686296558478625,0.,0.72732182273076));
#6060=DIRECTION('',(0.,1.,0.));
#6061=DIRECTION('',(0.686296558478625,0.,0.72732182273076));
#6062=DIRECTION('',(0.,1.,0.));
#6063=DIRECTION('',(-0.708223526462239,0.,-0.705988269424776));
#6064=DIRECTION('',(0.,1.,0.));
#6065=DIRECTION('',(0.,1.,0.));
#6066=DIRECTION('',(0.,0.,1.));
#6067=DIRECTION('',(0.,1.,0.));
#6068=DIRECTION('',(-0.753463848784992,0.,-0.657489337232252));
#6069=DIRECTION('',(0.,1.,0.));
#6070=DIRECTION('',(0.,1.,0.));
#6071=DIRECTION('',(0.,0.,1.));
#6072=DIRECTION('',(0.,1.,0.));
#6073=DIRECTION('',(0.99785521776012,0.,-0.0654596393887342));
#6074=DIRECTION('',(0.,1.,0.));
#6075=DIRECTION('',(0.,1.,0.));
#6076=DIRECTION('',(0.,0.,1.));
#6077=DIRECTION('',(-0.995137427343322,0.,0.0984961963758754));
#6078=DIRECTION('',(0.0984961963758754,0.,0.995137427343322));
#6079=DIRECTION('',(0.,1.,0.));
#6080=DIRECTION('',(0.0984961963758754,0.,0.995137427343322));
#6081=DIRECTION('',(0.0984961963758754,0.,0.995137427343322));
#6082=DIRECTION('',(0.995137427343322,0.,-0.0984961963758754));
#6083=DIRECTION('',(0.,1.,0.));
#6084=DIRECTION('',(0.995137427343322,0.,-0.0984961963758754));
#6085=DIRECTION('',(0.995137427343322,0.,-0.0984961963758754));
#6086=DIRECTION('',(-0.0984961963758754,0.,-0.995137427343322));
#6087=DIRECTION('',(0.,1.,0.));
#6088=DIRECTION('',(-0.0984961963758754,0.,-0.995137427343322));
#6089=DIRECTION('',(-0.0984961963758754,0.,-0.995137427343322));
#6090=DIRECTION('',(-0.995137427343322,0.,0.0984961963758754));
#6091=DIRECTION('',(-0.995137427343322,0.,0.0984961963758754));
#6092=DIRECTION('',(0.,1.,0.));
#6093=DIRECTION('',(-0.995137427343322,0.,0.0984961963758754));
#6094=DIRECTION('',(-0.966847954609764,0.,-0.255352761228297));
#6095=DIRECTION('',(-0.255352761228297,0.,0.966847954609764));
#6096=DIRECTION('',(0.,1.,0.));
#6097=DIRECTION('',(-0.255352761228297,0.,0.966847954609764));
#6098=DIRECTION('',(0.,1.,0.));
#6099=DIRECTION('',(0.255352761228297,0.,-0.966847954609764));
#6100=DIRECTION('',(-0.966847954609764,0.,-0.255352761228297));
#6101=DIRECTION('',(0.,1.,0.));
#6102=DIRECTION('',(-0.966847954609764,0.,-0.255352761228297));
#6103=DIRECTION('',(-0.966847954609764,0.,-0.255352761228297));
#6104=DIRECTION('',(-0.255352761228297,0.,0.966847954609764));
#6105=DIRECTION('',(0.,1.,0.));
#6106=DIRECTION('',(-0.255352761228297,0.,0.966847954609764));
#6107=DIRECTION('',(-0.255352761228297,0.,0.966847954609764));
#6108=DIRECTION('',(0.966847954609764,0.,0.255352761228297));
#6109=DIRECTION('',(0.,1.,0.));
#6110=DIRECTION('',(0.966847954609764,0.,0.255352761228297));
#6111=DIRECTION('',(-0.966847954609764,0.,-0.255352761228297));
#6112=DIRECTION('',(-0.255352761228297,0.,0.966847954609764));
#6113=DIRECTION('',(0.,1.,0.));
#6114=DIRECTION('',(-0.255352761228297,0.,0.966847954609764));
#6115=DIRECTION('',(0.255352761228297,0.,-0.966847954609764));
#6116=DIRECTION('',(-0.966847954609764,0.,-0.255352761228297));
#6117=DIRECTION('',(0.,1.,0.));
#6118=DIRECTION('',(-0.966847954609764,0.,-0.255352761228297));
#6119=DIRECTION('',(-0.966847954609764,0.,-0.255352761228297));
#6120=DIRECTION('',(-0.255352761228297,0.,0.966847954609764));
#6121=DIRECTION('',(0.,1.,0.));
#6122=DIRECTION('',(-0.255352761228297,0.,0.966847954609764));
#6123=DIRECTION('',(-0.255352761228297,0.,0.966847954609764));
#6124=DIRECTION('',(0.966847954609764,0.,0.255352761228297));
#6125=DIRECTION('',(0.,1.,0.));
#6126=DIRECTION('',(0.966847954609764,0.,0.255352761228297));
#6127=DIRECTION('',(0.966847954609764,0.,0.255352761228297));
#6128=DIRECTION('',(0.255352761228297,0.,-0.966847954609764));
#6129=DIRECTION('',(0.,1.,0.));
#6130=DIRECTION('',(0.255352761228297,0.,-0.966847954609764));
#6131=DIRECTION('',(0.255352761228297,0.,-0.966847954609764));
#6132=DIRECTION('',(-0.966847954609764,0.,-0.255352761228297));
#6133=DIRECTION('',(0.,1.,0.));
#6134=DIRECTION('',(-0.966847954609764,0.,-0.255352761228297));
#6135=DIRECTION('',(-0.966847954609764,0.,-0.255352761228297));
#6136=DIRECTION('',(-0.255352761228297,0.,0.966847954609764));
#6137=DIRECTION('',(0.,1.,0.));
#6138=DIRECTION('',(-0.255352761228297,0.,0.966847954609764));
#6139=DIRECTION('',(-0.255352761228297,0.,0.966847954609764));
#6140=DIRECTION('',(0.966847954609764,0.,0.255352761228297));
#6141=DIRECTION('',(0.966847954609764,0.,0.255352761228297));
#6142=DIRECTION('',(0.,1.,0.));
#6143=DIRECTION('',(0.966847954609764,0.,0.255352761228297));
#6144=DIRECTION('',(0.,1.,0.));
#6145=DIRECTION('',(0.,1.,0.));
#6146=DIRECTION('',(0.,1.,0.));
#6147=DIRECTION('',(0.,1.,0.));
#6148=DIRECTION('',(-0.685673433568842,0.,-0.72790929551553));
#6149=DIRECTION('',(0.,1.,0.));
#6150=DIRECTION('',(0.,1.,0.));
#6151=DIRECTION('',(0.,0.,1.));
#6152=DIRECTION('',(0.,1.,0.));
#6153=DIRECTION('',(0.,1.,0.));
#6154=DIRECTION('',(0.,1.,0.));
#6155=DIRECTION('',(0.,1.,0.));
#6156=DIRECTION('',(-0.997973337860367,0.,-0.0636334575505552));
#6157=DIRECTION('',(-0.0636334575505552,0.,0.997973337860366));
#6158=DIRECTION('',(0.,1.,0.));
#6159=DIRECTION('',(-0.0636334575505552,0.,0.997973337860366));
#6160=DIRECTION('',(0.,1.,0.));
#6161=DIRECTION('',(0.,1.,0.));
#6162=DIRECTION('',(0.,1.,0.));
#6163=DIRECTION('',(0.,1.,0.));
#6164=DIRECTION('',(0.,1.,0.));
#6165=DIRECTION('',(0.,1.,0.));
#6166=DIRECTION('',(0.285831994194172,0.,-0.958279745739721));
#6167=DIRECTION('',(0.,1.,0.));
#6168=DIRECTION('',(0.,1.,0.));
#6169=DIRECTION('',(0.,0.,1.));
#6170=DIRECTION('',(-0.866800202001099,0.,-0.498655602405963));
#6171=DIRECTION('',(-0.498655602405963,0.,0.866800202001099));
#6172=DIRECTION('',(-0.498655602405963,0.,0.866800202001099));
#6173=DIRECTION('',(0.,1.,0.));
#6174=DIRECTION('',(0.997973337860366,0.,0.0636334575505552));
#6175=CARTESIAN_POINT('',(0.,0.,0.));
#6176=CARTESIAN_POINT('',(0.,-0.2,-5.81707229594993E-17));
#6177=CARTESIAN_POINT('',(0.,0.,-5.81707229594993E-17));
#6178=CARTESIAN_POINT('',(1.15,0.,-5.81707229594993E-17));
#6179=CARTESIAN_POINT('',(0.,-0.2,-5.81707229594993E-17));
#6180=CARTESIAN_POINT('',(0.95,-0.2,-5.81707229594993E-17));
#6181=CARTESIAN_POINT('',(-3.46944695195362E-16,-0.41037,0.000945628074542487));
#6182=CARTESIAN_POINT('',(0.,-0.41037,-5.81707229594993E-17));
#6183=CARTESIAN_POINT('',(-0.93,-0.41037,-5.81707229594993E-17));
#6184=CARTESIAN_POINT('',(0.782309614751943,-0.41037,0.025));
#6185=CARTESIAN_POINT('',(0.398371685740842,-0.41037,0.69));
#6186=CARTESIAN_POINT('',(0.796743371481684,-0.41037,4.43557950785545E-16));
#6187=CARTESIAN_POINT('',(0.412805442470582,-0.41037,-0.665));
#6188=CARTESIAN_POINT('',(0.398371685740842,-0.41037,-0.69));
#6189=CARTESIAN_POINT('',(-0.369504172281361,-0.41037,-0.69));
#6190=CARTESIAN_POINT('',(-0.398371685740842,-0.41037,-0.69));
#6191=CARTESIAN_POINT('',(-0.782309614751943,-0.41037,-0.025));
#6192=CARTESIAN_POINT('',(-0.796743371481683,-0.41037,-2.91874452847581E-16));
#6193=CARTESIAN_POINT('',(-0.412805442470582,-0.41037,0.665));
#6194=CARTESIAN_POINT('',(-0.398371685740842,-0.41037,0.69));
#6195=CARTESIAN_POINT('',(0.36950417228136,-0.41037,0.69));
#6196=CARTESIAN_POINT('',(0.,-0.41057,-5.81707229594993E-17));
#6197=CARTESIAN_POINT('',(0.,-0.39037,-5.81707229594993E-17));
#6198=CARTESIAN_POINT('',(-0.95,-0.39037,-5.81707229594993E-17));
#6199=CARTESIAN_POINT('',(-2.60208521396521E-16,0.42926,5.3776427755281E-15));
#6200=CARTESIAN_POINT('',(-2.60208521396521E-16,0.3101975,5.3776427755281E-15));
#6201=CARTESIAN_POINT('',(-0.600115452239809,0.3101975,-2.45401816737346));
#6202=CARTESIAN_POINT('',(-0.449906365989699,0.3101975,-2.48594609427838));
#6203=CARTESIAN_POINT('',(-0.600115452239807,0.3101975,-2.45401816737346));
#6204=CARTESIAN_POINT('',(-0.637477182701227,0.323447631244117,-2.39031930203281));
#6205=CARTESIAN_POINT('',(-0.657154141945477,0.339269405510235,-2.31881682431929));
#6206=CARTESIAN_POINT('',(-0.658087855796582,0.356704814395657,-2.24586917663904));
#6207=CARTESIAN_POINT('',(-0.658087855796582,0.356704814395656,-2.24586917663904));
#6208=CARTESIAN_POINT('',(-0.658087855796581,0.356704814395657,-2.24586917663904));
#6209=CARTESIAN_POINT('',(-0.6583293403455,0.36121409938154,-2.22700287217772));
#6210=CARTESIAN_POINT('',(-0.658570839085784,0.365718739678739,-2.20813545899688));
#6211=CARTESIAN_POINT('',(-0.658812353053971,0.370218396039566,-2.18926685611574));
#6212=CARTESIAN_POINT('',(-0.658812353053971,0.370218396039565,-2.18926685611574));
#6213=CARTESIAN_POINT('',(-0.658812353053971,0.370218396039566,-2.18926685611574));
#6214=CARTESIAN_POINT('',(-0.659905611260141,0.383375171917995,-2.13397949670818));
#6215=CARTESIAN_POINT('',(-0.667767007382515,0.395811304116249,-2.07951099227546));
#6216=CARTESIAN_POINT('',(-0.682537579843429,0.407347516012196,-2.02584108814387));
#6217=CARTESIAN_POINT('',(-0.682537579843429,0.407347516012195,-2.02584108814387));
#6218=CARTESIAN_POINT('',(-0.682537579843429,0.407347516012196,-2.02584108814387));
#6219=CARTESIAN_POINT('',(-0.694575188130741,0.417030067181001,-1.980916122414));
#6220=CARTESIAN_POINT('',(-0.718590538796228,0.424749501810281,-1.93976007500304));
#6221=CARTESIAN_POINT('',(-0.752645766041622,0.429260000000001,-1.90692231745143));
#6222=CARTESIAN_POINT('',(-0.752645766041621,0.42926,-1.90692231745143));
#6223=CARTESIAN_POINT('',(-2.60208521396521E-16,0.42926,5.3776427755281E-15));
#6224=CARTESIAN_POINT('',(-0.0880390612252696,0.42926,-2.04818883349004));
#6225=CARTESIAN_POINT('',(-0.0880390612252673,0.429259999999999,-2.04818883349004));
#6226=CARTESIAN_POINT('',(-0.132514457220881,0.42474868236917,-2.06433904247471));
#6227=CARTESIAN_POINT('',(-0.17117811475618,0.417032399691315,-2.0921573987498));
#6228=CARTESIAN_POINT('',(-0.200454697860325,0.407347516012195,-2.12831096797817));
#6229=CARTESIAN_POINT('',(-0.200454697860326,0.407347516012195,-2.12831096797817));
#6230=CARTESIAN_POINT('',(-0.28860001928234,0.370218396039565,-2.26795791687008));
#6231=CARTESIAN_POINT('',(-0.265113883244109,0.383375171917995,-2.21789506899104));
#6232=CARTESIAN_POINT('',(-0.235777803879457,0.395811304116249,-2.17133313205064));
#6233=CARTESIAN_POINT('',(-0.200454697860325,0.407347516012195,-2.12831096797817));
#6234=CARTESIAN_POINT('',(-0.288600019282341,0.370218396039565,-2.26795791687007));
#6235=CARTESIAN_POINT('',(-0.312284118300852,0.356704814395657,-2.31937203009378));
#6236=CARTESIAN_POINT('',(-0.304389893844252,0.36121409938154,-2.30223502396542));
#6237=CARTESIAN_POINT('',(-0.29649520546634,0.365718739678739,-2.28509701074353));
#6238=CARTESIAN_POINT('',(-0.288600019282341,0.370218396039565,-2.26795791687008));
#6239=CARTESIAN_POINT('',(-0.312284118300853,0.356704814395656,-2.31937203009378));
#6240=CARTESIAN_POINT('',(-0.449906365989699,0.310197500000001,-2.48594609427838));
#6241=CARTESIAN_POINT('',(-0.389866064180609,0.323447631244117,-2.44295067001682));
#6242=CARTESIAN_POINT('',(-0.342807589686007,0.339269405510236,-2.38563324664039));
#6243=CARTESIAN_POINT('',(-0.312284118300853,0.356704814395657,-2.31937203009378));
#6244=CARTESIAN_POINT('',(-2.60208521396521E-16,0.1190625,5.3776427755281E-15));
#6245=CARTESIAN_POINT('',(-2.60208521396521E-16,0.1190625,5.3776427755281E-15));
#6246=CARTESIAN_POINT('',(-1.42213528626856,0.1190625,-2.08803135737129));
#6247=CARTESIAN_POINT('',(-1.54637185689932,0.1190625,-1.99776820527451));
#6248=CARTESIAN_POINT('',(-1.22865933133192,0.0725551856043435,-1.9918343887119));
#6249=CARTESIAN_POINT('',(-1.28348655665824,0.0899879814750979,-2.0399447965151));
#6250=CARTESIAN_POINT('',(-1.34981003801135,0.105814587193052,-2.07317616123058));
#6251=CARTESIAN_POINT('',(-1.42213528626856,0.1190625,-2.08803135737129));
#6252=CARTESIAN_POINT('',(-1.22865933133192,0.0725551856043435,-1.9918343887119));
#6253=CARTESIAN_POINT('',(-1.18611082643587,0.0590416039604346,-1.95449845004672));
#6254=CARTESIAN_POINT('',(-1.20029453541895,0.0635412603212612,-1.96694452987799));
#6255=CARTESIAN_POINT('',(-1.21447735009296,0.0680459006184603,-1.9793898249609));
#6256=CARTESIAN_POINT('',(-1.22865933133192,0.0725551856043433,-1.9918343887119));
#6257=CARTESIAN_POINT('',(-1.18611082643587,0.0590416039604349,-1.95449845004672));
#6258=CARTESIAN_POINT('',(-1.04878653723027,0.0219124839878047,-1.8627765463509));
#6259=CARTESIAN_POINT('',(-1.09855449087657,0.0334486958837512,-1.88771204735203));
#6260=CARTESIAN_POINT('',(-1.14429277885143,0.045884828082005,-1.91831643490119));
#6261=CARTESIAN_POINT('',(-1.18611082643587,0.0590416039604346,-1.95449845004672));
#6262=CARTESIAN_POINT('',(-1.04878653723027,0.021912483987805,-1.8627765463509));
#6263=CARTESIAN_POINT('',(-1.04878653723027,0.0219124839878043,-1.8627765463509));
#6264=CARTESIAN_POINT('',(-1.00734604928098,0.012229932818999,-1.84166156310127));
#6265=CARTESIAN_POINT('',(-0.960691739457697,0.00451049818971931,-1.83196967572092));
#6266=CARTESIAN_POINT('',(-0.913501134996539,-4.60669495818849E-16,-1.83530489300681));
#6267=CARTESIAN_POINT('',(-0.913501134996539,0.,-1.83530489300682));
#6268=CARTESIAN_POINT('',(-2.60208521396521E-16,0.,5.3776427755281E-15));
#6269=CARTESIAN_POINT('',(-1.46319130278778,0.,-1.43593160888007));
#6270=CARTESIAN_POINT('',(-1.46319130278778,-3.51607852722629E-16,-1.43593160888007));
#6271=CARTESIAN_POINT('',(-1.44543339833452,0.00451131763082918,-1.47978986840601));
#6272=CARTESIAN_POINT('',(-1.44023542924299,0.0122276003086837,-1.52713667903965));
#6273=CARTESIAN_POINT('',(-1.447512909333,0.0219124839878044,-1.57308487998098));
#6274=CARTESIAN_POINT('',(-1.447512909333,0.021912483987805,-1.57308487998098));
#6275=CARTESIAN_POINT('',(-1.447512909333,0.0219124839878044,-1.57308487998097));
#6276=CARTESIAN_POINT('',(-1.45584883659524,0.033448695883751,-1.62812251017157));
#6277=CARTESIAN_POINT('',(-1.47082143052324,0.0458848280820051,-1.68107948284937));
#6278=CARTESIAN_POINT('',(-1.49231008442492,0.059041603960435,-1.73203166707399));
#6279=CARTESIAN_POINT('',(-1.49231008442492,0.0590416039604349,-1.73203166707399));
#6280=CARTESIAN_POINT('',(-1.49231008442492,0.0590416039604349,-1.73203166707399));
#6281=CARTESIAN_POINT('',(-1.49976400263173,0.0635412603212612,-1.7493672261088));
#6282=CARTESIAN_POINT('',(-1.50721745085521,0.0680459006184602,-1.76670169210455));
#6283=CARTESIAN_POINT('',(-1.5146704610863,0.0725551856043429,-1.78403513946248));
#6284=CARTESIAN_POINT('',(-1.5146704610863,0.0725551856043436,-1.78403513946247));
#6285=CARTESIAN_POINT('',(-1.5146704610863,0.0725551856043427,-1.78403513946248));
#6286=CARTESIAN_POINT('',(-1.54348363354889,0.0899879814750974,-1.85104586299696));
#6287=CARTESIAN_POINT('',(-1.55459345664271,0.105814587193051,-1.92439229856457));
#6288=CARTESIAN_POINT('',(-1.54637185689932,0.1190625,-1.99776820527451));
#6289=CARTESIAN_POINT('',(-2.60208521396521E-16,0.42926,5.3776427755281E-15));
#6290=CARTESIAN_POINT('',(-1.54637185689932,7.15942258616576,-1.99776820527451));
#6291=CARTESIAN_POINT('',(-1.54637185689932,0.3101975,-1.99776820527451));
#6292=CARTESIAN_POINT('',(-2.60208521396521E-16,0.3101975,5.3776427755281E-15));
#6293=CARTESIAN_POINT('',(-1.42213528626856,0.3101975,-2.08803135737129));
#6294=CARTESIAN_POINT('',(-1.42213528626856,7.15942258616576,-2.08803135737129));
#6295=CARTESIAN_POINT('',(-0.750682157681181,7.15942258616576,-2.45775336043164));
#6296=CARTESIAN_POINT('',(-1.18611082643587,7.15942258616576,-1.95449845004672));
#6297=CARTESIAN_POINT('',(-1.18611082643587,0.370218396039565,-1.95449845004672));
#6298=CARTESIAN_POINT('',(-1.18611082643587,0.370218396039565,-1.95449845004672));
#6299=CARTESIAN_POINT('',(-1.14429277885143,0.383375171917995,-1.91831643490119));
#6300=CARTESIAN_POINT('',(-1.09855449087657,0.395811304116249,-1.88771204735203));
#6301=CARTESIAN_POINT('',(-1.04878653723027,0.407347516012195,-1.8627765463509));
#6302=CARTESIAN_POINT('',(-1.04878653723027,0.407347516012195,-1.8627765463509));
#6303=CARTESIAN_POINT('',(-1.04878653723027,7.15942258616576,-1.8627765463509));
#6304=CARTESIAN_POINT('',(-0.931685589698952,7.15942258616576,-2.09260009618048));
#6305=CARTESIAN_POINT('',(-0.931685589698952,0.,-2.09260009618048));
#6306=CARTESIAN_POINT('',(-0.752645766041621,0.,-1.90692231745143));
#6307=CARTESIAN_POINT('',(-0.913501134996544,0.42926,-1.83530489300681));
#6308=CARTESIAN_POINT('',(-0.960700312772589,0.424748682369171,-1.83196906979801));
#6309=CARTESIAN_POINT('',(-1.00733606633703,0.417032399691316,-1.84165647653726));
#6310=CARTESIAN_POINT('',(-1.04878653723027,0.407347516012196,-1.8627765463509));
#6311=CARTESIAN_POINT('',(-0.913501134996544,0.42926,-1.83530489300681));
#6312=CARTESIAN_POINT('',(-0.931685589698952,0.42926,-2.09260009618048));
#6313=CARTESIAN_POINT('',(-0.682537579843429,7.15942258616576,-2.02584108814387));
#6314=CARTESIAN_POINT('',(-0.682537579843429,0.021912483987805,-2.02584108814387));
#6315=CARTESIAN_POINT('',(-0.752645766041622,-5.66478600029624E-16,-1.90692231745143));
#6316=CARTESIAN_POINT('',(-0.718584351840368,0.00451131763082896,-1.93976604077608));
#6317=CARTESIAN_POINT('',(-0.694578087970361,0.0122276003086836,-1.98090530006521));
#6318=CARTESIAN_POINT('',(-0.682537579843429,0.0219124839878044,-2.02584108814387));
#6319=CARTESIAN_POINT('',(-1.32416228475247,7.15942258616576,-2.20242355740511));
#6320=CARTESIAN_POINT('',(-0.658812353053971,7.15942258616576,-2.18926685611574));
#6321=CARTESIAN_POINT('',(-0.658812353053971,0.0590416039604349,-2.18926685611574));
#6322=CARTESIAN_POINT('',(-0.682537579843429,0.0219124839878044,-2.02584108814387));
#6323=CARTESIAN_POINT('',(-0.667767007382515,0.0334486958837509,-2.07951099227546));
#6324=CARTESIAN_POINT('',(-0.659905611260141,0.0458848280820047,-2.13397949670818));
#6325=CARTESIAN_POINT('',(-0.658812353053971,0.0590416039604343,-2.18926685611574));
#6326=CARTESIAN_POINT('',(-0.658450104425276,7.15942258616576,-2.2175680163774));
#6327=CARTESIAN_POINT('',(-0.658087855796582,7.15942258616576,-2.24586917663904));
#6328=CARTESIAN_POINT('',(-0.658087855796582,0.0725551856043436,-2.24586917663904));
#6329=CARTESIAN_POINT('',(-0.658812353053971,0.0590416039604341,-2.18926685611574));
#6330=CARTESIAN_POINT('',(-0.658570839085784,0.0635412603212607,-2.20813545899688));
#6331=CARTESIAN_POINT('',(-0.6583293403455,0.0680459006184599,-2.22700287217772));
#6332=CARTESIAN_POINT('',(-0.658087855796581,0.0725551856043429,-2.24586917663904));
#6333=CARTESIAN_POINT('',(-0.236027016057067,7.15942258616576,-2.24046689069007));
#6334=CARTESIAN_POINT('',(-0.600115452239809,7.15942258616576,-2.45401816737346));
#6335=CARTESIAN_POINT('',(-0.600115452239809,0.1190625,-2.45401816737346));
#6336=CARTESIAN_POINT('',(-0.658087855796582,0.0725551856043429,-2.24586917663904));
#6337=CARTESIAN_POINT('',(-0.657154281879562,0.0899879814750976,-2.31880589178111));
#6338=CARTESIAN_POINT('',(-0.63747092731779,0.105814587193052,-2.39032996697852));
#6339=CARTESIAN_POINT('',(-0.600115452239807,0.1190625,-2.45401816737346));
#6340=CARTESIAN_POINT('',(-1.50705847609842,7.15942258616576,-1.67456722475007));
#6341=CARTESIAN_POINT('',(-1.42213528626856,0.3101975,-2.08803135737129));
#6342=CARTESIAN_POINT('',(-1.34979792674361,0.323447631244117,-2.07317367364482));
#6343=CARTESIAN_POINT('',(-1.2834947747516,0.339269405510235,-2.03995200781971));
#6344=CARTESIAN_POINT('',(-1.22865933133192,0.356704814395656,-1.9918343887119));
#6345=CARTESIAN_POINT('',(-1.22865933133192,0.356704814395656,-1.9918343887119));
#6346=CARTESIAN_POINT('',(-1.22865933133192,7.15942258616576,-1.9918343887119));
#6347=CARTESIAN_POINT('',(-1.20738507888389,7.15942258616576,-1.97316641937931));
#6348=CARTESIAN_POINT('',(-1.22865933133192,0.356704814395657,-1.9918343887119));
#6349=CARTESIAN_POINT('',(-1.21447735009296,0.36121409938154,-1.9793898249609));
#6350=CARTESIAN_POINT('',(-1.20029453541895,0.365718739678739,-1.96694452987799));
#6351=CARTESIAN_POINT('',(-1.18611082643587,0.370218396039565,-1.95449845004672));
#6352=CARTESIAN_POINT('',(-2.60208521396521E-16,0.42926,5.3776427755281E-15));
#6353=CARTESIAN_POINT('',(-1.54637185689932,0.3101975,-1.99776820527451));
#6354=CARTESIAN_POINT('',(-1.55459483339562,0.323447631244117,-1.92438001135819));
#6355=CARTESIAN_POINT('',(-1.54348795237663,0.339269405510236,-1.85105590728387));
#6356=CARTESIAN_POINT('',(-1.5146704610863,0.356704814395657,-1.78403513946248));
#6357=CARTESIAN_POINT('',(-1.5146704610863,0.356704814395656,-1.78403513946247));
#6358=CARTESIAN_POINT('',(-1.5146704610863,0.356704814395657,-1.78403513946248));
#6359=CARTESIAN_POINT('',(-1.50721745085521,0.36121409938154,-1.76670169210455));
#6360=CARTESIAN_POINT('',(-1.49976400263173,0.365718739678739,-1.7493672261088));
#6361=CARTESIAN_POINT('',(-1.49231008442492,0.370218396039565,-1.73203166707399));
#6362=CARTESIAN_POINT('',(-1.49231008442492,0.370218396039565,-1.73203166707399));
#6363=CARTESIAN_POINT('',(-1.49231008442492,0.370218396039565,-1.73203166707399));
#6364=CARTESIAN_POINT('',(-1.47082143052324,0.383375171917995,-1.68107948284937));
#6365=CARTESIAN_POINT('',(-1.45584883659524,0.395811304116249,-1.62812251017157));
#6366=CARTESIAN_POINT('',(-1.447512909333,0.407347516012196,-1.57308487998097));
#6367=CARTESIAN_POINT('',(-1.447512909333,0.407347516012195,-1.57308487998098));
#6368=CARTESIAN_POINT('',(-1.447512909333,0.407347516012196,-1.57308487998098));
#6369=CARTESIAN_POINT('',(-1.4402371819535,0.417030067181001,-1.52714774521827));
#6370=CARTESIAN_POINT('',(-1.44543662390144,0.424749501810281,-1.47978190193949));
#6371=CARTESIAN_POINT('',(-1.46319130278778,0.42926,-1.43593160888007));
#6372=CARTESIAN_POINT('',(-1.46319130278778,0.42926,-1.43593160888007));
#6373=CARTESIAN_POINT('',(-2.60208521396521E-16,0.42926,5.3776427755281E-15));
#6374=CARTESIAN_POINT('',(-2.60208521396521E-16,0.1190625,5.3776427755281E-15));
#6375=CARTESIAN_POINT('',(-2.60208521396521E-16,0.1190625,5.3776427755281E-15));
#6376=CARTESIAN_POINT('',(-2.14846409585811,0.1190625,-1.32907702960534));
#6377=CARTESIAN_POINT('',(-2.22524651915364,0.1190625,-1.19608597132922));
#6378=CARTESIAN_POINT('',(-1.93258818395609,0.0725551856043428,-1.31989048627438));
#6379=CARTESIAN_POINT('',(-2.00224361237498,0.0899879814750974,-1.34154128920994));
#6380=CARTESIAN_POINT('',(-2.07634954122936,0.105814587193052,-1.34492346133437));
#6381=CARTESIAN_POINT('',(-2.14846409585812,0.1190625,-1.32907702960534));
#6382=CARTESIAN_POINT('',(-1.93258818395608,0.0725551856043435,-1.31989048627438));
#6383=CARTESIAN_POINT('',(-1.87853229622006,0.0590416039604347,-1.3030884451493));
#6384=CARTESIAN_POINT('',(-1.8965520358641,0.063541260321261,-1.30868947066646));
#6385=CARTESIAN_POINT('',(-1.91457063933024,0.06804590061846,-1.31429014302861));
#6386=CARTESIAN_POINT('',(-1.93258818395608,0.0725551856043428,-1.31989048627438));
#6387=CARTESIAN_POINT('',(-1.87853229622006,0.0590416039604349,-1.3030884451493));
#6388=CARTESIAN_POINT('',(-1.71577365638652,0.0219124839878046,-1.27515113706591));
#6389=CARTESIAN_POINT('',(-1.77138112634688,0.0334486958837512,-1.27768840034068));
#6390=CARTESIAN_POINT('',(-1.82561305742181,0.045884828082005,-1.28704346185922));
#6391=CARTESIAN_POINT('',(-1.87853229622006,0.0590416039604348,-1.3030884451493));
#6392=CARTESIAN_POINT('',(-1.71577365638652,0.021912483987805,-1.2751511370659));
#6393=CARTESIAN_POINT('',(-1.71577365638652,0.0219124839878045,-1.2751511370659));
#6394=CARTESIAN_POINT('',(-1.6693276494524,0.012229932818999,-1.27271700498592));
#6395=CARTESIAN_POINT('',(-1.62276477089574,0.0045104981897193,-1.28283904265616));
#6396=CARTESIAN_POINT('',(-1.58101056362963,-4.6009885256189E-16,-1.30508006330119));
#6397=CARTESIAN_POINT('',(-1.58101056362963,0.,-1.30508006330119));
#6398=CARTESIAN_POINT('',(-2.60208521396521E-16,0.,5.3776427755281E-15));
#6399=CARTESIAN_POINT('',(-1.92073777060625,0.,-0.716655280104217));
#6400=CARTESIAN_POINT('',(-1.92073777060625,-7.04413025966013E-16,-0.716655280104217));
#6401=CARTESIAN_POINT('',(-1.92235387890645,0.00451131763082887,-0.763944584319625));
#6402=CARTESIAN_POINT('',(-1.93686298067139,0.0122276003086836,-0.809312252606956));
#6403=CARTESIAN_POINT('',(-1.96220010655695,0.0219124839878045,-0.848328005041889));
#6404=CARTESIAN_POINT('',(-1.96220010655695,0.021912483987805,-0.848328005041889));
#6405=CARTESIAN_POINT('',(-1.96220010655695,0.0219124839878043,-0.84832800504189));
#6406=CARTESIAN_POINT('',(-1.99220117598917,0.0334486958837506,-0.895216855030351));
#6407=CARTESIAN_POINT('',(-2.02741886245565,0.0458848280820043,-0.937505554278252));
#6408=CARTESIAN_POINT('',(-2.06777384498729,0.0590416039604337,-0.975312467781434));
#6409=CARTESIAN_POINT('',(-2.06777384498728,0.0590416039604349,-0.975312467781434));
#6410=CARTESIAN_POINT('',(-2.06777384498729,0.0590416039604338,-0.975312467781433));
#6411=CARTESIAN_POINT('',(-2.08163434519442,0.0635412603212604,-0.988117507324174));
#6412=CARTESIAN_POINT('',(-2.09549397147138,0.0680459006184596,-1.0009217394855));
#6413=CARTESIAN_POINT('',(-2.10935278330505,0.0725551856043425,-1.01372521922241));
#6414=CARTESIAN_POINT('',(-2.10935278330505,0.0725551856043436,-1.01372521922241));
#6415=CARTESIAN_POINT('',(-2.10935278330505,0.0725551856043423,-1.01372521922241));
#6416=CARTESIAN_POINT('',(-2.16293064286902,0.0899879814750968,-1.06322318827688));
#6417=CARTESIAN_POINT('',(-2.20291265427593,0.10581458719305,-1.1257097191736));
#6418=CARTESIAN_POINT('',(-2.22524651915364,0.119062499999999,-1.19608597132922));
#6419=CARTESIAN_POINT('',(-2.60208521396521E-16,0.42926,5.3776427755281E-15));
#6420=CARTESIAN_POINT('',(-2.22524651915364,7.15942258616576,-1.19608597132922));
#6421=CARTESIAN_POINT('',(-2.22524651915364,0.3101975,-1.19608597132922));
#6422=CARTESIAN_POINT('',(-2.60208521396521E-16,0.3101975,5.3776427755281E-15));
#6423=CARTESIAN_POINT('',(-2.14846409585811,0.3101975,-1.32907702960534));
#6424=CARTESIAN_POINT('',(-2.14846409585811,7.15942258616576,-1.32907702960534));
#6425=CARTESIAN_POINT('',(-1.68544062661322,7.15942258616576,-1.93993947759602));
#6426=CARTESIAN_POINT('',(-1.87853229622006,7.15942258616576,-1.3030884451493));
#6427=CARTESIAN_POINT('',(-1.87853229622006,0.370218396039565,-1.3030884451493));
#6428=CARTESIAN_POINT('',(-1.87853229622006,0.370218396039565,-1.3030884451493));
#6429=CARTESIAN_POINT('',(-1.82561305742181,0.383375171917995,-1.28704346185922));
#6430=CARTESIAN_POINT('',(-1.77138112634688,0.395811304116249,-1.27768840034068));
#6431=CARTESIAN_POINT('',(-1.71577365638652,0.407347516012195,-1.27515113706591));
#6432=CARTESIAN_POINT('',(-1.71577365638652,0.407347516012195,-1.2751511370659));
#6433=CARTESIAN_POINT('',(-1.71577365638652,7.15942258616576,-1.2751511370659));
#6434=CARTESIAN_POINT('',(-1.70227427684109,7.15942258616576,-1.53273464337189));
#6435=CARTESIAN_POINT('',(-1.70227427684109,0.,-1.53273464337189));
#6436=CARTESIAN_POINT('',(-1.58101056362964,0.42926,-1.30508006330119));
#6437=CARTESIAN_POINT('',(-1.62277235655757,0.424748682369171,-1.28283500203672));
#6438=CARTESIAN_POINT('',(-1.66931646068733,0.417032399691316,-1.27271641860759));
#6439=CARTESIAN_POINT('',(-1.71577365638653,0.407347516012196,-1.2751511370659));
#6440=CARTESIAN_POINT('',(-1.58101056362963,0.42926,-1.30508006330119));
#6441=CARTESIAN_POINT('',(-1.70227427684109,0.42926,-1.53273464337189));
#6442=CARTESIAN_POINT('',(-1.447512909333,7.15942258616576,-1.57308487998098));
#6443=CARTESIAN_POINT('',(-2.10548880478729,7.15942258616576,-1.4734287140847));
#6444=CARTESIAN_POINT('',(-1.49231008442492,7.15942258616576,-1.73203166707399));
#6445=CARTESIAN_POINT('',(-1.50349027275561,7.15942258616576,-1.75803340326823));
#6446=CARTESIAN_POINT('',(-1.5146704610863,7.15942258616576,-1.78403513946247));
#6447=CARTESIAN_POINT('',(-1.12690139044162,7.15942258616576,-1.95076751480231));
#6448=CARTESIAN_POINT('',(-2.05787427684109,7.15942258616576,-0.916817376200401));
#6449=CARTESIAN_POINT('',(-2.14846409585811,0.3101975,-1.32907702960534));
#6450=CARTESIAN_POINT('',(-2.07633746524345,0.323447631244117,-1.34492611490808));
#6451=CARTESIAN_POINT('',(-2.00225405307866,0.339269405510236,-1.3415445344648));
#6452=CARTESIAN_POINT('',(-1.93258818395608,0.356704814395657,-1.31989048627438));
#6453=CARTESIAN_POINT('',(-1.93258818395608,0.356704814395656,-1.31989048627438));
#6454=CARTESIAN_POINT('',(-1.93258818395608,7.15942258616576,-1.31989048627438));
#6455=CARTESIAN_POINT('',(-1.90556024008807,7.15942258616576,-1.31148946571184));
#6456=CARTESIAN_POINT('',(-1.93258818395608,0.356704814395657,-1.31989048627438));
#6457=CARTESIAN_POINT('',(-1.91457063933024,0.36121409938154,-1.31429014302861));
#6458=CARTESIAN_POINT('',(-1.8965520358641,0.365718739678739,-1.30868947066646));
#6459=CARTESIAN_POINT('',(-1.87853229622006,0.370218396039565,-1.3030884451493));
#6460=CARTESIAN_POINT('',(-2.60208521396521E-16,0.42926,5.3776427755281E-15));
#6461=CARTESIAN_POINT('',(-2.22524651915364,0.310197500000001,-1.19608597132922));
#6462=CARTESIAN_POINT('',(-2.20290891434522,0.323447631244118,-1.12569793427617));
#6463=CARTESIAN_POINT('',(-2.16293867369402,0.339269405510236,-1.06323060756407));
#6464=CARTESIAN_POINT('',(-2.10935278330505,0.356704814395658,-1.01372521922241));
#6465=CARTESIAN_POINT('',(-2.10935278330505,0.356704814395656,-1.01372521922241));
#6466=CARTESIAN_POINT('',(-2.10935278330505,0.356704814395657,-1.01372521922241));
#6467=CARTESIAN_POINT('',(-2.09549397147138,0.36121409938154,-1.0009217394855));
#6468=CARTESIAN_POINT('',(-2.08163434519442,0.36571873967874,-0.988117507324174));
#6469=CARTESIAN_POINT('',(-2.06777384498729,0.370218396039566,-0.975312467781433));
#6470=CARTESIAN_POINT('',(-2.06777384498728,0.370218396039565,-0.975312467781434));
#6471=CARTESIAN_POINT('',(-2.06777384498729,0.370218396039566,-0.975312467781434));
#6472=CARTESIAN_POINT('',(-2.02741886245565,0.383375171917996,-0.937505554278252));
#6473=CARTESIAN_POINT('',(-1.99220117598917,0.39581130411625,-0.895216855030351));
#6474=CARTESIAN_POINT('',(-1.96220010655695,0.407347516012196,-0.848328005041891));
#6475=CARTESIAN_POINT('',(-1.96220010655695,0.407347516012195,-0.848328005041889));
#6476=CARTESIAN_POINT('',(-1.96220010655695,0.407347516012196,-0.848328005041889));
#6477=CARTESIAN_POINT('',(-1.93686908287246,0.417030067181001,-0.809321649172577));
#6478=CARTESIAN_POINT('',(-1.92235358535461,0.424749501810281,-0.763935994634062));
#6479=CARTESIAN_POINT('',(-1.92073777060625,0.429260000000001,-0.716655280104217));
#6480=CARTESIAN_POINT('',(-1.92073777060625,0.42926,-0.716655280104217));
#6481=CARTESIAN_POINT('',(-2.60208521396521E-16,0.42926,5.3776427755281E-15));
#6482=CARTESIAN_POINT('',(-2.60208521396521E-16,0.1190625,5.3776427755281E-15));
#6483=CARTESIAN_POINT('',(-2.60208521396521E-16,0.1190625,5.3776427755281E-15));
#6484=CARTESIAN_POINT('',(-2.50330394509023,0.1190625,-0.340313209134868));
#6485=CARTESIAN_POINT('',(-2.51935584251633,0.1190625,-0.18758960684118));
#6486=CARTESIAN_POINT('',(-2.30235498256177,0.0725551856043422,-0.419725527931388));
#6487=CARTESIAN_POINT('',(-2.3747945576999,0.0899879814750968,-0.411173105480375));
#6488=CARTESIAN_POINT('',(-2.4438693457254,0.105814587193051,-0.38412127672737));
#6489=CARTESIAN_POINT('',(-2.50330394509023,0.119062499999999,-0.340313209134868));
#6490=CARTESIAN_POINT('',(-2.30235498256177,0.0725551856043435,-0.419725527931388));
#6491=CARTESIAN_POINT('',(-2.24613846605765,0.0590416039604342,-0.426362609898679));
#6492=CARTESIAN_POINT('',(-2.264878459674,0.0635412603212605,-0.424150112906107));
#6493=CARTESIAN_POINT('',(-2.2836172716991,0.0680459006184595,-0.421937755415562));
#6494=CARTESIAN_POINT('',(-2.30235498256177,0.0725551856043422,-0.419725527931388));
#6495=CARTESIAN_POINT('',(-2.24613846605765,0.0590416039604349,-0.426362609898679));
#6496=CARTESIAN_POINT('',(-2.08608792303922,0.0219124839878037,-0.46704051179781));
#6497=CARTESIAN_POINT('',(-2.13791987257948,0.0334486958837503,-0.44674082147571));
#6498=CARTESIAN_POINT('',(-2.19126825318999,0.0458848280820044,-0.433228981839004));
#6499=CARTESIAN_POINT('',(-2.24613846605765,0.0590416039604343,-0.42636260989868));
#6500=CARTESIAN_POINT('',(-2.08608792303922,0.021912483987805,-0.467040511797809));
#6501=CARTESIAN_POINT('',(-2.08608792303922,0.0219124839878039,-0.46704051179781));
#6502=CARTESIAN_POINT('',(-2.0426673336679,0.0122299328189985,-0.483708114437503));
#6503=CARTESIAN_POINT('',(-2.00424703109077,0.00451049818971886,-0.511893884889316));
#6504=CARTESIAN_POINT('',(-1.9751489027811,-8.19096781380183E-16,-0.549195034370628));
#6505=CARTESIAN_POINT('',(-1.97514890278109,0.,-0.549195034370626));
#6506=CARTESIAN_POINT('',(-2.60208521396521E-16,0.,5.3776427755281E-15));
#6507=CARTESIAN_POINT('',(-2.04617122853205,0.,0.12653725721049));
#6508=CARTESIAN_POINT('',(-2.04617122853205,-1.23393458186032E-15,0.126537257210492));
#6509=CARTESIAN_POINT('',(-2.06688190977872,0.00451131763082824,0.0839936586142963));
#6510=CARTESIAN_POINT('',(-2.09858932689392,0.0122276003086828,0.0484496146724862));
#6511=CARTESIAN_POINT('',(-2.13760507932886,0.0219124839878036,0.0231124887869266));
#6512=CARTESIAN_POINT('',(-2.13760507932885,0.021912483987805,0.0231124887869254));
#6513=CARTESIAN_POINT('',(-2.13760507932886,0.0219124839878034,0.0231124887869262));
#6514=CARTESIAN_POINT('',(-2.18408383347507,0.0334486958837499,-0.0075200728645716));
#6515=CARTESIAN_POINT('',(-2.23345715454734,0.0458848280820037,-0.0318283984018335));
#6516=CARTESIAN_POINT('',(-2.28570072261571,0.0590416039604334,-0.0499528823738542));
#6517=CARTESIAN_POINT('',(-2.2857007226157,0.0590416039604349,-0.049952882373855));
#6518=CARTESIAN_POINT('',(-2.28570072261571,0.0590416039604334,-0.0499528823738542));
#6519=CARTESIAN_POINT('',(-2.30357119841865,0.06354126032126,-0.0560132947574594));
#6520=CARTESIAN_POINT('',(-2.32144054745506,0.0680459006184592,-0.0620733250208573));
#6521=CARTESIAN_POINT('',(-2.33930884642191,0.0725551856043422,-0.0681329991742913));
#6522=CARTESIAN_POINT('',(-2.33930884642191,0.0725551856043436,-0.0681329991742917));
#6523=CARTESIAN_POINT('',(-2.33930884642191,0.0725551856043421,-0.0681329991742915));
#6524=CARTESIAN_POINT('',(-2.40838729442907,0.0899879814750965,-0.0915595652243));
#6525=CARTESIAN_POINT('',(-2.47032824115166,0.10581458719305,-0.132381702585773));
#6526=CARTESIAN_POINT('',(-2.51935584251633,0.119062499999998,-0.18758960684118));
#6527=CARTESIAN_POINT('',(-2.60208521396521E-16,0.42926,5.3776427755281E-15));
#6528=CARTESIAN_POINT('',(-2.51935584251633,7.15942258616576,-0.18758960684118));
#6529=CARTESIAN_POINT('',(-2.51935584251633,0.3101975,-0.18758960684118));
#6530=CARTESIAN_POINT('',(-2.60208521396521E-16,0.3101975,5.3776427755281E-15));
#6531=CARTESIAN_POINT('',(-2.50330394509023,0.3101975,-0.340313209134868));
#6532=CARTESIAN_POINT('',(-2.50330394509023,7.15942258616576,-0.340313209134868));
#6533=CARTESIAN_POINT('',(-2.32877109945644,7.15942258616576,-1.08669243528717));
#6534=CARTESIAN_POINT('',(-2.24613846605765,7.15942258616576,-0.426362609898679));
#6535=CARTESIAN_POINT('',(-2.24613846605765,0.370218396039565,-0.426362609898679));
#6536=CARTESIAN_POINT('',(-2.24613846605765,0.370218396039566,-0.42636260989868));
#6537=CARTESIAN_POINT('',(-2.19126825318999,0.383375171917996,-0.433228981839004));
#6538=CARTESIAN_POINT('',(-2.13791987257948,0.39581130411625,-0.44674082147571));
#6539=CARTESIAN_POINT('',(-2.08608792303922,0.407347516012196,-0.46704051179781));
#6540=CARTESIAN_POINT('',(-2.08608792303922,0.407347516012195,-0.467040511797809));
#6541=CARTESIAN_POINT('',(-2.08608792303922,7.15942258616576,-0.467040511797809));
#6542=CARTESIAN_POINT('',(-2.17852427684109,7.15942258616576,-0.707845446267218));
#6543=CARTESIAN_POINT('',(-2.17852427684109,0.,-0.707845446267218));
#6544=CARTESIAN_POINT('',(-1.9751489027811,0.42926,-0.549195034370625));
#6545=CARTESIAN_POINT('',(-2.0042523174697,0.424748682369171,-0.511887108233158));
#6546=CARTESIAN_POINT('',(-2.04265687372084,0.417032399691317,-0.483712129634987));
#6547=CARTESIAN_POINT('',(-2.08608792303922,0.407347516012196,-0.46704051179781));
#6548=CARTESIAN_POINT('',(-1.97514890278109,0.42926,-0.549195034370621));
#6549=CARTESIAN_POINT('',(-2.17852427684109,0.42926,-0.707845446267218));
#6550=CARTESIAN_POINT('',(-1.96220010655695,7.15942258616576,-0.848328005041889));
#6551=CARTESIAN_POINT('',(-2.52275718270907,7.15942258616576,-0.4896646604194));
#6552=CARTESIAN_POINT('',(-2.06777384498728,7.15942258616576,-0.975312467781434));
#6553=CARTESIAN_POINT('',(-2.08856331414617,7.15942258616576,-0.994518843501924));
#6554=CARTESIAN_POINT('',(-2.10935278330505,7.15942258616576,-1.01372521922241));
#6555=CARTESIAN_POINT('',(-1.82292427684108,7.15942258616576,-1.32376271343871));
#6556=CARTESIAN_POINT('',(-2.25286491991704,7.15942258616576,-0.000541474281299907));
#6557=CARTESIAN_POINT('',(-2.50330394509023,0.310197500000001,-0.340313209134868));
#6558=CARTESIAN_POINT('',(-2.44385939306899,0.323447631244117,-0.384128612633549));
#6559=CARTESIAN_POINT('',(-2.3748054157214,0.339269405510236,-0.411171823551448));
#6560=CARTESIAN_POINT('',(-2.30235498256177,0.356704814395658,-0.419725527931388));
#6561=CARTESIAN_POINT('',(-2.30235498256177,0.356704814395656,-0.419725527931388));
#6562=CARTESIAN_POINT('',(-2.30235498256177,7.15942258616576,-0.419725527931388));
#6563=CARTESIAN_POINT('',(-2.27424672430971,7.15942258616576,-0.423044068915033));
#6564=CARTESIAN_POINT('',(-2.30235498256177,0.356704814395658,-0.419725527931388));
#6565=CARTESIAN_POINT('',(-2.2836172716991,0.361214099381541,-0.421937755415562));
#6566=CARTESIAN_POINT('',(-2.264878459674,0.365718739678739,-0.424150112906107));
#6567=CARTESIAN_POINT('',(-2.24613846605765,0.370218396039566,-0.426362609898679));
#6568=CARTESIAN_POINT('',(-2.60208521396521E-16,0.42926,5.3776427755281E-15));
#6569=CARTESIAN_POINT('',(-2.51935584251633,0.310197500000002,-0.18758960684118));
#6570=CARTESIAN_POINT('',(-2.47032003120533,0.323447631244118,-0.132372457713123));
#6571=CARTESIAN_POINT('',(-2.40839764864874,0.339269405510236,-0.0915630766496124));
#6572=CARTESIAN_POINT('',(-2.33930884642191,0.356704814395658,-0.0681329991742916));
#6573=CARTESIAN_POINT('',(-2.33930884642191,0.356704814395656,-0.0681329991742917));
#6574=CARTESIAN_POINT('',(-2.33930884642191,0.356704814395658,-0.0681329991742913));
#6575=CARTESIAN_POINT('',(-2.32144054745506,0.361214099381541,-0.0620733250208573));
#6576=CARTESIAN_POINT('',(-2.30357119841865,0.36571873967874,-0.0560132947574594));
#6577=CARTESIAN_POINT('',(-2.28570072261571,0.370218396039567,-0.0499528823738542));
#6578=CARTESIAN_POINT('',(-2.2857007226157,0.370218396039565,-0.049952882373855));
#6579=CARTESIAN_POINT('',(-2.28570072261571,0.370218396039567,-0.0499528823738542));
#6580=CARTESIAN_POINT('',(-2.23345715454734,0.383375171917996,-0.0318283984018336));
#6581=CARTESIAN_POINT('',(-2.18408383347507,0.39581130411625,-0.00752007286457159));
#6582=CARTESIAN_POINT('',(-2.13760507932886,0.407347516012197,0.0231124887869263));
#6583=CARTESIAN_POINT('',(-2.13760507932885,0.407347516012195,0.0231124887869254));
#6584=CARTESIAN_POINT('',(-2.13760507932886,0.407347516012196,0.0231124887869268));
#6585=CARTESIAN_POINT('',(-2.09859872345954,0.417030067181002,0.0484435124714227));
#6586=CARTESIAN_POINT('',(-2.0668781478659,0.424749501810281,0.0840013862842367));
#6587=CARTESIAN_POINT('',(-2.04617122853205,0.429260000000001,0.126537257210492));
#6588=CARTESIAN_POINT('',(-2.04617122853205,0.42926,0.12653725721049));
#6589=CARTESIAN_POINT('',(-2.60208521396521E-16,0.42926,5.3776427755281E-15));
#6590=CARTESIAN_POINT('',(-2.60208521396521E-16,0.1190625,5.3776427755281E-15));
#6591=CARTESIAN_POINT('',(-2.60208521396521E-16,0.1190625,5.3776427755281E-15));
#6592=CARTESIAN_POINT('',(-2.42529980041385,0.1190625,0.707293856843473));
#6593=CARTESIAN_POINT('',(-2.37784565307863,0.1190625,0.853342704867773));
#6594=CARTESIAN_POINT('',(-2.27402368844415,0.0725551856043419,0.553013787277657));
#6595=CARTESIAN_POINT('',(-2.33672194966725,0.0899879814750963,0.590290643577141));
#6596=CARTESIAN_POINT('',(-2.38882193848951,0.10581458719305,0.643098966258037));
#6597=CARTESIAN_POINT('',(-2.42529980041385,0.119062499999998,0.707293856843473));
#6598=CARTESIAN_POINT('',(-2.27402368844414,0.0725551856043435,0.553013787277657));
#6599=CARTESIAN_POINT('',(-2.22536688958651,0.0590416039604334,0.524085193986135));
#6600=CARTESIAN_POINT('',(-2.24158682203141,0.0635412603212598,0.533728652658524));
#6601=CARTESIAN_POINT('',(-2.25780573177957,0.0680459006184589,0.543371503293012));
#6602=CARTESIAN_POINT('',(-2.27402368844414,0.0725551856043418,0.553013787277658));
#6603=CARTESIAN_POINT('',(-2.22536688958651,0.0590416039604349,0.524085193986133));
#6604=CARTESIAN_POINT('',(-2.09569863628461,0.0219124839878038,0.42182566088998));
#6605=CARTESIAN_POINT('',(-2.13479285045079,0.0334486958837502,0.461452303935366));
#6606=CARTESIAN_POINT('',(-2.17803326093449,0.045884828082004,0.495494724902918));
#6607=CARTESIAN_POINT('',(-2.22536688958651,0.0590416039604335,0.524085193986134));
#6608=CARTESIAN_POINT('',(-2.09569863628461,0.021912483987805,0.421825660889979));
#6609=CARTESIAN_POINT('',(-2.09569863628462,0.0219124839878039,0.421825660889978));
#6610=CARTESIAN_POINT('',(-2.06281127884207,0.0122299328189983,0.38893830344743));
#6611=CARTESIAN_POINT('',(-2.03917677159756,0.00451049818971868,0.347562375984844));
#6612=CARTESIAN_POINT('',(-2.02776605297725,-1.1260155604699E-15,0.301650805282876));
#6613=CARTESIAN_POINT('',(-2.02776605297724,0.,0.301650805282877));
#6614=CARTESIAN_POINT('',(-2.60208521396521E-16,0.,5.3776427755281E-15));
#6615=CARTESIAN_POINT('',(-1.81780309216262,0.,0.947850353198609));
#6616=CARTESIAN_POINT('',(-1.81780309216262,-2.09614778008388E-15,0.947850353198611));
#6617=CARTESIAN_POINT('',(-1.85402728141758,0.00451131763082754,0.917408634915368));
#6618=CARTESIAN_POINT('',(-1.89745051341099,0.0122276003086824,0.89783410342412));
#6619=CARTESIAN_POINT('',(-1.94339871435231,0.0219124839878037,0.89055662333411));
#6620=CARTESIAN_POINT('',(-1.94339871435231,0.021912483987805,0.890556623334109));
#6621=CARTESIAN_POINT('',(-1.94339871435231,0.0219124839878038,0.890556623334111));
#6622=CARTESIAN_POINT('',(-1.99831855437442,0.0334486958837501,0.881476998217207));
#6623=CARTESIAN_POINT('',(-2.05331041429654,0.0458848280820037,0.879352176710183));
#6624=CARTESIAN_POINT('',(-2.10840918036469,0.0590416039604331,0.884044010203855));
#6625=CARTESIAN_POINT('',(-2.10840918036469,0.0590416039604349,0.884044010203852));
#6626=CARTESIAN_POINT('',(-2.10840918036469,0.0590416039604327,0.884044010203852));
#6627=CARTESIAN_POINT('',(-2.12719966414895,0.0635412603212592,0.885776125337626));
#6628=CARTESIAN_POINT('',(-2.14598896315846,0.0680459006184584,0.887508131258339));
#6629=CARTESIAN_POINT('',(-2.16477715803873,0.0725551856043413,0.889240035399928));
#6630=CARTESIAN_POINT('',(-2.16477715803872,0.0725551856043436,0.889240035399929));
#6631=CARTESIAN_POINT('',(-2.16477715803873,0.0725551856043412,0.889240035399929));
#6632=CARTESIAN_POINT('',(-2.23741190327064,0.0899879814750959,0.895935538448098));
#6633=CARTESIAN_POINT('',(-2.31060163290473,0.10581458719305,0.883836313029144));
#6634=CARTESIAN_POINT('',(-2.37784565307863,0.119062499999998,0.853342704867772));
#6635=CARTESIAN_POINT('',(-2.60208521396521E-16,0.42926,5.3776427755281E-15));
#6636=CARTESIAN_POINT('',(-2.37784565307863,7.15942258616576,0.853342704867773));
#6637=CARTESIAN_POINT('',(-2.37784565307863,0.3101975,0.853342704867773));
#6638=CARTESIAN_POINT('',(-2.60208521396521E-16,0.3101975,5.3776427755281E-15));
#6639=CARTESIAN_POINT('',(-2.42529980041385,0.3101975,0.707293856843473));
#6640=CARTESIAN_POINT('',(-2.42529980041385,7.15942258616576,0.707293856843473));
#6641=CARTESIAN_POINT('',(-2.56943589298236,7.15942258616576,-0.0455463986263189));
#6642=CARTESIAN_POINT('',(-2.22536688958651,7.15942258616576,0.524085193986133));
#6643=CARTESIAN_POINT('',(-2.22536688958651,0.370218396039565,0.524085193986133));
#6644=CARTESIAN_POINT('',(-2.22536688958651,0.370218396039566,0.524085193986134));
#6645=CARTESIAN_POINT('',(-2.17803326093449,0.383375171917996,0.495494724902918));
#6646=CARTESIAN_POINT('',(-2.13479285045079,0.39581130411625,0.461452303935366));
#6647=CARTESIAN_POINT('',(-2.09569863628461,0.407347516012196,0.42182566088998));
#6648=CARTESIAN_POINT('',(-2.09569863628461,0.407347516012195,0.421825660889979));
#6649=CARTESIAN_POINT('',(-2.09569863628461,7.15942258616576,0.421825660889979));
#6650=CARTESIAN_POINT('',(-2.27808763810353,7.15942258616576,0.239436659071064));
#6651=CARTESIAN_POINT('',(-2.27808763810353,0.,0.239436659071064));
#6652=CARTESIAN_POINT('',(-2.02776605297725,0.429260000000001,0.301650805282881));
#6653=CARTESIAN_POINT('',(-2.03917884463063,0.424748682369171,0.347570716932313));
#6654=CARTESIAN_POINT('',(-2.06280335633289,0.417032399691317,0.388930380938255));
#6655=CARTESIAN_POINT('',(-2.09569863628462,0.407347516012196,0.421825660889978));
#6656=CARTESIAN_POINT('',(-2.02776605297724,0.42926,0.301650805282882));
#6657=CARTESIAN_POINT('',(-2.27808763810353,0.42926,0.239436659071064));
#6658=CARTESIAN_POINT('',(-2.13760507932885,7.15942258616576,0.0231124887869254));
#6659=CARTESIAN_POINT('',(-2.50381792521096,7.15942258616576,0.578766861496205));
#6660=CARTESIAN_POINT('',(-2.2857007226157,7.15942258616576,-0.049952882373855));
#6661=CARTESIAN_POINT('',(-2.31250478451881,7.15942258616576,-0.0590429407740734));
#6662=CARTESIAN_POINT('',(-2.33930884642191,7.15942258616576,-0.0681329991742917));
#6663=CARTESIAN_POINT('',(-2.20374699502757,7.15942258616576,-0.467867312914854));
#6664=CARTESIAN_POINT('',(-2.05831475170406,7.15942258616576,0.915828053460179));
#6665=CARTESIAN_POINT('',(-2.42529980041385,0.310197500000002,0.707293856843473));
#6666=CARTESIAN_POINT('',(-2.38881583006731,0.323447631244118,0.643088216464212));
#6667=CARTESIAN_POINT('',(-2.336731347556,0.339269405510237,0.590296231032702));
#6668=CARTESIAN_POINT('',(-2.27402368844415,0.356704814395658,0.553013787277656));
#6669=CARTESIAN_POINT('',(-2.27402368844414,0.356704814395656,0.553013787277657));
#6670=CARTESIAN_POINT('',(-2.27402368844414,7.15942258616576,0.553013787277657));
#6671=CARTESIAN_POINT('',(-2.24969528901533,7.15942258616576,0.538549490631895));
#6672=CARTESIAN_POINT('',(-2.27402368844414,0.356704814395658,0.553013787277658));
#6673=CARTESIAN_POINT('',(-2.25780573177957,0.361214099381541,0.543371503293012));
#6674=CARTESIAN_POINT('',(-2.24158682203141,0.36571873967874,0.533728652658524));
#6675=CARTESIAN_POINT('',(-2.22536688958651,0.370218396039567,0.524085193986135));
#6676=CARTESIAN_POINT('',(-2.60208521396521E-16,0.42926,5.3776427755281E-15));
#6677=CARTESIAN_POINT('',(-2.37784565307863,0.310197500000002,0.853342704867772));
#6678=CARTESIAN_POINT('',(-2.31059037251709,0.323447631244118,0.88384141935455));
#6679=CARTESIAN_POINT('',(-2.23742279054633,0.339269405510237,0.895936542042002));
#6680=CARTESIAN_POINT('',(-2.16477715803873,0.356704814395659,0.889240035399929));
#6681=CARTESIAN_POINT('',(-2.16477715803872,0.356704814395656,0.889240035399929));
#6682=CARTESIAN_POINT('',(-2.16477715803873,0.356704814395659,0.889240035399928));
#6683=CARTESIAN_POINT('',(-2.14598896315846,0.361214099381542,0.887508131258339));
#6684=CARTESIAN_POINT('',(-2.12719966414895,0.365718739678741,0.885776125337626));
#6685=CARTESIAN_POINT('',(-2.10840918036469,0.370218396039567,0.884044010203852));
#6686=CARTESIAN_POINT('',(-2.10840918036469,0.370218396039565,0.884044010203852));
#6687=CARTESIAN_POINT('',(-2.10840918036469,0.370218396039567,0.884044010203855));
#6688=CARTESIAN_POINT('',(-2.05331041429654,0.383375171917996,0.879352176710183));
#6689=CARTESIAN_POINT('',(-1.99831855437442,0.39581130411625,0.881476998217207));
#6690=CARTESIAN_POINT('',(-1.94339871435231,0.407347516012196,0.890556623334111));
#6691=CARTESIAN_POINT('',(-1.94339871435231,0.407347516012195,0.890556623334109));
#6692=CARTESIAN_POINT('',(-1.94339871435231,0.407347516012196,0.89055662333411));
#6693=CARTESIAN_POINT('',(-1.8974615795896,0.417030067181002,0.897832350713613));
#6694=CARTESIAN_POINT('',(-1.85402070161268,0.424749501810282,0.917414164385349));
#6695=CARTESIAN_POINT('',(-1.81780309216262,0.429260000000002,0.94785035319861));
#6696=CARTESIAN_POINT('',(-1.81780309216262,0.42926,0.947850353198609));
#6697=CARTESIAN_POINT('',(-2.60208521396521E-16,0.42926,5.3776427755281E-15));
#6698=CARTESIAN_POINT('',(-2.60208521396521E-16,0.1190625,5.3776427755281E-15));
#6699=CARTESIAN_POINT('',(-2.60208521396521E-16,0.1190625,5.3776427755281E-15));
#6700=CARTESIAN_POINT('',(-1.92793928708893,0.1190625,1.63260338941061));
#6701=CARTESIAN_POINT('',(-1.82518434817405,0.1190625,1.74672431052999));
#6702=CARTESIAN_POINT('',(-1.85249303973788,0.0725551856043414,1.43013199469385));
#6703=CARTESIAN_POINT('',(-1.89460888808467,0.0899879814750961,1.48968777773802));
#6704=CARTESIAN_POINT('',(-1.92072551632278,0.10581458719305,1.55912155560673));
#6705=CARTESIAN_POINT('',(-1.92793928708893,0.119062499999998,1.63260338941061));
#6706=CARTESIAN_POINT('',(-1.85249303973787,0.0725551856043435,1.43013199469385));
#6707=CARTESIAN_POINT('',(-1.81980916108235,0.0590416039604327,1.38391390666623));
#6708=CARTESIAN_POINT('',(-1.83070445868261,0.0635412603212592,1.3993208854059));
#6709=CARTESIAN_POINT('',(-1.8415990693142,0.0680459006184583,1.41472689270708));
#6710=CARTESIAN_POINT('',(-1.85249303973787,0.0725551856043412,1.43013199469386));
#6711=CARTESIAN_POINT('',(-1.81980916108235,0.0590416039604349,1.38391390666622));
#6712=CARTESIAN_POINT('',(-1.74294401649198,0.0219124839878025,1.23775434464406));
#6713=CARTESIAN_POINT('',(-1.76254075049496,0.0334486958837491,1.28985613383344));
#6714=CARTESIAN_POINT('',(-1.78819653105243,0.0458848280820031,1.33854289228086));
#6715=CARTESIAN_POINT('',(-1.81980916108235,0.0590416039604328,1.38391390666622));
#6716=CARTESIAN_POINT('',(-1.74294401649198,0.021912483987805,1.23775434464406));
#6717=CARTESIAN_POINT('',(-1.74294401649198,0.0219124839878027,1.23775434464406));
#6718=CARTESIAN_POINT('',(-1.72627641385229,0.0122299328189971,1.19433375527274));
#6719=CARTESIAN_POINT('',(-1.72151432295573,0.00451049818971738,1.14692194454616));
#6720=CARTESIAN_POINT('',(-1.72976403093736,-2.30324258708443E-15,1.10033848029143));
#6721=CARTESIAN_POINT('',(-1.72976403093736,0.,1.10033848029143));
#6722=CARTESIAN_POINT('',(-2.60208521396521E-16,0.,5.3776427755281E-15));
#6723=CARTESIAN_POINT('',(-1.27512028693562,0.,1.60527151216856));
#6724=CARTESIAN_POINT('',(-1.27512028693562,-2.41921683702675E-15,1.60527151216856));
#6725=CARTESIAN_POINT('',(-1.32059449279026,0.00451131763082714,1.59219532384377));
#6726=CARTESIAN_POINT('',(-1.36822526836253,0.0122276003086818,1.59197491912696));
#6727=CARTESIAN_POINT('',(-1.41316105644119,0.0219124839878027,1.60401542725389));
#6728=CARTESIAN_POINT('',(-1.41316105644119,0.021912483987805,1.60401542725389));
#6729=CARTESIAN_POINT('',(-1.41316105644119,0.0219124839878028,1.60401542725389));
#6730=CARTESIAN_POINT('',(-1.46702584306828,0.0334486958837493,1.6180586883401));
#6731=CARTESIAN_POINT('',(-1.51812764967435,0.0458848280820032,1.63848477180527));
#6732=CARTESIAN_POINT('',(-1.56655453653254,0.0590416039604328,1.66518166212961));
#6733=CARTESIAN_POINT('',(-1.56655453653254,0.0590416039604349,1.66518166212961));
#6734=CARTESIAN_POINT('',(-1.56655453653254,0.0590416039604323,1.66518166212961));
#6735=CARTESIAN_POINT('',(-1.58301598294562,0.063541260321259,1.67440680633836));
#6736=CARTESIAN_POINT('',(-1.59947639143407,0.0680459006184582,1.68363136888471));
#6737=CARTESIAN_POINT('',(-1.61593583264757,0.0725551856043412,1.69285538936139));
#6738=CARTESIAN_POINT('',(-1.61593583264757,0.0725551856043436,1.69285538936139));
#6739=CARTESIAN_POINT('',(-1.61593583264757,0.0725551856043413,1.69285538936139));
#6740=CARTESIAN_POINT('',(-1.6795676677877,0.0899879814750957,1.72851524820397));
#6741=CARTESIAN_POINT('',(-1.75135101117173,0.105814587193049,1.74723100072049));
#6742=CARTESIAN_POINT('',(-1.82518434817405,0.119062499999997,1.74672431052999));
#6743=CARTESIAN_POINT('',(-2.60208521396521E-16,0.42926,5.3776427755281E-15));
#6744=CARTESIAN_POINT('',(-1.82518434817405,7.15942258616575,1.74672431052999));
#6745=CARTESIAN_POINT('',(-1.82518434817405,0.3101975,1.74672431052999));
#6746=CARTESIAN_POINT('',(-2.60208521396521E-16,0.3101975,5.3776427755281E-15));
#6747=CARTESIAN_POINT('',(-1.92793928708893,0.3101975,1.63260338941061));
#6748=CARTESIAN_POINT('',(-1.92793928708893,7.15942258616576,1.63260338941061));
#6749=CARTESIAN_POINT('',(-2.36582187801935,7.15942258616576,1.00347502413306));
#6750=CARTESIAN_POINT('',(-1.81980916108235,7.15942258616576,1.38391390666622));
#6751=CARTESIAN_POINT('',(-1.81980916108235,0.370218396039565,1.38391390666622));
#6752=CARTESIAN_POINT('',(-1.81980916108235,0.370218396039567,1.38391390666622));
#6753=CARTESIAN_POINT('',(-1.78819653105243,0.383375171917997,1.33854289228086));
#6754=CARTESIAN_POINT('',(-1.76254075049496,0.395811304116251,1.28985613383344));
#6755=CARTESIAN_POINT('',(-1.74294401649198,0.407347516012197,1.23775434464406));
#6756=CARTESIAN_POINT('',(-1.74294401649198,0.407347516012195,1.23775434464406));
#6757=CARTESIAN_POINT('',(-1.74294401649198,7.15942258616576,1.23775434464406));
#6758=CARTESIAN_POINT('',(-1.98374895096139,7.15942258616576,1.1453179908422));
#6759=CARTESIAN_POINT('',(-1.98374895096139,0.,1.1453179908422));
#6760=CARTESIAN_POINT('',(-1.72976403093736,0.429260000000002,1.10033848029144));
#6761=CARTESIAN_POINT('',(-1.7215128241967,0.424748682369172,1.14693040755935));
#6762=CARTESIAN_POINT('',(-1.72627239865481,0.417032399691318,1.19432329532568));
#6763=CARTESIAN_POINT('',(-1.74294401649198,0.407347516012197,1.23775434464406));
#6764=CARTESIAN_POINT('',(-1.72976403093735,0.42926,1.10033848029144));
#6765=CARTESIAN_POINT('',(-1.98374895096139,0.42926,1.1453179908422));
#6766=CARTESIAN_POINT('',(-1.94339871435231,7.15942258616576,0.890556623334109));
#6767=CARTESIAN_POINT('',(-2.05194580197211,7.15942258616576,1.54712433512725));
#6768=CARTESIAN_POINT('',(-2.10840918036469,7.15942258616576,0.884044010203852));
#6769=CARTESIAN_POINT('',(-2.13659316920171,7.15942258616576,0.88664202280189));
#6770=CARTESIAN_POINT('',(-2.16477715803872,7.15942258616576,0.889240035399929));
#6771=CARTESIAN_POINT('',(-2.20352183736085,7.15942258616576,0.468926596453083));
#6772=CARTESIAN_POINT('',(-1.50786326371897,7.15942258616576,1.67384259072172));
#6773=CARTESIAN_POINT('',(-1.92793928708893,0.310197500000002,1.63260338941061));
#6774=CARTESIAN_POINT('',(-1.92072430833648,0.323447631244118,1.55910925066227));
#6775=CARTESIAN_POINT('',(-1.89461520086032,0.339269405510237,1.48969670459839));
#6776=CARTESIAN_POINT('',(-1.85249303973788,0.356704814395658,1.43013199469385));
#6777=CARTESIAN_POINT('',(-1.85249303973787,0.356704814395656,1.43013199469385));
#6778=CARTESIAN_POINT('',(-1.85249303973787,7.15942258616576,1.43013199469385));
#6779=CARTESIAN_POINT('',(-1.83615110041011,7.15942258616576,1.40702295068004));
#6780=CARTESIAN_POINT('',(-1.85249303973787,0.356704814395659,1.43013199469386));
#6781=CARTESIAN_POINT('',(-1.8415990693142,0.361214099381542,1.41472689270708));
#6782=CARTESIAN_POINT('',(-1.83070445868261,0.365718739678741,1.3993208854059));
#6783=CARTESIAN_POINT('',(-1.81980916108235,0.370218396039567,1.38391390666623));
#6784=CARTESIAN_POINT('',(-2.60208521396521E-16,0.42926,5.3776427755281E-15));
#6785=CARTESIAN_POINT('',(-1.82518434817405,0.310197500000002,1.74672431052999));
#6786=CARTESIAN_POINT('',(-1.75133864736609,0.323447631244119,1.7472310855686));
#6787=CARTESIAN_POINT('',(-1.67957720561053,0.339269405510237,1.72852059328659));
#6788=CARTESIAN_POINT('',(-1.61593583264757,0.356704814395659,1.69285538936139));
#6789=CARTESIAN_POINT('',(-1.61593583264757,0.356704814395656,1.69285538936139));
#6790=CARTESIAN_POINT('',(-1.61593583264757,0.356704814395659,1.69285538936139));
#6791=CARTESIAN_POINT('',(-1.59947639143407,0.361214099381542,1.68363136888471));
#6792=CARTESIAN_POINT('',(-1.58301598294562,0.365718739678741,1.67440680633836));
#6793=CARTESIAN_POINT('',(-1.56655453653254,0.370218396039568,1.66518166212961));
#6794=CARTESIAN_POINT('',(-1.56655453653254,0.370218396039565,1.66518166212961));
#6795=CARTESIAN_POINT('',(-1.56655453653254,0.370218396039567,1.66518166212961));
#6796=CARTESIAN_POINT('',(-1.51812764967435,0.383375171917997,1.63848477180527));
#6797=CARTESIAN_POINT('',(-1.46702584306828,0.395811304116251,1.6180586883401));
#6798=CARTESIAN_POINT('',(-1.41316105644119,0.407347516012197,1.60401542725389));
#6799=CARTESIAN_POINT('',(-1.41316105644119,0.407347516012195,1.60401542725389));
#6800=CARTESIAN_POINT('',(-1.41316105644119,0.407347516012197,1.60401542725389));
#6801=CARTESIAN_POINT('',(-1.36823609071133,0.417030067181003,1.59197781896658));
#6802=CARTESIAN_POINT('',(-1.32058623280133,0.424749501810283,1.5921976990182));
#6803=CARTESIAN_POINT('',(-1.27512028693562,0.429260000000002,1.60527151216856));
#6804=CARTESIAN_POINT('',(-1.27512028693562,0.42926,1.60527151216856));
#6805=CARTESIAN_POINT('',(-2.60208521396521E-16,0.42926,5.3776427755281E-15));
#6806=CARTESIAN_POINT('',(-2.60208521396521E-16,0.1190625,5.3776427755281E-15));
#6807=CARTESIAN_POINT('',(-2.60208521396521E-16,0.1190625,5.3776427755281E-15));
#6808=CARTESIAN_POINT('',(-1.09722055624776,0.1190625,2.27562096421248));
#6809=CARTESIAN_POINT('',(-0.95693208819091,0.1190625,2.33808141440938));
#6810=CARTESIAN_POINT('',(-1.11064951508999,0.0725551856043408,2.05996738788619));
#6811=CARTESIAN_POINT('',(-1.12490073777083,0.0899879814750955,2.1315043617394));
#6812=CARTESIAN_POINT('',(-1.12051820314031,0.10581458719305,2.20555786381636));
#6813=CARTESIAN_POINT('',(-1.09722055624776,0.119062499999998,2.27562096421248));
#6814=CARTESIAN_POINT('',(-1.11064951508999,0.0725551856043435,2.05996738788619));
#6815=CARTESIAN_POINT('',(-1.09958989617984,0.0590416039604327,2.00445133242058));
#6816=CARTESIAN_POINT('',(-1.1032766629997,0.0635412603212591,2.02295782463545));
#6817=CARTESIAN_POINT('',(-1.10696319736209,0.0680459006184581,2.04146314998176));
#6818=CARTESIAN_POINT('',(-1.11064951508999,0.0725551856043409,2.05996738788619));
#6819=CARTESIAN_POINT('',(-1.09958989617984,0.0590416039604349,2.00445133242058));
#6820=CARTESIAN_POINT('',(-1.08881854209859,0.0219124839878029,1.83966405756398));
#6821=CARTESIAN_POINT('',(-1.08552934259851,0.0334486958837493,1.89523212021661));
#6822=CARTESIAN_POINT('',(-1.08916437569591,0.0458848280820032,1.95014483330303));
#6823=CARTESIAN_POINT('',(-1.09958989617984,0.0590416039604328,2.00445133242058));
#6824=CARTESIAN_POINT('',(-1.08881854209859,0.021912483987805,1.83966405756398));
#6825=CARTESIAN_POINT('',(-1.08881854209859,0.0219124839878032,1.83966405756398));
#6826=CARTESIAN_POINT('',(-1.09125267417857,0.0122299328189974,1.79321805062985));
#6827=CARTESIAN_POINT('',(-1.10618640840821,0.00451049818971739,1.74796828943668));
#6828=CARTESIAN_POINT('',(-1.13267009353552,-2.46905939091015E-15,1.70876763579633));
#6829=CARTESIAN_POINT('',(-1.13267009353551,0.,1.70876763579633));
#6830=CARTESIAN_POINT('',(-2.60208521396521E-16,0.,5.3776427755281E-15));
#6831=CARTESIAN_POINT('',(-0.511957599993317,0.,1.9851266432507));
#6832=CARTESIAN_POINT('',(-0.511957599993316,-2.64528612770827E-15,1.9851266432507));
#6833=CARTESIAN_POINT('',(-0.558818919135177,0.00451131763082692,1.99167697663917));
#6834=CARTESIAN_POINT('',(-0.60242144447785,0.0122276003086816,2.01084880867464));
#6835=CARTESIAN_POINT('',(-0.638575013706222,0.0219124839878026,2.04012539177879));
#6836=CARTESIAN_POINT('',(-0.638575013706221,0.021912483987805,2.04012539177879));
#6837=CARTESIAN_POINT('',(-0.638575013706222,0.021912483987803,2.04012539177879));
#6838=CARTESIAN_POINT('',(-0.682071035984248,0.0334486958837494,2.07486333164728));
#6839=CARTESIAN_POINT('',(-0.720446822666746,0.0458848280820032,2.11430846468838));
#6840=CARTESIAN_POINT('',(-0.753828381632731,0.0590416039604327,2.15839427697268));
#6841=CARTESIAN_POINT('',(-0.753828381632732,0.0590416039604349,2.15839427697267));
#6842=CARTESIAN_POINT('',(-0.753828381632733,0.0590416039604325,2.15839427697267));
#6843=CARTESIAN_POINT('',(-0.765114457042273,0.063541260321259,2.17351733901491));
#6844=CARTESIAN_POINT('',(-0.776399820843889,0.068045900618458,2.18863944752011));
#6845=CARTESIAN_POINT('',(-0.787684521475468,0.0725551856043409,2.20376066739387));
#6846=CARTESIAN_POINT('',(-0.787684521475468,0.0725551856043436,2.20376066739387));
#6847=CARTESIAN_POINT('',(-0.787684521475468,0.0725551856043408,2.20376066739387));
#6848=CARTESIAN_POINT('',(-0.831310924151007,0.0899879814750952,2.26221896847733));
#6849=CARTESIAN_POINT('',(-0.889275889082685,0.105814587193049,2.30851357529194));
#6850=CARTESIAN_POINT('',(-0.956932088190912,0.119062499999997,2.33808141440938));
#6851=CARTESIAN_POINT('',(-2.60208521396521E-16,0.42926,5.3776427755281E-15));
#6852=CARTESIAN_POINT('',(-0.95693208819091,7.15942258616576,2.33808141440938));
#6853=CARTESIAN_POINT('',(-0.95693208819091,0.3101975,2.33808141440938));
#6854=CARTESIAN_POINT('',(-2.60208521396521E-16,0.3101975,5.3776427755281E-15));
#6855=CARTESIAN_POINT('',(-1.09722055624776,0.3101975,2.27562096421248));
#6856=CARTESIAN_POINT('',(-1.09722055624776,7.15942258616575,2.27562096421248));
#6857=CARTESIAN_POINT('',(-1.75313576752978,7.15942258616575,1.87898649893544));
#6858=CARTESIAN_POINT('',(-1.09958989617984,7.15942258616575,2.00445133242058));
#6859=CARTESIAN_POINT('',(-1.09958989617984,0.370218396039565,2.00445133242058));
#6860=CARTESIAN_POINT('',(-1.09958989617984,0.370218396039567,2.00445133242058));
#6861=CARTESIAN_POINT('',(-1.08916437569591,0.383375171917997,1.95014483330303));
#6862=CARTESIAN_POINT('',(-1.08552934259851,0.395811304116251,1.89523212021661));
#6863=CARTESIAN_POINT('',(-1.08881854209859,0.407347516012197,1.83966405756398));
#6864=CARTESIAN_POINT('',(-1.08881854209859,0.407347516012195,1.83966405756398));
#6865=CARTESIAN_POINT('',(-1.08881854209859,7.15942258616575,1.83966405756398));
#6866=CARTESIAN_POINT('',(-1.34640204840458,7.15942258616575,1.85316343710942));
#6867=CARTESIAN_POINT('',(-1.34640204840458,0.,1.85316343710942));
#6868=CARTESIAN_POINT('',(-1.13267009353551,0.429260000000002,1.70876763579633));
#6869=CARTESIAN_POINT('',(-1.10618159700613,0.424748682369172,1.74797541118373));
#6870=CARTESIAN_POINT('',(-1.0912532605569,0.417032399691318,1.79320686186479));
#6871=CARTESIAN_POINT('',(-1.08881854209859,0.407347516012197,1.83966405756398));
#6872=CARTESIAN_POINT('',(-1.13267009353551,0.42926,1.70876763579633));
#6873=CARTESIAN_POINT('',(-1.34640204840458,0.42926,1.85316343710942));
#6874=CARTESIAN_POINT('',(-1.41316105644119,7.15942258616575,1.60401542725389));
#6875=CARTESIAN_POINT('',(-1.24527360822989,7.15942258616575,2.24796995603144));
#6876=CARTESIAN_POINT('',(-1.56655453653254,7.15942258616575,1.66518166212961));
#6877=CARTESIAN_POINT('',(-1.59124518459006,7.15942258616575,1.6790185257455));
#6878=CARTESIAN_POINT('',(-1.61593583264757,7.15942258616575,1.69285538936139));
#6879=CARTESIAN_POINT('',(-1.822287735647,7.15942258616575,1.32463883722989));
#6880=CARTESIAN_POINT('',(-0.696688518929158,7.15942258616575,2.14243453766493));
#6881=CARTESIAN_POINT('',(-1.09722055624776,0.310197500000002,2.27562096421248));
#6882=CARTESIAN_POINT('',(-1.12052210446172,0.323447631244119,2.20554613135795));
#6883=CARTESIAN_POINT('',(-1.12490287389714,0.339269405510237,2.13151508446932));
#6884=CARTESIAN_POINT('',(-1.11064951508999,0.356704814395659,2.05996738788619));
#6885=CARTESIAN_POINT('',(-1.11064951508999,0.356704814395656,2.05996738788619));
#6886=CARTESIAN_POINT('',(-1.11064951508999,7.15942258616575,2.05996738788619));
#6887=CARTESIAN_POINT('',(-1.10511970563491,7.15942258616575,2.03220936015338));
#6888=CARTESIAN_POINT('',(-1.11064951508999,0.356704814395659,2.05996738788619));
#6889=CARTESIAN_POINT('',(-1.10696319736209,0.361214099381542,2.04146314998176));
#6890=CARTESIAN_POINT('',(-1.1032766629997,0.365718739678741,2.02295782463545));
#6891=CARTESIAN_POINT('',(-1.09958989617984,0.370218396039567,2.00445133242058));
#6892=CARTESIAN_POINT('',(-2.60208521396521E-16,0.42926,5.3776427755281E-15));
#6893=CARTESIAN_POINT('',(-0.956932088190912,0.310197500000003,2.33808141440938));
#6894=CARTESIAN_POINT('',(-0.88926455967337,0.323447631244119,2.30850862399174));
#6895=CARTESIAN_POINT('',(-0.831317463344772,0.339269405510238,2.26222773083532));
#6896=CARTESIAN_POINT('',(-0.787684521475469,0.356704814395659,2.20376066739387));
#6897=CARTESIAN_POINT('',(-0.787684521475468,0.356704814395656,2.20376066739387));
#6898=CARTESIAN_POINT('',(-0.787684521475468,0.356704814395659,2.20376066739387));
#6899=CARTESIAN_POINT('',(-0.776399820843889,0.361214099381542,2.18863944752011));
#6900=CARTESIAN_POINT('',(-0.765114457042273,0.365718739678741,2.17351733901491));
#6901=CARTESIAN_POINT('',(-0.753828381632733,0.370218396039567,2.15839427697267));
#6902=CARTESIAN_POINT('',(-0.753828381632732,0.370218396039565,2.15839427697267));
#6903=CARTESIAN_POINT('',(-0.753828381632731,0.370218396039567,2.15839427697268));
#6904=CARTESIAN_POINT('',(-0.720446822666746,0.383375171917997,2.11430846468838));
#6905=CARTESIAN_POINT('',(-0.682071035984248,0.395811304116251,2.07486333164728));
#6906=CARTESIAN_POINT('',(-0.638575013706222,0.407347516012197,2.04012539177879));
#6907=CARTESIAN_POINT('',(-0.638575013706221,0.407347516012195,2.04012539177879));
#6908=CARTESIAN_POINT('',(-0.638575013706222,0.407347516012197,2.04012539177879));
#6909=CARTESIAN_POINT('',(-0.602430151714401,0.417030067181003,2.01085585965577));
#6910=CARTESIAN_POINT('',(-0.558810407189332,0.424749501810283,1.99167578682881));
#6911=CARTESIAN_POINT('',(-0.511957599993316,0.429260000000003,1.9851266432507));
#6912=CARTESIAN_POINT('',(-0.511957599993316,0.42926,1.9851266432507));
#6913=CARTESIAN_POINT('',(-2.60208521396521E-16,0.42926,5.3776427755281E-15));
#6914=CARTESIAN_POINT('',(-2.60208521396521E-16,0.1190625,5.3776427755281E-15));
#6915=CARTESIAN_POINT('',(-2.60208521396521E-16,0.1190625,5.3776427755281E-15));
#6916=CARTESIAN_POINT('',(-0.076782423295532,0.1190625,2.52516300093456));
#6917=CARTESIAN_POINT('',(0.0767824232955355,0.1190625,2.52516300093456));
#6918=CARTESIAN_POINT('',(-0.176764599348966,0.0725551856043404,2.33361570549679));
#6919=CARTESIAN_POINT('',(-0.160687030494044,0.089987981475095,2.40476447748682));
#6920=CARTESIAN_POINT('',(-0.126563113046584,0.105814587193049,2.47063318050797));
#6921=CARTESIAN_POINT('',(-0.0767824232955326,0.119062499999997,2.52516300093456));
#6922=CARTESIAN_POINT('',(-0.176764599348965,0.0725551856043435,2.33361570549679));
#6923=CARTESIAN_POINT('',(-0.189241548767228,0.0590416039604328,2.27840091293074));
#6924=CARTESIAN_POINT('',(-0.185082309330316,0.063541260321259,2.29680697799064));
#6925=CARTESIAN_POINT('',(-0.180923332141141,0.0680459006184578,2.31521188251411));
#6926=CARTESIAN_POINT('',(-0.176764599348966,0.0725551856043404,2.33361570549679));
#6927=CARTESIAN_POINT('',(-0.189241548767228,0.0590416039604349,2.27840091293073));
#6928=CARTESIAN_POINT('',(-0.246426450170424,0.0219124839878024,2.1234791421078));
#6929=CARTESIAN_POINT('',(-0.22082004964229,0.033448695883749,2.17290525537103));
#6930=CARTESIAN_POINT('',(-0.201805805033848,0.045884828082003,2.22454901613747));
#6931=CARTESIAN_POINT('',(-0.189241548767227,0.0590416039604328,2.27840091293073));
#6932=CARTESIAN_POINT('',(-0.246426450170424,0.021912483987805,2.12347914210779));
#6933=CARTESIAN_POINT('',(-0.246426450170425,0.0219124839878025,2.1234791421078));
#6934=CARTESIAN_POINT('',(-0.267541433420058,0.0122299328189971,2.0820386541585));
#6935=CARTESIAN_POINT('',(-0.299588814458874,0.00451049818971739,2.04677503729022));
#6936=CARTESIAN_POINT('',(-0.339727206976618,-2.44616233000743E-15,2.02173534340541));
#6937=CARTESIAN_POINT('',(-0.339727206976619,0.,2.02173534340541));
#6938=CARTESIAN_POINT('',(-2.60208521396521E-16,0.,5.3776427755281E-15));
#6939=CARTESIAN_POINT('',(0.339727206976621,0.,2.02173534340541));
#6940=CARTESIAN_POINT('',(0.339727206976619,-2.46386056188612E-15,2.02173534340541));
#6941=CARTESIAN_POINT('',(0.299581522348884,0.0045113176308271,2.04677958635635));
#6942=CARTESIAN_POINT('',(0.267546519984061,0.0122276003086818,2.08202867121455));
#6943=CARTESIAN_POINT('',(0.246426450170425,0.0219124839878025,2.1234791421078));
#6944=CARTESIAN_POINT('',(0.246426450170426,0.021912483987805,2.12347914210779));
#6945=CARTESIAN_POINT('',(0.246426450170426,0.0219124839878026,2.1234791421078));
#6946=CARTESIAN_POINT('',(0.220820049642292,0.0334486958837492,2.17290525537103));
#6947=CARTESIAN_POINT('',(0.20180580503385,0.0458848280820032,2.22454901613747));
#6948=CARTESIAN_POINT('',(0.189241548767229,0.0590416039604329,2.27840091293074));
#6949=CARTESIAN_POINT('',(0.189241548767229,0.0590416039604349,2.27840091293073));
#6950=CARTESIAN_POINT('',(0.189241548767229,0.0590416039604328,2.27840091293074));
#6951=CARTESIAN_POINT('',(0.185082309330317,0.063541260321259,2.29680697799064));
#6952=CARTESIAN_POINT('',(0.180923332141142,0.0680459006184579,2.31521188251411));
#6953=CARTESIAN_POINT('',(0.176764599348968,0.0725551856043404,2.33361570549679));
#6954=CARTESIAN_POINT('',(0.176764599348967,0.0725551856043436,2.33361570549679));
#6955=CARTESIAN_POINT('',(0.176764599348968,0.0725551856043405,2.33361570549679));
#6956=CARTESIAN_POINT('',(0.160687030494047,0.089987981475095,2.40476447748682));
#6957=CARTESIAN_POINT('',(0.126563113046586,0.105814587193049,2.47063318050797));
#6958=CARTESIAN_POINT('',(0.0767824232955353,0.119062499999997,2.52516300093456));
#6959=CARTESIAN_POINT('',(-2.60208521396521E-16,0.42926,5.3776427755281E-15));
#6960=CARTESIAN_POINT('',(0.0767824232955355,7.15942258616576,2.52516300093456));
#6961=CARTESIAN_POINT('',(0.0767824232955355,0.3101975,2.52516300093456));
#6962=CARTESIAN_POINT('',(-2.60208521396521E-16,0.3101975,5.3776427755281E-15));
#6963=CARTESIAN_POINT('',(-0.076782423295532,0.3101975,2.52516300093456));
#6964=CARTESIAN_POINT('',(-0.076782423295532,7.15942258616576,2.52516300093456));
#6965=CARTESIAN_POINT('',(-0.837316556095856,7.15942258616576,2.42960413801542));
#6966=CARTESIAN_POINT('',(-0.189241548767228,7.15942258616576,2.27840091293073));
#6967=CARTESIAN_POINT('',(-0.189241548767228,0.370218396039565,2.27840091293073));
#6968=CARTESIAN_POINT('',(-0.189241548767227,0.370218396039567,2.27840091293073));
#6969=CARTESIAN_POINT('',(-0.201805805033848,0.383375171917997,2.22454901613747));
#6970=CARTESIAN_POINT('',(-0.22082004964229,0.395811304116251,2.17290525537103));
#6971=CARTESIAN_POINT('',(-0.246426450170424,0.407347516012198,2.1234791421078));
#6972=CARTESIAN_POINT('',(-0.246426450170424,0.407347516012195,2.12347914210779));
#6973=CARTESIAN_POINT('',(-0.246426450170424,7.15942258616576,2.12347914210779));
#6974=CARTESIAN_POINT('',(-0.47625,7.15942258616576,2.24058008963911));
#6975=CARTESIAN_POINT('',(-0.47625,0.,2.24058008963911));
#6976=CARTESIAN_POINT('',(-0.339727206976615,0.429260000000002,2.02173534340541));
#6977=CARTESIAN_POINT('',(-0.299581522348882,0.424748682369172,2.04677958635635));
#6978=CARTESIAN_POINT('',(-0.26754651998406,0.417032399691318,2.08202867121455));
#6979=CARTESIAN_POINT('',(-0.246426450170425,0.407347516012197,2.1234791421078));
#6980=CARTESIAN_POINT('',(-0.339727206976614,0.42926,2.02173534340541));
#6981=CARTESIAN_POINT('',(-0.47625,0.42926,2.24058008963911));
#6982=CARTESIAN_POINT('',(-0.638575013706221,7.15942258616576,2.04012539177879));
#6983=CARTESIAN_POINT('',(-0.223282294669149,7.15942258616576,2.56012114937188));
#6984=CARTESIAN_POINT('',(-0.753828381632732,7.15942258616576,2.15839427697267));
#6985=CARTESIAN_POINT('',(-0.7707564515541,7.15942258616576,2.18107747218327));
#6986=CARTESIAN_POINT('',(-0.787684521475468,7.15942258616576,2.20376066739387));
#6987=CARTESIAN_POINT('',(-1.12596352947542,7.15942258616576,1.95130898908361));
#6988=CARTESIAN_POINT('',(0.234950000000003,7.15942258616576,2.24058008963911));
#6989=CARTESIAN_POINT('',(-0.0767824232955324,0.310197500000003,2.52516300093456));
#6990=CARTESIAN_POINT('',(-0.12657144910178,0.323447631244119,2.47062404918425));
#6991=CARTESIAN_POINT('',(-0.160684620615357,0.339269405510238,2.40477514202888));
#6992=CARTESIAN_POINT('',(-0.176764599348966,0.35670481439566,2.33361570549679));
#6993=CARTESIAN_POINT('',(-0.176764599348965,0.356704814395656,2.33361570549679));
#6994=CARTESIAN_POINT('',(-0.176764599348965,7.15942258616576,2.33361570549679));
#6995=CARTESIAN_POINT('',(-0.183003074058096,7.15942258616576,2.30600830921377));
#6996=CARTESIAN_POINT('',(-0.176764599348966,0.35670481439566,2.33361570549679));
#6997=CARTESIAN_POINT('',(-0.180923332141141,0.361214099381542,2.31521188251411));
#6998=CARTESIAN_POINT('',(-0.185082309330316,0.365718739678741,2.29680697799064));
#6999=CARTESIAN_POINT('',(-0.189241548767228,0.370218396039567,2.27840091293074));
#7000=CARTESIAN_POINT('',(-2.60208521396521E-16,0.42926,5.3776427755281E-15));
#7001=CARTESIAN_POINT('',(0.0767824232955353,0.310197500000003,2.52516300093456));
#7002=CARTESIAN_POINT('',(0.126571449101783,0.323447631244119,2.47062404918425));
#7003=CARTESIAN_POINT('',(0.160684620615359,0.339269405510238,2.40477514202888));
#7004=CARTESIAN_POINT('',(0.176764599348968,0.356704814395659,2.33361570549679));
#7005=CARTESIAN_POINT('',(0.176764599348967,0.356704814395656,2.33361570549679));
#7006=CARTESIAN_POINT('',(0.176764599348968,0.35670481439566,2.33361570549679));
#7007=CARTESIAN_POINT('',(0.180923332141142,0.361214099381542,2.31521188251411));
#7008=CARTESIAN_POINT('',(0.185082309330317,0.365718739678741,2.29680697799064));
#7009=CARTESIAN_POINT('',(0.189241548767229,0.370218396039567,2.27840091293074));
#7010=CARTESIAN_POINT('',(0.189241548767229,0.370218396039565,2.27840091293073));
#7011=CARTESIAN_POINT('',(0.189241548767229,0.370218396039567,2.27840091293074));
#7012=CARTESIAN_POINT('',(0.20180580503385,0.383375171917997,2.22454901613747));
#7013=CARTESIAN_POINT('',(0.220820049642292,0.395811304116251,2.17290525537103));
#7014=CARTESIAN_POINT('',(0.246426450170426,0.407347516012197,2.1234791421078));
#7015=CARTESIAN_POINT('',(0.246426450170426,0.407347516012195,2.12347914210779));
#7016=CARTESIAN_POINT('',(0.246426450170425,0.407347516012198,2.12347914210779));
#7017=CARTESIAN_POINT('',(0.267541433420058,0.417030067181003,2.0820386541585));
#7018=CARTESIAN_POINT('',(0.299588814458875,0.424749501810283,2.04677503729022));
#7019=CARTESIAN_POINT('',(0.339727206976619,0.429260000000002,2.02173534340541));
#7020=CARTESIAN_POINT('',(0.339727206976621,0.42926,2.02173534340541));
#7021=CARTESIAN_POINT('',(-2.60208521396521E-16,0.42926,5.3776427755281E-15));
#7022=CARTESIAN_POINT('',(-2.60208521396521E-16,0.1190625,5.3776427755281E-15));
#7023=CARTESIAN_POINT('',(-2.60208521396521E-16,0.1190625,5.3776427755281E-15));
#7024=CARTESIAN_POINT('',(0.956932088190913,0.1190625,2.33808141440938));
#7025=CARTESIAN_POINT('',(1.09722055624776,0.1190625,2.27562096421248));
#7026=CARTESIAN_POINT('',(0.787684521475469,0.0725551856043411,2.20376066739387));
#7027=CARTESIAN_POINT('',(0.831310924151008,0.0899879814750956,2.26221896847733));
#7028=CARTESIAN_POINT('',(0.889275889082686,0.10581458719305,2.30851357529194));
#7029=CARTESIAN_POINT('',(0.956932088190914,0.119062499999998,2.33808141440938));
#7030=CARTESIAN_POINT('',(0.787684521475469,0.0725551856043435,2.20376066739387));
#7031=CARTESIAN_POINT('',(0.753828381632734,0.0590416039604327,2.15839427697267));
#7032=CARTESIAN_POINT('',(0.765114457042274,0.0635412603212591,2.17351733901491));
#7033=CARTESIAN_POINT('',(0.77639982084389,0.0680459006184582,2.18863944752011));
#7034=CARTESIAN_POINT('',(0.787684521475469,0.0725551856043411,2.20376066739387));
#7035=CARTESIAN_POINT('',(0.753828381632733,0.0590416039604349,2.15839427697267));
#7036=CARTESIAN_POINT('',(0.638575013706221,0.0219124839878024,2.04012539177879));
#7037=CARTESIAN_POINT('',(0.682071035984248,0.033448695883749,2.07486333164728));
#7038=CARTESIAN_POINT('',(0.720446822666747,0.045884828082003,2.11430846468838));
#7039=CARTESIAN_POINT('',(0.753828381632733,0.0590416039604327,2.15839427697268));
#7040=CARTESIAN_POINT('',(0.638575013706223,0.021912483987805,2.04012539177879));
#7041=CARTESIAN_POINT('',(0.638575013706222,0.0219124839878026,2.04012539177879));
#7042=CARTESIAN_POINT('',(0.602430151714401,0.012229932818997,2.01085585965577));
#7043=CARTESIAN_POINT('',(0.558810407189333,0.00451049818971734,1.99167578682881));
#7044=CARTESIAN_POINT('',(0.511957599993318,-2.45903261772509E-15,1.9851266432507));
#7045=CARTESIAN_POINT('',(0.511957599993318,0.,1.9851266432507));
#7046=CARTESIAN_POINT('',(-2.60208521396521E-16,0.,5.3776427755281E-15));
#7047=CARTESIAN_POINT('',(1.13267009353551,0.,1.70876763579633));
#7048=CARTESIAN_POINT('',(1.13267009353552,-2.42714341087209E-15,1.70876763579633));
#7049=CARTESIAN_POINT('',(1.10618159700614,0.00451131763082716,1.74797541118372));
#7050=CARTESIAN_POINT('',(1.0912532605569,0.012227600308682,1.79320686186478));
#7051=CARTESIAN_POINT('',(1.08881854209859,0.0219124839878031,1.83966405756398));
#7052=CARTESIAN_POINT('',(1.08881854209859,0.021912483987805,1.83966405756398));
#7053=CARTESIAN_POINT('',(1.08881854209859,0.021912483987803,1.83966405756398));
#7054=CARTESIAN_POINT('',(1.08552934259851,0.0334486958837494,1.89523212021661));
#7055=CARTESIAN_POINT('',(1.08916437569591,0.0458848280820033,1.95014483330303));
#7056=CARTESIAN_POINT('',(1.09958989617984,0.0590416039604328,2.00445133242058));
#7057=CARTESIAN_POINT('',(1.09958989617984,0.0590416039604349,2.00445133242058));
#7058=CARTESIAN_POINT('',(1.09958989617984,0.0590416039604327,2.00445133242058));
#7059=CARTESIAN_POINT('',(1.1032766629997,0.0635412603212591,2.02295782463545));
#7060=CARTESIAN_POINT('',(1.10696319736209,0.0680459006184581,2.04146314998176));
#7061=CARTESIAN_POINT('',(1.11064951508999,0.0725551856043409,2.05996738788619));
#7062=CARTESIAN_POINT('',(1.11064951508999,0.0725551856043436,2.05996738788619));
#7063=CARTESIAN_POINT('',(1.11064951508999,0.072555185604341,2.05996738788619));
#7064=CARTESIAN_POINT('',(1.12490073777083,0.0899879814750953,2.1315043617394));
#7065=CARTESIAN_POINT('',(1.12051820314031,0.105814587193049,2.20555786381635));
#7066=CARTESIAN_POINT('',(1.09722055624776,0.119062499999997,2.27562096421248));
#7067=CARTESIAN_POINT('',(-2.60208521396521E-16,0.42926,5.3776427755281E-15));
#7068=CARTESIAN_POINT('',(1.09722055624776,7.15942258616576,2.27562096421248));
#7069=CARTESIAN_POINT('',(1.09722055624776,0.3101975,2.27562096421248));
#7070=CARTESIAN_POINT('',(-2.60208521396521E-16,0.3101975,5.3776427755281E-15));
#7071=CARTESIAN_POINT('',(0.956932088190913,0.3101975,2.33808141440938));
#7072=CARTESIAN_POINT('',(0.956932088190913,7.15942258616576,2.33808141440938));
#7073=CARTESIAN_POINT('',(0.22328229466915,7.15942258616576,2.56012114937188));
#7074=CARTESIAN_POINT('',(0.753828381632733,7.15942258616576,2.15839427697267));
#7075=CARTESIAN_POINT('',(0.753828381632733,0.370218396039565,2.15839427697267));
#7076=CARTESIAN_POINT('',(0.753828381632733,0.370218396039567,2.15839427697268));
#7077=CARTESIAN_POINT('',(0.720446822666747,0.383375171917997,2.11430846468838));
#7078=CARTESIAN_POINT('',(0.682071035984248,0.395811304116251,2.07486333164728));
#7079=CARTESIAN_POINT('',(0.638575013706221,0.407347516012198,2.04012539177879));
#7080=CARTESIAN_POINT('',(0.638575013706223,0.407347516012195,2.04012539177879));
#7081=CARTESIAN_POINT('',(0.638575013706223,7.15942258616576,2.04012539177879));
#7082=CARTESIAN_POINT('',(0.47625,7.15942258616576,2.24058008963911));
#7083=CARTESIAN_POINT('',(0.47625,0.,2.24058008963911));
#7084=CARTESIAN_POINT('',(0.511957599993322,0.429260000000002,1.9851266432507));
#7085=CARTESIAN_POINT('',(0.558818919135181,0.424748682369172,1.99167697663917));
#7086=CARTESIAN_POINT('',(0.602421444477851,0.417032399691318,2.01084880867464));
#7087=CARTESIAN_POINT('',(0.638575013706222,0.407347516012197,2.04012539177879));
#7088=CARTESIAN_POINT('',(0.511957599993323,0.42926,1.9851266432507));
#7089=CARTESIAN_POINT('',(0.47625,0.42926,2.24058008963911));
#7090=CARTESIAN_POINT('',(0.246426450170426,7.15942258616576,2.12347914210779));
#7091=CARTESIAN_POINT('',(0.837316556095858,7.15942258616576,2.42960413801542));
#7092=CARTESIAN_POINT('',(0.189241548767229,7.15942258616576,2.27840091293073));
#7093=CARTESIAN_POINT('',(0.183003074058098,7.15942258616576,2.30600830921377));
#7094=CARTESIAN_POINT('',(0.176764599348967,7.15942258616576,2.33361570549679));
#7095=CARTESIAN_POINT('',(-0.23495,7.15942258616576,2.24058008963911));
#7096=CARTESIAN_POINT('',(1.12596352947542,7.15942258616576,1.95130898908361));
#7097=CARTESIAN_POINT('',(0.956932088190915,0.310197500000002,2.33808141440938));
#7098=CARTESIAN_POINT('',(0.889264559673371,0.323447631244118,2.30850862399174));
#7099=CARTESIAN_POINT('',(0.831317463344772,0.339269405510237,2.26222773083532));
#7100=CARTESIAN_POINT('',(0.787684521475469,0.356704814395659,2.20376066739387));
#7101=CARTESIAN_POINT('',(0.787684521475469,0.356704814395656,2.20376066739387));
#7102=CARTESIAN_POINT('',(0.787684521475469,7.15942258616576,2.20376066739387));
#7103=CARTESIAN_POINT('',(0.770756451554101,7.15942258616576,2.18107747218327));
#7104=CARTESIAN_POINT('',(0.787684521475469,0.356704814395659,2.20376066739387));
#7105=CARTESIAN_POINT('',(0.77639982084389,0.361214099381542,2.18863944752011));
#7106=CARTESIAN_POINT('',(0.765114457042274,0.365718739678741,2.17351733901491));
#7107=CARTESIAN_POINT('',(0.753828381632734,0.370218396039567,2.15839427697268));
#7108=CARTESIAN_POINT('',(-2.60208521396521E-16,0.42926,5.3776427755281E-15));
#7109=CARTESIAN_POINT('',(1.09722055624776,0.310197500000003,2.27562096421248));
#7110=CARTESIAN_POINT('',(1.12052210446172,0.323447631244119,2.20554613135794));
#7111=CARTESIAN_POINT('',(1.12490287389714,0.339269405510238,2.13151508446932));
#7112=CARTESIAN_POINT('',(1.11064951508999,0.356704814395659,2.05996738788619));
#7113=CARTESIAN_POINT('',(1.11064951508999,0.356704814395656,2.05996738788619));
#7114=CARTESIAN_POINT('',(1.11064951508999,0.356704814395659,2.05996738788619));
#7115=CARTESIAN_POINT('',(1.10696319736209,0.361214099381542,2.04146314998176));
#7116=CARTESIAN_POINT('',(1.1032766629997,0.365718739678741,2.02295782463545));
#7117=CARTESIAN_POINT('',(1.09958989617984,0.370218396039567,2.00445133242058));
#7118=CARTESIAN_POINT('',(1.09958989617984,0.370218396039565,2.00445133242058));
#7119=CARTESIAN_POINT('',(1.09958989617984,0.370218396039567,2.00445133242058));
#7120=CARTESIAN_POINT('',(1.08916437569591,0.383375171917997,1.95014483330303));
#7121=CARTESIAN_POINT('',(1.08552934259851,0.395811304116251,1.89523212021661));
#7122=CARTESIAN_POINT('',(1.08881854209859,0.407347516012197,1.83966405756398));
#7123=CARTESIAN_POINT('',(1.08881854209859,0.407347516012195,1.83966405756398));
#7124=CARTESIAN_POINT('',(1.08881854209859,0.407347516012197,1.83966405756398));
#7125=CARTESIAN_POINT('',(1.09125267417857,0.417030067181003,1.79321805062985));
#7126=CARTESIAN_POINT('',(1.10618640840821,0.424749501810283,1.74796828943668));
#7127=CARTESIAN_POINT('',(1.13267009353552,0.429260000000002,1.70876763579633));
#7128=CARTESIAN_POINT('',(1.13267009353551,0.42926,1.70876763579633));
#7129=CARTESIAN_POINT('',(-2.60208521396521E-16,0.42926,5.3776427755281E-15));
#7130=CARTESIAN_POINT('',(-2.60208521396521E-16,0.1190625,5.3776427755281E-15));
#7131=CARTESIAN_POINT('',(-2.60208521396521E-16,0.1190625,5.3776427755281E-15));
#7132=CARTESIAN_POINT('',(1.82518434817405,0.1190625,1.74672431052999));
#7133=CARTESIAN_POINT('',(1.92793928708893,0.1190625,1.6326033894106));
#7134=CARTESIAN_POINT('',(1.61593583264757,0.072555185604341,1.69285538936139));
#7135=CARTESIAN_POINT('',(1.67956766778769,0.0899879814750955,1.72851524820397));
#7136=CARTESIAN_POINT('',(1.75135101117173,0.105814587193049,1.74723100072049));
#7137=CARTESIAN_POINT('',(1.82518434817405,0.119062499999998,1.74672431052999));
#7138=CARTESIAN_POINT('',(1.61593583264757,0.0725551856043435,1.69285538936139));
#7139=CARTESIAN_POINT('',(1.56655453653254,0.0590416039604324,1.66518166212961));
#7140=CARTESIAN_POINT('',(1.58301598294562,0.0635412603212588,1.67440680633836));
#7141=CARTESIAN_POINT('',(1.59947639143407,0.0680459006184579,1.68363136888471));
#7142=CARTESIAN_POINT('',(1.61593583264757,0.0725551856043408,1.69285538936139));
#7143=CARTESIAN_POINT('',(1.56655453653254,0.0590416039604349,1.66518166212961));
#7144=CARTESIAN_POINT('',(1.41316105644119,0.0219124839878029,1.60401542725389));
#7145=CARTESIAN_POINT('',(1.46702584306828,0.0334486958837494,1.6180586883401));
#7146=CARTESIAN_POINT('',(1.51812764967435,0.0458848280820032,1.63848477180527));
#7147=CARTESIAN_POINT('',(1.56655453653254,0.0590416039604328,1.66518166212961));
#7148=CARTESIAN_POINT('',(1.41316105644119,0.021912483987805,1.60401542725389));
#7149=CARTESIAN_POINT('',(1.41316105644119,0.0219124839878027,1.60401542725389));
#7150=CARTESIAN_POINT('',(1.36823609071133,0.0122299328189972,1.59197781896658));
#7151=CARTESIAN_POINT('',(1.32058623280133,0.00451049818971743,1.5921976990182));
#7152=CARTESIAN_POINT('',(1.27512028693562,-2.37088670858902E-15,1.60527151216856));
#7153=CARTESIAN_POINT('',(1.27512028693562,0.,1.60527151216856));
#7154=CARTESIAN_POINT('',(-2.60208521396521E-16,0.,5.3776427755281E-15));
#7155=CARTESIAN_POINT('',(1.72976403093736,0.,1.10033848029143));
#7156=CARTESIAN_POINT('',(1.72976403093736,-2.16335135084246E-15,1.10033848029143));
#7157=CARTESIAN_POINT('',(1.7215128241967,0.00451131763082738,1.14693040755934));
#7158=CARTESIAN_POINT('',(1.72627239865481,0.0122276003086821,1.19432329532568));
#7159=CARTESIAN_POINT('',(1.74294401649198,0.0219124839878029,1.23775434464406));
#7160=CARTESIAN_POINT('',(1.74294401649198,0.021912483987805,1.23775434464406));
#7161=CARTESIAN_POINT('',(1.74294401649198,0.0219124839878028,1.23775434464406));
#7162=CARTESIAN_POINT('',(1.76254075049496,0.0334486958837492,1.28985613383344));
#7163=CARTESIAN_POINT('',(1.78819653105243,0.0458848280820029,1.33854289228086));
#7164=CARTESIAN_POINT('',(1.81980916108235,0.0590416039604325,1.38391390666622));
#7165=CARTESIAN_POINT('',(1.81980916108235,0.0590416039604349,1.38391390666622));
#7166=CARTESIAN_POINT('',(1.81980916108235,0.0590416039604324,1.38391390666622));
#7167=CARTESIAN_POINT('',(1.8307044586826,0.063541260321259,1.3993208854059));
#7168=CARTESIAN_POINT('',(1.8415990693142,0.0680459006184582,1.41472689270708));
#7169=CARTESIAN_POINT('',(1.85249303973787,0.0725551856043413,1.43013199469386));
#7170=CARTESIAN_POINT('',(1.85249303973787,0.0725551856043436,1.43013199469385));
#7171=CARTESIAN_POINT('',(1.85249303973788,0.0725551856043415,1.43013199469385));
#7172=CARTESIAN_POINT('',(1.89460888808466,0.0899879814750958,1.48968777773802));
#7173=CARTESIAN_POINT('',(1.92072551632278,0.10581458719305,1.55912155560673));
#7174=CARTESIAN_POINT('',(1.92793928708893,0.119062499999998,1.63260338941061));
#7175=CARTESIAN_POINT('',(-2.60208521396521E-16,0.42926,5.3776427755281E-15));
#7176=CARTESIAN_POINT('',(1.92793928708893,7.15942258616576,1.6326033894106));
#7177=CARTESIAN_POINT('',(1.92793928708893,0.3101975,1.6326033894106));
#7178=CARTESIAN_POINT('',(-2.60208521396521E-16,0.3101975,5.3776427755281E-15));
#7179=CARTESIAN_POINT('',(1.82518434817405,0.3101975,1.74672431052999));
#7180=CARTESIAN_POINT('',(1.82518434817405,7.15942258616576,1.74672431052999));
#7181=CARTESIAN_POINT('',(1.24527360822989,7.15942258616576,2.24796995603144));
#7182=CARTESIAN_POINT('',(1.56655453653254,7.15942258616576,1.66518166212961));
#7183=CARTESIAN_POINT('',(1.56655453653254,0.370218396039565,1.66518166212961));
#7184=CARTESIAN_POINT('',(1.56655453653254,0.370218396039567,1.66518166212961));
#7185=CARTESIAN_POINT('',(1.51812764967435,0.383375171917997,1.63848477180527));
#7186=CARTESIAN_POINT('',(1.46702584306828,0.395811304116251,1.6180586883401));
#7187=CARTESIAN_POINT('',(1.41316105644119,0.407347516012197,1.60401542725389));
#7188=CARTESIAN_POINT('',(1.41316105644119,0.407347516012195,1.60401542725389));
#7189=CARTESIAN_POINT('',(1.41316105644119,7.15942258616576,1.60401542725389));
#7190=CARTESIAN_POINT('',(1.34640204840458,7.15942258616576,1.85316343710942));
#7191=CARTESIAN_POINT('',(1.34640204840458,0.,1.85316343710942));
#7192=CARTESIAN_POINT('',(1.27512028693563,0.429260000000002,1.60527151216856));
#7193=CARTESIAN_POINT('',(1.32059449279027,0.424748682369172,1.59219532384377));
#7194=CARTESIAN_POINT('',(1.36822526836253,0.417032399691318,1.59197491912696));
#7195=CARTESIAN_POINT('',(1.41316105644119,0.407347516012197,1.60401542725389));
#7196=CARTESIAN_POINT('',(1.27512028693563,0.42926,1.60527151216856));
#7197=CARTESIAN_POINT('',(1.34640204840458,0.42926,1.85316343710942));
#7198=CARTESIAN_POINT('',(1.08881854209859,7.15942258616576,1.83966405756398));
#7199=CARTESIAN_POINT('',(1.75313576752978,7.15942258616576,1.87898649893544));
#7200=CARTESIAN_POINT('',(1.09958989617984,7.15942258616576,2.00445133242058));
#7201=CARTESIAN_POINT('',(1.10511970563491,7.15942258616576,2.03220936015338));
#7202=CARTESIAN_POINT('',(1.11064951508999,7.15942258616576,2.05996738788619));
#7203=CARTESIAN_POINT('',(0.696688518929159,7.15942258616576,2.14243453766493));
#7204=CARTESIAN_POINT('',(1.822287735647,7.15942258616576,1.32463883722989));
#7205=CARTESIAN_POINT('',(1.82518434817405,0.310197500000002,1.74672431052999));
#7206=CARTESIAN_POINT('',(1.75133864736609,0.323447631244119,1.7472310855686));
#7207=CARTESIAN_POINT('',(1.67957720561053,0.339269405510238,1.72852059328659));
#7208=CARTESIAN_POINT('',(1.61593583264757,0.356704814395659,1.69285538936139));
#7209=CARTESIAN_POINT('',(1.61593583264757,0.356704814395656,1.69285538936139));
#7210=CARTESIAN_POINT('',(1.61593583264757,7.15942258616576,1.69285538936139));
#7211=CARTESIAN_POINT('',(1.59124518459006,7.15942258616576,1.6790185257455));
#7212=CARTESIAN_POINT('',(1.61593583264757,0.356704814395659,1.69285538936139));
#7213=CARTESIAN_POINT('',(1.59947639143407,0.361214099381542,1.68363136888471));
#7214=CARTESIAN_POINT('',(1.58301598294562,0.365718739678741,1.67440680633836));
#7215=CARTESIAN_POINT('',(1.56655453653254,0.370218396039568,1.66518166212961));
#7216=CARTESIAN_POINT('',(-2.60208521396521E-16,0.42926,5.3776427755281E-15));
#7217=CARTESIAN_POINT('',(1.92793928708893,0.310197500000002,1.63260338941061));
#7218=CARTESIAN_POINT('',(1.92072430833648,0.323447631244119,1.55910925066227));
#7219=CARTESIAN_POINT('',(1.89461520086032,0.339269405510237,1.48969670459839));
#7220=CARTESIAN_POINT('',(1.85249303973788,0.356704814395658,1.43013199469385));
#7221=CARTESIAN_POINT('',(1.85249303973787,0.356704814395656,1.43013199469385));
#7222=CARTESIAN_POINT('',(1.85249303973787,0.356704814395659,1.43013199469386));
#7223=CARTESIAN_POINT('',(1.8415990693142,0.361214099381542,1.41472689270708));
#7224=CARTESIAN_POINT('',(1.8307044586826,0.365718739678741,1.3993208854059));
#7225=CARTESIAN_POINT('',(1.81980916108235,0.370218396039568,1.38391390666622));
#7226=CARTESIAN_POINT('',(1.81980916108235,0.370218396039565,1.38391390666622));
#7227=CARTESIAN_POINT('',(1.81980916108235,0.370218396039568,1.38391390666622));
#7228=CARTESIAN_POINT('',(1.78819653105243,0.383375171917997,1.33854289228086));
#7229=CARTESIAN_POINT('',(1.76254075049496,0.395811304116251,1.28985613383344));
#7230=CARTESIAN_POINT('',(1.74294401649198,0.407347516012197,1.23775434464406));
#7231=CARTESIAN_POINT('',(1.74294401649198,0.407347516012195,1.23775434464406));
#7232=CARTESIAN_POINT('',(1.74294401649198,0.407347516012197,1.23775434464406));
#7233=CARTESIAN_POINT('',(1.72627641385229,0.417030067181003,1.19433375527274));
#7234=CARTESIAN_POINT('',(1.72151432295573,0.424749501810282,1.14692194454616));
#7235=CARTESIAN_POINT('',(1.72976403093736,0.429260000000002,1.10033848029143));
#7236=CARTESIAN_POINT('',(1.72976403093736,0.42926,1.10033848029143));
#7237=CARTESIAN_POINT('',(-2.60208521396521E-16,0.42926,5.3776427755281E-15));
#7238=CARTESIAN_POINT('',(-2.60208521396521E-16,0.1190625,5.3776427755281E-15));
#7239=CARTESIAN_POINT('',(-2.60208521396521E-16,0.1190625,5.3776427755281E-15));
#7240=CARTESIAN_POINT('',(2.37784565307863,0.1190625,0.853342704867769));
#7241=CARTESIAN_POINT('',(2.42529980041385,0.1190625,0.70729385684347));
#7242=CARTESIAN_POINT('',(2.16477715803873,0.0725551856043412,0.889240035399927));
#7243=CARTESIAN_POINT('',(2.23741190327064,0.0899879814750959,0.895935538448096));
#7244=CARTESIAN_POINT('',(2.31060163290473,0.10581458719305,0.883836313029142));
#7245=CARTESIAN_POINT('',(2.37784565307863,0.119062499999998,0.85334270486777));
#7246=CARTESIAN_POINT('',(2.16477715803872,0.0725551856043435,0.889240035399927));
#7247=CARTESIAN_POINT('',(2.10840918036469,0.0590416039604327,0.884044010203851));
#7248=CARTESIAN_POINT('',(2.12719966414895,0.0635412603212592,0.885776125337625));
#7249=CARTESIAN_POINT('',(2.14598896315846,0.0680459006184584,0.887508131258338));
#7250=CARTESIAN_POINT('',(2.16477715803873,0.0725551856043413,0.889240035399927));
#7251=CARTESIAN_POINT('',(2.10840918036469,0.0590416039604349,0.884044010203851));
#7252=CARTESIAN_POINT('',(1.94339871435231,0.0219124839878034,0.890556623334106));
#7253=CARTESIAN_POINT('',(1.99831855437442,0.0334486958837497,0.881476998217203));
#7254=CARTESIAN_POINT('',(2.05331041429654,0.0458848280820033,0.879352176710178));
#7255=CARTESIAN_POINT('',(2.10840918036469,0.0590416039604327,0.88404401020385));
#7256=CARTESIAN_POINT('',(1.94339871435231,0.021912483987805,0.890556623334108));
#7257=CARTESIAN_POINT('',(1.94339871435231,0.0219124839878035,0.890556623334108));
#7258=CARTESIAN_POINT('',(1.8974615795896,0.0122299328189979,0.897832350713611));
#7259=CARTESIAN_POINT('',(1.85402070161269,0.00451049818971812,0.917414164385346));
#7260=CARTESIAN_POINT('',(1.81780309216262,-1.80143161215816E-15,0.947850353198606));
#7261=CARTESIAN_POINT('',(1.81780309216263,0.,0.947850353198607));
#7262=CARTESIAN_POINT('',(-2.60208521396521E-16,0.,5.3776427755281E-15));
#7263=CARTESIAN_POINT('',(2.02776605297724,0.,0.301650805282875));
#7264=CARTESIAN_POINT('',(2.02776605297725,-1.04081318295819E-15,0.301650805282875));
#7265=CARTESIAN_POINT('',(2.03917884463063,0.00451131763082852,0.347570716932308));
#7266=CARTESIAN_POINT('',(2.06280335633289,0.0122276003086832,0.388930380938252));
#7267=CARTESIAN_POINT('',(2.09569863628462,0.021912483987804,0.421825660889976));
#7268=CARTESIAN_POINT('',(2.09569863628461,0.021912483987805,0.421825660889976));
#7269=CARTESIAN_POINT('',(2.09569863628461,0.0219124839878038,0.421825660889978));
#7270=CARTESIAN_POINT('',(2.13479285045079,0.0334486958837502,0.461452303935363));
#7271=CARTESIAN_POINT('',(2.17803326093449,0.045884828082004,0.495494724902916));
#7272=CARTESIAN_POINT('',(2.22536688958651,0.0590416039604335,0.524085193986131));
#7273=CARTESIAN_POINT('',(2.22536688958651,0.0590416039604349,0.524085193986131));
#7274=CARTESIAN_POINT('',(2.22536688958651,0.0590416039604336,0.52408519398613));
#7275=CARTESIAN_POINT('',(2.24158682203141,0.0635412603212601,0.53372865265852));
#7276=CARTESIAN_POINT('',(2.25780573177957,0.0680459006184591,0.543371503293008));
#7277=CARTESIAN_POINT('',(2.27402368844415,0.072555185604342,0.553013787277653));
#7278=CARTESIAN_POINT('',(2.27402368844414,0.0725551856043436,0.553013787277655));
#7279=CARTESIAN_POINT('',(2.27402368844415,0.072555185604342,0.553013787277655));
#7280=CARTESIAN_POINT('',(2.33672194966725,0.0899879814750963,0.590290643577138));
#7281=CARTESIAN_POINT('',(2.38882193848951,0.10581458719305,0.643098966258035));
#7282=CARTESIAN_POINT('',(2.42529980041385,0.119062499999998,0.707293856843471));
#7283=CARTESIAN_POINT('',(-2.60208521396521E-16,0.42926,5.3776427755281E-15));
#7284=CARTESIAN_POINT('',(2.42529980041385,7.15942258616576,0.70729385684347));
#7285=CARTESIAN_POINT('',(2.42529980041385,0.3101975,0.70729385684347));
#7286=CARTESIAN_POINT('',(-2.60208521396521E-16,0.3101975,5.3776427755281E-15));
#7287=CARTESIAN_POINT('',(2.37784565307863,0.3101975,0.853342704867769));
#7288=CARTESIAN_POINT('',(2.37784565307863,7.15942258616576,0.853342704867769));
#7289=CARTESIAN_POINT('',(2.05194580197211,7.15942258616576,1.54712433512724));
#7290=CARTESIAN_POINT('',(2.10840918036469,7.15942258616576,0.884044010203851));
#7291=CARTESIAN_POINT('',(2.10840918036469,0.370218396039565,0.884044010203851));
#7292=CARTESIAN_POINT('',(2.10840918036469,0.370218396039567,0.88404401020385));
#7293=CARTESIAN_POINT('',(2.05331041429654,0.383375171917997,0.879352176710178));
#7294=CARTESIAN_POINT('',(1.99831855437442,0.39581130411625,0.881476998217203));
#7295=CARTESIAN_POINT('',(1.94339871435231,0.407347516012197,0.890556623334106));
#7296=CARTESIAN_POINT('',(1.94339871435231,0.407347516012195,0.890556623334108));
#7297=CARTESIAN_POINT('',(1.94339871435231,7.15942258616576,0.890556623334108));
#7298=CARTESIAN_POINT('',(1.98374895096139,7.15942258616576,1.1453179908422));
#7299=CARTESIAN_POINT('',(1.98374895096139,0.,1.1453179908422));
#7300=CARTESIAN_POINT('',(1.81780309216263,0.429260000000002,0.947850353198604));
#7301=CARTESIAN_POINT('',(1.85402728141759,0.424748682369172,0.917408634915364));
#7302=CARTESIAN_POINT('',(1.89745051341099,0.417032399691317,0.897834103424118));
#7303=CARTESIAN_POINT('',(1.94339871435231,0.407347516012196,0.890556623334108));
#7304=CARTESIAN_POINT('',(1.81780309216263,0.42926,0.947850353198603));
#7305=CARTESIAN_POINT('',(1.98374895096139,0.42926,1.1453179908422));
#7306=CARTESIAN_POINT('',(1.74294401649198,7.15942258616576,1.23775434464406));
#7307=CARTESIAN_POINT('',(2.36582187801935,7.15942258616576,1.00347502413306));
#7308=CARTESIAN_POINT('',(1.81980916108235,7.15942258616576,1.38391390666622));
#7309=CARTESIAN_POINT('',(1.83615110041011,7.15942258616576,1.40702295068004));
#7310=CARTESIAN_POINT('',(1.85249303973787,7.15942258616576,1.43013199469385));
#7311=CARTESIAN_POINT('',(1.50786326371897,7.15942258616576,1.67384259072172));
#7312=CARTESIAN_POINT('',(2.20352183736085,7.15942258616576,0.468926596453081));
#7313=CARTESIAN_POINT('',(2.37784565307863,0.310197500000002,0.853342704867769));
#7314=CARTESIAN_POINT('',(2.31059037251709,0.323447631244118,0.883841419354548));
#7315=CARTESIAN_POINT('',(2.23742279054633,0.339269405510237,0.895936542042));
#7316=CARTESIAN_POINT('',(2.16477715803873,0.356704814395659,0.889240035399927));
#7317=CARTESIAN_POINT('',(2.16477715803872,0.356704814395656,0.889240035399927));
#7318=CARTESIAN_POINT('',(2.16477715803872,7.15942258616576,0.889240035399927));
#7319=CARTESIAN_POINT('',(2.13659316920171,7.15942258616576,0.886642022801889));
#7320=CARTESIAN_POINT('',(2.16477715803873,0.356704814395659,0.889240035399927));
#7321=CARTESIAN_POINT('',(2.14598896315846,0.361214099381542,0.887508131258338));
#7322=CARTESIAN_POINT('',(2.12719966414895,0.365718739678741,0.885776125337625));
#7323=CARTESIAN_POINT('',(2.10840918036469,0.370218396039567,0.884044010203851));
#7324=CARTESIAN_POINT('',(-2.60208521396521E-16,0.42926,5.3776427755281E-15));
#7325=CARTESIAN_POINT('',(2.42529980041385,0.310197500000002,0.707293856843471));
#7326=CARTESIAN_POINT('',(2.38881583006731,0.323447631244118,0.64308821646421));
#7327=CARTESIAN_POINT('',(2.336731347556,0.339269405510237,0.5902962310327));
#7328=CARTESIAN_POINT('',(2.27402368844415,0.356704814395658,0.553013787277655));
#7329=CARTESIAN_POINT('',(2.27402368844414,0.356704814395656,0.553013787277655));
#7330=CARTESIAN_POINT('',(2.27402368844415,0.356704814395658,0.553013787277653));
#7331=CARTESIAN_POINT('',(2.25780573177957,0.361214099381541,0.543371503293008));
#7332=CARTESIAN_POINT('',(2.24158682203141,0.36571873967874,0.53372865265852));
#7333=CARTESIAN_POINT('',(2.22536688958651,0.370218396039566,0.524085193986131));
#7334=CARTESIAN_POINT('',(2.22536688958651,0.370218396039565,0.524085193986131));
#7335=CARTESIAN_POINT('',(2.22536688958651,0.370218396039566,0.524085193986131));
#7336=CARTESIAN_POINT('',(2.17803326093449,0.383375171917996,0.495494724902916));
#7337=CARTESIAN_POINT('',(2.13479285045079,0.39581130411625,0.461452303935363));
#7338=CARTESIAN_POINT('',(2.09569863628461,0.407347516012196,0.421825660889977));
#7339=CARTESIAN_POINT('',(2.09569863628461,0.407347516012195,0.421825660889976));
#7340=CARTESIAN_POINT('',(2.09569863628462,0.407347516012196,0.421825660889976));
#7341=CARTESIAN_POINT('',(2.06281127884207,0.417030067181002,0.388938303447428));
#7342=CARTESIAN_POINT('',(2.03917677159756,0.424749501810281,0.347562375984842));
#7343=CARTESIAN_POINT('',(2.02776605297725,0.429260000000001,0.301650805282874));
#7344=CARTESIAN_POINT('',(2.02776605297724,0.42926,0.301650805282875));
#7345=CARTESIAN_POINT('',(-2.60208521396521E-16,0.42926,5.3776427755281E-15));
#7346=CARTESIAN_POINT('',(-2.60208521396521E-16,0.1190625,5.3776427755281E-15));
#7347=CARTESIAN_POINT('',(-2.60208521396521E-16,0.1190625,5.3776427755281E-15));
#7348=CARTESIAN_POINT('',(2.51935584251633,0.1190625,-0.187589606841184));
#7349=CARTESIAN_POINT('',(2.50330394509023,0.1190625,-0.34031320913487));
#7350=CARTESIAN_POINT('',(2.33930884642191,0.0725551856043421,-0.0681329991742949));
#7351=CARTESIAN_POINT('',(2.40838729442907,0.0899879814750965,-0.0915595652243041));
#7352=CARTESIAN_POINT('',(2.47032824115166,0.10581458719305,-0.132381702585777));
#7353=CARTESIAN_POINT('',(2.51935584251632,0.119062499999998,-0.187589606841186));
#7354=CARTESIAN_POINT('',(2.33930884642191,0.0725551856043435,-0.0681329991742939));
#7355=CARTESIAN_POINT('',(2.28570072261571,0.0590416039604335,-0.0499528823738562));
#7356=CARTESIAN_POINT('',(2.30357119841865,0.0635412603212601,-0.0560132947574613));
#7357=CARTESIAN_POINT('',(2.32144054745506,0.0680459006184594,-0.0620733250208593));
#7358=CARTESIAN_POINT('',(2.33930884642191,0.0725551856043424,-0.0681329991742933));
#7359=CARTESIAN_POINT('',(2.2857007226157,0.0590416039604349,-0.049952882373857));
#7360=CARTESIAN_POINT('',(2.13760507932886,0.0219124839878036,0.0231124887869243));
#7361=CARTESIAN_POINT('',(2.18408383347507,0.0334486958837501,-0.00752007286457355));
#7362=CARTESIAN_POINT('',(2.23345715454734,0.045884828082004,-0.0318283984018356));
#7363=CARTESIAN_POINT('',(2.28570072261571,0.0590416039604337,-0.0499528823738562));
#7364=CARTESIAN_POINT('',(2.13760507932885,0.021912483987805,0.0231124887869233));
#7365=CARTESIAN_POINT('',(2.13760507932886,0.0219124839878038,0.0231124887869246));
#7366=CARTESIAN_POINT('',(2.09859872345954,0.0122299328189984,0.0484435124714204));
#7367=CARTESIAN_POINT('',(2.0668781478659,0.00451049818971865,0.0840013862842345));
#7368=CARTESIAN_POINT('',(2.04617122853205,-1.07457074210035E-15,0.12653725721049));
#7369=CARTESIAN_POINT('',(2.04617122853205,0.,0.126537257210488));
#7370=CARTESIAN_POINT('',(-2.60208521396521E-16,0.,5.3776427755281E-15));
#7371=CARTESIAN_POINT('',(1.97514890278109,0.,-0.549195034370626));
#7372=CARTESIAN_POINT('',(1.9751489027811,-6.96630910197659E-16,-0.549195034370628));
#7373=CARTESIAN_POINT('',(2.0042523174697,0.00451131763082871,-0.51188710823316));
#7374=CARTESIAN_POINT('',(2.04265687372084,0.0122276003086832,-0.483712129634987));
#7375=CARTESIAN_POINT('',(2.08608792303922,0.0219124839878039,-0.467040511797811));
#7376=CARTESIAN_POINT('',(2.08608792303922,0.021912483987805,-0.46704051179781));
#7377=CARTESIAN_POINT('',(2.08608792303922,0.0219124839878038,-0.46704051179781));
#7378=CARTESIAN_POINT('',(2.13791987257948,0.0334486958837505,-0.44674082147571));
#7379=CARTESIAN_POINT('',(2.19126825318999,0.0458848280820045,-0.433228981839004));
#7380=CARTESIAN_POINT('',(2.24613846605765,0.0590416039604344,-0.42636260989868));
#7381=CARTESIAN_POINT('',(2.24613846605765,0.0590416039604349,-0.42636260989868));
#7382=CARTESIAN_POINT('',(2.24613846605765,0.0590416039604344,-0.42636260989868));
#7383=CARTESIAN_POINT('',(2.264878459674,0.0635412603212607,-0.424150112906108));
#7384=CARTESIAN_POINT('',(2.2836172716991,0.0680459006184597,-0.421937755415562));
#7385=CARTESIAN_POINT('',(2.30235498256177,0.0725551856043425,-0.419725527931388));
#7386=CARTESIAN_POINT('',(2.30235498256177,0.0725551856043436,-0.419725527931388));
#7387=CARTESIAN_POINT('',(2.30235498256177,0.0725551856043425,-0.419725527931388));
#7388=CARTESIAN_POINT('',(2.3747945576999,0.089987981475097,-0.411173105480376));
#7389=CARTESIAN_POINT('',(2.4438693457254,0.105814587193051,-0.384121276727371));
#7390=CARTESIAN_POINT('',(2.50330394509023,0.119062499999999,-0.340313209134869));
#7391=CARTESIAN_POINT('',(-2.60208521396521E-16,0.42926,5.3776427755281E-15));
#7392=CARTESIAN_POINT('',(2.50330394509023,7.15942258616576,-0.34031320913487));
#7393=CARTESIAN_POINT('',(2.50330394509023,0.3101975,-0.34031320913487));
#7394=CARTESIAN_POINT('',(-2.60208521396521E-16,0.3101975,5.3776427755281E-15));
#7395=CARTESIAN_POINT('',(2.51935584251633,0.3101975,-0.187589606841184));
#7396=CARTESIAN_POINT('',(2.51935584251633,7.15942258616576,-0.187589606841184));
#7397=CARTESIAN_POINT('',(2.50381792521096,7.15942258616576,0.578766861496203));
#7398=CARTESIAN_POINT('',(2.2857007226157,7.15942258616576,-0.049952882373857));
#7399=CARTESIAN_POINT('',(2.2857007226157,0.370218396039565,-0.049952882373857));
#7400=CARTESIAN_POINT('',(2.28570072261571,0.370218396039566,-0.0499528823738562));
#7401=CARTESIAN_POINT('',(2.23345715454734,0.383375171917996,-0.0318283984018356));
#7402=CARTESIAN_POINT('',(2.18408383347507,0.39581130411625,-0.00752007286457362));
#7403=CARTESIAN_POINT('',(2.13760507932886,0.407347516012196,0.0231124887869242));
#7404=CARTESIAN_POINT('',(2.13760507932885,0.407347516012195,0.0231124887869233));
#7405=CARTESIAN_POINT('',(2.13760507932885,7.15942258616576,0.0231124887869233));
#7406=CARTESIAN_POINT('',(2.27808763810353,7.15942258616576,0.239436659071062));
#7407=CARTESIAN_POINT('',(2.27808763810353,0.,0.239436659071062));
#7408=CARTESIAN_POINT('',(2.04617122853205,0.429260000000001,0.126537257210486));
#7409=CARTESIAN_POINT('',(2.06688190977872,0.424748682369171,0.0839936586142925));
#7410=CARTESIAN_POINT('',(2.09858932689393,0.417032399691317,0.0484496146724837));
#7411=CARTESIAN_POINT('',(2.13760507932886,0.407347516012196,0.0231124887869248));
#7412=CARTESIAN_POINT('',(2.04617122853205,0.42926,0.126537257210483));
#7413=CARTESIAN_POINT('',(2.27808763810353,0.42926,0.239436659071062));
#7414=CARTESIAN_POINT('',(2.09569863628461,7.15942258616576,0.421825660889976));
#7415=CARTESIAN_POINT('',(2.56943589298236,7.15942258616576,-0.0455463986263212));
#7416=CARTESIAN_POINT('',(2.22536688958651,7.15942258616576,0.524085193986131));
#7417=CARTESIAN_POINT('',(2.24969528901533,7.15942258616576,0.538549490631893));
#7418=CARTESIAN_POINT('',(2.27402368844414,7.15942258616576,0.553013787277655));
#7419=CARTESIAN_POINT('',(2.05831475170406,7.15942258616576,0.915828053460177));
#7420=CARTESIAN_POINT('',(2.20374699502757,7.15942258616576,-0.467867312914856));
#7421=CARTESIAN_POINT('',(2.51935584251632,0.310197500000002,-0.187589606841186));
#7422=CARTESIAN_POINT('',(2.47032003120533,0.323447631244118,-0.132372457713127));
#7423=CARTESIAN_POINT('',(2.40839764864874,0.339269405510236,-0.0915630766496167));
#7424=CARTESIAN_POINT('',(2.33930884642191,0.356704814395658,-0.068132999174295));
#7425=CARTESIAN_POINT('',(2.33930884642191,0.356704814395656,-0.0681329991742939));
#7426=CARTESIAN_POINT('',(2.33930884642191,7.15942258616576,-0.0681329991742939));
#7427=CARTESIAN_POINT('',(2.31250478451881,7.15942258616576,-0.0590429407740754));
#7428=CARTESIAN_POINT('',(2.33930884642191,0.356704814395658,-0.0681329991742933));
#7429=CARTESIAN_POINT('',(2.32144054745506,0.361214099381541,-0.0620733250208593));
#7430=CARTESIAN_POINT('',(2.30357119841865,0.36571873967874,-0.0560132947574613));
#7431=CARTESIAN_POINT('',(2.28570072261571,0.370218396039566,-0.0499528823738562));
#7432=CARTESIAN_POINT('',(-2.60208521396521E-16,0.42926,5.3776427755281E-15));
#7433=CARTESIAN_POINT('',(2.50330394509023,0.310197500000001,-0.340313209134869));
#7434=CARTESIAN_POINT('',(2.44385939306899,0.323447631244117,-0.384128612633549));
#7435=CARTESIAN_POINT('',(2.3748054157214,0.339269405510236,-0.411171823551449));
#7436=CARTESIAN_POINT('',(2.30235498256177,0.356704814395658,-0.419725527931388));
#7437=CARTESIAN_POINT('',(2.30235498256177,0.356704814395656,-0.419725527931388));
#7438=CARTESIAN_POINT('',(2.30235498256177,0.356704814395657,-0.419725527931388));
#7439=CARTESIAN_POINT('',(2.2836172716991,0.36121409938154,-0.421937755415562));
#7440=CARTESIAN_POINT('',(2.264878459674,0.365718739678739,-0.424150112906108));
#7441=CARTESIAN_POINT('',(2.24613846605765,0.370218396039566,-0.42636260989868));
#7442=CARTESIAN_POINT('',(2.24613846605765,0.370218396039565,-0.42636260989868));
#7443=CARTESIAN_POINT('',(2.24613846605765,0.370218396039566,-0.42636260989868));
#7444=CARTESIAN_POINT('',(2.19126825318999,0.383375171917996,-0.433228981839004));
#7445=CARTESIAN_POINT('',(2.13791987257948,0.39581130411625,-0.44674082147571));
#7446=CARTESIAN_POINT('',(2.08608792303922,0.407347516012196,-0.46704051179781));
#7447=CARTESIAN_POINT('',(2.08608792303922,0.407347516012195,-0.46704051179781));
#7448=CARTESIAN_POINT('',(2.08608792303922,0.407347516012196,-0.467040511797811));
#7449=CARTESIAN_POINT('',(2.0426673336679,0.417030067181001,-0.483708114437504));
#7450=CARTESIAN_POINT('',(2.00424703109077,0.424749501810281,-0.511893884889316));
#7451=CARTESIAN_POINT('',(1.9751489027811,0.429260000000001,-0.549195034370628));
#7452=CARTESIAN_POINT('',(1.97514890278109,0.42926,-0.549195034370627));
#7453=CARTESIAN_POINT('',(-2.60208521396521E-16,0.42926,5.3776427755281E-15));
#7454=CARTESIAN_POINT('',(-2.60208521396521E-16,0.1190625,5.3776427755281E-15));
#7455=CARTESIAN_POINT('',(-2.60208521396521E-16,0.1190625,5.3776427755281E-15));
#7456=CARTESIAN_POINT('',(2.22524651915364,0.1190625,-1.19608597132922));
#7457=CARTESIAN_POINT('',(2.14846409585811,0.1190625,-1.32907702960534));
#7458=CARTESIAN_POINT('',(2.10935278330505,0.0725551856043425,-1.01372521922241));
#7459=CARTESIAN_POINT('',(2.16293064286902,0.0899879814750971,-1.06322318827688));
#7460=CARTESIAN_POINT('',(2.20291265427593,0.105814587193051,-1.1257097191736));
#7461=CARTESIAN_POINT('',(2.22524651915364,0.119062499999999,-1.19608597132922));
#7462=CARTESIAN_POINT('',(2.10935278330505,0.0725551856043435,-1.01372521922241));
#7463=CARTESIAN_POINT('',(2.06777384498729,0.0590416039604342,-0.975312467781434));
#7464=CARTESIAN_POINT('',(2.08163434519442,0.0635412603212607,-0.988117507324175));
#7465=CARTESIAN_POINT('',(2.09549397147138,0.0680459006184597,-1.0009217394855));
#7466=CARTESIAN_POINT('',(2.10935278330505,0.0725551856043426,-1.01372521922241));
#7467=CARTESIAN_POINT('',(2.06777384498728,0.0590416039604349,-0.975312467781435));
#7468=CARTESIAN_POINT('',(1.96220010655695,0.0219124839878045,-0.84832800504189));
#7469=CARTESIAN_POINT('',(1.99220117598917,0.0334486958837508,-0.895216855030351));
#7470=CARTESIAN_POINT('',(2.02741886245565,0.0458848280820046,-0.937505554278252));
#7471=CARTESIAN_POINT('',(2.06777384498729,0.0590416039604341,-0.975312467781435));
#7472=CARTESIAN_POINT('',(1.96220010655695,0.021912483987805,-0.848328005041889));
#7473=CARTESIAN_POINT('',(1.96220010655695,0.0219124839878047,-0.848328005041889));
#7474=CARTESIAN_POINT('',(1.93686908287246,0.0122299328189992,-0.809321649172577));
#7475=CARTESIAN_POINT('',(1.92235358535461,0.00451049818971948,-0.763935994634062));
#7476=CARTESIAN_POINT('',(1.92073777060625,-3.51909962611846E-16,-0.716655280104218));
#7477=CARTESIAN_POINT('',(1.92073777060625,0.,-0.716655280104218));
#7478=CARTESIAN_POINT('',(-2.60208521396521E-16,0.,5.3776427755281E-15));
#7479=CARTESIAN_POINT('',(1.58101056362963,0.,-1.30508006330119));
#7480=CARTESIAN_POINT('',(1.58101056362963,-9.49489174959171E-16,-1.30508006330119));
#7481=CARTESIAN_POINT('',(1.62277235655756,0.00451131763082872,-1.28283500203672));
#7482=CARTESIAN_POINT('',(1.66931646068733,0.0122276003086836,-1.27271641860759));
#7483=CARTESIAN_POINT('',(1.71577365638652,0.0219124839878046,-1.2751511370659));
#7484=CARTESIAN_POINT('',(1.71577365638652,0.021912483987805,-1.27515113706591));
#7485=CARTESIAN_POINT('',(1.71577365638652,0.0219124839878048,-1.27515113706591));
#7486=CARTESIAN_POINT('',(1.77138112634688,0.033448695883751,-1.27768840034068));
#7487=CARTESIAN_POINT('',(1.8256130574218,0.0458848280820046,-1.28704346185922));
#7488=CARTESIAN_POINT('',(1.87853229622006,0.0590416039604339,-1.3030884451493));
#7489=CARTESIAN_POINT('',(1.87853229622005,0.0590416039604349,-1.3030884451493));
#7490=CARTESIAN_POINT('',(1.87853229622005,0.0590416039604339,-1.3030884451493));
#7491=CARTESIAN_POINT('',(1.8965520358641,0.0635412603212607,-1.30868947066646));
#7492=CARTESIAN_POINT('',(1.91457063933024,0.0680459006184601,-1.31429014302861));
#7493=CARTESIAN_POINT('',(1.93258818395608,0.0725551856043433,-1.31989048627438));
#7494=CARTESIAN_POINT('',(1.93258818395608,0.0725551856043436,-1.31989048627438));
#7495=CARTESIAN_POINT('',(1.93258818395609,0.0725551856043431,-1.31989048627438));
#7496=CARTESIAN_POINT('',(2.00224361237497,0.0899879814750973,-1.34154128920994));
#7497=CARTESIAN_POINT('',(2.07634954122935,0.105814587193051,-1.34492346133437));
#7498=CARTESIAN_POINT('',(2.14846409585811,0.119062499999999,-1.32907702960534));
#7499=CARTESIAN_POINT('',(-2.60208521396521E-16,0.42926,5.3776427755281E-15));
#7500=CARTESIAN_POINT('',(2.14846409585811,7.15942258616576,-1.32907702960534));
#7501=CARTESIAN_POINT('',(2.14846409585811,0.3101975,-1.32907702960534));
#7502=CARTESIAN_POINT('',(-2.60208521396521E-16,0.3101975,5.3776427755281E-15));
#7503=CARTESIAN_POINT('',(2.22524651915364,0.3101975,-1.19608597132922));
#7504=CARTESIAN_POINT('',(2.22524651915364,7.15942258616576,-1.19608597132922));
#7505=CARTESIAN_POINT('',(2.52275718270907,7.15942258616576,-0.4896646604194));
#7506=CARTESIAN_POINT('',(2.06777384498728,7.15942258616576,-0.975312467781435));
#7507=CARTESIAN_POINT('',(2.06777384498728,0.370218396039565,-0.975312467781435));
#7508=CARTESIAN_POINT('',(2.06777384498729,0.370218396039566,-0.975312467781435));
#7509=CARTESIAN_POINT('',(2.02741886245565,0.383375171917996,-0.937505554278252));
#7510=CARTESIAN_POINT('',(1.99220117598917,0.395811304116249,-0.895216855030351));
#7511=CARTESIAN_POINT('',(1.96220010655695,0.407347516012196,-0.84832800504189));
#7512=CARTESIAN_POINT('',(1.96220010655695,0.407347516012195,-0.848328005041889));
#7513=CARTESIAN_POINT('',(1.96220010655695,7.15942258616576,-0.848328005041889));
#7514=CARTESIAN_POINT('',(2.17852427684109,7.15942258616576,-0.707845446267218));
#7515=CARTESIAN_POINT('',(2.17852427684109,0.,-0.707845446267218));
#7516=CARTESIAN_POINT('',(1.92073777060625,0.42926,-0.716655280104222));
#7517=CARTESIAN_POINT('',(1.92235387890645,0.42474868236917,-0.763944584319628));
#7518=CARTESIAN_POINT('',(1.93686298067139,0.417032399691316,-0.809312252606957));
#7519=CARTESIAN_POINT('',(1.96220010655695,0.407347516012195,-0.848328005041889));
#7520=CARTESIAN_POINT('',(1.92073777060624,0.42926,-0.716655280104223));
#7521=CARTESIAN_POINT('',(2.17852427684109,0.42926,-0.707845446267218));
#7522=CARTESIAN_POINT('',(2.08608792303922,7.15942258616576,-0.46704051179781));
#7523=CARTESIAN_POINT('',(2.32877109945644,7.15942258616576,-1.08669243528717));
#7524=CARTESIAN_POINT('',(2.24613846605765,7.15942258616576,-0.42636260989868));
#7525=CARTESIAN_POINT('',(2.27424672430971,7.15942258616576,-0.423044068915034));
#7526=CARTESIAN_POINT('',(2.30235498256177,7.15942258616576,-0.419725527931388));
#7527=CARTESIAN_POINT('',(2.25286491991704,7.15942258616576,-0.000541474281300514));
#7528=CARTESIAN_POINT('',(1.82292427684108,7.15942258616576,-1.32376271343871));
#7529=CARTESIAN_POINT('',(2.22524651915364,0.310197500000001,-1.19608597132922));
#7530=CARTESIAN_POINT('',(2.20290891434522,0.323447631244117,-1.12569793427618));
#7531=CARTESIAN_POINT('',(2.16293867369402,0.339269405510236,-1.06323060756407));
#7532=CARTESIAN_POINT('',(2.10935278330505,0.356704814395658,-1.01372521922241));
#7533=CARTESIAN_POINT('',(2.10935278330505,0.356704814395656,-1.01372521922241));
#7534=CARTESIAN_POINT('',(2.10935278330505,7.15942258616576,-1.01372521922241));
#7535=CARTESIAN_POINT('',(2.08856331414617,7.15942258616576,-0.994518843501924));
#7536=CARTESIAN_POINT('',(2.10935278330505,0.356704814395657,-1.01372521922241));
#7537=CARTESIAN_POINT('',(2.09549397147138,0.36121409938154,-1.0009217394855));
#7538=CARTESIAN_POINT('',(2.08163434519442,0.365718739678739,-0.988117507324175));
#7539=CARTESIAN_POINT('',(2.06777384498729,0.370218396039566,-0.975312467781434));
#7540=CARTESIAN_POINT('',(-2.60208521396521E-16,0.42926,5.3776427755281E-15));
#7541=CARTESIAN_POINT('',(2.14846409585811,0.310197500000001,-1.32907702960534));
#7542=CARTESIAN_POINT('',(2.07633746524344,0.323447631244117,-1.34492611490808));
#7543=CARTESIAN_POINT('',(2.00225405307866,0.339269405510236,-1.3415445344648));
#7544=CARTESIAN_POINT('',(1.93258818395608,0.356704814395657,-1.31989048627438));
#7545=CARTESIAN_POINT('',(1.93258818395608,0.356704814395656,-1.31989048627438));
#7546=CARTESIAN_POINT('',(1.93258818395608,0.356704814395657,-1.31989048627438));
#7547=CARTESIAN_POINT('',(1.91457063933024,0.36121409938154,-1.31429014302861));
#7548=CARTESIAN_POINT('',(1.8965520358641,0.365718739678739,-1.30868947066646));
#7549=CARTESIAN_POINT('',(1.87853229622005,0.370218396039566,-1.3030884451493));
#7550=CARTESIAN_POINT('',(1.87853229622005,0.370218396039565,-1.3030884451493));
#7551=CARTESIAN_POINT('',(1.87853229622006,0.370218396039566,-1.3030884451493));
#7552=CARTESIAN_POINT('',(1.8256130574218,0.383375171917995,-1.28704346185922));
#7553=CARTESIAN_POINT('',(1.77138112634688,0.395811304116249,-1.27768840034068));
#7554=CARTESIAN_POINT('',(1.71577365638652,0.407347516012195,-1.27515113706591));
#7555=CARTESIAN_POINT('',(1.71577365638652,0.407347516012195,-1.27515113706591));
#7556=CARTESIAN_POINT('',(1.71577365638653,0.407347516012195,-1.2751511370659));
#7557=CARTESIAN_POINT('',(1.6693276494524,0.417030067181001,-1.27271700498592));
#7558=CARTESIAN_POINT('',(1.62276477089574,0.424749501810281,-1.28283904265616));
#7559=CARTESIAN_POINT('',(1.58101056362963,0.429260000000001,-1.30508006330119));
#7560=CARTESIAN_POINT('',(1.58101056362963,0.42926,-1.30508006330119));
#7561=CARTESIAN_POINT('',(-2.60208521396521E-16,0.42926,5.3776427755281E-15));
#7562=CARTESIAN_POINT('',(-2.60208521396521E-16,0.1190625,5.3776427755281E-15));
#7563=CARTESIAN_POINT('',(-2.60208521396521E-16,0.1190625,5.3776427755281E-15));
#7564=CARTESIAN_POINT('',(1.54637185689932,0.1190625,-1.99776820527451));
#7565=CARTESIAN_POINT('',(1.42213528626856,0.1190625,-2.0880313573713));
#7566=CARTESIAN_POINT('',(1.5146704610863,0.0725551856043424,-1.78403513946247));
#7567=CARTESIAN_POINT('',(1.54348363354889,0.0899879814750972,-1.85104586299696));
#7568=CARTESIAN_POINT('',(1.55459345664271,0.105814587193051,-1.92439229856457));
#7569=CARTESIAN_POINT('',(1.54637185689932,0.1190625,-1.99776820527451));
#7570=CARTESIAN_POINT('',(1.5146704610863,0.0725551856043435,-1.78403513946247));
#7571=CARTESIAN_POINT('',(1.49231008442492,0.0590416039604347,-1.73203166707399));
#7572=CARTESIAN_POINT('',(1.49976400263173,0.063541260321261,-1.7493672261088));
#7573=CARTESIAN_POINT('',(1.50721745085521,0.0680459006184599,-1.76670169210455));
#7574=CARTESIAN_POINT('',(1.5146704610863,0.0725551856043426,-1.78403513946247));
#7575=CARTESIAN_POINT('',(1.49231008442491,0.0590416039604349,-1.73203166707399));
#7576=CARTESIAN_POINT('',(1.447512909333,0.0219124839878053,-1.57308487998098));
#7577=CARTESIAN_POINT('',(1.45584883659524,0.0334486958837517,-1.62812251017157));
#7578=CARTESIAN_POINT('',(1.47082143052324,0.0458848280820055,-1.68107948284938));
#7579=CARTESIAN_POINT('',(1.49231008442492,0.059041603960435,-1.73203166707399));
#7580=CARTESIAN_POINT('',(1.447512909333,0.021912483987805,-1.57308487998098));
#7581=CARTESIAN_POINT('',(1.447512909333,0.0219124839878047,-1.57308487998098));
#7582=CARTESIAN_POINT('',(1.44023718195349,0.0122299328189989,-1.52714774521827));
#7583=CARTESIAN_POINT('',(1.44543662390144,0.00451049818971885,-1.47978190193949));
#7584=CARTESIAN_POINT('',(1.46319130278778,-1.07122983433346E-15,-1.43593160888008));
#7585=CARTESIAN_POINT('',(1.46319130278778,0.,-1.43593160888008));
#7586=CARTESIAN_POINT('',(-2.60208521396521E-16,0.,5.3776427755281E-15));
#7587=CARTESIAN_POINT('',(0.913501134996537,0.,-1.83530489300682));
#7588=CARTESIAN_POINT('',(0.913501134996537,-7.03770732968358E-16,-1.83530489300681));
#7589=CARTESIAN_POINT('',(0.960700312772585,0.00451131763082888,-1.83196906979801));
#7590=CARTESIAN_POINT('',(1.00733606633703,0.0122276003086837,-1.84165647653726));
#7591=CARTESIAN_POINT('',(1.04878653723027,0.0219124839878046,-1.8627765463509));
#7592=CARTESIAN_POINT('',(1.04878653723027,0.021912483987805,-1.8627765463509));
#7593=CARTESIAN_POINT('',(1.04878653723027,0.0219124839878048,-1.8627765463509));
#7594=CARTESIAN_POINT('',(1.09855449087657,0.0334486958837513,-1.88771204735203));
#7595=CARTESIAN_POINT('',(1.14429277885143,0.0458848280820052,-1.91831643490119));
#7596=CARTESIAN_POINT('',(1.18611082643587,0.0590416039604348,-1.95449845004672));
#7597=CARTESIAN_POINT('',(1.18611082643587,0.0590416039604349,-1.95449845004672));
#7598=CARTESIAN_POINT('',(1.18611082643587,0.0590416039604347,-1.95449845004672));
#7599=CARTESIAN_POINT('',(1.20029453541895,0.0635412603212611,-1.96694452987799));
#7600=CARTESIAN_POINT('',(1.21447735009296,0.0680459006184601,-1.9793898249609));
#7601=CARTESIAN_POINT('',(1.22865933133191,0.0725551856043428,-1.9918343887119));
#7602=CARTESIAN_POINT('',(1.22865933133192,0.0725551856043436,-1.9918343887119));
#7603=CARTESIAN_POINT('',(1.22865933133192,0.0725551856043428,-1.9918343887119));
#7604=CARTESIAN_POINT('',(1.28348655665824,0.0899879814750974,-2.0399447965151));
#7605=CARTESIAN_POINT('',(1.34981003801135,0.105814587193051,-2.07317616123058));
#7606=CARTESIAN_POINT('',(1.42213528626856,0.1190625,-2.08803135737129));
#7607=CARTESIAN_POINT('',(-2.60208521396521E-16,0.42926,5.3776427755281E-15));
#7608=CARTESIAN_POINT('',(1.42213528626856,7.15942258616576,-2.0880313573713));
#7609=CARTESIAN_POINT('',(1.42213528626856,0.3101975,-2.0880313573713));
#7610=CARTESIAN_POINT('',(-2.60208521396521E-16,0.3101975,5.3776427755281E-15));
#7611=CARTESIAN_POINT('',(1.54637185689932,0.3101975,-1.99776820527451));
#7612=CARTESIAN_POINT('',(1.54637185689932,7.15942258616576,-1.99776820527451));
#7613=CARTESIAN_POINT('',(2.10548880478729,7.15942258616576,-1.4734287140847));
#7614=CARTESIAN_POINT('',(1.49231008442491,7.15942258616576,-1.73203166707399));
#7615=CARTESIAN_POINT('',(1.49231008442491,0.370218396039565,-1.73203166707399));
#7616=CARTESIAN_POINT('',(1.49231008442492,0.370218396039565,-1.73203166707399));
#7617=CARTESIAN_POINT('',(1.47082143052324,0.383375171917995,-1.68107948284938));
#7618=CARTESIAN_POINT('',(1.45584883659524,0.395811304116248,-1.62812251017157));
#7619=CARTESIAN_POINT('',(1.447512909333,0.407347516012195,-1.57308487998098));
#7620=CARTESIAN_POINT('',(1.447512909333,0.407347516012195,-1.57308487998098));
#7621=CARTESIAN_POINT('',(1.447512909333,7.15942258616576,-1.57308487998098));
#7622=CARTESIAN_POINT('',(1.70227427684109,7.15942258616576,-1.53273464337189));
#7623=CARTESIAN_POINT('',(1.70227427684109,0.,-1.53273464337189));
#7624=CARTESIAN_POINT('',(1.46319130278777,0.429260000000001,-1.43593160888008));
#7625=CARTESIAN_POINT('',(1.44543339833451,0.424748682369171,-1.47978986840601));
#7626=CARTESIAN_POINT('',(1.44023542924299,0.417032399691316,-1.52713667903966));
#7627=CARTESIAN_POINT('',(1.447512909333,0.407347516012195,-1.57308487998098));
#7628=CARTESIAN_POINT('',(1.46319130278777,0.42926,-1.43593160888008));
#7629=CARTESIAN_POINT('',(1.70227427684109,0.42926,-1.53273464337189));
#7630=CARTESIAN_POINT('',(1.71577365638652,7.15942258616576,-1.27515113706591));
#7631=CARTESIAN_POINT('',(1.68544062661322,7.15942258616576,-1.93993947759602));
#7632=CARTESIAN_POINT('',(1.87853229622005,7.15942258616576,-1.3030884451493));
#7633=CARTESIAN_POINT('',(1.90556024008807,7.15942258616576,-1.31148946571184));
#7634=CARTESIAN_POINT('',(1.93258818395608,7.15942258616576,-1.31989048627438));
#7635=CARTESIAN_POINT('',(2.05787427684109,7.15942258616576,-0.916817376200402));
#7636=CARTESIAN_POINT('',(1.12690139044162,7.15942258616576,-1.95076751480231));
#7637=CARTESIAN_POINT('',(1.54637185689932,0.3101975,-1.99776820527451));
#7638=CARTESIAN_POINT('',(1.55459483339562,0.323447631244117,-1.92438001135819));
#7639=CARTESIAN_POINT('',(1.54348795237663,0.339269405510236,-1.85105590728387));
#7640=CARTESIAN_POINT('',(1.5146704610863,0.356704814395658,-1.78403513946247));
#7641=CARTESIAN_POINT('',(1.5146704610863,0.356704814395656,-1.78403513946247));
#7642=CARTESIAN_POINT('',(1.5146704610863,7.15942258616576,-1.78403513946247));
#7643=CARTESIAN_POINT('',(1.50349027275561,7.15942258616576,-1.75803340326823));
#7644=CARTESIAN_POINT('',(1.5146704610863,0.356704814395657,-1.78403513946247));
#7645=CARTESIAN_POINT('',(1.50721745085521,0.36121409938154,-1.76670169210455));
#7646=CARTESIAN_POINT('',(1.49976400263173,0.365718739678739,-1.7493672261088));
#7647=CARTESIAN_POINT('',(1.49231008442492,0.370218396039565,-1.73203166707399));
#7648=CARTESIAN_POINT('',(-2.60208521396521E-16,0.42926,5.3776427755281E-15));
#7649=CARTESIAN_POINT('',(1.42213528626856,0.3101975,-2.08803135737129));
#7650=CARTESIAN_POINT('',(1.34979792674361,0.323447631244117,-2.07317367364482));
#7651=CARTESIAN_POINT('',(1.28349477475159,0.339269405510236,-2.03995200781971));
#7652=CARTESIAN_POINT('',(1.22865933133192,0.356704814395657,-1.9918343887119));
#7653=CARTESIAN_POINT('',(1.22865933133192,0.356704814395656,-1.9918343887119));
#7654=CARTESIAN_POINT('',(1.22865933133191,0.356704814395657,-1.9918343887119));
#7655=CARTESIAN_POINT('',(1.21447735009296,0.36121409938154,-1.9793898249609));
#7656=CARTESIAN_POINT('',(1.20029453541895,0.365718739678739,-1.96694452987799));
#7657=CARTESIAN_POINT('',(1.18611082643587,0.370218396039565,-1.95449845004672));
#7658=CARTESIAN_POINT('',(1.18611082643587,0.370218396039565,-1.95449845004672));
#7659=CARTESIAN_POINT('',(1.18611082643587,0.370218396039565,-1.95449845004672));
#7660=CARTESIAN_POINT('',(1.14429277885143,0.383375171917995,-1.91831643490119));
#7661=CARTESIAN_POINT('',(1.09855449087657,0.395811304116249,-1.88771204735203));
#7662=CARTESIAN_POINT('',(1.04878653723027,0.407347516012195,-1.8627765463509));
#7663=CARTESIAN_POINT('',(1.04878653723027,0.407347516012195,-1.8627765463509));
#7664=CARTESIAN_POINT('',(1.04878653723027,0.407347516012195,-1.8627765463509));
#7665=CARTESIAN_POINT('',(1.00734604928098,0.417030067181001,-1.84166156310127));
#7666=CARTESIAN_POINT('',(0.960691739457695,0.424749501810281,-1.83196967572091));
#7667=CARTESIAN_POINT('',(0.913501134996536,0.429260000000001,-1.83530489300681));
#7668=CARTESIAN_POINT('',(0.913501134996536,0.42926,-1.83530489300682));
#7669=CARTESIAN_POINT('',(-2.60208521396521E-16,0.42926,5.3776427755281E-15));
#7670=CARTESIAN_POINT('',(-2.60208521396521E-16,0.1190625,5.3776427755281E-15));
#7671=CARTESIAN_POINT('',(-2.60208521396521E-16,0.1190625,5.3776427755281E-15));
#7672=CARTESIAN_POINT('',(0.600115452239805,0.1190625,-2.45401816737346));
#7673=CARTESIAN_POINT('',(0.449906365989697,0.1190625,-2.48594609427838));
#7674=CARTESIAN_POINT('',(0.65808785579658,0.0725551856043428,-2.24586917663904));
#7675=CARTESIAN_POINT('',(0.65715428187956,0.0899879814750976,-2.31880589178111));
#7676=CARTESIAN_POINT('',(0.637470927317787,0.105814587193052,-2.39032996697852));
#7677=CARTESIAN_POINT('',(0.600115452239805,0.1190625,-2.45401816737346));
#7678=CARTESIAN_POINT('',(0.65808785579658,0.0725551856043435,-2.24586917663904));
#7679=CARTESIAN_POINT('',(0.658812353053969,0.0590416039604353,-2.18926685611574));
#7680=CARTESIAN_POINT('',(0.658570839085782,0.0635412603212614,-2.20813545899689));
#7681=CARTESIAN_POINT('',(0.658329340345498,0.0680459006184602,-2.22700287217772));
#7682=CARTESIAN_POINT('',(0.658087855796579,0.0725551856043427,-2.24586917663905));
#7683=CARTESIAN_POINT('',(0.658812353053969,0.0590416039604349,-2.18926685611574));
#7684=CARTESIAN_POINT('',(0.682537579843425,0.0219124839878052,-2.02584108814387));
#7685=CARTESIAN_POINT('',(0.667767007382512,0.0334486958837517,-2.07951099227546));
#7686=CARTESIAN_POINT('',(0.659905611260138,0.0458848280820057,-2.13397949670819));
#7687=CARTESIAN_POINT('',(0.658812353053969,0.0590416039604353,-2.18926685611575));
#7688=CARTESIAN_POINT('',(0.682537579843427,0.021912483987805,-2.02584108814387));
#7689=CARTESIAN_POINT('',(0.682537579843426,0.0219124839878053,-2.02584108814387));
#7690=CARTESIAN_POINT('',(0.694575188130737,0.0122299328189996,-1.98091612241401));
#7691=CARTESIAN_POINT('',(0.718590538796223,0.00451049818971969,-1.93976007500304));
#7692=CARTESIAN_POINT('',(0.752645766041617,-2.81118805597568E-16,-1.90692231745143));
#7693=CARTESIAN_POINT('',(0.752645766041619,0.,-1.90692231745144));
#7694=CARTESIAN_POINT('',(-2.60208521396521E-16,0.,5.3776427755281E-15));
#7695=CARTESIAN_POINT('',(0.0880390612252643,0.,-2.04818883349004));
#7696=CARTESIAN_POINT('',(0.0880390612252628,3.70125987232386E-16,-2.04818883349004));
#7697=CARTESIAN_POINT('',(0.132514457220879,0.00451131763082985,-2.06433904247471));
#7698=CARTESIAN_POINT('',(0.171178114756179,0.0122276003086843,-2.0921573987498));
#7699=CARTESIAN_POINT('',(0.200454697860325,0.0219124839878051,-2.12831096797817));
#7700=CARTESIAN_POINT('',(0.200454697860326,0.021912483987805,-2.12831096797817));
#7701=CARTESIAN_POINT('',(0.200454697860325,0.021912483987805,-2.12831096797817));
#7702=CARTESIAN_POINT('',(0.235777803879457,0.0334486958837515,-2.17133313205064));
#7703=CARTESIAN_POINT('',(0.265113883244109,0.0458848280820054,-2.21789506899104));
#7704=CARTESIAN_POINT('',(0.28860001928234,0.0590416039604351,-2.26795791687008));
#7705=CARTESIAN_POINT('',(0.288600019282341,0.0590416039604349,-2.26795791687007));
#7706=CARTESIAN_POINT('',(0.288600019282341,0.0590416039604349,-2.26795791687008));
#7707=CARTESIAN_POINT('',(0.29649520546634,0.0635412603212613,-2.28509701074353));
#7708=CARTESIAN_POINT('',(0.304389893844252,0.0680459006184603,-2.30223502396542));
#7709=CARTESIAN_POINT('',(0.312284118300852,0.0725551856043431,-2.31937203009378));
#7710=CARTESIAN_POINT('',(0.312284118300853,0.0725551856043436,-2.31937203009378));
#7711=CARTESIAN_POINT('',(0.312284118300853,0.072555185604343,-2.31937203009378));
#7712=CARTESIAN_POINT('',(0.342803015185981,0.0899879814750976,-2.38562331618612));
#7713=CARTESIAN_POINT('',(0.389876116581953,0.105814587193052,-2.44295786863587));
#7714=CARTESIAN_POINT('',(0.449906365989701,0.1190625,-2.48594609427838));
#7715=CARTESIAN_POINT('',(-2.60208521396521E-16,0.42926,5.3776427755281E-15));
#7716=CARTESIAN_POINT('',(0.449906365989697,7.15942258616576,-2.48594609427838));
#7717=CARTESIAN_POINT('',(0.449906365989697,0.3101975,-2.48594609427838));
#7718=CARTESIAN_POINT('',(-2.60208521396521E-16,0.3101975,5.3776427755281E-15));
#7719=CARTESIAN_POINT('',(0.600115452239805,0.3101975,-2.45401816737346));
#7720=CARTESIAN_POINT('',(0.600115452239805,7.15942258616576,-2.45401816737346));
#7721=CARTESIAN_POINT('',(1.32416228475247,7.15942258616576,-2.20242355740511));
#7722=CARTESIAN_POINT('',(0.658812353053969,7.15942258616576,-2.18926685611574));
#7723=CARTESIAN_POINT('',(0.658812353053969,0.370218396039565,-2.18926685611574));
#7724=CARTESIAN_POINT('',(0.658812353053969,0.370218396039565,-2.18926685611575));
#7725=CARTESIAN_POINT('',(0.659905611260138,0.383375171917994,-2.13397949670819));
#7726=CARTESIAN_POINT('',(0.667767007382512,0.395811304116248,-2.07951099227546));
#7727=CARTESIAN_POINT('',(0.682537579843425,0.407347516012195,-2.02584108814387));
#7728=CARTESIAN_POINT('',(0.682537579843427,0.407347516012195,-2.02584108814387));
#7729=CARTESIAN_POINT('',(0.682537579843427,7.15942258616576,-2.02584108814387));
#7730=CARTESIAN_POINT('',(0.93168558969895,7.15942258616576,-2.09260009618048));
#7731=CARTESIAN_POINT('',(0.93168558969895,0.,-2.09260009618048));
#7732=CARTESIAN_POINT('',(0.752645766041614,0.42926,-1.90692231745144));
#7733=CARTESIAN_POINT('',(0.718584351840362,0.42474868236917,-1.93976604077608));
#7734=CARTESIAN_POINT('',(0.694578087970357,0.417032399691316,-1.98090530006521));
#7735=CARTESIAN_POINT('',(0.682537579843426,0.407347516012195,-2.02584108814387));
#7736=CARTESIAN_POINT('',(0.752645766041614,0.42926,-1.90692231745144));
#7737=CARTESIAN_POINT('',(0.93168558969895,0.42926,-2.09260009618048));
#7738=CARTESIAN_POINT('',(1.04878653723027,7.15942258616576,-1.8627765463509));
#7739=CARTESIAN_POINT('',(0.750682157681179,7.15942258616576,-2.45775336043164));
#7740=CARTESIAN_POINT('',(1.18611082643587,7.15942258616576,-1.95449845004672));
#7741=CARTESIAN_POINT('',(1.20738507888389,7.15942258616576,-1.97316641937931));
#7742=CARTESIAN_POINT('',(1.22865933133192,7.15942258616576,-1.9918343887119));
#7743=CARTESIAN_POINT('',(1.50705847609842,7.15942258616576,-1.67456722475007));
#7744=CARTESIAN_POINT('',(0.236027016057065,7.15942258616576,-2.24046689069007));
#7745=CARTESIAN_POINT('',(0.600115452239805,0.3101975,-2.45401816737346));
#7746=CARTESIAN_POINT('',(0.637477182701225,0.323447631244117,-2.39031930203281));
#7747=CARTESIAN_POINT('',(0.657154141945475,0.339269405510236,-2.31881682431929));
#7748=CARTESIAN_POINT('',(0.65808785579658,0.356704814395657,-2.24586917663905));
#7749=CARTESIAN_POINT('',(0.65808785579658,0.356704814395656,-2.24586917663904));
#7750=CARTESIAN_POINT('',(0.65808785579658,7.15942258616576,-2.24586917663904));
#7751=CARTESIAN_POINT('',(0.658450104425274,7.15942258616576,-2.2175680163774));
#7752=CARTESIAN_POINT('',(0.658087855796579,0.356704814395657,-2.24586917663904));
#7753=CARTESIAN_POINT('',(0.658329340345498,0.36121409938154,-2.22700287217772));
#7754=CARTESIAN_POINT('',(0.658570839085782,0.365718739678739,-2.20813545899689));
#7755=CARTESIAN_POINT('',(0.658812353053969,0.370218396039565,-2.18926685611574));
#7756=CARTESIAN_POINT('',(0.,0.,-0.0100308494839663));
#7757=CARTESIAN_POINT('',(-2.60208521396521E-16,0.,5.3776427755281E-15));
#7758=CARTESIAN_POINT('',(-0.0880390612252643,0.,-2.04818883349004));
#7759=CARTESIAN_POINT('',(4.87890977618477E-17,0.,-2.2906359816844));
#7760=CARTESIAN_POINT('',(-2.60208521396521E-16,0.1190625,5.3776427755281E-15));
#7761=CARTESIAN_POINT('',(-2.60208521396521E-16,0.1190625,5.3776427755281E-15));
#7762=CARTESIAN_POINT('',(-0.449906365989699,0.1190625,-2.48594609427838));
#7763=CARTESIAN_POINT('',(-0.312284118300853,0.072555185604343,-2.31937203009378));
#7764=CARTESIAN_POINT('',(-0.342803015185981,0.0899879814750974,-2.38562331618612));
#7765=CARTESIAN_POINT('',(-0.389876116581953,0.105814587193051,-2.44295786863587));
#7766=CARTESIAN_POINT('',(-0.449906365989699,0.119062499999999,-2.48594609427838));
#7767=CARTESIAN_POINT('',(-0.312284118300853,0.0725551856043435,-2.31937203009378));
#7768=CARTESIAN_POINT('',(-0.288600019282341,0.0590416039604349,-2.26795791687008));
#7769=CARTESIAN_POINT('',(-0.29649520546634,0.0635412603212613,-2.28509701074353));
#7770=CARTESIAN_POINT('',(-0.304389893844252,0.0680459006184603,-2.30223502396542));
#7771=CARTESIAN_POINT('',(-0.312284118300852,0.0725551856043431,-2.31937203009378));
#7772=CARTESIAN_POINT('',(-0.288600019282341,0.0590416039604349,-2.26795791687007));
#7773=CARTESIAN_POINT('',(-0.200454697860325,0.0219124839878051,-2.12831096797817));
#7774=CARTESIAN_POINT('',(-0.235777803879457,0.0334486958837515,-2.17133313205064));
#7775=CARTESIAN_POINT('',(-0.265113883244109,0.0458848280820053,-2.21789506899104));
#7776=CARTESIAN_POINT('',(-0.28860001928234,0.059041603960435,-2.26795791687008));
#7777=CARTESIAN_POINT('',(-0.200454697860326,0.021912483987805,-2.12831096797817));
#7778=CARTESIAN_POINT('',(-0.200454697860325,0.0219124839878051,-2.12831096797817));
#7779=CARTESIAN_POINT('',(-0.171185165737311,0.0122299328189996,-2.09216610598635));
#7780=CARTESIAN_POINT('',(-0.132506378656957,0.00451049818972011,-2.06433610893151));
#7781=CARTESIAN_POINT('',(-0.0880390612252631,3.75284905343435E-16,-2.04818883349004));
#7782=CARTESIAN_POINT('',(-2.60208521396521E-16,0.42926,5.3776427755281E-15));
#7783=CARTESIAN_POINT('',(0.449906365989701,0.3101975,-2.48594609427838));
#7784=CARTESIAN_POINT('',(0.38986606418061,0.323447631244117,-2.44295067001682));
#7785=CARTESIAN_POINT('',(0.342807589686008,0.339269405510235,-2.38563324664039));
#7786=CARTESIAN_POINT('',(0.312284118300853,0.356704814395657,-2.31937203009378));
#7787=CARTESIAN_POINT('',(0.312284118300853,0.356704814395656,-2.31937203009378));
#7788=CARTESIAN_POINT('',(0.312284118300852,0.356704814395657,-2.31937203009378));
#7789=CARTESIAN_POINT('',(0.304389893844252,0.36121409938154,-2.30223502396542));
#7790=CARTESIAN_POINT('',(0.296495205466341,0.365718739678739,-2.28509701074353));
#7791=CARTESIAN_POINT('',(0.288600019282341,0.370218396039565,-2.26795791687008));
#7792=CARTESIAN_POINT('',(0.288600019282341,0.370218396039565,-2.26795791687007));
#7793=CARTESIAN_POINT('',(0.28860001928234,0.370218396039565,-2.26795791687008));
#7794=CARTESIAN_POINT('',(0.265113883244109,0.383375171917995,-2.21789506899104));
#7795=CARTESIAN_POINT('',(0.235777803879457,0.395811304116248,-2.17133313205064));
#7796=CARTESIAN_POINT('',(0.200454697860325,0.407347516012195,-2.12831096797817));
#7797=CARTESIAN_POINT('',(0.200454697860326,0.407347516012195,-2.12831096797817));
#7798=CARTESIAN_POINT('',(0.200454697860325,0.407347516012195,-2.12831096797817));
#7799=CARTESIAN_POINT('',(0.171185165737311,0.417030067181,-2.09216610598635));
#7800=CARTESIAN_POINT('',(0.132506378656957,0.42474950181028,-2.06433610893151));
#7801=CARTESIAN_POINT('',(0.0880390612252626,0.42926,-2.04818883349004));
#7802=CARTESIAN_POINT('',(0.0880390612252638,0.42926,-2.04818883349004));
#7803=CARTESIAN_POINT('',(-2.60208521396521E-16,0.42926,5.3776427755281E-15));
#7804=CARTESIAN_POINT('',(-2.60208521396521E-16,0.42926,5.3776427755281E-15));
#7805=CARTESIAN_POINT('',(-0.449906365989699,7.15942258616576,-2.48594609427838));
#7806=CARTESIAN_POINT('',(0.,0.42926,-0.0100308494839663));
#7807=CARTESIAN_POINT('',(0.122573567460027,0.42926,-1.47646604890695));
#7808=CARTESIAN_POINT('',(0.165335443461567,0.42926,-1.47373943696443));
#7809=CARTESIAN_POINT('',(0.196382124464196,0.42926,-1.45609246100694));
#7810=CARTESIAN_POINT('',(0.196382124464196,0.42926,-1.45609246100694));
#7811=CARTESIAN_POINT('',(0.122573567460027,0.42926,-1.47646604890695));
#7812=CARTESIAN_POINT('',(-0.477487863970511,0.42926,-0.284721600478335));
#7813=CARTESIAN_POINT('',(0.181216634681962,0.42926,-1.42973068424594));
#7814=CARTESIAN_POINT('',(0.109570413849912,0.42926,-1.30360940100589));
#7815=CARTESIAN_POINT('',(0.120352851854585,0.42926,-1.44820308955161));
#7816=CARTESIAN_POINT('',(0.120352851854585,0.42926,-1.44820308955161));
#7817=CARTESIAN_POINT('',(0.0755064832902961,0.42926,-1.45106261433255));
#7818=CARTESIAN_POINT('',(0.0476352105523508,0.42926,-1.42285052797067));
#7819=CARTESIAN_POINT('',(0.0476352105523508,0.42926,-1.42285052797067));
#7820=CARTESIAN_POINT('',(0.0476352105523508,0.42926,-1.42285052797067));
#7821=CARTESIAN_POINT('',(0.0197639378144056,0.42926,-1.39463844160878));
#7822=CARTESIAN_POINT('',(0.016452509382822,0.42926,-1.34270479833115));
#7823=CARTESIAN_POINT('',(0.016452509382822,0.42926,-1.34270479833115));
#7824=CARTESIAN_POINT('',(0.016452509382822,0.42926,-1.34270479833115));
#7825=CARTESIAN_POINT('',(0.0130499407191766,0.42926,-1.28934178872477));
#7826=CARTESIAN_POINT('',(0.0362347489542519,0.42926,-1.25859181849554));
#7827=CARTESIAN_POINT('',(0.0362347489542519,0.42926,-1.25859181849554));
#7828=CARTESIAN_POINT('',(0.0362347489542519,0.42926,-1.25859181849554));
#7829=CARTESIAN_POINT('',(0.0594195571893272,0.42926,-1.22784184826632));
#7830=CARTESIAN_POINT('',(0.105754849012722,0.42926,-1.22488738574365));
#7831=CARTESIAN_POINT('',(0.105754849012722,0.42926,-1.22488738574365));
#7832=CARTESIAN_POINT('',(0.105754849012722,0.42926,-1.22488738574365));
#7833=CARTESIAN_POINT('',(0.134223061726839,0.42926,-1.22307217612175));
#7834=CARTESIAN_POINT('',(0.171384631703242,0.42926,-1.23098809471715));
#7835=CARTESIAN_POINT('',(0.171384631703242,0.42926,-1.23098809471715));
#7836=CARTESIAN_POINT('',(0.0931543860603366,0.42926,-0.00409107589870455));
#7837=CARTESIAN_POINT('',(0.169618789707042,0.42926,-1.20329412209777));
#7838=CARTESIAN_POINT('',(0.169618789707042,0.42926,-1.20329412209777));
#7839=CARTESIAN_POINT('',(0.140649493553222,0.42926,-1.19443724865546));
#7840=CARTESIAN_POINT('',(0.0991383130893325,0.42926,-1.19708411289492));
#7841=CARTESIAN_POINT('',(0.0991383130893325,0.42926,-1.19708411289492));
#7842=CARTESIAN_POINT('',(0.0991383130893325,0.42926,-1.19708411289492));
#7843=CARTESIAN_POINT('',(0.0390453703517931,0.42926,-1.20091580015119));
#7844=CARTESIAN_POINT('',(0.00870626747424442,0.42926,-1.23950713251807));
#7845=CARTESIAN_POINT('',(0.00870626747424442,0.42926,-1.23950713251807));
#7846=CARTESIAN_POINT('',(0.00870626747424442,0.42926,-1.23950713251807));
#7847=CARTESIAN_POINT('',(-0.0216328354033043,0.42926,-1.27809846488494));
#7848=CARTESIAN_POINT('',(-0.0173492444963935,0.42926,-1.34527868233583));
#7849=CARTESIAN_POINT('',(-0.0173492444963935,0.42926,-1.34527868233583));
#7850=CARTESIAN_POINT('',(-0.0173492444963935,0.42926,-1.34527868233583));
#7851=CARTESIAN_POINT('',(-0.014668202669905,0.42926,-1.387325875173));
#7852=CARTESIAN_POINT('',(0.00307130458063012,0.42926,-1.41794806264374));
#7853=CARTESIAN_POINT('',(0.00307130458063012,0.42926,-1.41794806264374));
#7854=CARTESIAN_POINT('',(0.101544800082419,0.42926,-1.36247626356803));
#7855=CARTESIAN_POINT('',(0.051591725647658,0.42926,-1.46379980902408));
#7856=CARTESIAN_POINT('',(0.051591725647658,0.42926,-1.46379980902408));
#7857=CARTESIAN_POINT('',(0.0823726394641507,0.42926,-1.47902936793369));
#7858=CARTESIAN_POINT('',(0.122573567460027,0.42926,-1.47646604890695));
#7859=CARTESIAN_POINT('',(-0.0326391804060088,0.42926,-0.01865113440174));
#7860=CARTESIAN_POINT('',(0.279835404809927,0.42926,-1.20178074745282));
#7861=CARTESIAN_POINT('',(0.305452013767642,0.42926,-1.29877349527223));
#7862=CARTESIAN_POINT('',(0.312474585215936,0.42926,-1.19316046253505));
#7863=CARTESIAN_POINT('',(0.396157462872939,0.42926,-1.17105910339646));
#7864=CARTESIAN_POINT('',(0.0836828776570041,0.42926,0.0120705096546281));
#7865=CARTESIAN_POINT('',(0.388918980270373,0.42926,-1.14365187245403));
#7866=CARTESIAN_POINT('',(0.305236102613368,0.42926,-1.16575323159263));
#7867=CARTESIAN_POINT('',(0.241958522985406,0.42926,-1.18246537811453));
#7868=CARTESIAN_POINT('',(-0.0632775796279629,0.42926,-0.0267429960058725));
#7869=CARTESIAN_POINT('',(0.311585106166727,0.42926,-1.44609409006389));
#7870=CARTESIAN_POINT('',(0.374862685794691,0.42926,-1.42938194354198));
#7871=CARTESIAN_POINT('',(0.458545563451695,0.42926,-1.40728058440339));
#7872=CARTESIAN_POINT('',(0.0836828776570041,0.42926,0.0120705096546281));
#7873=CARTESIAN_POINT('',(0.451352797581355,0.42926,-1.38004645176165));
#7874=CARTESIAN_POINT('',(0.36766991992435,0.42926,-1.40214781090025));
#7875=CARTESIAN_POINT('',(0.335030739518342,0.42926,-1.41076809581802));
#7876=CARTESIAN_POINT('',(-0.0326391804060087,0.42926,-0.0186511344017399));
#7877=CARTESIAN_POINT('',(0.312599062905756,0.42926,-1.32583452961328));
#7878=CARTESIAN_POINT('',(0.345238243311765,0.42926,-1.31721424469551));
#7879=CARTESIAN_POINT('',(0.421881790074082,0.42926,-1.29697203266747));
#7880=CARTESIAN_POINT('',(0.0766435467623178,0.42926,0.0102113625440741));
#7881=CARTESIAN_POINT('',(0.414734740935969,0.42926,-1.26991099832642));
#7882=CARTESIAN_POINT('',(0.338091194173651,0.42926,-1.29015321035446));
#7883=CARTESIAN_POINT('',(0.806733980480671,0.42926,0.843969314574919));
#7884=CARTESIAN_POINT('',(0.118023565343103,0.42926,1.4945618062224));
#7885=CARTESIAN_POINT('',(0.189380482879816,0.42926,1.427154266339));
#7886=CARTESIAN_POINT('',(0.148621042388001,0.42926,1.49153334500206));
#7887=CARTESIAN_POINT('',(0.09009324705479,0.42926,1.49732627878606));
#7888=CARTESIAN_POINT('',(-0.0585277953332113,0.42926,-0.00423791569995918));
#7889=CARTESIAN_POINT('',(0.0611896426076882,0.42926,1.2053042553094));
#7890=CARTESIAN_POINT('',(0.119717437940899,0.42926,1.19951132152539));
#7891=CARTESIAN_POINT('',(0.0935300111520505,0.42926,1.20210328707779));
#7892=CARTESIAN_POINT('',(-0.026187426788849,0.42926,-0.0074388839315708));
#7893=CARTESIAN_POINT('',(0.11412352009065,0.42926,1.41020693550374));
#7894=CARTESIAN_POINT('',(-0.601618616442889,0.42926,1.48263115828685));
#7895=CARTESIAN_POINT('',(0.117402369960332,0.42926,1.45949950579196));
#7896=CARTESIAN_POINT('',(0.255720988460995,0.42926,1.57199438815092));
#7897=CARTESIAN_POINT('',(0.125875598184414,0.42926,1.44978686358197));
#7898=CARTESIAN_POINT('',(3.4134521707806,0.42926,4.70027781716894));
#7899=CARTESIAN_POINT('',(0.169565880056985,0.42926,1.40615519113785));
#7900=CARTESIAN_POINT('',(-0.617201400970382,0.42926,0.572356732101031));
#7901=CARTESIAN_POINT('',(-0.10408341010676,0.42926,1.46451026662783));
#7902=CARTESIAN_POINT('',(-0.0582372753542917,0.42926,1.46774640700609));
#7903=CARTESIAN_POINT('',(-0.175351143187332,0.42926,1.45947969229623));
#7904=CARTESIAN_POINT('',(0.168295116492657,0.42926,0.016234379149053));
#7905=CARTESIAN_POINT('',(-0.0446009836417307,0.42926,1.3803715231108));
#7906=CARTESIAN_POINT('',(-0.0746563401202767,0.42926,1.14898529073607));
#7907=CARTESIAN_POINT('',(-0.0907983210747545,0.42926,1.38174637581962));
#7908=CARTESIAN_POINT('',(-0.0907983210747545,0.42926,1.38174637581962));
#7909=CARTESIAN_POINT('',(-0.137054454868767,0.42926,1.37848129484559));
#7910=CARTESIAN_POINT('',(-0.161959081464363,0.42926,1.35367320700418));
#7911=CARTESIAN_POINT('',(-0.161959081464363,0.42926,1.35367320700418));
#7912=CARTESIAN_POINT('',(-0.161959081464363,0.42926,1.35367320700418));
#7913=CARTESIAN_POINT('',(-0.186863708059959,0.42926,1.32886511916276));
#7914=CARTESIAN_POINT('',(-0.184050854367654,0.42926,1.28901565209922));
#7915=CARTESIAN_POINT('',(-0.184050854367654,0.42926,1.28901565209922));
#7916=CARTESIAN_POINT('',(-0.184050854367654,0.42926,1.28901565209922));
#7917=CARTESIAN_POINT('',(-0.180844562940252,0.42926,1.24359238498017));
#7918=CARTESIAN_POINT('',(-0.150093725570423,0.42926,1.21978329089968));
#7919=CARTESIAN_POINT('',(-0.150093725570423,0.42926,1.21978329089968));
#7920=CARTESIAN_POINT('',(-0.150093725570423,0.42926,1.21978329089968));
#7921=CARTESIAN_POINT('',(-0.119342888200595,0.42926,1.19597419681919));
#7922=CARTESIAN_POINT('',(-0.0684739543606416,0.42926,1.19956488143606));
#7923=CARTESIAN_POINT('',(-0.0684739543606416,0.42926,1.19956488143606));
#7924=CARTESIAN_POINT('',(-0.0684739543606416,0.42926,1.19956488143606));
#7925=CARTESIAN_POINT('',(-0.0190144872013923,0.42926,1.20305607605094));
#7926=CARTESIAN_POINT('',(0.0058795783384759,0.42926,1.220716585639));
#7927=CARTESIAN_POINT('',(0.0058795783384759,0.42926,1.220716585639));
#7928=CARTESIAN_POINT('',(0.0922944685483957,0.42926,-0.00351606131323083));
#7929=CARTESIAN_POINT('',(0.00362416466126534,0.42926,1.25266884582606));
#7930=CARTESIAN_POINT('',(-0.0633135580185245,0.42926,1.34759044425008));
#7931=CARTESIAN_POINT('',(-0.0301844648751729,0.42926,1.23623117611765));
#7932=CARTESIAN_POINT('',(-0.0836164333307333,0.42926,1.39951267266058));
#7933=CARTESIAN_POINT('',(-0.0708798103137629,0.42926,1.22817554808437));
#7934=CARTESIAN_POINT('',(-0.0708798103137629,0.42926,1.22817554808437));
#7935=CARTESIAN_POINT('',(-0.106116477331363,0.42926,1.2256882980349));
#7936=CARTESIAN_POINT('',(-0.126798307321718,0.42926,1.24093656612764));
#7937=CARTESIAN_POINT('',(-0.126798307321718,0.42926,1.24093656612764));
#7938=CARTESIAN_POINT('',(-0.126798307321718,0.42926,1.24093656612764));
#7939=CARTESIAN_POINT('',(-0.147480137312074,0.42926,1.25618483422037));
#7940=CARTESIAN_POINT('',(-0.149700573265324,0.42926,1.287641567867));
#7941=CARTESIAN_POINT('',(-0.149700573265324,0.42926,1.287641567867));
#7942=CARTESIAN_POINT('',(-0.149700573265324,0.42926,1.287641567867));
#7943=CARTESIAN_POINT('',(-0.154023866078577,0.42926,1.34888930181031));
#7944=CARTESIAN_POINT('',(-0.0790017986647415,0.42926,1.35418488327927));
#7945=CARTESIAN_POINT('',(-0.0790017986647415,0.42926,1.35418488327927));
#7946=CARTESIAN_POINT('',(-0.0790017986647415,0.42926,1.35418488327927));
#7947=CARTESIAN_POINT('',(-0.0599739984752376,0.42926,1.35552799830598));
#7948=CARTESIAN_POINT('',(-0.0277213379984222,0.42926,1.3519455011714));
#7949=CARTESIAN_POINT('',(-0.0277213379984222,0.42926,1.3519455011714));
#7950=CARTESIAN_POINT('',(-0.662017138725577,0.42926,0.880313968520967));
#7951=CARTESIAN_POINT('',(-0.0112652354180108,0.42926,1.36418145933564));
#7952=CARTESIAN_POINT('',(0.193022032582631,0.42926,0.0192889233948782));
#7953=CARTESIAN_POINT('',(-0.0319533214776194,0.42926,1.50037816310859));
#7954=CARTESIAN_POINT('',(-0.106245056513387,0.42926,1.49513413359949));
#7955=CARTESIAN_POINT('',(-0.177512789593959,0.42926,1.49010355926789));
#7956=CARTESIAN_POINT('',(-0.0712677330805722,0.42926,-0.0150614238155686));
#7957=CARTESIAN_POINT('',(0.0769165316383086,0.42926,-0.0282526491227574));
#7958=CARTESIAN_POINT('',(-0.261470928125924,0.42926,-1.45662911417587));
#7959=CARTESIAN_POINT('',(-0.225424142279256,0.42926,-1.30436245125469));
#7960=CARTESIAN_POINT('',(-0.338387459764233,0.42926,-1.43840731453708));
#7961=CARTESIAN_POINT('',(-0.232609857011008,0.42926,-1.46346640446985));
#7962=CARTESIAN_POINT('',(0.105777602753225,0.42926,-0.0350899394167335));
#7963=CARTESIAN_POINT('',(-0.169753560525743,0.42926,-1.19814199013573));
#7964=CARTESIAN_POINT('',(-0.275531163278969,0.42926,-1.17308290020297));
#7965=CARTESIAN_POINT('',(-0.204944323293629,0.42926,-1.18980517339902));
#7966=CARTESIAN_POINT('',(0.491724655222554,0.42926,-0.526449987259644));
#7967=CARTESIAN_POINT('',(-0.402691336494939,0.42926,-1.37809618504998));
#7968=CARTESIAN_POINT('',(-0.328275974118213,0.42926,-1.39572544880375));
#7969=CARTESIAN_POINT('',(-0.404143100635528,0.42926,-1.37775225696679));
#7970=CARTESIAN_POINT('',(-1.36533917305394,0.42926,-1.06964630576768));
#7971=CARTESIAN_POINT('',(-0.384211294024959,0.42926,-1.3066094117838));
#7972=CARTESIAN_POINT('',(-0.0729635982361372,0.42926,0.00725448618660324));
#7973=CARTESIAN_POINT('',(-0.348494761515106,0.42926,-1.1557975645324));
#7974=CARTESIAN_POINT('',(-0.275531163278969,0.42926,-1.17308290020297));
#7975=CARTESIAN_POINT('',(-0.377007409236281,0.42926,-1.14904281697839));
#7976=CARTESIAN_POINT('',(-0.101476245957312,0.42926,0.0140092337406118));
#7977=CARTESIAN_POINT('',(-0.439863705721545,0.42926,-1.4143672313125));
#7978=CARTESIAN_POINT('',(-0.338387459764233,0.42926,-1.43840731453708));
#7979=CARTESIAN_POINT('',(-0.405021366347401,0.42926,-1.42262150530925));
#7980=CARTESIAN_POINT('',(0.513084265524232,0.42926,-0.549630237347935));
#7981=CARTESIAN_POINT('',(-0.207829133389752,0.42926,-1.23511900940267));
#7982=CARTESIAN_POINT('',(-0.285849005774908,0.42926,-1.21663582442065));
#7983=CARTESIAN_POINT('',(-0.20641149588529,0.42926,-1.23545485276451));
#7984=CARTESIAN_POINT('',(-0.20995943866745,0.42926,-1.2476129961638));
#7985=CARTESIAN_POINT('',(-0.215454517047738,0.42926,-1.2665537067336));
#7986=CARTESIAN_POINT('',(0.369585957601712,0.42926,-1.44194188461608));
#7987=CARTESIAN_POINT('',(-0.116529806419271,0.42926,-1.472808104592));
#7988=CARTESIAN_POINT('',(-0.0963148186962785,0.42926,-1.47441849920123));
#7989=CARTESIAN_POINT('',(-0.127903694486822,0.42926,-1.47190202202194));
#7990=CARTESIAN_POINT('',(0.0202149877229925,0.42926,-0.0116412440931949));
#7991=CARTESIAN_POINT('',(-0.0746617410461675,0.42926,-1.20261139282272));
#7992=CARTESIAN_POINT('',(-0.0948767287691601,0.42926,-1.20100099821349));
#7993=CARTESIAN_POINT('',(-0.106250616836711,0.42926,-1.20009491564342));
#7994=CARTESIAN_POINT('',(-0.0113738880675505,0.42926,-0.00912476691389771));
#7995=CARTESIAN_POINT('',(0.,0.42926,-5.81707229594993E-17));
#7996=CARTESIAN_POINT('',(1.15,0.42926,-5.81707229594993E-17));
#7997=CARTESIAN_POINT('',(4.87890977618477E-17,0.42926,-2.2906359816844));
#7998=CARTESIAN_POINT('',(0.313876076047244,7.15942258616576,-2.55059935926031));
#7999=CARTESIAN_POINT('',(-0.288600019282341,7.15942258616576,-2.26795791687007));
#8000=CARTESIAN_POINT('',(-0.200454697860326,7.15942258616576,-2.12831096797817));
#8001=CARTESIAN_POINT('',(4.87890977618477E-17,7.15942258616576,-2.2906359816844));
#8002=CARTESIAN_POINT('',(0.200454697860326,7.15942258616576,-2.12831096797817));
#8003=CARTESIAN_POINT('',(-0.313876076047244,7.15942258616576,-2.55059935926031));
#8004=CARTESIAN_POINT('',(0.288600019282341,7.15942258616576,-2.26795791687007));
#8005=CARTESIAN_POINT('',(0.300442068791597,7.15942258616576,-2.29366497348193));
#8006=CARTESIAN_POINT('',(0.312284118300853,7.15942258616576,-2.31937203009378));
#8007=CARTESIAN_POINT('',(0.695658573641884,7.15942258616576,-2.1427691871748));
#8008=CARTESIAN_POINT('',(-0.695658573641884,7.15942258616576,-2.1427691871748));
#8009=CARTESIAN_POINT('',(-0.312284118300853,7.15942258616576,-2.31937203009378));
#8010=CARTESIAN_POINT('',(-0.300442068791597,7.15942258616576,-2.29366497348193));
#8011=CARTESIAN_POINT('',(0.,0.83983,-5.81707229594993E-17));
#8012=CARTESIAN_POINT('',(0.,0.81963,-5.81707229594993E-17));
#8013=CARTESIAN_POINT('',(0.95,0.81963,-5.81707229594993E-17));
#8014=CARTESIAN_POINT('',(0.,0.62926,-5.81707229594993E-17));
#8015=CARTESIAN_POINT('',(0.95,0.62926,-5.81707229594993E-17));
#8016=CARTESIAN_POINT('',(-3.46944695195362E-16,0.83963,0.000945628074542487));
#8017=CARTESIAN_POINT('',(0.,0.83963,-5.81707229594993E-17));
#8018=CARTESIAN_POINT('',(0.93,0.83963,-5.81707229594993E-17));
#8019=CARTESIAN_POINT('',(0.369504172281361,0.83963,-0.69));
#8020=CARTESIAN_POINT('',(-0.398371685740842,0.83963,-0.69));
#8021=CARTESIAN_POINT('',(0.398371685740842,0.83963,-0.69));
#8022=CARTESIAN_POINT('',(0.782309614751943,0.83963,-0.025));
#8023=CARTESIAN_POINT('',(0.796743371481684,0.83963,2.33858794597881E-16));
#8024=CARTESIAN_POINT('',(0.412805442470582,0.83963,0.665));
#8025=CARTESIAN_POINT('',(0.398371685740842,0.83963,0.69));
#8026=CARTESIAN_POINT('',(-0.369504172281361,0.83963,0.69));
#8027=CARTESIAN_POINT('',(-0.398371685740842,0.83963,0.69));
#8028=CARTESIAN_POINT('',(-0.782309614751943,0.83963,0.0249999999999998));
#8029=CARTESIAN_POINT('',(-0.796743371481684,0.83963,-2.0341801160173E-16));
#8030=CARTESIAN_POINT('',(-0.412805442470582,0.83963,-0.665));
#8031=CARTESIAN_POINT('',(0.,0.62926,-5.81707229594993E-17));
#8032=CARTESIAN_POINT('',(0.554256258422041,-6.37760364288818,-0.32));
#8033=CARTESIAN_POINT('',(0.369504172281361,-6.37760364288818,-0.64));
#8034=CARTESIAN_POINT('',(0.369504172281361,-0.36037,-0.64));
#8035=CARTESIAN_POINT('',(0.369504172281361,0.78963,-0.64));
#8036=CARTESIAN_POINT('',(0.739008344562721,-0.36037,2.38859833488319E-16));
#8037=CARTESIAN_POINT('',(0.739008344562721,-0.36037,1.3010426069826E-16));
#8038=CARTESIAN_POINT('',(0.739008344562721,-6.37760364288818,1.3010426069826E-16));
#8039=CARTESIAN_POINT('',(0.739008344562721,0.78963,1.3010426069826E-16));
#8040=CARTESIAN_POINT('',(0.369504172281361,0.78963,-0.64));
#8041=CARTESIAN_POINT('',(0.,-6.37760364288818,-0.64));
#8042=CARTESIAN_POINT('',(-0.369504172281361,-6.37760364288818,-0.64));
#8043=CARTESIAN_POINT('',(-0.369504172281361,-0.36037,-0.64));
#8044=CARTESIAN_POINT('',(-0.369504172281361,0.78963,-0.64));
#8045=CARTESIAN_POINT('',(0.369504172281361,-0.36037,-0.64));
#8046=CARTESIAN_POINT('',(-0.369504172281361,0.78963,-0.64));
#8047=CARTESIAN_POINT('',(-0.554256258422041,-6.37760364288818,-0.32));
#8048=CARTESIAN_POINT('',(-0.739008344562721,-6.37760364288818,-1.7347234759768E-16));
#8049=CARTESIAN_POINT('',(-0.739008344562721,-0.36037,-1.7347234759768E-16));
#8050=CARTESIAN_POINT('',(-0.739008344562721,0.78963,-1.7347234759768E-16));
#8051=CARTESIAN_POINT('',(-0.369504172281361,-0.36037,-0.64));
#8052=CARTESIAN_POINT('',(-0.739008344562721,0.78963,-1.02999206386123E-16));
#8053=CARTESIAN_POINT('',(-0.554256258422041,-6.37760364288818,0.32));
#8054=CARTESIAN_POINT('',(-0.369504172281361,-6.37760364288818,0.64));
#8055=CARTESIAN_POINT('',(-0.369504172281361,-0.36037,0.64));
#8056=CARTESIAN_POINT('',(-0.369504172281361,0.78963,0.64));
#8057=CARTESIAN_POINT('',(-0.739008344562721,-0.36037,-1.80111702849197E-16));
#8058=CARTESIAN_POINT('',(-0.369504172281361,0.78963,0.64));
#8059=CARTESIAN_POINT('',(-8.67361737988404E-17,-6.37760364288818,0.64));
#8060=CARTESIAN_POINT('',(0.36950417228136,-6.37760364288818,0.64));
#8061=CARTESIAN_POINT('',(0.36950417228136,-0.36037,0.64));
#8062=CARTESIAN_POINT('',(0.36950417228136,0.78963,0.64));
#8063=CARTESIAN_POINT('',(-0.369504172281361,-0.36037,0.64));
#8064=CARTESIAN_POINT('',(0.369504172281361,0.78963,0.64));
#8065=CARTESIAN_POINT('',(0.554256258422041,-6.37760364288818,0.32));
#8066=CARTESIAN_POINT('',(0.369504172281361,-0.36037,0.64));
#8067=CARTESIAN_POINT('',(0.739008344562721,0.78963,2.28900800611044E-16));
#8068=CARTESIAN_POINT('',(-0.554256258422041,-0.36037,0.32));
#8069=CARTESIAN_POINT('',(-0.316717861955452,-0.268941428571428,0.548571428571428));
#8070=CARTESIAN_POINT('',(-0.633435723910904,-0.268941428571429,2.16840434497101E-16));
#8071=CARTESIAN_POINT('',(-0.554256258422041,-0.36037,-0.32));
#8072=CARTESIAN_POINT('',(-0.316717861955452,-0.268941428571429,-0.548571428571429));
#8073=CARTESIAN_POINT('',(-8.67361737988404E-17,-0.36037,0.64));
#8074=CARTESIAN_POINT('',(0.316717861955451,-0.268941428571428,0.548571428571428));
#8075=CARTESIAN_POINT('',(0.,-0.36037,-0.64));
#8076=CARTESIAN_POINT('',(0.316717861955452,-0.268941428571428,-0.548571428571429));
#8077=CARTESIAN_POINT('',(0.554256258422041,-0.36037,0.32));
#8078=CARTESIAN_POINT('',(0.633435723910903,-0.268941428571428,8.67361737988404E-17));
#8079=CARTESIAN_POINT('',(0.554256258422041,-0.36037,-0.32));
#8080=CARTESIAN_POINT('',(-0.554256258422041,0.78963,0.32));
#8081=CARTESIAN_POINT('',(-0.633435723910905,0.698201428571428,4.33680868994202E-17));
#8082=CARTESIAN_POINT('',(-0.316717861955453,0.698201428571428,0.54857142857143));
#8083=CARTESIAN_POINT('',(-8.67361737988404E-17,0.78963,0.64));
#8084=CARTESIAN_POINT('',(0.316717861955452,0.698201428571428,0.54857142857143));
#8085=CARTESIAN_POINT('',(-0.554256258422041,0.78963,-0.32));
#8086=CARTESIAN_POINT('',(-0.316717861955452,0.698201428571428,-0.548571428571429));
#8087=CARTESIAN_POINT('',(0.554256258422041,0.78963,0.32));
#8088=CARTESIAN_POINT('',(0.633435723910905,0.698201428571428,2.60208521396521E-16));
#8089=CARTESIAN_POINT('',(0.,0.78963,-0.64));
#8090=CARTESIAN_POINT('',(0.316717861955452,0.698201428571428,-0.54857142857143));
#8091=CARTESIAN_POINT('',(0.554256258422041,0.78963,-0.32));
#8092=CARTESIAN_POINT('',(0.,-0.39037,-5.81707229594993E-17));
#8093=CARTESIAN_POINT('',(0.,0.83963,-5.81707229594993E-17));
#8094=CARTESIAN_POINT('',(-0.11210925659155,0.42726,-1.47316026061158));
#8095=CARTESIAN_POINT('',(-0.127903694486822,0.42726,-1.47190202202194));
#8096=CARTESIAN_POINT('',(-0.127903694486822,0.42726,-1.47190202202194));
#8097=CARTESIAN_POINT('',(-0.11210925659155,0.42726,-1.47316026061158));
#8098=CARTESIAN_POINT('',(-0.0963148186962785,0.42726,-1.47441849920123));
#8099=CARTESIAN_POINT('',(-0.0963148186962785,0.42726,-1.47441849920123));
#8100=CARTESIAN_POINT('',(-0.117077155661766,0.42726,-1.33599846883268));
#8101=CARTESIAN_POINT('',(-0.106250616836711,0.42726,-1.20009491564342));
#8102=CARTESIAN_POINT('',(-0.106250616836711,0.42726,-1.20009491564342));
#8103=CARTESIAN_POINT('',(-0.117077155661766,0.42726,-1.33599846883268));
#8104=CARTESIAN_POINT('',(-0.0904561789414391,0.42726,-1.20135315423307));
#8105=CARTESIAN_POINT('',(-0.0746617410461675,0.42726,-1.20261139282272));
#8106=CARTESIAN_POINT('',(-0.0746617410461675,0.42726,-1.20261139282272));
#8107=CARTESIAN_POINT('',(-0.0904561789414391,0.42726,-1.20135315423307));
#8108=CARTESIAN_POINT('',(-0.085488279871223,0.42726,-1.33851494601198));
#8109=CARTESIAN_POINT('',(-0.085488279871223,0.42726,-1.33851494601198));
#8110=CARTESIAN_POINT('',(-0.107710752750843,0.42726,-1.33791203370918));
#8111=CARTESIAN_POINT('',(-0.243435339443022,0.42726,-1.38049860264336));
#8112=CARTESIAN_POINT('',(-0.225399750760119,0.42726,-1.30436809111086));
#8113=CARTESIAN_POINT('',(-0.225424142279256,0.42726,-1.30436245125469));
#8114=CARTESIAN_POINT('',(-0.243435339443022,0.42726,-1.38049860264336));
#8115=CARTESIAN_POINT('',(-0.261470928125924,0.42726,-1.45662911417587));
#8116=CARTESIAN_POINT('',(-0.261470928125924,0.42726,-1.45662911417587));
#8117=CARTESIAN_POINT('',(0.369585957601712,0.42726,-1.44194188461608));
#8118=CARTESIAN_POINT('',(-0.215459705930354,0.42726,-1.26655198460066));
#8119=CARTESIAN_POINT('',(-0.215454517047738,0.42726,-1.2665537067336));
#8120=CARTESIAN_POINT('',(0.369585957601712,0.42726,-1.44194188461608));
#8121=CARTESIAN_POINT('',(-0.20995943866745,0.427259999371927,-1.2476129961638));
#8122=CARTESIAN_POINT('',(-0.20641149588529,0.42726,-1.23545485276451));
#8123=CARTESIAN_POINT('',(-0.20641149588529,0.42726,-1.23545485276451));
#8124=CARTESIAN_POINT('',(-0.20995943866745,0.42726,-1.2476129961638));
#8125=CARTESIAN_POINT('',(-0.207103251319457,0.42726,-1.23529097344427));
#8126=CARTESIAN_POINT('',(-0.207829133389752,0.42726,-1.23511900940267));
#8127=CARTESIAN_POINT('',(-0.207829133389752,0.42726,-1.23511900940267));
#8128=CARTESIAN_POINT('',(-0.207103251319457,0.42726,-1.23529097344427));
#8129=CARTESIAN_POINT('',(-0.306425249868576,0.42726,-1.32887025735596));
#8130=CARTESIAN_POINT('',(-0.405021366347401,0.42726,-1.42262150530925));
#8131=CARTESIAN_POINT('',(-0.405021366347401,0.42726,-1.42262150530925));
#8132=CARTESIAN_POINT('',(-0.306425249868576,0.42726,-1.32887025735596));
#8133=CARTESIAN_POINT('',(-0.422442536034473,0.42726,-1.41849436831088));
#8134=CARTESIAN_POINT('',(-0.439863705721545,0.42726,-1.4143672313125));
#8135=CARTESIAN_POINT('',(-0.439863705721545,0.42726,-1.4143672313125));
#8136=CARTESIAN_POINT('',(-0.422442536034473,0.42726,-1.41849436831088));
#8137=CARTESIAN_POINT('',(-0.408435557478913,0.42726,-1.28170502414545));
#8138=CARTESIAN_POINT('',(-0.377007409236281,0.42726,-1.14904281697839));
#8139=CARTESIAN_POINT('',(-0.377007409236281,0.42726,-1.14904281697839));
#8140=CARTESIAN_POINT('',(-0.408435557478913,0.42726,-1.28170502414545));
#8141=CARTESIAN_POINT('',(-0.362751085375693,0.42726,-1.15242019075539));
#8142=CARTESIAN_POINT('',(-0.348494761515106,0.42726,-1.1557975645324));
#8143=CARTESIAN_POINT('',(-0.348494761515106,0.42726,-1.1557975645324));
#8144=CARTESIAN_POINT('',(-0.362751085375693,0.42726,-1.15242019075539));
#8145=CARTESIAN_POINT('',(-0.366358386156409,0.42726,-1.23120219399461));
#8146=CARTESIAN_POINT('',(-0.384222010797713,0.42726,-1.30660682345682));
#8147=CARTESIAN_POINT('',(-0.384211294024959,0.42726,-1.3066094117838));
#8148=CARTESIAN_POINT('',(-0.366358386156409,0.42726,-1.23120219399461));
#8149=CARTESIAN_POINT('',(-1.36533917305394,0.42726,-1.06964630576768));
#8150=CARTESIAN_POINT('',(-0.404163156325853,0.42726,-1.37774750575236));
#8151=CARTESIAN_POINT('',(-0.404143100635528,0.42726,-1.37775225696679));
#8152=CARTESIAN_POINT('',(-1.36533917305394,0.42726,-1.06964630576768));
#8153=CARTESIAN_POINT('',(-0.403417218565234,0.42726,-1.37792422100839));
#8154=CARTESIAN_POINT('',(-0.402691336494939,0.42726,-1.37809618504998));
#8155=CARTESIAN_POINT('',(-0.402691336494939,0.42726,-1.37809618504998));
#8156=CARTESIAN_POINT('',(-0.403417218565234,0.42726,-1.37792422100839));
#8157=CARTESIAN_POINT('',(-0.303817829894284,0.42726,-1.2839506792245));
#8158=CARTESIAN_POINT('',(-0.204944323293629,0.42726,-1.18980517339902));
#8159=CARTESIAN_POINT('',(-0.204944323293629,0.42726,-1.18980517339902));
#8160=CARTESIAN_POINT('',(-0.303817829894284,0.42726,-1.2839506792245));
#8161=CARTESIAN_POINT('',(-0.187348941909686,0.42726,-1.19397358176737));
#8162=CARTESIAN_POINT('',(-0.169753560525743,0.42726,-1.19814199013573));
#8163=CARTESIAN_POINT('',(-0.169753560525743,0.42726,-1.19814199013573));
#8164=CARTESIAN_POINT('',(-0.187348941909686,0.42726,-1.19397358176737));
#8165=CARTESIAN_POINT('',(-0.201181708768376,0.42726,-1.33080419730279));
#8166=CARTESIAN_POINT('',(-0.232609857011008,0.42726,-1.46346640446985));
#8167=CARTESIAN_POINT('',(-0.232609857011008,0.42726,-1.46346640446985));
#8168=CARTESIAN_POINT('',(-0.201181708768376,0.42726,-1.33080419730279));
#8169=CARTESIAN_POINT('',(-0.247040392568467,0.42726,-1.46004775932286));
#8170=CARTESIAN_POINT('',(-0.247040392568467,0.42726,-1.46004775932286));
#8171=CARTESIAN_POINT('',(-0.31126141226745,0.42726,-1.30592185311935));
#8172=CARTESIAN_POINT('',(-0.116794209270812,0.42726,1.46361304965116));
#8173=CARTESIAN_POINT('',(-0.175351143187332,0.42726,1.45947969229623));
#8174=CARTESIAN_POINT('',(-0.175351143187332,0.42726,1.45947969229623));
#8175=CARTESIAN_POINT('',(-0.116794209270812,0.42726,1.46361304965116));
#8176=CARTESIAN_POINT('',(-0.0582372753542917,0.42726,1.46774640700609));
#8177=CARTESIAN_POINT('',(-0.0582372753542917,0.42726,1.46774640700609));
#8178=CARTESIAN_POINT('',(-0.176431966390646,0.42726,1.47479162578206));
#8179=CARTESIAN_POINT('',(-0.177512789593959,0.42726,1.49010355926789));
#8180=CARTESIAN_POINT('',(-0.177512789593959,0.42726,1.49010355926789));
#8181=CARTESIAN_POINT('',(-0.176431966390646,0.42726,1.47479162578206));
#8182=CARTESIAN_POINT('',(-0.104733055535789,0.42726,1.49524086118824));
#8183=CARTESIAN_POINT('',(-0.0319533214776194,0.42726,1.50037816310859));
#8184=CARTESIAN_POINT('',(-0.0319533214776194,0.42726,1.50037816310859));
#8185=CARTESIAN_POINT('',(-0.104733055535789,0.42726,1.49524086118824));
#8186=CARTESIAN_POINT('',(-0.0216092784478151,0.42726,1.43227981122212));
#8187=CARTESIAN_POINT('',(-0.0112652354180108,0.42726,1.36418145933564));
#8188=CARTESIAN_POINT('',(-0.0112652354180108,0.42726,1.36418145933564));
#8189=CARTESIAN_POINT('',(-0.0216092784478151,0.42726,1.43227981122212));
#8190=CARTESIAN_POINT('',(-0.0194932867082165,0.42726,1.35806348025352));
#8191=CARTESIAN_POINT('',(-0.0277213379984222,0.42726,1.3519455011714));
#8192=CARTESIAN_POINT('',(-0.0277213379984222,0.42726,1.3519455011714));
#8193=CARTESIAN_POINT('',(-0.0194932867082165,0.42726,1.35806348025352));
#8194=CARTESIAN_POINT('',(-0.0790017986647415,0.42726,1.35418488327927));
#8195=CARTESIAN_POINT('',(-0.0790017986647415,0.42926,1.35418488327927));
#8196=CARTESIAN_POINT('',(-0.0663165985384056,0.42726,1.35508029329708));
#8197=CARTESIAN_POINT('',(-0.0663165985384056,0.42926,1.35508029329708));
#8198=CARTESIAN_POINT('',(-0.0492231116496325,0.42726,1.35433383259445));
#8199=CARTESIAN_POINT('',(-0.0492231116496325,0.42926,1.35433383259445));
#8200=CARTESIAN_POINT('',(-0.0277213379984222,0.42726,1.3519455011714));
#8201=CARTESIAN_POINT('',(-0.0277213379984222,0.42926,1.3519455011714));
#8202=CARTESIAN_POINT('',(-0.0790017986647415,0.42726,1.35418488327927));
#8203=CARTESIAN_POINT('',(-0.0790017986647415,0.42726,1.35418488327927));
#8204=CARTESIAN_POINT('',(-0.0790017986647415,0.42726,1.35418488327927));
#8205=CARTESIAN_POINT('',(-0.0599739984752376,0.42726,1.35552799830598));
#8206=CARTESIAN_POINT('',(-0.0277213379984222,0.42726,1.3519455011714));
#8207=CARTESIAN_POINT('',(-0.149700573265324,0.42726,1.287641567867));
#8208=CARTESIAN_POINT('',(-0.149700573265324,0.42926,1.287641567867));
#8209=CARTESIAN_POINT('',(-0.152582768474159,0.42726,1.32847339049587));
#8210=CARTESIAN_POINT('',(-0.152582768474159,0.42926,1.32847339049587));
#8211=CARTESIAN_POINT('',(-0.129016510273965,0.42726,1.3506544956333));
#8212=CARTESIAN_POINT('',(-0.129016510273965,0.42926,1.3506544956333));
#8213=CARTESIAN_POINT('',(-0.0790017986647415,0.42726,1.35418488327927));
#8214=CARTESIAN_POINT('',(-0.0790017986647415,0.42926,1.35418488327927));
#8215=CARTESIAN_POINT('',(-0.149700573265324,0.42726,1.287641567867));
#8216=CARTESIAN_POINT('',(-0.149700573265324,0.42726,1.287641567867));
#8217=CARTESIAN_POINT('',(-0.149700573265324,0.42726,1.287641567867));
#8218=CARTESIAN_POINT('',(-0.154023866078577,0.42726,1.34888930181031));
#8219=CARTESIAN_POINT('',(-0.0790017986647415,0.42726,1.35418488327927));
#8220=CARTESIAN_POINT('',(-0.126798307321718,0.42726,1.24093656612764));
#8221=CARTESIAN_POINT('',(-0.126798307321718,0.42926,1.24093656612764));
#8222=CARTESIAN_POINT('',(-0.140586193981955,0.42726,1.25110207818946));
#8223=CARTESIAN_POINT('',(-0.140586193981955,0.42926,1.25110207818946));
#8224=CARTESIAN_POINT('',(-0.148220282629824,0.42726,1.26667041210258));
#8225=CARTESIAN_POINT('',(-0.148220282629824,0.42926,1.26667041210258));
#8226=CARTESIAN_POINT('',(-0.149700573265324,0.42726,1.287641567867));
#8227=CARTESIAN_POINT('',(-0.149700573265324,0.42926,1.287641567867));
#8228=CARTESIAN_POINT('',(-0.126798307321718,0.42726,1.24093656612764));
#8229=CARTESIAN_POINT('',(-0.126798307321718,0.42726,1.24093656612764));
#8230=CARTESIAN_POINT('',(-0.126798307321718,0.42726,1.24093656612764));
#8231=CARTESIAN_POINT('',(-0.147480137312074,0.42726,1.25618483422037));
#8232=CARTESIAN_POINT('',(-0.149700573265324,0.42726,1.287641567867));
#8233=CARTESIAN_POINT('',(-0.0708798103137629,0.42726,1.22817554808437));
#8234=CARTESIAN_POINT('',(-0.0708798103137629,0.42926,1.22817554808437));
#8235=CARTESIAN_POINT('',(-0.0943709216588294,0.42726,1.22651738138472));
#8236=CARTESIAN_POINT('',(-0.0943709216588294,0.42926,1.22651738138472));
#8237=CARTESIAN_POINT('',(-0.113010420661481,0.42726,1.23077105406581));
#8238=CARTESIAN_POINT('',(-0.113010420661481,0.42926,1.23077105406581));
#8239=CARTESIAN_POINT('',(-0.126798307321718,0.42726,1.24093656612764));
#8240=CARTESIAN_POINT('',(-0.126798307321718,0.42926,1.24093656612764));
#8241=CARTESIAN_POINT('',(-0.0708798103137629,0.42726,1.22817554808437));
#8242=CARTESIAN_POINT('',(-0.0708798103137629,0.42726,1.22817554808437));
#8243=CARTESIAN_POINT('',(-0.0708798103137629,0.42726,1.22817554808437));
#8244=CARTESIAN_POINT('',(-0.106116477331363,0.42726,1.2256882980349));
#8245=CARTESIAN_POINT('',(-0.126798307321718,0.42726,1.24093656612764));
#8246=CARTESIAN_POINT('',(-0.0836164333307333,0.42726,1.39951267266058));
#8247=CARTESIAN_POINT('',(-0.0301748583968097,0.42726,1.23619965834458));
#8248=CARTESIAN_POINT('',(-0.0301844648751729,0.42726,1.23623117611765));
#8249=CARTESIAN_POINT('',(-0.0836164333307333,0.42726,1.39951267266058));
#8250=CARTESIAN_POINT('',(-0.0633135580185245,0.42726,1.34759044425008));
#8251=CARTESIAN_POINT('',(0.00362416466126531,0.42726,1.25266884582606));
#8252=CARTESIAN_POINT('',(0.0036241646612653,0.42726,1.25266884582606));
#8253=CARTESIAN_POINT('',(-0.0633135580185245,0.42726,1.34759044425008));
#8254=CARTESIAN_POINT('',(0.00474901013417333,0.42726,1.23673325246518));
#8255=CARTESIAN_POINT('',(0.0058795783384759,0.42726,1.220716585639));
#8256=CARTESIAN_POINT('',(0.0058795783384759,0.42726,1.220716585639));
#8257=CARTESIAN_POINT('',(0.00474901013417333,0.42726,1.23673325246518));
#8258=CARTESIAN_POINT('',(-0.0684739543606416,0.42726,1.19956488143606));
#8259=CARTESIAN_POINT('',(-0.0684739543606416,0.42926,1.19956488143606));
#8260=CARTESIAN_POINT('',(-0.0355009762544754,0.42726,1.20189234451265));
#8261=CARTESIAN_POINT('',(-0.0355009762544754,0.42926,1.20189234451265));
#8262=CARTESIAN_POINT('',(-0.0107164653547696,0.42726,1.2089429125803));
#8263=CARTESIAN_POINT('',(-0.0107164653547696,0.42926,1.2089429125803));
#8264=CARTESIAN_POINT('',(0.0058795783384759,0.42726,1.220716585639));
#8265=CARTESIAN_POINT('',(0.0058795783384759,0.42926,1.220716585639));
#8266=CARTESIAN_POINT('',(-0.0684739543606416,0.42726,1.19956488143606));
#8267=CARTESIAN_POINT('',(-0.0684739543606416,0.42726,1.19956488143606));
#8268=CARTESIAN_POINT('',(-0.0684739543606416,0.42726,1.19956488143606));
#8269=CARTESIAN_POINT('',(-0.0190144872013923,0.42726,1.20305607605094));
#8270=CARTESIAN_POINT('',(0.0058795783384759,0.42726,1.220716585639));
#8271=CARTESIAN_POINT('',(-0.150093725570423,0.42726,1.21978329089968));
#8272=CARTESIAN_POINT('',(-0.150093725570423,0.42926,1.21978329089968));
#8273=CARTESIAN_POINT('',(-0.129593167323871,0.42726,1.20391056151269));
#8274=CARTESIAN_POINT('',(-0.129593167323871,0.42926,1.20391056151269));
#8275=CARTESIAN_POINT('',(-0.10238657692061,0.42726,1.19717109169148));
#8276=CARTESIAN_POINT('',(-0.10238657692061,0.42926,1.19717109169148));
#8277=CARTESIAN_POINT('',(-0.0684739543606416,0.42726,1.19956488143606));
#8278=CARTESIAN_POINT('',(-0.0684739543606416,0.42926,1.19956488143606));
#8279=CARTESIAN_POINT('',(-0.150093725570423,0.42726,1.21978329089968));
#8280=CARTESIAN_POINT('',(-0.150093725570423,0.42726,1.21978329089968));
#8281=CARTESIAN_POINT('',(-0.150093725570423,0.42726,1.21978329089968));
#8282=CARTESIAN_POINT('',(-0.119342888200595,0.42726,1.19597419681919));
#8283=CARTESIAN_POINT('',(-0.0684739543606416,0.42726,1.19956488143606));
#8284=CARTESIAN_POINT('',(-0.184050854367654,0.42726,1.28901565209922));
#8285=CARTESIAN_POINT('',(-0.184050854367654,0.42926,1.28901565209922));
#8286=CARTESIAN_POINT('',(-0.181913326749386,0.42726,1.25873347401985));
#8287=CARTESIAN_POINT('',(-0.181913326749386,0.42926,1.25873347401985));
#8288=CARTESIAN_POINT('',(-0.170594283816976,0.42726,1.23565602028667));
#8289=CARTESIAN_POINT('',(-0.170594283816976,0.42926,1.23565602028667));
#8290=CARTESIAN_POINT('',(-0.150093725570423,0.42726,1.21978329089968));
#8291=CARTESIAN_POINT('',(-0.150093725570423,0.42926,1.21978329089968));
#8292=CARTESIAN_POINT('',(-0.184050854367654,0.42726,1.28901565209922));
#8293=CARTESIAN_POINT('',(-0.184050854367654,0.42726,1.28901565209922));
#8294=CARTESIAN_POINT('',(-0.184050854367654,0.42726,1.28901565209922));
#8295=CARTESIAN_POINT('',(-0.180844562940252,0.42726,1.24359238498017));
#8296=CARTESIAN_POINT('',(-0.150093725570423,0.42726,1.21978329089968));
#8297=CARTESIAN_POINT('',(-0.161959081464363,0.42726,1.35367320700418));
#8298=CARTESIAN_POINT('',(-0.161959081464363,0.42926,1.35367320700418));
#8299=CARTESIAN_POINT('',(-0.178562165861427,0.42726,1.33713448177657));
#8300=CARTESIAN_POINT('',(-0.178562165861427,0.42926,1.33713448177657));
#8301=CARTESIAN_POINT('',(-0.185926090162524,0.42726,1.31558196347491));
#8302=CARTESIAN_POINT('',(-0.185926090162524,0.42926,1.31558196347491));
#8303=CARTESIAN_POINT('',(-0.184050854367654,0.42726,1.28901565209922));
#8304=CARTESIAN_POINT('',(-0.184050854367654,0.42926,1.28901565209922));
#8305=CARTESIAN_POINT('',(-0.161959081464363,0.42726,1.35367320700418));
#8306=CARTESIAN_POINT('',(-0.161959081464363,0.42726,1.35367320700418));
#8307=CARTESIAN_POINT('',(-0.161959081464363,0.42726,1.35367320700418));
#8308=CARTESIAN_POINT('',(-0.186863708059959,0.42726,1.32886511916276));
#8309=CARTESIAN_POINT('',(-0.184050854367654,0.42726,1.28901565209922));
#8310=CARTESIAN_POINT('',(-0.0907983210747545,0.42726,1.38174637581962));
#8311=CARTESIAN_POINT('',(-0.0907983210747545,0.42926,1.38174637581962));
#8312=CARTESIAN_POINT('',(-0.121635743604096,0.42726,1.37956965517027));
#8313=CARTESIAN_POINT('',(-0.121635743604096,0.42926,1.37956965517027));
#8314=CARTESIAN_POINT('',(-0.145355997067299,0.42726,1.37021193223179));
#8315=CARTESIAN_POINT('',(-0.145355997067299,0.42926,1.37021193223179));
#8316=CARTESIAN_POINT('',(-0.161959081464363,0.42726,1.35367320700418));
#8317=CARTESIAN_POINT('',(-0.161959081464363,0.42926,1.35367320700418));
#8318=CARTESIAN_POINT('',(-0.0907983210747545,0.42726,1.38174637581962));
#8319=CARTESIAN_POINT('',(-0.0907983210747545,0.42726,1.38174637581962));
#8320=CARTESIAN_POINT('',(-0.0907983210747545,0.42726,1.38174637581962));
#8321=CARTESIAN_POINT('',(-0.137054454868767,0.42726,1.37848129484559));
#8322=CARTESIAN_POINT('',(-0.161959081464363,0.42726,1.35367320700418));
#8323=CARTESIAN_POINT('',(-0.0746563401202767,0.42726,1.14898529073607));
#8324=CARTESIAN_POINT('',(-0.0446001175007569,0.42726,1.38036597336951));
#8325=CARTESIAN_POINT('',(-0.0446009836417308,0.42726,1.3803715231108));
#8326=CARTESIAN_POINT('',(-0.0746563401202767,0.42726,1.14898529073607));
#8327=CARTESIAN_POINT('',(-0.0514191294980113,0.42726,1.42405896505845));
#8328=CARTESIAN_POINT('',(-0.0514191294980113,0.42726,1.42405896505845));
#8329=CARTESIAN_POINT('',(-0.0956289893571604,0.42726,1.34802131426659));
#8330=CARTESIAN_POINT('',(0.15370202411146,0.42726,1.4608580362807));
#8331=CARTESIAN_POINT('',(0.189380482879816,0.42726,1.427154266339));
#8332=CARTESIAN_POINT('',(0.189380482879816,0.42726,1.427154266339));
#8333=CARTESIAN_POINT('',(0.15370202411146,0.42726,1.4608580362807));
#8334=CARTESIAN_POINT('',(0.118023565343103,0.42726,1.4945618062224));
#8335=CARTESIAN_POINT('',(0.118023565343103,0.42726,1.4945618062224));
#8336=CARTESIAN_POINT('',(0.179466306950812,0.42726,1.41664744327764));
#8337=CARTESIAN_POINT('',(0.169565880056985,0.42726,1.40615519113785));
#8338=CARTESIAN_POINT('',(0.169565880056985,0.42726,1.40615519113785));
#8339=CARTESIAN_POINT('',(0.179466306950812,0.42726,1.41664744327764));
#8340=CARTESIAN_POINT('',(3.4134521707806,0.42726,4.70027781716894));
#8341=CARTESIAN_POINT('',(0.12588795340211,0.42726,1.44979946311745));
#8342=CARTESIAN_POINT('',(0.125875598184414,0.42726,1.44978686358197));
#8343=CARTESIAN_POINT('',(3.4134521707806,0.42726,4.70027781716894));
#8344=CARTESIAN_POINT('',(0.255720988460995,0.42726,1.57199438815092));
#8345=CARTESIAN_POINT('',(0.117402369956184,0.42726,1.45949950579056));
#8346=CARTESIAN_POINT('',(0.117402369960332,0.42726,1.45949950579196));
#8347=CARTESIAN_POINT('',(0.255720988460995,0.42726,1.57199438815092));
#8348=CARTESIAN_POINT('',(-0.601618616442889,0.42726,1.48263115828685));
#8349=CARTESIAN_POINT('',(0.114127545859812,0.42726,1.41020652814586));
#8350=CARTESIAN_POINT('',(0.114123520090642,0.427260025,1.41020693550375));
#8351=CARTESIAN_POINT('',(-0.601618616442889,0.42726,1.48263115828685));
#8352=CARTESIAN_POINT('',(0.103828778505931,0.42726,1.30615490761182));
#8353=CARTESIAN_POINT('',(0.0935300111520505,0.42726,1.20210328707779));
#8354=CARTESIAN_POINT('',(0.0935300111520505,0.42726,1.20210328707779));
#8355=CARTESIAN_POINT('',(0.103828778505931,0.42726,1.30615490761182));
#8356=CARTESIAN_POINT('',(0.0773598268798694,0.42726,1.20370377119359));
#8357=CARTESIAN_POINT('',(0.0611896426076882,0.42726,1.2053042553094));
#8358=CARTESIAN_POINT('',(0.0611896426076882,0.42726,1.2053042553094));
#8359=CARTESIAN_POINT('',(0.0773598268798694,0.42726,1.20370377119359));
#8360=CARTESIAN_POINT('',(0.0756414448312391,0.42726,1.35131526704773));
#8361=CARTESIAN_POINT('',(0.09009324705479,0.42726,1.49732627878606));
#8362=CARTESIAN_POINT('',(0.09009324705479,0.42726,1.49732627878606));
#8363=CARTESIAN_POINT('',(0.0756414448312391,0.42726,1.35131526704773));
#8364=CARTESIAN_POINT('',(0.104058406198946,0.42726,1.49594404250423));
#8365=CARTESIAN_POINT('',(0.104058406198946,0.42726,1.49594404250423));
#8366=CARTESIAN_POINT('',(0.133894377779093,0.42726,1.34680806661288));
#8367=CARTESIAN_POINT('',(0.292643709288785,0.42726,-1.25027712136253));
#8368=CARTESIAN_POINT('',(0.305452013767642,0.42726,-1.29877349527223));
#8369=CARTESIAN_POINT('',(0.305452013767642,0.42726,-1.29877349527223));
#8370=CARTESIAN_POINT('',(0.292643709288785,0.42726,-1.25027712136253));
#8371=CARTESIAN_POINT('',(0.279835404809927,0.42726,-1.20178074745282));
#8372=CARTESIAN_POINT('',(0.279835404809927,0.42726,-1.20178074745282));
#8373=CARTESIAN_POINT('',(0.360093377351806,0.42726,-1.28434224679932));
#8374=CARTESIAN_POINT('',(0.414734740935969,0.42726,-1.26991099832642));
#8375=CARTESIAN_POINT('',(0.414734740935969,0.42726,-1.26991099832642));
#8376=CARTESIAN_POINT('',(0.360093377351806,0.42726,-1.28434224679932));
#8377=CARTESIAN_POINT('',(0.418308265505026,0.42726,-1.28344151549694));
#8378=CARTESIAN_POINT('',(0.421881790074082,0.42726,-1.29697203266747));
#8379=CARTESIAN_POINT('',(0.421881790074082,0.42726,-1.29697203266747));
#8380=CARTESIAN_POINT('',(0.418308265505026,0.42726,-1.28344151549694));
#8381=CARTESIAN_POINT('',(0.367240426489919,0.42726,-1.31140328114037));
#8382=CARTESIAN_POINT('',(0.312599062905756,0.42726,-1.32583452961328));
#8383=CARTESIAN_POINT('',(0.312599062905756,0.42726,-1.32583452961328));
#8384=CARTESIAN_POINT('',(0.367240426489919,0.42726,-1.31140328114037));
#8385=CARTESIAN_POINT('',(0.323814901212049,0.42726,-1.36830131271565));
#8386=CARTESIAN_POINT('',(0.335030739518342,0.42726,-1.41076809581802));
#8387=CARTESIAN_POINT('',(0.335030739518342,0.42726,-1.41076809581802));
#8388=CARTESIAN_POINT('',(0.323814901212049,0.42726,-1.36830131271565));
#8389=CARTESIAN_POINT('',(0.393191768549848,0.42726,-1.39540727378984));
#8390=CARTESIAN_POINT('',(0.451352797581355,0.42726,-1.38004645176165));
#8391=CARTESIAN_POINT('',(0.451352797581355,0.42726,-1.38004645176165));
#8392=CARTESIAN_POINT('',(0.393191768549848,0.42726,-1.39540727378984));
#8393=CARTESIAN_POINT('',(0.454949180516525,0.42726,-1.39366351808252));
#8394=CARTESIAN_POINT('',(0.458545563451695,0.42726,-1.40728058440339));
#8395=CARTESIAN_POINT('',(0.458545563451695,0.42726,-1.40728058440339));
#8396=CARTESIAN_POINT('',(0.454949180516525,0.42726,-1.39366351808252));
#8397=CARTESIAN_POINT('',(0.385065334809211,0.42726,-1.42668733723364));
#8398=CARTESIAN_POINT('',(0.311585106166727,0.42726,-1.44609409006389));
#8399=CARTESIAN_POINT('',(0.311585106166727,0.42726,-1.44609409006389));
#8400=CARTESIAN_POINT('',(0.385065334809211,0.42726,-1.42668733723364));
#8401=CARTESIAN_POINT('',(0.276771814576066,0.42726,-1.31427973408921));
#8402=CARTESIAN_POINT('',(0.241958522985406,0.42726,-1.18246537811453));
#8403=CARTESIAN_POINT('',(0.241958522985406,0.42726,-1.18246537811453));
#8404=CARTESIAN_POINT('',(0.276771814576066,0.42726,-1.31427973408921));
#8405=CARTESIAN_POINT('',(0.315438751627889,0.42726,-1.16305862528428));
#8406=CARTESIAN_POINT('',(0.388918980270373,0.42726,-1.14365187245403));
#8407=CARTESIAN_POINT('',(0.388918980270373,0.42726,-1.14365187245403));
#8408=CARTESIAN_POINT('',(0.315438751627889,0.42726,-1.16305862528428));
#8409=CARTESIAN_POINT('',(0.392538221571656,0.42726,-1.15735548792524));
#8410=CARTESIAN_POINT('',(0.396157462872939,0.42726,-1.17105910339646));
#8411=CARTESIAN_POINT('',(0.396157462872939,0.42726,-1.17105910339646));
#8412=CARTESIAN_POINT('',(0.392538221571656,0.42726,-1.15735548792524));
#8413=CARTESIAN_POINT('',(0.337996433841433,0.42726,-1.18641992542464));
#8414=CARTESIAN_POINT('',(0.337996433841433,0.42726,-1.18641992542464));
#8415=CARTESIAN_POINT('',(0.344404212303564,0.42726,-1.29762106420749));
#8416=CARTESIAN_POINT('',(0.122573567460027,0.42726,-1.47646604890695));
#8417=CARTESIAN_POINT('',(0.122573567460027,0.42926,-1.47646604890695));
#8418=CARTESIAN_POINT('',(0.151081484794387,0.42726,-1.47464830761194));
#8419=CARTESIAN_POINT('',(0.151081484794387,0.42926,-1.47464830761194));
#8420=CARTESIAN_POINT('',(0.17568433712911,0.42726,-1.46785711164527));
#8421=CARTESIAN_POINT('',(0.17568433712911,0.42926,-1.46785711164527));
#8422=CARTESIAN_POINT('',(0.196382124464196,0.42726,-1.45609246100694));
#8423=CARTESIAN_POINT('',(0.196382124464196,0.42926,-1.45609246100694));
#8424=CARTESIAN_POINT('',(0.122573567460027,0.42726,-1.47646604890695));
#8425=CARTESIAN_POINT('',(0.122573567460027,0.42726,-1.47646604890695));
#8426=CARTESIAN_POINT('',(0.122573567460027,0.42726,-1.47646604890695));
#8427=CARTESIAN_POINT('',(0.165335443461567,0.42726,-1.47373943696443));
#8428=CARTESIAN_POINT('',(0.196382124464196,0.42726,-1.45609246100694));
#8429=CARTESIAN_POINT('',(0.196382124464196,0.42726,-1.45609246100694));
#8430=CARTESIAN_POINT('',(0.196382124464196,0.42726,-1.45609246100694));
#8431=CARTESIAN_POINT('',(0.051591725647658,0.42726,-1.46379980902408));
#8432=CARTESIAN_POINT('',(0.051591725647658,0.42926,-1.46379980902408));
#8433=CARTESIAN_POINT('',(0.0721123348586531,0.42726,-1.47395284829715));
#8434=CARTESIAN_POINT('',(0.0721123348586531,0.42926,-1.47395284829715));
#8435=CARTESIAN_POINT('',(0.0957729487961094,0.42726,-1.47817492825811));
#8436=CARTESIAN_POINT('',(0.0957729487961094,0.42926,-1.47817492825811));
#8437=CARTESIAN_POINT('',(0.122573567460027,0.42726,-1.47646604890695));
#8438=CARTESIAN_POINT('',(0.122573567460027,0.42926,-1.47646604890695));
#8439=CARTESIAN_POINT('',(0.051591725647658,0.42726,-1.46379980902408));
#8440=CARTESIAN_POINT('',(0.051591725647658,0.42726,-1.46379980902408));
#8441=CARTESIAN_POINT('',(0.051591725647658,0.42726,-1.46379980902408));
#8442=CARTESIAN_POINT('',(0.0823726394641507,0.42726,-1.47902936793369));
#8443=CARTESIAN_POINT('',(0.122573567460027,0.42726,-1.47646604890695));
#8444=CARTESIAN_POINT('',(0.101544800082419,0.42726,-1.36247626356803));
#8445=CARTESIAN_POINT('',(0.00307130458063012,0.42726,-1.41794806264374));
#8446=CARTESIAN_POINT('',(0.00307130458063012,0.42726,-1.41794806264374));
#8447=CARTESIAN_POINT('',(0.101544800082419,0.42726,-1.36247626356803));
#8448=CARTESIAN_POINT('',(-0.0173492444963935,0.42726,-1.34527868233583));
#8449=CARTESIAN_POINT('',(-0.0173492444963935,0.42926,-1.34527868233583));
#8450=CARTESIAN_POINT('',(-0.0155618832787345,0.42726,-1.37331014422727));
#8451=CARTESIAN_POINT('',(-0.0155618832787345,0.42926,-1.37331014422727));
#8452=CARTESIAN_POINT('',(-0.00875503358639331,0.42726,-1.39753327099658));
#8453=CARTESIAN_POINT('',(-0.00875503358639331,0.42926,-1.39753327099658));
#8454=CARTESIAN_POINT('',(0.00307130458063012,0.42726,-1.41794806264374));
#8455=CARTESIAN_POINT('',(0.00307130458063012,0.42926,-1.41794806264374));
#8456=CARTESIAN_POINT('',(-0.0173492444963935,0.42726,-1.34527868233583));
#8457=CARTESIAN_POINT('',(-0.0173492444963935,0.42726,-1.34527868233583));
#8458=CARTESIAN_POINT('',(-0.0173492444963935,0.42726,-1.34527868233583));
#8459=CARTESIAN_POINT('',(-0.014668202669905,0.42726,-1.387325875173));
#8460=CARTESIAN_POINT('',(0.00307130458063012,0.42726,-1.41794806264374));
#8461=CARTESIAN_POINT('',(0.00870626747424442,0.42726,-1.23950713251807));
#8462=CARTESIAN_POINT('',(0.00870626747424442,0.42926,-1.23950713251807));
#8463=CARTESIAN_POINT('',(-0.011519801110788,0.42726,-1.26523468742932));
#8464=CARTESIAN_POINT('',(-0.011519801110788,0.42926,-1.26523468742932));
#8465=CARTESIAN_POINT('',(-0.0202049717676673,0.42726,-1.3004918707019));
#8466=CARTESIAN_POINT('',(-0.0202049717676673,0.42926,-1.3004918707019));
#8467=CARTESIAN_POINT('',(-0.0173492444963935,0.42726,-1.34527868233583));
#8468=CARTESIAN_POINT('',(-0.0173492444963935,0.42926,-1.34527868233583));
#8469=CARTESIAN_POINT('',(0.00870626747424442,0.42726,-1.23950713251807));
#8470=CARTESIAN_POINT('',(0.00870626747424442,0.42726,-1.23950713251807));
#8471=CARTESIAN_POINT('',(0.00870626747424442,0.42726,-1.23950713251807));
#8472=CARTESIAN_POINT('',(-0.0216328354033043,0.42726,-1.27809846488494));
#8473=CARTESIAN_POINT('',(-0.0173492444963935,0.42726,-1.34527868233583));
#8474=CARTESIAN_POINT('',(0.0991383130893325,0.42726,-1.19708411289492));
#8475=CARTESIAN_POINT('',(0.0991383130893325,0.42926,-1.19708411289492));
#8476=CARTESIAN_POINT('',(0.0590763512643062,0.42726,-1.19963857106577));
#8477=CARTESIAN_POINT('',(0.0590763512643062,0.42926,-1.19963857106577));
#8478=CARTESIAN_POINT('',(0.0289323360592769,0.42726,-1.21377957760682));
#8479=CARTESIAN_POINT('',(0.0289323360592769,0.42926,-1.21377957760682));
#8480=CARTESIAN_POINT('',(0.00870626747424442,0.42726,-1.23950713251807));
#8481=CARTESIAN_POINT('',(0.00870626747424442,0.42926,-1.23950713251807));
#8482=CARTESIAN_POINT('',(0.0991383130893325,0.42726,-1.19708411289492));
#8483=CARTESIAN_POINT('',(0.0991383130893325,0.42726,-1.19708411289492));
#8484=CARTESIAN_POINT('',(0.0991383130893325,0.42726,-1.19708411289492));
#8485=CARTESIAN_POINT('',(0.0390453703517931,0.42726,-1.20091580015119));
#8486=CARTESIAN_POINT('',(0.00870626747424442,0.42726,-1.23950713251807));
#8487=CARTESIAN_POINT('',(0.169618789707042,0.42726,-1.20329412209777));
#8488=CARTESIAN_POINT('',(0.169618789707042,0.42926,-1.20329412209777));
#8489=CARTESIAN_POINT('',(0.150305925604495,0.42726,-1.1973895398029));
#8490=CARTESIAN_POINT('',(0.150305925604495,0.42926,-1.1973895398029));
#8491=CARTESIAN_POINT('',(0.126812433398592,0.42726,-1.19531953673528));
#8492=CARTESIAN_POINT('',(0.126812433398592,0.42926,-1.19531953673528));
#8493=CARTESIAN_POINT('',(0.0991383130893325,0.42726,-1.19708411289492));
#8494=CARTESIAN_POINT('',(0.0991383130893325,0.42926,-1.19708411289492));
#8495=CARTESIAN_POINT('',(0.169618789707042,0.42726,-1.20329412209777));
#8496=CARTESIAN_POINT('',(0.169618789707042,0.42726,-1.20329412209777));
#8497=CARTESIAN_POINT('',(0.169618789707042,0.42726,-1.20329412209777));
#8498=CARTESIAN_POINT('',(0.140649493553222,0.42726,-1.19443724865546));
#8499=CARTESIAN_POINT('',(0.0991383130893325,0.42726,-1.19708411289492));
#8500=CARTESIAN_POINT('',(0.170501710705142,0.42726,-1.21714110840746));
#8501=CARTESIAN_POINT('',(0.171384631703242,0.42726,-1.23098809471715));
#8502=CARTESIAN_POINT('',(0.171384631703242,0.42726,-1.23098809471715));
#8503=CARTESIAN_POINT('',(0.170501710705142,0.42726,-1.21714110840746));
#8504=CARTESIAN_POINT('',(0.105754849012722,0.42726,-1.22488738574365));
#8505=CARTESIAN_POINT('',(0.105754849012722,0.42926,-1.22488738574365));
#8506=CARTESIAN_POINT('',(0.1247336574888,0.42726,-1.22367724599571));
#8507=CARTESIAN_POINT('',(0.1247336574888,0.42926,-1.22367724599571));
#8508=CARTESIAN_POINT('',(0.146610251718973,0.42726,-1.22571081565355));
#8509=CARTESIAN_POINT('',(0.146610251718973,0.42926,-1.22571081565355));
#8510=CARTESIAN_POINT('',(0.171384631703242,0.42726,-1.23098809471715));
#8511=CARTESIAN_POINT('',(0.171384631703242,0.42926,-1.23098809471715));
#8512=CARTESIAN_POINT('',(0.105754849012722,0.42726,-1.22488738574365));
#8513=CARTESIAN_POINT('',(0.105754849012722,0.42726,-1.22488738574365));
#8514=CARTESIAN_POINT('',(0.105754849012722,0.42726,-1.22488738574365));
#8515=CARTESIAN_POINT('',(0.134223061726839,0.42726,-1.22307217612175));
#8516=CARTESIAN_POINT('',(0.171384631703242,0.42726,-1.23098809471715));
#8517=CARTESIAN_POINT('',(0.0362347489542519,0.42726,-1.25859181849554));
#8518=CARTESIAN_POINT('',(0.0362347489542519,0.42926,-1.25859181849554));
#8519=CARTESIAN_POINT('',(0.0516912877776354,0.42726,-1.23809183834273));
#8520=CARTESIAN_POINT('',(0.0516912877776354,0.42926,-1.23809183834273));
#8521=CARTESIAN_POINT('',(0.0748646544637922,0.42726,-1.22685702742543));
#8522=CARTESIAN_POINT('',(0.0748646544637922,0.42926,-1.22685702742543));
#8523=CARTESIAN_POINT('',(0.105754849012722,0.42726,-1.22488738574365));
#8524=CARTESIAN_POINT('',(0.105754849012722,0.42926,-1.22488738574365));
#8525=CARTESIAN_POINT('',(0.0362347489542519,0.42726,-1.25859181849554));
#8526=CARTESIAN_POINT('',(0.0362347489542519,0.42726,-1.25859181849554));
#8527=CARTESIAN_POINT('',(0.0362347489542519,0.42726,-1.25859181849554));
#8528=CARTESIAN_POINT('',(0.0594195571893272,0.42726,-1.22784184826632));
#8529=CARTESIAN_POINT('',(0.105754849012722,0.42726,-1.22488738574365));
#8530=CARTESIAN_POINT('',(0.016452509382822,0.42726,-1.34270479833115));
#8531=CARTESIAN_POINT('',(0.016452509382822,0.42926,-1.34270479833115));
#8532=CARTESIAN_POINT('',(0.0141841302737251,0.42726,-1.30712945859356));
#8533=CARTESIAN_POINT('',(0.0141841302737251,0.42926,-1.30712945859356));
#8534=CARTESIAN_POINT('',(0.0207782101308684,0.42726,-1.27909179864836));
#8535=CARTESIAN_POINT('',(0.0207782101308684,0.42926,-1.27909179864836));
#8536=CARTESIAN_POINT('',(0.0362347489542519,0.42726,-1.25859181849554));
#8537=CARTESIAN_POINT('',(0.0362347489542519,0.42926,-1.25859181849554));
#8538=CARTESIAN_POINT('',(0.016452509382822,0.42726,-1.34270479833115));
#8539=CARTESIAN_POINT('',(0.016452509382822,0.42726,-1.34270479833115));
#8540=CARTESIAN_POINT('',(0.016452509382822,0.42726,-1.34270479833115));
#8541=CARTESIAN_POINT('',(0.0130499407191766,0.42726,-1.28934178872477));
#8542=CARTESIAN_POINT('',(0.0362347489542519,0.42726,-1.25859181849554));
#8543=CARTESIAN_POINT('',(0.0476352105523508,0.42726,-1.42285052797067));
#8544=CARTESIAN_POINT('',(0.0476352105523508,0.42926,-1.42285052797067));
#8545=CARTESIAN_POINT('',(0.0290543620603873,0.42726,-1.40404247039608));
#8546=CARTESIAN_POINT('',(0.0290543620603873,0.42926,-1.40404247039608));
#8547=CARTESIAN_POINT('',(0.018660128337211,0.42726,-1.3773272271829));
#8548=CARTESIAN_POINT('',(0.018660128337211,0.42926,-1.3773272271829));
#8549=CARTESIAN_POINT('',(0.016452509382822,0.42726,-1.34270479833115));
#8550=CARTESIAN_POINT('',(0.016452509382822,0.42926,-1.34270479833115));
#8551=CARTESIAN_POINT('',(0.0476352105523508,0.42726,-1.42285052797067));
#8552=CARTESIAN_POINT('',(0.0476352105523508,0.42726,-1.42285052797067));
#8553=CARTESIAN_POINT('',(0.0476352105523508,0.42726,-1.42285052797067));
#8554=CARTESIAN_POINT('',(0.0197639378144056,0.42726,-1.39463844160878));
#8555=CARTESIAN_POINT('',(0.016452509382822,0.42726,-1.34270479833115));
#8556=CARTESIAN_POINT('',(0.120352851854585,0.42726,-1.44820308955161));
#8557=CARTESIAN_POINT('',(0.120352851854585,0.42926,-1.44820308955161));
#8558=CARTESIAN_POINT('',(0.0904552728117256,0.42726,-1.45010943940557));
#8559=CARTESIAN_POINT('',(0.0904552728117256,0.42926,-1.45010943940557));
#8560=CARTESIAN_POINT('',(0.0662160590443143,0.42726,-1.44165858554526));
#8561=CARTESIAN_POINT('',(0.0662160590443143,0.42926,-1.44165858554526));
#8562=CARTESIAN_POINT('',(0.0476352105523508,0.42726,-1.42285052797067));
#8563=CARTESIAN_POINT('',(0.0476352105523508,0.42926,-1.42285052797067));
#8564=CARTESIAN_POINT('',(0.120352851854585,0.42726,-1.44820308955161));
#8565=CARTESIAN_POINT('',(0.120352851854585,0.42726,-1.44820308955161));
#8566=CARTESIAN_POINT('',(0.120352851854585,0.42726,-1.44820308955161));
#8567=CARTESIAN_POINT('',(0.0755064832902961,0.42726,-1.45106261433255));
#8568=CARTESIAN_POINT('',(0.0476352105523508,0.42726,-1.42285052797067));
#8569=CARTESIAN_POINT('',(0.109570413849912,0.42726,-1.30360940100589));
#8570=CARTESIAN_POINT('',(0.18121663396421,0.42726,-1.42973068687961));
#8571=CARTESIAN_POINT('',(0.181216634681962,0.42726,-1.42973068424594));
#8572=CARTESIAN_POINT('',(0.109570413849912,0.42726,-1.30360940100589));
#8573=CARTESIAN_POINT('',(0.188816137593628,0.42726,-1.44294070072168));
#8574=CARTESIAN_POINT('',(0.188816137593628,0.42726,-1.44294070072168));
#8575=CARTESIAN_POINT('',(0.0862589280342399,0.42726,-1.33834345239433));
#8576=MECHANICAL_DESIGN_GEOMETRIC_PRESENTATION_REPRESENTATION('',(#4769),
#8577);
#8577=(
GEOMETRIC_REPRESENTATION_CONTEXT(3)
GLOBAL_UNCERTAINTY_ASSIGNED_CONTEXT((#8578))
GLOBAL_UNIT_ASSIGNED_CONTEXT((#8581,#8580,#8579))
REPRESENTATION_CONTEXT('#35??15t','TOP_LEVEL_ASSEMBLY_PART')
);
#8578=UNCERTAINTY_MEASURE_WITH_UNIT(LENGTH_MEASURE(0.002),#8581,
'DISTANCE_ACCURACY_VALUE','Maximum Tolerance applied to model');
#8579=(
NAMED_UNIT(*)
SI_UNIT($,.STERADIAN.)
SOLID_ANGLE_UNIT()
);
#8580=(
NAMED_UNIT(*)
PLANE_ANGLE_UNIT()
SI_UNIT($,.RADIAN.)
);
#8581=(
LENGTH_UNIT()
NAMED_UNIT(*)
SI_UNIT(.CENTI.,.METRE.)
);
#8582=PRODUCT_DEFINITION_SHAPE('','',#8583);
#8583=PRODUCT_DEFINITION('','',#8585,#8584);
#8584=PRODUCT_DEFINITION_CONTEXT('',#8591,'design');
#8585=PRODUCT_DEFINITION_FORMATION_WITH_SPECIFIED_SOURCE('','',#8587,
 .NOT_KNOWN.);
#8586=PRODUCT_RELATED_PRODUCT_CATEGORY('','',(#8587));
#8587=PRODUCT('#35??15t','#35??15t','#35??15t',(#8589));
#8588=PRODUCT_CATEGORY('','');
#8589=PRODUCT_CONTEXT('',#8591,'mechanical');
#8590=APPLICATION_PROTOCOL_DEFINITION('international standard',
'ap242_managed_model_based_3d_engineering',2020,#8591);
#8591=APPLICATION_CONTEXT('managed model based 3d engineering');
ENDSEC;
END-ISO-10303-21;
