ISO-10303-21;
HEADER;
/* Generated by software containing ST-Developer
 * from STEP Tools, Inc. (www.steptools.com) 
 */
/* OPTION: using custom renumber hook */

FILE_DESCRIPTION(
/* description */ ('STEP AP242 Edition 2',
'CAx-IF Rec.Pracs.---Representation and Presentation of Product Manufa
cturing Information (PMI)---4.0---2014-10-13',
'CAx-IF Rec.Pracs.---3D Tessellated Geometry---0.4---2014-09-14','2;1',
'CAx-IF Rec.Pracs.---User Defined Attributes---1.5---2016-08-15'),
/* implementation_level */ '2;1');

FILE_NAME(
/* name */ '4410b621-2ddc-44ef-8807-89225733d426',
/* time_stamp */ '2026-01-06T14:34:36Z',
/* author */ (''),
/* organization */ (''),
/* preprocessor_version */ 'ST-DEVELOPER v20',
/* originating_system */ 'ONSHAPE BY PTC INC, 1.208',
/* authorisation */ '  ');

FILE_SCHEMA (('AP242_MANAGED_MODEL_BASED_3D_ENGINEERING_MIM_LF { 1 0 10303 442 3 1 4 }'));
ENDSEC;

DATA;
#10=SHAPE_REPRESENTATION_RELATIONSHIP('','',#2941,#11);
#11=ADVANCED_BREP_SHAPE_REPRESENTATION('',(#2939),#8727);
#12=B_SPLINE_SURFACE_WITH_KNOTS('',3,1,((#7362,#7363),(#7364,#7365),(#7366,
#7367),(#7368,#7369),(#7370,#7371),(#7372,#7373),(#7374,#7375),(#7376,#7377),
(#7378,#7379),(#7380,#7381),(#7382,#7383),(#7384,#7385)),
 .SURF_OF_LINEAR_EXTRUSION.,.F.,.F.,.F.,(4,1,1,1,1,1,1,1,1,4),(2,2),(0.0520742649408105,
0.108531452857928,0.164988640775045,0.221445828692162,0.277903016609279,
0.390817392443513,0.503731768277748,0.616646144111982,0.729560519946216,
0.955389271614685),(0.,1.),.UNSPECIFIED.);
#13=B_SPLINE_SURFACE_WITH_KNOTS('',3,1,((#7387,#7388),(#7389,#7390),(#7391,
#7392),(#7393,#7394),(#7395,#7396),(#7397,#7398),(#7399,#7400),(#7401,#7402),
(#7403,#7404),(#7405,#7406),(#7407,#7408),(#7409,#7410)),
 .SURF_OF_LINEAR_EXTRUSION.,.F.,.F.,.F.,(4,1,1,1,1,1,1,1,1,4),(2,2),(0.0520742649408086,
0.108531452857926,0.164988640775043,0.22144582869216,0.277903016609278,
0.390817392443512,0.503731768277747,0.616646144111981,0.729560519946216,
0.955389271614685),(0.,1.),.UNSPECIFIED.);
#14=B_SPLINE_SURFACE_WITH_KNOTS('',3,1,((#7417,#7418),(#7419,#7420),(#7421,
#7422),(#7423,#7424),(#7425,#7426),(#7427,#7428),(#7429,#7430),(#7431,#7432),
(#7433,#7434),(#7435,#7436),(#7437,#7438),(#7439,#7440)),
 .SURF_OF_LINEAR_EXTRUSION.,.F.,.F.,.F.,(4,1,1,1,1,1,1,1,1,4),(2,2),(0.05207426494081,
0.108531452857927,0.164988640775044,0.221445828692162,0.277903016609279,
0.390817392443513,0.503731768277747,0.616646144111982,0.729560519946216,
0.955389271614685),(0.,1.),.UNSPECIFIED.);
#15=B_SPLINE_SURFACE_WITH_KNOTS('',3,1,((#7442,#7443),(#7444,#7445),(#7446,
#7447),(#7448,#7449),(#7450,#7451),(#7452,#7453),(#7454,#7455),(#7456,#7457),
(#7458,#7459),(#7460,#7461),(#7462,#7463),(#7464,#7465)),
 .SURF_OF_LINEAR_EXTRUSION.,.F.,.F.,.F.,(4,1,1,1,1,1,1,1,1,4),(2,2),(0.0520742649408089,
0.108531452857926,0.164988640775043,0.221445828692161,0.277903016609278,
0.390817392443512,0.503731768277747,0.616646144111981,0.729560519946216,
0.955389271614685),(0.,1.),.UNSPECIFIED.);
#16=B_SPLINE_SURFACE_WITH_KNOTS('',3,1,((#7472,#7473),(#7474,#7475),(#7476,
#7477),(#7478,#7479),(#7480,#7481),(#7482,#7483),(#7484,#7485),(#7486,#7487),
(#7488,#7489),(#7490,#7491),(#7492,#7493),(#7494,#7495)),
 .SURF_OF_LINEAR_EXTRUSION.,.F.,.F.,.F.,(4,1,1,1,1,1,1,1,1,4),(2,2),(0.0520742649408105,
0.108531452857928,0.164988640775045,0.221445828692162,0.277903016609279,
0.390817392443513,0.503731768277748,0.616646144111982,0.729560519946216,
0.955389271614685),(0.,1.),.UNSPECIFIED.);
#17=B_SPLINE_SURFACE_WITH_KNOTS('',3,1,((#7497,#7498),(#7499,#7500),(#7501,
#7502),(#7503,#7504),(#7505,#7506),(#7507,#7508),(#7509,#7510),(#7511,#7512),
(#7513,#7514),(#7515,#7516),(#7517,#7518),(#7519,#7520)),
 .SURF_OF_LINEAR_EXTRUSION.,.F.,.F.,.F.,(4,1,1,1,1,1,1,1,1,4),(2,2),(0.0520742649408086,
0.108531452857926,0.164988640775043,0.22144582869216,0.277903016609278,
0.390817392443512,0.503731768277747,0.616646144111981,0.729560519946216,
0.955389271614685),(0.,1.),.UNSPECIFIED.);
#18=B_SPLINE_SURFACE_WITH_KNOTS('',3,1,((#7527,#7528),(#7529,#7530),(#7531,
#7532),(#7533,#7534),(#7535,#7536),(#7537,#7538),(#7539,#7540),(#7541,#7542),
(#7543,#7544),(#7545,#7546),(#7547,#7548),(#7549,#7550)),
 .SURF_OF_LINEAR_EXTRUSION.,.F.,.F.,.F.,(4,1,1,1,1,1,1,1,1,4),(2,2),(0.0520742649408089,
0.108531452857926,0.164988640775043,0.221445828692161,0.277903016609278,
0.390817392443512,0.503731768277747,0.616646144111981,0.729560519946216,
0.955389271614685),(0.,1.),.UNSPECIFIED.);
#19=B_SPLINE_SURFACE_WITH_KNOTS('',3,1,((#7552,#7553),(#7554,#7555),(#7556,
#7557),(#7558,#7559),(#7560,#7561),(#7562,#7563),(#7564,#7565),(#7566,#7567),
(#7568,#7569),(#7570,#7571),(#7572,#7573),(#7574,#7575)),
 .SURF_OF_LINEAR_EXTRUSION.,.F.,.F.,.F.,(4,1,1,1,1,1,1,1,1,4),(2,2),(0.0520742649408075,
0.108531452857925,0.164988640775042,0.22144582869216,0.277903016609277,
0.390817392443512,0.503731768277746,0.616646144111981,0.729560519946216,
0.955389271614685),(0.,1.),.UNSPECIFIED.);
#20=B_SPLINE_SURFACE_WITH_KNOTS('',3,1,((#7582,#7583),(#7584,#7585),(#7586,
#7587),(#7588,#7589),(#7590,#7591),(#7592,#7593),(#7594,#7595),(#7596,#7597),
(#7598,#7599),(#7600,#7601),(#7602,#7603),(#7604,#7605)),
 .SURF_OF_LINEAR_EXTRUSION.,.F.,.F.,.F.,(4,1,1,1,1,1,1,1,1,4),(2,2),(0.0520742649408091,
0.108531452857926,0.164988640775044,0.221445828692161,0.277903016609278,
0.390817392443513,0.503731768277747,0.616646144111981,0.729560519946216,
0.955389271614685),(0.,1.),.UNSPECIFIED.);
#21=B_SPLINE_SURFACE_WITH_KNOTS('',3,1,((#7607,#7608),(#7609,#7610),(#7611,
#7612),(#7613,#7614),(#7615,#7616),(#7617,#7618),(#7619,#7620),(#7621,#7622),
(#7623,#7624),(#7625,#7626),(#7627,#7628),(#7629,#7630)),
 .SURF_OF_LINEAR_EXTRUSION.,.F.,.F.,.F.,(4,1,1,1,1,1,1,1,1,4),(2,2),(0.0520742649408088,
0.108531452857926,0.164988640775043,0.221445828692161,0.277903016609278,
0.390817392443512,0.503731768277747,0.616646144111981,0.729560519946216,
0.955389271614685),(0.,1.),.UNSPECIFIED.);
#22=B_SPLINE_SURFACE_WITH_KNOTS('',3,1,((#7637,#7638),(#7639,#7640),(#7641,
#7642),(#7643,#7644),(#7645,#7646),(#7647,#7648),(#7649,#7650),(#7651,#7652),
(#7653,#7654),(#7655,#7656),(#7657,#7658),(#7659,#7660)),
 .SURF_OF_LINEAR_EXTRUSION.,.F.,.F.,.F.,(4,1,1,1,1,1,1,1,1,4),(2,2),(0.052074264940809,
0.108531452857926,0.164988640775044,0.221445828692161,0.277903016609278,
0.390817392443513,0.503731768277747,0.616646144111981,0.729560519946216,
0.955389271614685),(0.,1.),.UNSPECIFIED.);
#23=B_SPLINE_SURFACE_WITH_KNOTS('',3,1,((#7662,#7663),(#7664,#7665),(#7666,
#7667),(#7668,#7669),(#7670,#7671),(#7672,#7673),(#7674,#7675),(#7676,#7677),
(#7678,#7679),(#7680,#7681),(#7682,#7683),(#7684,#7685)),
 .SURF_OF_LINEAR_EXTRUSION.,.F.,.F.,.F.,(4,1,1,1,1,1,1,1,1,4),(2,2),(0.0520742649408091,
0.108531452857926,0.164988640775044,0.221445828692161,0.277903016609278,
0.390817392443513,0.503731768277747,0.616646144111982,0.729560519946216,
0.955389271614685),(0.,1.),.UNSPECIFIED.);
#24=B_SPLINE_SURFACE_WITH_KNOTS('',3,1,((#7692,#7693),(#7694,#7695),(#7696,
#7697),(#7698,#7699),(#7700,#7701),(#7702,#7703),(#7704,#7705),(#7706,#7707),
(#7708,#7709),(#7710,#7711),(#7712,#7713),(#7714,#7715)),
 .SURF_OF_LINEAR_EXTRUSION.,.F.,.F.,.F.,(4,1,1,1,1,1,1,1,1,4),(2,2),(0.0520742649408106,
0.108531452857928,0.164988640775045,0.221445828692162,0.277903016609279,
0.390817392443513,0.503731768277748,0.616646144111982,0.729560519946216,
0.955389271614685),(0.,1.),.UNSPECIFIED.);
#25=B_SPLINE_SURFACE_WITH_KNOTS('',3,1,((#7717,#7718),(#7719,#7720),(#7721,
#7722),(#7723,#7724),(#7725,#7726),(#7727,#7728),(#7729,#7730),(#7731,#7732),
(#7733,#7734),(#7735,#7736),(#7737,#7738),(#7739,#7740)),
 .SURF_OF_LINEAR_EXTRUSION.,.F.,.F.,.F.,(4,1,1,1,1,1,1,1,1,4),(2,2),(0.0520742649408087,
0.108531452857926,0.164988640775043,0.221445828692161,0.277903016609278,
0.390817392443512,0.503731768277747,0.616646144111981,0.729560519946216,
0.955389271614685),(0.,1.),.UNSPECIFIED.);
#26=B_SPLINE_SURFACE_WITH_KNOTS('',3,1,((#7747,#7748),(#7749,#7750),(#7751,
#7752),(#7753,#7754),(#7755,#7756),(#7757,#7758),(#7759,#7760),(#7761,#7762),
(#7763,#7764),(#7765,#7766),(#7767,#7768),(#7769,#7770)),
 .SURF_OF_LINEAR_EXTRUSION.,.F.,.F.,.F.,(4,1,1,1,1,1,1,1,1,4),(2,2),(0.05207426494081,
0.108531452857927,0.164988640775044,0.221445828692162,0.277903016609279,
0.390817392443513,0.503731768277747,0.616646144111982,0.729560519946216,
0.955389271614685),(0.,1.),.UNSPECIFIED.);
#27=B_SPLINE_SURFACE_WITH_KNOTS('',3,1,((#7772,#7773),(#7774,#7775),(#7776,
#7777),(#7778,#7779),(#7780,#7781),(#7782,#7783),(#7784,#7785),(#7786,#7787),
(#7788,#7789),(#7790,#7791),(#7792,#7793),(#7794,#7795)),
 .SURF_OF_LINEAR_EXTRUSION.,.F.,.F.,.F.,(4,1,1,1,1,1,1,1,1,4),(2,2),(0.0520742649408088,
0.108531452857926,0.164988640775043,0.221445828692161,0.277903016609278,
0.390817392443512,0.503731768277747,0.616646144111981,0.729560519946216,
0.955389271614685),(0.,1.),.UNSPECIFIED.);
#28=B_SPLINE_SURFACE_WITH_KNOTS('',3,1,((#7802,#7803),(#7804,#7805),(#7806,
#7807),(#7808,#7809),(#7810,#7811),(#7812,#7813),(#7814,#7815),(#7816,#7817),
(#7818,#7819),(#7820,#7821),(#7822,#7823),(#7824,#7825)),
 .SURF_OF_LINEAR_EXTRUSION.,.F.,.F.,.F.,(4,1,1,1,1,1,1,1,1,4),(2,2),(0.052074264940809,
0.108531452857926,0.164988640775044,0.221445828692161,0.277903016609278,
0.390817392443513,0.503731768277747,0.616646144111981,0.729560519946216,
0.955389271614685),(0.,1.),.UNSPECIFIED.);
#29=B_SPLINE_SURFACE_WITH_KNOTS('',3,1,((#7827,#7828),(#7829,#7830),(#7831,
#7832),(#7833,#7834),(#7835,#7836),(#7837,#7838),(#7839,#7840),(#7841,#7842),
(#7843,#7844),(#7845,#7846),(#7847,#7848),(#7849,#7850)),
 .SURF_OF_LINEAR_EXTRUSION.,.F.,.F.,.F.,(4,1,1,1,1,1,1,1,1,4),(2,2),(0.0520742649408081,
0.108531452857925,0.164988640775043,0.22144582869216,0.277903016609277,
0.390817392443512,0.503731768277747,0.616646144111981,0.729560519946216,
0.955389271614685),(0.,1.),.UNSPECIFIED.);
#30=B_SPLINE_SURFACE_WITH_KNOTS('',3,1,((#7857,#7858),(#7859,#7860),(#7861,
#7862),(#7863,#7864),(#7865,#7866),(#7867,#7868),(#7869,#7870),(#7871,#7872),
(#7873,#7874),(#7875,#7876),(#7877,#7878),(#7879,#7880)),
 .SURF_OF_LINEAR_EXTRUSION.,.F.,.F.,.F.,(4,1,1,1,1,1,1,1,1,4),(2,2),(0.0520742649408093,
0.108531452857927,0.164988640775044,0.221445828692161,0.277903016609278,
0.390817392443513,0.503731768277747,0.616646144111982,0.729560519946216,
0.955389271614685),(0.,1.),.UNSPECIFIED.);
#31=B_SPLINE_SURFACE_WITH_KNOTS('',3,1,((#7882,#7883),(#7884,#7885),(#7886,
#7887),(#7888,#7889),(#7890,#7891),(#7892,#7893),(#7894,#7895),(#7896,#7897),
(#7898,#7899),(#7900,#7901),(#7902,#7903),(#7904,#7905)),
 .SURF_OF_LINEAR_EXTRUSION.,.F.,.F.,.F.,(4,1,1,1,1,1,1,1,1,4),(2,2),(0.0520742649408088,
0.108531452857926,0.164988640775043,0.221445828692161,0.277903016609278,
0.390817392443512,0.503731768277747,0.616646144111981,0.729560519946216,
0.955389271614685),(0.,1.),.UNSPECIFIED.);
#32=B_SPLINE_SURFACE_WITH_KNOTS('',3,1,((#7912,#7913),(#7914,#7915),(#7916,
#7917),(#7918,#7919),(#7920,#7921),(#7922,#7923),(#7924,#7925),(#7926,#7927),
(#7928,#7929),(#7930,#7931),(#7932,#7933),(#7934,#7935)),
 .SURF_OF_LINEAR_EXTRUSION.,.F.,.F.,.F.,(4,1,1,1,1,1,1,1,1,4),(2,2),(0.0520742649408091,
0.108531452857926,0.164988640775044,0.221445828692161,0.277903016609278,
0.390817392443513,0.503731768277747,0.616646144111981,0.729560519946216,
0.955389271614685),(0.,1.),.UNSPECIFIED.);
#33=B_SPLINE_SURFACE_WITH_KNOTS('',3,1,((#7937,#7938),(#7939,#7940),(#7941,
#7942),(#7943,#7944),(#7945,#7946),(#7947,#7948),(#7949,#7950),(#7951,#7952),
(#7953,#7954),(#7955,#7956),(#7957,#7958),(#7959,#7960)),
 .SURF_OF_LINEAR_EXTRUSION.,.F.,.F.,.F.,(4,1,1,1,1,1,1,1,1,4),(2,2),(0.052074264940809,
0.108531452857926,0.164988640775044,0.221445828692161,0.277903016609278,
0.390817392443513,0.503731768277747,0.616646144111981,0.729560519946216,
0.955389271614685),(0.,1.),.UNSPECIFIED.);
#34=B_SPLINE_SURFACE_WITH_KNOTS('',3,1,((#7967,#7968),(#7969,#7970),(#7971,
#7972),(#7973,#7974),(#7975,#7976),(#7977,#7978),(#7979,#7980),(#7981,#7982),
(#7983,#7984),(#7985,#7986),(#7987,#7988),(#7989,#7990)),
 .SURF_OF_LINEAR_EXTRUSION.,.F.,.F.,.F.,(4,1,1,1,1,1,1,1,1,4),(2,2),(0.0520742649408089,
0.108531452857926,0.164988640775043,0.221445828692161,0.277903016609278,
0.390817392443512,0.503731768277747,0.616646144111981,0.729560519946216,
0.955389271614685),(0.,1.),.UNSPECIFIED.);
#35=B_SPLINE_SURFACE_WITH_KNOTS('',3,1,((#7992,#7993),(#7994,#7995),(#7996,
#7997),(#7998,#7999),(#8000,#8001),(#8002,#8003),(#8004,#8005),(#8006,#8007),
(#8008,#8009),(#8010,#8011),(#8012,#8013),(#8014,#8015)),
 .SURF_OF_LINEAR_EXTRUSION.,.F.,.F.,.F.,(4,1,1,1,1,1,1,1,1,4),(2,2),(0.052074264940808,
0.108531452857925,0.164988640775043,0.22144582869216,0.277903016609277,
0.390817392443512,0.503731768277746,0.616646144111981,0.729560519946216,
0.955389271614685),(0.,1.),.UNSPECIFIED.);
#36=B_SPLINE_SURFACE_WITH_KNOTS('',3,1,((#8022,#8023),(#8024,#8025),(#8026,
#8027),(#8028,#8029),(#8030,#8031),(#8032,#8033),(#8034,#8035),(#8036,#8037),
(#8038,#8039),(#8040,#8041),(#8042,#8043),(#8044,#8045)),
 .SURF_OF_LINEAR_EXTRUSION.,.F.,.F.,.F.,(4,1,1,1,1,1,1,1,1,4),(2,2),(0.0520742649408103,
0.108531452857927,0.164988640775045,0.221445828692162,0.277903016609279,
0.390817392443513,0.503731768277748,0.616646144111982,0.729560519946216,
0.955389271614685),(0.,1.),.UNSPECIFIED.);
#37=B_SPLINE_SURFACE_WITH_KNOTS('',3,1,((#8047,#8048),(#8049,#8050),(#8051,
#8052),(#8053,#8054),(#8055,#8056),(#8057,#8058),(#8059,#8060),(#8061,#8062),
(#8063,#8064),(#8065,#8066),(#8067,#8068),(#8069,#8070)),
 .SURF_OF_LINEAR_EXTRUSION.,.F.,.F.,.F.,(4,1,1,1,1,1,1,1,1,4),(2,2),(0.0520742649408088,
0.108531452857926,0.164988640775043,0.221445828692161,0.277903016609278,
0.390817392443512,0.503731768277747,0.616646144111981,0.729560519946216,
0.955389271614685),(0.,1.),.UNSPECIFIED.);
#38=B_SPLINE_SURFACE_WITH_KNOTS('',3,1,((#8077,#8078),(#8079,#8080),(#8081,
#8082),(#8083,#8084),(#8085,#8086),(#8087,#8088),(#8089,#8090),(#8091,#8092),
(#8093,#8094),(#8095,#8096),(#8097,#8098),(#8099,#8100)),
 .SURF_OF_LINEAR_EXTRUSION.,.F.,.F.,.F.,(4,1,1,1,1,1,1,1,1,4),(2,2),(0.0520742649408105,
0.108531452857928,0.164988640775045,0.221445828692162,0.277903016609279,
0.390817392443513,0.503731768277748,0.616646144111982,0.729560519946216,
0.955389271614685),(0.,1.),.UNSPECIFIED.);
#39=B_SPLINE_SURFACE_WITH_KNOTS('',3,1,((#8102,#8103),(#8104,#8105),(#8106,
#8107),(#8108,#8109),(#8110,#8111),(#8112,#8113),(#8114,#8115),(#8116,#8117),
(#8118,#8119),(#8120,#8121),(#8122,#8123),(#8124,#8125)),
 .SURF_OF_LINEAR_EXTRUSION.,.F.,.F.,.F.,(4,1,1,1,1,1,1,1,1,4),(2,2),(0.0520742649408086,
0.108531452857926,0.164988640775043,0.22144582869216,0.277903016609278,
0.390817392443512,0.503731768277747,0.616646144111981,0.729560519946216,
0.955389271614685),(0.,1.),.UNSPECIFIED.);
#40=B_SPLINE_SURFACE_WITH_KNOTS('',3,1,((#8132,#8133),(#8134,#8135),(#8136,
#8137),(#8138,#8139),(#8140,#8141),(#8142,#8143),(#8144,#8145),(#8146,#8147),
(#8148,#8149),(#8150,#8151),(#8152,#8153),(#8154,#8155)),
 .SURF_OF_LINEAR_EXTRUSION.,.F.,.F.,.F.,(4,1,1,1,1,1,1,1,1,4),(2,2),(0.0520742649408089,
0.108531452857926,0.164988640775043,0.221445828692161,0.277903016609278,
0.390817392443512,0.503731768277747,0.616646144111981,0.729560519946216,
0.955389271614685),(0.,1.),.UNSPECIFIED.);
#41=B_SPLINE_SURFACE_WITH_KNOTS('',3,1,((#8157,#8158),(#8159,#8160),(#8161,
#8162),(#8163,#8164),(#8165,#8166),(#8167,#8168),(#8169,#8170),(#8171,#8172),
(#8173,#8174),(#8175,#8176),(#8177,#8178),(#8179,#8180)),
 .SURF_OF_LINEAR_EXTRUSION.,.F.,.F.,.F.,(4,1,1,1,1,1,1,1,1,4),(2,2),(0.052074264940808,
0.108531452857925,0.164988640775043,0.22144582869216,0.277903016609277,
0.390817392443512,0.503731768277746,0.616646144111981,0.729560519946216,
0.955389271614685),(0.,1.),.UNSPECIFIED.);
#42=B_SPLINE_SURFACE_WITH_KNOTS('',3,1,((#8187,#8188),(#8189,#8190),(#8191,
#8192),(#8193,#8194),(#8195,#8196),(#8197,#8198),(#8199,#8200),(#8201,#8202),
(#8203,#8204),(#8205,#8206),(#8207,#8208),(#8209,#8210)),
 .SURF_OF_LINEAR_EXTRUSION.,.F.,.F.,.F.,(4,1,1,1,1,1,1,1,1,4),(2,2),(0.0520742649408091,
0.108531452857926,0.164988640775044,0.221445828692161,0.277903016609278,
0.390817392443513,0.503731768277747,0.616646144111981,0.729560519946216,
0.955389271614685),(0.,1.),.UNSPECIFIED.);
#43=B_SPLINE_SURFACE_WITH_KNOTS('',3,1,((#8212,#8213),(#8214,#8215),(#8216,
#8217),(#8218,#8219),(#8220,#8221),(#8222,#8223),(#8224,#8225),(#8226,#8227),
(#8228,#8229),(#8230,#8231),(#8232,#8233),(#8234,#8235)),
 .SURF_OF_LINEAR_EXTRUSION.,.F.,.F.,.F.,(4,1,1,1,1,1,1,1,1,4),(2,2),(0.0520742649408091,
0.108531452857926,0.164988640775044,0.221445828692161,0.277903016609278,
0.390817392443513,0.503731768277747,0.616646144111981,0.729560519946216,
0.955389271614685),(0.,1.),.UNSPECIFIED.);
#44=B_SPLINE_SURFACE_WITH_KNOTS('',3,1,((#8242,#8243),(#8244,#8245),(#8246,
#8247),(#8248,#8249),(#8250,#8251),(#8252,#8253),(#8254,#8255),(#8256,#8257),
(#8258,#8259),(#8260,#8261),(#8262,#8263),(#8264,#8265)),
 .SURF_OF_LINEAR_EXTRUSION.,.F.,.F.,.F.,(4,1,1,1,1,1,1,1,1,4),(2,2),(0.052074264940809,
0.108531452857926,0.164988640775044,0.221445828692161,0.277903016609278,
0.390817392443513,0.503731768277747,0.616646144111981,0.729560519946216,
0.955389271614685),(0.,1.),.UNSPECIFIED.);
#45=B_SPLINE_SURFACE_WITH_KNOTS('',3,1,((#8267,#8268),(#8269,#8270),(#8271,
#8272),(#8273,#8274),(#8275,#8276),(#8277,#8278),(#8279,#8280),(#8281,#8282),
(#8283,#8284),(#8285,#8286),(#8287,#8288),(#8289,#8290)),
 .SURF_OF_LINEAR_EXTRUSION.,.F.,.F.,.F.,(4,1,1,1,1,1,1,1,1,4),(2,2),(0.0520742649408091,
0.108531452857926,0.164988640775044,0.221445828692161,0.277903016609278,
0.390817392443513,0.503731768277747,0.616646144111981,0.729560519946216,
0.955389271614685),(0.,1.),.UNSPECIFIED.);
#46=B_SPLINE_SURFACE_WITH_KNOTS('',3,1,((#8297,#8298),(#8299,#8300),(#8301,
#8302),(#8303,#8304),(#8305,#8306),(#8307,#8308),(#8309,#8310),(#8311,#8312),
(#8313,#8314),(#8315,#8316),(#8317,#8318),(#8319,#8320)),
 .SURF_OF_LINEAR_EXTRUSION.,.F.,.F.,.F.,(4,1,1,1,1,1,1,1,1,4),(2,2),(0.052074264940809,
0.108531452857926,0.164988640775044,0.221445828692161,0.277903016609278,
0.390817392443513,0.503731768277747,0.616646144111981,0.729560519946216,
0.955389271614685),(0.,1.),.UNSPECIFIED.);
#47=B_SPLINE_SURFACE_WITH_KNOTS('',3,1,((#8322,#8323),(#8324,#8325),(#8326,
#8327),(#8328,#8329),(#8330,#8331),(#8332,#8333),(#8334,#8335),(#8336,#8337),
(#8338,#8339),(#8340,#8341),(#8342,#8343),(#8344,#8345)),
 .SURF_OF_LINEAR_EXTRUSION.,.F.,.F.,.F.,(4,1,1,1,1,1,1,1,1,4),(2,2),(0.0520742649408081,
0.108531452857925,0.164988640775043,0.22144582869216,0.277903016609277,
0.390817392443512,0.503731768277747,0.616646144111981,0.729560519946216,
0.955389271614685),(0.,1.),.UNSPECIFIED.);
#48=B_SPLINE_SURFACE_WITH_KNOTS('',3,1,((#8352,#8353),(#8354,#8355),(#8356,
#8357),(#8358,#8359),(#8360,#8361),(#8362,#8363),(#8364,#8365),(#8366,#8367),
(#8368,#8369),(#8370,#8371),(#8372,#8373),(#8374,#8375)),
 .SURF_OF_LINEAR_EXTRUSION.,.F.,.F.,.F.,(4,1,1,1,1,1,1,1,1,4),(2,2),(0.0520742649408083,
0.108531452857926,0.164988640775043,0.22144582869216,0.277903016609277,
0.390817392443512,0.503731768277747,0.616646144111981,0.729560519946216,
0.955389271614685),(0.,1.),.UNSPECIFIED.);
#49=B_SPLINE_SURFACE_WITH_KNOTS('',3,1,((#8377,#8378),(#8379,#8380),(#8381,
#8382),(#8383,#8384),(#8385,#8386),(#8387,#8388),(#8389,#8390),(#8391,#8392),
(#8393,#8394),(#8395,#8396),(#8397,#8398),(#8399,#8400)),
 .SURF_OF_LINEAR_EXTRUSION.,.F.,.F.,.F.,(4,1,1,1,1,1,1,1,1,4),(2,2),(0.0520742649408088,
0.108531452857926,0.164988640775043,0.221445828692161,0.277903016609278,
0.390817392443512,0.503731768277747,0.616646144111981,0.729560519946216,
0.955389271614685),(0.,1.),.UNSPECIFIED.);
#50=B_SPLINE_SURFACE_WITH_KNOTS('',3,1,((#8407,#8408),(#8409,#8410),(#8411,
#8412),(#8413,#8414),(#8415,#8416),(#8417,#8418),(#8419,#8420),(#8421,#8422),
(#8423,#8424),(#8425,#8426),(#8427,#8428),(#8429,#8430)),
 .SURF_OF_LINEAR_EXTRUSION.,.F.,.F.,.F.,(4,1,1,1,1,1,1,1,1,4),(2,2),(0.0520742649408105,
0.108531452857928,0.164988640775045,0.221445828692162,0.277903016609279,
0.390817392443513,0.503731768277748,0.616646144111982,0.729560519946216,
0.955389271614685),(0.,1.),.UNSPECIFIED.);
#51=B_SPLINE_SURFACE_WITH_KNOTS('',3,1,((#8432,#8433),(#8434,#8435),(#8436,
#8437),(#8438,#8439),(#8440,#8441),(#8442,#8443),(#8444,#8445),(#8446,#8447),
(#8448,#8449),(#8450,#8451),(#8452,#8453),(#8454,#8455)),
 .SURF_OF_LINEAR_EXTRUSION.,.F.,.F.,.F.,(4,1,1,1,1,1,1,1,1,4),(2,2),(0.0520742649408087,
0.108531452857926,0.164988640775043,0.22144582869216,0.277903016609278,
0.390817392443512,0.503731768277747,0.616646144111981,0.729560519946216,
0.955389271614685),(0.,1.),.UNSPECIFIED.);
#52=B_SPLINE_SURFACE_WITH_KNOTS('',3,1,((#8462,#8463),(#8464,#8465),(#8466,
#8467),(#8468,#8469),(#8470,#8471),(#8472,#8473),(#8474,#8475),(#8476,#8477),
(#8478,#8479),(#8480,#8481),(#8482,#8483),(#8484,#8485)),
 .SURF_OF_LINEAR_EXTRUSION.,.F.,.F.,.F.,(4,1,1,1,1,1,1,1,1,4),(2,2),(0.0520742649408104,
0.108531452857928,0.164988640775045,0.221445828692162,0.277903016609279,
0.390817392443513,0.503731768277748,0.616646144111982,0.729560519946216,
0.955389271614685),(0.,1.),.UNSPECIFIED.);
#53=B_SPLINE_SURFACE_WITH_KNOTS('',3,1,((#8487,#8488),(#8489,#8490),(#8491,
#8492),(#8493,#8494),(#8495,#8496),(#8497,#8498),(#8499,#8500),(#8501,#8502),
(#8503,#8504),(#8505,#8506),(#8507,#8508),(#8509,#8510)),
 .SURF_OF_LINEAR_EXTRUSION.,.F.,.F.,.F.,(4,1,1,1,1,1,1,1,1,4),(2,2),(0.0520742649408087,
0.108531452857926,0.164988640775043,0.221445828692161,0.277903016609278,
0.390817392443512,0.503731768277747,0.616646144111981,0.729560519946216,
0.955389271614685),(0.,1.),.UNSPECIFIED.);
#54=B_SPLINE_SURFACE_WITH_KNOTS('',3,1,((#8517,#8518),(#8519,#8520),(#8521,
#8522),(#8523,#8524),(#8525,#8526),(#8527,#8528),(#8529,#8530),(#8531,#8532),
(#8533,#8534),(#8535,#8536),(#8537,#8538),(#8539,#8540)),
 .SURF_OF_LINEAR_EXTRUSION.,.F.,.F.,.F.,(4,1,1,1,1,1,1,1,1,4),(2,2),(0.052074264940809,
0.108531452857926,0.164988640775044,0.221445828692161,0.277903016609278,
0.390817392443513,0.503731768277747,0.616646144111981,0.729560519946216,
0.955389271614685),(0.,1.),.UNSPECIFIED.);
#55=B_SPLINE_SURFACE_WITH_KNOTS('',3,1,((#8542,#8543),(#8544,#8545),(#8546,
#8547),(#8548,#8549),(#8550,#8551),(#8552,#8553),(#8554,#8555),(#8556,#8557),
(#8558,#8559),(#8560,#8561),(#8562,#8563),(#8564,#8565)),
 .SURF_OF_LINEAR_EXTRUSION.,.F.,.F.,.F.,(4,1,1,1,1,1,1,1,1,4),(2,2),(0.0520742649408091,
0.108531452857926,0.164988640775044,0.221445828692161,0.277903016609278,
0.390817392443513,0.503731768277747,0.616646144111982,0.729560519946216,
0.955389271614685),(0.,1.),.UNSPECIFIED.);
#56=B_SPLINE_SURFACE_WITH_KNOTS('',3,1,((#8572,#8573),(#8574,#8575),(#8576,
#8577),(#8578,#8579),(#8580,#8581),(#8582,#8583),(#8584,#8585),(#8586,#8587),
(#8588,#8589),(#8590,#8591),(#8592,#8593),(#8594,#8595)),
 .SURF_OF_LINEAR_EXTRUSION.,.F.,.F.,.F.,(4,1,1,1,1,1,1,1,1,4),(2,2),(0.0520742649408091,
0.108531452857926,0.164988640775044,0.221445828692161,0.277903016609278,
0.390817392443513,0.503731768277747,0.616646144111981,0.729560519946216,
0.955389271614685),(0.,1.),.UNSPECIFIED.);
#57=B_SPLINE_SURFACE_WITH_KNOTS('',3,1,((#8597,#8598),(#8599,#8600),(#8601,
#8602),(#8603,#8604),(#8605,#8606),(#8607,#8608),(#8609,#8610),(#8611,#8612),
(#8613,#8614),(#8615,#8616),(#8617,#8618),(#8619,#8620)),
 .SURF_OF_LINEAR_EXTRUSION.,.F.,.F.,.F.,(4,1,1,1,1,1,1,1,1,4),(2,2),(0.0520742649408088,
0.108531452857926,0.164988640775043,0.221445828692161,0.277903016609278,
0.390817392443512,0.503731768277747,0.616646144111981,0.729560519946216,
0.955389271614685),(0.,1.),.UNSPECIFIED.);
#58=B_SPLINE_SURFACE_WITH_KNOTS('',3,1,((#8627,#8628),(#8629,#8630),(#8631,
#8632),(#8633,#8634),(#8635,#8636),(#8637,#8638),(#8639,#8640),(#8641,#8642),
(#8643,#8644),(#8645,#8646),(#8647,#8648),(#8649,#8650)),
 .SURF_OF_LINEAR_EXTRUSION.,.F.,.F.,.F.,(4,1,1,1,1,1,1,1,1,4),(2,2),(0.0520742649408088,
0.108531452857926,0.164988640775043,0.221445828692161,0.277903016609278,
0.390817392443512,0.503731768277747,0.616646144111981,0.729560519946216,
0.955389271614685),(0.,1.),.UNSPECIFIED.);
#59=B_SPLINE_SURFACE_WITH_KNOTS('',3,1,((#8652,#8653),(#8654,#8655),(#8656,
#8657),(#8658,#8659),(#8660,#8661),(#8662,#8663),(#8664,#8665),(#8666,#8667),
(#8668,#8669),(#8670,#8671),(#8672,#8673),(#8674,#8675)),
 .SURF_OF_LINEAR_EXTRUSION.,.F.,.F.,.F.,(4,1,1,1,1,1,1,1,1,4),(2,2),(0.052074264940808,
0.108531452857925,0.164988640775043,0.22144582869216,0.277903016609277,
0.390817392443512,0.503731768277746,0.616646144111981,0.729560519946216,
0.955389271614685),(0.,1.),.UNSPECIFIED.);
#60=B_SPLINE_CURVE_WITH_KNOTS('',3,(#4233,#4234,#4235,#4236,#4237,#4238,
#4239,#4240,#4241,#4242,#4243,#4244,#4245,#4246,#4247,#4248,#4249,#4250,
#4251,#4252,#4253,#4254,#4255,#4256,#4257,#4258,#4259,#4260,#4261),
 .UNSPECIFIED.,.F.,.F.,(4,1,1,1,1,1,1,1,1,1,1,1,1,1,1,1,1,1,1,1,1,1,1,1,
1,1,4),(0.,0.134923756325991,0.147000188432804,0.162590792163572,0.181037842267219,
0.20195483051176,0.225079430833406,0.250218521599149,0.277222236714442,
0.305969886638902,0.336361565150902,0.368312791570128,0.401750907797632,
0.436612553831264,0.472841839107733,0.510388980932693,0.549209266955499,
0.589262248799978,0.630511104571214,0.672922127316353,0.716464309142534,
0.761108999152836,0.806829619162624,0.853601425222149,0.901401305871416,
0.950207610158048,0.955389271614685),.UNSPECIFIED.);
#61=B_SPLINE_CURVE_WITH_KNOTS('',3,(#4262,#4263,#4264,#4265,#4266,#4267,
#4268,#4269,#4270,#4271,#4272,#4273,#4274,#4275,#4276,#4277,#4278,#4279,
#4280,#4281,#4282,#4283,#4284,#4285,#4286,#4287,#4288,#4289,#4290),
 .UNSPECIFIED.,.F.,.F.,(4,1,1,1,1,1,1,1,1,1,1,1,1,1,1,1,1,1,1,1,1,1,1,1,
1,1,4),(0.,0.134923756325991,0.147000188432804,0.162590792163572,0.181037842267219,
0.20195483051176,0.225079430833406,0.250218521599149,0.277222236714442,
0.305969886638902,0.336361565150902,0.368312791570128,0.401750907797632,
0.436612553831264,0.472841839107733,0.510388980932693,0.549209266955499,
0.589262248799978,0.630511104571214,0.672922127316353,0.716464309142534,
0.761108999152836,0.806829619162624,0.853601425222149,0.901401305871416,
0.950207610158048,0.955389271614685),.UNSPECIFIED.);
#62=B_SPLINE_CURVE_WITH_KNOTS('',3,(#4298,#4299,#4300,#4301,#4302,#4303,
#4304,#4305,#4306,#4307,#4308,#4309,#4310,#4311,#4312,#4313,#4314,#4315,
#4316,#4317,#4318,#4319,#4320,#4321,#4322,#4323,#4324,#4325,#4326),
 .UNSPECIFIED.,.F.,.F.,(4,1,1,1,1,1,1,1,1,1,1,1,1,1,1,1,1,1,1,1,1,1,1,1,
1,1,4),(0.,0.134923756325991,0.147000188432804,0.162590792163572,0.181037842267219,
0.20195483051176,0.225079430833406,0.250218521599149,0.277222236714442,
0.305969886638902,0.336361565150902,0.368312791570128,0.401750907797632,
0.436612553831264,0.472841839107733,0.510388980932693,0.549209266955499,
0.589262248799978,0.630511104571214,0.672922127316353,0.716464309142534,
0.761108999152836,0.806829619162624,0.853601425222149,0.901401305871416,
0.950207610158048,0.955389271614685),.UNSPECIFIED.);
#63=B_SPLINE_CURVE_WITH_KNOTS('',3,(#4327,#4328,#4329,#4330,#4331,#4332,
#4333,#4334,#4335,#4336,#4337,#4338,#4339,#4340,#4341,#4342,#4343,#4344,
#4345,#4346,#4347,#4348,#4349,#4350,#4351,#4352,#4353,#4354,#4355),
 .UNSPECIFIED.,.F.,.F.,(4,1,1,1,1,1,1,1,1,1,1,1,1,1,1,1,1,1,1,1,1,1,1,1,
1,1,4),(0.,0.134923756325991,0.147000188432804,0.162590792163572,0.181037842267219,
0.20195483051176,0.225079430833406,0.250218521599149,0.277222236714442,
0.305969886638902,0.336361565150902,0.368312791570128,0.401750907797632,
0.436612553831264,0.472841839107733,0.510388980932693,0.549209266955499,
0.589262248799978,0.630511104571214,0.672922127316353,0.716464309142534,
0.761108999152836,0.806829619162624,0.853601425222149,0.901401305871416,
0.950207610158048,0.955389271614685),.UNSPECIFIED.);
#64=B_SPLINE_CURVE_WITH_KNOTS('',3,(#4363,#4364,#4365,#4366,#4367,#4368,
#4369,#4370,#4371,#4372,#4373,#4374,#4375,#4376,#4377,#4378,#4379,#4380,
#4381,#4382,#4383,#4384,#4385,#4386,#4387,#4388,#4389,#4390,#4391),
 .UNSPECIFIED.,.F.,.F.,(4,1,1,1,1,1,1,1,1,1,1,1,1,1,1,1,1,1,1,1,1,1,1,1,
1,1,4),(0.,0.134923756325991,0.147000188432804,0.162590792163572,0.181037842267219,
0.20195483051176,0.225079430833406,0.250218521599149,0.277222236714442,
0.305969886638902,0.336361565150902,0.368312791570128,0.401750907797632,
0.436612553831264,0.472841839107733,0.510388980932693,0.549209266955499,
0.589262248799978,0.630511104571214,0.672922127316353,0.716464309142534,
0.761108999152836,0.806829619162624,0.853601425222149,0.901401305871416,
0.950207610158048,0.955389271614685),.UNSPECIFIED.);
#65=B_SPLINE_CURVE_WITH_KNOTS('',3,(#4392,#4393,#4394,#4395,#4396,#4397,
#4398,#4399,#4400,#4401,#4402,#4403,#4404,#4405,#4406,#4407,#4408,#4409,
#4410,#4411,#4412,#4413,#4414,#4415,#4416,#4417,#4418,#4419,#4420),
 .UNSPECIFIED.,.F.,.F.,(4,1,1,1,1,1,1,1,1,1,1,1,1,1,1,1,1,1,1,1,1,1,1,1,
1,1,4),(0.,0.134923756325991,0.147000188432804,0.162590792163572,0.181037842267219,
0.20195483051176,0.225079430833406,0.250218521599149,0.277222236714442,
0.305969886638902,0.336361565150902,0.368312791570128,0.401750907797632,
0.436612553831264,0.472841839107733,0.510388980932693,0.549209266955499,
0.589262248799978,0.630511104571214,0.672922127316353,0.716464309142534,
0.761108999152836,0.806829619162624,0.853601425222149,0.901401305871416,
0.950207610158048,0.955389271614685),.UNSPECIFIED.);
#66=B_SPLINE_CURVE_WITH_KNOTS('',3,(#4428,#4429,#4430,#4431,#4432,#4433,
#4434,#4435,#4436,#4437,#4438,#4439,#4440,#4441,#4442,#4443,#4444,#4445,
#4446,#4447,#4448,#4449,#4450,#4451,#4452,#4453,#4454,#4455,#4456),
 .UNSPECIFIED.,.F.,.F.,(4,1,1,1,1,1,1,1,1,1,1,1,1,1,1,1,1,1,1,1,1,1,1,1,
1,1,4),(0.,0.134923756325991,0.147000188432804,0.162590792163572,0.181037842267219,
0.20195483051176,0.225079430833406,0.250218521599149,0.277222236714442,
0.305969886638902,0.336361565150902,0.368312791570128,0.401750907797632,
0.436612553831264,0.472841839107733,0.510388980932693,0.549209266955499,
0.589262248799978,0.630511104571214,0.672922127316353,0.716464309142534,
0.761108999152836,0.806829619162624,0.853601425222149,0.901401305871416,
0.950207610158048,0.955389271614685),.UNSPECIFIED.);
#67=B_SPLINE_CURVE_WITH_KNOTS('',3,(#4457,#4458,#4459,#4460,#4461,#4462,
#4463,#4464,#4465,#4466,#4467,#4468,#4469,#4470,#4471,#4472,#4473,#4474,
#4475,#4476,#4477,#4478,#4479,#4480,#4481,#4482,#4483,#4484,#4485),
 .UNSPECIFIED.,.F.,.F.,(4,1,1,1,1,1,1,1,1,1,1,1,1,1,1,1,1,1,1,1,1,1,1,1,
1,1,4),(0.,0.134923756325991,0.147000188432804,0.162590792163572,0.181037842267219,
0.20195483051176,0.225079430833406,0.250218521599149,0.277222236714442,
0.305969886638902,0.336361565150902,0.368312791570128,0.401750907797632,
0.436612553831264,0.472841839107733,0.510388980932693,0.549209266955499,
0.589262248799978,0.630511104571214,0.672922127316353,0.716464309142534,
0.761108999152836,0.806829619162624,0.853601425222149,0.901401305871416,
0.950207610158048,0.955389271614685),.UNSPECIFIED.);
#68=B_SPLINE_CURVE_WITH_KNOTS('',3,(#4493,#4494,#4495,#4496,#4497,#4498,
#4499,#4500,#4501,#4502,#4503,#4504,#4505,#4506,#4507,#4508,#4509,#4510,
#4511,#4512,#4513,#4514,#4515,#4516,#4517,#4518,#4519,#4520,#4521),
 .UNSPECIFIED.,.F.,.F.,(4,1,1,1,1,1,1,1,1,1,1,1,1,1,1,1,1,1,1,1,1,1,1,1,
1,1,4),(0.,0.134923756325991,0.147000188432804,0.162590792163572,0.181037842267219,
0.20195483051176,0.225079430833406,0.250218521599149,0.277222236714442,
0.305969886638902,0.336361565150902,0.368312791570128,0.401750907797632,
0.436612553831264,0.472841839107733,0.510388980932693,0.549209266955499,
0.589262248799978,0.630511104571214,0.672922127316353,0.716464309142534,
0.761108999152836,0.806829619162624,0.853601425222149,0.901401305871416,
0.950207610158048,0.955389271614685),.UNSPECIFIED.);
#69=B_SPLINE_CURVE_WITH_KNOTS('',3,(#4522,#4523,#4524,#4525,#4526,#4527,
#4528,#4529,#4530,#4531,#4532,#4533,#4534,#4535,#4536,#4537,#4538,#4539,
#4540,#4541,#4542,#4543,#4544,#4545,#4546,#4547,#4548,#4549,#4550),
 .UNSPECIFIED.,.F.,.F.,(4,1,1,1,1,1,1,1,1,1,1,1,1,1,1,1,1,1,1,1,1,1,1,1,
1,1,4),(0.,0.134923756325991,0.147000188432804,0.162590792163572,0.181037842267219,
0.20195483051176,0.225079430833406,0.250218521599149,0.277222236714442,
0.305969886638902,0.336361565150902,0.368312791570128,0.401750907797632,
0.436612553831264,0.472841839107733,0.510388980932693,0.549209266955499,
0.589262248799978,0.630511104571214,0.672922127316353,0.716464309142534,
0.761108999152836,0.806829619162624,0.853601425222149,0.901401305871416,
0.950207610158048,0.955389271614685),.UNSPECIFIED.);
#70=B_SPLINE_CURVE_WITH_KNOTS('',3,(#4558,#4559,#4560,#4561,#4562,#4563,
#4564,#4565,#4566,#4567,#4568,#4569,#4570,#4571,#4572,#4573,#4574,#4575,
#4576,#4577,#4578,#4579,#4580,#4581,#4582,#4583,#4584,#4585,#4586),
 .UNSPECIFIED.,.F.,.F.,(4,1,1,1,1,1,1,1,1,1,1,1,1,1,1,1,1,1,1,1,1,1,1,1,
1,1,4),(0.,0.134923756325991,0.147000188432804,0.162590792163572,0.181037842267219,
0.20195483051176,0.225079430833406,0.250218521599149,0.277222236714442,
0.305969886638902,0.336361565150902,0.368312791570128,0.401750907797632,
0.436612553831264,0.472841839107733,0.510388980932693,0.549209266955499,
0.589262248799978,0.630511104571214,0.672922127316353,0.716464309142534,
0.761108999152836,0.806829619162624,0.853601425222149,0.901401305871416,
0.950207610158048,0.955389271614685),.UNSPECIFIED.);
#71=B_SPLINE_CURVE_WITH_KNOTS('',3,(#4587,#4588,#4589,#4590,#4591,#4592,
#4593,#4594,#4595,#4596,#4597,#4598,#4599,#4600,#4601,#4602,#4603,#4604,
#4605,#4606,#4607,#4608,#4609,#4610,#4611,#4612,#4613,#4614,#4615),
 .UNSPECIFIED.,.F.,.F.,(4,1,1,1,1,1,1,1,1,1,1,1,1,1,1,1,1,1,1,1,1,1,1,1,
1,1,4),(0.,0.134923756325991,0.147000188432804,0.162590792163572,0.181037842267219,
0.20195483051176,0.225079430833406,0.250218521599149,0.277222236714442,
0.305969886638902,0.336361565150902,0.368312791570128,0.401750907797632,
0.436612553831264,0.472841839107733,0.510388980932693,0.549209266955499,
0.589262248799978,0.630511104571214,0.672922127316353,0.716464309142534,
0.761108999152836,0.806829619162624,0.853601425222149,0.901401305871416,
0.950207610158048,0.955389271614685),.UNSPECIFIED.);
#72=B_SPLINE_CURVE_WITH_KNOTS('',3,(#4623,#4624,#4625,#4626,#4627,#4628,
#4629,#4630,#4631,#4632,#4633,#4634,#4635,#4636,#4637,#4638,#4639,#4640,
#4641,#4642,#4643,#4644,#4645,#4646,#4647,#4648,#4649,#4650,#4651),
 .UNSPECIFIED.,.F.,.F.,(4,1,1,1,1,1,1,1,1,1,1,1,1,1,1,1,1,1,1,1,1,1,1,1,
1,1,4),(0.,0.134923756325991,0.147000188432804,0.162590792163572,0.181037842267219,
0.20195483051176,0.225079430833406,0.250218521599149,0.277222236714442,
0.305969886638902,0.336361565150902,0.368312791570128,0.401750907797632,
0.436612553831264,0.472841839107733,0.510388980932693,0.549209266955499,
0.589262248799978,0.630511104571214,0.672922127316353,0.716464309142534,
0.761108999152836,0.806829619162624,0.853601425222149,0.901401305871416,
0.950207610158048,0.955389271614685),.UNSPECIFIED.);
#73=B_SPLINE_CURVE_WITH_KNOTS('',3,(#4652,#4653,#4654,#4655,#4656,#4657,
#4658,#4659,#4660,#4661,#4662,#4663,#4664,#4665,#4666,#4667,#4668,#4669,
#4670,#4671,#4672,#4673,#4674,#4675,#4676,#4677,#4678,#4679,#4680),
 .UNSPECIFIED.,.F.,.F.,(4,1,1,1,1,1,1,1,1,1,1,1,1,1,1,1,1,1,1,1,1,1,1,1,
1,1,4),(0.,0.134923756325991,0.147000188432804,0.162590792163572,0.181037842267219,
0.20195483051176,0.225079430833406,0.250218521599149,0.277222236714442,
0.305969886638902,0.336361565150902,0.368312791570128,0.401750907797632,
0.436612553831264,0.472841839107733,0.510388980932693,0.549209266955499,
0.589262248799978,0.630511104571214,0.672922127316353,0.716464309142534,
0.761108999152836,0.806829619162624,0.853601425222149,0.901401305871416,
0.950207610158048,0.955389271614685),.UNSPECIFIED.);
#74=B_SPLINE_CURVE_WITH_KNOTS('',3,(#4688,#4689,#4690,#4691,#4692,#4693,
#4694,#4695,#4696,#4697,#4698,#4699,#4700,#4701,#4702,#4703,#4704,#4705,
#4706,#4707,#4708,#4709,#4710,#4711,#4712,#4713,#4714,#4715,#4716),
 .UNSPECIFIED.,.F.,.F.,(4,1,1,1,1,1,1,1,1,1,1,1,1,1,1,1,1,1,1,1,1,1,1,1,
1,1,4),(0.,0.134923756325991,0.147000188432804,0.162590792163572,0.181037842267219,
0.20195483051176,0.225079430833406,0.250218521599149,0.277222236714442,
0.305969886638902,0.336361565150902,0.368312791570128,0.401750907797632,
0.436612553831264,0.472841839107733,0.510388980932693,0.549209266955499,
0.589262248799978,0.630511104571214,0.672922127316353,0.716464309142534,
0.761108999152836,0.806829619162624,0.853601425222149,0.901401305871416,
0.950207610158048,0.955389271614685),.UNSPECIFIED.);
#75=B_SPLINE_CURVE_WITH_KNOTS('',3,(#4717,#4718,#4719,#4720,#4721,#4722,
#4723,#4724,#4725,#4726,#4727,#4728,#4729,#4730,#4731,#4732,#4733,#4734,
#4735,#4736,#4737,#4738,#4739,#4740,#4741,#4742,#4743,#4744,#4745),
 .UNSPECIFIED.,.F.,.F.,(4,1,1,1,1,1,1,1,1,1,1,1,1,1,1,1,1,1,1,1,1,1,1,1,
1,1,4),(0.,0.134923756325991,0.147000188432804,0.162590792163572,0.181037842267219,
0.20195483051176,0.225079430833406,0.250218521599149,0.277222236714442,
0.305969886638902,0.336361565150902,0.368312791570128,0.401750907797632,
0.436612553831264,0.472841839107733,0.510388980932693,0.549209266955499,
0.589262248799978,0.630511104571214,0.672922127316353,0.716464309142534,
0.761108999152836,0.806829619162624,0.853601425222149,0.901401305871416,
0.950207610158048,0.955389271614685),.UNSPECIFIED.);
#76=B_SPLINE_CURVE_WITH_KNOTS('',3,(#4753,#4754,#4755,#4756,#4757,#4758,
#4759,#4760,#4761,#4762,#4763,#4764,#4765,#4766,#4767,#4768,#4769,#4770,
#4771,#4772,#4773,#4774,#4775,#4776,#4777,#4778,#4779,#4780,#4781),
 .UNSPECIFIED.,.F.,.F.,(4,1,1,1,1,1,1,1,1,1,1,1,1,1,1,1,1,1,1,1,1,1,1,1,
1,1,4),(0.,0.134923756325991,0.147000188432804,0.162590792163572,0.181037842267219,
0.20195483051176,0.225079430833406,0.250218521599149,0.277222236714442,
0.305969886638902,0.336361565150902,0.368312791570128,0.401750907797632,
0.436612553831264,0.472841839107733,0.510388980932693,0.549209266955499,
0.589262248799978,0.630511104571214,0.672922127316353,0.716464309142534,
0.761108999152836,0.806829619162624,0.853601425222149,0.901401305871416,
0.950207610158048,0.955389271614685),.UNSPECIFIED.);
#77=B_SPLINE_CURVE_WITH_KNOTS('',3,(#4782,#4783,#4784,#4785,#4786,#4787,
#4788,#4789,#4790,#4791,#4792,#4793,#4794,#4795,#4796,#4797,#4798,#4799,
#4800,#4801,#4802,#4803,#4804,#4805,#4806,#4807,#4808,#4809,#4810),
 .UNSPECIFIED.,.F.,.F.,(4,1,1,1,1,1,1,1,1,1,1,1,1,1,1,1,1,1,1,1,1,1,1,1,
1,1,4),(0.,0.134923756325991,0.147000188432804,0.162590792163572,0.181037842267219,
0.20195483051176,0.225079430833406,0.250218521599149,0.277222236714442,
0.305969886638902,0.336361565150902,0.368312791570128,0.401750907797632,
0.436612553831264,0.472841839107733,0.510388980932693,0.549209266955499,
0.589262248799978,0.630511104571214,0.672922127316353,0.716464309142534,
0.761108999152836,0.806829619162624,0.853601425222149,0.901401305871416,
0.950207610158048,0.955389271614685),.UNSPECIFIED.);
#78=B_SPLINE_CURVE_WITH_KNOTS('',3,(#4818,#4819,#4820,#4821,#4822,#4823,
#4824,#4825,#4826,#4827,#4828,#4829,#4830,#4831,#4832,#4833,#4834,#4835,
#4836,#4837,#4838,#4839,#4840,#4841,#4842,#4843,#4844,#4845,#4846),
 .UNSPECIFIED.,.F.,.F.,(4,1,1,1,1,1,1,1,1,1,1,1,1,1,1,1,1,1,1,1,1,1,1,1,
1,1,4),(0.,0.134923756325991,0.147000188432804,0.162590792163572,0.181037842267219,
0.20195483051176,0.225079430833406,0.250218521599149,0.277222236714442,
0.305969886638902,0.336361565150902,0.368312791570128,0.401750907797632,
0.436612553831264,0.472841839107733,0.510388980932693,0.549209266955499,
0.589262248799978,0.630511104571214,0.672922127316353,0.716464309142534,
0.761108999152836,0.806829619162624,0.853601425222149,0.901401305871416,
0.950207610158048,0.955389271614685),.UNSPECIFIED.);
#79=B_SPLINE_CURVE_WITH_KNOTS('',3,(#4847,#4848,#4849,#4850,#4851,#4852,
#4853,#4854,#4855,#4856,#4857,#4858,#4859,#4860,#4861,#4862,#4863,#4864,
#4865,#4866,#4867,#4868,#4869,#4870,#4871,#4872,#4873,#4874,#4875),
 .UNSPECIFIED.,.F.,.F.,(4,1,1,1,1,1,1,1,1,1,1,1,1,1,1,1,1,1,1,1,1,1,1,1,
1,1,4),(0.,0.134923756325991,0.147000188432804,0.162590792163572,0.181037842267219,
0.20195483051176,0.225079430833406,0.250218521599149,0.277222236714442,
0.305969886638902,0.336361565150902,0.368312791570128,0.401750907797632,
0.436612553831264,0.472841839107733,0.510388980932693,0.549209266955499,
0.589262248799978,0.630511104571214,0.672922127316353,0.716464309142534,
0.761108999152836,0.806829619162624,0.853601425222149,0.901401305871416,
0.950207610158048,0.955389271614685),.UNSPECIFIED.);
#80=B_SPLINE_CURVE_WITH_KNOTS('',3,(#4883,#4884,#4885,#4886,#4887,#4888,
#4889,#4890,#4891,#4892,#4893,#4894,#4895,#4896,#4897,#4898,#4899,#4900,
#4901,#4902,#4903,#4904,#4905,#4906,#4907,#4908,#4909,#4910,#4911),
 .UNSPECIFIED.,.F.,.F.,(4,1,1,1,1,1,1,1,1,1,1,1,1,1,1,1,1,1,1,1,1,1,1,1,
1,1,4),(0.,0.134923756325991,0.147000188432804,0.162590792163572,0.181037842267219,
0.20195483051176,0.225079430833406,0.250218521599149,0.277222236714442,
0.305969886638902,0.336361565150902,0.368312791570128,0.401750907797632,
0.436612553831264,0.472841839107733,0.510388980932693,0.549209266955499,
0.589262248799978,0.630511104571214,0.672922127316353,0.716464309142534,
0.761108999152836,0.806829619162624,0.853601425222149,0.901401305871416,
0.950207610158048,0.955389271614685),.UNSPECIFIED.);
#81=B_SPLINE_CURVE_WITH_KNOTS('',3,(#4915,#4916,#4917,#4918,#4919,#4920,
#4921,#4922,#4923,#4924,#4925,#4926,#4927,#4928,#4929,#4930,#4931,#4932,
#4933,#4934,#4935,#4936,#4937,#4938,#4939,#4940,#4941,#4942,#4943),
 .UNSPECIFIED.,.F.,.F.,(4,1,1,1,1,1,1,1,1,1,1,1,1,1,1,1,1,1,1,1,1,1,1,1,
1,1,4),(0.,0.134923756325991,0.147000188432804,0.162590792163572,0.181037842267219,
0.20195483051176,0.225079430833406,0.250218521599149,0.277222236714442,
0.305969886638902,0.336361565150902,0.368312791570128,0.401750907797632,
0.436612553831264,0.472841839107733,0.510388980932693,0.549209266955499,
0.589262248799978,0.630511104571214,0.672922127316353,0.716464309142534,
0.761108999152836,0.806829619162624,0.853601425222149,0.901401305871416,
0.950207610158048,0.955389271614685),.UNSPECIFIED.);
#82=B_SPLINE_CURVE_WITH_KNOTS('',3,(#4951,#4952,#4953,#4954,#4955,#4956,
#4957,#4958,#4959,#4960,#4961,#4962,#4963,#4964,#4965,#4966,#4967,#4968,
#4969,#4970,#4971,#4972,#4973,#4974,#4975,#4976,#4977,#4978,#4979),
 .UNSPECIFIED.,.F.,.F.,(4,1,1,1,1,1,1,1,1,1,1,1,1,1,1,1,1,1,1,1,1,1,1,1,
1,1,4),(0.,0.134923756325991,0.147000188432804,0.162590792163572,0.181037842267219,
0.20195483051176,0.225079430833406,0.250218521599149,0.277222236714442,
0.305969886638902,0.336361565150902,0.368312791570128,0.401750907797632,
0.436612553831264,0.472841839107733,0.510388980932693,0.549209266955499,
0.589262248799978,0.630511104571214,0.672922127316353,0.716464309142534,
0.761108999152836,0.806829619162624,0.853601425222149,0.901401305871416,
0.950207610158048,0.955389271614685),.UNSPECIFIED.);
#83=B_SPLINE_CURVE_WITH_KNOTS('',3,(#4980,#4981,#4982,#4983,#4984,#4985,
#4986,#4987,#4988,#4989,#4990,#4991,#4992,#4993,#4994,#4995,#4996,#4997,
#4998,#4999,#5000,#5001,#5002,#5003,#5004,#5005,#5006,#5007,#5008),
 .UNSPECIFIED.,.F.,.F.,(4,1,1,1,1,1,1,1,1,1,1,1,1,1,1,1,1,1,1,1,1,1,1,1,
1,1,4),(0.,0.134923756325991,0.147000188432804,0.162590792163572,0.181037842267219,
0.20195483051176,0.225079430833406,0.250218521599149,0.277222236714442,
0.305969886638902,0.336361565150902,0.368312791570128,0.401750907797632,
0.436612553831264,0.472841839107733,0.510388980932693,0.549209266955499,
0.589262248799978,0.630511104571214,0.672922127316353,0.716464309142534,
0.761108999152836,0.806829619162624,0.853601425222149,0.901401305871416,
0.950207610158048,0.955389271614685),.UNSPECIFIED.);
#84=B_SPLINE_CURVE_WITH_KNOTS('',3,(#5016,#5017,#5018,#5019,#5020,#5021,
#5022,#5023,#5024,#5025,#5026,#5027,#5028,#5029,#5030,#5031,#5032,#5033,
#5034,#5035,#5036,#5037,#5038,#5039,#5040,#5041,#5042,#5043,#5044),
 .UNSPECIFIED.,.F.,.F.,(4,1,1,1,1,1,1,1,1,1,1,1,1,1,1,1,1,1,1,1,1,1,1,1,
1,1,4),(0.,0.134923756325991,0.147000188432804,0.162590792163572,0.181037842267219,
0.20195483051176,0.225079430833406,0.250218521599149,0.277222236714442,
0.305969886638902,0.336361565150902,0.368312791570128,0.401750907797632,
0.436612553831264,0.472841839107733,0.510388980932693,0.549209266955499,
0.589262248799978,0.630511104571214,0.672922127316353,0.716464309142534,
0.761108999152836,0.806829619162624,0.853601425222149,0.901401305871416,
0.950207610158048,0.955389271614685),.UNSPECIFIED.);
#85=B_SPLINE_CURVE_WITH_KNOTS('',3,(#5045,#5046,#5047,#5048,#5049,#5050,
#5051,#5052,#5053,#5054,#5055,#5056,#5057,#5058,#5059,#5060,#5061,#5062,
#5063,#5064,#5065,#5066,#5067,#5068,#5069,#5070,#5071,#5072,#5073),
 .UNSPECIFIED.,.F.,.F.,(4,1,1,1,1,1,1,1,1,1,1,1,1,1,1,1,1,1,1,1,1,1,1,1,
1,1,4),(0.,0.134923756325991,0.147000188432804,0.162590792163572,0.181037842267219,
0.20195483051176,0.225079430833406,0.250218521599149,0.277222236714442,
0.305969886638902,0.336361565150902,0.368312791570128,0.401750907797632,
0.436612553831264,0.472841839107733,0.510388980932693,0.549209266955499,
0.589262248799978,0.630511104571214,0.672922127316353,0.716464309142534,
0.761108999152836,0.806829619162624,0.853601425222149,0.901401305871416,
0.950207610158048,0.955389271614685),.UNSPECIFIED.);
#86=B_SPLINE_CURVE_WITH_KNOTS('',3,(#5081,#5082,#5083,#5084,#5085,#5086,
#5087,#5088,#5089,#5090,#5091,#5092,#5093,#5094,#5095,#5096,#5097,#5098,
#5099,#5100,#5101,#5102,#5103,#5104,#5105,#5106,#5107,#5108,#5109),
 .UNSPECIFIED.,.F.,.F.,(4,1,1,1,1,1,1,1,1,1,1,1,1,1,1,1,1,1,1,1,1,1,1,1,
1,1,4),(0.,0.134923756325991,0.147000188432804,0.162590792163572,0.181037842267219,
0.20195483051176,0.225079430833406,0.250218521599149,0.277222236714442,
0.305969886638902,0.336361565150902,0.368312791570128,0.401750907797632,
0.436612553831264,0.472841839107733,0.510388980932693,0.549209266955499,
0.589262248799978,0.630511104571214,0.672922127316353,0.716464309142534,
0.761108999152836,0.806829619162624,0.853601425222149,0.901401305871416,
0.950207610158048,0.955389271614685),.UNSPECIFIED.);
#87=B_SPLINE_CURVE_WITH_KNOTS('',3,(#5110,#5111,#5112,#5113,#5114,#5115,
#5116,#5117,#5118,#5119,#5120,#5121,#5122,#5123,#5124,#5125,#5126,#5127,
#5128,#5129,#5130,#5131,#5132,#5133,#5134,#5135,#5136,#5137,#5138),
 .UNSPECIFIED.,.F.,.F.,(4,1,1,1,1,1,1,1,1,1,1,1,1,1,1,1,1,1,1,1,1,1,1,1,
1,1,4),(0.,0.134923756325991,0.147000188432804,0.162590792163572,0.181037842267219,
0.20195483051176,0.225079430833406,0.250218521599149,0.277222236714442,
0.305969886638902,0.336361565150902,0.368312791570128,0.401750907797632,
0.436612553831264,0.472841839107733,0.510388980932693,0.549209266955499,
0.589262248799978,0.630511104571214,0.672922127316353,0.716464309142534,
0.761108999152836,0.806829619162624,0.853601425222149,0.901401305871416,
0.950207610158048,0.955389271614685),.UNSPECIFIED.);
#88=B_SPLINE_CURVE_WITH_KNOTS('',3,(#5146,#5147,#5148,#5149,#5150,#5151,
#5152,#5153,#5154,#5155,#5156,#5157,#5158,#5159,#5160,#5161,#5162,#5163,
#5164,#5165,#5166,#5167,#5168,#5169,#5170,#5171,#5172,#5173,#5174),
 .UNSPECIFIED.,.F.,.F.,(4,1,1,1,1,1,1,1,1,1,1,1,1,1,1,1,1,1,1,1,1,1,1,1,
1,1,4),(0.,0.134923756325991,0.147000188432804,0.162590792163572,0.181037842267219,
0.20195483051176,0.225079430833406,0.250218521599149,0.277222236714442,
0.305969886638902,0.336361565150902,0.368312791570128,0.401750907797632,
0.436612553831264,0.472841839107733,0.510388980932693,0.549209266955499,
0.589262248799978,0.630511104571214,0.672922127316353,0.716464309142534,
0.761108999152836,0.806829619162624,0.853601425222149,0.901401305871416,
0.950207610158048,0.955389271614685),.UNSPECIFIED.);
#89=B_SPLINE_CURVE_WITH_KNOTS('',3,(#5175,#5176,#5177,#5178,#5179,#5180,
#5181,#5182,#5183,#5184,#5185,#5186,#5187,#5188,#5189,#5190,#5191,#5192,
#5193,#5194,#5195,#5196,#5197,#5198,#5199,#5200,#5201,#5202,#5203),
 .UNSPECIFIED.,.F.,.F.,(4,1,1,1,1,1,1,1,1,1,1,1,1,1,1,1,1,1,1,1,1,1,1,1,
1,1,4),(0.,0.134923756325991,0.147000188432804,0.162590792163572,0.181037842267219,
0.20195483051176,0.225079430833406,0.250218521599149,0.277222236714442,
0.305969886638902,0.336361565150902,0.368312791570128,0.401750907797632,
0.436612553831264,0.472841839107733,0.510388980932693,0.549209266955499,
0.589262248799978,0.630511104571214,0.672922127316353,0.716464309142534,
0.761108999152836,0.806829619162624,0.853601425222149,0.901401305871416,
0.950207610158048,0.955389271614685),.UNSPECIFIED.);
#90=B_SPLINE_CURVE_WITH_KNOTS('',3,(#5211,#5212,#5213,#5214,#5215,#5216,
#5217,#5218,#5219,#5220,#5221,#5222,#5223,#5224,#5225,#5226,#5227,#5228,
#5229,#5230,#5231,#5232,#5233,#5234,#5235,#5236,#5237,#5238,#5239),
 .UNSPECIFIED.,.F.,.F.,(4,1,1,1,1,1,1,1,1,1,1,1,1,1,1,1,1,1,1,1,1,1,1,1,
1,1,4),(0.,0.134923756325991,0.147000188432804,0.162590792163572,0.181037842267219,
0.20195483051176,0.225079430833406,0.250218521599149,0.277222236714442,
0.305969886638902,0.336361565150902,0.368312791570128,0.401750907797632,
0.436612553831264,0.472841839107733,0.510388980932693,0.549209266955499,
0.589262248799978,0.630511104571214,0.672922127316353,0.716464309142534,
0.761108999152836,0.806829619162624,0.853601425222149,0.901401305871416,
0.950207610158048,0.955389271614685),.UNSPECIFIED.);
#91=B_SPLINE_CURVE_WITH_KNOTS('',3,(#5240,#5241,#5242,#5243,#5244,#5245,
#5246,#5247,#5248,#5249,#5250,#5251,#5252,#5253,#5254,#5255,#5256,#5257,
#5258,#5259,#5260,#5261,#5262,#5263,#5264,#5265,#5266,#5267,#5268),
 .UNSPECIFIED.,.F.,.F.,(4,1,1,1,1,1,1,1,1,1,1,1,1,1,1,1,1,1,1,1,1,1,1,1,
1,1,4),(0.,0.134923756325991,0.147000188432804,0.162590792163572,0.181037842267219,
0.20195483051176,0.225079430833406,0.250218521599149,0.277222236714442,
0.305969886638902,0.336361565150902,0.368312791570128,0.401750907797632,
0.436612553831264,0.472841839107733,0.510388980932693,0.549209266955499,
0.589262248799978,0.630511104571214,0.672922127316353,0.716464309142534,
0.761108999152836,0.806829619162624,0.853601425222149,0.901401305871416,
0.950207610158048,0.955389271614685),.UNSPECIFIED.);
#92=B_SPLINE_CURVE_WITH_KNOTS('',3,(#5276,#5277,#5278,#5279,#5280,#5281,
#5282,#5283,#5284,#5285,#5286,#5287,#5288,#5289,#5290,#5291,#5292,#5293,
#5294,#5295,#5296,#5297,#5298,#5299,#5300,#5301,#5302,#5303,#5304),
 .UNSPECIFIED.,.F.,.F.,(4,1,1,1,1,1,1,1,1,1,1,1,1,1,1,1,1,1,1,1,1,1,1,1,
1,1,4),(0.,0.134923756325991,0.147000188432804,0.162590792163572,0.181037842267219,
0.20195483051176,0.225079430833406,0.250218521599149,0.277222236714442,
0.305969886638902,0.336361565150902,0.368312791570128,0.401750907797632,
0.436612553831264,0.472841839107733,0.510388980932693,0.549209266955499,
0.589262248799978,0.630511104571214,0.672922127316353,0.716464309142534,
0.761108999152836,0.806829619162624,0.853601425222149,0.901401305871416,
0.950207610158048,0.955389271614685),.UNSPECIFIED.);
#93=B_SPLINE_CURVE_WITH_KNOTS('',3,(#5305,#5306,#5307,#5308,#5309,#5310,
#5311,#5312,#5313,#5314,#5315,#5316,#5317,#5318,#5319,#5320,#5321,#5322,
#5323,#5324,#5325,#5326,#5327,#5328,#5329,#5330,#5331,#5332,#5333),
 .UNSPECIFIED.,.F.,.F.,(4,1,1,1,1,1,1,1,1,1,1,1,1,1,1,1,1,1,1,1,1,1,1,1,
1,1,4),(0.,0.134923756325991,0.147000188432804,0.162590792163572,0.181037842267219,
0.20195483051176,0.225079430833406,0.250218521599149,0.277222236714442,
0.305969886638902,0.336361565150902,0.368312791570128,0.401750907797632,
0.436612553831264,0.472841839107733,0.510388980932693,0.549209266955499,
0.589262248799978,0.630511104571214,0.672922127316353,0.716464309142534,
0.761108999152836,0.806829619162624,0.853601425222149,0.901401305871416,
0.950207610158048,0.955389271614685),.UNSPECIFIED.);
#94=B_SPLINE_CURVE_WITH_KNOTS('',3,(#5341,#5342,#5343,#5344,#5345,#5346,
#5347,#5348,#5349,#5350,#5351,#5352,#5353,#5354,#5355,#5356,#5357,#5358,
#5359,#5360,#5361,#5362,#5363,#5364,#5365,#5366,#5367,#5368,#5369),
 .UNSPECIFIED.,.F.,.F.,(4,1,1,1,1,1,1,1,1,1,1,1,1,1,1,1,1,1,1,1,1,1,1,1,
1,1,4),(0.,0.134923756325991,0.147000188432804,0.162590792163572,0.181037842267219,
0.20195483051176,0.225079430833406,0.250218521599149,0.277222236714442,
0.305969886638902,0.336361565150902,0.368312791570128,0.401750907797632,
0.436612553831264,0.472841839107733,0.510388980932693,0.549209266955499,
0.589262248799978,0.630511104571214,0.672922127316353,0.716464309142534,
0.761108999152836,0.806829619162624,0.853601425222149,0.901401305871416,
0.950207610158048,0.955389271614685),.UNSPECIFIED.);
#95=B_SPLINE_CURVE_WITH_KNOTS('',3,(#5370,#5371,#5372,#5373,#5374,#5375,
#5376,#5377,#5378,#5379,#5380,#5381,#5382,#5383,#5384,#5385,#5386,#5387,
#5388,#5389,#5390,#5391,#5392,#5393,#5394,#5395,#5396,#5397,#5398),
 .UNSPECIFIED.,.F.,.F.,(4,1,1,1,1,1,1,1,1,1,1,1,1,1,1,1,1,1,1,1,1,1,1,1,
1,1,4),(0.,0.134923756325991,0.147000188432804,0.162590792163572,0.181037842267219,
0.20195483051176,0.225079430833406,0.250218521599149,0.277222236714442,
0.305969886638902,0.336361565150902,0.368312791570128,0.401750907797632,
0.436612553831264,0.472841839107733,0.510388980932693,0.549209266955499,
0.589262248799978,0.630511104571214,0.672922127316353,0.716464309142534,
0.761108999152836,0.806829619162624,0.853601425222149,0.901401305871416,
0.950207610158048,0.955389271614685),.UNSPECIFIED.);
#96=B_SPLINE_CURVE_WITH_KNOTS('',3,(#5406,#5407,#5408,#5409,#5410,#5411,
#5412,#5413,#5414,#5415,#5416,#5417,#5418,#5419,#5420,#5421,#5422,#5423,
#5424,#5425,#5426,#5427,#5428,#5429,#5430,#5431,#5432,#5433,#5434),
 .UNSPECIFIED.,.F.,.F.,(4,1,1,1,1,1,1,1,1,1,1,1,1,1,1,1,1,1,1,1,1,1,1,1,
1,1,4),(0.,0.134923756325991,0.147000188432804,0.162590792163572,0.181037842267219,
0.20195483051176,0.225079430833406,0.250218521599149,0.277222236714442,
0.305969886638902,0.336361565150902,0.368312791570128,0.401750907797632,
0.436612553831264,0.472841839107733,0.510388980932693,0.549209266955499,
0.589262248799978,0.630511104571214,0.672922127316353,0.716464309142534,
0.761108999152836,0.806829619162624,0.853601425222149,0.901401305871416,
0.950207610158048,0.955389271614685),.UNSPECIFIED.);
#97=B_SPLINE_CURVE_WITH_KNOTS('',3,(#5435,#5436,#5437,#5438,#5439,#5440,
#5441,#5442,#5443,#5444,#5445,#5446,#5447,#5448,#5449,#5450,#5451,#5452,
#5453,#5454,#5455,#5456,#5457,#5458,#5459,#5460,#5461,#5462,#5463),
 .UNSPECIFIED.,.F.,.F.,(4,1,1,1,1,1,1,1,1,1,1,1,1,1,1,1,1,1,1,1,1,1,1,1,
1,1,4),(0.,0.134923756325991,0.147000188432804,0.162590792163572,0.181037842267219,
0.20195483051176,0.225079430833406,0.250218521599149,0.277222236714442,
0.305969886638902,0.336361565150902,0.368312791570128,0.401750907797632,
0.436612553831264,0.472841839107733,0.510388980932693,0.549209266955499,
0.589262248799978,0.630511104571214,0.672922127316353,0.716464309142534,
0.761108999152836,0.806829619162624,0.853601425222149,0.901401305871416,
0.950207610158048,0.955389271614685),.UNSPECIFIED.);
#98=B_SPLINE_CURVE_WITH_KNOTS('',3,(#5471,#5472,#5473,#5474,#5475,#5476,
#5477,#5478,#5479,#5480,#5481,#5482,#5483,#5484,#5485,#5486,#5487,#5488,
#5489,#5490,#5491,#5492,#5493,#5494,#5495,#5496,#5497,#5498,#5499),
 .UNSPECIFIED.,.F.,.F.,(4,1,1,1,1,1,1,1,1,1,1,1,1,1,1,1,1,1,1,1,1,1,1,1,
1,1,4),(0.,0.134923756325991,0.147000188432804,0.162590792163572,0.181037842267219,
0.20195483051176,0.225079430833406,0.250218521599149,0.277222236714442,
0.305969886638902,0.336361565150902,0.368312791570128,0.401750907797632,
0.436612553831264,0.472841839107733,0.510388980932693,0.549209266955499,
0.589262248799978,0.630511104571214,0.672922127316353,0.716464309142534,
0.761108999152836,0.806829619162624,0.853601425222149,0.901401305871416,
0.950207610158048,0.955389271614685),.UNSPECIFIED.);
#99=B_SPLINE_CURVE_WITH_KNOTS('',3,(#5500,#5501,#5502,#5503,#5504,#5505,
#5506,#5507,#5508,#5509,#5510,#5511,#5512,#5513,#5514,#5515,#5516,#5517,
#5518,#5519,#5520,#5521,#5522,#5523,#5524,#5525,#5526,#5527,#5528),
 .UNSPECIFIED.,.F.,.F.,(4,1,1,1,1,1,1,1,1,1,1,1,1,1,1,1,1,1,1,1,1,1,1,1,
1,1,4),(0.,0.134923756325991,0.147000188432804,0.162590792163572,0.181037842267219,
0.20195483051176,0.225079430833406,0.250218521599149,0.277222236714442,
0.305969886638902,0.336361565150902,0.368312791570128,0.401750907797632,
0.436612553831264,0.472841839107733,0.510388980932693,0.549209266955499,
0.589262248799978,0.630511104571214,0.672922127316353,0.716464309142534,
0.761108999152836,0.806829619162624,0.853601425222149,0.901401305871416,
0.950207610158048,0.955389271614685),.UNSPECIFIED.);
#100=B_SPLINE_CURVE_WITH_KNOTS('',3,(#5536,#5537,#5538,#5539,#5540,#5541,
#5542,#5543,#5544,#5545,#5546,#5547,#5548,#5549,#5550,#5551,#5552,#5553,
#5554,#5555,#5556,#5557,#5558,#5559,#5560,#5561,#5562,#5563,#5564),
 .UNSPECIFIED.,.F.,.F.,(4,1,1,1,1,1,1,1,1,1,1,1,1,1,1,1,1,1,1,1,1,1,1,1,
1,1,4),(0.,0.134923756325991,0.147000188432804,0.162590792163572,0.181037842267219,
0.20195483051176,0.225079430833406,0.250218521599149,0.277222236714442,
0.305969886638902,0.336361565150902,0.368312791570128,0.401750907797632,
0.436612553831264,0.472841839107733,0.510388980932693,0.549209266955499,
0.589262248799978,0.630511104571214,0.672922127316353,0.716464309142534,
0.761108999152836,0.806829619162624,0.853601425222149,0.901401305871416,
0.950207610158048,0.955389271614685),.UNSPECIFIED.);
#101=B_SPLINE_CURVE_WITH_KNOTS('',3,(#5565,#5566,#5567,#5568,#5569,#5570,
#5571,#5572,#5573,#5574,#5575,#5576,#5577,#5578,#5579,#5580,#5581,#5582,
#5583,#5584,#5585,#5586,#5587,#5588,#5589,#5590,#5591,#5592,#5593),
 .UNSPECIFIED.,.F.,.F.,(4,1,1,1,1,1,1,1,1,1,1,1,1,1,1,1,1,1,1,1,1,1,1,1,
1,1,4),(0.,0.134923756325991,0.147000188432804,0.162590792163572,0.181037842267219,
0.20195483051176,0.225079430833406,0.250218521599149,0.277222236714442,
0.305969886638902,0.336361565150902,0.368312791570128,0.401750907797632,
0.436612553831264,0.472841839107733,0.510388980932693,0.549209266955499,
0.589262248799978,0.630511104571214,0.672922127316353,0.716464309142534,
0.761108999152836,0.806829619162624,0.853601425222149,0.901401305871416,
0.950207610158048,0.955389271614685),.UNSPECIFIED.);
#102=B_SPLINE_CURVE_WITH_KNOTS('',3,(#5601,#5602,#5603,#5604,#5605,#5606,
#5607,#5608,#5609,#5610,#5611,#5612,#5613,#5614,#5615,#5616,#5617,#5618,
#5619,#5620,#5621,#5622,#5623,#5624,#5625,#5626,#5627,#5628,#5629),
 .UNSPECIFIED.,.F.,.F.,(4,1,1,1,1,1,1,1,1,1,1,1,1,1,1,1,1,1,1,1,1,1,1,1,
1,1,4),(0.,0.134923756325991,0.147000188432804,0.162590792163572,0.181037842267219,
0.20195483051176,0.225079430833406,0.250218521599149,0.277222236714442,
0.305969886638902,0.336361565150902,0.368312791570128,0.401750907797632,
0.436612553831264,0.472841839107733,0.510388980932693,0.549209266955499,
0.589262248799978,0.630511104571214,0.672922127316353,0.716464309142534,
0.761108999152836,0.806829619162624,0.853601425222149,0.901401305871416,
0.950207610158048,0.955389271614685),.UNSPECIFIED.);
#103=B_SPLINE_CURVE_WITH_KNOTS('',3,(#5630,#5631,#5632,#5633,#5634,#5635,
#5636,#5637,#5638,#5639,#5640,#5641,#5642,#5643,#5644,#5645,#5646,#5647,
#5648,#5649,#5650,#5651,#5652,#5653,#5654,#5655,#5656,#5657,#5658),
 .UNSPECIFIED.,.F.,.F.,(4,1,1,1,1,1,1,1,1,1,1,1,1,1,1,1,1,1,1,1,1,1,1,1,
1,1,4),(0.,0.134923756325991,0.147000188432804,0.162590792163572,0.181037842267219,
0.20195483051176,0.225079430833406,0.250218521599149,0.277222236714442,
0.305969886638902,0.336361565150902,0.368312791570128,0.401750907797632,
0.436612553831264,0.472841839107733,0.510388980932693,0.549209266955499,
0.589262248799978,0.630511104571214,0.672922127316353,0.716464309142534,
0.761108999152836,0.806829619162624,0.853601425222149,0.901401305871416,
0.950207610158048,0.955389271614685),.UNSPECIFIED.);
#104=B_SPLINE_CURVE_WITH_KNOTS('',3,(#5666,#5667,#5668,#5669,#5670,#5671,
#5672,#5673,#5674,#5675,#5676,#5677,#5678,#5679,#5680,#5681,#5682,#5683,
#5684,#5685,#5686,#5687,#5688,#5689,#5690,#5691,#5692,#5693,#5694),
 .UNSPECIFIED.,.F.,.F.,(4,1,1,1,1,1,1,1,1,1,1,1,1,1,1,1,1,1,1,1,1,1,1,1,
1,1,4),(0.,0.134923756325991,0.147000188432804,0.162590792163572,0.181037842267219,
0.20195483051176,0.225079430833406,0.250218521599149,0.277222236714442,
0.305969886638902,0.336361565150902,0.368312791570128,0.401750907797632,
0.436612553831264,0.472841839107733,0.510388980932693,0.549209266955499,
0.589262248799978,0.630511104571214,0.672922127316353,0.716464309142534,
0.761108999152836,0.806829619162624,0.853601425222149,0.901401305871416,
0.950207610158048,0.955389271614685),.UNSPECIFIED.);
#105=B_SPLINE_CURVE_WITH_KNOTS('',3,(#5695,#5696,#5697,#5698,#5699,#5700,
#5701,#5702,#5703,#5704,#5705,#5706,#5707,#5708,#5709,#5710,#5711,#5712,
#5713,#5714,#5715,#5716,#5717,#5718,#5719,#5720,#5721,#5722,#5723),
 .UNSPECIFIED.,.F.,.F.,(4,1,1,1,1,1,1,1,1,1,1,1,1,1,1,1,1,1,1,1,1,1,1,1,
1,1,4),(0.,0.134923756325991,0.147000188432804,0.162590792163572,0.181037842267219,
0.20195483051176,0.225079430833406,0.250218521599149,0.277222236714442,
0.305969886638902,0.336361565150902,0.368312791570128,0.401750907797632,
0.436612553831264,0.472841839107733,0.510388980932693,0.549209266955499,
0.589262248799978,0.630511104571214,0.672922127316353,0.716464309142534,
0.761108999152836,0.806829619162624,0.853601425222149,0.901401305871416,
0.950207610158048,0.955389271614685),.UNSPECIFIED.);
#106=B_SPLINE_CURVE_WITH_KNOTS('',3,(#5731,#5732,#5733,#5734,#5735,#5736,
#5737,#5738,#5739,#5740,#5741,#5742,#5743,#5744,#5745,#5746,#5747,#5748,
#5749,#5750,#5751,#5752,#5753,#5754,#5755,#5756,#5757,#5758,#5759),
 .UNSPECIFIED.,.F.,.F.,(4,1,1,1,1,1,1,1,1,1,1,1,1,1,1,1,1,1,1,1,1,1,1,1,
1,1,4),(0.,0.134923756325991,0.147000188432804,0.162590792163572,0.181037842267219,
0.20195483051176,0.225079430833406,0.250218521599149,0.277222236714442,
0.305969886638902,0.336361565150902,0.368312791570128,0.401750907797632,
0.436612553831264,0.472841839107733,0.510388980932693,0.549209266955499,
0.589262248799978,0.630511104571214,0.672922127316353,0.716464309142534,
0.761108999152836,0.806829619162624,0.853601425222149,0.901401305871416,
0.950207610158048,0.955389271614685),.UNSPECIFIED.);
#107=B_SPLINE_CURVE_WITH_KNOTS('',3,(#5760,#5761,#5762,#5763,#5764,#5765,
#5766,#5767,#5768,#5769,#5770,#5771,#5772,#5773,#5774,#5775,#5776,#5777,
#5778,#5779,#5780,#5781,#5782,#5783,#5784,#5785,#5786,#5787,#5788),
 .UNSPECIFIED.,.F.,.F.,(4,1,1,1,1,1,1,1,1,1,1,1,1,1,1,1,1,1,1,1,1,1,1,1,
1,1,4),(0.,0.134923756325991,0.147000188432804,0.162590792163572,0.181037842267219,
0.20195483051176,0.225079430833406,0.250218521599149,0.277222236714442,
0.305969886638902,0.336361565150902,0.368312791570128,0.401750907797632,
0.436612553831264,0.472841839107733,0.510388980932693,0.549209266955499,
0.589262248799978,0.630511104571214,0.672922127316353,0.716464309142534,
0.761108999152836,0.806829619162624,0.853601425222149,0.901401305871416,
0.950207610158048,0.955389271614685),.UNSPECIFIED.);
#108=B_SPLINE_CURVE_WITH_KNOTS('',3,(#5805,#5806,#5807,#5808,#5809,#5810,
#5811,#5812,#5813,#5814,#5815,#5816,#5817,#5818,#5819,#5820,#5821,#5822,
#5823,#5824,#5825,#5826,#5827,#5828,#5829,#5830,#5831,#5832,#5833),
 .UNSPECIFIED.,.F.,.F.,(4,1,1,1,1,1,1,1,1,1,1,1,1,1,1,1,1,1,1,1,1,1,1,1,
1,1,4),(0.,0.134923756325991,0.147000188432804,0.162590792163572,0.181037842267219,
0.20195483051176,0.225079430833406,0.250218521599149,0.277222236714442,
0.305969886638902,0.336361565150902,0.368312791570128,0.401750907797632,
0.436612553831264,0.472841839107733,0.510388980932693,0.549209266955499,
0.589262248799978,0.630511104571214,0.672922127316353,0.716464309142534,
0.761108999152836,0.806829619162624,0.853601425222149,0.901401305871416,
0.950207610158048,0.955389271614685),.UNSPECIFIED.);
#109=B_SPLINE_CURVE_WITH_KNOTS('',3,(#5834,#5835,#5836,#5837,#5838,#5839,
#5840,#5841,#5842,#5843,#5844,#5845,#5846,#5847,#5848,#5849,#5850,#5851,
#5852,#5853,#5854,#5855,#5856,#5857,#5858,#5859,#5860,#5861,#5862),
 .UNSPECIFIED.,.F.,.F.,(4,1,1,1,1,1,1,1,1,1,1,1,1,1,1,1,1,1,1,1,1,1,1,1,
1,1,4),(0.,0.134923756325991,0.147000188432804,0.162590792163572,0.181037842267219,
0.20195483051176,0.225079430833406,0.250218521599149,0.277222236714442,
0.305969886638902,0.336361565150902,0.368312791570128,0.401750907797632,
0.436612553831264,0.472841839107733,0.510388980932693,0.549209266955499,
0.589262248799978,0.630511104571214,0.672922127316353,0.716464309142534,
0.761108999152836,0.806829619162624,0.853601425222149,0.901401305871416,
0.950207610158048,0.955389271614685),.UNSPECIFIED.);
#110=B_SPLINE_CURVE_WITH_KNOTS('',3,(#5870,#5871,#5872,#5873,#5874,#5875,
#5876,#5877,#5878,#5879,#5880,#5881,#5882,#5883,#5884,#5885,#5886,#5887,
#5888,#5889,#5890,#5891,#5892,#5893,#5894,#5895,#5896,#5897,#5898),
 .UNSPECIFIED.,.F.,.F.,(4,1,1,1,1,1,1,1,1,1,1,1,1,1,1,1,1,1,1,1,1,1,1,1,
1,1,4),(0.,0.134923756325991,0.147000188432804,0.162590792163572,0.181037842267219,
0.20195483051176,0.225079430833406,0.250218521599149,0.277222236714442,
0.305969886638902,0.336361565150902,0.368312791570128,0.401750907797632,
0.436612553831264,0.472841839107733,0.510388980932693,0.549209266955499,
0.589262248799978,0.630511104571214,0.672922127316353,0.716464309142534,
0.761108999152836,0.806829619162624,0.853601425222149,0.901401305871416,
0.950207610158048,0.955389271614685),.UNSPECIFIED.);
#111=B_SPLINE_CURVE_WITH_KNOTS('',3,(#5899,#5900,#5901,#5902,#5903,#5904,
#5905,#5906,#5907,#5908,#5909,#5910,#5911,#5912,#5913,#5914,#5915,#5916,
#5917,#5918,#5919,#5920,#5921,#5922,#5923,#5924,#5925,#5926,#5927),
 .UNSPECIFIED.,.F.,.F.,(4,1,1,1,1,1,1,1,1,1,1,1,1,1,1,1,1,1,1,1,1,1,1,1,
1,1,4),(0.,0.134923756325991,0.147000188432804,0.162590792163572,0.181037842267219,
0.20195483051176,0.225079430833406,0.250218521599149,0.277222236714442,
0.305969886638902,0.336361565150902,0.368312791570128,0.401750907797632,
0.436612553831264,0.472841839107733,0.510388980932693,0.549209266955499,
0.589262248799978,0.630511104571214,0.672922127316353,0.716464309142534,
0.761108999152836,0.806829619162624,0.853601425222149,0.901401305871416,
0.950207610158048,0.955389271614685),.UNSPECIFIED.);
#112=B_SPLINE_CURVE_WITH_KNOTS('',3,(#5935,#5936,#5937,#5938,#5939,#5940,
#5941,#5942,#5943,#5944,#5945,#5946,#5947,#5948,#5949,#5950,#5951,#5952,
#5953,#5954,#5955,#5956,#5957,#5958,#5959,#5960,#5961,#5962,#5963),
 .UNSPECIFIED.,.F.,.F.,(4,1,1,1,1,1,1,1,1,1,1,1,1,1,1,1,1,1,1,1,1,1,1,1,
1,1,4),(0.,0.134923756325991,0.147000188432804,0.162590792163572,0.181037842267219,
0.20195483051176,0.225079430833406,0.250218521599149,0.277222236714442,
0.305969886638902,0.336361565150902,0.368312791570128,0.401750907797632,
0.436612553831264,0.472841839107733,0.510388980932693,0.549209266955499,
0.589262248799978,0.630511104571214,0.672922127316353,0.716464309142534,
0.761108999152836,0.806829619162624,0.853601425222149,0.901401305871416,
0.950207610158048,0.955389271614685),.UNSPECIFIED.);
#113=B_SPLINE_CURVE_WITH_KNOTS('',3,(#5964,#5965,#5966,#5967,#5968,#5969,
#5970,#5971,#5972,#5973,#5974,#5975,#5976,#5977,#5978,#5979,#5980,#5981,
#5982,#5983,#5984,#5985,#5986,#5987,#5988,#5989,#5990,#5991,#5992),
 .UNSPECIFIED.,.F.,.F.,(4,1,1,1,1,1,1,1,1,1,1,1,1,1,1,1,1,1,1,1,1,1,1,1,
1,1,4),(0.,0.134923756325991,0.147000188432804,0.162590792163572,0.181037842267219,
0.20195483051176,0.225079430833406,0.250218521599149,0.277222236714442,
0.305969886638902,0.336361565150902,0.368312791570128,0.401750907797632,
0.436612553831264,0.472841839107733,0.510388980932693,0.549209266955499,
0.589262248799978,0.630511104571214,0.672922127316353,0.716464309142534,
0.761108999152836,0.806829619162624,0.853601425222149,0.901401305871416,
0.950207610158048,0.955389271614685),.UNSPECIFIED.);
#114=B_SPLINE_CURVE_WITH_KNOTS('',3,(#6000,#6001,#6002,#6003,#6004,#6005,
#6006,#6007,#6008,#6009,#6010,#6011,#6012,#6013,#6014,#6015,#6016,#6017,
#6018,#6019,#6020,#6021,#6022,#6023,#6024,#6025,#6026,#6027,#6028),
 .UNSPECIFIED.,.F.,.F.,(4,1,1,1,1,1,1,1,1,1,1,1,1,1,1,1,1,1,1,1,1,1,1,1,
1,1,4),(0.,0.134923756325991,0.147000188432804,0.162590792163572,0.181037842267219,
0.20195483051176,0.225079430833406,0.250218521599149,0.277222236714442,
0.305969886638902,0.336361565150902,0.368312791570128,0.401750907797632,
0.436612553831264,0.472841839107733,0.510388980932693,0.549209266955499,
0.589262248799978,0.630511104571214,0.672922127316353,0.716464309142534,
0.761108999152836,0.806829619162624,0.853601425222149,0.901401305871416,
0.950207610158048,0.955389271614685),.UNSPECIFIED.);
#115=B_SPLINE_CURVE_WITH_KNOTS('',3,(#6029,#6030,#6031,#6032,#6033,#6034,
#6035,#6036,#6037,#6038,#6039,#6040,#6041,#6042,#6043,#6044,#6045,#6046,
#6047,#6048,#6049,#6050,#6051,#6052,#6053,#6054,#6055,#6056,#6057),
 .UNSPECIFIED.,.F.,.F.,(4,1,1,1,1,1,1,1,1,1,1,1,1,1,1,1,1,1,1,1,1,1,1,1,
1,1,4),(0.,0.134923756325991,0.147000188432804,0.162590792163572,0.181037842267219,
0.20195483051176,0.225079430833406,0.250218521599149,0.277222236714442,
0.305969886638902,0.336361565150902,0.368312791570128,0.401750907797632,
0.436612553831264,0.472841839107733,0.510388980932693,0.549209266955499,
0.589262248799978,0.630511104571214,0.672922127316353,0.716464309142534,
0.761108999152836,0.806829619162624,0.853601425222149,0.901401305871416,
0.950207610158048,0.955389271614685),.UNSPECIFIED.);
#116=B_SPLINE_CURVE_WITH_KNOTS('',3,(#6065,#6066,#6067,#6068,#6069,#6070,
#6071,#6072,#6073,#6074,#6075,#6076,#6077,#6078,#6079,#6080,#6081,#6082,
#6083,#6084,#6085,#6086,#6087,#6088,#6089,#6090,#6091,#6092,#6093),
 .UNSPECIFIED.,.F.,.F.,(4,1,1,1,1,1,1,1,1,1,1,1,1,1,1,1,1,1,1,1,1,1,1,1,
1,1,4),(0.,0.134923756325991,0.147000188432804,0.162590792163572,0.181037842267219,
0.20195483051176,0.225079430833406,0.250218521599149,0.277222236714442,
0.305969886638902,0.336361565150902,0.368312791570128,0.401750907797632,
0.436612553831264,0.472841839107733,0.510388980932693,0.549209266955499,
0.589262248799978,0.630511104571214,0.672922127316353,0.716464309142534,
0.761108999152836,0.806829619162624,0.853601425222149,0.901401305871416,
0.950207610158048,0.955389271614685),.UNSPECIFIED.);
#117=B_SPLINE_CURVE_WITH_KNOTS('',3,(#6094,#6095,#6096,#6097,#6098,#6099,
#6100,#6101,#6102,#6103,#6104,#6105,#6106,#6107,#6108,#6109,#6110,#6111,
#6112,#6113,#6114,#6115,#6116,#6117,#6118,#6119,#6120,#6121,#6122),
 .UNSPECIFIED.,.F.,.F.,(4,1,1,1,1,1,1,1,1,1,1,1,1,1,1,1,1,1,1,1,1,1,1,1,
1,1,4),(0.,0.134923756325991,0.147000188432804,0.162590792163572,0.181037842267219,
0.20195483051176,0.225079430833406,0.250218521599149,0.277222236714442,
0.305969886638902,0.336361565150902,0.368312791570128,0.401750907797632,
0.436612553831264,0.472841839107733,0.510388980932693,0.549209266955499,
0.589262248799978,0.630511104571214,0.672922127316353,0.716464309142534,
0.761108999152836,0.806829619162624,0.853601425222149,0.901401305871416,
0.950207610158048,0.955389271614685),.UNSPECIFIED.);
#118=B_SPLINE_CURVE_WITH_KNOTS('',3,(#6130,#6131,#6132,#6133,#6134,#6135,
#6136,#6137,#6138,#6139,#6140,#6141,#6142,#6143,#6144,#6145,#6146,#6147,
#6148,#6149,#6150,#6151,#6152,#6153,#6154,#6155,#6156,#6157,#6158),
 .UNSPECIFIED.,.F.,.F.,(4,1,1,1,1,1,1,1,1,1,1,1,1,1,1,1,1,1,1,1,1,1,1,1,
1,1,4),(0.,0.134923756325991,0.147000188432804,0.162590792163572,0.181037842267219,
0.20195483051176,0.225079430833406,0.250218521599149,0.277222236714442,
0.305969886638902,0.336361565150902,0.368312791570128,0.401750907797632,
0.436612553831264,0.472841839107733,0.510388980932693,0.549209266955499,
0.589262248799978,0.630511104571214,0.672922127316353,0.716464309142534,
0.761108999152836,0.806829619162624,0.853601425222149,0.901401305871416,
0.950207610158048,0.955389271614685),.UNSPECIFIED.);
#119=B_SPLINE_CURVE_WITH_KNOTS('',3,(#6159,#6160,#6161,#6162,#6163,#6164,
#6165,#6166,#6167,#6168,#6169,#6170,#6171,#6172,#6173,#6174,#6175,#6176,
#6177,#6178,#6179,#6180,#6181,#6182,#6183,#6184,#6185,#6186,#6187),
 .UNSPECIFIED.,.F.,.F.,(4,1,1,1,1,1,1,1,1,1,1,1,1,1,1,1,1,1,1,1,1,1,1,1,
1,1,4),(0.,0.134923756325991,0.147000188432804,0.162590792163572,0.181037842267219,
0.20195483051176,0.225079430833406,0.250218521599149,0.277222236714442,
0.305969886638902,0.336361565150902,0.368312791570128,0.401750907797632,
0.436612553831264,0.472841839107733,0.510388980932693,0.549209266955499,
0.589262248799978,0.630511104571214,0.672922127316353,0.716464309142534,
0.761108999152836,0.806829619162624,0.853601425222149,0.901401305871416,
0.950207610158048,0.955389271614685),.UNSPECIFIED.);
#120=B_SPLINE_CURVE_WITH_KNOTS('',3,(#6195,#6196,#6197,#6198,#6199,#6200,
#6201,#6202,#6203,#6204,#6205,#6206,#6207,#6208,#6209,#6210,#6211,#6212,
#6213,#6214,#6215,#6216,#6217,#6218,#6219,#6220,#6221,#6222,#6223),
 .UNSPECIFIED.,.F.,.F.,(4,1,1,1,1,1,1,1,1,1,1,1,1,1,1,1,1,1,1,1,1,1,1,1,
1,1,4),(0.,0.134923756325991,0.147000188432804,0.162590792163572,0.181037842267219,
0.20195483051176,0.225079430833406,0.250218521599149,0.277222236714442,
0.305969886638902,0.336361565150902,0.368312791570128,0.401750907797632,
0.436612553831264,0.472841839107733,0.510388980932693,0.549209266955499,
0.589262248799978,0.630511104571214,0.672922127316353,0.716464309142534,
0.761108999152836,0.806829619162624,0.853601425222149,0.901401305871416,
0.950207610158048,0.955389271614685),.UNSPECIFIED.);
#121=B_SPLINE_CURVE_WITH_KNOTS('',3,(#6224,#6225,#6226,#6227,#6228,#6229,
#6230,#6231,#6232,#6233,#6234,#6235,#6236,#6237,#6238,#6239,#6240,#6241,
#6242,#6243,#6244,#6245,#6246,#6247,#6248,#6249,#6250,#6251,#6252),
 .UNSPECIFIED.,.F.,.F.,(4,1,1,1,1,1,1,1,1,1,1,1,1,1,1,1,1,1,1,1,1,1,1,1,
1,1,4),(0.,0.134923756325991,0.147000188432804,0.162590792163572,0.181037842267219,
0.20195483051176,0.225079430833406,0.250218521599149,0.277222236714442,
0.305969886638902,0.336361565150902,0.368312791570128,0.401750907797632,
0.436612553831264,0.472841839107733,0.510388980932693,0.549209266955499,
0.589262248799978,0.630511104571214,0.672922127316353,0.716464309142534,
0.761108999152836,0.806829619162624,0.853601425222149,0.901401305871416,
0.950207610158048,0.955389271614685),.UNSPECIFIED.);
#122=B_SPLINE_CURVE_WITH_KNOTS('',3,(#6260,#6261,#6262,#6263,#6264,#6265,
#6266,#6267,#6268,#6269,#6270,#6271,#6272,#6273,#6274,#6275,#6276,#6277,
#6278,#6279,#6280,#6281,#6282,#6283,#6284,#6285,#6286,#6287,#6288),
 .UNSPECIFIED.,.F.,.F.,(4,1,1,1,1,1,1,1,1,1,1,1,1,1,1,1,1,1,1,1,1,1,1,1,
1,1,4),(0.,0.134923756325991,0.147000188432804,0.162590792163572,0.181037842267219,
0.20195483051176,0.225079430833406,0.250218521599149,0.277222236714442,
0.305969886638902,0.336361565150902,0.368312791570128,0.401750907797632,
0.436612553831264,0.472841839107733,0.510388980932693,0.549209266955499,
0.589262248799978,0.630511104571214,0.672922127316353,0.716464309142534,
0.761108999152836,0.806829619162624,0.853601425222149,0.901401305871416,
0.950207610158048,0.955389271614685),.UNSPECIFIED.);
#123=B_SPLINE_CURVE_WITH_KNOTS('',3,(#6289,#6290,#6291,#6292,#6293,#6294,
#6295,#6296,#6297,#6298,#6299,#6300,#6301,#6302,#6303,#6304,#6305,#6306,
#6307,#6308,#6309,#6310,#6311,#6312,#6313,#6314,#6315,#6316,#6317),
 .UNSPECIFIED.,.F.,.F.,(4,1,1,1,1,1,1,1,1,1,1,1,1,1,1,1,1,1,1,1,1,1,1,1,
1,1,4),(0.,0.134923756325991,0.147000188432804,0.162590792163572,0.181037842267219,
0.20195483051176,0.225079430833406,0.250218521599149,0.277222236714442,
0.305969886638902,0.336361565150902,0.368312791570128,0.401750907797632,
0.436612553831264,0.472841839107733,0.510388980932693,0.549209266955499,
0.589262248799978,0.630511104571214,0.672922127316353,0.716464309142534,
0.761108999152836,0.806829619162624,0.853601425222149,0.901401305871416,
0.950207610158048,0.955389271614685),.UNSPECIFIED.);
#124=B_SPLINE_CURVE_WITH_KNOTS('',3,(#6325,#6326,#6327,#6328,#6329,#6330,
#6331,#6332,#6333,#6334,#6335,#6336,#6337,#6338,#6339,#6340,#6341,#6342,
#6343,#6344,#6345,#6346,#6347,#6348,#6349,#6350,#6351,#6352,#6353),
 .UNSPECIFIED.,.F.,.F.,(4,1,1,1,1,1,1,1,1,1,1,1,1,1,1,1,1,1,1,1,1,1,1,1,
1,1,4),(0.,0.134923756325991,0.147000188432804,0.162590792163572,0.181037842267219,
0.20195483051176,0.225079430833406,0.250218521599149,0.277222236714442,
0.305969886638902,0.336361565150902,0.368312791570128,0.401750907797632,
0.436612553831264,0.472841839107733,0.510388980932693,0.549209266955499,
0.589262248799978,0.630511104571214,0.672922127316353,0.716464309142534,
0.761108999152836,0.806829619162624,0.853601425222149,0.901401305871416,
0.950207610158048,0.955389271614685),.UNSPECIFIED.);
#125=B_SPLINE_CURVE_WITH_KNOTS('',3,(#6354,#6355,#6356,#6357,#6358,#6359,
#6360,#6361,#6362,#6363,#6364,#6365,#6366,#6367,#6368,#6369,#6370,#6371,
#6372,#6373,#6374,#6375,#6376,#6377,#6378,#6379,#6380,#6381,#6382),
 .UNSPECIFIED.,.F.,.F.,(4,1,1,1,1,1,1,1,1,1,1,1,1,1,1,1,1,1,1,1,1,1,1,1,
1,1,4),(0.,0.134923756325991,0.147000188432804,0.162590792163572,0.181037842267219,
0.20195483051176,0.225079430833406,0.250218521599149,0.277222236714442,
0.305969886638902,0.336361565150902,0.368312791570128,0.401750907797632,
0.436612553831264,0.472841839107733,0.510388980932693,0.549209266955499,
0.589262248799978,0.630511104571214,0.672922127316353,0.716464309142534,
0.761108999152836,0.806829619162624,0.853601425222149,0.901401305871416,
0.950207610158048,0.955389271614685),.UNSPECIFIED.);
#126=B_SPLINE_CURVE_WITH_KNOTS('',3,(#6390,#6391,#6392,#6393,#6394,#6395,
#6396,#6397,#6398,#6399,#6400,#6401,#6402,#6403,#6404,#6405,#6406,#6407,
#6408,#6409,#6410,#6411,#6412,#6413,#6414,#6415,#6416,#6417,#6418),
 .UNSPECIFIED.,.F.,.F.,(4,1,1,1,1,1,1,1,1,1,1,1,1,1,1,1,1,1,1,1,1,1,1,1,
1,1,4),(0.,0.134923756325991,0.147000188432804,0.162590792163572,0.181037842267219,
0.20195483051176,0.225079430833406,0.250218521599149,0.277222236714442,
0.305969886638902,0.336361565150902,0.368312791570128,0.401750907797632,
0.436612553831264,0.472841839107733,0.510388980932693,0.549209266955499,
0.589262248799978,0.630511104571214,0.672922127316353,0.716464309142534,
0.761108999152836,0.806829619162624,0.853601425222149,0.901401305871416,
0.950207610158048,0.955389271614685),.UNSPECIFIED.);
#127=B_SPLINE_CURVE_WITH_KNOTS('',3,(#6419,#6420,#6421,#6422,#6423,#6424,
#6425,#6426,#6427,#6428,#6429,#6430,#6431,#6432,#6433,#6434,#6435,#6436,
#6437,#6438,#6439,#6440,#6441,#6442,#6443,#6444,#6445,#6446,#6447),
 .UNSPECIFIED.,.F.,.F.,(4,1,1,1,1,1,1,1,1,1,1,1,1,1,1,1,1,1,1,1,1,1,1,1,
1,1,4),(0.,0.134923756325991,0.147000188432804,0.162590792163572,0.181037842267219,
0.20195483051176,0.225079430833406,0.250218521599149,0.277222236714442,
0.305969886638902,0.336361565150902,0.368312791570128,0.401750907797632,
0.436612553831264,0.472841839107733,0.510388980932693,0.549209266955499,
0.589262248799978,0.630511104571214,0.672922127316353,0.716464309142534,
0.761108999152836,0.806829619162624,0.853601425222149,0.901401305871416,
0.950207610158048,0.955389271614685),.UNSPECIFIED.);
#128=B_SPLINE_CURVE_WITH_KNOTS('',3,(#6455,#6456,#6457,#6458,#6459,#6460,
#6461,#6462,#6463,#6464,#6465,#6466,#6467,#6468,#6469,#6470,#6471,#6472,
#6473,#6474,#6475,#6476,#6477,#6478,#6479,#6480,#6481,#6482,#6483),
 .UNSPECIFIED.,.F.,.F.,(4,1,1,1,1,1,1,1,1,1,1,1,1,1,1,1,1,1,1,1,1,1,1,1,
1,1,4),(0.,0.134923756325991,0.147000188432804,0.162590792163572,0.181037842267219,
0.20195483051176,0.225079430833406,0.250218521599149,0.277222236714442,
0.305969886638902,0.336361565150902,0.368312791570128,0.401750907797632,
0.436612553831264,0.472841839107733,0.510388980932693,0.549209266955499,
0.589262248799978,0.630511104571214,0.672922127316353,0.716464309142534,
0.761108999152836,0.806829619162624,0.853601425222149,0.901401305871416,
0.950207610158048,0.955389271614685),.UNSPECIFIED.);
#129=B_SPLINE_CURVE_WITH_KNOTS('',3,(#6484,#6485,#6486,#6487,#6488,#6489,
#6490,#6491,#6492,#6493,#6494,#6495,#6496,#6497,#6498,#6499,#6500,#6501,
#6502,#6503,#6504,#6505,#6506,#6507,#6508,#6509,#6510,#6511,#6512),
 .UNSPECIFIED.,.F.,.F.,(4,1,1,1,1,1,1,1,1,1,1,1,1,1,1,1,1,1,1,1,1,1,1,1,
1,1,4),(0.,0.134923756325991,0.147000188432804,0.162590792163572,0.181037842267219,
0.20195483051176,0.225079430833406,0.250218521599149,0.277222236714442,
0.305969886638902,0.336361565150902,0.368312791570128,0.401750907797632,
0.436612553831264,0.472841839107733,0.510388980932693,0.549209266955499,
0.589262248799978,0.630511104571214,0.672922127316353,0.716464309142534,
0.761108999152836,0.806829619162624,0.853601425222149,0.901401305871416,
0.950207610158048,0.955389271614685),.UNSPECIFIED.);
#130=B_SPLINE_CURVE_WITH_KNOTS('',3,(#6520,#6521,#6522,#6523,#6524,#6525,
#6526,#6527,#6528,#6529,#6530,#6531,#6532,#6533,#6534,#6535,#6536,#6537,
#6538,#6539,#6540,#6541,#6542,#6543,#6544,#6545,#6546,#6547,#6548),
 .UNSPECIFIED.,.F.,.F.,(4,1,1,1,1,1,1,1,1,1,1,1,1,1,1,1,1,1,1,1,1,1,1,1,
1,1,4),(0.,0.134923756325991,0.147000188432804,0.162590792163572,0.181037842267219,
0.20195483051176,0.225079430833406,0.250218521599149,0.277222236714442,
0.305969886638902,0.336361565150902,0.368312791570128,0.401750907797632,
0.436612553831264,0.472841839107733,0.510388980932693,0.549209266955499,
0.589262248799978,0.630511104571214,0.672922127316353,0.716464309142534,
0.761108999152836,0.806829619162624,0.853601425222149,0.901401305871416,
0.950207610158048,0.955389271614685),.UNSPECIFIED.);
#131=B_SPLINE_CURVE_WITH_KNOTS('',3,(#6549,#6550,#6551,#6552,#6553,#6554,
#6555,#6556,#6557,#6558,#6559,#6560,#6561,#6562,#6563,#6564,#6565,#6566,
#6567,#6568,#6569,#6570,#6571,#6572,#6573,#6574,#6575,#6576,#6577),
 .UNSPECIFIED.,.F.,.F.,(4,1,1,1,1,1,1,1,1,1,1,1,1,1,1,1,1,1,1,1,1,1,1,1,
1,1,4),(0.,0.134923756325991,0.147000188432804,0.162590792163572,0.181037842267219,
0.20195483051176,0.225079430833406,0.250218521599149,0.277222236714442,
0.305969886638902,0.336361565150902,0.368312791570128,0.401750907797632,
0.436612553831264,0.472841839107733,0.510388980932693,0.549209266955499,
0.589262248799978,0.630511104571214,0.672922127316353,0.716464309142534,
0.761108999152836,0.806829619162624,0.853601425222149,0.901401305871416,
0.950207610158048,0.955389271614685),.UNSPECIFIED.);
#132=B_SPLINE_CURVE_WITH_KNOTS('',3,(#6585,#6586,#6587,#6588,#6589,#6590,
#6591,#6592,#6593,#6594,#6595,#6596,#6597,#6598,#6599,#6600,#6601,#6602,
#6603,#6604,#6605,#6606,#6607,#6608,#6609,#6610,#6611,#6612,#6613),
 .UNSPECIFIED.,.F.,.F.,(4,1,1,1,1,1,1,1,1,1,1,1,1,1,1,1,1,1,1,1,1,1,1,1,
1,1,4),(0.,0.134923756325991,0.147000188432804,0.162590792163572,0.181037842267219,
0.20195483051176,0.225079430833406,0.250218521599149,0.277222236714442,
0.305969886638902,0.336361565150902,0.368312791570128,0.401750907797632,
0.436612553831264,0.472841839107733,0.510388980932693,0.549209266955499,
0.589262248799978,0.630511104571214,0.672922127316353,0.716464309142534,
0.761108999152836,0.806829619162624,0.853601425222149,0.901401305871416,
0.950207610158048,0.955389271614685),.UNSPECIFIED.);
#133=B_SPLINE_CURVE_WITH_KNOTS('',3,(#6614,#6615,#6616,#6617,#6618,#6619,
#6620,#6621,#6622,#6623,#6624,#6625,#6626,#6627,#6628,#6629,#6630,#6631,
#6632,#6633,#6634,#6635,#6636,#6637,#6638,#6639,#6640,#6641,#6642),
 .UNSPECIFIED.,.F.,.F.,(4,1,1,1,1,1,1,1,1,1,1,1,1,1,1,1,1,1,1,1,1,1,1,1,
1,1,4),(0.,0.134923756325991,0.147000188432804,0.162590792163572,0.181037842267219,
0.20195483051176,0.225079430833406,0.250218521599149,0.277222236714442,
0.305969886638902,0.336361565150902,0.368312791570128,0.401750907797632,
0.436612553831264,0.472841839107733,0.510388980932693,0.549209266955499,
0.589262248799978,0.630511104571214,0.672922127316353,0.716464309142534,
0.761108999152836,0.806829619162624,0.853601425222149,0.901401305871416,
0.950207610158048,0.955389271614685),.UNSPECIFIED.);
#134=B_SPLINE_CURVE_WITH_KNOTS('',3,(#6650,#6651,#6652,#6653,#6654,#6655,
#6656,#6657,#6658,#6659,#6660,#6661,#6662,#6663,#6664,#6665,#6666,#6667,
#6668,#6669,#6670,#6671,#6672,#6673,#6674,#6675,#6676,#6677,#6678),
 .UNSPECIFIED.,.F.,.F.,(4,1,1,1,1,1,1,1,1,1,1,1,1,1,1,1,1,1,1,1,1,1,1,1,
1,1,4),(0.,0.134923756325991,0.147000188432804,0.162590792163572,0.181037842267219,
0.20195483051176,0.225079430833406,0.250218521599149,0.277222236714442,
0.305969886638902,0.336361565150902,0.368312791570128,0.401750907797632,
0.436612553831264,0.472841839107733,0.510388980932693,0.549209266955499,
0.589262248799978,0.630511104571214,0.672922127316353,0.716464309142534,
0.761108999152836,0.806829619162624,0.853601425222149,0.901401305871416,
0.950207610158048,0.955389271614685),.UNSPECIFIED.);
#135=B_SPLINE_CURVE_WITH_KNOTS('',3,(#6679,#6680,#6681,#6682,#6683,#6684,
#6685,#6686,#6687,#6688,#6689,#6690,#6691,#6692,#6693,#6694,#6695,#6696,
#6697,#6698,#6699,#6700,#6701,#6702,#6703,#6704,#6705,#6706,#6707),
 .UNSPECIFIED.,.F.,.F.,(4,1,1,1,1,1,1,1,1,1,1,1,1,1,1,1,1,1,1,1,1,1,1,1,
1,1,4),(0.,0.134923756325991,0.147000188432804,0.162590792163572,0.181037842267219,
0.20195483051176,0.225079430833406,0.250218521599149,0.277222236714442,
0.305969886638902,0.336361565150902,0.368312791570128,0.401750907797632,
0.436612553831264,0.472841839107733,0.510388980932693,0.549209266955499,
0.589262248799978,0.630511104571214,0.672922127316353,0.716464309142534,
0.761108999152836,0.806829619162624,0.853601425222149,0.901401305871416,
0.950207610158048,0.955389271614685),.UNSPECIFIED.);
#136=B_SPLINE_CURVE_WITH_KNOTS('',3,(#6715,#6716,#6717,#6718,#6719,#6720,
#6721,#6722,#6723,#6724,#6725,#6726,#6727,#6728,#6729,#6730,#6731,#6732,
#6733,#6734,#6735,#6736,#6737,#6738,#6739,#6740,#6741,#6742,#6743),
 .UNSPECIFIED.,.F.,.F.,(4,1,1,1,1,1,1,1,1,1,1,1,1,1,1,1,1,1,1,1,1,1,1,1,
1,1,4),(0.,0.134923756325991,0.147000188432804,0.162590792163572,0.181037842267219,
0.20195483051176,0.225079430833406,0.250218521599149,0.277222236714442,
0.305969886638902,0.336361565150902,0.368312791570128,0.401750907797632,
0.436612553831264,0.472841839107733,0.510388980932693,0.549209266955499,
0.589262248799978,0.630511104571214,0.672922127316353,0.716464309142534,
0.761108999152836,0.806829619162624,0.853601425222149,0.901401305871416,
0.950207610158048,0.955389271614685),.UNSPECIFIED.);
#137=B_SPLINE_CURVE_WITH_KNOTS('',3,(#6744,#6745,#6746,#6747,#6748,#6749,
#6750,#6751,#6752,#6753,#6754,#6755,#6756,#6757,#6758,#6759,#6760,#6761,
#6762,#6763,#6764,#6765,#6766,#6767,#6768,#6769,#6770,#6771,#6772),
 .UNSPECIFIED.,.F.,.F.,(4,1,1,1,1,1,1,1,1,1,1,1,1,1,1,1,1,1,1,1,1,1,1,1,
1,1,4),(0.,0.134923756325991,0.147000188432804,0.162590792163572,0.181037842267219,
0.20195483051176,0.225079430833406,0.250218521599149,0.277222236714442,
0.305969886638902,0.336361565150902,0.368312791570128,0.401750907797632,
0.436612553831264,0.472841839107733,0.510388980932693,0.549209266955499,
0.589262248799978,0.630511104571214,0.672922127316353,0.716464309142534,
0.761108999152836,0.806829619162624,0.853601425222149,0.901401305871416,
0.950207610158048,0.955389271614685),.UNSPECIFIED.);
#138=B_SPLINE_CURVE_WITH_KNOTS('',3,(#6780,#6781,#6782,#6783,#6784,#6785,
#6786,#6787,#6788,#6789,#6790,#6791,#6792,#6793,#6794,#6795,#6796,#6797,
#6798,#6799,#6800,#6801,#6802,#6803,#6804,#6805,#6806,#6807,#6808),
 .UNSPECIFIED.,.F.,.F.,(4,1,1,1,1,1,1,1,1,1,1,1,1,1,1,1,1,1,1,1,1,1,1,1,
1,1,4),(0.,0.134923756325991,0.147000188432804,0.162590792163572,0.181037842267219,
0.20195483051176,0.225079430833406,0.250218521599149,0.277222236714442,
0.305969886638902,0.336361565150902,0.368312791570128,0.401750907797632,
0.436612553831264,0.472841839107733,0.510388980932693,0.549209266955499,
0.589262248799978,0.630511104571214,0.672922127316353,0.716464309142534,
0.761108999152836,0.806829619162624,0.853601425222149,0.901401305871416,
0.950207610158048,0.955389271614685),.UNSPECIFIED.);
#139=B_SPLINE_CURVE_WITH_KNOTS('',3,(#6809,#6810,#6811,#6812,#6813,#6814,
#6815,#6816,#6817,#6818,#6819,#6820,#6821,#6822,#6823,#6824,#6825,#6826,
#6827,#6828,#6829,#6830,#6831,#6832,#6833,#6834,#6835,#6836,#6837),
 .UNSPECIFIED.,.F.,.F.,(4,1,1,1,1,1,1,1,1,1,1,1,1,1,1,1,1,1,1,1,1,1,1,1,
1,1,4),(0.,0.134923756325991,0.147000188432804,0.162590792163572,0.181037842267219,
0.20195483051176,0.225079430833406,0.250218521599149,0.277222236714442,
0.305969886638902,0.336361565150902,0.368312791570128,0.401750907797632,
0.436612553831264,0.472841839107733,0.510388980932693,0.549209266955499,
0.589262248799978,0.630511104571214,0.672922127316353,0.716464309142534,
0.761108999152836,0.806829619162624,0.853601425222149,0.901401305871416,
0.950207610158048,0.955389271614685),.UNSPECIFIED.);
#140=B_SPLINE_CURVE_WITH_KNOTS('',3,(#6845,#6846,#6847,#6848,#6849,#6850,
#6851,#6852,#6853,#6854,#6855,#6856,#6857,#6858,#6859,#6860,#6861,#6862,
#6863,#6864,#6865,#6866,#6867,#6868,#6869,#6870,#6871,#6872,#6873),
 .UNSPECIFIED.,.F.,.F.,(4,1,1,1,1,1,1,1,1,1,1,1,1,1,1,1,1,1,1,1,1,1,1,1,
1,1,4),(0.,0.134923756325991,0.147000188432804,0.162590792163572,0.181037842267219,
0.20195483051176,0.225079430833406,0.250218521599149,0.277222236714442,
0.305969886638902,0.336361565150902,0.368312791570128,0.401750907797632,
0.436612553831264,0.472841839107733,0.510388980932693,0.549209266955499,
0.589262248799978,0.630511104571214,0.672922127316353,0.716464309142534,
0.761108999152836,0.806829619162624,0.853601425222149,0.901401305871416,
0.950207610158048,0.955389271614685),.UNSPECIFIED.);
#141=B_SPLINE_CURVE_WITH_KNOTS('',3,(#6874,#6875,#6876,#6877,#6878,#6879,
#6880,#6881,#6882,#6883,#6884,#6885,#6886,#6887,#6888,#6889,#6890,#6891,
#6892,#6893,#6894,#6895,#6896,#6897,#6898,#6899,#6900,#6901,#6902),
 .UNSPECIFIED.,.F.,.F.,(4,1,1,1,1,1,1,1,1,1,1,1,1,1,1,1,1,1,1,1,1,1,1,1,
1,1,4),(0.,0.134923756325991,0.147000188432804,0.162590792163572,0.181037842267219,
0.20195483051176,0.225079430833406,0.250218521599149,0.277222236714442,
0.305969886638902,0.336361565150902,0.368312791570128,0.401750907797632,
0.436612553831264,0.472841839107733,0.510388980932693,0.549209266955499,
0.589262248799978,0.630511104571214,0.672922127316353,0.716464309142534,
0.761108999152836,0.806829619162624,0.853601425222149,0.901401305871416,
0.950207610158048,0.955389271614685),.UNSPECIFIED.);
#142=B_SPLINE_CURVE_WITH_KNOTS('',3,(#6910,#6911,#6912,#6913,#6914,#6915,
#6916,#6917,#6918,#6919,#6920,#6921,#6922,#6923,#6924,#6925,#6926,#6927,
#6928,#6929,#6930,#6931,#6932,#6933,#6934,#6935,#6936,#6937,#6938),
 .UNSPECIFIED.,.F.,.F.,(4,1,1,1,1,1,1,1,1,1,1,1,1,1,1,1,1,1,1,1,1,1,1,1,
1,1,4),(0.,0.134923756325991,0.147000188432804,0.162590792163572,0.181037842267219,
0.20195483051176,0.225079430833406,0.250218521599149,0.277222236714442,
0.305969886638902,0.336361565150902,0.368312791570128,0.401750907797632,
0.436612553831264,0.472841839107733,0.510388980932693,0.549209266955499,
0.589262248799978,0.630511104571214,0.672922127316353,0.716464309142534,
0.761108999152836,0.806829619162624,0.853601425222149,0.901401305871416,
0.950207610158048,0.955389271614685),.UNSPECIFIED.);
#143=B_SPLINE_CURVE_WITH_KNOTS('',3,(#6939,#6940,#6941,#6942,#6943,#6944,
#6945,#6946,#6947,#6948,#6949,#6950,#6951,#6952,#6953,#6954,#6955,#6956,
#6957,#6958,#6959,#6960,#6961,#6962,#6963,#6964,#6965,#6966,#6967),
 .UNSPECIFIED.,.F.,.F.,(4,1,1,1,1,1,1,1,1,1,1,1,1,1,1,1,1,1,1,1,1,1,1,1,
1,1,4),(0.,0.134923756325991,0.147000188432804,0.162590792163572,0.181037842267219,
0.20195483051176,0.225079430833406,0.250218521599149,0.277222236714442,
0.305969886638902,0.336361565150902,0.368312791570128,0.401750907797632,
0.436612553831264,0.472841839107733,0.510388980932693,0.549209266955499,
0.589262248799978,0.630511104571214,0.672922127316353,0.716464309142534,
0.761108999152836,0.806829619162624,0.853601425222149,0.901401305871416,
0.950207610158048,0.955389271614685),.UNSPECIFIED.);
#144=B_SPLINE_CURVE_WITH_KNOTS('',3,(#6975,#6976,#6977,#6978,#6979,#6980,
#6981,#6982,#6983,#6984,#6985,#6986,#6987,#6988,#6989,#6990,#6991,#6992,
#6993,#6994,#6995,#6996,#6997,#6998,#6999,#7000,#7001,#7002,#7003),
 .UNSPECIFIED.,.F.,.F.,(4,1,1,1,1,1,1,1,1,1,1,1,1,1,1,1,1,1,1,1,1,1,1,1,
1,1,4),(0.,0.134923756325991,0.147000188432804,0.162590792163572,0.181037842267219,
0.20195483051176,0.225079430833406,0.250218521599149,0.277222236714442,
0.305969886638902,0.336361565150902,0.368312791570128,0.401750907797632,
0.436612553831264,0.472841839107733,0.510388980932693,0.549209266955499,
0.589262248799978,0.630511104571214,0.672922127316353,0.716464309142534,
0.761108999152836,0.806829619162624,0.853601425222149,0.901401305871416,
0.950207610158048,0.955389271614685),.UNSPECIFIED.);
#145=B_SPLINE_CURVE_WITH_KNOTS('',3,(#7004,#7005,#7006,#7007,#7008,#7009,
#7010,#7011,#7012,#7013,#7014,#7015,#7016,#7017,#7018,#7019,#7020,#7021,
#7022,#7023,#7024,#7025,#7026,#7027,#7028,#7029,#7030,#7031,#7032),
 .UNSPECIFIED.,.F.,.F.,(4,1,1,1,1,1,1,1,1,1,1,1,1,1,1,1,1,1,1,1,1,1,1,1,
1,1,4),(0.,0.134923756325991,0.147000188432804,0.162590792163572,0.181037842267219,
0.20195483051176,0.225079430833406,0.250218521599149,0.277222236714442,
0.305969886638902,0.336361565150902,0.368312791570128,0.401750907797632,
0.436612553831264,0.472841839107733,0.510388980932693,0.549209266955499,
0.589262248799978,0.630511104571214,0.672922127316353,0.716464309142534,
0.761108999152836,0.806829619162624,0.853601425222149,0.901401305871416,
0.950207610158048,0.955389271614685),.UNSPECIFIED.);
#146=B_SPLINE_CURVE_WITH_KNOTS('',3,(#7040,#7041,#7042,#7043,#7044,#7045,
#7046,#7047,#7048,#7049,#7050,#7051,#7052,#7053,#7054,#7055,#7056,#7057,
#7058,#7059,#7060,#7061,#7062,#7063,#7064,#7065,#7066,#7067,#7068),
 .UNSPECIFIED.,.F.,.F.,(4,1,1,1,1,1,1,1,1,1,1,1,1,1,1,1,1,1,1,1,1,1,1,1,
1,1,4),(0.,0.134923756325991,0.147000188432804,0.162590792163572,0.181037842267219,
0.20195483051176,0.225079430833406,0.250218521599149,0.277222236714442,
0.305969886638902,0.336361565150902,0.368312791570128,0.401750907797632,
0.436612553831264,0.472841839107733,0.510388980932693,0.549209266955499,
0.589262248799978,0.630511104571214,0.672922127316353,0.716464309142534,
0.761108999152836,0.806829619162624,0.853601425222149,0.901401305871416,
0.950207610158048,0.955389271614685),.UNSPECIFIED.);
#147=B_SPLINE_CURVE_WITH_KNOTS('',3,(#7069,#7070,#7071,#7072,#7073,#7074,
#7075,#7076,#7077,#7078,#7079,#7080,#7081,#7082,#7083,#7084,#7085,#7086,
#7087,#7088,#7089,#7090,#7091,#7092,#7093,#7094,#7095,#7096,#7097),
 .UNSPECIFIED.,.F.,.F.,(4,1,1,1,1,1,1,1,1,1,1,1,1,1,1,1,1,1,1,1,1,1,1,1,
1,1,4),(0.,0.134923756325991,0.147000188432804,0.162590792163572,0.181037842267219,
0.20195483051176,0.225079430833406,0.250218521599149,0.277222236714442,
0.305969886638902,0.336361565150902,0.368312791570128,0.401750907797632,
0.436612553831264,0.472841839107733,0.510388980932693,0.549209266955499,
0.589262248799978,0.630511104571214,0.672922127316353,0.716464309142534,
0.761108999152836,0.806829619162624,0.853601425222149,0.901401305871416,
0.950207610158048,0.955389271614685),.UNSPECIFIED.);
#148=B_SPLINE_CURVE_WITH_KNOTS('',3,(#7105,#7106,#7107,#7108,#7109,#7110,
#7111,#7112,#7113,#7114,#7115,#7116,#7117,#7118,#7119,#7120,#7121,#7122,
#7123,#7124,#7125,#7126,#7127,#7128,#7129,#7130,#7131,#7132,#7133),
 .UNSPECIFIED.,.F.,.F.,(4,1,1,1,1,1,1,1,1,1,1,1,1,1,1,1,1,1,1,1,1,1,1,1,
1,1,4),(0.,0.134923756325991,0.147000188432804,0.162590792163572,0.181037842267219,
0.20195483051176,0.225079430833406,0.250218521599149,0.277222236714442,
0.305969886638902,0.336361565150902,0.368312791570128,0.401750907797632,
0.436612553831264,0.472841839107733,0.510388980932693,0.549209266955499,
0.589262248799978,0.630511104571214,0.672922127316353,0.716464309142534,
0.761108999152836,0.806829619162624,0.853601425222149,0.901401305871416,
0.950207610158048,0.955389271614685),.UNSPECIFIED.);
#149=B_SPLINE_CURVE_WITH_KNOTS('',3,(#7134,#7135,#7136,#7137,#7138,#7139,
#7140,#7141,#7142,#7143,#7144,#7145,#7146,#7147,#7148,#7149,#7150,#7151,
#7152,#7153,#7154,#7155,#7156,#7157,#7158,#7159,#7160,#7161,#7162),
 .UNSPECIFIED.,.F.,.F.,(4,1,1,1,1,1,1,1,1,1,1,1,1,1,1,1,1,1,1,1,1,1,1,1,
1,1,4),(0.,0.134923756325991,0.147000188432804,0.162590792163572,0.181037842267219,
0.20195483051176,0.225079430833406,0.250218521599149,0.277222236714442,
0.305969886638902,0.336361565150902,0.368312791570128,0.401750907797632,
0.436612553831264,0.472841839107733,0.510388980932693,0.549209266955499,
0.589262248799978,0.630511104571214,0.672922127316353,0.716464309142534,
0.761108999152836,0.806829619162624,0.853601425222149,0.901401305871416,
0.950207610158048,0.955389271614685),.UNSPECIFIED.);
#150=B_SPLINE_CURVE_WITH_KNOTS('',3,(#7170,#7171,#7172,#7173,#7174,#7175,
#7176,#7177,#7178,#7179,#7180,#7181,#7182,#7183,#7184,#7185,#7186,#7187,
#7188,#7189,#7190,#7191,#7192,#7193,#7194,#7195,#7196,#7197,#7198),
 .UNSPECIFIED.,.F.,.F.,(4,1,1,1,1,1,1,1,1,1,1,1,1,1,1,1,1,1,1,1,1,1,1,1,
1,1,4),(0.,0.134923756325991,0.147000188432804,0.162590792163572,0.181037842267219,
0.20195483051176,0.225079430833406,0.250218521599149,0.277222236714442,
0.305969886638902,0.336361565150902,0.368312791570128,0.401750907797632,
0.436612553831264,0.472841839107733,0.510388980932693,0.549209266955499,
0.589262248799978,0.630511104571214,0.672922127316353,0.716464309142534,
0.761108999152836,0.806829619162624,0.853601425222149,0.901401305871416,
0.950207610158048,0.955389271614685),.UNSPECIFIED.);
#151=B_SPLINE_CURVE_WITH_KNOTS('',3,(#7199,#7200,#7201,#7202,#7203,#7204,
#7205,#7206,#7207,#7208,#7209,#7210,#7211,#7212,#7213,#7214,#7215,#7216,
#7217,#7218,#7219,#7220,#7221,#7222,#7223,#7224,#7225,#7226,#7227),
 .UNSPECIFIED.,.F.,.F.,(4,1,1,1,1,1,1,1,1,1,1,1,1,1,1,1,1,1,1,1,1,1,1,1,
1,1,4),(0.,0.134923756325991,0.147000188432804,0.162590792163572,0.181037842267219,
0.20195483051176,0.225079430833406,0.250218521599149,0.277222236714442,
0.305969886638902,0.336361565150902,0.368312791570128,0.401750907797632,
0.436612553831264,0.472841839107733,0.510388980932693,0.549209266955499,
0.589262248799978,0.630511104571214,0.672922127316353,0.716464309142534,
0.761108999152836,0.806829619162624,0.853601425222149,0.901401305871416,
0.950207610158048,0.955389271614685),.UNSPECIFIED.);
#152=B_SPLINE_CURVE_WITH_KNOTS('',3,(#7235,#7236,#7237,#7238,#7239,#7240,
#7241,#7242,#7243,#7244,#7245,#7246,#7247,#7248,#7249,#7250,#7251,#7252,
#7253,#7254,#7255,#7256,#7257,#7258,#7259,#7260,#7261,#7262,#7263),
 .UNSPECIFIED.,.F.,.F.,(4,1,1,1,1,1,1,1,1,1,1,1,1,1,1,1,1,1,1,1,1,1,1,1,
1,1,4),(0.,0.134923756325991,0.147000188432804,0.162590792163572,0.181037842267219,
0.20195483051176,0.225079430833406,0.250218521599149,0.277222236714442,
0.305969886638902,0.336361565150902,0.368312791570128,0.401750907797632,
0.436612553831264,0.472841839107733,0.510388980932693,0.549209266955499,
0.589262248799978,0.630511104571214,0.672922127316353,0.716464309142534,
0.761108999152836,0.806829619162624,0.853601425222149,0.901401305871416,
0.950207610158048,0.955389271614685),.UNSPECIFIED.);
#153=B_SPLINE_CURVE_WITH_KNOTS('',3,(#7264,#7265,#7266,#7267,#7268,#7269,
#7270,#7271,#7272,#7273,#7274,#7275,#7276,#7277,#7278,#7279,#7280,#7281,
#7282,#7283,#7284,#7285,#7286,#7287,#7288,#7289,#7290,#7291,#7292),
 .UNSPECIFIED.,.F.,.F.,(4,1,1,1,1,1,1,1,1,1,1,1,1,1,1,1,1,1,1,1,1,1,1,1,
1,1,4),(0.,0.134923756325991,0.147000188432804,0.162590792163572,0.181037842267219,
0.20195483051176,0.225079430833406,0.250218521599149,0.277222236714442,
0.305969886638902,0.336361565150902,0.368312791570128,0.401750907797632,
0.436612553831264,0.472841839107733,0.510388980932693,0.549209266955499,
0.589262248799978,0.630511104571214,0.672922127316353,0.716464309142534,
0.761108999152836,0.806829619162624,0.853601425222149,0.901401305871416,
0.950207610158048,0.955389271614685),.UNSPECIFIED.);
#154=B_SPLINE_CURVE_WITH_KNOTS('',3,(#7300,#7301,#7302,#7303,#7304,#7305,
#7306,#7307,#7308,#7309,#7310,#7311,#7312,#7313,#7314,#7315,#7316,#7317,
#7318,#7319,#7320,#7321,#7322,#7323,#7324,#7325,#7326,#7327,#7328),
 .UNSPECIFIED.,.F.,.F.,(4,1,1,1,1,1,1,1,1,1,1,1,1,1,1,1,1,1,1,1,1,1,1,1,
1,1,4),(0.,0.134923756325991,0.147000188432804,0.162590792163572,0.181037842267219,
0.20195483051176,0.225079430833406,0.250218521599149,0.277222236714442,
0.305969886638902,0.336361565150902,0.368312791570128,0.401750907797632,
0.436612553831264,0.472841839107733,0.510388980932693,0.549209266955499,
0.589262248799978,0.630511104571214,0.672922127316353,0.716464309142534,
0.761108999152836,0.806829619162624,0.853601425222149,0.901401305871416,
0.950207610158048,0.955389271614685),.UNSPECIFIED.);
#155=B_SPLINE_CURVE_WITH_KNOTS('',3,(#7329,#7330,#7331,#7332,#7333,#7334,
#7335,#7336,#7337,#7338,#7339,#7340,#7341,#7342,#7343,#7344,#7345,#7346,
#7347,#7348,#7349,#7350,#7351,#7352,#7353,#7354,#7355,#7356,#7357),
 .UNSPECIFIED.,.F.,.F.,(4,1,1,1,1,1,1,1,1,1,1,1,1,1,1,1,1,1,1,1,1,1,1,1,
1,1,4),(0.,0.134923756325991,0.147000188432804,0.162590792163572,0.181037842267219,
0.20195483051176,0.225079430833406,0.250218521599149,0.277222236714442,
0.305969886638902,0.336361565150902,0.368312791570128,0.401750907797632,
0.436612553831264,0.472841839107733,0.510388980932693,0.549209266955499,
0.589262248799978,0.630511104571214,0.672922127316353,0.716464309142534,
0.761108999152836,0.806829619162624,0.853601425222149,0.901401305871416,
0.950207610158048,0.955389271614685),.UNSPECIFIED.);
#156=PLANE('',#3012);
#157=PLANE('',#3089);
#158=PLANE('',#3237);
#159=PLANE('',#3240);
#160=PLANE('',#3241);
#161=PLANE('',#3242);
#162=PLANE('',#3243);
#163=PLANE('',#3244);
#164=PLANE('',#3245);
#165=PLANE('',#3246);
#166=CIRCLE('',#2944,1.651);
#167=CIRCLE('',#2945,1.651);
#168=CIRCLE('',#2947,1.651);
#169=CIRCLE('',#2948,1.651);
#170=CIRCLE('',#2950,1.651);
#171=CIRCLE('',#2951,1.651);
#172=CIRCLE('',#2953,1.651);
#173=CIRCLE('',#2954,1.651);
#174=CIRCLE('',#2956,1.651);
#175=CIRCLE('',#2957,1.651);
#176=CIRCLE('',#2959,1.651);
#177=CIRCLE('',#2960,1.651);
#178=CIRCLE('',#2962,1.651);
#179=CIRCLE('',#2963,1.651);
#180=CIRCLE('',#2965,1.651);
#181=CIRCLE('',#2966,1.651);
#182=CIRCLE('',#2968,1.651);
#183=CIRCLE('',#2969,1.651);
#184=CIRCLE('',#2971,1.651);
#185=CIRCLE('',#2972,1.651);
#186=CIRCLE('',#2974,1.651);
#187=CIRCLE('',#2975,1.651);
#188=CIRCLE('',#2977,1.651);
#189=CIRCLE('',#2978,1.651);
#190=CIRCLE('',#2980,1.651);
#191=CIRCLE('',#2981,1.651);
#192=CIRCLE('',#2983,1.651);
#193=CIRCLE('',#2984,1.651);
#194=CIRCLE('',#2986,1.651);
#195=CIRCLE('',#2987,1.651);
#196=CIRCLE('',#2989,1.651);
#197=CIRCLE('',#2990,1.651);
#198=CIRCLE('',#2992,1.651);
#199=CIRCLE('',#2993,1.651);
#200=CIRCLE('',#2995,1.651);
#201=CIRCLE('',#2996,1.651);
#202=CIRCLE('',#2998,1.651);
#203=CIRCLE('',#2999,1.651);
#204=CIRCLE('',#3001,1.651);
#205=CIRCLE('',#3002,1.651);
#206=CIRCLE('',#3004,1.651);
#207=CIRCLE('',#3005,1.651);
#208=CIRCLE('',#3007,1.651);
#209=CIRCLE('',#3008,1.651);
#210=CIRCLE('',#3010,1.651);
#211=CIRCLE('',#3011,1.651);
#212=CIRCLE('',#3013,0.95);
#213=CIRCLE('',#3014,0.0592576775492768);
#214=CIRCLE('',#3015,0.0592576775492768);
#215=CIRCLE('',#3016,1.36524999999996);
#216=CIRCLE('',#3017,0.0592576775492768);
#217=CIRCLE('',#3018,0.0592576775492768);
#218=CIRCLE('',#3019,1.36524999999996);
#219=CIRCLE('',#3020,0.0592576775492768);
#220=CIRCLE('',#3021,0.0592576775492768);
#221=CIRCLE('',#3022,1.36524999999996);
#222=CIRCLE('',#3023,0.0592576775492768);
#223=CIRCLE('',#3024,0.0592576775492768);
#224=CIRCLE('',#3025,1.36524999999996);
#225=CIRCLE('',#3026,0.0592576775492768);
#226=CIRCLE('',#3027,0.0592576775492768);
#227=CIRCLE('',#3028,1.36524999999996);
#228=CIRCLE('',#3029,0.0592576775492768);
#229=CIRCLE('',#3030,0.0592576775492768);
#230=CIRCLE('',#3031,1.36524999999996);
#231=CIRCLE('',#3032,0.0592576775492768);
#232=CIRCLE('',#3033,0.0592576775492768);
#233=CIRCLE('',#3034,1.36524999999996);
#234=CIRCLE('',#3035,0.0592576775492768);
#235=CIRCLE('',#3036,0.0592576775492768);
#236=CIRCLE('',#3037,1.36524999999996);
#237=CIRCLE('',#3038,0.0592576775492768);
#238=CIRCLE('',#3039,0.0592576775492768);
#239=CIRCLE('',#3040,1.36524999999996);
#240=CIRCLE('',#3041,0.0592576775492768);
#241=CIRCLE('',#3042,0.0592576775492768);
#242=CIRCLE('',#3043,1.36524999999996);
#243=CIRCLE('',#3044,0.0592576775492768);
#244=CIRCLE('',#3045,1.651);
#245=CIRCLE('',#3046,0.0592576775492768);
#246=CIRCLE('',#3047,1.36524999999996);
#247=CIRCLE('',#3048,0.0592576775492768);
#248=CIRCLE('',#3049,0.0592576775492768);
#249=CIRCLE('',#3050,1.36524999999996);
#250=CIRCLE('',#3051,0.0592576775492768);
#251=CIRCLE('',#3052,0.0592576775492768);
#252=CIRCLE('',#3053,1.36524999999996);
#253=CIRCLE('',#3054,0.0592576775492768);
#254=CIRCLE('',#3055,0.0592576775492768);
#255=CIRCLE('',#3056,1.36524999999996);
#256=CIRCLE('',#3057,0.0592576775492768);
#257=CIRCLE('',#3058,0.0592576775492768);
#258=CIRCLE('',#3059,1.36524999999996);
#259=CIRCLE('',#3060,0.0592576775492768);
#260=CIRCLE('',#3061,0.0592576775492768);
#261=CIRCLE('',#3062,1.36524999999996);
#262=CIRCLE('',#3063,0.0592576775492768);
#263=CIRCLE('',#3064,0.0592576775492768);
#264=CIRCLE('',#3065,1.36524999999996);
#265=CIRCLE('',#3066,0.0592576775492768);
#266=CIRCLE('',#3067,0.0592576775492768);
#267=CIRCLE('',#3068,1.36524999999996);
#268=CIRCLE('',#3069,0.0592576775492768);
#269=CIRCLE('',#3070,0.0592576775492768);
#270=CIRCLE('',#3071,1.36524999999996);
#271=CIRCLE('',#3072,0.0592576775492768);
#272=CIRCLE('',#3073,0.0592576775492768);
#273=CIRCLE('',#3074,1.36524999999996);
#274=CIRCLE('',#3075,0.0592576775492768);
#275=CIRCLE('',#3076,0.0592576775492768);
#276=CIRCLE('',#3077,1.36524999999996);
#277=CIRCLE('',#3078,0.0592576775492768);
#278=CIRCLE('',#3079,0.0592576775492768);
#279=CIRCLE('',#3080,1.36524999999996);
#280=CIRCLE('',#3081,0.0592576775492768);
#281=CIRCLE('',#3082,0.0592576775492768);
#282=CIRCLE('',#3083,1.36524999999996);
#283=CIRCLE('',#3084,0.0592576775492768);
#284=CIRCLE('',#3085,0.0592576775492768);
#285=CIRCLE('',#3086,1.36524999999996);
#286=CIRCLE('',#3088,1.651);
#287=CIRCLE('',#3090,0.95);
#288=CIRCLE('',#3091,0.0592576775492768);
#289=CIRCLE('',#3092,0.0592576775492768);
#290=CIRCLE('',#3093,1.36524999999996);
#291=CIRCLE('',#3094,0.0592576775492768);
#292=CIRCLE('',#3095,0.0592576775492768);
#293=CIRCLE('',#3096,1.36524999999996);
#294=CIRCLE('',#3097,0.0592576775492768);
#295=CIRCLE('',#3098,0.0592576775492768);
#296=CIRCLE('',#3099,1.36524999999996);
#297=CIRCLE('',#3100,0.0592576775492768);
#298=CIRCLE('',#3101,0.0592576775492768);
#299=CIRCLE('',#3102,1.36524999999996);
#300=CIRCLE('',#3103,0.0592576775492768);
#301=CIRCLE('',#3104,0.0592576775492768);
#302=CIRCLE('',#3105,1.36524999999996);
#303=CIRCLE('',#3106,0.0592576775492768);
#304=CIRCLE('',#3107,0.0592576775492768);
#305=CIRCLE('',#3108,1.36524999999996);
#306=CIRCLE('',#3109,0.0592576775492768);
#307=CIRCLE('',#3110,0.0592576775492768);
#308=CIRCLE('',#3111,1.36524999999996);
#309=CIRCLE('',#3112,0.0592576775492768);
#310=CIRCLE('',#3113,0.0592576775492768);
#311=CIRCLE('',#3114,1.36524999999996);
#312=CIRCLE('',#3115,0.0592576775492768);
#313=CIRCLE('',#3116,0.0592576775492768);
#314=CIRCLE('',#3117,1.36524999999996);
#315=CIRCLE('',#3118,0.0592576775492768);
#316=CIRCLE('',#3119,0.0592576775492768);
#317=CIRCLE('',#3120,1.36524999999996);
#318=CIRCLE('',#3121,0.0592576775492768);
#319=CIRCLE('',#3122,0.0592576775492768);
#320=CIRCLE('',#3123,1.36524999999996);
#321=CIRCLE('',#3124,0.0592576775492768);
#322=CIRCLE('',#3125,0.0592576775492768);
#323=CIRCLE('',#3126,1.36524999999996);
#324=CIRCLE('',#3127,0.0592576775492768);
#325=CIRCLE('',#3128,0.0592576775492768);
#326=CIRCLE('',#3129,1.36524999999996);
#327=CIRCLE('',#3130,0.0592576775492768);
#328=CIRCLE('',#3131,0.0592576775492768);
#329=CIRCLE('',#3132,1.36524999999996);
#330=CIRCLE('',#3133,0.0592576775492768);
#331=CIRCLE('',#3134,0.0592576775492768);
#332=CIRCLE('',#3135,1.36524999999996);
#333=CIRCLE('',#3136,0.0592576775492768);
#334=CIRCLE('',#3137,0.0592576775492768);
#335=CIRCLE('',#3138,1.36524999999996);
#336=CIRCLE('',#3139,0.0592576775492768);
#337=CIRCLE('',#3140,0.0592576775492768);
#338=CIRCLE('',#3141,1.36524999999996);
#339=CIRCLE('',#3142,0.0592576775492768);
#340=CIRCLE('',#3143,0.0592576775492768);
#341=CIRCLE('',#3144,1.36524999999996);
#342=CIRCLE('',#3145,0.0592576775492768);
#343=CIRCLE('',#3146,0.0592576775492768);
#344=CIRCLE('',#3147,1.36524999999996);
#345=CIRCLE('',#3148,0.0592576775492768);
#346=CIRCLE('',#3149,0.0592576775492768);
#347=CIRCLE('',#3150,1.36524999999996);
#348=CIRCLE('',#3151,0.0592576775492768);
#349=CIRCLE('',#3152,0.0592576775492768);
#350=CIRCLE('',#3153,1.36524999999996);
#351=CIRCLE('',#3154,0.0592576775492768);
#352=CIRCLE('',#3155,0.0592576775492768);
#353=CIRCLE('',#3156,1.36524999999996);
#354=CIRCLE('',#3157,0.0592576775492768);
#355=CIRCLE('',#3158,0.0592576775492768);
#356=CIRCLE('',#3159,1.36524999999996);
#357=CIRCLE('',#3160,0.0592576775492768);
#358=CIRCLE('',#3161,0.0592576775492768);
#359=CIRCLE('',#3162,1.36524999999996);
#360=CIRCLE('',#3236,0.95);
#361=CIRCLE('',#3239,0.95);
#362=ORIENTED_EDGE('',*,*,#1270,.F.);
#363=ORIENTED_EDGE('',*,*,#1271,.F.);
#364=ORIENTED_EDGE('',*,*,#1272,.T.);
#365=ORIENTED_EDGE('',*,*,#1273,.T.);
#366=ORIENTED_EDGE('',*,*,#1274,.F.);
#367=ORIENTED_EDGE('',*,*,#1275,.T.);
#368=ORIENTED_EDGE('',*,*,#1276,.T.);
#369=ORIENTED_EDGE('',*,*,#1277,.F.);
#370=ORIENTED_EDGE('',*,*,#1278,.F.);
#371=ORIENTED_EDGE('',*,*,#1279,.F.);
#372=ORIENTED_EDGE('',*,*,#1280,.T.);
#373=ORIENTED_EDGE('',*,*,#1281,.T.);
#374=ORIENTED_EDGE('',*,*,#1282,.F.);
#375=ORIENTED_EDGE('',*,*,#1283,.T.);
#376=ORIENTED_EDGE('',*,*,#1284,.T.);
#377=ORIENTED_EDGE('',*,*,#1285,.F.);
#378=ORIENTED_EDGE('',*,*,#1286,.F.);
#379=ORIENTED_EDGE('',*,*,#1287,.F.);
#380=ORIENTED_EDGE('',*,*,#1288,.T.);
#381=ORIENTED_EDGE('',*,*,#1289,.T.);
#382=ORIENTED_EDGE('',*,*,#1290,.F.);
#383=ORIENTED_EDGE('',*,*,#1291,.F.);
#384=ORIENTED_EDGE('',*,*,#1292,.T.);
#385=ORIENTED_EDGE('',*,*,#1293,.T.);
#386=ORIENTED_EDGE('',*,*,#1294,.F.);
#387=ORIENTED_EDGE('',*,*,#1295,.F.);
#388=ORIENTED_EDGE('',*,*,#1296,.T.);
#389=ORIENTED_EDGE('',*,*,#1297,.T.);
#390=ORIENTED_EDGE('',*,*,#1298,.F.);
#391=ORIENTED_EDGE('',*,*,#1299,.T.);
#392=ORIENTED_EDGE('',*,*,#1300,.T.);
#393=ORIENTED_EDGE('',*,*,#1301,.F.);
#394=ORIENTED_EDGE('',*,*,#1302,.F.);
#395=ORIENTED_EDGE('',*,*,#1303,.F.);
#396=ORIENTED_EDGE('',*,*,#1304,.T.);
#397=ORIENTED_EDGE('',*,*,#1305,.T.);
#398=ORIENTED_EDGE('',*,*,#1306,.F.);
#399=ORIENTED_EDGE('',*,*,#1307,.F.);
#400=ORIENTED_EDGE('',*,*,#1308,.T.);
#401=ORIENTED_EDGE('',*,*,#1309,.T.);
#402=ORIENTED_EDGE('',*,*,#1310,.F.);
#403=ORIENTED_EDGE('',*,*,#1311,.F.);
#404=ORIENTED_EDGE('',*,*,#1312,.T.);
#405=ORIENTED_EDGE('',*,*,#1313,.T.);
#406=ORIENTED_EDGE('',*,*,#1314,.F.);
#407=ORIENTED_EDGE('',*,*,#1315,.F.);
#408=ORIENTED_EDGE('',*,*,#1316,.T.);
#409=ORIENTED_EDGE('',*,*,#1317,.T.);
#410=ORIENTED_EDGE('',*,*,#1318,.F.);
#411=ORIENTED_EDGE('',*,*,#1319,.F.);
#412=ORIENTED_EDGE('',*,*,#1320,.T.);
#413=ORIENTED_EDGE('',*,*,#1321,.T.);
#414=ORIENTED_EDGE('',*,*,#1322,.F.);
#415=ORIENTED_EDGE('',*,*,#1323,.T.);
#416=ORIENTED_EDGE('',*,*,#1324,.T.);
#417=ORIENTED_EDGE('',*,*,#1325,.F.);
#418=ORIENTED_EDGE('',*,*,#1326,.F.);
#419=ORIENTED_EDGE('',*,*,#1327,.F.);
#420=ORIENTED_EDGE('',*,*,#1328,.T.);
#421=ORIENTED_EDGE('',*,*,#1329,.T.);
#422=ORIENTED_EDGE('',*,*,#1330,.F.);
#423=ORIENTED_EDGE('',*,*,#1331,.T.);
#424=ORIENTED_EDGE('',*,*,#1332,.T.);
#425=ORIENTED_EDGE('',*,*,#1333,.F.);
#426=ORIENTED_EDGE('',*,*,#1334,.F.);
#427=ORIENTED_EDGE('',*,*,#1335,.F.);
#428=ORIENTED_EDGE('',*,*,#1336,.T.);
#429=ORIENTED_EDGE('',*,*,#1337,.T.);
#430=ORIENTED_EDGE('',*,*,#1338,.F.);
#431=ORIENTED_EDGE('',*,*,#1339,.F.);
#432=ORIENTED_EDGE('',*,*,#1340,.T.);
#433=ORIENTED_EDGE('',*,*,#1341,.T.);
#434=ORIENTED_EDGE('',*,*,#1342,.F.);
#435=ORIENTED_EDGE('',*,*,#1343,.T.);
#436=ORIENTED_EDGE('',*,*,#1344,.T.);
#437=ORIENTED_EDGE('',*,*,#1345,.F.);
#438=ORIENTED_EDGE('',*,*,#1346,.F.);
#439=ORIENTED_EDGE('',*,*,#1347,.F.);
#440=ORIENTED_EDGE('',*,*,#1348,.T.);
#441=ORIENTED_EDGE('',*,*,#1349,.T.);
#442=ORIENTED_EDGE('',*,*,#1350,.F.);
#443=ORIENTED_EDGE('',*,*,#1351,.F.);
#444=ORIENTED_EDGE('',*,*,#1352,.T.);
#445=ORIENTED_EDGE('',*,*,#1353,.T.);
#446=ORIENTED_EDGE('',*,*,#1354,.F.);
#447=ORIENTED_EDGE('',*,*,#1355,.F.);
#448=ORIENTED_EDGE('',*,*,#1356,.T.);
#449=ORIENTED_EDGE('',*,*,#1357,.T.);
#450=ORIENTED_EDGE('',*,*,#1358,.F.);
#451=ORIENTED_EDGE('',*,*,#1359,.T.);
#452=ORIENTED_EDGE('',*,*,#1360,.T.);
#453=ORIENTED_EDGE('',*,*,#1361,.F.);
#454=ORIENTED_EDGE('',*,*,#1362,.F.);
#455=ORIENTED_EDGE('',*,*,#1363,.F.);
#456=ORIENTED_EDGE('',*,*,#1364,.T.);
#457=ORIENTED_EDGE('',*,*,#1274,.T.);
#458=ORIENTED_EDGE('',*,*,#1365,.F.);
#459=ORIENTED_EDGE('',*,*,#1366,.F.);
#460=ORIENTED_EDGE('',*,*,#1367,.T.);
#461=ORIENTED_EDGE('',*,*,#1368,.F.);
#462=ORIENTED_EDGE('',*,*,#1369,.T.);
#463=ORIENTED_EDGE('',*,*,#1282,.T.);
#464=ORIENTED_EDGE('',*,*,#1370,.F.);
#465=ORIENTED_EDGE('',*,*,#1371,.F.);
#466=ORIENTED_EDGE('',*,*,#1372,.T.);
#467=ORIENTED_EDGE('',*,*,#1373,.F.);
#468=ORIENTED_EDGE('',*,*,#1374,.T.);
#469=ORIENTED_EDGE('',*,*,#1279,.T.);
#470=ORIENTED_EDGE('',*,*,#1375,.F.);
#471=ORIENTED_EDGE('',*,*,#1376,.F.);
#472=ORIENTED_EDGE('',*,*,#1377,.T.);
#473=ORIENTED_EDGE('',*,*,#1378,.F.);
#474=ORIENTED_EDGE('',*,*,#1379,.T.);
#475=ORIENTED_EDGE('',*,*,#1358,.T.);
#476=ORIENTED_EDGE('',*,*,#1380,.F.);
#477=ORIENTED_EDGE('',*,*,#1381,.F.);
#478=ORIENTED_EDGE('',*,*,#1382,.T.);
#479=ORIENTED_EDGE('',*,*,#1383,.F.);
#480=ORIENTED_EDGE('',*,*,#1384,.T.);
#481=ORIENTED_EDGE('',*,*,#1355,.T.);
#482=ORIENTED_EDGE('',*,*,#1385,.F.);
#483=ORIENTED_EDGE('',*,*,#1386,.F.);
#484=ORIENTED_EDGE('',*,*,#1387,.T.);
#485=ORIENTED_EDGE('',*,*,#1388,.F.);
#486=ORIENTED_EDGE('',*,*,#1389,.T.);
#487=ORIENTED_EDGE('',*,*,#1351,.T.);
#488=ORIENTED_EDGE('',*,*,#1390,.F.);
#489=ORIENTED_EDGE('',*,*,#1391,.F.);
#490=ORIENTED_EDGE('',*,*,#1392,.T.);
#491=ORIENTED_EDGE('',*,*,#1393,.F.);
#492=ORIENTED_EDGE('',*,*,#1394,.T.);
#493=ORIENTED_EDGE('',*,*,#1347,.T.);
#494=ORIENTED_EDGE('',*,*,#1395,.F.);
#495=ORIENTED_EDGE('',*,*,#1396,.F.);
#496=ORIENTED_EDGE('',*,*,#1397,.T.);
#497=ORIENTED_EDGE('',*,*,#1398,.F.);
#498=ORIENTED_EDGE('',*,*,#1399,.T.);
#499=ORIENTED_EDGE('',*,*,#1339,.T.);
#500=ORIENTED_EDGE('',*,*,#1400,.F.);
#501=ORIENTED_EDGE('',*,*,#1401,.F.);
#502=ORIENTED_EDGE('',*,*,#1402,.T.);
#503=ORIENTED_EDGE('',*,*,#1403,.F.);
#504=ORIENTED_EDGE('',*,*,#1404,.T.);
#505=ORIENTED_EDGE('',*,*,#1342,.T.);
#506=ORIENTED_EDGE('',*,*,#1405,.F.);
#507=ORIENTED_EDGE('',*,*,#1406,.F.);
#508=ORIENTED_EDGE('',*,*,#1407,.T.);
#509=ORIENTED_EDGE('',*,*,#1408,.F.);
#510=ORIENTED_EDGE('',*,*,#1409,.T.);
#511=ORIENTED_EDGE('',*,*,#1335,.T.);
#512=ORIENTED_EDGE('',*,*,#1410,.F.);
#513=ORIENTED_EDGE('',*,*,#1411,.F.);
#514=ORIENTED_EDGE('',*,*,#1412,.T.);
#515=ORIENTED_EDGE('',*,*,#1413,.F.);
#516=ORIENTED_EDGE('',*,*,#1414,.T.);
#517=ORIENTED_EDGE('',*,*,#1415,.T.);
#518=ORIENTED_EDGE('',*,*,#1416,.F.);
#519=ORIENTED_EDGE('',*,*,#1417,.F.);
#520=ORIENTED_EDGE('',*,*,#1418,.T.);
#521=ORIENTED_EDGE('',*,*,#1419,.F.);
#522=ORIENTED_EDGE('',*,*,#1420,.T.);
#523=ORIENTED_EDGE('',*,*,#1319,.T.);
#524=ORIENTED_EDGE('',*,*,#1421,.F.);
#525=ORIENTED_EDGE('',*,*,#1422,.F.);
#526=ORIENTED_EDGE('',*,*,#1423,.T.);
#527=ORIENTED_EDGE('',*,*,#1424,.F.);
#528=ORIENTED_EDGE('',*,*,#1425,.T.);
#529=ORIENTED_EDGE('',*,*,#1322,.T.);
#530=ORIENTED_EDGE('',*,*,#1426,.F.);
#531=ORIENTED_EDGE('',*,*,#1427,.F.);
#532=ORIENTED_EDGE('',*,*,#1428,.T.);
#533=ORIENTED_EDGE('',*,*,#1429,.F.);
#534=ORIENTED_EDGE('',*,*,#1430,.T.);
#535=ORIENTED_EDGE('',*,*,#1330,.T.);
#536=ORIENTED_EDGE('',*,*,#1431,.F.);
#537=ORIENTED_EDGE('',*,*,#1432,.F.);
#538=ORIENTED_EDGE('',*,*,#1433,.T.);
#539=ORIENTED_EDGE('',*,*,#1434,.F.);
#540=ORIENTED_EDGE('',*,*,#1435,.T.);
#541=ORIENTED_EDGE('',*,*,#1327,.T.);
#542=ORIENTED_EDGE('',*,*,#1436,.F.);
#543=ORIENTED_EDGE('',*,*,#1437,.F.);
#544=ORIENTED_EDGE('',*,*,#1438,.T.);
#545=ORIENTED_EDGE('',*,*,#1439,.F.);
#546=ORIENTED_EDGE('',*,*,#1440,.T.);
#547=ORIENTED_EDGE('',*,*,#1315,.T.);
#548=ORIENTED_EDGE('',*,*,#1441,.F.);
#549=ORIENTED_EDGE('',*,*,#1442,.F.);
#550=ORIENTED_EDGE('',*,*,#1443,.T.);
#551=ORIENTED_EDGE('',*,*,#1444,.F.);
#552=ORIENTED_EDGE('',*,*,#1445,.T.);
#553=ORIENTED_EDGE('',*,*,#1311,.T.);
#554=ORIENTED_EDGE('',*,*,#1446,.F.);
#555=ORIENTED_EDGE('',*,*,#1447,.F.);
#556=ORIENTED_EDGE('',*,*,#1448,.T.);
#557=ORIENTED_EDGE('',*,*,#1449,.F.);
#558=ORIENTED_EDGE('',*,*,#1450,.T.);
#559=ORIENTED_EDGE('',*,*,#1307,.T.);
#560=ORIENTED_EDGE('',*,*,#1451,.F.);
#561=ORIENTED_EDGE('',*,*,#1452,.F.);
#562=ORIENTED_EDGE('',*,*,#1453,.T.);
#563=ORIENTED_EDGE('',*,*,#1454,.F.);
#564=ORIENTED_EDGE('',*,*,#1455,.T.);
#565=ORIENTED_EDGE('',*,*,#1303,.T.);
#566=ORIENTED_EDGE('',*,*,#1456,.F.);
#567=ORIENTED_EDGE('',*,*,#1457,.F.);
#568=ORIENTED_EDGE('',*,*,#1458,.T.);
#569=ORIENTED_EDGE('',*,*,#1459,.F.);
#570=ORIENTED_EDGE('',*,*,#1460,.T.);
#571=ORIENTED_EDGE('',*,*,#1295,.T.);
#572=ORIENTED_EDGE('',*,*,#1461,.F.);
#573=ORIENTED_EDGE('',*,*,#1462,.F.);
#574=ORIENTED_EDGE('',*,*,#1463,.T.);
#575=ORIENTED_EDGE('',*,*,#1464,.F.);
#576=ORIENTED_EDGE('',*,*,#1465,.T.);
#577=ORIENTED_EDGE('',*,*,#1298,.T.);
#578=ORIENTED_EDGE('',*,*,#1466,.F.);
#579=ORIENTED_EDGE('',*,*,#1467,.F.);
#580=ORIENTED_EDGE('',*,*,#1468,.T.);
#581=ORIENTED_EDGE('',*,*,#1469,.F.);
#582=ORIENTED_EDGE('',*,*,#1470,.T.);
#583=ORIENTED_EDGE('',*,*,#1291,.T.);
#584=ORIENTED_EDGE('',*,*,#1471,.F.);
#585=ORIENTED_EDGE('',*,*,#1472,.F.);
#586=ORIENTED_EDGE('',*,*,#1473,.T.);
#587=ORIENTED_EDGE('',*,*,#1474,.F.);
#588=ORIENTED_EDGE('',*,*,#1475,.T.);
#589=ORIENTED_EDGE('',*,*,#1287,.T.);
#590=ORIENTED_EDGE('',*,*,#1476,.F.);
#591=ORIENTED_EDGE('',*,*,#1477,.F.);
#592=ORIENTED_EDGE('',*,*,#1478,.T.);
#593=ORIENTED_EDGE('',*,*,#1479,.F.);
#594=ORIENTED_EDGE('',*,*,#1480,.T.);
#595=ORIENTED_EDGE('',*,*,#1271,.T.);
#596=ORIENTED_EDGE('',*,*,#1481,.F.);
#597=ORIENTED_EDGE('',*,*,#1482,.F.);
#598=ORIENTED_EDGE('',*,*,#1483,.T.);
#599=ORIENTED_EDGE('',*,*,#1415,.F.);
#600=ORIENTED_EDGE('',*,*,#1484,.T.);
#601=ORIENTED_EDGE('',*,*,#1485,.T.);
#602=ORIENTED_EDGE('',*,*,#1486,.F.);
#603=ORIENTED_EDGE('',*,*,#1487,.F.);
#604=ORIENTED_EDGE('',*,*,#1488,.F.);
#605=ORIENTED_EDGE('',*,*,#1489,.T.);
#606=ORIENTED_EDGE('',*,*,#1273,.F.);
#607=ORIENTED_EDGE('',*,*,#1490,.F.);
#608=ORIENTED_EDGE('',*,*,#1491,.F.);
#609=ORIENTED_EDGE('',*,*,#1492,.F.);
#610=ORIENTED_EDGE('',*,*,#1493,.F.);
#611=ORIENTED_EDGE('',*,*,#1494,.T.);
#612=ORIENTED_EDGE('',*,*,#1289,.F.);
#613=ORIENTED_EDGE('',*,*,#1495,.F.);
#614=ORIENTED_EDGE('',*,*,#1496,.F.);
#615=ORIENTED_EDGE('',*,*,#1497,.F.);
#616=ORIENTED_EDGE('',*,*,#1498,.F.);
#617=ORIENTED_EDGE('',*,*,#1499,.T.);
#618=ORIENTED_EDGE('',*,*,#1293,.F.);
#619=ORIENTED_EDGE('',*,*,#1500,.F.);
#620=ORIENTED_EDGE('',*,*,#1501,.F.);
#621=ORIENTED_EDGE('',*,*,#1502,.F.);
#622=ORIENTED_EDGE('',*,*,#1503,.F.);
#623=ORIENTED_EDGE('',*,*,#1504,.T.);
#624=ORIENTED_EDGE('',*,*,#1300,.F.);
#625=ORIENTED_EDGE('',*,*,#1505,.F.);
#626=ORIENTED_EDGE('',*,*,#1506,.F.);
#627=ORIENTED_EDGE('',*,*,#1507,.F.);
#628=ORIENTED_EDGE('',*,*,#1508,.F.);
#629=ORIENTED_EDGE('',*,*,#1509,.T.);
#630=ORIENTED_EDGE('',*,*,#1297,.F.);
#631=ORIENTED_EDGE('',*,*,#1510,.F.);
#632=ORIENTED_EDGE('',*,*,#1511,.F.);
#633=ORIENTED_EDGE('',*,*,#1512,.F.);
#634=ORIENTED_EDGE('',*,*,#1513,.F.);
#635=ORIENTED_EDGE('',*,*,#1514,.T.);
#636=ORIENTED_EDGE('',*,*,#1305,.F.);
#637=ORIENTED_EDGE('',*,*,#1515,.F.);
#638=ORIENTED_EDGE('',*,*,#1516,.F.);
#639=ORIENTED_EDGE('',*,*,#1517,.F.);
#640=ORIENTED_EDGE('',*,*,#1518,.F.);
#641=ORIENTED_EDGE('',*,*,#1519,.T.);
#642=ORIENTED_EDGE('',*,*,#1309,.F.);
#643=ORIENTED_EDGE('',*,*,#1520,.F.);
#644=ORIENTED_EDGE('',*,*,#1521,.F.);
#645=ORIENTED_EDGE('',*,*,#1522,.F.);
#646=ORIENTED_EDGE('',*,*,#1523,.F.);
#647=ORIENTED_EDGE('',*,*,#1524,.T.);
#648=ORIENTED_EDGE('',*,*,#1313,.F.);
#649=ORIENTED_EDGE('',*,*,#1525,.F.);
#650=ORIENTED_EDGE('',*,*,#1526,.F.);
#651=ORIENTED_EDGE('',*,*,#1527,.F.);
#652=ORIENTED_EDGE('',*,*,#1528,.F.);
#653=ORIENTED_EDGE('',*,*,#1529,.T.);
#654=ORIENTED_EDGE('',*,*,#1317,.F.);
#655=ORIENTED_EDGE('',*,*,#1530,.F.);
#656=ORIENTED_EDGE('',*,*,#1531,.F.);
#657=ORIENTED_EDGE('',*,*,#1532,.F.);
#658=ORIENTED_EDGE('',*,*,#1533,.F.);
#659=ORIENTED_EDGE('',*,*,#1534,.T.);
#660=ORIENTED_EDGE('',*,*,#1329,.F.);
#661=ORIENTED_EDGE('',*,*,#1535,.F.);
#662=ORIENTED_EDGE('',*,*,#1536,.F.);
#663=ORIENTED_EDGE('',*,*,#1537,.F.);
#664=ORIENTED_EDGE('',*,*,#1538,.F.);
#665=ORIENTED_EDGE('',*,*,#1539,.T.);
#666=ORIENTED_EDGE('',*,*,#1332,.F.);
#667=ORIENTED_EDGE('',*,*,#1540,.F.);
#668=ORIENTED_EDGE('',*,*,#1541,.F.);
#669=ORIENTED_EDGE('',*,*,#1542,.F.);
#670=ORIENTED_EDGE('',*,*,#1543,.F.);
#671=ORIENTED_EDGE('',*,*,#1544,.T.);
#672=ORIENTED_EDGE('',*,*,#1324,.F.);
#673=ORIENTED_EDGE('',*,*,#1545,.F.);
#674=ORIENTED_EDGE('',*,*,#1546,.F.);
#675=ORIENTED_EDGE('',*,*,#1547,.F.);
#676=ORIENTED_EDGE('',*,*,#1548,.F.);
#677=ORIENTED_EDGE('',*,*,#1549,.T.);
#678=ORIENTED_EDGE('',*,*,#1321,.F.);
#679=ORIENTED_EDGE('',*,*,#1550,.F.);
#680=ORIENTED_EDGE('',*,*,#1551,.F.);
#681=ORIENTED_EDGE('',*,*,#1552,.F.);
#682=ORIENTED_EDGE('',*,*,#1553,.F.);
#683=ORIENTED_EDGE('',*,*,#1554,.T.);
#684=ORIENTED_EDGE('',*,*,#1485,.F.);
#685=ORIENTED_EDGE('',*,*,#1555,.F.);
#686=ORIENTED_EDGE('',*,*,#1556,.F.);
#687=ORIENTED_EDGE('',*,*,#1557,.F.);
#688=ORIENTED_EDGE('',*,*,#1558,.F.);
#689=ORIENTED_EDGE('',*,*,#1559,.T.);
#690=ORIENTED_EDGE('',*,*,#1337,.F.);
#691=ORIENTED_EDGE('',*,*,#1560,.F.);
#692=ORIENTED_EDGE('',*,*,#1561,.F.);
#693=ORIENTED_EDGE('',*,*,#1562,.F.);
#694=ORIENTED_EDGE('',*,*,#1563,.F.);
#695=ORIENTED_EDGE('',*,*,#1564,.T.);
#696=ORIENTED_EDGE('',*,*,#1344,.F.);
#697=ORIENTED_EDGE('',*,*,#1565,.F.);
#698=ORIENTED_EDGE('',*,*,#1566,.F.);
#699=ORIENTED_EDGE('',*,*,#1567,.F.);
#700=ORIENTED_EDGE('',*,*,#1568,.F.);
#701=ORIENTED_EDGE('',*,*,#1569,.T.);
#702=ORIENTED_EDGE('',*,*,#1341,.F.);
#703=ORIENTED_EDGE('',*,*,#1570,.F.);
#704=ORIENTED_EDGE('',*,*,#1571,.F.);
#705=ORIENTED_EDGE('',*,*,#1572,.F.);
#706=ORIENTED_EDGE('',*,*,#1573,.F.);
#707=ORIENTED_EDGE('',*,*,#1574,.T.);
#708=ORIENTED_EDGE('',*,*,#1349,.F.);
#709=ORIENTED_EDGE('',*,*,#1575,.F.);
#710=ORIENTED_EDGE('',*,*,#1576,.F.);
#711=ORIENTED_EDGE('',*,*,#1577,.F.);
#712=ORIENTED_EDGE('',*,*,#1578,.F.);
#713=ORIENTED_EDGE('',*,*,#1579,.T.);
#714=ORIENTED_EDGE('',*,*,#1353,.F.);
#715=ORIENTED_EDGE('',*,*,#1580,.F.);
#716=ORIENTED_EDGE('',*,*,#1581,.F.);
#717=ORIENTED_EDGE('',*,*,#1582,.F.);
#718=ORIENTED_EDGE('',*,*,#1583,.F.);
#719=ORIENTED_EDGE('',*,*,#1584,.T.);
#720=ORIENTED_EDGE('',*,*,#1357,.F.);
#721=ORIENTED_EDGE('',*,*,#1585,.F.);
#722=ORIENTED_EDGE('',*,*,#1586,.F.);
#723=ORIENTED_EDGE('',*,*,#1587,.F.);
#724=ORIENTED_EDGE('',*,*,#1588,.F.);
#725=ORIENTED_EDGE('',*,*,#1589,.T.);
#726=ORIENTED_EDGE('',*,*,#1360,.F.);
#727=ORIENTED_EDGE('',*,*,#1590,.F.);
#728=ORIENTED_EDGE('',*,*,#1591,.F.);
#729=ORIENTED_EDGE('',*,*,#1592,.F.);
#730=ORIENTED_EDGE('',*,*,#1593,.F.);
#731=ORIENTED_EDGE('',*,*,#1594,.T.);
#732=ORIENTED_EDGE('',*,*,#1281,.F.);
#733=ORIENTED_EDGE('',*,*,#1595,.F.);
#734=ORIENTED_EDGE('',*,*,#1596,.F.);
#735=ORIENTED_EDGE('',*,*,#1597,.F.);
#736=ORIENTED_EDGE('',*,*,#1598,.F.);
#737=ORIENTED_EDGE('',*,*,#1599,.T.);
#738=ORIENTED_EDGE('',*,*,#1284,.F.);
#739=ORIENTED_EDGE('',*,*,#1600,.F.);
#740=ORIENTED_EDGE('',*,*,#1601,.F.);
#741=ORIENTED_EDGE('',*,*,#1602,.F.);
#742=ORIENTED_EDGE('',*,*,#1603,.F.);
#743=ORIENTED_EDGE('',*,*,#1604,.T.);
#744=ORIENTED_EDGE('',*,*,#1276,.F.);
#745=ORIENTED_EDGE('',*,*,#1605,.F.);
#746=ORIENTED_EDGE('',*,*,#1606,.F.);
#747=ORIENTED_EDGE('',*,*,#1607,.F.);
#748=ORIENTED_EDGE('',*,*,#1416,.T.);
#749=ORIENTED_EDGE('',*,*,#1486,.T.);
#750=ORIENTED_EDGE('',*,*,#1554,.F.);
#751=ORIENTED_EDGE('',*,*,#1608,.F.);
#752=ORIENTED_EDGE('',*,*,#1550,.T.);
#753=ORIENTED_EDGE('',*,*,#1320,.F.);
#754=ORIENTED_EDGE('',*,*,#1420,.F.);
#755=ORIENTED_EDGE('',*,*,#1609,.F.);
#756=ORIENTED_EDGE('',*,*,#1552,.T.);
#757=ORIENTED_EDGE('',*,*,#1610,.F.);
#758=ORIENTED_EDGE('',*,*,#1418,.F.);
#759=ORIENTED_EDGE('',*,*,#1611,.F.);
#760=ORIENTED_EDGE('',*,*,#1417,.T.);
#761=ORIENTED_EDGE('',*,*,#1608,.T.);
#762=ORIENTED_EDGE('',*,*,#1553,.T.);
#763=ORIENTED_EDGE('',*,*,#1611,.T.);
#764=ORIENTED_EDGE('',*,*,#1419,.T.);
#765=ORIENTED_EDGE('',*,*,#1610,.T.);
#766=ORIENTED_EDGE('',*,*,#1551,.T.);
#767=ORIENTED_EDGE('',*,*,#1609,.T.);
#768=ORIENTED_EDGE('',*,*,#1380,.T.);
#769=ORIENTED_EDGE('',*,*,#1361,.T.);
#770=ORIENTED_EDGE('',*,*,#1589,.F.);
#771=ORIENTED_EDGE('',*,*,#1612,.F.);
#772=ORIENTED_EDGE('',*,*,#1585,.T.);
#773=ORIENTED_EDGE('',*,*,#1356,.F.);
#774=ORIENTED_EDGE('',*,*,#1384,.F.);
#775=ORIENTED_EDGE('',*,*,#1613,.F.);
#776=ORIENTED_EDGE('',*,*,#1587,.T.);
#777=ORIENTED_EDGE('',*,*,#1614,.F.);
#778=ORIENTED_EDGE('',*,*,#1382,.F.);
#779=ORIENTED_EDGE('',*,*,#1615,.F.);
#780=ORIENTED_EDGE('',*,*,#1381,.T.);
#781=ORIENTED_EDGE('',*,*,#1612,.T.);
#782=ORIENTED_EDGE('',*,*,#1588,.T.);
#783=ORIENTED_EDGE('',*,*,#1615,.T.);
#784=ORIENTED_EDGE('',*,*,#1383,.T.);
#785=ORIENTED_EDGE('',*,*,#1614,.T.);
#786=ORIENTED_EDGE('',*,*,#1586,.T.);
#787=ORIENTED_EDGE('',*,*,#1613,.T.);
#788=ORIENTED_EDGE('',*,*,#1385,.T.);
#789=ORIENTED_EDGE('',*,*,#1354,.T.);
#790=ORIENTED_EDGE('',*,*,#1584,.F.);
#791=ORIENTED_EDGE('',*,*,#1616,.F.);
#792=ORIENTED_EDGE('',*,*,#1580,.T.);
#793=ORIENTED_EDGE('',*,*,#1352,.F.);
#794=ORIENTED_EDGE('',*,*,#1389,.F.);
#795=ORIENTED_EDGE('',*,*,#1617,.F.);
#796=ORIENTED_EDGE('',*,*,#1582,.T.);
#797=ORIENTED_EDGE('',*,*,#1618,.F.);
#798=ORIENTED_EDGE('',*,*,#1387,.F.);
#799=ORIENTED_EDGE('',*,*,#1619,.F.);
#800=ORIENTED_EDGE('',*,*,#1386,.T.);
#801=ORIENTED_EDGE('',*,*,#1616,.T.);
#802=ORIENTED_EDGE('',*,*,#1583,.T.);
#803=ORIENTED_EDGE('',*,*,#1619,.T.);
#804=ORIENTED_EDGE('',*,*,#1388,.T.);
#805=ORIENTED_EDGE('',*,*,#1618,.T.);
#806=ORIENTED_EDGE('',*,*,#1581,.T.);
#807=ORIENTED_EDGE('',*,*,#1617,.T.);
#808=ORIENTED_EDGE('',*,*,#1390,.T.);
#809=ORIENTED_EDGE('',*,*,#1350,.T.);
#810=ORIENTED_EDGE('',*,*,#1579,.F.);
#811=ORIENTED_EDGE('',*,*,#1620,.F.);
#812=ORIENTED_EDGE('',*,*,#1575,.T.);
#813=ORIENTED_EDGE('',*,*,#1348,.F.);
#814=ORIENTED_EDGE('',*,*,#1394,.F.);
#815=ORIENTED_EDGE('',*,*,#1621,.F.);
#816=ORIENTED_EDGE('',*,*,#1577,.T.);
#817=ORIENTED_EDGE('',*,*,#1622,.F.);
#818=ORIENTED_EDGE('',*,*,#1392,.F.);
#819=ORIENTED_EDGE('',*,*,#1623,.F.);
#820=ORIENTED_EDGE('',*,*,#1391,.T.);
#821=ORIENTED_EDGE('',*,*,#1620,.T.);
#822=ORIENTED_EDGE('',*,*,#1578,.T.);
#823=ORIENTED_EDGE('',*,*,#1623,.T.);
#824=ORIENTED_EDGE('',*,*,#1393,.T.);
#825=ORIENTED_EDGE('',*,*,#1622,.T.);
#826=ORIENTED_EDGE('',*,*,#1576,.T.);
#827=ORIENTED_EDGE('',*,*,#1621,.T.);
#828=ORIENTED_EDGE('',*,*,#1395,.T.);
#829=ORIENTED_EDGE('',*,*,#1346,.T.);
#830=ORIENTED_EDGE('',*,*,#1574,.F.);
#831=ORIENTED_EDGE('',*,*,#1624,.F.);
#832=ORIENTED_EDGE('',*,*,#1570,.T.);
#833=ORIENTED_EDGE('',*,*,#1340,.F.);
#834=ORIENTED_EDGE('',*,*,#1399,.F.);
#835=ORIENTED_EDGE('',*,*,#1625,.F.);
#836=ORIENTED_EDGE('',*,*,#1572,.T.);
#837=ORIENTED_EDGE('',*,*,#1626,.F.);
#838=ORIENTED_EDGE('',*,*,#1397,.F.);
#839=ORIENTED_EDGE('',*,*,#1627,.F.);
#840=ORIENTED_EDGE('',*,*,#1396,.T.);
#841=ORIENTED_EDGE('',*,*,#1624,.T.);
#842=ORIENTED_EDGE('',*,*,#1573,.T.);
#843=ORIENTED_EDGE('',*,*,#1627,.T.);
#844=ORIENTED_EDGE('',*,*,#1398,.T.);
#845=ORIENTED_EDGE('',*,*,#1626,.T.);
#846=ORIENTED_EDGE('',*,*,#1571,.T.);
#847=ORIENTED_EDGE('',*,*,#1625,.T.);
#848=ORIENTED_EDGE('',*,*,#1405,.T.);
#849=ORIENTED_EDGE('',*,*,#1345,.T.);
#850=ORIENTED_EDGE('',*,*,#1564,.F.);
#851=ORIENTED_EDGE('',*,*,#1628,.F.);
#852=ORIENTED_EDGE('',*,*,#1560,.T.);
#853=ORIENTED_EDGE('',*,*,#1336,.F.);
#854=ORIENTED_EDGE('',*,*,#1409,.F.);
#855=ORIENTED_EDGE('',*,*,#1629,.F.);
#856=ORIENTED_EDGE('',*,*,#1562,.T.);
#857=ORIENTED_EDGE('',*,*,#1630,.F.);
#858=ORIENTED_EDGE('',*,*,#1407,.F.);
#859=ORIENTED_EDGE('',*,*,#1631,.F.);
#860=ORIENTED_EDGE('',*,*,#1406,.T.);
#861=ORIENTED_EDGE('',*,*,#1628,.T.);
#862=ORIENTED_EDGE('',*,*,#1563,.T.);
#863=ORIENTED_EDGE('',*,*,#1631,.T.);
#864=ORIENTED_EDGE('',*,*,#1408,.T.);
#865=ORIENTED_EDGE('',*,*,#1630,.T.);
#866=ORIENTED_EDGE('',*,*,#1561,.T.);
#867=ORIENTED_EDGE('',*,*,#1629,.T.);
#868=ORIENTED_EDGE('',*,*,#1400,.T.);
#869=ORIENTED_EDGE('',*,*,#1338,.T.);
#870=ORIENTED_EDGE('',*,*,#1569,.F.);
#871=ORIENTED_EDGE('',*,*,#1632,.F.);
#872=ORIENTED_EDGE('',*,*,#1565,.T.);
#873=ORIENTED_EDGE('',*,*,#1343,.F.);
#874=ORIENTED_EDGE('',*,*,#1404,.F.);
#875=ORIENTED_EDGE('',*,*,#1633,.F.);
#876=ORIENTED_EDGE('',*,*,#1567,.T.);
#877=ORIENTED_EDGE('',*,*,#1634,.F.);
#878=ORIENTED_EDGE('',*,*,#1402,.F.);
#879=ORIENTED_EDGE('',*,*,#1635,.F.);
#880=ORIENTED_EDGE('',*,*,#1401,.T.);
#881=ORIENTED_EDGE('',*,*,#1632,.T.);
#882=ORIENTED_EDGE('',*,*,#1568,.T.);
#883=ORIENTED_EDGE('',*,*,#1635,.T.);
#884=ORIENTED_EDGE('',*,*,#1403,.T.);
#885=ORIENTED_EDGE('',*,*,#1634,.T.);
#886=ORIENTED_EDGE('',*,*,#1566,.T.);
#887=ORIENTED_EDGE('',*,*,#1633,.T.);
#888=ORIENTED_EDGE('',*,*,#1410,.T.);
#889=ORIENTED_EDGE('',*,*,#1334,.T.);
#890=ORIENTED_EDGE('',*,*,#1559,.F.);
#891=ORIENTED_EDGE('',*,*,#1636,.F.);
#892=ORIENTED_EDGE('',*,*,#1555,.T.);
#893=ORIENTED_EDGE('',*,*,#1484,.F.);
#894=ORIENTED_EDGE('',*,*,#1414,.F.);
#895=ORIENTED_EDGE('',*,*,#1637,.F.);
#896=ORIENTED_EDGE('',*,*,#1557,.T.);
#897=ORIENTED_EDGE('',*,*,#1638,.F.);
#898=ORIENTED_EDGE('',*,*,#1412,.F.);
#899=ORIENTED_EDGE('',*,*,#1639,.F.);
#900=ORIENTED_EDGE('',*,*,#1411,.T.);
#901=ORIENTED_EDGE('',*,*,#1636,.T.);
#902=ORIENTED_EDGE('',*,*,#1558,.T.);
#903=ORIENTED_EDGE('',*,*,#1639,.T.);
#904=ORIENTED_EDGE('',*,*,#1413,.T.);
#905=ORIENTED_EDGE('',*,*,#1638,.T.);
#906=ORIENTED_EDGE('',*,*,#1556,.T.);
#907=ORIENTED_EDGE('',*,*,#1637,.T.);
#908=ORIENTED_EDGE('',*,*,#1431,.T.);
#909=ORIENTED_EDGE('',*,*,#1333,.T.);
#910=ORIENTED_EDGE('',*,*,#1539,.F.);
#911=ORIENTED_EDGE('',*,*,#1640,.F.);
#912=ORIENTED_EDGE('',*,*,#1535,.T.);
#913=ORIENTED_EDGE('',*,*,#1328,.F.);
#914=ORIENTED_EDGE('',*,*,#1435,.F.);
#915=ORIENTED_EDGE('',*,*,#1641,.F.);
#916=ORIENTED_EDGE('',*,*,#1537,.T.);
#917=ORIENTED_EDGE('',*,*,#1642,.F.);
#918=ORIENTED_EDGE('',*,*,#1433,.F.);
#919=ORIENTED_EDGE('',*,*,#1643,.F.);
#920=ORIENTED_EDGE('',*,*,#1432,.T.);
#921=ORIENTED_EDGE('',*,*,#1640,.T.);
#922=ORIENTED_EDGE('',*,*,#1538,.T.);
#923=ORIENTED_EDGE('',*,*,#1643,.T.);
#924=ORIENTED_EDGE('',*,*,#1434,.T.);
#925=ORIENTED_EDGE('',*,*,#1642,.T.);
#926=ORIENTED_EDGE('',*,*,#1536,.T.);
#927=ORIENTED_EDGE('',*,*,#1641,.T.);
#928=ORIENTED_EDGE('',*,*,#1436,.T.);
#929=ORIENTED_EDGE('',*,*,#1326,.T.);
#930=ORIENTED_EDGE('',*,*,#1534,.F.);
#931=ORIENTED_EDGE('',*,*,#1644,.F.);
#932=ORIENTED_EDGE('',*,*,#1530,.T.);
#933=ORIENTED_EDGE('',*,*,#1316,.F.);
#934=ORIENTED_EDGE('',*,*,#1440,.F.);
#935=ORIENTED_EDGE('',*,*,#1645,.F.);
#936=ORIENTED_EDGE('',*,*,#1532,.T.);
#937=ORIENTED_EDGE('',*,*,#1646,.F.);
#938=ORIENTED_EDGE('',*,*,#1438,.F.);
#939=ORIENTED_EDGE('',*,*,#1647,.F.);
#940=ORIENTED_EDGE('',*,*,#1437,.T.);
#941=ORIENTED_EDGE('',*,*,#1644,.T.);
#942=ORIENTED_EDGE('',*,*,#1533,.T.);
#943=ORIENTED_EDGE('',*,*,#1647,.T.);
#944=ORIENTED_EDGE('',*,*,#1439,.T.);
#945=ORIENTED_EDGE('',*,*,#1646,.T.);
#946=ORIENTED_EDGE('',*,*,#1531,.T.);
#947=ORIENTED_EDGE('',*,*,#1645,.T.);
#948=ORIENTED_EDGE('',*,*,#1426,.T.);
#949=ORIENTED_EDGE('',*,*,#1325,.T.);
#950=ORIENTED_EDGE('',*,*,#1544,.F.);
#951=ORIENTED_EDGE('',*,*,#1648,.F.);
#952=ORIENTED_EDGE('',*,*,#1540,.T.);
#953=ORIENTED_EDGE('',*,*,#1331,.F.);
#954=ORIENTED_EDGE('',*,*,#1430,.F.);
#955=ORIENTED_EDGE('',*,*,#1649,.F.);
#956=ORIENTED_EDGE('',*,*,#1542,.T.);
#957=ORIENTED_EDGE('',*,*,#1650,.F.);
#958=ORIENTED_EDGE('',*,*,#1428,.F.);
#959=ORIENTED_EDGE('',*,*,#1651,.F.);
#960=ORIENTED_EDGE('',*,*,#1427,.T.);
#961=ORIENTED_EDGE('',*,*,#1648,.T.);
#962=ORIENTED_EDGE('',*,*,#1543,.T.);
#963=ORIENTED_EDGE('',*,*,#1651,.T.);
#964=ORIENTED_EDGE('',*,*,#1429,.T.);
#965=ORIENTED_EDGE('',*,*,#1650,.T.);
#966=ORIENTED_EDGE('',*,*,#1541,.T.);
#967=ORIENTED_EDGE('',*,*,#1649,.T.);
#968=ORIENTED_EDGE('',*,*,#1421,.T.);
#969=ORIENTED_EDGE('',*,*,#1318,.T.);
#970=ORIENTED_EDGE('',*,*,#1549,.F.);
#971=ORIENTED_EDGE('',*,*,#1652,.F.);
#972=ORIENTED_EDGE('',*,*,#1545,.T.);
#973=ORIENTED_EDGE('',*,*,#1323,.F.);
#974=ORIENTED_EDGE('',*,*,#1425,.F.);
#975=ORIENTED_EDGE('',*,*,#1653,.F.);
#976=ORIENTED_EDGE('',*,*,#1547,.T.);
#977=ORIENTED_EDGE('',*,*,#1654,.F.);
#978=ORIENTED_EDGE('',*,*,#1423,.F.);
#979=ORIENTED_EDGE('',*,*,#1655,.F.);
#980=ORIENTED_EDGE('',*,*,#1422,.T.);
#981=ORIENTED_EDGE('',*,*,#1652,.T.);
#982=ORIENTED_EDGE('',*,*,#1548,.T.);
#983=ORIENTED_EDGE('',*,*,#1655,.T.);
#984=ORIENTED_EDGE('',*,*,#1424,.T.);
#985=ORIENTED_EDGE('',*,*,#1654,.T.);
#986=ORIENTED_EDGE('',*,*,#1546,.T.);
#987=ORIENTED_EDGE('',*,*,#1653,.T.);
#988=ORIENTED_EDGE('',*,*,#1441,.T.);
#989=ORIENTED_EDGE('',*,*,#1314,.T.);
#990=ORIENTED_EDGE('',*,*,#1529,.F.);
#991=ORIENTED_EDGE('',*,*,#1656,.F.);
#992=ORIENTED_EDGE('',*,*,#1525,.T.);
#993=ORIENTED_EDGE('',*,*,#1312,.F.);
#994=ORIENTED_EDGE('',*,*,#1445,.F.);
#995=ORIENTED_EDGE('',*,*,#1657,.F.);
#996=ORIENTED_EDGE('',*,*,#1527,.T.);
#997=ORIENTED_EDGE('',*,*,#1658,.F.);
#998=ORIENTED_EDGE('',*,*,#1443,.F.);
#999=ORIENTED_EDGE('',*,*,#1659,.F.);
#1000=ORIENTED_EDGE('',*,*,#1442,.T.);
#1001=ORIENTED_EDGE('',*,*,#1656,.T.);
#1002=ORIENTED_EDGE('',*,*,#1528,.T.);
#1003=ORIENTED_EDGE('',*,*,#1659,.T.);
#1004=ORIENTED_EDGE('',*,*,#1444,.T.);
#1005=ORIENTED_EDGE('',*,*,#1658,.T.);
#1006=ORIENTED_EDGE('',*,*,#1526,.T.);
#1007=ORIENTED_EDGE('',*,*,#1657,.T.);
#1008=ORIENTED_EDGE('',*,*,#1446,.T.);
#1009=ORIENTED_EDGE('',*,*,#1310,.T.);
#1010=ORIENTED_EDGE('',*,*,#1524,.F.);
#1011=ORIENTED_EDGE('',*,*,#1660,.F.);
#1012=ORIENTED_EDGE('',*,*,#1520,.T.);
#1013=ORIENTED_EDGE('',*,*,#1308,.F.);
#1014=ORIENTED_EDGE('',*,*,#1450,.F.);
#1015=ORIENTED_EDGE('',*,*,#1661,.F.);
#1016=ORIENTED_EDGE('',*,*,#1522,.T.);
#1017=ORIENTED_EDGE('',*,*,#1662,.F.);
#1018=ORIENTED_EDGE('',*,*,#1448,.F.);
#1019=ORIENTED_EDGE('',*,*,#1663,.F.);
#1020=ORIENTED_EDGE('',*,*,#1447,.T.);
#1021=ORIENTED_EDGE('',*,*,#1660,.T.);
#1022=ORIENTED_EDGE('',*,*,#1523,.T.);
#1023=ORIENTED_EDGE('',*,*,#1663,.T.);
#1024=ORIENTED_EDGE('',*,*,#1449,.T.);
#1025=ORIENTED_EDGE('',*,*,#1662,.T.);
#1026=ORIENTED_EDGE('',*,*,#1521,.T.);
#1027=ORIENTED_EDGE('',*,*,#1661,.T.);
#1028=ORIENTED_EDGE('',*,*,#1451,.T.);
#1029=ORIENTED_EDGE('',*,*,#1306,.T.);
#1030=ORIENTED_EDGE('',*,*,#1519,.F.);
#1031=ORIENTED_EDGE('',*,*,#1664,.F.);
#1032=ORIENTED_EDGE('',*,*,#1515,.T.);
#1033=ORIENTED_EDGE('',*,*,#1304,.F.);
#1034=ORIENTED_EDGE('',*,*,#1455,.F.);
#1035=ORIENTED_EDGE('',*,*,#1665,.F.);
#1036=ORIENTED_EDGE('',*,*,#1517,.T.);
#1037=ORIENTED_EDGE('',*,*,#1666,.F.);
#1038=ORIENTED_EDGE('',*,*,#1453,.F.);
#1039=ORIENTED_EDGE('',*,*,#1667,.F.);
#1040=ORIENTED_EDGE('',*,*,#1452,.T.);
#1041=ORIENTED_EDGE('',*,*,#1664,.T.);
#1042=ORIENTED_EDGE('',*,*,#1518,.T.);
#1043=ORIENTED_EDGE('',*,*,#1667,.T.);
#1044=ORIENTED_EDGE('',*,*,#1454,.T.);
#1045=ORIENTED_EDGE('',*,*,#1666,.T.);
#1046=ORIENTED_EDGE('',*,*,#1516,.T.);
#1047=ORIENTED_EDGE('',*,*,#1665,.T.);
#1048=ORIENTED_EDGE('',*,*,#1456,.T.);
#1049=ORIENTED_EDGE('',*,*,#1302,.T.);
#1050=ORIENTED_EDGE('',*,*,#1514,.F.);
#1051=ORIENTED_EDGE('',*,*,#1668,.F.);
#1052=ORIENTED_EDGE('',*,*,#1510,.T.);
#1053=ORIENTED_EDGE('',*,*,#1296,.F.);
#1054=ORIENTED_EDGE('',*,*,#1460,.F.);
#1055=ORIENTED_EDGE('',*,*,#1669,.F.);
#1056=ORIENTED_EDGE('',*,*,#1512,.T.);
#1057=ORIENTED_EDGE('',*,*,#1670,.F.);
#1058=ORIENTED_EDGE('',*,*,#1458,.F.);
#1059=ORIENTED_EDGE('',*,*,#1671,.F.);
#1060=ORIENTED_EDGE('',*,*,#1457,.T.);
#1061=ORIENTED_EDGE('',*,*,#1668,.T.);
#1062=ORIENTED_EDGE('',*,*,#1513,.T.);
#1063=ORIENTED_EDGE('',*,*,#1671,.T.);
#1064=ORIENTED_EDGE('',*,*,#1459,.T.);
#1065=ORIENTED_EDGE('',*,*,#1670,.T.);
#1066=ORIENTED_EDGE('',*,*,#1511,.T.);
#1067=ORIENTED_EDGE('',*,*,#1669,.T.);
#1068=ORIENTED_EDGE('',*,*,#1466,.T.);
#1069=ORIENTED_EDGE('',*,*,#1301,.T.);
#1070=ORIENTED_EDGE('',*,*,#1504,.F.);
#1071=ORIENTED_EDGE('',*,*,#1672,.F.);
#1072=ORIENTED_EDGE('',*,*,#1500,.T.);
#1073=ORIENTED_EDGE('',*,*,#1292,.F.);
#1074=ORIENTED_EDGE('',*,*,#1470,.F.);
#1075=ORIENTED_EDGE('',*,*,#1673,.F.);
#1076=ORIENTED_EDGE('',*,*,#1502,.T.);
#1077=ORIENTED_EDGE('',*,*,#1674,.F.);
#1078=ORIENTED_EDGE('',*,*,#1468,.F.);
#1079=ORIENTED_EDGE('',*,*,#1675,.F.);
#1080=ORIENTED_EDGE('',*,*,#1467,.T.);
#1081=ORIENTED_EDGE('',*,*,#1672,.T.);
#1082=ORIENTED_EDGE('',*,*,#1503,.T.);
#1083=ORIENTED_EDGE('',*,*,#1675,.T.);
#1084=ORIENTED_EDGE('',*,*,#1469,.T.);
#1085=ORIENTED_EDGE('',*,*,#1674,.T.);
#1086=ORIENTED_EDGE('',*,*,#1501,.T.);
#1087=ORIENTED_EDGE('',*,*,#1673,.T.);
#1088=ORIENTED_EDGE('',*,*,#1461,.T.);
#1089=ORIENTED_EDGE('',*,*,#1294,.T.);
#1090=ORIENTED_EDGE('',*,*,#1509,.F.);
#1091=ORIENTED_EDGE('',*,*,#1676,.F.);
#1092=ORIENTED_EDGE('',*,*,#1505,.T.);
#1093=ORIENTED_EDGE('',*,*,#1299,.F.);
#1094=ORIENTED_EDGE('',*,*,#1465,.F.);
#1095=ORIENTED_EDGE('',*,*,#1677,.F.);
#1096=ORIENTED_EDGE('',*,*,#1507,.T.);
#1097=ORIENTED_EDGE('',*,*,#1678,.F.);
#1098=ORIENTED_EDGE('',*,*,#1463,.F.);
#1099=ORIENTED_EDGE('',*,*,#1679,.F.);
#1100=ORIENTED_EDGE('',*,*,#1462,.T.);
#1101=ORIENTED_EDGE('',*,*,#1676,.T.);
#1102=ORIENTED_EDGE('',*,*,#1508,.T.);
#1103=ORIENTED_EDGE('',*,*,#1679,.T.);
#1104=ORIENTED_EDGE('',*,*,#1464,.T.);
#1105=ORIENTED_EDGE('',*,*,#1678,.T.);
#1106=ORIENTED_EDGE('',*,*,#1506,.T.);
#1107=ORIENTED_EDGE('',*,*,#1677,.T.);
#1108=ORIENTED_EDGE('',*,*,#1471,.T.);
#1109=ORIENTED_EDGE('',*,*,#1290,.T.);
#1110=ORIENTED_EDGE('',*,*,#1499,.F.);
#1111=ORIENTED_EDGE('',*,*,#1680,.F.);
#1112=ORIENTED_EDGE('',*,*,#1495,.T.);
#1113=ORIENTED_EDGE('',*,*,#1288,.F.);
#1114=ORIENTED_EDGE('',*,*,#1475,.F.);
#1115=ORIENTED_EDGE('',*,*,#1681,.F.);
#1116=ORIENTED_EDGE('',*,*,#1497,.T.);
#1117=ORIENTED_EDGE('',*,*,#1682,.F.);
#1118=ORIENTED_EDGE('',*,*,#1473,.F.);
#1119=ORIENTED_EDGE('',*,*,#1683,.F.);
#1120=ORIENTED_EDGE('',*,*,#1472,.T.);
#1121=ORIENTED_EDGE('',*,*,#1680,.T.);
#1122=ORIENTED_EDGE('',*,*,#1498,.T.);
#1123=ORIENTED_EDGE('',*,*,#1683,.T.);
#1124=ORIENTED_EDGE('',*,*,#1474,.T.);
#1125=ORIENTED_EDGE('',*,*,#1682,.T.);
#1126=ORIENTED_EDGE('',*,*,#1496,.T.);
#1127=ORIENTED_EDGE('',*,*,#1681,.T.);
#1128=ORIENTED_EDGE('',*,*,#1476,.T.);
#1129=ORIENTED_EDGE('',*,*,#1286,.T.);
#1130=ORIENTED_EDGE('',*,*,#1494,.F.);
#1131=ORIENTED_EDGE('',*,*,#1684,.F.);
#1132=ORIENTED_EDGE('',*,*,#1490,.T.);
#1133=ORIENTED_EDGE('',*,*,#1272,.F.);
#1134=ORIENTED_EDGE('',*,*,#1480,.F.);
#1135=ORIENTED_EDGE('',*,*,#1685,.F.);
#1136=ORIENTED_EDGE('',*,*,#1492,.T.);
#1137=ORIENTED_EDGE('',*,*,#1686,.F.);
#1138=ORIENTED_EDGE('',*,*,#1478,.F.);
#1139=ORIENTED_EDGE('',*,*,#1687,.F.);
#1140=ORIENTED_EDGE('',*,*,#1477,.T.);
#1141=ORIENTED_EDGE('',*,*,#1684,.T.);
#1142=ORIENTED_EDGE('',*,*,#1493,.T.);
#1143=ORIENTED_EDGE('',*,*,#1687,.T.);
#1144=ORIENTED_EDGE('',*,*,#1479,.T.);
#1145=ORIENTED_EDGE('',*,*,#1686,.T.);
#1146=ORIENTED_EDGE('',*,*,#1491,.T.);
#1147=ORIENTED_EDGE('',*,*,#1685,.T.);
#1148=ORIENTED_EDGE('',*,*,#1370,.T.);
#1149=ORIENTED_EDGE('',*,*,#1285,.T.);
#1150=ORIENTED_EDGE('',*,*,#1599,.F.);
#1151=ORIENTED_EDGE('',*,*,#1688,.F.);
#1152=ORIENTED_EDGE('',*,*,#1595,.T.);
#1153=ORIENTED_EDGE('',*,*,#1280,.F.);
#1154=ORIENTED_EDGE('',*,*,#1374,.F.);
#1155=ORIENTED_EDGE('',*,*,#1689,.F.);
#1156=ORIENTED_EDGE('',*,*,#1597,.T.);
#1157=ORIENTED_EDGE('',*,*,#1690,.F.);
#1158=ORIENTED_EDGE('',*,*,#1372,.F.);
#1159=ORIENTED_EDGE('',*,*,#1691,.F.);
#1160=ORIENTED_EDGE('',*,*,#1371,.T.);
#1161=ORIENTED_EDGE('',*,*,#1688,.T.);
#1162=ORIENTED_EDGE('',*,*,#1598,.T.);
#1163=ORIENTED_EDGE('',*,*,#1691,.T.);
#1164=ORIENTED_EDGE('',*,*,#1373,.T.);
#1165=ORIENTED_EDGE('',*,*,#1690,.T.);
#1166=ORIENTED_EDGE('',*,*,#1596,.T.);
#1167=ORIENTED_EDGE('',*,*,#1689,.T.);
#1168=ORIENTED_EDGE('',*,*,#1375,.T.);
#1169=ORIENTED_EDGE('',*,*,#1278,.T.);
#1170=ORIENTED_EDGE('',*,*,#1594,.F.);
#1171=ORIENTED_EDGE('',*,*,#1692,.F.);
#1172=ORIENTED_EDGE('',*,*,#1590,.T.);
#1173=ORIENTED_EDGE('',*,*,#1359,.F.);
#1174=ORIENTED_EDGE('',*,*,#1379,.F.);
#1175=ORIENTED_EDGE('',*,*,#1693,.F.);
#1176=ORIENTED_EDGE('',*,*,#1592,.T.);
#1177=ORIENTED_EDGE('',*,*,#1694,.F.);
#1178=ORIENTED_EDGE('',*,*,#1377,.F.);
#1179=ORIENTED_EDGE('',*,*,#1695,.F.);
#1180=ORIENTED_EDGE('',*,*,#1376,.T.);
#1181=ORIENTED_EDGE('',*,*,#1692,.T.);
#1182=ORIENTED_EDGE('',*,*,#1593,.T.);
#1183=ORIENTED_EDGE('',*,*,#1695,.T.);
#1184=ORIENTED_EDGE('',*,*,#1378,.T.);
#1185=ORIENTED_EDGE('',*,*,#1694,.T.);
#1186=ORIENTED_EDGE('',*,*,#1591,.T.);
#1187=ORIENTED_EDGE('',*,*,#1693,.T.);
#1188=ORIENTED_EDGE('',*,*,#1365,.T.);
#1189=ORIENTED_EDGE('',*,*,#1277,.T.);
#1190=ORIENTED_EDGE('',*,*,#1604,.F.);
#1191=ORIENTED_EDGE('',*,*,#1696,.F.);
#1192=ORIENTED_EDGE('',*,*,#1600,.T.);
#1193=ORIENTED_EDGE('',*,*,#1283,.F.);
#1194=ORIENTED_EDGE('',*,*,#1369,.F.);
#1195=ORIENTED_EDGE('',*,*,#1697,.F.);
#1196=ORIENTED_EDGE('',*,*,#1602,.T.);
#1197=ORIENTED_EDGE('',*,*,#1698,.F.);
#1198=ORIENTED_EDGE('',*,*,#1367,.F.);
#1199=ORIENTED_EDGE('',*,*,#1699,.F.);
#1200=ORIENTED_EDGE('',*,*,#1366,.T.);
#1201=ORIENTED_EDGE('',*,*,#1696,.T.);
#1202=ORIENTED_EDGE('',*,*,#1603,.T.);
#1203=ORIENTED_EDGE('',*,*,#1699,.T.);
#1204=ORIENTED_EDGE('',*,*,#1368,.T.);
#1205=ORIENTED_EDGE('',*,*,#1698,.T.);
#1206=ORIENTED_EDGE('',*,*,#1601,.T.);
#1207=ORIENTED_EDGE('',*,*,#1697,.T.);
#1208=ORIENTED_EDGE('',*,*,#1481,.T.);
#1209=ORIENTED_EDGE('',*,*,#1270,.T.);
#1210=ORIENTED_EDGE('',*,*,#1489,.F.);
#1211=ORIENTED_EDGE('',*,*,#1700,.F.);
#1212=ORIENTED_EDGE('',*,*,#1605,.T.);
#1213=ORIENTED_EDGE('',*,*,#1275,.F.);
#1214=ORIENTED_EDGE('',*,*,#1364,.F.);
#1215=ORIENTED_EDGE('',*,*,#1701,.F.);
#1216=ORIENTED_EDGE('',*,*,#1607,.T.);
#1217=ORIENTED_EDGE('',*,*,#1702,.F.);
#1218=ORIENTED_EDGE('',*,*,#1483,.F.);
#1219=ORIENTED_EDGE('',*,*,#1703,.F.);
#1220=ORIENTED_EDGE('',*,*,#1482,.T.);
#1221=ORIENTED_EDGE('',*,*,#1700,.T.);
#1222=ORIENTED_EDGE('',*,*,#1488,.T.);
#1223=ORIENTED_EDGE('',*,*,#1703,.T.);
#1224=ORIENTED_EDGE('',*,*,#1363,.T.);
#1225=ORIENTED_EDGE('',*,*,#1702,.T.);
#1226=ORIENTED_EDGE('',*,*,#1606,.T.);
#1227=ORIENTED_EDGE('',*,*,#1701,.T.);
#1228=ORIENTED_EDGE('',*,*,#1704,.F.);
#1229=ORIENTED_EDGE('',*,*,#1362,.T.);
#1230=ORIENTED_EDGE('',*,*,#1705,.F.);
#1231=ORIENTED_EDGE('',*,*,#1706,.F.);
#1232=ORIENTED_EDGE('',*,*,#1707,.F.);
#1233=ORIENTED_EDGE('',*,*,#1708,.F.);
#1234=ORIENTED_EDGE('',*,*,#1709,.F.);
#1235=ORIENTED_EDGE('',*,*,#1710,.F.);
#1236=ORIENTED_EDGE('',*,*,#1704,.T.);
#1237=ORIENTED_EDGE('',*,*,#1711,.F.);
#1238=ORIENTED_EDGE('',*,*,#1487,.T.);
#1239=ORIENTED_EDGE('',*,*,#1712,.F.);
#1240=ORIENTED_EDGE('',*,*,#1713,.F.);
#1241=ORIENTED_EDGE('',*,*,#1714,.F.);
#1242=ORIENTED_EDGE('',*,*,#1715,.F.);
#1243=ORIENTED_EDGE('',*,*,#1716,.F.);
#1244=ORIENTED_EDGE('',*,*,#1717,.F.);
#1245=ORIENTED_EDGE('',*,*,#1711,.T.);
#1246=ORIENTED_EDGE('',*,*,#1712,.T.);
#1247=ORIENTED_EDGE('',*,*,#1718,.T.);
#1248=ORIENTED_EDGE('',*,*,#1705,.T.);
#1249=ORIENTED_EDGE('',*,*,#1719,.F.);
#1250=ORIENTED_EDGE('',*,*,#1713,.T.);
#1251=ORIENTED_EDGE('',*,*,#1719,.T.);
#1252=ORIENTED_EDGE('',*,*,#1710,.T.);
#1253=ORIENTED_EDGE('',*,*,#1720,.F.);
#1254=ORIENTED_EDGE('',*,*,#1714,.T.);
#1255=ORIENTED_EDGE('',*,*,#1720,.T.);
#1256=ORIENTED_EDGE('',*,*,#1709,.T.);
#1257=ORIENTED_EDGE('',*,*,#1721,.F.);
#1258=ORIENTED_EDGE('',*,*,#1715,.T.);
#1259=ORIENTED_EDGE('',*,*,#1721,.T.);
#1260=ORIENTED_EDGE('',*,*,#1708,.T.);
#1261=ORIENTED_EDGE('',*,*,#1722,.F.);
#1262=ORIENTED_EDGE('',*,*,#1716,.T.);
#1263=ORIENTED_EDGE('',*,*,#1722,.T.);
#1264=ORIENTED_EDGE('',*,*,#1707,.T.);
#1265=ORIENTED_EDGE('',*,*,#1723,.F.);
#1266=ORIENTED_EDGE('',*,*,#1717,.T.);
#1267=ORIENTED_EDGE('',*,*,#1723,.T.);
#1268=ORIENTED_EDGE('',*,*,#1706,.T.);
#1269=ORIENTED_EDGE('',*,*,#1718,.F.);
#1270=EDGE_CURVE('',#1724,#1725,#2028,.T.);
#1271=EDGE_CURVE('',#1726,#1724,#166,.T.);
#1272=EDGE_CURVE('',#1726,#1727,#2029,.T.);
#1273=EDGE_CURVE('',#1727,#1725,#167,.T.);
#1274=EDGE_CURVE('',#1728,#1729,#168,.T.);
#1275=EDGE_CURVE('',#1728,#1730,#2030,.T.);
#1276=EDGE_CURVE('',#1730,#1731,#169,.T.);
#1277=EDGE_CURVE('',#1729,#1731,#2031,.T.);
#1278=EDGE_CURVE('',#1732,#1733,#2032,.T.);
#1279=EDGE_CURVE('',#1734,#1732,#170,.T.);
#1280=EDGE_CURVE('',#1734,#1735,#2033,.T.);
#1281=EDGE_CURVE('',#1735,#1733,#171,.T.);
#1282=EDGE_CURVE('',#1736,#1737,#172,.T.);
#1283=EDGE_CURVE('',#1736,#1738,#2034,.T.);
#1284=EDGE_CURVE('',#1738,#1739,#173,.T.);
#1285=EDGE_CURVE('',#1737,#1739,#2035,.T.);
#1286=EDGE_CURVE('',#1740,#1741,#2036,.T.);
#1287=EDGE_CURVE('',#1742,#1740,#174,.T.);
#1288=EDGE_CURVE('',#1742,#1743,#2037,.T.);
#1289=EDGE_CURVE('',#1743,#1741,#175,.T.);
#1290=EDGE_CURVE('',#1744,#1745,#2038,.T.);
#1291=EDGE_CURVE('',#1746,#1744,#176,.T.);
#1292=EDGE_CURVE('',#1746,#1747,#2039,.T.);
#1293=EDGE_CURVE('',#1747,#1745,#177,.T.);
#1294=EDGE_CURVE('',#1748,#1749,#2040,.T.);
#1295=EDGE_CURVE('',#1750,#1748,#178,.T.);
#1296=EDGE_CURVE('',#1750,#1751,#2041,.T.);
#1297=EDGE_CURVE('',#1751,#1749,#179,.T.);
#1298=EDGE_CURVE('',#1752,#1753,#180,.T.);
#1299=EDGE_CURVE('',#1752,#1754,#2042,.T.);
#1300=EDGE_CURVE('',#1754,#1755,#181,.T.);
#1301=EDGE_CURVE('',#1753,#1755,#2043,.T.);
#1302=EDGE_CURVE('',#1756,#1757,#2044,.T.);
#1303=EDGE_CURVE('',#1758,#1756,#182,.T.);
#1304=EDGE_CURVE('',#1758,#1759,#2045,.T.);
#1305=EDGE_CURVE('',#1759,#1757,#183,.T.);
#1306=EDGE_CURVE('',#1760,#1761,#2046,.T.);
#1307=EDGE_CURVE('',#1762,#1760,#184,.T.);
#1308=EDGE_CURVE('',#1762,#1763,#2047,.T.);
#1309=EDGE_CURVE('',#1763,#1761,#185,.T.);
#1310=EDGE_CURVE('',#1764,#1765,#2048,.T.);
#1311=EDGE_CURVE('',#1766,#1764,#186,.T.);
#1312=EDGE_CURVE('',#1766,#1767,#2049,.T.);
#1313=EDGE_CURVE('',#1767,#1765,#187,.T.);
#1314=EDGE_CURVE('',#1768,#1769,#2050,.T.);
#1315=EDGE_CURVE('',#1770,#1768,#188,.T.);
#1316=EDGE_CURVE('',#1770,#1771,#2051,.T.);
#1317=EDGE_CURVE('',#1771,#1769,#189,.T.);
#1318=EDGE_CURVE('',#1772,#1773,#2052,.T.);
#1319=EDGE_CURVE('',#1774,#1772,#190,.T.);
#1320=EDGE_CURVE('',#1774,#1775,#2053,.T.);
#1321=EDGE_CURVE('',#1775,#1773,#191,.T.);
#1322=EDGE_CURVE('',#1776,#1777,#192,.T.);
#1323=EDGE_CURVE('',#1776,#1778,#2054,.T.);
#1324=EDGE_CURVE('',#1778,#1779,#193,.T.);
#1325=EDGE_CURVE('',#1777,#1779,#2055,.T.);
#1326=EDGE_CURVE('',#1780,#1781,#2056,.T.);
#1327=EDGE_CURVE('',#1782,#1780,#194,.T.);
#1328=EDGE_CURVE('',#1782,#1783,#2057,.T.);
#1329=EDGE_CURVE('',#1783,#1781,#195,.T.);
#1330=EDGE_CURVE('',#1784,#1785,#196,.T.);
#1331=EDGE_CURVE('',#1784,#1786,#2058,.T.);
#1332=EDGE_CURVE('',#1786,#1787,#197,.T.);
#1333=EDGE_CURVE('',#1785,#1787,#2059,.T.);
#1334=EDGE_CURVE('',#1788,#1789,#2060,.T.);
#1335=EDGE_CURVE('',#1790,#1788,#198,.T.);
#1336=EDGE_CURVE('',#1790,#1791,#2061,.T.);
#1337=EDGE_CURVE('',#1791,#1789,#199,.T.);
#1338=EDGE_CURVE('',#1792,#1793,#2062,.T.);
#1339=EDGE_CURVE('',#1794,#1792,#200,.T.);
#1340=EDGE_CURVE('',#1794,#1795,#2063,.T.);
#1341=EDGE_CURVE('',#1795,#1793,#201,.T.);
#1342=EDGE_CURVE('',#1796,#1797,#202,.T.);
#1343=EDGE_CURVE('',#1796,#1798,#2064,.T.);
#1344=EDGE_CURVE('',#1798,#1799,#203,.T.);
#1345=EDGE_CURVE('',#1797,#1799,#2065,.T.);
#1346=EDGE_CURVE('',#1800,#1801,#2066,.T.);
#1347=EDGE_CURVE('',#1802,#1800,#204,.T.);
#1348=EDGE_CURVE('',#1802,#1803,#2067,.T.);
#1349=EDGE_CURVE('',#1803,#1801,#205,.T.);
#1350=EDGE_CURVE('',#1804,#1805,#2068,.T.);
#1351=EDGE_CURVE('',#1806,#1804,#206,.T.);
#1352=EDGE_CURVE('',#1806,#1807,#2069,.T.);
#1353=EDGE_CURVE('',#1807,#1805,#207,.T.);
#1354=EDGE_CURVE('',#1808,#1809,#2070,.T.);
#1355=EDGE_CURVE('',#1810,#1808,#208,.T.);
#1356=EDGE_CURVE('',#1810,#1811,#2071,.T.);
#1357=EDGE_CURVE('',#1811,#1809,#209,.T.);
#1358=EDGE_CURVE('',#1812,#1813,#210,.T.);
#1359=EDGE_CURVE('',#1812,#1814,#2072,.T.);
#1360=EDGE_CURVE('',#1814,#1815,#211,.T.);
#1361=EDGE_CURVE('',#1813,#1815,#2073,.T.);
#1362=EDGE_CURVE('',#1816,#1816,#212,.T.);
#1363=EDGE_CURVE('',#1817,#1818,#213,.T.);
#1364=EDGE_CURVE('',#1817,#1728,#60,.T.);
#1365=EDGE_CURVE('',#1819,#1729,#61,.T.);
#1366=EDGE_CURVE('',#1820,#1819,#214,.T.);
#1367=EDGE_CURVE('',#1820,#1821,#215,.T.);
#1368=EDGE_CURVE('',#1822,#1821,#216,.T.);
#1369=EDGE_CURVE('',#1822,#1736,#62,.T.);
#1370=EDGE_CURVE('',#1823,#1737,#63,.T.);
#1371=EDGE_CURVE('',#1824,#1823,#217,.T.);
#1372=EDGE_CURVE('',#1824,#1825,#218,.T.);
#1373=EDGE_CURVE('',#1826,#1825,#219,.T.);
#1374=EDGE_CURVE('',#1826,#1734,#64,.T.);
#1375=EDGE_CURVE('',#1827,#1732,#65,.T.);
#1376=EDGE_CURVE('',#1828,#1827,#220,.T.);
#1377=EDGE_CURVE('',#1828,#1829,#221,.T.);
#1378=EDGE_CURVE('',#1830,#1829,#222,.T.);
#1379=EDGE_CURVE('',#1830,#1812,#66,.T.);
#1380=EDGE_CURVE('',#1831,#1813,#67,.T.);
#1381=EDGE_CURVE('',#1832,#1831,#223,.T.);
#1382=EDGE_CURVE('',#1832,#1833,#224,.T.);
#1383=EDGE_CURVE('',#1834,#1833,#225,.T.);
#1384=EDGE_CURVE('',#1834,#1810,#68,.T.);
#1385=EDGE_CURVE('',#1835,#1808,#69,.T.);
#1386=EDGE_CURVE('',#1836,#1835,#226,.T.);
#1387=EDGE_CURVE('',#1836,#1837,#227,.T.);
#1388=EDGE_CURVE('',#1838,#1837,#228,.T.);
#1389=EDGE_CURVE('',#1838,#1806,#70,.T.);
#1390=EDGE_CURVE('',#1839,#1804,#71,.T.);
#1391=EDGE_CURVE('',#1840,#1839,#229,.T.);
#1392=EDGE_CURVE('',#1840,#1841,#230,.T.);
#1393=EDGE_CURVE('',#1842,#1841,#231,.T.);
#1394=EDGE_CURVE('',#1842,#1802,#72,.T.);
#1395=EDGE_CURVE('',#1843,#1800,#73,.T.);
#1396=EDGE_CURVE('',#1844,#1843,#232,.T.);
#1397=EDGE_CURVE('',#1844,#1845,#233,.T.);
#1398=EDGE_CURVE('',#1846,#1845,#234,.T.);
#1399=EDGE_CURVE('',#1846,#1794,#74,.T.);
#1400=EDGE_CURVE('',#1847,#1792,#75,.T.);
#1401=EDGE_CURVE('',#1848,#1847,#235,.T.);
#1402=EDGE_CURVE('',#1848,#1849,#236,.T.);
#1403=EDGE_CURVE('',#1850,#1849,#237,.T.);
#1404=EDGE_CURVE('',#1850,#1796,#76,.T.);
#1405=EDGE_CURVE('',#1851,#1797,#77,.T.);
#1406=EDGE_CURVE('',#1852,#1851,#238,.T.);
#1407=EDGE_CURVE('',#1852,#1853,#239,.T.);
#1408=EDGE_CURVE('',#1854,#1853,#240,.T.);
#1409=EDGE_CURVE('',#1854,#1790,#78,.T.);
#1410=EDGE_CURVE('',#1855,#1788,#79,.T.);
#1411=EDGE_CURVE('',#1856,#1855,#241,.T.);
#1412=EDGE_CURVE('',#1856,#1857,#242,.T.);
#1413=EDGE_CURVE('',#1858,#1857,#243,.T.);
#1414=EDGE_CURVE('',#1858,#1859,#80,.T.);
#1415=EDGE_CURVE('',#1859,#1860,#244,.T.);
#1416=EDGE_CURVE('',#1861,#1860,#81,.T.);
#1417=EDGE_CURVE('',#1862,#1861,#245,.T.);
#1418=EDGE_CURVE('',#1862,#1863,#246,.T.);
#1419=EDGE_CURVE('',#1864,#1863,#247,.T.);
#1420=EDGE_CURVE('',#1864,#1774,#82,.T.);
#1421=EDGE_CURVE('',#1865,#1772,#83,.T.);
#1422=EDGE_CURVE('',#1866,#1865,#248,.T.);
#1423=EDGE_CURVE('',#1866,#1867,#249,.T.);
#1424=EDGE_CURVE('',#1868,#1867,#250,.T.);
#1425=EDGE_CURVE('',#1868,#1776,#84,.T.);
#1426=EDGE_CURVE('',#1869,#1777,#85,.T.);
#1427=EDGE_CURVE('',#1870,#1869,#251,.T.);
#1428=EDGE_CURVE('',#1870,#1871,#252,.T.);
#1429=EDGE_CURVE('',#1872,#1871,#253,.T.);
#1430=EDGE_CURVE('',#1872,#1784,#86,.T.);
#1431=EDGE_CURVE('',#1873,#1785,#87,.T.);
#1432=EDGE_CURVE('',#1874,#1873,#254,.T.);
#1433=EDGE_CURVE('',#1874,#1875,#255,.T.);
#1434=EDGE_CURVE('',#1876,#1875,#256,.T.);
#1435=EDGE_CURVE('',#1876,#1782,#88,.T.);
#1436=EDGE_CURVE('',#1877,#1780,#89,.T.);
#1437=EDGE_CURVE('',#1878,#1877,#257,.T.);
#1438=EDGE_CURVE('',#1878,#1879,#258,.T.);
#1439=EDGE_CURVE('',#1880,#1879,#259,.T.);
#1440=EDGE_CURVE('',#1880,#1770,#90,.T.);
#1441=EDGE_CURVE('',#1881,#1768,#91,.T.);
#1442=EDGE_CURVE('',#1882,#1881,#260,.T.);
#1443=EDGE_CURVE('',#1882,#1883,#261,.T.);
#1444=EDGE_CURVE('',#1884,#1883,#262,.T.);
#1445=EDGE_CURVE('',#1884,#1766,#92,.T.);
#1446=EDGE_CURVE('',#1885,#1764,#93,.T.);
#1447=EDGE_CURVE('',#1886,#1885,#263,.T.);
#1448=EDGE_CURVE('',#1886,#1887,#264,.T.);
#1449=EDGE_CURVE('',#1888,#1887,#265,.T.);
#1450=EDGE_CURVE('',#1888,#1762,#94,.T.);
#1451=EDGE_CURVE('',#1889,#1760,#95,.T.);
#1452=EDGE_CURVE('',#1890,#1889,#266,.T.);
#1453=EDGE_CURVE('',#1890,#1891,#267,.T.);
#1454=EDGE_CURVE('',#1892,#1891,#268,.T.);
#1455=EDGE_CURVE('',#1892,#1758,#96,.T.);
#1456=EDGE_CURVE('',#1893,#1756,#97,.T.);
#1457=EDGE_CURVE('',#1894,#1893,#269,.T.);
#1458=EDGE_CURVE('',#1894,#1895,#270,.T.);
#1459=EDGE_CURVE('',#1896,#1895,#271,.T.);
#1460=EDGE_CURVE('',#1896,#1750,#98,.T.);
#1461=EDGE_CURVE('',#1897,#1748,#99,.T.);
#1462=EDGE_CURVE('',#1898,#1897,#272,.T.);
#1463=EDGE_CURVE('',#1898,#1899,#273,.T.);
#1464=EDGE_CURVE('',#1900,#1899,#274,.T.);
#1465=EDGE_CURVE('',#1900,#1752,#100,.T.);
#1466=EDGE_CURVE('',#1901,#1753,#101,.T.);
#1467=EDGE_CURVE('',#1902,#1901,#275,.T.);
#1468=EDGE_CURVE('',#1902,#1903,#276,.T.);
#1469=EDGE_CURVE('',#1904,#1903,#277,.T.);
#1470=EDGE_CURVE('',#1904,#1746,#102,.T.);
#1471=EDGE_CURVE('',#1905,#1744,#103,.T.);
#1472=EDGE_CURVE('',#1906,#1905,#278,.T.);
#1473=EDGE_CURVE('',#1906,#1907,#279,.T.);
#1474=EDGE_CURVE('',#1908,#1907,#280,.T.);
#1475=EDGE_CURVE('',#1908,#1742,#104,.T.);
#1476=EDGE_CURVE('',#1909,#1740,#105,.T.);
#1477=EDGE_CURVE('',#1910,#1909,#281,.T.);
#1478=EDGE_CURVE('',#1910,#1911,#282,.T.);
#1479=EDGE_CURVE('',#1912,#1911,#283,.T.);
#1480=EDGE_CURVE('',#1912,#1726,#106,.T.);
#1481=EDGE_CURVE('',#1913,#1724,#107,.T.);
#1482=EDGE_CURVE('',#1914,#1913,#284,.T.);
#1483=EDGE_CURVE('',#1914,#1818,#285,.T.);
#1484=EDGE_CURVE('',#1859,#1915,#2074,.T.);
#1485=EDGE_CURVE('',#1915,#1916,#286,.T.);
#1486=EDGE_CURVE('',#1860,#1916,#2075,.T.);
#1487=EDGE_CURVE('',#1917,#1917,#287,.F.);
#1488=EDGE_CURVE('',#1918,#1919,#288,.F.);
#1489=EDGE_CURVE('',#1918,#1725,#108,.T.);
#1490=EDGE_CURVE('',#1920,#1727,#109,.T.);
#1491=EDGE_CURVE('',#1921,#1920,#289,.F.);
#1492=EDGE_CURVE('',#1922,#1921,#290,.T.);
#1493=EDGE_CURVE('',#1923,#1922,#291,.F.);
#1494=EDGE_CURVE('',#1923,#1741,#110,.T.);
#1495=EDGE_CURVE('',#1924,#1743,#111,.T.);
#1496=EDGE_CURVE('',#1925,#1924,#292,.F.);
#1497=EDGE_CURVE('',#1926,#1925,#293,.T.);
#1498=EDGE_CURVE('',#1927,#1926,#294,.F.);
#1499=EDGE_CURVE('',#1927,#1745,#112,.T.);
#1500=EDGE_CURVE('',#1928,#1747,#113,.T.);
#1501=EDGE_CURVE('',#1929,#1928,#295,.F.);
#1502=EDGE_CURVE('',#1930,#1929,#296,.T.);
#1503=EDGE_CURVE('',#1931,#1930,#297,.F.);
#1504=EDGE_CURVE('',#1931,#1755,#114,.T.);
#1505=EDGE_CURVE('',#1932,#1754,#115,.T.);
#1506=EDGE_CURVE('',#1933,#1932,#298,.F.);
#1507=EDGE_CURVE('',#1934,#1933,#299,.T.);
#1508=EDGE_CURVE('',#1935,#1934,#300,.F.);
#1509=EDGE_CURVE('',#1935,#1749,#116,.T.);
#1510=EDGE_CURVE('',#1936,#1751,#117,.T.);
#1511=EDGE_CURVE('',#1937,#1936,#301,.F.);
#1512=EDGE_CURVE('',#1938,#1937,#302,.T.);
#1513=EDGE_CURVE('',#1939,#1938,#303,.F.);
#1514=EDGE_CURVE('',#1939,#1757,#118,.T.);
#1515=EDGE_CURVE('',#1940,#1759,#119,.T.);
#1516=EDGE_CURVE('',#1941,#1940,#304,.F.);
#1517=EDGE_CURVE('',#1942,#1941,#305,.T.);
#1518=EDGE_CURVE('',#1943,#1942,#306,.F.);
#1519=EDGE_CURVE('',#1943,#1761,#120,.T.);
#1520=EDGE_CURVE('',#1944,#1763,#121,.T.);
#1521=EDGE_CURVE('',#1945,#1944,#307,.F.);
#1522=EDGE_CURVE('',#1946,#1945,#308,.T.);
#1523=EDGE_CURVE('',#1947,#1946,#309,.F.);
#1524=EDGE_CURVE('',#1947,#1765,#122,.T.);
#1525=EDGE_CURVE('',#1948,#1767,#123,.T.);
#1526=EDGE_CURVE('',#1949,#1948,#310,.F.);
#1527=EDGE_CURVE('',#1950,#1949,#311,.T.);
#1528=EDGE_CURVE('',#1951,#1950,#312,.F.);
#1529=EDGE_CURVE('',#1951,#1769,#124,.T.);
#1530=EDGE_CURVE('',#1952,#1771,#125,.T.);
#1531=EDGE_CURVE('',#1953,#1952,#313,.F.);
#1532=EDGE_CURVE('',#1954,#1953,#314,.T.);
#1533=EDGE_CURVE('',#1955,#1954,#315,.F.);
#1534=EDGE_CURVE('',#1955,#1781,#126,.T.);
#1535=EDGE_CURVE('',#1956,#1783,#127,.T.);
#1536=EDGE_CURVE('',#1957,#1956,#316,.F.);
#1537=EDGE_CURVE('',#1958,#1957,#317,.T.);
#1538=EDGE_CURVE('',#1959,#1958,#318,.F.);
#1539=EDGE_CURVE('',#1959,#1787,#128,.T.);
#1540=EDGE_CURVE('',#1960,#1786,#129,.T.);
#1541=EDGE_CURVE('',#1961,#1960,#319,.F.);
#1542=EDGE_CURVE('',#1962,#1961,#320,.T.);
#1543=EDGE_CURVE('',#1963,#1962,#321,.F.);
#1544=EDGE_CURVE('',#1963,#1779,#130,.T.);
#1545=EDGE_CURVE('',#1964,#1778,#131,.T.);
#1546=EDGE_CURVE('',#1965,#1964,#322,.F.);
#1547=EDGE_CURVE('',#1966,#1965,#323,.T.);
#1548=EDGE_CURVE('',#1967,#1966,#324,.F.);
#1549=EDGE_CURVE('',#1967,#1773,#132,.T.);
#1550=EDGE_CURVE('',#1968,#1775,#133,.T.);
#1551=EDGE_CURVE('',#1969,#1968,#325,.F.);
#1552=EDGE_CURVE('',#1970,#1969,#326,.T.);
#1553=EDGE_CURVE('',#1971,#1970,#327,.F.);
#1554=EDGE_CURVE('',#1971,#1916,#134,.T.);
#1555=EDGE_CURVE('',#1972,#1915,#135,.T.);
#1556=EDGE_CURVE('',#1973,#1972,#328,.F.);
#1557=EDGE_CURVE('',#1974,#1973,#329,.T.);
#1558=EDGE_CURVE('',#1975,#1974,#330,.F.);
#1559=EDGE_CURVE('',#1975,#1789,#136,.T.);
#1560=EDGE_CURVE('',#1976,#1791,#137,.T.);
#1561=EDGE_CURVE('',#1977,#1976,#331,.F.);
#1562=EDGE_CURVE('',#1978,#1977,#332,.T.);
#1563=EDGE_CURVE('',#1979,#1978,#333,.F.);
#1564=EDGE_CURVE('',#1979,#1799,#138,.T.);
#1565=EDGE_CURVE('',#1980,#1798,#139,.T.);
#1566=EDGE_CURVE('',#1981,#1980,#334,.F.);
#1567=EDGE_CURVE('',#1982,#1981,#335,.T.);
#1568=EDGE_CURVE('',#1983,#1982,#336,.F.);
#1569=EDGE_CURVE('',#1983,#1793,#140,.T.);
#1570=EDGE_CURVE('',#1984,#1795,#141,.T.);
#1571=EDGE_CURVE('',#1985,#1984,#337,.F.);
#1572=EDGE_CURVE('',#1986,#1985,#338,.T.);
#1573=EDGE_CURVE('',#1987,#1986,#339,.F.);
#1574=EDGE_CURVE('',#1987,#1801,#142,.T.);
#1575=EDGE_CURVE('',#1988,#1803,#143,.T.);
#1576=EDGE_CURVE('',#1989,#1988,#340,.F.);
#1577=EDGE_CURVE('',#1990,#1989,#341,.T.);
#1578=EDGE_CURVE('',#1991,#1990,#342,.F.);
#1579=EDGE_CURVE('',#1991,#1805,#144,.T.);
#1580=EDGE_CURVE('',#1992,#1807,#145,.T.);
#1581=EDGE_CURVE('',#1993,#1992,#343,.F.);
#1582=EDGE_CURVE('',#1994,#1993,#344,.T.);
#1583=EDGE_CURVE('',#1995,#1994,#345,.F.);
#1584=EDGE_CURVE('',#1995,#1809,#146,.T.);
#1585=EDGE_CURVE('',#1996,#1811,#147,.T.);
#1586=EDGE_CURVE('',#1997,#1996,#346,.F.);
#1587=EDGE_CURVE('',#1998,#1997,#347,.T.);
#1588=EDGE_CURVE('',#1999,#1998,#348,.F.);
#1589=EDGE_CURVE('',#1999,#1815,#148,.T.);
#1590=EDGE_CURVE('',#2000,#1814,#149,.T.);
#1591=EDGE_CURVE('',#2001,#2000,#349,.F.);
#1592=EDGE_CURVE('',#2002,#2001,#350,.T.);
#1593=EDGE_CURVE('',#2003,#2002,#351,.F.);
#1594=EDGE_CURVE('',#2003,#1733,#150,.T.);
#1595=EDGE_CURVE('',#2004,#1735,#151,.T.);
#1596=EDGE_CURVE('',#2005,#2004,#352,.F.);
#1597=EDGE_CURVE('',#2006,#2005,#353,.T.);
#1598=EDGE_CURVE('',#2007,#2006,#354,.F.);
#1599=EDGE_CURVE('',#2007,#1739,#152,.T.);
#1600=EDGE_CURVE('',#2008,#1738,#153,.T.);
#1601=EDGE_CURVE('',#2009,#2008,#355,.F.);
#1602=EDGE_CURVE('',#2010,#2009,#356,.T.);
#1603=EDGE_CURVE('',#2011,#2010,#357,.F.);
#1604=EDGE_CURVE('',#2011,#1731,#154,.T.);
#1605=EDGE_CURVE('',#2012,#1730,#155,.T.);
#1606=EDGE_CURVE('',#2013,#2012,#358,.F.);
#1607=EDGE_CURVE('',#1919,#2013,#359,.T.);
#1608=EDGE_CURVE('',#1861,#1971,#2076,.T.);
#1609=EDGE_CURVE('',#1968,#1864,#2077,.F.);
#1610=EDGE_CURVE('',#1863,#1969,#2078,.T.);
#1611=EDGE_CURVE('',#1970,#1862,#2079,.F.);
#1612=EDGE_CURVE('',#1831,#1999,#2080,.T.);
#1613=EDGE_CURVE('',#1996,#1834,#2081,.F.);
#1614=EDGE_CURVE('',#1833,#1997,#2082,.T.);
#1615=EDGE_CURVE('',#1998,#1832,#2083,.F.);
#1616=EDGE_CURVE('',#1835,#1995,#2084,.T.);
#1617=EDGE_CURVE('',#1992,#1838,#2085,.F.);
#1618=EDGE_CURVE('',#1837,#1993,#2086,.T.);
#1619=EDGE_CURVE('',#1994,#1836,#2087,.F.);
#1620=EDGE_CURVE('',#1839,#1991,#2088,.T.);
#1621=EDGE_CURVE('',#1988,#1842,#2089,.F.);
#1622=EDGE_CURVE('',#1841,#1989,#2090,.T.);
#1623=EDGE_CURVE('',#1990,#1840,#2091,.F.);
#1624=EDGE_CURVE('',#1843,#1987,#2092,.T.);
#1625=EDGE_CURVE('',#1984,#1846,#2093,.F.);
#1626=EDGE_CURVE('',#1845,#1985,#2094,.T.);
#1627=EDGE_CURVE('',#1986,#1844,#2095,.F.);
#1628=EDGE_CURVE('',#1851,#1979,#2096,.T.);
#1629=EDGE_CURVE('',#1976,#1854,#2097,.F.);
#1630=EDGE_CURVE('',#1853,#1977,#2098,.T.);
#1631=EDGE_CURVE('',#1978,#1852,#2099,.F.);
#1632=EDGE_CURVE('',#1847,#1983,#2100,.T.);
#1633=EDGE_CURVE('',#1980,#1850,#2101,.F.);
#1634=EDGE_CURVE('',#1849,#1981,#2102,.T.);
#1635=EDGE_CURVE('',#1982,#1848,#2103,.F.);
#1636=EDGE_CURVE('',#1855,#1975,#2104,.T.);
#1637=EDGE_CURVE('',#1972,#1858,#2105,.F.);
#1638=EDGE_CURVE('',#1857,#1973,#2106,.T.);
#1639=EDGE_CURVE('',#1974,#1856,#2107,.F.);
#1640=EDGE_CURVE('',#1873,#1959,#2108,.T.);
#1641=EDGE_CURVE('',#1956,#1876,#2109,.F.);
#1642=EDGE_CURVE('',#1875,#1957,#2110,.T.);
#1643=EDGE_CURVE('',#1958,#1874,#2111,.F.);
#1644=EDGE_CURVE('',#1877,#1955,#2112,.T.);
#1645=EDGE_CURVE('',#1952,#1880,#2113,.F.);
#1646=EDGE_CURVE('',#1879,#1953,#2114,.T.);
#1647=EDGE_CURVE('',#1954,#1878,#2115,.F.);
#1648=EDGE_CURVE('',#1869,#1963,#2116,.T.);
#1649=EDGE_CURVE('',#1960,#1872,#2117,.F.);
#1650=EDGE_CURVE('',#1871,#1961,#2118,.T.);
#1651=EDGE_CURVE('',#1962,#1870,#2119,.F.);
#1652=EDGE_CURVE('',#1865,#1967,#2120,.T.);
#1653=EDGE_CURVE('',#1964,#1868,#2121,.F.);
#1654=EDGE_CURVE('',#1867,#1965,#2122,.T.);
#1655=EDGE_CURVE('',#1966,#1866,#2123,.F.);
#1656=EDGE_CURVE('',#1881,#1951,#2124,.T.);
#1657=EDGE_CURVE('',#1948,#1884,#2125,.F.);
#1658=EDGE_CURVE('',#1883,#1949,#2126,.T.);
#1659=EDGE_CURVE('',#1950,#1882,#2127,.F.);
#1660=EDGE_CURVE('',#1885,#1947,#2128,.T.);
#1661=EDGE_CURVE('',#1944,#1888,#2129,.F.);
#1662=EDGE_CURVE('',#1887,#1945,#2130,.T.);
#1663=EDGE_CURVE('',#1946,#1886,#2131,.F.);
#1664=EDGE_CURVE('',#1889,#1943,#2132,.T.);
#1665=EDGE_CURVE('',#1940,#1892,#2133,.F.);
#1666=EDGE_CURVE('',#1891,#1941,#2134,.T.);
#1667=EDGE_CURVE('',#1942,#1890,#2135,.F.);
#1668=EDGE_CURVE('',#1893,#1939,#2136,.T.);
#1669=EDGE_CURVE('',#1936,#1896,#2137,.F.);
#1670=EDGE_CURVE('',#1895,#1937,#2138,.T.);
#1671=EDGE_CURVE('',#1938,#1894,#2139,.F.);
#1672=EDGE_CURVE('',#1901,#1931,#2140,.T.);
#1673=EDGE_CURVE('',#1928,#1904,#2141,.F.);
#1674=EDGE_CURVE('',#1903,#1929,#2142,.T.);
#1675=EDGE_CURVE('',#1930,#1902,#2143,.F.);
#1676=EDGE_CURVE('',#1897,#1935,#2144,.T.);
#1677=EDGE_CURVE('',#1932,#1900,#2145,.F.);
#1678=EDGE_CURVE('',#1899,#1933,#2146,.T.);
#1679=EDGE_CURVE('',#1934,#1898,#2147,.F.);
#1680=EDGE_CURVE('',#1905,#1927,#2148,.T.);
#1681=EDGE_CURVE('',#1924,#1908,#2149,.F.);
#1682=EDGE_CURVE('',#1907,#1925,#2150,.T.);
#1683=EDGE_CURVE('',#1926,#1906,#2151,.F.);
#1684=EDGE_CURVE('',#1909,#1923,#2152,.T.);
#1685=EDGE_CURVE('',#1920,#1912,#2153,.F.);
#1686=EDGE_CURVE('',#1911,#1921,#2154,.T.);
#1687=EDGE_CURVE('',#1922,#1910,#2155,.F.);
#1688=EDGE_CURVE('',#1823,#2007,#2156,.T.);
#1689=EDGE_CURVE('',#2004,#1826,#2157,.F.);
#1690=EDGE_CURVE('',#1825,#2005,#2158,.T.);
#1691=EDGE_CURVE('',#2006,#1824,#2159,.F.);
#1692=EDGE_CURVE('',#1827,#2003,#2160,.T.);
#1693=EDGE_CURVE('',#2000,#1830,#2161,.F.);
#1694=EDGE_CURVE('',#1829,#2001,#2162,.T.);
#1695=EDGE_CURVE('',#2002,#1828,#2163,.F.);
#1696=EDGE_CURVE('',#1819,#2011,#2164,.T.);
#1697=EDGE_CURVE('',#2008,#1822,#2165,.F.);
#1698=EDGE_CURVE('',#1821,#2009,#2166,.T.);
#1699=EDGE_CURVE('',#2010,#1820,#2167,.F.);
#1700=EDGE_CURVE('',#1913,#1918,#2168,.T.);
#1701=EDGE_CURVE('',#2012,#1817,#2169,.F.);
#1702=EDGE_CURVE('',#1818,#2013,#2170,.T.);
#1703=EDGE_CURVE('',#1919,#1914,#2171,.F.);
#1704=EDGE_CURVE('',#2014,#2014,#360,.T.);
#1705=EDGE_CURVE('',#2015,#2016,#2172,.T.);
#1706=EDGE_CURVE('',#2017,#2015,#2173,.T.);
#1707=EDGE_CURVE('',#2018,#2017,#2174,.T.);
#1708=EDGE_CURVE('',#2019,#2018,#2175,.T.);
#1709=EDGE_CURVE('',#2020,#2019,#2176,.T.);
#1710=EDGE_CURVE('',#2016,#2020,#2177,.T.);
#1711=EDGE_CURVE('',#2021,#2021,#361,.T.);
#1712=EDGE_CURVE('',#2022,#2023,#2178,.T.);
#1713=EDGE_CURVE('',#2024,#2022,#2179,.T.);
#1714=EDGE_CURVE('',#2025,#2024,#2180,.T.);
#1715=EDGE_CURVE('',#2026,#2025,#2181,.T.);
#1716=EDGE_CURVE('',#2027,#2026,#2182,.T.);
#1717=EDGE_CURVE('',#2023,#2027,#2183,.T.);
#1718=EDGE_CURVE('',#2023,#2015,#2184,.T.);
#1719=EDGE_CURVE('',#2022,#2016,#2185,.T.);
#1720=EDGE_CURVE('',#2024,#2020,#2186,.T.);
#1721=EDGE_CURVE('',#2025,#2019,#2187,.T.);
#1722=EDGE_CURVE('',#2026,#2018,#2188,.T.);
#1723=EDGE_CURVE('',#2027,#2017,#2189,.T.);
#1724=VERTEX_POINT('',#4022);
#1725=VERTEX_POINT('',#4023);
#1726=VERTEX_POINT('',#4025);
#1727=VERTEX_POINT('',#4027);
#1728=VERTEX_POINT('',#4031);
#1729=VERTEX_POINT('',#4032);
#1730=VERTEX_POINT('',#4034);
#1731=VERTEX_POINT('',#4036);
#1732=VERTEX_POINT('',#4040);
#1733=VERTEX_POINT('',#4041);
#1734=VERTEX_POINT('',#4043);
#1735=VERTEX_POINT('',#4045);
#1736=VERTEX_POINT('',#4049);
#1737=VERTEX_POINT('',#4050);
#1738=VERTEX_POINT('',#4052);
#1739=VERTEX_POINT('',#4054);
#1740=VERTEX_POINT('',#4058);
#1741=VERTEX_POINT('',#4059);
#1742=VERTEX_POINT('',#4061);
#1743=VERTEX_POINT('',#4063);
#1744=VERTEX_POINT('',#4067);
#1745=VERTEX_POINT('',#4068);
#1746=VERTEX_POINT('',#4070);
#1747=VERTEX_POINT('',#4072);
#1748=VERTEX_POINT('',#4076);
#1749=VERTEX_POINT('',#4077);
#1750=VERTEX_POINT('',#4079);
#1751=VERTEX_POINT('',#4081);
#1752=VERTEX_POINT('',#4085);
#1753=VERTEX_POINT('',#4086);
#1754=VERTEX_POINT('',#4088);
#1755=VERTEX_POINT('',#4090);
#1756=VERTEX_POINT('',#4094);
#1757=VERTEX_POINT('',#4095);
#1758=VERTEX_POINT('',#4097);
#1759=VERTEX_POINT('',#4099);
#1760=VERTEX_POINT('',#4103);
#1761=VERTEX_POINT('',#4104);
#1762=VERTEX_POINT('',#4106);
#1763=VERTEX_POINT('',#4108);
#1764=VERTEX_POINT('',#4112);
#1765=VERTEX_POINT('',#4113);
#1766=VERTEX_POINT('',#4115);
#1767=VERTEX_POINT('',#4117);
#1768=VERTEX_POINT('',#4121);
#1769=VERTEX_POINT('',#4122);
#1770=VERTEX_POINT('',#4124);
#1771=VERTEX_POINT('',#4126);
#1772=VERTEX_POINT('',#4130);
#1773=VERTEX_POINT('',#4131);
#1774=VERTEX_POINT('',#4133);
#1775=VERTEX_POINT('',#4135);
#1776=VERTEX_POINT('',#4139);
#1777=VERTEX_POINT('',#4140);
#1778=VERTEX_POINT('',#4142);
#1779=VERTEX_POINT('',#4144);
#1780=VERTEX_POINT('',#4148);
#1781=VERTEX_POINT('',#4149);
#1782=VERTEX_POINT('',#4151);
#1783=VERTEX_POINT('',#4153);
#1784=VERTEX_POINT('',#4157);
#1785=VERTEX_POINT('',#4158);
#1786=VERTEX_POINT('',#4160);
#1787=VERTEX_POINT('',#4162);
#1788=VERTEX_POINT('',#4166);
#1789=VERTEX_POINT('',#4167);
#1790=VERTEX_POINT('',#4169);
#1791=VERTEX_POINT('',#4171);
#1792=VERTEX_POINT('',#4175);
#1793=VERTEX_POINT('',#4176);
#1794=VERTEX_POINT('',#4178);
#1795=VERTEX_POINT('',#4180);
#1796=VERTEX_POINT('',#4184);
#1797=VERTEX_POINT('',#4185);
#1798=VERTEX_POINT('',#4187);
#1799=VERTEX_POINT('',#4189);
#1800=VERTEX_POINT('',#4193);
#1801=VERTEX_POINT('',#4194);
#1802=VERTEX_POINT('',#4196);
#1803=VERTEX_POINT('',#4198);
#1804=VERTEX_POINT('',#4202);
#1805=VERTEX_POINT('',#4203);
#1806=VERTEX_POINT('',#4205);
#1807=VERTEX_POINT('',#4207);
#1808=VERTEX_POINT('',#4211);
#1809=VERTEX_POINT('',#4212);
#1810=VERTEX_POINT('',#4214);
#1811=VERTEX_POINT('',#4216);
#1812=VERTEX_POINT('',#4220);
#1813=VERTEX_POINT('',#4221);
#1814=VERTEX_POINT('',#4223);
#1815=VERTEX_POINT('',#4225);
#1816=VERTEX_POINT('',#4229);
#1817=VERTEX_POINT('',#4231);
#1818=VERTEX_POINT('',#4232);
#1819=VERTEX_POINT('',#4291);
#1820=VERTEX_POINT('',#4293);
#1821=VERTEX_POINT('',#4295);
#1822=VERTEX_POINT('',#4297);
#1823=VERTEX_POINT('',#4356);
#1824=VERTEX_POINT('',#4358);
#1825=VERTEX_POINT('',#4360);
#1826=VERTEX_POINT('',#4362);
#1827=VERTEX_POINT('',#4421);
#1828=VERTEX_POINT('',#4423);
#1829=VERTEX_POINT('',#4425);
#1830=VERTEX_POINT('',#4427);
#1831=VERTEX_POINT('',#4486);
#1832=VERTEX_POINT('',#4488);
#1833=VERTEX_POINT('',#4490);
#1834=VERTEX_POINT('',#4492);
#1835=VERTEX_POINT('',#4551);
#1836=VERTEX_POINT('',#4553);
#1837=VERTEX_POINT('',#4555);
#1838=VERTEX_POINT('',#4557);
#1839=VERTEX_POINT('',#4616);
#1840=VERTEX_POINT('',#4618);
#1841=VERTEX_POINT('',#4620);
#1842=VERTEX_POINT('',#4622);
#1843=VERTEX_POINT('',#4681);
#1844=VERTEX_POINT('',#4683);
#1845=VERTEX_POINT('',#4685);
#1846=VERTEX_POINT('',#4687);
#1847=VERTEX_POINT('',#4746);
#1848=VERTEX_POINT('',#4748);
#1849=VERTEX_POINT('',#4750);
#1850=VERTEX_POINT('',#4752);
#1851=VERTEX_POINT('',#4811);
#1852=VERTEX_POINT('',#4813);
#1853=VERTEX_POINT('',#4815);
#1854=VERTEX_POINT('',#4817);
#1855=VERTEX_POINT('',#4876);
#1856=VERTEX_POINT('',#4878);
#1857=VERTEX_POINT('',#4880);
#1858=VERTEX_POINT('',#4882);
#1859=VERTEX_POINT('',#4912);
#1860=VERTEX_POINT('',#4914);
#1861=VERTEX_POINT('',#4944);
#1862=VERTEX_POINT('',#4946);
#1863=VERTEX_POINT('',#4948);
#1864=VERTEX_POINT('',#4950);
#1865=VERTEX_POINT('',#5009);
#1866=VERTEX_POINT('',#5011);
#1867=VERTEX_POINT('',#5013);
#1868=VERTEX_POINT('',#5015);
#1869=VERTEX_POINT('',#5074);
#1870=VERTEX_POINT('',#5076);
#1871=VERTEX_POINT('',#5078);
#1872=VERTEX_POINT('',#5080);
#1873=VERTEX_POINT('',#5139);
#1874=VERTEX_POINT('',#5141);
#1875=VERTEX_POINT('',#5143);
#1876=VERTEX_POINT('',#5145);
#1877=VERTEX_POINT('',#5204);
#1878=VERTEX_POINT('',#5206);
#1879=VERTEX_POINT('',#5208);
#1880=VERTEX_POINT('',#5210);
#1881=VERTEX_POINT('',#5269);
#1882=VERTEX_POINT('',#5271);
#1883=VERTEX_POINT('',#5273);
#1884=VERTEX_POINT('',#5275);
#1885=VERTEX_POINT('',#5334);
#1886=VERTEX_POINT('',#5336);
#1887=VERTEX_POINT('',#5338);
#1888=VERTEX_POINT('',#5340);
#1889=VERTEX_POINT('',#5399);
#1890=VERTEX_POINT('',#5401);
#1891=VERTEX_POINT('',#5403);
#1892=VERTEX_POINT('',#5405);
#1893=VERTEX_POINT('',#5464);
#1894=VERTEX_POINT('',#5466);
#1895=VERTEX_POINT('',#5468);
#1896=VERTEX_POINT('',#5470);
#1897=VERTEX_POINT('',#5529);
#1898=VERTEX_POINT('',#5531);
#1899=VERTEX_POINT('',#5533);
#1900=VERTEX_POINT('',#5535);
#1901=VERTEX_POINT('',#5594);
#1902=VERTEX_POINT('',#5596);
#1903=VERTEX_POINT('',#5598);
#1904=VERTEX_POINT('',#5600);
#1905=VERTEX_POINT('',#5659);
#1906=VERTEX_POINT('',#5661);
#1907=VERTEX_POINT('',#5663);
#1908=VERTEX_POINT('',#5665);
#1909=VERTEX_POINT('',#5724);
#1910=VERTEX_POINT('',#5726);
#1911=VERTEX_POINT('',#5728);
#1912=VERTEX_POINT('',#5730);
#1913=VERTEX_POINT('',#5789);
#1914=VERTEX_POINT('',#5791);
#1915=VERTEX_POINT('',#5795);
#1916=VERTEX_POINT('',#5797);
#1917=VERTEX_POINT('',#5801);
#1918=VERTEX_POINT('',#5803);
#1919=VERTEX_POINT('',#5804);
#1920=VERTEX_POINT('',#5863);
#1921=VERTEX_POINT('',#5865);
#1922=VERTEX_POINT('',#5867);
#1923=VERTEX_POINT('',#5869);
#1924=VERTEX_POINT('',#5928);
#1925=VERTEX_POINT('',#5930);
#1926=VERTEX_POINT('',#5932);
#1927=VERTEX_POINT('',#5934);
#1928=VERTEX_POINT('',#5993);
#1929=VERTEX_POINT('',#5995);
#1930=VERTEX_POINT('',#5997);
#1931=VERTEX_POINT('',#5999);
#1932=VERTEX_POINT('',#6058);
#1933=VERTEX_POINT('',#6060);
#1934=VERTEX_POINT('',#6062);
#1935=VERTEX_POINT('',#6064);
#1936=VERTEX_POINT('',#6123);
#1937=VERTEX_POINT('',#6125);
#1938=VERTEX_POINT('',#6127);
#1939=VERTEX_POINT('',#6129);
#1940=VERTEX_POINT('',#6188);
#1941=VERTEX_POINT('',#6190);
#1942=VERTEX_POINT('',#6192);
#1943=VERTEX_POINT('',#6194);
#1944=VERTEX_POINT('',#6253);
#1945=VERTEX_POINT('',#6255);
#1946=VERTEX_POINT('',#6257);
#1947=VERTEX_POINT('',#6259);
#1948=VERTEX_POINT('',#6318);
#1949=VERTEX_POINT('',#6320);
#1950=VERTEX_POINT('',#6322);
#1951=VERTEX_POINT('',#6324);
#1952=VERTEX_POINT('',#6383);
#1953=VERTEX_POINT('',#6385);
#1954=VERTEX_POINT('',#6387);
#1955=VERTEX_POINT('',#6389);
#1956=VERTEX_POINT('',#6448);
#1957=VERTEX_POINT('',#6450);
#1958=VERTEX_POINT('',#6452);
#1959=VERTEX_POINT('',#6454);
#1960=VERTEX_POINT('',#6513);
#1961=VERTEX_POINT('',#6515);
#1962=VERTEX_POINT('',#6517);
#1963=VERTEX_POINT('',#6519);
#1964=VERTEX_POINT('',#6578);
#1965=VERTEX_POINT('',#6580);
#1966=VERTEX_POINT('',#6582);
#1967=VERTEX_POINT('',#6584);
#1968=VERTEX_POINT('',#6643);
#1969=VERTEX_POINT('',#6645);
#1970=VERTEX_POINT('',#6647);
#1971=VERTEX_POINT('',#6649);
#1972=VERTEX_POINT('',#6708);
#1973=VERTEX_POINT('',#6710);
#1974=VERTEX_POINT('',#6712);
#1975=VERTEX_POINT('',#6714);
#1976=VERTEX_POINT('',#6773);
#1977=VERTEX_POINT('',#6775);
#1978=VERTEX_POINT('',#6777);
#1979=VERTEX_POINT('',#6779);
#1980=VERTEX_POINT('',#6838);
#1981=VERTEX_POINT('',#6840);
#1982=VERTEX_POINT('',#6842);
#1983=VERTEX_POINT('',#6844);
#1984=VERTEX_POINT('',#6903);
#1985=VERTEX_POINT('',#6905);
#1986=VERTEX_POINT('',#6907);
#1987=VERTEX_POINT('',#6909);
#1988=VERTEX_POINT('',#6968);
#1989=VERTEX_POINT('',#6970);
#1990=VERTEX_POINT('',#6972);
#1991=VERTEX_POINT('',#6974);
#1992=VERTEX_POINT('',#7033);
#1993=VERTEX_POINT('',#7035);
#1994=VERTEX_POINT('',#7037);
#1995=VERTEX_POINT('',#7039);
#1996=VERTEX_POINT('',#7098);
#1997=VERTEX_POINT('',#7100);
#1998=VERTEX_POINT('',#7102);
#1999=VERTEX_POINT('',#7104);
#2000=VERTEX_POINT('',#7163);
#2001=VERTEX_POINT('',#7165);
#2002=VERTEX_POINT('',#7167);
#2003=VERTEX_POINT('',#7169);
#2004=VERTEX_POINT('',#7228);
#2005=VERTEX_POINT('',#7230);
#2006=VERTEX_POINT('',#7232);
#2007=VERTEX_POINT('',#7234);
#2008=VERTEX_POINT('',#7293);
#2009=VERTEX_POINT('',#7295);
#2010=VERTEX_POINT('',#7297);
#2011=VERTEX_POINT('',#7299);
#2012=VERTEX_POINT('',#7358);
#2013=VERTEX_POINT('',#7360);
#2014=VERTEX_POINT('',#8684);
#2015=VERTEX_POINT('',#8687);
#2016=VERTEX_POINT('',#8688);
#2017=VERTEX_POINT('',#8690);
#2018=VERTEX_POINT('',#8692);
#2019=VERTEX_POINT('',#8694);
#2020=VERTEX_POINT('',#8696);
#2021=VERTEX_POINT('',#8700);
#2022=VERTEX_POINT('',#8703);
#2023=VERTEX_POINT('',#8704);
#2024=VERTEX_POINT('',#8706);
#2025=VERTEX_POINT('',#8708);
#2026=VERTEX_POINT('',#8710);
#2027=VERTEX_POINT('',#8712);
#2028=LINE('',#4021,#2190);
#2029=LINE('',#4026,#2191);
#2030=LINE('',#4033,#2192);
#2031=LINE('',#4037,#2193);
#2032=LINE('',#4039,#2194);
#2033=LINE('',#4044,#2195);
#2034=LINE('',#4051,#2196);
#2035=LINE('',#4055,#2197);
#2036=LINE('',#4057,#2198);
#2037=LINE('',#4062,#2199);
#2038=LINE('',#4066,#2200);
#2039=LINE('',#4071,#2201);
#2040=LINE('',#4075,#2202);
#2041=LINE('',#4080,#2203);
#2042=LINE('',#4087,#2204);
#2043=LINE('',#4091,#2205);
#2044=LINE('',#4093,#2206);
#2045=LINE('',#4098,#2207);
#2046=LINE('',#4102,#2208);
#2047=LINE('',#4107,#2209);
#2048=LINE('',#4111,#2210);
#2049=LINE('',#4116,#2211);
#2050=LINE('',#4120,#2212);
#2051=LINE('',#4125,#2213);
#2052=LINE('',#4129,#2214);
#2053=LINE('',#4134,#2215);
#2054=LINE('',#4141,#2216);
#2055=LINE('',#4145,#2217);
#2056=LINE('',#4147,#2218);
#2057=LINE('',#4152,#2219);
#2058=LINE('',#4159,#2220);
#2059=LINE('',#4163,#2221);
#2060=LINE('',#4165,#2222);
#2061=LINE('',#4170,#2223);
#2062=LINE('',#4174,#2224);
#2063=LINE('',#4179,#2225);
#2064=LINE('',#4186,#2226);
#2065=LINE('',#4190,#2227);
#2066=LINE('',#4192,#2228);
#2067=LINE('',#4197,#2229);
#2068=LINE('',#4201,#2230);
#2069=LINE('',#4206,#2231);
#2070=LINE('',#4210,#2232);
#2071=LINE('',#4215,#2233);
#2072=LINE('',#4222,#2234);
#2073=LINE('',#4226,#2235);
#2074=LINE('',#5794,#2236);
#2075=LINE('',#5798,#2237);
#2076=LINE('',#7386,#2238);
#2077=LINE('',#7411,#2239);
#2078=LINE('',#7413,#2240);
#2079=LINE('',#7414,#2241);
#2080=LINE('',#7441,#2242);
#2081=LINE('',#7466,#2243);
#2082=LINE('',#7468,#2244);
#2083=LINE('',#7469,#2245);
#2084=LINE('',#7496,#2246);
#2085=LINE('',#7521,#2247);
#2086=LINE('',#7523,#2248);
#2087=LINE('',#7524,#2249);
#2088=LINE('',#7551,#2250);
#2089=LINE('',#7576,#2251);
#2090=LINE('',#7578,#2252);
#2091=LINE('',#7579,#2253);
#2092=LINE('',#7606,#2254);
#2093=LINE('',#7631,#2255);
#2094=LINE('',#7633,#2256);
#2095=LINE('',#7634,#2257);
#2096=LINE('',#7661,#2258);
#2097=LINE('',#7686,#2259);
#2098=LINE('',#7688,#2260);
#2099=LINE('',#7689,#2261);
#2100=LINE('',#7716,#2262);
#2101=LINE('',#7741,#2263);
#2102=LINE('',#7743,#2264);
#2103=LINE('',#7744,#2265);
#2104=LINE('',#7771,#2266);
#2105=LINE('',#7796,#2267);
#2106=LINE('',#7798,#2268);
#2107=LINE('',#7799,#2269);
#2108=LINE('',#7826,#2270);
#2109=LINE('',#7851,#2271);
#2110=LINE('',#7853,#2272);
#2111=LINE('',#7854,#2273);
#2112=LINE('',#7881,#2274);
#2113=LINE('',#7906,#2275);
#2114=LINE('',#7908,#2276);
#2115=LINE('',#7909,#2277);
#2116=LINE('',#7936,#2278);
#2117=LINE('',#7961,#2279);
#2118=LINE('',#7963,#2280);
#2119=LINE('',#7964,#2281);
#2120=LINE('',#7991,#2282);
#2121=LINE('',#8016,#2283);
#2122=LINE('',#8018,#2284);
#2123=LINE('',#8019,#2285);
#2124=LINE('',#8046,#2286);
#2125=LINE('',#8071,#2287);
#2126=LINE('',#8073,#2288);
#2127=LINE('',#8074,#2289);
#2128=LINE('',#8101,#2290);
#2129=LINE('',#8126,#2291);
#2130=LINE('',#8128,#2292);
#2131=LINE('',#8129,#2293);
#2132=LINE('',#8156,#2294);
#2133=LINE('',#8181,#2295);
#2134=LINE('',#8183,#2296);
#2135=LINE('',#8184,#2297);
#2136=LINE('',#8211,#2298);
#2137=LINE('',#8236,#2299);
#2138=LINE('',#8238,#2300);
#2139=LINE('',#8239,#2301);
#2140=LINE('',#8266,#2302);
#2141=LINE('',#8291,#2303);
#2142=LINE('',#8293,#2304);
#2143=LINE('',#8294,#2305);
#2144=LINE('',#8321,#2306);
#2145=LINE('',#8346,#2307);
#2146=LINE('',#8348,#2308);
#2147=LINE('',#8349,#2309);
#2148=LINE('',#8376,#2310);
#2149=LINE('',#8401,#2311);
#2150=LINE('',#8403,#2312);
#2151=LINE('',#8404,#2313);
#2152=LINE('',#8431,#2314);
#2153=LINE('',#8456,#2315);
#2154=LINE('',#8458,#2316);
#2155=LINE('',#8459,#2317);
#2156=LINE('',#8486,#2318);
#2157=LINE('',#8511,#2319);
#2158=LINE('',#8513,#2320);
#2159=LINE('',#8514,#2321);
#2160=LINE('',#8541,#2322);
#2161=LINE('',#8566,#2323);
#2162=LINE('',#8568,#2324);
#2163=LINE('',#8569,#2325);
#2164=LINE('',#8596,#2326);
#2165=LINE('',#8621,#2327);
#2166=LINE('',#8623,#2328);
#2167=LINE('',#8624,#2329);
#2168=LINE('',#8651,#2330);
#2169=LINE('',#8676,#2331);
#2170=LINE('',#8678,#2332);
#2171=LINE('',#8679,#2333);
#2172=LINE('',#8686,#2334);
#2173=LINE('',#8689,#2335);
#2174=LINE('',#8691,#2336);
#2175=LINE('',#8693,#2337);
#2176=LINE('',#8695,#2338);
#2177=LINE('',#8697,#2339);
#2178=LINE('',#8702,#2340);
#2179=LINE('',#8705,#2341);
#2180=LINE('',#8707,#2342);
#2181=LINE('',#8709,#2343);
#2182=LINE('',#8711,#2344);
#2183=LINE('',#8713,#2345);
#2184=LINE('',#8715,#2346);
#2185=LINE('',#8716,#2347);
#2186=LINE('',#8718,#2348);
#2187=LINE('',#8720,#2349);
#2188=LINE('',#8722,#2350);
#2189=LINE('',#8724,#2351);
#2190=VECTOR('',#3251,100.);
#2191=VECTOR('',#3254,100.);
#2192=VECTOR('',#3261,100.);
#2193=VECTOR('',#3264,100.);
#2194=VECTOR('',#3267,100.);
#2195=VECTOR('',#3270,100.);
#2196=VECTOR('',#3277,100.);
#2197=VECTOR('',#3280,100.);
#2198=VECTOR('',#3283,100.);
#2199=VECTOR('',#3286,100.);
#2200=VECTOR('',#3291,100.);
#2201=VECTOR('',#3294,100.);
#2202=VECTOR('',#3299,100.);
#2203=VECTOR('',#3302,100.);
#2204=VECTOR('',#3309,100.);
#2205=VECTOR('',#3312,100.);
#2206=VECTOR('',#3315,100.);
#2207=VECTOR('',#3318,100.);
#2208=VECTOR('',#3323,100.);
#2209=VECTOR('',#3326,100.);
#2210=VECTOR('',#3331,100.);
#2211=VECTOR('',#3334,100.);
#2212=VECTOR('',#3339,100.);
#2213=VECTOR('',#3342,100.);
#2214=VECTOR('',#3347,100.);
#2215=VECTOR('',#3350,100.);
#2216=VECTOR('',#3357,100.);
#2217=VECTOR('',#3360,100.);
#2218=VECTOR('',#3363,100.);
#2219=VECTOR('',#3366,100.);
#2220=VECTOR('',#3373,100.);
#2221=VECTOR('',#3376,100.);
#2222=VECTOR('',#3379,100.);
#2223=VECTOR('',#3382,100.);
#2224=VECTOR('',#3387,100.);
#2225=VECTOR('',#3390,100.);
#2226=VECTOR('',#3397,100.);
#2227=VECTOR('',#3400,100.);
#2228=VECTOR('',#3403,100.);
#2229=VECTOR('',#3406,100.);
#2230=VECTOR('',#3411,100.);
#2231=VECTOR('',#3414,100.);
#2232=VECTOR('',#3419,100.);
#2233=VECTOR('',#3422,100.);
#2234=VECTOR('',#3429,100.);
#2235=VECTOR('',#3432,100.);
#2236=VECTOR('',#3585,100.);
#2237=VECTOR('',#3588,100.);
#2238=VECTOR('',#3737,100.);
#2239=VECTOR('',#3738,100.);
#2240=VECTOR('',#3741,100.);
#2241=VECTOR('',#3742,100.);
#2242=VECTOR('',#3747,100.);
#2243=VECTOR('',#3748,100.);
#2244=VECTOR('',#3751,100.);
#2245=VECTOR('',#3752,100.);
#2246=VECTOR('',#3757,100.);
#2247=VECTOR('',#3758,100.);
#2248=VECTOR('',#3761,100.);
#2249=VECTOR('',#3762,100.);
#2250=VECTOR('',#3767,100.);
#2251=VECTOR('',#3768,100.);
#2252=VECTOR('',#3771,100.);
#2253=VECTOR('',#3772,100.);
#2254=VECTOR('',#3777,100.);
#2255=VECTOR('',#3778,100.);
#2256=VECTOR('',#3781,100.);
#2257=VECTOR('',#3782,100.);
#2258=VECTOR('',#3787,100.);
#2259=VECTOR('',#3788,100.);
#2260=VECTOR('',#3791,100.);
#2261=VECTOR('',#3792,100.);
#2262=VECTOR('',#3797,100.);
#2263=VECTOR('',#3798,100.);
#2264=VECTOR('',#3801,100.);
#2265=VECTOR('',#3802,100.);
#2266=VECTOR('',#3807,100.);
#2267=VECTOR('',#3808,100.);
#2268=VECTOR('',#3811,100.);
#2269=VECTOR('',#3812,100.);
#2270=VECTOR('',#3817,100.);
#2271=VECTOR('',#3818,100.);
#2272=VECTOR('',#3821,100.);
#2273=VECTOR('',#3822,100.);
#2274=VECTOR('',#3827,100.);
#2275=VECTOR('',#3828,100.);
#2276=VECTOR('',#3831,100.);
#2277=VECTOR('',#3832,100.);
#2278=VECTOR('',#3837,100.);
#2279=VECTOR('',#3838,100.);
#2280=VECTOR('',#3841,100.);
#2281=VECTOR('',#3842,100.);
#2282=VECTOR('',#3847,100.);
#2283=VECTOR('',#3848,100.);
#2284=VECTOR('',#3851,100.);
#2285=VECTOR('',#3852,100.);
#2286=VECTOR('',#3857,100.);
#2287=VECTOR('',#3858,100.);
#2288=VECTOR('',#3861,100.);
#2289=VECTOR('',#3862,100.);
#2290=VECTOR('',#3867,100.);
#2291=VECTOR('',#3868,100.);
#2292=VECTOR('',#3871,100.);
#2293=VECTOR('',#3872,100.);
#2294=VECTOR('',#3877,100.);
#2295=VECTOR('',#3878,100.);
#2296=VECTOR('',#3881,100.);
#2297=VECTOR('',#3882,100.);
#2298=VECTOR('',#3887,100.);
#2299=VECTOR('',#3888,100.);
#2300=VECTOR('',#3891,100.);
#2301=VECTOR('',#3892,100.);
#2302=VECTOR('',#3897,100.);
#2303=VECTOR('',#3898,100.);
#2304=VECTOR('',#3901,100.);
#2305=VECTOR('',#3902,100.);
#2306=VECTOR('',#3907,100.);
#2307=VECTOR('',#3908,100.);
#2308=VECTOR('',#3911,100.);
#2309=VECTOR('',#3912,100.);
#2310=VECTOR('',#3917,100.);
#2311=VECTOR('',#3918,100.);
#2312=VECTOR('',#3921,100.);
#2313=VECTOR('',#3922,100.);
#2314=VECTOR('',#3927,100.);
#2315=VECTOR('',#3928,100.);
#2316=VECTOR('',#3931,100.);
#2317=VECTOR('',#3932,100.);
#2318=VECTOR('',#3937,100.);
#2319=VECTOR('',#3938,100.);
#2320=VECTOR('',#3941,100.);
#2321=VECTOR('',#3942,100.);
#2322=VECTOR('',#3947,100.);
#2323=VECTOR('',#3948,100.);
#2324=VECTOR('',#3951,100.);
#2325=VECTOR('',#3952,100.);
#2326=VECTOR('',#3957,100.);
#2327=VECTOR('',#3958,100.);
#2328=VECTOR('',#3961,100.);
#2329=VECTOR('',#3962,100.);
#2330=VECTOR('',#3967,100.);
#2331=VECTOR('',#3968,100.);
#2332=VECTOR('',#3971,100.);
#2333=VECTOR('',#3972,100.);
#2334=VECTOR('',#3983,100.);
#2335=VECTOR('',#3984,100.);
#2336=VECTOR('',#3985,100.);
#2337=VECTOR('',#3986,100.);
#2338=VECTOR('',#3987,100.);
#2339=VECTOR('',#3988,100.);
#2340=VECTOR('',#3995,100.);
#2341=VECTOR('',#3996,100.);
#2342=VECTOR('',#3997,100.);
#2343=VECTOR('',#3998,100.);
#2344=VECTOR('',#3999,100.);
#2345=VECTOR('',#4000,100.);
#2346=VECTOR('',#4003,100.);
#2347=VECTOR('',#4004,100.);
#2348=VECTOR('',#4007,100.);
#2349=VECTOR('',#4010,100.);
#2350=VECTOR('',#4013,100.);
#2351=VECTOR('',#4016,100.);
#2352=EDGE_LOOP('',(#362,#363,#364,#365));
#2353=EDGE_LOOP('',(#366,#367,#368,#369));
#2354=EDGE_LOOP('',(#370,#371,#372,#373));
#2355=EDGE_LOOP('',(#374,#375,#376,#377));
#2356=EDGE_LOOP('',(#378,#379,#380,#381));
#2357=EDGE_LOOP('',(#382,#383,#384,#385));
#2358=EDGE_LOOP('',(#386,#387,#388,#389));
#2359=EDGE_LOOP('',(#390,#391,#392,#393));
#2360=EDGE_LOOP('',(#394,#395,#396,#397));
#2361=EDGE_LOOP('',(#398,#399,#400,#401));
#2362=EDGE_LOOP('',(#402,#403,#404,#405));
#2363=EDGE_LOOP('',(#406,#407,#408,#409));
#2364=EDGE_LOOP('',(#410,#411,#412,#413));
#2365=EDGE_LOOP('',(#414,#415,#416,#417));
#2366=EDGE_LOOP('',(#418,#419,#420,#421));
#2367=EDGE_LOOP('',(#422,#423,#424,#425));
#2368=EDGE_LOOP('',(#426,#427,#428,#429));
#2369=EDGE_LOOP('',(#430,#431,#432,#433));
#2370=EDGE_LOOP('',(#434,#435,#436,#437));
#2371=EDGE_LOOP('',(#438,#439,#440,#441));
#2372=EDGE_LOOP('',(#442,#443,#444,#445));
#2373=EDGE_LOOP('',(#446,#447,#448,#449));
#2374=EDGE_LOOP('',(#450,#451,#452,#453));
#2375=EDGE_LOOP('',(#454));
#2376=EDGE_LOOP('',(#455,#456,#457,#458,#459,#460,#461,#462,#463,#464,#465,
#466,#467,#468,#469,#470,#471,#472,#473,#474,#475,#476,#477,#478,#479,#480,
#481,#482,#483,#484,#485,#486,#487,#488,#489,#490,#491,#492,#493,#494,#495,
#496,#497,#498,#499,#500,#501,#502,#503,#504,#505,#506,#507,#508,#509,#510,
#511,#512,#513,#514,#515,#516,#517,#518,#519,#520,#521,#522,#523,#524,#525,
#526,#527,#528,#529,#530,#531,#532,#533,#534,#535,#536,#537,#538,#539,#540,
#541,#542,#543,#544,#545,#546,#547,#548,#549,#550,#551,#552,#553,#554,#555,
#556,#557,#558,#559,#560,#561,#562,#563,#564,#565,#566,#567,#568,#569,#570,
#571,#572,#573,#574,#575,#576,#577,#578,#579,#580,#581,#582,#583,#584,#585,
#586,#587,#588,#589,#590,#591,#592,#593,#594,#595,#596,#597,#598));
#2377=EDGE_LOOP('',(#599,#600,#601,#602));
#2378=EDGE_LOOP('',(#603));
#2379=EDGE_LOOP('',(#604,#605,#606,#607,#608,#609,#610,#611,#612,#613,#614,
#615,#616,#617,#618,#619,#620,#621,#622,#623,#624,#625,#626,#627,#628,#629,
#630,#631,#632,#633,#634,#635,#636,#637,#638,#639,#640,#641,#642,#643,#644,
#645,#646,#647,#648,#649,#650,#651,#652,#653,#654,#655,#656,#657,#658,#659,
#660,#661,#662,#663,#664,#665,#666,#667,#668,#669,#670,#671,#672,#673,#674,
#675,#676,#677,#678,#679,#680,#681,#682,#683,#684,#685,#686,#687,#688,#689,
#690,#691,#692,#693,#694,#695,#696,#697,#698,#699,#700,#701,#702,#703,#704,
#705,#706,#707,#708,#709,#710,#711,#712,#713,#714,#715,#716,#717,#718,#719,
#720,#721,#722,#723,#724,#725,#726,#727,#728,#729,#730,#731,#732,#733,#734,
#735,#736,#737,#738,#739,#740,#741,#742,#743,#744,#745,#746,#747));
#2380=EDGE_LOOP('',(#748,#749,#750,#751));
#2381=EDGE_LOOP('',(#752,#753,#754,#755));
#2382=EDGE_LOOP('',(#756,#757,#758,#759));
#2383=EDGE_LOOP('',(#760,#761,#762,#763));
#2384=EDGE_LOOP('',(#764,#765,#766,#767));
#2385=EDGE_LOOP('',(#768,#769,#770,#771));
#2386=EDGE_LOOP('',(#772,#773,#774,#775));
#2387=EDGE_LOOP('',(#776,#777,#778,#779));
#2388=EDGE_LOOP('',(#780,#781,#782,#783));
#2389=EDGE_LOOP('',(#784,#785,#786,#787));
#2390=EDGE_LOOP('',(#788,#789,#790,#791));
#2391=EDGE_LOOP('',(#792,#793,#794,#795));
#2392=EDGE_LOOP('',(#796,#797,#798,#799));
#2393=EDGE_LOOP('',(#800,#801,#802,#803));
#2394=EDGE_LOOP('',(#804,#805,#806,#807));
#2395=EDGE_LOOP('',(#808,#809,#810,#811));
#2396=EDGE_LOOP('',(#812,#813,#814,#815));
#2397=EDGE_LOOP('',(#816,#817,#818,#819));
#2398=EDGE_LOOP('',(#820,#821,#822,#823));
#2399=EDGE_LOOP('',(#824,#825,#826,#827));
#2400=EDGE_LOOP('',(#828,#829,#830,#831));
#2401=EDGE_LOOP('',(#832,#833,#834,#835));
#2402=EDGE_LOOP('',(#836,#837,#838,#839));
#2403=EDGE_LOOP('',(#840,#841,#842,#843));
#2404=EDGE_LOOP('',(#844,#845,#846,#847));
#2405=EDGE_LOOP('',(#848,#849,#850,#851));
#2406=EDGE_LOOP('',(#852,#853,#854,#855));
#2407=EDGE_LOOP('',(#856,#857,#858,#859));
#2408=EDGE_LOOP('',(#860,#861,#862,#863));
#2409=EDGE_LOOP('',(#864,#865,#866,#867));
#2410=EDGE_LOOP('',(#868,#869,#870,#871));
#2411=EDGE_LOOP('',(#872,#873,#874,#875));
#2412=EDGE_LOOP('',(#876,#877,#878,#879));
#2413=EDGE_LOOP('',(#880,#881,#882,#883));
#2414=EDGE_LOOP('',(#884,#885,#886,#887));
#2415=EDGE_LOOP('',(#888,#889,#890,#891));
#2416=EDGE_LOOP('',(#892,#893,#894,#895));
#2417=EDGE_LOOP('',(#896,#897,#898,#899));
#2418=EDGE_LOOP('',(#900,#901,#902,#903));
#2419=EDGE_LOOP('',(#904,#905,#906,#907));
#2420=EDGE_LOOP('',(#908,#909,#910,#911));
#2421=EDGE_LOOP('',(#912,#913,#914,#915));
#2422=EDGE_LOOP('',(#916,#917,#918,#919));
#2423=EDGE_LOOP('',(#920,#921,#922,#923));
#2424=EDGE_LOOP('',(#924,#925,#926,#927));
#2425=EDGE_LOOP('',(#928,#929,#930,#931));
#2426=EDGE_LOOP('',(#932,#933,#934,#935));
#2427=EDGE_LOOP('',(#936,#937,#938,#939));
#2428=EDGE_LOOP('',(#940,#941,#942,#943));
#2429=EDGE_LOOP('',(#944,#945,#946,#947));
#2430=EDGE_LOOP('',(#948,#949,#950,#951));
#2431=EDGE_LOOP('',(#952,#953,#954,#955));
#2432=EDGE_LOOP('',(#956,#957,#958,#959));
#2433=EDGE_LOOP('',(#960,#961,#962,#963));
#2434=EDGE_LOOP('',(#964,#965,#966,#967));
#2435=EDGE_LOOP('',(#968,#969,#970,#971));
#2436=EDGE_LOOP('',(#972,#973,#974,#975));
#2437=EDGE_LOOP('',(#976,#977,#978,#979));
#2438=EDGE_LOOP('',(#980,#981,#982,#983));
#2439=EDGE_LOOP('',(#984,#985,#986,#987));
#2440=EDGE_LOOP('',(#988,#989,#990,#991));
#2441=EDGE_LOOP('',(#992,#993,#994,#995));
#2442=EDGE_LOOP('',(#996,#997,#998,#999));
#2443=EDGE_LOOP('',(#1000,#1001,#1002,#1003));
#2444=EDGE_LOOP('',(#1004,#1005,#1006,#1007));
#2445=EDGE_LOOP('',(#1008,#1009,#1010,#1011));
#2446=EDGE_LOOP('',(#1012,#1013,#1014,#1015));
#2447=EDGE_LOOP('',(#1016,#1017,#1018,#1019));
#2448=EDGE_LOOP('',(#1020,#1021,#1022,#1023));
#2449=EDGE_LOOP('',(#1024,#1025,#1026,#1027));
#2450=EDGE_LOOP('',(#1028,#1029,#1030,#1031));
#2451=EDGE_LOOP('',(#1032,#1033,#1034,#1035));
#2452=EDGE_LOOP('',(#1036,#1037,#1038,#1039));
#2453=EDGE_LOOP('',(#1040,#1041,#1042,#1043));
#2454=EDGE_LOOP('',(#1044,#1045,#1046,#1047));
#2455=EDGE_LOOP('',(#1048,#1049,#1050,#1051));
#2456=EDGE_LOOP('',(#1052,#1053,#1054,#1055));
#2457=EDGE_LOOP('',(#1056,#1057,#1058,#1059));
#2458=EDGE_LOOP('',(#1060,#1061,#1062,#1063));
#2459=EDGE_LOOP('',(#1064,#1065,#1066,#1067));
#2460=EDGE_LOOP('',(#1068,#1069,#1070,#1071));
#2461=EDGE_LOOP('',(#1072,#1073,#1074,#1075));
#2462=EDGE_LOOP('',(#1076,#1077,#1078,#1079));
#2463=EDGE_LOOP('',(#1080,#1081,#1082,#1083));
#2464=EDGE_LOOP('',(#1084,#1085,#1086,#1087));
#2465=EDGE_LOOP('',(#1088,#1089,#1090,#1091));
#2466=EDGE_LOOP('',(#1092,#1093,#1094,#1095));
#2467=EDGE_LOOP('',(#1096,#1097,#1098,#1099));
#2468=EDGE_LOOP('',(#1100,#1101,#1102,#1103));
#2469=EDGE_LOOP('',(#1104,#1105,#1106,#1107));
#2470=EDGE_LOOP('',(#1108,#1109,#1110,#1111));
#2471=EDGE_LOOP('',(#1112,#1113,#1114,#1115));
#2472=EDGE_LOOP('',(#1116,#1117,#1118,#1119));
#2473=EDGE_LOOP('',(#1120,#1121,#1122,#1123));
#2474=EDGE_LOOP('',(#1124,#1125,#1126,#1127));
#2475=EDGE_LOOP('',(#1128,#1129,#1130,#1131));
#2476=EDGE_LOOP('',(#1132,#1133,#1134,#1135));
#2477=EDGE_LOOP('',(#1136,#1137,#1138,#1139));
#2478=EDGE_LOOP('',(#1140,#1141,#1142,#1143));
#2479=EDGE_LOOP('',(#1144,#1145,#1146,#1147));
#2480=EDGE_LOOP('',(#1148,#1149,#1150,#1151));
#2481=EDGE_LOOP('',(#1152,#1153,#1154,#1155));
#2482=EDGE_LOOP('',(#1156,#1157,#1158,#1159));
#2483=EDGE_LOOP('',(#1160,#1161,#1162,#1163));
#2484=EDGE_LOOP('',(#1164,#1165,#1166,#1167));
#2485=EDGE_LOOP('',(#1168,#1169,#1170,#1171));
#2486=EDGE_LOOP('',(#1172,#1173,#1174,#1175));
#2487=EDGE_LOOP('',(#1176,#1177,#1178,#1179));
#2488=EDGE_LOOP('',(#1180,#1181,#1182,#1183));
#2489=EDGE_LOOP('',(#1184,#1185,#1186,#1187));
#2490=EDGE_LOOP('',(#1188,#1189,#1190,#1191));
#2491=EDGE_LOOP('',(#1192,#1193,#1194,#1195));
#2492=EDGE_LOOP('',(#1196,#1197,#1198,#1199));
#2493=EDGE_LOOP('',(#1200,#1201,#1202,#1203));
#2494=EDGE_LOOP('',(#1204,#1205,#1206,#1207));
#2495=EDGE_LOOP('',(#1208,#1209,#1210,#1211));
#2496=EDGE_LOOP('',(#1212,#1213,#1214,#1215));
#2497=EDGE_LOOP('',(#1216,#1217,#1218,#1219));
#2498=EDGE_LOOP('',(#1220,#1221,#1222,#1223));
#2499=EDGE_LOOP('',(#1224,#1225,#1226,#1227));
#2500=EDGE_LOOP('',(#1228));
#2501=EDGE_LOOP('',(#1229));
#2502=EDGE_LOOP('',(#1230,#1231,#1232,#1233,#1234,#1235));
#2503=EDGE_LOOP('',(#1236));
#2504=EDGE_LOOP('',(#1237));
#2505=EDGE_LOOP('',(#1238));
#2506=EDGE_LOOP('',(#1239,#1240,#1241,#1242,#1243,#1244));
#2507=EDGE_LOOP('',(#1245));
#2508=EDGE_LOOP('',(#1246,#1247,#1248,#1249));
#2509=EDGE_LOOP('',(#1250,#1251,#1252,#1253));
#2510=EDGE_LOOP('',(#1254,#1255,#1256,#1257));
#2511=EDGE_LOOP('',(#1258,#1259,#1260,#1261));
#2512=EDGE_LOOP('',(#1262,#1263,#1264,#1265));
#2513=EDGE_LOOP('',(#1266,#1267,#1268,#1269));
#2514=FACE_BOUND('',#2352,.T.);
#2515=FACE_BOUND('',#2353,.T.);
#2516=FACE_BOUND('',#2354,.T.);
#2517=FACE_BOUND('',#2355,.T.);
#2518=FACE_BOUND('',#2356,.T.);
#2519=FACE_BOUND('',#2357,.T.);
#2520=FACE_BOUND('',#2358,.T.);
#2521=FACE_BOUND('',#2359,.T.);
#2522=FACE_BOUND('',#2360,.T.);
#2523=FACE_BOUND('',#2361,.T.);
#2524=FACE_BOUND('',#2362,.T.);
#2525=FACE_BOUND('',#2363,.T.);
#2526=FACE_BOUND('',#2364,.T.);
#2527=FACE_BOUND('',#2365,.T.);
#2528=FACE_BOUND('',#2366,.T.);
#2529=FACE_BOUND('',#2367,.T.);
#2530=FACE_BOUND('',#2368,.T.);
#2531=FACE_BOUND('',#2369,.T.);
#2532=FACE_BOUND('',#2370,.T.);
#2533=FACE_BOUND('',#2371,.T.);
#2534=FACE_BOUND('',#2372,.T.);
#2535=FACE_BOUND('',#2373,.T.);
#2536=FACE_BOUND('',#2374,.T.);
#2537=FACE_BOUND('',#2375,.T.);
#2538=FACE_BOUND('',#2376,.T.);
#2539=FACE_BOUND('',#2377,.T.);
#2540=FACE_BOUND('',#2378,.T.);
#2541=FACE_BOUND('',#2379,.T.);
#2542=FACE_BOUND('',#2380,.T.);
#2543=FACE_BOUND('',#2381,.T.);
#2544=FACE_BOUND('',#2382,.T.);
#2545=FACE_BOUND('',#2383,.T.);
#2546=FACE_BOUND('',#2384,.T.);
#2547=FACE_BOUND('',#2385,.T.);
#2548=FACE_BOUND('',#2386,.T.);
#2549=FACE_BOUND('',#2387,.T.);
#2550=FACE_BOUND('',#2388,.T.);
#2551=FACE_BOUND('',#2389,.T.);
#2552=FACE_BOUND('',#2390,.T.);
#2553=FACE_BOUND('',#2391,.T.);
#2554=FACE_BOUND('',#2392,.T.);
#2555=FACE_BOUND('',#2393,.T.);
#2556=FACE_BOUND('',#2394,.T.);
#2557=FACE_BOUND('',#2395,.T.);
#2558=FACE_BOUND('',#2396,.T.);
#2559=FACE_BOUND('',#2397,.T.);
#2560=FACE_BOUND('',#2398,.T.);
#2561=FACE_BOUND('',#2399,.T.);
#2562=FACE_BOUND('',#2400,.T.);
#2563=FACE_BOUND('',#2401,.T.);
#2564=FACE_BOUND('',#2402,.T.);
#2565=FACE_BOUND('',#2403,.T.);
#2566=FACE_BOUND('',#2404,.T.);
#2567=FACE_BOUND('',#2405,.T.);
#2568=FACE_BOUND('',#2406,.T.);
#2569=FACE_BOUND('',#2407,.T.);
#2570=FACE_BOUND('',#2408,.T.);
#2571=FACE_BOUND('',#2409,.T.);
#2572=FACE_BOUND('',#2410,.T.);
#2573=FACE_BOUND('',#2411,.T.);
#2574=FACE_BOUND('',#2412,.T.);
#2575=FACE_BOUND('',#2413,.T.);
#2576=FACE_BOUND('',#2414,.T.);
#2577=FACE_BOUND('',#2415,.T.);
#2578=FACE_BOUND('',#2416,.T.);
#2579=FACE_BOUND('',#2417,.T.);
#2580=FACE_BOUND('',#2418,.T.);
#2581=FACE_BOUND('',#2419,.T.);
#2582=FACE_BOUND('',#2420,.T.);
#2583=FACE_BOUND('',#2421,.T.);
#2584=FACE_BOUND('',#2422,.T.);
#2585=FACE_BOUND('',#2423,.T.);
#2586=FACE_BOUND('',#2424,.T.);
#2587=FACE_BOUND('',#2425,.T.);
#2588=FACE_BOUND('',#2426,.T.);
#2589=FACE_BOUND('',#2427,.T.);
#2590=FACE_BOUND('',#2428,.T.);
#2591=FACE_BOUND('',#2429,.T.);
#2592=FACE_BOUND('',#2430,.T.);
#2593=FACE_BOUND('',#2431,.T.);
#2594=FACE_BOUND('',#2432,.T.);
#2595=FACE_BOUND('',#2433,.T.);
#2596=FACE_BOUND('',#2434,.T.);
#2597=FACE_BOUND('',#2435,.T.);
#2598=FACE_BOUND('',#2436,.T.);
#2599=FACE_BOUND('',#2437,.T.);
#2600=FACE_BOUND('',#2438,.T.);
#2601=FACE_BOUND('',#2439,.T.);
#2602=FACE_BOUND('',#2440,.T.);
#2603=FACE_BOUND('',#2441,.T.);
#2604=FACE_BOUND('',#2442,.T.);
#2605=FACE_BOUND('',#2443,.T.);
#2606=FACE_BOUND('',#2444,.T.);
#2607=FACE_BOUND('',#2445,.T.);
#2608=FACE_BOUND('',#2446,.T.);
#2609=FACE_BOUND('',#2447,.T.);
#2610=FACE_BOUND('',#2448,.T.);
#2611=FACE_BOUND('',#2449,.T.);
#2612=FACE_BOUND('',#2450,.T.);
#2613=FACE_BOUND('',#2451,.T.);
#2614=FACE_BOUND('',#2452,.T.);
#2615=FACE_BOUND('',#2453,.T.);
#2616=FACE_BOUND('',#2454,.T.);
#2617=FACE_BOUND('',#2455,.T.);
#2618=FACE_BOUND('',#2456,.T.);
#2619=FACE_BOUND('',#2457,.T.);
#2620=FACE_BOUND('',#2458,.T.);
#2621=FACE_BOUND('',#2459,.T.);
#2622=FACE_BOUND('',#2460,.T.);
#2623=FACE_BOUND('',#2461,.T.);
#2624=FACE_BOUND('',#2462,.T.);
#2625=FACE_BOUND('',#2463,.T.);
#2626=FACE_BOUND('',#2464,.T.);
#2627=FACE_BOUND('',#2465,.T.);
#2628=FACE_BOUND('',#2466,.T.);
#2629=FACE_BOUND('',#2467,.T.);
#2630=FACE_BOUND('',#2468,.T.);
#2631=FACE_BOUND('',#2469,.T.);
#2632=FACE_BOUND('',#2470,.T.);
#2633=FACE_BOUND('',#2471,.T.);
#2634=FACE_BOUND('',#2472,.T.);
#2635=FACE_BOUND('',#2473,.T.);
#2636=FACE_BOUND('',#2474,.T.);
#2637=FACE_BOUND('',#2475,.T.);
#2638=FACE_BOUND('',#2476,.T.);
#2639=FACE_BOUND('',#2477,.T.);
#2640=FACE_BOUND('',#2478,.T.);
#2641=FACE_BOUND('',#2479,.T.);
#2642=FACE_BOUND('',#2480,.T.);
#2643=FACE_BOUND('',#2481,.T.);
#2644=FACE_BOUND('',#2482,.T.);
#2645=FACE_BOUND('',#2483,.T.);
#2646=FACE_BOUND('',#2484,.T.);
#2647=FACE_BOUND('',#2485,.T.);
#2648=FACE_BOUND('',#2486,.T.);
#2649=FACE_BOUND('',#2487,.T.);
#2650=FACE_BOUND('',#2488,.T.);
#2651=FACE_BOUND('',#2489,.T.);
#2652=FACE_BOUND('',#2490,.T.);
#2653=FACE_BOUND('',#2491,.T.);
#2654=FACE_BOUND('',#2492,.T.);
#2655=FACE_BOUND('',#2493,.T.);
#2656=FACE_BOUND('',#2494,.T.);
#2657=FACE_BOUND('',#2495,.T.);
#2658=FACE_BOUND('',#2496,.T.);
#2659=FACE_BOUND('',#2497,.T.);
#2660=FACE_BOUND('',#2498,.T.);
#2661=FACE_BOUND('',#2499,.T.);
#2662=FACE_BOUND('',#2500,.T.);
#2663=FACE_BOUND('',#2501,.T.);
#2664=FACE_BOUND('',#2502,.T.);
#2665=FACE_BOUND('',#2503,.T.);
#2666=FACE_BOUND('',#2504,.T.);
#2667=FACE_BOUND('',#2505,.T.);
#2668=FACE_BOUND('',#2506,.T.);
#2669=FACE_BOUND('',#2507,.T.);
#2670=FACE_BOUND('',#2508,.T.);
#2671=FACE_BOUND('',#2509,.T.);
#2672=FACE_BOUND('',#2510,.T.);
#2673=FACE_BOUND('',#2511,.T.);
#2674=FACE_BOUND('',#2512,.T.);
#2675=FACE_BOUND('',#2513,.T.);
#2676=CYLINDRICAL_SURFACE('',#2943,1.651);
#2677=CYLINDRICAL_SURFACE('',#2946,1.651);
#2678=CYLINDRICAL_SURFACE('',#2949,1.651);
#2679=CYLINDRICAL_SURFACE('',#2952,1.651);
#2680=CYLINDRICAL_SURFACE('',#2955,1.651);
#2681=CYLINDRICAL_SURFACE('',#2958,1.651);
#2682=CYLINDRICAL_SURFACE('',#2961,1.651);
#2683=CYLINDRICAL_SURFACE('',#2964,1.651);
#2684=CYLINDRICAL_SURFACE('',#2967,1.651);
#2685=CYLINDRICAL_SURFACE('',#2970,1.651);
#2686=CYLINDRICAL_SURFACE('',#2973,1.651);
#2687=CYLINDRICAL_SURFACE('',#2976,1.651);
#2688=CYLINDRICAL_SURFACE('',#2979,1.651);
#2689=CYLINDRICAL_SURFACE('',#2982,1.651);
#2690=CYLINDRICAL_SURFACE('',#2985,1.651);
#2691=CYLINDRICAL_SURFACE('',#2988,1.651);
#2692=CYLINDRICAL_SURFACE('',#2991,1.651);
#2693=CYLINDRICAL_SURFACE('',#2994,1.651);
#2694=CYLINDRICAL_SURFACE('',#2997,1.651);
#2695=CYLINDRICAL_SURFACE('',#3000,1.651);
#2696=CYLINDRICAL_SURFACE('',#3003,1.651);
#2697=CYLINDRICAL_SURFACE('',#3006,1.651);
#2698=CYLINDRICAL_SURFACE('',#3009,1.651);
#2699=CYLINDRICAL_SURFACE('',#3087,1.651);
#2700=CYLINDRICAL_SURFACE('',#3163,1.36524999999996);
#2701=CYLINDRICAL_SURFACE('',#3164,0.0592576775492768);
#2702=CYLINDRICAL_SURFACE('',#3165,0.0592576775492768);
#2703=CYLINDRICAL_SURFACE('',#3166,1.36524999999996);
#2704=CYLINDRICAL_SURFACE('',#3167,0.0592576775492768);
#2705=CYLINDRICAL_SURFACE('',#3168,0.0592576775492768);
#2706=CYLINDRICAL_SURFACE('',#3169,1.36524999999996);
#2707=CYLINDRICAL_SURFACE('',#3170,0.0592576775492768);
#2708=CYLINDRICAL_SURFACE('',#3171,0.0592576775492768);
#2709=CYLINDRICAL_SURFACE('',#3172,1.36524999999996);
#2710=CYLINDRICAL_SURFACE('',#3173,0.0592576775492768);
#2711=CYLINDRICAL_SURFACE('',#3174,0.0592576775492768);
#2712=CYLINDRICAL_SURFACE('',#3175,1.36524999999996);
#2713=CYLINDRICAL_SURFACE('',#3176,0.0592576775492768);
#2714=CYLINDRICAL_SURFACE('',#3177,0.0592576775492768);
#2715=CYLINDRICAL_SURFACE('',#3178,1.36524999999996);
#2716=CYLINDRICAL_SURFACE('',#3179,0.0592576775492768);
#2717=CYLINDRICAL_SURFACE('',#3180,0.0592576775492768);
#2718=CYLINDRICAL_SURFACE('',#3181,1.36524999999996);
#2719=CYLINDRICAL_SURFACE('',#3182,0.0592576775492768);
#2720=CYLINDRICAL_SURFACE('',#3183,0.0592576775492768);
#2721=CYLINDRICAL_SURFACE('',#3184,1.36524999999996);
#2722=CYLINDRICAL_SURFACE('',#3185,0.0592576775492768);
#2723=CYLINDRICAL_SURFACE('',#3186,0.0592576775492768);
#2724=CYLINDRICAL_SURFACE('',#3187,1.36524999999996);
#2725=CYLINDRICAL_SURFACE('',#3188,0.0592576775492768);
#2726=CYLINDRICAL_SURFACE('',#3189,0.0592576775492768);
#2727=CYLINDRICAL_SURFACE('',#3190,1.36524999999996);
#2728=CYLINDRICAL_SURFACE('',#3191,0.0592576775492768);
#2729=CYLINDRICAL_SURFACE('',#3192,0.0592576775492768);
#2730=CYLINDRICAL_SURFACE('',#3193,1.36524999999996);
#2731=CYLINDRICAL_SURFACE('',#3194,0.0592576775492768);
#2732=CYLINDRICAL_SURFACE('',#3195,0.0592576775492768);
#2733=CYLINDRICAL_SURFACE('',#3196,1.36524999999996);
#2734=CYLINDRICAL_SURFACE('',#3197,0.0592576775492768);
#2735=CYLINDRICAL_SURFACE('',#3198,0.0592576775492768);
#2736=CYLINDRICAL_SURFACE('',#3199,1.36524999999996);
#2737=CYLINDRICAL_SURFACE('',#3200,0.0592576775492768);
#2738=CYLINDRICAL_SURFACE('',#3201,0.0592576775492768);
#2739=CYLINDRICAL_SURFACE('',#3202,1.36524999999996);
#2740=CYLINDRICAL_SURFACE('',#3203,0.0592576775492768);
#2741=CYLINDRICAL_SURFACE('',#3204,0.0592576775492768);
#2742=CYLINDRICAL_SURFACE('',#3205,1.36524999999996);
#2743=CYLINDRICAL_SURFACE('',#3206,0.0592576775492768);
#2744=CYLINDRICAL_SURFACE('',#3207,0.0592576775492768);
#2745=CYLINDRICAL_SURFACE('',#3208,1.36524999999996);
#2746=CYLINDRICAL_SURFACE('',#3209,0.0592576775492768);
#2747=CYLINDRICAL_SURFACE('',#3210,0.0592576775492768);
#2748=CYLINDRICAL_SURFACE('',#3211,1.36524999999996);
#2749=CYLINDRICAL_SURFACE('',#3212,0.0592576775492768);
#2750=CYLINDRICAL_SURFACE('',#3213,0.0592576775492768);
#2751=CYLINDRICAL_SURFACE('',#3214,1.36524999999996);
#2752=CYLINDRICAL_SURFACE('',#3215,0.0592576775492768);
#2753=CYLINDRICAL_SURFACE('',#3216,0.0592576775492768);
#2754=CYLINDRICAL_SURFACE('',#3217,1.36524999999996);
#2755=CYLINDRICAL_SURFACE('',#3218,0.0592576775492768);
#2756=CYLINDRICAL_SURFACE('',#3219,0.0592576775492768);
#2757=CYLINDRICAL_SURFACE('',#3220,1.36524999999996);
#2758=CYLINDRICAL_SURFACE('',#3221,0.0592576775492768);
#2759=CYLINDRICAL_SURFACE('',#3222,0.0592576775492768);
#2760=CYLINDRICAL_SURFACE('',#3223,1.36524999999996);
#2761=CYLINDRICAL_SURFACE('',#3224,0.0592576775492768);
#2762=CYLINDRICAL_SURFACE('',#3225,0.0592576775492768);
#2763=CYLINDRICAL_SURFACE('',#3226,1.36524999999996);
#2764=CYLINDRICAL_SURFACE('',#3227,0.0592576775492768);
#2765=CYLINDRICAL_SURFACE('',#3228,0.0592576775492768);
#2766=CYLINDRICAL_SURFACE('',#3229,1.36524999999996);
#2767=CYLINDRICAL_SURFACE('',#3230,0.0592576775492768);
#2768=CYLINDRICAL_SURFACE('',#3231,0.0592576775492768);
#2769=CYLINDRICAL_SURFACE('',#3232,1.36524999999996);
#2770=CYLINDRICAL_SURFACE('',#3233,0.0592576775492768);
#2771=CYLINDRICAL_SURFACE('',#3234,0.0592576775492768);
#2772=CYLINDRICAL_SURFACE('',#3235,0.95);
#2773=CYLINDRICAL_SURFACE('',#3238,0.95);
#2774=ADVANCED_FACE('',(#2514),#2676,.T.);
#2775=ADVANCED_FACE('',(#2515),#2677,.T.);
#2776=ADVANCED_FACE('',(#2516),#2678,.T.);
#2777=ADVANCED_FACE('',(#2517),#2679,.T.);
#2778=ADVANCED_FACE('',(#2518),#2680,.T.);
#2779=ADVANCED_FACE('',(#2519),#2681,.T.);
#2780=ADVANCED_FACE('',(#2520),#2682,.T.);
#2781=ADVANCED_FACE('',(#2521),#2683,.T.);
#2782=ADVANCED_FACE('',(#2522),#2684,.T.);
#2783=ADVANCED_FACE('',(#2523),#2685,.T.);
#2784=ADVANCED_FACE('',(#2524),#2686,.T.);
#2785=ADVANCED_FACE('',(#2525),#2687,.T.);
#2786=ADVANCED_FACE('',(#2526),#2688,.T.);
#2787=ADVANCED_FACE('',(#2527),#2689,.T.);
#2788=ADVANCED_FACE('',(#2528),#2690,.T.);
#2789=ADVANCED_FACE('',(#2529),#2691,.T.);
#2790=ADVANCED_FACE('',(#2530),#2692,.T.);
#2791=ADVANCED_FACE('',(#2531),#2693,.T.);
#2792=ADVANCED_FACE('',(#2532),#2694,.T.);
#2793=ADVANCED_FACE('',(#2533),#2695,.T.);
#2794=ADVANCED_FACE('',(#2534),#2696,.T.);
#2795=ADVANCED_FACE('',(#2535),#2697,.T.);
#2796=ADVANCED_FACE('',(#2536),#2698,.T.);
#2797=ADVANCED_FACE('',(#2537,#2538),#156,.T.);
#2798=ADVANCED_FACE('',(#2539),#2699,.T.);
#2799=ADVANCED_FACE('',(#2540,#2541),#157,.F.);
#2800=ADVANCED_FACE('',(#2542),#12,.T.);
#2801=ADVANCED_FACE('',(#2543),#13,.F.);
#2802=ADVANCED_FACE('',(#2544),#2700,.T.);
#2803=ADVANCED_FACE('',(#2545),#2701,.F.);
#2804=ADVANCED_FACE('',(#2546),#2702,.F.);
#2805=ADVANCED_FACE('',(#2547),#14,.T.);
#2806=ADVANCED_FACE('',(#2548),#15,.F.);
#2807=ADVANCED_FACE('',(#2549),#2703,.T.);
#2808=ADVANCED_FACE('',(#2550),#2704,.F.);
#2809=ADVANCED_FACE('',(#2551),#2705,.F.);
#2810=ADVANCED_FACE('',(#2552),#16,.T.);
#2811=ADVANCED_FACE('',(#2553),#17,.F.);
#2812=ADVANCED_FACE('',(#2554),#2706,.T.);
#2813=ADVANCED_FACE('',(#2555),#2707,.F.);
#2814=ADVANCED_FACE('',(#2556),#2708,.F.);
#2815=ADVANCED_FACE('',(#2557),#18,.T.);
#2816=ADVANCED_FACE('',(#2558),#19,.F.);
#2817=ADVANCED_FACE('',(#2559),#2709,.T.);
#2818=ADVANCED_FACE('',(#2560),#2710,.F.);
#2819=ADVANCED_FACE('',(#2561),#2711,.F.);
#2820=ADVANCED_FACE('',(#2562),#20,.T.);
#2821=ADVANCED_FACE('',(#2563),#21,.F.);
#2822=ADVANCED_FACE('',(#2564),#2712,.T.);
#2823=ADVANCED_FACE('',(#2565),#2713,.F.);
#2824=ADVANCED_FACE('',(#2566),#2714,.F.);
#2825=ADVANCED_FACE('',(#2567),#22,.T.);
#2826=ADVANCED_FACE('',(#2568),#23,.F.);
#2827=ADVANCED_FACE('',(#2569),#2715,.T.);
#2828=ADVANCED_FACE('',(#2570),#2716,.F.);
#2829=ADVANCED_FACE('',(#2571),#2717,.F.);
#2830=ADVANCED_FACE('',(#2572),#24,.T.);
#2831=ADVANCED_FACE('',(#2573),#25,.F.);
#2832=ADVANCED_FACE('',(#2574),#2718,.T.);
#2833=ADVANCED_FACE('',(#2575),#2719,.F.);
#2834=ADVANCED_FACE('',(#2576),#2720,.F.);
#2835=ADVANCED_FACE('',(#2577),#26,.T.);
#2836=ADVANCED_FACE('',(#2578),#27,.F.);
#2837=ADVANCED_FACE('',(#2579),#2721,.T.);
#2838=ADVANCED_FACE('',(#2580),#2722,.F.);
#2839=ADVANCED_FACE('',(#2581),#2723,.F.);
#2840=ADVANCED_FACE('',(#2582),#28,.T.);
#2841=ADVANCED_FACE('',(#2583),#29,.F.);
#2842=ADVANCED_FACE('',(#2584),#2724,.T.);
#2843=ADVANCED_FACE('',(#2585),#2725,.F.);
#2844=ADVANCED_FACE('',(#2586),#2726,.F.);
#2845=ADVANCED_FACE('',(#2587),#30,.T.);
#2846=ADVANCED_FACE('',(#2588),#31,.F.);
#2847=ADVANCED_FACE('',(#2589),#2727,.T.);
#2848=ADVANCED_FACE('',(#2590),#2728,.F.);
#2849=ADVANCED_FACE('',(#2591),#2729,.F.);
#2850=ADVANCED_FACE('',(#2592),#32,.T.);
#2851=ADVANCED_FACE('',(#2593),#33,.F.);
#2852=ADVANCED_FACE('',(#2594),#2730,.T.);
#2853=ADVANCED_FACE('',(#2595),#2731,.F.);
#2854=ADVANCED_FACE('',(#2596),#2732,.F.);
#2855=ADVANCED_FACE('',(#2597),#34,.T.);
#2856=ADVANCED_FACE('',(#2598),#35,.F.);
#2857=ADVANCED_FACE('',(#2599),#2733,.T.);
#2858=ADVANCED_FACE('',(#2600),#2734,.F.);
#2859=ADVANCED_FACE('',(#2601),#2735,.F.);
#2860=ADVANCED_FACE('',(#2602),#36,.T.);
#2861=ADVANCED_FACE('',(#2603),#37,.F.);
#2862=ADVANCED_FACE('',(#2604),#2736,.T.);
#2863=ADVANCED_FACE('',(#2605),#2737,.F.);
#2864=ADVANCED_FACE('',(#2606),#2738,.F.);
#2865=ADVANCED_FACE('',(#2607),#38,.T.);
#2866=ADVANCED_FACE('',(#2608),#39,.F.);
#2867=ADVANCED_FACE('',(#2609),#2739,.T.);
#2868=ADVANCED_FACE('',(#2610),#2740,.F.);
#2869=ADVANCED_FACE('',(#2611),#2741,.F.);
#2870=ADVANCED_FACE('',(#2612),#40,.T.);
#2871=ADVANCED_FACE('',(#2613),#41,.F.);
#2872=ADVANCED_FACE('',(#2614),#2742,.T.);
#2873=ADVANCED_FACE('',(#2615),#2743,.F.);
#2874=ADVANCED_FACE('',(#2616),#2744,.F.);
#2875=ADVANCED_FACE('',(#2617),#42,.T.);
#2876=ADVANCED_FACE('',(#2618),#43,.F.);
#2877=ADVANCED_FACE('',(#2619),#2745,.T.);
#2878=ADVANCED_FACE('',(#2620),#2746,.F.);
#2879=ADVANCED_FACE('',(#2621),#2747,.F.);
#2880=ADVANCED_FACE('',(#2622),#44,.T.);
#2881=ADVANCED_FACE('',(#2623),#45,.F.);
#2882=ADVANCED_FACE('',(#2624),#2748,.T.);
#2883=ADVANCED_FACE('',(#2625),#2749,.F.);
#2884=ADVANCED_FACE('',(#2626),#2750,.F.);
#2885=ADVANCED_FACE('',(#2627),#46,.T.);
#2886=ADVANCED_FACE('',(#2628),#47,.F.);
#2887=ADVANCED_FACE('',(#2629),#2751,.T.);
#2888=ADVANCED_FACE('',(#2630),#2752,.F.);
#2889=ADVANCED_FACE('',(#2631),#2753,.F.);
#2890=ADVANCED_FACE('',(#2632),#48,.T.);
#2891=ADVANCED_FACE('',(#2633),#49,.F.);
#2892=ADVANCED_FACE('',(#2634),#2754,.T.);
#2893=ADVANCED_FACE('',(#2635),#2755,.F.);
#2894=ADVANCED_FACE('',(#2636),#2756,.F.);
#2895=ADVANCED_FACE('',(#2637),#50,.T.);
#2896=ADVANCED_FACE('',(#2638),#51,.F.);
#2897=ADVANCED_FACE('',(#2639),#2757,.T.);
#2898=ADVANCED_FACE('',(#2640),#2758,.F.);
#2899=ADVANCED_FACE('',(#2641),#2759,.F.);
#2900=ADVANCED_FACE('',(#2642),#52,.T.);
#2901=ADVANCED_FACE('',(#2643),#53,.F.);
#2902=ADVANCED_FACE('',(#2644),#2760,.T.);
#2903=ADVANCED_FACE('',(#2645),#2761,.F.);
#2904=ADVANCED_FACE('',(#2646),#2762,.F.);
#2905=ADVANCED_FACE('',(#2647),#54,.T.);
#2906=ADVANCED_FACE('',(#2648),#55,.F.);
#2907=ADVANCED_FACE('',(#2649),#2763,.T.);
#2908=ADVANCED_FACE('',(#2650),#2764,.F.);
#2909=ADVANCED_FACE('',(#2651),#2765,.F.);
#2910=ADVANCED_FACE('',(#2652),#56,.T.);
#2911=ADVANCED_FACE('',(#2653),#57,.F.);
#2912=ADVANCED_FACE('',(#2654),#2766,.T.);
#2913=ADVANCED_FACE('',(#2655),#2767,.F.);
#2914=ADVANCED_FACE('',(#2656),#2768,.F.);
#2915=ADVANCED_FACE('',(#2657),#58,.T.);
#2916=ADVANCED_FACE('',(#2658),#59,.F.);
#2917=ADVANCED_FACE('',(#2659),#2769,.T.);
#2918=ADVANCED_FACE('',(#2660),#2770,.F.);
#2919=ADVANCED_FACE('',(#2661),#2771,.F.);
#2920=ADVANCED_FACE('',(#2662,#2663),#2772,.T.);
#2921=ADVANCED_FACE('',(#2664,#2665),#158,.T.);
#2922=ADVANCED_FACE('',(#2666,#2667),#2773,.T.);
#2923=ADVANCED_FACE('',(#2668,#2669),#159,.T.);
#2924=ADVANCED_FACE('',(#2670),#160,.F.);
#2925=ADVANCED_FACE('',(#2671),#161,.F.);
#2926=ADVANCED_FACE('',(#2672),#162,.F.);
#2927=ADVANCED_FACE('',(#2673),#163,.F.);
#2928=ADVANCED_FACE('',(#2674),#164,.F.);
#2929=ADVANCED_FACE('',(#2675),#165,.F.);
#2930=CLOSED_SHELL('',(#2774,#2775,#2776,#2777,#2778,#2779,#2780,#2781,
#2782,#2783,#2784,#2785,#2786,#2787,#2788,#2789,#2790,#2791,#2792,#2793,
#2794,#2795,#2796,#2797,#2798,#2799,#2800,#2801,#2802,#2803,#2804,#2805,
#2806,#2807,#2808,#2809,#2810,#2811,#2812,#2813,#2814,#2815,#2816,#2817,
#2818,#2819,#2820,#2821,#2822,#2823,#2824,#2825,#2826,#2827,#2828,#2829,
#2830,#2831,#2832,#2833,#2834,#2835,#2836,#2837,#2838,#2839,#2840,#2841,
#2842,#2843,#2844,#2845,#2846,#2847,#2848,#2849,#2850,#2851,#2852,#2853,
#2854,#2855,#2856,#2857,#2858,#2859,#2860,#2861,#2862,#2863,#2864,#2865,
#2866,#2867,#2868,#2869,#2870,#2871,#2872,#2873,#2874,#2875,#2876,#2877,
#2878,#2879,#2880,#2881,#2882,#2883,#2884,#2885,#2886,#2887,#2888,#2889,
#2890,#2891,#2892,#2893,#2894,#2895,#2896,#2897,#2898,#2899,#2900,#2901,
#2902,#2903,#2904,#2905,#2906,#2907,#2908,#2909,#2910,#2911,#2912,#2913,
#2914,#2915,#2916,#2917,#2918,#2919,#2920,#2921,#2922,#2923,#2924,#2925,
#2926,#2927,#2928,#2929));
#2931=STYLED_ITEM('',(#2932),#2939);
#2932=PRESENTATION_STYLE_ASSIGNMENT((#2933));
#2933=SURFACE_STYLE_USAGE(.BOTH.,#2934);
#2934=SURFACE_SIDE_STYLE('',(#2935));
#2935=SURFACE_STYLE_FILL_AREA(#2936);
#2936=FILL_AREA_STYLE('',(#2937));
#2937=FILL_AREA_STYLE_COLOUR('',#2938);
#2938=COLOUR_RGB('',0.262745098039216,0.282352941176471,0.301960784313725);
#2939=MANIFOLD_SOLID_BREP('\X2\94DD52369F7F8F6E\X0\24t-20dp-1/2inch',#2930);
#2940=SHAPE_DEFINITION_REPRESENTATION(#8732,#2941);
#2941=SHAPE_REPRESENTATION('????24t-20dp-1/2inch',(#2942),#8727);
#2942=AXIS2_PLACEMENT_3D('',#4019,#3247,#3248);
#2943=AXIS2_PLACEMENT_3D('',#4020,#3249,#3250);
#2944=AXIS2_PLACEMENT_3D('',#4024,#3252,#3253);
#2945=AXIS2_PLACEMENT_3D('',#4028,#3255,#3256);
#2946=AXIS2_PLACEMENT_3D('',#4029,#3257,#3258);
#2947=AXIS2_PLACEMENT_3D('',#4030,#3259,#3260);
#2948=AXIS2_PLACEMENT_3D('',#4035,#3262,#3263);
#2949=AXIS2_PLACEMENT_3D('',#4038,#3265,#3266);
#2950=AXIS2_PLACEMENT_3D('',#4042,#3268,#3269);
#2951=AXIS2_PLACEMENT_3D('',#4046,#3271,#3272);
#2952=AXIS2_PLACEMENT_3D('',#4047,#3273,#3274);
#2953=AXIS2_PLACEMENT_3D('',#4048,#3275,#3276);
#2954=AXIS2_PLACEMENT_3D('',#4053,#3278,#3279);
#2955=AXIS2_PLACEMENT_3D('',#4056,#3281,#3282);
#2956=AXIS2_PLACEMENT_3D('',#4060,#3284,#3285);
#2957=AXIS2_PLACEMENT_3D('',#4064,#3287,#3288);
#2958=AXIS2_PLACEMENT_3D('',#4065,#3289,#3290);
#2959=AXIS2_PLACEMENT_3D('',#4069,#3292,#3293);
#2960=AXIS2_PLACEMENT_3D('',#4073,#3295,#3296);
#2961=AXIS2_PLACEMENT_3D('',#4074,#3297,#3298);
#2962=AXIS2_PLACEMENT_3D('',#4078,#3300,#3301);
#2963=AXIS2_PLACEMENT_3D('',#4082,#3303,#3304);
#2964=AXIS2_PLACEMENT_3D('',#4083,#3305,#3306);
#2965=AXIS2_PLACEMENT_3D('',#4084,#3307,#3308);
#2966=AXIS2_PLACEMENT_3D('',#4089,#3310,#3311);
#2967=AXIS2_PLACEMENT_3D('',#4092,#3313,#3314);
#2968=AXIS2_PLACEMENT_3D('',#4096,#3316,#3317);
#2969=AXIS2_PLACEMENT_3D('',#4100,#3319,#3320);
#2970=AXIS2_PLACEMENT_3D('',#4101,#3321,#3322);
#2971=AXIS2_PLACEMENT_3D('',#4105,#3324,#3325);
#2972=AXIS2_PLACEMENT_3D('',#4109,#3327,#3328);
#2973=AXIS2_PLACEMENT_3D('',#4110,#3329,#3330);
#2974=AXIS2_PLACEMENT_3D('',#4114,#3332,#3333);
#2975=AXIS2_PLACEMENT_3D('',#4118,#3335,#3336);
#2976=AXIS2_PLACEMENT_3D('',#4119,#3337,#3338);
#2977=AXIS2_PLACEMENT_3D('',#4123,#3340,#3341);
#2978=AXIS2_PLACEMENT_3D('',#4127,#3343,#3344);
#2979=AXIS2_PLACEMENT_3D('',#4128,#3345,#3346);
#2980=AXIS2_PLACEMENT_3D('',#4132,#3348,#3349);
#2981=AXIS2_PLACEMENT_3D('',#4136,#3351,#3352);
#2982=AXIS2_PLACEMENT_3D('',#4137,#3353,#3354);
#2983=AXIS2_PLACEMENT_3D('',#4138,#3355,#3356);
#2984=AXIS2_PLACEMENT_3D('',#4143,#3358,#3359);
#2985=AXIS2_PLACEMENT_3D('',#4146,#3361,#3362);
#2986=AXIS2_PLACEMENT_3D('',#4150,#3364,#3365);
#2987=AXIS2_PLACEMENT_3D('',#4154,#3367,#3368);
#2988=AXIS2_PLACEMENT_3D('',#4155,#3369,#3370);
#2989=AXIS2_PLACEMENT_3D('',#4156,#3371,#3372);
#2990=AXIS2_PLACEMENT_3D('',#4161,#3374,#3375);
#2991=AXIS2_PLACEMENT_3D('',#4164,#3377,#3378);
#2992=AXIS2_PLACEMENT_3D('',#4168,#3380,#3381);
#2993=AXIS2_PLACEMENT_3D('',#4172,#3383,#3384);
#2994=AXIS2_PLACEMENT_3D('',#4173,#3385,#3386);
#2995=AXIS2_PLACEMENT_3D('',#4177,#3388,#3389);
#2996=AXIS2_PLACEMENT_3D('',#4181,#3391,#3392);
#2997=AXIS2_PLACEMENT_3D('',#4182,#3393,#3394);
#2998=AXIS2_PLACEMENT_3D('',#4183,#3395,#3396);
#2999=AXIS2_PLACEMENT_3D('',#4188,#3398,#3399);
#3000=AXIS2_PLACEMENT_3D('',#4191,#3401,#3402);
#3001=AXIS2_PLACEMENT_3D('',#4195,#3404,#3405);
#3002=AXIS2_PLACEMENT_3D('',#4199,#3407,#3408);
#3003=AXIS2_PLACEMENT_3D('',#4200,#3409,#3410);
#3004=AXIS2_PLACEMENT_3D('',#4204,#3412,#3413);
#3005=AXIS2_PLACEMENT_3D('',#4208,#3415,#3416);
#3006=AXIS2_PLACEMENT_3D('',#4209,#3417,#3418);
#3007=AXIS2_PLACEMENT_3D('',#4213,#3420,#3421);
#3008=AXIS2_PLACEMENT_3D('',#4217,#3423,#3424);
#3009=AXIS2_PLACEMENT_3D('',#4218,#3425,#3426);
#3010=AXIS2_PLACEMENT_3D('',#4219,#3427,#3428);
#3011=AXIS2_PLACEMENT_3D('',#4224,#3430,#3431);
#3012=AXIS2_PLACEMENT_3D('',#4227,#3433,#3434);
#3013=AXIS2_PLACEMENT_3D('',#4228,#3435,#3436);
#3014=AXIS2_PLACEMENT_3D('',#4230,#3437,#3438);
#3015=AXIS2_PLACEMENT_3D('',#4292,#3439,#3440);
#3016=AXIS2_PLACEMENT_3D('',#4294,#3441,#3442);
#3017=AXIS2_PLACEMENT_3D('',#4296,#3443,#3444);
#3018=AXIS2_PLACEMENT_3D('',#4357,#3445,#3446);
#3019=AXIS2_PLACEMENT_3D('',#4359,#3447,#3448);
#3020=AXIS2_PLACEMENT_3D('',#4361,#3449,#3450);
#3021=AXIS2_PLACEMENT_3D('',#4422,#3451,#3452);
#3022=AXIS2_PLACEMENT_3D('',#4424,#3453,#3454);
#3023=AXIS2_PLACEMENT_3D('',#4426,#3455,#3456);
#3024=AXIS2_PLACEMENT_3D('',#4487,#3457,#3458);
#3025=AXIS2_PLACEMENT_3D('',#4489,#3459,#3460);
#3026=AXIS2_PLACEMENT_3D('',#4491,#3461,#3462);
#3027=AXIS2_PLACEMENT_3D('',#4552,#3463,#3464);
#3028=AXIS2_PLACEMENT_3D('',#4554,#3465,#3466);
#3029=AXIS2_PLACEMENT_3D('',#4556,#3467,#3468);
#3030=AXIS2_PLACEMENT_3D('',#4617,#3469,#3470);
#3031=AXIS2_PLACEMENT_3D('',#4619,#3471,#3472);
#3032=AXIS2_PLACEMENT_3D('',#4621,#3473,#3474);
#3033=AXIS2_PLACEMENT_3D('',#4682,#3475,#3476);
#3034=AXIS2_PLACEMENT_3D('',#4684,#3477,#3478);
#3035=AXIS2_PLACEMENT_3D('',#4686,#3479,#3480);
#3036=AXIS2_PLACEMENT_3D('',#4747,#3481,#3482);
#3037=AXIS2_PLACEMENT_3D('',#4749,#3483,#3484);
#3038=AXIS2_PLACEMENT_3D('',#4751,#3485,#3486);
#3039=AXIS2_PLACEMENT_3D('',#4812,#3487,#3488);
#3040=AXIS2_PLACEMENT_3D('',#4814,#3489,#3490);
#3041=AXIS2_PLACEMENT_3D('',#4816,#3491,#3492);
#3042=AXIS2_PLACEMENT_3D('',#4877,#3493,#3494);
#3043=AXIS2_PLACEMENT_3D('',#4879,#3495,#3496);
#3044=AXIS2_PLACEMENT_3D('',#4881,#3497,#3498);
#3045=AXIS2_PLACEMENT_3D('',#4913,#3499,#3500);
#3046=AXIS2_PLACEMENT_3D('',#4945,#3501,#3502);
#3047=AXIS2_PLACEMENT_3D('',#4947,#3503,#3504);
#3048=AXIS2_PLACEMENT_3D('',#4949,#3505,#3506);
#3049=AXIS2_PLACEMENT_3D('',#5010,#3507,#3508);
#3050=AXIS2_PLACEMENT_3D('',#5012,#3509,#3510);
#3051=AXIS2_PLACEMENT_3D('',#5014,#3511,#3512);
#3052=AXIS2_PLACEMENT_3D('',#5075,#3513,#3514);
#3053=AXIS2_PLACEMENT_3D('',#5077,#3515,#3516);
#3054=AXIS2_PLACEMENT_3D('',#5079,#3517,#3518);
#3055=AXIS2_PLACEMENT_3D('',#5140,#3519,#3520);
#3056=AXIS2_PLACEMENT_3D('',#5142,#3521,#3522);
#3057=AXIS2_PLACEMENT_3D('',#5144,#3523,#3524);
#3058=AXIS2_PLACEMENT_3D('',#5205,#3525,#3526);
#3059=AXIS2_PLACEMENT_3D('',#5207,#3527,#3528);
#3060=AXIS2_PLACEMENT_3D('',#5209,#3529,#3530);
#3061=AXIS2_PLACEMENT_3D('',#5270,#3531,#3532);
#3062=AXIS2_PLACEMENT_3D('',#5272,#3533,#3534);
#3063=AXIS2_PLACEMENT_3D('',#5274,#3535,#3536);
#3064=AXIS2_PLACEMENT_3D('',#5335,#3537,#3538);
#3065=AXIS2_PLACEMENT_3D('',#5337,#3539,#3540);
#3066=AXIS2_PLACEMENT_3D('',#5339,#3541,#3542);
#3067=AXIS2_PLACEMENT_3D('',#5400,#3543,#3544);
#3068=AXIS2_PLACEMENT_3D('',#5402,#3545,#3546);
#3069=AXIS2_PLACEMENT_3D('',#5404,#3547,#3548);
#3070=AXIS2_PLACEMENT_3D('',#5465,#3549,#3550);
#3071=AXIS2_PLACEMENT_3D('',#5467,#3551,#3552);
#3072=AXIS2_PLACEMENT_3D('',#5469,#3553,#3554);
#3073=AXIS2_PLACEMENT_3D('',#5530,#3555,#3556);
#3074=AXIS2_PLACEMENT_3D('',#5532,#3557,#3558);
#3075=AXIS2_PLACEMENT_3D('',#5534,#3559,#3560);
#3076=AXIS2_PLACEMENT_3D('',#5595,#3561,#3562);
#3077=AXIS2_PLACEMENT_3D('',#5597,#3563,#3564);
#3078=AXIS2_PLACEMENT_3D('',#5599,#3565,#3566);
#3079=AXIS2_PLACEMENT_3D('',#5660,#3567,#3568);
#3080=AXIS2_PLACEMENT_3D('',#5662,#3569,#3570);
#3081=AXIS2_PLACEMENT_3D('',#5664,#3571,#3572);
#3082=AXIS2_PLACEMENT_3D('',#5725,#3573,#3574);
#3083=AXIS2_PLACEMENT_3D('',#5727,#3575,#3576);
#3084=AXIS2_PLACEMENT_3D('',#5729,#3577,#3578);
#3085=AXIS2_PLACEMENT_3D('',#5790,#3579,#3580);
#3086=AXIS2_PLACEMENT_3D('',#5792,#3581,#3582);
#3087=AXIS2_PLACEMENT_3D('',#5793,#3583,#3584);
#3088=AXIS2_PLACEMENT_3D('',#5796,#3586,#3587);
#3089=AXIS2_PLACEMENT_3D('',#5799,#3589,#3590);
#3090=AXIS2_PLACEMENT_3D('',#5800,#3591,#3592);
#3091=AXIS2_PLACEMENT_3D('',#5802,#3593,#3594);
#3092=AXIS2_PLACEMENT_3D('',#5864,#3595,#3596);
#3093=AXIS2_PLACEMENT_3D('',#5866,#3597,#3598);
#3094=AXIS2_PLACEMENT_3D('',#5868,#3599,#3600);
#3095=AXIS2_PLACEMENT_3D('',#5929,#3601,#3602);
#3096=AXIS2_PLACEMENT_3D('',#5931,#3603,#3604);
#3097=AXIS2_PLACEMENT_3D('',#5933,#3605,#3606);
#3098=AXIS2_PLACEMENT_3D('',#5994,#3607,#3608);
#3099=AXIS2_PLACEMENT_3D('',#5996,#3609,#3610);
#3100=AXIS2_PLACEMENT_3D('',#5998,#3611,#3612);
#3101=AXIS2_PLACEMENT_3D('',#6059,#3613,#3614);
#3102=AXIS2_PLACEMENT_3D('',#6061,#3615,#3616);
#3103=AXIS2_PLACEMENT_3D('',#6063,#3617,#3618);
#3104=AXIS2_PLACEMENT_3D('',#6124,#3619,#3620);
#3105=AXIS2_PLACEMENT_3D('',#6126,#3621,#3622);
#3106=AXIS2_PLACEMENT_3D('',#6128,#3623,#3624);
#3107=AXIS2_PLACEMENT_3D('',#6189,#3625,#3626);
#3108=AXIS2_PLACEMENT_3D('',#6191,#3627,#3628);
#3109=AXIS2_PLACEMENT_3D('',#6193,#3629,#3630);
#3110=AXIS2_PLACEMENT_3D('',#6254,#3631,#3632);
#3111=AXIS2_PLACEMENT_3D('',#6256,#3633,#3634);
#3112=AXIS2_PLACEMENT_3D('',#6258,#3635,#3636);
#3113=AXIS2_PLACEMENT_3D('',#6319,#3637,#3638);
#3114=AXIS2_PLACEMENT_3D('',#6321,#3639,#3640);
#3115=AXIS2_PLACEMENT_3D('',#6323,#3641,#3642);
#3116=AXIS2_PLACEMENT_3D('',#6384,#3643,#3644);
#3117=AXIS2_PLACEMENT_3D('',#6386,#3645,#3646);
#3118=AXIS2_PLACEMENT_3D('',#6388,#3647,#3648);
#3119=AXIS2_PLACEMENT_3D('',#6449,#3649,#3650);
#3120=AXIS2_PLACEMENT_3D('',#6451,#3651,#3652);
#3121=AXIS2_PLACEMENT_3D('',#6453,#3653,#3654);
#3122=AXIS2_PLACEMENT_3D('',#6514,#3655,#3656);
#3123=AXIS2_PLACEMENT_3D('',#6516,#3657,#3658);
#3124=AXIS2_PLACEMENT_3D('',#6518,#3659,#3660);
#3125=AXIS2_PLACEMENT_3D('',#6579,#3661,#3662);
#3126=AXIS2_PLACEMENT_3D('',#6581,#3663,#3664);
#3127=AXIS2_PLACEMENT_3D('',#6583,#3665,#3666);
#3128=AXIS2_PLACEMENT_3D('',#6644,#3667,#3668);
#3129=AXIS2_PLACEMENT_3D('',#6646,#3669,#3670);
#3130=AXIS2_PLACEMENT_3D('',#6648,#3671,#3672);
#3131=AXIS2_PLACEMENT_3D('',#6709,#3673,#3674);
#3132=AXIS2_PLACEMENT_3D('',#6711,#3675,#3676);
#3133=AXIS2_PLACEMENT_3D('',#6713,#3677,#3678);
#3134=AXIS2_PLACEMENT_3D('',#6774,#3679,#3680);
#3135=AXIS2_PLACEMENT_3D('',#6776,#3681,#3682);
#3136=AXIS2_PLACEMENT_3D('',#6778,#3683,#3684);
#3137=AXIS2_PLACEMENT_3D('',#6839,#3685,#3686);
#3138=AXIS2_PLACEMENT_3D('',#6841,#3687,#3688);
#3139=AXIS2_PLACEMENT_3D('',#6843,#3689,#3690);
#3140=AXIS2_PLACEMENT_3D('',#6904,#3691,#3692);
#3141=AXIS2_PLACEMENT_3D('',#6906,#3693,#3694);
#3142=AXIS2_PLACEMENT_3D('',#6908,#3695,#3696);
#3143=AXIS2_PLACEMENT_3D('',#6969,#3697,#3698);
#3144=AXIS2_PLACEMENT_3D('',#6971,#3699,#3700);
#3145=AXIS2_PLACEMENT_3D('',#6973,#3701,#3702);
#3146=AXIS2_PLACEMENT_3D('',#7034,#3703,#3704);
#3147=AXIS2_PLACEMENT_3D('',#7036,#3705,#3706);
#3148=AXIS2_PLACEMENT_3D('',#7038,#3707,#3708);
#3149=AXIS2_PLACEMENT_3D('',#7099,#3709,#3710);
#3150=AXIS2_PLACEMENT_3D('',#7101,#3711,#3712);
#3151=AXIS2_PLACEMENT_3D('',#7103,#3713,#3714);
#3152=AXIS2_PLACEMENT_3D('',#7164,#3715,#3716);
#3153=AXIS2_PLACEMENT_3D('',#7166,#3717,#3718);
#3154=AXIS2_PLACEMENT_3D('',#7168,#3719,#3720);
#3155=AXIS2_PLACEMENT_3D('',#7229,#3721,#3722);
#3156=AXIS2_PLACEMENT_3D('',#7231,#3723,#3724);
#3157=AXIS2_PLACEMENT_3D('',#7233,#3725,#3726);
#3158=AXIS2_PLACEMENT_3D('',#7294,#3727,#3728);
#3159=AXIS2_PLACEMENT_3D('',#7296,#3729,#3730);
#3160=AXIS2_PLACEMENT_3D('',#7298,#3731,#3732);
#3161=AXIS2_PLACEMENT_3D('',#7359,#3733,#3734);
#3162=AXIS2_PLACEMENT_3D('',#7361,#3735,#3736);
#3163=AXIS2_PLACEMENT_3D('',#7412,#3739,#3740);
#3164=AXIS2_PLACEMENT_3D('',#7415,#3743,#3744);
#3165=AXIS2_PLACEMENT_3D('',#7416,#3745,#3746);
#3166=AXIS2_PLACEMENT_3D('',#7467,#3749,#3750);
#3167=AXIS2_PLACEMENT_3D('',#7470,#3753,#3754);
#3168=AXIS2_PLACEMENT_3D('',#7471,#3755,#3756);
#3169=AXIS2_PLACEMENT_3D('',#7522,#3759,#3760);
#3170=AXIS2_PLACEMENT_3D('',#7525,#3763,#3764);
#3171=AXIS2_PLACEMENT_3D('',#7526,#3765,#3766);
#3172=AXIS2_PLACEMENT_3D('',#7577,#3769,#3770);
#3173=AXIS2_PLACEMENT_3D('',#7580,#3773,#3774);
#3174=AXIS2_PLACEMENT_3D('',#7581,#3775,#3776);
#3175=AXIS2_PLACEMENT_3D('',#7632,#3779,#3780);
#3176=AXIS2_PLACEMENT_3D('',#7635,#3783,#3784);
#3177=AXIS2_PLACEMENT_3D('',#7636,#3785,#3786);
#3178=AXIS2_PLACEMENT_3D('',#7687,#3789,#3790);
#3179=AXIS2_PLACEMENT_3D('',#7690,#3793,#3794);
#3180=AXIS2_PLACEMENT_3D('',#7691,#3795,#3796);
#3181=AXIS2_PLACEMENT_3D('',#7742,#3799,#3800);
#3182=AXIS2_PLACEMENT_3D('',#7745,#3803,#3804);
#3183=AXIS2_PLACEMENT_3D('',#7746,#3805,#3806);
#3184=AXIS2_PLACEMENT_3D('',#7797,#3809,#3810);
#3185=AXIS2_PLACEMENT_3D('',#7800,#3813,#3814);
#3186=AXIS2_PLACEMENT_3D('',#7801,#3815,#3816);
#3187=AXIS2_PLACEMENT_3D('',#7852,#3819,#3820);
#3188=AXIS2_PLACEMENT_3D('',#7855,#3823,#3824);
#3189=AXIS2_PLACEMENT_3D('',#7856,#3825,#3826);
#3190=AXIS2_PLACEMENT_3D('',#7907,#3829,#3830);
#3191=AXIS2_PLACEMENT_3D('',#7910,#3833,#3834);
#3192=AXIS2_PLACEMENT_3D('',#7911,#3835,#3836);
#3193=AXIS2_PLACEMENT_3D('',#7962,#3839,#3840);
#3194=AXIS2_PLACEMENT_3D('',#7965,#3843,#3844);
#3195=AXIS2_PLACEMENT_3D('',#7966,#3845,#3846);
#3196=AXIS2_PLACEMENT_3D('',#8017,#3849,#3850);
#3197=AXIS2_PLACEMENT_3D('',#8020,#3853,#3854);
#3198=AXIS2_PLACEMENT_3D('',#8021,#3855,#3856);
#3199=AXIS2_PLACEMENT_3D('',#8072,#3859,#3860);
#3200=AXIS2_PLACEMENT_3D('',#8075,#3863,#3864);
#3201=AXIS2_PLACEMENT_3D('',#8076,#3865,#3866);
#3202=AXIS2_PLACEMENT_3D('',#8127,#3869,#3870);
#3203=AXIS2_PLACEMENT_3D('',#8130,#3873,#3874);
#3204=AXIS2_PLACEMENT_3D('',#8131,#3875,#3876);
#3205=AXIS2_PLACEMENT_3D('',#8182,#3879,#3880);
#3206=AXIS2_PLACEMENT_3D('',#8185,#3883,#3884);
#3207=AXIS2_PLACEMENT_3D('',#8186,#3885,#3886);
#3208=AXIS2_PLACEMENT_3D('',#8237,#3889,#3890);
#3209=AXIS2_PLACEMENT_3D('',#8240,#3893,#3894);
#3210=AXIS2_PLACEMENT_3D('',#8241,#3895,#3896);
#3211=AXIS2_PLACEMENT_3D('',#8292,#3899,#3900);
#3212=AXIS2_PLACEMENT_3D('',#8295,#3903,#3904);
#3213=AXIS2_PLACEMENT_3D('',#8296,#3905,#3906);
#3214=AXIS2_PLACEMENT_3D('',#8347,#3909,#3910);
#3215=AXIS2_PLACEMENT_3D('',#8350,#3913,#3914);
#3216=AXIS2_PLACEMENT_3D('',#8351,#3915,#3916);
#3217=AXIS2_PLACEMENT_3D('',#8402,#3919,#3920);
#3218=AXIS2_PLACEMENT_3D('',#8405,#3923,#3924);
#3219=AXIS2_PLACEMENT_3D('',#8406,#3925,#3926);
#3220=AXIS2_PLACEMENT_3D('',#8457,#3929,#3930);
#3221=AXIS2_PLACEMENT_3D('',#8460,#3933,#3934);
#3222=AXIS2_PLACEMENT_3D('',#8461,#3935,#3936);
#3223=AXIS2_PLACEMENT_3D('',#8512,#3939,#3940);
#3224=AXIS2_PLACEMENT_3D('',#8515,#3943,#3944);
#3225=AXIS2_PLACEMENT_3D('',#8516,#3945,#3946);
#3226=AXIS2_PLACEMENT_3D('',#8567,#3949,#3950);
#3227=AXIS2_PLACEMENT_3D('',#8570,#3953,#3954);
#3228=AXIS2_PLACEMENT_3D('',#8571,#3955,#3956);
#3229=AXIS2_PLACEMENT_3D('',#8622,#3959,#3960);
#3230=AXIS2_PLACEMENT_3D('',#8625,#3963,#3964);
#3231=AXIS2_PLACEMENT_3D('',#8626,#3965,#3966);
#3232=AXIS2_PLACEMENT_3D('',#8677,#3969,#3970);
#3233=AXIS2_PLACEMENT_3D('',#8680,#3973,#3974);
#3234=AXIS2_PLACEMENT_3D('',#8681,#3975,#3976);
#3235=AXIS2_PLACEMENT_3D('',#8682,#3977,#3978);
#3236=AXIS2_PLACEMENT_3D('',#8683,#3979,#3980);
#3237=AXIS2_PLACEMENT_3D('',#8685,#3981,#3982);
#3238=AXIS2_PLACEMENT_3D('',#8698,#3989,#3990);
#3239=AXIS2_PLACEMENT_3D('',#8699,#3991,#3992);
#3240=AXIS2_PLACEMENT_3D('',#8701,#3993,#3994);
#3241=AXIS2_PLACEMENT_3D('',#8714,#4001,#4002);
#3242=AXIS2_PLACEMENT_3D('',#8717,#4005,#4006);
#3243=AXIS2_PLACEMENT_3D('',#8719,#4008,#4009);
#3244=AXIS2_PLACEMENT_3D('',#8721,#4011,#4012);
#3245=AXIS2_PLACEMENT_3D('',#8723,#4014,#4015);
#3246=AXIS2_PLACEMENT_3D('',#8725,#4017,#4018);
#3247=DIRECTION('',(0.,0.,1.));
#3248=DIRECTION('',(1.,0.,0.));
#3249=DIRECTION('',(0.,0.,-1.));
#3250=DIRECTION('',(-6.12323399573677E-17,-1.,0.));
#3251=DIRECTION('',(0.,0.,-1.));
#3252=DIRECTION('',(0.,0.,1.));
#3253=DIRECTION('',(6.12323399573677E-17,1.,0.));
#3254=DIRECTION('',(0.,0.,-1.));
#3255=DIRECTION('',(0.,0.,1.));
#3256=DIRECTION('',(6.12323399573677E-17,1.,0.));
#3257=DIRECTION('',(0.,0.,-1.));
#3258=DIRECTION('',(-6.12323399573677E-17,-1.,0.));
#3259=DIRECTION('',(0.,0.,1.));
#3260=DIRECTION('',(6.12323399573677E-17,1.,0.));
#3261=DIRECTION('',(0.,0.,-1.));
#3262=DIRECTION('',(0.,0.,1.));
#3263=DIRECTION('',(6.12323399573677E-17,1.,0.));
#3264=DIRECTION('',(0.,0.,-1.));
#3265=DIRECTION('',(0.,0.,-1.));
#3266=DIRECTION('',(-6.12323399573677E-17,-1.,0.));
#3267=DIRECTION('',(0.,0.,-1.));
#3268=DIRECTION('',(0.,0.,1.));
#3269=DIRECTION('',(6.12323399573677E-17,1.,0.));
#3270=DIRECTION('',(0.,0.,-1.));
#3271=DIRECTION('',(0.,0.,1.));
#3272=DIRECTION('',(6.12323399573677E-17,1.,0.));
#3273=DIRECTION('',(0.,0.,-1.));
#3274=DIRECTION('',(-6.12323399573677E-17,-1.,0.));
#3275=DIRECTION('',(0.,0.,1.));
#3276=DIRECTION('',(6.12323399573677E-17,1.,0.));
#3277=DIRECTION('',(0.,0.,-1.));
#3278=DIRECTION('',(0.,0.,1.));
#3279=DIRECTION('',(6.12323399573677E-17,1.,0.));
#3280=DIRECTION('',(0.,0.,-1.));
#3281=DIRECTION('',(0.,0.,-1.));
#3282=DIRECTION('',(-6.12323399573677E-17,-1.,0.));
#3283=DIRECTION('',(0.,0.,-1.));
#3284=DIRECTION('',(0.,0.,1.));
#3285=DIRECTION('',(6.12323399573677E-17,1.,0.));
#3286=DIRECTION('',(0.,0.,-1.));
#3287=DIRECTION('',(0.,0.,1.));
#3288=DIRECTION('',(6.12323399573677E-17,1.,0.));
#3289=DIRECTION('',(0.,0.,-1.));
#3290=DIRECTION('',(-6.12323399573677E-17,-1.,0.));
#3291=DIRECTION('',(0.,0.,-1.));
#3292=DIRECTION('',(0.,0.,1.));
#3293=DIRECTION('',(6.12323399573677E-17,1.,0.));
#3294=DIRECTION('',(0.,0.,-1.));
#3295=DIRECTION('',(0.,0.,1.));
#3296=DIRECTION('',(6.12323399573677E-17,1.,0.));
#3297=DIRECTION('',(0.,0.,-1.));
#3298=DIRECTION('',(-6.12323399573677E-17,-1.,0.));
#3299=DIRECTION('',(0.,0.,-1.));
#3300=DIRECTION('',(0.,0.,1.));
#3301=DIRECTION('',(6.12323399573677E-17,1.,0.));
#3302=DIRECTION('',(0.,0.,-1.));
#3303=DIRECTION('',(0.,0.,1.));
#3304=DIRECTION('',(6.12323399573677E-17,1.,0.));
#3305=DIRECTION('',(0.,0.,-1.));
#3306=DIRECTION('',(-6.12323399573677E-17,-1.,0.));
#3307=DIRECTION('',(0.,0.,1.));
#3308=DIRECTION('',(6.12323399573677E-17,1.,0.));
#3309=DIRECTION('',(0.,0.,-1.));
#3310=DIRECTION('',(0.,0.,1.));
#3311=DIRECTION('',(6.12323399573677E-17,1.,0.));
#3312=DIRECTION('',(0.,0.,-1.));
#3313=DIRECTION('',(0.,0.,-1.));
#3314=DIRECTION('',(-6.12323399573677E-17,-1.,0.));
#3315=DIRECTION('',(0.,0.,-1.));
#3316=DIRECTION('',(0.,0.,1.));
#3317=DIRECTION('',(6.12323399573677E-17,1.,0.));
#3318=DIRECTION('',(0.,0.,-1.));
#3319=DIRECTION('',(0.,0.,1.));
#3320=DIRECTION('',(6.12323399573677E-17,1.,0.));
#3321=DIRECTION('',(0.,0.,-1.));
#3322=DIRECTION('',(-6.12323399573677E-17,-1.,0.));
#3323=DIRECTION('',(0.,0.,-1.));
#3324=DIRECTION('',(0.,0.,1.));
#3325=DIRECTION('',(6.12323399573677E-17,1.,0.));
#3326=DIRECTION('',(0.,0.,-1.));
#3327=DIRECTION('',(0.,0.,1.));
#3328=DIRECTION('',(6.12323399573677E-17,1.,0.));
#3329=DIRECTION('',(0.,0.,-1.));
#3330=DIRECTION('',(-6.12323399573677E-17,-1.,0.));
#3331=DIRECTION('',(0.,0.,-1.));
#3332=DIRECTION('',(0.,0.,1.));
#3333=DIRECTION('',(6.12323399573677E-17,1.,0.));
#3334=DIRECTION('',(0.,0.,-1.));
#3335=DIRECTION('',(0.,0.,1.));
#3336=DIRECTION('',(6.12323399573677E-17,1.,0.));
#3337=DIRECTION('',(0.,0.,-1.));
#3338=DIRECTION('',(-6.12323399573677E-17,-1.,0.));
#3339=DIRECTION('',(0.,0.,-1.));
#3340=DIRECTION('',(0.,0.,1.));
#3341=DIRECTION('',(6.12323399573677E-17,1.,0.));
#3342=DIRECTION('',(0.,0.,-1.));
#3343=DIRECTION('',(0.,0.,1.));
#3344=DIRECTION('',(6.12323399573677E-17,1.,0.));
#3345=DIRECTION('',(0.,0.,-1.));
#3346=DIRECTION('',(-6.12323399573677E-17,-1.,0.));
#3347=DIRECTION('',(0.,0.,-1.));
#3348=DIRECTION('',(0.,0.,1.));
#3349=DIRECTION('',(6.12323399573677E-17,1.,0.));
#3350=DIRECTION('',(0.,0.,-1.));
#3351=DIRECTION('',(0.,0.,1.));
#3352=DIRECTION('',(6.12323399573677E-17,1.,0.));
#3353=DIRECTION('',(0.,0.,-1.));
#3354=DIRECTION('',(-6.12323399573677E-17,-1.,0.));
#3355=DIRECTION('',(0.,0.,1.));
#3356=DIRECTION('',(6.12323399573677E-17,1.,0.));
#3357=DIRECTION('',(0.,0.,-1.));
#3358=DIRECTION('',(0.,0.,1.));
#3359=DIRECTION('',(6.12323399573677E-17,1.,0.));
#3360=DIRECTION('',(0.,0.,-1.));
#3361=DIRECTION('',(0.,0.,-1.));
#3362=DIRECTION('',(-6.12323399573677E-17,-1.,0.));
#3363=DIRECTION('',(0.,0.,-1.));
#3364=DIRECTION('',(0.,0.,1.));
#3365=DIRECTION('',(6.12323399573677E-17,1.,0.));
#3366=DIRECTION('',(0.,0.,-1.));
#3367=DIRECTION('',(0.,0.,1.));
#3368=DIRECTION('',(6.12323399573677E-17,1.,0.));
#3369=DIRECTION('',(0.,0.,-1.));
#3370=DIRECTION('',(-6.12323399573677E-17,-1.,0.));
#3371=DIRECTION('',(0.,0.,1.));
#3372=DIRECTION('',(6.12323399573677E-17,1.,0.));
#3373=DIRECTION('',(0.,0.,-1.));
#3374=DIRECTION('',(0.,0.,1.));
#3375=DIRECTION('',(6.12323399573677E-17,1.,0.));
#3376=DIRECTION('',(0.,0.,-1.));
#3377=DIRECTION('',(0.,0.,-1.));
#3378=DIRECTION('',(-6.12323399573677E-17,-1.,0.));
#3379=DIRECTION('',(0.,0.,-1.));
#3380=DIRECTION('',(0.,0.,1.));
#3381=DIRECTION('',(6.12323399573677E-17,1.,0.));
#3382=DIRECTION('',(0.,0.,-1.));
#3383=DIRECTION('',(0.,0.,1.));
#3384=DIRECTION('',(6.12323399573677E-17,1.,0.));
#3385=DIRECTION('',(0.,0.,-1.));
#3386=DIRECTION('',(-6.12323399573677E-17,-1.,0.));
#3387=DIRECTION('',(0.,0.,-1.));
#3388=DIRECTION('',(0.,0.,1.));
#3389=DIRECTION('',(6.12323399573677E-17,1.,0.));
#3390=DIRECTION('',(0.,0.,-1.));
#3391=DIRECTION('',(0.,0.,1.));
#3392=DIRECTION('',(6.12323399573677E-17,1.,0.));
#3393=DIRECTION('',(0.,0.,-1.));
#3394=DIRECTION('',(-6.12323399573677E-17,-1.,0.));
#3395=DIRECTION('',(0.,0.,1.));
#3396=DIRECTION('',(6.12323399573677E-17,1.,0.));
#3397=DIRECTION('',(0.,0.,-1.));
#3398=DIRECTION('',(0.,0.,1.));
#3399=DIRECTION('',(6.12323399573677E-17,1.,0.));
#3400=DIRECTION('',(0.,0.,-1.));
#3401=DIRECTION('',(0.,0.,-1.));
#3402=DIRECTION('',(-6.12323399573677E-17,-1.,0.));
#3403=DIRECTION('',(0.,0.,-1.));
#3404=DIRECTION('',(0.,0.,1.));
#3405=DIRECTION('',(6.12323399573677E-17,1.,0.));
#3406=DIRECTION('',(0.,0.,-1.));
#3407=DIRECTION('',(0.,0.,1.));
#3408=DIRECTION('',(6.12323399573677E-17,1.,0.));
#3409=DIRECTION('',(0.,0.,-1.));
#3410=DIRECTION('',(-6.12323399573677E-17,-1.,0.));
#3411=DIRECTION('',(0.,0.,-1.));
#3412=DIRECTION('',(0.,0.,1.));
#3413=DIRECTION('',(6.12323399573677E-17,1.,0.));
#3414=DIRECTION('',(0.,0.,-1.));
#3415=DIRECTION('',(0.,0.,1.));
#3416=DIRECTION('',(6.12323399573677E-17,1.,0.));
#3417=DIRECTION('',(0.,0.,-1.));
#3418=DIRECTION('',(-6.12323399573677E-17,-1.,0.));
#3419=DIRECTION('',(0.,0.,-1.));
#3420=DIRECTION('',(0.,0.,1.));
#3421=DIRECTION('',(6.12323399573677E-17,1.,0.));
#3422=DIRECTION('',(0.,0.,-1.));
#3423=DIRECTION('',(0.,0.,1.));
#3424=DIRECTION('',(6.12323399573677E-17,1.,0.));
#3425=DIRECTION('',(0.,0.,-1.));
#3426=DIRECTION('',(-6.12323399573677E-17,-1.,0.));
#3427=DIRECTION('',(0.,0.,1.));
#3428=DIRECTION('',(6.12323399573677E-17,1.,0.));
#3429=DIRECTION('',(0.,0.,-1.));
#3430=DIRECTION('',(0.,0.,1.));
#3431=DIRECTION('',(6.12323399573677E-17,1.,0.));
#3432=DIRECTION('',(0.,0.,-1.));
#3433=DIRECTION('',(0.,0.,1.));
#3434=DIRECTION('',(6.12323399573677E-17,1.,0.));
#3435=DIRECTION('',(0.,0.,1.));
#3436=DIRECTION('',(1.,0.,0.));
#3437=DIRECTION('',(0.,0.,1.));
#3438=DIRECTION('',(0.258819045102521,-0.965925826289068,0.));
#3439=DIRECTION('',(0.,0.,1.));
#3440=DIRECTION('',(0.5,-0.866025403784439,0.));
#3441=DIRECTION('',(0.,0.,1.));
#3442=DIRECTION('',(0.5,-0.866025403784439,0.));
#3443=DIRECTION('',(0.,0.,1.));
#3444=DIRECTION('',(0.5,-0.866025403784439,0.));
#3445=DIRECTION('',(0.,0.,1.));
#3446=DIRECTION('',(0.707106781186548,-0.707106781186548,0.));
#3447=DIRECTION('',(0.,0.,1.));
#3448=DIRECTION('',(0.707106781186548,-0.707106781186548,0.));
#3449=DIRECTION('',(0.,0.,1.));
#3450=DIRECTION('',(0.707106781186548,-0.707106781186548,0.));
#3451=DIRECTION('',(0.,0.,1.));
#3452=DIRECTION('',(0.866025403784438,-0.5,0.));
#3453=DIRECTION('',(0.,0.,1.));
#3454=DIRECTION('',(0.866025403784438,-0.5,0.));
#3455=DIRECTION('',(0.,0.,1.));
#3456=DIRECTION('',(0.866025403784438,-0.5,0.));
#3457=DIRECTION('',(0.,0.,1.));
#3458=DIRECTION('',(0.965925826289068,-0.258819045102521,0.));
#3459=DIRECTION('',(0.,0.,1.));
#3460=DIRECTION('',(0.965925826289068,-0.258819045102521,0.));
#3461=DIRECTION('',(0.,0.,1.));
#3462=DIRECTION('',(0.965925826289068,-0.258819045102521,0.));
#3463=DIRECTION('',(0.,0.,1.));
#3464=DIRECTION('',(1.,-2.4492935982947E-16,0.));
#3465=DIRECTION('',(0.,0.,1.));
#3466=DIRECTION('',(1.,-2.4492935982947E-16,0.));
#3467=DIRECTION('',(0.,0.,1.));
#3468=DIRECTION('',(1.,-2.4492935982947E-16,0.));
#3469=DIRECTION('',(0.,0.,1.));
#3470=DIRECTION('',(0.965925826289068,0.258819045102521,0.));
#3471=DIRECTION('',(0.,0.,1.));
#3472=DIRECTION('',(0.965925826289068,0.258819045102521,0.));
#3473=DIRECTION('',(0.,0.,1.));
#3474=DIRECTION('',(0.965925826289068,0.258819045102521,0.));
#3475=DIRECTION('',(0.,0.,1.));
#3476=DIRECTION('',(0.866025403784439,0.5,0.));
#3477=DIRECTION('',(0.,0.,1.));
#3478=DIRECTION('',(0.866025403784439,0.5,0.));
#3479=DIRECTION('',(0.,0.,1.));
#3480=DIRECTION('',(0.866025403784439,0.5,0.));
#3481=DIRECTION('',(0.,0.,1.));
#3482=DIRECTION('',(0.707106781186548,0.707106781186547,0.));
#3483=DIRECTION('',(0.,0.,1.));
#3484=DIRECTION('',(0.707106781186548,0.707106781186547,0.));
#3485=DIRECTION('',(0.,0.,1.));
#3486=DIRECTION('',(0.707106781186548,0.707106781186547,0.));
#3487=DIRECTION('',(0.,0.,1.));
#3488=DIRECTION('',(0.5,0.866025403784438,0.));
#3489=DIRECTION('',(0.,0.,1.));
#3490=DIRECTION('',(0.5,0.866025403784438,0.));
#3491=DIRECTION('',(0.,0.,1.));
#3492=DIRECTION('',(0.5,0.866025403784438,0.));
#3493=DIRECTION('',(0.,0.,1.));
#3494=DIRECTION('',(0.258819045102521,0.965925826289068,0.));
#3495=DIRECTION('',(0.,0.,1.));
#3496=DIRECTION('',(0.258819045102521,0.965925826289068,0.));
#3497=DIRECTION('',(0.,0.,1.));
#3498=DIRECTION('',(0.258819045102521,0.965925826289068,0.));
#3499=DIRECTION('',(0.,0.,1.));
#3500=DIRECTION('',(6.12323399573677E-17,1.,0.));
#3501=DIRECTION('',(0.,0.,1.));
#3502=DIRECTION('',(6.12323399573677E-17,1.,0.));
#3503=DIRECTION('',(0.,0.,1.));
#3504=DIRECTION('',(6.12323399573677E-17,1.,0.));
#3505=DIRECTION('',(0.,0.,1.));
#3506=DIRECTION('',(6.12323399573677E-17,1.,0.));
#3507=DIRECTION('',(0.,0.,1.));
#3508=DIRECTION('',(-0.258819045102521,0.965925826289068,0.));
#3509=DIRECTION('',(0.,0.,1.));
#3510=DIRECTION('',(-0.258819045102521,0.965925826289068,0.));
#3511=DIRECTION('',(0.,0.,1.));
#3512=DIRECTION('',(-0.258819045102521,0.965925826289068,0.));
#3513=DIRECTION('',(0.,0.,1.));
#3514=DIRECTION('',(-0.5,0.866025403784439,0.));
#3515=DIRECTION('',(0.,0.,1.));
#3516=DIRECTION('',(-0.5,0.866025403784439,0.));
#3517=DIRECTION('',(0.,0.,1.));
#3518=DIRECTION('',(-0.5,0.866025403784439,0.));
#3519=DIRECTION('',(0.,0.,1.));
#3520=DIRECTION('',(-0.707106781186548,0.707106781186548,0.));
#3521=DIRECTION('',(0.,0.,1.));
#3522=DIRECTION('',(-0.707106781186548,0.707106781186548,0.));
#3523=DIRECTION('',(0.,0.,1.));
#3524=DIRECTION('',(-0.707106781186548,0.707106781186548,0.));
#3525=DIRECTION('',(0.,0.,1.));
#3526=DIRECTION('',(-0.866025403784439,0.5,0.));
#3527=DIRECTION('',(0.,0.,1.));
#3528=DIRECTION('',(-0.866025403784439,0.5,0.));
#3529=DIRECTION('',(0.,0.,1.));
#3530=DIRECTION('',(-0.866025403784439,0.5,0.));
#3531=DIRECTION('',(0.,0.,1.));
#3532=DIRECTION('',(-0.965925826289068,0.258819045102521,0.));
#3533=DIRECTION('',(0.,0.,1.));
#3534=DIRECTION('',(-0.965925826289068,0.258819045102521,0.));
#3535=DIRECTION('',(0.,0.,1.));
#3536=DIRECTION('',(-0.965925826289068,0.258819045102521,0.));
#3537=DIRECTION('',(0.,0.,1.));
#3538=DIRECTION('',(-1.,1.22464679914735E-16,0.));
#3539=DIRECTION('',(0.,0.,1.));
#3540=DIRECTION('',(-1.,1.22464679914735E-16,0.));
#3541=DIRECTION('',(0.,0.,1.));
#3542=DIRECTION('',(-1.,1.22464679914735E-16,0.));
#3543=DIRECTION('',(0.,0.,1.));
#3544=DIRECTION('',(-0.965925826289068,-0.258819045102521,0.));
#3545=DIRECTION('',(0.,0.,1.));
#3546=DIRECTION('',(-0.965925826289068,-0.258819045102521,0.));
#3547=DIRECTION('',(0.,0.,1.));
#3548=DIRECTION('',(-0.965925826289068,-0.258819045102521,0.));
#3549=DIRECTION('',(0.,0.,1.));
#3550=DIRECTION('',(-0.866025403784439,-0.5,0.));
#3551=DIRECTION('',(0.,0.,1.));
#3552=DIRECTION('',(-0.866025403784439,-0.5,0.));
#3553=DIRECTION('',(0.,0.,1.));
#3554=DIRECTION('',(-0.866025403784439,-0.5,0.));
#3555=DIRECTION('',(0.,0.,1.));
#3556=DIRECTION('',(-0.707106781186548,-0.707106781186548,0.));
#3557=DIRECTION('',(0.,0.,1.));
#3558=DIRECTION('',(-0.707106781186548,-0.707106781186548,0.));
#3559=DIRECTION('',(0.,0.,1.));
#3560=DIRECTION('',(-0.707106781186548,-0.707106781186548,0.));
#3561=DIRECTION('',(0.,0.,1.));
#3562=DIRECTION('',(-0.5,-0.866025403784439,0.));
#3563=DIRECTION('',(0.,0.,1.));
#3564=DIRECTION('',(-0.5,-0.866025403784439,0.));
#3565=DIRECTION('',(0.,0.,1.));
#3566=DIRECTION('',(-0.5,-0.866025403784439,0.));
#3567=DIRECTION('',(0.,0.,1.));
#3568=DIRECTION('',(-0.258819045102521,-0.965925826289068,0.));
#3569=DIRECTION('',(0.,0.,1.));
#3570=DIRECTION('',(-0.258819045102521,-0.965925826289068,0.));
#3571=DIRECTION('',(0.,0.,1.));
#3572=DIRECTION('',(-0.258819045102521,-0.965925826289068,0.));
#3573=DIRECTION('',(0.,0.,1.));
#3574=DIRECTION('',(-1.83697019872103E-16,-1.,0.));
#3575=DIRECTION('',(0.,0.,1.));
#3576=DIRECTION('',(-1.83697019872103E-16,-1.,0.));
#3577=DIRECTION('',(0.,0.,1.));
#3578=DIRECTION('',(-1.83697019872103E-16,-1.,0.));
#3579=DIRECTION('',(0.,0.,1.));
#3580=DIRECTION('',(0.258819045102521,-0.965925826289068,0.));
#3581=DIRECTION('',(0.,0.,1.));
#3582=DIRECTION('',(0.258819045102521,-0.965925826289068,0.));
#3583=DIRECTION('',(0.,0.,-1.));
#3584=DIRECTION('',(-6.12323399573677E-17,-1.,0.));
#3585=DIRECTION('',(0.,0.,-1.));
#3586=DIRECTION('',(0.,0.,1.));
#3587=DIRECTION('',(6.12323399573677E-17,1.,0.));
#3588=DIRECTION('',(0.,0.,-1.));
#3589=DIRECTION('',(0.,0.,1.));
#3590=DIRECTION('',(6.12323399573677E-17,1.,0.));
#3591=DIRECTION('',(0.,0.,1.));
#3592=DIRECTION('',(1.,0.,0.));
#3593=DIRECTION('',(0.,0.,1.));
#3594=DIRECTION('',(0.258819045102521,-0.965925826289068,0.));
#3595=DIRECTION('',(0.,0.,1.));
#3596=DIRECTION('',(-1.83697019872103E-16,-1.,0.));
#3597=DIRECTION('',(0.,0.,1.));
#3598=DIRECTION('',(-1.83697019872103E-16,-1.,0.));
#3599=DIRECTION('',(0.,0.,1.));
#3600=DIRECTION('',(-1.83697019872103E-16,-1.,0.));
#3601=DIRECTION('',(0.,0.,1.));
#3602=DIRECTION('',(-0.258819045102521,-0.965925826289068,0.));
#3603=DIRECTION('',(0.,0.,1.));
#3604=DIRECTION('',(-0.258819045102521,-0.965925826289068,0.));
#3605=DIRECTION('',(0.,0.,1.));
#3606=DIRECTION('',(-0.258819045102521,-0.965925826289068,0.));
#3607=DIRECTION('',(0.,0.,1.));
#3608=DIRECTION('',(-0.5,-0.866025403784439,0.));
#3609=DIRECTION('',(0.,0.,1.));
#3610=DIRECTION('',(-0.5,-0.866025403784439,0.));
#3611=DIRECTION('',(0.,0.,1.));
#3612=DIRECTION('',(-0.5,-0.866025403784439,0.));
#3613=DIRECTION('',(0.,0.,1.));
#3614=DIRECTION('',(-0.707106781186548,-0.707106781186548,0.));
#3615=DIRECTION('',(0.,0.,1.));
#3616=DIRECTION('',(-0.707106781186548,-0.707106781186548,0.));
#3617=DIRECTION('',(0.,0.,1.));
#3618=DIRECTION('',(-0.707106781186548,-0.707106781186548,0.));
#3619=DIRECTION('',(0.,0.,1.));
#3620=DIRECTION('',(-0.866025403784439,-0.5,0.));
#3621=DIRECTION('',(0.,0.,1.));
#3622=DIRECTION('',(-0.866025403784439,-0.5,0.));
#3623=DIRECTION('',(0.,0.,1.));
#3624=DIRECTION('',(-0.866025403784439,-0.5,0.));
#3625=DIRECTION('',(0.,0.,1.));
#3626=DIRECTION('',(-0.965925826289068,-0.258819045102521,0.));
#3627=DIRECTION('',(0.,0.,1.));
#3628=DIRECTION('',(-0.965925826289068,-0.258819045102521,0.));
#3629=DIRECTION('',(0.,0.,1.));
#3630=DIRECTION('',(-0.965925826289068,-0.258819045102521,0.));
#3631=DIRECTION('',(0.,0.,1.));
#3632=DIRECTION('',(-1.,1.22464679914735E-16,0.));
#3633=DIRECTION('',(0.,0.,1.));
#3634=DIRECTION('',(-1.,1.22464679914735E-16,0.));
#3635=DIRECTION('',(0.,0.,1.));
#3636=DIRECTION('',(-1.,1.22464679914735E-16,0.));
#3637=DIRECTION('',(0.,0.,1.));
#3638=DIRECTION('',(-0.965925826289068,0.258819045102521,0.));
#3639=DIRECTION('',(0.,0.,1.));
#3640=DIRECTION('',(-0.965925826289068,0.258819045102521,0.));
#3641=DIRECTION('',(0.,0.,1.));
#3642=DIRECTION('',(-0.965925826289068,0.258819045102521,0.));
#3643=DIRECTION('',(0.,0.,1.));
#3644=DIRECTION('',(-0.866025403784439,0.5,0.));
#3645=DIRECTION('',(0.,0.,1.));
#3646=DIRECTION('',(-0.866025403784439,0.5,0.));
#3647=DIRECTION('',(0.,0.,1.));
#3648=DIRECTION('',(-0.866025403784439,0.5,0.));
#3649=DIRECTION('',(0.,0.,1.));
#3650=DIRECTION('',(-0.707106781186548,0.707106781186548,0.));
#3651=DIRECTION('',(0.,0.,1.));
#3652=DIRECTION('',(-0.707106781186548,0.707106781186548,0.));
#3653=DIRECTION('',(0.,0.,1.));
#3654=DIRECTION('',(-0.707106781186548,0.707106781186548,0.));
#3655=DIRECTION('',(0.,0.,1.));
#3656=DIRECTION('',(-0.5,0.866025403784439,0.));
#3657=DIRECTION('',(0.,0.,1.));
#3658=DIRECTION('',(-0.5,0.866025403784439,0.));
#3659=DIRECTION('',(0.,0.,1.));
#3660=DIRECTION('',(-0.5,0.866025403784439,0.));
#3661=DIRECTION('',(0.,0.,1.));
#3662=DIRECTION('',(-0.258819045102521,0.965925826289068,0.));
#3663=DIRECTION('',(0.,0.,1.));
#3664=DIRECTION('',(-0.258819045102521,0.965925826289068,0.));
#3665=DIRECTION('',(0.,0.,1.));
#3666=DIRECTION('',(-0.258819045102521,0.965925826289068,0.));
#3667=DIRECTION('',(0.,0.,1.));
#3668=DIRECTION('',(6.12323399573677E-17,1.,0.));
#3669=DIRECTION('',(0.,0.,1.));
#3670=DIRECTION('',(6.12323399573677E-17,1.,0.));
#3671=DIRECTION('',(0.,0.,1.));
#3672=DIRECTION('',(6.12323399573677E-17,1.,0.));
#3673=DIRECTION('',(0.,0.,1.));
#3674=DIRECTION('',(0.258819045102521,0.965925826289068,0.));
#3675=DIRECTION('',(0.,0.,1.));
#3676=DIRECTION('',(0.258819045102521,0.965925826289068,0.));
#3677=DIRECTION('',(0.,0.,1.));
#3678=DIRECTION('',(0.258819045102521,0.965925826289068,0.));
#3679=DIRECTION('',(0.,0.,1.));
#3680=DIRECTION('',(0.5,0.866025403784438,0.));
#3681=DIRECTION('',(0.,0.,1.));
#3682=DIRECTION('',(0.5,0.866025403784438,0.));
#3683=DIRECTION('',(0.,0.,1.));
#3684=DIRECTION('',(0.5,0.866025403784438,0.));
#3685=DIRECTION('',(0.,0.,1.));
#3686=DIRECTION('',(0.707106781186548,0.707106781186547,0.));
#3687=DIRECTION('',(0.,0.,1.));
#3688=DIRECTION('',(0.707106781186548,0.707106781186547,0.));
#3689=DIRECTION('',(0.,0.,1.));
#3690=DIRECTION('',(0.707106781186548,0.707106781186547,0.));
#3691=DIRECTION('',(0.,0.,1.));
#3692=DIRECTION('',(0.866025403784439,0.5,0.));
#3693=DIRECTION('',(0.,0.,1.));
#3694=DIRECTION('',(0.866025403784439,0.5,0.));
#3695=DIRECTION('',(0.,0.,1.));
#3696=DIRECTION('',(0.866025403784439,0.5,0.));
#3697=DIRECTION('',(0.,0.,1.));
#3698=DIRECTION('',(0.965925826289068,0.258819045102521,0.));
#3699=DIRECTION('',(0.,0.,1.));
#3700=DIRECTION('',(0.965925826289068,0.258819045102521,0.));
#3701=DIRECTION('',(0.,0.,1.));
#3702=DIRECTION('',(0.965925826289068,0.258819045102521,0.));
#3703=DIRECTION('',(0.,0.,1.));
#3704=DIRECTION('',(1.,-2.4492935982947E-16,0.));
#3705=DIRECTION('',(0.,0.,1.));
#3706=DIRECTION('',(1.,-2.4492935982947E-16,0.));
#3707=DIRECTION('',(0.,0.,1.));
#3708=DIRECTION('',(1.,-2.4492935982947E-16,0.));
#3709=DIRECTION('',(0.,0.,1.));
#3710=DIRECTION('',(0.965925826289068,-0.258819045102521,0.));
#3711=DIRECTION('',(0.,0.,1.));
#3712=DIRECTION('',(0.965925826289068,-0.258819045102521,0.));
#3713=DIRECTION('',(0.,0.,1.));
#3714=DIRECTION('',(0.965925826289068,-0.258819045102521,0.));
#3715=DIRECTION('',(0.,0.,1.));
#3716=DIRECTION('',(0.866025403784438,-0.5,0.));
#3717=DIRECTION('',(0.,0.,1.));
#3718=DIRECTION('',(0.866025403784438,-0.5,0.));
#3719=DIRECTION('',(0.,0.,1.));
#3720=DIRECTION('',(0.866025403784438,-0.5,0.));
#3721=DIRECTION('',(0.,0.,1.));
#3722=DIRECTION('',(0.707106781186548,-0.707106781186548,0.));
#3723=DIRECTION('',(0.,0.,1.));
#3724=DIRECTION('',(0.707106781186548,-0.707106781186548,0.));
#3725=DIRECTION('',(0.,0.,1.));
#3726=DIRECTION('',(0.707106781186548,-0.707106781186548,0.));
#3727=DIRECTION('',(0.,0.,1.));
#3728=DIRECTION('',(0.5,-0.866025403784439,0.));
#3729=DIRECTION('',(0.,0.,1.));
#3730=DIRECTION('',(0.5,-0.866025403784439,0.));
#3731=DIRECTION('',(0.,0.,1.));
#3732=DIRECTION('',(0.5,-0.866025403784439,0.));
#3733=DIRECTION('',(0.,0.,1.));
#3734=DIRECTION('',(0.258819045102521,-0.965925826289068,0.));
#3735=DIRECTION('',(0.,0.,1.));
#3736=DIRECTION('',(0.258819045102521,-0.965925826289068,0.));
#3737=DIRECTION('',(0.,0.,-1.));
#3738=DIRECTION('',(0.,0.,-1.));
#3739=DIRECTION('',(0.,0.,-1.));
#3740=DIRECTION('',(-6.12323399573677E-17,-1.,0.));
#3741=DIRECTION('',(0.,0.,-1.));
#3742=DIRECTION('',(0.,0.,-1.));
#3743=DIRECTION('',(0.,0.,-1.));
#3744=DIRECTION('',(-6.12323399573677E-17,-1.,0.));
#3745=DIRECTION('',(0.,0.,-1.));
#3746=DIRECTION('',(-6.12323399573677E-17,-1.,0.));
#3747=DIRECTION('',(0.,0.,-1.));
#3748=DIRECTION('',(0.,0.,-1.));
#3749=DIRECTION('',(0.,0.,-1.));
#3750=DIRECTION('',(-0.965925826289068,0.258819045102521,0.));
#3751=DIRECTION('',(0.,0.,-1.));
#3752=DIRECTION('',(0.,0.,-1.));
#3753=DIRECTION('',(0.,0.,-1.));
#3754=DIRECTION('',(-0.965925826289068,0.258819045102521,0.));
#3755=DIRECTION('',(0.,0.,-1.));
#3756=DIRECTION('',(-0.965925826289068,0.258819045102521,0.));
#3757=DIRECTION('',(0.,0.,-1.));
#3758=DIRECTION('',(0.,0.,-1.));
#3759=DIRECTION('',(0.,0.,-1.));
#3760=DIRECTION('',(-1.,2.4492935982947E-16,0.));
#3761=DIRECTION('',(0.,0.,-1.));
#3762=DIRECTION('',(0.,0.,-1.));
#3763=DIRECTION('',(0.,0.,-1.));
#3764=DIRECTION('',(-1.,2.4492935982947E-16,0.));
#3765=DIRECTION('',(0.,0.,-1.));
#3766=DIRECTION('',(-1.,2.4492935982947E-16,0.));
#3767=DIRECTION('',(0.,0.,-1.));
#3768=DIRECTION('',(0.,0.,-1.));
#3769=DIRECTION('',(0.,0.,-1.));
#3770=DIRECTION('',(-0.965925826289068,-0.258819045102521,0.));
#3771=DIRECTION('',(0.,0.,-1.));
#3772=DIRECTION('',(0.,0.,-1.));
#3773=DIRECTION('',(0.,0.,-1.));
#3774=DIRECTION('',(-0.965925826289068,-0.258819045102521,0.));
#3775=DIRECTION('',(0.,0.,-1.));
#3776=DIRECTION('',(-0.965925826289068,-0.258819045102521,0.));
#3777=DIRECTION('',(0.,0.,-1.));
#3778=DIRECTION('',(0.,0.,-1.));
#3779=DIRECTION('',(0.,0.,-1.));
#3780=DIRECTION('',(-0.866025403784439,-0.5,0.));
#3781=DIRECTION('',(0.,0.,-1.));
#3782=DIRECTION('',(0.,0.,-1.));
#3783=DIRECTION('',(0.,0.,-1.));
#3784=DIRECTION('',(-0.866025403784439,-0.5,0.));
#3785=DIRECTION('',(0.,0.,-1.));
#3786=DIRECTION('',(-0.866025403784439,-0.5,0.));
#3787=DIRECTION('',(0.,0.,-1.));
#3788=DIRECTION('',(0.,0.,-1.));
#3789=DIRECTION('',(0.,0.,-1.));
#3790=DIRECTION('',(-0.5,-0.866025403784438,0.));
#3791=DIRECTION('',(0.,0.,-1.));
#3792=DIRECTION('',(0.,0.,-1.));
#3793=DIRECTION('',(0.,0.,-1.));
#3794=DIRECTION('',(-0.5,-0.866025403784438,0.));
#3795=DIRECTION('',(0.,0.,-1.));
#3796=DIRECTION('',(-0.5,-0.866025403784438,0.));
#3797=DIRECTION('',(0.,0.,-1.));
#3798=DIRECTION('',(0.,0.,-1.));
#3799=DIRECTION('',(0.,0.,-1.));
#3800=DIRECTION('',(-0.707106781186548,-0.707106781186547,0.));
#3801=DIRECTION('',(0.,0.,-1.));
#3802=DIRECTION('',(0.,0.,-1.));
#3803=DIRECTION('',(0.,0.,-1.));
#3804=DIRECTION('',(-0.707106781186548,-0.707106781186547,0.));
#3805=DIRECTION('',(0.,0.,-1.));
#3806=DIRECTION('',(-0.707106781186548,-0.707106781186547,0.));
#3807=DIRECTION('',(0.,0.,-1.));
#3808=DIRECTION('',(0.,0.,-1.));
#3809=DIRECTION('',(0.,0.,-1.));
#3810=DIRECTION('',(-0.258819045102521,-0.965925826289068,0.));
#3811=DIRECTION('',(0.,0.,-1.));
#3812=DIRECTION('',(0.,0.,-1.));
#3813=DIRECTION('',(0.,0.,-1.));
#3814=DIRECTION('',(-0.258819045102521,-0.965925826289068,0.));
#3815=DIRECTION('',(0.,0.,-1.));
#3816=DIRECTION('',(-0.258819045102521,-0.965925826289068,0.));
#3817=DIRECTION('',(0.,0.,-1.));
#3818=DIRECTION('',(0.,0.,-1.));
#3819=DIRECTION('',(0.,0.,-1.));
#3820=DIRECTION('',(0.707106781186548,-0.707106781186548,0.));
#3821=DIRECTION('',(0.,0.,-1.));
#3822=DIRECTION('',(0.,0.,-1.));
#3823=DIRECTION('',(0.,0.,-1.));
#3824=DIRECTION('',(0.707106781186548,-0.707106781186548,0.));
#3825=DIRECTION('',(0.,0.,-1.));
#3826=DIRECTION('',(0.707106781186548,-0.707106781186548,0.));
#3827=DIRECTION('',(0.,0.,-1.));
#3828=DIRECTION('',(0.,0.,-1.));
#3829=DIRECTION('',(0.,0.,-1.));
#3830=DIRECTION('',(0.866025403784439,-0.5,0.));
#3831=DIRECTION('',(0.,0.,-1.));
#3832=DIRECTION('',(0.,0.,-1.));
#3833=DIRECTION('',(0.,0.,-1.));
#3834=DIRECTION('',(0.866025403784439,-0.5,0.));
#3835=DIRECTION('',(0.,0.,-1.));
#3836=DIRECTION('',(0.866025403784439,-0.5,0.));
#3837=DIRECTION('',(0.,0.,-1.));
#3838=DIRECTION('',(0.,0.,-1.));
#3839=DIRECTION('',(0.,0.,-1.));
#3840=DIRECTION('',(0.5,-0.866025403784439,0.));
#3841=DIRECTION('',(0.,0.,-1.));
#3842=DIRECTION('',(0.,0.,-1.));
#3843=DIRECTION('',(0.,0.,-1.));
#3844=DIRECTION('',(0.5,-0.866025403784439,0.));
#3845=DIRECTION('',(0.,0.,-1.));
#3846=DIRECTION('',(0.5,-0.866025403784439,0.));
#3847=DIRECTION('',(0.,0.,-1.));
#3848=DIRECTION('',(0.,0.,-1.));
#3849=DIRECTION('',(0.,0.,-1.));
#3850=DIRECTION('',(0.258819045102521,-0.965925826289068,0.));
#3851=DIRECTION('',(0.,0.,-1.));
#3852=DIRECTION('',(0.,0.,-1.));
#3853=DIRECTION('',(0.,0.,-1.));
#3854=DIRECTION('',(0.258819045102521,-0.965925826289068,0.));
#3855=DIRECTION('',(0.,0.,-1.));
#3856=DIRECTION('',(0.258819045102521,-0.965925826289068,0.));
#3857=DIRECTION('',(0.,0.,-1.));
#3858=DIRECTION('',(0.,0.,-1.));
#3859=DIRECTION('',(0.,0.,-1.));
#3860=DIRECTION('',(0.965925826289068,-0.258819045102521,0.));
#3861=DIRECTION('',(0.,0.,-1.));
#3862=DIRECTION('',(0.,0.,-1.));
#3863=DIRECTION('',(0.,0.,-1.));
#3864=DIRECTION('',(0.965925826289068,-0.258819045102521,0.));
#3865=DIRECTION('',(0.,0.,-1.));
#3866=DIRECTION('',(0.965925826289068,-0.258819045102521,0.));
#3867=DIRECTION('',(0.,0.,-1.));
#3868=DIRECTION('',(0.,0.,-1.));
#3869=DIRECTION('',(0.,0.,-1.));
#3870=DIRECTION('',(1.,-1.22464679914735E-16,0.));
#3871=DIRECTION('',(0.,0.,-1.));
#3872=DIRECTION('',(0.,0.,-1.));
#3873=DIRECTION('',(0.,0.,-1.));
#3874=DIRECTION('',(1.,-1.22464679914735E-16,0.));
#3875=DIRECTION('',(0.,0.,-1.));
#3876=DIRECTION('',(1.,-1.22464679914735E-16,0.));
#3877=DIRECTION('',(0.,0.,-1.));
#3878=DIRECTION('',(0.,0.,-1.));
#3879=DIRECTION('',(0.,0.,-1.));
#3880=DIRECTION('',(0.965925826289068,0.258819045102521,0.));
#3881=DIRECTION('',(0.,0.,-1.));
#3882=DIRECTION('',(0.,0.,-1.));
#3883=DIRECTION('',(0.,0.,-1.));
#3884=DIRECTION('',(0.965925826289068,0.258819045102521,0.));
#3885=DIRECTION('',(0.,0.,-1.));
#3886=DIRECTION('',(0.965925826289068,0.258819045102521,0.));
#3887=DIRECTION('',(0.,0.,-1.));
#3888=DIRECTION('',(0.,0.,-1.));
#3889=DIRECTION('',(0.,0.,-1.));
#3890=DIRECTION('',(0.866025403784439,0.5,0.));
#3891=DIRECTION('',(0.,0.,-1.));
#3892=DIRECTION('',(0.,0.,-1.));
#3893=DIRECTION('',(0.,0.,-1.));
#3894=DIRECTION('',(0.866025403784439,0.5,0.));
#3895=DIRECTION('',(0.,0.,-1.));
#3896=DIRECTION('',(0.866025403784439,0.5,0.));
#3897=DIRECTION('',(0.,0.,-1.));
#3898=DIRECTION('',(0.,0.,-1.));
#3899=DIRECTION('',(0.,0.,-1.));
#3900=DIRECTION('',(0.5,0.866025403784439,0.));
#3901=DIRECTION('',(0.,0.,-1.));
#3902=DIRECTION('',(0.,0.,-1.));
#3903=DIRECTION('',(0.,0.,-1.));
#3904=DIRECTION('',(0.5,0.866025403784439,0.));
#3905=DIRECTION('',(0.,0.,-1.));
#3906=DIRECTION('',(0.5,0.866025403784439,0.));
#3907=DIRECTION('',(0.,0.,-1.));
#3908=DIRECTION('',(0.,0.,-1.));
#3909=DIRECTION('',(0.,0.,-1.));
#3910=DIRECTION('',(0.707106781186548,0.707106781186548,0.));
#3911=DIRECTION('',(0.,0.,-1.));
#3912=DIRECTION('',(0.,0.,-1.));
#3913=DIRECTION('',(0.,0.,-1.));
#3914=DIRECTION('',(0.707106781186548,0.707106781186548,0.));
#3915=DIRECTION('',(0.,0.,-1.));
#3916=DIRECTION('',(0.707106781186548,0.707106781186548,0.));
#3917=DIRECTION('',(0.,0.,-1.));
#3918=DIRECTION('',(0.,0.,-1.));
#3919=DIRECTION('',(0.,0.,-1.));
#3920=DIRECTION('',(0.258819045102521,0.965925826289068,0.));
#3921=DIRECTION('',(0.,0.,-1.));
#3922=DIRECTION('',(0.,0.,-1.));
#3923=DIRECTION('',(0.,0.,-1.));
#3924=DIRECTION('',(0.258819045102521,0.965925826289068,0.));
#3925=DIRECTION('',(0.,0.,-1.));
#3926=DIRECTION('',(0.258819045102521,0.965925826289068,0.));
#3927=DIRECTION('',(0.,0.,-1.));
#3928=DIRECTION('',(0.,0.,-1.));
#3929=DIRECTION('',(0.,0.,-1.));
#3930=DIRECTION('',(1.83697019872103E-16,1.,0.));
#3931=DIRECTION('',(0.,0.,-1.));
#3932=DIRECTION('',(0.,0.,-1.));
#3933=DIRECTION('',(0.,0.,-1.));
#3934=DIRECTION('',(1.83697019872103E-16,1.,0.));
#3935=DIRECTION('',(0.,0.,-1.));
#3936=DIRECTION('',(1.83697019872103E-16,1.,0.));
#3937=DIRECTION('',(0.,0.,-1.));
#3938=DIRECTION('',(0.,0.,-1.));
#3939=DIRECTION('',(0.,0.,-1.));
#3940=DIRECTION('',(-0.707106781186548,0.707106781186548,0.));
#3941=DIRECTION('',(0.,0.,-1.));
#3942=DIRECTION('',(0.,0.,-1.));
#3943=DIRECTION('',(0.,0.,-1.));
#3944=DIRECTION('',(-0.707106781186548,0.707106781186548,0.));
#3945=DIRECTION('',(0.,0.,-1.));
#3946=DIRECTION('',(-0.707106781186548,0.707106781186548,0.));
#3947=DIRECTION('',(0.,0.,-1.));
#3948=DIRECTION('',(0.,0.,-1.));
#3949=DIRECTION('',(0.,0.,-1.));
#3950=DIRECTION('',(-0.866025403784438,0.5,0.));
#3951=DIRECTION('',(0.,0.,-1.));
#3952=DIRECTION('',(0.,0.,-1.));
#3953=DIRECTION('',(0.,0.,-1.));
#3954=DIRECTION('',(-0.866025403784438,0.5,0.));
#3955=DIRECTION('',(0.,0.,-1.));
#3956=DIRECTION('',(-0.866025403784438,0.5,0.));
#3957=DIRECTION('',(0.,0.,-1.));
#3958=DIRECTION('',(0.,0.,-1.));
#3959=DIRECTION('',(0.,0.,-1.));
#3960=DIRECTION('',(-0.5,0.866025403784439,0.));
#3961=DIRECTION('',(0.,0.,-1.));
#3962=DIRECTION('',(0.,0.,-1.));
#3963=DIRECTION('',(0.,0.,-1.));
#3964=DIRECTION('',(-0.5,0.866025403784439,0.));
#3965=DIRECTION('',(0.,0.,-1.));
#3966=DIRECTION('',(-0.5,0.866025403784439,0.));
#3967=DIRECTION('',(0.,0.,-1.));
#3968=DIRECTION('',(0.,0.,-1.));
#3969=DIRECTION('',(0.,0.,-1.));
#3970=DIRECTION('',(-0.258819045102521,0.965925826289068,0.));
#3971=DIRECTION('',(0.,0.,-1.));
#3972=DIRECTION('',(0.,0.,-1.));
#3973=DIRECTION('',(0.,0.,-1.));
#3974=DIRECTION('',(-0.258819045102521,0.965925826289068,0.));
#3975=DIRECTION('',(0.,0.,-1.));
#3976=DIRECTION('',(-0.258819045102521,0.965925826289068,0.));
#3977=DIRECTION('',(0.,0.,-1.));
#3978=DIRECTION('',(-1.,0.,0.));
#3979=DIRECTION('',(0.,0.,1.));
#3980=DIRECTION('',(1.,0.,0.));
#3981=DIRECTION('',(0.,0.,1.));
#3982=DIRECTION('',(1.,0.,0.));
#3983=DIRECTION('',(-0.5,0.866025403784439,0.));
#3984=DIRECTION('',(0.5,0.866025403784438,0.));
#3985=DIRECTION('',(1.,-2.34736656052682E-16,0.));
#3986=DIRECTION('',(0.5,-0.866025403784439,0.));
#3987=DIRECTION('',(-0.5,-0.866025403784439,0.));
#3988=DIRECTION('',(-1.,0.,0.));
#3989=DIRECTION('',(0.,0.,1.));
#3990=DIRECTION('',(1.,0.,0.));
#3991=DIRECTION('',(0.,0.,-1.));
#3992=DIRECTION('',(-1.,0.,0.));
#3993=DIRECTION('',(0.,0.,-1.));
#3994=DIRECTION('',(1.,0.,0.));
#3995=DIRECTION('',(0.5,-0.866025403784439,0.));
#3996=DIRECTION('',(1.,0.,0.));
#3997=DIRECTION('',(0.5,0.866025403784439,0.));
#3998=DIRECTION('',(-0.5,0.866025403784439,0.));
#3999=DIRECTION('',(-1.,2.34736656052682E-16,0.));
#4000=DIRECTION('',(-0.5,-0.866025403784439,0.));
#4001=DIRECTION('',(0.866025403784439,0.5,0.));
#4002=DIRECTION('',(-0.5,0.866025403784439,0.));
#4003=DIRECTION('',(0.,0.,1.));
#4004=DIRECTION('',(0.,0.,1.));
#4005=DIRECTION('',(0.,1.,0.));
#4006=DIRECTION('',(0.,0.,1.));
#4007=DIRECTION('',(0.,0.,1.));
#4008=DIRECTION('',(-0.866025403784439,0.5,0.));
#4009=DIRECTION('',(-0.5,-0.866025403784439,0.));
#4010=DIRECTION('',(0.,0.,1.));
#4011=DIRECTION('',(-0.866025403784439,-0.5,0.));
#4012=DIRECTION('',(0.5,-0.866025403784439,0.));
#4013=DIRECTION('',(0.,0.,1.));
#4014=DIRECTION('',(-2.34736656052682E-16,-1.,0.));
#4015=DIRECTION('',(1.,-2.34736656052682E-16,0.));
#4016=DIRECTION('',(0.,0.,1.));
#4017=DIRECTION('',(0.866025403784439,-0.5,0.));
#4018=DIRECTION('',(0.5,0.866025403784439,0.));
#4019=CARTESIAN_POINT('',(0.,0.,0.));
#4020=CARTESIAN_POINT('',(-1.01094593269614E-16,6.19025850293682E-33,0.475));
#4021=CARTESIAN_POINT('',(0.269276051228169,-1.62889269389821,0.475));
#4022=CARTESIAN_POINT('',(0.269276051228169,-1.62889269389821,0.475));
#4023=CARTESIAN_POINT('',(0.269276051228169,-1.62889269389821,-0.475));
#4024=CARTESIAN_POINT('',(-1.01094593269614E-16,6.19025850293682E-33,0.475));
#4025=CARTESIAN_POINT('',(0.161487759326781,-1.6430832917377,0.475));
#4026=CARTESIAN_POINT('',(0.161487759326781,-1.6430832917377,0.475));
#4027=CARTESIAN_POINT('',(0.161487759326781,-1.6430832917377,-0.475));
#4028=CARTESIAN_POINT('',(-1.01094593269614E-16,6.19025850293682E-33,-0.475));
#4029=CARTESIAN_POINT('',(-1.01094593269614E-16,6.19025850293682E-33,0.475));
#4030=CARTESIAN_POINT('',(-1.01094593269614E-16,6.19025850293682E-33,0.475));
#4031=CARTESIAN_POINT('',(0.581246445954751,-1.54530047856881,0.475));
#4032=CARTESIAN_POINT('',(0.681689143891634,-1.503695750842,0.475));
#4033=CARTESIAN_POINT('',(0.581246445954751,-1.54530047856881,0.475));
#4034=CARTESIAN_POINT('',(0.581246445954751,-1.54530047856881,-0.475));
#4035=CARTESIAN_POINT('',(-1.01094593269614E-16,6.19025850293682E-33,-0.475));
#4036=CARTESIAN_POINT('',(0.681689143891634,-1.503695750842,-0.475));
#4037=CARTESIAN_POINT('',(0.681689143891634,-1.503695750842,0.475));
#4038=CARTESIAN_POINT('',(-1.01094593269614E-16,6.19025850293682E-33,0.475));
#4039=CARTESIAN_POINT('',(1.34220799151522,-0.961394147846073,0.475));
#4040=CARTESIAN_POINT('',(1.34220799151522,-0.961394147846073,0.475));
#4041=CARTESIAN_POINT('',(1.34220799151522,-0.961394147846073,-0.475));
#4042=CARTESIAN_POINT('',(-1.01094593269614E-16,6.19025850293682E-33,0.475));
#4043=CARTESIAN_POINT('',(1.27602442734063,-1.04764624794346,0.475));
#4044=CARTESIAN_POINT('',(1.27602442734063,-1.04764624794346,0.475));
#4045=CARTESIAN_POINT('',(1.27602442734063,-1.04764624794346,-0.475));
#4046=CARTESIAN_POINT('',(-1.01094593269614E-16,6.19025850293682E-33,-0.475));
#4047=CARTESIAN_POINT('',(-1.01094593269614E-16,6.19025850293682E-33,0.475));
#4048=CARTESIAN_POINT('',(-1.01094593269614E-16,6.19025850293682E-33,0.475));
#4049=CARTESIAN_POINT('',(0.961394147846073,-1.34220799151522,0.475));
#4050=CARTESIAN_POINT('',(1.04764624794346,-1.27602442734063,0.475));
#4051=CARTESIAN_POINT('',(0.961394147846073,-1.34220799151522,0.475));
#4052=CARTESIAN_POINT('',(0.961394147846073,-1.34220799151522,-0.475));
#4053=CARTESIAN_POINT('',(-1.01094593269614E-16,6.19025850293682E-33,-0.475));
#4054=CARTESIAN_POINT('',(1.04764624794346,-1.27602442734063,-0.475));
#4055=CARTESIAN_POINT('',(1.04764624794346,-1.27602442734063,0.475));
#4056=CARTESIAN_POINT('',(-1.01094593269614E-16,6.19025850293682E-33,0.475));
#4057=CARTESIAN_POINT('',(-0.161487759326781,-1.6430832917377,0.475));
#4058=CARTESIAN_POINT('',(-0.161487759326781,-1.6430832917377,0.475));
#4059=CARTESIAN_POINT('',(-0.161487759326781,-1.6430832917377,-0.475));
#4060=CARTESIAN_POINT('',(-1.01094593269614E-16,6.19025850293682E-33,0.475));
#4061=CARTESIAN_POINT('',(-0.269276051228169,-1.62889269389821,0.475));
#4062=CARTESIAN_POINT('',(-0.269276051228169,-1.62889269389821,0.475));
#4063=CARTESIAN_POINT('',(-0.269276051228169,-1.62889269389821,-0.475));
#4064=CARTESIAN_POINT('',(-1.01094593269614E-16,6.19025850293682E-33,-0.475));
#4065=CARTESIAN_POINT('',(-1.01094593269614E-16,6.19025850293682E-33,0.475));
#4066=CARTESIAN_POINT('',(-0.581246445954751,-1.54530047856881,0.475));
#4067=CARTESIAN_POINT('',(-0.581246445954751,-1.54530047856881,0.475));
#4068=CARTESIAN_POINT('',(-0.581246445954751,-1.54530047856881,-0.475));
#4069=CARTESIAN_POINT('',(-1.01094593269614E-16,6.19025850293682E-33,0.475));
#4070=CARTESIAN_POINT('',(-0.681689143891634,-1.503695750842,0.475));
#4071=CARTESIAN_POINT('',(-0.681689143891634,-1.503695750842,0.475));
#4072=CARTESIAN_POINT('',(-0.681689143891634,-1.503695750842,-0.475));
#4073=CARTESIAN_POINT('',(-1.01094593269614E-16,6.19025850293682E-33,-0.475));
#4074=CARTESIAN_POINT('',(-1.01094593269614E-16,6.19025850293682E-33,0.475));
#4075=CARTESIAN_POINT('',(-1.27602442734063,-1.04764624794346,0.475));
#4076=CARTESIAN_POINT('',(-1.27602442734063,-1.04764624794346,0.475));
#4077=CARTESIAN_POINT('',(-1.27602442734063,-1.04764624794346,-0.475));
#4078=CARTESIAN_POINT('',(-1.01094593269614E-16,6.19025850293682E-33,0.475));
#4079=CARTESIAN_POINT('',(-1.34220799151522,-0.961394147846072,0.475));
#4080=CARTESIAN_POINT('',(-1.34220799151522,-0.961394147846072,0.475));
#4081=CARTESIAN_POINT('',(-1.34220799151522,-0.961394147846072,-0.475));
#4082=CARTESIAN_POINT('',(-1.01094593269614E-16,6.19025850293682E-33,-0.475));
#4083=CARTESIAN_POINT('',(-1.01094593269614E-16,6.19025850293682E-33,0.475));
#4084=CARTESIAN_POINT('',(-1.01094593269614E-16,6.19025850293682E-33,0.475));
#4085=CARTESIAN_POINT('',(-1.04764624794346,-1.27602442734063,0.475));
#4086=CARTESIAN_POINT('',(-0.961394147846073,-1.34220799151522,0.475));
#4087=CARTESIAN_POINT('',(-1.04764624794346,-1.27602442734063,0.475));
#4088=CARTESIAN_POINT('',(-1.04764624794346,-1.27602442734063,-0.475));
#4089=CARTESIAN_POINT('',(-1.01094593269614E-16,6.19025850293682E-33,-0.475));
#4090=CARTESIAN_POINT('',(-0.961394147846073,-1.34220799151522,-0.475));
#4091=CARTESIAN_POINT('',(-0.961394147846073,-1.34220799151522,0.475));
#4092=CARTESIAN_POINT('',(-1.01094593269614E-16,6.19025850293682E-33,0.475));
#4093=CARTESIAN_POINT('',(-1.503695750842,-0.681689143891633,0.475));
#4094=CARTESIAN_POINT('',(-1.503695750842,-0.681689143891633,0.475));
#4095=CARTESIAN_POINT('',(-1.503695750842,-0.681689143891633,-0.475));
#4096=CARTESIAN_POINT('',(-1.01094593269614E-16,6.19025850293682E-33,0.475));
#4097=CARTESIAN_POINT('',(-1.54530047856881,-0.581246445954751,0.475));
#4098=CARTESIAN_POINT('',(-1.54530047856881,-0.581246445954751,0.475));
#4099=CARTESIAN_POINT('',(-1.54530047856881,-0.581246445954751,-0.475));
#4100=CARTESIAN_POINT('',(-1.01094593269614E-16,6.19025850293682E-33,-0.475));
#4101=CARTESIAN_POINT('',(-1.01094593269614E-16,6.19025850293682E-33,0.475));
#4102=CARTESIAN_POINT('',(-1.62889269389821,-0.269276051228169,0.475));
#4103=CARTESIAN_POINT('',(-1.62889269389821,-0.269276051228169,0.475));
#4104=CARTESIAN_POINT('',(-1.62889269389821,-0.269276051228169,-0.475));
#4105=CARTESIAN_POINT('',(-1.01094593269614E-16,6.19025850293682E-33,0.475));
#4106=CARTESIAN_POINT('',(-1.6430832917377,-0.161487759326781,0.475));
#4107=CARTESIAN_POINT('',(-1.6430832917377,-0.161487759326781,0.475));
#4108=CARTESIAN_POINT('',(-1.6430832917377,-0.161487759326781,-0.475));
#4109=CARTESIAN_POINT('',(-1.01094593269614E-16,6.19025850293682E-33,-0.475));
#4110=CARTESIAN_POINT('',(-1.01094593269614E-16,6.19025850293682E-33,0.475));
#4111=CARTESIAN_POINT('',(-1.6430832917377,0.161487759326781,0.475));
#4112=CARTESIAN_POINT('',(-1.6430832917377,0.161487759326781,0.475));
#4113=CARTESIAN_POINT('',(-1.6430832917377,0.161487759326781,-0.475));
#4114=CARTESIAN_POINT('',(-1.01094593269614E-16,6.19025850293682E-33,0.475));
#4115=CARTESIAN_POINT('',(-1.62889269389821,0.269276051228169,0.475));
#4116=CARTESIAN_POINT('',(-1.62889269389821,0.269276051228169,0.475));
#4117=CARTESIAN_POINT('',(-1.62889269389821,0.269276051228169,-0.475));
#4118=CARTESIAN_POINT('',(-1.01094593269614E-16,6.19025850293682E-33,-0.475));
#4119=CARTESIAN_POINT('',(-1.01094593269614E-16,6.19025850293682E-33,0.475));
#4120=CARTESIAN_POINT('',(-1.54530047856881,0.581246445954751,0.475));
#4121=CARTESIAN_POINT('',(-1.54530047856881,0.581246445954751,0.475));
#4122=CARTESIAN_POINT('',(-1.54530047856881,0.581246445954751,-0.475));
#4123=CARTESIAN_POINT('',(-1.01094593269614E-16,6.19025850293682E-33,0.475));
#4124=CARTESIAN_POINT('',(-1.503695750842,0.681689143891634,0.475));
#4125=CARTESIAN_POINT('',(-1.503695750842,0.681689143891634,0.475));
#4126=CARTESIAN_POINT('',(-1.503695750842,0.681689143891634,-0.475));
#4127=CARTESIAN_POINT('',(-1.01094593269614E-16,6.19025850293682E-33,-0.475));
#4128=CARTESIAN_POINT('',(-1.01094593269614E-16,6.19025850293682E-33,0.475));
#4129=CARTESIAN_POINT('',(-0.269276051228168,1.62889269389821,0.475));
#4130=CARTESIAN_POINT('',(-0.269276051228168,1.62889269389821,0.475));
#4131=CARTESIAN_POINT('',(-0.269276051228168,1.62889269389821,-0.475));
#4132=CARTESIAN_POINT('',(-1.01094593269614E-16,6.19025850293682E-33,0.475));
#4133=CARTESIAN_POINT('',(-0.161487759326781,1.6430832917377,0.475));
#4134=CARTESIAN_POINT('',(-0.161487759326781,1.6430832917377,0.475));
#4135=CARTESIAN_POINT('',(-0.161487759326781,1.6430832917377,-0.475));
#4136=CARTESIAN_POINT('',(-1.01094593269614E-16,6.19025850293682E-33,-0.475));
#4137=CARTESIAN_POINT('',(-1.01094593269614E-16,6.19025850293682E-33,0.475));
#4138=CARTESIAN_POINT('',(-1.01094593269614E-16,6.19025850293682E-33,0.475));
#4139=CARTESIAN_POINT('',(-0.58124644595475,1.54530047856881,0.475));
#4140=CARTESIAN_POINT('',(-0.681689143891633,1.503695750842,0.475));
#4141=CARTESIAN_POINT('',(-0.58124644595475,1.54530047856881,0.475));
#4142=CARTESIAN_POINT('',(-0.58124644595475,1.54530047856881,-0.475));
#4143=CARTESIAN_POINT('',(-1.01094593269614E-16,6.19025850293682E-33,-0.475));
#4144=CARTESIAN_POINT('',(-0.681689143891633,1.503695750842,-0.475));
#4145=CARTESIAN_POINT('',(-0.681689143891633,1.503695750842,0.475));
#4146=CARTESIAN_POINT('',(-1.01094593269614E-16,6.19025850293682E-33,0.475));
#4147=CARTESIAN_POINT('',(-1.34220799151522,0.961394147846073,0.475));
#4148=CARTESIAN_POINT('',(-1.34220799151522,0.961394147846073,0.475));
#4149=CARTESIAN_POINT('',(-1.34220799151522,0.961394147846073,-0.475));
#4150=CARTESIAN_POINT('',(-1.01094593269614E-16,6.19025850293682E-33,0.475));
#4151=CARTESIAN_POINT('',(-1.27602442734063,1.04764624794346,0.475));
#4152=CARTESIAN_POINT('',(-1.27602442734063,1.04764624794346,0.475));
#4153=CARTESIAN_POINT('',(-1.27602442734063,1.04764624794346,-0.475));
#4154=CARTESIAN_POINT('',(-1.01094593269614E-16,6.19025850293682E-33,-0.475));
#4155=CARTESIAN_POINT('',(-1.01094593269614E-16,6.19025850293682E-33,0.475));
#4156=CARTESIAN_POINT('',(-1.01094593269614E-16,6.19025850293682E-33,0.475));
#4157=CARTESIAN_POINT('',(-0.961394147846073,1.34220799151522,0.475));
#4158=CARTESIAN_POINT('',(-1.04764624794346,1.27602442734063,0.475));
#4159=CARTESIAN_POINT('',(-0.961394147846073,1.34220799151522,0.475));
#4160=CARTESIAN_POINT('',(-0.961394147846073,1.34220799151522,-0.475));
#4161=CARTESIAN_POINT('',(-1.01094593269614E-16,6.19025850293682E-33,-0.475));
#4162=CARTESIAN_POINT('',(-1.04764624794346,1.27602442734063,-0.475));
#4163=CARTESIAN_POINT('',(-1.04764624794346,1.27602442734063,0.475));
#4164=CARTESIAN_POINT('',(-1.01094593269614E-16,6.19025850293682E-33,0.475));
#4165=CARTESIAN_POINT('',(0.581246445954751,1.54530047856881,0.475));
#4166=CARTESIAN_POINT('',(0.581246445954751,1.54530047856881,0.475));
#4167=CARTESIAN_POINT('',(0.581246445954751,1.54530047856881,-0.475));
#4168=CARTESIAN_POINT('',(-1.01094593269614E-16,6.19025850293682E-33,0.475));
#4169=CARTESIAN_POINT('',(0.681689143891634,1.503695750842,0.475));
#4170=CARTESIAN_POINT('',(0.681689143891634,1.503695750842,0.475));
#4171=CARTESIAN_POINT('',(0.681689143891634,1.503695750842,-0.475));
#4172=CARTESIAN_POINT('',(-1.01094593269614E-16,6.19025850293682E-33,-0.475));
#4173=CARTESIAN_POINT('',(-1.01094593269614E-16,6.19025850293682E-33,0.475));
#4174=CARTESIAN_POINT('',(1.27602442734063,1.04764624794346,0.475));
#4175=CARTESIAN_POINT('',(1.27602442734063,1.04764624794346,0.475));
#4176=CARTESIAN_POINT('',(1.27602442734063,1.04764624794346,-0.475));
#4177=CARTESIAN_POINT('',(-1.01094593269614E-16,6.19025850293682E-33,0.475));
#4178=CARTESIAN_POINT('',(1.34220799151522,0.961394147846073,0.475));
#4179=CARTESIAN_POINT('',(1.34220799151522,0.961394147846073,0.475));
#4180=CARTESIAN_POINT('',(1.34220799151522,0.961394147846073,-0.475));
#4181=CARTESIAN_POINT('',(-1.01094593269614E-16,6.19025850293682E-33,-0.475));
#4182=CARTESIAN_POINT('',(-1.01094593269614E-16,6.19025850293682E-33,0.475));
#4183=CARTESIAN_POINT('',(-1.01094593269614E-16,6.19025850293682E-33,0.475));
#4184=CARTESIAN_POINT('',(1.04764624794346,1.27602442734063,0.475));
#4185=CARTESIAN_POINT('',(0.961394147846073,1.34220799151522,0.475));
#4186=CARTESIAN_POINT('',(1.04764624794346,1.27602442734063,0.475));
#4187=CARTESIAN_POINT('',(1.04764624794346,1.27602442734063,-0.475));
#4188=CARTESIAN_POINT('',(-1.01094593269614E-16,6.19025850293682E-33,-0.475));
#4189=CARTESIAN_POINT('',(0.961394147846073,1.34220799151522,-0.475));
#4190=CARTESIAN_POINT('',(0.961394147846073,1.34220799151522,0.475));
#4191=CARTESIAN_POINT('',(-1.01094593269614E-16,6.19025850293682E-33,0.475));
#4192=CARTESIAN_POINT('',(1.503695750842,0.681689143891634,0.475));
#4193=CARTESIAN_POINT('',(1.503695750842,0.681689143891634,0.475));
#4194=CARTESIAN_POINT('',(1.503695750842,0.681689143891634,-0.475));
#4195=CARTESIAN_POINT('',(-1.01094593269614E-16,6.19025850293682E-33,0.475));
#4196=CARTESIAN_POINT('',(1.54530047856881,0.58124644595475,0.475));
#4197=CARTESIAN_POINT('',(1.54530047856881,0.58124644595475,0.475));
#4198=CARTESIAN_POINT('',(1.54530047856881,0.58124644595475,-0.475));
#4199=CARTESIAN_POINT('',(-1.01094593269614E-16,6.19025850293682E-33,-0.475));
#4200=CARTESIAN_POINT('',(-1.01094593269614E-16,6.19025850293682E-33,0.475));
#4201=CARTESIAN_POINT('',(1.62889269389821,0.269276051228168,0.475));
#4202=CARTESIAN_POINT('',(1.62889269389821,0.269276051228168,0.475));
#4203=CARTESIAN_POINT('',(1.62889269389821,0.269276051228168,-0.475));
#4204=CARTESIAN_POINT('',(-1.01094593269614E-16,6.19025850293682E-33,0.475));
#4205=CARTESIAN_POINT('',(1.6430832917377,0.161487759326781,0.475));
#4206=CARTESIAN_POINT('',(1.6430832917377,0.161487759326781,0.475));
#4207=CARTESIAN_POINT('',(1.6430832917377,0.161487759326781,-0.475));
#4208=CARTESIAN_POINT('',(-1.01094593269614E-16,6.19025850293682E-33,-0.475));
#4209=CARTESIAN_POINT('',(-1.01094593269614E-16,6.19025850293682E-33,0.475));
#4210=CARTESIAN_POINT('',(1.6430832917377,-0.161487759326781,0.475));
#4211=CARTESIAN_POINT('',(1.6430832917377,-0.161487759326781,0.475));
#4212=CARTESIAN_POINT('',(1.6430832917377,-0.161487759326781,-0.475));
#4213=CARTESIAN_POINT('',(-1.01094593269614E-16,6.19025850293682E-33,0.475));
#4214=CARTESIAN_POINT('',(1.62889269389821,-0.269276051228168,0.475));
#4215=CARTESIAN_POINT('',(1.62889269389821,-0.269276051228168,0.475));
#4216=CARTESIAN_POINT('',(1.62889269389821,-0.269276051228168,-0.475));
#4217=CARTESIAN_POINT('',(-1.01094593269614E-16,6.19025850293682E-33,-0.475));
#4218=CARTESIAN_POINT('',(-1.01094593269614E-16,6.19025850293682E-33,0.475));
#4219=CARTESIAN_POINT('',(-1.01094593269614E-16,6.19025850293682E-33,0.475));
#4220=CARTESIAN_POINT('',(1.503695750842,-0.681689143891634,0.475));
#4221=CARTESIAN_POINT('',(1.54530047856881,-0.58124644595475,0.475));
#4222=CARTESIAN_POINT('',(1.503695750842,-0.681689143891634,0.475));
#4223=CARTESIAN_POINT('',(1.503695750842,-0.681689143891634,-0.475));
#4224=CARTESIAN_POINT('',(-1.01094593269614E-16,6.19025850293682E-33,-0.475));
#4225=CARTESIAN_POINT('',(1.54530047856881,-0.58124644595475,-0.475));
#4226=CARTESIAN_POINT('',(1.54530047856881,-0.58124644595475,0.475));
#4227=CARTESIAN_POINT('',(0.,0.,0.475));
#4228=CARTESIAN_POINT('',(0.,5.81707229594993E-17,0.475));
#4229=CARTESIAN_POINT('',(0.95,5.81707229594993E-17,0.475));
#4230=CARTESIAN_POINT('',(0.395527492807527,-1.36849557026328,0.475));
#4231=CARTESIAN_POINT('',(0.451728985746272,-1.34971088128554,0.475));
#4232=CARTESIAN_POINT('',(0.37907406050944,-1.31156792395548,0.475));
#4233=CARTESIAN_POINT('',(0.433337698643275,-1.29465284977655,0.475));
#4234=CARTESIAN_POINT('',(0.449955179220619,-1.34441378249956,0.475));
#4235=CARTESIAN_POINT('',(0.468060017409723,-1.39862859748885,0.475));
#4236=CARTESIAN_POINT('',(0.46868700419974,-1.40017376738502,0.475));
#4237=CARTESIAN_POINT('',(0.469292536183725,-1.40174546974661,0.475));
#4238=CARTESIAN_POINT('',(0.470059438579259,-1.40358344527066,0.475));
#4239=CARTESIAN_POINT('',(0.471133029367285,-1.40603832971996,0.475));
#4240=CARTESIAN_POINT('',(0.472492581033444,-1.40897767557937,0.475));
#4241=CARTESIAN_POINT('',(0.474172289714691,-1.4124291522726,0.475));
#4242=CARTESIAN_POINT('',(0.476188578735163,-1.4163690288848,0.475));
#4243=CARTESIAN_POINT('',(0.478562892003997,-1.42078857284447,0.475));
#4244=CARTESIAN_POINT('',(0.481314703410234,-1.42567376205128,0.475));
#4245=CARTESIAN_POINT('',(0.484463586483199,-1.43101136587776,0.475));
#4246=CARTESIAN_POINT('',(0.488028581472042,-1.43678715992467,0.475));
#4247=CARTESIAN_POINT('',(0.492028359108702,-1.44298645908991,0.475));
#4248=CARTESIAN_POINT('',(0.496481152893139,-1.44959397644858,0.475));
#4249=CARTESIAN_POINT('',(0.501404758642015,-1.4565938777478,0.475));
#4250=CARTESIAN_POINT('',(0.506816515497014,-1.46396978041558,0.475));
#4251=CARTESIAN_POINT('',(0.512733291317374,-1.47170476907387,0.475));
#4252=CARTESIAN_POINT('',(0.519171472353407,-1.47978140649307,0.475));
#4253=CARTESIAN_POINT('',(0.526146932120785,-1.48818174787957,0.475));
#4254=CARTESIAN_POINT('',(0.533675084343697,-1.49688734866106,0.475));
#4255=CARTESIAN_POINT('',(0.54177061062223,-1.50587929798576,0.475));
#4256=CARTESIAN_POINT('',(0.55044845023074,-1.51513815465575,0.475));
#4257=CARTESIAN_POINT('',(0.559719909679541,-1.52464426199214,0.475));
#4258=CARTESIAN_POINT('',(0.569607619660033,-1.53437660103747,0.475));
#4259=CARTESIAN_POINT('',(0.576894282335735,-1.54128814673147,0.475));
#4260=CARTESIAN_POINT('',(0.580864520142251,-1.54494914329923,0.475));
#4261=CARTESIAN_POINT('',(0.581246445954751,-1.54530047856881,0.475));
#4262=CARTESIAN_POINT('',(0.609041784105057,-1.22187383461392,0.475));
#4263=CARTESIAN_POINT('',(0.632477743869186,-1.268810460783,0.475));
#4264=CARTESIAN_POINT('',(0.658011353333089,-1.31994817795851,0.475));
#4265=CARTESIAN_POINT('',(0.658660606833819,-1.32148412468111,0.475));
#4266=CARTESIAN_POINT('',(0.659343792459608,-1.3230236618511,0.475));
#4267=CARTESIAN_POINT('',(0.660101155531924,-1.32486558869219,0.475));
#4268=CARTESIAN_POINT('',(0.661077877646626,-1.32736059745976,0.475));
#4269=CARTESIAN_POINT('',(0.662194960833546,-1.33040037705171,0.475));
#4270=CARTESIAN_POINT('',(0.663447790009511,-1.33402867302553,0.475));
#4271=CARTESIAN_POINT('',(0.664807971839831,-1.33824031813427,0.475));
#4272=CARTESIAN_POINT('',(0.666254168330408,-1.34304430065095,0.475));
#4273=CARTESIAN_POINT('',(0.667762694240028,-1.34844447557236,0.475));
#4274=CARTESIAN_POINT('',(0.669310353526963,-1.35444532800741,0.475));
#4275=CARTESIAN_POINT('',(0.670873624532763,-1.36105026327623,0.475));
#4276=CARTESIAN_POINT('',(0.67242892112099,-1.3682620996447,0.475));
#4277=CARTESIAN_POINT('',(0.673952540771909,-1.37608292065602,0.475));
#4278=CARTESIAN_POINT('',(0.675420703435308,-1.38451411334525,0.475));
#4279=CARTESIAN_POINT('',(0.676809564258765,-1.39355635410932,0.475));
#4280=CARTESIAN_POINT('',(0.678095234886102,-1.40320960934733,0.475));
#4281=CARTESIAN_POINT('',(0.679253798505316,-1.41347313590471,0.475));
#4282=CARTESIAN_POINT('',(0.680261341960587,-1.4243454691668,0.475));
#4283=CARTESIAN_POINT('',(0.681093923820857,-1.43582446600032,0.475));
#4284=CARTESIAN_POINT('',(0.681727790635618,-1.44790713587273,0.475));
#4285=CARTESIAN_POINT('',(0.682138631739776,-1.46059029544334,0.475));
#4286=CARTESIAN_POINT('',(0.682304552852274,-1.47386804025132,0.475));
#4287=CARTESIAN_POINT('',(0.682194689010426,-1.4877415099647,0.475));
#4288=CARTESIAN_POINT('',(0.681929441248925,-1.49778115938361,0.475));
#4289=CARTESIAN_POINT('',(0.681710774671974,-1.50317725695849,0.475));
#4290=CARTESIAN_POINT('',(0.681689143891634,-1.503695750842,0.475));
#4291=CARTESIAN_POINT('',(0.63496908771857,-1.27381034587799,0.475));
#4292=CARTESIAN_POINT('',(0.687992325447002,-1.24735267006683,0.475));
#4293=CARTESIAN_POINT('',(0.659372734257536,-1.19546441177383,0.475));
#4294=CARTESIAN_POINT('',(2.25026924346307E-14,-3.80867608224381E-14,0.475));
#4295=CARTESIAN_POINT('',(0.705616182787586,-1.16876574431674,0.475));
#4296=CARTESIAN_POINT('',(0.736242937032727,-1.21949516647925,0.475));
#4297=CARTESIAN_POINT('',(0.785667575274497,-1.18680453352111,0.475));
#4298=CARTESIAN_POINT('',(0.753652888942633,-1.13838257430814,0.475));
#4299=CARTESIAN_POINT('',(0.782583219690927,-1.18214702391048,0.475));
#4300=CARTESIAN_POINT('',(0.814102977124505,-1.22982863694429,0.475));
#4301=CARTESIAN_POINT('',(0.815108519254772,-1.23115888033071,0.475));
#4302=CARTESIAN_POINT('',(0.81610020474116,-1.23252030502314,0.475));
#4303=CARTESIAN_POINT('',(0.817316678641304,-1.23409716410421,0.475));
#4304=CARTESIAN_POINT('',(0.818989058559331,-1.23619053465176,0.475));
#4305=CARTESIAN_POINT('',(0.821063043314405,-1.23867784686575,0.475));
#4306=CARTESIAN_POINT('',(0.823578825212199,-1.24157697674565,0.475));
#4307=CARTESIAN_POINT('',(0.826546125952929,-1.24486075131884,0.475));
#4308=CARTESIAN_POINT('',(0.829983398606425,-1.24851518547688,0.475));
#4309=CARTESIAN_POINT('',(0.833905824318439,-1.25252169469759,0.475));
#4310=CARTESIAN_POINT('',(0.838328885328086,-1.256862433174,0.475));
#4311=CARTESIAN_POINT('',(0.843267291558331,-1.26151873321243,0.475));
#4312=CARTESIAN_POINT('',(0.848735276767247,-1.26647157775249,0.475));
#4313=CARTESIAN_POINT('',(0.854746496616042,-1.27170148158155,0.475));
#4314=CARTESIAN_POINT('',(0.861314042337424,-1.27718854408956,0.475));
#4315=CARTESIAN_POINT('',(0.868450422134509,-1.28291245322702,0.475));
#4316=CARTESIAN_POINT('',(0.876167551086173,-1.2888525042702,0.475));
#4317=CARTESIAN_POINT('',(0.884476744007678,-1.29498761307504,0.475));
#4318=CARTESIAN_POINT('',(0.893388689083418,-1.30129633793376,0.475));
#4319=CARTESIAN_POINT('',(0.902913501021073,-1.30775687339224,0.475));
#4320=CARTESIAN_POINT('',(0.913060466668742,-1.31434715309265,0.475));
#4321=CARTESIAN_POINT('',(0.923838984505063,-1.32104453171107,0.475));
#4322=CARTESIAN_POINT('',(0.935254888257496,-1.32782709601351,0.475));
#4323=CARTESIAN_POINT('',(0.947324597388837,-1.3346686859922,0.475));
#4324=CARTESIAN_POINT('',(0.956151812711457,-1.3394587994019,0.475));
#4325=CARTESIAN_POINT('',(0.96093430358107,-1.34196747737874,0.475));
#4326=CARTESIAN_POINT('',(0.961394147846073,-1.34220799151522,0.475));
#4327=CARTESIAN_POINT('',(0.904533407666776,-1.02260788033084,0.475));
#4328=CARTESIAN_POINT('',(0.939318899232235,-1.06187950701922,0.475));
#4329=CARTESIAN_POINT('',(0.977217887179885,-1.10466616431703,0.475));
#4330=CARTESIAN_POINT('',(0.97824255016812,-1.10598173575311,0.475));
#4331=CARTESIAN_POINT('',(0.979300918348456,-1.10729199301484,0.475));
#4332=CARTESIAN_POINT('',(0.980509200646046,-1.10887513773362,0.475));
#4333=CARTESIAN_POINT('',(0.982098397548488,-1.11103233685397,0.475));
#4334=CARTESIAN_POINT('',(0.983964169900157,-1.11367941606432,0.475));
#4335=CARTESIAN_POINT('',(0.986113382056444,-1.11685982479986,0.475));
#4336=CARTESIAN_POINT('',(0.988517270780152,-1.12057592061906,0.475));
#4337=CARTESIAN_POINT('',(0.991157551487947,-1.12484190820624,0.475));
#4338=CARTESIAN_POINT('',(0.994012343740222,-1.12966764139387,0.475));
#4339=CARTESIAN_POINT('',(0.997060402712809,-1.13506345604185,0.475));
#4340=CARTESIAN_POINT('',(1.00027988959004,-1.14103872929001,0.475));
#4341=CARTESIAN_POINT('',(1.00364875133447,-1.14760228791547,0.475));
#4342=CARTESIAN_POINT('',(1.0071446323308,-1.15476227912993,0.475));
#4343=CARTESIAN_POINT('',(1.01074492180547,-1.16252619743629,0.475));
#4344=CARTESIAN_POINT('',(1.01442676246411,-1.17090086768572,0.475));
#4345=CARTESIAN_POINT('',(1.01816707122999,-1.17989244018379,0.475));
#4346=CARTESIAN_POINT('',(1.02194255389416,-1.18950638722475,0.475));
#4347=CARTESIAN_POINT('',(1.02572973305164,-1.19974748327963,0.475));
#4348=CARTESIAN_POINT('',(1.02950492837216,-1.21061985473897,0.475));
#4349=CARTESIAN_POINT('',(1.03324442177764,-1.22212676081554,0.475));
#4350=CARTESIAN_POINT('',(1.03692390705959,-1.23427141870147,0.475));
#4351=CARTESIAN_POINT('',(1.0405207077796,-1.24705379178248,0.475));
#4352=CARTESIAN_POINT('',(1.04400530564085,-1.26048296933351,0.475));
#4353=CARTESIAN_POINT('',(1.04634754845342,-1.27024917716647,0.475));
#4354=CARTESIAN_POINT('',(1.04753294558101,-1.27551800224986,0.475));
#4355=CARTESIAN_POINT('',(1.04764624794346,-1.27602442734063,0.475));
#4356=CARTESIAN_POINT('',(0.943019418084429,-1.06606421792482,0.475));
#4357=CARTESIAN_POINT('',(0.98738818241071,-1.02678464179813,0.475));
#4358=CARTESIAN_POINT('',(0.946314110679541,-0.984071728294635,0.475));
#4359=CARTESIAN_POINT('',(3.15935108507609E-14,-3.09648605499208E-14,0.475));
#4360=CARTESIAN_POINT('',(0.984071728294634,-0.946314110679542,0.475));
#4361=CARTESIAN_POINT('',(1.02678464179813,-0.98738818241071,0.475));
#4362=CARTESIAN_POINT('',(1.06606421792482,-0.943019418084429,0.475));
#4363=CARTESIAN_POINT('',(1.02260788033084,-0.904533407666776,0.475));
#4364=CARTESIAN_POINT('',(1.06187950701922,-0.939318899232236,0.475));
#4365=CARTESIAN_POINT('',(1.10466616431703,-0.977217887179885,0.475));
#4366=CARTESIAN_POINT('',(1.10598173575311,-0.978242550168121,0.475));
#4367=CARTESIAN_POINT('',(1.10729199301484,-0.979300918348457,0.475));
#4368=CARTESIAN_POINT('',(1.10887513773362,-0.980509200646046,0.475));
#4369=CARTESIAN_POINT('',(1.11103233685397,-0.982098397548488,0.475));
#4370=CARTESIAN_POINT('',(1.11367941606432,-0.983964169900158,0.475));
#4371=CARTESIAN_POINT('',(1.11685982479986,-0.986113382056444,0.475));
#4372=CARTESIAN_POINT('',(1.12057592061906,-0.988517270780153,0.475));
#4373=CARTESIAN_POINT('',(1.12484190820624,-0.991157551487947,0.475));
#4374=CARTESIAN_POINT('',(1.12966764139387,-0.994012343740222,0.475));
#4375=CARTESIAN_POINT('',(1.13506345604185,-0.997060402712809,0.475));
#4376=CARTESIAN_POINT('',(1.14103872929001,-1.00027988959004,0.475));
#4377=CARTESIAN_POINT('',(1.14760228791547,-1.00364875133447,0.475));
#4378=CARTESIAN_POINT('',(1.15476227912993,-1.0071446323308,0.475));
#4379=CARTESIAN_POINT('',(1.16252619743629,-1.01074492180548,0.475));
#4380=CARTESIAN_POINT('',(1.17090086768572,-1.01442676246412,0.475));
#4381=CARTESIAN_POINT('',(1.17989244018379,-1.01816707122999,0.475));
#4382=CARTESIAN_POINT('',(1.18950638722475,-1.02194255389416,0.475));
#4383=CARTESIAN_POINT('',(1.19974748327963,-1.02572973305164,0.475));
#4384=CARTESIAN_POINT('',(1.21061985473897,-1.02950492837216,0.475));
#4385=CARTESIAN_POINT('',(1.22212676081554,-1.03324442177764,0.475));
#4386=CARTESIAN_POINT('',(1.23427141870147,-1.03692390705959,0.475));
#4387=CARTESIAN_POINT('',(1.24705379178248,-1.0405207077796,0.475));
#4388=CARTESIAN_POINT('',(1.26048296933351,-1.04400530564086,0.475));
#4389=CARTESIAN_POINT('',(1.27024917716647,-1.04634754845342,0.475));
#4390=CARTESIAN_POINT('',(1.27551800224986,-1.04753294558101,0.475));
#4391=CARTESIAN_POINT('',(1.27602442734063,-1.04764624794346,0.475));
#4392=CARTESIAN_POINT('',(1.13838257430814,-0.753652888942634,0.475));
#4393=CARTESIAN_POINT('',(1.18214702391048,-0.782583219690927,0.475));
#4394=CARTESIAN_POINT('',(1.22982863694429,-0.814102977124506,0.475));
#4395=CARTESIAN_POINT('',(1.23115888033071,-0.815108519254773,0.475));
#4396=CARTESIAN_POINT('',(1.23252030502314,-0.816100204741161,0.475));
#4397=CARTESIAN_POINT('',(1.23409716410421,-0.817316678641305,0.475));
#4398=CARTESIAN_POINT('',(1.23619053465176,-0.818989058559332,0.475));
#4399=CARTESIAN_POINT('',(1.23867784686575,-0.821063043314406,0.475));
#4400=CARTESIAN_POINT('',(1.24157697674564,-0.823578825212199,0.475));
#4401=CARTESIAN_POINT('',(1.24486075131884,-0.826546125952929,0.475));
#4402=CARTESIAN_POINT('',(1.24851518547688,-0.829983398606426,0.475));
#4403=CARTESIAN_POINT('',(1.25252169469759,-0.833905824318439,0.475));
#4404=CARTESIAN_POINT('',(1.256862433174,-0.838328885328087,0.475));
#4405=CARTESIAN_POINT('',(1.26151873321243,-0.843267291558331,0.475));
#4406=CARTESIAN_POINT('',(1.26647157775249,-0.848735276767247,0.475));
#4407=CARTESIAN_POINT('',(1.27170148158155,-0.854746496616042,0.475));
#4408=CARTESIAN_POINT('',(1.27718854408956,-0.861314042337424,0.475));
#4409=CARTESIAN_POINT('',(1.28291245322702,-0.868450422134509,0.475));
#4410=CARTESIAN_POINT('',(1.2888525042702,-0.876167551086173,0.475));
#4411=CARTESIAN_POINT('',(1.29498761307504,-0.884476744007678,0.475));
#4412=CARTESIAN_POINT('',(1.30129633793376,-0.893388689083419,0.475));
#4413=CARTESIAN_POINT('',(1.30775687339224,-0.902913501021074,0.475));
#4414=CARTESIAN_POINT('',(1.31434715309265,-0.913060466668742,0.475));
#4415=CARTESIAN_POINT('',(1.32104453171107,-0.923838984505064,0.475));
#4416=CARTESIAN_POINT('',(1.32782709601351,-0.935254888257496,0.475));
#4417=CARTESIAN_POINT('',(1.3346686859922,-0.947324597388837,0.475));
#4418=CARTESIAN_POINT('',(1.3394587994019,-0.956151812711458,0.475));
#4419=CARTESIAN_POINT('',(1.34196747737874,-0.960934303581071,0.475));
#4420=CARTESIAN_POINT('',(1.34220799151522,-0.961394147846073,0.475));
#4421=CARTESIAN_POINT('',(1.18680453352111,-0.785667575274498,0.475));
#4422=CARTESIAN_POINT('',(1.21949516647925,-0.736242937032727,0.475));
#4423=CARTESIAN_POINT('',(1.16876574431674,-0.705616182787587,0.475));
#4424=CARTESIAN_POINT('',(3.85312837131571E-14,-2.17327562027779E-14,0.475));
#4425=CARTESIAN_POINT('',(1.19546441177383,-0.659372734257537,0.475));
#4426=CARTESIAN_POINT('',(1.24735267006683,-0.687992325447002,0.475));
#4427=CARTESIAN_POINT('',(1.27381034587799,-0.63496908771857,0.475));
#4428=CARTESIAN_POINT('',(1.22187383461392,-0.609041784105058,0.475));
#4429=CARTESIAN_POINT('',(1.268810460783,-0.632477743869187,0.475));
#4430=CARTESIAN_POINT('',(1.31994817795851,-0.65801135333309,0.475));
#4431=CARTESIAN_POINT('',(1.32148412468111,-0.65866060683382,0.475));
#4432=CARTESIAN_POINT('',(1.3230236618511,-0.659343792459609,0.475));
#4433=CARTESIAN_POINT('',(1.32486558869219,-0.660101155531925,0.475));
#4434=CARTESIAN_POINT('',(1.32736059745976,-0.661077877646627,0.475));
#4435=CARTESIAN_POINT('',(1.33040037705171,-0.662194960833547,0.475));
#4436=CARTESIAN_POINT('',(1.33402867302553,-0.663447790009512,0.475));
#4437=CARTESIAN_POINT('',(1.33824031813427,-0.664807971839831,0.475));
#4438=CARTESIAN_POINT('',(1.34304430065095,-0.666254168330408,0.475));
#4439=CARTESIAN_POINT('',(1.34844447557236,-0.667762694240028,0.475));
#4440=CARTESIAN_POINT('',(1.35444532800741,-0.669310353526964,0.475));
#4441=CARTESIAN_POINT('',(1.36105026327623,-0.670873624532764,0.475));
#4442=CARTESIAN_POINT('',(1.3682620996447,-0.672428921120991,0.475));
#4443=CARTESIAN_POINT('',(1.37608292065602,-0.67395254077191,0.475));
#4444=CARTESIAN_POINT('',(1.38451411334525,-0.675420703435309,0.475));
#4445=CARTESIAN_POINT('',(1.39355635410932,-0.676809564258766,0.475));
#4446=CARTESIAN_POINT('',(1.40320960934733,-0.678095234886102,0.475));
#4447=CARTESIAN_POINT('',(1.41347313590471,-0.679253798505317,0.475));
#4448=CARTESIAN_POINT('',(1.4243454691668,-0.680261341960588,0.475));
#4449=CARTESIAN_POINT('',(1.43582446600032,-0.681093923820858,0.475));
#4450=CARTESIAN_POINT('',(1.44790713587273,-0.681727790635619,0.475));
#4451=CARTESIAN_POINT('',(1.46059029544334,-0.682138631739777,0.475));
#4452=CARTESIAN_POINT('',(1.47386804025132,-0.682304552852275,0.475));
#4453=CARTESIAN_POINT('',(1.4877415099647,-0.682194689010426,0.475));
#4454=CARTESIAN_POINT('',(1.49778115938361,-0.681929441248926,0.475));
#4455=CARTESIAN_POINT('',(1.50317725695849,-0.681710774671975,0.475));
#4456=CARTESIAN_POINT('',(1.503695750842,-0.681689143891634,0.475));
#4457=CARTESIAN_POINT('',(1.29465284977655,-0.433337698643275,0.475));
#4458=CARTESIAN_POINT('',(1.34441378249956,-0.449955179220619,0.475));
#4459=CARTESIAN_POINT('',(1.39862859748885,-0.468060017409723,0.475));
#4460=CARTESIAN_POINT('',(1.40017376738502,-0.46868700419974,0.475));
#4461=CARTESIAN_POINT('',(1.40174546974661,-0.469292536183725,0.475));
#4462=CARTESIAN_POINT('',(1.40358344527066,-0.470059438579259,0.475));
#4463=CARTESIAN_POINT('',(1.40603832971996,-0.471133029367285,0.475));
#4464=CARTESIAN_POINT('',(1.40897767557937,-0.472492581033444,0.475));
#4465=CARTESIAN_POINT('',(1.4124291522726,-0.474172289714691,0.475));
#4466=CARTESIAN_POINT('',(1.4163690288848,-0.476188578735163,0.475));
#4467=CARTESIAN_POINT('',(1.42078857284447,-0.478562892003997,0.475));
#4468=CARTESIAN_POINT('',(1.42567376205128,-0.481314703410234,0.475));
#4469=CARTESIAN_POINT('',(1.43101136587776,-0.484463586483199,0.475));
#4470=CARTESIAN_POINT('',(1.43678715992467,-0.488028581472042,0.475));
#4471=CARTESIAN_POINT('',(1.44298645908991,-0.492028359108702,0.475));
#4472=CARTESIAN_POINT('',(1.44959397644858,-0.496481152893139,0.475));
#4473=CARTESIAN_POINT('',(1.4565938777478,-0.501404758642015,0.475));
#4474=CARTESIAN_POINT('',(1.46396978041558,-0.506816515497014,0.475));
#4475=CARTESIAN_POINT('',(1.47170476907387,-0.512733291317374,0.475));
#4476=CARTESIAN_POINT('',(1.47978140649307,-0.519171472353407,0.475));
#4477=CARTESIAN_POINT('',(1.48818174787957,-0.526146932120785,0.475));
#4478=CARTESIAN_POINT('',(1.49688734866106,-0.533675084343697,0.475));
#4479=CARTESIAN_POINT('',(1.50587929798576,-0.54177061062223,0.475));
#4480=CARTESIAN_POINT('',(1.51513815465575,-0.55044845023074,0.475));
#4481=CARTESIAN_POINT('',(1.52464426199214,-0.559719909679541,0.475));
#4482=CARTESIAN_POINT('',(1.53437660103747,-0.569607619660033,0.475));
#4483=CARTESIAN_POINT('',(1.54128814673147,-0.576894282335735,0.475));
#4484=CARTESIAN_POINT('',(1.54494914329923,-0.580864520142251,0.475));
#4485=CARTESIAN_POINT('',(1.54530047856881,-0.58124644595475,0.475));
#4486=CARTESIAN_POINT('',(1.34971088128555,-0.451728985746272,0.475));
#4487=CARTESIAN_POINT('',(1.36849557026328,-0.395527492807527,0.475));
#4488=CARTESIAN_POINT('',(1.31156792395548,-0.37907406050944,0.475));
#4489=CARTESIAN_POINT('',(4.28432132664587E-14,-1.10196004354935E-14,0.475));
#4490=CARTESIAN_POINT('',(1.32538817118898,-0.327496195660845,0.475));
#4491=CARTESIAN_POINT('',(1.38291567521824,-0.341710928465155,0.475));
#4492=CARTESIAN_POINT('',(1.3947484038307,-0.283646663360722,0.475));
#4493=CARTESIAN_POINT('',(1.33787110631005,-0.272044969445715,0.475));
#4494=CARTESIAN_POINT('',(1.38927407845285,-0.282534275480343,0.475));
#4495=CARTESIAN_POINT('',(1.44527790458961,-0.293962433171819,0.475));
#4496=CARTESIAN_POINT('',(1.44692955436786,-0.294192031631911,0.475));
#4497=CARTESIAN_POINT('',(1.44859345453218,-0.294453476731773,0.475));
#4498=CARTESIAN_POINT('',(1.4505686392253,-0.294708307537039,0.475));
#4499=CARTESIAN_POINT('',(1.45323142691577,-0.295005992865994,0.475));
#4500=CARTESIAN_POINT('',(1.4564567509336,-0.295298259515042,0.475));
#4501=CARTESIAN_POINT('',(1.46028567177113,-0.295569327472742,0.475));
#4502=CARTESIAN_POINT('',(1.46470584951532,-0.295793108265744,0.475));
#4503=CARTESIAN_POINT('',(1.46972044349194,-0.295946664638223,0.475));
#4504=CARTESIAN_POINT('',(1.47532704715046,-0.296006120657405,0.475));
#4505=CARTESIAN_POINT('',(1.48152398919601,-0.295947909835911,0.475));
#4506=CARTESIAN_POINT('',(1.48830847106208,-0.295748430634663,0.475));
#4507=CARTESIAN_POINT('',(1.49567711044317,-0.295384171174449,0.475));
#4508=CARTESIAN_POINT('',(1.50362578522394,-0.294831697318645,0.475));
#4509=CARTESIAN_POINT('',(1.51214968044749,-0.294067680311511,0.475));
#4510=CARTESIAN_POINT('',(1.52124327796113,-0.293068912729868,0.475));
#4511=CARTESIAN_POINT('',(1.53090036254737,-0.291812328890081,0.475));
#4512=CARTESIAN_POINT('',(1.54111402624756,-0.290275019268313,0.475));
#4513=CARTESIAN_POINT('',(1.55187666517243,-0.288434264599938,0.475));
#4514=CARTESIAN_POINT('',(1.56318001271586,-0.286267493922086,0.475));
#4515=CARTESIAN_POINT('',(1.57501503239986,-0.283752537170224,0.475));
#4516=CARTESIAN_POINT('',(1.58737235729033,-0.280866735954283,0.475));
#4517=CARTESIAN_POINT('',(1.60024061745914,-0.277590470209654,0.475));
#4518=CARTESIAN_POINT('',(1.61361292530089,-0.273893631703964,0.475));
#4519=CARTESIAN_POINT('',(1.62324183078916,-0.271038969564997,0.475));
#4520=CARTESIAN_POINT('',(1.62839746572326,-0.269431141049366,0.475));
#4521=CARTESIAN_POINT('',(1.62889269389821,-0.269276051228168,0.475));
#4522=CARTESIAN_POINT('',(1.36269467304769,-0.083491260305784,0.475));
#4523=CARTESIAN_POINT('',(1.41506096356011,-0.0866634368725188,0.475));
#4524=CARTESIAN_POINT('',(1.47211433045759,-0.0901195410142201,0.475));
#4525=CARTESIAN_POINT('',(1.47376912608859,-0.0903252443503927,0.475));
#4526=CARTESIAN_POINT('',(1.47544399720077,-0.0905033568279542,0.475));
#4527=CARTESIAN_POINT('',(1.47741783417323,-0.0907684245879887,0.475));
#4528=CARTESIAN_POINT('',(1.48006693620596,-0.0911700628080022,0.475));
#4529=CARTESIAN_POINT('',(1.48325800414795,-0.091722530185964,0.475));
#4530=CARTESIAN_POINT('',(1.48702661522171,-0.0924516962798856,0.475));
#4531=CARTESIAN_POINT('',(1.49135409779276,-0.0933795668154307,0.475));
#4532=CARTESIAN_POINT('',(1.49623756693683,-0.0945291151740692,0.475));
#4533=CARTESIAN_POINT('',(1.50166851855847,-0.0959227808747778,0.475));
#4534=CARTESIAN_POINT('',(1.50763923885505,-0.0975828948334141,0.475));
#4535=CARTESIAN_POINT('',(1.5141409160911,-0.0995315300637985,0.475));
#4536=CARTESIAN_POINT('',(1.52116419788824,-0.101790521892208,0.475));
#4537=CARTESIAN_POINT('',(1.52869903738795,-0.104381439074467,0.475));
#4538=CARTESIAN_POINT('',(1.53673474577273,-0.107325569255695,0.475));
#4539=CARTESIAN_POINT('',(1.54525998639327,-0.110643900882292,0.475));
#4540=CARTESIAN_POINT('',(1.55426278597228,-0.114357105077124,0.475));
#4541=CARTESIAN_POINT('',(1.563730542513,-0.118485522829677,0.475));
#4542=CARTESIAN_POINT('',(1.573650031044,-0.123049131233038,0.475));
#4543=CARTESIAN_POINT('',(1.58400742484193,-0.128067592608074,0.475));
#4544=CARTESIAN_POINT('',(1.59478825730436,-0.133559982780081,0.475));
#4545=CARTESIAN_POINT('',(1.60597761624484,-0.139545763732266,0.475));
#4546=CARTESIAN_POINT('',(1.61755944110977,-0.146040944237811,0.475));
#4547=CARTESIAN_POINT('',(1.62951928639926,-0.153072823972496,0.475));
#4548=CARTESIAN_POINT('',(1.63808125396038,-0.158322359981711,0.475));
#4549=CARTESIAN_POINT('',(1.64264507825305,-0.161209779579744,0.475));
#4550=CARTESIAN_POINT('',(1.6430832917377,-0.161487759326781,0.475));
#4551=CARTESIAN_POINT('',(1.42063666299307,-0.0870058123568847,0.475));
#4552=CARTESIAN_POINT('',(1.42423526247973,-0.0278575035875829,0.475));
#4553=CARTESIAN_POINT('',(1.36498891704512,-0.0266986674570814,0.475));
#4554=CARTESIAN_POINT('',(4.42354486374086E-14,4.44522890719046E-16,0.475));
#4555=CARTESIAN_POINT('',(1.36498891704512,0.0266986674570808,0.475));
#4556=CARTESIAN_POINT('',(1.42423526247973,0.0278575035875822,0.475));
#4557=CARTESIAN_POINT('',(1.42063666299307,0.0870058123568839,0.475));
#4558=CARTESIAN_POINT('',(1.36269467304769,0.0834912603057834,0.475));
#4559=CARTESIAN_POINT('',(1.41506096356011,0.0866634368725181,0.475));
#4560=CARTESIAN_POINT('',(1.47211433045759,0.0901195410142194,0.475));
#4561=CARTESIAN_POINT('',(1.47376912608859,0.090325244350392,0.475));
#4562=CARTESIAN_POINT('',(1.47544399720077,0.0905033568279535,0.475));
#4563=CARTESIAN_POINT('',(1.47741783417323,0.090768424587988,0.475));
#4564=CARTESIAN_POINT('',(1.48006693620596,0.0911700628080015,0.475));
#4565=CARTESIAN_POINT('',(1.48325800414795,0.0917225301859633,0.475));
#4566=CARTESIAN_POINT('',(1.48702661522171,0.0924516962798849,0.475));
#4567=CARTESIAN_POINT('',(1.49135409779276,0.09337956681543,0.475));
#4568=CARTESIAN_POINT('',(1.49623756693683,0.0945291151740685,0.475));
#4569=CARTESIAN_POINT('',(1.50166851855847,0.0959227808747771,0.475));
#4570=CARTESIAN_POINT('',(1.50763923885505,0.0975828948334134,0.475));
#4571=CARTESIAN_POINT('',(1.5141409160911,0.0995315300637978,0.475));
#4572=CARTESIAN_POINT('',(1.52116419788824,0.101790521892208,0.475));
#4573=CARTESIAN_POINT('',(1.52869903738795,0.104381439074467,0.475));
#4574=CARTESIAN_POINT('',(1.53673474577273,0.107325569255695,0.475));
#4575=CARTESIAN_POINT('',(1.54525998639327,0.110643900882291,0.475));
#4576=CARTESIAN_POINT('',(1.55426278597228,0.114357105077123,0.475));
#4577=CARTESIAN_POINT('',(1.563730542513,0.118485522829676,0.475));
#4578=CARTESIAN_POINT('',(1.573650031044,0.123049131233037,0.475));
#4579=CARTESIAN_POINT('',(1.58400742484193,0.128067592608073,0.475));
#4580=CARTESIAN_POINT('',(1.59478825730436,0.13355998278008,0.475));
#4581=CARTESIAN_POINT('',(1.60597761624484,0.139545763732266,0.475));
#4582=CARTESIAN_POINT('',(1.61755944110977,0.14604094423781,0.475));
#4583=CARTESIAN_POINT('',(1.62951928639926,0.153072823972496,0.475));
#4584=CARTESIAN_POINT('',(1.63808125396038,0.15832235998171,0.475));
#4585=CARTESIAN_POINT('',(1.64264507825305,0.161209779579744,0.475));
#4586=CARTESIAN_POINT('',(1.6430832917377,0.161487759326781,0.475));
#4587=CARTESIAN_POINT('',(1.33787110631005,0.272044969445715,0.475));
#4588=CARTESIAN_POINT('',(1.38927407845285,0.282534275480342,0.475));
#4589=CARTESIAN_POINT('',(1.44527790458961,0.293962433171819,0.475));
#4590=CARTESIAN_POINT('',(1.44692955436786,0.29419203163191,0.475));
#4591=CARTESIAN_POINT('',(1.44859345453218,0.294453476731772,0.475));
#4592=CARTESIAN_POINT('',(1.4505686392253,0.294708307537039,0.475));
#4593=CARTESIAN_POINT('',(1.45323142691577,0.295005992865993,0.475));
#4594=CARTESIAN_POINT('',(1.4564567509336,0.295298259515042,0.475));
#4595=CARTESIAN_POINT('',(1.46028567177113,0.295569327472742,0.475));
#4596=CARTESIAN_POINT('',(1.46470584951532,0.295793108265743,0.475));
#4597=CARTESIAN_POINT('',(1.46972044349194,0.295946664638223,0.475));
#4598=CARTESIAN_POINT('',(1.47532704715046,0.296006120657404,0.475));
#4599=CARTESIAN_POINT('',(1.48152398919601,0.29594790983591,0.475));
#4600=CARTESIAN_POINT('',(1.48830847106208,0.295748430634662,0.475));
#4601=CARTESIAN_POINT('',(1.49567711044317,0.295384171174448,0.475));
#4602=CARTESIAN_POINT('',(1.50362578522394,0.294831697318645,0.475));
#4603=CARTESIAN_POINT('',(1.51214968044749,0.294067680311511,0.475));
#4604=CARTESIAN_POINT('',(1.52124327796113,0.293068912729868,0.475));
#4605=CARTESIAN_POINT('',(1.53090036254737,0.29181232889008,0.475));
#4606=CARTESIAN_POINT('',(1.54111402624756,0.290275019268312,0.475));
#4607=CARTESIAN_POINT('',(1.55187666517243,0.288434264599937,0.475));
#4608=CARTESIAN_POINT('',(1.56318001271586,0.286267493922085,0.475));
#4609=CARTESIAN_POINT('',(1.57501503239986,0.283752537170223,0.475));
#4610=CARTESIAN_POINT('',(1.58737235729033,0.280866735954283,0.475));
#4611=CARTESIAN_POINT('',(1.60024061745914,0.277590470209653,0.475));
#4612=CARTESIAN_POINT('',(1.61361292530089,0.273893631703963,0.475));
#4613=CARTESIAN_POINT('',(1.62324183078916,0.271038969564996,0.475));
#4614=CARTESIAN_POINT('',(1.62839746572326,0.269431141049365,0.475));
#4615=CARTESIAN_POINT('',(1.62889269389821,0.269276051228168,0.475));
#4616=CARTESIAN_POINT('',(1.3947484038307,0.283646663360721,0.475));
#4617=CARTESIAN_POINT('',(1.38291567521824,0.341710928465154,0.475));
#4618=CARTESIAN_POINT('',(1.32538817118898,0.327496195660844,0.475));
#4619=CARTESIAN_POINT('',(4.26131112862544E-14,1.18783527165379E-14,0.475));
#4620=CARTESIAN_POINT('',(1.31156792395548,0.37907406050944,0.475));
#4621=CARTESIAN_POINT('',(1.36849557026328,0.395527492807527,0.475));
#4622=CARTESIAN_POINT('',(1.34971088128554,0.451728985746271,0.475));
#4623=CARTESIAN_POINT('',(1.29465284977655,0.433337698643274,0.475));
#4624=CARTESIAN_POINT('',(1.34441378249956,0.449955179220619,0.475));
#4625=CARTESIAN_POINT('',(1.39862859748885,0.468060017409722,0.475));
#4626=CARTESIAN_POINT('',(1.40017376738502,0.46868700419974,0.475));
#4627=CARTESIAN_POINT('',(1.40174546974661,0.469292536183724,0.475));
#4628=CARTESIAN_POINT('',(1.40358344527066,0.470059438579258,0.475));
#4629=CARTESIAN_POINT('',(1.40603832971996,0.471133029367284,0.475));
#4630=CARTESIAN_POINT('',(1.40897767557937,0.472492581033444,0.475));
#4631=CARTESIAN_POINT('',(1.4124291522726,0.47417228971469,0.475));
#4632=CARTESIAN_POINT('',(1.4163690288848,0.476188578735162,0.475));
#4633=CARTESIAN_POINT('',(1.42078857284447,0.478562892003996,0.475));
#4634=CARTESIAN_POINT('',(1.42567376205128,0.481314703410233,0.475));
#4635=CARTESIAN_POINT('',(1.43101136587776,0.484463586483199,0.475));
#4636=CARTESIAN_POINT('',(1.43678715992467,0.488028581472042,0.475));
#4637=CARTESIAN_POINT('',(1.44298645908991,0.492028359108701,0.475));
#4638=CARTESIAN_POINT('',(1.44959397644858,0.496481152893138,0.475));
#4639=CARTESIAN_POINT('',(1.4565938777478,0.501404758642014,0.475));
#4640=CARTESIAN_POINT('',(1.46396978041558,0.506816515497013,0.475));
#4641=CARTESIAN_POINT('',(1.47170476907387,0.512733291317373,0.475));
#4642=CARTESIAN_POINT('',(1.47978140649307,0.519171472353406,0.475));
#4643=CARTESIAN_POINT('',(1.48818174787957,0.526146932120784,0.475));
#4644=CARTESIAN_POINT('',(1.49688734866106,0.533675084343696,0.475));
#4645=CARTESIAN_POINT('',(1.50587929798577,0.54177061062223,0.475));
#4646=CARTESIAN_POINT('',(1.51513815465576,0.550448450230739,0.475));
#4647=CARTESIAN_POINT('',(1.52464426199214,0.55971990967954,0.475));
#4648=CARTESIAN_POINT('',(1.53437660103748,0.569607619660032,0.475));
#4649=CARTESIAN_POINT('',(1.54128814673147,0.576894282335734,0.475));
#4650=CARTESIAN_POINT('',(1.54494914329923,0.58086452014225,0.475));
#4651=CARTESIAN_POINT('',(1.54530047856881,0.58124644595475,0.475));
#4652=CARTESIAN_POINT('',(1.22187383461392,0.609041784105057,0.475));
#4653=CARTESIAN_POINT('',(1.268810460783,0.632477743869186,0.475));
#4654=CARTESIAN_POINT('',(1.31994817795851,0.658011353333089,0.475));
#4655=CARTESIAN_POINT('',(1.32148412468111,0.658660606833819,0.475));
#4656=CARTESIAN_POINT('',(1.3230236618511,0.659343792459608,0.475));
#4657=CARTESIAN_POINT('',(1.32486558869219,0.660101155531924,0.475));
#4658=CARTESIAN_POINT('',(1.32736059745976,0.661077877646626,0.475));
#4659=CARTESIAN_POINT('',(1.33040037705171,0.662194960833546,0.475));
#4660=CARTESIAN_POINT('',(1.33402867302553,0.663447790009511,0.475));
#4661=CARTESIAN_POINT('',(1.33824031813427,0.664807971839831,0.475));
#4662=CARTESIAN_POINT('',(1.34304430065095,0.666254168330408,0.475));
#4663=CARTESIAN_POINT('',(1.34844447557236,0.667762694240028,0.475));
#4664=CARTESIAN_POINT('',(1.35444532800741,0.669310353526963,0.475));
#4665=CARTESIAN_POINT('',(1.36105026327623,0.670873624532763,0.475));
#4666=CARTESIAN_POINT('',(1.3682620996447,0.67242892112099,0.475));
#4667=CARTESIAN_POINT('',(1.37608292065602,0.673952540771909,0.475));
#4668=CARTESIAN_POINT('',(1.38451411334525,0.675420703435308,0.475));
#4669=CARTESIAN_POINT('',(1.39355635410932,0.676809564258765,0.475));
#4670=CARTESIAN_POINT('',(1.40320960934733,0.678095234886102,0.475));
#4671=CARTESIAN_POINT('',(1.41347313590471,0.679253798505316,0.475));
#4672=CARTESIAN_POINT('',(1.4243454691668,0.680261341960587,0.475));
#4673=CARTESIAN_POINT('',(1.43582446600032,0.681093923820857,0.475));
#4674=CARTESIAN_POINT('',(1.44790713587273,0.681727790635618,0.475));
#4675=CARTESIAN_POINT('',(1.46059029544334,0.682138631739776,0.475));
#4676=CARTESIAN_POINT('',(1.47386804025132,0.682304552852274,0.475));
#4677=CARTESIAN_POINT('',(1.4877415099647,0.682194689010426,0.475));
#4678=CARTESIAN_POINT('',(1.49778115938361,0.681929441248925,0.475));
#4679=CARTESIAN_POINT('',(1.50317725695849,0.681710774671974,0.475));
#4680=CARTESIAN_POINT('',(1.503695750842,0.681689143891634,0.475));
#4681=CARTESIAN_POINT('',(1.27381034587799,0.63496908771857,0.475));
#4682=CARTESIAN_POINT('',(1.24735267006683,0.687992325447002,0.475));
#4683=CARTESIAN_POINT('',(1.19546441177383,0.659372734257536,0.475));
#4684=CARTESIAN_POINT('',(3.80867608224381E-14,2.25026924346307E-14,0.475));
#4685=CARTESIAN_POINT('',(1.16876574431674,0.705616182787586,0.475));
#4686=CARTESIAN_POINT('',(1.21949516647925,0.736242937032727,0.475));
#4687=CARTESIAN_POINT('',(1.18680453352111,0.785667575274497,0.475));
#4688=CARTESIAN_POINT('',(1.13838257430814,0.753652888942633,0.475));
#4689=CARTESIAN_POINT('',(1.18214702391048,0.782583219690927,0.475));
#4690=CARTESIAN_POINT('',(1.22982863694429,0.814102977124505,0.475));
#4691=CARTESIAN_POINT('',(1.23115888033071,0.815108519254772,0.475));
#4692=CARTESIAN_POINT('',(1.23252030502314,0.81610020474116,0.475));
#4693=CARTESIAN_POINT('',(1.23409716410421,0.817316678641304,0.475));
#4694=CARTESIAN_POINT('',(1.23619053465176,0.818989058559331,0.475));
#4695=CARTESIAN_POINT('',(1.23867784686575,0.821063043314405,0.475));
#4696=CARTESIAN_POINT('',(1.24157697674565,0.823578825212199,0.475));
#4697=CARTESIAN_POINT('',(1.24486075131884,0.826546125952929,0.475));
#4698=CARTESIAN_POINT('',(1.24851518547688,0.829983398606425,0.475));
#4699=CARTESIAN_POINT('',(1.25252169469759,0.833905824318439,0.475));
#4700=CARTESIAN_POINT('',(1.256862433174,0.838328885328086,0.475));
#4701=CARTESIAN_POINT('',(1.26151873321243,0.843267291558331,0.475));
#4702=CARTESIAN_POINT('',(1.26647157775249,0.848735276767247,0.475));
#4703=CARTESIAN_POINT('',(1.27170148158155,0.854746496616042,0.475));
#4704=CARTESIAN_POINT('',(1.27718854408956,0.861314042337424,0.475));
#4705=CARTESIAN_POINT('',(1.28291245322702,0.868450422134509,0.475));
#4706=CARTESIAN_POINT('',(1.2888525042702,0.876167551086173,0.475));
#4707=CARTESIAN_POINT('',(1.29498761307504,0.884476744007678,0.475));
#4708=CARTESIAN_POINT('',(1.30129633793376,0.893388689083418,0.475));
#4709=CARTESIAN_POINT('',(1.30775687339224,0.902913501021073,0.475));
#4710=CARTESIAN_POINT('',(1.31434715309265,0.913060466668742,0.475));
#4711=CARTESIAN_POINT('',(1.32104453171107,0.923838984505063,0.475));
#4712=CARTESIAN_POINT('',(1.32782709601351,0.935254888257496,0.475));
#4713=CARTESIAN_POINT('',(1.3346686859922,0.947324597388837,0.475));
#4714=CARTESIAN_POINT('',(1.3394587994019,0.956151812711457,0.475));
#4715=CARTESIAN_POINT('',(1.34196747737874,0.96093430358107,0.475));
#4716=CARTESIAN_POINT('',(1.34220799151522,0.961394147846073,0.475));
#4717=CARTESIAN_POINT('',(1.02260788033084,0.904533407666776,0.475));
#4718=CARTESIAN_POINT('',(1.06187950701922,0.939318899232235,0.475));
#4719=CARTESIAN_POINT('',(1.10466616431703,0.977217887179884,0.475));
#4720=CARTESIAN_POINT('',(1.10598173575311,0.97824255016812,0.475));
#4721=CARTESIAN_POINT('',(1.10729199301484,0.979300918348456,0.475));
#4722=CARTESIAN_POINT('',(1.10887513773362,0.980509200646045,0.475));
#4723=CARTESIAN_POINT('',(1.11103233685397,0.982098397548488,0.475));
#4724=CARTESIAN_POINT('',(1.11367941606432,0.983964169900157,0.475));
#4725=CARTESIAN_POINT('',(1.11685982479986,0.986113382056444,0.475));
#4726=CARTESIAN_POINT('',(1.12057592061906,0.988517270780152,0.475));
#4727=CARTESIAN_POINT('',(1.12484190820624,0.991157551487947,0.475));
#4728=CARTESIAN_POINT('',(1.12966764139387,0.994012343740222,0.475));
#4729=CARTESIAN_POINT('',(1.13506345604185,0.997060402712809,0.475));
#4730=CARTESIAN_POINT('',(1.14103872929001,1.00027988959004,0.475));
#4731=CARTESIAN_POINT('',(1.14760228791547,1.00364875133447,0.475));
#4732=CARTESIAN_POINT('',(1.15476227912993,1.0071446323308,0.475));
#4733=CARTESIAN_POINT('',(1.16252619743629,1.01074492180547,0.475));
#4734=CARTESIAN_POINT('',(1.17090086768572,1.01442676246411,0.475));
#4735=CARTESIAN_POINT('',(1.17989244018379,1.01816707122999,0.475));
#4736=CARTESIAN_POINT('',(1.18950638722475,1.02194255389416,0.475));
#4737=CARTESIAN_POINT('',(1.19974748327963,1.02572973305164,0.475));
#4738=CARTESIAN_POINT('',(1.21061985473897,1.02950492837216,0.475));
#4739=CARTESIAN_POINT('',(1.22212676081554,1.03324442177764,0.475));
#4740=CARTESIAN_POINT('',(1.23427141870147,1.03692390705959,0.475));
#4741=CARTESIAN_POINT('',(1.24705379178248,1.0405207077796,0.475));
#4742=CARTESIAN_POINT('',(1.26048296933351,1.04400530564085,0.475));
#4743=CARTESIAN_POINT('',(1.27024917716647,1.04634754845342,0.475));
#4744=CARTESIAN_POINT('',(1.27551800224986,1.04753294558101,0.475));
#4745=CARTESIAN_POINT('',(1.27602442734063,1.04764624794346,0.475));
#4746=CARTESIAN_POINT('',(1.06606421792482,0.943019418084429,0.475));
#4747=CARTESIAN_POINT('',(1.02678464179813,0.98738818241071,0.475));
#4748=CARTESIAN_POINT('',(0.984071728294635,0.946314110679541,0.475));
#4749=CARTESIAN_POINT('',(3.09648605499208E-14,3.15935108507609E-14,0.475));
#4750=CARTESIAN_POINT('',(0.946314110679542,0.984071728294634,0.475));
#4751=CARTESIAN_POINT('',(0.98738818241071,1.02678464179813,0.475));
#4752=CARTESIAN_POINT('',(0.943019418084429,1.06606421792482,0.475));
#4753=CARTESIAN_POINT('',(0.904533407666776,1.02260788033084,0.475));
#4754=CARTESIAN_POINT('',(0.939318899232236,1.06187950701922,0.475));
#4755=CARTESIAN_POINT('',(0.977217887179885,1.10466616431703,0.475));
#4756=CARTESIAN_POINT('',(0.978242550168121,1.10598173575311,0.475));
#4757=CARTESIAN_POINT('',(0.979300918348457,1.10729199301484,0.475));
#4758=CARTESIAN_POINT('',(0.980509200646046,1.10887513773362,0.475));
#4759=CARTESIAN_POINT('',(0.982098397548488,1.11103233685397,0.475));
#4760=CARTESIAN_POINT('',(0.983964169900158,1.11367941606432,0.475));
#4761=CARTESIAN_POINT('',(0.986113382056444,1.11685982479986,0.475));
#4762=CARTESIAN_POINT('',(0.988517270780153,1.12057592061906,0.475));
#4763=CARTESIAN_POINT('',(0.991157551487947,1.12484190820624,0.475));
#4764=CARTESIAN_POINT('',(0.994012343740222,1.12966764139387,0.475));
#4765=CARTESIAN_POINT('',(0.997060402712809,1.13506345604185,0.475));
#4766=CARTESIAN_POINT('',(1.00027988959004,1.14103872929001,0.475));
#4767=CARTESIAN_POINT('',(1.00364875133447,1.14760228791547,0.475));
#4768=CARTESIAN_POINT('',(1.0071446323308,1.15476227912993,0.475));
#4769=CARTESIAN_POINT('',(1.01074492180548,1.16252619743629,0.475));
#4770=CARTESIAN_POINT('',(1.01442676246412,1.17090086768572,0.475));
#4771=CARTESIAN_POINT('',(1.01816707122999,1.17989244018379,0.475));
#4772=CARTESIAN_POINT('',(1.02194255389416,1.18950638722475,0.475));
#4773=CARTESIAN_POINT('',(1.02572973305164,1.19974748327963,0.475));
#4774=CARTESIAN_POINT('',(1.02950492837216,1.21061985473897,0.475));
#4775=CARTESIAN_POINT('',(1.03324442177764,1.22212676081554,0.475));
#4776=CARTESIAN_POINT('',(1.03692390705959,1.23427141870147,0.475));
#4777=CARTESIAN_POINT('',(1.0405207077796,1.24705379178248,0.475));
#4778=CARTESIAN_POINT('',(1.04400530564086,1.26048296933351,0.475));
#4779=CARTESIAN_POINT('',(1.04634754845342,1.27024917716647,0.475));
#4780=CARTESIAN_POINT('',(1.04753294558101,1.27551800224986,0.475));
#4781=CARTESIAN_POINT('',(1.04764624794346,1.27602442734063,0.475));
#4782=CARTESIAN_POINT('',(0.753652888942634,1.13838257430814,0.475));
#4783=CARTESIAN_POINT('',(0.782583219690927,1.18214702391048,0.475));
#4784=CARTESIAN_POINT('',(0.814102977124506,1.22982863694429,0.475));
#4785=CARTESIAN_POINT('',(0.815108519254773,1.23115888033071,0.475));
#4786=CARTESIAN_POINT('',(0.816100204741161,1.23252030502314,0.475));
#4787=CARTESIAN_POINT('',(0.817316678641305,1.23409716410421,0.475));
#4788=CARTESIAN_POINT('',(0.818989058559332,1.23619053465176,0.475));
#4789=CARTESIAN_POINT('',(0.821063043314406,1.23867784686575,0.475));
#4790=CARTESIAN_POINT('',(0.823578825212199,1.24157697674564,0.475));
#4791=CARTESIAN_POINT('',(0.826546125952929,1.24486075131884,0.475));
#4792=CARTESIAN_POINT('',(0.829983398606426,1.24851518547688,0.475));
#4793=CARTESIAN_POINT('',(0.833905824318439,1.25252169469759,0.475));
#4794=CARTESIAN_POINT('',(0.838328885328087,1.256862433174,0.475));
#4795=CARTESIAN_POINT('',(0.843267291558331,1.26151873321243,0.475));
#4796=CARTESIAN_POINT('',(0.848735276767247,1.26647157775249,0.475));
#4797=CARTESIAN_POINT('',(0.854746496616042,1.27170148158155,0.475));
#4798=CARTESIAN_POINT('',(0.861314042337424,1.27718854408956,0.475));
#4799=CARTESIAN_POINT('',(0.868450422134509,1.28291245322702,0.475));
#4800=CARTESIAN_POINT('',(0.876167551086173,1.2888525042702,0.475));
#4801=CARTESIAN_POINT('',(0.884476744007678,1.29498761307504,0.475));
#4802=CARTESIAN_POINT('',(0.893388689083419,1.30129633793376,0.475));
#4803=CARTESIAN_POINT('',(0.902913501021074,1.30775687339224,0.475));
#4804=CARTESIAN_POINT('',(0.913060466668742,1.31434715309265,0.475));
#4805=CARTESIAN_POINT('',(0.923838984505064,1.32104453171107,0.475));
#4806=CARTESIAN_POINT('',(0.935254888257496,1.32782709601351,0.475));
#4807=CARTESIAN_POINT('',(0.947324597388837,1.3346686859922,0.475));
#4808=CARTESIAN_POINT('',(0.956151812711458,1.3394587994019,0.475));
#4809=CARTESIAN_POINT('',(0.960934303581071,1.34196747737874,0.475));
#4810=CARTESIAN_POINT('',(0.961394147846073,1.34220799151522,0.475));
#4811=CARTESIAN_POINT('',(0.785667575274498,1.18680453352111,0.475));
#4812=CARTESIAN_POINT('',(0.736242937032727,1.21949516647925,0.475));
#4813=CARTESIAN_POINT('',(0.705616182787587,1.16876574431674,0.475));
#4814=CARTESIAN_POINT('',(2.17327562027779E-14,3.85312837131571E-14,0.475));
#4815=CARTESIAN_POINT('',(0.659372734257537,1.19546441177383,0.475));
#4816=CARTESIAN_POINT('',(0.687992325447002,1.24735267006683,0.475));
#4817=CARTESIAN_POINT('',(0.63496908771857,1.27381034587799,0.475));
#4818=CARTESIAN_POINT('',(0.609041784105058,1.22187383461392,0.475));
#4819=CARTESIAN_POINT('',(0.632477743869187,1.268810460783,0.475));
#4820=CARTESIAN_POINT('',(0.65801135333309,1.31994817795851,0.475));
#4821=CARTESIAN_POINT('',(0.65866060683382,1.32148412468111,0.475));
#4822=CARTESIAN_POINT('',(0.659343792459609,1.3230236618511,0.475));
#4823=CARTESIAN_POINT('',(0.660101155531925,1.32486558869219,0.475));
#4824=CARTESIAN_POINT('',(0.661077877646627,1.32736059745976,0.475));
#4825=CARTESIAN_POINT('',(0.662194960833547,1.33040037705171,0.475));
#4826=CARTESIAN_POINT('',(0.663447790009512,1.33402867302553,0.475));
#4827=CARTESIAN_POINT('',(0.664807971839831,1.33824031813427,0.475));
#4828=CARTESIAN_POINT('',(0.666254168330408,1.34304430065095,0.475));
#4829=CARTESIAN_POINT('',(0.667762694240028,1.34844447557236,0.475));
#4830=CARTESIAN_POINT('',(0.669310353526964,1.35444532800741,0.475));
#4831=CARTESIAN_POINT('',(0.670873624532764,1.36105026327623,0.475));
#4832=CARTESIAN_POINT('',(0.672428921120991,1.3682620996447,0.475));
#4833=CARTESIAN_POINT('',(0.67395254077191,1.37608292065602,0.475));
#4834=CARTESIAN_POINT('',(0.675420703435309,1.38451411334525,0.475));
#4835=CARTESIAN_POINT('',(0.676809564258766,1.39355635410932,0.475));
#4836=CARTESIAN_POINT('',(0.678095234886102,1.40320960934733,0.475));
#4837=CARTESIAN_POINT('',(0.679253798505317,1.41347313590471,0.475));
#4838=CARTESIAN_POINT('',(0.680261341960588,1.4243454691668,0.475));
#4839=CARTESIAN_POINT('',(0.681093923820858,1.43582446600032,0.475));
#4840=CARTESIAN_POINT('',(0.681727790635619,1.44790713587273,0.475));
#4841=CARTESIAN_POINT('',(0.682138631739777,1.46059029544334,0.475));
#4842=CARTESIAN_POINT('',(0.682304552852275,1.47386804025132,0.475));
#4843=CARTESIAN_POINT('',(0.682194689010426,1.4877415099647,0.475));
#4844=CARTESIAN_POINT('',(0.681929441248926,1.49778115938361,0.475));
#4845=CARTESIAN_POINT('',(0.681710774671975,1.50317725695849,0.475));
#4846=CARTESIAN_POINT('',(0.681689143891634,1.503695750842,0.475));
#4847=CARTESIAN_POINT('',(0.433337698643275,1.29465284977655,0.475));
#4848=CARTESIAN_POINT('',(0.449955179220619,1.34441378249956,0.475));
#4849=CARTESIAN_POINT('',(0.468060017409723,1.39862859748885,0.475));
#4850=CARTESIAN_POINT('',(0.46868700419974,1.40017376738502,0.475));
#4851=CARTESIAN_POINT('',(0.469292536183725,1.40174546974661,0.475));
#4852=CARTESIAN_POINT('',(0.470059438579259,1.40358344527066,0.475));
#4853=CARTESIAN_POINT('',(0.471133029367285,1.40603832971996,0.475));
#4854=CARTESIAN_POINT('',(0.472492581033444,1.40897767557937,0.475));
#4855=CARTESIAN_POINT('',(0.474172289714691,1.4124291522726,0.475));
#4856=CARTESIAN_POINT('',(0.476188578735163,1.4163690288848,0.475));
#4857=CARTESIAN_POINT('',(0.478562892003997,1.42078857284447,0.475));
#4858=CARTESIAN_POINT('',(0.481314703410234,1.42567376205128,0.475));
#4859=CARTESIAN_POINT('',(0.484463586483199,1.43101136587776,0.475));
#4860=CARTESIAN_POINT('',(0.488028581472042,1.43678715992467,0.475));
#4861=CARTESIAN_POINT('',(0.492028359108702,1.44298645908991,0.475));
#4862=CARTESIAN_POINT('',(0.496481152893139,1.44959397644858,0.475));
#4863=CARTESIAN_POINT('',(0.501404758642015,1.4565938777478,0.475));
#4864=CARTESIAN_POINT('',(0.506816515497014,1.46396978041558,0.475));
#4865=CARTESIAN_POINT('',(0.512733291317374,1.47170476907387,0.475));
#4866=CARTESIAN_POINT('',(0.519171472353407,1.47978140649307,0.475));
#4867=CARTESIAN_POINT('',(0.526146932120785,1.48818174787957,0.475));
#4868=CARTESIAN_POINT('',(0.533675084343697,1.49688734866106,0.475));
#4869=CARTESIAN_POINT('',(0.54177061062223,1.50587929798576,0.475));
#4870=CARTESIAN_POINT('',(0.55044845023074,1.51513815465575,0.475));
#4871=CARTESIAN_POINT('',(0.559719909679541,1.52464426199214,0.475));
#4872=CARTESIAN_POINT('',(0.569607619660033,1.53437660103747,0.475));
#4873=CARTESIAN_POINT('',(0.576894282335735,1.54128814673147,0.475));
#4874=CARTESIAN_POINT('',(0.580864520142251,1.54494914329923,0.475));
#4875=CARTESIAN_POINT('',(0.581246445954751,1.54530047856881,0.475));
#4876=CARTESIAN_POINT('',(0.451728985746272,1.34971088128555,0.475));
#4877=CARTESIAN_POINT('',(0.395527492807527,1.36849557026328,0.475));
#4878=CARTESIAN_POINT('',(0.37907406050944,1.31156792395548,0.475));
#4879=CARTESIAN_POINT('',(1.10196004354935E-14,4.28432132664587E-14,0.475));
#4880=CARTESIAN_POINT('',(0.327496195660845,1.32538817118898,0.475));
#4881=CARTESIAN_POINT('',(0.341710928465155,1.38291567521824,0.475));
#4882=CARTESIAN_POINT('',(0.283646663360722,1.3947484038307,0.475));
#4883=CARTESIAN_POINT('',(0.272044969445715,1.33787110631005,0.475));
#4884=CARTESIAN_POINT('',(0.282534275480343,1.38927407845285,0.475));
#4885=CARTESIAN_POINT('',(0.29396243317182,1.44527790458961,0.475));
#4886=CARTESIAN_POINT('',(0.294192031631911,1.44692955436786,0.475));
#4887=CARTESIAN_POINT('',(0.294453476731773,1.44859345453218,0.475));
#4888=CARTESIAN_POINT('',(0.294708307537039,1.4505686392253,0.475));
#4889=CARTESIAN_POINT('',(0.295005992865994,1.45323142691577,0.475));
#4890=CARTESIAN_POINT('',(0.295298259515042,1.4564567509336,0.475));
#4891=CARTESIAN_POINT('',(0.295569327472743,1.46028567177113,0.475));
#4892=CARTESIAN_POINT('',(0.295793108265744,1.46470584951532,0.475));
#4893=CARTESIAN_POINT('',(0.295946664638223,1.46972044349194,0.475));
#4894=CARTESIAN_POINT('',(0.296006120657405,1.47532704715046,0.475));
#4895=CARTESIAN_POINT('',(0.295947909835911,1.48152398919601,0.475));
#4896=CARTESIAN_POINT('',(0.295748430634663,1.48830847106208,0.475));
#4897=CARTESIAN_POINT('',(0.295384171174449,1.49567711044317,0.475));
#4898=CARTESIAN_POINT('',(0.294831697318645,1.50362578522394,0.475));
#4899=CARTESIAN_POINT('',(0.294067680311511,1.51214968044749,0.475));
#4900=CARTESIAN_POINT('',(0.293068912729868,1.52124327796113,0.475));
#4901=CARTESIAN_POINT('',(0.291812328890081,1.53090036254737,0.475));
#4902=CARTESIAN_POINT('',(0.290275019268313,1.54111402624756,0.475));
#4903=CARTESIAN_POINT('',(0.288434264599938,1.55187666517243,0.475));
#4904=CARTESIAN_POINT('',(0.286267493922086,1.56318001271586,0.475));
#4905=CARTESIAN_POINT('',(0.283752537170224,1.57501503239986,0.475));
#4906=CARTESIAN_POINT('',(0.280866735954283,1.58737235729033,0.475));
#4907=CARTESIAN_POINT('',(0.277590470209654,1.60024061745914,0.475));
#4908=CARTESIAN_POINT('',(0.273893631703964,1.61361292530089,0.475));
#4909=CARTESIAN_POINT('',(0.271038969564997,1.62324183078916,0.475));
#4910=CARTESIAN_POINT('',(0.269431141049366,1.62839746572326,0.475));
#4911=CARTESIAN_POINT('',(0.269276051228169,1.62889269389821,0.475));
#4912=CARTESIAN_POINT('',(0.269276051228169,1.62889269389821,0.475));
#4913=CARTESIAN_POINT('',(-1.01094593269614E-16,6.19025850293682E-33,0.475));
#4914=CARTESIAN_POINT('',(0.161487759326781,1.6430832917377,0.475));
#4915=CARTESIAN_POINT('',(0.0834912603057838,1.36269467304769,0.475));
#4916=CARTESIAN_POINT('',(0.0866634368725186,1.41506096356011,0.475));
#4917=CARTESIAN_POINT('',(0.0901195410142198,1.47211433045759,0.475));
#4918=CARTESIAN_POINT('',(0.0903252443503924,1.47376912608859,0.475));
#4919=CARTESIAN_POINT('',(0.0905033568279539,1.47544399720077,0.475));
#4920=CARTESIAN_POINT('',(0.0907684245879884,1.47741783417323,0.475));
#4921=CARTESIAN_POINT('',(0.0911700628080019,1.48006693620596,0.475));
#4922=CARTESIAN_POINT('',(0.0917225301859637,1.48325800414795,0.475));
#4923=CARTESIAN_POINT('',(0.0924516962798853,1.48702661522171,0.475));
#4924=CARTESIAN_POINT('',(0.0933795668154304,1.49135409779276,0.475));
#4925=CARTESIAN_POINT('',(0.0945291151740689,1.49623756693683,0.475));
#4926=CARTESIAN_POINT('',(0.0959227808747775,1.50166851855847,0.475));
#4927=CARTESIAN_POINT('',(0.0975828948334139,1.50763923885505,0.475));
#4928=CARTESIAN_POINT('',(0.0995315300637982,1.5141409160911,0.475));
#4929=CARTESIAN_POINT('',(0.101790521892208,1.52116419788824,0.475));
#4930=CARTESIAN_POINT('',(0.104381439074467,1.52869903738795,0.475));
#4931=CARTESIAN_POINT('',(0.107325569255695,1.53673474577273,0.475));
#4932=CARTESIAN_POINT('',(0.110643900882291,1.54525998639327,0.475));
#4933=CARTESIAN_POINT('',(0.114357105077124,1.55426278597228,0.475));
#4934=CARTESIAN_POINT('',(0.118485522829676,1.563730542513,0.475));
#4935=CARTESIAN_POINT('',(0.123049131233037,1.573650031044,0.475));
#4936=CARTESIAN_POINT('',(0.128067592608074,1.58400742484193,0.475));
#4937=CARTESIAN_POINT('',(0.133559982780081,1.59478825730436,0.475));
#4938=CARTESIAN_POINT('',(0.139545763732266,1.60597761624484,0.475));
#4939=CARTESIAN_POINT('',(0.146040944237811,1.61755944110977,0.475));
#4940=CARTESIAN_POINT('',(0.153072823972496,1.62951928639926,0.475));
#4941=CARTESIAN_POINT('',(0.15832235998171,1.63808125396038,0.475));
#4942=CARTESIAN_POINT('',(0.161209779579744,1.64264507825305,0.475));
#4943=CARTESIAN_POINT('',(0.161487759326781,1.6430832917377,0.475));
#4944=CARTESIAN_POINT('',(0.0870058123568844,1.42063666299307,0.475));
#4945=CARTESIAN_POINT('',(0.0278575035875826,1.42423526247973,0.475));
#4946=CARTESIAN_POINT('',(0.0266986674570812,1.36498891704512,0.475));
#4947=CARTESIAN_POINT('',(-4.44522890719054E-16,4.42354486374086E-14,0.475));
#4948=CARTESIAN_POINT('',(-0.026698667457081,1.36498891704512,0.475));
#4949=CARTESIAN_POINT('',(-0.0278575035875824,1.42423526247973,0.475));
#4950=CARTESIAN_POINT('',(-0.0870058123568842,1.42063666299307,0.475));
#4951=CARTESIAN_POINT('',(-0.0834912603057836,1.36269467304769,0.475));
#4952=CARTESIAN_POINT('',(-0.0866634368725184,1.41506096356011,0.475));
#4953=CARTESIAN_POINT('',(-0.0901195410142197,1.47211433045759,0.475));
#4954=CARTESIAN_POINT('',(-0.0903252443503922,1.47376912608859,0.475));
#4955=CARTESIAN_POINT('',(-0.0905033568279538,1.47544399720077,0.475));
#4956=CARTESIAN_POINT('',(-0.0907684245879882,1.47741783417323,0.475));
#4957=CARTESIAN_POINT('',(-0.0911700628080017,1.48006693620596,0.475));
#4958=CARTESIAN_POINT('',(-0.0917225301859635,1.48325800414795,0.475));
#4959=CARTESIAN_POINT('',(-0.0924516962798851,1.48702661522171,0.475));
#4960=CARTESIAN_POINT('',(-0.0933795668154302,1.49135409779276,0.475));
#4961=CARTESIAN_POINT('',(-0.0945291151740687,1.49623756693683,0.475));
#4962=CARTESIAN_POINT('',(-0.0959227808747774,1.50166851855847,0.475));
#4963=CARTESIAN_POINT('',(-0.0975828948334137,1.50763923885505,0.475));
#4964=CARTESIAN_POINT('',(-0.0995315300637981,1.5141409160911,0.475));
#4965=CARTESIAN_POINT('',(-0.101790521892208,1.52116419788824,0.475));
#4966=CARTESIAN_POINT('',(-0.104381439074467,1.52869903738795,0.475));
#4967=CARTESIAN_POINT('',(-0.107325569255695,1.53673474577273,0.475));
#4968=CARTESIAN_POINT('',(-0.110643900882291,1.54525998639327,0.475));
#4969=CARTESIAN_POINT('',(-0.114357105077124,1.55426278597228,0.475));
#4970=CARTESIAN_POINT('',(-0.118485522829676,1.563730542513,0.475));
#4971=CARTESIAN_POINT('',(-0.123049131233037,1.573650031044,0.475));
#4972=CARTESIAN_POINT('',(-0.128067592608074,1.58400742484193,0.475));
#4973=CARTESIAN_POINT('',(-0.13355998278008,1.59478825730436,0.475));
#4974=CARTESIAN_POINT('',(-0.139545763732266,1.60597761624484,0.475));
#4975=CARTESIAN_POINT('',(-0.146040944237811,1.61755944110977,0.475));
#4976=CARTESIAN_POINT('',(-0.153072823972496,1.62951928639926,0.475));
#4977=CARTESIAN_POINT('',(-0.15832235998171,1.63808125396038,0.475));
#4978=CARTESIAN_POINT('',(-0.161209779579744,1.64264507825305,0.475));
#4979=CARTESIAN_POINT('',(-0.161487759326781,1.6430832917377,0.475));
#4980=CARTESIAN_POINT('',(-0.272044969445715,1.33787110631005,0.475));
#4981=CARTESIAN_POINT('',(-0.282534275480343,1.38927407845285,0.475));
#4982=CARTESIAN_POINT('',(-0.293962433171819,1.44527790458961,0.475));
#4983=CARTESIAN_POINT('',(-0.294192031631911,1.44692955436786,0.475));
#4984=CARTESIAN_POINT('',(-0.294453476731773,1.44859345453218,0.475));
#4985=CARTESIAN_POINT('',(-0.294708307537039,1.4505686392253,0.475));
#4986=CARTESIAN_POINT('',(-0.295005992865994,1.45323142691577,0.475));
#4987=CARTESIAN_POINT('',(-0.295298259515042,1.4564567509336,0.475));
#4988=CARTESIAN_POINT('',(-0.295569327472742,1.46028567177113,0.475));
#4989=CARTESIAN_POINT('',(-0.295793108265744,1.46470584951532,0.475));
#4990=CARTESIAN_POINT('',(-0.295946664638223,1.46972044349194,0.475));
#4991=CARTESIAN_POINT('',(-0.296006120657405,1.47532704715046,0.475));
#4992=CARTESIAN_POINT('',(-0.295947909835911,1.48152398919601,0.475));
#4993=CARTESIAN_POINT('',(-0.295748430634663,1.48830847106208,0.475));
#4994=CARTESIAN_POINT('',(-0.295384171174449,1.49567711044317,0.475));
#4995=CARTESIAN_POINT('',(-0.294831697318645,1.50362578522394,0.475));
#4996=CARTESIAN_POINT('',(-0.294067680311511,1.51214968044749,0.475));
#4997=CARTESIAN_POINT('',(-0.293068912729868,1.52124327796113,0.475));
#4998=CARTESIAN_POINT('',(-0.291812328890081,1.53090036254737,0.475));
#4999=CARTESIAN_POINT('',(-0.290275019268313,1.54111402624756,0.475));
#5000=CARTESIAN_POINT('',(-0.288434264599938,1.55187666517243,0.475));
#5001=CARTESIAN_POINT('',(-0.286267493922086,1.56318001271586,0.475));
#5002=CARTESIAN_POINT('',(-0.283752537170224,1.57501503239986,0.475));
#5003=CARTESIAN_POINT('',(-0.280866735954283,1.58737235729033,0.475));
#5004=CARTESIAN_POINT('',(-0.277590470209654,1.60024061745914,0.475));
#5005=CARTESIAN_POINT('',(-0.273893631703964,1.61361292530089,0.475));
#5006=CARTESIAN_POINT('',(-0.271038969564997,1.62324183078916,0.475));
#5007=CARTESIAN_POINT('',(-0.269431141049366,1.62839746572326,0.475));
#5008=CARTESIAN_POINT('',(-0.269276051228168,1.62889269389821,0.475));
#5009=CARTESIAN_POINT('',(-0.283646663360722,1.3947484038307,0.475));
#5010=CARTESIAN_POINT('',(-0.341710928465155,1.38291567521824,0.475));
#5011=CARTESIAN_POINT('',(-0.327496195660845,1.32538817118898,0.475));
#5012=CARTESIAN_POINT('',(-1.18783527165379E-14,4.26131112862544E-14,0.475));
#5013=CARTESIAN_POINT('',(-0.37907406050944,1.31156792395548,0.475));
#5014=CARTESIAN_POINT('',(-0.395527492807527,1.36849557026328,0.475));
#5015=CARTESIAN_POINT('',(-0.451728985746272,1.34971088128554,0.475));
#5016=CARTESIAN_POINT('',(-0.433337698643275,1.29465284977655,0.475));
#5017=CARTESIAN_POINT('',(-0.449955179220619,1.34441378249956,0.475));
#5018=CARTESIAN_POINT('',(-0.468060017409723,1.39862859748885,0.475));
#5019=CARTESIAN_POINT('',(-0.46868700419974,1.40017376738502,0.475));
#5020=CARTESIAN_POINT('',(-0.469292536183725,1.40174546974661,0.475));
#5021=CARTESIAN_POINT('',(-0.470059438579259,1.40358344527066,0.475));
#5022=CARTESIAN_POINT('',(-0.471133029367285,1.40603832971996,0.475));
#5023=CARTESIAN_POINT('',(-0.472492581033444,1.40897767557937,0.475));
#5024=CARTESIAN_POINT('',(-0.474172289714691,1.4124291522726,0.475));
#5025=CARTESIAN_POINT('',(-0.476188578735163,1.4163690288848,0.475));
#5026=CARTESIAN_POINT('',(-0.478562892003997,1.42078857284447,0.475));
#5027=CARTESIAN_POINT('',(-0.481314703410234,1.42567376205128,0.475));
#5028=CARTESIAN_POINT('',(-0.484463586483199,1.43101136587776,0.475));
#5029=CARTESIAN_POINT('',(-0.488028581472042,1.43678715992467,0.475));
#5030=CARTESIAN_POINT('',(-0.492028359108702,1.44298645908991,0.475));
#5031=CARTESIAN_POINT('',(-0.496481152893139,1.44959397644858,0.475));
#5032=CARTESIAN_POINT('',(-0.501404758642015,1.4565938777478,0.475));
#5033=CARTESIAN_POINT('',(-0.506816515497014,1.46396978041558,0.475));
#5034=CARTESIAN_POINT('',(-0.512733291317374,1.47170476907387,0.475));
#5035=CARTESIAN_POINT('',(-0.519171472353407,1.47978140649307,0.475));
#5036=CARTESIAN_POINT('',(-0.526146932120785,1.48818174787957,0.475));
#5037=CARTESIAN_POINT('',(-0.533675084343697,1.49688734866106,0.475));
#5038=CARTESIAN_POINT('',(-0.54177061062223,1.50587929798576,0.475));
#5039=CARTESIAN_POINT('',(-0.55044845023074,1.51513815465575,0.475));
#5040=CARTESIAN_POINT('',(-0.559719909679541,1.52464426199214,0.475));
#5041=CARTESIAN_POINT('',(-0.569607619660033,1.53437660103747,0.475));
#5042=CARTESIAN_POINT('',(-0.576894282335735,1.54128814673147,0.475));
#5043=CARTESIAN_POINT('',(-0.580864520142251,1.54494914329923,0.475));
#5044=CARTESIAN_POINT('',(-0.58124644595475,1.54530047856881,0.475));
#5045=CARTESIAN_POINT('',(-0.609041784105057,1.22187383461392,0.475));
#5046=CARTESIAN_POINT('',(-0.632477743869186,1.268810460783,0.475));
#5047=CARTESIAN_POINT('',(-0.658011353333089,1.31994817795851,0.475));
#5048=CARTESIAN_POINT('',(-0.658660606833819,1.32148412468111,0.475));
#5049=CARTESIAN_POINT('',(-0.659343792459608,1.3230236618511,0.475));
#5050=CARTESIAN_POINT('',(-0.660101155531924,1.32486558869219,0.475));
#5051=CARTESIAN_POINT('',(-0.661077877646626,1.32736059745976,0.475));
#5052=CARTESIAN_POINT('',(-0.662194960833546,1.33040037705171,0.475));
#5053=CARTESIAN_POINT('',(-0.663447790009511,1.33402867302553,0.475));
#5054=CARTESIAN_POINT('',(-0.66480797183983,1.33824031813427,0.475));
#5055=CARTESIAN_POINT('',(-0.666254168330408,1.34304430065095,0.475));
#5056=CARTESIAN_POINT('',(-0.667762694240028,1.34844447557236,0.475));
#5057=CARTESIAN_POINT('',(-0.669310353526962,1.35444532800741,0.475));
#5058=CARTESIAN_POINT('',(-0.670873624532763,1.36105026327623,0.475));
#5059=CARTESIAN_POINT('',(-0.67242892112099,1.3682620996447,0.475));
#5060=CARTESIAN_POINT('',(-0.673952540771909,1.37608292065602,0.475));
#5061=CARTESIAN_POINT('',(-0.675420703435308,1.38451411334525,0.475));
#5062=CARTESIAN_POINT('',(-0.676809564258765,1.39355635410932,0.475));
#5063=CARTESIAN_POINT('',(-0.678095234886101,1.40320960934733,0.475));
#5064=CARTESIAN_POINT('',(-0.679253798505316,1.41347313590471,0.475));
#5065=CARTESIAN_POINT('',(-0.680261341960587,1.4243454691668,0.475));
#5066=CARTESIAN_POINT('',(-0.681093923820857,1.43582446600032,0.475));
#5067=CARTESIAN_POINT('',(-0.681727790635618,1.44790713587273,0.475));
#5068=CARTESIAN_POINT('',(-0.682138631739776,1.46059029544334,0.475));
#5069=CARTESIAN_POINT('',(-0.682304552852274,1.47386804025132,0.475));
#5070=CARTESIAN_POINT('',(-0.682194689010425,1.4877415099647,0.475));
#5071=CARTESIAN_POINT('',(-0.681929441248925,1.49778115938361,0.475));
#5072=CARTESIAN_POINT('',(-0.681710774671974,1.50317725695849,0.475));
#5073=CARTESIAN_POINT('',(-0.681689143891633,1.503695750842,0.475));
#5074=CARTESIAN_POINT('',(-0.63496908771857,1.27381034587799,0.475));
#5075=CARTESIAN_POINT('',(-0.687992325447001,1.24735267006683,0.475));
#5076=CARTESIAN_POINT('',(-0.659372734257536,1.19546441177383,0.475));
#5077=CARTESIAN_POINT('',(-2.25026924346307E-14,3.80867608224381E-14,0.475));
#5078=CARTESIAN_POINT('',(-0.705616182787586,1.16876574431675,0.475));
#5079=CARTESIAN_POINT('',(-0.736242937032727,1.21949516647925,0.475));
#5080=CARTESIAN_POINT('',(-0.785667575274497,1.18680453352111,0.475));
#5081=CARTESIAN_POINT('',(-0.753652888942633,1.13838257430814,0.475));
#5082=CARTESIAN_POINT('',(-0.782583219690926,1.18214702391048,0.475));
#5083=CARTESIAN_POINT('',(-0.814102977124505,1.22982863694429,0.475));
#5084=CARTESIAN_POINT('',(-0.815108519254772,1.23115888033071,0.475));
#5085=CARTESIAN_POINT('',(-0.81610020474116,1.23252030502314,0.475));
#5086=CARTESIAN_POINT('',(-0.817316678641304,1.23409716410421,0.475));
#5087=CARTESIAN_POINT('',(-0.818989058559331,1.23619053465176,0.475));
#5088=CARTESIAN_POINT('',(-0.821063043314405,1.23867784686575,0.475));
#5089=CARTESIAN_POINT('',(-0.823578825212199,1.24157697674565,0.475));
#5090=CARTESIAN_POINT('',(-0.826546125952928,1.24486075131884,0.475));
#5091=CARTESIAN_POINT('',(-0.829983398606425,1.24851518547688,0.475));
#5092=CARTESIAN_POINT('',(-0.833905824318438,1.25252169469759,0.475));
#5093=CARTESIAN_POINT('',(-0.838328885328086,1.256862433174,0.475));
#5094=CARTESIAN_POINT('',(-0.84326729155833,1.26151873321243,0.475));
#5095=CARTESIAN_POINT('',(-0.848735276767247,1.26647157775249,0.475));
#5096=CARTESIAN_POINT('',(-0.854746496616041,1.27170148158155,0.475));
#5097=CARTESIAN_POINT('',(-0.861314042337424,1.27718854408956,0.475));
#5098=CARTESIAN_POINT('',(-0.868450422134508,1.28291245322702,0.475));
#5099=CARTESIAN_POINT('',(-0.876167551086172,1.2888525042702,0.475));
#5100=CARTESIAN_POINT('',(-0.884476744007677,1.29498761307504,0.475));
#5101=CARTESIAN_POINT('',(-0.893388689083418,1.30129633793376,0.475));
#5102=CARTESIAN_POINT('',(-0.902913501021073,1.30775687339224,0.475));
#5103=CARTESIAN_POINT('',(-0.913060466668741,1.31434715309265,0.475));
#5104=CARTESIAN_POINT('',(-0.923838984505063,1.32104453171107,0.475));
#5105=CARTESIAN_POINT('',(-0.935254888257495,1.32782709601351,0.475));
#5106=CARTESIAN_POINT('',(-0.947324597388836,1.3346686859922,0.475));
#5107=CARTESIAN_POINT('',(-0.956151812711457,1.3394587994019,0.475));
#5108=CARTESIAN_POINT('',(-0.96093430358107,1.34196747737874,0.475));
#5109=CARTESIAN_POINT('',(-0.961394147846073,1.34220799151522,0.475));
#5110=CARTESIAN_POINT('',(-0.904533407666776,1.02260788033084,0.475));
#5111=CARTESIAN_POINT('',(-0.939318899232235,1.06187950701922,0.475));
#5112=CARTESIAN_POINT('',(-0.977217887179885,1.10466616431703,0.475));
#5113=CARTESIAN_POINT('',(-0.97824255016812,1.10598173575311,0.475));
#5114=CARTESIAN_POINT('',(-0.979300918348456,1.10729199301484,0.475));
#5115=CARTESIAN_POINT('',(-0.980509200646046,1.10887513773362,0.475));
#5116=CARTESIAN_POINT('',(-0.982098397548488,1.11103233685397,0.475));
#5117=CARTESIAN_POINT('',(-0.983964169900157,1.11367941606432,0.475));
#5118=CARTESIAN_POINT('',(-0.986113382056444,1.11685982479986,0.475));
#5119=CARTESIAN_POINT('',(-0.988517270780152,1.12057592061906,0.475));
#5120=CARTESIAN_POINT('',(-0.991157551487947,1.12484190820624,0.475));
#5121=CARTESIAN_POINT('',(-0.994012343740222,1.12966764139387,0.475));
#5122=CARTESIAN_POINT('',(-0.997060402712809,1.13506345604185,0.475));
#5123=CARTESIAN_POINT('',(-1.00027988959004,1.14103872929001,0.475));
#5124=CARTESIAN_POINT('',(-1.00364875133447,1.14760228791547,0.475));
#5125=CARTESIAN_POINT('',(-1.0071446323308,1.15476227912993,0.475));
#5126=CARTESIAN_POINT('',(-1.01074492180547,1.16252619743629,0.475));
#5127=CARTESIAN_POINT('',(-1.01442676246411,1.17090086768572,0.475));
#5128=CARTESIAN_POINT('',(-1.01816707122999,1.17989244018379,0.475));
#5129=CARTESIAN_POINT('',(-1.02194255389416,1.18950638722475,0.475));
#5130=CARTESIAN_POINT('',(-1.02572973305164,1.19974748327963,0.475));
#5131=CARTESIAN_POINT('',(-1.02950492837216,1.21061985473897,0.475));
#5132=CARTESIAN_POINT('',(-1.03324442177764,1.22212676081554,0.475));
#5133=CARTESIAN_POINT('',(-1.03692390705959,1.23427141870147,0.475));
#5134=CARTESIAN_POINT('',(-1.0405207077796,1.24705379178248,0.475));
#5135=CARTESIAN_POINT('',(-1.04400530564085,1.26048296933351,0.475));
#5136=CARTESIAN_POINT('',(-1.04634754845342,1.27024917716647,0.475));
#5137=CARTESIAN_POINT('',(-1.04753294558101,1.27551800224986,0.475));
#5138=CARTESIAN_POINT('',(-1.04764624794346,1.27602442734063,0.475));
#5139=CARTESIAN_POINT('',(-0.943019418084429,1.06606421792482,0.475));
#5140=CARTESIAN_POINT('',(-0.98738818241071,1.02678464179813,0.475));
#5141=CARTESIAN_POINT('',(-0.946314110679541,0.984071728294635,0.475));
#5142=CARTESIAN_POINT('',(-3.15935108507609E-14,3.09648605499208E-14,0.475));
#5143=CARTESIAN_POINT('',(-0.984071728294634,0.946314110679541,0.475));
#5144=CARTESIAN_POINT('',(-1.02678464179813,0.98738818241071,0.475));
#5145=CARTESIAN_POINT('',(-1.06606421792482,0.943019418084428,0.475));
#5146=CARTESIAN_POINT('',(-1.02260788033084,0.904533407666776,0.475));
#5147=CARTESIAN_POINT('',(-1.06187950701922,0.939318899232236,0.475));
#5148=CARTESIAN_POINT('',(-1.10466616431703,0.977217887179885,0.475));
#5149=CARTESIAN_POINT('',(-1.10598173575311,0.97824255016812,0.475));
#5150=CARTESIAN_POINT('',(-1.10729199301484,0.979300918348457,0.475));
#5151=CARTESIAN_POINT('',(-1.10887513773362,0.980509200646046,0.475));
#5152=CARTESIAN_POINT('',(-1.11103233685397,0.982098397548488,0.475));
#5153=CARTESIAN_POINT('',(-1.11367941606432,0.983964169900158,0.475));
#5154=CARTESIAN_POINT('',(-1.11685982479986,0.986113382056444,0.475));
#5155=CARTESIAN_POINT('',(-1.12057592061906,0.988517270780152,0.475));
#5156=CARTESIAN_POINT('',(-1.12484190820624,0.991157551487947,0.475));
#5157=CARTESIAN_POINT('',(-1.12966764139387,0.994012343740222,0.475));
#5158=CARTESIAN_POINT('',(-1.13506345604185,0.997060402712809,0.475));
#5159=CARTESIAN_POINT('',(-1.14103872929001,1.00027988959004,0.475));
#5160=CARTESIAN_POINT('',(-1.14760228791547,1.00364875133447,0.475));
#5161=CARTESIAN_POINT('',(-1.15476227912993,1.0071446323308,0.475));
#5162=CARTESIAN_POINT('',(-1.16252619743629,1.01074492180547,0.475));
#5163=CARTESIAN_POINT('',(-1.17090086768572,1.01442676246411,0.475));
#5164=CARTESIAN_POINT('',(-1.17989244018379,1.01816707122999,0.475));
#5165=CARTESIAN_POINT('',(-1.18950638722475,1.02194255389416,0.475));
#5166=CARTESIAN_POINT('',(-1.19974748327963,1.02572973305164,0.475));
#5167=CARTESIAN_POINT('',(-1.21061985473897,1.02950492837216,0.475));
#5168=CARTESIAN_POINT('',(-1.22212676081554,1.03324442177764,0.475));
#5169=CARTESIAN_POINT('',(-1.23427141870147,1.03692390705959,0.475));
#5170=CARTESIAN_POINT('',(-1.24705379178248,1.0405207077796,0.475));
#5171=CARTESIAN_POINT('',(-1.26048296933351,1.04400530564085,0.475));
#5172=CARTESIAN_POINT('',(-1.27024917716647,1.04634754845342,0.475));
#5173=CARTESIAN_POINT('',(-1.27551800224986,1.04753294558101,0.475));
#5174=CARTESIAN_POINT('',(-1.27602442734063,1.04764624794346,0.475));
#5175=CARTESIAN_POINT('',(-1.13838257430814,0.753652888942633,0.475));
#5176=CARTESIAN_POINT('',(-1.18214702391048,0.782583219690927,0.475));
#5177=CARTESIAN_POINT('',(-1.22982863694429,0.814102977124505,0.475));
#5178=CARTESIAN_POINT('',(-1.23115888033071,0.815108519254772,0.475));
#5179=CARTESIAN_POINT('',(-1.23252030502314,0.81610020474116,0.475));
#5180=CARTESIAN_POINT('',(-1.23409716410421,0.817316678641304,0.475));
#5181=CARTESIAN_POINT('',(-1.23619053465176,0.818989058559331,0.475));
#5182=CARTESIAN_POINT('',(-1.23867784686575,0.821063043314405,0.475));
#5183=CARTESIAN_POINT('',(-1.24157697674565,0.823578825212199,0.475));
#5184=CARTESIAN_POINT('',(-1.24486075131884,0.826546125952929,0.475));
#5185=CARTESIAN_POINT('',(-1.24851518547688,0.829983398606425,0.475));
#5186=CARTESIAN_POINT('',(-1.25252169469759,0.833905824318439,0.475));
#5187=CARTESIAN_POINT('',(-1.256862433174,0.838328885328086,0.475));
#5188=CARTESIAN_POINT('',(-1.26151873321243,0.843267291558331,0.475));
#5189=CARTESIAN_POINT('',(-1.26647157775249,0.848735276767247,0.475));
#5190=CARTESIAN_POINT('',(-1.27170148158155,0.854746496616042,0.475));
#5191=CARTESIAN_POINT('',(-1.27718854408956,0.861314042337424,0.475));
#5192=CARTESIAN_POINT('',(-1.28291245322702,0.868450422134509,0.475));
#5193=CARTESIAN_POINT('',(-1.2888525042702,0.876167551086173,0.475));
#5194=CARTESIAN_POINT('',(-1.29498761307504,0.884476744007678,0.475));
#5195=CARTESIAN_POINT('',(-1.30129633793376,0.893388689083418,0.475));
#5196=CARTESIAN_POINT('',(-1.30775687339224,0.902913501021073,0.475));
#5197=CARTESIAN_POINT('',(-1.31434715309265,0.913060466668742,0.475));
#5198=CARTESIAN_POINT('',(-1.32104453171107,0.923838984505063,0.475));
#5199=CARTESIAN_POINT('',(-1.32782709601351,0.935254888257496,0.475));
#5200=CARTESIAN_POINT('',(-1.3346686859922,0.947324597388837,0.475));
#5201=CARTESIAN_POINT('',(-1.3394587994019,0.956151812711457,0.475));
#5202=CARTESIAN_POINT('',(-1.34196747737874,0.96093430358107,0.475));
#5203=CARTESIAN_POINT('',(-1.34220799151522,0.961394147846073,0.475));
#5204=CARTESIAN_POINT('',(-1.18680453352111,0.785667575274498,0.475));
#5205=CARTESIAN_POINT('',(-1.21949516647925,0.736242937032727,0.475));
#5206=CARTESIAN_POINT('',(-1.16876574431674,0.705616182787587,0.475));
#5207=CARTESIAN_POINT('',(-3.85312837131571E-14,2.17327562027779E-14,0.475));
#5208=CARTESIAN_POINT('',(-1.19546441177383,0.659372734257536,0.475));
#5209=CARTESIAN_POINT('',(-1.24735267006683,0.687992325447002,0.475));
#5210=CARTESIAN_POINT('',(-1.27381034587799,0.63496908771857,0.475));
#5211=CARTESIAN_POINT('',(-1.22187383461392,0.609041784105058,0.475));
#5212=CARTESIAN_POINT('',(-1.268810460783,0.632477743869187,0.475));
#5213=CARTESIAN_POINT('',(-1.31994817795851,0.658011353333089,0.475));
#5214=CARTESIAN_POINT('',(-1.32148412468111,0.658660606833819,0.475));
#5215=CARTESIAN_POINT('',(-1.3230236618511,0.659343792459609,0.475));
#5216=CARTESIAN_POINT('',(-1.32486558869219,0.660101155531924,0.475));
#5217=CARTESIAN_POINT('',(-1.32736059745976,0.661077877646627,0.475));
#5218=CARTESIAN_POINT('',(-1.33040037705171,0.662194960833546,0.475));
#5219=CARTESIAN_POINT('',(-1.33402867302553,0.663447790009511,0.475));
#5220=CARTESIAN_POINT('',(-1.33824031813427,0.664807971839831,0.475));
#5221=CARTESIAN_POINT('',(-1.34304430065095,0.666254168330408,0.475));
#5222=CARTESIAN_POINT('',(-1.34844447557236,0.667762694240028,0.475));
#5223=CARTESIAN_POINT('',(-1.35444532800741,0.669310353526963,0.475));
#5224=CARTESIAN_POINT('',(-1.36105026327623,0.670873624532763,0.475));
#5225=CARTESIAN_POINT('',(-1.3682620996447,0.672428921120991,0.475));
#5226=CARTESIAN_POINT('',(-1.37608292065602,0.673952540771909,0.475));
#5227=CARTESIAN_POINT('',(-1.38451411334525,0.675420703435308,0.475));
#5228=CARTESIAN_POINT('',(-1.39355635410932,0.676809564258765,0.475));
#5229=CARTESIAN_POINT('',(-1.40320960934733,0.678095234886102,0.475));
#5230=CARTESIAN_POINT('',(-1.41347313590471,0.679253798505316,0.475));
#5231=CARTESIAN_POINT('',(-1.4243454691668,0.680261341960587,0.475));
#5232=CARTESIAN_POINT('',(-1.43582446600032,0.681093923820857,0.475));
#5233=CARTESIAN_POINT('',(-1.44790713587273,0.681727790635618,0.475));
#5234=CARTESIAN_POINT('',(-1.46059029544334,0.682138631739776,0.475));
#5235=CARTESIAN_POINT('',(-1.47386804025132,0.682304552852274,0.475));
#5236=CARTESIAN_POINT('',(-1.4877415099647,0.682194689010426,0.475));
#5237=CARTESIAN_POINT('',(-1.49778115938361,0.681929441248925,0.475));
#5238=CARTESIAN_POINT('',(-1.50317725695849,0.681710774671975,0.475));
#5239=CARTESIAN_POINT('',(-1.503695750842,0.681689143891634,0.475));
#5240=CARTESIAN_POINT('',(-1.29465284977655,0.433337698643275,0.475));
#5241=CARTESIAN_POINT('',(-1.34441378249956,0.449955179220619,0.475));
#5242=CARTESIAN_POINT('',(-1.39862859748885,0.468060017409723,0.475));
#5243=CARTESIAN_POINT('',(-1.40017376738502,0.46868700419974,0.475));
#5244=CARTESIAN_POINT('',(-1.40174546974661,0.469292536183725,0.475));
#5245=CARTESIAN_POINT('',(-1.40358344527066,0.470059438579259,0.475));
#5246=CARTESIAN_POINT('',(-1.40603832971996,0.471133029367285,0.475));
#5247=CARTESIAN_POINT('',(-1.40897767557937,0.472492581033444,0.475));
#5248=CARTESIAN_POINT('',(-1.4124291522726,0.474172289714691,0.475));
#5249=CARTESIAN_POINT('',(-1.4163690288848,0.476188578735163,0.475));
#5250=CARTESIAN_POINT('',(-1.42078857284447,0.478562892003997,0.475));
#5251=CARTESIAN_POINT('',(-1.42567376205128,0.481314703410234,0.475));
#5252=CARTESIAN_POINT('',(-1.43101136587776,0.484463586483199,0.475));
#5253=CARTESIAN_POINT('',(-1.43678715992467,0.488028581472042,0.475));
#5254=CARTESIAN_POINT('',(-1.44298645908991,0.492028359108702,0.475));
#5255=CARTESIAN_POINT('',(-1.44959397644858,0.496481152893139,0.475));
#5256=CARTESIAN_POINT('',(-1.4565938777478,0.501404758642015,0.475));
#5257=CARTESIAN_POINT('',(-1.46396978041558,0.506816515497014,0.475));
#5258=CARTESIAN_POINT('',(-1.47170476907387,0.512733291317374,0.475));
#5259=CARTESIAN_POINT('',(-1.47978140649307,0.519171472353407,0.475));
#5260=CARTESIAN_POINT('',(-1.48818174787957,0.526146932120785,0.475));
#5261=CARTESIAN_POINT('',(-1.49688734866106,0.533675084343697,0.475));
#5262=CARTESIAN_POINT('',(-1.50587929798576,0.541770610622231,0.475));
#5263=CARTESIAN_POINT('',(-1.51513815465575,0.55044845023074,0.475));
#5264=CARTESIAN_POINT('',(-1.52464426199214,0.559719909679541,0.475));
#5265=CARTESIAN_POINT('',(-1.53437660103747,0.569607619660033,0.475));
#5266=CARTESIAN_POINT('',(-1.54128814673147,0.576894282335735,0.475));
#5267=CARTESIAN_POINT('',(-1.54494914329923,0.580864520142251,0.475));
#5268=CARTESIAN_POINT('',(-1.54530047856881,0.581246445954751,0.475));
#5269=CARTESIAN_POINT('',(-1.34971088128555,0.451728985746273,0.475));
#5270=CARTESIAN_POINT('',(-1.36849557026328,0.395527492807527,0.475));
#5271=CARTESIAN_POINT('',(-1.31156792395548,0.37907406050944,0.475));
#5272=CARTESIAN_POINT('',(-4.28432132664587E-14,1.10196004354935E-14,0.475));
#5273=CARTESIAN_POINT('',(-1.32538817118898,0.327496195660845,0.475));
#5274=CARTESIAN_POINT('',(-1.38291567521824,0.341710928465155,0.475));
#5275=CARTESIAN_POINT('',(-1.3947484038307,0.283646663360722,0.475));
#5276=CARTESIAN_POINT('',(-1.33787110631005,0.272044969445715,0.475));
#5277=CARTESIAN_POINT('',(-1.38927407845285,0.282534275480343,0.475));
#5278=CARTESIAN_POINT('',(-1.44527790458961,0.29396243317182,0.475));
#5279=CARTESIAN_POINT('',(-1.44692955436786,0.294192031631911,0.475));
#5280=CARTESIAN_POINT('',(-1.44859345453218,0.294453476731773,0.475));
#5281=CARTESIAN_POINT('',(-1.4505686392253,0.294708307537039,0.475));
#5282=CARTESIAN_POINT('',(-1.45323142691577,0.295005992865994,0.475));
#5283=CARTESIAN_POINT('',(-1.4564567509336,0.295298259515042,0.475));
#5284=CARTESIAN_POINT('',(-1.46028567177113,0.295569327472743,0.475));
#5285=CARTESIAN_POINT('',(-1.46470584951532,0.295793108265744,0.475));
#5286=CARTESIAN_POINT('',(-1.46972044349194,0.295946664638223,0.475));
#5287=CARTESIAN_POINT('',(-1.47532704715046,0.296006120657405,0.475));
#5288=CARTESIAN_POINT('',(-1.48152398919601,0.295947909835911,0.475));
#5289=CARTESIAN_POINT('',(-1.48830847106208,0.295748430634663,0.475));
#5290=CARTESIAN_POINT('',(-1.49567711044317,0.295384171174449,0.475));
#5291=CARTESIAN_POINT('',(-1.50362578522394,0.294831697318646,0.475));
#5292=CARTESIAN_POINT('',(-1.51214968044749,0.294067680311511,0.475));
#5293=CARTESIAN_POINT('',(-1.52124327796113,0.293068912729868,0.475));
#5294=CARTESIAN_POINT('',(-1.53090036254737,0.291812328890081,0.475));
#5295=CARTESIAN_POINT('',(-1.54111402624756,0.290275019268313,0.475));
#5296=CARTESIAN_POINT('',(-1.55187666517243,0.288434264599938,0.475));
#5297=CARTESIAN_POINT('',(-1.56318001271586,0.286267493922086,0.475));
#5298=CARTESIAN_POINT('',(-1.57501503239986,0.283752537170224,0.475));
#5299=CARTESIAN_POINT('',(-1.58737235729033,0.280866735954284,0.475));
#5300=CARTESIAN_POINT('',(-1.60024061745914,0.277590470209654,0.475));
#5301=CARTESIAN_POINT('',(-1.61361292530089,0.273893631703964,0.475));
#5302=CARTESIAN_POINT('',(-1.62324183078916,0.271038969564997,0.475));
#5303=CARTESIAN_POINT('',(-1.62839746572326,0.269431141049366,0.475));
#5304=CARTESIAN_POINT('',(-1.62889269389821,0.269276051228169,0.475));
#5305=CARTESIAN_POINT('',(-1.36269467304769,0.0834912603057839,0.475));
#5306=CARTESIAN_POINT('',(-1.41506096356011,0.0866634368725187,0.475));
#5307=CARTESIAN_POINT('',(-1.47211433045759,0.0901195410142199,0.475));
#5308=CARTESIAN_POINT('',(-1.47376912608859,0.0903252443503925,0.475));
#5309=CARTESIAN_POINT('',(-1.47544399720077,0.090503356827954,0.475));
#5310=CARTESIAN_POINT('',(-1.47741783417323,0.0907684245879885,0.475));
#5311=CARTESIAN_POINT('',(-1.48006693620596,0.091170062808002,0.475));
#5312=CARTESIAN_POINT('',(-1.48325800414795,0.0917225301859638,0.475));
#5313=CARTESIAN_POINT('',(-1.48702661522171,0.0924516962798854,0.475));
#5314=CARTESIAN_POINT('',(-1.49135409779276,0.0933795668154305,0.475));
#5315=CARTESIAN_POINT('',(-1.49623756693683,0.094529115174069,0.475));
#5316=CARTESIAN_POINT('',(-1.50166851855847,0.0959227808747776,0.475));
#5317=CARTESIAN_POINT('',(-1.50763923885505,0.097582894833414,0.475));
#5318=CARTESIAN_POINT('',(-1.5141409160911,0.0995315300637983,0.475));
#5319=CARTESIAN_POINT('',(-1.52116419788824,0.101790521892208,0.475));
#5320=CARTESIAN_POINT('',(-1.52869903738795,0.104381439074467,0.475));
#5321=CARTESIAN_POINT('',(-1.53673474577273,0.107325569255695,0.475));
#5322=CARTESIAN_POINT('',(-1.54525998639327,0.110643900882291,0.475));
#5323=CARTESIAN_POINT('',(-1.55426278597228,0.114357105077124,0.475));
#5324=CARTESIAN_POINT('',(-1.563730542513,0.118485522829676,0.475));
#5325=CARTESIAN_POINT('',(-1.573650031044,0.123049131233038,0.475));
#5326=CARTESIAN_POINT('',(-1.58400742484193,0.128067592608074,0.475));
#5327=CARTESIAN_POINT('',(-1.59478825730436,0.133559982780081,0.475));
#5328=CARTESIAN_POINT('',(-1.60597761624484,0.139545763732266,0.475));
#5329=CARTESIAN_POINT('',(-1.61755944110977,0.146040944237811,0.475));
#5330=CARTESIAN_POINT('',(-1.62951928639926,0.153072823972496,0.475));
#5331=CARTESIAN_POINT('',(-1.63808125396038,0.15832235998171,0.475));
#5332=CARTESIAN_POINT('',(-1.64264507825305,0.161209779579744,0.475));
#5333=CARTESIAN_POINT('',(-1.6430832917377,0.161487759326781,0.475));
#5334=CARTESIAN_POINT('',(-1.42063666299307,0.0870058123568845,0.475));
#5335=CARTESIAN_POINT('',(-1.42423526247973,0.0278575035875827,0.475));
#5336=CARTESIAN_POINT('',(-1.36498891704512,0.0266986674570812,0.475));
#5337=CARTESIAN_POINT('',(-4.42354486374086E-14,-4.44522890719051E-16,0.475));
#5338=CARTESIAN_POINT('',(-1.36498891704512,-0.026698667457081,0.475));
#5339=CARTESIAN_POINT('',(-1.42423526247973,-0.0278575035875823,0.475));
#5340=CARTESIAN_POINT('',(-1.42063666299307,-0.0870058123568841,0.475));
#5341=CARTESIAN_POINT('',(-1.36269467304769,-0.0834912603057835,0.475));
#5342=CARTESIAN_POINT('',(-1.41506096356011,-0.0866634368725183,0.475));
#5343=CARTESIAN_POINT('',(-1.47211433045759,-0.0901195410142196,0.475));
#5344=CARTESIAN_POINT('',(-1.47376912608859,-0.0903252443503922,0.475));
#5345=CARTESIAN_POINT('',(-1.47544399720077,-0.0905033568279537,0.475));
#5346=CARTESIAN_POINT('',(-1.47741783417323,-0.0907684245879881,0.475));
#5347=CARTESIAN_POINT('',(-1.48006693620596,-0.0911700628080016,0.475));
#5348=CARTESIAN_POINT('',(-1.48325800414795,-0.0917225301859635,0.475));
#5349=CARTESIAN_POINT('',(-1.48702661522171,-0.0924516962798851,0.475));
#5350=CARTESIAN_POINT('',(-1.49135409779276,-0.0933795668154301,0.475));
#5351=CARTESIAN_POINT('',(-1.49623756693683,-0.0945291151740686,0.475));
#5352=CARTESIAN_POINT('',(-1.50166851855847,-0.0959227808747773,0.475));
#5353=CARTESIAN_POINT('',(-1.50763923885505,-0.0975828948334136,0.475));
#5354=CARTESIAN_POINT('',(-1.5141409160911,-0.099531530063798,0.475));
#5355=CARTESIAN_POINT('',(-1.52116419788824,-0.101790521892208,0.475));
#5356=CARTESIAN_POINT('',(-1.52869903738795,-0.104381439074467,0.475));
#5357=CARTESIAN_POINT('',(-1.53673474577273,-0.107325569255695,0.475));
#5358=CARTESIAN_POINT('',(-1.54525998639327,-0.110643900882291,0.475));
#5359=CARTESIAN_POINT('',(-1.55426278597228,-0.114357105077123,0.475));
#5360=CARTESIAN_POINT('',(-1.563730542513,-0.118485522829676,0.475));
#5361=CARTESIAN_POINT('',(-1.573650031044,-0.123049131233037,0.475));
#5362=CARTESIAN_POINT('',(-1.58400742484193,-0.128067592608073,0.475));
#5363=CARTESIAN_POINT('',(-1.59478825730436,-0.13355998278008,0.475));
#5364=CARTESIAN_POINT('',(-1.60597761624484,-0.139545763732266,0.475));
#5365=CARTESIAN_POINT('',(-1.61755944110977,-0.146040944237811,0.475));
#5366=CARTESIAN_POINT('',(-1.62951928639926,-0.153072823972496,0.475));
#5367=CARTESIAN_POINT('',(-1.63808125396038,-0.15832235998171,0.475));
#5368=CARTESIAN_POINT('',(-1.64264507825305,-0.161209779579744,0.475));
#5369=CARTESIAN_POINT('',(-1.6430832917377,-0.161487759326781,0.475));
#5370=CARTESIAN_POINT('',(-1.33787110631005,-0.272044969445715,0.475));
#5371=CARTESIAN_POINT('',(-1.38927407845285,-0.282534275480343,0.475));
#5372=CARTESIAN_POINT('',(-1.44527790458961,-0.29396243317182,0.475));
#5373=CARTESIAN_POINT('',(-1.44692955436786,-0.294192031631911,0.475));
#5374=CARTESIAN_POINT('',(-1.44859345453218,-0.294453476731773,0.475));
#5375=CARTESIAN_POINT('',(-1.4505686392253,-0.294708307537039,0.475));
#5376=CARTESIAN_POINT('',(-1.45323142691577,-0.295005992865994,0.475));
#5377=CARTESIAN_POINT('',(-1.4564567509336,-0.295298259515042,0.475));
#5378=CARTESIAN_POINT('',(-1.46028567177113,-0.295569327472743,0.475));
#5379=CARTESIAN_POINT('',(-1.46470584951532,-0.295793108265744,0.475));
#5380=CARTESIAN_POINT('',(-1.46972044349194,-0.295946664638223,0.475));
#5381=CARTESIAN_POINT('',(-1.47532704715046,-0.296006120657405,0.475));
#5382=CARTESIAN_POINT('',(-1.48152398919601,-0.295947909835911,0.475));
#5383=CARTESIAN_POINT('',(-1.48830847106208,-0.295748430634663,0.475));
#5384=CARTESIAN_POINT('',(-1.49567711044317,-0.295384171174449,0.475));
#5385=CARTESIAN_POINT('',(-1.50362578522394,-0.294831697318646,0.475));
#5386=CARTESIAN_POINT('',(-1.51214968044749,-0.294067680311511,0.475));
#5387=CARTESIAN_POINT('',(-1.52124327796113,-0.293068912729868,0.475));
#5388=CARTESIAN_POINT('',(-1.53090036254737,-0.291812328890081,0.475));
#5389=CARTESIAN_POINT('',(-1.54111402624756,-0.290275019268313,0.475));
#5390=CARTESIAN_POINT('',(-1.55187666517243,-0.288434264599938,0.475));
#5391=CARTESIAN_POINT('',(-1.56318001271586,-0.286267493922086,0.475));
#5392=CARTESIAN_POINT('',(-1.57501503239986,-0.283752537170224,0.475));
#5393=CARTESIAN_POINT('',(-1.58737235729033,-0.280866735954284,0.475));
#5394=CARTESIAN_POINT('',(-1.60024061745914,-0.277590470209654,0.475));
#5395=CARTESIAN_POINT('',(-1.61361292530089,-0.273893631703964,0.475));
#5396=CARTESIAN_POINT('',(-1.62324183078916,-0.271038969564997,0.475));
#5397=CARTESIAN_POINT('',(-1.62839746572326,-0.269431141049366,0.475));
#5398=CARTESIAN_POINT('',(-1.62889269389821,-0.269276051228169,0.475));
#5399=CARTESIAN_POINT('',(-1.3947484038307,-0.283646663360723,0.475));
#5400=CARTESIAN_POINT('',(-1.38291567521824,-0.341710928465155,0.475));
#5401=CARTESIAN_POINT('',(-1.32538817118898,-0.327496195660845,0.475));
#5402=CARTESIAN_POINT('',(-4.26131112862544E-14,-1.18783527165379E-14,0.475));
#5403=CARTESIAN_POINT('',(-1.31156792395548,-0.37907406050944,0.475));
#5404=CARTESIAN_POINT('',(-1.36849557026328,-0.395527492807527,0.475));
#5405=CARTESIAN_POINT('',(-1.34971088128554,-0.451728985746272,0.475));
#5406=CARTESIAN_POINT('',(-1.29465284977655,-0.433337698643275,0.475));
#5407=CARTESIAN_POINT('',(-1.34441378249956,-0.449955179220619,0.475));
#5408=CARTESIAN_POINT('',(-1.39862859748885,-0.468060017409723,0.475));
#5409=CARTESIAN_POINT('',(-1.40017376738502,-0.46868700419974,0.475));
#5410=CARTESIAN_POINT('',(-1.40174546974661,-0.469292536183725,0.475));
#5411=CARTESIAN_POINT('',(-1.40358344527066,-0.470059438579259,0.475));
#5412=CARTESIAN_POINT('',(-1.40603832971996,-0.471133029367285,0.475));
#5413=CARTESIAN_POINT('',(-1.40897767557936,-0.472492581033444,0.475));
#5414=CARTESIAN_POINT('',(-1.4124291522726,-0.474172289714691,0.475));
#5415=CARTESIAN_POINT('',(-1.4163690288848,-0.476188578735163,0.475));
#5416=CARTESIAN_POINT('',(-1.42078857284447,-0.478562892003997,0.475));
#5417=CARTESIAN_POINT('',(-1.42567376205128,-0.481314703410234,0.475));
#5418=CARTESIAN_POINT('',(-1.43101136587776,-0.484463586483199,0.475));
#5419=CARTESIAN_POINT('',(-1.43678715992467,-0.488028581472042,0.475));
#5420=CARTESIAN_POINT('',(-1.44298645908991,-0.492028359108702,0.475));
#5421=CARTESIAN_POINT('',(-1.44959397644858,-0.496481152893139,0.475));
#5422=CARTESIAN_POINT('',(-1.4565938777478,-0.501404758642015,0.475));
#5423=CARTESIAN_POINT('',(-1.46396978041558,-0.506816515497014,0.475));
#5424=CARTESIAN_POINT('',(-1.47170476907387,-0.512733291317374,0.475));
#5425=CARTESIAN_POINT('',(-1.47978140649307,-0.519171472353407,0.475));
#5426=CARTESIAN_POINT('',(-1.48818174787957,-0.526146932120785,0.475));
#5427=CARTESIAN_POINT('',(-1.49688734866106,-0.533675084343697,0.475));
#5428=CARTESIAN_POINT('',(-1.50587929798576,-0.541770610622231,0.475));
#5429=CARTESIAN_POINT('',(-1.51513815465575,-0.55044845023074,0.475));
#5430=CARTESIAN_POINT('',(-1.52464426199214,-0.559719909679541,0.475));
#5431=CARTESIAN_POINT('',(-1.53437660103747,-0.569607619660033,0.475));
#5432=CARTESIAN_POINT('',(-1.54128814673147,-0.576894282335735,0.475));
#5433=CARTESIAN_POINT('',(-1.54494914329923,-0.580864520142251,0.475));
#5434=CARTESIAN_POINT('',(-1.54530047856881,-0.581246445954751,0.475));
#5435=CARTESIAN_POINT('',(-1.22187383461392,-0.609041784105057,0.475));
#5436=CARTESIAN_POINT('',(-1.268810460783,-0.632477743869186,0.475));
#5437=CARTESIAN_POINT('',(-1.31994817795851,-0.658011353333089,0.475));
#5438=CARTESIAN_POINT('',(-1.32148412468111,-0.658660606833819,0.475));
#5439=CARTESIAN_POINT('',(-1.3230236618511,-0.659343792459608,0.475));
#5440=CARTESIAN_POINT('',(-1.32486558869219,-0.660101155531924,0.475));
#5441=CARTESIAN_POINT('',(-1.32736059745976,-0.661077877646626,0.475));
#5442=CARTESIAN_POINT('',(-1.33040037705171,-0.662194960833545,0.475));
#5443=CARTESIAN_POINT('',(-1.33402867302553,-0.663447790009511,0.475));
#5444=CARTESIAN_POINT('',(-1.33824031813427,-0.66480797183983,0.475));
#5445=CARTESIAN_POINT('',(-1.34304430065095,-0.666254168330407,0.475));
#5446=CARTESIAN_POINT('',(-1.34844447557236,-0.667762694240027,0.475));
#5447=CARTESIAN_POINT('',(-1.35444532800741,-0.669310353526962,0.475));
#5448=CARTESIAN_POINT('',(-1.36105026327623,-0.670873624532763,0.475));
#5449=CARTESIAN_POINT('',(-1.3682620996447,-0.67242892112099,0.475));
#5450=CARTESIAN_POINT('',(-1.37608292065602,-0.673952540771909,0.475));
#5451=CARTESIAN_POINT('',(-1.38451411334525,-0.675420703435307,0.475));
#5452=CARTESIAN_POINT('',(-1.39355635410932,-0.676809564258765,0.475));
#5453=CARTESIAN_POINT('',(-1.40320960934733,-0.678095234886101,0.475));
#5454=CARTESIAN_POINT('',(-1.41347313590471,-0.679253798505316,0.475));
#5455=CARTESIAN_POINT('',(-1.4243454691668,-0.680261341960587,0.475));
#5456=CARTESIAN_POINT('',(-1.43582446600032,-0.681093923820857,0.475));
#5457=CARTESIAN_POINT('',(-1.44790713587273,-0.681727790635618,0.475));
#5458=CARTESIAN_POINT('',(-1.46059029544334,-0.682138631739776,0.475));
#5459=CARTESIAN_POINT('',(-1.47386804025132,-0.682304552852274,0.475));
#5460=CARTESIAN_POINT('',(-1.4877415099647,-0.682194689010425,0.475));
#5461=CARTESIAN_POINT('',(-1.49778115938361,-0.681929441248925,0.475));
#5462=CARTESIAN_POINT('',(-1.50317725695849,-0.681710774671974,0.475));
#5463=CARTESIAN_POINT('',(-1.503695750842,-0.681689143891633,0.475));
#5464=CARTESIAN_POINT('',(-1.27381034587799,-0.63496908771857,0.475));
#5465=CARTESIAN_POINT('',(-1.24735267006683,-0.687992325447001,0.475));
#5466=CARTESIAN_POINT('',(-1.19546441177383,-0.659372734257536,0.475));
#5467=CARTESIAN_POINT('',(-3.80867608224381E-14,-2.25026924346307E-14,0.475));
#5468=CARTESIAN_POINT('',(-1.16876574431675,-0.705616182787586,0.475));
#5469=CARTESIAN_POINT('',(-1.21949516647925,-0.736242937032726,0.475));
#5470=CARTESIAN_POINT('',(-1.18680453352111,-0.785667575274497,0.475));
#5471=CARTESIAN_POINT('',(-1.13838257430814,-0.753652888942633,0.475));
#5472=CARTESIAN_POINT('',(-1.18214702391048,-0.782583219690926,0.475));
#5473=CARTESIAN_POINT('',(-1.22982863694429,-0.814102977124505,0.475));
#5474=CARTESIAN_POINT('',(-1.23115888033071,-0.815108519254772,0.475));
#5475=CARTESIAN_POINT('',(-1.23252030502314,-0.81610020474116,0.475));
#5476=CARTESIAN_POINT('',(-1.23409716410421,-0.817316678641304,0.475));
#5477=CARTESIAN_POINT('',(-1.23619053465176,-0.818989058559331,0.475));
#5478=CARTESIAN_POINT('',(-1.23867784686575,-0.821063043314405,0.475));
#5479=CARTESIAN_POINT('',(-1.24157697674565,-0.823578825212198,0.475));
#5480=CARTESIAN_POINT('',(-1.24486075131884,-0.826546125952928,0.475));
#5481=CARTESIAN_POINT('',(-1.24851518547688,-0.829983398606425,0.475));
#5482=CARTESIAN_POINT('',(-1.25252169469759,-0.833905824318438,0.475));
#5483=CARTESIAN_POINT('',(-1.256862433174,-0.838328885328086,0.475));
#5484=CARTESIAN_POINT('',(-1.26151873321243,-0.84326729155833,0.475));
#5485=CARTESIAN_POINT('',(-1.26647157775249,-0.848735276767246,0.475));
#5486=CARTESIAN_POINT('',(-1.27170148158155,-0.854746496616041,0.475));
#5487=CARTESIAN_POINT('',(-1.27718854408956,-0.861314042337423,0.475));
#5488=CARTESIAN_POINT('',(-1.28291245322702,-0.868450422134508,0.475));
#5489=CARTESIAN_POINT('',(-1.2888525042702,-0.876167551086172,0.475));
#5490=CARTESIAN_POINT('',(-1.29498761307504,-0.884476744007677,0.475));
#5491=CARTESIAN_POINT('',(-1.30129633793376,-0.893388689083418,0.475));
#5492=CARTESIAN_POINT('',(-1.30775687339224,-0.902913501021073,0.475));
#5493=CARTESIAN_POINT('',(-1.31434715309265,-0.913060466668741,0.475));
#5494=CARTESIAN_POINT('',(-1.32104453171107,-0.923838984505063,0.475));
#5495=CARTESIAN_POINT('',(-1.32782709601351,-0.935254888257495,0.475));
#5496=CARTESIAN_POINT('',(-1.3346686859922,-0.947324597388836,0.475));
#5497=CARTESIAN_POINT('',(-1.3394587994019,-0.956151812711457,0.475));
#5498=CARTESIAN_POINT('',(-1.34196747737874,-0.96093430358107,0.475));
#5499=CARTESIAN_POINT('',(-1.34220799151522,-0.961394147846072,0.475));
#5500=CARTESIAN_POINT('',(-1.02260788033084,-0.904533407666776,0.475));
#5501=CARTESIAN_POINT('',(-1.06187950701922,-0.939318899232235,0.475));
#5502=CARTESIAN_POINT('',(-1.10466616431703,-0.977217887179885,0.475));
#5503=CARTESIAN_POINT('',(-1.10598173575311,-0.97824255016812,0.475));
#5504=CARTESIAN_POINT('',(-1.10729199301484,-0.979300918348456,0.475));
#5505=CARTESIAN_POINT('',(-1.10887513773362,-0.980509200646046,0.475));
#5506=CARTESIAN_POINT('',(-1.11103233685397,-0.982098397548488,0.475));
#5507=CARTESIAN_POINT('',(-1.11367941606432,-0.983964169900157,0.475));
#5508=CARTESIAN_POINT('',(-1.11685982479986,-0.986113382056444,0.475));
#5509=CARTESIAN_POINT('',(-1.12057592061906,-0.988517270780152,0.475));
#5510=CARTESIAN_POINT('',(-1.12484190820624,-0.991157551487947,0.475));
#5511=CARTESIAN_POINT('',(-1.12966764139387,-0.994012343740222,0.475));
#5512=CARTESIAN_POINT('',(-1.13506345604185,-0.997060402712809,0.475));
#5513=CARTESIAN_POINT('',(-1.14103872929001,-1.00027988959004,0.475));
#5514=CARTESIAN_POINT('',(-1.14760228791547,-1.00364875133447,0.475));
#5515=CARTESIAN_POINT('',(-1.15476227912993,-1.0071446323308,0.475));
#5516=CARTESIAN_POINT('',(-1.16252619743629,-1.01074492180547,0.475));
#5517=CARTESIAN_POINT('',(-1.17090086768572,-1.01442676246411,0.475));
#5518=CARTESIAN_POINT('',(-1.17989244018379,-1.01816707122999,0.475));
#5519=CARTESIAN_POINT('',(-1.18950638722475,-1.02194255389416,0.475));
#5520=CARTESIAN_POINT('',(-1.19974748327963,-1.02572973305164,0.475));
#5521=CARTESIAN_POINT('',(-1.21061985473897,-1.02950492837216,0.475));
#5522=CARTESIAN_POINT('',(-1.22212676081554,-1.03324442177764,0.475));
#5523=CARTESIAN_POINT('',(-1.23427141870147,-1.03692390705959,0.475));
#5524=CARTESIAN_POINT('',(-1.24705379178248,-1.0405207077796,0.475));
#5525=CARTESIAN_POINT('',(-1.26048296933351,-1.04400530564085,0.475));
#5526=CARTESIAN_POINT('',(-1.27024917716647,-1.04634754845342,0.475));
#5527=CARTESIAN_POINT('',(-1.27551800224986,-1.04753294558101,0.475));
#5528=CARTESIAN_POINT('',(-1.27602442734063,-1.04764624794346,0.475));
#5529=CARTESIAN_POINT('',(-1.06606421792482,-0.943019418084429,0.475));
#5530=CARTESIAN_POINT('',(-1.02678464179813,-0.98738818241071,0.475));
#5531=CARTESIAN_POINT('',(-0.984071728294635,-0.946314110679541,0.475));
#5532=CARTESIAN_POINT('',(-3.09648605499208E-14,-3.15935108507609E-14,0.475));
#5533=CARTESIAN_POINT('',(-0.946314110679541,-0.984071728294634,0.475));
#5534=CARTESIAN_POINT('',(-0.98738818241071,-1.02678464179813,0.475));
#5535=CARTESIAN_POINT('',(-0.943019418084428,-1.06606421792482,0.475));
#5536=CARTESIAN_POINT('',(-0.904533407666776,-1.02260788033084,0.475));
#5537=CARTESIAN_POINT('',(-0.939318899232236,-1.06187950701922,0.475));
#5538=CARTESIAN_POINT('',(-0.977217887179885,-1.10466616431703,0.475));
#5539=CARTESIAN_POINT('',(-0.97824255016812,-1.10598173575311,0.475));
#5540=CARTESIAN_POINT('',(-0.979300918348457,-1.10729199301484,0.475));
#5541=CARTESIAN_POINT('',(-0.980509200646046,-1.10887513773362,0.475));
#5542=CARTESIAN_POINT('',(-0.982098397548488,-1.11103233685397,0.475));
#5543=CARTESIAN_POINT('',(-0.983964169900158,-1.11367941606432,0.475));
#5544=CARTESIAN_POINT('',(-0.986113382056444,-1.11685982479986,0.475));
#5545=CARTESIAN_POINT('',(-0.988517270780152,-1.12057592061906,0.475));
#5546=CARTESIAN_POINT('',(-0.991157551487947,-1.12484190820624,0.475));
#5547=CARTESIAN_POINT('',(-0.994012343740222,-1.12966764139387,0.475));
#5548=CARTESIAN_POINT('',(-0.997060402712809,-1.13506345604185,0.475));
#5549=CARTESIAN_POINT('',(-1.00027988959004,-1.14103872929001,0.475));
#5550=CARTESIAN_POINT('',(-1.00364875133447,-1.14760228791547,0.475));
#5551=CARTESIAN_POINT('',(-1.0071446323308,-1.15476227912993,0.475));
#5552=CARTESIAN_POINT('',(-1.01074492180547,-1.16252619743629,0.475));
#5553=CARTESIAN_POINT('',(-1.01442676246411,-1.17090086768572,0.475));
#5554=CARTESIAN_POINT('',(-1.01816707122999,-1.17989244018379,0.475));
#5555=CARTESIAN_POINT('',(-1.02194255389416,-1.18950638722475,0.475));
#5556=CARTESIAN_POINT('',(-1.02572973305164,-1.19974748327963,0.475));
#5557=CARTESIAN_POINT('',(-1.02950492837216,-1.21061985473897,0.475));
#5558=CARTESIAN_POINT('',(-1.03324442177764,-1.22212676081554,0.475));
#5559=CARTESIAN_POINT('',(-1.03692390705959,-1.23427141870147,0.475));
#5560=CARTESIAN_POINT('',(-1.0405207077796,-1.24705379178248,0.475));
#5561=CARTESIAN_POINT('',(-1.04400530564085,-1.26048296933351,0.475));
#5562=CARTESIAN_POINT('',(-1.04634754845342,-1.27024917716647,0.475));
#5563=CARTESIAN_POINT('',(-1.04753294558101,-1.27551800224986,0.475));
#5564=CARTESIAN_POINT('',(-1.04764624794346,-1.27602442734063,0.475));
#5565=CARTESIAN_POINT('',(-0.753652888942633,-1.13838257430814,0.475));
#5566=CARTESIAN_POINT('',(-0.782583219690926,-1.18214702391048,0.475));
#5567=CARTESIAN_POINT('',(-0.814102977124505,-1.22982863694429,0.475));
#5568=CARTESIAN_POINT('',(-0.815108519254772,-1.23115888033071,0.475));
#5569=CARTESIAN_POINT('',(-0.81610020474116,-1.23252030502314,0.475));
#5570=CARTESIAN_POINT('',(-0.817316678641304,-1.23409716410421,0.475));
#5571=CARTESIAN_POINT('',(-0.818989058559331,-1.23619053465176,0.475));
#5572=CARTESIAN_POINT('',(-0.821063043314405,-1.23867784686575,0.475));
#5573=CARTESIAN_POINT('',(-0.823578825212199,-1.24157697674565,0.475));
#5574=CARTESIAN_POINT('',(-0.826546125952928,-1.24486075131884,0.475));
#5575=CARTESIAN_POINT('',(-0.829983398606425,-1.24851518547688,0.475));
#5576=CARTESIAN_POINT('',(-0.833905824318438,-1.25252169469759,0.475));
#5577=CARTESIAN_POINT('',(-0.838328885328086,-1.256862433174,0.475));
#5578=CARTESIAN_POINT('',(-0.84326729155833,-1.26151873321243,0.475));
#5579=CARTESIAN_POINT('',(-0.848735276767247,-1.26647157775249,0.475));
#5580=CARTESIAN_POINT('',(-0.854746496616041,-1.27170148158155,0.475));
#5581=CARTESIAN_POINT('',(-0.861314042337424,-1.27718854408956,0.475));
#5582=CARTESIAN_POINT('',(-0.868450422134508,-1.28291245322702,0.475));
#5583=CARTESIAN_POINT('',(-0.876167551086172,-1.2888525042702,0.475));
#5584=CARTESIAN_POINT('',(-0.884476744007677,-1.29498761307504,0.475));
#5585=CARTESIAN_POINT('',(-0.893388689083418,-1.30129633793376,0.475));
#5586=CARTESIAN_POINT('',(-0.902913501021073,-1.30775687339224,0.475));
#5587=CARTESIAN_POINT('',(-0.913060466668741,-1.31434715309265,0.475));
#5588=CARTESIAN_POINT('',(-0.923838984505063,-1.32104453171107,0.475));
#5589=CARTESIAN_POINT('',(-0.935254888257495,-1.32782709601351,0.475));
#5590=CARTESIAN_POINT('',(-0.947324597388836,-1.3346686859922,0.475));
#5591=CARTESIAN_POINT('',(-0.956151812711457,-1.3394587994019,0.475));
#5592=CARTESIAN_POINT('',(-0.96093430358107,-1.34196747737874,0.475));
#5593=CARTESIAN_POINT('',(-0.961394147846073,-1.34220799151522,0.475));
#5594=CARTESIAN_POINT('',(-0.785667575274497,-1.18680453352111,0.475));
#5595=CARTESIAN_POINT('',(-0.736242937032727,-1.21949516647925,0.475));
#5596=CARTESIAN_POINT('',(-0.705616182787586,-1.16876574431675,0.475));
#5597=CARTESIAN_POINT('',(-2.17327562027779E-14,-3.85312837131571E-14,0.475));
#5598=CARTESIAN_POINT('',(-0.659372734257536,-1.19546441177383,0.475));
#5599=CARTESIAN_POINT('',(-0.687992325447002,-1.24735267006683,0.475));
#5600=CARTESIAN_POINT('',(-0.63496908771857,-1.27381034587799,0.475));
#5601=CARTESIAN_POINT('',(-0.609041784105057,-1.22187383461392,0.475));
#5602=CARTESIAN_POINT('',(-0.632477743869186,-1.268810460783,0.475));
#5603=CARTESIAN_POINT('',(-0.658011353333089,-1.31994817795851,0.475));
#5604=CARTESIAN_POINT('',(-0.658660606833819,-1.32148412468111,0.475));
#5605=CARTESIAN_POINT('',(-0.659343792459608,-1.3230236618511,0.475));
#5606=CARTESIAN_POINT('',(-0.660101155531924,-1.32486558869219,0.475));
#5607=CARTESIAN_POINT('',(-0.661077877646626,-1.32736059745976,0.475));
#5608=CARTESIAN_POINT('',(-0.662194960833546,-1.33040037705171,0.475));
#5609=CARTESIAN_POINT('',(-0.663447790009511,-1.33402867302553,0.475));
#5610=CARTESIAN_POINT('',(-0.664807971839831,-1.33824031813427,0.475));
#5611=CARTESIAN_POINT('',(-0.666254168330408,-1.34304430065095,0.475));
#5612=CARTESIAN_POINT('',(-0.667762694240028,-1.34844447557236,0.475));
#5613=CARTESIAN_POINT('',(-0.669310353526963,-1.35444532800741,0.475));
#5614=CARTESIAN_POINT('',(-0.670873624532763,-1.36105026327623,0.475));
#5615=CARTESIAN_POINT('',(-0.67242892112099,-1.3682620996447,0.475));
#5616=CARTESIAN_POINT('',(-0.673952540771909,-1.37608292065602,0.475));
#5617=CARTESIAN_POINT('',(-0.675420703435308,-1.38451411334525,0.475));
#5618=CARTESIAN_POINT('',(-0.676809564258765,-1.39355635410932,0.475));
#5619=CARTESIAN_POINT('',(-0.678095234886102,-1.40320960934733,0.475));
#5620=CARTESIAN_POINT('',(-0.679253798505316,-1.41347313590471,0.475));
#5621=CARTESIAN_POINT('',(-0.680261341960587,-1.4243454691668,0.475));
#5622=CARTESIAN_POINT('',(-0.681093923820857,-1.43582446600032,0.475));
#5623=CARTESIAN_POINT('',(-0.681727790635618,-1.44790713587273,0.475));
#5624=CARTESIAN_POINT('',(-0.682138631739776,-1.46059029544334,0.475));
#5625=CARTESIAN_POINT('',(-0.682304552852274,-1.47386804025132,0.475));
#5626=CARTESIAN_POINT('',(-0.682194689010426,-1.4877415099647,0.475));
#5627=CARTESIAN_POINT('',(-0.681929441248925,-1.49778115938361,0.475));
#5628=CARTESIAN_POINT('',(-0.681710774671974,-1.50317725695849,0.475));
#5629=CARTESIAN_POINT('',(-0.681689143891634,-1.503695750842,0.475));
#5630=CARTESIAN_POINT('',(-0.433337698643275,-1.29465284977655,0.475));
#5631=CARTESIAN_POINT('',(-0.44995517922062,-1.34441378249956,0.475));
#5632=CARTESIAN_POINT('',(-0.468060017409723,-1.39862859748885,0.475));
#5633=CARTESIAN_POINT('',(-0.468687004199741,-1.40017376738502,0.475));
#5634=CARTESIAN_POINT('',(-0.469292536183725,-1.40174546974661,0.475));
#5635=CARTESIAN_POINT('',(-0.470059438579259,-1.40358344527066,0.475));
#5636=CARTESIAN_POINT('',(-0.471133029367285,-1.40603832971996,0.475));
#5637=CARTESIAN_POINT('',(-0.472492581033445,-1.40897767557936,0.475));
#5638=CARTESIAN_POINT('',(-0.474172289714691,-1.4124291522726,0.475));
#5639=CARTESIAN_POINT('',(-0.476188578735164,-1.4163690288848,0.475));
#5640=CARTESIAN_POINT('',(-0.478562892003997,-1.42078857284447,0.475));
#5641=CARTESIAN_POINT('',(-0.481314703410234,-1.42567376205128,0.475));
#5642=CARTESIAN_POINT('',(-0.4844635864832,-1.43101136587776,0.475));
#5643=CARTESIAN_POINT('',(-0.488028581472043,-1.43678715992467,0.475));
#5644=CARTESIAN_POINT('',(-0.492028359108702,-1.44298645908991,0.475));
#5645=CARTESIAN_POINT('',(-0.496481152893139,-1.44959397644858,0.475));
#5646=CARTESIAN_POINT('',(-0.501404758642016,-1.4565938777478,0.475));
#5647=CARTESIAN_POINT('',(-0.506816515497015,-1.46396978041558,0.475));
#5648=CARTESIAN_POINT('',(-0.512733291317374,-1.47170476907387,0.475));
#5649=CARTESIAN_POINT('',(-0.519171472353408,-1.47978140649307,0.475));
#5650=CARTESIAN_POINT('',(-0.526146932120786,-1.48818174787957,0.475));
#5651=CARTESIAN_POINT('',(-0.533675084343697,-1.49688734866106,0.475));
#5652=CARTESIAN_POINT('',(-0.541770610622231,-1.50587929798576,0.475));
#5653=CARTESIAN_POINT('',(-0.55044845023074,-1.51513815465575,0.475));
#5654=CARTESIAN_POINT('',(-0.559719909679541,-1.52464426199214,0.475));
#5655=CARTESIAN_POINT('',(-0.569607619660033,-1.53437660103747,0.475));
#5656=CARTESIAN_POINT('',(-0.576894282335735,-1.54128814673147,0.475));
#5657=CARTESIAN_POINT('',(-0.580864520142252,-1.54494914329923,0.475));
#5658=CARTESIAN_POINT('',(-0.581246445954751,-1.54530047856881,0.475));
#5659=CARTESIAN_POINT('',(-0.451728985746273,-1.34971088128554,0.475));
#5660=CARTESIAN_POINT('',(-0.395527492807528,-1.36849557026328,0.475));
#5661=CARTESIAN_POINT('',(-0.379074060509441,-1.31156792395548,0.475));
#5662=CARTESIAN_POINT('',(-1.10196004354935E-14,-4.28432132664587E-14,0.475));
#5663=CARTESIAN_POINT('',(-0.327496195660845,-1.32538817118898,0.475));
#5664=CARTESIAN_POINT('',(-0.341710928465155,-1.38291567521824,0.475));
#5665=CARTESIAN_POINT('',(-0.283646663360723,-1.3947484038307,0.475));
#5666=CARTESIAN_POINT('',(-0.272044969445716,-1.33787110631005,0.475));
#5667=CARTESIAN_POINT('',(-0.282534275480344,-1.38927407845285,0.475));
#5668=CARTESIAN_POINT('',(-0.29396243317182,-1.44527790458961,0.475));
#5669=CARTESIAN_POINT('',(-0.294192031631911,-1.44692955436786,0.475));
#5670=CARTESIAN_POINT('',(-0.294453476731774,-1.44859345453218,0.475));
#5671=CARTESIAN_POINT('',(-0.29470830753704,-1.4505686392253,0.475));
#5672=CARTESIAN_POINT('',(-0.295005992865994,-1.45323142691577,0.475));
#5673=CARTESIAN_POINT('',(-0.295298259515043,-1.4564567509336,0.475));
#5674=CARTESIAN_POINT('',(-0.295569327472743,-1.46028567177113,0.475));
#5675=CARTESIAN_POINT('',(-0.295793108265744,-1.46470584951531,0.475));
#5676=CARTESIAN_POINT('',(-0.295946664638223,-1.46972044349194,0.475));
#5677=CARTESIAN_POINT('',(-0.296006120657405,-1.47532704715046,0.475));
#5678=CARTESIAN_POINT('',(-0.295947909835911,-1.48152398919601,0.475));
#5679=CARTESIAN_POINT('',(-0.295748430634664,-1.48830847106208,0.475));
#5680=CARTESIAN_POINT('',(-0.295384171174449,-1.49567711044317,0.475));
#5681=CARTESIAN_POINT('',(-0.294831697318646,-1.50362578522394,0.475));
#5682=CARTESIAN_POINT('',(-0.294067680311512,-1.51214968044749,0.475));
#5683=CARTESIAN_POINT('',(-0.293068912729869,-1.52124327796113,0.475));
#5684=CARTESIAN_POINT('',(-0.291812328890082,-1.53090036254737,0.475));
#5685=CARTESIAN_POINT('',(-0.290275019268313,-1.54111402624756,0.475));
#5686=CARTESIAN_POINT('',(-0.288434264599938,-1.55187666517243,0.475));
#5687=CARTESIAN_POINT('',(-0.286267493922087,-1.56318001271586,0.475));
#5688=CARTESIAN_POINT('',(-0.283752537170225,-1.57501503239986,0.475));
#5689=CARTESIAN_POINT('',(-0.280866735954284,-1.58737235729033,0.475));
#5690=CARTESIAN_POINT('',(-0.277590470209655,-1.60024061745914,0.475));
#5691=CARTESIAN_POINT('',(-0.273893631703964,-1.61361292530089,0.475));
#5692=CARTESIAN_POINT('',(-0.271038969564997,-1.62324183078916,0.475));
#5693=CARTESIAN_POINT('',(-0.269431141049366,-1.62839746572326,0.475));
#5694=CARTESIAN_POINT('',(-0.269276051228169,-1.62889269389821,0.475));
#5695=CARTESIAN_POINT('',(-0.083491260305784,-1.36269467304769,0.475));
#5696=CARTESIAN_POINT('',(-0.0866634368725187,-1.41506096356011,0.475));
#5697=CARTESIAN_POINT('',(-0.09011954101422,-1.47211433045759,0.475));
#5698=CARTESIAN_POINT('',(-0.0903252443503926,-1.47376912608859,0.475));
#5699=CARTESIAN_POINT('',(-0.0905033568279541,-1.47544399720077,0.475));
#5700=CARTESIAN_POINT('',(-0.0907684245879886,-1.47741783417323,0.475));
#5701=CARTESIAN_POINT('',(-0.0911700628080021,-1.48006693620596,0.475));
#5702=CARTESIAN_POINT('',(-0.0917225301859639,-1.48325800414795,0.475));
#5703=CARTESIAN_POINT('',(-0.0924516962798855,-1.48702661522171,0.475));
#5704=CARTESIAN_POINT('',(-0.0933795668154306,-1.49135409779276,0.475));
#5705=CARTESIAN_POINT('',(-0.0945291151740691,-1.49623756693683,0.475));
#5706=CARTESIAN_POINT('',(-0.0959227808747777,-1.50166851855847,0.475));
#5707=CARTESIAN_POINT('',(-0.097582894833414,-1.50763923885505,0.475));
#5708=CARTESIAN_POINT('',(-0.0995315300637984,-1.5141409160911,0.475));
#5709=CARTESIAN_POINT('',(-0.101790521892208,-1.52116419788824,0.475));
#5710=CARTESIAN_POINT('',(-0.104381439074467,-1.52869903738795,0.475));
#5711=CARTESIAN_POINT('',(-0.107325569255695,-1.53673474577273,0.475));
#5712=CARTESIAN_POINT('',(-0.110643900882292,-1.54525998639327,0.475));
#5713=CARTESIAN_POINT('',(-0.114357105077124,-1.55426278597228,0.475));
#5714=CARTESIAN_POINT('',(-0.118485522829677,-1.563730542513,0.475));
#5715=CARTESIAN_POINT('',(-0.123049131233038,-1.573650031044,0.475));
#5716=CARTESIAN_POINT('',(-0.128067592608074,-1.58400742484193,0.475));
#5717=CARTESIAN_POINT('',(-0.133559982780081,-1.59478825730436,0.475));
#5718=CARTESIAN_POINT('',(-0.139545763732266,-1.60597761624484,0.475));
#5719=CARTESIAN_POINT('',(-0.146040944237811,-1.61755944110977,0.475));
#5720=CARTESIAN_POINT('',(-0.153072823972496,-1.62951928639926,0.475));
#5721=CARTESIAN_POINT('',(-0.15832235998171,-1.63808125396038,0.475));
#5722=CARTESIAN_POINT('',(-0.161209779579744,-1.64264507825305,0.475));
#5723=CARTESIAN_POINT('',(-0.161487759326781,-1.6430832917377,0.475));
#5724=CARTESIAN_POINT('',(-0.0870058123568846,-1.42063666299307,0.475));
#5725=CARTESIAN_POINT('',(-0.0278575035875828,-1.42423526247973,0.475));
#5726=CARTESIAN_POINT('',(-0.0266986674570813,-1.36498891704512,0.475));
#5727=CARTESIAN_POINT('',(4.44522890719049E-16,-4.42354486374086E-14,0.475));
#5728=CARTESIAN_POINT('',(0.0266986674570808,-1.36498891704512,0.475));
#5729=CARTESIAN_POINT('',(0.0278575035875823,-1.42423526247973,0.475));
#5730=CARTESIAN_POINT('',(0.087005812356884,-1.42063666299307,0.475));
#5731=CARTESIAN_POINT('',(0.0834912603057835,-1.36269467304769,0.475));
#5732=CARTESIAN_POINT('',(0.0866634368725182,-1.41506096356011,0.475));
#5733=CARTESIAN_POINT('',(0.0901195410142195,-1.47211433045759,0.475));
#5734=CARTESIAN_POINT('',(0.0903252443503921,-1.47376912608859,0.475));
#5735=CARTESIAN_POINT('',(0.0905033568279536,-1.47544399720077,0.475));
#5736=CARTESIAN_POINT('',(0.090768424587988,-1.47741783417323,0.475));
#5737=CARTESIAN_POINT('',(0.0911700628080016,-1.48006693620596,0.475));
#5738=CARTESIAN_POINT('',(0.0917225301859634,-1.48325800414795,0.475));
#5739=CARTESIAN_POINT('',(0.092451696279885,-1.48702661522171,0.475));
#5740=CARTESIAN_POINT('',(0.0933795668154301,-1.49135409779276,0.475));
#5741=CARTESIAN_POINT('',(0.0945291151740685,-1.49623756693683,0.475));
#5742=CARTESIAN_POINT('',(0.0959227808747772,-1.50166851855847,0.475));
#5743=CARTESIAN_POINT('',(0.0975828948334135,-1.50763923885505,0.475));
#5744=CARTESIAN_POINT('',(0.0995315300637979,-1.5141409160911,0.475));
#5745=CARTESIAN_POINT('',(0.101790521892208,-1.52116419788824,0.475));
#5746=CARTESIAN_POINT('',(0.104381439074467,-1.52869903738795,0.475));
#5747=CARTESIAN_POINT('',(0.107325569255695,-1.53673474577273,0.475));
#5748=CARTESIAN_POINT('',(0.110643900882291,-1.54525998639327,0.475));
#5749=CARTESIAN_POINT('',(0.114357105077123,-1.55426278597228,0.475));
#5750=CARTESIAN_POINT('',(0.118485522829676,-1.563730542513,0.475));
#5751=CARTESIAN_POINT('',(0.123049131233037,-1.573650031044,0.475));
#5752=CARTESIAN_POINT('',(0.128067592608073,-1.58400742484193,0.475));
#5753=CARTESIAN_POINT('',(0.13355998278008,-1.59478825730436,0.475));
#5754=CARTESIAN_POINT('',(0.139545763732266,-1.60597761624484,0.475));
#5755=CARTESIAN_POINT('',(0.146040944237811,-1.61755944110977,0.475));
#5756=CARTESIAN_POINT('',(0.153072823972496,-1.62951928639926,0.475));
#5757=CARTESIAN_POINT('',(0.15832235998171,-1.63808125396038,0.475));
#5758=CARTESIAN_POINT('',(0.161209779579744,-1.64264507825305,0.475));
#5759=CARTESIAN_POINT('',(0.161487759326781,-1.6430832917377,0.475));
#5760=CARTESIAN_POINT('',(0.272044969445715,-1.33787110631005,0.475));
#5761=CARTESIAN_POINT('',(0.282534275480343,-1.38927407845285,0.475));
#5762=CARTESIAN_POINT('',(0.29396243317182,-1.44527790458961,0.475));
#5763=CARTESIAN_POINT('',(0.294192031631911,-1.44692955436786,0.475));
#5764=CARTESIAN_POINT('',(0.294453476731773,-1.44859345453218,0.475));
#5765=CARTESIAN_POINT('',(0.294708307537039,-1.4505686392253,0.475));
#5766=CARTESIAN_POINT('',(0.295005992865994,-1.45323142691577,0.475));
#5767=CARTESIAN_POINT('',(0.295298259515042,-1.4564567509336,0.475));
#5768=CARTESIAN_POINT('',(0.295569327472743,-1.46028567177113,0.475));
#5769=CARTESIAN_POINT('',(0.295793108265744,-1.46470584951532,0.475));
#5770=CARTESIAN_POINT('',(0.295946664638223,-1.46972044349194,0.475));
#5771=CARTESIAN_POINT('',(0.296006120657405,-1.47532704715046,0.475));
#5772=CARTESIAN_POINT('',(0.295947909835911,-1.48152398919601,0.475));
#5773=CARTESIAN_POINT('',(0.295748430634663,-1.48830847106208,0.475));
#5774=CARTESIAN_POINT('',(0.295384171174449,-1.49567711044317,0.475));
#5775=CARTESIAN_POINT('',(0.294831697318645,-1.50362578522394,0.475));
#5776=CARTESIAN_POINT('',(0.294067680311511,-1.51214968044749,0.475));
#5777=CARTESIAN_POINT('',(0.293068912729868,-1.52124327796113,0.475));
#5778=CARTESIAN_POINT('',(0.291812328890081,-1.53090036254737,0.475));
#5779=CARTESIAN_POINT('',(0.290275019268313,-1.54111402624756,0.475));
#5780=CARTESIAN_POINT('',(0.288434264599938,-1.55187666517243,0.475));
#5781=CARTESIAN_POINT('',(0.286267493922086,-1.56318001271586,0.475));
#5782=CARTESIAN_POINT('',(0.283752537170224,-1.57501503239986,0.475));
#5783=CARTESIAN_POINT('',(0.280866735954283,-1.58737235729033,0.475));
#5784=CARTESIAN_POINT('',(0.277590470209654,-1.60024061745914,0.475));
#5785=CARTESIAN_POINT('',(0.273893631703964,-1.61361292530089,0.475));
#5786=CARTESIAN_POINT('',(0.271038969564997,-1.62324183078916,0.475));
#5787=CARTESIAN_POINT('',(0.269431141049366,-1.62839746572326,0.475));
#5788=CARTESIAN_POINT('',(0.269276051228169,-1.62889269389821,0.475));
#5789=CARTESIAN_POINT('',(0.283646663360722,-1.3947484038307,0.475));
#5790=CARTESIAN_POINT('',(0.341710928465155,-1.38291567521824,0.475));
#5791=CARTESIAN_POINT('',(0.327496195660845,-1.32538817118898,0.475));
#5792=CARTESIAN_POINT('',(1.18783527165379E-14,-4.26131112862544E-14,0.475));
#5793=CARTESIAN_POINT('',(-1.01094593269614E-16,6.19025850293682E-33,0.475));
#5794=CARTESIAN_POINT('',(0.269276051228169,1.62889269389821,0.475));
#5795=CARTESIAN_POINT('',(0.269276051228169,1.62889269389821,-0.475));
#5796=CARTESIAN_POINT('',(-1.01094593269614E-16,6.19025850293682E-33,-0.475));
#5797=CARTESIAN_POINT('',(0.161487759326781,1.6430832917377,-0.475));
#5798=CARTESIAN_POINT('',(0.161487759326781,1.6430832917377,0.475));
#5799=CARTESIAN_POINT('',(0.,0.,-0.475));
#5800=CARTESIAN_POINT('',(0.,-5.81707229594993E-17,-0.475));
#5801=CARTESIAN_POINT('',(0.95,-5.81707229594993E-17,-0.475));
#5802=CARTESIAN_POINT('',(0.341710928465155,-1.38291567521824,-0.475));
#5803=CARTESIAN_POINT('',(0.283646663360722,-1.3947484038307,-0.475));
#5804=CARTESIAN_POINT('',(0.327496195660845,-1.32538817118898,-0.475));
#5805=CARTESIAN_POINT('',(0.272044969445715,-1.33787110631005,-0.475));
#5806=CARTESIAN_POINT('',(0.282534275480343,-1.38927407845285,-0.475));
#5807=CARTESIAN_POINT('',(0.29396243317182,-1.44527790458961,-0.475));
#5808=CARTESIAN_POINT('',(0.294192031631911,-1.44692955436786,-0.475));
#5809=CARTESIAN_POINT('',(0.294453476731773,-1.44859345453218,-0.475));
#5810=CARTESIAN_POINT('',(0.294708307537039,-1.4505686392253,-0.475));
#5811=CARTESIAN_POINT('',(0.295005992865994,-1.45323142691577,-0.475));
#5812=CARTESIAN_POINT('',(0.295298259515042,-1.4564567509336,-0.475));
#5813=CARTESIAN_POINT('',(0.295569327472743,-1.46028567177113,-0.475));
#5814=CARTESIAN_POINT('',(0.295793108265744,-1.46470584951532,-0.475));
#5815=CARTESIAN_POINT('',(0.295946664638223,-1.46972044349194,-0.475));
#5816=CARTESIAN_POINT('',(0.296006120657405,-1.47532704715046,-0.475));
#5817=CARTESIAN_POINT('',(0.295947909835911,-1.48152398919601,-0.475));
#5818=CARTESIAN_POINT('',(0.295748430634663,-1.48830847106208,-0.475));
#5819=CARTESIAN_POINT('',(0.295384171174449,-1.49567711044317,-0.475));
#5820=CARTESIAN_POINT('',(0.294831697318645,-1.50362578522394,-0.475));
#5821=CARTESIAN_POINT('',(0.294067680311511,-1.51214968044749,-0.475));
#5822=CARTESIAN_POINT('',(0.293068912729868,-1.52124327796113,-0.475));
#5823=CARTESIAN_POINT('',(0.291812328890081,-1.53090036254737,-0.475));
#5824=CARTESIAN_POINT('',(0.290275019268313,-1.54111402624756,-0.475));
#5825=CARTESIAN_POINT('',(0.288434264599938,-1.55187666517243,-0.475));
#5826=CARTESIAN_POINT('',(0.286267493922086,-1.56318001271586,-0.475));
#5827=CARTESIAN_POINT('',(0.283752537170224,-1.57501503239986,-0.475));
#5828=CARTESIAN_POINT('',(0.280866735954283,-1.58737235729033,-0.475));
#5829=CARTESIAN_POINT('',(0.277590470209654,-1.60024061745914,-0.475));
#5830=CARTESIAN_POINT('',(0.273893631703964,-1.61361292530089,-0.475));
#5831=CARTESIAN_POINT('',(0.271038969564997,-1.62324183078916,-0.475));
#5832=CARTESIAN_POINT('',(0.269431141049366,-1.62839746572326,-0.475));
#5833=CARTESIAN_POINT('',(0.269276051228169,-1.62889269389821,-0.475));
#5834=CARTESIAN_POINT('',(0.0834912603057835,-1.36269467304769,-0.475));
#5835=CARTESIAN_POINT('',(0.0866634368725182,-1.41506096356011,-0.475));
#5836=CARTESIAN_POINT('',(0.0901195410142195,-1.47211433045759,-0.475));
#5837=CARTESIAN_POINT('',(0.0903252443503921,-1.47376912608859,-0.475));
#5838=CARTESIAN_POINT('',(0.0905033568279536,-1.47544399720077,-0.475));
#5839=CARTESIAN_POINT('',(0.090768424587988,-1.47741783417323,-0.475));
#5840=CARTESIAN_POINT('',(0.0911700628080016,-1.48006693620596,-0.475));
#5841=CARTESIAN_POINT('',(0.0917225301859634,-1.48325800414795,-0.475));
#5842=CARTESIAN_POINT('',(0.092451696279885,-1.48702661522171,-0.475));
#5843=CARTESIAN_POINT('',(0.0933795668154301,-1.49135409779276,-0.475));
#5844=CARTESIAN_POINT('',(0.0945291151740685,-1.49623756693683,-0.475));
#5845=CARTESIAN_POINT('',(0.0959227808747772,-1.50166851855847,-0.475));
#5846=CARTESIAN_POINT('',(0.0975828948334135,-1.50763923885505,-0.475));
#5847=CARTESIAN_POINT('',(0.0995315300637979,-1.5141409160911,-0.475));
#5848=CARTESIAN_POINT('',(0.101790521892208,-1.52116419788824,-0.475));
#5849=CARTESIAN_POINT('',(0.104381439074467,-1.52869903738795,-0.475));
#5850=CARTESIAN_POINT('',(0.107325569255695,-1.53673474577273,-0.475));
#5851=CARTESIAN_POINT('',(0.110643900882291,-1.54525998639327,-0.475));
#5852=CARTESIAN_POINT('',(0.114357105077123,-1.55426278597228,-0.475));
#5853=CARTESIAN_POINT('',(0.118485522829676,-1.563730542513,-0.475));
#5854=CARTESIAN_POINT('',(0.123049131233037,-1.573650031044,-0.475));
#5855=CARTESIAN_POINT('',(0.128067592608073,-1.58400742484193,-0.475));
#5856=CARTESIAN_POINT('',(0.13355998278008,-1.59478825730436,-0.475));
#5857=CARTESIAN_POINT('',(0.139545763732266,-1.60597761624484,-0.475));
#5858=CARTESIAN_POINT('',(0.146040944237811,-1.61755944110977,-0.475));
#5859=CARTESIAN_POINT('',(0.153072823972496,-1.62951928639926,-0.475));
#5860=CARTESIAN_POINT('',(0.15832235998171,-1.63808125396038,-0.475));
#5861=CARTESIAN_POINT('',(0.161209779579744,-1.64264507825305,-0.475));
#5862=CARTESIAN_POINT('',(0.161487759326781,-1.6430832917377,-0.475));
#5863=CARTESIAN_POINT('',(0.087005812356884,-1.42063666299307,-0.475));
#5864=CARTESIAN_POINT('',(0.0278575035875823,-1.42423526247973,-0.475));
#5865=CARTESIAN_POINT('',(0.0266986674570808,-1.36498891704512,-0.475));
#5866=CARTESIAN_POINT('',(4.44522890719049E-16,-4.42354486374086E-14,-0.475));
#5867=CARTESIAN_POINT('',(-0.0266986674570813,-1.36498891704512,-0.475));
#5868=CARTESIAN_POINT('',(-0.0278575035875828,-1.42423526247973,-0.475));
#5869=CARTESIAN_POINT('',(-0.0870058123568846,-1.42063666299307,-0.475));
#5870=CARTESIAN_POINT('',(-0.083491260305784,-1.36269467304769,-0.475));
#5871=CARTESIAN_POINT('',(-0.0866634368725187,-1.41506096356011,-0.475));
#5872=CARTESIAN_POINT('',(-0.09011954101422,-1.47211433045759,-0.475));
#5873=CARTESIAN_POINT('',(-0.0903252443503926,-1.47376912608859,-0.475));
#5874=CARTESIAN_POINT('',(-0.0905033568279541,-1.47544399720077,-0.475));
#5875=CARTESIAN_POINT('',(-0.0907684245879886,-1.47741783417323,-0.475));
#5876=CARTESIAN_POINT('',(-0.0911700628080021,-1.48006693620596,-0.475));
#5877=CARTESIAN_POINT('',(-0.0917225301859639,-1.48325800414795,-0.475));
#5878=CARTESIAN_POINT('',(-0.0924516962798855,-1.48702661522171,-0.475));
#5879=CARTESIAN_POINT('',(-0.0933795668154306,-1.49135409779276,-0.475));
#5880=CARTESIAN_POINT('',(-0.0945291151740691,-1.49623756693683,-0.475));
#5881=CARTESIAN_POINT('',(-0.0959227808747777,-1.50166851855847,-0.475));
#5882=CARTESIAN_POINT('',(-0.097582894833414,-1.50763923885505,-0.475));
#5883=CARTESIAN_POINT('',(-0.0995315300637984,-1.5141409160911,-0.475));
#5884=CARTESIAN_POINT('',(-0.101790521892208,-1.52116419788824,-0.475));
#5885=CARTESIAN_POINT('',(-0.104381439074467,-1.52869903738795,-0.475));
#5886=CARTESIAN_POINT('',(-0.107325569255695,-1.53673474577273,-0.475));
#5887=CARTESIAN_POINT('',(-0.110643900882292,-1.54525998639327,-0.475));
#5888=CARTESIAN_POINT('',(-0.114357105077124,-1.55426278597228,-0.475));
#5889=CARTESIAN_POINT('',(-0.118485522829677,-1.563730542513,-0.475));
#5890=CARTESIAN_POINT('',(-0.123049131233038,-1.573650031044,-0.475));
#5891=CARTESIAN_POINT('',(-0.128067592608074,-1.58400742484193,-0.475));
#5892=CARTESIAN_POINT('',(-0.133559982780081,-1.59478825730436,-0.475));
#5893=CARTESIAN_POINT('',(-0.139545763732266,-1.60597761624484,-0.475));
#5894=CARTESIAN_POINT('',(-0.146040944237811,-1.61755944110977,-0.475));
#5895=CARTESIAN_POINT('',(-0.153072823972496,-1.62951928639926,-0.475));
#5896=CARTESIAN_POINT('',(-0.15832235998171,-1.63808125396038,-0.475));
#5897=CARTESIAN_POINT('',(-0.161209779579744,-1.64264507825305,-0.475));
#5898=CARTESIAN_POINT('',(-0.161487759326781,-1.6430832917377,-0.475));
#5899=CARTESIAN_POINT('',(-0.272044969445716,-1.33787110631005,-0.475));
#5900=CARTESIAN_POINT('',(-0.282534275480344,-1.38927407845285,-0.475));
#5901=CARTESIAN_POINT('',(-0.29396243317182,-1.44527790458961,-0.475));
#5902=CARTESIAN_POINT('',(-0.294192031631911,-1.44692955436786,-0.475));
#5903=CARTESIAN_POINT('',(-0.294453476731774,-1.44859345453218,-0.475));
#5904=CARTESIAN_POINT('',(-0.29470830753704,-1.4505686392253,-0.475));
#5905=CARTESIAN_POINT('',(-0.295005992865994,-1.45323142691577,-0.475));
#5906=CARTESIAN_POINT('',(-0.295298259515043,-1.4564567509336,-0.475));
#5907=CARTESIAN_POINT('',(-0.295569327472743,-1.46028567177113,-0.475));
#5908=CARTESIAN_POINT('',(-0.295793108265744,-1.46470584951531,-0.475));
#5909=CARTESIAN_POINT('',(-0.295946664638223,-1.46972044349194,-0.475));
#5910=CARTESIAN_POINT('',(-0.296006120657405,-1.47532704715046,-0.475));
#5911=CARTESIAN_POINT('',(-0.295947909835911,-1.48152398919601,-0.475));
#5912=CARTESIAN_POINT('',(-0.295748430634664,-1.48830847106208,-0.475));
#5913=CARTESIAN_POINT('',(-0.295384171174449,-1.49567711044317,-0.475));
#5914=CARTESIAN_POINT('',(-0.294831697318646,-1.50362578522394,-0.475));
#5915=CARTESIAN_POINT('',(-0.294067680311512,-1.51214968044749,-0.475));
#5916=CARTESIAN_POINT('',(-0.293068912729869,-1.52124327796113,-0.475));
#5917=CARTESIAN_POINT('',(-0.291812328890082,-1.53090036254737,-0.475));
#5918=CARTESIAN_POINT('',(-0.290275019268313,-1.54111402624756,-0.475));
#5919=CARTESIAN_POINT('',(-0.288434264599938,-1.55187666517243,-0.475));
#5920=CARTESIAN_POINT('',(-0.286267493922087,-1.56318001271586,-0.475));
#5921=CARTESIAN_POINT('',(-0.283752537170225,-1.57501503239986,-0.475));
#5922=CARTESIAN_POINT('',(-0.280866735954284,-1.58737235729033,-0.475));
#5923=CARTESIAN_POINT('',(-0.277590470209655,-1.60024061745914,-0.475));
#5924=CARTESIAN_POINT('',(-0.273893631703964,-1.61361292530089,-0.475));
#5925=CARTESIAN_POINT('',(-0.271038969564997,-1.62324183078916,-0.475));
#5926=CARTESIAN_POINT('',(-0.269431141049366,-1.62839746572326,-0.475));
#5927=CARTESIAN_POINT('',(-0.269276051228169,-1.62889269389821,-0.475));
#5928=CARTESIAN_POINT('',(-0.283646663360723,-1.3947484038307,-0.475));
#5929=CARTESIAN_POINT('',(-0.341710928465155,-1.38291567521824,-0.475));
#5930=CARTESIAN_POINT('',(-0.327496195660845,-1.32538817118898,-0.475));
#5931=CARTESIAN_POINT('',(-1.10196004354935E-14,-4.28432132664587E-14,-0.475));
#5932=CARTESIAN_POINT('',(-0.379074060509441,-1.31156792395548,-0.475));
#5933=CARTESIAN_POINT('',(-0.395527492807528,-1.36849557026328,-0.475));
#5934=CARTESIAN_POINT('',(-0.451728985746273,-1.34971088128554,-0.475));
#5935=CARTESIAN_POINT('',(-0.433337698643275,-1.29465284977655,-0.475));
#5936=CARTESIAN_POINT('',(-0.44995517922062,-1.34441378249956,-0.475));
#5937=CARTESIAN_POINT('',(-0.468060017409723,-1.39862859748885,-0.475));
#5938=CARTESIAN_POINT('',(-0.468687004199741,-1.40017376738502,-0.475));
#5939=CARTESIAN_POINT('',(-0.469292536183725,-1.40174546974661,-0.475));
#5940=CARTESIAN_POINT('',(-0.470059438579259,-1.40358344527066,-0.475));
#5941=CARTESIAN_POINT('',(-0.471133029367285,-1.40603832971996,-0.475));
#5942=CARTESIAN_POINT('',(-0.472492581033445,-1.40897767557936,-0.475));
#5943=CARTESIAN_POINT('',(-0.474172289714691,-1.4124291522726,-0.475));
#5944=CARTESIAN_POINT('',(-0.476188578735164,-1.4163690288848,-0.475));
#5945=CARTESIAN_POINT('',(-0.478562892003997,-1.42078857284447,-0.475));
#5946=CARTESIAN_POINT('',(-0.481314703410234,-1.42567376205128,-0.475));
#5947=CARTESIAN_POINT('',(-0.4844635864832,-1.43101136587776,-0.475));
#5948=CARTESIAN_POINT('',(-0.488028581472043,-1.43678715992467,-0.475));
#5949=CARTESIAN_POINT('',(-0.492028359108702,-1.44298645908991,-0.475));
#5950=CARTESIAN_POINT('',(-0.496481152893139,-1.44959397644858,-0.475));
#5951=CARTESIAN_POINT('',(-0.501404758642016,-1.4565938777478,-0.475));
#5952=CARTESIAN_POINT('',(-0.506816515497015,-1.46396978041558,-0.475));
#5953=CARTESIAN_POINT('',(-0.512733291317374,-1.47170476907387,-0.475));
#5954=CARTESIAN_POINT('',(-0.519171472353408,-1.47978140649307,-0.475));
#5955=CARTESIAN_POINT('',(-0.526146932120786,-1.48818174787957,-0.475));
#5956=CARTESIAN_POINT('',(-0.533675084343697,-1.49688734866106,-0.475));
#5957=CARTESIAN_POINT('',(-0.541770610622231,-1.50587929798576,-0.475));
#5958=CARTESIAN_POINT('',(-0.55044845023074,-1.51513815465575,-0.475));
#5959=CARTESIAN_POINT('',(-0.559719909679541,-1.52464426199214,-0.475));
#5960=CARTESIAN_POINT('',(-0.569607619660033,-1.53437660103747,-0.475));
#5961=CARTESIAN_POINT('',(-0.576894282335735,-1.54128814673147,-0.475));
#5962=CARTESIAN_POINT('',(-0.580864520142252,-1.54494914329923,-0.475));
#5963=CARTESIAN_POINT('',(-0.581246445954751,-1.54530047856881,-0.475));
#5964=CARTESIAN_POINT('',(-0.609041784105057,-1.22187383461392,-0.475));
#5965=CARTESIAN_POINT('',(-0.632477743869186,-1.268810460783,-0.475));
#5966=CARTESIAN_POINT('',(-0.658011353333089,-1.31994817795851,-0.475));
#5967=CARTESIAN_POINT('',(-0.658660606833819,-1.32148412468111,-0.475));
#5968=CARTESIAN_POINT('',(-0.659343792459608,-1.3230236618511,-0.475));
#5969=CARTESIAN_POINT('',(-0.660101155531924,-1.32486558869219,-0.475));
#5970=CARTESIAN_POINT('',(-0.661077877646626,-1.32736059745976,-0.475));
#5971=CARTESIAN_POINT('',(-0.662194960833546,-1.33040037705171,-0.475));
#5972=CARTESIAN_POINT('',(-0.663447790009511,-1.33402867302553,-0.475));
#5973=CARTESIAN_POINT('',(-0.664807971839831,-1.33824031813427,-0.475));
#5974=CARTESIAN_POINT('',(-0.666254168330408,-1.34304430065095,-0.475));
#5975=CARTESIAN_POINT('',(-0.667762694240028,-1.34844447557236,-0.475));
#5976=CARTESIAN_POINT('',(-0.669310353526963,-1.35444532800741,-0.475));
#5977=CARTESIAN_POINT('',(-0.670873624532763,-1.36105026327623,-0.475));
#5978=CARTESIAN_POINT('',(-0.67242892112099,-1.3682620996447,-0.475));
#5979=CARTESIAN_POINT('',(-0.673952540771909,-1.37608292065602,-0.475));
#5980=CARTESIAN_POINT('',(-0.675420703435308,-1.38451411334525,-0.475));
#5981=CARTESIAN_POINT('',(-0.676809564258765,-1.39355635410932,-0.475));
#5982=CARTESIAN_POINT('',(-0.678095234886102,-1.40320960934733,-0.475));
#5983=CARTESIAN_POINT('',(-0.679253798505316,-1.41347313590471,-0.475));
#5984=CARTESIAN_POINT('',(-0.680261341960587,-1.4243454691668,-0.475));
#5985=CARTESIAN_POINT('',(-0.681093923820857,-1.43582446600032,-0.475));
#5986=CARTESIAN_POINT('',(-0.681727790635618,-1.44790713587273,-0.475));
#5987=CARTESIAN_POINT('',(-0.682138631739776,-1.46059029544334,-0.475));
#5988=CARTESIAN_POINT('',(-0.682304552852274,-1.47386804025132,-0.475));
#5989=CARTESIAN_POINT('',(-0.682194689010426,-1.4877415099647,-0.475));
#5990=CARTESIAN_POINT('',(-0.681929441248925,-1.49778115938361,-0.475));
#5991=CARTESIAN_POINT('',(-0.681710774671974,-1.50317725695849,-0.475));
#5992=CARTESIAN_POINT('',(-0.681689143891634,-1.503695750842,-0.475));
#5993=CARTESIAN_POINT('',(-0.63496908771857,-1.27381034587799,-0.475));
#5994=CARTESIAN_POINT('',(-0.687992325447002,-1.24735267006683,-0.475));
#5995=CARTESIAN_POINT('',(-0.659372734257536,-1.19546441177383,-0.475));
#5996=CARTESIAN_POINT('',(-2.17327562027779E-14,-3.85312837131571E-14,-0.475));
#5997=CARTESIAN_POINT('',(-0.705616182787586,-1.16876574431675,-0.475));
#5998=CARTESIAN_POINT('',(-0.736242937032727,-1.21949516647925,-0.475));
#5999=CARTESIAN_POINT('',(-0.785667575274497,-1.18680453352111,-0.475));
#6000=CARTESIAN_POINT('',(-0.753652888942633,-1.13838257430814,-0.475));
#6001=CARTESIAN_POINT('',(-0.782583219690926,-1.18214702391048,-0.475));
#6002=CARTESIAN_POINT('',(-0.814102977124505,-1.22982863694429,-0.475));
#6003=CARTESIAN_POINT('',(-0.815108519254772,-1.23115888033071,-0.475));
#6004=CARTESIAN_POINT('',(-0.81610020474116,-1.23252030502314,-0.475));
#6005=CARTESIAN_POINT('',(-0.817316678641304,-1.23409716410421,-0.475));
#6006=CARTESIAN_POINT('',(-0.818989058559331,-1.23619053465176,-0.475));
#6007=CARTESIAN_POINT('',(-0.821063043314405,-1.23867784686575,-0.475));
#6008=CARTESIAN_POINT('',(-0.823578825212199,-1.24157697674565,-0.475));
#6009=CARTESIAN_POINT('',(-0.826546125952928,-1.24486075131884,-0.475));
#6010=CARTESIAN_POINT('',(-0.829983398606425,-1.24851518547688,-0.475));
#6011=CARTESIAN_POINT('',(-0.833905824318438,-1.25252169469759,-0.475));
#6012=CARTESIAN_POINT('',(-0.838328885328086,-1.256862433174,-0.475));
#6013=CARTESIAN_POINT('',(-0.84326729155833,-1.26151873321243,-0.475));
#6014=CARTESIAN_POINT('',(-0.848735276767247,-1.26647157775249,-0.475));
#6015=CARTESIAN_POINT('',(-0.854746496616041,-1.27170148158155,-0.475));
#6016=CARTESIAN_POINT('',(-0.861314042337424,-1.27718854408956,-0.475));
#6017=CARTESIAN_POINT('',(-0.868450422134508,-1.28291245322702,-0.475));
#6018=CARTESIAN_POINT('',(-0.876167551086172,-1.2888525042702,-0.475));
#6019=CARTESIAN_POINT('',(-0.884476744007677,-1.29498761307504,-0.475));
#6020=CARTESIAN_POINT('',(-0.893388689083418,-1.30129633793376,-0.475));
#6021=CARTESIAN_POINT('',(-0.902913501021073,-1.30775687339224,-0.475));
#6022=CARTESIAN_POINT('',(-0.913060466668741,-1.31434715309265,-0.475));
#6023=CARTESIAN_POINT('',(-0.923838984505063,-1.32104453171107,-0.475));
#6024=CARTESIAN_POINT('',(-0.935254888257495,-1.32782709601351,-0.475));
#6025=CARTESIAN_POINT('',(-0.947324597388836,-1.3346686859922,-0.475));
#6026=CARTESIAN_POINT('',(-0.956151812711457,-1.3394587994019,-0.475));
#6027=CARTESIAN_POINT('',(-0.96093430358107,-1.34196747737874,-0.475));
#6028=CARTESIAN_POINT('',(-0.961394147846073,-1.34220799151522,-0.475));
#6029=CARTESIAN_POINT('',(-0.904533407666776,-1.02260788033084,-0.475));
#6030=CARTESIAN_POINT('',(-0.939318899232236,-1.06187950701922,-0.475));
#6031=CARTESIAN_POINT('',(-0.977217887179885,-1.10466616431703,-0.475));
#6032=CARTESIAN_POINT('',(-0.97824255016812,-1.10598173575311,-0.475));
#6033=CARTESIAN_POINT('',(-0.979300918348457,-1.10729199301484,-0.475));
#6034=CARTESIAN_POINT('',(-0.980509200646046,-1.10887513773362,-0.475));
#6035=CARTESIAN_POINT('',(-0.982098397548488,-1.11103233685397,-0.475));
#6036=CARTESIAN_POINT('',(-0.983964169900158,-1.11367941606432,-0.475));
#6037=CARTESIAN_POINT('',(-0.986113382056444,-1.11685982479986,-0.475));
#6038=CARTESIAN_POINT('',(-0.988517270780152,-1.12057592061906,-0.475));
#6039=CARTESIAN_POINT('',(-0.991157551487947,-1.12484190820624,-0.475));
#6040=CARTESIAN_POINT('',(-0.994012343740222,-1.12966764139387,-0.475));
#6041=CARTESIAN_POINT('',(-0.997060402712809,-1.13506345604185,-0.475));
#6042=CARTESIAN_POINT('',(-1.00027988959004,-1.14103872929001,-0.475));
#6043=CARTESIAN_POINT('',(-1.00364875133447,-1.14760228791547,-0.475));
#6044=CARTESIAN_POINT('',(-1.0071446323308,-1.15476227912993,-0.475));
#6045=CARTESIAN_POINT('',(-1.01074492180547,-1.16252619743629,-0.475));
#6046=CARTESIAN_POINT('',(-1.01442676246411,-1.17090086768572,-0.475));
#6047=CARTESIAN_POINT('',(-1.01816707122999,-1.17989244018379,-0.475));
#6048=CARTESIAN_POINT('',(-1.02194255389416,-1.18950638722475,-0.475));
#6049=CARTESIAN_POINT('',(-1.02572973305164,-1.19974748327963,-0.475));
#6050=CARTESIAN_POINT('',(-1.02950492837216,-1.21061985473897,-0.475));
#6051=CARTESIAN_POINT('',(-1.03324442177764,-1.22212676081554,-0.475));
#6052=CARTESIAN_POINT('',(-1.03692390705959,-1.23427141870147,-0.475));
#6053=CARTESIAN_POINT('',(-1.0405207077796,-1.24705379178248,-0.475));
#6054=CARTESIAN_POINT('',(-1.04400530564085,-1.26048296933351,-0.475));
#6055=CARTESIAN_POINT('',(-1.04634754845342,-1.27024917716647,-0.475));
#6056=CARTESIAN_POINT('',(-1.04753294558101,-1.27551800224986,-0.475));
#6057=CARTESIAN_POINT('',(-1.04764624794346,-1.27602442734063,-0.475));
#6058=CARTESIAN_POINT('',(-0.943019418084428,-1.06606421792482,-0.475));
#6059=CARTESIAN_POINT('',(-0.98738818241071,-1.02678464179813,-0.475));
#6060=CARTESIAN_POINT('',(-0.946314110679541,-0.984071728294634,-0.475));
#6061=CARTESIAN_POINT('',(-3.09648605499208E-14,-3.15935108507609E-14,-0.475));
#6062=CARTESIAN_POINT('',(-0.984071728294635,-0.946314110679541,-0.475));
#6063=CARTESIAN_POINT('',(-1.02678464179813,-0.98738818241071,-0.475));
#6064=CARTESIAN_POINT('',(-1.06606421792482,-0.943019418084429,-0.475));
#6065=CARTESIAN_POINT('',(-1.02260788033084,-0.904533407666776,-0.475));
#6066=CARTESIAN_POINT('',(-1.06187950701922,-0.939318899232235,-0.475));
#6067=CARTESIAN_POINT('',(-1.10466616431703,-0.977217887179885,-0.475));
#6068=CARTESIAN_POINT('',(-1.10598173575311,-0.97824255016812,-0.475));
#6069=CARTESIAN_POINT('',(-1.10729199301484,-0.979300918348456,-0.475));
#6070=CARTESIAN_POINT('',(-1.10887513773362,-0.980509200646046,-0.475));
#6071=CARTESIAN_POINT('',(-1.11103233685397,-0.982098397548488,-0.475));
#6072=CARTESIAN_POINT('',(-1.11367941606432,-0.983964169900157,-0.475));
#6073=CARTESIAN_POINT('',(-1.11685982479986,-0.986113382056444,-0.475));
#6074=CARTESIAN_POINT('',(-1.12057592061906,-0.988517270780152,-0.475));
#6075=CARTESIAN_POINT('',(-1.12484190820624,-0.991157551487947,-0.475));
#6076=CARTESIAN_POINT('',(-1.12966764139387,-0.994012343740222,-0.475));
#6077=CARTESIAN_POINT('',(-1.13506345604185,-0.997060402712809,-0.475));
#6078=CARTESIAN_POINT('',(-1.14103872929001,-1.00027988959004,-0.475));
#6079=CARTESIAN_POINT('',(-1.14760228791547,-1.00364875133447,-0.475));
#6080=CARTESIAN_POINT('',(-1.15476227912993,-1.0071446323308,-0.475));
#6081=CARTESIAN_POINT('',(-1.16252619743629,-1.01074492180547,-0.475));
#6082=CARTESIAN_POINT('',(-1.17090086768572,-1.01442676246411,-0.475));
#6083=CARTESIAN_POINT('',(-1.17989244018379,-1.01816707122999,-0.475));
#6084=CARTESIAN_POINT('',(-1.18950638722475,-1.02194255389416,-0.475));
#6085=CARTESIAN_POINT('',(-1.19974748327963,-1.02572973305164,-0.475));
#6086=CARTESIAN_POINT('',(-1.21061985473897,-1.02950492837216,-0.475));
#6087=CARTESIAN_POINT('',(-1.22212676081554,-1.03324442177764,-0.475));
#6088=CARTESIAN_POINT('',(-1.23427141870147,-1.03692390705959,-0.475));
#6089=CARTESIAN_POINT('',(-1.24705379178248,-1.0405207077796,-0.475));
#6090=CARTESIAN_POINT('',(-1.26048296933351,-1.04400530564085,-0.475));
#6091=CARTESIAN_POINT('',(-1.27024917716647,-1.04634754845342,-0.475));
#6092=CARTESIAN_POINT('',(-1.27551800224986,-1.04753294558101,-0.475));
#6093=CARTESIAN_POINT('',(-1.27602442734063,-1.04764624794346,-0.475));
#6094=CARTESIAN_POINT('',(-1.13838257430814,-0.753652888942633,-0.475));
#6095=CARTESIAN_POINT('',(-1.18214702391048,-0.782583219690926,-0.475));
#6096=CARTESIAN_POINT('',(-1.22982863694429,-0.814102977124505,-0.475));
#6097=CARTESIAN_POINT('',(-1.23115888033071,-0.815108519254772,-0.475));
#6098=CARTESIAN_POINT('',(-1.23252030502314,-0.81610020474116,-0.475));
#6099=CARTESIAN_POINT('',(-1.23409716410421,-0.817316678641304,-0.475));
#6100=CARTESIAN_POINT('',(-1.23619053465176,-0.818989058559331,-0.475));
#6101=CARTESIAN_POINT('',(-1.23867784686575,-0.821063043314405,-0.475));
#6102=CARTESIAN_POINT('',(-1.24157697674565,-0.823578825212198,-0.475));
#6103=CARTESIAN_POINT('',(-1.24486075131884,-0.826546125952928,-0.475));
#6104=CARTESIAN_POINT('',(-1.24851518547688,-0.829983398606425,-0.475));
#6105=CARTESIAN_POINT('',(-1.25252169469759,-0.833905824318438,-0.475));
#6106=CARTESIAN_POINT('',(-1.256862433174,-0.838328885328086,-0.475));
#6107=CARTESIAN_POINT('',(-1.26151873321243,-0.84326729155833,-0.475));
#6108=CARTESIAN_POINT('',(-1.26647157775249,-0.848735276767246,-0.475));
#6109=CARTESIAN_POINT('',(-1.27170148158155,-0.854746496616041,-0.475));
#6110=CARTESIAN_POINT('',(-1.27718854408956,-0.861314042337423,-0.475));
#6111=CARTESIAN_POINT('',(-1.28291245322702,-0.868450422134508,-0.475));
#6112=CARTESIAN_POINT('',(-1.2888525042702,-0.876167551086172,-0.475));
#6113=CARTESIAN_POINT('',(-1.29498761307504,-0.884476744007677,-0.475));
#6114=CARTESIAN_POINT('',(-1.30129633793376,-0.893388689083418,-0.475));
#6115=CARTESIAN_POINT('',(-1.30775687339224,-0.902913501021073,-0.475));
#6116=CARTESIAN_POINT('',(-1.31434715309265,-0.913060466668741,-0.475));
#6117=CARTESIAN_POINT('',(-1.32104453171107,-0.923838984505063,-0.475));
#6118=CARTESIAN_POINT('',(-1.32782709601351,-0.935254888257495,-0.475));
#6119=CARTESIAN_POINT('',(-1.3346686859922,-0.947324597388836,-0.475));
#6120=CARTESIAN_POINT('',(-1.3394587994019,-0.956151812711457,-0.475));
#6121=CARTESIAN_POINT('',(-1.34196747737874,-0.96093430358107,-0.475));
#6122=CARTESIAN_POINT('',(-1.34220799151522,-0.961394147846072,-0.475));
#6123=CARTESIAN_POINT('',(-1.18680453352111,-0.785667575274497,-0.475));
#6124=CARTESIAN_POINT('',(-1.21949516647925,-0.736242937032726,-0.475));
#6125=CARTESIAN_POINT('',(-1.16876574431674,-0.705616182787586,-0.475));
#6126=CARTESIAN_POINT('',(-3.80867608224381E-14,-2.25026924346307E-14,-0.475));
#6127=CARTESIAN_POINT('',(-1.19546441177383,-0.659372734257536,-0.475));
#6128=CARTESIAN_POINT('',(-1.24735267006683,-0.687992325447001,-0.475));
#6129=CARTESIAN_POINT('',(-1.27381034587799,-0.63496908771857,-0.475));
#6130=CARTESIAN_POINT('',(-1.22187383461392,-0.609041784105057,-0.475));
#6131=CARTESIAN_POINT('',(-1.268810460783,-0.632477743869186,-0.475));
#6132=CARTESIAN_POINT('',(-1.31994817795851,-0.658011353333089,-0.475));
#6133=CARTESIAN_POINT('',(-1.32148412468111,-0.658660606833819,-0.475));
#6134=CARTESIAN_POINT('',(-1.3230236618511,-0.659343792459608,-0.475));
#6135=CARTESIAN_POINT('',(-1.32486558869219,-0.660101155531924,-0.475));
#6136=CARTESIAN_POINT('',(-1.32736059745976,-0.661077877646626,-0.475));
#6137=CARTESIAN_POINT('',(-1.33040037705171,-0.662194960833545,-0.475));
#6138=CARTESIAN_POINT('',(-1.33402867302553,-0.663447790009511,-0.475));
#6139=CARTESIAN_POINT('',(-1.33824031813427,-0.66480797183983,-0.475));
#6140=CARTESIAN_POINT('',(-1.34304430065095,-0.666254168330407,-0.475));
#6141=CARTESIAN_POINT('',(-1.34844447557236,-0.667762694240027,-0.475));
#6142=CARTESIAN_POINT('',(-1.35444532800741,-0.669310353526962,-0.475));
#6143=CARTESIAN_POINT('',(-1.36105026327623,-0.670873624532763,-0.475));
#6144=CARTESIAN_POINT('',(-1.3682620996447,-0.67242892112099,-0.475));
#6145=CARTESIAN_POINT('',(-1.37608292065602,-0.673952540771909,-0.475));
#6146=CARTESIAN_POINT('',(-1.38451411334525,-0.675420703435307,-0.475));
#6147=CARTESIAN_POINT('',(-1.39355635410932,-0.676809564258765,-0.475));
#6148=CARTESIAN_POINT('',(-1.40320960934733,-0.678095234886101,-0.475));
#6149=CARTESIAN_POINT('',(-1.41347313590471,-0.679253798505316,-0.475));
#6150=CARTESIAN_POINT('',(-1.4243454691668,-0.680261341960587,-0.475));
#6151=CARTESIAN_POINT('',(-1.43582446600032,-0.681093923820857,-0.475));
#6152=CARTESIAN_POINT('',(-1.44790713587273,-0.681727790635618,-0.475));
#6153=CARTESIAN_POINT('',(-1.46059029544334,-0.682138631739776,-0.475));
#6154=CARTESIAN_POINT('',(-1.47386804025132,-0.682304552852274,-0.475));
#6155=CARTESIAN_POINT('',(-1.4877415099647,-0.682194689010425,-0.475));
#6156=CARTESIAN_POINT('',(-1.49778115938361,-0.681929441248925,-0.475));
#6157=CARTESIAN_POINT('',(-1.50317725695849,-0.681710774671974,-0.475));
#6158=CARTESIAN_POINT('',(-1.503695750842,-0.681689143891633,-0.475));
#6159=CARTESIAN_POINT('',(-1.29465284977655,-0.433337698643275,-0.475));
#6160=CARTESIAN_POINT('',(-1.34441378249956,-0.449955179220619,-0.475));
#6161=CARTESIAN_POINT('',(-1.39862859748885,-0.468060017409723,-0.475));
#6162=CARTESIAN_POINT('',(-1.40017376738502,-0.46868700419974,-0.475));
#6163=CARTESIAN_POINT('',(-1.40174546974661,-0.469292536183725,-0.475));
#6164=CARTESIAN_POINT('',(-1.40358344527066,-0.470059438579259,-0.475));
#6165=CARTESIAN_POINT('',(-1.40603832971996,-0.471133029367285,-0.475));
#6166=CARTESIAN_POINT('',(-1.40897767557936,-0.472492581033444,-0.475));
#6167=CARTESIAN_POINT('',(-1.4124291522726,-0.474172289714691,-0.475));
#6168=CARTESIAN_POINT('',(-1.4163690288848,-0.476188578735163,-0.475));
#6169=CARTESIAN_POINT('',(-1.42078857284447,-0.478562892003997,-0.475));
#6170=CARTESIAN_POINT('',(-1.42567376205128,-0.481314703410234,-0.475));
#6171=CARTESIAN_POINT('',(-1.43101136587776,-0.484463586483199,-0.475));
#6172=CARTESIAN_POINT('',(-1.43678715992467,-0.488028581472042,-0.475));
#6173=CARTESIAN_POINT('',(-1.44298645908991,-0.492028359108702,-0.475));
#6174=CARTESIAN_POINT('',(-1.44959397644858,-0.496481152893139,-0.475));
#6175=CARTESIAN_POINT('',(-1.4565938777478,-0.501404758642015,-0.475));
#6176=CARTESIAN_POINT('',(-1.46396978041558,-0.506816515497014,-0.475));
#6177=CARTESIAN_POINT('',(-1.47170476907387,-0.512733291317374,-0.475));
#6178=CARTESIAN_POINT('',(-1.47978140649307,-0.519171472353407,-0.475));
#6179=CARTESIAN_POINT('',(-1.48818174787957,-0.526146932120785,-0.475));
#6180=CARTESIAN_POINT('',(-1.49688734866106,-0.533675084343697,-0.475));
#6181=CARTESIAN_POINT('',(-1.50587929798576,-0.541770610622231,-0.475));
#6182=CARTESIAN_POINT('',(-1.51513815465575,-0.55044845023074,-0.475));
#6183=CARTESIAN_POINT('',(-1.52464426199214,-0.559719909679541,-0.475));
#6184=CARTESIAN_POINT('',(-1.53437660103747,-0.569607619660033,-0.475));
#6185=CARTESIAN_POINT('',(-1.54128814673147,-0.576894282335735,-0.475));
#6186=CARTESIAN_POINT('',(-1.54494914329923,-0.580864520142251,-0.475));
#6187=CARTESIAN_POINT('',(-1.54530047856881,-0.581246445954751,-0.475));
#6188=CARTESIAN_POINT('',(-1.34971088128554,-0.451728985746272,-0.475));
#6189=CARTESIAN_POINT('',(-1.36849557026328,-0.395527492807527,-0.475));
#6190=CARTESIAN_POINT('',(-1.31156792395548,-0.37907406050944,-0.475));
#6191=CARTESIAN_POINT('',(-4.26131112862544E-14,-1.18783527165379E-14,-0.475));
#6192=CARTESIAN_POINT('',(-1.32538817118898,-0.327496195660845,-0.475));
#6193=CARTESIAN_POINT('',(-1.38291567521824,-0.341710928465155,-0.475));
#6194=CARTESIAN_POINT('',(-1.3947484038307,-0.283646663360723,-0.475));
#6195=CARTESIAN_POINT('',(-1.33787110631005,-0.272044969445715,-0.475));
#6196=CARTESIAN_POINT('',(-1.38927407845285,-0.282534275480343,-0.475));
#6197=CARTESIAN_POINT('',(-1.44527790458961,-0.29396243317182,-0.475));
#6198=CARTESIAN_POINT('',(-1.44692955436786,-0.294192031631911,-0.475));
#6199=CARTESIAN_POINT('',(-1.44859345453218,-0.294453476731773,-0.475));
#6200=CARTESIAN_POINT('',(-1.4505686392253,-0.294708307537039,-0.475));
#6201=CARTESIAN_POINT('',(-1.45323142691577,-0.295005992865994,-0.475));
#6202=CARTESIAN_POINT('',(-1.4564567509336,-0.295298259515042,-0.475));
#6203=CARTESIAN_POINT('',(-1.46028567177113,-0.295569327472743,-0.475));
#6204=CARTESIAN_POINT('',(-1.46470584951532,-0.295793108265744,-0.475));
#6205=CARTESIAN_POINT('',(-1.46972044349194,-0.295946664638223,-0.475));
#6206=CARTESIAN_POINT('',(-1.47532704715046,-0.296006120657405,-0.475));
#6207=CARTESIAN_POINT('',(-1.48152398919601,-0.295947909835911,-0.475));
#6208=CARTESIAN_POINT('',(-1.48830847106208,-0.295748430634663,-0.475));
#6209=CARTESIAN_POINT('',(-1.49567711044317,-0.295384171174449,-0.475));
#6210=CARTESIAN_POINT('',(-1.50362578522394,-0.294831697318646,-0.475));
#6211=CARTESIAN_POINT('',(-1.51214968044749,-0.294067680311511,-0.475));
#6212=CARTESIAN_POINT('',(-1.52124327796113,-0.293068912729868,-0.475));
#6213=CARTESIAN_POINT('',(-1.53090036254737,-0.291812328890081,-0.475));
#6214=CARTESIAN_POINT('',(-1.54111402624756,-0.290275019268313,-0.475));
#6215=CARTESIAN_POINT('',(-1.55187666517243,-0.288434264599938,-0.475));
#6216=CARTESIAN_POINT('',(-1.56318001271586,-0.286267493922086,-0.475));
#6217=CARTESIAN_POINT('',(-1.57501503239986,-0.283752537170224,-0.475));
#6218=CARTESIAN_POINT('',(-1.58737235729033,-0.280866735954284,-0.475));
#6219=CARTESIAN_POINT('',(-1.60024061745914,-0.277590470209654,-0.475));
#6220=CARTESIAN_POINT('',(-1.61361292530089,-0.273893631703964,-0.475));
#6221=CARTESIAN_POINT('',(-1.62324183078916,-0.271038969564997,-0.475));
#6222=CARTESIAN_POINT('',(-1.62839746572326,-0.269431141049366,-0.475));
#6223=CARTESIAN_POINT('',(-1.62889269389821,-0.269276051228169,-0.475));
#6224=CARTESIAN_POINT('',(-1.36269467304769,-0.0834912603057835,-0.475));
#6225=CARTESIAN_POINT('',(-1.41506096356011,-0.0866634368725183,-0.475));
#6226=CARTESIAN_POINT('',(-1.47211433045759,-0.0901195410142196,-0.475));
#6227=CARTESIAN_POINT('',(-1.47376912608859,-0.0903252443503922,-0.475));
#6228=CARTESIAN_POINT('',(-1.47544399720077,-0.0905033568279537,-0.475));
#6229=CARTESIAN_POINT('',(-1.47741783417323,-0.0907684245879881,-0.475));
#6230=CARTESIAN_POINT('',(-1.48006693620596,-0.0911700628080016,-0.475));
#6231=CARTESIAN_POINT('',(-1.48325800414795,-0.0917225301859635,-0.475));
#6232=CARTESIAN_POINT('',(-1.48702661522171,-0.0924516962798851,-0.475));
#6233=CARTESIAN_POINT('',(-1.49135409779276,-0.0933795668154301,-0.475));
#6234=CARTESIAN_POINT('',(-1.49623756693683,-0.0945291151740686,-0.475));
#6235=CARTESIAN_POINT('',(-1.50166851855847,-0.0959227808747773,-0.475));
#6236=CARTESIAN_POINT('',(-1.50763923885505,-0.0975828948334136,-0.475));
#6237=CARTESIAN_POINT('',(-1.5141409160911,-0.099531530063798,-0.475));
#6238=CARTESIAN_POINT('',(-1.52116419788824,-0.101790521892208,-0.475));
#6239=CARTESIAN_POINT('',(-1.52869903738795,-0.104381439074467,-0.475));
#6240=CARTESIAN_POINT('',(-1.53673474577273,-0.107325569255695,-0.475));
#6241=CARTESIAN_POINT('',(-1.54525998639327,-0.110643900882291,-0.475));
#6242=CARTESIAN_POINT('',(-1.55426278597228,-0.114357105077123,-0.475));
#6243=CARTESIAN_POINT('',(-1.563730542513,-0.118485522829676,-0.475));
#6244=CARTESIAN_POINT('',(-1.573650031044,-0.123049131233037,-0.475));
#6245=CARTESIAN_POINT('',(-1.58400742484193,-0.128067592608073,-0.475));
#6246=CARTESIAN_POINT('',(-1.59478825730436,-0.13355998278008,-0.475));
#6247=CARTESIAN_POINT('',(-1.60597761624484,-0.139545763732266,-0.475));
#6248=CARTESIAN_POINT('',(-1.61755944110977,-0.146040944237811,-0.475));
#6249=CARTESIAN_POINT('',(-1.62951928639926,-0.153072823972496,-0.475));
#6250=CARTESIAN_POINT('',(-1.63808125396038,-0.15832235998171,-0.475));
#6251=CARTESIAN_POINT('',(-1.64264507825305,-0.161209779579744,-0.475));
#6252=CARTESIAN_POINT('',(-1.6430832917377,-0.161487759326781,-0.475));
#6253=CARTESIAN_POINT('',(-1.42063666299307,-0.0870058123568841,-0.475));
#6254=CARTESIAN_POINT('',(-1.42423526247973,-0.0278575035875823,-0.475));
#6255=CARTESIAN_POINT('',(-1.36498891704512,-0.0266986674570809,-0.475));
#6256=CARTESIAN_POINT('',(-4.42354486374086E-14,-4.44522890719051E-16,-0.475));
#6257=CARTESIAN_POINT('',(-1.36498891704512,0.0266986674570812,-0.475));
#6258=CARTESIAN_POINT('',(-1.42423526247973,0.0278575035875827,-0.475));
#6259=CARTESIAN_POINT('',(-1.42063666299307,0.0870058123568845,-0.475));
#6260=CARTESIAN_POINT('',(-1.36269467304769,0.0834912603057839,-0.475));
#6261=CARTESIAN_POINT('',(-1.41506096356011,0.0866634368725187,-0.475));
#6262=CARTESIAN_POINT('',(-1.47211433045759,0.0901195410142199,-0.475));
#6263=CARTESIAN_POINT('',(-1.47376912608859,0.0903252443503925,-0.475));
#6264=CARTESIAN_POINT('',(-1.47544399720077,0.090503356827954,-0.475));
#6265=CARTESIAN_POINT('',(-1.47741783417323,0.0907684245879885,-0.475));
#6266=CARTESIAN_POINT('',(-1.48006693620596,0.091170062808002,-0.475));
#6267=CARTESIAN_POINT('',(-1.48325800414795,0.0917225301859638,-0.475));
#6268=CARTESIAN_POINT('',(-1.48702661522171,0.0924516962798854,-0.475));
#6269=CARTESIAN_POINT('',(-1.49135409779276,0.0933795668154305,-0.475));
#6270=CARTESIAN_POINT('',(-1.49623756693683,0.094529115174069,-0.475));
#6271=CARTESIAN_POINT('',(-1.50166851855847,0.0959227808747776,-0.475));
#6272=CARTESIAN_POINT('',(-1.50763923885505,0.097582894833414,-0.475));
#6273=CARTESIAN_POINT('',(-1.5141409160911,0.0995315300637983,-0.475));
#6274=CARTESIAN_POINT('',(-1.52116419788824,0.101790521892208,-0.475));
#6275=CARTESIAN_POINT('',(-1.52869903738795,0.104381439074467,-0.475));
#6276=CARTESIAN_POINT('',(-1.53673474577273,0.107325569255695,-0.475));
#6277=CARTESIAN_POINT('',(-1.54525998639327,0.110643900882291,-0.475));
#6278=CARTESIAN_POINT('',(-1.55426278597228,0.114357105077124,-0.475));
#6279=CARTESIAN_POINT('',(-1.563730542513,0.118485522829676,-0.475));
#6280=CARTESIAN_POINT('',(-1.573650031044,0.123049131233038,-0.475));
#6281=CARTESIAN_POINT('',(-1.58400742484193,0.128067592608074,-0.475));
#6282=CARTESIAN_POINT('',(-1.59478825730436,0.133559982780081,-0.475));
#6283=CARTESIAN_POINT('',(-1.60597761624484,0.139545763732266,-0.475));
#6284=CARTESIAN_POINT('',(-1.61755944110977,0.146040944237811,-0.475));
#6285=CARTESIAN_POINT('',(-1.62951928639926,0.153072823972496,-0.475));
#6286=CARTESIAN_POINT('',(-1.63808125396038,0.15832235998171,-0.475));
#6287=CARTESIAN_POINT('',(-1.64264507825305,0.161209779579744,-0.475));
#6288=CARTESIAN_POINT('',(-1.6430832917377,0.161487759326781,-0.475));
#6289=CARTESIAN_POINT('',(-1.33787110631005,0.272044969445715,-0.475));
#6290=CARTESIAN_POINT('',(-1.38927407845285,0.282534275480343,-0.475));
#6291=CARTESIAN_POINT('',(-1.44527790458961,0.29396243317182,-0.475));
#6292=CARTESIAN_POINT('',(-1.44692955436786,0.294192031631911,-0.475));
#6293=CARTESIAN_POINT('',(-1.44859345453218,0.294453476731773,-0.475));
#6294=CARTESIAN_POINT('',(-1.4505686392253,0.294708307537039,-0.475));
#6295=CARTESIAN_POINT('',(-1.45323142691577,0.295005992865994,-0.475));
#6296=CARTESIAN_POINT('',(-1.4564567509336,0.295298259515042,-0.475));
#6297=CARTESIAN_POINT('',(-1.46028567177113,0.295569327472743,-0.475));
#6298=CARTESIAN_POINT('',(-1.46470584951532,0.295793108265744,-0.475));
#6299=CARTESIAN_POINT('',(-1.46972044349194,0.295946664638223,-0.475));
#6300=CARTESIAN_POINT('',(-1.47532704715046,0.296006120657405,-0.475));
#6301=CARTESIAN_POINT('',(-1.48152398919601,0.295947909835911,-0.475));
#6302=CARTESIAN_POINT('',(-1.48830847106208,0.295748430634663,-0.475));
#6303=CARTESIAN_POINT('',(-1.49567711044317,0.295384171174449,-0.475));
#6304=CARTESIAN_POINT('',(-1.50362578522394,0.294831697318646,-0.475));
#6305=CARTESIAN_POINT('',(-1.51214968044749,0.294067680311511,-0.475));
#6306=CARTESIAN_POINT('',(-1.52124327796113,0.293068912729868,-0.475));
#6307=CARTESIAN_POINT('',(-1.53090036254737,0.291812328890081,-0.475));
#6308=CARTESIAN_POINT('',(-1.54111402624756,0.290275019268313,-0.475));
#6309=CARTESIAN_POINT('',(-1.55187666517243,0.288434264599938,-0.475));
#6310=CARTESIAN_POINT('',(-1.56318001271586,0.286267493922086,-0.475));
#6311=CARTESIAN_POINT('',(-1.57501503239986,0.283752537170224,-0.475));
#6312=CARTESIAN_POINT('',(-1.58737235729033,0.280866735954284,-0.475));
#6313=CARTESIAN_POINT('',(-1.60024061745914,0.277590470209654,-0.475));
#6314=CARTESIAN_POINT('',(-1.61361292530089,0.273893631703964,-0.475));
#6315=CARTESIAN_POINT('',(-1.62324183078916,0.271038969564997,-0.475));
#6316=CARTESIAN_POINT('',(-1.62839746572326,0.269431141049366,-0.475));
#6317=CARTESIAN_POINT('',(-1.62889269389821,0.269276051228169,-0.475));
#6318=CARTESIAN_POINT('',(-1.3947484038307,0.283646663360722,-0.475));
#6319=CARTESIAN_POINT('',(-1.38291567521824,0.341710928465155,-0.475));
#6320=CARTESIAN_POINT('',(-1.32538817118898,0.327496195660845,-0.475));
#6321=CARTESIAN_POINT('',(-4.28432132664587E-14,1.10196004354935E-14,-0.475));
#6322=CARTESIAN_POINT('',(-1.31156792395548,0.37907406050944,-0.475));
#6323=CARTESIAN_POINT('',(-1.36849557026328,0.395527492807527,-0.475));
#6324=CARTESIAN_POINT('',(-1.34971088128555,0.451728985746273,-0.475));
#6325=CARTESIAN_POINT('',(-1.29465284977655,0.433337698643275,-0.475));
#6326=CARTESIAN_POINT('',(-1.34441378249956,0.449955179220619,-0.475));
#6327=CARTESIAN_POINT('',(-1.39862859748885,0.468060017409723,-0.475));
#6328=CARTESIAN_POINT('',(-1.40017376738502,0.46868700419974,-0.475));
#6329=CARTESIAN_POINT('',(-1.40174546974661,0.469292536183725,-0.475));
#6330=CARTESIAN_POINT('',(-1.40358344527066,0.470059438579259,-0.475));
#6331=CARTESIAN_POINT('',(-1.40603832971996,0.471133029367285,-0.475));
#6332=CARTESIAN_POINT('',(-1.40897767557937,0.472492581033444,-0.475));
#6333=CARTESIAN_POINT('',(-1.4124291522726,0.474172289714691,-0.475));
#6334=CARTESIAN_POINT('',(-1.4163690288848,0.476188578735163,-0.475));
#6335=CARTESIAN_POINT('',(-1.42078857284447,0.478562892003997,-0.475));
#6336=CARTESIAN_POINT('',(-1.42567376205128,0.481314703410234,-0.475));
#6337=CARTESIAN_POINT('',(-1.43101136587776,0.484463586483199,-0.475));
#6338=CARTESIAN_POINT('',(-1.43678715992467,0.488028581472042,-0.475));
#6339=CARTESIAN_POINT('',(-1.44298645908991,0.492028359108702,-0.475));
#6340=CARTESIAN_POINT('',(-1.44959397644858,0.496481152893139,-0.475));
#6341=CARTESIAN_POINT('',(-1.4565938777478,0.501404758642015,-0.475));
#6342=CARTESIAN_POINT('',(-1.46396978041558,0.506816515497014,-0.475));
#6343=CARTESIAN_POINT('',(-1.47170476907387,0.512733291317374,-0.475));
#6344=CARTESIAN_POINT('',(-1.47978140649307,0.519171472353407,-0.475));
#6345=CARTESIAN_POINT('',(-1.48818174787957,0.526146932120785,-0.475));
#6346=CARTESIAN_POINT('',(-1.49688734866106,0.533675084343697,-0.475));
#6347=CARTESIAN_POINT('',(-1.50587929798576,0.541770610622231,-0.475));
#6348=CARTESIAN_POINT('',(-1.51513815465575,0.55044845023074,-0.475));
#6349=CARTESIAN_POINT('',(-1.52464426199214,0.559719909679541,-0.475));
#6350=CARTESIAN_POINT('',(-1.53437660103747,0.569607619660033,-0.475));
#6351=CARTESIAN_POINT('',(-1.54128814673147,0.576894282335735,-0.475));
#6352=CARTESIAN_POINT('',(-1.54494914329923,0.580864520142251,-0.475));
#6353=CARTESIAN_POINT('',(-1.54530047856881,0.581246445954751,-0.475));
#6354=CARTESIAN_POINT('',(-1.22187383461392,0.609041784105058,-0.475));
#6355=CARTESIAN_POINT('',(-1.268810460783,0.632477743869187,-0.475));
#6356=CARTESIAN_POINT('',(-1.31994817795851,0.658011353333089,-0.475));
#6357=CARTESIAN_POINT('',(-1.32148412468111,0.658660606833819,-0.475));
#6358=CARTESIAN_POINT('',(-1.3230236618511,0.659343792459609,-0.475));
#6359=CARTESIAN_POINT('',(-1.32486558869219,0.660101155531924,-0.475));
#6360=CARTESIAN_POINT('',(-1.32736059745976,0.661077877646627,-0.475));
#6361=CARTESIAN_POINT('',(-1.33040037705171,0.662194960833546,-0.475));
#6362=CARTESIAN_POINT('',(-1.33402867302553,0.663447790009511,-0.475));
#6363=CARTESIAN_POINT('',(-1.33824031813427,0.664807971839831,-0.475));
#6364=CARTESIAN_POINT('',(-1.34304430065095,0.666254168330408,-0.475));
#6365=CARTESIAN_POINT('',(-1.34844447557236,0.667762694240028,-0.475));
#6366=CARTESIAN_POINT('',(-1.35444532800741,0.669310353526963,-0.475));
#6367=CARTESIAN_POINT('',(-1.36105026327623,0.670873624532763,-0.475));
#6368=CARTESIAN_POINT('',(-1.3682620996447,0.672428921120991,-0.475));
#6369=CARTESIAN_POINT('',(-1.37608292065602,0.673952540771909,-0.475));
#6370=CARTESIAN_POINT('',(-1.38451411334525,0.675420703435308,-0.475));
#6371=CARTESIAN_POINT('',(-1.39355635410932,0.676809564258765,-0.475));
#6372=CARTESIAN_POINT('',(-1.40320960934733,0.678095234886102,-0.475));
#6373=CARTESIAN_POINT('',(-1.41347313590471,0.679253798505316,-0.475));
#6374=CARTESIAN_POINT('',(-1.4243454691668,0.680261341960587,-0.475));
#6375=CARTESIAN_POINT('',(-1.43582446600032,0.681093923820857,-0.475));
#6376=CARTESIAN_POINT('',(-1.44790713587273,0.681727790635618,-0.475));
#6377=CARTESIAN_POINT('',(-1.46059029544334,0.682138631739776,-0.475));
#6378=CARTESIAN_POINT('',(-1.47386804025132,0.682304552852274,-0.475));
#6379=CARTESIAN_POINT('',(-1.4877415099647,0.682194689010426,-0.475));
#6380=CARTESIAN_POINT('',(-1.49778115938361,0.681929441248925,-0.475));
#6381=CARTESIAN_POINT('',(-1.50317725695849,0.681710774671975,-0.475));
#6382=CARTESIAN_POINT('',(-1.503695750842,0.681689143891634,-0.475));
#6383=CARTESIAN_POINT('',(-1.27381034587799,0.63496908771857,-0.475));
#6384=CARTESIAN_POINT('',(-1.24735267006683,0.687992325447002,-0.475));
#6385=CARTESIAN_POINT('',(-1.19546441177383,0.659372734257536,-0.475));
#6386=CARTESIAN_POINT('',(-3.85312837131571E-14,2.17327562027779E-14,-0.475));
#6387=CARTESIAN_POINT('',(-1.16876574431674,0.705616182787587,-0.475));
#6388=CARTESIAN_POINT('',(-1.21949516647925,0.736242937032727,-0.475));
#6389=CARTESIAN_POINT('',(-1.18680453352111,0.785667575274498,-0.475));
#6390=CARTESIAN_POINT('',(-1.13838257430814,0.753652888942633,-0.475));
#6391=CARTESIAN_POINT('',(-1.18214702391048,0.782583219690927,-0.475));
#6392=CARTESIAN_POINT('',(-1.22982863694429,0.814102977124505,-0.475));
#6393=CARTESIAN_POINT('',(-1.23115888033071,0.815108519254772,-0.475));
#6394=CARTESIAN_POINT('',(-1.23252030502314,0.81610020474116,-0.475));
#6395=CARTESIAN_POINT('',(-1.23409716410421,0.817316678641304,-0.475));
#6396=CARTESIAN_POINT('',(-1.23619053465176,0.818989058559331,-0.475));
#6397=CARTESIAN_POINT('',(-1.23867784686575,0.821063043314405,-0.475));
#6398=CARTESIAN_POINT('',(-1.24157697674565,0.823578825212199,-0.475));
#6399=CARTESIAN_POINT('',(-1.24486075131884,0.826546125952929,-0.475));
#6400=CARTESIAN_POINT('',(-1.24851518547688,0.829983398606425,-0.475));
#6401=CARTESIAN_POINT('',(-1.25252169469759,0.833905824318439,-0.475));
#6402=CARTESIAN_POINT('',(-1.256862433174,0.838328885328086,-0.475));
#6403=CARTESIAN_POINT('',(-1.26151873321243,0.843267291558331,-0.475));
#6404=CARTESIAN_POINT('',(-1.26647157775249,0.848735276767247,-0.475));
#6405=CARTESIAN_POINT('',(-1.27170148158155,0.854746496616042,-0.475));
#6406=CARTESIAN_POINT('',(-1.27718854408956,0.861314042337424,-0.475));
#6407=CARTESIAN_POINT('',(-1.28291245322702,0.868450422134509,-0.475));
#6408=CARTESIAN_POINT('',(-1.2888525042702,0.876167551086173,-0.475));
#6409=CARTESIAN_POINT('',(-1.29498761307504,0.884476744007678,-0.475));
#6410=CARTESIAN_POINT('',(-1.30129633793376,0.893388689083418,-0.475));
#6411=CARTESIAN_POINT('',(-1.30775687339224,0.902913501021073,-0.475));
#6412=CARTESIAN_POINT('',(-1.31434715309265,0.913060466668742,-0.475));
#6413=CARTESIAN_POINT('',(-1.32104453171107,0.923838984505063,-0.475));
#6414=CARTESIAN_POINT('',(-1.32782709601351,0.935254888257496,-0.475));
#6415=CARTESIAN_POINT('',(-1.3346686859922,0.947324597388837,-0.475));
#6416=CARTESIAN_POINT('',(-1.3394587994019,0.956151812711457,-0.475));
#6417=CARTESIAN_POINT('',(-1.34196747737874,0.96093430358107,-0.475));
#6418=CARTESIAN_POINT('',(-1.34220799151522,0.961394147846073,-0.475));
#6419=CARTESIAN_POINT('',(-1.02260788033084,0.904533407666776,-0.475));
#6420=CARTESIAN_POINT('',(-1.06187950701922,0.939318899232236,-0.475));
#6421=CARTESIAN_POINT('',(-1.10466616431703,0.977217887179885,-0.475));
#6422=CARTESIAN_POINT('',(-1.10598173575311,0.97824255016812,-0.475));
#6423=CARTESIAN_POINT('',(-1.10729199301484,0.979300918348457,-0.475));
#6424=CARTESIAN_POINT('',(-1.10887513773362,0.980509200646046,-0.475));
#6425=CARTESIAN_POINT('',(-1.11103233685397,0.982098397548488,-0.475));
#6426=CARTESIAN_POINT('',(-1.11367941606432,0.983964169900158,-0.475));
#6427=CARTESIAN_POINT('',(-1.11685982479986,0.986113382056444,-0.475));
#6428=CARTESIAN_POINT('',(-1.12057592061906,0.988517270780152,-0.475));
#6429=CARTESIAN_POINT('',(-1.12484190820624,0.991157551487947,-0.475));
#6430=CARTESIAN_POINT('',(-1.12966764139387,0.994012343740222,-0.475));
#6431=CARTESIAN_POINT('',(-1.13506345604185,0.997060402712809,-0.475));
#6432=CARTESIAN_POINT('',(-1.14103872929001,1.00027988959004,-0.475));
#6433=CARTESIAN_POINT('',(-1.14760228791547,1.00364875133447,-0.475));
#6434=CARTESIAN_POINT('',(-1.15476227912993,1.0071446323308,-0.475));
#6435=CARTESIAN_POINT('',(-1.16252619743629,1.01074492180547,-0.475));
#6436=CARTESIAN_POINT('',(-1.17090086768572,1.01442676246411,-0.475));
#6437=CARTESIAN_POINT('',(-1.17989244018379,1.01816707122999,-0.475));
#6438=CARTESIAN_POINT('',(-1.18950638722475,1.02194255389416,-0.475));
#6439=CARTESIAN_POINT('',(-1.19974748327963,1.02572973305164,-0.475));
#6440=CARTESIAN_POINT('',(-1.21061985473897,1.02950492837216,-0.475));
#6441=CARTESIAN_POINT('',(-1.22212676081554,1.03324442177764,-0.475));
#6442=CARTESIAN_POINT('',(-1.23427141870147,1.03692390705959,-0.475));
#6443=CARTESIAN_POINT('',(-1.24705379178248,1.0405207077796,-0.475));
#6444=CARTESIAN_POINT('',(-1.26048296933351,1.04400530564085,-0.475));
#6445=CARTESIAN_POINT('',(-1.27024917716647,1.04634754845342,-0.475));
#6446=CARTESIAN_POINT('',(-1.27551800224986,1.04753294558101,-0.475));
#6447=CARTESIAN_POINT('',(-1.27602442734063,1.04764624794346,-0.475));
#6448=CARTESIAN_POINT('',(-1.06606421792482,0.943019418084428,-0.475));
#6449=CARTESIAN_POINT('',(-1.02678464179813,0.98738818241071,-0.475));
#6450=CARTESIAN_POINT('',(-0.984071728294634,0.946314110679541,-0.475));
#6451=CARTESIAN_POINT('',(-3.15935108507609E-14,3.09648605499208E-14,-0.475));
#6452=CARTESIAN_POINT('',(-0.946314110679541,0.984071728294635,-0.475));
#6453=CARTESIAN_POINT('',(-0.98738818241071,1.02678464179813,-0.475));
#6454=CARTESIAN_POINT('',(-0.943019418084429,1.06606421792482,-0.475));
#6455=CARTESIAN_POINT('',(-0.904533407666776,1.02260788033084,-0.475));
#6456=CARTESIAN_POINT('',(-0.939318899232235,1.06187950701922,-0.475));
#6457=CARTESIAN_POINT('',(-0.977217887179885,1.10466616431703,-0.475));
#6458=CARTESIAN_POINT('',(-0.97824255016812,1.10598173575311,-0.475));
#6459=CARTESIAN_POINT('',(-0.979300918348456,1.10729199301484,-0.475));
#6460=CARTESIAN_POINT('',(-0.980509200646046,1.10887513773362,-0.475));
#6461=CARTESIAN_POINT('',(-0.982098397548488,1.11103233685397,-0.475));
#6462=CARTESIAN_POINT('',(-0.983964169900157,1.11367941606432,-0.475));
#6463=CARTESIAN_POINT('',(-0.986113382056444,1.11685982479986,-0.475));
#6464=CARTESIAN_POINT('',(-0.988517270780152,1.12057592061906,-0.475));
#6465=CARTESIAN_POINT('',(-0.991157551487947,1.12484190820624,-0.475));
#6466=CARTESIAN_POINT('',(-0.994012343740222,1.12966764139387,-0.475));
#6467=CARTESIAN_POINT('',(-0.997060402712809,1.13506345604185,-0.475));
#6468=CARTESIAN_POINT('',(-1.00027988959004,1.14103872929001,-0.475));
#6469=CARTESIAN_POINT('',(-1.00364875133447,1.14760228791547,-0.475));
#6470=CARTESIAN_POINT('',(-1.0071446323308,1.15476227912993,-0.475));
#6471=CARTESIAN_POINT('',(-1.01074492180547,1.16252619743629,-0.475));
#6472=CARTESIAN_POINT('',(-1.01442676246411,1.17090086768572,-0.475));
#6473=CARTESIAN_POINT('',(-1.01816707122999,1.17989244018379,-0.475));
#6474=CARTESIAN_POINT('',(-1.02194255389416,1.18950638722475,-0.475));
#6475=CARTESIAN_POINT('',(-1.02572973305164,1.19974748327963,-0.475));
#6476=CARTESIAN_POINT('',(-1.02950492837216,1.21061985473897,-0.475));
#6477=CARTESIAN_POINT('',(-1.03324442177764,1.22212676081554,-0.475));
#6478=CARTESIAN_POINT('',(-1.03692390705959,1.23427141870147,-0.475));
#6479=CARTESIAN_POINT('',(-1.0405207077796,1.24705379178248,-0.475));
#6480=CARTESIAN_POINT('',(-1.04400530564085,1.26048296933351,-0.475));
#6481=CARTESIAN_POINT('',(-1.04634754845342,1.27024917716647,-0.475));
#6482=CARTESIAN_POINT('',(-1.04753294558101,1.27551800224986,-0.475));
#6483=CARTESIAN_POINT('',(-1.04764624794346,1.27602442734063,-0.475));
#6484=CARTESIAN_POINT('',(-0.753652888942633,1.13838257430814,-0.475));
#6485=CARTESIAN_POINT('',(-0.782583219690926,1.18214702391048,-0.475));
#6486=CARTESIAN_POINT('',(-0.814102977124505,1.22982863694429,-0.475));
#6487=CARTESIAN_POINT('',(-0.815108519254772,1.23115888033071,-0.475));
#6488=CARTESIAN_POINT('',(-0.81610020474116,1.23252030502314,-0.475));
#6489=CARTESIAN_POINT('',(-0.817316678641304,1.23409716410421,-0.475));
#6490=CARTESIAN_POINT('',(-0.818989058559331,1.23619053465176,-0.475));
#6491=CARTESIAN_POINT('',(-0.821063043314405,1.23867784686575,-0.475));
#6492=CARTESIAN_POINT('',(-0.823578825212199,1.24157697674565,-0.475));
#6493=CARTESIAN_POINT('',(-0.826546125952928,1.24486075131884,-0.475));
#6494=CARTESIAN_POINT('',(-0.829983398606425,1.24851518547688,-0.475));
#6495=CARTESIAN_POINT('',(-0.833905824318438,1.25252169469759,-0.475));
#6496=CARTESIAN_POINT('',(-0.838328885328086,1.256862433174,-0.475));
#6497=CARTESIAN_POINT('',(-0.84326729155833,1.26151873321243,-0.475));
#6498=CARTESIAN_POINT('',(-0.848735276767247,1.26647157775249,-0.475));
#6499=CARTESIAN_POINT('',(-0.854746496616041,1.27170148158155,-0.475));
#6500=CARTESIAN_POINT('',(-0.861314042337424,1.27718854408956,-0.475));
#6501=CARTESIAN_POINT('',(-0.868450422134508,1.28291245322702,-0.475));
#6502=CARTESIAN_POINT('',(-0.876167551086172,1.2888525042702,-0.475));
#6503=CARTESIAN_POINT('',(-0.884476744007677,1.29498761307504,-0.475));
#6504=CARTESIAN_POINT('',(-0.893388689083418,1.30129633793376,-0.475));
#6505=CARTESIAN_POINT('',(-0.902913501021073,1.30775687339224,-0.475));
#6506=CARTESIAN_POINT('',(-0.913060466668741,1.31434715309265,-0.475));
#6507=CARTESIAN_POINT('',(-0.923838984505063,1.32104453171107,-0.475));
#6508=CARTESIAN_POINT('',(-0.935254888257495,1.32782709601351,-0.475));
#6509=CARTESIAN_POINT('',(-0.947324597388836,1.3346686859922,-0.475));
#6510=CARTESIAN_POINT('',(-0.956151812711457,1.3394587994019,-0.475));
#6511=CARTESIAN_POINT('',(-0.96093430358107,1.34196747737874,-0.475));
#6512=CARTESIAN_POINT('',(-0.961394147846073,1.34220799151522,-0.475));
#6513=CARTESIAN_POINT('',(-0.785667575274497,1.18680453352111,-0.475));
#6514=CARTESIAN_POINT('',(-0.736242937032727,1.21949516647925,-0.475));
#6515=CARTESIAN_POINT('',(-0.705616182787586,1.16876574431674,-0.475));
#6516=CARTESIAN_POINT('',(-2.25026924346307E-14,3.80867608224381E-14,-0.475));
#6517=CARTESIAN_POINT('',(-0.659372734257536,1.19546441177383,-0.475));
#6518=CARTESIAN_POINT('',(-0.687992325447001,1.24735267006683,-0.475));
#6519=CARTESIAN_POINT('',(-0.63496908771857,1.27381034587799,-0.475));
#6520=CARTESIAN_POINT('',(-0.609041784105057,1.22187383461392,-0.475));
#6521=CARTESIAN_POINT('',(-0.632477743869186,1.268810460783,-0.475));
#6522=CARTESIAN_POINT('',(-0.658011353333089,1.31994817795851,-0.475));
#6523=CARTESIAN_POINT('',(-0.658660606833819,1.32148412468111,-0.475));
#6524=CARTESIAN_POINT('',(-0.659343792459608,1.3230236618511,-0.475));
#6525=CARTESIAN_POINT('',(-0.660101155531924,1.32486558869219,-0.475));
#6526=CARTESIAN_POINT('',(-0.661077877646626,1.32736059745976,-0.475));
#6527=CARTESIAN_POINT('',(-0.662194960833546,1.33040037705171,-0.475));
#6528=CARTESIAN_POINT('',(-0.663447790009511,1.33402867302553,-0.475));
#6529=CARTESIAN_POINT('',(-0.66480797183983,1.33824031813427,-0.475));
#6530=CARTESIAN_POINT('',(-0.666254168330408,1.34304430065095,-0.475));
#6531=CARTESIAN_POINT('',(-0.667762694240028,1.34844447557236,-0.475));
#6532=CARTESIAN_POINT('',(-0.669310353526962,1.35444532800741,-0.475));
#6533=CARTESIAN_POINT('',(-0.670873624532763,1.36105026327623,-0.475));
#6534=CARTESIAN_POINT('',(-0.67242892112099,1.3682620996447,-0.475));
#6535=CARTESIAN_POINT('',(-0.673952540771909,1.37608292065602,-0.475));
#6536=CARTESIAN_POINT('',(-0.675420703435308,1.38451411334525,-0.475));
#6537=CARTESIAN_POINT('',(-0.676809564258765,1.39355635410932,-0.475));
#6538=CARTESIAN_POINT('',(-0.678095234886101,1.40320960934733,-0.475));
#6539=CARTESIAN_POINT('',(-0.679253798505316,1.41347313590471,-0.475));
#6540=CARTESIAN_POINT('',(-0.680261341960587,1.4243454691668,-0.475));
#6541=CARTESIAN_POINT('',(-0.681093923820857,1.43582446600032,-0.475));
#6542=CARTESIAN_POINT('',(-0.681727790635618,1.44790713587273,-0.475));
#6543=CARTESIAN_POINT('',(-0.682138631739776,1.46059029544334,-0.475));
#6544=CARTESIAN_POINT('',(-0.682304552852274,1.47386804025132,-0.475));
#6545=CARTESIAN_POINT('',(-0.682194689010425,1.4877415099647,-0.475));
#6546=CARTESIAN_POINT('',(-0.681929441248925,1.49778115938361,-0.475));
#6547=CARTESIAN_POINT('',(-0.681710774671974,1.50317725695849,-0.475));
#6548=CARTESIAN_POINT('',(-0.681689143891633,1.503695750842,-0.475));
#6549=CARTESIAN_POINT('',(-0.433337698643275,1.29465284977655,-0.475));
#6550=CARTESIAN_POINT('',(-0.449955179220619,1.34441378249956,-0.475));
#6551=CARTESIAN_POINT('',(-0.468060017409723,1.39862859748885,-0.475));
#6552=CARTESIAN_POINT('',(-0.46868700419974,1.40017376738502,-0.475));
#6553=CARTESIAN_POINT('',(-0.469292536183725,1.40174546974661,-0.475));
#6554=CARTESIAN_POINT('',(-0.470059438579259,1.40358344527066,-0.475));
#6555=CARTESIAN_POINT('',(-0.471133029367285,1.40603832971996,-0.475));
#6556=CARTESIAN_POINT('',(-0.472492581033444,1.40897767557937,-0.475));
#6557=CARTESIAN_POINT('',(-0.474172289714691,1.4124291522726,-0.475));
#6558=CARTESIAN_POINT('',(-0.476188578735163,1.4163690288848,-0.475));
#6559=CARTESIAN_POINT('',(-0.478562892003997,1.42078857284447,-0.475));
#6560=CARTESIAN_POINT('',(-0.481314703410234,1.42567376205128,-0.475));
#6561=CARTESIAN_POINT('',(-0.484463586483199,1.43101136587776,-0.475));
#6562=CARTESIAN_POINT('',(-0.488028581472042,1.43678715992467,-0.475));
#6563=CARTESIAN_POINT('',(-0.492028359108702,1.44298645908991,-0.475));
#6564=CARTESIAN_POINT('',(-0.496481152893139,1.44959397644858,-0.475));
#6565=CARTESIAN_POINT('',(-0.501404758642015,1.4565938777478,-0.475));
#6566=CARTESIAN_POINT('',(-0.506816515497014,1.46396978041558,-0.475));
#6567=CARTESIAN_POINT('',(-0.512733291317374,1.47170476907387,-0.475));
#6568=CARTESIAN_POINT('',(-0.519171472353407,1.47978140649307,-0.475));
#6569=CARTESIAN_POINT('',(-0.526146932120785,1.48818174787957,-0.475));
#6570=CARTESIAN_POINT('',(-0.533675084343697,1.49688734866106,-0.475));
#6571=CARTESIAN_POINT('',(-0.54177061062223,1.50587929798576,-0.475));
#6572=CARTESIAN_POINT('',(-0.55044845023074,1.51513815465575,-0.475));
#6573=CARTESIAN_POINT('',(-0.559719909679541,1.52464426199214,-0.475));
#6574=CARTESIAN_POINT('',(-0.569607619660033,1.53437660103747,-0.475));
#6575=CARTESIAN_POINT('',(-0.576894282335735,1.54128814673147,-0.475));
#6576=CARTESIAN_POINT('',(-0.580864520142251,1.54494914329923,-0.475));
#6577=CARTESIAN_POINT('',(-0.58124644595475,1.54530047856881,-0.475));
#6578=CARTESIAN_POINT('',(-0.451728985746272,1.34971088128554,-0.475));
#6579=CARTESIAN_POINT('',(-0.395527492807527,1.36849557026328,-0.475));
#6580=CARTESIAN_POINT('',(-0.37907406050944,1.31156792395548,-0.475));
#6581=CARTESIAN_POINT('',(-1.18783527165379E-14,4.26131112862544E-14,-0.475));
#6582=CARTESIAN_POINT('',(-0.327496195660845,1.32538817118898,-0.475));
#6583=CARTESIAN_POINT('',(-0.341710928465155,1.38291567521824,-0.475));
#6584=CARTESIAN_POINT('',(-0.283646663360722,1.3947484038307,-0.475));
#6585=CARTESIAN_POINT('',(-0.272044969445715,1.33787110631005,-0.475));
#6586=CARTESIAN_POINT('',(-0.282534275480343,1.38927407845285,-0.475));
#6587=CARTESIAN_POINT('',(-0.293962433171819,1.44527790458961,-0.475));
#6588=CARTESIAN_POINT('',(-0.294192031631911,1.44692955436786,-0.475));
#6589=CARTESIAN_POINT('',(-0.294453476731773,1.44859345453218,-0.475));
#6590=CARTESIAN_POINT('',(-0.294708307537039,1.4505686392253,-0.475));
#6591=CARTESIAN_POINT('',(-0.295005992865994,1.45323142691577,-0.475));
#6592=CARTESIAN_POINT('',(-0.295298259515042,1.4564567509336,-0.475));
#6593=CARTESIAN_POINT('',(-0.295569327472742,1.46028567177113,-0.475));
#6594=CARTESIAN_POINT('',(-0.295793108265744,1.46470584951532,-0.475));
#6595=CARTESIAN_POINT('',(-0.295946664638223,1.46972044349194,-0.475));
#6596=CARTESIAN_POINT('',(-0.296006120657405,1.47532704715046,-0.475));
#6597=CARTESIAN_POINT('',(-0.295947909835911,1.48152398919601,-0.475));
#6598=CARTESIAN_POINT('',(-0.295748430634663,1.48830847106208,-0.475));
#6599=CARTESIAN_POINT('',(-0.295384171174449,1.49567711044317,-0.475));
#6600=CARTESIAN_POINT('',(-0.294831697318645,1.50362578522394,-0.475));
#6601=CARTESIAN_POINT('',(-0.294067680311511,1.51214968044749,-0.475));
#6602=CARTESIAN_POINT('',(-0.293068912729868,1.52124327796113,-0.475));
#6603=CARTESIAN_POINT('',(-0.291812328890081,1.53090036254737,-0.475));
#6604=CARTESIAN_POINT('',(-0.290275019268313,1.54111402624756,-0.475));
#6605=CARTESIAN_POINT('',(-0.288434264599938,1.55187666517243,-0.475));
#6606=CARTESIAN_POINT('',(-0.286267493922086,1.56318001271586,-0.475));
#6607=CARTESIAN_POINT('',(-0.283752537170224,1.57501503239986,-0.475));
#6608=CARTESIAN_POINT('',(-0.280866735954283,1.58737235729033,-0.475));
#6609=CARTESIAN_POINT('',(-0.277590470209654,1.60024061745914,-0.475));
#6610=CARTESIAN_POINT('',(-0.273893631703964,1.61361292530089,-0.475));
#6611=CARTESIAN_POINT('',(-0.271038969564997,1.62324183078916,-0.475));
#6612=CARTESIAN_POINT('',(-0.269431141049366,1.62839746572326,-0.475));
#6613=CARTESIAN_POINT('',(-0.269276051228168,1.62889269389821,-0.475));
#6614=CARTESIAN_POINT('',(-0.0834912603057836,1.36269467304769,-0.475));
#6615=CARTESIAN_POINT('',(-0.0866634368725184,1.41506096356011,-0.475));
#6616=CARTESIAN_POINT('',(-0.0901195410142197,1.47211433045759,-0.475));
#6617=CARTESIAN_POINT('',(-0.0903252443503922,1.47376912608859,-0.475));
#6618=CARTESIAN_POINT('',(-0.0905033568279538,1.47544399720077,-0.475));
#6619=CARTESIAN_POINT('',(-0.0907684245879882,1.47741783417323,-0.475));
#6620=CARTESIAN_POINT('',(-0.0911700628080017,1.48006693620596,-0.475));
#6621=CARTESIAN_POINT('',(-0.0917225301859635,1.48325800414795,-0.475));
#6622=CARTESIAN_POINT('',(-0.0924516962798851,1.48702661522171,-0.475));
#6623=CARTESIAN_POINT('',(-0.0933795668154302,1.49135409779276,-0.475));
#6624=CARTESIAN_POINT('',(-0.0945291151740687,1.49623756693683,-0.475));
#6625=CARTESIAN_POINT('',(-0.0959227808747774,1.50166851855847,-0.475));
#6626=CARTESIAN_POINT('',(-0.0975828948334137,1.50763923885505,-0.475));
#6627=CARTESIAN_POINT('',(-0.0995315300637981,1.5141409160911,-0.475));
#6628=CARTESIAN_POINT('',(-0.101790521892208,1.52116419788824,-0.475));
#6629=CARTESIAN_POINT('',(-0.104381439074467,1.52869903738795,-0.475));
#6630=CARTESIAN_POINT('',(-0.107325569255695,1.53673474577273,-0.475));
#6631=CARTESIAN_POINT('',(-0.110643900882291,1.54525998639327,-0.475));
#6632=CARTESIAN_POINT('',(-0.114357105077124,1.55426278597228,-0.475));
#6633=CARTESIAN_POINT('',(-0.118485522829676,1.563730542513,-0.475));
#6634=CARTESIAN_POINT('',(-0.123049131233037,1.573650031044,-0.475));
#6635=CARTESIAN_POINT('',(-0.128067592608074,1.58400742484193,-0.475));
#6636=CARTESIAN_POINT('',(-0.13355998278008,1.59478825730436,-0.475));
#6637=CARTESIAN_POINT('',(-0.139545763732266,1.60597761624484,-0.475));
#6638=CARTESIAN_POINT('',(-0.146040944237811,1.61755944110977,-0.475));
#6639=CARTESIAN_POINT('',(-0.153072823972496,1.62951928639926,-0.475));
#6640=CARTESIAN_POINT('',(-0.15832235998171,1.63808125396038,-0.475));
#6641=CARTESIAN_POINT('',(-0.161209779579744,1.64264507825305,-0.475));
#6642=CARTESIAN_POINT('',(-0.161487759326781,1.6430832917377,-0.475));
#6643=CARTESIAN_POINT('',(-0.0870058123568842,1.42063666299307,-0.475));
#6644=CARTESIAN_POINT('',(-0.0278575035875824,1.42423526247973,-0.475));
#6645=CARTESIAN_POINT('',(-0.026698667457081,1.36498891704512,-0.475));
#6646=CARTESIAN_POINT('',(-4.44522890719054E-16,4.42354486374086E-14,-0.475));
#6647=CARTESIAN_POINT('',(0.0266986674570812,1.36498891704512,-0.475));
#6648=CARTESIAN_POINT('',(0.0278575035875826,1.42423526247973,-0.475));
#6649=CARTESIAN_POINT('',(0.0870058123568844,1.42063666299307,-0.475));
#6650=CARTESIAN_POINT('',(0.0834912603057838,1.36269467304769,-0.475));
#6651=CARTESIAN_POINT('',(0.0866634368725186,1.41506096356011,-0.475));
#6652=CARTESIAN_POINT('',(0.0901195410142198,1.47211433045759,-0.475));
#6653=CARTESIAN_POINT('',(0.0903252443503924,1.47376912608859,-0.475));
#6654=CARTESIAN_POINT('',(0.0905033568279539,1.47544399720077,-0.475));
#6655=CARTESIAN_POINT('',(0.0907684245879884,1.47741783417323,-0.475));
#6656=CARTESIAN_POINT('',(0.0911700628080019,1.48006693620596,-0.475));
#6657=CARTESIAN_POINT('',(0.0917225301859637,1.48325800414795,-0.475));
#6658=CARTESIAN_POINT('',(0.0924516962798853,1.48702661522171,-0.475));
#6659=CARTESIAN_POINT('',(0.0933795668154304,1.49135409779276,-0.475));
#6660=CARTESIAN_POINT('',(0.0945291151740689,1.49623756693683,-0.475));
#6661=CARTESIAN_POINT('',(0.0959227808747775,1.50166851855847,-0.475));
#6662=CARTESIAN_POINT('',(0.0975828948334139,1.50763923885505,-0.475));
#6663=CARTESIAN_POINT('',(0.0995315300637982,1.5141409160911,-0.475));
#6664=CARTESIAN_POINT('',(0.101790521892208,1.52116419788824,-0.475));
#6665=CARTESIAN_POINT('',(0.104381439074467,1.52869903738795,-0.475));
#6666=CARTESIAN_POINT('',(0.107325569255695,1.53673474577273,-0.475));
#6667=CARTESIAN_POINT('',(0.110643900882291,1.54525998639327,-0.475));
#6668=CARTESIAN_POINT('',(0.114357105077124,1.55426278597228,-0.475));
#6669=CARTESIAN_POINT('',(0.118485522829676,1.563730542513,-0.475));
#6670=CARTESIAN_POINT('',(0.123049131233037,1.573650031044,-0.475));
#6671=CARTESIAN_POINT('',(0.128067592608074,1.58400742484193,-0.475));
#6672=CARTESIAN_POINT('',(0.133559982780081,1.59478825730436,-0.475));
#6673=CARTESIAN_POINT('',(0.139545763732266,1.60597761624484,-0.475));
#6674=CARTESIAN_POINT('',(0.146040944237811,1.61755944110977,-0.475));
#6675=CARTESIAN_POINT('',(0.153072823972496,1.62951928639926,-0.475));
#6676=CARTESIAN_POINT('',(0.15832235998171,1.63808125396038,-0.475));
#6677=CARTESIAN_POINT('',(0.161209779579744,1.64264507825305,-0.475));
#6678=CARTESIAN_POINT('',(0.161487759326781,1.6430832917377,-0.475));
#6679=CARTESIAN_POINT('',(0.272044969445715,1.33787110631005,-0.475));
#6680=CARTESIAN_POINT('',(0.282534275480343,1.38927407845285,-0.475));
#6681=CARTESIAN_POINT('',(0.29396243317182,1.44527790458961,-0.475));
#6682=CARTESIAN_POINT('',(0.294192031631911,1.44692955436786,-0.475));
#6683=CARTESIAN_POINT('',(0.294453476731773,1.44859345453218,-0.475));
#6684=CARTESIAN_POINT('',(0.294708307537039,1.4505686392253,-0.475));
#6685=CARTESIAN_POINT('',(0.295005992865994,1.45323142691577,-0.475));
#6686=CARTESIAN_POINT('',(0.295298259515042,1.4564567509336,-0.475));
#6687=CARTESIAN_POINT('',(0.295569327472743,1.46028567177113,-0.475));
#6688=CARTESIAN_POINT('',(0.295793108265744,1.46470584951532,-0.475));
#6689=CARTESIAN_POINT('',(0.295946664638223,1.46972044349194,-0.475));
#6690=CARTESIAN_POINT('',(0.296006120657405,1.47532704715046,-0.475));
#6691=CARTESIAN_POINT('',(0.295947909835911,1.48152398919601,-0.475));
#6692=CARTESIAN_POINT('',(0.295748430634663,1.48830847106208,-0.475));
#6693=CARTESIAN_POINT('',(0.295384171174449,1.49567711044317,-0.475));
#6694=CARTESIAN_POINT('',(0.294831697318645,1.50362578522394,-0.475));
#6695=CARTESIAN_POINT('',(0.294067680311511,1.51214968044749,-0.475));
#6696=CARTESIAN_POINT('',(0.293068912729868,1.52124327796113,-0.475));
#6697=CARTESIAN_POINT('',(0.291812328890081,1.53090036254737,-0.475));
#6698=CARTESIAN_POINT('',(0.290275019268313,1.54111402624756,-0.475));
#6699=CARTESIAN_POINT('',(0.288434264599938,1.55187666517243,-0.475));
#6700=CARTESIAN_POINT('',(0.286267493922086,1.56318001271586,-0.475));
#6701=CARTESIAN_POINT('',(0.283752537170224,1.57501503239986,-0.475));
#6702=CARTESIAN_POINT('',(0.280866735954283,1.58737235729033,-0.475));
#6703=CARTESIAN_POINT('',(0.277590470209654,1.60024061745914,-0.475));
#6704=CARTESIAN_POINT('',(0.273893631703964,1.61361292530089,-0.475));
#6705=CARTESIAN_POINT('',(0.271038969564997,1.62324183078916,-0.475));
#6706=CARTESIAN_POINT('',(0.269431141049366,1.62839746572326,-0.475));
#6707=CARTESIAN_POINT('',(0.269276051228169,1.62889269389821,-0.475));
#6708=CARTESIAN_POINT('',(0.283646663360722,1.3947484038307,-0.475));
#6709=CARTESIAN_POINT('',(0.341710928465155,1.38291567521824,-0.475));
#6710=CARTESIAN_POINT('',(0.327496195660845,1.32538817118898,-0.475));
#6711=CARTESIAN_POINT('',(1.10196004354935E-14,4.28432132664587E-14,-0.475));
#6712=CARTESIAN_POINT('',(0.37907406050944,1.31156792395548,-0.475));
#6713=CARTESIAN_POINT('',(0.395527492807527,1.36849557026328,-0.475));
#6714=CARTESIAN_POINT('',(0.451728985746272,1.34971088128555,-0.475));
#6715=CARTESIAN_POINT('',(0.433337698643275,1.29465284977655,-0.475));
#6716=CARTESIAN_POINT('',(0.449955179220619,1.34441378249956,-0.475));
#6717=CARTESIAN_POINT('',(0.468060017409723,1.39862859748885,-0.475));
#6718=CARTESIAN_POINT('',(0.46868700419974,1.40017376738502,-0.475));
#6719=CARTESIAN_POINT('',(0.469292536183725,1.40174546974661,-0.475));
#6720=CARTESIAN_POINT('',(0.470059438579259,1.40358344527066,-0.475));
#6721=CARTESIAN_POINT('',(0.471133029367285,1.40603832971996,-0.475));
#6722=CARTESIAN_POINT('',(0.472492581033444,1.40897767557937,-0.475));
#6723=CARTESIAN_POINT('',(0.474172289714691,1.4124291522726,-0.475));
#6724=CARTESIAN_POINT('',(0.476188578735163,1.4163690288848,-0.475));
#6725=CARTESIAN_POINT('',(0.478562892003997,1.42078857284447,-0.475));
#6726=CARTESIAN_POINT('',(0.481314703410234,1.42567376205128,-0.475));
#6727=CARTESIAN_POINT('',(0.484463586483199,1.43101136587776,-0.475));
#6728=CARTESIAN_POINT('',(0.488028581472042,1.43678715992467,-0.475));
#6729=CARTESIAN_POINT('',(0.492028359108702,1.44298645908991,-0.475));
#6730=CARTESIAN_POINT('',(0.496481152893139,1.44959397644858,-0.475));
#6731=CARTESIAN_POINT('',(0.501404758642015,1.4565938777478,-0.475));
#6732=CARTESIAN_POINT('',(0.506816515497014,1.46396978041558,-0.475));
#6733=CARTESIAN_POINT('',(0.512733291317374,1.47170476907387,-0.475));
#6734=CARTESIAN_POINT('',(0.519171472353407,1.47978140649307,-0.475));
#6735=CARTESIAN_POINT('',(0.526146932120785,1.48818174787957,-0.475));
#6736=CARTESIAN_POINT('',(0.533675084343697,1.49688734866106,-0.475));
#6737=CARTESIAN_POINT('',(0.54177061062223,1.50587929798576,-0.475));
#6738=CARTESIAN_POINT('',(0.55044845023074,1.51513815465575,-0.475));
#6739=CARTESIAN_POINT('',(0.559719909679541,1.52464426199214,-0.475));
#6740=CARTESIAN_POINT('',(0.569607619660033,1.53437660103747,-0.475));
#6741=CARTESIAN_POINT('',(0.576894282335735,1.54128814673147,-0.475));
#6742=CARTESIAN_POINT('',(0.580864520142251,1.54494914329923,-0.475));
#6743=CARTESIAN_POINT('',(0.581246445954751,1.54530047856881,-0.475));
#6744=CARTESIAN_POINT('',(0.609041784105058,1.22187383461392,-0.475));
#6745=CARTESIAN_POINT('',(0.632477743869187,1.268810460783,-0.475));
#6746=CARTESIAN_POINT('',(0.65801135333309,1.31994817795851,-0.475));
#6747=CARTESIAN_POINT('',(0.65866060683382,1.32148412468111,-0.475));
#6748=CARTESIAN_POINT('',(0.659343792459609,1.3230236618511,-0.475));
#6749=CARTESIAN_POINT('',(0.660101155531925,1.32486558869219,-0.475));
#6750=CARTESIAN_POINT('',(0.661077877646627,1.32736059745976,-0.475));
#6751=CARTESIAN_POINT('',(0.662194960833547,1.33040037705171,-0.475));
#6752=CARTESIAN_POINT('',(0.663447790009512,1.33402867302553,-0.475));
#6753=CARTESIAN_POINT('',(0.664807971839831,1.33824031813427,-0.475));
#6754=CARTESIAN_POINT('',(0.666254168330408,1.34304430065095,-0.475));
#6755=CARTESIAN_POINT('',(0.667762694240028,1.34844447557236,-0.475));
#6756=CARTESIAN_POINT('',(0.669310353526964,1.35444532800741,-0.475));
#6757=CARTESIAN_POINT('',(0.670873624532764,1.36105026327623,-0.475));
#6758=CARTESIAN_POINT('',(0.672428921120991,1.3682620996447,-0.475));
#6759=CARTESIAN_POINT('',(0.67395254077191,1.37608292065602,-0.475));
#6760=CARTESIAN_POINT('',(0.675420703435309,1.38451411334525,-0.475));
#6761=CARTESIAN_POINT('',(0.676809564258766,1.39355635410932,-0.475));
#6762=CARTESIAN_POINT('',(0.678095234886102,1.40320960934733,-0.475));
#6763=CARTESIAN_POINT('',(0.679253798505317,1.41347313590471,-0.475));
#6764=CARTESIAN_POINT('',(0.680261341960588,1.4243454691668,-0.475));
#6765=CARTESIAN_POINT('',(0.681093923820858,1.43582446600032,-0.475));
#6766=CARTESIAN_POINT('',(0.681727790635619,1.44790713587273,-0.475));
#6767=CARTESIAN_POINT('',(0.682138631739777,1.46059029544334,-0.475));
#6768=CARTESIAN_POINT('',(0.682304552852275,1.47386804025132,-0.475));
#6769=CARTESIAN_POINT('',(0.682194689010426,1.4877415099647,-0.475));
#6770=CARTESIAN_POINT('',(0.681929441248926,1.49778115938361,-0.475));
#6771=CARTESIAN_POINT('',(0.681710774671975,1.50317725695849,-0.475));
#6772=CARTESIAN_POINT('',(0.681689143891634,1.503695750842,-0.475));
#6773=CARTESIAN_POINT('',(0.63496908771857,1.27381034587799,-0.475));
#6774=CARTESIAN_POINT('',(0.687992325447002,1.24735267006683,-0.475));
#6775=CARTESIAN_POINT('',(0.659372734257537,1.19546441177382,-0.475));
#6776=CARTESIAN_POINT('',(2.17327562027779E-14,3.85312837131571E-14,-0.475));
#6777=CARTESIAN_POINT('',(0.705616182787587,1.16876574431674,-0.475));
#6778=CARTESIAN_POINT('',(0.736242937032727,1.21949516647925,-0.475));
#6779=CARTESIAN_POINT('',(0.785667575274498,1.18680453352111,-0.475));
#6780=CARTESIAN_POINT('',(0.753652888942634,1.13838257430814,-0.475));
#6781=CARTESIAN_POINT('',(0.782583219690927,1.18214702391048,-0.475));
#6782=CARTESIAN_POINT('',(0.814102977124506,1.22982863694429,-0.475));
#6783=CARTESIAN_POINT('',(0.815108519254773,1.23115888033071,-0.475));
#6784=CARTESIAN_POINT('',(0.816100204741161,1.23252030502314,-0.475));
#6785=CARTESIAN_POINT('',(0.817316678641305,1.23409716410421,-0.475));
#6786=CARTESIAN_POINT('',(0.818989058559332,1.23619053465176,-0.475));
#6787=CARTESIAN_POINT('',(0.821063043314406,1.23867784686575,-0.475));
#6788=CARTESIAN_POINT('',(0.823578825212199,1.24157697674564,-0.475));
#6789=CARTESIAN_POINT('',(0.826546125952929,1.24486075131884,-0.475));
#6790=CARTESIAN_POINT('',(0.829983398606426,1.24851518547688,-0.475));
#6791=CARTESIAN_POINT('',(0.833905824318439,1.25252169469759,-0.475));
#6792=CARTESIAN_POINT('',(0.838328885328087,1.256862433174,-0.475));
#6793=CARTESIAN_POINT('',(0.843267291558331,1.26151873321243,-0.475));
#6794=CARTESIAN_POINT('',(0.848735276767247,1.26647157775249,-0.475));
#6795=CARTESIAN_POINT('',(0.854746496616042,1.27170148158155,-0.475));
#6796=CARTESIAN_POINT('',(0.861314042337424,1.27718854408956,-0.475));
#6797=CARTESIAN_POINT('',(0.868450422134509,1.28291245322702,-0.475));
#6798=CARTESIAN_POINT('',(0.876167551086173,1.2888525042702,-0.475));
#6799=CARTESIAN_POINT('',(0.884476744007678,1.29498761307504,-0.475));
#6800=CARTESIAN_POINT('',(0.893388689083419,1.30129633793376,-0.475));
#6801=CARTESIAN_POINT('',(0.902913501021074,1.30775687339224,-0.475));
#6802=CARTESIAN_POINT('',(0.913060466668742,1.31434715309265,-0.475));
#6803=CARTESIAN_POINT('',(0.923838984505064,1.32104453171107,-0.475));
#6804=CARTESIAN_POINT('',(0.935254888257496,1.32782709601351,-0.475));
#6805=CARTESIAN_POINT('',(0.947324597388837,1.3346686859922,-0.475));
#6806=CARTESIAN_POINT('',(0.956151812711458,1.3394587994019,-0.475));
#6807=CARTESIAN_POINT('',(0.960934303581071,1.34196747737874,-0.475));
#6808=CARTESIAN_POINT('',(0.961394147846073,1.34220799151522,-0.475));
#6809=CARTESIAN_POINT('',(0.904533407666776,1.02260788033084,-0.475));
#6810=CARTESIAN_POINT('',(0.939318899232236,1.06187950701922,-0.475));
#6811=CARTESIAN_POINT('',(0.977217887179885,1.10466616431703,-0.475));
#6812=CARTESIAN_POINT('',(0.978242550168121,1.10598173575311,-0.475));
#6813=CARTESIAN_POINT('',(0.979300918348457,1.10729199301484,-0.475));
#6814=CARTESIAN_POINT('',(0.980509200646046,1.10887513773362,-0.475));
#6815=CARTESIAN_POINT('',(0.982098397548488,1.11103233685397,-0.475));
#6816=CARTESIAN_POINT('',(0.983964169900158,1.11367941606432,-0.475));
#6817=CARTESIAN_POINT('',(0.986113382056444,1.11685982479986,-0.475));
#6818=CARTESIAN_POINT('',(0.988517270780153,1.12057592061906,-0.475));
#6819=CARTESIAN_POINT('',(0.991157551487947,1.12484190820624,-0.475));
#6820=CARTESIAN_POINT('',(0.994012343740222,1.12966764139387,-0.475));
#6821=CARTESIAN_POINT('',(0.997060402712809,1.13506345604185,-0.475));
#6822=CARTESIAN_POINT('',(1.00027988959004,1.14103872929001,-0.475));
#6823=CARTESIAN_POINT('',(1.00364875133447,1.14760228791547,-0.475));
#6824=CARTESIAN_POINT('',(1.0071446323308,1.15476227912993,-0.475));
#6825=CARTESIAN_POINT('',(1.01074492180548,1.16252619743629,-0.475));
#6826=CARTESIAN_POINT('',(1.01442676246412,1.17090086768572,-0.475));
#6827=CARTESIAN_POINT('',(1.01816707122999,1.17989244018379,-0.475));
#6828=CARTESIAN_POINT('',(1.02194255389416,1.18950638722475,-0.475));
#6829=CARTESIAN_POINT('',(1.02572973305164,1.19974748327963,-0.475));
#6830=CARTESIAN_POINT('',(1.02950492837216,1.21061985473897,-0.475));
#6831=CARTESIAN_POINT('',(1.03324442177764,1.22212676081554,-0.475));
#6832=CARTESIAN_POINT('',(1.03692390705959,1.23427141870147,-0.475));
#6833=CARTESIAN_POINT('',(1.0405207077796,1.24705379178248,-0.475));
#6834=CARTESIAN_POINT('',(1.04400530564086,1.26048296933351,-0.475));
#6835=CARTESIAN_POINT('',(1.04634754845342,1.27024917716647,-0.475));
#6836=CARTESIAN_POINT('',(1.04753294558101,1.27551800224986,-0.475));
#6837=CARTESIAN_POINT('',(1.04764624794346,1.27602442734063,-0.475));
#6838=CARTESIAN_POINT('',(0.943019418084429,1.06606421792482,-0.475));
#6839=CARTESIAN_POINT('',(0.98738818241071,1.02678464179813,-0.475));
#6840=CARTESIAN_POINT('',(0.946314110679541,0.984071728294634,-0.475));
#6841=CARTESIAN_POINT('',(3.09648605499208E-14,3.15935108507609E-14,-0.475));
#6842=CARTESIAN_POINT('',(0.984071728294635,0.946314110679541,-0.475));
#6843=CARTESIAN_POINT('',(1.02678464179813,0.98738818241071,-0.475));
#6844=CARTESIAN_POINT('',(1.06606421792482,0.943019418084429,-0.475));
#6845=CARTESIAN_POINT('',(1.02260788033084,0.904533407666776,-0.475));
#6846=CARTESIAN_POINT('',(1.06187950701922,0.939318899232235,-0.475));
#6847=CARTESIAN_POINT('',(1.10466616431703,0.977217887179884,-0.475));
#6848=CARTESIAN_POINT('',(1.10598173575311,0.97824255016812,-0.475));
#6849=CARTESIAN_POINT('',(1.10729199301484,0.979300918348456,-0.475));
#6850=CARTESIAN_POINT('',(1.10887513773362,0.980509200646045,-0.475));
#6851=CARTESIAN_POINT('',(1.11103233685397,0.982098397548488,-0.475));
#6852=CARTESIAN_POINT('',(1.11367941606432,0.983964169900157,-0.475));
#6853=CARTESIAN_POINT('',(1.11685982479986,0.986113382056444,-0.475));
#6854=CARTESIAN_POINT('',(1.12057592061906,0.988517270780152,-0.475));
#6855=CARTESIAN_POINT('',(1.12484190820624,0.991157551487947,-0.475));
#6856=CARTESIAN_POINT('',(1.12966764139387,0.994012343740222,-0.475));
#6857=CARTESIAN_POINT('',(1.13506345604185,0.997060402712809,-0.475));
#6858=CARTESIAN_POINT('',(1.14103872929001,1.00027988959004,-0.475));
#6859=CARTESIAN_POINT('',(1.14760228791547,1.00364875133447,-0.475));
#6860=CARTESIAN_POINT('',(1.15476227912993,1.0071446323308,-0.475));
#6861=CARTESIAN_POINT('',(1.16252619743629,1.01074492180547,-0.475));
#6862=CARTESIAN_POINT('',(1.17090086768572,1.01442676246411,-0.475));
#6863=CARTESIAN_POINT('',(1.17989244018379,1.01816707122999,-0.475));
#6864=CARTESIAN_POINT('',(1.18950638722475,1.02194255389416,-0.475));
#6865=CARTESIAN_POINT('',(1.19974748327963,1.02572973305164,-0.475));
#6866=CARTESIAN_POINT('',(1.21061985473897,1.02950492837216,-0.475));
#6867=CARTESIAN_POINT('',(1.22212676081554,1.03324442177764,-0.475));
#6868=CARTESIAN_POINT('',(1.23427141870147,1.03692390705959,-0.475));
#6869=CARTESIAN_POINT('',(1.24705379178248,1.0405207077796,-0.475));
#6870=CARTESIAN_POINT('',(1.26048296933351,1.04400530564085,-0.475));
#6871=CARTESIAN_POINT('',(1.27024917716647,1.04634754845342,-0.475));
#6872=CARTESIAN_POINT('',(1.27551800224986,1.04753294558101,-0.475));
#6873=CARTESIAN_POINT('',(1.27602442734063,1.04764624794346,-0.475));
#6874=CARTESIAN_POINT('',(1.13838257430814,0.753652888942633,-0.475));
#6875=CARTESIAN_POINT('',(1.18214702391048,0.782583219690927,-0.475));
#6876=CARTESIAN_POINT('',(1.22982863694429,0.814102977124505,-0.475));
#6877=CARTESIAN_POINT('',(1.23115888033071,0.815108519254772,-0.475));
#6878=CARTESIAN_POINT('',(1.23252030502314,0.81610020474116,-0.475));
#6879=CARTESIAN_POINT('',(1.23409716410421,0.817316678641304,-0.475));
#6880=CARTESIAN_POINT('',(1.23619053465176,0.818989058559331,-0.475));
#6881=CARTESIAN_POINT('',(1.23867784686575,0.821063043314405,-0.475));
#6882=CARTESIAN_POINT('',(1.24157697674565,0.823578825212199,-0.475));
#6883=CARTESIAN_POINT('',(1.24486075131884,0.826546125952929,-0.475));
#6884=CARTESIAN_POINT('',(1.24851518547688,0.829983398606425,-0.475));
#6885=CARTESIAN_POINT('',(1.25252169469759,0.833905824318439,-0.475));
#6886=CARTESIAN_POINT('',(1.256862433174,0.838328885328086,-0.475));
#6887=CARTESIAN_POINT('',(1.26151873321243,0.843267291558331,-0.475));
#6888=CARTESIAN_POINT('',(1.26647157775249,0.848735276767247,-0.475));
#6889=CARTESIAN_POINT('',(1.27170148158155,0.854746496616042,-0.475));
#6890=CARTESIAN_POINT('',(1.27718854408956,0.861314042337424,-0.475));
#6891=CARTESIAN_POINT('',(1.28291245322702,0.868450422134509,-0.475));
#6892=CARTESIAN_POINT('',(1.2888525042702,0.876167551086173,-0.475));
#6893=CARTESIAN_POINT('',(1.29498761307504,0.884476744007678,-0.475));
#6894=CARTESIAN_POINT('',(1.30129633793376,0.893388689083418,-0.475));
#6895=CARTESIAN_POINT('',(1.30775687339224,0.902913501021073,-0.475));
#6896=CARTESIAN_POINT('',(1.31434715309265,0.913060466668742,-0.475));
#6897=CARTESIAN_POINT('',(1.32104453171107,0.923838984505063,-0.475));
#6898=CARTESIAN_POINT('',(1.32782709601351,0.935254888257496,-0.475));
#6899=CARTESIAN_POINT('',(1.3346686859922,0.947324597388837,-0.475));
#6900=CARTESIAN_POINT('',(1.3394587994019,0.956151812711457,-0.475));
#6901=CARTESIAN_POINT('',(1.34196747737874,0.96093430358107,-0.475));
#6902=CARTESIAN_POINT('',(1.34220799151522,0.961394147846073,-0.475));
#6903=CARTESIAN_POINT('',(1.18680453352111,0.785667575274497,-0.475));
#6904=CARTESIAN_POINT('',(1.21949516647925,0.736242937032727,-0.475));
#6905=CARTESIAN_POINT('',(1.16876574431674,0.705616182787586,-0.475));
#6906=CARTESIAN_POINT('',(3.80867608224381E-14,2.25026924346307E-14,-0.475));
#6907=CARTESIAN_POINT('',(1.19546441177383,0.659372734257536,-0.475));
#6908=CARTESIAN_POINT('',(1.24735267006683,0.687992325447002,-0.475));
#6909=CARTESIAN_POINT('',(1.27381034587799,0.63496908771857,-0.475));
#6910=CARTESIAN_POINT('',(1.22187383461392,0.609041784105057,-0.475));
#6911=CARTESIAN_POINT('',(1.268810460783,0.632477743869186,-0.475));
#6912=CARTESIAN_POINT('',(1.31994817795851,0.658011353333089,-0.475));
#6913=CARTESIAN_POINT('',(1.32148412468111,0.658660606833819,-0.475));
#6914=CARTESIAN_POINT('',(1.3230236618511,0.659343792459608,-0.475));
#6915=CARTESIAN_POINT('',(1.32486558869219,0.660101155531924,-0.475));
#6916=CARTESIAN_POINT('',(1.32736059745976,0.661077877646626,-0.475));
#6917=CARTESIAN_POINT('',(1.33040037705171,0.662194960833546,-0.475));
#6918=CARTESIAN_POINT('',(1.33402867302553,0.663447790009511,-0.475));
#6919=CARTESIAN_POINT('',(1.33824031813427,0.664807971839831,-0.475));
#6920=CARTESIAN_POINT('',(1.34304430065095,0.666254168330408,-0.475));
#6921=CARTESIAN_POINT('',(1.34844447557236,0.667762694240028,-0.475));
#6922=CARTESIAN_POINT('',(1.35444532800741,0.669310353526963,-0.475));
#6923=CARTESIAN_POINT('',(1.36105026327623,0.670873624532763,-0.475));
#6924=CARTESIAN_POINT('',(1.3682620996447,0.67242892112099,-0.475));
#6925=CARTESIAN_POINT('',(1.37608292065602,0.673952540771909,-0.475));
#6926=CARTESIAN_POINT('',(1.38451411334525,0.675420703435308,-0.475));
#6927=CARTESIAN_POINT('',(1.39355635410932,0.676809564258765,-0.475));
#6928=CARTESIAN_POINT('',(1.40320960934733,0.678095234886102,-0.475));
#6929=CARTESIAN_POINT('',(1.41347313590471,0.679253798505316,-0.475));
#6930=CARTESIAN_POINT('',(1.4243454691668,0.680261341960587,-0.475));
#6931=CARTESIAN_POINT('',(1.43582446600032,0.681093923820857,-0.475));
#6932=CARTESIAN_POINT('',(1.44790713587273,0.681727790635618,-0.475));
#6933=CARTESIAN_POINT('',(1.46059029544334,0.682138631739776,-0.475));
#6934=CARTESIAN_POINT('',(1.47386804025132,0.682304552852274,-0.475));
#6935=CARTESIAN_POINT('',(1.4877415099647,0.682194689010426,-0.475));
#6936=CARTESIAN_POINT('',(1.49778115938361,0.681929441248925,-0.475));
#6937=CARTESIAN_POINT('',(1.50317725695849,0.681710774671974,-0.475));
#6938=CARTESIAN_POINT('',(1.503695750842,0.681689143891634,-0.475));
#6939=CARTESIAN_POINT('',(1.29465284977655,0.433337698643274,-0.475));
#6940=CARTESIAN_POINT('',(1.34441378249956,0.449955179220619,-0.475));
#6941=CARTESIAN_POINT('',(1.39862859748885,0.468060017409722,-0.475));
#6942=CARTESIAN_POINT('',(1.40017376738502,0.46868700419974,-0.475));
#6943=CARTESIAN_POINT('',(1.40174546974661,0.469292536183724,-0.475));
#6944=CARTESIAN_POINT('',(1.40358344527066,0.470059438579258,-0.475));
#6945=CARTESIAN_POINT('',(1.40603832971996,0.471133029367284,-0.475));
#6946=CARTESIAN_POINT('',(1.40897767557937,0.472492581033444,-0.475));
#6947=CARTESIAN_POINT('',(1.4124291522726,0.47417228971469,-0.475));
#6948=CARTESIAN_POINT('',(1.4163690288848,0.476188578735162,-0.475));
#6949=CARTESIAN_POINT('',(1.42078857284447,0.478562892003996,-0.475));
#6950=CARTESIAN_POINT('',(1.42567376205128,0.481314703410233,-0.475));
#6951=CARTESIAN_POINT('',(1.43101136587776,0.484463586483199,-0.475));
#6952=CARTESIAN_POINT('',(1.43678715992467,0.488028581472042,-0.475));
#6953=CARTESIAN_POINT('',(1.44298645908991,0.492028359108701,-0.475));
#6954=CARTESIAN_POINT('',(1.44959397644858,0.496481152893138,-0.475));
#6955=CARTESIAN_POINT('',(1.4565938777478,0.501404758642014,-0.475));
#6956=CARTESIAN_POINT('',(1.46396978041558,0.506816515497013,-0.475));
#6957=CARTESIAN_POINT('',(1.47170476907387,0.512733291317373,-0.475));
#6958=CARTESIAN_POINT('',(1.47978140649307,0.519171472353406,-0.475));
#6959=CARTESIAN_POINT('',(1.48818174787957,0.526146932120784,-0.475));
#6960=CARTESIAN_POINT('',(1.49688734866106,0.533675084343696,-0.475));
#6961=CARTESIAN_POINT('',(1.50587929798577,0.54177061062223,-0.475));
#6962=CARTESIAN_POINT('',(1.51513815465576,0.550448450230739,-0.475));
#6963=CARTESIAN_POINT('',(1.52464426199214,0.55971990967954,-0.475));
#6964=CARTESIAN_POINT('',(1.53437660103748,0.569607619660032,-0.475));
#6965=CARTESIAN_POINT('',(1.54128814673147,0.576894282335734,-0.475));
#6966=CARTESIAN_POINT('',(1.54494914329923,0.58086452014225,-0.475));
#6967=CARTESIAN_POINT('',(1.54530047856881,0.58124644595475,-0.475));
#6968=CARTESIAN_POINT('',(1.34971088128554,0.451728985746271,-0.475));
#6969=CARTESIAN_POINT('',(1.36849557026328,0.395527492807527,-0.475));
#6970=CARTESIAN_POINT('',(1.31156792395548,0.37907406050944,-0.475));
#6971=CARTESIAN_POINT('',(4.26131112862544E-14,1.18783527165379E-14,-0.475));
#6972=CARTESIAN_POINT('',(1.32538817118898,0.327496195660844,-0.475));
#6973=CARTESIAN_POINT('',(1.38291567521824,0.341710928465154,-0.475));
#6974=CARTESIAN_POINT('',(1.3947484038307,0.283646663360721,-0.475));
#6975=CARTESIAN_POINT('',(1.33787110631005,0.272044969445715,-0.475));
#6976=CARTESIAN_POINT('',(1.38927407845285,0.282534275480342,-0.475));
#6977=CARTESIAN_POINT('',(1.44527790458961,0.293962433171819,-0.475));
#6978=CARTESIAN_POINT('',(1.44692955436786,0.29419203163191,-0.475));
#6979=CARTESIAN_POINT('',(1.44859345453218,0.294453476731772,-0.475));
#6980=CARTESIAN_POINT('',(1.4505686392253,0.294708307537039,-0.475));
#6981=CARTESIAN_POINT('',(1.45323142691577,0.295005992865993,-0.475));
#6982=CARTESIAN_POINT('',(1.4564567509336,0.295298259515042,-0.475));
#6983=CARTESIAN_POINT('',(1.46028567177113,0.295569327472742,-0.475));
#6984=CARTESIAN_POINT('',(1.46470584951532,0.295793108265743,-0.475));
#6985=CARTESIAN_POINT('',(1.46972044349194,0.295946664638223,-0.475));
#6986=CARTESIAN_POINT('',(1.47532704715046,0.296006120657404,-0.475));
#6987=CARTESIAN_POINT('',(1.48152398919601,0.29594790983591,-0.475));
#6988=CARTESIAN_POINT('',(1.48830847106208,0.295748430634662,-0.475));
#6989=CARTESIAN_POINT('',(1.49567711044317,0.295384171174448,-0.475));
#6990=CARTESIAN_POINT('',(1.50362578522394,0.294831697318645,-0.475));
#6991=CARTESIAN_POINT('',(1.51214968044749,0.294067680311511,-0.475));
#6992=CARTESIAN_POINT('',(1.52124327796113,0.293068912729868,-0.475));
#6993=CARTESIAN_POINT('',(1.53090036254737,0.29181232889008,-0.475));
#6994=CARTESIAN_POINT('',(1.54111402624756,0.290275019268312,-0.475));
#6995=CARTESIAN_POINT('',(1.55187666517243,0.288434264599937,-0.475));
#6996=CARTESIAN_POINT('',(1.56318001271586,0.286267493922085,-0.475));
#6997=CARTESIAN_POINT('',(1.57501503239986,0.283752537170223,-0.475));
#6998=CARTESIAN_POINT('',(1.58737235729033,0.280866735954283,-0.475));
#6999=CARTESIAN_POINT('',(1.60024061745914,0.277590470209653,-0.475));
#7000=CARTESIAN_POINT('',(1.61361292530089,0.273893631703963,-0.475));
#7001=CARTESIAN_POINT('',(1.62324183078916,0.271038969564996,-0.475));
#7002=CARTESIAN_POINT('',(1.62839746572326,0.269431141049365,-0.475));
#7003=CARTESIAN_POINT('',(1.62889269389821,0.269276051228168,-0.475));
#7004=CARTESIAN_POINT('',(1.36269467304769,0.0834912603057834,-0.475));
#7005=CARTESIAN_POINT('',(1.41506096356011,0.0866634368725181,-0.475));
#7006=CARTESIAN_POINT('',(1.47211433045759,0.0901195410142194,-0.475));
#7007=CARTESIAN_POINT('',(1.47376912608859,0.090325244350392,-0.475));
#7008=CARTESIAN_POINT('',(1.47544399720077,0.0905033568279535,-0.475));
#7009=CARTESIAN_POINT('',(1.47741783417323,0.090768424587988,-0.475));
#7010=CARTESIAN_POINT('',(1.48006693620596,0.0911700628080015,-0.475));
#7011=CARTESIAN_POINT('',(1.48325800414795,0.0917225301859633,-0.475));
#7012=CARTESIAN_POINT('',(1.48702661522171,0.0924516962798849,-0.475));
#7013=CARTESIAN_POINT('',(1.49135409779276,0.09337956681543,-0.475));
#7014=CARTESIAN_POINT('',(1.49623756693683,0.0945291151740685,-0.475));
#7015=CARTESIAN_POINT('',(1.50166851855847,0.0959227808747771,-0.475));
#7016=CARTESIAN_POINT('',(1.50763923885505,0.0975828948334134,-0.475));
#7017=CARTESIAN_POINT('',(1.5141409160911,0.0995315300637978,-0.475));
#7018=CARTESIAN_POINT('',(1.52116419788824,0.101790521892208,-0.475));
#7019=CARTESIAN_POINT('',(1.52869903738795,0.104381439074467,-0.475));
#7020=CARTESIAN_POINT('',(1.53673474577273,0.107325569255695,-0.475));
#7021=CARTESIAN_POINT('',(1.54525998639327,0.110643900882291,-0.475));
#7022=CARTESIAN_POINT('',(1.55426278597228,0.114357105077123,-0.475));
#7023=CARTESIAN_POINT('',(1.563730542513,0.118485522829676,-0.475));
#7024=CARTESIAN_POINT('',(1.573650031044,0.123049131233037,-0.475));
#7025=CARTESIAN_POINT('',(1.58400742484193,0.128067592608073,-0.475));
#7026=CARTESIAN_POINT('',(1.59478825730436,0.13355998278008,-0.475));
#7027=CARTESIAN_POINT('',(1.60597761624484,0.139545763732266,-0.475));
#7028=CARTESIAN_POINT('',(1.61755944110977,0.14604094423781,-0.475));
#7029=CARTESIAN_POINT('',(1.62951928639926,0.153072823972496,-0.475));
#7030=CARTESIAN_POINT('',(1.63808125396038,0.15832235998171,-0.475));
#7031=CARTESIAN_POINT('',(1.64264507825305,0.161209779579744,-0.475));
#7032=CARTESIAN_POINT('',(1.6430832917377,0.161487759326781,-0.475));
#7033=CARTESIAN_POINT('',(1.42063666299307,0.0870058123568839,-0.475));
#7034=CARTESIAN_POINT('',(1.42423526247973,0.0278575035875822,-0.475));
#7035=CARTESIAN_POINT('',(1.36498891704512,0.0266986674570808,-0.475));
#7036=CARTESIAN_POINT('',(4.42354486374086E-14,4.44522890719046E-16,-0.475));
#7037=CARTESIAN_POINT('',(1.36498891704512,-0.0266986674570814,-0.475));
#7038=CARTESIAN_POINT('',(1.42423526247973,-0.0278575035875829,-0.475));
#7039=CARTESIAN_POINT('',(1.42063666299307,-0.0870058123568847,-0.475));
#7040=CARTESIAN_POINT('',(1.36269467304769,-0.083491260305784,-0.475));
#7041=CARTESIAN_POINT('',(1.41506096356011,-0.0866634368725188,-0.475));
#7042=CARTESIAN_POINT('',(1.47211433045759,-0.0901195410142201,-0.475));
#7043=CARTESIAN_POINT('',(1.47376912608859,-0.0903252443503927,-0.475));
#7044=CARTESIAN_POINT('',(1.47544399720077,-0.0905033568279542,-0.475));
#7045=CARTESIAN_POINT('',(1.47741783417323,-0.0907684245879887,-0.475));
#7046=CARTESIAN_POINT('',(1.48006693620596,-0.0911700628080022,-0.475));
#7047=CARTESIAN_POINT('',(1.48325800414795,-0.091722530185964,-0.475));
#7048=CARTESIAN_POINT('',(1.48702661522171,-0.0924516962798856,-0.475));
#7049=CARTESIAN_POINT('',(1.49135409779276,-0.0933795668154307,-0.475));
#7050=CARTESIAN_POINT('',(1.49623756693683,-0.0945291151740692,-0.475));
#7051=CARTESIAN_POINT('',(1.50166851855847,-0.0959227808747778,-0.475));
#7052=CARTESIAN_POINT('',(1.50763923885505,-0.0975828948334141,-0.475));
#7053=CARTESIAN_POINT('',(1.5141409160911,-0.0995315300637985,-0.475));
#7054=CARTESIAN_POINT('',(1.52116419788824,-0.101790521892208,-0.475));
#7055=CARTESIAN_POINT('',(1.52869903738795,-0.104381439074467,-0.475));
#7056=CARTESIAN_POINT('',(1.53673474577273,-0.107325569255695,-0.475));
#7057=CARTESIAN_POINT('',(1.54525998639327,-0.110643900882292,-0.475));
#7058=CARTESIAN_POINT('',(1.55426278597228,-0.114357105077124,-0.475));
#7059=CARTESIAN_POINT('',(1.563730542513,-0.118485522829677,-0.475));
#7060=CARTESIAN_POINT('',(1.573650031044,-0.123049131233038,-0.475));
#7061=CARTESIAN_POINT('',(1.58400742484193,-0.128067592608074,-0.475));
#7062=CARTESIAN_POINT('',(1.59478825730436,-0.133559982780081,-0.475));
#7063=CARTESIAN_POINT('',(1.60597761624484,-0.139545763732266,-0.475));
#7064=CARTESIAN_POINT('',(1.61755944110977,-0.146040944237811,-0.475));
#7065=CARTESIAN_POINT('',(1.62951928639926,-0.153072823972496,-0.475));
#7066=CARTESIAN_POINT('',(1.63808125396038,-0.158322359981711,-0.475));
#7067=CARTESIAN_POINT('',(1.64264507825305,-0.161209779579744,-0.475));
#7068=CARTESIAN_POINT('',(1.6430832917377,-0.161487759326781,-0.475));
#7069=CARTESIAN_POINT('',(1.33787110631005,-0.272044969445715,-0.475));
#7070=CARTESIAN_POINT('',(1.38927407845285,-0.282534275480343,-0.475));
#7071=CARTESIAN_POINT('',(1.44527790458961,-0.293962433171819,-0.475));
#7072=CARTESIAN_POINT('',(1.44692955436786,-0.294192031631911,-0.475));
#7073=CARTESIAN_POINT('',(1.44859345453218,-0.294453476731773,-0.475));
#7074=CARTESIAN_POINT('',(1.4505686392253,-0.294708307537039,-0.475));
#7075=CARTESIAN_POINT('',(1.45323142691577,-0.295005992865994,-0.475));
#7076=CARTESIAN_POINT('',(1.4564567509336,-0.295298259515042,-0.475));
#7077=CARTESIAN_POINT('',(1.46028567177113,-0.295569327472742,-0.475));
#7078=CARTESIAN_POINT('',(1.46470584951532,-0.295793108265744,-0.475));
#7079=CARTESIAN_POINT('',(1.46972044349194,-0.295946664638223,-0.475));
#7080=CARTESIAN_POINT('',(1.47532704715046,-0.296006120657405,-0.475));
#7081=CARTESIAN_POINT('',(1.48152398919601,-0.295947909835911,-0.475));
#7082=CARTESIAN_POINT('',(1.48830847106208,-0.295748430634663,-0.475));
#7083=CARTESIAN_POINT('',(1.49567711044317,-0.295384171174449,-0.475));
#7084=CARTESIAN_POINT('',(1.50362578522394,-0.294831697318645,-0.475));
#7085=CARTESIAN_POINT('',(1.51214968044749,-0.294067680311511,-0.475));
#7086=CARTESIAN_POINT('',(1.52124327796113,-0.293068912729868,-0.475));
#7087=CARTESIAN_POINT('',(1.53090036254737,-0.291812328890081,-0.475));
#7088=CARTESIAN_POINT('',(1.54111402624756,-0.290275019268313,-0.475));
#7089=CARTESIAN_POINT('',(1.55187666517243,-0.288434264599938,-0.475));
#7090=CARTESIAN_POINT('',(1.56318001271586,-0.286267493922086,-0.475));
#7091=CARTESIAN_POINT('',(1.57501503239986,-0.283752537170224,-0.475));
#7092=CARTESIAN_POINT('',(1.58737235729033,-0.280866735954283,-0.475));
#7093=CARTESIAN_POINT('',(1.60024061745914,-0.277590470209654,-0.475));
#7094=CARTESIAN_POINT('',(1.61361292530089,-0.273893631703964,-0.475));
#7095=CARTESIAN_POINT('',(1.62324183078916,-0.271038969564997,-0.475));
#7096=CARTESIAN_POINT('',(1.62839746572326,-0.269431141049366,-0.475));
#7097=CARTESIAN_POINT('',(1.62889269389821,-0.269276051228168,-0.475));
#7098=CARTESIAN_POINT('',(1.3947484038307,-0.283646663360722,-0.475));
#7099=CARTESIAN_POINT('',(1.38291567521824,-0.341710928465155,-0.475));
#7100=CARTESIAN_POINT('',(1.32538817118898,-0.327496195660844,-0.475));
#7101=CARTESIAN_POINT('',(4.28432132664587E-14,-1.10196004354935E-14,-0.475));
#7102=CARTESIAN_POINT('',(1.31156792395548,-0.37907406050944,-0.475));
#7103=CARTESIAN_POINT('',(1.36849557026328,-0.395527492807527,-0.475));
#7104=CARTESIAN_POINT('',(1.34971088128555,-0.451728985746272,-0.475));
#7105=CARTESIAN_POINT('',(1.29465284977655,-0.433337698643275,-0.475));
#7106=CARTESIAN_POINT('',(1.34441378249956,-0.449955179220619,-0.475));
#7107=CARTESIAN_POINT('',(1.39862859748885,-0.468060017409723,-0.475));
#7108=CARTESIAN_POINT('',(1.40017376738502,-0.46868700419974,-0.475));
#7109=CARTESIAN_POINT('',(1.40174546974661,-0.469292536183725,-0.475));
#7110=CARTESIAN_POINT('',(1.40358344527066,-0.470059438579259,-0.475));
#7111=CARTESIAN_POINT('',(1.40603832971996,-0.471133029367285,-0.475));
#7112=CARTESIAN_POINT('',(1.40897767557937,-0.472492581033444,-0.475));
#7113=CARTESIAN_POINT('',(1.4124291522726,-0.474172289714691,-0.475));
#7114=CARTESIAN_POINT('',(1.4163690288848,-0.476188578735163,-0.475));
#7115=CARTESIAN_POINT('',(1.42078857284447,-0.478562892003997,-0.475));
#7116=CARTESIAN_POINT('',(1.42567376205128,-0.481314703410234,-0.475));
#7117=CARTESIAN_POINT('',(1.43101136587776,-0.484463586483199,-0.475));
#7118=CARTESIAN_POINT('',(1.43678715992467,-0.488028581472042,-0.475));
#7119=CARTESIAN_POINT('',(1.44298645908991,-0.492028359108702,-0.475));
#7120=CARTESIAN_POINT('',(1.44959397644858,-0.496481152893139,-0.475));
#7121=CARTESIAN_POINT('',(1.4565938777478,-0.501404758642015,-0.475));
#7122=CARTESIAN_POINT('',(1.46396978041558,-0.506816515497014,-0.475));
#7123=CARTESIAN_POINT('',(1.47170476907387,-0.512733291317374,-0.475));
#7124=CARTESIAN_POINT('',(1.47978140649307,-0.519171472353407,-0.475));
#7125=CARTESIAN_POINT('',(1.48818174787957,-0.526146932120785,-0.475));
#7126=CARTESIAN_POINT('',(1.49688734866106,-0.533675084343697,-0.475));
#7127=CARTESIAN_POINT('',(1.50587929798576,-0.54177061062223,-0.475));
#7128=CARTESIAN_POINT('',(1.51513815465575,-0.55044845023074,-0.475));
#7129=CARTESIAN_POINT('',(1.52464426199214,-0.559719909679541,-0.475));
#7130=CARTESIAN_POINT('',(1.53437660103747,-0.569607619660033,-0.475));
#7131=CARTESIAN_POINT('',(1.54128814673147,-0.576894282335735,-0.475));
#7132=CARTESIAN_POINT('',(1.54494914329923,-0.580864520142251,-0.475));
#7133=CARTESIAN_POINT('',(1.54530047856881,-0.58124644595475,-0.475));
#7134=CARTESIAN_POINT('',(1.22187383461392,-0.609041784105058,-0.475));
#7135=CARTESIAN_POINT('',(1.268810460783,-0.632477743869187,-0.475));
#7136=CARTESIAN_POINT('',(1.31994817795851,-0.65801135333309,-0.475));
#7137=CARTESIAN_POINT('',(1.32148412468111,-0.65866060683382,-0.475));
#7138=CARTESIAN_POINT('',(1.3230236618511,-0.659343792459609,-0.475));
#7139=CARTESIAN_POINT('',(1.32486558869219,-0.660101155531925,-0.475));
#7140=CARTESIAN_POINT('',(1.32736059745976,-0.661077877646627,-0.475));
#7141=CARTESIAN_POINT('',(1.33040037705171,-0.662194960833547,-0.475));
#7142=CARTESIAN_POINT('',(1.33402867302553,-0.663447790009512,-0.475));
#7143=CARTESIAN_POINT('',(1.33824031813427,-0.664807971839831,-0.475));
#7144=CARTESIAN_POINT('',(1.34304430065095,-0.666254168330408,-0.475));
#7145=CARTESIAN_POINT('',(1.34844447557236,-0.667762694240028,-0.475));
#7146=CARTESIAN_POINT('',(1.35444532800741,-0.669310353526964,-0.475));
#7147=CARTESIAN_POINT('',(1.36105026327623,-0.670873624532764,-0.475));
#7148=CARTESIAN_POINT('',(1.3682620996447,-0.672428921120991,-0.475));
#7149=CARTESIAN_POINT('',(1.37608292065602,-0.67395254077191,-0.475));
#7150=CARTESIAN_POINT('',(1.38451411334525,-0.675420703435309,-0.475));
#7151=CARTESIAN_POINT('',(1.39355635410932,-0.676809564258766,-0.475));
#7152=CARTESIAN_POINT('',(1.40320960934733,-0.678095234886102,-0.475));
#7153=CARTESIAN_POINT('',(1.41347313590471,-0.679253798505317,-0.475));
#7154=CARTESIAN_POINT('',(1.4243454691668,-0.680261341960588,-0.475));
#7155=CARTESIAN_POINT('',(1.43582446600032,-0.681093923820858,-0.475));
#7156=CARTESIAN_POINT('',(1.44790713587273,-0.681727790635619,-0.475));
#7157=CARTESIAN_POINT('',(1.46059029544334,-0.682138631739777,-0.475));
#7158=CARTESIAN_POINT('',(1.47386804025132,-0.682304552852275,-0.475));
#7159=CARTESIAN_POINT('',(1.4877415099647,-0.682194689010426,-0.475));
#7160=CARTESIAN_POINT('',(1.49778115938361,-0.681929441248926,-0.475));
#7161=CARTESIAN_POINT('',(1.50317725695849,-0.681710774671975,-0.475));
#7162=CARTESIAN_POINT('',(1.503695750842,-0.681689143891634,-0.475));
#7163=CARTESIAN_POINT('',(1.27381034587799,-0.63496908771857,-0.475));
#7164=CARTESIAN_POINT('',(1.24735267006683,-0.687992325447002,-0.475));
#7165=CARTESIAN_POINT('',(1.19546441177382,-0.659372734257537,-0.475));
#7166=CARTESIAN_POINT('',(3.85312837131571E-14,-2.17327562027779E-14,-0.475));
#7167=CARTESIAN_POINT('',(1.16876574431674,-0.705616182787587,-0.475));
#7168=CARTESIAN_POINT('',(1.21949516647925,-0.736242937032727,-0.475));
#7169=CARTESIAN_POINT('',(1.18680453352111,-0.785667575274498,-0.475));
#7170=CARTESIAN_POINT('',(1.13838257430814,-0.753652888942634,-0.475));
#7171=CARTESIAN_POINT('',(1.18214702391048,-0.782583219690927,-0.475));
#7172=CARTESIAN_POINT('',(1.22982863694429,-0.814102977124506,-0.475));
#7173=CARTESIAN_POINT('',(1.23115888033071,-0.815108519254773,-0.475));
#7174=CARTESIAN_POINT('',(1.23252030502314,-0.816100204741161,-0.475));
#7175=CARTESIAN_POINT('',(1.23409716410421,-0.817316678641305,-0.475));
#7176=CARTESIAN_POINT('',(1.23619053465176,-0.818989058559332,-0.475));
#7177=CARTESIAN_POINT('',(1.23867784686575,-0.821063043314406,-0.475));
#7178=CARTESIAN_POINT('',(1.24157697674564,-0.823578825212199,-0.475));
#7179=CARTESIAN_POINT('',(1.24486075131884,-0.826546125952929,-0.475));
#7180=CARTESIAN_POINT('',(1.24851518547688,-0.829983398606426,-0.475));
#7181=CARTESIAN_POINT('',(1.25252169469759,-0.833905824318439,-0.475));
#7182=CARTESIAN_POINT('',(1.256862433174,-0.838328885328087,-0.475));
#7183=CARTESIAN_POINT('',(1.26151873321243,-0.843267291558331,-0.475));
#7184=CARTESIAN_POINT('',(1.26647157775249,-0.848735276767247,-0.475));
#7185=CARTESIAN_POINT('',(1.27170148158155,-0.854746496616042,-0.475));
#7186=CARTESIAN_POINT('',(1.27718854408956,-0.861314042337424,-0.475));
#7187=CARTESIAN_POINT('',(1.28291245322702,-0.868450422134509,-0.475));
#7188=CARTESIAN_POINT('',(1.2888525042702,-0.876167551086173,-0.475));
#7189=CARTESIAN_POINT('',(1.29498761307504,-0.884476744007678,-0.475));
#7190=CARTESIAN_POINT('',(1.30129633793376,-0.893388689083419,-0.475));
#7191=CARTESIAN_POINT('',(1.30775687339224,-0.902913501021074,-0.475));
#7192=CARTESIAN_POINT('',(1.31434715309265,-0.913060466668742,-0.475));
#7193=CARTESIAN_POINT('',(1.32104453171107,-0.923838984505064,-0.475));
#7194=CARTESIAN_POINT('',(1.32782709601351,-0.935254888257496,-0.475));
#7195=CARTESIAN_POINT('',(1.3346686859922,-0.947324597388837,-0.475));
#7196=CARTESIAN_POINT('',(1.3394587994019,-0.956151812711458,-0.475));
#7197=CARTESIAN_POINT('',(1.34196747737874,-0.960934303581071,-0.475));
#7198=CARTESIAN_POINT('',(1.34220799151522,-0.961394147846073,-0.475));
#7199=CARTESIAN_POINT('',(1.02260788033084,-0.904533407666776,-0.475));
#7200=CARTESIAN_POINT('',(1.06187950701922,-0.939318899232236,-0.475));
#7201=CARTESIAN_POINT('',(1.10466616431703,-0.977217887179885,-0.475));
#7202=CARTESIAN_POINT('',(1.10598173575311,-0.978242550168121,-0.475));
#7203=CARTESIAN_POINT('',(1.10729199301484,-0.979300918348457,-0.475));
#7204=CARTESIAN_POINT('',(1.10887513773362,-0.980509200646046,-0.475));
#7205=CARTESIAN_POINT('',(1.11103233685397,-0.982098397548488,-0.475));
#7206=CARTESIAN_POINT('',(1.11367941606432,-0.983964169900158,-0.475));
#7207=CARTESIAN_POINT('',(1.11685982479986,-0.986113382056444,-0.475));
#7208=CARTESIAN_POINT('',(1.12057592061906,-0.988517270780153,-0.475));
#7209=CARTESIAN_POINT('',(1.12484190820624,-0.991157551487947,-0.475));
#7210=CARTESIAN_POINT('',(1.12966764139387,-0.994012343740222,-0.475));
#7211=CARTESIAN_POINT('',(1.13506345604185,-0.997060402712809,-0.475));
#7212=CARTESIAN_POINT('',(1.14103872929001,-1.00027988959004,-0.475));
#7213=CARTESIAN_POINT('',(1.14760228791547,-1.00364875133447,-0.475));
#7214=CARTESIAN_POINT('',(1.15476227912993,-1.0071446323308,-0.475));
#7215=CARTESIAN_POINT('',(1.16252619743629,-1.01074492180548,-0.475));
#7216=CARTESIAN_POINT('',(1.17090086768572,-1.01442676246412,-0.475));
#7217=CARTESIAN_POINT('',(1.17989244018379,-1.01816707122999,-0.475));
#7218=CARTESIAN_POINT('',(1.18950638722475,-1.02194255389416,-0.475));
#7219=CARTESIAN_POINT('',(1.19974748327963,-1.02572973305164,-0.475));
#7220=CARTESIAN_POINT('',(1.21061985473897,-1.02950492837216,-0.475));
#7221=CARTESIAN_POINT('',(1.22212676081554,-1.03324442177764,-0.475));
#7222=CARTESIAN_POINT('',(1.23427141870147,-1.03692390705959,-0.475));
#7223=CARTESIAN_POINT('',(1.24705379178248,-1.0405207077796,-0.475));
#7224=CARTESIAN_POINT('',(1.26048296933351,-1.04400530564086,-0.475));
#7225=CARTESIAN_POINT('',(1.27024917716647,-1.04634754845342,-0.475));
#7226=CARTESIAN_POINT('',(1.27551800224986,-1.04753294558101,-0.475));
#7227=CARTESIAN_POINT('',(1.27602442734063,-1.04764624794346,-0.475));
#7228=CARTESIAN_POINT('',(1.06606421792482,-0.943019418084429,-0.475));
#7229=CARTESIAN_POINT('',(1.02678464179813,-0.98738818241071,-0.475));
#7230=CARTESIAN_POINT('',(0.984071728294634,-0.946314110679541,-0.475));
#7231=CARTESIAN_POINT('',(3.15935108507609E-14,-3.09648605499208E-14,-0.475));
#7232=CARTESIAN_POINT('',(0.946314110679541,-0.984071728294635,-0.475));
#7233=CARTESIAN_POINT('',(0.98738818241071,-1.02678464179813,-0.475));
#7234=CARTESIAN_POINT('',(0.943019418084429,-1.06606421792482,-0.475));
#7235=CARTESIAN_POINT('',(0.904533407666776,-1.02260788033084,-0.475));
#7236=CARTESIAN_POINT('',(0.939318899232235,-1.06187950701922,-0.475));
#7237=CARTESIAN_POINT('',(0.977217887179885,-1.10466616431703,-0.475));
#7238=CARTESIAN_POINT('',(0.97824255016812,-1.10598173575311,-0.475));
#7239=CARTESIAN_POINT('',(0.979300918348456,-1.10729199301484,-0.475));
#7240=CARTESIAN_POINT('',(0.980509200646046,-1.10887513773362,-0.475));
#7241=CARTESIAN_POINT('',(0.982098397548488,-1.11103233685397,-0.475));
#7242=CARTESIAN_POINT('',(0.983964169900157,-1.11367941606432,-0.475));
#7243=CARTESIAN_POINT('',(0.986113382056444,-1.11685982479986,-0.475));
#7244=CARTESIAN_POINT('',(0.988517270780152,-1.12057592061906,-0.475));
#7245=CARTESIAN_POINT('',(0.991157551487947,-1.12484190820624,-0.475));
#7246=CARTESIAN_POINT('',(0.994012343740222,-1.12966764139387,-0.475));
#7247=CARTESIAN_POINT('',(0.997060402712809,-1.13506345604185,-0.475));
#7248=CARTESIAN_POINT('',(1.00027988959004,-1.14103872929001,-0.475));
#7249=CARTESIAN_POINT('',(1.00364875133447,-1.14760228791547,-0.475));
#7250=CARTESIAN_POINT('',(1.0071446323308,-1.15476227912993,-0.475));
#7251=CARTESIAN_POINT('',(1.01074492180547,-1.16252619743629,-0.475));
#7252=CARTESIAN_POINT('',(1.01442676246411,-1.17090086768572,-0.475));
#7253=CARTESIAN_POINT('',(1.01816707122999,-1.17989244018379,-0.475));
#7254=CARTESIAN_POINT('',(1.02194255389416,-1.18950638722475,-0.475));
#7255=CARTESIAN_POINT('',(1.02572973305164,-1.19974748327963,-0.475));
#7256=CARTESIAN_POINT('',(1.02950492837216,-1.21061985473897,-0.475));
#7257=CARTESIAN_POINT('',(1.03324442177764,-1.22212676081554,-0.475));
#7258=CARTESIAN_POINT('',(1.03692390705959,-1.23427141870147,-0.475));
#7259=CARTESIAN_POINT('',(1.0405207077796,-1.24705379178248,-0.475));
#7260=CARTESIAN_POINT('',(1.04400530564085,-1.26048296933351,-0.475));
#7261=CARTESIAN_POINT('',(1.04634754845342,-1.27024917716647,-0.475));
#7262=CARTESIAN_POINT('',(1.04753294558101,-1.27551800224986,-0.475));
#7263=CARTESIAN_POINT('',(1.04764624794346,-1.27602442734063,-0.475));
#7264=CARTESIAN_POINT('',(0.753652888942633,-1.13838257430814,-0.475));
#7265=CARTESIAN_POINT('',(0.782583219690927,-1.18214702391048,-0.475));
#7266=CARTESIAN_POINT('',(0.814102977124505,-1.22982863694429,-0.475));
#7267=CARTESIAN_POINT('',(0.815108519254772,-1.23115888033071,-0.475));
#7268=CARTESIAN_POINT('',(0.81610020474116,-1.23252030502314,-0.475));
#7269=CARTESIAN_POINT('',(0.817316678641304,-1.23409716410421,-0.475));
#7270=CARTESIAN_POINT('',(0.818989058559331,-1.23619053465176,-0.475));
#7271=CARTESIAN_POINT('',(0.821063043314405,-1.23867784686575,-0.475));
#7272=CARTESIAN_POINT('',(0.823578825212199,-1.24157697674565,-0.475));
#7273=CARTESIAN_POINT('',(0.826546125952929,-1.24486075131884,-0.475));
#7274=CARTESIAN_POINT('',(0.829983398606425,-1.24851518547688,-0.475));
#7275=CARTESIAN_POINT('',(0.833905824318439,-1.25252169469759,-0.475));
#7276=CARTESIAN_POINT('',(0.838328885328086,-1.256862433174,-0.475));
#7277=CARTESIAN_POINT('',(0.843267291558331,-1.26151873321243,-0.475));
#7278=CARTESIAN_POINT('',(0.848735276767247,-1.26647157775249,-0.475));
#7279=CARTESIAN_POINT('',(0.854746496616042,-1.27170148158155,-0.475));
#7280=CARTESIAN_POINT('',(0.861314042337424,-1.27718854408956,-0.475));
#7281=CARTESIAN_POINT('',(0.868450422134509,-1.28291245322702,-0.475));
#7282=CARTESIAN_POINT('',(0.876167551086173,-1.2888525042702,-0.475));
#7283=CARTESIAN_POINT('',(0.884476744007678,-1.29498761307504,-0.475));
#7284=CARTESIAN_POINT('',(0.893388689083418,-1.30129633793376,-0.475));
#7285=CARTESIAN_POINT('',(0.902913501021073,-1.30775687339224,-0.475));
#7286=CARTESIAN_POINT('',(0.913060466668742,-1.31434715309265,-0.475));
#7287=CARTESIAN_POINT('',(0.923838984505063,-1.32104453171107,-0.475));
#7288=CARTESIAN_POINT('',(0.935254888257496,-1.32782709601351,-0.475));
#7289=CARTESIAN_POINT('',(0.947324597388837,-1.3346686859922,-0.475));
#7290=CARTESIAN_POINT('',(0.956151812711457,-1.3394587994019,-0.475));
#7291=CARTESIAN_POINT('',(0.96093430358107,-1.34196747737874,-0.475));
#7292=CARTESIAN_POINT('',(0.961394147846073,-1.34220799151522,-0.475));
#7293=CARTESIAN_POINT('',(0.785667575274497,-1.18680453352111,-0.475));
#7294=CARTESIAN_POINT('',(0.736242937032727,-1.21949516647925,-0.475));
#7295=CARTESIAN_POINT('',(0.705616182787586,-1.16876574431674,-0.475));
#7296=CARTESIAN_POINT('',(2.25026924346307E-14,-3.80867608224381E-14,-0.475));
#7297=CARTESIAN_POINT('',(0.659372734257536,-1.19546441177383,-0.475));
#7298=CARTESIAN_POINT('',(0.687992325447002,-1.24735267006683,-0.475));
#7299=CARTESIAN_POINT('',(0.63496908771857,-1.27381034587799,-0.475));
#7300=CARTESIAN_POINT('',(0.609041784105057,-1.22187383461392,-0.475));
#7301=CARTESIAN_POINT('',(0.632477743869186,-1.268810460783,-0.475));
#7302=CARTESIAN_POINT('',(0.658011353333089,-1.31994817795851,-0.475));
#7303=CARTESIAN_POINT('',(0.658660606833819,-1.32148412468111,-0.475));
#7304=CARTESIAN_POINT('',(0.659343792459608,-1.3230236618511,-0.475));
#7305=CARTESIAN_POINT('',(0.660101155531924,-1.32486558869219,-0.475));
#7306=CARTESIAN_POINT('',(0.661077877646626,-1.32736059745976,-0.475));
#7307=CARTESIAN_POINT('',(0.662194960833546,-1.33040037705171,-0.475));
#7308=CARTESIAN_POINT('',(0.663447790009511,-1.33402867302553,-0.475));
#7309=CARTESIAN_POINT('',(0.664807971839831,-1.33824031813427,-0.475));
#7310=CARTESIAN_POINT('',(0.666254168330408,-1.34304430065095,-0.475));
#7311=CARTESIAN_POINT('',(0.667762694240028,-1.34844447557236,-0.475));
#7312=CARTESIAN_POINT('',(0.669310353526963,-1.35444532800741,-0.475));
#7313=CARTESIAN_POINT('',(0.670873624532763,-1.36105026327623,-0.475));
#7314=CARTESIAN_POINT('',(0.67242892112099,-1.3682620996447,-0.475));
#7315=CARTESIAN_POINT('',(0.673952540771909,-1.37608292065602,-0.475));
#7316=CARTESIAN_POINT('',(0.675420703435308,-1.38451411334525,-0.475));
#7317=CARTESIAN_POINT('',(0.676809564258765,-1.39355635410932,-0.475));
#7318=CARTESIAN_POINT('',(0.678095234886102,-1.40320960934733,-0.475));
#7319=CARTESIAN_POINT('',(0.679253798505316,-1.41347313590471,-0.475));
#7320=CARTESIAN_POINT('',(0.680261341960587,-1.4243454691668,-0.475));
#7321=CARTESIAN_POINT('',(0.681093923820857,-1.43582446600032,-0.475));
#7322=CARTESIAN_POINT('',(0.681727790635618,-1.44790713587273,-0.475));
#7323=CARTESIAN_POINT('',(0.682138631739776,-1.46059029544334,-0.475));
#7324=CARTESIAN_POINT('',(0.682304552852274,-1.47386804025132,-0.475));
#7325=CARTESIAN_POINT('',(0.682194689010426,-1.4877415099647,-0.475));
#7326=CARTESIAN_POINT('',(0.681929441248925,-1.49778115938361,-0.475));
#7327=CARTESIAN_POINT('',(0.681710774671974,-1.50317725695849,-0.475));
#7328=CARTESIAN_POINT('',(0.681689143891634,-1.503695750842,-0.475));
#7329=CARTESIAN_POINT('',(0.433337698643275,-1.29465284977655,-0.475));
#7330=CARTESIAN_POINT('',(0.449955179220619,-1.34441378249956,-0.475));
#7331=CARTESIAN_POINT('',(0.468060017409723,-1.39862859748885,-0.475));
#7332=CARTESIAN_POINT('',(0.46868700419974,-1.40017376738502,-0.475));
#7333=CARTESIAN_POINT('',(0.469292536183725,-1.40174546974661,-0.475));
#7334=CARTESIAN_POINT('',(0.470059438579259,-1.40358344527066,-0.475));
#7335=CARTESIAN_POINT('',(0.471133029367285,-1.40603832971996,-0.475));
#7336=CARTESIAN_POINT('',(0.472492581033444,-1.40897767557937,-0.475));
#7337=CARTESIAN_POINT('',(0.474172289714691,-1.4124291522726,-0.475));
#7338=CARTESIAN_POINT('',(0.476188578735163,-1.4163690288848,-0.475));
#7339=CARTESIAN_POINT('',(0.478562892003997,-1.42078857284447,-0.475));
#7340=CARTESIAN_POINT('',(0.481314703410234,-1.42567376205128,-0.475));
#7341=CARTESIAN_POINT('',(0.484463586483199,-1.43101136587776,-0.475));
#7342=CARTESIAN_POINT('',(0.488028581472042,-1.43678715992467,-0.475));
#7343=CARTESIAN_POINT('',(0.492028359108702,-1.44298645908991,-0.475));
#7344=CARTESIAN_POINT('',(0.496481152893139,-1.44959397644858,-0.475));
#7345=CARTESIAN_POINT('',(0.501404758642015,-1.4565938777478,-0.475));
#7346=CARTESIAN_POINT('',(0.506816515497014,-1.46396978041558,-0.475));
#7347=CARTESIAN_POINT('',(0.512733291317374,-1.47170476907387,-0.475));
#7348=CARTESIAN_POINT('',(0.519171472353407,-1.47978140649307,-0.475));
#7349=CARTESIAN_POINT('',(0.526146932120785,-1.48818174787957,-0.475));
#7350=CARTESIAN_POINT('',(0.533675084343697,-1.49688734866106,-0.475));
#7351=CARTESIAN_POINT('',(0.54177061062223,-1.50587929798576,-0.475));
#7352=CARTESIAN_POINT('',(0.55044845023074,-1.51513815465575,-0.475));
#7353=CARTESIAN_POINT('',(0.559719909679541,-1.52464426199214,-0.475));
#7354=CARTESIAN_POINT('',(0.569607619660033,-1.53437660103747,-0.475));
#7355=CARTESIAN_POINT('',(0.576894282335735,-1.54128814673147,-0.475));
#7356=CARTESIAN_POINT('',(0.580864520142251,-1.54494914329923,-0.475));
#7357=CARTESIAN_POINT('',(0.581246445954751,-1.54530047856881,-0.475));
#7358=CARTESIAN_POINT('',(0.451728985746272,-1.34971088128554,-0.475));
#7359=CARTESIAN_POINT('',(0.395527492807527,-1.36849557026328,-0.475));
#7360=CARTESIAN_POINT('',(0.37907406050944,-1.31156792395548,-0.475));
#7361=CARTESIAN_POINT('',(1.18783527165379E-14,-4.26131112862544E-14,-0.475));
#7362=CARTESIAN_POINT('',(0.0870058126670463,1.42063666809104,0.475));
#7363=CARTESIAN_POINT('',(0.0870058126670463,1.42063666809104,-0.475));
#7364=CARTESIAN_POINT('',(0.0881614569580432,1.43963139243824,0.475));
#7365=CARTESIAN_POINT('',(0.0881614569580432,1.43963139243824,-0.475));
#7366=CARTESIAN_POINT('',(0.0901903658688133,1.47262210037368,0.475));
#7367=CARTESIAN_POINT('',(0.0901903658688133,1.47262210037368,-0.475));
#7368=CARTESIAN_POINT('',(0.0903659938927359,1.47459504568388,0.475));
#7369=CARTESIAN_POINT('',(0.0903659938927359,1.47459504568388,-0.475));
#7370=CARTESIAN_POINT('',(0.0915294598060546,1.48258120252366,0.475));
#7371=CARTESIAN_POINT('',(0.0915294598060546,1.48258120252366,-0.475));
#7372=CARTESIAN_POINT('',(0.0938911049895871,1.49408860504857,0.475));
#7373=CARTESIAN_POINT('',(0.0938911049895871,1.49408860504857,-0.475));
#7374=CARTESIAN_POINT('',(0.0984737626244757,1.51152231021061,0.475));
#7375=CARTESIAN_POINT('',(0.0984737626244757,1.51152231021061,-0.475));
#7376=CARTESIAN_POINT('',(0.106400795024429,1.53491595116971,0.475));
#7377=CARTESIAN_POINT('',(0.106400795024429,1.53491595116971,-0.475));
#7378=CARTESIAN_POINT('',(0.116690219636339,1.56024133731474,0.475));
#7379=CARTESIAN_POINT('',(0.116690219636339,1.56024133731474,-0.475));
#7380=CARTESIAN_POINT('',(0.133492051438045,1.59582374271026,0.475));
#7381=CARTESIAN_POINT('',(0.133492051438045,1.59582374271026,-0.475));
#7382=CARTESIAN_POINT('',(0.149372761118614,1.62398493785389,0.475));
#7383=CARTESIAN_POINT('',(0.149372761118614,1.62398493785389,-0.475));
#7384=CARTESIAN_POINT('',(0.161487759326781,1.6430832917377,0.475));
#7385=CARTESIAN_POINT('',(0.161487759326781,1.6430832917377,-0.475));
#7386=CARTESIAN_POINT('',(0.0870058123568844,1.42063666299307,0.475));
#7387=CARTESIAN_POINT('',(-0.087005812667046,1.42063666809103,0.475));
#7388=CARTESIAN_POINT('',(-0.087005812667046,1.42063666809103,-0.474999999999999));
#7389=CARTESIAN_POINT('',(-0.088161456958043,1.43963139243823,0.475));
#7390=CARTESIAN_POINT('',(-0.088161456958043,1.43963139243823,-0.474999999999999));
#7391=CARTESIAN_POINT('',(-0.0901903658688132,1.47262210037368,0.475));
#7392=CARTESIAN_POINT('',(-0.0901903658688132,1.47262210037368,-0.475));
#7393=CARTESIAN_POINT('',(-0.0903659938927357,1.47459504568388,0.475));
#7394=CARTESIAN_POINT('',(-0.0903659938927357,1.47459504568388,-0.474999999999999));
#7395=CARTESIAN_POINT('',(-0.0915294598060544,1.48258120252366,0.475));
#7396=CARTESIAN_POINT('',(-0.0915294598060544,1.48258120252366,-0.475));
#7397=CARTESIAN_POINT('',(-0.0938911049895868,1.49408860504857,0.475));
#7398=CARTESIAN_POINT('',(-0.0938911049895868,1.49408860504857,-0.474999999999999));
#7399=CARTESIAN_POINT('',(-0.0984737626244756,1.51152231021061,0.475));
#7400=CARTESIAN_POINT('',(-0.0984737626244756,1.51152231021061,-0.474999999999999));
#7401=CARTESIAN_POINT('',(-0.106400795024429,1.53491595116971,0.475));
#7402=CARTESIAN_POINT('',(-0.106400795024429,1.53491595116971,-0.474999999999999));
#7403=CARTESIAN_POINT('',(-0.116690219636338,1.56024133731474,0.475));
#7404=CARTESIAN_POINT('',(-0.116690219636338,1.56024133731474,-0.474999999999999));
#7405=CARTESIAN_POINT('',(-0.133492051438045,1.59582374271026,0.475));
#7406=CARTESIAN_POINT('',(-0.133492051438045,1.59582374271026,-0.475));
#7407=CARTESIAN_POINT('',(-0.149372761118614,1.62398493785389,0.475));
#7408=CARTESIAN_POINT('',(-0.149372761118614,1.62398493785389,-0.474999999999999));
#7409=CARTESIAN_POINT('',(-0.161487759326781,1.6430832917377,0.475));
#7410=CARTESIAN_POINT('',(-0.161487759326781,1.6430832917377,-0.474999999999999));
#7411=CARTESIAN_POINT('',(-0.0870058123568842,1.42063666299307,-0.475));
#7412=CARTESIAN_POINT('',(-4.44522890719054E-16,4.42354486374086E-14,0.475));
#7413=CARTESIAN_POINT('',(-0.026698667457081,1.36498891704512,0.475));
#7414=CARTESIAN_POINT('',(0.0266986674570812,1.36498891704512,0.475));
#7415=CARTESIAN_POINT('',(0.0278575035875826,1.42423526247973,0.));
#7416=CARTESIAN_POINT('',(-0.0278575035875824,1.42423526247973,-8.67361737988404E-17));
#7417=CARTESIAN_POINT('',(1.34971088612953,-0.451728987365317,0.475));
#7418=CARTESIAN_POINT('',(1.34971088612953,-0.451728987365317,-0.475));
#7419=CARTESIAN_POINT('',(1.36775927818786,-0.457761450449522,0.475));
#7420=CARTESIAN_POINT('',(1.36775927818786,-0.457761450449522,-0.475));
#7421=CARTESIAN_POINT('',(1.39910073474338,-0.468259849490732,0.475));
#7422=CARTESIAN_POINT('',(1.39910073474338,-0.468259849490732,-0.475));
#7423=CARTESIAN_POINT('',(1.40096099769491,-0.468940128956084,0.475));
#7424=CARTESIAN_POINT('',(1.40096099769491,-0.468940128956084,-0.475));
#7425=CARTESIAN_POINT('',(1.40837390570256,-0.472130920217077,0.475));
#7426=CARTESIAN_POINT('',(1.40837390570256,-0.472130920217077,-0.475));
#7427=CARTESIAN_POINT('',(1.4188779642436,-0.477390429225489,0.475));
#7428=CARTESIAN_POINT('',(1.4188779642436,-0.477390429225489,-0.475));
#7429=CARTESIAN_POINT('',(1.43453155123442,-0.486329111510705,0.475));
#7430=CARTESIAN_POINT('',(1.43453155123442,-0.486329111510705,-0.475));
#7431=CARTESIAN_POINT('',(1.45507640625151,-0.500040756646159,0.475));
#7432=CARTESIAN_POINT('',(1.45507640625151,-0.500040756646159,-0.475));
#7433=CARTESIAN_POINT('',(1.47687575173701,-0.516534269875364,0.475));
#7434=CARTESIAN_POINT('',(1.47687575173701,-0.516534269875364,-0.475));
#7435=CARTESIAN_POINT('',(1.50689708200719,-0.541972997328516,0.475));
#7436=CARTESIAN_POINT('',(1.50689708200719,-0.541972997328516,-0.475));
#7437=CARTESIAN_POINT('',(1.52998847758026,-0.564601238584798,0.475));
#7438=CARTESIAN_POINT('',(1.52998847758026,-0.564601238584798,-0.475));
#7439=CARTESIAN_POINT('',(1.54530047856881,-0.58124644595475,0.475));
#7440=CARTESIAN_POINT('',(1.54530047856881,-0.58124644595475,-0.475));
#7441=CARTESIAN_POINT('',(1.34971088128555,-0.451728985746272,0.475));
#7442=CARTESIAN_POINT('',(1.39474840883523,-0.28364666438058,0.475));
#7443=CARTESIAN_POINT('',(1.39474840883523,-0.28364666438058,-0.475000000000001));
#7444=CARTESIAN_POINT('',(1.41339500639731,-0.28744659413143,0.475));
#7445=CARTESIAN_POINT('',(1.41339500639731,-0.28744659413143,-0.475000000000001));
#7446=CARTESIAN_POINT('',(1.44578670348661,-0.294025442140438,0.475));
#7447=CARTESIAN_POINT('',(1.44578670348661,-0.294025442140438,-0.475000000000001));
#7448=CARTESIAN_POINT('',(1.44773787819303,-0.294366434317536,0.475));
#7449=CARTESIAN_POINT('',(1.44773787819303,-0.294366434317536,-0.475000000000001));
#7450=CARTESIAN_POINT('',(1.45575304047406,-0.295309582031167,0.475));
#7451=CARTESIAN_POINT('',(1.45575304047406,-0.295309582031167,-0.475000000000001));
#7452=CARTESIAN_POINT('',(1.46747957651765,-0.296006742888968,0.475));
#7453=CARTESIAN_POINT('',(1.46747957651765,-0.296006742888968,-0.475000000000001));
#7454=CARTESIAN_POINT('',(1.48550532165466,-0.296092410449026,0.475));
#7455=CARTESIAN_POINT('',(1.48550532165466,-0.296092410449026,-0.475000000000001));
#7456=CARTESIAN_POINT('',(1.51015351058425,-0.294490204942588,0.475));
#7457=CARTESIAN_POINT('',(1.51015351058425,-0.294490204942588,-0.475000000000001));
#7458=CARTESIAN_POINT('',(1.53727905417518,-0.291106076231198,0.475));
#7459=CARTESIAN_POINT('',(1.53727905417518,-0.291106076231198,-0.475000000000001));
#7460=CARTESIAN_POINT('',(1.57599765257112,-0.284086157151885,0.475));
#7461=CARTESIAN_POINT('',(1.57599765257112,-0.284086157151885,-0.475000000000001));
#7462=CARTESIAN_POINT('',(1.60730950837444,-0.276035223167636,0.475));
#7463=CARTESIAN_POINT('',(1.60730950837444,-0.276035223167636,-0.475000000000001));
#7464=CARTESIAN_POINT('',(1.62889269389821,-0.269276051228168,0.475));
#7465=CARTESIAN_POINT('',(1.62889269389821,-0.269276051228168,-0.475000000000001));
#7466=CARTESIAN_POINT('',(1.3947484038307,-0.283646663360722,-0.475));
#7467=CARTESIAN_POINT('',(4.28432132664587E-14,-1.10196004354935E-14,0.475));
#7468=CARTESIAN_POINT('',(1.32538817118898,-0.327496195660845,0.475));
#7469=CARTESIAN_POINT('',(1.31156792395548,-0.37907406050944,0.475));
#7470=CARTESIAN_POINT('',(1.36849557026328,-0.395527492807527,0.));
#7471=CARTESIAN_POINT('',(1.38291567521824,-0.341710928465155,-8.67361737988404E-17));
#7472=CARTESIAN_POINT('',(1.42063666809104,-0.0870058126670465,0.475));
#7473=CARTESIAN_POINT('',(1.42063666809104,-0.0870058126670465,-0.474999999999999));
#7474=CARTESIAN_POINT('',(1.43963139243824,-0.0881614569580435,0.475));
#7475=CARTESIAN_POINT('',(1.43963139243824,-0.0881614569580435,-0.474999999999999));
#7476=CARTESIAN_POINT('',(1.47262210037368,-0.0901903658688136,0.475));
#7477=CARTESIAN_POINT('',(1.47262210037368,-0.0901903658688136,-0.475));
#7478=CARTESIAN_POINT('',(1.47459504568388,-0.0903659938927362,0.475));
#7479=CARTESIAN_POINT('',(1.47459504568388,-0.0903659938927362,-0.474999999999999));
#7480=CARTESIAN_POINT('',(1.48258120252366,-0.091529459806055,0.475));
#7481=CARTESIAN_POINT('',(1.48258120252366,-0.091529459806055,-0.475));
#7482=CARTESIAN_POINT('',(1.49408860504857,-0.0938911049895874,0.475));
#7483=CARTESIAN_POINT('',(1.49408860504857,-0.0938911049895874,-0.474999999999999));
#7484=CARTESIAN_POINT('',(1.51152231021061,-0.0984737626244762,0.475));
#7485=CARTESIAN_POINT('',(1.51152231021061,-0.0984737626244762,-0.475));
#7486=CARTESIAN_POINT('',(1.53491595116971,-0.106400795024429,0.475));
#7487=CARTESIAN_POINT('',(1.53491595116971,-0.106400795024429,-0.475));
#7488=CARTESIAN_POINT('',(1.56024133731474,-0.11669021963634,0.475));
#7489=CARTESIAN_POINT('',(1.56024133731474,-0.11669021963634,-0.474999999999999));
#7490=CARTESIAN_POINT('',(1.59582374271026,-0.13349205143804,0.475));
#7491=CARTESIAN_POINT('',(1.59582374271026,-0.13349205143804,-0.474999999999999));
#7492=CARTESIAN_POINT('',(1.62398493785389,-0.149372761118636,0.475));
#7493=CARTESIAN_POINT('',(1.62398493785389,-0.149372761118636,-0.474999999999999));
#7494=CARTESIAN_POINT('',(1.6430832917377,-0.161487759326781,0.475));
#7495=CARTESIAN_POINT('',(1.6430832917377,-0.161487759326781,-0.474999999999999));
#7496=CARTESIAN_POINT('',(1.42063666299307,-0.0870058123568847,0.475));
#7497=CARTESIAN_POINT('',(1.42063666809103,0.0870058126670457,0.475));
#7498=CARTESIAN_POINT('',(1.42063666809103,0.0870058126670457,-0.474999999999999));
#7499=CARTESIAN_POINT('',(1.43963139243823,0.0881614569580427,0.475));
#7500=CARTESIAN_POINT('',(1.43963139243823,0.0881614569580427,-0.474999999999999));
#7501=CARTESIAN_POINT('',(1.47262210037368,0.0901903658688129,0.475));
#7502=CARTESIAN_POINT('',(1.47262210037368,0.0901903658688129,-0.474999999999999));
#7503=CARTESIAN_POINT('',(1.47459504568388,0.0903659938927355,0.475));
#7504=CARTESIAN_POINT('',(1.47459504568388,0.0903659938927355,-0.474999999999999));
#7505=CARTESIAN_POINT('',(1.48258120252366,0.0915294598060542,0.475));
#7506=CARTESIAN_POINT('',(1.48258120252366,0.0915294598060542,-0.475));
#7507=CARTESIAN_POINT('',(1.49408860504857,0.0938911049895866,0.475));
#7508=CARTESIAN_POINT('',(1.49408860504857,0.0938911049895866,-0.474999999999999));
#7509=CARTESIAN_POINT('',(1.51152231021061,0.0984737626244753,0.475));
#7510=CARTESIAN_POINT('',(1.51152231021061,0.0984737626244753,-0.474999999999999));
#7511=CARTESIAN_POINT('',(1.53491595116971,0.106400795024428,0.475));
#7512=CARTESIAN_POINT('',(1.53491595116971,0.106400795024428,-0.474999999999999));
#7513=CARTESIAN_POINT('',(1.56024133731474,0.116690219636338,0.475));
#7514=CARTESIAN_POINT('',(1.56024133731474,0.116690219636338,-0.474999999999999));
#7515=CARTESIAN_POINT('',(1.59582374271026,0.133492051438044,0.475));
#7516=CARTESIAN_POINT('',(1.59582374271026,0.133492051438044,-0.475));
#7517=CARTESIAN_POINT('',(1.62398493785389,0.149372761118614,0.475));
#7518=CARTESIAN_POINT('',(1.62398493785389,0.149372761118614,-0.474999999999999));
#7519=CARTESIAN_POINT('',(1.6430832917377,0.161487759326781,0.475));
#7520=CARTESIAN_POINT('',(1.6430832917377,0.161487759326781,-0.474999999999999));
#7521=CARTESIAN_POINT('',(1.42063666299307,0.0870058123568839,-0.475));
#7522=CARTESIAN_POINT('',(4.42354486374086E-14,4.44522890719046E-16,0.475));
#7523=CARTESIAN_POINT('',(1.36498891704512,0.0266986674570808,0.475));
#7524=CARTESIAN_POINT('',(1.36498891704512,-0.0266986674570814,0.475));
#7525=CARTESIAN_POINT('',(1.42423526247973,-0.0278575035875829,0.));
#7526=CARTESIAN_POINT('',(1.42423526247973,0.0278575035875822,-8.67361737988404E-17));
#7527=CARTESIAN_POINT('',(1.39474840883523,0.283646664380579,0.475));
#7528=CARTESIAN_POINT('',(1.39474840883523,0.283646664380579,-0.475000000000001));
#7529=CARTESIAN_POINT('',(1.41339500639731,0.28744659413143,0.475));
#7530=CARTESIAN_POINT('',(1.41339500639731,0.28744659413143,-0.475000000000001));
#7531=CARTESIAN_POINT('',(1.44578670348661,0.294025442140438,0.475));
#7532=CARTESIAN_POINT('',(1.44578670348661,0.294025442140438,-0.475000000000001));
#7533=CARTESIAN_POINT('',(1.44773787819303,0.294366434317535,0.475));
#7534=CARTESIAN_POINT('',(1.44773787819303,0.294366434317535,-0.475000000000001));
#7535=CARTESIAN_POINT('',(1.45575304047406,0.295309582031166,0.475));
#7536=CARTESIAN_POINT('',(1.45575304047406,0.295309582031166,-0.475000000000001));
#7537=CARTESIAN_POINT('',(1.46747957651765,0.296006742888967,0.475));
#7538=CARTESIAN_POINT('',(1.46747957651765,0.296006742888967,-0.475000000000001));
#7539=CARTESIAN_POINT('',(1.48550532165466,0.296092410449024,0.475));
#7540=CARTESIAN_POINT('',(1.48550532165466,0.296092410449024,-0.475000000000001));
#7541=CARTESIAN_POINT('',(1.51015351058425,0.294490204942588,0.475));
#7542=CARTESIAN_POINT('',(1.51015351058425,0.294490204942588,-0.475));
#7543=CARTESIAN_POINT('',(1.53727905417518,0.291106076231196,0.475));
#7544=CARTESIAN_POINT('',(1.53727905417518,0.291106076231196,-0.475000000000001));
#7545=CARTESIAN_POINT('',(1.57599765257112,0.28408615715189,0.475));
#7546=CARTESIAN_POINT('',(1.57599765257112,0.28408615715189,-0.475));
#7547=CARTESIAN_POINT('',(1.60730950837444,0.276035223167613,0.475));
#7548=CARTESIAN_POINT('',(1.60730950837444,0.276035223167613,-0.475000000000001));
#7549=CARTESIAN_POINT('',(1.62889269389821,0.269276051228168,0.475));
#7550=CARTESIAN_POINT('',(1.62889269389821,0.269276051228168,-0.475000000000001));
#7551=CARTESIAN_POINT('',(1.3947484038307,0.283646663360721,0.475));
#7552=CARTESIAN_POINT('',(1.34971088612953,0.451728987365315,0.475));
#7553=CARTESIAN_POINT('',(1.34971088612953,0.451728987365315,-0.474999999999999));
#7554=CARTESIAN_POINT('',(1.36775927818786,0.457761450449521,0.475));
#7555=CARTESIAN_POINT('',(1.36775927818786,0.457761450449521,-0.474999999999999));
#7556=CARTESIAN_POINT('',(1.39910073474338,0.468259849490731,0.475));
#7557=CARTESIAN_POINT('',(1.39910073474338,0.468259849490731,-0.474999999999999));
#7558=CARTESIAN_POINT('',(1.40096099769491,0.468940128956082,0.475));
#7559=CARTESIAN_POINT('',(1.40096099769491,0.468940128956082,-0.474999999999999));
#7560=CARTESIAN_POINT('',(1.40837390570256,0.472130920217077,0.475));
#7561=CARTESIAN_POINT('',(1.40837390570256,0.472130920217077,-0.474999999999999));
#7562=CARTESIAN_POINT('',(1.4188779642436,0.477390429225487,0.475));
#7563=CARTESIAN_POINT('',(1.4188779642436,0.477390429225487,-0.474999999999999));
#7564=CARTESIAN_POINT('',(1.43453155123442,0.486329111510706,0.475));
#7565=CARTESIAN_POINT('',(1.43453155123442,0.486329111510706,-0.474999999999999));
#7566=CARTESIAN_POINT('',(1.45507640625151,0.500040756646157,0.475));
#7567=CARTESIAN_POINT('',(1.45507640625151,0.500040756646157,-0.474999999999999));
#7568=CARTESIAN_POINT('',(1.47687575173701,0.516534269875361,0.475));
#7569=CARTESIAN_POINT('',(1.47687575173701,0.516534269875361,-0.474999999999999));
#7570=CARTESIAN_POINT('',(1.5068970820072,0.541972997328524,0.475));
#7571=CARTESIAN_POINT('',(1.5068970820072,0.541972997328524,-0.474999999999999));
#7572=CARTESIAN_POINT('',(1.52998847758026,0.564601238584757,0.475));
#7573=CARTESIAN_POINT('',(1.52998847758026,0.564601238584757,-0.474999999999999));
#7574=CARTESIAN_POINT('',(1.54530047856881,0.58124644595475,0.475));
#7575=CARTESIAN_POINT('',(1.54530047856881,0.58124644595475,-0.474999999999999));
#7576=CARTESIAN_POINT('',(1.34971088128554,0.451728985746271,-0.475));
#7577=CARTESIAN_POINT('',(4.26131112862544E-14,1.18783527165379E-14,0.475));
#7578=CARTESIAN_POINT('',(1.31156792395548,0.37907406050944,0.475));
#7579=CARTESIAN_POINT('',(1.32538817118898,0.327496195660844,0.475));
#7580=CARTESIAN_POINT('',(1.38291567521824,0.341710928465154,0.));
#7581=CARTESIAN_POINT('',(1.36849557026328,0.395527492807527,-8.67361737988404E-17));
#7582=CARTESIAN_POINT('',(1.27381035044804,0.634969089998946,0.475));
#7583=CARTESIAN_POINT('',(1.27381035044804,0.634969089998946,-0.475));
#7584=CARTESIAN_POINT('',(1.2908380864161,0.643465634858804,0.475));
#7585=CARTESIAN_POINT('',(1.2908380864161,0.643465634858804,-0.475));
#7586=CARTESIAN_POINT('',(1.32042333203241,0.658203902167836,0.475));
#7587=CARTESIAN_POINT('',(1.32042333203241,0.658203902167836,-0.475));
#7588=CARTESIAN_POINT('',(1.32221976680328,0.6590382764926,0.475));
#7589=CARTESIAN_POINT('',(1.32221976680328,0.6590382764926,-0.475));
#7590=CARTESIAN_POINT('',(1.3297177144618,0.662023763875123,0.475));
#7591=CARTESIAN_POINT('',(1.3297177144618,0.662023763875123,-0.475));
#7592=CARTESIAN_POINT('',(1.34086423997171,0.665732220413913,0.475));
#7593=CARTESIAN_POINT('',(1.34086423997171,0.665732220413913,-0.475));
#7594=CARTESIAN_POINT('',(1.35825360034157,0.670480375066269,0.475));
#7595=CARTESIAN_POINT('',(1.35825360034157,0.670480375066269,-0.475));
#7596=CARTESIAN_POINT('',(1.38247660389914,0.675312184110843,0.475));
#7597=CARTESIAN_POINT('',(1.38247660389914,0.675312184110843,-0.475));
#7598=CARTESIAN_POINT('',(1.40955374396734,0.679063974079113,0.475));
#7599=CARTESIAN_POINT('',(1.40955374396734,0.679063974079113,-0.475));
#7600=CARTESIAN_POINT('',(1.44876992686847,0.6823043636065,0.475));
#7601=CARTESIAN_POINT('',(1.44876992686847,0.6823043636065,-0.475));
#7602=CARTESIAN_POINT('',(1.48109859210405,0.682631863164723,0.475));
#7603=CARTESIAN_POINT('',(1.48109859210405,0.682631863164723,-0.475));
#7604=CARTESIAN_POINT('',(1.503695750842,0.681689143891634,0.475));
#7605=CARTESIAN_POINT('',(1.503695750842,0.681689143891634,-0.475));
#7606=CARTESIAN_POINT('',(1.27381034587799,0.63496908771857,0.475));
#7607=CARTESIAN_POINT('',(1.18680453778099,0.78566757809209,0.475));
#7608=CARTESIAN_POINT('',(1.18680453778099,0.78566757809209,-0.475));
#7609=CARTESIAN_POINT('',(1.20267662945805,0.796165757579432,0.475));
#7610=CARTESIAN_POINT('',(1.20267662945805,0.796165757579432,-0.475));
#7611=CARTESIAN_POINT('',(1.2302329661636,0.814418198205847,0.475));
#7612=CARTESIAN_POINT('',(1.2302329661636,0.814418198205847,-0.475));
#7613=CARTESIAN_POINT('',(1.23185377291054,0.815556769191279,0.475));
#7614=CARTESIAN_POINT('',(1.23185377291054,0.815556769191279,-0.475));
#7615=CARTESIAN_POINT('',(1.23818825465575,0.820557438648542,0.475));
#7616=CARTESIAN_POINT('',(1.23818825465575,0.820557438648542,-0.475));
#7617=CARTESIAN_POINT('',(1.24697313498212,0.82835638463466,0.475));
#7618=CARTESIAN_POINT('',(1.24697313498212,0.82835638463466,-0.475));
#7619=CARTESIAN_POINT('',(1.25977983771709,0.841041935144338,0.475));
#7620=CARTESIAN_POINT('',(1.25977983771709,0.841041935144338,-0.475));
#7621=CARTESIAN_POINT('',(1.27607580887472,0.859603767058876,0.475));
#7622=CARTESIAN_POINT('',(1.27607580887472,0.859603767058876,-0.475));
#7623=CARTESIAN_POINT('',(1.292863524331,0.881177363235623,0.475));
#7624=CARTESIAN_POINT('',(1.292863524331,0.881177363235623,-0.475));
#7625=CARTESIAN_POINT('',(1.31527787543043,0.913519379103791,0.475));
#7626=CARTESIAN_POINT('',(1.31527787543043,0.913519379103791,-0.475));
#7627=CARTESIAN_POINT('',(1.33172583098544,0.941353074689019,0.475));
#7628=CARTESIAN_POINT('',(1.33172583098544,0.941353074689019,-0.475));
#7629=CARTESIAN_POINT('',(1.34220799151522,0.961394147846073,0.475));
#7630=CARTESIAN_POINT('',(1.34220799151522,0.961394147846073,-0.475));
#7631=CARTESIAN_POINT('',(1.18680453352111,0.785667575274497,-0.475));
#7632=CARTESIAN_POINT('',(3.80867608224381E-14,2.25026924346307E-14,0.475));
#7633=CARTESIAN_POINT('',(1.16876574431674,0.705616182787586,0.475));
#7634=CARTESIAN_POINT('',(1.19546441177383,0.659372734257536,0.475));
#7635=CARTESIAN_POINT('',(1.24735267006683,0.687992325447002,0.));
#7636=CARTESIAN_POINT('',(1.21949516647925,0.736242937032727,-8.67361737988404E-17));
#7637=CARTESIAN_POINT('',(0.78566757809209,1.18680453778099,0.475));
#7638=CARTESIAN_POINT('',(0.78566757809209,1.18680453778099,-0.475));
#7639=CARTESIAN_POINT('',(0.796165757579432,1.20267662945805,0.475));
#7640=CARTESIAN_POINT('',(0.796165757579432,1.20267662945805,-0.475));
#7641=CARTESIAN_POINT('',(0.814418198205848,1.2302329661636,0.475));
#7642=CARTESIAN_POINT('',(0.814418198205848,1.2302329661636,-0.475));
#7643=CARTESIAN_POINT('',(0.815556769191279,1.23185377291055,0.475));
#7644=CARTESIAN_POINT('',(0.815556769191279,1.23185377291055,-0.475));
#7645=CARTESIAN_POINT('',(0.820557438648544,1.23818825465575,0.475));
#7646=CARTESIAN_POINT('',(0.820557438648544,1.23818825465575,-0.475));
#7647=CARTESIAN_POINT('',(0.82835638463466,1.24697313498212,0.475));
#7648=CARTESIAN_POINT('',(0.82835638463466,1.24697313498212,-0.475));
#7649=CARTESIAN_POINT('',(0.841041935144339,1.25977983771709,0.475));
#7650=CARTESIAN_POINT('',(0.841041935144339,1.25977983771709,-0.475));
#7651=CARTESIAN_POINT('',(0.859603767058875,1.27607580887472,0.475));
#7652=CARTESIAN_POINT('',(0.859603767058875,1.27607580887472,-0.475));
#7653=CARTESIAN_POINT('',(0.881177363235625,1.292863524331,0.475));
#7654=CARTESIAN_POINT('',(0.881177363235625,1.292863524331,-0.475));
#7655=CARTESIAN_POINT('',(0.913519379103781,1.31527787543045,0.475));
#7656=CARTESIAN_POINT('',(0.913519379103781,1.31527787543045,-0.475));
#7657=CARTESIAN_POINT('',(0.941353074689063,1.33172583098535,0.475));
#7658=CARTESIAN_POINT('',(0.941353074689063,1.33172583098535,-0.475));
#7659=CARTESIAN_POINT('',(0.961394147846073,1.34220799151522,0.475));
#7660=CARTESIAN_POINT('',(0.961394147846073,1.34220799151522,-0.475));
#7661=CARTESIAN_POINT('',(0.785667575274498,1.18680453352111,0.475));
#7662=CARTESIAN_POINT('',(0.634969089998947,1.27381035044804,0.475));
#7663=CARTESIAN_POINT('',(0.634969089998947,1.27381035044804,-0.474999999999999));
#7664=CARTESIAN_POINT('',(0.643465634858805,1.2908380864161,0.475));
#7665=CARTESIAN_POINT('',(0.643465634858805,1.2908380864161,-0.474999999999999));
#7666=CARTESIAN_POINT('',(0.658203902167837,1.32042333203241,0.475));
#7667=CARTESIAN_POINT('',(0.658203902167837,1.32042333203241,-0.474999999999999));
#7668=CARTESIAN_POINT('',(0.659038276492601,1.32221976680328,0.475));
#7669=CARTESIAN_POINT('',(0.659038276492601,1.32221976680328,-0.474999999999999));
#7670=CARTESIAN_POINT('',(0.662023763875124,1.3297177144618,0.475));
#7671=CARTESIAN_POINT('',(0.662023763875124,1.3297177144618,-0.474999999999999));
#7672=CARTESIAN_POINT('',(0.665732220413912,1.34086423997171,0.475));
#7673=CARTESIAN_POINT('',(0.665732220413912,1.34086423997171,-0.474999999999999));
#7674=CARTESIAN_POINT('',(0.67048037506627,1.35825360034157,0.475));
#7675=CARTESIAN_POINT('',(0.67048037506627,1.35825360034157,-0.474999999999999));
#7676=CARTESIAN_POINT('',(0.675312184110844,1.38247660389915,0.475));
#7677=CARTESIAN_POINT('',(0.675312184110844,1.38247660389915,-0.474999999999999));
#7678=CARTESIAN_POINT('',(0.679063974079115,1.40955374396734,0.475));
#7679=CARTESIAN_POINT('',(0.679063974079115,1.40955374396734,-0.474999999999999));
#7680=CARTESIAN_POINT('',(0.682304363606493,1.44876992686847,0.475));
#7681=CARTESIAN_POINT('',(0.682304363606493,1.44876992686847,-0.474999999999999));
#7682=CARTESIAN_POINT('',(0.682631863164765,1.48109859210405,0.475));
#7683=CARTESIAN_POINT('',(0.682631863164765,1.48109859210405,-0.474999999999999));
#7684=CARTESIAN_POINT('',(0.681689143891634,1.503695750842,0.475));
#7685=CARTESIAN_POINT('',(0.681689143891634,1.503695750842,-0.474999999999999));
#7686=CARTESIAN_POINT('',(0.63496908771857,1.27381034587799,-0.475));
#7687=CARTESIAN_POINT('',(2.17327562027779E-14,3.85312837131571E-14,0.475));
#7688=CARTESIAN_POINT('',(0.659372734257537,1.19546441177383,0.475));
#7689=CARTESIAN_POINT('',(0.705616182787587,1.16876574431674,0.475));
#7690=CARTESIAN_POINT('',(0.736242937032727,1.21949516647925,0.));
#7691=CARTESIAN_POINT('',(0.687992325447002,1.24735267006683,-8.67361737988404E-17));
#7692=CARTESIAN_POINT('',(1.06606422174895,0.943019421469919,0.475));
#7693=CARTESIAN_POINT('',(1.06606422174895,0.943019421469919,-0.474999999999999));
#7694=CARTESIAN_POINT('',(1.08031268405643,0.95563355594779,0.475));
#7695=CARTESIAN_POINT('',(1.08031268405643,0.95563355594779,-0.474999999999999));
#7696=CARTESIAN_POINT('',(1.10507529260294,0.977526853995875,0.475));
#7697=CARTESIAN_POINT('',(1.10507529260294,0.977526853995875,-0.474999999999999));
#7698=CARTESIAN_POINT('',(1.10659456337737,0.978797749236941,0.475));
#7699=CARTESIAN_POINT('',(1.10659456337737,0.978797749236941,-0.474999999999999));
#7700=CARTESIAN_POINT('',(1.11306432367139,0.983622120256987,0.475));
#7701=CARTESIAN_POINT('',(1.11306432367139,0.983622120256987,-0.475));
#7702=CARTESIAN_POINT('',(1.12287122135463,0.99008914729216,0.475));
#7703=CARTESIAN_POINT('',(1.12287122135463,0.99008914729216,-0.474999999999999));
#7704=CARTESIAN_POINT('',(1.1384391407854,0.999176210143957,0.475));
#7705=CARTESIAN_POINT('',(1.1384391407854,0.999176210143957,-0.474999999999999));
#7706=CARTESIAN_POINT('',(1.16058620130892,1.01011275393809,0.475));
#7707=CARTESIAN_POINT('',(1.16058620130892,1.01011275393809,-0.475));
#7708=CARTESIAN_POINT('',(1.18576967550582,1.02074478429981,0.475));
#7709=CARTESIAN_POINT('',(1.18576967550582,1.02074478429981,-0.474999999999999));
#7710=CARTESIAN_POINT('',(1.22281092485528,1.0340246552426,0.475));
#7711=CARTESIAN_POINT('',(1.22281092485528,1.0340246552426,-0.475));
#7712=CARTESIAN_POINT('',(1.25395325441277,1.04270826978968,0.475));
#7713=CARTESIAN_POINT('',(1.25395325441277,1.04270826978968,-0.474999999999999));
#7714=CARTESIAN_POINT('',(1.27602442734063,1.04764624794346,0.475));
#7715=CARTESIAN_POINT('',(1.27602442734063,1.04764624794346,-0.474999999999999));
#7716=CARTESIAN_POINT('',(1.06606421792482,0.943019418084429,0.475));
#7717=CARTESIAN_POINT('',(0.943019421469919,1.06606422174895,0.475));
#7718=CARTESIAN_POINT('',(0.943019421469919,1.06606422174895,-0.475));
#7719=CARTESIAN_POINT('',(0.95563355594779,1.08031268405643,0.475));
#7720=CARTESIAN_POINT('',(0.95563355594779,1.08031268405643,-0.475));
#7721=CARTESIAN_POINT('',(0.977526853995875,1.10507529260294,0.475));
#7722=CARTESIAN_POINT('',(0.977526853995875,1.10507529260294,-0.474999999999999));
#7723=CARTESIAN_POINT('',(0.978797749236942,1.10659456337737,0.475));
#7724=CARTESIAN_POINT('',(0.978797749236942,1.10659456337737,-0.475));
#7725=CARTESIAN_POINT('',(0.983622120256987,1.11306432367139,0.475));
#7726=CARTESIAN_POINT('',(0.983622120256987,1.11306432367139,-0.475));
#7727=CARTESIAN_POINT('',(0.99008914729216,1.12287122135463,0.475));
#7728=CARTESIAN_POINT('',(0.99008914729216,1.12287122135463,-0.475));
#7729=CARTESIAN_POINT('',(0.999176210143955,1.1384391407854,0.475));
#7730=CARTESIAN_POINT('',(0.999176210143955,1.1384391407854,-0.475));
#7731=CARTESIAN_POINT('',(1.01011275393809,1.16058620130892,0.475));
#7732=CARTESIAN_POINT('',(1.01011275393809,1.16058620130892,-0.475));
#7733=CARTESIAN_POINT('',(1.02074478429981,1.18576967550582,0.475));
#7734=CARTESIAN_POINT('',(1.02074478429981,1.18576967550582,-0.475));
#7735=CARTESIAN_POINT('',(1.0340246552426,1.22281092485528,0.475));
#7736=CARTESIAN_POINT('',(1.0340246552426,1.22281092485528,-0.475));
#7737=CARTESIAN_POINT('',(1.04270826978968,1.25395325441277,0.475));
#7738=CARTESIAN_POINT('',(1.04270826978968,1.25395325441277,-0.475));
#7739=CARTESIAN_POINT('',(1.04764624794346,1.27602442734063,0.475));
#7740=CARTESIAN_POINT('',(1.04764624794346,1.27602442734063,-0.475));
#7741=CARTESIAN_POINT('',(0.943019418084429,1.06606421792482,-0.475));
#7742=CARTESIAN_POINT('',(3.09648605499208E-14,3.15935108507609E-14,0.475));
#7743=CARTESIAN_POINT('',(0.946314110679542,0.984071728294634,0.475));
#7744=CARTESIAN_POINT('',(0.984071728294635,0.946314110679541,0.475));
#7745=CARTESIAN_POINT('',(1.02678464179813,0.98738818241071,0.));
#7746=CARTESIAN_POINT('',(0.98738818241071,1.02678464179813,-8.67361737988404E-17));
#7747=CARTESIAN_POINT('',(0.451728987365317,1.34971088612953,0.475));
#7748=CARTESIAN_POINT('',(0.451728987365317,1.34971088612953,-0.475));
#7749=CARTESIAN_POINT('',(0.457761450449522,1.36775927818786,0.475));
#7750=CARTESIAN_POINT('',(0.457761450449522,1.36775927818786,-0.475));
#7751=CARTESIAN_POINT('',(0.468259849490732,1.39910073474338,0.475));
#7752=CARTESIAN_POINT('',(0.468259849490732,1.39910073474338,-0.475));
#7753=CARTESIAN_POINT('',(0.468940128956084,1.40096099769491,0.475));
#7754=CARTESIAN_POINT('',(0.468940128956084,1.40096099769491,-0.475));
#7755=CARTESIAN_POINT('',(0.472130920217077,1.40837390570256,0.475));
#7756=CARTESIAN_POINT('',(0.472130920217077,1.40837390570256,-0.475));
#7757=CARTESIAN_POINT('',(0.477390429225489,1.4188779642436,0.475));
#7758=CARTESIAN_POINT('',(0.477390429225489,1.4188779642436,-0.475));
#7759=CARTESIAN_POINT('',(0.486329111510705,1.43453155123442,0.475));
#7760=CARTESIAN_POINT('',(0.486329111510705,1.43453155123442,-0.475));
#7761=CARTESIAN_POINT('',(0.500040756646159,1.45507640625151,0.475));
#7762=CARTESIAN_POINT('',(0.500040756646159,1.45507640625151,-0.475));
#7763=CARTESIAN_POINT('',(0.516534269875362,1.47687575173701,0.475));
#7764=CARTESIAN_POINT('',(0.516534269875362,1.47687575173701,-0.475));
#7765=CARTESIAN_POINT('',(0.541972997328526,1.50689708200719,0.475));
#7766=CARTESIAN_POINT('',(0.541972997328526,1.50689708200719,-0.475));
#7767=CARTESIAN_POINT('',(0.564601238584754,1.52998847758026,0.475));
#7768=CARTESIAN_POINT('',(0.564601238584754,1.52998847758026,-0.475));
#7769=CARTESIAN_POINT('',(0.581246445954751,1.54530047856881,0.475));
#7770=CARTESIAN_POINT('',(0.581246445954751,1.54530047856881,-0.475));
#7771=CARTESIAN_POINT('',(0.451728985746272,1.34971088128555,0.475));
#7772=CARTESIAN_POINT('',(0.28364666438058,1.39474840883523,0.475));
#7773=CARTESIAN_POINT('',(0.28364666438058,1.39474840883523,-0.474999999999999));
#7774=CARTESIAN_POINT('',(0.287446594131431,1.41339500639731,0.475));
#7775=CARTESIAN_POINT('',(0.287446594131431,1.41339500639731,-0.474999999999999));
#7776=CARTESIAN_POINT('',(0.294025442140439,1.44578670348661,0.475));
#7777=CARTESIAN_POINT('',(0.294025442140439,1.44578670348661,-0.474999999999999));
#7778=CARTESIAN_POINT('',(0.294366434317536,1.44773787819303,0.475));
#7779=CARTESIAN_POINT('',(0.294366434317536,1.44773787819303,-0.474999999999999));
#7780=CARTESIAN_POINT('',(0.295309582031167,1.45575304047406,0.475));
#7781=CARTESIAN_POINT('',(0.295309582031167,1.45575304047406,-0.474999999999999));
#7782=CARTESIAN_POINT('',(0.296006742888968,1.46747957651765,0.475));
#7783=CARTESIAN_POINT('',(0.296006742888968,1.46747957651765,-0.474999999999999));
#7784=CARTESIAN_POINT('',(0.296092410449025,1.48550532165466,0.475));
#7785=CARTESIAN_POINT('',(0.296092410449025,1.48550532165466,-0.474999999999999));
#7786=CARTESIAN_POINT('',(0.294490204942588,1.51015351058425,0.475));
#7787=CARTESIAN_POINT('',(0.294490204942588,1.51015351058425,-0.474999999999999));
#7788=CARTESIAN_POINT('',(0.291106076231197,1.53727905417518,0.475));
#7789=CARTESIAN_POINT('',(0.291106076231197,1.53727905417518,-0.474999999999999));
#7790=CARTESIAN_POINT('',(0.28408615715189,1.57599765257112,0.475));
#7791=CARTESIAN_POINT('',(0.28408615715189,1.57599765257112,-0.474999999999999));
#7792=CARTESIAN_POINT('',(0.276035223167614,1.60730950837444,0.475));
#7793=CARTESIAN_POINT('',(0.276035223167614,1.60730950837444,-0.474999999999999));
#7794=CARTESIAN_POINT('',(0.269276051228169,1.62889269389821,0.475));
#7795=CARTESIAN_POINT('',(0.269276051228169,1.62889269389821,-0.474999999999999));
#7796=CARTESIAN_POINT('',(0.283646663360722,1.3947484038307,-0.475));
#7797=CARTESIAN_POINT('',(1.10196004354935E-14,4.28432132664587E-14,0.475));
#7798=CARTESIAN_POINT('',(0.327496195660845,1.32538817118898,0.475));
#7799=CARTESIAN_POINT('',(0.37907406050944,1.31156792395548,0.475));
#7800=CARTESIAN_POINT('',(0.395527492807527,1.36849557026328,0.));
#7801=CARTESIAN_POINT('',(0.341710928465155,1.38291567521824,-8.67361737988404E-17));
#7802=CARTESIAN_POINT('',(-0.943019421469919,1.06606422174895,0.475));
#7803=CARTESIAN_POINT('',(-0.943019421469919,1.06606422174895,-0.475));
#7804=CARTESIAN_POINT('',(-0.95563355594779,1.08031268405643,0.475));
#7805=CARTESIAN_POINT('',(-0.95563355594779,1.08031268405643,-0.475));
#7806=CARTESIAN_POINT('',(-0.977526853995875,1.10507529260294,0.475));
#7807=CARTESIAN_POINT('',(-0.977526853995875,1.10507529260294,-0.475));
#7808=CARTESIAN_POINT('',(-0.978797749236941,1.10659456337737,0.475));
#7809=CARTESIAN_POINT('',(-0.978797749236941,1.10659456337737,-0.475));
#7810=CARTESIAN_POINT('',(-0.983622120256987,1.11306432367139,0.475));
#7811=CARTESIAN_POINT('',(-0.983622120256987,1.11306432367139,-0.475));
#7812=CARTESIAN_POINT('',(-0.990089147292159,1.12287122135463,0.475));
#7813=CARTESIAN_POINT('',(-0.990089147292159,1.12287122135463,-0.475));
#7814=CARTESIAN_POINT('',(-0.999176210143957,1.1384391407854,0.475));
#7815=CARTESIAN_POINT('',(-0.999176210143957,1.1384391407854,-0.475));
#7816=CARTESIAN_POINT('',(-1.01011275393809,1.16058620130892,0.475));
#7817=CARTESIAN_POINT('',(-1.01011275393809,1.16058620130892,-0.475));
#7818=CARTESIAN_POINT('',(-1.02074478429982,1.18576967550582,0.475));
#7819=CARTESIAN_POINT('',(-1.02074478429982,1.18576967550582,-0.475));
#7820=CARTESIAN_POINT('',(-1.03402465524259,1.22281092485528,0.475));
#7821=CARTESIAN_POINT('',(-1.03402465524259,1.22281092485528,-0.475000000000001));
#7822=CARTESIAN_POINT('',(-1.04270826978968,1.25395325441277,0.475));
#7823=CARTESIAN_POINT('',(-1.04270826978968,1.25395325441277,-0.475));
#7824=CARTESIAN_POINT('',(-1.04764624794346,1.27602442734063,0.475));
#7825=CARTESIAN_POINT('',(-1.04764624794346,1.27602442734063,-0.475));
#7826=CARTESIAN_POINT('',(-0.943019418084429,1.06606421792482,0.475));
#7827=CARTESIAN_POINT('',(-1.06606422174895,0.943019421469918,0.475));
#7828=CARTESIAN_POINT('',(-1.06606422174895,0.943019421469918,-0.474999999999999));
#7829=CARTESIAN_POINT('',(-1.08031268405643,0.95563355594779,0.475));
#7830=CARTESIAN_POINT('',(-1.08031268405643,0.95563355594779,-0.474999999999999));
#7831=CARTESIAN_POINT('',(-1.10507529260294,0.977526853995874,0.475));
#7832=CARTESIAN_POINT('',(-1.10507529260294,0.977526853995874,-0.474999999999999));
#7833=CARTESIAN_POINT('',(-1.10659456337737,0.978797749236942,0.475));
#7834=CARTESIAN_POINT('',(-1.10659456337737,0.978797749236942,-0.474999999999999));
#7835=CARTESIAN_POINT('',(-1.11306432367139,0.983622120256988,0.475));
#7836=CARTESIAN_POINT('',(-1.11306432367139,0.983622120256988,-0.474999999999999));
#7837=CARTESIAN_POINT('',(-1.12287122135463,0.990089147292159,0.475));
#7838=CARTESIAN_POINT('',(-1.12287122135463,0.990089147292159,-0.474999999999999));
#7839=CARTESIAN_POINT('',(-1.1384391407854,0.999176210143956,0.475));
#7840=CARTESIAN_POINT('',(-1.1384391407854,0.999176210143956,-0.474999999999999));
#7841=CARTESIAN_POINT('',(-1.16058620130892,1.01011275393809,0.475));
#7842=CARTESIAN_POINT('',(-1.16058620130892,1.01011275393809,-0.474999999999999));
#7843=CARTESIAN_POINT('',(-1.18576967550582,1.02074478429982,0.475));
#7844=CARTESIAN_POINT('',(-1.18576967550582,1.02074478429982,-0.474999999999999));
#7845=CARTESIAN_POINT('',(-1.22281092485528,1.0340246552426,0.475));
#7846=CARTESIAN_POINT('',(-1.22281092485528,1.0340246552426,-0.474999999999999));
#7847=CARTESIAN_POINT('',(-1.25395325441277,1.04270826978968,0.475));
#7848=CARTESIAN_POINT('',(-1.25395325441277,1.04270826978968,-0.474999999999999));
#7849=CARTESIAN_POINT('',(-1.27602442734063,1.04764624794346,0.475));
#7850=CARTESIAN_POINT('',(-1.27602442734063,1.04764624794346,-0.474999999999999));
#7851=CARTESIAN_POINT('',(-1.06606421792482,0.943019418084428,-0.475));
#7852=CARTESIAN_POINT('',(-3.15935108507609E-14,3.09648605499208E-14,0.475));
#7853=CARTESIAN_POINT('',(-0.984071728294634,0.946314110679541,0.475));
#7854=CARTESIAN_POINT('',(-0.946314110679541,0.984071728294635,0.475));
#7855=CARTESIAN_POINT('',(-0.98738818241071,1.02678464179813,0.));
#7856=CARTESIAN_POINT('',(-1.02678464179813,0.98738818241071,-8.67361737988404E-17));
#7857=CARTESIAN_POINT('',(-1.186804537781,0.78566757809209,0.475));
#7858=CARTESIAN_POINT('',(-1.186804537781,0.78566757809209,-0.475000000000001));
#7859=CARTESIAN_POINT('',(-1.20267662945806,0.796165757579432,0.475));
#7860=CARTESIAN_POINT('',(-1.20267662945806,0.796165757579432,-0.475000000000001));
#7861=CARTESIAN_POINT('',(-1.2302329661636,0.814418198205847,0.475));
#7862=CARTESIAN_POINT('',(-1.2302329661636,0.814418198205847,-0.475000000000001));
#7863=CARTESIAN_POINT('',(-1.23185377291055,0.815556769191279,0.475));
#7864=CARTESIAN_POINT('',(-1.23185377291055,0.815556769191279,-0.475));
#7865=CARTESIAN_POINT('',(-1.23818825465575,0.820557438648542,0.475));
#7866=CARTESIAN_POINT('',(-1.23818825465575,0.820557438648542,-0.475000000000001));
#7867=CARTESIAN_POINT('',(-1.24697313498212,0.828356384634661,0.475));
#7868=CARTESIAN_POINT('',(-1.24697313498212,0.828356384634661,-0.475));
#7869=CARTESIAN_POINT('',(-1.25977983771709,0.841041935144338,0.475));
#7870=CARTESIAN_POINT('',(-1.25977983771709,0.841041935144338,-0.475000000000001));
#7871=CARTESIAN_POINT('',(-1.27607580887472,0.859603767058876,0.475));
#7872=CARTESIAN_POINT('',(-1.27607580887472,0.859603767058876,-0.475000000000001));
#7873=CARTESIAN_POINT('',(-1.292863524331,0.881177363235623,0.475));
#7874=CARTESIAN_POINT('',(-1.292863524331,0.881177363235623,-0.475000000000001));
#7875=CARTESIAN_POINT('',(-1.31527787543043,0.913519379103791,0.475));
#7876=CARTESIAN_POINT('',(-1.31527787543043,0.913519379103791,-0.475000000000001));
#7877=CARTESIAN_POINT('',(-1.33172583098544,0.941353074689018,0.475));
#7878=CARTESIAN_POINT('',(-1.33172583098544,0.941353074689018,-0.475000000000001));
#7879=CARTESIAN_POINT('',(-1.34220799151522,0.961394147846073,0.475));
#7880=CARTESIAN_POINT('',(-1.34220799151522,0.961394147846073,-0.475000000000001));
#7881=CARTESIAN_POINT('',(-1.18680453352111,0.785667575274498,0.475));
#7882=CARTESIAN_POINT('',(-1.27381035044804,0.634969089998946,0.475));
#7883=CARTESIAN_POINT('',(-1.27381035044804,0.634969089998946,-0.475000000000001));
#7884=CARTESIAN_POINT('',(-1.2908380864161,0.643465634858804,0.475));
#7885=CARTESIAN_POINT('',(-1.2908380864161,0.643465634858804,-0.475000000000001));
#7886=CARTESIAN_POINT('',(-1.32042333203241,0.658203902167836,0.475));
#7887=CARTESIAN_POINT('',(-1.32042333203241,0.658203902167836,-0.475000000000001));
#7888=CARTESIAN_POINT('',(-1.32221976680328,0.659038276492601,0.475));
#7889=CARTESIAN_POINT('',(-1.32221976680328,0.659038276492601,-0.475));
#7890=CARTESIAN_POINT('',(-1.3297177144618,0.662023763875123,0.475));
#7891=CARTESIAN_POINT('',(-1.3297177144618,0.662023763875123,-0.475000000000001));
#7892=CARTESIAN_POINT('',(-1.34086423997171,0.665732220413912,0.475));
#7893=CARTESIAN_POINT('',(-1.34086423997171,0.665732220413912,-0.475000000000001));
#7894=CARTESIAN_POINT('',(-1.35825360034157,0.670480375066269,0.475));
#7895=CARTESIAN_POINT('',(-1.35825360034157,0.670480375066269,-0.475));
#7896=CARTESIAN_POINT('',(-1.38247660389914,0.675312184110842,0.475));
#7897=CARTESIAN_POINT('',(-1.38247660389914,0.675312184110842,-0.475000000000001));
#7898=CARTESIAN_POINT('',(-1.40955374396734,0.679063974079114,0.475));
#7899=CARTESIAN_POINT('',(-1.40955374396734,0.679063974079114,-0.475000000000001));
#7900=CARTESIAN_POINT('',(-1.44876992686847,0.682304363606491,0.475));
#7901=CARTESIAN_POINT('',(-1.44876992686847,0.682304363606491,-0.475));
#7902=CARTESIAN_POINT('',(-1.48109859210405,0.682631863164765,0.475));
#7903=CARTESIAN_POINT('',(-1.48109859210405,0.682631863164765,-0.475000000000001));
#7904=CARTESIAN_POINT('',(-1.503695750842,0.681689143891634,0.475));
#7905=CARTESIAN_POINT('',(-1.503695750842,0.681689143891634,-0.475000000000001));
#7906=CARTESIAN_POINT('',(-1.27381034587799,0.63496908771857,-0.475));
#7907=CARTESIAN_POINT('',(-3.85312837131571E-14,2.17327562027779E-14,0.475));
#7908=CARTESIAN_POINT('',(-1.19546441177383,0.659372734257536,0.475));
#7909=CARTESIAN_POINT('',(-1.16876574431674,0.705616182787587,0.475));
#7910=CARTESIAN_POINT('',(-1.21949516647925,0.736242937032727,0.));
#7911=CARTESIAN_POINT('',(-1.24735267006683,0.687992325447002,-8.67361737988404E-17));
#7912=CARTESIAN_POINT('',(-0.634969089998946,1.27381035044804,0.475));
#7913=CARTESIAN_POINT('',(-0.634969089998946,1.27381035044804,-0.475));
#7914=CARTESIAN_POINT('',(-0.643465634858804,1.2908380864161,0.475));
#7915=CARTESIAN_POINT('',(-0.643465634858804,1.2908380864161,-0.475));
#7916=CARTESIAN_POINT('',(-0.658203902167836,1.32042333203241,0.475));
#7917=CARTESIAN_POINT('',(-0.658203902167836,1.32042333203241,-0.475));
#7918=CARTESIAN_POINT('',(-0.659038276492601,1.32221976680328,0.475));
#7919=CARTESIAN_POINT('',(-0.659038276492601,1.32221976680328,-0.475));
#7920=CARTESIAN_POINT('',(-0.662023763875123,1.3297177144618,0.475));
#7921=CARTESIAN_POINT('',(-0.662023763875123,1.3297177144618,-0.475));
#7922=CARTESIAN_POINT('',(-0.665732220413912,1.34086423997171,0.475));
#7923=CARTESIAN_POINT('',(-0.665732220413912,1.34086423997171,-0.475));
#7924=CARTESIAN_POINT('',(-0.670480375066268,1.35825360034157,0.475));
#7925=CARTESIAN_POINT('',(-0.670480375066268,1.35825360034157,-0.475));
#7926=CARTESIAN_POINT('',(-0.675312184110843,1.38247660389914,0.475));
#7927=CARTESIAN_POINT('',(-0.675312184110843,1.38247660389914,-0.475));
#7928=CARTESIAN_POINT('',(-0.679063974079114,1.40955374396734,0.475));
#7929=CARTESIAN_POINT('',(-0.679063974079114,1.40955374396734,-0.475));
#7930=CARTESIAN_POINT('',(-0.682304363606492,1.44876992686847,0.475));
#7931=CARTESIAN_POINT('',(-0.682304363606492,1.44876992686847,-0.475000000000001));
#7932=CARTESIAN_POINT('',(-0.682631863164764,1.48109859210405,0.475));
#7933=CARTESIAN_POINT('',(-0.682631863164764,1.48109859210405,-0.475));
#7934=CARTESIAN_POINT('',(-0.681689143891633,1.503695750842,0.475));
#7935=CARTESIAN_POINT('',(-0.681689143891633,1.503695750842,-0.475));
#7936=CARTESIAN_POINT('',(-0.63496908771857,1.27381034587799,0.475));
#7937=CARTESIAN_POINT('',(-0.785667578092089,1.18680453778099,0.475));
#7938=CARTESIAN_POINT('',(-0.785667578092089,1.18680453778099,-0.475000000000001));
#7939=CARTESIAN_POINT('',(-0.796165757579431,1.20267662945805,0.475));
#7940=CARTESIAN_POINT('',(-0.796165757579431,1.20267662945805,-0.475000000000001));
#7941=CARTESIAN_POINT('',(-0.814418198205847,1.2302329661636,0.475));
#7942=CARTESIAN_POINT('',(-0.814418198205847,1.2302329661636,-0.475000000000001));
#7943=CARTESIAN_POINT('',(-0.815556769191278,1.23185377291055,0.475));
#7944=CARTESIAN_POINT('',(-0.815556769191278,1.23185377291055,-0.475000000000001));
#7945=CARTESIAN_POINT('',(-0.820557438648543,1.23818825465575,0.475));
#7946=CARTESIAN_POINT('',(-0.820557438648543,1.23818825465575,-0.475000000000001));
#7947=CARTESIAN_POINT('',(-0.82835638463466,1.24697313498212,0.475));
#7948=CARTESIAN_POINT('',(-0.82835638463466,1.24697313498212,-0.475000000000001));
#7949=CARTESIAN_POINT('',(-0.841041935144337,1.25977983771709,0.475));
#7950=CARTESIAN_POINT('',(-0.841041935144337,1.25977983771709,-0.475000000000001));
#7951=CARTESIAN_POINT('',(-0.859603767058876,1.27607580887472,0.475));
#7952=CARTESIAN_POINT('',(-0.859603767058876,1.27607580887472,-0.475000000000001));
#7953=CARTESIAN_POINT('',(-0.881177363235622,1.292863524331,0.475));
#7954=CARTESIAN_POINT('',(-0.881177363235622,1.292863524331,-0.475));
#7955=CARTESIAN_POINT('',(-0.91351937910379,1.31527787543045,0.475));
#7956=CARTESIAN_POINT('',(-0.91351937910379,1.31527787543045,-0.475000000000001));
#7957=CARTESIAN_POINT('',(-0.941353074689018,1.33172583098535,0.475));
#7958=CARTESIAN_POINT('',(-0.941353074689018,1.33172583098535,-0.475));
#7959=CARTESIAN_POINT('',(-0.961394147846073,1.34220799151522,0.475));
#7960=CARTESIAN_POINT('',(-0.961394147846073,1.34220799151522,-0.475));
#7961=CARTESIAN_POINT('',(-0.785667575274497,1.18680453352111,-0.475));
#7962=CARTESIAN_POINT('',(-2.25026924346307E-14,3.80867608224381E-14,0.475));
#7963=CARTESIAN_POINT('',(-0.705616182787586,1.16876574431675,0.475));
#7964=CARTESIAN_POINT('',(-0.659372734257536,1.19546441177383,0.475));
#7965=CARTESIAN_POINT('',(-0.687992325447001,1.24735267006683,0.));
#7966=CARTESIAN_POINT('',(-0.736242937032727,1.21949516647925,-8.67361737988404E-17));
#7967=CARTESIAN_POINT('',(-0.28364666438058,1.39474840883523,0.475));
#7968=CARTESIAN_POINT('',(-0.28364666438058,1.39474840883523,-0.475000000000001));
#7969=CARTESIAN_POINT('',(-0.28744659413143,1.41339500639731,0.475));
#7970=CARTESIAN_POINT('',(-0.28744659413143,1.41339500639731,-0.475000000000001));
#7971=CARTESIAN_POINT('',(-0.294025442140438,1.44578670348661,0.475));
#7972=CARTESIAN_POINT('',(-0.294025442140438,1.44578670348661,-0.475000000000001));
#7973=CARTESIAN_POINT('',(-0.294366434317536,1.44773787819303,0.475));
#7974=CARTESIAN_POINT('',(-0.294366434317536,1.44773787819303,-0.475000000000001));
#7975=CARTESIAN_POINT('',(-0.295309582031167,1.45575304047406,0.475));
#7976=CARTESIAN_POINT('',(-0.295309582031167,1.45575304047406,-0.475000000000001));
#7977=CARTESIAN_POINT('',(-0.296006742888968,1.46747957651765,0.475));
#7978=CARTESIAN_POINT('',(-0.296006742888968,1.46747957651765,-0.475000000000001));
#7979=CARTESIAN_POINT('',(-0.296092410449026,1.48550532165466,0.475));
#7980=CARTESIAN_POINT('',(-0.296092410449026,1.48550532165466,-0.475000000000001));
#7981=CARTESIAN_POINT('',(-0.294490204942588,1.51015351058425,0.475));
#7982=CARTESIAN_POINT('',(-0.294490204942588,1.51015351058425,-0.475000000000001));
#7983=CARTESIAN_POINT('',(-0.291106076231198,1.53727905417518,0.475));
#7984=CARTESIAN_POINT('',(-0.291106076231198,1.53727905417518,-0.475000000000001));
#7985=CARTESIAN_POINT('',(-0.284086157151885,1.57599765257112,0.475));
#7986=CARTESIAN_POINT('',(-0.284086157151885,1.57599765257112,-0.475000000000001));
#7987=CARTESIAN_POINT('',(-0.276035223167636,1.60730950837444,0.475));
#7988=CARTESIAN_POINT('',(-0.276035223167636,1.60730950837444,-0.475000000000001));
#7989=CARTESIAN_POINT('',(-0.269276051228168,1.62889269389821,0.475));
#7990=CARTESIAN_POINT('',(-0.269276051228168,1.62889269389821,-0.475000000000001));
#7991=CARTESIAN_POINT('',(-0.283646663360722,1.3947484038307,0.475));
#7992=CARTESIAN_POINT('',(-0.451728987365316,1.34971088612953,0.475));
#7993=CARTESIAN_POINT('',(-0.451728987365316,1.34971088612953,-0.475));
#7994=CARTESIAN_POINT('',(-0.457761450449522,1.36775927818786,0.475));
#7995=CARTESIAN_POINT('',(-0.457761450449522,1.36775927818786,-0.475));
#7996=CARTESIAN_POINT('',(-0.468259849490732,1.39910073474338,0.475));
#7997=CARTESIAN_POINT('',(-0.468259849490732,1.39910073474338,-0.475));
#7998=CARTESIAN_POINT('',(-0.468940128956083,1.40096099769491,0.475));
#7999=CARTESIAN_POINT('',(-0.468940128956083,1.40096099769491,-0.475));
#8000=CARTESIAN_POINT('',(-0.472130920217077,1.40837390570256,0.475));
#8001=CARTESIAN_POINT('',(-0.472130920217077,1.40837390570256,-0.475));
#8002=CARTESIAN_POINT('',(-0.477390429225489,1.4188779642436,0.475));
#8003=CARTESIAN_POINT('',(-0.477390429225489,1.4188779642436,-0.475));
#8004=CARTESIAN_POINT('',(-0.486329111510705,1.43453155123442,0.475));
#8005=CARTESIAN_POINT('',(-0.486329111510705,1.43453155123442,-0.475));
#8006=CARTESIAN_POINT('',(-0.500040756646159,1.45507640625151,0.475));
#8007=CARTESIAN_POINT('',(-0.500040756646159,1.45507640625151,-0.475));
#8008=CARTESIAN_POINT('',(-0.516534269875364,1.47687575173701,0.475));
#8009=CARTESIAN_POINT('',(-0.516534269875364,1.47687575173701,-0.475));
#8010=CARTESIAN_POINT('',(-0.541972997328516,1.5068970820072,0.475));
#8011=CARTESIAN_POINT('',(-0.541972997328516,1.5068970820072,-0.475));
#8012=CARTESIAN_POINT('',(-0.564601238584798,1.52998847758026,0.475));
#8013=CARTESIAN_POINT('',(-0.564601238584798,1.52998847758026,-0.475));
#8014=CARTESIAN_POINT('',(-0.58124644595475,1.54530047856881,0.475));
#8015=CARTESIAN_POINT('',(-0.58124644595475,1.54530047856881,-0.475));
#8016=CARTESIAN_POINT('',(-0.451728985746272,1.34971088128554,-0.475));
#8017=CARTESIAN_POINT('',(-1.18783527165379E-14,4.26131112862544E-14,0.475));
#8018=CARTESIAN_POINT('',(-0.37907406050944,1.31156792395548,0.475));
#8019=CARTESIAN_POINT('',(-0.327496195660845,1.32538817118898,0.475));
#8020=CARTESIAN_POINT('',(-0.341710928465155,1.38291567521824,0.));
#8021=CARTESIAN_POINT('',(-0.395527492807527,1.36849557026328,-8.67361737988404E-17));
#8022=CARTESIAN_POINT('',(-1.34971088612953,0.451728987365317,0.475));
#8023=CARTESIAN_POINT('',(-1.34971088612953,0.451728987365317,-0.474999999999999));
#8024=CARTESIAN_POINT('',(-1.36775927818786,0.457761450449523,0.475));
#8025=CARTESIAN_POINT('',(-1.36775927818786,0.457761450449523,-0.474999999999999));
#8026=CARTESIAN_POINT('',(-1.39910073474338,0.468259849490732,0.475));
#8027=CARTESIAN_POINT('',(-1.39910073474338,0.468259849490732,-0.475));
#8028=CARTESIAN_POINT('',(-1.40096099769491,0.468940128956083,0.475));
#8029=CARTESIAN_POINT('',(-1.40096099769491,0.468940128956083,-0.474999999999999));
#8030=CARTESIAN_POINT('',(-1.40837390570256,0.472130920217077,0.475));
#8031=CARTESIAN_POINT('',(-1.40837390570256,0.472130920217077,-0.475));
#8032=CARTESIAN_POINT('',(-1.4188779642436,0.477390429225489,0.475));
#8033=CARTESIAN_POINT('',(-1.4188779642436,0.477390429225489,-0.474999999999999));
#8034=CARTESIAN_POINT('',(-1.43453155123442,0.486329111510705,0.475));
#8035=CARTESIAN_POINT('',(-1.43453155123442,0.486329111510705,-0.475));
#8036=CARTESIAN_POINT('',(-1.45507640625151,0.50004075664616,0.475));
#8037=CARTESIAN_POINT('',(-1.45507640625151,0.50004075664616,-0.474999999999999));
#8038=CARTESIAN_POINT('',(-1.47687575173701,0.516534269875362,0.475));
#8039=CARTESIAN_POINT('',(-1.47687575173701,0.516534269875362,-0.475));
#8040=CARTESIAN_POINT('',(-1.5068970820072,0.541972997328527,0.475));
#8041=CARTESIAN_POINT('',(-1.5068970820072,0.541972997328527,-0.474999999999999));
#8042=CARTESIAN_POINT('',(-1.52998847758026,0.564601238584755,0.475));
#8043=CARTESIAN_POINT('',(-1.52998847758026,0.564601238584755,-0.474999999999999));
#8044=CARTESIAN_POINT('',(-1.54530047856881,0.581246445954751,0.475));
#8045=CARTESIAN_POINT('',(-1.54530047856881,0.581246445954751,-0.474999999999999));
#8046=CARTESIAN_POINT('',(-1.34971088128555,0.451728985746273,0.475));
#8047=CARTESIAN_POINT('',(-1.39474840883523,0.28364666438058,0.475));
#8048=CARTESIAN_POINT('',(-1.39474840883523,0.28364666438058,-0.474999999999999));
#8049=CARTESIAN_POINT('',(-1.41339500639731,0.287446594131431,0.475));
#8050=CARTESIAN_POINT('',(-1.41339500639731,0.287446594131431,-0.474999999999999));
#8051=CARTESIAN_POINT('',(-1.44578670348661,0.294025442140439,0.475));
#8052=CARTESIAN_POINT('',(-1.44578670348661,0.294025442140439,-0.474999999999999));
#8053=CARTESIAN_POINT('',(-1.44773787819303,0.294366434317536,0.475));
#8054=CARTESIAN_POINT('',(-1.44773787819303,0.294366434317536,-0.474999999999999));
#8055=CARTESIAN_POINT('',(-1.45575304047406,0.295309582031167,0.475));
#8056=CARTESIAN_POINT('',(-1.45575304047406,0.295309582031167,-0.474999999999999));
#8057=CARTESIAN_POINT('',(-1.46747957651765,0.296006742888968,0.475));
#8058=CARTESIAN_POINT('',(-1.46747957651765,0.296006742888968,-0.474999999999999));
#8059=CARTESIAN_POINT('',(-1.48550532165466,0.296092410449025,0.475));
#8060=CARTESIAN_POINT('',(-1.48550532165466,0.296092410449025,-0.474999999999999));
#8061=CARTESIAN_POINT('',(-1.51015351058425,0.294490204942589,0.475));
#8062=CARTESIAN_POINT('',(-1.51015351058425,0.294490204942589,-0.474999999999999));
#8063=CARTESIAN_POINT('',(-1.53727905417518,0.291106076231197,0.475));
#8064=CARTESIAN_POINT('',(-1.53727905417518,0.291106076231197,-0.474999999999999));
#8065=CARTESIAN_POINT('',(-1.57599765257112,0.28408615715189,0.475));
#8066=CARTESIAN_POINT('',(-1.57599765257112,0.28408615715189,-0.474999999999999));
#8067=CARTESIAN_POINT('',(-1.60730950837444,0.276035223167614,0.475));
#8068=CARTESIAN_POINT('',(-1.60730950837444,0.276035223167614,-0.474999999999999));
#8069=CARTESIAN_POINT('',(-1.62889269389821,0.269276051228169,0.475));
#8070=CARTESIAN_POINT('',(-1.62889269389821,0.269276051228169,-0.474999999999999));
#8071=CARTESIAN_POINT('',(-1.3947484038307,0.283646663360722,-0.475));
#8072=CARTESIAN_POINT('',(-4.28432132664587E-14,1.10196004354935E-14,0.475));
#8073=CARTESIAN_POINT('',(-1.32538817118898,0.327496195660845,0.475));
#8074=CARTESIAN_POINT('',(-1.31156792395548,0.37907406050944,0.475));
#8075=CARTESIAN_POINT('',(-1.36849557026328,0.395527492807527,0.));
#8076=CARTESIAN_POINT('',(-1.38291567521824,0.341710928465155,-8.67361737988404E-17));
#8077=CARTESIAN_POINT('',(-1.42063666809104,0.0870058126670464,0.475));
#8078=CARTESIAN_POINT('',(-1.42063666809104,0.0870058126670464,-0.474999999999999));
#8079=CARTESIAN_POINT('',(-1.43963139243824,0.0881614569580433,0.475));
#8080=CARTESIAN_POINT('',(-1.43963139243824,0.0881614569580433,-0.474999999999999));
#8081=CARTESIAN_POINT('',(-1.47262210037368,0.0901903658688135,0.475));
#8082=CARTESIAN_POINT('',(-1.47262210037368,0.0901903658688135,-0.474999999999999));
#8083=CARTESIAN_POINT('',(-1.47459504568388,0.0903659938927359,0.475));
#8084=CARTESIAN_POINT('',(-1.47459504568388,0.0903659938927359,-0.475));
#8085=CARTESIAN_POINT('',(-1.48258120252366,0.0915294598060548,0.475));
#8086=CARTESIAN_POINT('',(-1.48258120252366,0.0915294598060548,-0.474999999999999));
#8087=CARTESIAN_POINT('',(-1.49408860504857,0.0938911049895871,0.475));
#8088=CARTESIAN_POINT('',(-1.49408860504857,0.0938911049895871,-0.475));
#8089=CARTESIAN_POINT('',(-1.51152231021061,0.098473762624476,0.475));
#8090=CARTESIAN_POINT('',(-1.51152231021061,0.098473762624476,-0.475));
#8091=CARTESIAN_POINT('',(-1.53491595116971,0.106400795024429,0.475));
#8092=CARTESIAN_POINT('',(-1.53491595116971,0.106400795024429,-0.474999999999999));
#8093=CARTESIAN_POINT('',(-1.56024133731474,0.116690219636339,0.475));
#8094=CARTESIAN_POINT('',(-1.56024133731474,0.116690219636339,-0.474999999999999));
#8095=CARTESIAN_POINT('',(-1.59582374271026,0.133492051438045,0.475));
#8096=CARTESIAN_POINT('',(-1.59582374271026,0.133492051438045,-0.474999999999999));
#8097=CARTESIAN_POINT('',(-1.62398493785389,0.149372761118614,0.475));
#8098=CARTESIAN_POINT('',(-1.62398493785389,0.149372761118614,-0.474999999999999));
#8099=CARTESIAN_POINT('',(-1.6430832917377,0.161487759326781,0.475));
#8100=CARTESIAN_POINT('',(-1.6430832917377,0.161487759326781,-0.474999999999999));
#8101=CARTESIAN_POINT('',(-1.42063666299307,0.0870058123568845,0.475));
#8102=CARTESIAN_POINT('',(-1.42063666809103,-0.0870058126670459,0.475));
#8103=CARTESIAN_POINT('',(-1.42063666809103,-0.0870058126670459,-0.474999999999999));
#8104=CARTESIAN_POINT('',(-1.43963139243823,-0.0881614569580429,0.475));
#8105=CARTESIAN_POINT('',(-1.43963139243823,-0.0881614569580429,-0.474999999999999));
#8106=CARTESIAN_POINT('',(-1.47262210037368,-0.0901903658688131,0.475));
#8107=CARTESIAN_POINT('',(-1.47262210037368,-0.0901903658688131,-0.474999999999999));
#8108=CARTESIAN_POINT('',(-1.47459504568388,-0.0903659938927357,0.475));
#8109=CARTESIAN_POINT('',(-1.47459504568388,-0.0903659938927357,-0.474999999999999));
#8110=CARTESIAN_POINT('',(-1.48258120252366,-0.0915294598060544,0.475));
#8111=CARTESIAN_POINT('',(-1.48258120252366,-0.0915294598060544,-0.475));
#8112=CARTESIAN_POINT('',(-1.49408860504857,-0.0938911049895867,0.475));
#8113=CARTESIAN_POINT('',(-1.49408860504857,-0.0938911049895867,-0.474999999999999));
#8114=CARTESIAN_POINT('',(-1.51152231021061,-0.0984737626244755,0.475));
#8115=CARTESIAN_POINT('',(-1.51152231021061,-0.0984737626244755,-0.474999999999999));
#8116=CARTESIAN_POINT('',(-1.53491595116971,-0.106400795024429,0.475));
#8117=CARTESIAN_POINT('',(-1.53491595116971,-0.106400795024429,-0.474999999999999));
#8118=CARTESIAN_POINT('',(-1.56024133731474,-0.116690219636338,0.475));
#8119=CARTESIAN_POINT('',(-1.56024133731474,-0.116690219636338,-0.474999999999999));
#8120=CARTESIAN_POINT('',(-1.59582374271026,-0.133492051438044,0.475));
#8121=CARTESIAN_POINT('',(-1.59582374271026,-0.133492051438044,-0.475));
#8122=CARTESIAN_POINT('',(-1.62398493785389,-0.149372761118614,0.475));
#8123=CARTESIAN_POINT('',(-1.62398493785389,-0.149372761118614,-0.474999999999999));
#8124=CARTESIAN_POINT('',(-1.6430832917377,-0.161487759326781,0.475));
#8125=CARTESIAN_POINT('',(-1.6430832917377,-0.161487759326781,-0.474999999999999));
#8126=CARTESIAN_POINT('',(-1.42063666299307,-0.0870058123568841,-0.475));
#8127=CARTESIAN_POINT('',(-4.42354486374086E-14,-4.44522890719051E-16,0.475));
#8128=CARTESIAN_POINT('',(-1.36498891704512,-0.026698667457081,0.475));
#8129=CARTESIAN_POINT('',(-1.36498891704512,0.0266986674570812,0.475));
#8130=CARTESIAN_POINT('',(-1.42423526247973,0.0278575035875827,0.));
#8131=CARTESIAN_POINT('',(-1.42423526247973,-0.0278575035875823,-8.67361737988404E-17));
#8132=CARTESIAN_POINT('',(-1.39474840883523,-0.28364666438058,0.475));
#8133=CARTESIAN_POINT('',(-1.39474840883523,-0.28364666438058,-0.475));
#8134=CARTESIAN_POINT('',(-1.41339500639731,-0.287446594131431,0.475));
#8135=CARTESIAN_POINT('',(-1.41339500639731,-0.287446594131431,-0.475));
#8136=CARTESIAN_POINT('',(-1.44578670348661,-0.294025442140439,0.475));
#8137=CARTESIAN_POINT('',(-1.44578670348661,-0.294025442140439,-0.475));
#8138=CARTESIAN_POINT('',(-1.44773787819302,-0.294366434317536,0.475));
#8139=CARTESIAN_POINT('',(-1.44773787819302,-0.294366434317536,-0.475));
#8140=CARTESIAN_POINT('',(-1.45575304047406,-0.295309582031167,0.475));
#8141=CARTESIAN_POINT('',(-1.45575304047406,-0.295309582031167,-0.475));
#8142=CARTESIAN_POINT('',(-1.46747957651765,-0.296006742888968,0.475));
#8143=CARTESIAN_POINT('',(-1.46747957651765,-0.296006742888968,-0.475));
#8144=CARTESIAN_POINT('',(-1.48550532165466,-0.296092410449026,0.475));
#8145=CARTESIAN_POINT('',(-1.48550532165466,-0.296092410449026,-0.475));
#8146=CARTESIAN_POINT('',(-1.51015351058425,-0.294490204942589,0.475));
#8147=CARTESIAN_POINT('',(-1.51015351058425,-0.294490204942589,-0.475));
#8148=CARTESIAN_POINT('',(-1.53727905417518,-0.291106076231197,0.475));
#8149=CARTESIAN_POINT('',(-1.53727905417518,-0.291106076231197,-0.475));
#8150=CARTESIAN_POINT('',(-1.57599765257112,-0.28408615715189,0.475));
#8151=CARTESIAN_POINT('',(-1.57599765257112,-0.28408615715189,-0.475));
#8152=CARTESIAN_POINT('',(-1.60730950837444,-0.276035223167614,0.475));
#8153=CARTESIAN_POINT('',(-1.60730950837444,-0.276035223167614,-0.475));
#8154=CARTESIAN_POINT('',(-1.62889269389821,-0.269276051228169,0.475));
#8155=CARTESIAN_POINT('',(-1.62889269389821,-0.269276051228169,-0.475));
#8156=CARTESIAN_POINT('',(-1.3947484038307,-0.283646663360723,0.475));
#8157=CARTESIAN_POINT('',(-1.34971088612953,-0.451728987365317,0.475));
#8158=CARTESIAN_POINT('',(-1.34971088612953,-0.451728987365317,-0.475));
#8159=CARTESIAN_POINT('',(-1.36775927818786,-0.457761450449522,0.475));
#8160=CARTESIAN_POINT('',(-1.36775927818786,-0.457761450449522,-0.475));
#8161=CARTESIAN_POINT('',(-1.39910073474338,-0.468259849490732,0.475));
#8162=CARTESIAN_POINT('',(-1.39910073474338,-0.468259849490732,-0.475));
#8163=CARTESIAN_POINT('',(-1.40096099769491,-0.468940128956083,0.475));
#8164=CARTESIAN_POINT('',(-1.40096099769491,-0.468940128956083,-0.475));
#8165=CARTESIAN_POINT('',(-1.40837390570256,-0.472130920217077,0.475));
#8166=CARTESIAN_POINT('',(-1.40837390570256,-0.472130920217077,-0.475));
#8167=CARTESIAN_POINT('',(-1.4188779642436,-0.477390429225489,0.475));
#8168=CARTESIAN_POINT('',(-1.4188779642436,-0.477390429225489,-0.475));
#8169=CARTESIAN_POINT('',(-1.43453155123442,-0.486329111510705,0.475));
#8170=CARTESIAN_POINT('',(-1.43453155123442,-0.486329111510705,-0.475));
#8171=CARTESIAN_POINT('',(-1.45507640625151,-0.500040756646159,0.475));
#8172=CARTESIAN_POINT('',(-1.45507640625151,-0.500040756646159,-0.475));
#8173=CARTESIAN_POINT('',(-1.47687575173701,-0.516534269875362,0.475));
#8174=CARTESIAN_POINT('',(-1.47687575173701,-0.516534269875362,-0.475));
#8175=CARTESIAN_POINT('',(-1.5068970820072,-0.541972997328527,0.475));
#8176=CARTESIAN_POINT('',(-1.5068970820072,-0.541972997328527,-0.475));
#8177=CARTESIAN_POINT('',(-1.52998847758026,-0.564601238584754,0.475));
#8178=CARTESIAN_POINT('',(-1.52998847758026,-0.564601238584754,-0.475));
#8179=CARTESIAN_POINT('',(-1.54530047856881,-0.581246445954751,0.475));
#8180=CARTESIAN_POINT('',(-1.54530047856881,-0.581246445954751,-0.475));
#8181=CARTESIAN_POINT('',(-1.34971088128554,-0.451728985746272,-0.475));
#8182=CARTESIAN_POINT('',(-4.26131112862544E-14,-1.18783527165379E-14,0.475));
#8183=CARTESIAN_POINT('',(-1.31156792395548,-0.37907406050944,0.475));
#8184=CARTESIAN_POINT('',(-1.32538817118898,-0.327496195660845,0.475));
#8185=CARTESIAN_POINT('',(-1.38291567521824,-0.341710928465155,0.));
#8186=CARTESIAN_POINT('',(-1.36849557026328,-0.395527492807527,-8.67361737988403E-17));
#8187=CARTESIAN_POINT('',(-1.27381035044804,-0.634969089998946,0.475));
#8188=CARTESIAN_POINT('',(-1.27381035044804,-0.634969089998946,-0.475));
#8189=CARTESIAN_POINT('',(-1.2908380864161,-0.643465634858804,0.475));
#8190=CARTESIAN_POINT('',(-1.2908380864161,-0.643465634858804,-0.475));
#8191=CARTESIAN_POINT('',(-1.32042333203241,-0.658203902167836,0.475));
#8192=CARTESIAN_POINT('',(-1.32042333203241,-0.658203902167836,-0.475));
#8193=CARTESIAN_POINT('',(-1.32221976680328,-0.659038276492601,0.475));
#8194=CARTESIAN_POINT('',(-1.32221976680328,-0.659038276492601,-0.475));
#8195=CARTESIAN_POINT('',(-1.3297177144618,-0.662023763875122,0.475));
#8196=CARTESIAN_POINT('',(-1.3297177144618,-0.662023763875122,-0.475));
#8197=CARTESIAN_POINT('',(-1.34086423997171,-0.665732220413912,0.475));
#8198=CARTESIAN_POINT('',(-1.34086423997171,-0.665732220413912,-0.475));
#8199=CARTESIAN_POINT('',(-1.35825360034157,-0.670480375066269,0.475));
#8200=CARTESIAN_POINT('',(-1.35825360034157,-0.670480375066269,-0.475));
#8201=CARTESIAN_POINT('',(-1.38247660389914,-0.675312184110842,0.475));
#8202=CARTESIAN_POINT('',(-1.38247660389914,-0.675312184110842,-0.475));
#8203=CARTESIAN_POINT('',(-1.40955374396734,-0.679063974079114,0.475));
#8204=CARTESIAN_POINT('',(-1.40955374396734,-0.679063974079114,-0.475));
#8205=CARTESIAN_POINT('',(-1.44876992686847,-0.682304363606492,0.475));
#8206=CARTESIAN_POINT('',(-1.44876992686847,-0.682304363606492,-0.475000000000001));
#8207=CARTESIAN_POINT('',(-1.48109859210405,-0.682631863164764,0.475));
#8208=CARTESIAN_POINT('',(-1.48109859210405,-0.682631863164764,-0.475));
#8209=CARTESIAN_POINT('',(-1.503695750842,-0.681689143891633,0.475));
#8210=CARTESIAN_POINT('',(-1.503695750842,-0.681689143891633,-0.475));
#8211=CARTESIAN_POINT('',(-1.27381034587799,-0.63496908771857,0.475));
#8212=CARTESIAN_POINT('',(-1.186804537781,-0.785667578092089,0.475));
#8213=CARTESIAN_POINT('',(-1.186804537781,-0.785667578092089,-0.475000000000001));
#8214=CARTESIAN_POINT('',(-1.20267662945805,-0.796165757579431,0.475));
#8215=CARTESIAN_POINT('',(-1.20267662945805,-0.796165757579431,-0.475000000000001));
#8216=CARTESIAN_POINT('',(-1.2302329661636,-0.814418198205847,0.475));
#8217=CARTESIAN_POINT('',(-1.2302329661636,-0.814418198205847,-0.475));
#8218=CARTESIAN_POINT('',(-1.23185377291054,-0.815556769191278,0.475));
#8219=CARTESIAN_POINT('',(-1.23185377291054,-0.815556769191278,-0.475000000000001));
#8220=CARTESIAN_POINT('',(-1.23818825465575,-0.820557438648543,0.475));
#8221=CARTESIAN_POINT('',(-1.23818825465575,-0.820557438648543,-0.475));
#8222=CARTESIAN_POINT('',(-1.24697313498212,-0.828356384634659,0.475));
#8223=CARTESIAN_POINT('',(-1.24697313498212,-0.828356384634659,-0.475));
#8224=CARTESIAN_POINT('',(-1.25977983771709,-0.841041935144338,0.475));
#8225=CARTESIAN_POINT('',(-1.25977983771709,-0.841041935144338,-0.475000000000001));
#8226=CARTESIAN_POINT('',(-1.27607580887472,-0.859603767058874,0.475));
#8227=CARTESIAN_POINT('',(-1.27607580887472,-0.859603767058874,-0.475000000000001));
#8228=CARTESIAN_POINT('',(-1.292863524331,-0.881177363235624,0.475));
#8229=CARTESIAN_POINT('',(-1.292863524331,-0.881177363235624,-0.475));
#8230=CARTESIAN_POINT('',(-1.31527787543045,-0.91351937910378,0.475));
#8231=CARTESIAN_POINT('',(-1.31527787543045,-0.91351937910378,-0.475000000000001));
#8232=CARTESIAN_POINT('',(-1.33172583098535,-0.941353074689062,0.475));
#8233=CARTESIAN_POINT('',(-1.33172583098535,-0.941353074689062,-0.475));
#8234=CARTESIAN_POINT('',(-1.34220799151522,-0.961394147846072,0.475));
#8235=CARTESIAN_POINT('',(-1.34220799151522,-0.961394147846072,-0.475));
#8236=CARTESIAN_POINT('',(-1.18680453352111,-0.785667575274497,-0.475));
#8237=CARTESIAN_POINT('',(-3.80867608224381E-14,-2.25026924346307E-14,0.475));
#8238=CARTESIAN_POINT('',(-1.16876574431675,-0.705616182787586,0.475));
#8239=CARTESIAN_POINT('',(-1.19546441177383,-0.659372734257536,0.475));
#8240=CARTESIAN_POINT('',(-1.24735267006683,-0.687992325447001,0.));
#8241=CARTESIAN_POINT('',(-1.21949516647925,-0.736242937032726,-8.67361737988404E-17));
#8242=CARTESIAN_POINT('',(-0.785667578092089,-1.18680453778099,0.475));
#8243=CARTESIAN_POINT('',(-0.785667578092089,-1.18680453778099,-0.475000000000001));
#8244=CARTESIAN_POINT('',(-0.796165757579431,-1.20267662945805,0.475));
#8245=CARTESIAN_POINT('',(-0.796165757579431,-1.20267662945805,-0.475000000000001));
#8246=CARTESIAN_POINT('',(-0.814418198205847,-1.2302329661636,0.475));
#8247=CARTESIAN_POINT('',(-0.814418198205847,-1.2302329661636,-0.475000000000001));
#8248=CARTESIAN_POINT('',(-0.815556769191278,-1.23185377291055,0.475));
#8249=CARTESIAN_POINT('',(-0.815556769191278,-1.23185377291055,-0.475000000000001));
#8250=CARTESIAN_POINT('',(-0.820557438648543,-1.23818825465575,0.475));
#8251=CARTESIAN_POINT('',(-0.820557438648543,-1.23818825465575,-0.475000000000001));
#8252=CARTESIAN_POINT('',(-0.82835638463466,-1.24697313498212,0.475));
#8253=CARTESIAN_POINT('',(-0.82835638463466,-1.24697313498212,-0.475000000000001));
#8254=CARTESIAN_POINT('',(-0.841041935144337,-1.25977983771709,0.475));
#8255=CARTESIAN_POINT('',(-0.841041935144337,-1.25977983771709,-0.475000000000001));
#8256=CARTESIAN_POINT('',(-0.859603767058876,-1.27607580887472,0.475));
#8257=CARTESIAN_POINT('',(-0.859603767058876,-1.27607580887472,-0.475000000000001));
#8258=CARTESIAN_POINT('',(-0.881177363235622,-1.292863524331,0.475));
#8259=CARTESIAN_POINT('',(-0.881177363235622,-1.292863524331,-0.475));
#8260=CARTESIAN_POINT('',(-0.91351937910379,-1.31527787543045,0.475));
#8261=CARTESIAN_POINT('',(-0.91351937910379,-1.31527787543045,-0.475000000000001));
#8262=CARTESIAN_POINT('',(-0.941353074689018,-1.33172583098535,0.475));
#8263=CARTESIAN_POINT('',(-0.941353074689018,-1.33172583098535,-0.475));
#8264=CARTESIAN_POINT('',(-0.961394147846073,-1.34220799151522,0.475));
#8265=CARTESIAN_POINT('',(-0.961394147846073,-1.34220799151522,-0.475));
#8266=CARTESIAN_POINT('',(-0.785667575274497,-1.18680453352111,0.475));
#8267=CARTESIAN_POINT('',(-0.634969089998946,-1.27381035044804,0.475));
#8268=CARTESIAN_POINT('',(-0.634969089998946,-1.27381035044804,-0.475));
#8269=CARTESIAN_POINT('',(-0.643465634858804,-1.2908380864161,0.475));
#8270=CARTESIAN_POINT('',(-0.643465634858804,-1.2908380864161,-0.475));
#8271=CARTESIAN_POINT('',(-0.658203902167836,-1.32042333203241,0.475));
#8272=CARTESIAN_POINT('',(-0.658203902167836,-1.32042333203241,-0.475));
#8273=CARTESIAN_POINT('',(-0.6590382764926,-1.32221976680328,0.475));
#8274=CARTESIAN_POINT('',(-0.6590382764926,-1.32221976680328,-0.475));
#8275=CARTESIAN_POINT('',(-0.662023763875123,-1.3297177144618,0.475));
#8276=CARTESIAN_POINT('',(-0.662023763875123,-1.3297177144618,-0.475));
#8277=CARTESIAN_POINT('',(-0.665732220413913,-1.34086423997171,0.475));
#8278=CARTESIAN_POINT('',(-0.665732220413913,-1.34086423997171,-0.475));
#8279=CARTESIAN_POINT('',(-0.670480375066269,-1.35825360034157,0.475));
#8280=CARTESIAN_POINT('',(-0.670480375066269,-1.35825360034157,-0.475));
#8281=CARTESIAN_POINT('',(-0.675312184110843,-1.38247660389914,0.475));
#8282=CARTESIAN_POINT('',(-0.675312184110843,-1.38247660389914,-0.475));
#8283=CARTESIAN_POINT('',(-0.679063974079113,-1.40955374396734,0.475));
#8284=CARTESIAN_POINT('',(-0.679063974079113,-1.40955374396734,-0.475));
#8285=CARTESIAN_POINT('',(-0.6823043636065,-1.44876992686847,0.475));
#8286=CARTESIAN_POINT('',(-0.6823043636065,-1.44876992686847,-0.475));
#8287=CARTESIAN_POINT('',(-0.682631863164723,-1.48109859210405,0.475));
#8288=CARTESIAN_POINT('',(-0.682631863164723,-1.48109859210405,-0.475));
#8289=CARTESIAN_POINT('',(-0.681689143891634,-1.503695750842,0.475));
#8290=CARTESIAN_POINT('',(-0.681689143891634,-1.503695750842,-0.475));
#8291=CARTESIAN_POINT('',(-0.63496908771857,-1.27381034587799,-0.475));
#8292=CARTESIAN_POINT('',(-2.17327562027779E-14,-3.85312837131571E-14,0.475));
#8293=CARTESIAN_POINT('',(-0.659372734257536,-1.19546441177383,0.475));
#8294=CARTESIAN_POINT('',(-0.705616182787586,-1.16876574431675,0.475));
#8295=CARTESIAN_POINT('',(-0.736242937032727,-1.21949516647925,0.));
#8296=CARTESIAN_POINT('',(-0.687992325447002,-1.24735267006683,-8.67361737988404E-17));
#8297=CARTESIAN_POINT('',(-1.06606422174895,-0.943019421469919,0.475));
#8298=CARTESIAN_POINT('',(-1.06606422174895,-0.943019421469919,-0.475));
#8299=CARTESIAN_POINT('',(-1.08031268405643,-0.95563355594779,0.475));
#8300=CARTESIAN_POINT('',(-1.08031268405643,-0.95563355594779,-0.475));
#8301=CARTESIAN_POINT('',(-1.10507529260294,-0.977526853995875,0.475));
#8302=CARTESIAN_POINT('',(-1.10507529260294,-0.977526853995875,-0.475));
#8303=CARTESIAN_POINT('',(-1.10659456337737,-0.978797749236941,0.475));
#8304=CARTESIAN_POINT('',(-1.10659456337737,-0.978797749236941,-0.475));
#8305=CARTESIAN_POINT('',(-1.11306432367139,-0.983622120256987,0.475));
#8306=CARTESIAN_POINT('',(-1.11306432367139,-0.983622120256987,-0.475));
#8307=CARTESIAN_POINT('',(-1.12287122135463,-0.990089147292159,0.475));
#8308=CARTESIAN_POINT('',(-1.12287122135463,-0.990089147292159,-0.475));
#8309=CARTESIAN_POINT('',(-1.1384391407854,-0.999176210143957,0.475));
#8310=CARTESIAN_POINT('',(-1.1384391407854,-0.999176210143957,-0.475));
#8311=CARTESIAN_POINT('',(-1.16058620130892,-1.01011275393809,0.475));
#8312=CARTESIAN_POINT('',(-1.16058620130892,-1.01011275393809,-0.475));
#8313=CARTESIAN_POINT('',(-1.18576967550582,-1.02074478429982,0.475));
#8314=CARTESIAN_POINT('',(-1.18576967550582,-1.02074478429982,-0.475));
#8315=CARTESIAN_POINT('',(-1.22281092485528,-1.03402465524259,0.475));
#8316=CARTESIAN_POINT('',(-1.22281092485528,-1.03402465524259,-0.475000000000001));
#8317=CARTESIAN_POINT('',(-1.25395325441277,-1.04270826978968,0.475));
#8318=CARTESIAN_POINT('',(-1.25395325441277,-1.04270826978968,-0.475));
#8319=CARTESIAN_POINT('',(-1.27602442734063,-1.04764624794346,0.475));
#8320=CARTESIAN_POINT('',(-1.27602442734063,-1.04764624794346,-0.475));
#8321=CARTESIAN_POINT('',(-1.06606421792482,-0.943019418084429,0.475));
#8322=CARTESIAN_POINT('',(-0.943019421469918,-1.06606422174895,0.475));
#8323=CARTESIAN_POINT('',(-0.943019421469918,-1.06606422174895,-0.474999999999999));
#8324=CARTESIAN_POINT('',(-0.95563355594779,-1.08031268405643,0.475));
#8325=CARTESIAN_POINT('',(-0.95563355594779,-1.08031268405643,-0.474999999999999));
#8326=CARTESIAN_POINT('',(-0.977526853995874,-1.10507529260294,0.475));
#8327=CARTESIAN_POINT('',(-0.977526853995874,-1.10507529260294,-0.474999999999999));
#8328=CARTESIAN_POINT('',(-0.978797749236942,-1.10659456337737,0.475));
#8329=CARTESIAN_POINT('',(-0.978797749236942,-1.10659456337737,-0.474999999999999));
#8330=CARTESIAN_POINT('',(-0.983622120256988,-1.11306432367139,0.475));
#8331=CARTESIAN_POINT('',(-0.983622120256988,-1.11306432367139,-0.474999999999999));
#8332=CARTESIAN_POINT('',(-0.990089147292159,-1.12287122135463,0.475));
#8333=CARTESIAN_POINT('',(-0.990089147292159,-1.12287122135463,-0.474999999999999));
#8334=CARTESIAN_POINT('',(-0.999176210143956,-1.1384391407854,0.475));
#8335=CARTESIAN_POINT('',(-0.999176210143956,-1.1384391407854,-0.474999999999999));
#8336=CARTESIAN_POINT('',(-1.01011275393809,-1.16058620130892,0.475));
#8337=CARTESIAN_POINT('',(-1.01011275393809,-1.16058620130892,-0.474999999999999));
#8338=CARTESIAN_POINT('',(-1.02074478429982,-1.18576967550582,0.475));
#8339=CARTESIAN_POINT('',(-1.02074478429982,-1.18576967550582,-0.474999999999999));
#8340=CARTESIAN_POINT('',(-1.0340246552426,-1.22281092485528,0.475));
#8341=CARTESIAN_POINT('',(-1.0340246552426,-1.22281092485528,-0.474999999999999));
#8342=CARTESIAN_POINT('',(-1.04270826978968,-1.25395325441277,0.475));
#8343=CARTESIAN_POINT('',(-1.04270826978968,-1.25395325441277,-0.474999999999999));
#8344=CARTESIAN_POINT('',(-1.04764624794346,-1.27602442734063,0.475));
#8345=CARTESIAN_POINT('',(-1.04764624794346,-1.27602442734063,-0.474999999999999));
#8346=CARTESIAN_POINT('',(-0.943019418084428,-1.06606421792482,-0.475));
#8347=CARTESIAN_POINT('',(-3.09648605499208E-14,-3.15935108507609E-14,0.475));
#8348=CARTESIAN_POINT('',(-0.946314110679541,-0.984071728294634,0.475));
#8349=CARTESIAN_POINT('',(-0.984071728294635,-0.946314110679541,0.475));
#8350=CARTESIAN_POINT('',(-1.02678464179813,-0.98738818241071,0.));
#8351=CARTESIAN_POINT('',(-0.98738818241071,-1.02678464179813,-8.67361737988404E-17));
#8352=CARTESIAN_POINT('',(-0.451728987365317,-1.34971088612953,0.475));
#8353=CARTESIAN_POINT('',(-0.451728987365317,-1.34971088612953,-0.475000000000001));
#8354=CARTESIAN_POINT('',(-0.457761450449522,-1.36775927818786,0.475));
#8355=CARTESIAN_POINT('',(-0.457761450449522,-1.36775927818786,-0.475000000000001));
#8356=CARTESIAN_POINT('',(-0.468259849490732,-1.39910073474338,0.475));
#8357=CARTESIAN_POINT('',(-0.468259849490732,-1.39910073474338,-0.475000000000001));
#8358=CARTESIAN_POINT('',(-0.468940128956083,-1.40096099769491,0.475));
#8359=CARTESIAN_POINT('',(-0.468940128956083,-1.40096099769491,-0.475000000000001));
#8360=CARTESIAN_POINT('',(-0.472130920217078,-1.40837390570256,0.475));
#8361=CARTESIAN_POINT('',(-0.472130920217078,-1.40837390570256,-0.475000000000001));
#8362=CARTESIAN_POINT('',(-0.47739042922549,-1.4188779642436,0.475));
#8363=CARTESIAN_POINT('',(-0.47739042922549,-1.4188779642436,-0.475000000000001));
#8364=CARTESIAN_POINT('',(-0.486329111510707,-1.43453155123442,0.475));
#8365=CARTESIAN_POINT('',(-0.486329111510707,-1.43453155123442,-0.475000000000001));
#8366=CARTESIAN_POINT('',(-0.500040756646159,-1.45507640625151,0.475));
#8367=CARTESIAN_POINT('',(-0.500040756646159,-1.45507640625151,-0.475000000000001));
#8368=CARTESIAN_POINT('',(-0.516534269875365,-1.47687575173701,0.475));
#8369=CARTESIAN_POINT('',(-0.516534269875365,-1.47687575173701,-0.475000000000001));
#8370=CARTESIAN_POINT('',(-0.541972997328516,-1.5068970820072,0.475));
#8371=CARTESIAN_POINT('',(-0.541972997328516,-1.5068970820072,-0.475000000000001));
#8372=CARTESIAN_POINT('',(-0.5646012385848,-1.52998847758026,0.475));
#8373=CARTESIAN_POINT('',(-0.5646012385848,-1.52998847758026,-0.475000000000001));
#8374=CARTESIAN_POINT('',(-0.581246445954751,-1.54530047856881,0.475));
#8375=CARTESIAN_POINT('',(-0.581246445954751,-1.54530047856881,-0.475000000000001));
#8376=CARTESIAN_POINT('',(-0.451728985746273,-1.34971088128554,0.475));
#8377=CARTESIAN_POINT('',(-0.283646664380581,-1.39474840883523,0.475));
#8378=CARTESIAN_POINT('',(-0.283646664380581,-1.39474840883523,-0.474999999999999));
#8379=CARTESIAN_POINT('',(-0.287446594131431,-1.41339500639731,0.475));
#8380=CARTESIAN_POINT('',(-0.287446594131431,-1.41339500639731,-0.475));
#8381=CARTESIAN_POINT('',(-0.294025442140439,-1.44578670348661,0.475));
#8382=CARTESIAN_POINT('',(-0.294025442140439,-1.44578670348661,-0.474999999999999));
#8383=CARTESIAN_POINT('',(-0.294366434317536,-1.44773787819303,0.475));
#8384=CARTESIAN_POINT('',(-0.294366434317536,-1.44773787819303,-0.474999999999999));
#8385=CARTESIAN_POINT('',(-0.295309582031167,-1.45575304047406,0.475));
#8386=CARTESIAN_POINT('',(-0.295309582031167,-1.45575304047406,-0.475));
#8387=CARTESIAN_POINT('',(-0.296006742888969,-1.46747957651765,0.475));
#8388=CARTESIAN_POINT('',(-0.296006742888969,-1.46747957651765,-0.475));
#8389=CARTESIAN_POINT('',(-0.296092410449026,-1.48550532165466,0.475));
#8390=CARTESIAN_POINT('',(-0.296092410449026,-1.48550532165466,-0.474999999999999));
#8391=CARTESIAN_POINT('',(-0.294490204942589,-1.51015351058425,0.475));
#8392=CARTESIAN_POINT('',(-0.294490204942589,-1.51015351058425,-0.475));
#8393=CARTESIAN_POINT('',(-0.291106076231197,-1.53727905417518,0.475));
#8394=CARTESIAN_POINT('',(-0.291106076231197,-1.53727905417518,-0.474999999999999));
#8395=CARTESIAN_POINT('',(-0.28408615715189,-1.57599765257112,0.475));
#8396=CARTESIAN_POINT('',(-0.28408615715189,-1.57599765257112,-0.474999999999999));
#8397=CARTESIAN_POINT('',(-0.276035223167616,-1.60730950837444,0.475));
#8398=CARTESIAN_POINT('',(-0.276035223167616,-1.60730950837444,-0.475));
#8399=CARTESIAN_POINT('',(-0.269276051228169,-1.62889269389821,0.475));
#8400=CARTESIAN_POINT('',(-0.269276051228169,-1.62889269389821,-0.474999999999999));
#8401=CARTESIAN_POINT('',(-0.283646663360723,-1.3947484038307,-0.475));
#8402=CARTESIAN_POINT('',(-1.10196004354935E-14,-4.28432132664587E-14,0.475));
#8403=CARTESIAN_POINT('',(-0.327496195660845,-1.32538817118898,0.475));
#8404=CARTESIAN_POINT('',(-0.379074060509441,-1.31156792395548,0.475));
#8405=CARTESIAN_POINT('',(-0.395527492807528,-1.36849557026328,0.));
#8406=CARTESIAN_POINT('',(-0.341710928465155,-1.38291567521824,-8.67361737988404E-17));
#8407=CARTESIAN_POINT('',(-0.0870058126670464,-1.42063666809104,0.475));
#8408=CARTESIAN_POINT('',(-0.0870058126670464,-1.42063666809104,-0.474999999999999));
#8409=CARTESIAN_POINT('',(-0.0881614569580434,-1.43963139243824,0.475));
#8410=CARTESIAN_POINT('',(-0.0881614569580434,-1.43963139243824,-0.474999999999999));
#8411=CARTESIAN_POINT('',(-0.0901903658688135,-1.47262210037368,0.475));
#8412=CARTESIAN_POINT('',(-0.0901903658688135,-1.47262210037368,-0.475));
#8413=CARTESIAN_POINT('',(-0.0903659938927361,-1.47459504568388,0.475));
#8414=CARTESIAN_POINT('',(-0.0903659938927361,-1.47459504568388,-0.474999999999999));
#8415=CARTESIAN_POINT('',(-0.0915294598060549,-1.48258120252366,0.475));
#8416=CARTESIAN_POINT('',(-0.0915294598060549,-1.48258120252366,-0.474999999999999));
#8417=CARTESIAN_POINT('',(-0.0938911049895872,-1.49408860504857,0.475));
#8418=CARTESIAN_POINT('',(-0.0938911049895872,-1.49408860504857,-0.475));
#8419=CARTESIAN_POINT('',(-0.0984737626244759,-1.51152231021061,0.475));
#8420=CARTESIAN_POINT('',(-0.0984737626244759,-1.51152231021061,-0.475));
#8421=CARTESIAN_POINT('',(-0.106400795024429,-1.53491595116971,0.475));
#8422=CARTESIAN_POINT('',(-0.106400795024429,-1.53491595116971,-0.474999999999999));
#8423=CARTESIAN_POINT('',(-0.116690219636339,-1.56024133731474,0.475));
#8424=CARTESIAN_POINT('',(-0.116690219636339,-1.56024133731474,-0.474999999999999));
#8425=CARTESIAN_POINT('',(-0.133492051438045,-1.59582374271026,0.475));
#8426=CARTESIAN_POINT('',(-0.133492051438045,-1.59582374271026,-0.474999999999999));
#8427=CARTESIAN_POINT('',(-0.149372761118614,-1.62398493785389,0.475));
#8428=CARTESIAN_POINT('',(-0.149372761118614,-1.62398493785389,-0.474999999999999));
#8429=CARTESIAN_POINT('',(-0.161487759326781,-1.6430832917377,0.475));
#8430=CARTESIAN_POINT('',(-0.161487759326781,-1.6430832917377,-0.474999999999999));
#8431=CARTESIAN_POINT('',(-0.0870058123568846,-1.42063666299307,0.475));
#8432=CARTESIAN_POINT('',(0.0870058126670458,-1.42063666809103,0.475));
#8433=CARTESIAN_POINT('',(0.0870058126670458,-1.42063666809103,-0.474999999999999));
#8434=CARTESIAN_POINT('',(0.0881614569580428,-1.43963139243823,0.475));
#8435=CARTESIAN_POINT('',(0.0881614569580428,-1.43963139243823,-0.474999999999999));
#8436=CARTESIAN_POINT('',(0.090190365868813,-1.47262210037368,0.475));
#8437=CARTESIAN_POINT('',(0.090190365868813,-1.47262210037368,-0.474999999999999));
#8438=CARTESIAN_POINT('',(0.0903659938927355,-1.47459504568388,0.475));
#8439=CARTESIAN_POINT('',(0.0903659938927355,-1.47459504568388,-0.475));
#8440=CARTESIAN_POINT('',(0.0915294598060544,-1.48258120252366,0.475));
#8441=CARTESIAN_POINT('',(0.0915294598060544,-1.48258120252366,-0.474999999999999));
#8442=CARTESIAN_POINT('',(0.0938911049895867,-1.49408860504857,0.475));
#8443=CARTESIAN_POINT('',(0.0938911049895867,-1.49408860504857,-0.474999999999999));
#8444=CARTESIAN_POINT('',(0.0984737626244754,-1.51152231021061,0.475));
#8445=CARTESIAN_POINT('',(0.0984737626244754,-1.51152231021061,-0.474999999999999));
#8446=CARTESIAN_POINT('',(0.106400795024428,-1.53491595116971,0.475));
#8447=CARTESIAN_POINT('',(0.106400795024428,-1.53491595116971,-0.474999999999999));
#8448=CARTESIAN_POINT('',(0.116690219636338,-1.56024133731474,0.475));
#8449=CARTESIAN_POINT('',(0.116690219636338,-1.56024133731474,-0.474999999999999));
#8450=CARTESIAN_POINT('',(0.133492051438044,-1.59582374271026,0.475));
#8451=CARTESIAN_POINT('',(0.133492051438044,-1.59582374271026,-0.475));
#8452=CARTESIAN_POINT('',(0.149372761118614,-1.62398493785389,0.475));
#8453=CARTESIAN_POINT('',(0.149372761118614,-1.62398493785389,-0.474999999999999));
#8454=CARTESIAN_POINT('',(0.161487759326781,-1.6430832917377,0.475));
#8455=CARTESIAN_POINT('',(0.161487759326781,-1.6430832917377,-0.474999999999999));
#8456=CARTESIAN_POINT('',(0.087005812356884,-1.42063666299307,-0.475));
#8457=CARTESIAN_POINT('',(4.44522890719049E-16,-4.42354486374086E-14,0.475));
#8458=CARTESIAN_POINT('',(0.0266986674570808,-1.36498891704512,0.475));
#8459=CARTESIAN_POINT('',(-0.0266986674570813,-1.36498891704512,0.475));
#8460=CARTESIAN_POINT('',(-0.0278575035875828,-1.42423526247973,0.));
#8461=CARTESIAN_POINT('',(0.0278575035875823,-1.42423526247973,-8.67361737988404E-17));
#8462=CARTESIAN_POINT('',(0.94301942146992,-1.06606422174895,0.475));
#8463=CARTESIAN_POINT('',(0.94301942146992,-1.06606422174895,-0.474999999999999));
#8464=CARTESIAN_POINT('',(0.955633555947791,-1.08031268405643,0.475));
#8465=CARTESIAN_POINT('',(0.955633555947791,-1.08031268405643,-0.474999999999999));
#8466=CARTESIAN_POINT('',(0.977526853995875,-1.10507529260294,0.475));
#8467=CARTESIAN_POINT('',(0.977526853995875,-1.10507529260294,-0.474999999999999));
#8468=CARTESIAN_POINT('',(0.978797749236941,-1.10659456337737,0.475));
#8469=CARTESIAN_POINT('',(0.978797749236941,-1.10659456337737,-0.474999999999999));
#8470=CARTESIAN_POINT('',(0.983622120256987,-1.11306432367139,0.475));
#8471=CARTESIAN_POINT('',(0.983622120256987,-1.11306432367139,-0.474999999999999));
#8472=CARTESIAN_POINT('',(0.990089147292159,-1.12287122135463,0.475));
#8473=CARTESIAN_POINT('',(0.990089147292159,-1.12287122135463,-0.474999999999999));
#8474=CARTESIAN_POINT('',(0.999176210143957,-1.1384391407854,0.475));
#8475=CARTESIAN_POINT('',(0.999176210143957,-1.1384391407854,-0.474999999999999));
#8476=CARTESIAN_POINT('',(1.01011275393809,-1.16058620130892,0.475));
#8477=CARTESIAN_POINT('',(1.01011275393809,-1.16058620130892,-0.474999999999999));
#8478=CARTESIAN_POINT('',(1.02074478429982,-1.18576967550582,0.475));
#8479=CARTESIAN_POINT('',(1.02074478429982,-1.18576967550582,-0.474999999999999));
#8480=CARTESIAN_POINT('',(1.03402465524259,-1.22281092485528,0.475));
#8481=CARTESIAN_POINT('',(1.03402465524259,-1.22281092485528,-0.474999999999999));
#8482=CARTESIAN_POINT('',(1.04270826978968,-1.25395325441277,0.475));
#8483=CARTESIAN_POINT('',(1.04270826978968,-1.25395325441277,-0.474999999999999));
#8484=CARTESIAN_POINT('',(1.04764624794346,-1.27602442734063,0.475));
#8485=CARTESIAN_POINT('',(1.04764624794346,-1.27602442734063,-0.474999999999999));
#8486=CARTESIAN_POINT('',(0.943019418084429,-1.06606421792482,0.475));
#8487=CARTESIAN_POINT('',(1.06606422174895,-0.943019421469919,0.475));
#8488=CARTESIAN_POINT('',(1.06606422174895,-0.943019421469919,-0.475));
#8489=CARTESIAN_POINT('',(1.08031268405643,-0.95563355594779,0.475));
#8490=CARTESIAN_POINT('',(1.08031268405643,-0.95563355594779,-0.475));
#8491=CARTESIAN_POINT('',(1.10507529260294,-0.977526853995875,0.475));
#8492=CARTESIAN_POINT('',(1.10507529260294,-0.977526853995875,-0.474999999999999));
#8493=CARTESIAN_POINT('',(1.10659456337737,-0.978797749236942,0.475));
#8494=CARTESIAN_POINT('',(1.10659456337737,-0.978797749236942,-0.475));
#8495=CARTESIAN_POINT('',(1.11306432367139,-0.983622120256987,0.475));
#8496=CARTESIAN_POINT('',(1.11306432367139,-0.983622120256987,-0.475));
#8497=CARTESIAN_POINT('',(1.12287122135463,-0.99008914729216,0.475));
#8498=CARTESIAN_POINT('',(1.12287122135463,-0.99008914729216,-0.475));
#8499=CARTESIAN_POINT('',(1.1384391407854,-0.999176210143955,0.475));
#8500=CARTESIAN_POINT('',(1.1384391407854,-0.999176210143955,-0.475));
#8501=CARTESIAN_POINT('',(1.16058620130892,-1.01011275393809,0.475));
#8502=CARTESIAN_POINT('',(1.16058620130892,-1.01011275393809,-0.475));
#8503=CARTESIAN_POINT('',(1.18576967550582,-1.02074478429981,0.475));
#8504=CARTESIAN_POINT('',(1.18576967550582,-1.02074478429981,-0.475));
#8505=CARTESIAN_POINT('',(1.22281092485528,-1.0340246552426,0.475));
#8506=CARTESIAN_POINT('',(1.22281092485528,-1.0340246552426,-0.475));
#8507=CARTESIAN_POINT('',(1.25395325441277,-1.04270826978968,0.475));
#8508=CARTESIAN_POINT('',(1.25395325441277,-1.04270826978968,-0.475));
#8509=CARTESIAN_POINT('',(1.27602442734063,-1.04764624794346,0.475));
#8510=CARTESIAN_POINT('',(1.27602442734063,-1.04764624794346,-0.475));
#8511=CARTESIAN_POINT('',(1.06606421792482,-0.943019418084428,-0.475));
#8512=CARTESIAN_POINT('',(3.15935108507609E-14,-3.09648605499208E-14,0.475));
#8513=CARTESIAN_POINT('',(0.984071728294634,-0.946314110679542,0.475));
#8514=CARTESIAN_POINT('',(0.946314110679541,-0.984071728294635,0.475));
#8515=CARTESIAN_POINT('',(0.98738818241071,-1.02678464179813,0.));
#8516=CARTESIAN_POINT('',(1.02678464179813,-0.98738818241071,-8.67361737988404E-17));
#8517=CARTESIAN_POINT('',(1.18680453778099,-0.78566757809209,0.475));
#8518=CARTESIAN_POINT('',(1.18680453778099,-0.78566757809209,-0.475));
#8519=CARTESIAN_POINT('',(1.20267662945805,-0.796165757579432,0.475));
#8520=CARTESIAN_POINT('',(1.20267662945805,-0.796165757579432,-0.475));
#8521=CARTESIAN_POINT('',(1.2302329661636,-0.814418198205848,0.475));
#8522=CARTESIAN_POINT('',(1.2302329661636,-0.814418198205848,-0.475));
#8523=CARTESIAN_POINT('',(1.23185377291055,-0.815556769191279,0.475));
#8524=CARTESIAN_POINT('',(1.23185377291055,-0.815556769191279,-0.475));
#8525=CARTESIAN_POINT('',(1.23818825465575,-0.820557438648544,0.475));
#8526=CARTESIAN_POINT('',(1.23818825465575,-0.820557438648544,-0.475));
#8527=CARTESIAN_POINT('',(1.24697313498212,-0.82835638463466,0.475));
#8528=CARTESIAN_POINT('',(1.24697313498212,-0.82835638463466,-0.475));
#8529=CARTESIAN_POINT('',(1.25977983771709,-0.841041935144339,0.475));
#8530=CARTESIAN_POINT('',(1.25977983771709,-0.841041935144339,-0.475));
#8531=CARTESIAN_POINT('',(1.27607580887472,-0.859603767058875,0.475));
#8532=CARTESIAN_POINT('',(1.27607580887472,-0.859603767058875,-0.475));
#8533=CARTESIAN_POINT('',(1.292863524331,-0.881177363235625,0.475));
#8534=CARTESIAN_POINT('',(1.292863524331,-0.881177363235625,-0.475));
#8535=CARTESIAN_POINT('',(1.31527787543045,-0.913519379103781,0.475));
#8536=CARTESIAN_POINT('',(1.31527787543045,-0.913519379103781,-0.475));
#8537=CARTESIAN_POINT('',(1.33172583098535,-0.941353074689063,0.475));
#8538=CARTESIAN_POINT('',(1.33172583098535,-0.941353074689063,-0.475));
#8539=CARTESIAN_POINT('',(1.34220799151522,-0.961394147846073,0.475));
#8540=CARTESIAN_POINT('',(1.34220799151522,-0.961394147846073,-0.475));
#8541=CARTESIAN_POINT('',(1.18680453352111,-0.785667575274498,0.475));
#8542=CARTESIAN_POINT('',(1.27381035044804,-0.634969089998947,0.475));
#8543=CARTESIAN_POINT('',(1.27381035044804,-0.634969089998947,-0.474999999999999));
#8544=CARTESIAN_POINT('',(1.2908380864161,-0.643465634858805,0.475));
#8545=CARTESIAN_POINT('',(1.2908380864161,-0.643465634858805,-0.474999999999999));
#8546=CARTESIAN_POINT('',(1.32042333203241,-0.658203902167837,0.475));
#8547=CARTESIAN_POINT('',(1.32042333203241,-0.658203902167837,-0.474999999999999));
#8548=CARTESIAN_POINT('',(1.32221976680328,-0.659038276492601,0.475));
#8549=CARTESIAN_POINT('',(1.32221976680328,-0.659038276492601,-0.474999999999999));
#8550=CARTESIAN_POINT('',(1.3297177144618,-0.662023763875124,0.475));
#8551=CARTESIAN_POINT('',(1.3297177144618,-0.662023763875124,-0.474999999999999));
#8552=CARTESIAN_POINT('',(1.34086423997171,-0.665732220413912,0.475));
#8553=CARTESIAN_POINT('',(1.34086423997171,-0.665732220413912,-0.474999999999999));
#8554=CARTESIAN_POINT('',(1.35825360034157,-0.67048037506627,0.475));
#8555=CARTESIAN_POINT('',(1.35825360034157,-0.67048037506627,-0.474999999999999));
#8556=CARTESIAN_POINT('',(1.38247660389915,-0.675312184110844,0.475));
#8557=CARTESIAN_POINT('',(1.38247660389915,-0.675312184110844,-0.474999999999999));
#8558=CARTESIAN_POINT('',(1.40955374396734,-0.679063974079115,0.475));
#8559=CARTESIAN_POINT('',(1.40955374396734,-0.679063974079115,-0.474999999999999));
#8560=CARTESIAN_POINT('',(1.44876992686847,-0.682304363606493,0.475));
#8561=CARTESIAN_POINT('',(1.44876992686847,-0.682304363606493,-0.474999999999999));
#8562=CARTESIAN_POINT('',(1.48109859210405,-0.682631863164765,0.475));
#8563=CARTESIAN_POINT('',(1.48109859210405,-0.682631863164765,-0.474999999999999));
#8564=CARTESIAN_POINT('',(1.503695750842,-0.681689143891634,0.475));
#8565=CARTESIAN_POINT('',(1.503695750842,-0.681689143891634,-0.474999999999999));
#8566=CARTESIAN_POINT('',(1.27381034587799,-0.63496908771857,-0.475));
#8567=CARTESIAN_POINT('',(3.85312837131571E-14,-2.17327562027779E-14,0.475));
#8568=CARTESIAN_POINT('',(1.19546441177383,-0.659372734257537,0.475));
#8569=CARTESIAN_POINT('',(1.16876574431674,-0.705616182787587,0.475));
#8570=CARTESIAN_POINT('',(1.21949516647925,-0.736242937032727,0.));
#8571=CARTESIAN_POINT('',(1.24735267006683,-0.687992325447002,-8.67361737988404E-17));
#8572=CARTESIAN_POINT('',(0.634969089998946,-1.27381035044804,0.475));
#8573=CARTESIAN_POINT('',(0.634969089998946,-1.27381035044804,-0.475));
#8574=CARTESIAN_POINT('',(0.643465634858804,-1.2908380864161,0.475));
#8575=CARTESIAN_POINT('',(0.643465634858804,-1.2908380864161,-0.475));
#8576=CARTESIAN_POINT('',(0.658203902167836,-1.32042333203241,0.475));
#8577=CARTESIAN_POINT('',(0.658203902167836,-1.32042333203241,-0.475));
#8578=CARTESIAN_POINT('',(0.6590382764926,-1.32221976680328,0.475));
#8579=CARTESIAN_POINT('',(0.6590382764926,-1.32221976680328,-0.475));
#8580=CARTESIAN_POINT('',(0.662023763875123,-1.3297177144618,0.475));
#8581=CARTESIAN_POINT('',(0.662023763875123,-1.3297177144618,-0.475));
#8582=CARTESIAN_POINT('',(0.665732220413913,-1.34086423997171,0.475));
#8583=CARTESIAN_POINT('',(0.665732220413913,-1.34086423997171,-0.475));
#8584=CARTESIAN_POINT('',(0.670480375066269,-1.35825360034157,0.475));
#8585=CARTESIAN_POINT('',(0.670480375066269,-1.35825360034157,-0.475));
#8586=CARTESIAN_POINT('',(0.675312184110843,-1.38247660389914,0.475));
#8587=CARTESIAN_POINT('',(0.675312184110843,-1.38247660389914,-0.475));
#8588=CARTESIAN_POINT('',(0.679063974079113,-1.40955374396734,0.475));
#8589=CARTESIAN_POINT('',(0.679063974079113,-1.40955374396734,-0.475));
#8590=CARTESIAN_POINT('',(0.6823043636065,-1.44876992686847,0.475));
#8591=CARTESIAN_POINT('',(0.6823043636065,-1.44876992686847,-0.475));
#8592=CARTESIAN_POINT('',(0.682631863164723,-1.48109859210405,0.475));
#8593=CARTESIAN_POINT('',(0.682631863164723,-1.48109859210405,-0.475));
#8594=CARTESIAN_POINT('',(0.681689143891634,-1.503695750842,0.475));
#8595=CARTESIAN_POINT('',(0.681689143891634,-1.503695750842,-0.475));
#8596=CARTESIAN_POINT('',(0.63496908771857,-1.27381034587799,0.475));
#8597=CARTESIAN_POINT('',(0.78566757809209,-1.18680453778099,0.475));
#8598=CARTESIAN_POINT('',(0.78566757809209,-1.18680453778099,-0.475));
#8599=CARTESIAN_POINT('',(0.796165757579432,-1.20267662945805,0.475));
#8600=CARTESIAN_POINT('',(0.796165757579432,-1.20267662945805,-0.475));
#8601=CARTESIAN_POINT('',(0.814418198205847,-1.2302329661636,0.475));
#8602=CARTESIAN_POINT('',(0.814418198205847,-1.2302329661636,-0.475));
#8603=CARTESIAN_POINT('',(0.815556769191279,-1.23185377291054,0.475));
#8604=CARTESIAN_POINT('',(0.815556769191279,-1.23185377291054,-0.475));
#8605=CARTESIAN_POINT('',(0.820557438648542,-1.23818825465575,0.475));
#8606=CARTESIAN_POINT('',(0.820557438648542,-1.23818825465575,-0.475));
#8607=CARTESIAN_POINT('',(0.82835638463466,-1.24697313498212,0.475));
#8608=CARTESIAN_POINT('',(0.82835638463466,-1.24697313498212,-0.475));
#8609=CARTESIAN_POINT('',(0.841041935144338,-1.25977983771709,0.475));
#8610=CARTESIAN_POINT('',(0.841041935144338,-1.25977983771709,-0.475));
#8611=CARTESIAN_POINT('',(0.859603767058876,-1.27607580887472,0.475));
#8612=CARTESIAN_POINT('',(0.859603767058876,-1.27607580887472,-0.475));
#8613=CARTESIAN_POINT('',(0.881177363235623,-1.292863524331,0.475));
#8614=CARTESIAN_POINT('',(0.881177363235623,-1.292863524331,-0.475));
#8615=CARTESIAN_POINT('',(0.913519379103791,-1.31527787543043,0.475));
#8616=CARTESIAN_POINT('',(0.913519379103791,-1.31527787543043,-0.475));
#8617=CARTESIAN_POINT('',(0.941353074689019,-1.33172583098544,0.475));
#8618=CARTESIAN_POINT('',(0.941353074689019,-1.33172583098544,-0.475));
#8619=CARTESIAN_POINT('',(0.961394147846073,-1.34220799151522,0.475));
#8620=CARTESIAN_POINT('',(0.961394147846073,-1.34220799151522,-0.475));
#8621=CARTESIAN_POINT('',(0.785667575274497,-1.18680453352111,-0.475));
#8622=CARTESIAN_POINT('',(2.25026924346307E-14,-3.80867608224381E-14,0.475));
#8623=CARTESIAN_POINT('',(0.705616182787586,-1.16876574431674,0.475));
#8624=CARTESIAN_POINT('',(0.659372734257536,-1.19546441177383,0.475));
#8625=CARTESIAN_POINT('',(0.687992325447002,-1.24735267006683,0.));
#8626=CARTESIAN_POINT('',(0.736242937032727,-1.21949516647925,-8.67361737988404E-17));
#8627=CARTESIAN_POINT('',(0.28364666438058,-1.39474840883523,0.475));
#8628=CARTESIAN_POINT('',(0.28364666438058,-1.39474840883523,-0.474999999999999));
#8629=CARTESIAN_POINT('',(0.287446594131431,-1.41339500639731,0.475));
#8630=CARTESIAN_POINT('',(0.287446594131431,-1.41339500639731,-0.474999999999999));
#8631=CARTESIAN_POINT('',(0.294025442140439,-1.44578670348661,0.475));
#8632=CARTESIAN_POINT('',(0.294025442140439,-1.44578670348661,-0.474999999999999));
#8633=CARTESIAN_POINT('',(0.294366434317536,-1.44773787819303,0.475));
#8634=CARTESIAN_POINT('',(0.294366434317536,-1.44773787819303,-0.474999999999999));
#8635=CARTESIAN_POINT('',(0.295309582031167,-1.45575304047406,0.475));
#8636=CARTESIAN_POINT('',(0.295309582031167,-1.45575304047406,-0.474999999999999));
#8637=CARTESIAN_POINT('',(0.296006742888968,-1.46747957651765,0.475));
#8638=CARTESIAN_POINT('',(0.296006742888968,-1.46747957651765,-0.474999999999999));
#8639=CARTESIAN_POINT('',(0.296092410449025,-1.48550532165466,0.475));
#8640=CARTESIAN_POINT('',(0.296092410449025,-1.48550532165466,-0.474999999999999));
#8641=CARTESIAN_POINT('',(0.294490204942588,-1.51015351058425,0.475));
#8642=CARTESIAN_POINT('',(0.294490204942588,-1.51015351058425,-0.474999999999999));
#8643=CARTESIAN_POINT('',(0.291106076231197,-1.53727905417518,0.475));
#8644=CARTESIAN_POINT('',(0.291106076231197,-1.53727905417518,-0.474999999999999));
#8645=CARTESIAN_POINT('',(0.28408615715189,-1.57599765257112,0.475));
#8646=CARTESIAN_POINT('',(0.28408615715189,-1.57599765257112,-0.474999999999999));
#8647=CARTESIAN_POINT('',(0.276035223167614,-1.60730950837444,0.475));
#8648=CARTESIAN_POINT('',(0.276035223167614,-1.60730950837444,-0.474999999999999));
#8649=CARTESIAN_POINT('',(0.269276051228169,-1.62889269389821,0.475));
#8650=CARTESIAN_POINT('',(0.269276051228169,-1.62889269389821,-0.474999999999999));
#8651=CARTESIAN_POINT('',(0.283646663360722,-1.3947484038307,0.475));
#8652=CARTESIAN_POINT('',(0.451728987365316,-1.34971088612953,0.475));
#8653=CARTESIAN_POINT('',(0.451728987365316,-1.34971088612953,-0.475));
#8654=CARTESIAN_POINT('',(0.457761450449522,-1.36775927818786,0.475));
#8655=CARTESIAN_POINT('',(0.457761450449522,-1.36775927818786,-0.475));
#8656=CARTESIAN_POINT('',(0.468259849490732,-1.39910073474338,0.475));
#8657=CARTESIAN_POINT('',(0.468259849490732,-1.39910073474338,-0.475));
#8658=CARTESIAN_POINT('',(0.468940128956083,-1.40096099769491,0.475));
#8659=CARTESIAN_POINT('',(0.468940128956083,-1.40096099769491,-0.475));
#8660=CARTESIAN_POINT('',(0.472130920217077,-1.40837390570256,0.475));
#8661=CARTESIAN_POINT('',(0.472130920217077,-1.40837390570256,-0.475));
#8662=CARTESIAN_POINT('',(0.477390429225489,-1.4188779642436,0.475));
#8663=CARTESIAN_POINT('',(0.477390429225489,-1.4188779642436,-0.475));
#8664=CARTESIAN_POINT('',(0.486329111510705,-1.43453155123442,0.475));
#8665=CARTESIAN_POINT('',(0.486329111510705,-1.43453155123442,-0.475));
#8666=CARTESIAN_POINT('',(0.500040756646159,-1.45507640625151,0.475));
#8667=CARTESIAN_POINT('',(0.500040756646159,-1.45507640625151,-0.475));
#8668=CARTESIAN_POINT('',(0.516534269875362,-1.47687575173701,0.475));
#8669=CARTESIAN_POINT('',(0.516534269875362,-1.47687575173701,-0.475));
#8670=CARTESIAN_POINT('',(0.541972997328526,-1.5068970820072,0.475));
#8671=CARTESIAN_POINT('',(0.541972997328526,-1.5068970820072,-0.475));
#8672=CARTESIAN_POINT('',(0.564601238584754,-1.52998847758026,0.475));
#8673=CARTESIAN_POINT('',(0.564601238584754,-1.52998847758026,-0.475));
#8674=CARTESIAN_POINT('',(0.581246445954751,-1.54530047856881,0.475));
#8675=CARTESIAN_POINT('',(0.581246445954751,-1.54530047856881,-0.475));
#8676=CARTESIAN_POINT('',(0.451728985746272,-1.34971088128554,-0.475));
#8677=CARTESIAN_POINT('',(1.18783527165379E-14,-4.26131112862544E-14,0.475));
#8678=CARTESIAN_POINT('',(0.37907406050944,-1.31156792395548,0.475));
#8679=CARTESIAN_POINT('',(0.327496195660845,-1.32538817118898,0.475));
#8680=CARTESIAN_POINT('',(0.341710928465155,-1.38291567521824,0.));
#8681=CARTESIAN_POINT('',(0.395527492807527,-1.36849557026328,-8.67361737988403E-17));
#8682=CARTESIAN_POINT('',(0.,5.81707229594993E-17,0.625));
#8683=CARTESIAN_POINT('',(0.,5.81707229594993E-17,0.625));
#8684=CARTESIAN_POINT('',(0.95,5.81707229594993E-17,0.625));
#8685=CARTESIAN_POINT('',(0.,0.,0.625));
#8686=CARTESIAN_POINT('',(0.554256258422041,0.32,0.625));
#8687=CARTESIAN_POINT('',(0.739008344562721,1.7347234759768E-16,0.625));
#8688=CARTESIAN_POINT('',(0.369504172281361,0.64,0.625));
#8689=CARTESIAN_POINT('',(0.554256258422041,-0.32,0.625));
#8690=CARTESIAN_POINT('',(0.369504172281361,-0.64,0.625));
#8691=CARTESIAN_POINT('',(-4.33680868994202E-17,-0.64,0.625));
#8692=CARTESIAN_POINT('',(-0.369504172281361,-0.64,0.625));
#8693=CARTESIAN_POINT('',(-0.554256258422041,-0.32,0.625));
#8694=CARTESIAN_POINT('',(-0.739008344562721,4.33680868994202E-17,0.625));
#8695=CARTESIAN_POINT('',(-0.554256258422041,0.32,0.625));
#8696=CARTESIAN_POINT('',(-0.369504172281361,0.64,0.625));
#8697=CARTESIAN_POINT('',(0.,0.64,0.625));
#8698=CARTESIAN_POINT('',(0.,-5.81707229594993E-17,-0.625));
#8699=CARTESIAN_POINT('',(0.,-5.81707229594993E-17,-0.625));
#8700=CARTESIAN_POINT('',(-0.95,-5.81707229594993E-17,-0.625));
#8701=CARTESIAN_POINT('',(0.,0.,-0.625));
#8702=CARTESIAN_POINT('',(0.554256258422041,0.32,-0.625));
#8703=CARTESIAN_POINT('',(0.369504172281361,0.64,-0.625));
#8704=CARTESIAN_POINT('',(0.739008344562721,1.7347234759768E-16,-0.625));
#8705=CARTESIAN_POINT('',(0.,0.64,-0.625));
#8706=CARTESIAN_POINT('',(-0.369504172281361,0.64,-0.625));
#8707=CARTESIAN_POINT('',(-0.554256258422041,0.32,-0.625));
#8708=CARTESIAN_POINT('',(-0.739008344562721,4.33680868994202E-17,-0.625));
#8709=CARTESIAN_POINT('',(-0.554256258422041,-0.32,-0.625));
#8710=CARTESIAN_POINT('',(-0.369504172281361,-0.64,-0.625));
#8711=CARTESIAN_POINT('',(-1.50231459873716E-16,-0.64,-0.625));
#8712=CARTESIAN_POINT('',(0.36950417228136,-0.64,-0.625));
#8713=CARTESIAN_POINT('',(0.554256258422041,-0.32,-0.625));
#8714=CARTESIAN_POINT('',(0.554256258422041,0.32,-4.18851302634091));
#8715=CARTESIAN_POINT('',(0.739008344562721,1.7347234759768E-16,-4.18851302634091));
#8716=CARTESIAN_POINT('',(0.369504172281361,0.64,-4.18851302634091));
#8717=CARTESIAN_POINT('',(0.,0.64,-4.18851302634091));
#8718=CARTESIAN_POINT('',(-0.369504172281361,0.64,-4.18851302634091));
#8719=CARTESIAN_POINT('',(-0.554256258422041,0.32,-4.18851302634091));
#8720=CARTESIAN_POINT('',(-0.739008344562721,4.33680868994202E-17,-4.18851302634091));
#8721=CARTESIAN_POINT('',(-0.554256258422041,-0.32,-4.18851302634091));
#8722=CARTESIAN_POINT('',(-0.369504172281361,-0.64,-4.18851302634091));
#8723=CARTESIAN_POINT('',(-4.33680868994202E-17,-0.64,-4.18851302634091));
#8724=CARTESIAN_POINT('',(0.36950417228136,-0.64,-4.18851302634091));
#8725=CARTESIAN_POINT('',(0.554256258422041,-0.32,-4.18851302634091));
#8726=MECHANICAL_DESIGN_GEOMETRIC_PRESENTATION_REPRESENTATION('',(#2931),
#8727);
#8727=(
GEOMETRIC_REPRESENTATION_CONTEXT(3)
GLOBAL_UNCERTAINTY_ASSIGNED_CONTEXT((#8728))
GLOBAL_UNIT_ASSIGNED_CONTEXT((#8731,#8730,#8729))
REPRESENTATION_CONTEXT('????24t-20dp-1/2inch','TOP_LEVEL_ASSEMBLY_PART')
);
#8728=UNCERTAINTY_MEASURE_WITH_UNIT(LENGTH_MEASURE(0.002),#8731,
'DISTANCE_ACCURACY_VALUE','Maximum Tolerance applied to model');
#8729=(
NAMED_UNIT(*)
SI_UNIT($,.STERADIAN.)
SOLID_ANGLE_UNIT()
);
#8730=(
NAMED_UNIT(*)
PLANE_ANGLE_UNIT()
SI_UNIT($,.RADIAN.)
);
#8731=(
LENGTH_UNIT()
NAMED_UNIT(*)
SI_UNIT(.CENTI.,.METRE.)
);
#8732=PRODUCT_DEFINITION_SHAPE('','',#8733);
#8733=PRODUCT_DEFINITION('','',#8735,#8734);
#8734=PRODUCT_DEFINITION_CONTEXT('',#8741,'design');
#8735=PRODUCT_DEFINITION_FORMATION_WITH_SPECIFIED_SOURCE('','',#8737,
 .NOT_KNOWN.);
#8736=PRODUCT_RELATED_PRODUCT_CATEGORY('','',(#8737));
#8737=PRODUCT('????24t-20dp-1/2inch','????24t-20dp-1/2inch',
'????24t-20dp-1/2inch',(#8739));
#8738=PRODUCT_CATEGORY('','');
#8739=PRODUCT_CONTEXT('',#8741,'mechanical');
#8740=APPLICATION_PROTOCOL_DEFINITION('international standard',
'ap242_managed_model_based_3d_engineering',2020,#8741);
#8741=APPLICATION_CONTEXT('managed model based 3d engineering');
ENDSEC;
END-ISO-10303-21;
