ISO-10303-21;
HEADER;
/* Generated by software containing ST-Developer
 * from STEP Tools, Inc. (www.steptools.com) 
 */
/* OPTION: using custom renumber hook */

FILE_DESCRIPTION(
/* description */ ('STEP AP242 Edition 2',
'CAx-IF Rec.Pracs.---Representation and Presentation of Product Manufa
cturing Information (PMI)---4.0---2014-10-13',
'CAx-IF Rec.Pracs.---3D Tessellated Geometry---0.4---2014-09-14','2;1',
'CAx-IF Rec.Pracs.---User Defined Attributes---1.5---2016-08-15'),
/* implementation_level */ '2;1');

FILE_NAME(
/* name */ '4''''',
/* time_stamp */ '2026-06-07T13:11:49Z',
/* author */ (''),
/* organization */ (''),
/* preprocessor_version */ 'ST-DEVELOPER v20',
/* originating_system */ 'ONSHAPE BY PTC INC, 1.216',
/* authorisation */ '  ');

FILE_SCHEMA (('AP242_MANAGED_MODEL_BASED_3D_ENGINEERING_MIM_LF { 1 0 10303 442 3 1 4 }'));
ENDSEC;

DATA;
#10=CYLINDRICAL_SURFACE('',#4875,1.7);
#11=CYLINDRICAL_SURFACE('',#4877,4.38);
#12=CYLINDRICAL_SURFACE('',#4878,1.7);
#13=CYLINDRICAL_SURFACE('',#4880,4.38);
#14=CYLINDRICAL_SURFACE('',#4881,1.7);
#15=CYLINDRICAL_SURFACE('',#4883,4.38);
#16=CYLINDRICAL_SURFACE('',#4884,1.7);
#17=CYLINDRICAL_SURFACE('',#4886,4.38);
#18=CYLINDRICAL_SURFACE('',#4887,1.7);
#19=CYLINDRICAL_SURFACE('',#4889,4.38);
#20=CYLINDRICAL_SURFACE('',#4890,1.7);
#21=CYLINDRICAL_SURFACE('',#4892,4.38);
#22=CYLINDRICAL_SURFACE('',#4893,0.825);
#23=CYLINDRICAL_SURFACE('',#4900,5.08);
#24=CYLINDRICAL_SURFACE('',#4901,0.55);
#25=CYLINDRICAL_SURFACE('',#4902,0.55);
#26=CYLINDRICAL_SURFACE('',#4903,0.55);
#27=CYLINDRICAL_SURFACE('',#4904,0.55);
#28=CYLINDRICAL_SURFACE('',#4905,0.55);
#29=CYLINDRICAL_SURFACE('',#4906,0.55);
#30=CYLINDRICAL_SURFACE('',#4907,0.55);
#31=CYLINDRICAL_SURFACE('',#4908,0.55);
#32=CYLINDRICAL_SURFACE('',#4909,0.55);
#33=CYLINDRICAL_SURFACE('',#4910,0.55);
#34=CYLINDRICAL_SURFACE('',#4911,0.55);
#35=CYLINDRICAL_SURFACE('',#4912,0.55);
#36=CYLINDRICAL_SURFACE('',#4913,0.65);
#37=CYLINDRICAL_SURFACE('',#4914,0.65);
#38=CYLINDRICAL_SURFACE('',#4915,0.65);
#39=CYLINDRICAL_SURFACE('',#4916,0.65);
#40=CYLINDRICAL_SURFACE('',#4917,0.65);
#41=CYLINDRICAL_SURFACE('',#4918,0.65);
#42=CYLINDRICAL_SURFACE('',#4919,0.65);
#43=CYLINDRICAL_SURFACE('',#4920,0.65);
#44=CYLINDRICAL_SURFACE('',#4921,0.65);
#45=CYLINDRICAL_SURFACE('',#4922,0.65);
#46=CYLINDRICAL_SURFACE('',#4923,0.65);
#47=CYLINDRICAL_SURFACE('',#4924,0.65);
#48=SHAPE_REPRESENTATION_RELATIONSHIP('','',#4592,#50);
#49=SHAPE_REPRESENTATION_RELATIONSHIP('','',#4593,#51);
#50=ADVANCED_BREP_SHAPE_REPRESENTATION('',(#4588),#8695);
#51=ADVANCED_BREP_SHAPE_REPRESENTATION('',(#4589),#8696);
#52=TOROIDAL_SURFACE('',#4706,0.416288049101513,0.01);
#53=TOROIDAL_SURFACE('',#4709,0.410003427924908,0.01);
#54=TOROIDAL_SURFACE('',#4711,1.24680491168308,0.01);
#55=TOROIDAL_SURFACE('',#4718,1.24680491168308,0.01);
#56=TOROIDAL_SURFACE('',#4721,0.410003427924909,0.01);
#57=TOROIDAL_SURFACE('',#4723,1.24680491168308,0.01);
#58=TOROIDAL_SURFACE('',#4725,0.416288049101513,0.01);
#59=TOROIDAL_SURFACE('',#4729,0.416288049101514,0.01);
#60=TOROIDAL_SURFACE('',#4736,0.416288049101513,0.01);
#61=TOROIDAL_SURFACE('',#4739,0.416288049101514,0.01);
#62=TOROIDAL_SURFACE('',#4740,1.24680491168308,0.01);
#63=TOROIDAL_SURFACE('',#4743,0.410003427924908,0.01);
#64=TOROIDAL_SURFACE('',#4745,1.24680491168308,0.01);
#65=TOROIDAL_SURFACE('',#4749,1.24680491168308,0.01);
#66=TOROIDAL_SURFACE('',#4751,1.24680491168308,0.01);
#67=TOROIDAL_SURFACE('',#4753,0.416288049101513,0.01);
#68=TOROIDAL_SURFACE('',#4757,0.416288049101513,0.01);
#69=TOROIDAL_SURFACE('',#4762,0.416288049101513,0.01);
#70=TOROIDAL_SURFACE('',#4764,0.416288049101513,0.01);
#71=TOROIDAL_SURFACE('',#4765,1.24680491168308,0.01);
#72=TOROIDAL_SURFACE('',#4768,0.410003427924909,0.01);
#73=TOROIDAL_SURFACE('',#4770,1.24680491168308,0.01);
#74=TOROIDAL_SURFACE('',#4774,1.24680491168308,0.01);
#75=TOROIDAL_SURFACE('',#4776,0.416288049101513,0.01);
#76=TOROIDAL_SURFACE('',#4778,1.24680491168308,0.01);
#77=TOROIDAL_SURFACE('',#4780,0.416288049101513,0.01);
#78=TOROIDAL_SURFACE('',#4788,0.416288049101513,0.01);
#79=TOROIDAL_SURFACE('',#4789,1.24680491168308,0.01);
#80=TOROIDAL_SURFACE('',#4791,0.410003427924908,0.01);
#81=TOROIDAL_SURFACE('',#4794,0.87819508831692,0.01);
#82=TOROIDAL_SURFACE('',#4795,0.87819508831692,0.01);
#83=(
BOUNDED_SURFACE()
B_SPLINE_SURFACE(3,2,((#6851,#6852,#6853),(#6854,#6855,#6856),(#6857,#6858,
#6859),(#6860,#6861,#6862)),.UNSPECIFIED.,.F.,.F.,.F.)
B_SPLINE_SURFACE_WITH_KNOTS((4,4),(3,3),(0.00651437112646463,0.00891611517441812),
(0.,1.),.PIECEWISE_BEZIER_KNOTS.)
GEOMETRIC_REPRESENTATION_ITEM()
RATIONAL_B_SPLINE_SURFACE(((1.,0.690953164401489,1.),(1.,0.688318480092451,
1.),(1.,0.685623797198479,1.),(1.,0.682864649215736,1.)))
REPRESENTATION_ITEM('')
SURFACE()
);
#84=(
BOUNDED_SURFACE()
B_SPLINE_SURFACE(3,2,((#6865,#6866,#6867),(#6868,#6869,#6870),(#6871,#6872,
#6873),(#6874,#6875,#6876)),.UNSPECIFIED.,.F.,.F.,.F.)
B_SPLINE_SURFACE_WITH_KNOTS((4,4),(3,3),(0.000646884490894321,0.000652089896728747),
(0.,1.),.PIECEWISE_BEZIER_KNOTS.)
GEOMETRIC_REPRESENTATION_ITEM()
RATIONAL_B_SPLINE_SURFACE(((1.,0.68286464921574,1.),(1.,0.682768561396258,
1.),(1.,0.682676355535135,1.),(1.,0.68258800053564,1.)))
REPRESENTATION_ITEM('')
SURFACE()
);
#85=(
BOUNDED_SURFACE()
B_SPLINE_SURFACE(3,2,((#6887,#6888,#6889),(#6890,#6891,#6892),(#6893,#6894,
#6895),(#6896,#6897,#6898)),.UNSPECIFIED.,.F.,.F.,.F.)
B_SPLINE_SURFACE_WITH_KNOTS((4,4),(3,3),(0.00064688449089432,0.000652089896728747),
(0.,1.),.PIECEWISE_BEZIER_KNOTS.)
GEOMETRIC_REPRESENTATION_ITEM()
RATIONAL_B_SPLINE_SURFACE(((1.,0.68286464921574,1.),(1.,0.682768561396256,
1.),(1.,0.682676355535138,1.),(1.,0.682588000535642,1.)))
REPRESENTATION_ITEM('')
SURFACE()
);
#86=(
BOUNDED_SURFACE()
B_SPLINE_SURFACE(3,2,((#6903,#6904,#6905),(#6906,#6907,#6908),(#6909,#6910,
#6911),(#6912,#6913,#6914)),.UNSPECIFIED.,.F.,.F.,.F.)
B_SPLINE_SURFACE_WITH_KNOTS((4,4),(3,3),(0.00641395399264002,0.00881569782074008),
(0.,1.),.PIECEWISE_BEZIER_KNOTS.)
GEOMETRIC_REPRESENTATION_ITEM()
RATIONAL_B_SPLINE_SURFACE(((1.,0.682864649215736,1.),(1.,0.68562379719359,
1.),(1.,0.688318480094718,1.),(1.,0.690953164401489,1.)))
REPRESENTATION_ITEM('')
SURFACE()
);
#87=(
BOUNDED_SURFACE()
B_SPLINE_SURFACE(3,2,((#6926,#6927,#6928),(#6929,#6930,#6931),(#6932,#6933,
#6934),(#6935,#6936,#6937)),.UNSPECIFIED.,.F.,.F.,.F.)
B_SPLINE_SURFACE_WITH_KNOTS((4,4),(3,3),(0.000134189639430764,0.00044192925746943),
(0.,1.),.PIECEWISE_BEZIER_KNOTS.)
GEOMETRIC_REPRESENTATION_ITEM()
RATIONAL_B_SPLINE_SURFACE(((1.,0.690953164401479,1.),(1.,0.696445821782095,
1.),(1.,0.711508807700522,1.),(1.,0.716301943424656,1.)))
REPRESENTATION_ITEM('')
SURFACE()
);
#88=(
BOUNDED_SURFACE()
B_SPLINE_SURFACE(3,2,((#6939,#6940,#6941),(#6942,#6943,#6944),(#6945,#6946,
#6947),(#6948,#6949,#6950)),.UNSPECIFIED.,.F.,.F.,.F.)
B_SPLINE_SURFACE_WITH_KNOTS((4,4),(3,3),(0.00641395399264002,0.00881569782074008),
(0.,1.),.PIECEWISE_BEZIER_KNOTS.)
GEOMETRIC_REPRESENTATION_ITEM()
RATIONAL_B_SPLINE_SURFACE(((1.,0.682864649215736,1.),(1.,0.68562379719759,
1.),(1.,0.688318480091652,1.),(1.,0.690953164401489,1.)))
REPRESENTATION_ITEM('')
SURFACE()
);
#89=(
BOUNDED_SURFACE()
B_SPLINE_SURFACE(3,2,((#6962,#6963,#6964),(#6965,#6966,#6967),(#6968,#6969,
#6970),(#6971,#6972,#6973)),.UNSPECIFIED.,.F.,.F.,.F.)
B_SPLINE_SURFACE_WITH_KNOTS((4,4),(3,3),(0.000646884490894318,0.000652089896728745),
(0.,1.),.PIECEWISE_BEZIER_KNOTS.)
GEOMETRIC_REPRESENTATION_ITEM()
RATIONAL_B_SPLINE_SURFACE(((1.,0.68286464921574,1.),(1.,0.682768561396288,
1.),(1.,0.682676355535136,1.),(1.,0.68258800053564,1.)))
REPRESENTATION_ITEM('')
SURFACE()
);
#90=(
BOUNDED_SURFACE()
B_SPLINE_SURFACE(3,2,((#6978,#6979,#6980),(#6981,#6982,#6983),(#6984,#6985,
#6986),(#6987,#6988,#6989)),.UNSPECIFIED.,.F.,.F.,.F.)
B_SPLINE_SURFACE_WITH_KNOTS((4,4),(3,3),(0.000201300318889188,0.0005090399561453),
(0.,1.),.PIECEWISE_BEZIER_KNOTS.)
GEOMETRIC_REPRESENTATION_ITEM()
RATIONAL_B_SPLINE_SURFACE(((1.,0.716301943424652,1.),(1.,0.711441146174504,
1.),(1.,0.696369352192947,1.),(1.,0.690953164400626,1.)))
REPRESENTATION_ITEM('')
SURFACE()
);
#91=(
BOUNDED_SURFACE()
B_SPLINE_SURFACE(3,2,((#6993,#6994,#6995),(#6996,#6997,#6998),(#6999,#7000,
#7001),(#7002,#7003,#7004)),.UNSPECIFIED.,.F.,.F.,.F.)
B_SPLINE_SURFACE_WITH_KNOTS((4,4),(3,3),(0.00641395399264006,0.00881569782074009),
(0.,1.),.PIECEWISE_BEZIER_KNOTS.)
GEOMETRIC_REPRESENTATION_ITEM()
RATIONAL_B_SPLINE_SURFACE(((1.,0.682864649215731,1.),(1.,0.685623797201095,
1.),(1.,0.688318480093645,1.),(1.,0.690953164401483,1.)))
REPRESENTATION_ITEM('')
SURFACE()
);
#92=(
BOUNDED_SURFACE()
B_SPLINE_SURFACE(3,2,((#7007,#7008,#7009),(#7010,#7011,#7012),(#7013,#7014,
#7015),(#7016,#7017,#7018)),.UNSPECIFIED.,.F.,.F.,.F.)
B_SPLINE_SURFACE_WITH_KNOTS((4,4),(3,3),(0.000646884490894323,0.000652089896728787),
(0.,1.),.PIECEWISE_BEZIER_KNOTS.)
GEOMETRIC_REPRESENTATION_ITEM()
RATIONAL_B_SPLINE_SURFACE(((1.,0.682864649215736,1.),(1.,0.682768561396289,
1.),(1.,0.682676355535129,1.),(1.,0.682588000535638,1.)))
REPRESENTATION_ITEM('')
SURFACE()
);
#93=(
BOUNDED_SURFACE()
B_SPLINE_SURFACE(3,2,((#7028,#7029,#7030),(#7031,#7032,#7033),(#7034,#7035,
#7036),(#7037,#7038,#7039)),.UNSPECIFIED.,.F.,.F.,.F.)
B_SPLINE_SURFACE_WITH_KNOTS((4,4),(3,3),(0.000646884490894319,0.000652089896728763),
(0.,1.),.PIECEWISE_BEZIER_KNOTS.)
GEOMETRIC_REPRESENTATION_ITEM()
RATIONAL_B_SPLINE_SURFACE(((1.,0.682864649215737,1.),(1.,0.68276856139629,
1.),(1.,0.68267635553513,1.),(1.,0.68258800053564,1.)))
REPRESENTATION_ITEM('')
SURFACE()
);
#94=(
BOUNDED_SURFACE()
B_SPLINE_SURFACE(3,2,((#7045,#7046,#7047),(#7048,#7049,#7050),(#7051,#7052,
#7053),(#7054,#7055,#7056)),.UNSPECIFIED.,.F.,.F.,.F.)
B_SPLINE_SURFACE_WITH_KNOTS((4,4),(3,3),(0.000201300318889188,0.000509039956145301),
(0.,1.),.PIECEWISE_BEZIER_KNOTS.)
GEOMETRIC_REPRESENTATION_ITEM()
RATIONAL_B_SPLINE_SURFACE(((1.,0.716301943424654,1.),(1.,0.711441146174026,
1.),(1.,0.696369352192952,1.),(1.,0.690953164400626,1.)))
REPRESENTATION_ITEM('')
SURFACE()
);
#95=(
BOUNDED_SURFACE()
B_SPLINE_SURFACE(3,2,((#7062,#7063,#7064),(#7065,#7066,#7067),(#7068,#7069,
#7070),(#7071,#7072,#7073)),.UNSPECIFIED.,.F.,.F.,.F.)
B_SPLINE_SURFACE_WITH_KNOTS((4,4),(3,3),(0.000646884490894318,0.000652089896728745),
(0.,1.),.PIECEWISE_BEZIER_KNOTS.)
GEOMETRIC_REPRESENTATION_ITEM()
RATIONAL_B_SPLINE_SURFACE(((1.,0.68286464921574,1.),(1.,0.682768561396288,
1.),(1.,0.682676355535143,1.),(1.,0.68258800053564,1.)))
REPRESENTATION_ITEM('')
SURFACE()
);
#96=(
BOUNDED_SURFACE()
B_SPLINE_SURFACE(3,2,((#7077,#7078,#7079),(#7080,#7081,#7082),(#7083,#7084,
#7085),(#7086,#7087,#7088)),.UNSPECIFIED.,.F.,.F.,.F.)
B_SPLINE_SURFACE_WITH_KNOTS((4,4),(3,3),(0.000134209557689152,0.000441948709791918),
(0.,1.),.PIECEWISE_BEZIER_KNOTS.)
GEOMETRIC_REPRESENTATION_ITEM()
RATIONAL_B_SPLINE_SURFACE(((1.,0.716301943424655,1.),(1.,0.711441146174426,
1.),(1.,0.696369352191618,1.),(1.,0.690953164400625,1.)))
REPRESENTATION_ITEM('')
SURFACE()
);
#97=(
BOUNDED_SURFACE()
B_SPLINE_SURFACE(3,2,((#7093,#7094,#7095),(#7096,#7097,#7098),(#7099,#7100,
#7101),(#7102,#7103,#7104)),.UNSPECIFIED.,.F.,.F.,.F.)
B_SPLINE_SURFACE_WITH_KNOTS((4,4),(3,3),(0.000646884490894321,0.000652089896728785),
(0.,1.),.PIECEWISE_BEZIER_KNOTS.)
GEOMETRIC_REPRESENTATION_ITEM()
RATIONAL_B_SPLINE_SURFACE(((1.,0.682864649215736,1.),(1.,0.682768561396286,
1.),(1.,0.682676355535138,1.),(1.,0.68258800053564,1.)))
REPRESENTATION_ITEM('')
SURFACE()
);
#98=(
BOUNDED_SURFACE()
B_SPLINE_SURFACE(3,2,((#7120,#7121,#7122),(#7123,#7124,#7125),(#7126,#7127,
#7128),(#7129,#7130,#7131)),.UNSPECIFIED.,.F.,.F.,.F.)
B_SPLINE_SURFACE_WITH_KNOTS((4,4),(3,3),(0.00651437112646463,0.00891611517441812),
(0.,1.),.PIECEWISE_BEZIER_KNOTS.)
GEOMETRIC_REPRESENTATION_ITEM()
RATIONAL_B_SPLINE_SURFACE(((1.,0.690953164401483,1.),(1.,0.688318480093644,
1.),(1.,0.685623797201096,1.),(1.,0.682864649215731,1.)))
REPRESENTATION_ITEM('')
SURFACE()
);
#99=(
BOUNDED_SURFACE()
B_SPLINE_SURFACE(3,2,((#7140,#7141,#7142),(#7143,#7144,#7145),(#7146,#7147,
#7148),(#7149,#7150,#7151)),.UNSPECIFIED.,.F.,.F.,.F.)
B_SPLINE_SURFACE_WITH_KNOTS((4,4),(3,3),(0.00651437112646463,0.00891611517441812),
(0.,1.),.PIECEWISE_BEZIER_KNOTS.)
GEOMETRIC_REPRESENTATION_ITEM()
RATIONAL_B_SPLINE_SURFACE(((1.,0.690953164401489,1.),(1.,0.688318480083518,
1.),(1.,0.685623797193591,1.),(1.,0.682864649215736,1.)))
REPRESENTATION_ITEM('')
SURFACE()
);
#100=(
BOUNDED_SURFACE()
B_SPLINE_SURFACE(3,2,((#7153,#7154,#7155),(#7156,#7157,#7158),(#7159,#7160,
#7161),(#7162,#7163,#7164)),.UNSPECIFIED.,.F.,.F.,.F.)
B_SPLINE_SURFACE_WITH_KNOTS((4,4),(3,3),(0.00651437112646463,0.00891611517441812),
(0.,1.),.PIECEWISE_BEZIER_KNOTS.)
GEOMETRIC_REPRESENTATION_ITEM()
RATIONAL_B_SPLINE_SURFACE(((1.,0.690953164401487,1.),(1.,0.68831848008805,
1.),(1.,0.6856237972031,1.),(1.,0.682864649215735,1.)))
REPRESENTATION_ITEM('')
SURFACE()
);
#101=(
BOUNDED_SURFACE()
B_SPLINE_SURFACE(3,2,((#7167,#7168,#7169),(#7170,#7171,#7172),(#7173,#7174,
#7175),(#7176,#7177,#7178)),.UNSPECIFIED.,.F.,.F.,.F.)
B_SPLINE_SURFACE_WITH_KNOTS((4,4),(3,3),(0.000134189639430765,0.000441929257469425),
(0.,1.),.PIECEWISE_BEZIER_KNOTS.)
GEOMETRIC_REPRESENTATION_ITEM()
RATIONAL_B_SPLINE_SURFACE(((1.,0.690953164401488,1.),(1.,0.696445821780982,
1.),(1.,0.7115088076994,1.),(1.,0.716301943424656,1.)))
REPRESENTATION_ITEM('')
SURFACE()
);
#102=(
BOUNDED_SURFACE()
B_SPLINE_SURFACE(3,2,((#7188,#7189,#7190),(#7191,#7192,#7193),(#7194,#7195,
#7196),(#7197,#7198,#7199)),.UNSPECIFIED.,.F.,.F.,.F.)
B_SPLINE_SURFACE_WITH_KNOTS((4,4),(3,3),(0.00651437112646463,0.00891611517441809),
(0.,1.),.PIECEWISE_BEZIER_KNOTS.)
GEOMETRIC_REPRESENTATION_ITEM()
RATIONAL_B_SPLINE_SURFACE(((1.,0.690953164401487,1.),(1.,0.688318480090049,
1.),(1.,0.685623797210069,1.),(1.,0.682864649215727,1.)))
REPRESENTATION_ITEM('')
SURFACE()
);
#103=(
BOUNDED_SURFACE()
B_SPLINE_SURFACE(3,2,((#7201,#7202,#7203),(#7204,#7205,#7206),(#7207,#7208,
#7209),(#7210,#7211,#7212)),.UNSPECIFIED.,.F.,.F.,.F.)
B_SPLINE_SURFACE_WITH_KNOTS((4,4),(3,3),(0.000646884490894317,0.00065208989672876),
(0.,1.),.PIECEWISE_BEZIER_KNOTS.)
GEOMETRIC_REPRESENTATION_ITEM()
RATIONAL_B_SPLINE_SURFACE(((1.,0.682864649215736,1.),(1.,0.68276856139629,
1.),(1.,0.682676355535135,1.),(1.,0.682588000535642,1.)))
REPRESENTATION_ITEM('')
SURFACE()
);
#104=(
BOUNDED_SURFACE()
B_SPLINE_SURFACE(3,2,((#7214,#7215,#7216),(#7217,#7218,#7219),(#7220,#7221,
#7222),(#7223,#7224,#7225)),.UNSPECIFIED.,.F.,.F.,.F.)
B_SPLINE_SURFACE_WITH_KNOTS((4,4),(3,3),(0.000134189639430765,0.000441929257469436),
(0.,1.),.PIECEWISE_BEZIER_KNOTS.)
GEOMETRIC_REPRESENTATION_ITEM()
RATIONAL_B_SPLINE_SURFACE(((1.,0.690953164401483,1.),(1.,0.696445821781919,
1.),(1.,0.711508807699166,1.),(1.,0.716301943424655,1.)))
REPRESENTATION_ITEM('')
SURFACE()
);
#105=(
BOUNDED_SURFACE()
B_SPLINE_SURFACE(3,2,((#7230,#7231,#7232),(#7233,#7234,#7235),(#7236,#7237,
#7238),(#7239,#7240,#7241)),.UNSPECIFIED.,.F.,.F.,.F.)
B_SPLINE_SURFACE_WITH_KNOTS((4,4),(3,3),(0.000134189639430764,0.000441929257469436),
(0.,1.),.PIECEWISE_BEZIER_KNOTS.)
GEOMETRIC_REPRESENTATION_ITEM()
RATIONAL_B_SPLINE_SURFACE(((1.,0.690953164401489,1.),(1.,0.696445821780106,
1.),(1.,0.711508807698513,1.),(1.,0.716301943424662,1.)))
REPRESENTATION_ITEM('')
SURFACE()
);
#106=(
BOUNDED_SURFACE()
B_SPLINE_SURFACE(3,2,((#7243,#7244,#7245),(#7246,#7247,#7248),(#7249,#7250,
#7251),(#7252,#7253,#7254)),.UNSPECIFIED.,.F.,.F.,.F.)
B_SPLINE_SURFACE_WITH_KNOTS((4,4),(3,3),(0.000646884490894318,0.000652089896728791),
(0.,1.),.PIECEWISE_BEZIER_KNOTS.)
GEOMETRIC_REPRESENTATION_ITEM()
RATIONAL_B_SPLINE_SURFACE(((1.,0.682864649215737,1.),(1.,0.682768561396304,
1.),(1.,0.68267635553513,1.),(1.,0.682588000535639,1.)))
REPRESENTATION_ITEM('')
SURFACE()
);
#107=(
BOUNDED_SURFACE()
B_SPLINE_SURFACE(3,2,((#7265,#7266,#7267),(#7268,#7269,#7270),(#7271,#7272,
#7273),(#7274,#7275,#7276)),.UNSPECIFIED.,.F.,.F.,.F.)
B_SPLINE_SURFACE_WITH_KNOTS((4,4),(3,3),(0.000646884490894319,0.000652089896728753),
(0.,1.),.PIECEWISE_BEZIER_KNOTS.)
GEOMETRIC_REPRESENTATION_ITEM()
RATIONAL_B_SPLINE_SURFACE(((1.,0.682864649215736,1.),(1.,0.682768561396289,
1.),(1.,0.68267635553513,1.),(1.,0.68258800053564,1.)))
REPRESENTATION_ITEM('')
SURFACE()
);
#108=(
BOUNDED_SURFACE()
B_SPLINE_SURFACE(3,2,((#7281,#7282,#7283),(#7284,#7285,#7286),(#7287,#7288,
#7289),(#7290,#7291,#7292)),.UNSPECIFIED.,.F.,.F.,.F.)
B_SPLINE_SURFACE_WITH_KNOTS((4,4),(3,3),(0.00641395399264002,0.00881569782074008),
(0.,1.),.PIECEWISE_BEZIER_KNOTS.)
GEOMETRIC_REPRESENTATION_ITEM()
RATIONAL_B_SPLINE_SURFACE(((1.,0.682864649215727,1.),(1.,0.685623797208735,
1.),(1.,0.688318480087561,1.),(1.,0.690953164401487,1.)))
REPRESENTATION_ITEM('')
SURFACE()
);
#109=(
BOUNDED_SURFACE()
B_SPLINE_SURFACE(3,2,((#7300,#7301,#7302),(#7303,#7304,#7305),(#7306,#7307,
#7308),(#7309,#7310,#7311)),.UNSPECIFIED.,.F.,.F.,.F.)
B_SPLINE_SURFACE_WITH_KNOTS((4,4),(3,3),(0.000134189639430765,0.000441929257469437),
(0.,1.),.PIECEWISE_BEZIER_KNOTS.)
GEOMETRIC_REPRESENTATION_ITEM()
RATIONAL_B_SPLINE_SURFACE(((1.,0.690953164401487,1.),(1.,0.696445821781559,
1.),(1.,0.711508807699723,1.),(1.,0.716301943424654,1.)))
REPRESENTATION_ITEM('')
SURFACE()
);
#110=(
BOUNDED_SURFACE()
B_SPLINE_SURFACE(3,2,((#7313,#7314,#7315),(#7316,#7317,#7318),(#7319,#7320,
#7321),(#7322,#7323,#7324)),.UNSPECIFIED.,.F.,.F.,.F.)
B_SPLINE_SURFACE_WITH_KNOTS((4,4),(3,3),(0.00641395399264003,0.00881569782074009),
(0.,1.),.PIECEWISE_BEZIER_KNOTS.)
GEOMETRIC_REPRESENTATION_ITEM()
RATIONAL_B_SPLINE_SURFACE(((1.,0.682864649215727,1.),(1.,0.685623797207001,
1.),(1.,0.688318480076497,1.),(1.,0.690953164401488,1.)))
REPRESENTATION_ITEM('')
SURFACE()
);
#111=(
BOUNDED_SURFACE()
B_SPLINE_SURFACE(3,2,((#7333,#7334,#7335),(#7336,#7337,#7338),(#7339,#7340,
#7341),(#7342,#7343,#7344)),.UNSPECIFIED.,.F.,.F.,.F.)
B_SPLINE_SURFACE_WITH_KNOTS((4,4),(3,3),(0.00641395399264005,0.00881569782074008),
(0.,1.),.PIECEWISE_BEZIER_KNOTS.)
GEOMETRIC_REPRESENTATION_ITEM()
RATIONAL_B_SPLINE_SURFACE(((1.,0.682864649215739,1.),(1.,0.685623797197903,
1.),(1.,0.68831848008805,1.),(1.,0.690953164401487,1.)))
REPRESENTATION_ITEM('')
SURFACE()
);
#112=(
BOUNDED_SURFACE()
B_SPLINE_SURFACE(3,2,((#7356,#7357,#7358),(#7359,#7360,#7361),(#7362,#7363,
#7364),(#7365,#7366,#7367)),.UNSPECIFIED.,.F.,.F.,.F.)
B_SPLINE_SURFACE_WITH_KNOTS((4,4),(3,3),(0.000646884490894319,0.000652089896728753),
(0.,1.),.PIECEWISE_BEZIER_KNOTS.)
GEOMETRIC_REPRESENTATION_ITEM()
RATIONAL_B_SPLINE_SURFACE(((1.,0.682864649215735,1.),(1.,0.682768561396273,
1.),(1.,0.682676355535132,1.),(1.,0.68258800053564,1.)))
REPRESENTATION_ITEM('')
SURFACE()
);
#113=(
BOUNDED_SURFACE()
B_SPLINE_SURFACE(3,2,((#7372,#7373,#7374),(#7375,#7376,#7377),(#7378,#7379,
#7380),(#7381,#7382,#7383)),.UNSPECIFIED.,.F.,.F.,.F.)
B_SPLINE_SURFACE_WITH_KNOTS((4,4),(3,3),(0.000134209557689151,0.000441948709791921),
(0.,1.),.PIECEWISE_BEZIER_KNOTS.)
GEOMETRIC_REPRESENTATION_ITEM()
RATIONAL_B_SPLINE_SURFACE(((1.,0.716301943424652,1.),(1.,0.711441146173713,
1.),(1.,0.696369352192137,1.),(1.,0.690953164400625,1.)))
REPRESENTATION_ITEM('')
SURFACE()
);
#114=(
BOUNDED_SURFACE()
B_SPLINE_SURFACE(3,2,((#7387,#7388,#7389),(#7390,#7391,#7392),(#7393,#7394,
#7395),(#7396,#7397,#7398)),.UNSPECIFIED.,.F.,.F.,.F.)
B_SPLINE_SURFACE_WITH_KNOTS((4,4),(3,3),(0.000134209557689151,0.000441948709791923),
(0.,1.),.PIECEWISE_BEZIER_KNOTS.)
GEOMETRIC_REPRESENTATION_ITEM()
RATIONAL_B_SPLINE_SURFACE(((1.,0.716301943424655,1.),(1.,0.711441146173744,
1.),(1.,0.696369352192068,1.),(1.,0.690953164400619,1.)))
REPRESENTATION_ITEM('')
SURFACE()
);
#115=(
BOUNDED_SURFACE()
B_SPLINE_SURFACE(3,2,((#7400,#7401,#7402),(#7403,#7404,#7405),(#7406,#7407,
#7408),(#7409,#7410,#7411)),.UNSPECIFIED.,.F.,.F.,.F.)
B_SPLINE_SURFACE_WITH_KNOTS((4,4),(3,3),(0.000134209557689151,0.000441948709791921),
(0.,1.),.PIECEWISE_BEZIER_KNOTS.)
GEOMETRIC_REPRESENTATION_ITEM()
RATIONAL_B_SPLINE_SURFACE(((1.,0.716301943424655,1.),(1.,0.71144114617442,
1.),(1.,0.696369352192028,1.),(1.,0.690953164400625,1.)))
REPRESENTATION_ITEM('')
SURFACE()
);
#116=(
BOUNDED_SURFACE()
B_SPLINE_SURFACE(3,2,((#7416,#7417,#7418),(#7419,#7420,#7421),(#7422,#7423,
#7424),(#7425,#7426,#7427)),.UNSPECIFIED.,.F.,.F.,.F.)
B_SPLINE_SURFACE_WITH_KNOTS((4,4),(3,3),(0.000646884490894319,0.000652089896728794),
(0.,1.),.PIECEWISE_BEZIER_KNOTS.)
GEOMETRIC_REPRESENTATION_ITEM()
RATIONAL_B_SPLINE_SURFACE(((1.,0.682864649215736,1.),(1.,0.682768561396298,
1.),(1.,0.682676355535132,1.),(1.,0.682588000535639,1.)))
REPRESENTATION_ITEM('')
SURFACE()
);
#117=(
BOUNDED_SURFACE()
B_SPLINE_SURFACE(3,2,((#7431,#7432,#7433),(#7434,#7435,#7436),(#7437,#7438,
#7439),(#7440,#7441,#7442),(#7443,#7444,#7445)),.UNSPECIFIED.,.F.,.F.,.F.)
B_SPLINE_SURFACE_WITH_KNOTS((4,1,4),(3,3),(0.000646235849741842,0.0009073531107579,
0.00116847037177396),(0.,1.),.UNSPECIFIED.)
GEOMETRIC_REPRESENTATION_ITEM()
RATIONAL_B_SPLINE_SURFACE(((1.,0.716301943424675,1.),(1.,0.712177518124754,
1.),(1.,0.68796343322059,1.),(1.,0.68794714731088,1.),(1.,0.692258440340422,
1.)))
REPRESENTATION_ITEM('')
SURFACE()
);
#118=(
BOUNDED_SURFACE()
B_SPLINE_SURFACE(3,2,((#7457,#7458,#7459),(#7460,#7461,#7462),(#7463,#7464,
#7465),(#7466,#7467,#7468)),.UNSPECIFIED.,.F.,.F.,.F.)
B_SPLINE_SURFACE_WITH_KNOTS((4,4),(3,3),(0.00651437112646463,0.00891611517441809),
(0.,1.),.PIECEWISE_BEZIER_KNOTS.)
GEOMETRIC_REPRESENTATION_ITEM()
RATIONAL_B_SPLINE_SURFACE(((1.,0.690953164401488,1.),(1.,0.688318480088584,
1.),(1.,0.6856237971979,1.),(1.,0.682864649215735,1.)))
REPRESENTATION_ITEM('')
SURFACE()
);
#119=(
BOUNDED_SURFACE()
B_SPLINE_SURFACE(3,2,((#7470,#7471,#7472),(#7473,#7474,#7475),(#7476,#7477,
#7478),(#7479,#7480,#7481)),.UNSPECIFIED.,.F.,.F.,.F.)
B_SPLINE_SURFACE_WITH_KNOTS((4,4),(3,3),(0.00651437112646463,0.00891611517441809),
(0.,1.),.PIECEWISE_BEZIER_KNOTS.)
GEOMETRIC_REPRESENTATION_ITEM()
RATIONAL_B_SPLINE_SURFACE(((1.,0.690953164401488,1.),(1.,0.688318480086095,
1.),(1.,0.685623797206602,1.),(1.,0.682864649215727,1.)))
REPRESENTATION_ITEM('')
SURFACE()
);
#120=(
BOUNDED_SURFACE()
B_SPLINE_SURFACE(3,2,((#7484,#7485,#7486),(#7487,#7488,#7489),(#7490,#7491,
#7492),(#7493,#7494,#7495)),.UNSPECIFIED.,.F.,.F.,.F.)
B_SPLINE_SURFACE_WITH_KNOTS((4,4),(3,3),(0.000134189639430765,0.000441929257469435),
(0.,1.),.PIECEWISE_BEZIER_KNOTS.)
GEOMETRIC_REPRESENTATION_ITEM()
RATIONAL_B_SPLINE_SURFACE(((1.,0.690953164401487,1.),(1.,0.696445821781641,
1.),(1.,0.711508807700021,1.),(1.,0.716301943424655,1.)))
REPRESENTATION_ITEM('')
SURFACE()
);
#121=(
BOUNDED_SURFACE()
B_SPLINE_SURFACE(3,2,((#7505,#7506,#7507),(#7508,#7509,#7510),(#7511,#7512,
#7513),(#7514,#7515,#7516),(#7517,#7518,#7519)),.UNSPECIFIED.,.F.,.F.,.F.)
B_SPLINE_SURFACE_WITH_KNOTS((4,1,4),(3,3),(0.000124647992283032,0.000385585731433396,
0.000646523470583759),(0.,1.),.UNSPECIFIED.)
GEOMETRIC_REPRESENTATION_ITEM()
RATIONAL_B_SPLINE_SURFACE(((1.,0.692259045967791,1.),(1.,0.687937771920187,
1.),(1.,0.687939137914472,1.),(1.,0.712180336755218,1.),(1.,0.716301943424656,
1.)))
REPRESENTATION_ITEM('')
SURFACE()
);
#122=(
BOUNDED_SURFACE()
B_SPLINE_SURFACE(3,2,((#7524,#7525,#7526),(#7527,#7528,#7529),(#7530,#7531,
#7532),(#7533,#7534,#7535)),.UNSPECIFIED.,.F.,.F.,.F.)
B_SPLINE_SURFACE_WITH_KNOTS((4,4),(3,3),(0.000134189639430765,0.000441929257469437),
(0.,1.),.PIECEWISE_BEZIER_KNOTS.)
GEOMETRIC_REPRESENTATION_ITEM()
RATIONAL_B_SPLINE_SURFACE(((1.,0.690953164401486,1.),(1.,0.696445821781379,
1.),(1.,0.71150880769884,1.),(1.,0.716301943424659,1.)))
REPRESENTATION_ITEM('')
SURFACE()
);
#123=(
BOUNDED_SURFACE()
B_SPLINE_SURFACE(3,2,((#7537,#7538,#7539),(#7540,#7541,#7542),(#7543,#7544,
#7545),(#7546,#7547,#7548)),.UNSPECIFIED.,.F.,.F.,.F.)
B_SPLINE_SURFACE_WITH_KNOTS((4,4),(3,3),(0.000646884490894319,0.000652089896728761),
(0.,1.),.PIECEWISE_BEZIER_KNOTS.)
GEOMETRIC_REPRESENTATION_ITEM()
RATIONAL_B_SPLINE_SURFACE(((1.,0.682864649215738,1.),(1.,0.682768561396274,
1.),(1.,0.682676355535137,1.),(1.,0.682588000535641,1.)))
REPRESENTATION_ITEM('')
SURFACE()
);
#124=(
BOUNDED_SURFACE()
B_SPLINE_SURFACE(3,2,((#7559,#7560,#7561),(#7562,#7563,#7564),(#7565,#7566,
#7567),(#7568,#7569,#7570)),.UNSPECIFIED.,.F.,.F.,.F.)
B_SPLINE_SURFACE_WITH_KNOTS((4,4),(3,3),(0.000646884490894319,0.000652089896728783),
(0.,1.),.PIECEWISE_BEZIER_KNOTS.)
GEOMETRIC_REPRESENTATION_ITEM()
RATIONAL_B_SPLINE_SURFACE(((1.,0.682864649215737,1.),(1.,0.682768561396265,
1.),(1.,0.682676355535137,1.),(1.,0.682588000535639,1.)))
REPRESENTATION_ITEM('')
SURFACE()
);
#125=(
BOUNDED_SURFACE()
B_SPLINE_SURFACE(3,2,((#7575,#7576,#7577),(#7578,#7579,#7580),(#7581,#7582,
#7583),(#7584,#7585,#7586)),.UNSPECIFIED.,.F.,.F.,.F.)
B_SPLINE_SURFACE_WITH_KNOTS((4,4),(3,3),(0.00641395399264005,0.00881569782074008),
(0.,1.),.PIECEWISE_BEZIER_KNOTS.)
GEOMETRIC_REPRESENTATION_ITEM()
RATIONAL_B_SPLINE_SURFACE(((1.,0.682864649215735,1.),(1.,0.685623797203099,
1.),(1.,0.68831848008805,1.),(1.,0.690953164401487,1.)))
REPRESENTATION_ITEM('')
SURFACE()
);
#126=(
BOUNDED_SURFACE()
B_SPLINE_SURFACE(3,2,((#7594,#7595,#7596),(#7597,#7598,#7599),(#7600,#7601,
#7602),(#7603,#7604,#7605),(#7606,#7607,#7608)),.UNSPECIFIED.,.F.,.F.,.F.)
B_SPLINE_SURFACE_WITH_KNOTS((4,1,4),(3,3),(0.000124647992283026,0.000385585731433388,
0.00064652347058375),(0.,1.),.UNSPECIFIED.)
GEOMETRIC_REPRESENTATION_ITEM()
RATIONAL_B_SPLINE_SURFACE(((1.,0.692259045967787,1.),(1.,0.687937771919984,
1.),(1.,0.687939137914666,1.),(1.,0.712180336755045,1.),(1.,0.716301943424655,
1.)))
REPRESENTATION_ITEM('')
SURFACE()
);
#127=(
BOUNDED_SURFACE()
B_SPLINE_SURFACE(3,2,((#7617,#7618,#7619),(#7620,#7621,#7622),(#7623,#7624,
#7625),(#7626,#7627,#7628)),.UNSPECIFIED.,.F.,.F.,.F.)
B_SPLINE_SURFACE_WITH_KNOTS((4,4),(3,3),(0.00641395399264002,0.00881569782074008),
(0.,1.),.PIECEWISE_BEZIER_KNOTS.)
GEOMETRIC_REPRESENTATION_ITEM()
RATIONAL_B_SPLINE_SURFACE(((1.,0.682864649215727,1.),(1.,0.685623797208735,
1.),(1.,0.688318480087561,1.),(1.,0.690953164401487,1.)))
REPRESENTATION_ITEM('')
SURFACE()
);
#128=(
BOUNDED_SURFACE()
B_SPLINE_SURFACE(3,2,((#7640,#7641,#7642),(#7643,#7644,#7645),(#7646,#7647,
#7648),(#7649,#7650,#7651)),.UNSPECIFIED.,.F.,.F.,.F.)
B_SPLINE_SURFACE_WITH_KNOTS((4,4),(3,3),(0.000646884490894319,0.000652089896728785),
(0.,1.),.PIECEWISE_BEZIER_KNOTS.)
GEOMETRIC_REPRESENTATION_ITEM()
RATIONAL_B_SPLINE_SURFACE(((1.,0.682864649215736,1.),(1.,0.682768561396321,
1.),(1.,0.682676355535129,1.),(1.,0.682588000535638,1.)))
REPRESENTATION_ITEM('')
SURFACE()
);
#129=(
BOUNDED_SURFACE()
B_SPLINE_SURFACE(3,2,((#7656,#7657,#7658),(#7659,#7660,#7661),(#7662,#7663,
#7664),(#7665,#7666,#7667)),.UNSPECIFIED.,.F.,.F.,.F.)
B_SPLINE_SURFACE_WITH_KNOTS((4,4),(3,3),(0.000134209557689149,0.000441948709791919),
(0.,1.),.PIECEWISE_BEZIER_KNOTS.)
GEOMETRIC_REPRESENTATION_ITEM()
RATIONAL_B_SPLINE_SURFACE(((1.,0.716301943424655,1.),(1.,0.71144114617442,
1.),(1.,0.696369352192028,1.),(1.,0.690953164400625,1.)))
REPRESENTATION_ITEM('')
SURFACE()
);
#130=(
BOUNDED_SURFACE()
B_SPLINE_SURFACE(3,2,((#7671,#7672,#7673),(#7674,#7675,#7676),(#7677,#7678,
#7679),(#7680,#7681,#7682),(#7683,#7684,#7685)),.UNSPECIFIED.,.F.,.F.,.F.)
B_SPLINE_SURFACE_WITH_KNOTS((4,1,4),(3,3),(0.000646235849741837,0.000907353110757892,
0.00116847037177395),(0.,1.),.UNSPECIFIED.)
GEOMETRIC_REPRESENTATION_ITEM()
RATIONAL_B_SPLINE_SURFACE(((1.,0.716301943424677,1.),(1.,0.712177518124418,
1.),(1.,0.687963433221171,1.),(1.,0.687947147310072,1.),(1.,0.692258440340424,
1.)))
REPRESENTATION_ITEM('')
SURFACE()
);
#131=(
BOUNDED_SURFACE()
B_SPLINE_SURFACE(3,2,((#7687,#7688,#7689),(#7690,#7691,#7692),(#7693,#7694,
#7695),(#7696,#7697,#7698)),.UNSPECIFIED.,.F.,.F.,.F.)
B_SPLINE_SURFACE_WITH_KNOTS((4,4),(3,3),(0.00013420955768915,0.000441948709791927),
(0.,1.),.PIECEWISE_BEZIER_KNOTS.)
GEOMETRIC_REPRESENTATION_ITEM()
RATIONAL_B_SPLINE_SURFACE(((1.,0.716301943424656,1.),(1.,0.71144114617367,
1.),(1.,0.696369352192119,1.),(1.,0.690953164400625,1.)))
REPRESENTATION_ITEM('')
SURFACE()
);
#132=(
BOUNDED_SURFACE()
B_SPLINE_SURFACE(3,2,((#7703,#7704,#7705),(#7706,#7707,#7708),(#7709,#7710,
#7711),(#7712,#7713,#7714)),.UNSPECIFIED.,.F.,.F.,.F.)
B_SPLINE_SURFACE_WITH_KNOTS((4,4),(3,3),(0.000646884490894319,0.000652089896728764),
(0.,1.),.PIECEWISE_BEZIER_KNOTS.)
GEOMETRIC_REPRESENTATION_ITEM()
RATIONAL_B_SPLINE_SURFACE(((1.,0.682864649215736,1.),(1.,0.682768561396304,
1.),(1.,0.682676355535145,1.),(1.,0.68258800053564,1.)))
REPRESENTATION_ITEM('')
SURFACE()
);
#133=(
BOUNDED_SURFACE()
B_SPLINE_SURFACE(3,2,((#7727,#7728,#7729),(#7730,#7731,#7732),(#7733,#7734,
#7735),(#7736,#7737,#7738)),.UNSPECIFIED.,.F.,.F.,.F.)
B_SPLINE_SURFACE_WITH_KNOTS((4,4),(3,3),(0.000201300318889188,0.000509039956145297),
(0.,1.),.PIECEWISE_BEZIER_KNOTS.)
GEOMETRIC_REPRESENTATION_ITEM()
RATIONAL_B_SPLINE_SURFACE(((1.,0.716301943424653,1.),(1.,0.711441146174505,
1.),(1.,0.696369352192952,1.),(1.,0.690953164400626,1.)))
REPRESENTATION_ITEM('')
SURFACE()
);
#134=(
BOUNDED_SURFACE()
B_SPLINE_SURFACE(3,2,((#7747,#7748,#7749),(#7750,#7751,#7752),(#7753,#7754,
#7755),(#7756,#7757,#7758)),.UNSPECIFIED.,.F.,.F.,.F.)
B_SPLINE_SURFACE_WITH_KNOTS((4,4),(3,3),(0.00651437112646463,0.00891611517441812),
(0.,1.),.PIECEWISE_BEZIER_KNOTS.)
GEOMETRIC_REPRESENTATION_ITEM()
RATIONAL_B_SPLINE_SURFACE(((1.,0.690953164401487,1.),(1.,0.68831848008805,
1.),(1.,0.6856237972031,1.),(1.,0.682864649215735,1.)))
REPRESENTATION_ITEM('')
SURFACE()
);
#135=(
BOUNDED_SURFACE()
B_SPLINE_SURFACE(3,2,((#7760,#7761,#7762),(#7763,#7764,#7765),(#7766,#7767,
#7768),(#7769,#7770,#7771)),.UNSPECIFIED.,.F.,.F.,.F.)
B_SPLINE_SURFACE_WITH_KNOTS((4,4),(3,3),(0.000134189639430763,0.000441929257469436),
(0.,1.),.PIECEWISE_BEZIER_KNOTS.)
GEOMETRIC_REPRESENTATION_ITEM()
RATIONAL_B_SPLINE_SURFACE(((1.,0.690953164401479,1.),(1.,0.696445821782124,
1.),(1.,0.711508807700453,1.),(1.,0.716301943424655,1.)))
REPRESENTATION_ITEM('')
SURFACE()
);
#136=(
BOUNDED_SURFACE()
B_SPLINE_SURFACE(3,2,((#7773,#7774,#7775),(#7776,#7777,#7778),(#7779,#7780,
#7781),(#7782,#7783,#7784)),.UNSPECIFIED.,.F.,.F.,.F.)
B_SPLINE_SURFACE_WITH_KNOTS((4,4),(3,3),(0.00641395399264002,0.00881569782074008),
(0.,1.),.PIECEWISE_BEZIER_KNOTS.)
GEOMETRIC_REPRESENTATION_ITEM()
RATIONAL_B_SPLINE_SURFACE(((1.,0.682864649215736,1.),(1.,0.685623797201856,
1.),(1.,0.68831848009223,1.),(1.,0.690953164401489,1.)))
REPRESENTATION_ITEM('')
SURFACE()
);
#137=(
BOUNDED_SURFACE()
B_SPLINE_SURFACE(3,2,((#7786,#7787,#7788),(#7789,#7790,#7791),(#7792,#7793,
#7794),(#7795,#7796,#7797)),.UNSPECIFIED.,.F.,.F.,.F.)
B_SPLINE_SURFACE_WITH_KNOTS((4,4),(3,3),(0.00651437112646463,0.00891611517441812),
(0.,1.),.PIECEWISE_BEZIER_KNOTS.)
GEOMETRIC_REPRESENTATION_ITEM()
RATIONAL_B_SPLINE_SURFACE(((1.,0.690953164401489,1.),(1.,0.688318480088229,
1.),(1.,0.685623797198479,1.),(1.,0.682864649215736,1.)))
REPRESENTATION_ITEM('')
SURFACE()
);
#138=(
BOUNDED_SURFACE()
B_SPLINE_SURFACE(3,2,((#7800,#7801,#7802),(#7803,#7804,#7805),(#7806,#7807,
#7808),(#7809,#7810,#7811)),.UNSPECIFIED.,.F.,.F.,.F.)
B_SPLINE_SURFACE_WITH_KNOTS((4,4),(3,3),(0.000134189639430763,0.000441929257469436),
(0.,1.),.PIECEWISE_BEZIER_KNOTS.)
GEOMETRIC_REPRESENTATION_ITEM()
RATIONAL_B_SPLINE_SURFACE(((1.,0.690953164401479,1.),(1.,0.696445821782124,
1.),(1.,0.711508807700453,1.),(1.,0.716301943424655,1.)))
REPRESENTATION_ITEM('')
SURFACE()
);
#139=(
BOUNDED_SURFACE()
B_SPLINE_SURFACE(3,2,((#7816,#7817,#7818),(#7819,#7820,#7821),(#7822,#7823,
#7824),(#7825,#7826,#7827)),.UNSPECIFIED.,.F.,.F.,.F.)
B_SPLINE_SURFACE_WITH_KNOTS((4,4),(3,3),(0.000134189639430766,0.000441929257469442),
(0.,1.),.PIECEWISE_BEZIER_KNOTS.)
GEOMETRIC_REPRESENTATION_ITEM()
RATIONAL_B_SPLINE_SURFACE(((1.,0.690953164401483,1.),(1.,0.696445821781417,
1.),(1.,0.711508807700035,1.),(1.,0.716301943424652,1.)))
REPRESENTATION_ITEM('')
SURFACE()
);
#140=(
BOUNDED_SURFACE()
B_SPLINE_SURFACE(3,2,((#7829,#7830,#7831),(#7832,#7833,#7834),(#7835,#7836,
#7837),(#7838,#7839,#7840)),.UNSPECIFIED.,.F.,.F.,.F.)
B_SPLINE_SURFACE_WITH_KNOTS((4,4),(3,3),(0.00651437112646463,0.00891611517441812),
(0.,1.),.PIECEWISE_BEZIER_KNOTS.)
GEOMETRIC_REPRESENTATION_ITEM()
RATIONAL_B_SPLINE_SURFACE(((1.,0.690953164401489,1.),(1.,0.688318480088229,
1.),(1.,0.685623797198479,1.),(1.,0.682864649215736,1.)))
REPRESENTATION_ITEM('')
SURFACE()
);
#141=(
BOUNDED_SURFACE()
B_SPLINE_SURFACE(3,2,((#7842,#7843,#7844),(#7845,#7846,#7847),(#7848,#7849,
#7850),(#7851,#7852,#7853)),.UNSPECIFIED.,.F.,.F.,.F.)
B_SPLINE_SURFACE_WITH_KNOTS((4,4),(3,3),(0.000646884490894321,0.000652089896728747),
(0.,1.),.PIECEWISE_BEZIER_KNOTS.)
GEOMETRIC_REPRESENTATION_ITEM()
RATIONAL_B_SPLINE_SURFACE(((1.,0.68286464921574,1.),(1.,0.682768561396275,
1.),(1.,0.682676355535139,1.),(1.,0.682588000535638,1.)))
REPRESENTATION_ITEM('')
SURFACE()
);
#142=(
BOUNDED_SURFACE()
B_SPLINE_SURFACE(3,2,((#7863,#7864,#7865),(#7866,#7867,#7868),(#7869,#7870,
#7871),(#7872,#7873,#7874)),.UNSPECIFIED.,.F.,.F.,.F.)
B_SPLINE_SURFACE_WITH_KNOTS((4,4),(3,3),(0.000646884490894321,0.000652089896728747),
(0.,1.),.PIECEWISE_BEZIER_KNOTS.)
GEOMETRIC_REPRESENTATION_ITEM()
RATIONAL_B_SPLINE_SURFACE(((1.,0.68286464921574,1.),(1.,0.682768561396292,
1.),(1.,0.682676355535129,1.),(1.,0.68258800053564,1.)))
REPRESENTATION_ITEM('')
SURFACE()
);
#143=(
BOUNDED_SURFACE()
B_SPLINE_SURFACE(3,2,((#7886,#7887,#7888),(#7889,#7890,#7891),(#7892,#7893,
#7894),(#7895,#7896,#7897)),.UNSPECIFIED.,.F.,.F.,.F.)
B_SPLINE_SURFACE_WITH_KNOTS((4,4),(3,3),(0.000646884490894321,0.000652089896728748),
(0.,1.),.PIECEWISE_BEZIER_KNOTS.)
GEOMETRIC_REPRESENTATION_ITEM()
RATIONAL_B_SPLINE_SURFACE(((1.,0.68286464921574,1.),(1.,0.682768561396296,
1.),(1.,0.682676355535139,1.),(1.,0.682588000535637,1.)))
REPRESENTATION_ITEM('')
SURFACE()
);
#144=(
BOUNDED_SURFACE()
B_SPLINE_SURFACE(3,2,((#7912,#7913,#7914),(#7915,#7916,#7917),(#7918,#7919,
#7920),(#7921,#7922,#7923)),.UNSPECIFIED.,.F.,.F.,.F.)
B_SPLINE_SURFACE_WITH_KNOTS((4,4),(3,3),(0.000201300318889188,0.000509039956145297),
(0.,1.),.PIECEWISE_BEZIER_KNOTS.)
GEOMETRIC_REPRESENTATION_ITEM()
RATIONAL_B_SPLINE_SURFACE(((1.,0.716301943424653,1.),(1.,0.711441146174505,
1.),(1.,0.696369352192952,1.),(1.,0.690953164400626,1.)))
REPRESENTATION_ITEM('')
SURFACE()
);
#145=(
BOUNDED_SURFACE()
B_SPLINE_SURFACE(3,2,((#7925,#7926,#7927),(#7928,#7929,#7930),(#7931,#7932,
#7933),(#7934,#7935,#7936)),.UNSPECIFIED.,.F.,.F.,.F.)
B_SPLINE_SURFACE_WITH_KNOTS((4,4),(3,3),(0.000646884490894321,0.000652089896728747),
(0.,1.),.PIECEWISE_BEZIER_KNOTS.)
GEOMETRIC_REPRESENTATION_ITEM()
RATIONAL_B_SPLINE_SURFACE(((1.,0.68286464921574,1.),(1.,0.682768561396271,
1.),(1.,0.682676355535132,1.),(1.,0.682588000535638,1.)))
REPRESENTATION_ITEM('')
SURFACE()
);
#146=(
BOUNDED_SURFACE()
B_SPLINE_SURFACE(3,2,((#7938,#7939,#7940),(#7941,#7942,#7943),(#7944,#7945,
#7946),(#7947,#7948,#7949)),.UNSPECIFIED.,.F.,.F.,.F.)
B_SPLINE_SURFACE_WITH_KNOTS((4,4),(3,3),(0.00641395399264002,0.00881569782074008),
(0.,1.),.PIECEWISE_BEZIER_KNOTS.)
GEOMETRIC_REPRESENTATION_ITEM()
RATIONAL_B_SPLINE_SURFACE(((1.,0.682864649215736,1.),(1.,0.685623797201856,
1.),(1.,0.68831848009223,1.),(1.,0.690953164401489,1.)))
REPRESENTATION_ITEM('')
SURFACE()
);
#147=B_SPLINE_CURVE_WITH_KNOTS('',3,(#6153,#6154,#6155,#6156),
 .UNSPECIFIED.,.F.,.F.,(4,4),(0.,0.00240179193826103),.UNSPECIFIED.);
#148=B_SPLINE_CURVE_WITH_KNOTS('',3,(#6161,#6162,#6163,#6164),
 .UNSPECIFIED.,.F.,.F.,(4,4),(2.61967363811655E-6,0.00240441161199948),
 .UNSPECIFIED.);
#149=B_SPLINE_CURVE_WITH_KNOTS('',3,(#6168,#6169,#6170,#6171),
 .UNSPECIFIED.,.F.,.F.,(4,4),(0.000525204005785139,0.00275212567284985),
 .UNSPECIFIED.);
#150=B_SPLINE_CURVE_WITH_KNOTS('',3,(#6174,#6175,#6176,#6177),
 .UNSPECIFIED.,.F.,.F.,(4,4),(0.,0.000208204531463409),.UNSPECIFIED.);
#151=B_SPLINE_CURVE_WITH_KNOTS('',3,(#6181,#6182,#6183,#6184),
 .UNSPECIFIED.,.F.,.F.,(4,4),(1.83790657176118E-17,0.000208204531471108),
 .UNSPECIFIED.);
#152=B_SPLINE_CURVE_WITH_KNOTS('',3,(#6186,#6187,#6188,#6189),
 .UNSPECIFIED.,.F.,.F.,(4,4),(0.000250377574425351,0.00247729924149008),
 .UNSPECIFIED.);
#153=B_SPLINE_CURVE_WITH_KNOTS('',3,(#6193,#6194,#6195,#6196),
 .UNSPECIFIED.,.F.,.F.,(4,4),(0.,0.002401791938261),.UNSPECIFIED.);
#154=B_SPLINE_CURVE_WITH_KNOTS('',3,(#6201,#6202,#6203,#6204),
 .UNSPECIFIED.,.F.,.F.,(4,4),(2.61967363814435E-6,0.00240441161199948),
 .UNSPECIFIED.);
#155=B_SPLINE_CURVE_WITH_KNOTS('',3,(#6208,#6209,#6210,#6211),
 .UNSPECIFIED.,.F.,.F.,(4,4),(0.,0.00240179193826103),.UNSPECIFIED.);
#156=B_SPLINE_CURVE_WITH_KNOTS('',3,(#6216,#6217,#6218,#6219),
 .UNSPECIFIED.,.F.,.F.,(4,4),(2.61967363811653E-6,0.00240441161199948),
 .UNSPECIFIED.);
#157=B_SPLINE_CURVE_WITH_KNOTS('',3,(#6223,#6224,#6225,#6226),
 .UNSPECIFIED.,.F.,.F.,(4,4),(0.,0.00240179193826103),.UNSPECIFIED.);
#158=B_SPLINE_CURVE_WITH_KNOTS('',3,(#6231,#6232,#6233,#6234),
 .UNSPECIFIED.,.F.,.F.,(4,4),(2.61967363811634E-6,0.00240441161199948),
 .UNSPECIFIED.);
#159=B_SPLINE_CURVE_WITH_KNOTS('',3,(#6238,#6239,#6240,#6241),
 .UNSPECIFIED.,.F.,.F.,(4,4),(0.,0.002401791938261),.UNSPECIFIED.);
#160=B_SPLINE_CURVE_WITH_KNOTS('',3,(#6246,#6247,#6248,#6249),
 .UNSPECIFIED.,.F.,.F.,(4,4),(2.61967363814432E-6,0.00240441161199948),
 .UNSPECIFIED.);
#161=B_SPLINE_CURVE_WITH_KNOTS('',3,(#6280,#6281,#6282,#6283),
 .UNSPECIFIED.,.F.,.F.,(4,4),(0.,0.00240179193826103),.UNSPECIFIED.);
#162=B_SPLINE_CURVE_WITH_KNOTS('',3,(#6288,#6289,#6290,#6291),
 .UNSPECIFIED.,.F.,.F.,(4,4),(2.61967363811641E-6,0.00240441161199948),
 .UNSPECIFIED.);
#163=B_SPLINE_CURVE_WITH_KNOTS('',3,(#6295,#6296,#6297,#6298),
 .UNSPECIFIED.,.F.,.F.,(4,4),(0.,0.002401791938261),.UNSPECIFIED.);
#164=B_SPLINE_CURVE_WITH_KNOTS('',3,(#6303,#6304,#6305,#6306),
 .UNSPECIFIED.,.F.,.F.,(4,4),(2.61967363814442E-6,0.00240441161199948),
 .UNSPECIFIED.);
#165=B_SPLINE_CURVE_WITH_KNOTS('',3,(#6310,#6311,#6312,#6313),
 .UNSPECIFIED.,.F.,.F.,(4,4),(0.,0.00240179193826103),.UNSPECIFIED.);
#166=B_SPLINE_CURVE_WITH_KNOTS('',3,(#6318,#6319,#6320,#6321),
 .UNSPECIFIED.,.F.,.F.,(4,4),(2.61967363811628E-6,0.00240441161199948),
 .UNSPECIFIED.);
#167=B_SPLINE_CURVE_WITH_KNOTS('',3,(#6325,#6326,#6327,#6328),
 .UNSPECIFIED.,.F.,.F.,(4,4),(0.,0.00240179193826103),.UNSPECIFIED.);
#168=B_SPLINE_CURVE_WITH_KNOTS('',3,(#6333,#6334,#6335,#6336),
 .UNSPECIFIED.,.F.,.F.,(4,4),(2.61967363811627E-6,0.00240441161199948),
 .UNSPECIFIED.);
#169=B_SPLINE_CURVE_WITH_KNOTS('',3,(#6343,#6344,#6345,#6346),
 .UNSPECIFIED.,.F.,.F.,(4,4),(1.8988091723083E-17,0.000208204531471111),
 .UNSPECIFIED.);
#170=B_SPLINE_CURVE_WITH_KNOTS('',3,(#6348,#6349,#6350,#6351),
 .UNSPECIFIED.,.F.,.F.,(4,4),(0.000250377574425351,0.00247729924149008),
 .UNSPECIFIED.);
#171=B_SPLINE_CURVE_WITH_KNOTS('',3,(#6352,#6353,#6354,#6355),
 .UNSPECIFIED.,.F.,.F.,(4,4),(0.000525204005785139,0.00275212567284986),
 .UNSPECIFIED.);
#172=B_SPLINE_CURVE_WITH_KNOTS('',3,(#6357,#6358,#6359,#6360),
 .UNSPECIFIED.,.F.,.F.,(4,4),(0.,0.00020820453146341),.UNSPECIFIED.);
#173=B_SPLINE_CURVE_WITH_KNOTS('',3,(#6362,#6363,#6364,#6365),
 .UNSPECIFIED.,.F.,.F.,(4,4),(0.,0.00240179193826103),.UNSPECIFIED.);
#174=B_SPLINE_CURVE_WITH_KNOTS('',3,(#6370,#6371,#6372,#6373),
 .UNSPECIFIED.,.F.,.F.,(4,4),(2.6196736381164E-6,0.00240441161199948),
 .UNSPECIFIED.);
#175=B_SPLINE_CURVE_WITH_KNOTS('',3,(#6425,#6426,#6427,#6428),
 .UNSPECIFIED.,.F.,.F.,(4,4),(4.17828579762457E-20,2.61920502634564E-6),
 .UNSPECIFIED.);
#176=B_SPLINE_CURVE_WITH_KNOTS('',3,(#6430,#6431,#6432,#6433),
 .UNSPECIFIED.,.F.,.F.,(4,4),(0.,9.99999997790651E-5),.UNSPECIFIED.);
#177=B_SPLINE_CURVE_WITH_KNOTS('',3,(#6435,#6436,#6437,#6438),
 .UNSPECIFIED.,.F.,.F.,(4,4),(0.000102619634741358,0.00240437899186466),
 .UNSPECIFIED.);
#178=B_SPLINE_CURVE_WITH_KNOTS('',3,(#6440,#6441,#6442,#6443),
 .UNSPECIFIED.,.F.,.F.,(4,4),(0.,0.000311678523533192),.UNSPECIFIED.);
#179=B_SPLINE_CURVE_WITH_KNOTS('',3,(#6447,#6448,#6449,#6450),
 .UNSPECIFIED.,.F.,.F.,(4,4),(0.,0.00031169344512671),.UNSPECIFIED.);
#180=B_SPLINE_CURVE_WITH_KNOTS('',3,(#6452,#6453,#6454,#6455),
 .UNSPECIFIED.,.F.,.F.,(4,4),(0.,0.00240175935484691),.UNSPECIFIED.);
#181=B_SPLINE_CURVE_WITH_KNOTS('',3,(#6457,#6458,#6459,#6460),
 .UNSPECIFIED.,.F.,.F.,(4,4),(7.50132378088408E-18,2.61920502631513E-6),
 .UNSPECIFIED.);
#182=B_SPLINE_CURVE_WITH_KNOTS('',3,(#6464,#6465,#6466,#6467),
 .UNSPECIFIED.,.F.,.F.,(4,4),(2.07506677916207E-20,2.6192050263153E-6),
 .UNSPECIFIED.);
#183=B_SPLINE_CURVE_WITH_KNOTS('',3,(#6469,#6470,#6471,#6472),
 .UNSPECIFIED.,.F.,.F.,(4,4),(0.,9.99999997790678E-5),.UNSPECIFIED.);
#184=B_SPLINE_CURVE_WITH_KNOTS('',3,(#6474,#6475,#6476,#6477),
 .UNSPECIFIED.,.F.,.F.,(4,4),(0.000102619634741329,0.00240437899186466),
 .UNSPECIFIED.);
#185=B_SPLINE_CURVE_WITH_KNOTS('',3,(#6479,#6480,#6481,#6482),
 .UNSPECIFIED.,.F.,.F.,(4,4),(0.,0.000311678523533188),.UNSPECIFIED.);
#186=B_SPLINE_CURVE_WITH_KNOTS('',3,(#6486,#6487,#6488,#6489),
 .UNSPECIFIED.,.F.,.F.,(4,4),(0.,0.0003116934451267),.UNSPECIFIED.);
#187=B_SPLINE_CURVE_WITH_KNOTS('',3,(#6491,#6492,#6493,#6494),
 .UNSPECIFIED.,.F.,.F.,(4,4),(0.,0.00240175935484691),.UNSPECIFIED.);
#188=B_SPLINE_CURVE_WITH_KNOTS('',3,(#6496,#6497,#6498,#6499),
 .UNSPECIFIED.,.F.,.F.,(4,4),(8.04257783417958E-19,2.61920502630698E-6),
 .UNSPECIFIED.);
#189=B_SPLINE_CURVE_WITH_KNOTS('',3,(#6503,#6504,#6505,#6506),
 .UNSPECIFIED.,.F.,.F.,(4,4),(2.91164258702961E-19,2.61920502630746E-6),
 .UNSPECIFIED.);
#190=B_SPLINE_CURVE_WITH_KNOTS('',3,(#6508,#6509,#6510,#6511),
 .UNSPECIFIED.,.F.,.F.,(4,4),(0.,9.99999997790759E-5),.UNSPECIFIED.);
#191=B_SPLINE_CURVE_WITH_KNOTS('',3,(#6513,#6514,#6515,#6516),
 .UNSPECIFIED.,.F.,.F.,(4,4),(0.000102619634741329,0.00240437899186466),
 .UNSPECIFIED.);
#192=B_SPLINE_CURVE_WITH_KNOTS('',3,(#6518,#6519,#6520,#6521),
 .UNSPECIFIED.,.F.,.F.,(4,4),(0.,0.000311678523533189),.UNSPECIFIED.);
#193=B_SPLINE_CURVE_WITH_KNOTS('',3,(#6525,#6526,#6527,#6528),
 .UNSPECIFIED.,.F.,.F.,(4,4),(0.,0.000311693445126715),.UNSPECIFIED.);
#194=B_SPLINE_CURVE_WITH_KNOTS('',3,(#6530,#6531,#6532,#6533),
 .UNSPECIFIED.,.F.,.F.,(4,4),(0.,0.00240175935484688),.UNSPECIFIED.);
#195=B_SPLINE_CURVE_WITH_KNOTS('',3,(#6535,#6536,#6537,#6538),
 .UNSPECIFIED.,.F.,.F.,(4,4),(1.04777975575357E-17,2.61920502634634E-6),
 .UNSPECIFIED.);
#196=B_SPLINE_CURVE_WITH_KNOTS('',3,(#6542,#6543,#6544,#6545),
 .UNSPECIFIED.,.F.,.F.,(4,4),(4.95878107217886E-20,2.61920502634567E-6),
 .UNSPECIFIED.);
#197=B_SPLINE_CURVE_WITH_KNOTS('',3,(#6547,#6548,#6549,#6550),
 .UNSPECIFIED.,.F.,.F.,(4,4),(0.,9.99999997790651E-5),.UNSPECIFIED.);
#198=B_SPLINE_CURVE_WITH_KNOTS('',3,(#6552,#6553,#6554,#6555),
 .UNSPECIFIED.,.F.,.F.,(4,4),(0.000102619634741354,0.00240437899186466),
 .UNSPECIFIED.);
#199=B_SPLINE_CURVE_WITH_KNOTS('',3,(#6557,#6558,#6559,#6560),
 .UNSPECIFIED.,.F.,.F.,(4,4),(0.,0.000311678523533189),.UNSPECIFIED.);
#200=B_SPLINE_CURVE_WITH_KNOTS('',3,(#6564,#6565,#6566,#6567,#6568),
 .UNSPECIFIED.,.F.,.F.,(4,1,4),(0.,0.000260313669663191,0.000520627339326382),
 .UNSPECIFIED.);
#201=B_SPLINE_CURVE_WITH_KNOTS('',3,(#6570,#6571,#6572,#6573,#6574),
 .UNSPECIFIED.,.F.,.F.,(4,1,4),(2.87278797307652E-17,0.000263942977695034,
0.000527885955390039),.UNSPECIFIED.);
#202=B_SPLINE_CURVE_WITH_KNOTS('',3,(#6578,#6579,#6580,#6581),
 .UNSPECIFIED.,.F.,.F.,(4,4),(0.,0.000311693445126706),.UNSPECIFIED.);
#203=B_SPLINE_CURVE_WITH_KNOTS('',3,(#6583,#6584,#6585,#6586),
 .UNSPECIFIED.,.F.,.F.,(4,4),(0.,0.00240175935484691),.UNSPECIFIED.);
#204=B_SPLINE_CURVE_WITH_KNOTS('',3,(#6588,#6589,#6590,#6591),
 .UNSPECIFIED.,.F.,.F.,(4,4),(7.24213169902427E-19,2.61920502630715E-6),
 .UNSPECIFIED.);
#205=B_SPLINE_CURVE_WITH_KNOTS('',3,(#6595,#6596,#6597,#6598),
 .UNSPECIFIED.,.F.,.F.,(4,4),(2.20650826189488E-20,2.61920502630713E-6),
 .UNSPECIFIED.);
#206=B_SPLINE_CURVE_WITH_KNOTS('',3,(#6600,#6601,#6602,#6603),
 .UNSPECIFIED.,.F.,.F.,(4,4),(0.,9.99999997790755E-5),.UNSPECIFIED.);
#207=B_SPLINE_CURVE_WITH_KNOTS('',3,(#6605,#6606,#6607,#6608),
 .UNSPECIFIED.,.F.,.F.,(4,4),(0.000102619634741329,0.00240437899186466),
 .UNSPECIFIED.);
#208=B_SPLINE_CURVE_WITH_KNOTS('',3,(#6610,#6611,#6612,#6613),
 .UNSPECIFIED.,.F.,.F.,(4,4),(0.,0.00031167852353319),.UNSPECIFIED.);
#209=B_SPLINE_CURVE_WITH_KNOTS('',3,(#6617,#6618,#6619,#6620),
 .UNSPECIFIED.,.F.,.F.,(4,4),(0.,0.00031169344512671),.UNSPECIFIED.);
#210=B_SPLINE_CURVE_WITH_KNOTS('',3,(#6622,#6623,#6624,#6625),
 .UNSPECIFIED.,.F.,.F.,(4,4),(0.,0.00240175935484688),.UNSPECIFIED.);
#211=B_SPLINE_CURVE_WITH_KNOTS('',3,(#6627,#6628,#6629,#6630),
 .UNSPECIFIED.,.F.,.F.,(4,4),(1.01927709707846E-17,2.61920502634598E-6),
 .UNSPECIFIED.);
#212=B_SPLINE_CURVE_WITH_KNOTS('',3,(#6637,#6638,#6639,#6640),
 .UNSPECIFIED.,.F.,.F.,(4,4),(0.,0.00240175935484691),.UNSPECIFIED.);
#213=B_SPLINE_CURVE_WITH_KNOTS('',3,(#6643,#6644,#6645,#6646),
 .UNSPECIFIED.,.F.,.F.,(4,4),(1.55783149562199E-17,2.61920502632323E-6),
 .UNSPECIFIED.);
#214=B_SPLINE_CURVE_WITH_KNOTS('',3,(#6647,#6648,#6649,#6650),
 .UNSPECIFIED.,.F.,.F.,(4,4),(9.93693720614157E-19,2.61920502632447E-6),
 .UNSPECIFIED.);
#215=B_SPLINE_CURVE_WITH_KNOTS('',3,(#6652,#6653,#6654,#6655),
 .UNSPECIFIED.,.F.,.F.,(4,4),(0.,9.99999997790598E-5),.UNSPECIFIED.);
#216=B_SPLINE_CURVE_WITH_KNOTS('',3,(#6657,#6658,#6659,#6660),
 .UNSPECIFIED.,.F.,.F.,(4,4),(0.000102619634741326,0.00240437899186466),
 .UNSPECIFIED.);
#217=B_SPLINE_CURVE_WITH_KNOTS('',3,(#6662,#6663,#6664,#6665),
 .UNSPECIFIED.,.F.,.F.,(4,4),(0.,0.000311678523533181),.UNSPECIFIED.);
#218=B_SPLINE_CURVE_WITH_KNOTS('',3,(#6669,#6670,#6671,#6672),
 .UNSPECIFIED.,.F.,.F.,(4,4),(0.,0.000311693445126706),.UNSPECIFIED.);
#219=B_SPLINE_CURVE_WITH_KNOTS('',3,(#6674,#6675,#6676,#6677),
 .UNSPECIFIED.,.F.,.F.,(4,4),(0.,0.00240175935484691),.UNSPECIFIED.);
#220=B_SPLINE_CURVE_WITH_KNOTS('',3,(#6679,#6680,#6681,#6682),
 .UNSPECIFIED.,.F.,.F.,(4,4),(8.2924525536196E-19,2.61920502630715E-6),
 .UNSPECIFIED.);
#221=B_SPLINE_CURVE_WITH_KNOTS('',3,(#6683,#6684,#6685,#6686),
 .UNSPECIFIED.,.F.,.F.,(4,4),(4.26044319494326E-20,2.6192050263071E-6),
 .UNSPECIFIED.);
#222=B_SPLINE_CURVE_WITH_KNOTS('',3,(#6688,#6689,#6690,#6691),
 .UNSPECIFIED.,.F.,.F.,(4,4),(0.,9.99999997790761E-5),.UNSPECIFIED.);
#223=B_SPLINE_CURVE_WITH_KNOTS('',3,(#6693,#6694,#6695,#6696),
 .UNSPECIFIED.,.F.,.F.,(4,4),(0.000102619634741325,0.00240437899186466),
 .UNSPECIFIED.);
#224=B_SPLINE_CURVE_WITH_KNOTS('',3,(#6698,#6699,#6700,#6701),
 .UNSPECIFIED.,.F.,.F.,(4,4),(0.,0.00031167852353319),.UNSPECIFIED.);
#225=B_SPLINE_CURVE_WITH_KNOTS('',3,(#6705,#6706,#6707,#6708,#6709),
 .UNSPECIFIED.,.F.,.F.,(4,1,4),(0.,0.000260313669663183,0.000520627339326366),
 .UNSPECIFIED.);
#226=B_SPLINE_CURVE_WITH_KNOTS('',3,(#6710,#6711,#6712,#6713,#6714),
 .UNSPECIFIED.,.F.,.F.,(4,1,4),(2.2655415541169E-17,0.000263942977695034,
0.000527885955390046),.UNSPECIFIED.);
#227=B_SPLINE_CURVE_WITH_KNOTS('',3,(#6718,#6719,#6720,#6721),
 .UNSPECIFIED.,.F.,.F.,(4,4),(0.,0.00031169344512671),.UNSPECIFIED.);
#228=B_SPLINE_CURVE_WITH_KNOTS('',3,(#6723,#6724,#6725,#6726),
 .UNSPECIFIED.,.F.,.F.,(4,4),(0.,0.00240175935484691),.UNSPECIFIED.);
#229=B_SPLINE_CURVE_WITH_KNOTS('',3,(#6728,#6729,#6730,#6731),
 .UNSPECIFIED.,.F.,.F.,(4,4),(1.56227669999181E-17,2.61920502632333E-6),
 .UNSPECIFIED.);
#230=B_SPLINE_CURVE_WITH_KNOTS('',3,(#6732,#6733,#6734,#6735),
 .UNSPECIFIED.,.F.,.F.,(4,4),(0.,2.61920502632392E-6),.UNSPECIFIED.);
#231=B_SPLINE_CURVE_WITH_KNOTS('',3,(#6737,#6738,#6739,#6740),
 .UNSPECIFIED.,.F.,.F.,(4,4),(0.,9.99999997790597E-5),.UNSPECIFIED.);
#232=B_SPLINE_CURVE_WITH_KNOTS('',3,(#6742,#6743,#6744,#6745),
 .UNSPECIFIED.,.F.,.F.,(4,4),(0.000102619634741325,0.00240437899186466),
 .UNSPECIFIED.);
#233=B_SPLINE_CURVE_WITH_KNOTS('',3,(#6747,#6748,#6749,#6750),
 .UNSPECIFIED.,.F.,.F.,(4,4),(0.,0.000311678523533193),.UNSPECIFIED.);
#234=B_SPLINE_CURVE_WITH_KNOTS('',3,(#6754,#6755,#6756,#6757),
 .UNSPECIFIED.,.F.,.F.,(4,4),(0.,0.000311693445126707),.UNSPECIFIED.);
#235=B_SPLINE_CURVE_WITH_KNOTS('',3,(#6759,#6760,#6761,#6762),
 .UNSPECIFIED.,.F.,.F.,(4,4),(0.,0.00240175935484691),.UNSPECIFIED.);
#236=B_SPLINE_CURVE_WITH_KNOTS('',3,(#6764,#6765,#6766,#6767),
 .UNSPECIFIED.,.F.,.F.,(4,4),(8.49150529622436E-19,2.61920502630713E-6),
 .UNSPECIFIED.);
#237=B_SPLINE_CURVE_WITH_KNOTS('',3,(#6768,#6769,#6770,#6771),
 .UNSPECIFIED.,.F.,.F.,(4,4),(4.26044319494374E-20,2.61920502630698E-6),
 .UNSPECIFIED.);
#238=B_SPLINE_CURVE_WITH_KNOTS('',3,(#6773,#6774,#6775,#6776),
 .UNSPECIFIED.,.F.,.F.,(4,4),(0.,9.99999997790763E-5),.UNSPECIFIED.);
#239=B_SPLINE_CURVE_WITH_KNOTS('',3,(#6778,#6779,#6780,#6781),
 .UNSPECIFIED.,.F.,.F.,(4,4),(0.000102619634741326,0.00240437899186466),
 .UNSPECIFIED.);
#240=B_SPLINE_CURVE_WITH_KNOTS('',3,(#6783,#6784,#6785,#6786),
 .UNSPECIFIED.,.F.,.F.,(4,4),(0.,0.000311678523533187),.UNSPECIFIED.);
#241=B_SPLINE_CURVE_WITH_KNOTS('',3,(#6790,#6791,#6792,#6793),
 .UNSPECIFIED.,.F.,.F.,(4,4),(0.,0.000311693445126716),.UNSPECIFIED.);
#242=B_SPLINE_CURVE_WITH_KNOTS('',3,(#6795,#6796,#6797,#6798),
 .UNSPECIFIED.,.F.,.F.,(4,4),(0.,0.00240175935484688),.UNSPECIFIED.);
#243=B_SPLINE_CURVE_WITH_KNOTS('',3,(#6800,#6801,#6802,#6803),
 .UNSPECIFIED.,.F.,.F.,(4,4),(1.87084167060057E-17,2.61920502635462E-6),
 .UNSPECIFIED.);
#244=B_SPLINE_CURVE_WITH_KNOTS('',3,(#6804,#6805,#6806,#6807),
 .UNSPECIFIED.,.F.,.F.,(4,4),(9.30960726312812E-19,2.619205026355E-6),
 .UNSPECIFIED.);
#245=B_SPLINE_CURVE_WITH_KNOTS('',3,(#6809,#6810,#6811,#6812),
 .UNSPECIFIED.,.F.,.F.,(4,4),(0.,9.99999997790567E-5),.UNSPECIFIED.);
#246=B_SPLINE_CURVE_WITH_KNOTS('',3,(#6814,#6815,#6816,#6817),
 .UNSPECIFIED.,.F.,.F.,(4,4),(0.000102619634741354,0.00240437899186466),
 .UNSPECIFIED.);
#247=B_SPLINE_CURVE_WITH_KNOTS('',3,(#6819,#6820,#6821,#6822),
 .UNSPECIFIED.,.F.,.F.,(4,4),(0.,0.000311678523533185),.UNSPECIFIED.);
#248=B_SPLINE_CURVE_WITH_KNOTS('',3,(#6826,#6827,#6828,#6829),
 .UNSPECIFIED.,.F.,.F.,(4,4),(0.,0.000311693445126707),.UNSPECIFIED.);
#249=B_SPLINE_CURVE_WITH_KNOTS('',3,(#6877,#6878,#6879,#6880),
 .UNSPECIFIED.,.F.,.F.,(4,4),(0.,0.000163052983726008),.UNSPECIFIED.);
#250=B_SPLINE_CURVE_WITH_KNOTS('',3,(#6883,#6884,#6885,#6886),
 .UNSPECIFIED.,.F.,.F.,(4,4),(0.,2.62197248771274E-6),.UNSPECIFIED.);
#251=B_SPLINE_CURVE_WITH_KNOTS('',3,(#6899,#6900,#6901,#6902),
 .UNSPECIFIED.,.F.,.F.,(4,4),(7.40349893746398E-18,2.62197248771285E-6),
 .UNSPECIFIED.);
#252=B_SPLINE_CURVE_WITH_KNOTS('',3,(#6918,#6919,#6920,#6921),
 .UNSPECIFIED.,.F.,.F.,(4,4),(0.,0.000154116022403925),.UNSPECIFIED.);
#253=B_SPLINE_CURVE_WITH_KNOTS('',3,(#6922,#6923,#6924,#6925),
 .UNSPECIFIED.,.F.,.F.,(4,4),(0.,0.000154115904263904),.UNSPECIFIED.);
#254=B_SPLINE_CURVE_WITH_KNOTS('',3,(#6953,#6954,#6955,#6956),
 .UNSPECIFIED.,.F.,.F.,(4,4),(0.,2.62197248771289E-6),.UNSPECIFIED.);
#255=B_SPLINE_CURVE_WITH_KNOTS('',3,(#6958,#6959,#6960,#6961),
 .UNSPECIFIED.,.F.,.F.,(4,4),(6.96046438252075E-18,2.62197248771272E-6),
 .UNSPECIFIED.);
#256=B_SPLINE_CURVE_WITH_KNOTS('',3,(#6974,#6975,#6976,#6977),
 .UNSPECIFIED.,.F.,.F.,(4,4),(0.,0.000163052983726004),.UNSPECIFIED.);
#257=B_SPLINE_CURVE_WITH_KNOTS('',3,(#7019,#7020,#7021,#7022),
 .UNSPECIFIED.,.F.,.F.,(4,4),(0.,0.000163052983725992),.UNSPECIFIED.);
#258=B_SPLINE_CURVE_WITH_KNOTS('',3,(#7024,#7025,#7026,#7027),
 .UNSPECIFIED.,.F.,.F.,(4,4),(0.,2.62197248773214E-6),.UNSPECIFIED.);
#259=B_SPLINE_CURVE_WITH_KNOTS('',3,(#7040,#7041,#7042,#7043),
 .UNSPECIFIED.,.F.,.F.,(4,4),(7.62668465707772E-18,2.62197248772113E-6),
 .UNSPECIFIED.);
#260=B_SPLINE_CURVE_WITH_KNOTS('',3,(#7058,#7059,#7060,#7061),
 .UNSPECIFIED.,.F.,.F.,(4,4),(3.97475081924031E-18,0.000154115904263901),
 .UNSPECIFIED.);
#261=B_SPLINE_CURVE_WITH_KNOTS('',3,(#7089,#7090,#7091,#7092),
 .UNSPECIFIED.,.F.,.F.,(4,4),(0.,0.000154115904263896),.UNSPECIFIED.);
#262=B_SPLINE_CURVE_WITH_KNOTS('',3,(#7105,#7106,#7107,#7108),
 .UNSPECIFIED.,.F.,.F.,(4,4),(7.29930642296393E-18,2.6219724877309E-6),
 .UNSPECIFIED.);
#263=B_SPLINE_CURVE_WITH_KNOTS('',3,(#7111,#7112,#7113,#7114),
 .UNSPECIFIED.,.F.,.F.,(4,4),(0.,0.000163052983725989),.UNSPECIFIED.);
#264=B_SPLINE_CURVE_WITH_KNOTS('',3,(#7116,#7117,#7118,#7119),
 .UNSPECIFIED.,.F.,.F.,(4,4),(0.,2.62197248772006E-6),.UNSPECIFIED.);
#265=B_SPLINE_CURVE_WITH_KNOTS('',3,(#7136,#7137,#7138,#7139),
 .UNSPECIFIED.,.F.,.F.,(4,4),(0.,0.000154116022403918),.UNSPECIFIED.);
#266=B_SPLINE_CURVE_WITH_KNOTS('',3,(#7179,#7180,#7181,#7182),
 .UNSPECIFIED.,.F.,.F.,(4,4),(0.,0.000154116022403916),.UNSPECIFIED.);
#267=B_SPLINE_CURVE_WITH_KNOTS('',3,(#7184,#7185,#7186,#7187),
 .UNSPECIFIED.,.F.,.F.,(4,4),(0.,0.00015411602240392),.UNSPECIFIED.);
#268=B_SPLINE_CURVE_WITH_KNOTS('',3,(#7226,#7227,#7228,#7229),
 .UNSPECIFIED.,.F.,.F.,(4,4),(0.,0.000154116022403916),.UNSPECIFIED.);
#269=B_SPLINE_CURVE_WITH_KNOTS('',3,(#7255,#7256,#7257,#7258),
 .UNSPECIFIED.,.F.,.F.,(4,4),(0.,0.000163052983726001),.UNSPECIFIED.);
#270=B_SPLINE_CURVE_WITH_KNOTS('',3,(#7261,#7262,#7263,#7264),
 .UNSPECIFIED.,.F.,.F.,(4,4),(0.,2.62197248773581E-6),.UNSPECIFIED.);
#271=B_SPLINE_CURVE_WITH_KNOTS('',3,(#7277,#7278,#7279,#7280),
 .UNSPECIFIED.,.F.,.F.,(4,4),(7.35563411395634E-18,2.62197248771621E-6),
 .UNSPECIFIED.);
#272=B_SPLINE_CURVE_WITH_KNOTS('',3,(#7296,#7297,#7298,#7299),
 .UNSPECIFIED.,.F.,.F.,(4,4),(0.,0.000154115904263902),.UNSPECIFIED.);
#273=B_SPLINE_CURVE_WITH_KNOTS('',3,(#7327,#7328,#7329,#7330),
 .UNSPECIFIED.,.F.,.F.,(4,4),(0.,0.000154115904263901),.UNSPECIFIED.);
#274=B_SPLINE_CURVE_WITH_KNOTS('',3,(#7347,#7348,#7349,#7350),
 .UNSPECIFIED.,.F.,.F.,(4,4),(3.44896338775833E-20,2.62197248771572E-6),
 .UNSPECIFIED.);
#275=B_SPLINE_CURVE_WITH_KNOTS('',3,(#7352,#7353,#7354,#7355),
 .UNSPECIFIED.,.F.,.F.,(4,4),(7.40095037663445E-18,2.62197248773532E-6),
 .UNSPECIFIED.);
#276=B_SPLINE_CURVE_WITH_KNOTS('',3,(#7368,#7369,#7370,#7371),
 .UNSPECIFIED.,.F.,.F.,(4,4),(0.,0.000163052983725992),.UNSPECIFIED.);
#277=B_SPLINE_CURVE_WITH_KNOTS('',3,(#7412,#7413,#7414,#7415),
 .UNSPECIFIED.,.F.,.F.,(4,4),(0.,0.0001541159042639),.UNSPECIFIED.);
#278=B_SPLINE_CURVE_WITH_KNOTS('',3,(#7446,#7447,#7448,#7449),
 .UNSPECIFIED.,.F.,.F.,(4,4),(0.,0.000155598445116982),.UNSPECIFIED.);
#279=B_SPLINE_CURVE_WITH_KNOTS('',3,(#7453,#7454,#7455,#7456),
 .UNSPECIFIED.,.F.,.F.,(4,4),(0.,0.00015411602240392),.UNSPECIFIED.);
#280=B_SPLINE_CURVE_WITH_KNOTS('',3,(#7496,#7497,#7498,#7499),
 .UNSPECIFIED.,.F.,.F.,(4,4),(0.,0.000154116022403918),.UNSPECIFIED.);
#281=B_SPLINE_CURVE_WITH_KNOTS('',3,(#7501,#7502,#7503,#7504),
 .UNSPECIFIED.,.F.,.F.,(4,4),(0.,0.000154304108301407),.UNSPECIFIED.);
#282=B_SPLINE_CURVE_WITH_KNOTS('',3,(#7520,#7521,#7522,#7523),
 .UNSPECIFIED.,.F.,.F.,(4,4),(0.,0.000155433416248161),.UNSPECIFIED.);
#283=B_SPLINE_CURVE_WITH_KNOTS('',3,(#7549,#7550,#7551,#7552),
 .UNSPECIFIED.,.F.,.F.,(4,4),(0.,0.000163052983725991),.UNSPECIFIED.);
#284=B_SPLINE_CURVE_WITH_KNOTS('',3,(#7555,#7556,#7557,#7558),
 .UNSPECIFIED.,.F.,.F.,(4,4),(0.,2.62197248771999E-6),.UNSPECIFIED.);
#285=B_SPLINE_CURVE_WITH_KNOTS('',3,(#7571,#7572,#7573,#7574),
 .UNSPECIFIED.,.F.,.F.,(4,4),(7.35139894922007E-18,2.62197248773096E-6),
 .UNSPECIFIED.);
#286=B_SPLINE_CURVE_WITH_KNOTS('',3,(#7590,#7591,#7592,#7593),
 .UNSPECIFIED.,.F.,.F.,(4,4),(0.,0.000154115904263901),.UNSPECIFIED.);
#287=B_SPLINE_CURVE_WITH_KNOTS('',3,(#7611,#7612,#7613,#7614),
 .UNSPECIFIED.,.F.,.F.,(4,4),(0.,0.000154115904263928),.UNSPECIFIED.);
#288=B_SPLINE_CURVE_WITH_KNOTS('',3,(#7631,#7632,#7633,#7634),
 .UNSPECIFIED.,.F.,.F.,(4,4),(0.,2.62197248773233E-6),.UNSPECIFIED.);
#289=B_SPLINE_CURVE_WITH_KNOTS('',3,(#7636,#7637,#7638,#7639),
 .UNSPECIFIED.,.F.,.F.,(4,4),(6.9884453313216E-18,2.62197248772105E-6),
 .UNSPECIFIED.);
#290=B_SPLINE_CURVE_WITH_KNOTS('',3,(#7652,#7653,#7654,#7655),
 .UNSPECIFIED.,.F.,.F.,(4,4),(0.,0.000163052983726017),.UNSPECIFIED.);
#291=B_SPLINE_CURVE_WITH_KNOTS('',3,(#7699,#7700,#7701,#7702),
 .UNSPECIFIED.,.F.,.F.,(4,4),(0.,0.000154115904263904),.UNSPECIFIED.);
#292=B_SPLINE_CURVE_WITH_KNOTS('',3,(#7719,#7720,#7721,#7722),
 .UNSPECIFIED.,.F.,.F.,(4,4),(0.,0.000154115904263902),.UNSPECIFIED.);
#293=B_SPLINE_CURVE_WITH_KNOTS('',3,(#7723,#7724,#7725,#7726),
 .UNSPECIFIED.,.F.,.F.,(4,4),(0.,0.000154116022403919),.UNSPECIFIED.);
#294=B_SPLINE_CURVE_WITH_KNOTS('',3,(#7743,#7744,#7745,#7746),
 .UNSPECIFIED.,.F.,.F.,(4,4),(0.,0.000154116022403928),.UNSPECIFIED.);
#295=B_SPLINE_CURVE_WITH_KNOTS('',3,(#7812,#7813,#7814,#7815),
 .UNSPECIFIED.,.F.,.F.,(4,4),(0.,0.000154116022403919),.UNSPECIFIED.);
#296=B_SPLINE_CURVE_WITH_KNOTS('',3,(#7854,#7855,#7856,#7857),
 .UNSPECIFIED.,.F.,.F.,(4,4),(0.,0.000163052983726007),.UNSPECIFIED.);
#297=B_SPLINE_CURVE_WITH_KNOTS('',3,(#7859,#7860,#7861,#7862),
 .UNSPECIFIED.,.F.,.F.,(4,4),(0.,2.62197248771286E-6),.UNSPECIFIED.);
#298=B_SPLINE_CURVE_WITH_KNOTS('',3,(#7875,#7876,#7877,#7878),
 .UNSPECIFIED.,.F.,.F.,(4,4),(7.32866655925288E-18,2.62197248771272E-6),
 .UNSPECIFIED.);
#299=B_SPLINE_CURVE_WITH_KNOTS('',3,(#7880,#7881,#7882,#7883),
 .UNSPECIFIED.,.F.,.F.,(4,4),(0.,0.000154115904263902),.UNSPECIFIED.);
#300=B_SPLINE_CURVE_WITH_KNOTS('',3,(#7898,#7899,#7900,#7901),
 .UNSPECIFIED.,.F.,.F.,(4,4),(7.72145897646165E-18,2.62197248771307E-6),
 .UNSPECIFIED.);
#301=B_SPLINE_CURVE_WITH_KNOTS('',3,(#7903,#7904,#7905,#7906),
 .UNSPECIFIED.,.F.,.F.,(4,4),(0.,0.000163052983726007),.UNSPECIFIED.);
#302=B_SPLINE_CURVE_WITH_KNOTS('',3,(#7908,#7909,#7910,#7911),
 .UNSPECIFIED.,.F.,.F.,(4,4),(0.,2.62197248771251E-6),.UNSPECIFIED.);
#303=CONICAL_SURFACE('',#4597,0.875,0.0261799387799149);
#304=CONICAL_SURFACE('',#4599,0.4,0.0261799387799149);
#305=CONICAL_SURFACE('',#4602,0.4,0.0261799387799149);
#306=CONICAL_SURFACE('',#4605,0.4,0.0261799387799149);
#307=CONICAL_SURFACE('',#4608,0.4,0.0261799387799149);
#308=CONICAL_SURFACE('',#4611,0.4,0.0261799387799149);
#309=CONICAL_SURFACE('',#4614,0.4,0.0261799387799149);
#310=CONICAL_SURFACE('',#4631,0.4,0.0261799387799149);
#311=CONICAL_SURFACE('',#4634,0.4,0.0261799387799149);
#312=CONICAL_SURFACE('',#4637,0.4,0.0261799387799149);
#313=CONICAL_SURFACE('',#4640,0.4,0.0261799387799149);
#314=CONICAL_SURFACE('',#4643,0.4,0.0261799387799149);
#315=CONICAL_SURFACE('',#4645,0.4,0.0261799387799149);
#316=CONICAL_SURFACE('',#4664,0.875,0.0261799387799149);
#317=CONICAL_SURFACE('',#4666,1.25,0.0261799387799149);
#318=CONICAL_SURFACE('',#4682,1.25,0.0261799387799149);
#319=CONICAL_SURFACE('',#4692,1.4,0.0261799387799149);
#320=CONICAL_SURFACE('',#4694,1.4,0.0261799387799149);
#321=CIRCLE('',#4596,0.842267598038517);
#322=CIRCLE('',#4598,0.868198515067165);
#323=CIRCLE('',#4600,0.400006854675153);
#324=CIRCLE('',#4601,0.406291475851758);
#325=CIRCLE('',#4603,0.406291475851758);
#326=CIRCLE('',#4604,0.4);
#327=CIRCLE('',#4606,0.400006854675154);
#328=CIRCLE('',#4607,0.406291475851758);
#329=CIRCLE('',#4609,0.400006854675153);
#330=CIRCLE('',#4610,0.406291475851758);
#331=CIRCLE('',#4612,0.400006854675153);
#332=CIRCLE('',#4613,0.406291475851758);
#333=CIRCLE('',#4615,0.400006854675153);
#334=CIRCLE('',#4616,0.406291475851758);
#335=CIRCLE('',#4618,1.24680491168308);
#336=CIRCLE('',#4619,0.416288049101513);
#337=CIRCLE('',#4620,1.24680491168308);
#338=CIRCLE('',#4621,0.416288049101513);
#339=CIRCLE('',#4622,1.24680491168308);
#340=CIRCLE('',#4623,0.416288049101513);
#341=CIRCLE('',#4624,1.24680491168308);
#342=CIRCLE('',#4625,0.416288049101513);
#343=CIRCLE('',#4626,1.24680491168308);
#344=CIRCLE('',#4627,0.416288049101513);
#345=CIRCLE('',#4628,1.24680491168308);
#346=CIRCLE('',#4629,0.416288049101514);
#347=CIRCLE('',#4630,0.87819508831692);
#348=CIRCLE('',#4632,0.400006854675153);
#349=CIRCLE('',#4633,0.406291475851758);
#350=CIRCLE('',#4635,0.400006854675153);
#351=CIRCLE('',#4636,0.406291475851758);
#352=CIRCLE('',#4638,0.400006854675153);
#353=CIRCLE('',#4639,0.406291475851758);
#354=CIRCLE('',#4641,0.400006854675154);
#355=CIRCLE('',#4642,0.406291475851758);
#356=CIRCLE('',#4644,0.406291475851758);
#357=CIRCLE('',#4646,0.400006854675153);
#358=CIRCLE('',#4647,0.406291475851758);
#359=CIRCLE('',#4649,1.24680491168308);
#360=CIRCLE('',#4650,0.416288049101513);
#361=CIRCLE('',#4651,1.24680491168308);
#362=CIRCLE('',#4652,0.416288049101514);
#363=CIRCLE('',#4653,1.24680491168308);
#364=CIRCLE('',#4654,0.416288049101513);
#365=CIRCLE('',#4655,1.24680491168308);
#366=CIRCLE('',#4656,0.416288049101513);
#367=CIRCLE('',#4657,1.24680491168308);
#368=CIRCLE('',#4658,0.416288049101513);
#369=CIRCLE('',#4659,1.24680491168308);
#370=CIRCLE('',#4660,0.416288049101513);
#371=CIRCLE('',#4661,0.87819508831692);
#372=CIRCLE('',#4663,0.842267598038517);
#373=CIRCLE('',#4665,0.868198515067165);
#374=CIRCLE('',#4667,1.25);
#375=CIRCLE('',#4668,1.25680148493284);
#376=CIRCLE('',#4669,1.25);
#377=CIRCLE('',#4670,1.25680148493283);
#378=CIRCLE('',#4671,1.25);
#379=CIRCLE('',#4672,1.25680148493284);
#380=CIRCLE('',#4673,1.25);
#381=CIRCLE('',#4674,1.25680148493284);
#382=CIRCLE('',#4675,1.25);
#383=CIRCLE('',#4676,1.25680148493284);
#384=CIRCLE('',#4677,1.25);
#385=CIRCLE('',#4678,1.25680148493284);
#386=CIRCLE('',#4679,1.26963944117689);
#387=CIRCLE('',#4681,1.38036055882311);
#388=CIRCLE('',#4683,1.25680148493284);
#389=CIRCLE('',#4684,1.25680148493284);
#390=CIRCLE('',#4685,1.25680148493284);
#391=CIRCLE('',#4686,1.25680148493284);
#392=CIRCLE('',#4687,1.25680148493284);
#393=CIRCLE('',#4688,1.25680148493284);
#394=CIRCLE('',#4689,1.26963944117689);
#395=CIRCLE('',#4691,1.38036055882311);
#396=CIRCLE('',#4693,1.4);
#397=CIRCLE('',#4701,0.01);
#398=CIRCLE('',#4702,0.01);
#399=CIRCLE('',#4703,0.01);
#400=CIRCLE('',#4704,0.01);
#401=CIRCLE('',#4705,0.01);
#402=CIRCLE('',#4707,0.01);
#403=CIRCLE('',#4708,0.01);
#404=CIRCLE('',#4710,0.01);
#405=CIRCLE('',#4712,0.01);
#406=CIRCLE('',#4713,0.01);
#407=CIRCLE('',#4714,0.01);
#408=CIRCLE('',#4715,0.01);
#409=CIRCLE('',#4716,0.01);
#410=CIRCLE('',#4717,0.01);
#411=CIRCLE('',#4719,0.01);
#412=CIRCLE('',#4720,0.01);
#413=CIRCLE('',#4722,0.01);
#414=CIRCLE('',#4724,0.01);
#415=CIRCLE('',#4726,0.01);
#416=CIRCLE('',#4727,0.01);
#417=CIRCLE('',#4728,0.01);
#418=CIRCLE('',#4730,0.01);
#419=CIRCLE('',#4731,0.01);
#420=CIRCLE('',#4732,0.01);
#421=CIRCLE('',#4733,0.01);
#422=CIRCLE('',#4734,0.01);
#423=CIRCLE('',#4735,0.01);
#424=CIRCLE('',#4737,0.01);
#425=CIRCLE('',#4738,0.01);
#426=CIRCLE('',#4741,0.01);
#427=CIRCLE('',#4742,0.01);
#428=CIRCLE('',#4744,0.01);
#429=CIRCLE('',#4746,0.01);
#430=CIRCLE('',#4747,0.01);
#431=CIRCLE('',#4748,0.01);
#432=CIRCLE('',#4750,0.01);
#433=CIRCLE('',#4752,0.01);
#434=CIRCLE('',#4754,0.01);
#435=CIRCLE('',#4755,0.01);
#436=CIRCLE('',#4756,0.01);
#437=CIRCLE('',#4758,0.01);
#438=CIRCLE('',#4759,0.01);
#439=CIRCLE('',#4760,0.01);
#440=CIRCLE('',#4761,0.01);
#441=CIRCLE('',#4763,0.01);
#442=CIRCLE('',#4766,0.01);
#443=CIRCLE('',#4767,0.01);
#444=CIRCLE('',#4769,0.01);
#445=CIRCLE('',#4771,0.01);
#446=CIRCLE('',#4772,0.01);
#447=CIRCLE('',#4773,0.01);
#448=CIRCLE('',#4775,0.01);
#449=CIRCLE('',#4777,0.01);
#450=CIRCLE('',#4779,0.01);
#451=CIRCLE('',#4781,0.01);
#452=CIRCLE('',#4782,0.01);
#453=CIRCLE('',#4783,0.01);
#454=CIRCLE('',#4784,0.01);
#455=CIRCLE('',#4785,0.01);
#456=CIRCLE('',#4786,0.01);
#457=CIRCLE('',#4787,0.01);
#458=CIRCLE('',#4790,0.01);
#459=CIRCLE('',#4792,0.01);
#460=CIRCLE('',#4793,0.01);
#461=CIRCLE('',#4798,1.7);
#462=CIRCLE('',#4799,0.65);
#463=CIRCLE('',#4800,0.55);
#464=CIRCLE('',#4801,4.38);
#465=CIRCLE('',#4802,0.55);
#466=CIRCLE('',#4803,0.65);
#467=CIRCLE('',#4804,1.7);
#468=CIRCLE('',#4805,0.65);
#469=CIRCLE('',#4806,0.55);
#470=CIRCLE('',#4807,4.38);
#471=CIRCLE('',#4808,0.55);
#472=CIRCLE('',#4809,0.65);
#473=CIRCLE('',#4810,1.7);
#474=CIRCLE('',#4811,0.65);
#475=CIRCLE('',#4812,0.55);
#476=CIRCLE('',#4813,4.38);
#477=CIRCLE('',#4814,0.55);
#478=CIRCLE('',#4815,0.65);
#479=CIRCLE('',#4816,1.7);
#480=CIRCLE('',#4817,0.65);
#481=CIRCLE('',#4818,0.55);
#482=CIRCLE('',#4819,4.38);
#483=CIRCLE('',#4820,0.55);
#484=CIRCLE('',#4821,0.65);
#485=CIRCLE('',#4822,1.7);
#486=CIRCLE('',#4823,0.65);
#487=CIRCLE('',#4824,0.55);
#488=CIRCLE('',#4825,4.38);
#489=CIRCLE('',#4826,0.55);
#490=CIRCLE('',#4827,0.65);
#491=CIRCLE('',#4828,1.7);
#492=CIRCLE('',#4829,0.65);
#493=CIRCLE('',#4830,0.55);
#494=CIRCLE('',#4831,4.38);
#495=CIRCLE('',#4832,0.55);
#496=CIRCLE('',#4833,0.65);
#497=CIRCLE('',#4834,0.825);
#498=CIRCLE('',#4835,5.08);
#499=CIRCLE('',#4837,5.08);
#500=CIRCLE('',#4838,0.825);
#501=CIRCLE('',#4839,0.65);
#502=CIRCLE('',#4840,1.7);
#503=CIRCLE('',#4841,0.65);
#504=CIRCLE('',#4842,0.55);
#505=CIRCLE('',#4843,4.38);
#506=CIRCLE('',#4844,0.55);
#507=CIRCLE('',#4845,0.65);
#508=CIRCLE('',#4846,1.7);
#509=CIRCLE('',#4847,0.65);
#510=CIRCLE('',#4848,0.55);
#511=CIRCLE('',#4849,4.38);
#512=CIRCLE('',#4850,0.55);
#513=CIRCLE('',#4851,0.65);
#514=CIRCLE('',#4852,1.7);
#515=CIRCLE('',#4853,0.65);
#516=CIRCLE('',#4854,0.55);
#517=CIRCLE('',#4855,4.38);
#518=CIRCLE('',#4856,0.55);
#519=CIRCLE('',#4857,0.65);
#520=CIRCLE('',#4858,1.7);
#521=CIRCLE('',#4859,0.65);
#522=CIRCLE('',#4860,0.55);
#523=CIRCLE('',#4861,4.38);
#524=CIRCLE('',#4862,0.55);
#525=CIRCLE('',#4863,0.65);
#526=CIRCLE('',#4864,1.7);
#527=CIRCLE('',#4865,0.65);
#528=CIRCLE('',#4866,0.55);
#529=CIRCLE('',#4867,4.38);
#530=CIRCLE('',#4868,0.55);
#531=CIRCLE('',#4869,0.65);
#532=CIRCLE('',#4870,1.7);
#533=CIRCLE('',#4871,0.65);
#534=CIRCLE('',#4872,0.55);
#535=CIRCLE('',#4873,4.38);
#536=CIRCLE('',#4874,0.55);
#537=ORIENTED_EDGE('',*,*,#1893,.F.);
#538=ORIENTED_EDGE('',*,*,#1894,.F.);
#539=ORIENTED_EDGE('',*,*,#1895,.F.);
#540=ORIENTED_EDGE('',*,*,#1896,.F.);
#541=ORIENTED_EDGE('',*,*,#1897,.F.);
#542=ORIENTED_EDGE('',*,*,#1898,.F.);
#543=ORIENTED_EDGE('',*,*,#1899,.T.);
#544=ORIENTED_EDGE('',*,*,#1900,.T.);
#545=ORIENTED_EDGE('',*,*,#1899,.F.);
#546=ORIENTED_EDGE('',*,*,#1901,.T.);
#547=ORIENTED_EDGE('',*,*,#1902,.T.);
#548=ORIENTED_EDGE('',*,*,#1903,.T.);
#549=ORIENTED_EDGE('',*,*,#1904,.T.);
#550=ORIENTED_EDGE('',*,*,#1905,.F.);
#551=ORIENTED_EDGE('',*,*,#1906,.T.);
#552=ORIENTED_EDGE('',*,*,#1907,.T.);
#553=ORIENTED_EDGE('',*,*,#1908,.T.);
#554=ORIENTED_EDGE('',*,*,#1909,.F.);
#555=ORIENTED_EDGE('',*,*,#1910,.F.);
#556=ORIENTED_EDGE('',*,*,#1911,.T.);
#557=ORIENTED_EDGE('',*,*,#1912,.T.);
#558=ORIENTED_EDGE('',*,*,#1913,.T.);
#559=ORIENTED_EDGE('',*,*,#1914,.T.);
#560=ORIENTED_EDGE('',*,*,#1915,.T.);
#561=ORIENTED_EDGE('',*,*,#1916,.T.);
#562=ORIENTED_EDGE('',*,*,#1917,.T.);
#563=ORIENTED_EDGE('',*,*,#1918,.T.);
#564=ORIENTED_EDGE('',*,*,#1919,.T.);
#565=ORIENTED_EDGE('',*,*,#1920,.T.);
#566=ORIENTED_EDGE('',*,*,#1921,.T.);
#567=ORIENTED_EDGE('',*,*,#1922,.T.);
#568=ORIENTED_EDGE('',*,*,#1923,.T.);
#569=ORIENTED_EDGE('',*,*,#1924,.T.);
#570=ORIENTED_EDGE('',*,*,#1925,.T.);
#571=ORIENTED_EDGE('',*,*,#1926,.T.);
#572=ORIENTED_EDGE('',*,*,#1927,.T.);
#573=ORIENTED_EDGE('',*,*,#1928,.T.);
#574=ORIENTED_EDGE('',*,*,#1929,.T.);
#575=ORIENTED_EDGE('',*,*,#1930,.T.);
#576=ORIENTED_EDGE('',*,*,#1931,.T.);
#577=ORIENTED_EDGE('',*,*,#1932,.T.);
#578=ORIENTED_EDGE('',*,*,#1933,.T.);
#579=ORIENTED_EDGE('',*,*,#1934,.T.);
#580=ORIENTED_EDGE('',*,*,#1935,.T.);
#581=ORIENTED_EDGE('',*,*,#1936,.T.);
#582=ORIENTED_EDGE('',*,*,#1937,.T.);
#583=ORIENTED_EDGE('',*,*,#1938,.T.);
#584=ORIENTED_EDGE('',*,*,#1939,.T.);
#585=ORIENTED_EDGE('',*,*,#1940,.T.);
#586=ORIENTED_EDGE('',*,*,#1941,.T.);
#587=ORIENTED_EDGE('',*,*,#1942,.T.);
#588=ORIENTED_EDGE('',*,*,#1943,.T.);
#589=ORIENTED_EDGE('',*,*,#1944,.T.);
#590=ORIENTED_EDGE('',*,*,#1945,.T.);
#591=ORIENTED_EDGE('',*,*,#1946,.T.);
#592=ORIENTED_EDGE('',*,*,#1947,.T.);
#593=ORIENTED_EDGE('',*,*,#1948,.T.);
#594=ORIENTED_EDGE('',*,*,#1949,.T.);
#595=ORIENTED_EDGE('',*,*,#1950,.T.);
#596=ORIENTED_EDGE('',*,*,#1951,.T.);
#597=ORIENTED_EDGE('',*,*,#1952,.T.);
#598=ORIENTED_EDGE('',*,*,#1953,.T.);
#599=ORIENTED_EDGE('',*,*,#1954,.T.);
#600=ORIENTED_EDGE('',*,*,#1955,.T.);
#601=ORIENTED_EDGE('',*,*,#1956,.T.);
#602=ORIENTED_EDGE('',*,*,#1957,.T.);
#603=ORIENTED_EDGE('',*,*,#1958,.F.);
#604=ORIENTED_EDGE('',*,*,#1910,.T.);
#605=ORIENTED_EDGE('',*,*,#1959,.F.);
#606=ORIENTED_EDGE('',*,*,#1960,.T.);
#607=ORIENTED_EDGE('',*,*,#1961,.T.);
#608=ORIENTED_EDGE('',*,*,#1962,.T.);
#609=ORIENTED_EDGE('',*,*,#1963,.T.);
#610=ORIENTED_EDGE('',*,*,#1964,.T.);
#611=ORIENTED_EDGE('',*,*,#1965,.T.);
#612=ORIENTED_EDGE('',*,*,#1966,.T.);
#613=ORIENTED_EDGE('',*,*,#1967,.T.);
#614=ORIENTED_EDGE('',*,*,#1968,.T.);
#615=ORIENTED_EDGE('',*,*,#1969,.T.);
#616=ORIENTED_EDGE('',*,*,#1970,.T.);
#617=ORIENTED_EDGE('',*,*,#1971,.T.);
#618=ORIENTED_EDGE('',*,*,#1972,.T.);
#619=ORIENTED_EDGE('',*,*,#1973,.T.);
#620=ORIENTED_EDGE('',*,*,#1974,.T.);
#621=ORIENTED_EDGE('',*,*,#1975,.T.);
#622=ORIENTED_EDGE('',*,*,#1976,.T.);
#623=ORIENTED_EDGE('',*,*,#1977,.T.);
#624=ORIENTED_EDGE('',*,*,#1978,.T.);
#625=ORIENTED_EDGE('',*,*,#1979,.T.);
#626=ORIENTED_EDGE('',*,*,#1980,.T.);
#627=ORIENTED_EDGE('',*,*,#1981,.T.);
#628=ORIENTED_EDGE('',*,*,#1982,.T.);
#629=ORIENTED_EDGE('',*,*,#1983,.T.);
#630=ORIENTED_EDGE('',*,*,#1984,.F.);
#631=ORIENTED_EDGE('',*,*,#1985,.T.);
#632=ORIENTED_EDGE('',*,*,#1984,.T.);
#633=ORIENTED_EDGE('',*,*,#1986,.F.);
#634=ORIENTED_EDGE('',*,*,#1987,.T.);
#635=ORIENTED_EDGE('',*,*,#1988,.T.);
#636=ORIENTED_EDGE('',*,*,#1989,.T.);
#637=ORIENTED_EDGE('',*,*,#1990,.F.);
#638=ORIENTED_EDGE('',*,*,#1991,.T.);
#639=ORIENTED_EDGE('',*,*,#1992,.F.);
#640=ORIENTED_EDGE('',*,*,#1993,.T.);
#641=ORIENTED_EDGE('',*,*,#1994,.T.);
#642=ORIENTED_EDGE('',*,*,#1995,.F.);
#643=ORIENTED_EDGE('',*,*,#1996,.T.);
#644=ORIENTED_EDGE('',*,*,#1997,.T.);
#645=ORIENTED_EDGE('',*,*,#1998,.T.);
#646=ORIENTED_EDGE('',*,*,#1999,.F.);
#647=ORIENTED_EDGE('',*,*,#2000,.T.);
#648=ORIENTED_EDGE('',*,*,#2001,.F.);
#649=ORIENTED_EDGE('',*,*,#2002,.T.);
#650=ORIENTED_EDGE('',*,*,#2003,.T.);
#651=ORIENTED_EDGE('',*,*,#2004,.F.);
#652=ORIENTED_EDGE('',*,*,#2005,.T.);
#653=ORIENTED_EDGE('',*,*,#2006,.T.);
#654=ORIENTED_EDGE('',*,*,#2007,.T.);
#655=ORIENTED_EDGE('',*,*,#2008,.F.);
#656=ORIENTED_EDGE('',*,*,#2009,.T.);
#657=ORIENTED_EDGE('',*,*,#2010,.F.);
#658=ORIENTED_EDGE('',*,*,#2011,.T.);
#659=ORIENTED_EDGE('',*,*,#2012,.T.);
#660=ORIENTED_EDGE('',*,*,#2013,.F.);
#661=ORIENTED_EDGE('',*,*,#2014,.T.);
#662=ORIENTED_EDGE('',*,*,#2015,.T.);
#663=ORIENTED_EDGE('',*,*,#2016,.T.);
#664=ORIENTED_EDGE('',*,*,#2017,.F.);
#665=ORIENTED_EDGE('',*,*,#2018,.T.);
#666=ORIENTED_EDGE('',*,*,#2019,.T.);
#667=ORIENTED_EDGE('',*,*,#1905,.T.);
#668=ORIENTED_EDGE('',*,*,#2020,.F.);
#669=ORIENTED_EDGE('',*,*,#1909,.T.);
#670=ORIENTED_EDGE('',*,*,#2021,.T.);
#671=ORIENTED_EDGE('',*,*,#2022,.T.);
#672=ORIENTED_EDGE('',*,*,#2023,.F.);
#673=ORIENTED_EDGE('',*,*,#2024,.T.);
#674=ORIENTED_EDGE('',*,*,#2025,.T.);
#675=ORIENTED_EDGE('',*,*,#2026,.F.);
#676=ORIENTED_EDGE('',*,*,#2027,.T.);
#677=ORIENTED_EDGE('',*,*,#2028,.T.);
#678=ORIENTED_EDGE('',*,*,#2029,.T.);
#679=ORIENTED_EDGE('',*,*,#2030,.F.);
#680=ORIENTED_EDGE('',*,*,#2031,.T.);
#681=ORIENTED_EDGE('',*,*,#2032,.F.);
#682=ORIENTED_EDGE('',*,*,#2033,.T.);
#683=ORIENTED_EDGE('',*,*,#2034,.T.);
#684=ORIENTED_EDGE('',*,*,#2035,.T.);
#685=ORIENTED_EDGE('',*,*,#2035,.F.);
#686=ORIENTED_EDGE('',*,*,#2036,.T.);
#687=ORIENTED_EDGE('',*,*,#2037,.T.);
#688=ORIENTED_EDGE('',*,*,#2038,.T.);
#689=ORIENTED_EDGE('',*,*,#1986,.T.);
#690=ORIENTED_EDGE('',*,*,#2039,.T.);
#691=ORIENTED_EDGE('',*,*,#2040,.T.);
#692=ORIENTED_EDGE('',*,*,#2041,.T.);
#693=ORIENTED_EDGE('',*,*,#2042,.F.);
#694=ORIENTED_EDGE('',*,*,#2043,.T.);
#695=ORIENTED_EDGE('',*,*,#2044,.F.);
#696=ORIENTED_EDGE('',*,*,#2045,.T.);
#697=ORIENTED_EDGE('',*,*,#2046,.T.);
#698=ORIENTED_EDGE('',*,*,#2026,.T.);
#699=ORIENTED_EDGE('',*,*,#2047,.T.);
#700=ORIENTED_EDGE('',*,*,#2048,.T.);
#701=ORIENTED_EDGE('',*,*,#2049,.T.);
#702=ORIENTED_EDGE('',*,*,#2050,.F.);
#703=ORIENTED_EDGE('',*,*,#2051,.T.);
#704=ORIENTED_EDGE('',*,*,#2052,.T.);
#705=ORIENTED_EDGE('',*,*,#1959,.T.);
#706=ORIENTED_EDGE('',*,*,#2020,.T.);
#707=ORIENTED_EDGE('',*,*,#1958,.T.);
#708=ORIENTED_EDGE('',*,*,#2053,.T.);
#709=ORIENTED_EDGE('',*,*,#2054,.T.);
#710=ORIENTED_EDGE('',*,*,#2055,.F.);
#711=ORIENTED_EDGE('',*,*,#2056,.T.);
#712=ORIENTED_EDGE('',*,*,#2057,.T.);
#713=ORIENTED_EDGE('',*,*,#2013,.T.);
#714=ORIENTED_EDGE('',*,*,#2058,.T.);
#715=ORIENTED_EDGE('',*,*,#2059,.T.);
#716=ORIENTED_EDGE('',*,*,#2060,.T.);
#717=ORIENTED_EDGE('',*,*,#2061,.F.);
#718=ORIENTED_EDGE('',*,*,#2062,.T.);
#719=ORIENTED_EDGE('',*,*,#2063,.F.);
#720=ORIENTED_EDGE('',*,*,#2064,.T.);
#721=ORIENTED_EDGE('',*,*,#2065,.T.);
#722=ORIENTED_EDGE('',*,*,#2004,.T.);
#723=ORIENTED_EDGE('',*,*,#2066,.T.);
#724=ORIENTED_EDGE('',*,*,#2067,.T.);
#725=ORIENTED_EDGE('',*,*,#2068,.T.);
#726=ORIENTED_EDGE('',*,*,#2069,.F.);
#727=ORIENTED_EDGE('',*,*,#2070,.T.);
#728=ORIENTED_EDGE('',*,*,#2071,.F.);
#729=ORIENTED_EDGE('',*,*,#2072,.T.);
#730=ORIENTED_EDGE('',*,*,#2073,.T.);
#731=ORIENTED_EDGE('',*,*,#1995,.T.);
#732=ORIENTED_EDGE('',*,*,#2074,.T.);
#733=ORIENTED_EDGE('',*,*,#2075,.T.);
#734=ORIENTED_EDGE('',*,*,#2076,.T.);
#735=ORIENTED_EDGE('',*,*,#2077,.F.);
#736=ORIENTED_EDGE('',*,*,#2078,.T.);
#737=ORIENTED_EDGE('',*,*,#2079,.F.);
#738=ORIENTED_EDGE('',*,*,#2080,.F.);
#739=ORIENTED_EDGE('',*,*,#2080,.T.);
#740=ORIENTED_EDGE('',*,*,#2081,.F.);
#741=ORIENTED_EDGE('',*,*,#2082,.F.);
#742=ORIENTED_EDGE('',*,*,#2081,.T.);
#743=ORIENTED_EDGE('',*,*,#2082,.T.);
#744=ORIENTED_EDGE('',*,*,#2036,.F.);
#745=ORIENTED_EDGE('',*,*,#2083,.T.);
#746=ORIENTED_EDGE('',*,*,#1893,.T.);
#747=ORIENTED_EDGE('',*,*,#2084,.F.);
#748=ORIENTED_EDGE('',*,*,#1979,.F.);
#749=ORIENTED_EDGE('',*,*,#2084,.T.);
#750=ORIENTED_EDGE('',*,*,#1898,.T.);
#751=ORIENTED_EDGE('',*,*,#2085,.F.);
#752=ORIENTED_EDGE('',*,*,#1980,.F.);
#753=ORIENTED_EDGE('',*,*,#2085,.T.);
#754=ORIENTED_EDGE('',*,*,#1897,.T.);
#755=ORIENTED_EDGE('',*,*,#2086,.F.);
#756=ORIENTED_EDGE('',*,*,#1981,.F.);
#757=ORIENTED_EDGE('',*,*,#2086,.T.);
#758=ORIENTED_EDGE('',*,*,#1896,.T.);
#759=ORIENTED_EDGE('',*,*,#2087,.F.);
#760=ORIENTED_EDGE('',*,*,#1982,.F.);
#761=ORIENTED_EDGE('',*,*,#2087,.T.);
#762=ORIENTED_EDGE('',*,*,#1895,.T.);
#763=ORIENTED_EDGE('',*,*,#2088,.F.);
#764=ORIENTED_EDGE('',*,*,#1983,.F.);
#765=ORIENTED_EDGE('',*,*,#2088,.T.);
#766=ORIENTED_EDGE('',*,*,#1894,.T.);
#767=ORIENTED_EDGE('',*,*,#2083,.F.);
#768=ORIENTED_EDGE('',*,*,#1978,.F.);
#769=ORIENTED_EDGE('',*,*,#2007,.F.);
#770=ORIENTED_EDGE('',*,*,#2006,.F.);
#771=ORIENTED_EDGE('',*,*,#2089,.F.);
#772=ORIENTED_EDGE('',*,*,#1915,.F.);
#773=ORIENTED_EDGE('',*,*,#2090,.F.);
#774=ORIENTED_EDGE('',*,*,#2091,.F.);
#775=ORIENTED_EDGE('',*,*,#2065,.F.);
#776=ORIENTED_EDGE('',*,*,#2092,.F.);
#777=ORIENTED_EDGE('',*,*,#2093,.F.);
#778=ORIENTED_EDGE('',*,*,#2005,.F.);
#779=ORIENTED_EDGE('',*,*,#2091,.T.);
#780=ORIENTED_EDGE('',*,*,#2094,.F.);
#781=ORIENTED_EDGE('',*,*,#2089,.T.);
#782=ORIENTED_EDGE('',*,*,#2095,.F.);
#783=ORIENTED_EDGE('',*,*,#1917,.F.);
#784=ORIENTED_EDGE('',*,*,#2096,.F.);
#785=ORIENTED_EDGE('',*,*,#2002,.F.);
#786=ORIENTED_EDGE('',*,*,#2097,.F.);
#787=ORIENTED_EDGE('',*,*,#1918,.F.);
#788=ORIENTED_EDGE('',*,*,#2098,.F.);
#789=ORIENTED_EDGE('',*,*,#1928,.F.);
#790=ORIENTED_EDGE('',*,*,#2090,.T.);
#791=ORIENTED_EDGE('',*,*,#2097,.T.);
#792=ORIENTED_EDGE('',*,*,#2099,.F.);
#793=ORIENTED_EDGE('',*,*,#2008,.T.);
#794=ORIENTED_EDGE('',*,*,#2092,.T.);
#795=ORIENTED_EDGE('',*,*,#2064,.F.);
#796=ORIENTED_EDGE('',*,*,#2100,.F.);
#797=ORIENTED_EDGE('',*,*,#1950,.F.);
#798=ORIENTED_EDGE('',*,*,#2101,.F.);
#799=ORIENTED_EDGE('',*,*,#1916,.F.);
#800=ORIENTED_EDGE('',*,*,#2094,.T.);
#801=ORIENTED_EDGE('',*,*,#2093,.T.);
#802=ORIENTED_EDGE('',*,*,#1949,.F.);
#803=ORIENTED_EDGE('',*,*,#2102,.F.);
#804=ORIENTED_EDGE('',*,*,#2096,.T.);
#805=ORIENTED_EDGE('',*,*,#2101,.T.);
#806=ORIENTED_EDGE('',*,*,#2103,.F.);
#807=ORIENTED_EDGE('',*,*,#2003,.F.);
#808=ORIENTED_EDGE('',*,*,#2095,.T.);
#809=ORIENTED_EDGE('',*,*,#2001,.T.);
#810=ORIENTED_EDGE('',*,*,#2104,.F.);
#811=ORIENTED_EDGE('',*,*,#2098,.T.);
#812=ORIENTED_EDGE('',*,*,#2099,.T.);
#813=ORIENTED_EDGE('',*,*,#1927,.F.);
#814=ORIENTED_EDGE('',*,*,#2105,.F.);
#815=ORIENTED_EDGE('',*,*,#2009,.F.);
#816=ORIENTED_EDGE('',*,*,#2106,.F.);
#817=ORIENTED_EDGE('',*,*,#2011,.F.);
#818=ORIENTED_EDGE('',*,*,#2107,.F.);
#819=ORIENTED_EDGE('',*,*,#1913,.F.);
#820=ORIENTED_EDGE('',*,*,#2108,.F.);
#821=ORIENTED_EDGE('',*,*,#2012,.F.);
#822=ORIENTED_EDGE('',*,*,#2106,.T.);
#823=ORIENTED_EDGE('',*,*,#2109,.F.);
#824=ORIENTED_EDGE('',*,*,#2058,.F.);
#825=ORIENTED_EDGE('',*,*,#2108,.T.);
#826=ORIENTED_EDGE('',*,*,#2110,.F.);
#827=ORIENTED_EDGE('',*,*,#2111,.F.);
#828=ORIENTED_EDGE('',*,*,#2100,.T.);
#829=ORIENTED_EDGE('',*,*,#2063,.T.);
#830=ORIENTED_EDGE('',*,*,#2112,.F.);
#831=ORIENTED_EDGE('',*,*,#2113,.F.);
#832=ORIENTED_EDGE('',*,*,#2103,.T.);
#833=ORIENTED_EDGE('',*,*,#2102,.T.);
#834=ORIENTED_EDGE('',*,*,#2114,.F.);
#835=ORIENTED_EDGE('',*,*,#2066,.F.);
#836=ORIENTED_EDGE('',*,*,#2104,.T.);
#837=ORIENTED_EDGE('',*,*,#2000,.F.);
#838=ORIENTED_EDGE('',*,*,#2115,.F.);
#839=ORIENTED_EDGE('',*,*,#1929,.F.);
#840=ORIENTED_EDGE('',*,*,#2010,.T.);
#841=ORIENTED_EDGE('',*,*,#2105,.T.);
#842=ORIENTED_EDGE('',*,*,#2116,.F.);
#843=ORIENTED_EDGE('',*,*,#2107,.T.);
#844=ORIENTED_EDGE('',*,*,#2117,.F.);
#845=ORIENTED_EDGE('',*,*,#2118,.F.);
#846=ORIENTED_EDGE('',*,*,#2014,.F.);
#847=ORIENTED_EDGE('',*,*,#2119,.F.);
#848=ORIENTED_EDGE('',*,*,#1912,.F.);
#849=ORIENTED_EDGE('',*,*,#2117,.T.);
#850=ORIENTED_EDGE('',*,*,#2120,.F.);
#851=ORIENTED_EDGE('',*,*,#1953,.F.);
#852=ORIENTED_EDGE('',*,*,#2110,.T.);
#853=ORIENTED_EDGE('',*,*,#2109,.T.);
#854=ORIENTED_EDGE('',*,*,#2111,.T.);
#855=ORIENTED_EDGE('',*,*,#1952,.F.);
#856=ORIENTED_EDGE('',*,*,#2121,.F.);
#857=ORIENTED_EDGE('',*,*,#2060,.F.);
#858=ORIENTED_EDGE('',*,*,#2059,.F.);
#859=ORIENTED_EDGE('',*,*,#2112,.T.);
#860=ORIENTED_EDGE('',*,*,#2062,.F.);
#861=ORIENTED_EDGE('',*,*,#2122,.F.);
#862=ORIENTED_EDGE('',*,*,#1967,.F.);
#863=ORIENTED_EDGE('',*,*,#2113,.T.);
#864=ORIENTED_EDGE('',*,*,#1966,.F.);
#865=ORIENTED_EDGE('',*,*,#2123,.F.);
#866=ORIENTED_EDGE('',*,*,#1951,.F.);
#867=ORIENTED_EDGE('',*,*,#2114,.T.);
#868=ORIENTED_EDGE('',*,*,#1948,.F.);
#869=ORIENTED_EDGE('',*,*,#2124,.F.);
#870=ORIENTED_EDGE('',*,*,#2068,.F.);
#871=ORIENTED_EDGE('',*,*,#2067,.F.);
#872=ORIENTED_EDGE('',*,*,#2125,.F.);
#873=ORIENTED_EDGE('',*,*,#1998,.F.);
#874=ORIENTED_EDGE('',*,*,#1997,.F.);
#875=ORIENTED_EDGE('',*,*,#2126,.F.);
#876=ORIENTED_EDGE('',*,*,#1919,.F.);
#877=ORIENTED_EDGE('',*,*,#1999,.T.);
#878=ORIENTED_EDGE('',*,*,#2125,.T.);
#879=ORIENTED_EDGE('',*,*,#2127,.F.);
#880=ORIENTED_EDGE('',*,*,#2115,.T.);
#881=ORIENTED_EDGE('',*,*,#2116,.T.);
#882=ORIENTED_EDGE('',*,*,#1938,.F.);
#883=ORIENTED_EDGE('',*,*,#2128,.F.);
#884=ORIENTED_EDGE('',*,*,#1914,.F.);
#885=ORIENTED_EDGE('',*,*,#2118,.T.);
#886=ORIENTED_EDGE('',*,*,#1911,.F.);
#887=ORIENTED_EDGE('',*,*,#2129,.F.);
#888=ORIENTED_EDGE('',*,*,#2016,.F.);
#889=ORIENTED_EDGE('',*,*,#2015,.F.);
#890=ORIENTED_EDGE('',*,*,#2119,.T.);
#891=ORIENTED_EDGE('',*,*,#2057,.F.);
#892=ORIENTED_EDGE('',*,*,#2130,.F.);
#893=ORIENTED_EDGE('',*,*,#2120,.T.);
#894=ORIENTED_EDGE('',*,*,#2061,.T.);
#895=ORIENTED_EDGE('',*,*,#2121,.T.);
#896=ORIENTED_EDGE('',*,*,#2131,.F.);
#897=ORIENTED_EDGE('',*,*,#2122,.T.);
#898=ORIENTED_EDGE('',*,*,#2124,.T.);
#899=ORIENTED_EDGE('',*,*,#2123,.T.);
#900=ORIENTED_EDGE('',*,*,#2132,.F.);
#901=ORIENTED_EDGE('',*,*,#2069,.T.);
#902=ORIENTED_EDGE('',*,*,#2133,.F.);
#903=ORIENTED_EDGE('',*,*,#2073,.F.);
#904=ORIENTED_EDGE('',*,*,#2134,.F.);
#905=ORIENTED_EDGE('',*,*,#2135,.F.);
#906=ORIENTED_EDGE('',*,*,#1996,.F.);
#907=ORIENTED_EDGE('',*,*,#2133,.T.);
#908=ORIENTED_EDGE('',*,*,#2136,.F.);
#909=ORIENTED_EDGE('',*,*,#2126,.T.);
#910=ORIENTED_EDGE('',*,*,#2137,.F.);
#911=ORIENTED_EDGE('',*,*,#1921,.F.);
#912=ORIENTED_EDGE('',*,*,#2138,.F.);
#913=ORIENTED_EDGE('',*,*,#1993,.F.);
#914=ORIENTED_EDGE('',*,*,#2127,.T.);
#915=ORIENTED_EDGE('',*,*,#1922,.F.);
#916=ORIENTED_EDGE('',*,*,#2139,.F.);
#917=ORIENTED_EDGE('',*,*,#1930,.F.);
#918=ORIENTED_EDGE('',*,*,#2129,.T.);
#919=ORIENTED_EDGE('',*,*,#2128,.T.);
#920=ORIENTED_EDGE('',*,*,#2140,.F.);
#921=ORIENTED_EDGE('',*,*,#2017,.T.);
#922=ORIENTED_EDGE('',*,*,#2130,.T.);
#923=ORIENTED_EDGE('',*,*,#2056,.F.);
#924=ORIENTED_EDGE('',*,*,#2141,.F.);
#925=ORIENTED_EDGE('',*,*,#1954,.F.);
#926=ORIENTED_EDGE('',*,*,#2131,.T.);
#927=ORIENTED_EDGE('',*,*,#1955,.F.);
#928=ORIENTED_EDGE('',*,*,#2142,.F.);
#929=ORIENTED_EDGE('',*,*,#1968,.F.);
#930=ORIENTED_EDGE('',*,*,#2132,.T.);
#931=ORIENTED_EDGE('',*,*,#1965,.F.);
#932=ORIENTED_EDGE('',*,*,#2143,.F.);
#933=ORIENTED_EDGE('',*,*,#2070,.F.);
#934=ORIENTED_EDGE('',*,*,#2134,.T.);
#935=ORIENTED_EDGE('',*,*,#2072,.F.);
#936=ORIENTED_EDGE('',*,*,#2144,.F.);
#937=ORIENTED_EDGE('',*,*,#1946,.F.);
#938=ORIENTED_EDGE('',*,*,#2145,.F.);
#939=ORIENTED_EDGE('',*,*,#1920,.F.);
#940=ORIENTED_EDGE('',*,*,#2136,.T.);
#941=ORIENTED_EDGE('',*,*,#2135,.T.);
#942=ORIENTED_EDGE('',*,*,#1945,.F.);
#943=ORIENTED_EDGE('',*,*,#2146,.F.);
#944=ORIENTED_EDGE('',*,*,#2138,.T.);
#945=ORIENTED_EDGE('',*,*,#2145,.T.);
#946=ORIENTED_EDGE('',*,*,#2147,.F.);
#947=ORIENTED_EDGE('',*,*,#1994,.F.);
#948=ORIENTED_EDGE('',*,*,#2137,.T.);
#949=ORIENTED_EDGE('',*,*,#1992,.T.);
#950=ORIENTED_EDGE('',*,*,#2148,.F.);
#951=ORIENTED_EDGE('',*,*,#2139,.T.);
#952=ORIENTED_EDGE('',*,*,#2140,.T.);
#953=ORIENTED_EDGE('',*,*,#1937,.F.);
#954=ORIENTED_EDGE('',*,*,#2149,.F.);
#955=ORIENTED_EDGE('',*,*,#2018,.F.);
#956=ORIENTED_EDGE('',*,*,#2141,.T.);
#957=ORIENTED_EDGE('',*,*,#2055,.T.);
#958=ORIENTED_EDGE('',*,*,#2150,.F.);
#959=ORIENTED_EDGE('',*,*,#2142,.T.);
#960=ORIENTED_EDGE('',*,*,#2071,.T.);
#961=ORIENTED_EDGE('',*,*,#2143,.T.);
#962=ORIENTED_EDGE('',*,*,#2151,.F.);
#963=ORIENTED_EDGE('',*,*,#2144,.T.);
#964=ORIENTED_EDGE('',*,*,#2147,.T.);
#965=ORIENTED_EDGE('',*,*,#2146,.T.);
#966=ORIENTED_EDGE('',*,*,#2152,.F.);
#967=ORIENTED_EDGE('',*,*,#2074,.F.);
#968=ORIENTED_EDGE('',*,*,#2148,.T.);
#969=ORIENTED_EDGE('',*,*,#1991,.F.);
#970=ORIENTED_EDGE('',*,*,#2153,.F.);
#971=ORIENTED_EDGE('',*,*,#1931,.F.);
#972=ORIENTED_EDGE('',*,*,#2019,.F.);
#973=ORIENTED_EDGE('',*,*,#2149,.T.);
#974=ORIENTED_EDGE('',*,*,#2154,.F.);
#975=ORIENTED_EDGE('',*,*,#1906,.F.);
#976=ORIENTED_EDGE('',*,*,#2150,.T.);
#977=ORIENTED_EDGE('',*,*,#2054,.F.);
#978=ORIENTED_EDGE('',*,*,#2155,.F.);
#979=ORIENTED_EDGE('',*,*,#1969,.F.);
#980=ORIENTED_EDGE('',*,*,#2151,.T.);
#981=ORIENTED_EDGE('',*,*,#1976,.F.);
#982=ORIENTED_EDGE('',*,*,#2156,.F.);
#983=ORIENTED_EDGE('',*,*,#1947,.F.);
#984=ORIENTED_EDGE('',*,*,#2152,.T.);
#985=ORIENTED_EDGE('',*,*,#1944,.F.);
#986=ORIENTED_EDGE('',*,*,#2157,.F.);
#987=ORIENTED_EDGE('',*,*,#2076,.F.);
#988=ORIENTED_EDGE('',*,*,#2075,.F.);
#989=ORIENTED_EDGE('',*,*,#2158,.F.);
#990=ORIENTED_EDGE('',*,*,#1989,.F.);
#991=ORIENTED_EDGE('',*,*,#1988,.F.);
#992=ORIENTED_EDGE('',*,*,#2159,.F.);
#993=ORIENTED_EDGE('',*,*,#1923,.F.);
#994=ORIENTED_EDGE('',*,*,#1990,.T.);
#995=ORIENTED_EDGE('',*,*,#2158,.T.);
#996=ORIENTED_EDGE('',*,*,#2160,.F.);
#997=ORIENTED_EDGE('',*,*,#2153,.T.);
#998=ORIENTED_EDGE('',*,*,#2154,.T.);
#999=ORIENTED_EDGE('',*,*,#1936,.F.);
#1000=ORIENTED_EDGE('',*,*,#2161,.F.);
#1001=ORIENTED_EDGE('',*,*,#1907,.F.);
#1002=ORIENTED_EDGE('',*,*,#2053,.F.);
#1003=ORIENTED_EDGE('',*,*,#1957,.F.);
#1004=ORIENTED_EDGE('',*,*,#2162,.F.);
#1005=ORIENTED_EDGE('',*,*,#2155,.T.);
#1006=ORIENTED_EDGE('',*,*,#2157,.T.);
#1007=ORIENTED_EDGE('',*,*,#2156,.T.);
#1008=ORIENTED_EDGE('',*,*,#2163,.F.);
#1009=ORIENTED_EDGE('',*,*,#2077,.T.);
#1010=ORIENTED_EDGE('',*,*,#2164,.F.);
#1011=ORIENTED_EDGE('',*,*,#2038,.F.);
#1012=ORIENTED_EDGE('',*,*,#2165,.F.);
#1013=ORIENTED_EDGE('',*,*,#2166,.F.);
#1014=ORIENTED_EDGE('',*,*,#1987,.F.);
#1015=ORIENTED_EDGE('',*,*,#2164,.T.);
#1016=ORIENTED_EDGE('',*,*,#2167,.F.);
#1017=ORIENTED_EDGE('',*,*,#2159,.T.);
#1018=ORIENTED_EDGE('',*,*,#2168,.F.);
#1019=ORIENTED_EDGE('',*,*,#1925,.F.);
#1020=ORIENTED_EDGE('',*,*,#2169,.F.);
#1021=ORIENTED_EDGE('',*,*,#2033,.F.);
#1022=ORIENTED_EDGE('',*,*,#2160,.T.);
#1023=ORIENTED_EDGE('',*,*,#1926,.F.);
#1024=ORIENTED_EDGE('',*,*,#2170,.F.);
#1025=ORIENTED_EDGE('',*,*,#1932,.F.);
#1026=ORIENTED_EDGE('',*,*,#1908,.F.);
#1027=ORIENTED_EDGE('',*,*,#2161,.T.);
#1028=ORIENTED_EDGE('',*,*,#2171,.F.);
#1029=ORIENTED_EDGE('',*,*,#2021,.F.);
#1030=ORIENTED_EDGE('',*,*,#2162,.T.);
#1031=ORIENTED_EDGE('',*,*,#1956,.F.);
#1032=ORIENTED_EDGE('',*,*,#2172,.F.);
#1033=ORIENTED_EDGE('',*,*,#1970,.F.);
#1034=ORIENTED_EDGE('',*,*,#2163,.T.);
#1035=ORIENTED_EDGE('',*,*,#1975,.F.);
#1036=ORIENTED_EDGE('',*,*,#2173,.F.);
#1037=ORIENTED_EDGE('',*,*,#2078,.F.);
#1038=ORIENTED_EDGE('',*,*,#2165,.T.);
#1039=ORIENTED_EDGE('',*,*,#2037,.F.);
#1040=ORIENTED_EDGE('',*,*,#2174,.F.);
#1041=ORIENTED_EDGE('',*,*,#1942,.F.);
#1042=ORIENTED_EDGE('',*,*,#2175,.F.);
#1043=ORIENTED_EDGE('',*,*,#1924,.F.);
#1044=ORIENTED_EDGE('',*,*,#2167,.T.);
#1045=ORIENTED_EDGE('',*,*,#2166,.T.);
#1046=ORIENTED_EDGE('',*,*,#1941,.F.);
#1047=ORIENTED_EDGE('',*,*,#2176,.F.);
#1048=ORIENTED_EDGE('',*,*,#2169,.T.);
#1049=ORIENTED_EDGE('',*,*,#2175,.T.);
#1050=ORIENTED_EDGE('',*,*,#2177,.F.);
#1051=ORIENTED_EDGE('',*,*,#2034,.F.);
#1052=ORIENTED_EDGE('',*,*,#2168,.T.);
#1053=ORIENTED_EDGE('',*,*,#2032,.T.);
#1054=ORIENTED_EDGE('',*,*,#2178,.F.);
#1055=ORIENTED_EDGE('',*,*,#2170,.T.);
#1056=ORIENTED_EDGE('',*,*,#2171,.T.);
#1057=ORIENTED_EDGE('',*,*,#1935,.F.);
#1058=ORIENTED_EDGE('',*,*,#2179,.F.);
#1059=ORIENTED_EDGE('',*,*,#2022,.F.);
#1060=ORIENTED_EDGE('',*,*,#1960,.F.);
#1061=ORIENTED_EDGE('',*,*,#2052,.F.);
#1062=ORIENTED_EDGE('',*,*,#2180,.F.);
#1063=ORIENTED_EDGE('',*,*,#2172,.T.);
#1064=ORIENTED_EDGE('',*,*,#2079,.T.);
#1065=ORIENTED_EDGE('',*,*,#2173,.T.);
#1066=ORIENTED_EDGE('',*,*,#2181,.F.);
#1067=ORIENTED_EDGE('',*,*,#2174,.T.);
#1068=ORIENTED_EDGE('',*,*,#2177,.T.);
#1069=ORIENTED_EDGE('',*,*,#2176,.T.);
#1070=ORIENTED_EDGE('',*,*,#2182,.F.);
#1071=ORIENTED_EDGE('',*,*,#2039,.F.);
#1072=ORIENTED_EDGE('',*,*,#2178,.T.);
#1073=ORIENTED_EDGE('',*,*,#2031,.F.);
#1074=ORIENTED_EDGE('',*,*,#2183,.F.);
#1075=ORIENTED_EDGE('',*,*,#1933,.F.);
#1076=ORIENTED_EDGE('',*,*,#2184,.F.);
#1077=ORIENTED_EDGE('',*,*,#1934,.F.);
#1078=ORIENTED_EDGE('',*,*,#2185,.F.);
#1079=ORIENTED_EDGE('',*,*,#1904,.F.);
#1080=ORIENTED_EDGE('',*,*,#2179,.T.);
#1081=ORIENTED_EDGE('',*,*,#2184,.T.);
#1082=ORIENTED_EDGE('',*,*,#2186,.F.);
#1083=ORIENTED_EDGE('',*,*,#2023,.T.);
#1084=ORIENTED_EDGE('',*,*,#2180,.T.);
#1085=ORIENTED_EDGE('',*,*,#2051,.F.);
#1086=ORIENTED_EDGE('',*,*,#2187,.F.);
#1087=ORIENTED_EDGE('',*,*,#1971,.F.);
#1088=ORIENTED_EDGE('',*,*,#2181,.T.);
#1089=ORIENTED_EDGE('',*,*,#1974,.F.);
#1090=ORIENTED_EDGE('',*,*,#2188,.F.);
#1091=ORIENTED_EDGE('',*,*,#1943,.F.);
#1092=ORIENTED_EDGE('',*,*,#2182,.T.);
#1093=ORIENTED_EDGE('',*,*,#1940,.F.);
#1094=ORIENTED_EDGE('',*,*,#2189,.F.);
#1095=ORIENTED_EDGE('',*,*,#2041,.F.);
#1096=ORIENTED_EDGE('',*,*,#2040,.F.);
#1097=ORIENTED_EDGE('',*,*,#2183,.T.);
#1098=ORIENTED_EDGE('',*,*,#2030,.T.);
#1099=ORIENTED_EDGE('',*,*,#2190,.F.);
#1100=ORIENTED_EDGE('',*,*,#2185,.T.);
#1101=ORIENTED_EDGE('',*,*,#2186,.T.);
#1102=ORIENTED_EDGE('',*,*,#1903,.F.);
#1103=ORIENTED_EDGE('',*,*,#2191,.F.);
#1104=ORIENTED_EDGE('',*,*,#2024,.F.);
#1105=ORIENTED_EDGE('',*,*,#2192,.F.);
#1106=ORIENTED_EDGE('',*,*,#2049,.F.);
#1107=ORIENTED_EDGE('',*,*,#2048,.F.);
#1108=ORIENTED_EDGE('',*,*,#2193,.F.);
#1109=ORIENTED_EDGE('',*,*,#1961,.F.);
#1110=ORIENTED_EDGE('',*,*,#2050,.T.);
#1111=ORIENTED_EDGE('',*,*,#2192,.T.);
#1112=ORIENTED_EDGE('',*,*,#2194,.F.);
#1113=ORIENTED_EDGE('',*,*,#2187,.T.);
#1114=ORIENTED_EDGE('',*,*,#2189,.T.);
#1115=ORIENTED_EDGE('',*,*,#2188,.T.);
#1116=ORIENTED_EDGE('',*,*,#2195,.F.);
#1117=ORIENTED_EDGE('',*,*,#2042,.T.);
#1118=ORIENTED_EDGE('',*,*,#2029,.F.);
#1119=ORIENTED_EDGE('',*,*,#2028,.F.);
#1120=ORIENTED_EDGE('',*,*,#2196,.F.);
#1121=ORIENTED_EDGE('',*,*,#1901,.F.);
#1122=ORIENTED_EDGE('',*,*,#2190,.T.);
#1123=ORIENTED_EDGE('',*,*,#2197,.F.);
#1124=ORIENTED_EDGE('',*,*,#2025,.F.);
#1125=ORIENTED_EDGE('',*,*,#2191,.T.);
#1126=ORIENTED_EDGE('',*,*,#2198,.F.);
#1127=ORIENTED_EDGE('',*,*,#2047,.F.);
#1128=ORIENTED_EDGE('',*,*,#2197,.T.);
#1129=ORIENTED_EDGE('',*,*,#2199,.F.);
#1130=ORIENTED_EDGE('',*,*,#2193,.T.);
#1131=ORIENTED_EDGE('',*,*,#2194,.T.);
#1132=ORIENTED_EDGE('',*,*,#1964,.F.);
#1133=ORIENTED_EDGE('',*,*,#2200,.F.);
#1134=ORIENTED_EDGE('',*,*,#1972,.F.);
#1135=ORIENTED_EDGE('',*,*,#2195,.T.);
#1136=ORIENTED_EDGE('',*,*,#1973,.F.);
#1137=ORIENTED_EDGE('',*,*,#2201,.F.);
#1138=ORIENTED_EDGE('',*,*,#2043,.F.);
#1139=ORIENTED_EDGE('',*,*,#2202,.F.);
#1140=ORIENTED_EDGE('',*,*,#2196,.T.);
#1141=ORIENTED_EDGE('',*,*,#2027,.F.);
#1142=ORIENTED_EDGE('',*,*,#2203,.F.);
#1143=ORIENTED_EDGE('',*,*,#1902,.F.);
#1144=ORIENTED_EDGE('',*,*,#2202,.T.);
#1145=ORIENTED_EDGE('',*,*,#2204,.F.);
#1146=ORIENTED_EDGE('',*,*,#1962,.F.);
#1147=ORIENTED_EDGE('',*,*,#2199,.T.);
#1148=ORIENTED_EDGE('',*,*,#2198,.T.);
#1149=ORIENTED_EDGE('',*,*,#2201,.T.);
#1150=ORIENTED_EDGE('',*,*,#2200,.T.);
#1151=ORIENTED_EDGE('',*,*,#2205,.F.);
#1152=ORIENTED_EDGE('',*,*,#2044,.T.);
#1153=ORIENTED_EDGE('',*,*,#2203,.T.);
#1154=ORIENTED_EDGE('',*,*,#2046,.F.);
#1155=ORIENTED_EDGE('',*,*,#2206,.F.);
#1156=ORIENTED_EDGE('',*,*,#2204,.T.);
#1157=ORIENTED_EDGE('',*,*,#2205,.T.);
#1158=ORIENTED_EDGE('',*,*,#1963,.F.);
#1159=ORIENTED_EDGE('',*,*,#2206,.T.);
#1160=ORIENTED_EDGE('',*,*,#2045,.F.);
#1161=ORIENTED_EDGE('',*,*,#1985,.F.);
#1162=ORIENTED_EDGE('',*,*,#1977,.F.);
#1163=ORIENTED_EDGE('',*,*,#1939,.F.);
#1164=ORIENTED_EDGE('',*,*,#1900,.F.);
#1165=ORIENTED_EDGE('',*,*,#2207,.T.);
#1166=ORIENTED_EDGE('',*,*,#2208,.T.);
#1167=ORIENTED_EDGE('',*,*,#2209,.T.);
#1168=ORIENTED_EDGE('',*,*,#2210,.T.);
#1169=ORIENTED_EDGE('',*,*,#2211,.T.);
#1170=ORIENTED_EDGE('',*,*,#2212,.T.);
#1171=ORIENTED_EDGE('',*,*,#2213,.T.);
#1172=ORIENTED_EDGE('',*,*,#2214,.T.);
#1173=ORIENTED_EDGE('',*,*,#2215,.T.);
#1174=ORIENTED_EDGE('',*,*,#2216,.F.);
#1175=ORIENTED_EDGE('',*,*,#2217,.T.);
#1176=ORIENTED_EDGE('',*,*,#2218,.T.);
#1177=ORIENTED_EDGE('',*,*,#2219,.T.);
#1178=ORIENTED_EDGE('',*,*,#2220,.T.);
#1179=ORIENTED_EDGE('',*,*,#2221,.T.);
#1180=ORIENTED_EDGE('',*,*,#2222,.F.);
#1181=ORIENTED_EDGE('',*,*,#2223,.T.);
#1182=ORIENTED_EDGE('',*,*,#2224,.F.);
#1183=ORIENTED_EDGE('',*,*,#2225,.T.);
#1184=ORIENTED_EDGE('',*,*,#2226,.T.);
#1185=ORIENTED_EDGE('',*,*,#2227,.T.);
#1186=ORIENTED_EDGE('',*,*,#2228,.T.);
#1187=ORIENTED_EDGE('',*,*,#2229,.T.);
#1188=ORIENTED_EDGE('',*,*,#2230,.F.);
#1189=ORIENTED_EDGE('',*,*,#2231,.T.);
#1190=ORIENTED_EDGE('',*,*,#2232,.F.);
#1191=ORIENTED_EDGE('',*,*,#2233,.T.);
#1192=ORIENTED_EDGE('',*,*,#2234,.T.);
#1193=ORIENTED_EDGE('',*,*,#2235,.T.);
#1194=ORIENTED_EDGE('',*,*,#2236,.T.);
#1195=ORIENTED_EDGE('',*,*,#2237,.T.);
#1196=ORIENTED_EDGE('',*,*,#2238,.F.);
#1197=ORIENTED_EDGE('',*,*,#2239,.T.);
#1198=ORIENTED_EDGE('',*,*,#2240,.F.);
#1199=ORIENTED_EDGE('',*,*,#2241,.T.);
#1200=ORIENTED_EDGE('',*,*,#2242,.T.);
#1201=ORIENTED_EDGE('',*,*,#2243,.T.);
#1202=ORIENTED_EDGE('',*,*,#2244,.T.);
#1203=ORIENTED_EDGE('',*,*,#2245,.T.);
#1204=ORIENTED_EDGE('',*,*,#2246,.F.);
#1205=ORIENTED_EDGE('',*,*,#2247,.T.);
#1206=ORIENTED_EDGE('',*,*,#2248,.F.);
#1207=ORIENTED_EDGE('',*,*,#2249,.T.);
#1208=ORIENTED_EDGE('',*,*,#2250,.T.);
#1209=ORIENTED_EDGE('',*,*,#2251,.T.);
#1210=ORIENTED_EDGE('',*,*,#2252,.T.);
#1211=ORIENTED_EDGE('',*,*,#2253,.T.);
#1212=ORIENTED_EDGE('',*,*,#2254,.F.);
#1213=ORIENTED_EDGE('',*,*,#2255,.T.);
#1214=ORIENTED_EDGE('',*,*,#2256,.F.);
#1215=ORIENTED_EDGE('',*,*,#2257,.T.);
#1216=ORIENTED_EDGE('',*,*,#2258,.T.);
#1217=ORIENTED_EDGE('',*,*,#2259,.T.);
#1218=ORIENTED_EDGE('',*,*,#2260,.T.);
#1219=ORIENTED_EDGE('',*,*,#2261,.T.);
#1220=ORIENTED_EDGE('',*,*,#2262,.F.);
#1221=ORIENTED_EDGE('',*,*,#2263,.T.);
#1222=ORIENTED_EDGE('',*,*,#2264,.F.);
#1223=ORIENTED_EDGE('',*,*,#2265,.T.);
#1224=ORIENTED_EDGE('',*,*,#2266,.F.);
#1225=ORIENTED_EDGE('',*,*,#2267,.F.);
#1226=ORIENTED_EDGE('',*,*,#2268,.F.);
#1227=ORIENTED_EDGE('',*,*,#2269,.F.);
#1228=ORIENTED_EDGE('',*,*,#2270,.F.);
#1229=ORIENTED_EDGE('',*,*,#2271,.F.);
#1230=ORIENTED_EDGE('',*,*,#2272,.F.);
#1231=ORIENTED_EDGE('',*,*,#2273,.F.);
#1232=ORIENTED_EDGE('',*,*,#2274,.F.);
#1233=ORIENTED_EDGE('',*,*,#2275,.F.);
#1234=ORIENTED_EDGE('',*,*,#2276,.F.);
#1235=ORIENTED_EDGE('',*,*,#2277,.F.);
#1236=ORIENTED_EDGE('',*,*,#2278,.F.);
#1237=ORIENTED_EDGE('',*,*,#2279,.F.);
#1238=ORIENTED_EDGE('',*,*,#2280,.F.);
#1239=ORIENTED_EDGE('',*,*,#2281,.F.);
#1240=ORIENTED_EDGE('',*,*,#2282,.F.);
#1241=ORIENTED_EDGE('',*,*,#2283,.F.);
#1242=ORIENTED_EDGE('',*,*,#2284,.F.);
#1243=ORIENTED_EDGE('',*,*,#2285,.F.);
#1244=ORIENTED_EDGE('',*,*,#2286,.F.);
#1245=ORIENTED_EDGE('',*,*,#2287,.F.);
#1246=ORIENTED_EDGE('',*,*,#2288,.F.);
#1247=ORIENTED_EDGE('',*,*,#2289,.F.);
#1248=ORIENTED_EDGE('',*,*,#2290,.F.);
#1249=ORIENTED_EDGE('',*,*,#2291,.F.);
#1250=ORIENTED_EDGE('',*,*,#2292,.F.);
#1251=ORIENTED_EDGE('',*,*,#2293,.F.);
#1252=ORIENTED_EDGE('',*,*,#2294,.F.);
#1253=ORIENTED_EDGE('',*,*,#2295,.F.);
#1254=ORIENTED_EDGE('',*,*,#2296,.F.);
#1255=ORIENTED_EDGE('',*,*,#2297,.F.);
#1256=ORIENTED_EDGE('',*,*,#2298,.F.);
#1257=ORIENTED_EDGE('',*,*,#2299,.F.);
#1258=ORIENTED_EDGE('',*,*,#2300,.F.);
#1259=ORIENTED_EDGE('',*,*,#2301,.F.);
#1260=ORIENTED_EDGE('',*,*,#2302,.F.);
#1261=ORIENTED_EDGE('',*,*,#2303,.F.);
#1262=ORIENTED_EDGE('',*,*,#2304,.F.);
#1263=ORIENTED_EDGE('',*,*,#2305,.F.);
#1264=ORIENTED_EDGE('',*,*,#2306,.T.);
#1265=ORIENTED_EDGE('',*,*,#2307,.T.);
#1266=ORIENTED_EDGE('',*,*,#2308,.T.);
#1267=ORIENTED_EDGE('',*,*,#2309,.T.);
#1268=ORIENTED_EDGE('',*,*,#2310,.T.);
#1269=ORIENTED_EDGE('',*,*,#2311,.T.);
#1270=ORIENTED_EDGE('',*,*,#2312,.T.);
#1271=ORIENTED_EDGE('',*,*,#2313,.T.);
#1272=ORIENTED_EDGE('',*,*,#2314,.T.);
#1273=ORIENTED_EDGE('',*,*,#2315,.F.);
#1274=ORIENTED_EDGE('',*,*,#2316,.T.);
#1275=ORIENTED_EDGE('',*,*,#2317,.F.);
#1276=ORIENTED_EDGE('',*,*,#2318,.T.);
#1277=ORIENTED_EDGE('',*,*,#2319,.T.);
#1278=ORIENTED_EDGE('',*,*,#2320,.T.);
#1279=ORIENTED_EDGE('',*,*,#2321,.T.);
#1280=ORIENTED_EDGE('',*,*,#2322,.T.);
#1281=ORIENTED_EDGE('',*,*,#2323,.F.);
#1282=ORIENTED_EDGE('',*,*,#2324,.T.);
#1283=ORIENTED_EDGE('',*,*,#2325,.F.);
#1284=ORIENTED_EDGE('',*,*,#2326,.T.);
#1285=ORIENTED_EDGE('',*,*,#2327,.T.);
#1286=ORIENTED_EDGE('',*,*,#2328,.T.);
#1287=ORIENTED_EDGE('',*,*,#2329,.T.);
#1288=ORIENTED_EDGE('',*,*,#2330,.T.);
#1289=ORIENTED_EDGE('',*,*,#2331,.F.);
#1290=ORIENTED_EDGE('',*,*,#2332,.T.);
#1291=ORIENTED_EDGE('',*,*,#2333,.F.);
#1292=ORIENTED_EDGE('',*,*,#2334,.T.);
#1293=ORIENTED_EDGE('',*,*,#2335,.T.);
#1294=ORIENTED_EDGE('',*,*,#2336,.T.);
#1295=ORIENTED_EDGE('',*,*,#2337,.T.);
#1296=ORIENTED_EDGE('',*,*,#2338,.T.);
#1297=ORIENTED_EDGE('',*,*,#2339,.F.);
#1298=ORIENTED_EDGE('',*,*,#2340,.T.);
#1299=ORIENTED_EDGE('',*,*,#2341,.F.);
#1300=ORIENTED_EDGE('',*,*,#2342,.T.);
#1301=ORIENTED_EDGE('',*,*,#2343,.T.);
#1302=ORIENTED_EDGE('',*,*,#2344,.T.);
#1303=ORIENTED_EDGE('',*,*,#2345,.T.);
#1304=ORIENTED_EDGE('',*,*,#2346,.T.);
#1305=ORIENTED_EDGE('',*,*,#2347,.F.);
#1306=ORIENTED_EDGE('',*,*,#2348,.T.);
#1307=ORIENTED_EDGE('',*,*,#2349,.F.);
#1308=ORIENTED_EDGE('',*,*,#2350,.T.);
#1309=ORIENTED_EDGE('',*,*,#2351,.T.);
#1310=ORIENTED_EDGE('',*,*,#2352,.T.);
#1311=ORIENTED_EDGE('',*,*,#2353,.T.);
#1312=ORIENTED_EDGE('',*,*,#2354,.T.);
#1313=ORIENTED_EDGE('',*,*,#2355,.F.);
#1314=ORIENTED_EDGE('',*,*,#2356,.T.);
#1315=ORIENTED_EDGE('',*,*,#2357,.F.);
#1316=ORIENTED_EDGE('',*,*,#2358,.T.);
#1317=ORIENTED_EDGE('',*,*,#2359,.T.);
#1318=ORIENTED_EDGE('',*,*,#2360,.T.);
#1319=ORIENTED_EDGE('',*,*,#2361,.T.);
#1320=ORIENTED_EDGE('',*,*,#2362,.T.);
#1321=ORIENTED_EDGE('',*,*,#2363,.F.);
#1322=ORIENTED_EDGE('',*,*,#2364,.T.);
#1323=ORIENTED_EDGE('',*,*,#2365,.F.);
#1324=ORIENTED_EDGE('',*,*,#2366,.F.);
#1325=ORIENTED_EDGE('',*,*,#2367,.F.);
#1326=ORIENTED_EDGE('',*,*,#2368,.F.);
#1327=ORIENTED_EDGE('',*,*,#2369,.F.);
#1328=ORIENTED_EDGE('',*,*,#2370,.F.);
#1329=ORIENTED_EDGE('',*,*,#2371,.F.);
#1330=ORIENTED_EDGE('',*,*,#2372,.F.);
#1331=ORIENTED_EDGE('',*,*,#2373,.F.);
#1332=ORIENTED_EDGE('',*,*,#2374,.F.);
#1333=ORIENTED_EDGE('',*,*,#2375,.F.);
#1334=ORIENTED_EDGE('',*,*,#2376,.F.);
#1335=ORIENTED_EDGE('',*,*,#2377,.F.);
#1336=ORIENTED_EDGE('',*,*,#2378,.F.);
#1337=ORIENTED_EDGE('',*,*,#2256,.T.);
#1338=ORIENTED_EDGE('',*,*,#2379,.T.);
#1339=ORIENTED_EDGE('',*,*,#2319,.F.);
#1340=ORIENTED_EDGE('',*,*,#2380,.T.);
#1341=ORIENTED_EDGE('',*,*,#2258,.F.);
#1342=ORIENTED_EDGE('',*,*,#2381,.T.);
#1343=ORIENTED_EDGE('',*,*,#2317,.T.);
#1344=ORIENTED_EDGE('',*,*,#2382,.T.);
#1345=ORIENTED_EDGE('',*,*,#2260,.F.);
#1346=ORIENTED_EDGE('',*,*,#2383,.T.);
#1347=ORIENTED_EDGE('',*,*,#2323,.T.);
#1348=ORIENTED_EDGE('',*,*,#2384,.T.);
#1349=ORIENTED_EDGE('',*,*,#2327,.F.);
#1350=ORIENTED_EDGE('',*,*,#2385,.T.);
#1351=ORIENTED_EDGE('',*,*,#2248,.T.);
#1352=ORIENTED_EDGE('',*,*,#2386,.T.);
#1353=ORIENTED_EDGE('',*,*,#2250,.F.);
#1354=ORIENTED_EDGE('',*,*,#2387,.T.);
#1355=ORIENTED_EDGE('',*,*,#2325,.T.);
#1356=ORIENTED_EDGE('',*,*,#2388,.T.);
#1357=ORIENTED_EDGE('',*,*,#2252,.F.);
#1358=ORIENTED_EDGE('',*,*,#2389,.T.);
#1359=ORIENTED_EDGE('',*,*,#2331,.T.);
#1360=ORIENTED_EDGE('',*,*,#2390,.T.);
#1361=ORIENTED_EDGE('',*,*,#2335,.F.);
#1362=ORIENTED_EDGE('',*,*,#2391,.T.);
#1363=ORIENTED_EDGE('',*,*,#2240,.T.);
#1364=ORIENTED_EDGE('',*,*,#2392,.T.);
#1365=ORIENTED_EDGE('',*,*,#2242,.F.);
#1366=ORIENTED_EDGE('',*,*,#2393,.T.);
#1367=ORIENTED_EDGE('',*,*,#2333,.T.);
#1368=ORIENTED_EDGE('',*,*,#2394,.T.);
#1369=ORIENTED_EDGE('',*,*,#2244,.F.);
#1370=ORIENTED_EDGE('',*,*,#2395,.T.);
#1371=ORIENTED_EDGE('',*,*,#2339,.T.);
#1372=ORIENTED_EDGE('',*,*,#2396,.T.);
#1373=ORIENTED_EDGE('',*,*,#2343,.F.);
#1374=ORIENTED_EDGE('',*,*,#2397,.T.);
#1375=ORIENTED_EDGE('',*,*,#2232,.T.);
#1376=ORIENTED_EDGE('',*,*,#2398,.T.);
#1377=ORIENTED_EDGE('',*,*,#2234,.F.);
#1378=ORIENTED_EDGE('',*,*,#2399,.T.);
#1379=ORIENTED_EDGE('',*,*,#2341,.T.);
#1380=ORIENTED_EDGE('',*,*,#2400,.T.);
#1381=ORIENTED_EDGE('',*,*,#2236,.F.);
#1382=ORIENTED_EDGE('',*,*,#2401,.T.);
#1383=ORIENTED_EDGE('',*,*,#2347,.T.);
#1384=ORIENTED_EDGE('',*,*,#2402,.T.);
#1385=ORIENTED_EDGE('',*,*,#2351,.F.);
#1386=ORIENTED_EDGE('',*,*,#2403,.T.);
#1387=ORIENTED_EDGE('',*,*,#2224,.T.);
#1388=ORIENTED_EDGE('',*,*,#2404,.T.);
#1389=ORIENTED_EDGE('',*,*,#2226,.F.);
#1390=ORIENTED_EDGE('',*,*,#2405,.T.);
#1391=ORIENTED_EDGE('',*,*,#2349,.T.);
#1392=ORIENTED_EDGE('',*,*,#2406,.T.);
#1393=ORIENTED_EDGE('',*,*,#2228,.F.);
#1394=ORIENTED_EDGE('',*,*,#2407,.T.);
#1395=ORIENTED_EDGE('',*,*,#2355,.T.);
#1396=ORIENTED_EDGE('',*,*,#2408,.T.);
#1397=ORIENTED_EDGE('',*,*,#2359,.F.);
#1398=ORIENTED_EDGE('',*,*,#2409,.T.);
#1399=ORIENTED_EDGE('',*,*,#2216,.T.);
#1400=ORIENTED_EDGE('',*,*,#2410,.T.);
#1401=ORIENTED_EDGE('',*,*,#2218,.F.);
#1402=ORIENTED_EDGE('',*,*,#2411,.T.);
#1403=ORIENTED_EDGE('',*,*,#2357,.T.);
#1404=ORIENTED_EDGE('',*,*,#2412,.T.);
#1405=ORIENTED_EDGE('',*,*,#2220,.F.);
#1406=ORIENTED_EDGE('',*,*,#2413,.T.);
#1407=ORIENTED_EDGE('',*,*,#2363,.T.);
#1408=ORIENTED_EDGE('',*,*,#2414,.T.);
#1409=ORIENTED_EDGE('',*,*,#2264,.T.);
#1410=ORIENTED_EDGE('',*,*,#2316,.F.);
#1411=ORIENTED_EDGE('',*,*,#2321,.F.);
#1412=ORIENTED_EDGE('',*,*,#2415,.T.);
#1413=ORIENTED_EDGE('',*,*,#2262,.T.);
#1414=ORIENTED_EDGE('',*,*,#2416,.T.);
#1415=ORIENTED_EDGE('',*,*,#2329,.F.);
#1416=ORIENTED_EDGE('',*,*,#2417,.T.);
#1417=ORIENTED_EDGE('',*,*,#2254,.T.);
#1418=ORIENTED_EDGE('',*,*,#2418,.T.);
#1419=ORIENTED_EDGE('',*,*,#2337,.F.);
#1420=ORIENTED_EDGE('',*,*,#2419,.T.);
#1421=ORIENTED_EDGE('',*,*,#2246,.T.);
#1422=ORIENTED_EDGE('',*,*,#2420,.T.);
#1423=ORIENTED_EDGE('',*,*,#2345,.F.);
#1424=ORIENTED_EDGE('',*,*,#2421,.T.);
#1425=ORIENTED_EDGE('',*,*,#2238,.T.);
#1426=ORIENTED_EDGE('',*,*,#2422,.T.);
#1427=ORIENTED_EDGE('',*,*,#2353,.F.);
#1428=ORIENTED_EDGE('',*,*,#2423,.T.);
#1429=ORIENTED_EDGE('',*,*,#2230,.T.);
#1430=ORIENTED_EDGE('',*,*,#2424,.T.);
#1431=ORIENTED_EDGE('',*,*,#2361,.F.);
#1432=ORIENTED_EDGE('',*,*,#2425,.T.);
#1433=ORIENTED_EDGE('',*,*,#2222,.T.);
#1434=ORIENTED_EDGE('',*,*,#2426,.T.);
#1435=ORIENTED_EDGE('',*,*,#2265,.F.);
#1436=ORIENTED_EDGE('',*,*,#2315,.T.);
#1437=ORIENTED_EDGE('',*,*,#2259,.F.);
#1438=ORIENTED_EDGE('',*,*,#2382,.F.);
#1439=ORIENTED_EDGE('',*,*,#2324,.F.);
#1440=ORIENTED_EDGE('',*,*,#2383,.F.);
#1441=ORIENTED_EDGE('',*,*,#2261,.F.);
#1442=ORIENTED_EDGE('',*,*,#2384,.F.);
#1443=ORIENTED_EDGE('',*,*,#2322,.F.);
#1444=ORIENTED_EDGE('',*,*,#2416,.F.);
#1445=ORIENTED_EDGE('',*,*,#2219,.F.);
#1446=ORIENTED_EDGE('',*,*,#2412,.F.);
#1447=ORIENTED_EDGE('',*,*,#2364,.F.);
#1448=ORIENTED_EDGE('',*,*,#2413,.F.);
#1449=ORIENTED_EDGE('',*,*,#2221,.F.);
#1450=ORIENTED_EDGE('',*,*,#2414,.F.);
#1451=ORIENTED_EDGE('',*,*,#2362,.F.);
#1452=ORIENTED_EDGE('',*,*,#2426,.F.);
#1453=ORIENTED_EDGE('',*,*,#2227,.F.);
#1454=ORIENTED_EDGE('',*,*,#2406,.F.);
#1455=ORIENTED_EDGE('',*,*,#2356,.F.);
#1456=ORIENTED_EDGE('',*,*,#2407,.F.);
#1457=ORIENTED_EDGE('',*,*,#2229,.F.);
#1458=ORIENTED_EDGE('',*,*,#2408,.F.);
#1459=ORIENTED_EDGE('',*,*,#2354,.F.);
#1460=ORIENTED_EDGE('',*,*,#2424,.F.);
#1461=ORIENTED_EDGE('',*,*,#2235,.F.);
#1462=ORIENTED_EDGE('',*,*,#2400,.F.);
#1463=ORIENTED_EDGE('',*,*,#2348,.F.);
#1464=ORIENTED_EDGE('',*,*,#2401,.F.);
#1465=ORIENTED_EDGE('',*,*,#2237,.F.);
#1466=ORIENTED_EDGE('',*,*,#2402,.F.);
#1467=ORIENTED_EDGE('',*,*,#2346,.F.);
#1468=ORIENTED_EDGE('',*,*,#2422,.F.);
#1469=ORIENTED_EDGE('',*,*,#2243,.F.);
#1470=ORIENTED_EDGE('',*,*,#2394,.F.);
#1471=ORIENTED_EDGE('',*,*,#2340,.F.);
#1472=ORIENTED_EDGE('',*,*,#2395,.F.);
#1473=ORIENTED_EDGE('',*,*,#2245,.F.);
#1474=ORIENTED_EDGE('',*,*,#2396,.F.);
#1475=ORIENTED_EDGE('',*,*,#2338,.F.);
#1476=ORIENTED_EDGE('',*,*,#2420,.F.);
#1477=ORIENTED_EDGE('',*,*,#2251,.F.);
#1478=ORIENTED_EDGE('',*,*,#2388,.F.);
#1479=ORIENTED_EDGE('',*,*,#2332,.F.);
#1480=ORIENTED_EDGE('',*,*,#2389,.F.);
#1481=ORIENTED_EDGE('',*,*,#2253,.F.);
#1482=ORIENTED_EDGE('',*,*,#2390,.F.);
#1483=ORIENTED_EDGE('',*,*,#2330,.F.);
#1484=ORIENTED_EDGE('',*,*,#2418,.F.);
#1485=ORIENTED_EDGE('',*,*,#2263,.F.);
#1486=ORIENTED_EDGE('',*,*,#2415,.F.);
#1487=ORIENTED_EDGE('',*,*,#2320,.F.);
#1488=ORIENTED_EDGE('',*,*,#2379,.F.);
#1489=ORIENTED_EDGE('',*,*,#2217,.F.);
#1490=ORIENTED_EDGE('',*,*,#2409,.F.);
#1491=ORIENTED_EDGE('',*,*,#2358,.F.);
#1492=ORIENTED_EDGE('',*,*,#2411,.F.);
#1493=ORIENTED_EDGE('',*,*,#2223,.F.);
#1494=ORIENTED_EDGE('',*,*,#2425,.F.);
#1495=ORIENTED_EDGE('',*,*,#2360,.F.);
#1496=ORIENTED_EDGE('',*,*,#2410,.F.);
#1497=ORIENTED_EDGE('',*,*,#2225,.F.);
#1498=ORIENTED_EDGE('',*,*,#2403,.F.);
#1499=ORIENTED_EDGE('',*,*,#2350,.F.);
#1500=ORIENTED_EDGE('',*,*,#2405,.F.);
#1501=ORIENTED_EDGE('',*,*,#2231,.F.);
#1502=ORIENTED_EDGE('',*,*,#2423,.F.);
#1503=ORIENTED_EDGE('',*,*,#2352,.F.);
#1504=ORIENTED_EDGE('',*,*,#2404,.F.);
#1505=ORIENTED_EDGE('',*,*,#2233,.F.);
#1506=ORIENTED_EDGE('',*,*,#2397,.F.);
#1507=ORIENTED_EDGE('',*,*,#2342,.F.);
#1508=ORIENTED_EDGE('',*,*,#2399,.F.);
#1509=ORIENTED_EDGE('',*,*,#2239,.F.);
#1510=ORIENTED_EDGE('',*,*,#2421,.F.);
#1511=ORIENTED_EDGE('',*,*,#2344,.F.);
#1512=ORIENTED_EDGE('',*,*,#2398,.F.);
#1513=ORIENTED_EDGE('',*,*,#2241,.F.);
#1514=ORIENTED_EDGE('',*,*,#2391,.F.);
#1515=ORIENTED_EDGE('',*,*,#2334,.F.);
#1516=ORIENTED_EDGE('',*,*,#2393,.F.);
#1517=ORIENTED_EDGE('',*,*,#2247,.F.);
#1518=ORIENTED_EDGE('',*,*,#2419,.F.);
#1519=ORIENTED_EDGE('',*,*,#2336,.F.);
#1520=ORIENTED_EDGE('',*,*,#2392,.F.);
#1521=ORIENTED_EDGE('',*,*,#2249,.F.);
#1522=ORIENTED_EDGE('',*,*,#2385,.F.);
#1523=ORIENTED_EDGE('',*,*,#2326,.F.);
#1524=ORIENTED_EDGE('',*,*,#2387,.F.);
#1525=ORIENTED_EDGE('',*,*,#2255,.F.);
#1526=ORIENTED_EDGE('',*,*,#2417,.F.);
#1527=ORIENTED_EDGE('',*,*,#2328,.F.);
#1528=ORIENTED_EDGE('',*,*,#2386,.F.);
#1529=ORIENTED_EDGE('',*,*,#2257,.F.);
#1530=ORIENTED_EDGE('',*,*,#2380,.F.);
#1531=ORIENTED_EDGE('',*,*,#2318,.F.);
#1532=ORIENTED_EDGE('',*,*,#2381,.F.);
#1533=ORIENTED_EDGE('',*,*,#2365,.T.);
#1534=ORIENTED_EDGE('',*,*,#2427,.F.);
#1535=ORIENTED_EDGE('',*,*,#2428,.F.);
#1536=ORIENTED_EDGE('',*,*,#2429,.T.);
#1537=ORIENTED_EDGE('',*,*,#2368,.T.);
#1538=ORIENTED_EDGE('',*,*,#2430,.F.);
#1539=ORIENTED_EDGE('',*,*,#2431,.F.);
#1540=ORIENTED_EDGE('',*,*,#2427,.T.);
#1541=ORIENTED_EDGE('',*,*,#2367,.T.);
#1542=ORIENTED_EDGE('',*,*,#2432,.F.);
#1543=ORIENTED_EDGE('',*,*,#2433,.F.);
#1544=ORIENTED_EDGE('',*,*,#2430,.T.);
#1545=ORIENTED_EDGE('',*,*,#2366,.T.);
#1546=ORIENTED_EDGE('',*,*,#2429,.F.);
#1547=ORIENTED_EDGE('',*,*,#2434,.F.);
#1548=ORIENTED_EDGE('',*,*,#2432,.T.);
#1549=ORIENTED_EDGE('',*,*,#2428,.T.);
#1550=ORIENTED_EDGE('',*,*,#2431,.T.);
#1551=ORIENTED_EDGE('',*,*,#2433,.T.);
#1552=ORIENTED_EDGE('',*,*,#2434,.T.);
#1553=ORIENTED_EDGE('',*,*,#2307,.F.);
#1554=ORIENTED_EDGE('',*,*,#2435,.F.);
#1555=ORIENTED_EDGE('',*,*,#2436,.T.);
#1556=ORIENTED_EDGE('',*,*,#2437,.T.);
#1557=ORIENTED_EDGE('',*,*,#2306,.F.);
#1558=ORIENTED_EDGE('',*,*,#2438,.F.);
#1559=ORIENTED_EDGE('',*,*,#2439,.T.);
#1560=ORIENTED_EDGE('',*,*,#2435,.T.);
#1561=ORIENTED_EDGE('',*,*,#2314,.F.);
#1562=ORIENTED_EDGE('',*,*,#2440,.F.);
#1563=ORIENTED_EDGE('',*,*,#2441,.T.);
#1564=ORIENTED_EDGE('',*,*,#2438,.T.);
#1565=ORIENTED_EDGE('',*,*,#2313,.F.);
#1566=ORIENTED_EDGE('',*,*,#2442,.F.);
#1567=ORIENTED_EDGE('',*,*,#2443,.T.);
#1568=ORIENTED_EDGE('',*,*,#2440,.T.);
#1569=ORIENTED_EDGE('',*,*,#2312,.F.);
#1570=ORIENTED_EDGE('',*,*,#2444,.F.);
#1571=ORIENTED_EDGE('',*,*,#2445,.T.);
#1572=ORIENTED_EDGE('',*,*,#2442,.T.);
#1573=ORIENTED_EDGE('',*,*,#2311,.F.);
#1574=ORIENTED_EDGE('',*,*,#2446,.F.);
#1575=ORIENTED_EDGE('',*,*,#2447,.T.);
#1576=ORIENTED_EDGE('',*,*,#2444,.T.);
#1577=ORIENTED_EDGE('',*,*,#2310,.F.);
#1578=ORIENTED_EDGE('',*,*,#2448,.F.);
#1579=ORIENTED_EDGE('',*,*,#2449,.T.);
#1580=ORIENTED_EDGE('',*,*,#2446,.T.);
#1581=ORIENTED_EDGE('',*,*,#2309,.F.);
#1582=ORIENTED_EDGE('',*,*,#2450,.F.);
#1583=ORIENTED_EDGE('',*,*,#2451,.T.);
#1584=ORIENTED_EDGE('',*,*,#2448,.T.);
#1585=ORIENTED_EDGE('',*,*,#2308,.F.);
#1586=ORIENTED_EDGE('',*,*,#2437,.F.);
#1587=ORIENTED_EDGE('',*,*,#2452,.T.);
#1588=ORIENTED_EDGE('',*,*,#2450,.T.);
#1589=ORIENTED_EDGE('',*,*,#2436,.F.);
#1590=ORIENTED_EDGE('',*,*,#2439,.F.);
#1591=ORIENTED_EDGE('',*,*,#2441,.F.);
#1592=ORIENTED_EDGE('',*,*,#2443,.F.);
#1593=ORIENTED_EDGE('',*,*,#2445,.F.);
#1594=ORIENTED_EDGE('',*,*,#2447,.F.);
#1595=ORIENTED_EDGE('',*,*,#2449,.F.);
#1596=ORIENTED_EDGE('',*,*,#2451,.F.);
#1597=ORIENTED_EDGE('',*,*,#2452,.F.);
#1598=ORIENTED_EDGE('',*,*,#2293,.T.);
#1599=ORIENTED_EDGE('',*,*,#2453,.F.);
#1600=ORIENTED_EDGE('',*,*,#2454,.F.);
#1601=ORIENTED_EDGE('',*,*,#2455,.T.);
#1602=ORIENTED_EDGE('',*,*,#2305,.T.);
#1603=ORIENTED_EDGE('',*,*,#2456,.F.);
#1604=ORIENTED_EDGE('',*,*,#2457,.F.);
#1605=ORIENTED_EDGE('',*,*,#2453,.T.);
#1606=ORIENTED_EDGE('',*,*,#2304,.T.);
#1607=ORIENTED_EDGE('',*,*,#2458,.F.);
#1608=ORIENTED_EDGE('',*,*,#2459,.F.);
#1609=ORIENTED_EDGE('',*,*,#2456,.T.);
#1610=ORIENTED_EDGE('',*,*,#2303,.T.);
#1611=ORIENTED_EDGE('',*,*,#2460,.F.);
#1612=ORIENTED_EDGE('',*,*,#2461,.F.);
#1613=ORIENTED_EDGE('',*,*,#2458,.T.);
#1614=ORIENTED_EDGE('',*,*,#2302,.T.);
#1615=ORIENTED_EDGE('',*,*,#2462,.F.);
#1616=ORIENTED_EDGE('',*,*,#2463,.F.);
#1617=ORIENTED_EDGE('',*,*,#2460,.T.);
#1618=ORIENTED_EDGE('',*,*,#2301,.T.);
#1619=ORIENTED_EDGE('',*,*,#2464,.F.);
#1620=ORIENTED_EDGE('',*,*,#2465,.F.);
#1621=ORIENTED_EDGE('',*,*,#2462,.T.);
#1622=ORIENTED_EDGE('',*,*,#2300,.T.);
#1623=ORIENTED_EDGE('',*,*,#2466,.F.);
#1624=ORIENTED_EDGE('',*,*,#2467,.F.);
#1625=ORIENTED_EDGE('',*,*,#2464,.T.);
#1626=ORIENTED_EDGE('',*,*,#2299,.T.);
#1627=ORIENTED_EDGE('',*,*,#2468,.F.);
#1628=ORIENTED_EDGE('',*,*,#2469,.F.);
#1629=ORIENTED_EDGE('',*,*,#2466,.T.);
#1630=ORIENTED_EDGE('',*,*,#2298,.T.);
#1631=ORIENTED_EDGE('',*,*,#2470,.F.);
#1632=ORIENTED_EDGE('',*,*,#2471,.F.);
#1633=ORIENTED_EDGE('',*,*,#2468,.T.);
#1634=ORIENTED_EDGE('',*,*,#2297,.T.);
#1635=ORIENTED_EDGE('',*,*,#2472,.F.);
#1636=ORIENTED_EDGE('',*,*,#2473,.F.);
#1637=ORIENTED_EDGE('',*,*,#2470,.T.);
#1638=ORIENTED_EDGE('',*,*,#2296,.T.);
#1639=ORIENTED_EDGE('',*,*,#2474,.F.);
#1640=ORIENTED_EDGE('',*,*,#2475,.F.);
#1641=ORIENTED_EDGE('',*,*,#2472,.T.);
#1642=ORIENTED_EDGE('',*,*,#2295,.T.);
#1643=ORIENTED_EDGE('',*,*,#2476,.F.);
#1644=ORIENTED_EDGE('',*,*,#2477,.F.);
#1645=ORIENTED_EDGE('',*,*,#2474,.T.);
#1646=ORIENTED_EDGE('',*,*,#2294,.T.);
#1647=ORIENTED_EDGE('',*,*,#2455,.F.);
#1648=ORIENTED_EDGE('',*,*,#2478,.F.);
#1649=ORIENTED_EDGE('',*,*,#2476,.T.);
#1650=ORIENTED_EDGE('',*,*,#2454,.T.);
#1651=ORIENTED_EDGE('',*,*,#2457,.T.);
#1652=ORIENTED_EDGE('',*,*,#2459,.T.);
#1653=ORIENTED_EDGE('',*,*,#2461,.T.);
#1654=ORIENTED_EDGE('',*,*,#2463,.T.);
#1655=ORIENTED_EDGE('',*,*,#2465,.T.);
#1656=ORIENTED_EDGE('',*,*,#2467,.T.);
#1657=ORIENTED_EDGE('',*,*,#2469,.T.);
#1658=ORIENTED_EDGE('',*,*,#2471,.T.);
#1659=ORIENTED_EDGE('',*,*,#2473,.T.);
#1660=ORIENTED_EDGE('',*,*,#2475,.T.);
#1661=ORIENTED_EDGE('',*,*,#2477,.T.);
#1662=ORIENTED_EDGE('',*,*,#2478,.T.);
#1663=ORIENTED_EDGE('',*,*,#2369,.T.);
#1664=ORIENTED_EDGE('',*,*,#2479,.F.);
#1665=ORIENTED_EDGE('',*,*,#2480,.F.);
#1666=ORIENTED_EDGE('',*,*,#2481,.T.);
#1667=ORIENTED_EDGE('',*,*,#2378,.T.);
#1668=ORIENTED_EDGE('',*,*,#2482,.F.);
#1669=ORIENTED_EDGE('',*,*,#2483,.F.);
#1670=ORIENTED_EDGE('',*,*,#2479,.T.);
#1671=ORIENTED_EDGE('',*,*,#2377,.T.);
#1672=ORIENTED_EDGE('',*,*,#2484,.F.);
#1673=ORIENTED_EDGE('',*,*,#2485,.F.);
#1674=ORIENTED_EDGE('',*,*,#2482,.T.);
#1675=ORIENTED_EDGE('',*,*,#2376,.T.);
#1676=ORIENTED_EDGE('',*,*,#2486,.F.);
#1677=ORIENTED_EDGE('',*,*,#2487,.F.);
#1678=ORIENTED_EDGE('',*,*,#2484,.T.);
#1679=ORIENTED_EDGE('',*,*,#2375,.T.);
#1680=ORIENTED_EDGE('',*,*,#2488,.F.);
#1681=ORIENTED_EDGE('',*,*,#2489,.F.);
#1682=ORIENTED_EDGE('',*,*,#2486,.T.);
#1683=ORIENTED_EDGE('',*,*,#2374,.T.);
#1684=ORIENTED_EDGE('',*,*,#2490,.F.);
#1685=ORIENTED_EDGE('',*,*,#2491,.F.);
#1686=ORIENTED_EDGE('',*,*,#2488,.T.);
#1687=ORIENTED_EDGE('',*,*,#2373,.T.);
#1688=ORIENTED_EDGE('',*,*,#2492,.F.);
#1689=ORIENTED_EDGE('',*,*,#2493,.F.);
#1690=ORIENTED_EDGE('',*,*,#2490,.T.);
#1691=ORIENTED_EDGE('',*,*,#2372,.T.);
#1692=ORIENTED_EDGE('',*,*,#2494,.F.);
#1693=ORIENTED_EDGE('',*,*,#2495,.F.);
#1694=ORIENTED_EDGE('',*,*,#2492,.T.);
#1695=ORIENTED_EDGE('',*,*,#2371,.T.);
#1696=ORIENTED_EDGE('',*,*,#2496,.F.);
#1697=ORIENTED_EDGE('',*,*,#2497,.F.);
#1698=ORIENTED_EDGE('',*,*,#2494,.T.);
#1699=ORIENTED_EDGE('',*,*,#2370,.T.);
#1700=ORIENTED_EDGE('',*,*,#2481,.F.);
#1701=ORIENTED_EDGE('',*,*,#2498,.F.);
#1702=ORIENTED_EDGE('',*,*,#2496,.T.);
#1703=ORIENTED_EDGE('',*,*,#2480,.T.);
#1704=ORIENTED_EDGE('',*,*,#2483,.T.);
#1705=ORIENTED_EDGE('',*,*,#2485,.T.);
#1706=ORIENTED_EDGE('',*,*,#2487,.T.);
#1707=ORIENTED_EDGE('',*,*,#2489,.T.);
#1708=ORIENTED_EDGE('',*,*,#2491,.T.);
#1709=ORIENTED_EDGE('',*,*,#2493,.T.);
#1710=ORIENTED_EDGE('',*,*,#2495,.T.);
#1711=ORIENTED_EDGE('',*,*,#2497,.T.);
#1712=ORIENTED_EDGE('',*,*,#2498,.T.);
#1713=ORIENTED_EDGE('',*,*,#2267,.T.);
#1714=ORIENTED_EDGE('',*,*,#2499,.F.);
#1715=ORIENTED_EDGE('',*,*,#2500,.F.);
#1716=ORIENTED_EDGE('',*,*,#2501,.T.);
#1717=ORIENTED_EDGE('',*,*,#2266,.T.);
#1718=ORIENTED_EDGE('',*,*,#2502,.F.);
#1719=ORIENTED_EDGE('',*,*,#2503,.F.);
#1720=ORIENTED_EDGE('',*,*,#2499,.T.);
#1721=ORIENTED_EDGE('',*,*,#2275,.T.);
#1722=ORIENTED_EDGE('',*,*,#2504,.F.);
#1723=ORIENTED_EDGE('',*,*,#2505,.F.);
#1724=ORIENTED_EDGE('',*,*,#2502,.T.);
#1725=ORIENTED_EDGE('',*,*,#2274,.T.);
#1726=ORIENTED_EDGE('',*,*,#2506,.F.);
#1727=ORIENTED_EDGE('',*,*,#2507,.F.);
#1728=ORIENTED_EDGE('',*,*,#2504,.T.);
#1729=ORIENTED_EDGE('',*,*,#2273,.T.);
#1730=ORIENTED_EDGE('',*,*,#2508,.F.);
#1731=ORIENTED_EDGE('',*,*,#2509,.F.);
#1732=ORIENTED_EDGE('',*,*,#2506,.T.);
#1733=ORIENTED_EDGE('',*,*,#2272,.T.);
#1734=ORIENTED_EDGE('',*,*,#2510,.F.);
#1735=ORIENTED_EDGE('',*,*,#2511,.F.);
#1736=ORIENTED_EDGE('',*,*,#2508,.T.);
#1737=ORIENTED_EDGE('',*,*,#2271,.T.);
#1738=ORIENTED_EDGE('',*,*,#2512,.F.);
#1739=ORIENTED_EDGE('',*,*,#2513,.F.);
#1740=ORIENTED_EDGE('',*,*,#2510,.T.);
#1741=ORIENTED_EDGE('',*,*,#2270,.T.);
#1742=ORIENTED_EDGE('',*,*,#2514,.F.);
#1743=ORIENTED_EDGE('',*,*,#2515,.F.);
#1744=ORIENTED_EDGE('',*,*,#2512,.T.);
#1745=ORIENTED_EDGE('',*,*,#2269,.T.);
#1746=ORIENTED_EDGE('',*,*,#2516,.F.);
#1747=ORIENTED_EDGE('',*,*,#2517,.F.);
#1748=ORIENTED_EDGE('',*,*,#2514,.T.);
#1749=ORIENTED_EDGE('',*,*,#2268,.T.);
#1750=ORIENTED_EDGE('',*,*,#2501,.F.);
#1751=ORIENTED_EDGE('',*,*,#2518,.F.);
#1752=ORIENTED_EDGE('',*,*,#2516,.T.);
#1753=ORIENTED_EDGE('',*,*,#2500,.T.);
#1754=ORIENTED_EDGE('',*,*,#2503,.T.);
#1755=ORIENTED_EDGE('',*,*,#2505,.T.);
#1756=ORIENTED_EDGE('',*,*,#2507,.T.);
#1757=ORIENTED_EDGE('',*,*,#2509,.T.);
#1758=ORIENTED_EDGE('',*,*,#2511,.T.);
#1759=ORIENTED_EDGE('',*,*,#2513,.T.);
#1760=ORIENTED_EDGE('',*,*,#2515,.T.);
#1761=ORIENTED_EDGE('',*,*,#2517,.T.);
#1762=ORIENTED_EDGE('',*,*,#2518,.T.);
#1763=ORIENTED_EDGE('',*,*,#2277,.T.);
#1764=ORIENTED_EDGE('',*,*,#2519,.F.);
#1765=ORIENTED_EDGE('',*,*,#2520,.F.);
#1766=ORIENTED_EDGE('',*,*,#2521,.T.);
#1767=ORIENTED_EDGE('',*,*,#2276,.T.);
#1768=ORIENTED_EDGE('',*,*,#2522,.F.);
#1769=ORIENTED_EDGE('',*,*,#2523,.F.);
#1770=ORIENTED_EDGE('',*,*,#2519,.T.);
#1771=ORIENTED_EDGE('',*,*,#2279,.T.);
#1772=ORIENTED_EDGE('',*,*,#2524,.F.);
#1773=ORIENTED_EDGE('',*,*,#2525,.F.);
#1774=ORIENTED_EDGE('',*,*,#2522,.T.);
#1775=ORIENTED_EDGE('',*,*,#2278,.T.);
#1776=ORIENTED_EDGE('',*,*,#2521,.F.);
#1777=ORIENTED_EDGE('',*,*,#2526,.F.);
#1778=ORIENTED_EDGE('',*,*,#2524,.T.);
#1779=ORIENTED_EDGE('',*,*,#2520,.T.);
#1780=ORIENTED_EDGE('',*,*,#2523,.T.);
#1781=ORIENTED_EDGE('',*,*,#2525,.T.);
#1782=ORIENTED_EDGE('',*,*,#2526,.T.);
#1783=ORIENTED_EDGE('',*,*,#2207,.F.);
#1784=ORIENTED_EDGE('',*,*,#2527,.F.);
#1785=ORIENTED_EDGE('',*,*,#2528,.T.);
#1786=ORIENTED_EDGE('',*,*,#2529,.T.);
#1787=ORIENTED_EDGE('',*,*,#2215,.F.);
#1788=ORIENTED_EDGE('',*,*,#2530,.F.);
#1789=ORIENTED_EDGE('',*,*,#2531,.T.);
#1790=ORIENTED_EDGE('',*,*,#2527,.T.);
#1791=ORIENTED_EDGE('',*,*,#2214,.F.);
#1792=ORIENTED_EDGE('',*,*,#2532,.F.);
#1793=ORIENTED_EDGE('',*,*,#2533,.T.);
#1794=ORIENTED_EDGE('',*,*,#2530,.T.);
#1795=ORIENTED_EDGE('',*,*,#2213,.F.);
#1796=ORIENTED_EDGE('',*,*,#2534,.F.);
#1797=ORIENTED_EDGE('',*,*,#2535,.T.);
#1798=ORIENTED_EDGE('',*,*,#2532,.T.);
#1799=ORIENTED_EDGE('',*,*,#2212,.F.);
#1800=ORIENTED_EDGE('',*,*,#2536,.F.);
#1801=ORIENTED_EDGE('',*,*,#2537,.T.);
#1802=ORIENTED_EDGE('',*,*,#2534,.T.);
#1803=ORIENTED_EDGE('',*,*,#2211,.F.);
#1804=ORIENTED_EDGE('',*,*,#2538,.F.);
#1805=ORIENTED_EDGE('',*,*,#2539,.T.);
#1806=ORIENTED_EDGE('',*,*,#2536,.T.);
#1807=ORIENTED_EDGE('',*,*,#2210,.F.);
#1808=ORIENTED_EDGE('',*,*,#2540,.F.);
#1809=ORIENTED_EDGE('',*,*,#2541,.T.);
#1810=ORIENTED_EDGE('',*,*,#2538,.T.);
#1811=ORIENTED_EDGE('',*,*,#2209,.F.);
#1812=ORIENTED_EDGE('',*,*,#2542,.F.);
#1813=ORIENTED_EDGE('',*,*,#2543,.T.);
#1814=ORIENTED_EDGE('',*,*,#2540,.T.);
#1815=ORIENTED_EDGE('',*,*,#2208,.F.);
#1816=ORIENTED_EDGE('',*,*,#2529,.F.);
#1817=ORIENTED_EDGE('',*,*,#2544,.T.);
#1818=ORIENTED_EDGE('',*,*,#2542,.T.);
#1819=ORIENTED_EDGE('',*,*,#2528,.F.);
#1820=ORIENTED_EDGE('',*,*,#2531,.F.);
#1821=ORIENTED_EDGE('',*,*,#2533,.F.);
#1822=ORIENTED_EDGE('',*,*,#2535,.F.);
#1823=ORIENTED_EDGE('',*,*,#2537,.F.);
#1824=ORIENTED_EDGE('',*,*,#2539,.F.);
#1825=ORIENTED_EDGE('',*,*,#2541,.F.);
#1826=ORIENTED_EDGE('',*,*,#2543,.F.);
#1827=ORIENTED_EDGE('',*,*,#2544,.F.);
#1828=ORIENTED_EDGE('',*,*,#2281,.T.);
#1829=ORIENTED_EDGE('',*,*,#2545,.F.);
#1830=ORIENTED_EDGE('',*,*,#2546,.F.);
#1831=ORIENTED_EDGE('',*,*,#2547,.T.);
#1832=ORIENTED_EDGE('',*,*,#2280,.T.);
#1833=ORIENTED_EDGE('',*,*,#2548,.F.);
#1834=ORIENTED_EDGE('',*,*,#2549,.F.);
#1835=ORIENTED_EDGE('',*,*,#2545,.T.);
#1836=ORIENTED_EDGE('',*,*,#2292,.T.);
#1837=ORIENTED_EDGE('',*,*,#2550,.F.);
#1838=ORIENTED_EDGE('',*,*,#2551,.F.);
#1839=ORIENTED_EDGE('',*,*,#2548,.T.);
#1840=ORIENTED_EDGE('',*,*,#2291,.T.);
#1841=ORIENTED_EDGE('',*,*,#2552,.F.);
#1842=ORIENTED_EDGE('',*,*,#2553,.F.);
#1843=ORIENTED_EDGE('',*,*,#2550,.T.);
#1844=ORIENTED_EDGE('',*,*,#2290,.T.);
#1845=ORIENTED_EDGE('',*,*,#2554,.F.);
#1846=ORIENTED_EDGE('',*,*,#2555,.F.);
#1847=ORIENTED_EDGE('',*,*,#2552,.T.);
#1848=ORIENTED_EDGE('',*,*,#2289,.T.);
#1849=ORIENTED_EDGE('',*,*,#2556,.F.);
#1850=ORIENTED_EDGE('',*,*,#2557,.F.);
#1851=ORIENTED_EDGE('',*,*,#2554,.T.);
#1852=ORIENTED_EDGE('',*,*,#2288,.T.);
#1853=ORIENTED_EDGE('',*,*,#2558,.F.);
#1854=ORIENTED_EDGE('',*,*,#2559,.F.);
#1855=ORIENTED_EDGE('',*,*,#2556,.T.);
#1856=ORIENTED_EDGE('',*,*,#2287,.T.);
#1857=ORIENTED_EDGE('',*,*,#2560,.F.);
#1858=ORIENTED_EDGE('',*,*,#2561,.F.);
#1859=ORIENTED_EDGE('',*,*,#2558,.T.);
#1860=ORIENTED_EDGE('',*,*,#2286,.T.);
#1861=ORIENTED_EDGE('',*,*,#2562,.F.);
#1862=ORIENTED_EDGE('',*,*,#2563,.F.);
#1863=ORIENTED_EDGE('',*,*,#2560,.T.);
#1864=ORIENTED_EDGE('',*,*,#2285,.T.);
#1865=ORIENTED_EDGE('',*,*,#2564,.F.);
#1866=ORIENTED_EDGE('',*,*,#2565,.F.);
#1867=ORIENTED_EDGE('',*,*,#2562,.T.);
#1868=ORIENTED_EDGE('',*,*,#2284,.T.);
#1869=ORIENTED_EDGE('',*,*,#2566,.F.);
#1870=ORIENTED_EDGE('',*,*,#2567,.F.);
#1871=ORIENTED_EDGE('',*,*,#2564,.T.);
#1872=ORIENTED_EDGE('',*,*,#2283,.T.);
#1873=ORIENTED_EDGE('',*,*,#2568,.F.);
#1874=ORIENTED_EDGE('',*,*,#2569,.F.);
#1875=ORIENTED_EDGE('',*,*,#2566,.T.);
#1876=ORIENTED_EDGE('',*,*,#2282,.T.);
#1877=ORIENTED_EDGE('',*,*,#2547,.F.);
#1878=ORIENTED_EDGE('',*,*,#2570,.F.);
#1879=ORIENTED_EDGE('',*,*,#2568,.T.);
#1880=ORIENTED_EDGE('',*,*,#2546,.T.);
#1881=ORIENTED_EDGE('',*,*,#2549,.T.);
#1882=ORIENTED_EDGE('',*,*,#2551,.T.);
#1883=ORIENTED_EDGE('',*,*,#2553,.T.);
#1884=ORIENTED_EDGE('',*,*,#2555,.T.);
#1885=ORIENTED_EDGE('',*,*,#2557,.T.);
#1886=ORIENTED_EDGE('',*,*,#2559,.T.);
#1887=ORIENTED_EDGE('',*,*,#2561,.T.);
#1888=ORIENTED_EDGE('',*,*,#2563,.T.);
#1889=ORIENTED_EDGE('',*,*,#2565,.T.);
#1890=ORIENTED_EDGE('',*,*,#2567,.T.);
#1891=ORIENTED_EDGE('',*,*,#2569,.T.);
#1892=ORIENTED_EDGE('',*,*,#2570,.T.);
#1893=EDGE_CURVE('',#2571,#2572,#3006,.T.);
#1894=EDGE_CURVE('',#2573,#2571,#3007,.T.);
#1895=EDGE_CURVE('',#2574,#2573,#3008,.T.);
#1896=EDGE_CURVE('',#2575,#2574,#3009,.T.);
#1897=EDGE_CURVE('',#2576,#2575,#3010,.T.);
#1898=EDGE_CURVE('',#2572,#2576,#3011,.T.);
#1899=EDGE_CURVE('',#2577,#2577,#321,.T.);
#1900=EDGE_CURVE('',#2578,#2578,#322,.T.);
#1901=EDGE_CURVE('',#2579,#2580,#147,.T.);
#1902=EDGE_CURVE('',#2580,#2581,#323,.T.);
#1903=EDGE_CURVE('',#2581,#2582,#148,.T.);
#1904=EDGE_CURVE('',#2582,#2579,#324,.F.);
#1905=EDGE_CURVE('',#2583,#2584,#149,.T.);
#1906=EDGE_CURVE('',#2583,#2585,#150,.T.);
#1907=EDGE_CURVE('',#2585,#2586,#325,.F.);
#1908=EDGE_CURVE('',#2586,#2587,#151,.F.);
#1909=EDGE_CURVE('',#2588,#2587,#152,.T.);
#1910=EDGE_CURVE('',#2584,#2588,#326,.T.);
#1911=EDGE_CURVE('',#2589,#2590,#153,.T.);
#1912=EDGE_CURVE('',#2590,#2591,#327,.T.);
#1913=EDGE_CURVE('',#2591,#2592,#154,.T.);
#1914=EDGE_CURVE('',#2592,#2589,#328,.F.);
#1915=EDGE_CURVE('',#2593,#2594,#155,.T.);
#1916=EDGE_CURVE('',#2594,#2595,#329,.T.);
#1917=EDGE_CURVE('',#2595,#2596,#156,.T.);
#1918=EDGE_CURVE('',#2596,#2593,#330,.F.);
#1919=EDGE_CURVE('',#2597,#2598,#157,.T.);
#1920=EDGE_CURVE('',#2598,#2599,#331,.T.);
#1921=EDGE_CURVE('',#2599,#2600,#158,.T.);
#1922=EDGE_CURVE('',#2600,#2597,#332,.F.);
#1923=EDGE_CURVE('',#2601,#2602,#159,.T.);
#1924=EDGE_CURVE('',#2602,#2603,#333,.T.);
#1925=EDGE_CURVE('',#2603,#2604,#160,.T.);
#1926=EDGE_CURVE('',#2604,#2601,#334,.F.);
#1927=EDGE_CURVE('',#2605,#2606,#335,.T.);
#1928=EDGE_CURVE('',#2606,#2607,#336,.F.);
#1929=EDGE_CURVE('',#2607,#2608,#337,.T.);
#1930=EDGE_CURVE('',#2608,#2609,#338,.F.);
#1931=EDGE_CURVE('',#2609,#2610,#339,.T.);
#1932=EDGE_CURVE('',#2610,#2611,#340,.F.);
#1933=EDGE_CURVE('',#2611,#2612,#341,.T.);
#1934=EDGE_CURVE('',#2612,#2613,#342,.F.);
#1935=EDGE_CURVE('',#2613,#2614,#343,.T.);
#1936=EDGE_CURVE('',#2614,#2615,#344,.F.);
#1937=EDGE_CURVE('',#2615,#2616,#345,.T.);
#1938=EDGE_CURVE('',#2616,#2605,#346,.F.);
#1939=EDGE_CURVE('',#2617,#2617,#347,.F.);
#1940=EDGE_CURVE('',#2618,#2619,#161,.T.);
#1941=EDGE_CURVE('',#2619,#2620,#348,.T.);
#1942=EDGE_CURVE('',#2620,#2621,#162,.T.);
#1943=EDGE_CURVE('',#2621,#2618,#349,.T.);
#1944=EDGE_CURVE('',#2622,#2623,#163,.T.);
#1945=EDGE_CURVE('',#2623,#2624,#350,.T.);
#1946=EDGE_CURVE('',#2624,#2625,#164,.T.);
#1947=EDGE_CURVE('',#2625,#2622,#351,.T.);
#1948=EDGE_CURVE('',#2626,#2627,#165,.T.);
#1949=EDGE_CURVE('',#2627,#2628,#352,.T.);
#1950=EDGE_CURVE('',#2628,#2629,#166,.T.);
#1951=EDGE_CURVE('',#2629,#2626,#353,.T.);
#1952=EDGE_CURVE('',#2630,#2631,#167,.T.);
#1953=EDGE_CURVE('',#2631,#2632,#354,.T.);
#1954=EDGE_CURVE('',#2632,#2633,#168,.T.);
#1955=EDGE_CURVE('',#2633,#2630,#355,.T.);
#1956=EDGE_CURVE('',#2634,#2635,#356,.T.);
#1957=EDGE_CURVE('',#2635,#2636,#169,.F.);
#1958=EDGE_CURVE('',#2584,#2636,#170,.T.);
#1959=EDGE_CURVE('',#2637,#2588,#171,.T.);
#1960=EDGE_CURVE('',#2637,#2634,#172,.T.);
#1961=EDGE_CURVE('',#2638,#2639,#173,.T.);
#1962=EDGE_CURVE('',#2639,#2640,#357,.T.);
#1963=EDGE_CURVE('',#2640,#2641,#174,.T.);
#1964=EDGE_CURVE('',#2641,#2638,#358,.T.);
#1965=EDGE_CURVE('',#2642,#2643,#359,.F.);
#1966=EDGE_CURVE('',#2643,#2644,#360,.T.);
#1967=EDGE_CURVE('',#2644,#2645,#361,.F.);
#1968=EDGE_CURVE('',#2645,#2646,#362,.T.);
#1969=EDGE_CURVE('',#2646,#2647,#363,.F.);
#1970=EDGE_CURVE('',#2647,#2648,#364,.T.);
#1971=EDGE_CURVE('',#2648,#2649,#365,.F.);
#1972=EDGE_CURVE('',#2649,#2650,#366,.T.);
#1973=EDGE_CURVE('',#2650,#2651,#367,.F.);
#1974=EDGE_CURVE('',#2651,#2652,#368,.T.);
#1975=EDGE_CURVE('',#2652,#2653,#369,.F.);
#1976=EDGE_CURVE('',#2653,#2642,#370,.T.);
#1977=EDGE_CURVE('',#2654,#2654,#371,.T.);
#1978=EDGE_CURVE('',#2655,#2656,#3012,.T.);
#1979=EDGE_CURVE('',#2656,#2657,#3013,.T.);
#1980=EDGE_CURVE('',#2657,#2658,#3014,.T.);
#1981=EDGE_CURVE('',#2658,#2659,#3015,.T.);
#1982=EDGE_CURVE('',#2659,#2660,#3016,.T.);
#1983=EDGE_CURVE('',#2660,#2655,#3017,.T.);
#1984=EDGE_CURVE('',#2661,#2661,#372,.T.);
#1985=EDGE_CURVE('',#2662,#2662,#373,.F.);
#1986=EDGE_CURVE('',#2663,#2664,#374,.T.);
#1987=EDGE_CURVE('',#2663,#2665,#175,.T.);
#1988=EDGE_CURVE('',#2665,#2666,#176,.T.);
#1989=EDGE_CURVE('',#2666,#2667,#177,.T.);
#1990=EDGE_CURVE('',#2668,#2667,#178,.T.);
#1991=EDGE_CURVE('',#2668,#2669,#375,.F.);
#1992=EDGE_CURVE('',#2670,#2669,#179,.T.);
#1993=EDGE_CURVE('',#2670,#2671,#180,.T.);
#1994=EDGE_CURVE('',#2671,#2672,#181,.T.);
#1995=EDGE_CURVE('',#2673,#2672,#376,.T.);
#1996=EDGE_CURVE('',#2673,#2674,#182,.T.);
#1997=EDGE_CURVE('',#2674,#2675,#183,.T.);
#1998=EDGE_CURVE('',#2675,#2676,#184,.T.);
#1999=EDGE_CURVE('',#2677,#2676,#185,.T.);
#2000=EDGE_CURVE('',#2677,#2678,#377,.F.);
#2001=EDGE_CURVE('',#2679,#2678,#186,.T.);
#2002=EDGE_CURVE('',#2679,#2680,#187,.T.);
#2003=EDGE_CURVE('',#2680,#2681,#188,.T.);
#2004=EDGE_CURVE('',#2682,#2681,#378,.T.);
#2005=EDGE_CURVE('',#2682,#2683,#189,.T.);
#2006=EDGE_CURVE('',#2683,#2684,#190,.T.);
#2007=EDGE_CURVE('',#2684,#2685,#191,.T.);
#2008=EDGE_CURVE('',#2686,#2685,#192,.T.);
#2009=EDGE_CURVE('',#2686,#2687,#379,.F.);
#2010=EDGE_CURVE('',#2688,#2687,#193,.T.);
#2011=EDGE_CURVE('',#2688,#2689,#194,.T.);
#2012=EDGE_CURVE('',#2689,#2690,#195,.T.);
#2013=EDGE_CURVE('',#2691,#2690,#380,.T.);
#2014=EDGE_CURVE('',#2691,#2692,#196,.T.);
#2015=EDGE_CURVE('',#2692,#2693,#197,.T.);
#2016=EDGE_CURVE('',#2693,#2694,#198,.T.);
#2017=EDGE_CURVE('',#2695,#2694,#199,.T.);
#2018=EDGE_CURVE('',#2695,#2696,#381,.F.);
#2019=EDGE_CURVE('',#2696,#2583,#200,.T.);
#2020=EDGE_CURVE('',#2588,#2584,#382,.T.);
#2021=EDGE_CURVE('',#2587,#2697,#201,.T.);
#2022=EDGE_CURVE('',#2697,#2698,#383,.F.);
#2023=EDGE_CURVE('',#2699,#2698,#202,.T.);
#2024=EDGE_CURVE('',#2699,#2700,#203,.T.);
#2025=EDGE_CURVE('',#2700,#2701,#204,.T.);
#2026=EDGE_CURVE('',#2702,#2701,#384,.T.);
#2027=EDGE_CURVE('',#2702,#2703,#205,.T.);
#2028=EDGE_CURVE('',#2703,#2704,#206,.T.);
#2029=EDGE_CURVE('',#2704,#2705,#207,.T.);
#2030=EDGE_CURVE('',#2706,#2705,#208,.T.);
#2031=EDGE_CURVE('',#2706,#2707,#385,.F.);
#2032=EDGE_CURVE('',#2708,#2707,#209,.T.);
#2033=EDGE_CURVE('',#2708,#2709,#210,.T.);
#2034=EDGE_CURVE('',#2709,#2664,#211,.T.);
#2035=EDGE_CURVE('',#2710,#2710,#386,.T.);
#2036=EDGE_CURVE('',#2711,#2711,#387,.T.);
#2037=EDGE_CURVE('',#2712,#2713,#212,.T.);
#2038=EDGE_CURVE('',#2713,#2663,#213,.T.);
#2039=EDGE_CURVE('',#2664,#2714,#214,.T.);
#2040=EDGE_CURVE('',#2714,#2715,#215,.T.);
#2041=EDGE_CURVE('',#2715,#2716,#216,.T.);
#2042=EDGE_CURVE('',#2717,#2716,#217,.T.);
#2043=EDGE_CURVE('',#2717,#2718,#388,.T.);
#2044=EDGE_CURVE('',#2719,#2718,#218,.T.);
#2045=EDGE_CURVE('',#2719,#2720,#219,.T.);
#2046=EDGE_CURVE('',#2720,#2702,#220,.T.);
#2047=EDGE_CURVE('',#2701,#2721,#221,.T.);
#2048=EDGE_CURVE('',#2721,#2722,#222,.T.);
#2049=EDGE_CURVE('',#2722,#2723,#223,.T.);
#2050=EDGE_CURVE('',#2724,#2723,#224,.T.);
#2051=EDGE_CURVE('',#2724,#2725,#389,.T.);
#2052=EDGE_CURVE('',#2725,#2637,#225,.T.);
#2053=EDGE_CURVE('',#2636,#2726,#226,.T.);
#2054=EDGE_CURVE('',#2726,#2727,#390,.T.);
#2055=EDGE_CURVE('',#2728,#2727,#227,.T.);
#2056=EDGE_CURVE('',#2728,#2729,#228,.T.);
#2057=EDGE_CURVE('',#2729,#2691,#229,.T.);
#2058=EDGE_CURVE('',#2690,#2730,#230,.T.);
#2059=EDGE_CURVE('',#2730,#2731,#231,.T.);
#2060=EDGE_CURVE('',#2731,#2732,#232,.T.);
#2061=EDGE_CURVE('',#2733,#2732,#233,.T.);
#2062=EDGE_CURVE('',#2733,#2734,#391,.T.);
#2063=EDGE_CURVE('',#2735,#2734,#234,.T.);
#2064=EDGE_CURVE('',#2735,#2736,#235,.T.);
#2065=EDGE_CURVE('',#2736,#2682,#236,.T.);
#2066=EDGE_CURVE('',#2681,#2737,#237,.T.);
#2067=EDGE_CURVE('',#2737,#2738,#238,.T.);
#2068=EDGE_CURVE('',#2738,#2739,#239,.T.);
#2069=EDGE_CURVE('',#2740,#2739,#240,.T.);
#2070=EDGE_CURVE('',#2740,#2741,#392,.T.);
#2071=EDGE_CURVE('',#2742,#2741,#241,.T.);
#2072=EDGE_CURVE('',#2742,#2743,#242,.T.);
#2073=EDGE_CURVE('',#2743,#2673,#243,.T.);
#2074=EDGE_CURVE('',#2672,#2744,#244,.T.);
#2075=EDGE_CURVE('',#2744,#2745,#245,.T.);
#2076=EDGE_CURVE('',#2745,#2746,#246,.T.);
#2077=EDGE_CURVE('',#2747,#2746,#247,.T.);
#2078=EDGE_CURVE('',#2747,#2748,#393,.T.);
#2079=EDGE_CURVE('',#2712,#2748,#248,.T.);
#2080=EDGE_CURVE('',#2749,#2749,#394,.T.);
#2081=EDGE_CURVE('',#2750,#2750,#395,.T.);
#2082=EDGE_CURVE('',#2751,#2751,#396,.T.);
#2083=EDGE_CURVE('',#2656,#2571,#3018,.T.);
#2084=EDGE_CURVE('',#2657,#2572,#3019,.T.);
#2085=EDGE_CURVE('',#2658,#2576,#3020,.T.);
#2086=EDGE_CURVE('',#2659,#2575,#3021,.T.);
#2087=EDGE_CURVE('',#2660,#2574,#3022,.T.);
#2088=EDGE_CURVE('',#2655,#2573,#3023,.T.);
#2089=EDGE_CURVE('',#2594,#2683,#397,.T.);
#2090=EDGE_CURVE('',#2685,#2593,#398,.T.);
#2091=EDGE_CURVE('',#2682,#2752,#249,.T.);
#2092=EDGE_CURVE('',#2628,#2736,#399,.F.);
#2093=EDGE_CURVE('',#2752,#2628,#250,.T.);
#2094=EDGE_CURVE('',#2594,#2752,#251,.T.);
#2095=EDGE_CURVE('',#2596,#2679,#400,.T.);
#2096=EDGE_CURVE('',#2680,#2595,#401,.T.);
#2097=EDGE_CURVE('',#2593,#2606,#252,.T.);
#2098=EDGE_CURVE('',#2607,#2596,#253,.T.);
#2099=EDGE_CURVE('',#2686,#2606,#402,.F.);
#2100=EDGE_CURVE('',#2629,#2735,#403,.T.);
#2101=EDGE_CURVE('',#2595,#2753,#254,.F.);
#2102=EDGE_CURVE('',#2753,#2627,#255,.F.);
#2103=EDGE_CURVE('',#2681,#2753,#256,.T.);
#2104=EDGE_CURVE('',#2607,#2678,#404,.F.);
#2105=EDGE_CURVE('',#2687,#2605,#405,.T.);
#2106=EDGE_CURVE('',#2689,#2591,#406,.T.);
#2107=EDGE_CURVE('',#2592,#2688,#407,.T.);
#2108=EDGE_CURVE('',#2690,#2754,#257,.T.);
#2109=EDGE_CURVE('',#2754,#2591,#258,.T.);
#2110=EDGE_CURVE('',#2631,#2754,#259,.T.);
#2111=EDGE_CURVE('',#2730,#2631,#408,.F.);
#2112=EDGE_CURVE('',#2644,#2734,#409,.F.);
#2113=EDGE_CURVE('',#2629,#2644,#260,.F.);
#2114=EDGE_CURVE('',#2737,#2627,#410,.F.);
#2115=EDGE_CURVE('',#2608,#2677,#411,.T.);
#2116=EDGE_CURVE('',#2592,#2605,#261,.F.);
#2117=EDGE_CURVE('',#2590,#2755,#262,.T.);
#2118=EDGE_CURVE('',#2692,#2590,#412,.F.);
#2119=EDGE_CURVE('',#2755,#2691,#263,.F.);
#2120=EDGE_CURVE('',#2632,#2755,#264,.F.);
#2121=EDGE_CURVE('',#2732,#2630,#413,.T.);
#2122=EDGE_CURVE('',#2645,#2733,#414,.T.);
#2123=EDGE_CURVE('',#2626,#2643,#265,.T.);
#2124=EDGE_CURVE('',#2739,#2626,#415,.T.);
#2125=EDGE_CURVE('',#2676,#2597,#416,.T.);
#2126=EDGE_CURVE('',#2598,#2674,#417,.T.);
#2127=EDGE_CURVE('',#2608,#2597,#266,.F.);
#2128=EDGE_CURVE('',#2589,#2616,#267,.T.);
#2129=EDGE_CURVE('',#2694,#2589,#418,.T.);
#2130=EDGE_CURVE('',#2632,#2729,#419,.F.);
#2131=EDGE_CURVE('',#2645,#2630,#268,.F.);
#2132=EDGE_CURVE('',#2740,#2643,#420,.F.);
#2133=EDGE_CURVE('',#2673,#2756,#269,.T.);
#2134=EDGE_CURVE('',#2624,#2743,#421,.F.);
#2135=EDGE_CURVE('',#2756,#2624,#270,.T.);
#2136=EDGE_CURVE('',#2598,#2756,#271,.T.);
#2137=EDGE_CURVE('',#2600,#2670,#422,.T.);
#2138=EDGE_CURVE('',#2671,#2599,#423,.T.);
#2139=EDGE_CURVE('',#2609,#2600,#272,.T.);
#2140=EDGE_CURVE('',#2695,#2616,#424,.F.);
#2141=EDGE_CURVE('',#2633,#2728,#425,.T.);
#2142=EDGE_CURVE('',#2646,#2633,#273,.T.);
#2143=EDGE_CURVE('',#2741,#2642,#426,.T.);
#2144=EDGE_CURVE('',#2625,#2742,#427,.T.);
#2145=EDGE_CURVE('',#2599,#2757,#274,.F.);
#2146=EDGE_CURVE('',#2757,#2623,#275,.F.);
#2147=EDGE_CURVE('',#2672,#2757,#276,.T.);
#2148=EDGE_CURVE('',#2609,#2669,#428,.F.);
#2149=EDGE_CURVE('',#2696,#2615,#429,.T.);
#2150=EDGE_CURVE('',#2646,#2727,#430,.F.);
#2151=EDGE_CURVE('',#2625,#2642,#277,.F.);
#2152=EDGE_CURVE('',#2744,#2623,#431,.F.);
#2153=EDGE_CURVE('',#2610,#2668,#432,.T.);
#2154=EDGE_CURVE('',#2585,#2615,#278,.T.);
#2155=EDGE_CURVE('',#2647,#2726,#433,.T.);
#2156=EDGE_CURVE('',#2622,#2653,#279,.T.);
#2157=EDGE_CURVE('',#2746,#2622,#434,.T.);
#2158=EDGE_CURVE('',#2667,#2601,#435,.T.);
#2159=EDGE_CURVE('',#2602,#2665,#436,.T.);
#2160=EDGE_CURVE('',#2610,#2601,#280,.F.);
#2161=EDGE_CURVE('',#2586,#2614,#281,.T.);
#2162=EDGE_CURVE('',#2647,#2635,#282,.T.);
#2163=EDGE_CURVE('',#2747,#2653,#437,.F.);
#2164=EDGE_CURVE('',#2663,#2758,#283,.T.);
#2165=EDGE_CURVE('',#2620,#2713,#438,.F.);
#2166=EDGE_CURVE('',#2758,#2620,#284,.T.);
#2167=EDGE_CURVE('',#2602,#2758,#285,.T.);
#2168=EDGE_CURVE('',#2604,#2708,#439,.T.);
#2169=EDGE_CURVE('',#2709,#2603,#440,.T.);
#2170=EDGE_CURVE('',#2611,#2604,#286,.T.);
#2171=EDGE_CURVE('',#2697,#2614,#441,.T.);
#2172=EDGE_CURVE('',#2648,#2634,#287,.T.);
#2173=EDGE_CURVE('',#2748,#2652,#442,.T.);
#2174=EDGE_CURVE('',#2621,#2712,#443,.T.);
#2175=EDGE_CURVE('',#2603,#2759,#288,.F.);
#2176=EDGE_CURVE('',#2759,#2619,#289,.F.);
#2177=EDGE_CURVE('',#2664,#2759,#290,.T.);
#2178=EDGE_CURVE('',#2611,#2707,#444,.F.);
#2179=EDGE_CURVE('',#2698,#2613,#445,.T.);
#2180=EDGE_CURVE('',#2648,#2725,#446,.T.);
#2181=EDGE_CURVE('',#2621,#2652,#291,.F.);
#2182=EDGE_CURVE('',#2714,#2619,#447,.F.);
#2183=EDGE_CURVE('',#2612,#2706,#448,.T.);
#2184=EDGE_CURVE('',#2613,#2582,#292,.T.);
#2185=EDGE_CURVE('',#2579,#2612,#293,.T.);
#2186=EDGE_CURVE('',#2699,#2582,#449,.F.);
#2187=EDGE_CURVE('',#2649,#2724,#450,.T.);
#2188=EDGE_CURVE('',#2618,#2651,#294,.T.);
#2189=EDGE_CURVE('',#2716,#2618,#451,.T.);
#2190=EDGE_CURVE('',#2579,#2705,#452,.F.);
#2191=EDGE_CURVE('',#2700,#2581,#453,.T.);
#2192=EDGE_CURVE('',#2723,#2638,#454,.T.);
#2193=EDGE_CURVE('',#2639,#2721,#455,.T.);
#2194=EDGE_CURVE('',#2649,#2638,#295,.F.);
#2195=EDGE_CURVE('',#2717,#2651,#456,.F.);
#2196=EDGE_CURVE('',#2580,#2703,#457,.T.);
#2197=EDGE_CURVE('',#2701,#2760,#296,.T.);
#2198=EDGE_CURVE('',#2760,#2581,#297,.T.);
#2199=EDGE_CURVE('',#2639,#2760,#298,.T.);
#2200=EDGE_CURVE('',#2650,#2641,#299,.T.);
#2201=EDGE_CURVE('',#2718,#2650,#458,.T.);
#2202=EDGE_CURVE('',#2580,#2761,#300,.T.);
#2203=EDGE_CURVE('',#2761,#2702,#301,.F.);
#2204=EDGE_CURVE('',#2640,#2761,#302,.F.);
#2205=EDGE_CURVE('',#2719,#2641,#459,.F.);
#2206=EDGE_CURVE('',#2640,#2720,#460,.F.);
#2207=EDGE_CURVE('',#2762,#2763,#3024,.T.);
#2208=EDGE_CURVE('',#2763,#2764,#3025,.T.);
#2209=EDGE_CURVE('',#2764,#2765,#3026,.T.);
#2210=EDGE_CURVE('',#2765,#2766,#3027,.T.);
#2211=EDGE_CURVE('',#2766,#2767,#3028,.T.);
#2212=EDGE_CURVE('',#2767,#2768,#3029,.T.);
#2213=EDGE_CURVE('',#2768,#2769,#3030,.T.);
#2214=EDGE_CURVE('',#2769,#2770,#3031,.T.);
#2215=EDGE_CURVE('',#2770,#2762,#3032,.T.);
#2216=EDGE_CURVE('',#2771,#2772,#461,.T.);
#2217=EDGE_CURVE('',#2771,#2773,#462,.F.);
#2218=EDGE_CURVE('',#2773,#2774,#3033,.T.);
#2219=EDGE_CURVE('',#2774,#2775,#463,.F.);
#2220=EDGE_CURVE('',#2775,#2776,#464,.T.);
#2221=EDGE_CURVE('',#2776,#2777,#465,.F.);
#2222=EDGE_CURVE('',#2778,#2777,#3034,.T.);
#2223=EDGE_CURVE('',#2778,#2772,#466,.F.);
#2224=EDGE_CURVE('',#2779,#2780,#467,.T.);
#2225=EDGE_CURVE('',#2779,#2781,#468,.F.);
#2226=EDGE_CURVE('',#2781,#2782,#3035,.T.);
#2227=EDGE_CURVE('',#2782,#2783,#469,.F.);
#2228=EDGE_CURVE('',#2783,#2784,#470,.T.);
#2229=EDGE_CURVE('',#2784,#2785,#471,.F.);
#2230=EDGE_CURVE('',#2786,#2785,#3036,.T.);
#2231=EDGE_CURVE('',#2786,#2780,#472,.F.);
#2232=EDGE_CURVE('',#2787,#2788,#473,.T.);
#2233=EDGE_CURVE('',#2787,#2789,#474,.F.);
#2234=EDGE_CURVE('',#2789,#2790,#3037,.T.);
#2235=EDGE_CURVE('',#2790,#2791,#475,.F.);
#2236=EDGE_CURVE('',#2791,#2792,#476,.T.);
#2237=EDGE_CURVE('',#2792,#2793,#477,.F.);
#2238=EDGE_CURVE('',#2794,#2793,#3038,.T.);
#2239=EDGE_CURVE('',#2794,#2788,#478,.F.);
#2240=EDGE_CURVE('',#2795,#2796,#479,.T.);
#2241=EDGE_CURVE('',#2795,#2797,#480,.F.);
#2242=EDGE_CURVE('',#2797,#2798,#3039,.T.);
#2243=EDGE_CURVE('',#2798,#2799,#481,.F.);
#2244=EDGE_CURVE('',#2799,#2800,#482,.T.);
#2245=EDGE_CURVE('',#2800,#2801,#483,.F.);
#2246=EDGE_CURVE('',#2802,#2801,#3040,.T.);
#2247=EDGE_CURVE('',#2802,#2796,#484,.F.);
#2248=EDGE_CURVE('',#2803,#2804,#485,.T.);
#2249=EDGE_CURVE('',#2803,#2805,#486,.F.);
#2250=EDGE_CURVE('',#2805,#2806,#3041,.T.);
#2251=EDGE_CURVE('',#2806,#2807,#487,.F.);
#2252=EDGE_CURVE('',#2807,#2808,#488,.T.);
#2253=EDGE_CURVE('',#2808,#2809,#489,.F.);
#2254=EDGE_CURVE('',#2810,#2809,#3042,.T.);
#2255=EDGE_CURVE('',#2810,#2804,#490,.F.);
#2256=EDGE_CURVE('',#2811,#2812,#491,.T.);
#2257=EDGE_CURVE('',#2811,#2813,#492,.F.);
#2258=EDGE_CURVE('',#2813,#2814,#3043,.T.);
#2259=EDGE_CURVE('',#2814,#2815,#493,.F.);
#2260=EDGE_CURVE('',#2815,#2816,#494,.T.);
#2261=EDGE_CURVE('',#2816,#2817,#495,.F.);
#2262=EDGE_CURVE('',#2818,#2817,#3044,.T.);
#2263=EDGE_CURVE('',#2818,#2812,#496,.F.);
#2264=EDGE_CURVE('',#2819,#2819,#497,.T.);
#2265=EDGE_CURVE('',#2820,#2820,#498,.T.);
#2266=EDGE_CURVE('',#2821,#2822,#3045,.T.);
#2267=EDGE_CURVE('',#2823,#2821,#3046,.T.);
#2268=EDGE_CURVE('',#2824,#2823,#3047,.T.);
#2269=EDGE_CURVE('',#2825,#2824,#3048,.T.);
#2270=EDGE_CURVE('',#2826,#2825,#3049,.T.);
#2271=EDGE_CURVE('',#2827,#2826,#3050,.T.);
#2272=EDGE_CURVE('',#2828,#2827,#3051,.T.);
#2273=EDGE_CURVE('',#2829,#2828,#3052,.T.);
#2274=EDGE_CURVE('',#2830,#2829,#3053,.T.);
#2275=EDGE_CURVE('',#2822,#2830,#3054,.T.);
#2276=EDGE_CURVE('',#2831,#2832,#3055,.T.);
#2277=EDGE_CURVE('',#2833,#2831,#3056,.T.);
#2278=EDGE_CURVE('',#2834,#2833,#3057,.T.);
#2279=EDGE_CURVE('',#2832,#2834,#3058,.T.);
#2280=EDGE_CURVE('',#2835,#2836,#3059,.T.);
#2281=EDGE_CURVE('',#2837,#2835,#3060,.T.);
#2282=EDGE_CURVE('',#2838,#2837,#3061,.T.);
#2283=EDGE_CURVE('',#2839,#2838,#3062,.T.);
#2284=EDGE_CURVE('',#2840,#2839,#3063,.T.);
#2285=EDGE_CURVE('',#2841,#2840,#3064,.T.);
#2286=EDGE_CURVE('',#2842,#2841,#3065,.T.);
#2287=EDGE_CURVE('',#2843,#2842,#3066,.T.);
#2288=EDGE_CURVE('',#2844,#2843,#3067,.T.);
#2289=EDGE_CURVE('',#2845,#2844,#3068,.T.);
#2290=EDGE_CURVE('',#2846,#2845,#3069,.T.);
#2291=EDGE_CURVE('',#2847,#2846,#3070,.T.);
#2292=EDGE_CURVE('',#2836,#2847,#3071,.T.);
#2293=EDGE_CURVE('',#2848,#2849,#3072,.T.);
#2294=EDGE_CURVE('',#2850,#2848,#3073,.T.);
#2295=EDGE_CURVE('',#2851,#2850,#3074,.T.);
#2296=EDGE_CURVE('',#2852,#2851,#3075,.T.);
#2297=EDGE_CURVE('',#2853,#2852,#3076,.T.);
#2298=EDGE_CURVE('',#2854,#2853,#3077,.T.);
#2299=EDGE_CURVE('',#2855,#2854,#3078,.T.);
#2300=EDGE_CURVE('',#2856,#2855,#3079,.T.);
#2301=EDGE_CURVE('',#2857,#2856,#3080,.T.);
#2302=EDGE_CURVE('',#2858,#2857,#3081,.T.);
#2303=EDGE_CURVE('',#2859,#2858,#3082,.T.);
#2304=EDGE_CURVE('',#2860,#2859,#3083,.T.);
#2305=EDGE_CURVE('',#2849,#2860,#3084,.T.);
#2306=EDGE_CURVE('',#2861,#2862,#3085,.T.);
#2307=EDGE_CURVE('',#2862,#2863,#3086,.T.);
#2308=EDGE_CURVE('',#2863,#2864,#3087,.T.);
#2309=EDGE_CURVE('',#2864,#2865,#3088,.T.);
#2310=EDGE_CURVE('',#2865,#2866,#3089,.T.);
#2311=EDGE_CURVE('',#2866,#2867,#3090,.T.);
#2312=EDGE_CURVE('',#2867,#2868,#3091,.T.);
#2313=EDGE_CURVE('',#2868,#2869,#3092,.T.);
#2314=EDGE_CURVE('',#2869,#2861,#3093,.T.);
#2315=EDGE_CURVE('',#2870,#2870,#499,.T.);
#2316=EDGE_CURVE('',#2871,#2871,#500,.T.);
#2317=EDGE_CURVE('',#2872,#2873,#3094,.T.);
#2318=EDGE_CURVE('',#2872,#2874,#501,.T.);
#2319=EDGE_CURVE('',#2874,#2875,#502,.T.);
#2320=EDGE_CURVE('',#2875,#2876,#503,.T.);
#2321=EDGE_CURVE('',#2876,#2877,#3095,.T.);
#2322=EDGE_CURVE('',#2877,#2878,#504,.T.);
#2323=EDGE_CURVE('',#2879,#2878,#505,.T.);
#2324=EDGE_CURVE('',#2879,#2873,#506,.T.);
#2325=EDGE_CURVE('',#2880,#2881,#3096,.T.);
#2326=EDGE_CURVE('',#2880,#2882,#507,.T.);
#2327=EDGE_CURVE('',#2882,#2883,#508,.T.);
#2328=EDGE_CURVE('',#2883,#2884,#509,.T.);
#2329=EDGE_CURVE('',#2884,#2885,#3097,.T.);
#2330=EDGE_CURVE('',#2885,#2886,#510,.T.);
#2331=EDGE_CURVE('',#2887,#2886,#511,.T.);
#2332=EDGE_CURVE('',#2887,#2881,#512,.T.);
#2333=EDGE_CURVE('',#2888,#2889,#3098,.T.);
#2334=EDGE_CURVE('',#2888,#2890,#513,.T.);
#2335=EDGE_CURVE('',#2890,#2891,#514,.T.);
#2336=EDGE_CURVE('',#2891,#2892,#515,.T.);
#2337=EDGE_CURVE('',#2892,#2893,#3099,.T.);
#2338=EDGE_CURVE('',#2893,#2894,#516,.T.);
#2339=EDGE_CURVE('',#2895,#2894,#517,.T.);
#2340=EDGE_CURVE('',#2895,#2889,#518,.T.);
#2341=EDGE_CURVE('',#2896,#2897,#3100,.T.);
#2342=EDGE_CURVE('',#2896,#2898,#519,.T.);
#2343=EDGE_CURVE('',#2898,#2899,#520,.T.);
#2344=EDGE_CURVE('',#2899,#2900,#521,.T.);
#2345=EDGE_CURVE('',#2900,#2901,#3101,.T.);
#2346=EDGE_CURVE('',#2901,#2902,#522,.T.);
#2347=EDGE_CURVE('',#2903,#2902,#523,.T.);
#2348=EDGE_CURVE('',#2903,#2897,#524,.T.);
#2349=EDGE_CURVE('',#2904,#2905,#3102,.T.);
#2350=EDGE_CURVE('',#2904,#2906,#525,.T.);
#2351=EDGE_CURVE('',#2906,#2907,#526,.T.);
#2352=EDGE_CURVE('',#2907,#2908,#527,.T.);
#2353=EDGE_CURVE('',#2908,#2909,#3103,.T.);
#2354=EDGE_CURVE('',#2909,#2910,#528,.T.);
#2355=EDGE_CURVE('',#2911,#2910,#529,.T.);
#2356=EDGE_CURVE('',#2911,#2905,#530,.T.);
#2357=EDGE_CURVE('',#2912,#2913,#3104,.T.);
#2358=EDGE_CURVE('',#2912,#2914,#531,.T.);
#2359=EDGE_CURVE('',#2914,#2915,#532,.T.);
#2360=EDGE_CURVE('',#2915,#2916,#533,.T.);
#2361=EDGE_CURVE('',#2916,#2917,#3105,.T.);
#2362=EDGE_CURVE('',#2917,#2918,#534,.T.);
#2363=EDGE_CURVE('',#2919,#2918,#535,.T.);
#2364=EDGE_CURVE('',#2919,#2913,#536,.T.);
#2365=EDGE_CURVE('',#2920,#2921,#3106,.T.);
#2366=EDGE_CURVE('',#2922,#2920,#3107,.T.);
#2367=EDGE_CURVE('',#2923,#2922,#3108,.T.);
#2368=EDGE_CURVE('',#2921,#2923,#3109,.T.);
#2369=EDGE_CURVE('',#2924,#2925,#3110,.T.);
#2370=EDGE_CURVE('',#2926,#2924,#3111,.T.);
#2371=EDGE_CURVE('',#2927,#2926,#3112,.T.);
#2372=EDGE_CURVE('',#2928,#2927,#3113,.T.);
#2373=EDGE_CURVE('',#2929,#2928,#3114,.T.);
#2374=EDGE_CURVE('',#2930,#2929,#3115,.T.);
#2375=EDGE_CURVE('',#2931,#2930,#3116,.T.);
#2376=EDGE_CURVE('',#2932,#2931,#3117,.T.);
#2377=EDGE_CURVE('',#2933,#2932,#3118,.T.);
#2378=EDGE_CURVE('',#2925,#2933,#3119,.T.);
#2379=EDGE_CURVE('',#2812,#2875,#3120,.T.);
#2380=EDGE_CURVE('',#2874,#2811,#3121,.F.);
#2381=EDGE_CURVE('',#2813,#2872,#3122,.T.);
#2382=EDGE_CURVE('',#2873,#2814,#3123,.T.);
#2383=EDGE_CURVE('',#2815,#2879,#3124,.T.);
#2384=EDGE_CURVE('',#2878,#2816,#3125,.F.);
#2385=EDGE_CURVE('',#2882,#2803,#3126,.F.);
#2386=EDGE_CURVE('',#2804,#2883,#3127,.T.);
#2387=EDGE_CURVE('',#2805,#2880,#3128,.T.);
#2388=EDGE_CURVE('',#2881,#2806,#3129,.T.);
#2389=EDGE_CURVE('',#2807,#2887,#3130,.T.);
#2390=EDGE_CURVE('',#2886,#2808,#3131,.F.);
#2391=EDGE_CURVE('',#2890,#2795,#3132,.F.);
#2392=EDGE_CURVE('',#2796,#2891,#3133,.T.);
#2393=EDGE_CURVE('',#2797,#2888,#3134,.T.);
#2394=EDGE_CURVE('',#2889,#2798,#3135,.T.);
#2395=EDGE_CURVE('',#2799,#2895,#3136,.T.);
#2396=EDGE_CURVE('',#2894,#2800,#3137,.F.);
#2397=EDGE_CURVE('',#2898,#2787,#3138,.F.);
#2398=EDGE_CURVE('',#2788,#2899,#3139,.T.);
#2399=EDGE_CURVE('',#2789,#2896,#3140,.T.);
#2400=EDGE_CURVE('',#2897,#2790,#3141,.T.);
#2401=EDGE_CURVE('',#2791,#2903,#3142,.T.);
#2402=EDGE_CURVE('',#2902,#2792,#3143,.F.);
#2403=EDGE_CURVE('',#2906,#2779,#3144,.F.);
#2404=EDGE_CURVE('',#2780,#2907,#3145,.T.);
#2405=EDGE_CURVE('',#2781,#2904,#3146,.T.);
#2406=EDGE_CURVE('',#2905,#2782,#3147,.T.);
#2407=EDGE_CURVE('',#2783,#2911,#3148,.T.);
#2408=EDGE_CURVE('',#2910,#2784,#3149,.F.);
#2409=EDGE_CURVE('',#2914,#2771,#3150,.F.);
#2410=EDGE_CURVE('',#2772,#2915,#3151,.T.);
#2411=EDGE_CURVE('',#2773,#2912,#3152,.T.);
#2412=EDGE_CURVE('',#2913,#2774,#3153,.T.);
#2413=EDGE_CURVE('',#2775,#2919,#3154,.T.);
#2414=EDGE_CURVE('',#2918,#2776,#3155,.F.);
#2415=EDGE_CURVE('',#2876,#2818,#3156,.T.);
#2416=EDGE_CURVE('',#2817,#2877,#3157,.T.);
#2417=EDGE_CURVE('',#2884,#2810,#3158,.T.);
#2418=EDGE_CURVE('',#2809,#2885,#3159,.T.);
#2419=EDGE_CURVE('',#2892,#2802,#3160,.T.);
#2420=EDGE_CURVE('',#2801,#2893,#3161,.T.);
#2421=EDGE_CURVE('',#2900,#2794,#3162,.T.);
#2422=EDGE_CURVE('',#2793,#2901,#3163,.T.);
#2423=EDGE_CURVE('',#2908,#2786,#3164,.T.);
#2424=EDGE_CURVE('',#2785,#2909,#3165,.T.);
#2425=EDGE_CURVE('',#2916,#2778,#3166,.T.);
#2426=EDGE_CURVE('',#2777,#2917,#3167,.T.);
#2427=EDGE_CURVE('',#2934,#2921,#3168,.T.);
#2428=EDGE_CURVE('',#2935,#2934,#3169,.T.);
#2429=EDGE_CURVE('',#2935,#2920,#3170,.T.);
#2430=EDGE_CURVE('',#2936,#2923,#3171,.T.);
#2431=EDGE_CURVE('',#2934,#2936,#3172,.T.);
#2432=EDGE_CURVE('',#2937,#2922,#3173,.T.);
#2433=EDGE_CURVE('',#2936,#2937,#3174,.T.);
#2434=EDGE_CURVE('',#2937,#2935,#3175,.T.);
#2435=EDGE_CURVE('',#2938,#2862,#3176,.T.);
#2436=EDGE_CURVE('',#2938,#2939,#3177,.T.);
#2437=EDGE_CURVE('',#2939,#2863,#3178,.T.);
#2438=EDGE_CURVE('',#2940,#2861,#3179,.T.);
#2439=EDGE_CURVE('',#2940,#2938,#3180,.T.);
#2440=EDGE_CURVE('',#2941,#2869,#3181,.T.);
#2441=EDGE_CURVE('',#2941,#2940,#3182,.T.);
#2442=EDGE_CURVE('',#2942,#2868,#3183,.T.);
#2443=EDGE_CURVE('',#2942,#2941,#3184,.T.);
#2444=EDGE_CURVE('',#2943,#2867,#3185,.T.);
#2445=EDGE_CURVE('',#2943,#2942,#3186,.T.);
#2446=EDGE_CURVE('',#2944,#2866,#3187,.T.);
#2447=EDGE_CURVE('',#2944,#2943,#3188,.T.);
#2448=EDGE_CURVE('',#2945,#2865,#3189,.T.);
#2449=EDGE_CURVE('',#2945,#2944,#3190,.T.);
#2450=EDGE_CURVE('',#2946,#2864,#3191,.T.);
#2451=EDGE_CURVE('',#2946,#2945,#3192,.T.);
#2452=EDGE_CURVE('',#2939,#2946,#3193,.T.);
#2453=EDGE_CURVE('',#2947,#2849,#3194,.T.);
#2454=EDGE_CURVE('',#2948,#2947,#3195,.T.);
#2455=EDGE_CURVE('',#2948,#2848,#3196,.T.);
#2456=EDGE_CURVE('',#2949,#2860,#3197,.T.);
#2457=EDGE_CURVE('',#2947,#2949,#3198,.T.);
#2458=EDGE_CURVE('',#2950,#2859,#3199,.T.);
#2459=EDGE_CURVE('',#2949,#2950,#3200,.T.);
#2460=EDGE_CURVE('',#2951,#2858,#3201,.T.);
#2461=EDGE_CURVE('',#2950,#2951,#3202,.T.);
#2462=EDGE_CURVE('',#2952,#2857,#3203,.T.);
#2463=EDGE_CURVE('',#2951,#2952,#3204,.T.);
#2464=EDGE_CURVE('',#2953,#2856,#3205,.T.);
#2465=EDGE_CURVE('',#2952,#2953,#3206,.T.);
#2466=EDGE_CURVE('',#2954,#2855,#3207,.T.);
#2467=EDGE_CURVE('',#2953,#2954,#3208,.T.);
#2468=EDGE_CURVE('',#2955,#2854,#3209,.T.);
#2469=EDGE_CURVE('',#2954,#2955,#3210,.T.);
#2470=EDGE_CURVE('',#2956,#2853,#3211,.T.);
#2471=EDGE_CURVE('',#2955,#2956,#3212,.T.);
#2472=EDGE_CURVE('',#2957,#2852,#3213,.T.);
#2473=EDGE_CURVE('',#2956,#2957,#3214,.T.);
#2474=EDGE_CURVE('',#2958,#2851,#3215,.T.);
#2475=EDGE_CURVE('',#2957,#2958,#3216,.T.);
#2476=EDGE_CURVE('',#2959,#2850,#3217,.T.);
#2477=EDGE_CURVE('',#2958,#2959,#3218,.T.);
#2478=EDGE_CURVE('',#2959,#2948,#3219,.T.);
#2479=EDGE_CURVE('',#2960,#2925,#3220,.T.);
#2480=EDGE_CURVE('',#2961,#2960,#3221,.T.);
#2481=EDGE_CURVE('',#2961,#2924,#3222,.T.);
#2482=EDGE_CURVE('',#2962,#2933,#3223,.T.);
#2483=EDGE_CURVE('',#2960,#2962,#3224,.T.);
#2484=EDGE_CURVE('',#2963,#2932,#3225,.T.);
#2485=EDGE_CURVE('',#2962,#2963,#3226,.T.);
#2486=EDGE_CURVE('',#2964,#2931,#3227,.T.);
#2487=EDGE_CURVE('',#2963,#2964,#3228,.T.);
#2488=EDGE_CURVE('',#2965,#2930,#3229,.T.);
#2489=EDGE_CURVE('',#2964,#2965,#3230,.T.);
#2490=EDGE_CURVE('',#2966,#2929,#3231,.T.);
#2491=EDGE_CURVE('',#2965,#2966,#3232,.T.);
#2492=EDGE_CURVE('',#2967,#2928,#3233,.T.);
#2493=EDGE_CURVE('',#2966,#2967,#3234,.T.);
#2494=EDGE_CURVE('',#2968,#2927,#3235,.T.);
#2495=EDGE_CURVE('',#2967,#2968,#3236,.T.);
#2496=EDGE_CURVE('',#2969,#2926,#3237,.T.);
#2497=EDGE_CURVE('',#2968,#2969,#3238,.T.);
#2498=EDGE_CURVE('',#2969,#2961,#3239,.T.);
#2499=EDGE_CURVE('',#2970,#2821,#3240,.T.);
#2500=EDGE_CURVE('',#2971,#2970,#3241,.T.);
#2501=EDGE_CURVE('',#2971,#2823,#3242,.T.);
#2502=EDGE_CURVE('',#2972,#2822,#3243,.T.);
#2503=EDGE_CURVE('',#2970,#2972,#3244,.T.);
#2504=EDGE_CURVE('',#2973,#2830,#3245,.T.);
#2505=EDGE_CURVE('',#2972,#2973,#3246,.T.);
#2506=EDGE_CURVE('',#2974,#2829,#3247,.T.);
#2507=EDGE_CURVE('',#2973,#2974,#3248,.T.);
#2508=EDGE_CURVE('',#2975,#2828,#3249,.T.);
#2509=EDGE_CURVE('',#2974,#2975,#3250,.T.);
#2510=EDGE_CURVE('',#2976,#2827,#3251,.T.);
#2511=EDGE_CURVE('',#2975,#2976,#3252,.T.);
#2512=EDGE_CURVE('',#2977,#2826,#3253,.T.);
#2513=EDGE_CURVE('',#2976,#2977,#3254,.T.);
#2514=EDGE_CURVE('',#2978,#2825,#3255,.T.);
#2515=EDGE_CURVE('',#2977,#2978,#3256,.T.);
#2516=EDGE_CURVE('',#2979,#2824,#3257,.T.);
#2517=EDGE_CURVE('',#2978,#2979,#3258,.T.);
#2518=EDGE_CURVE('',#2979,#2971,#3259,.T.);
#2519=EDGE_CURVE('',#2980,#2831,#3260,.T.);
#2520=EDGE_CURVE('',#2981,#2980,#3261,.T.);
#2521=EDGE_CURVE('',#2981,#2833,#3262,.T.);
#2522=EDGE_CURVE('',#2982,#2832,#3263,.T.);
#2523=EDGE_CURVE('',#2980,#2982,#3264,.T.);
#2524=EDGE_CURVE('',#2983,#2834,#3265,.T.);
#2525=EDGE_CURVE('',#2982,#2983,#3266,.T.);
#2526=EDGE_CURVE('',#2983,#2981,#3267,.T.);
#2527=EDGE_CURVE('',#2984,#2762,#3268,.T.);
#2528=EDGE_CURVE('',#2984,#2985,#3269,.T.);
#2529=EDGE_CURVE('',#2985,#2763,#3270,.T.);
#2530=EDGE_CURVE('',#2986,#2770,#3271,.T.);
#2531=EDGE_CURVE('',#2986,#2984,#3272,.T.);
#2532=EDGE_CURVE('',#2987,#2769,#3273,.T.);
#2533=EDGE_CURVE('',#2987,#2986,#3274,.T.);
#2534=EDGE_CURVE('',#2988,#2768,#3275,.T.);
#2535=EDGE_CURVE('',#2988,#2987,#3276,.T.);
#2536=EDGE_CURVE('',#2989,#2767,#3277,.T.);
#2537=EDGE_CURVE('',#2989,#2988,#3278,.T.);
#2538=EDGE_CURVE('',#2990,#2766,#3279,.T.);
#2539=EDGE_CURVE('',#2990,#2989,#3280,.T.);
#2540=EDGE_CURVE('',#2991,#2765,#3281,.T.);
#2541=EDGE_CURVE('',#2991,#2990,#3282,.T.);
#2542=EDGE_CURVE('',#2992,#2764,#3283,.T.);
#2543=EDGE_CURVE('',#2992,#2991,#3284,.T.);
#2544=EDGE_CURVE('',#2985,#2992,#3285,.T.);
#2545=EDGE_CURVE('',#2993,#2835,#3286,.T.);
#2546=EDGE_CURVE('',#2994,#2993,#3287,.T.);
#2547=EDGE_CURVE('',#2994,#2837,#3288,.T.);
#2548=EDGE_CURVE('',#2995,#2836,#3289,.T.);
#2549=EDGE_CURVE('',#2993,#2995,#3290,.T.);
#2550=EDGE_CURVE('',#2996,#2847,#3291,.T.);
#2551=EDGE_CURVE('',#2995,#2996,#3292,.T.);
#2552=EDGE_CURVE('',#2997,#2846,#3293,.T.);
#2553=EDGE_CURVE('',#2996,#2997,#3294,.T.);
#2554=EDGE_CURVE('',#2998,#2845,#3295,.T.);
#2555=EDGE_CURVE('',#2997,#2998,#3296,.T.);
#2556=EDGE_CURVE('',#2999,#2844,#3297,.T.);
#2557=EDGE_CURVE('',#2998,#2999,#3298,.T.);
#2558=EDGE_CURVE('',#3000,#2843,#3299,.T.);
#2559=EDGE_CURVE('',#2999,#3000,#3300,.T.);
#2560=EDGE_CURVE('',#3001,#2842,#3301,.T.);
#2561=EDGE_CURVE('',#3000,#3001,#3302,.T.);
#2562=EDGE_CURVE('',#3002,#2841,#3303,.T.);
#2563=EDGE_CURVE('',#3001,#3002,#3304,.T.);
#2564=EDGE_CURVE('',#3003,#2840,#3305,.T.);
#2565=EDGE_CURVE('',#3002,#3003,#3306,.T.);
#2566=EDGE_CURVE('',#3004,#2839,#3307,.T.);
#2567=EDGE_CURVE('',#3003,#3004,#3308,.T.);
#2568=EDGE_CURVE('',#3005,#2838,#3309,.T.);
#2569=EDGE_CURVE('',#3004,#3005,#3310,.T.);
#2570=EDGE_CURVE('',#3005,#2994,#3311,.T.);
#2571=VERTEX_POINT('',#6136);
#2572=VERTEX_POINT('',#6137);
#2573=VERTEX_POINT('',#6139);
#2574=VERTEX_POINT('',#6141);
#2575=VERTEX_POINT('',#6143);
#2576=VERTEX_POINT('',#6145);
#2577=VERTEX_POINT('',#6148);
#2578=VERTEX_POINT('',#6151);
#2579=VERTEX_POINT('',#6157);
#2580=VERTEX_POINT('',#6158);
#2581=VERTEX_POINT('',#6160);
#2582=VERTEX_POINT('',#6165);
#2583=VERTEX_POINT('',#6172);
#2584=VERTEX_POINT('',#6173);
#2585=VERTEX_POINT('',#6178);
#2586=VERTEX_POINT('',#6180);
#2587=VERTEX_POINT('',#6185);
#2588=VERTEX_POINT('',#6190);
#2589=VERTEX_POINT('',#6197);
#2590=VERTEX_POINT('',#6198);
#2591=VERTEX_POINT('',#6200);
#2592=VERTEX_POINT('',#6205);
#2593=VERTEX_POINT('',#6212);
#2594=VERTEX_POINT('',#6213);
#2595=VERTEX_POINT('',#6215);
#2596=VERTEX_POINT('',#6220);
#2597=VERTEX_POINT('',#6227);
#2598=VERTEX_POINT('',#6228);
#2599=VERTEX_POINT('',#6230);
#2600=VERTEX_POINT('',#6235);
#2601=VERTEX_POINT('',#6242);
#2602=VERTEX_POINT('',#6243);
#2603=VERTEX_POINT('',#6245);
#2604=VERTEX_POINT('',#6250);
#2605=VERTEX_POINT('',#6254);
#2606=VERTEX_POINT('',#6255);
#2607=VERTEX_POINT('',#6257);
#2608=VERTEX_POINT('',#6259);
#2609=VERTEX_POINT('',#6261);
#2610=VERTEX_POINT('',#6263);
#2611=VERTEX_POINT('',#6265);
#2612=VERTEX_POINT('',#6267);
#2613=VERTEX_POINT('',#6269);
#2614=VERTEX_POINT('',#6271);
#2615=VERTEX_POINT('',#6273);
#2616=VERTEX_POINT('',#6275);
#2617=VERTEX_POINT('',#6278);
#2618=VERTEX_POINT('',#6284);
#2619=VERTEX_POINT('',#6285);
#2620=VERTEX_POINT('',#6287);
#2621=VERTEX_POINT('',#6292);
#2622=VERTEX_POINT('',#6299);
#2623=VERTEX_POINT('',#6300);
#2624=VERTEX_POINT('',#6302);
#2625=VERTEX_POINT('',#6307);
#2626=VERTEX_POINT('',#6314);
#2627=VERTEX_POINT('',#6315);
#2628=VERTEX_POINT('',#6317);
#2629=VERTEX_POINT('',#6322);
#2630=VERTEX_POINT('',#6329);
#2631=VERTEX_POINT('',#6330);
#2632=VERTEX_POINT('',#6332);
#2633=VERTEX_POINT('',#6337);
#2634=VERTEX_POINT('',#6341);
#2635=VERTEX_POINT('',#6342);
#2636=VERTEX_POINT('',#6347);
#2637=VERTEX_POINT('',#6356);
#2638=VERTEX_POINT('',#6366);
#2639=VERTEX_POINT('',#6367);
#2640=VERTEX_POINT('',#6369);
#2641=VERTEX_POINT('',#6374);
#2642=VERTEX_POINT('',#6378);
#2643=VERTEX_POINT('',#6379);
#2644=VERTEX_POINT('',#6381);
#2645=VERTEX_POINT('',#6383);
#2646=VERTEX_POINT('',#6385);
#2647=VERTEX_POINT('',#6387);
#2648=VERTEX_POINT('',#6389);
#2649=VERTEX_POINT('',#6391);
#2650=VERTEX_POINT('',#6393);
#2651=VERTEX_POINT('',#6395);
#2652=VERTEX_POINT('',#6397);
#2653=VERTEX_POINT('',#6399);
#2654=VERTEX_POINT('',#6402);
#2655=VERTEX_POINT('',#6405);
#2656=VERTEX_POINT('',#6406);
#2657=VERTEX_POINT('',#6408);
#2658=VERTEX_POINT('',#6410);
#2659=VERTEX_POINT('',#6412);
#2660=VERTEX_POINT('',#6414);
#2661=VERTEX_POINT('',#6417);
#2662=VERTEX_POINT('',#6420);
#2663=VERTEX_POINT('',#6423);
#2664=VERTEX_POINT('',#6424);
#2665=VERTEX_POINT('',#6429);
#2666=VERTEX_POINT('',#6434);
#2667=VERTEX_POINT('',#6439);
#2668=VERTEX_POINT('',#6444);
#2669=VERTEX_POINT('',#6446);
#2670=VERTEX_POINT('',#6451);
#2671=VERTEX_POINT('',#6456);
#2672=VERTEX_POINT('',#6461);
#2673=VERTEX_POINT('',#6463);
#2674=VERTEX_POINT('',#6468);
#2675=VERTEX_POINT('',#6473);
#2676=VERTEX_POINT('',#6478);
#2677=VERTEX_POINT('',#6483);
#2678=VERTEX_POINT('',#6485);
#2679=VERTEX_POINT('',#6490);
#2680=VERTEX_POINT('',#6495);
#2681=VERTEX_POINT('',#6500);
#2682=VERTEX_POINT('',#6502);
#2683=VERTEX_POINT('',#6507);
#2684=VERTEX_POINT('',#6512);
#2685=VERTEX_POINT('',#6517);
#2686=VERTEX_POINT('',#6522);
#2687=VERTEX_POINT('',#6524);
#2688=VERTEX_POINT('',#6529);
#2689=VERTEX_POINT('',#6534);
#2690=VERTEX_POINT('',#6539);
#2691=VERTEX_POINT('',#6541);
#2692=VERTEX_POINT('',#6546);
#2693=VERTEX_POINT('',#6551);
#2694=VERTEX_POINT('',#6556);
#2695=VERTEX_POINT('',#6561);
#2696=VERTEX_POINT('',#6563);
#2697=VERTEX_POINT('',#6575);
#2698=VERTEX_POINT('',#6577);
#2699=VERTEX_POINT('',#6582);
#2700=VERTEX_POINT('',#6587);
#2701=VERTEX_POINT('',#6592);
#2702=VERTEX_POINT('',#6594);
#2703=VERTEX_POINT('',#6599);
#2704=VERTEX_POINT('',#6604);
#2705=VERTEX_POINT('',#6609);
#2706=VERTEX_POINT('',#6614);
#2707=VERTEX_POINT('',#6616);
#2708=VERTEX_POINT('',#6621);
#2709=VERTEX_POINT('',#6626);
#2710=VERTEX_POINT('',#6632);
#2711=VERTEX_POINT('',#6635);
#2712=VERTEX_POINT('',#6641);
#2713=VERTEX_POINT('',#6642);
#2714=VERTEX_POINT('',#6651);
#2715=VERTEX_POINT('',#6656);
#2716=VERTEX_POINT('',#6661);
#2717=VERTEX_POINT('',#6666);
#2718=VERTEX_POINT('',#6668);
#2719=VERTEX_POINT('',#6673);
#2720=VERTEX_POINT('',#6678);
#2721=VERTEX_POINT('',#6687);
#2722=VERTEX_POINT('',#6692);
#2723=VERTEX_POINT('',#6697);
#2724=VERTEX_POINT('',#6702);
#2725=VERTEX_POINT('',#6704);
#2726=VERTEX_POINT('',#6715);
#2727=VERTEX_POINT('',#6717);
#2728=VERTEX_POINT('',#6722);
#2729=VERTEX_POINT('',#6727);
#2730=VERTEX_POINT('',#6736);
#2731=VERTEX_POINT('',#6741);
#2732=VERTEX_POINT('',#6746);
#2733=VERTEX_POINT('',#6751);
#2734=VERTEX_POINT('',#6753);
#2735=VERTEX_POINT('',#6758);
#2736=VERTEX_POINT('',#6763);
#2737=VERTEX_POINT('',#6772);
#2738=VERTEX_POINT('',#6777);
#2739=VERTEX_POINT('',#6782);
#2740=VERTEX_POINT('',#6787);
#2741=VERTEX_POINT('',#6789);
#2742=VERTEX_POINT('',#6794);
#2743=VERTEX_POINT('',#6799);
#2744=VERTEX_POINT('',#6808);
#2745=VERTEX_POINT('',#6813);
#2746=VERTEX_POINT('',#6818);
#2747=VERTEX_POINT('',#6823);
#2748=VERTEX_POINT('',#6825);
#2749=VERTEX_POINT('',#6831);
#2750=VERTEX_POINT('',#6834);
#2751=VERTEX_POINT('',#6837);
#2752=VERTEX_POINT('',#6881);
#2753=VERTEX_POINT('',#6957);
#2754=VERTEX_POINT('',#7023);
#2755=VERTEX_POINT('',#7109);
#2756=VERTEX_POINT('',#7259);
#2757=VERTEX_POINT('',#7351);
#2758=VERTEX_POINT('',#7553);
#2759=VERTEX_POINT('',#7635);
#2760=VERTEX_POINT('',#7858);
#2761=VERTEX_POINT('',#7902);
#2762=VERTEX_POINT('',#7955);
#2763=VERTEX_POINT('',#7956);
#2764=VERTEX_POINT('',#7958);
#2765=VERTEX_POINT('',#7960);
#2766=VERTEX_POINT('',#7962);
#2767=VERTEX_POINT('',#7964);
#2768=VERTEX_POINT('',#7966);
#2769=VERTEX_POINT('',#7968);
#2770=VERTEX_POINT('',#7970);
#2771=VERTEX_POINT('',#7973);
#2772=VERTEX_POINT('',#7974);
#2773=VERTEX_POINT('',#7976);
#2774=VERTEX_POINT('',#7978);
#2775=VERTEX_POINT('',#7980);
#2776=VERTEX_POINT('',#7982);
#2777=VERTEX_POINT('',#7984);
#2778=VERTEX_POINT('',#7986);
#2779=VERTEX_POINT('',#7989);
#2780=VERTEX_POINT('',#7990);
#2781=VERTEX_POINT('',#7992);
#2782=VERTEX_POINT('',#7994);
#2783=VERTEX_POINT('',#7996);
#2784=VERTEX_POINT('',#7998);
#2785=VERTEX_POINT('',#8000);
#2786=VERTEX_POINT('',#8002);
#2787=VERTEX_POINT('',#8005);
#2788=VERTEX_POINT('',#8006);
#2789=VERTEX_POINT('',#8008);
#2790=VERTEX_POINT('',#8010);
#2791=VERTEX_POINT('',#8012);
#2792=VERTEX_POINT('',#8014);
#2793=VERTEX_POINT('',#8016);
#2794=VERTEX_POINT('',#8018);
#2795=VERTEX_POINT('',#8021);
#2796=VERTEX_POINT('',#8022);
#2797=VERTEX_POINT('',#8024);
#2798=VERTEX_POINT('',#8026);
#2799=VERTEX_POINT('',#8028);
#2800=VERTEX_POINT('',#8030);
#2801=VERTEX_POINT('',#8032);
#2802=VERTEX_POINT('',#8034);
#2803=VERTEX_POINT('',#8037);
#2804=VERTEX_POINT('',#8038);
#2805=VERTEX_POINT('',#8040);
#2806=VERTEX_POINT('',#8042);
#2807=VERTEX_POINT('',#8044);
#2808=VERTEX_POINT('',#8046);
#2809=VERTEX_POINT('',#8048);
#2810=VERTEX_POINT('',#8050);
#2811=VERTEX_POINT('',#8053);
#2812=VERTEX_POINT('',#8054);
#2813=VERTEX_POINT('',#8056);
#2814=VERTEX_POINT('',#8058);
#2815=VERTEX_POINT('',#8060);
#2816=VERTEX_POINT('',#8062);
#2817=VERTEX_POINT('',#8064);
#2818=VERTEX_POINT('',#8066);
#2819=VERTEX_POINT('',#8069);
#2820=VERTEX_POINT('',#8071);
#2821=VERTEX_POINT('',#8073);
#2822=VERTEX_POINT('',#8074);
#2823=VERTEX_POINT('',#8076);
#2824=VERTEX_POINT('',#8078);
#2825=VERTEX_POINT('',#8080);
#2826=VERTEX_POINT('',#8082);
#2827=VERTEX_POINT('',#8084);
#2828=VERTEX_POINT('',#8086);
#2829=VERTEX_POINT('',#8088);
#2830=VERTEX_POINT('',#8090);
#2831=VERTEX_POINT('',#8093);
#2832=VERTEX_POINT('',#8094);
#2833=VERTEX_POINT('',#8096);
#2834=VERTEX_POINT('',#8098);
#2835=VERTEX_POINT('',#8101);
#2836=VERTEX_POINT('',#8102);
#2837=VERTEX_POINT('',#8104);
#2838=VERTEX_POINT('',#8106);
#2839=VERTEX_POINT('',#8108);
#2840=VERTEX_POINT('',#8110);
#2841=VERTEX_POINT('',#8112);
#2842=VERTEX_POINT('',#8114);
#2843=VERTEX_POINT('',#8116);
#2844=VERTEX_POINT('',#8118);
#2845=VERTEX_POINT('',#8120);
#2846=VERTEX_POINT('',#8122);
#2847=VERTEX_POINT('',#8124);
#2848=VERTEX_POINT('',#8128);
#2849=VERTEX_POINT('',#8129);
#2850=VERTEX_POINT('',#8131);
#2851=VERTEX_POINT('',#8133);
#2852=VERTEX_POINT('',#8135);
#2853=VERTEX_POINT('',#8137);
#2854=VERTEX_POINT('',#8139);
#2855=VERTEX_POINT('',#8141);
#2856=VERTEX_POINT('',#8143);
#2857=VERTEX_POINT('',#8145);
#2858=VERTEX_POINT('',#8147);
#2859=VERTEX_POINT('',#8149);
#2860=VERTEX_POINT('',#8151);
#2861=VERTEX_POINT('',#8154);
#2862=VERTEX_POINT('',#8155);
#2863=VERTEX_POINT('',#8157);
#2864=VERTEX_POINT('',#8159);
#2865=VERTEX_POINT('',#8161);
#2866=VERTEX_POINT('',#8163);
#2867=VERTEX_POINT('',#8165);
#2868=VERTEX_POINT('',#8167);
#2869=VERTEX_POINT('',#8169);
#2870=VERTEX_POINT('',#8172);
#2871=VERTEX_POINT('',#8174);
#2872=VERTEX_POINT('',#8176);
#2873=VERTEX_POINT('',#8177);
#2874=VERTEX_POINT('',#8179);
#2875=VERTEX_POINT('',#8181);
#2876=VERTEX_POINT('',#8183);
#2877=VERTEX_POINT('',#8185);
#2878=VERTEX_POINT('',#8187);
#2879=VERTEX_POINT('',#8189);
#2880=VERTEX_POINT('',#8192);
#2881=VERTEX_POINT('',#8193);
#2882=VERTEX_POINT('',#8195);
#2883=VERTEX_POINT('',#8197);
#2884=VERTEX_POINT('',#8199);
#2885=VERTEX_POINT('',#8201);
#2886=VERTEX_POINT('',#8203);
#2887=VERTEX_POINT('',#8205);
#2888=VERTEX_POINT('',#8208);
#2889=VERTEX_POINT('',#8209);
#2890=VERTEX_POINT('',#8211);
#2891=VERTEX_POINT('',#8213);
#2892=VERTEX_POINT('',#8215);
#2893=VERTEX_POINT('',#8217);
#2894=VERTEX_POINT('',#8219);
#2895=VERTEX_POINT('',#8221);
#2896=VERTEX_POINT('',#8224);
#2897=VERTEX_POINT('',#8225);
#2898=VERTEX_POINT('',#8227);
#2899=VERTEX_POINT('',#8229);
#2900=VERTEX_POINT('',#8231);
#2901=VERTEX_POINT('',#8233);
#2902=VERTEX_POINT('',#8235);
#2903=VERTEX_POINT('',#8237);
#2904=VERTEX_POINT('',#8240);
#2905=VERTEX_POINT('',#8241);
#2906=VERTEX_POINT('',#8243);
#2907=VERTEX_POINT('',#8245);
#2908=VERTEX_POINT('',#8247);
#2909=VERTEX_POINT('',#8249);
#2910=VERTEX_POINT('',#8251);
#2911=VERTEX_POINT('',#8253);
#2912=VERTEX_POINT('',#8256);
#2913=VERTEX_POINT('',#8257);
#2914=VERTEX_POINT('',#8259);
#2915=VERTEX_POINT('',#8261);
#2916=VERTEX_POINT('',#8263);
#2917=VERTEX_POINT('',#8265);
#2918=VERTEX_POINT('',#8267);
#2919=VERTEX_POINT('',#8269);
#2920=VERTEX_POINT('',#8272);
#2921=VERTEX_POINT('',#8273);
#2922=VERTEX_POINT('',#8275);
#2923=VERTEX_POINT('',#8277);
#2924=VERTEX_POINT('',#8280);
#2925=VERTEX_POINT('',#8281);
#2926=VERTEX_POINT('',#8283);
#2927=VERTEX_POINT('',#8285);
#2928=VERTEX_POINT('',#8287);
#2929=VERTEX_POINT('',#8289);
#2930=VERTEX_POINT('',#8291);
#2931=VERTEX_POINT('',#8293);
#2932=VERTEX_POINT('',#8295);
#2933=VERTEX_POINT('',#8297);
#2934=VERTEX_POINT('',#8399);
#2935=VERTEX_POINT('',#8401);
#2936=VERTEX_POINT('',#8405);
#2937=VERTEX_POINT('',#8409);
#2938=VERTEX_POINT('',#8416);
#2939=VERTEX_POINT('',#8418);
#2940=VERTEX_POINT('',#8422);
#2941=VERTEX_POINT('',#8426);
#2942=VERTEX_POINT('',#8430);
#2943=VERTEX_POINT('',#8434);
#2944=VERTEX_POINT('',#8438);
#2945=VERTEX_POINT('',#8442);
#2946=VERTEX_POINT('',#8446);
#2947=VERTEX_POINT('',#8453);
#2948=VERTEX_POINT('',#8455);
#2949=VERTEX_POINT('',#8459);
#2950=VERTEX_POINT('',#8463);
#2951=VERTEX_POINT('',#8467);
#2952=VERTEX_POINT('',#8471);
#2953=VERTEX_POINT('',#8475);
#2954=VERTEX_POINT('',#8479);
#2955=VERTEX_POINT('',#8483);
#2956=VERTEX_POINT('',#8487);
#2957=VERTEX_POINT('',#8491);
#2958=VERTEX_POINT('',#8495);
#2959=VERTEX_POINT('',#8499);
#2960=VERTEX_POINT('',#8506);
#2961=VERTEX_POINT('',#8508);
#2962=VERTEX_POINT('',#8512);
#2963=VERTEX_POINT('',#8516);
#2964=VERTEX_POINT('',#8520);
#2965=VERTEX_POINT('',#8524);
#2966=VERTEX_POINT('',#8528);
#2967=VERTEX_POINT('',#8532);
#2968=VERTEX_POINT('',#8536);
#2969=VERTEX_POINT('',#8540);
#2970=VERTEX_POINT('',#8547);
#2971=VERTEX_POINT('',#8549);
#2972=VERTEX_POINT('',#8553);
#2973=VERTEX_POINT('',#8557);
#2974=VERTEX_POINT('',#8561);
#2975=VERTEX_POINT('',#8565);
#2976=VERTEX_POINT('',#8569);
#2977=VERTEX_POINT('',#8573);
#2978=VERTEX_POINT('',#8577);
#2979=VERTEX_POINT('',#8581);
#2980=VERTEX_POINT('',#8588);
#2981=VERTEX_POINT('',#8590);
#2982=VERTEX_POINT('',#8594);
#2983=VERTEX_POINT('',#8598);
#2984=VERTEX_POINT('',#8605);
#2985=VERTEX_POINT('',#8607);
#2986=VERTEX_POINT('',#8611);
#2987=VERTEX_POINT('',#8615);
#2988=VERTEX_POINT('',#8619);
#2989=VERTEX_POINT('',#8623);
#2990=VERTEX_POINT('',#8627);
#2991=VERTEX_POINT('',#8631);
#2992=VERTEX_POINT('',#8635);
#2993=VERTEX_POINT('',#8642);
#2994=VERTEX_POINT('',#8644);
#2995=VERTEX_POINT('',#8648);
#2996=VERTEX_POINT('',#8652);
#2997=VERTEX_POINT('',#8656);
#2998=VERTEX_POINT('',#8660);
#2999=VERTEX_POINT('',#8664);
#3000=VERTEX_POINT('',#8668);
#3001=VERTEX_POINT('',#8672);
#3002=VERTEX_POINT('',#8676);
#3003=VERTEX_POINT('',#8680);
#3004=VERTEX_POINT('',#8684);
#3005=VERTEX_POINT('',#8688);
#3006=LINE('',#6135,#3312);
#3007=LINE('',#6138,#3313);
#3008=LINE('',#6140,#3314);
#3009=LINE('',#6142,#3315);
#3010=LINE('',#6144,#3316);
#3011=LINE('',#6146,#3317);
#3012=LINE('',#6404,#3318);
#3013=LINE('',#6407,#3319);
#3014=LINE('',#6409,#3320);
#3015=LINE('',#6411,#3321);
#3016=LINE('',#6413,#3322);
#3017=LINE('',#6415,#3323);
#3018=LINE('',#6840,#3324);
#3019=LINE('',#6841,#3325);
#3020=LINE('',#6843,#3326);
#3021=LINE('',#6845,#3327);
#3022=LINE('',#6847,#3328);
#3023=LINE('',#6849,#3329);
#3024=LINE('',#7954,#3330);
#3025=LINE('',#7957,#3331);
#3026=LINE('',#7959,#3332);
#3027=LINE('',#7961,#3333);
#3028=LINE('',#7963,#3334);
#3029=LINE('',#7965,#3335);
#3030=LINE('',#7967,#3336);
#3031=LINE('',#7969,#3337);
#3032=LINE('',#7971,#3338);
#3033=LINE('',#7977,#3339);
#3034=LINE('',#7985,#3340);
#3035=LINE('',#7993,#3341);
#3036=LINE('',#8001,#3342);
#3037=LINE('',#8009,#3343);
#3038=LINE('',#8017,#3344);
#3039=LINE('',#8025,#3345);
#3040=LINE('',#8033,#3346);
#3041=LINE('',#8041,#3347);
#3042=LINE('',#8049,#3348);
#3043=LINE('',#8057,#3349);
#3044=LINE('',#8065,#3350);
#3045=LINE('',#8072,#3351);
#3046=LINE('',#8075,#3352);
#3047=LINE('',#8077,#3353);
#3048=LINE('',#8079,#3354);
#3049=LINE('',#8081,#3355);
#3050=LINE('',#8083,#3356);
#3051=LINE('',#8085,#3357);
#3052=LINE('',#8087,#3358);
#3053=LINE('',#8089,#3359);
#3054=LINE('',#8091,#3360);
#3055=LINE('',#8092,#3361);
#3056=LINE('',#8095,#3362);
#3057=LINE('',#8097,#3363);
#3058=LINE('',#8099,#3364);
#3059=LINE('',#8100,#3365);
#3060=LINE('',#8103,#3366);
#3061=LINE('',#8105,#3367);
#3062=LINE('',#8107,#3368);
#3063=LINE('',#8109,#3369);
#3064=LINE('',#8111,#3370);
#3065=LINE('',#8113,#3371);
#3066=LINE('',#8115,#3372);
#3067=LINE('',#8117,#3373);
#3068=LINE('',#8119,#3374);
#3069=LINE('',#8121,#3375);
#3070=LINE('',#8123,#3376);
#3071=LINE('',#8125,#3377);
#3072=LINE('',#8127,#3378);
#3073=LINE('',#8130,#3379);
#3074=LINE('',#8132,#3380);
#3075=LINE('',#8134,#3381);
#3076=LINE('',#8136,#3382);
#3077=LINE('',#8138,#3383);
#3078=LINE('',#8140,#3384);
#3079=LINE('',#8142,#3385);
#3080=LINE('',#8144,#3386);
#3081=LINE('',#8146,#3387);
#3082=LINE('',#8148,#3388);
#3083=LINE('',#8150,#3389);
#3084=LINE('',#8152,#3390);
#3085=LINE('',#8153,#3391);
#3086=LINE('',#8156,#3392);
#3087=LINE('',#8158,#3393);
#3088=LINE('',#8160,#3394);
#3089=LINE('',#8162,#3395);
#3090=LINE('',#8164,#3396);
#3091=LINE('',#8166,#3397);
#3092=LINE('',#8168,#3398);
#3093=LINE('',#8170,#3399);
#3094=LINE('',#8175,#3400);
#3095=LINE('',#8184,#3401);
#3096=LINE('',#8191,#3402);
#3097=LINE('',#8200,#3403);
#3098=LINE('',#8207,#3404);
#3099=LINE('',#8216,#3405);
#3100=LINE('',#8223,#3406);
#3101=LINE('',#8232,#3407);
#3102=LINE('',#8239,#3408);
#3103=LINE('',#8248,#3409);
#3104=LINE('',#8255,#3410);
#3105=LINE('',#8264,#3411);
#3106=LINE('',#8271,#3412);
#3107=LINE('',#8274,#3413);
#3108=LINE('',#8276,#3414);
#3109=LINE('',#8278,#3415);
#3110=LINE('',#8279,#3416);
#3111=LINE('',#8282,#3417);
#3112=LINE('',#8284,#3418);
#3113=LINE('',#8286,#3419);
#3114=LINE('',#8288,#3420);
#3115=LINE('',#8290,#3421);
#3116=LINE('',#8292,#3422);
#3117=LINE('',#8294,#3423);
#3118=LINE('',#8296,#3424);
#3119=LINE('',#8298,#3425);
#3120=LINE('',#8300,#3426);
#3121=LINE('',#8301,#3427);
#3122=LINE('',#8303,#3428);
#3123=LINE('',#8304,#3429);
#3124=LINE('',#8306,#3430);
#3125=LINE('',#8307,#3431);
#3126=LINE('',#8309,#3432);
#3127=LINE('',#8310,#3433);
#3128=LINE('',#8312,#3434);
#3129=LINE('',#8313,#3435);
#3130=LINE('',#8315,#3436);
#3131=LINE('',#8316,#3437);
#3132=LINE('',#8318,#3438);
#3133=LINE('',#8319,#3439);
#3134=LINE('',#8321,#3440);
#3135=LINE('',#8322,#3441);
#3136=LINE('',#8324,#3442);
#3137=LINE('',#8325,#3443);
#3138=LINE('',#8327,#3444);
#3139=LINE('',#8328,#3445);
#3140=LINE('',#8330,#3446);
#3141=LINE('',#8331,#3447);
#3142=LINE('',#8333,#3448);
#3143=LINE('',#8334,#3449);
#3144=LINE('',#8336,#3450);
#3145=LINE('',#8337,#3451);
#3146=LINE('',#8339,#3452);
#3147=LINE('',#8340,#3453);
#3148=LINE('',#8342,#3454);
#3149=LINE('',#8343,#3455);
#3150=LINE('',#8345,#3456);
#3151=LINE('',#8346,#3457);
#3152=LINE('',#8348,#3458);
#3153=LINE('',#8349,#3459);
#3154=LINE('',#8351,#3460);
#3155=LINE('',#8352,#3461);
#3156=LINE('',#8355,#3462);
#3157=LINE('',#8356,#3463);
#3158=LINE('',#8358,#3464);
#3159=LINE('',#8359,#3465);
#3160=LINE('',#8361,#3466);
#3161=LINE('',#8362,#3467);
#3162=LINE('',#8364,#3468);
#3163=LINE('',#8365,#3469);
#3164=LINE('',#8367,#3470);
#3165=LINE('',#8368,#3471);
#3166=LINE('',#8370,#3472);
#3167=LINE('',#8371,#3473);
#3168=LINE('',#8398,#3474);
#3169=LINE('',#8400,#3475);
#3170=LINE('',#8402,#3476);
#3171=LINE('',#8404,#3477);
#3172=LINE('',#8406,#3478);
#3173=LINE('',#8408,#3479);
#3174=LINE('',#8410,#3480);
#3175=LINE('',#8412,#3481);
#3176=LINE('',#8415,#3482);
#3177=LINE('',#8417,#3483);
#3178=LINE('',#8419,#3484);
#3179=LINE('',#8421,#3485);
#3180=LINE('',#8423,#3486);
#3181=LINE('',#8425,#3487);
#3182=LINE('',#8427,#3488);
#3183=LINE('',#8429,#3489);
#3184=LINE('',#8431,#3490);
#3185=LINE('',#8433,#3491);
#3186=LINE('',#8435,#3492);
#3187=LINE('',#8437,#3493);
#3188=LINE('',#8439,#3494);
#3189=LINE('',#8441,#3495);
#3190=LINE('',#8443,#3496);
#3191=LINE('',#8445,#3497);
#3192=LINE('',#8447,#3498);
#3193=LINE('',#8449,#3499);
#3194=LINE('',#8452,#3500);
#3195=LINE('',#8454,#3501);
#3196=LINE('',#8456,#3502);
#3197=LINE('',#8458,#3503);
#3198=LINE('',#8460,#3504);
#3199=LINE('',#8462,#3505);
#3200=LINE('',#8464,#3506);
#3201=LINE('',#8466,#3507);
#3202=LINE('',#8468,#3508);
#3203=LINE('',#8470,#3509);
#3204=LINE('',#8472,#3510);
#3205=LINE('',#8474,#3511);
#3206=LINE('',#8476,#3512);
#3207=LINE('',#8478,#3513);
#3208=LINE('',#8480,#3514);
#3209=LINE('',#8482,#3515);
#3210=LINE('',#8484,#3516);
#3211=LINE('',#8486,#3517);
#3212=LINE('',#8488,#3518);
#3213=LINE('',#8490,#3519);
#3214=LINE('',#8492,#3520);
#3215=LINE('',#8494,#3521);
#3216=LINE('',#8496,#3522);
#3217=LINE('',#8498,#3523);
#3218=LINE('',#8500,#3524);
#3219=LINE('',#8502,#3525);
#3220=LINE('',#8505,#3526);
#3221=LINE('',#8507,#3527);
#3222=LINE('',#8509,#3528);
#3223=LINE('',#8511,#3529);
#3224=LINE('',#8513,#3530);
#3225=LINE('',#8515,#3531);
#3226=LINE('',#8517,#3532);
#3227=LINE('',#8519,#3533);
#3228=LINE('',#8521,#3534);
#3229=LINE('',#8523,#3535);
#3230=LINE('',#8525,#3536);
#3231=LINE('',#8527,#3537);
#3232=LINE('',#8529,#3538);
#3233=LINE('',#8531,#3539);
#3234=LINE('',#8533,#3540);
#3235=LINE('',#8535,#3541);
#3236=LINE('',#8537,#3542);
#3237=LINE('',#8539,#3543);
#3238=LINE('',#8541,#3544);
#3239=LINE('',#8543,#3545);
#3240=LINE('',#8546,#3546);
#3241=LINE('',#8548,#3547);
#3242=LINE('',#8550,#3548);
#3243=LINE('',#8552,#3549);
#3244=LINE('',#8554,#3550);
#3245=LINE('',#8556,#3551);
#3246=LINE('',#8558,#3552);
#3247=LINE('',#8560,#3553);
#3248=LINE('',#8562,#3554);
#3249=LINE('',#8564,#3555);
#3250=LINE('',#8566,#3556);
#3251=LINE('',#8568,#3557);
#3252=LINE('',#8570,#3558);
#3253=LINE('',#8572,#3559);
#3254=LINE('',#8574,#3560);
#3255=LINE('',#8576,#3561);
#3256=LINE('',#8578,#3562);
#3257=LINE('',#8580,#3563);
#3258=LINE('',#8582,#3564);
#3259=LINE('',#8584,#3565);
#3260=LINE('',#8587,#3566);
#3261=LINE('',#8589,#3567);
#3262=LINE('',#8591,#3568);
#3263=LINE('',#8593,#3569);
#3264=LINE('',#8595,#3570);
#3265=LINE('',#8597,#3571);
#3266=LINE('',#8599,#3572);
#3267=LINE('',#8601,#3573);
#3268=LINE('',#8604,#3574);
#3269=LINE('',#8606,#3575);
#3270=LINE('',#8608,#3576);
#3271=LINE('',#8610,#3577);
#3272=LINE('',#8612,#3578);
#3273=LINE('',#8614,#3579);
#3274=LINE('',#8616,#3580);
#3275=LINE('',#8618,#3581);
#3276=LINE('',#8620,#3582);
#3277=LINE('',#8622,#3583);
#3278=LINE('',#8624,#3584);
#3279=LINE('',#8626,#3585);
#3280=LINE('',#8628,#3586);
#3281=LINE('',#8630,#3587);
#3282=LINE('',#8632,#3588);
#3283=LINE('',#8634,#3589);
#3284=LINE('',#8636,#3590);
#3285=LINE('',#8638,#3591);
#3286=LINE('',#8641,#3592);
#3287=LINE('',#8643,#3593);
#3288=LINE('',#8645,#3594);
#3289=LINE('',#8647,#3595);
#3290=LINE('',#8649,#3596);
#3291=LINE('',#8651,#3597);
#3292=LINE('',#8653,#3598);
#3293=LINE('',#8655,#3599);
#3294=LINE('',#8657,#3600);
#3295=LINE('',#8659,#3601);
#3296=LINE('',#8661,#3602);
#3297=LINE('',#8663,#3603);
#3298=LINE('',#8665,#3604);
#3299=LINE('',#8667,#3605);
#3300=LINE('',#8669,#3606);
#3301=LINE('',#8671,#3607);
#3302=LINE('',#8673,#3608);
#3303=LINE('',#8675,#3609);
#3304=LINE('',#8677,#3610);
#3305=LINE('',#8679,#3611);
#3306=LINE('',#8681,#3612);
#3307=LINE('',#8683,#3613);
#3308=LINE('',#8685,#3614);
#3309=LINE('',#8687,#3615);
#3310=LINE('',#8689,#3616);
#3311=LINE('',#8691,#3617);
#3312=VECTOR('',#5009,100.);
#3313=VECTOR('',#5010,100.);
#3314=VECTOR('',#5011,100.);
#3315=VECTOR('',#5012,100.);
#3316=VECTOR('',#5013,100.);
#3317=VECTOR('',#5014,100.);
#3318=VECTOR('',#5149,100.);
#3319=VECTOR('',#5150,100.);
#3320=VECTOR('',#5151,100.);
#3321=VECTOR('',#5152,100.);
#3322=VECTOR('',#5153,100.);
#3323=VECTOR('',#5154,100.);
#3324=VECTOR('',#5221,100.);
#3325=VECTOR('',#5222,100.);
#3326=VECTOR('',#5225,100.);
#3327=VECTOR('',#5228,100.);
#3328=VECTOR('',#5231,100.);
#3329=VECTOR('',#5234,100.);
#3330=VECTOR('',#5431,100.);
#3331=VECTOR('',#5432,100.);
#3332=VECTOR('',#5433,100.);
#3333=VECTOR('',#5434,100.);
#3334=VECTOR('',#5435,100.);
#3335=VECTOR('',#5436,100.);
#3336=VECTOR('',#5437,100.);
#3337=VECTOR('',#5438,100.);
#3338=VECTOR('',#5439,100.);
#3339=VECTOR('',#5444,100.);
#3340=VECTOR('',#5451,100.);
#3341=VECTOR('',#5458,100.);
#3342=VECTOR('',#5465,100.);
#3343=VECTOR('',#5472,100.);
#3344=VECTOR('',#5479,100.);
#3345=VECTOR('',#5486,100.);
#3346=VECTOR('',#5493,100.);
#3347=VECTOR('',#5500,100.);
#3348=VECTOR('',#5507,100.);
#3349=VECTOR('',#5514,100.);
#3350=VECTOR('',#5521,100.);
#3351=VECTOR('',#5528,100.);
#3352=VECTOR('',#5529,100.);
#3353=VECTOR('',#5530,100.);
#3354=VECTOR('',#5531,100.);
#3355=VECTOR('',#5532,100.);
#3356=VECTOR('',#5533,100.);
#3357=VECTOR('',#5534,100.);
#3358=VECTOR('',#5535,100.);
#3359=VECTOR('',#5536,100.);
#3360=VECTOR('',#5537,100.);
#3361=VECTOR('',#5538,100.);
#3362=VECTOR('',#5539,100.);
#3363=VECTOR('',#5540,100.);
#3364=VECTOR('',#5541,100.);
#3365=VECTOR('',#5542,100.);
#3366=VECTOR('',#5543,100.);
#3367=VECTOR('',#5544,100.);
#3368=VECTOR('',#5545,100.);
#3369=VECTOR('',#5546,100.);
#3370=VECTOR('',#5547,100.);
#3371=VECTOR('',#5548,100.);
#3372=VECTOR('',#5549,100.);
#3373=VECTOR('',#5550,100.);
#3374=VECTOR('',#5551,100.);
#3375=VECTOR('',#5552,100.);
#3376=VECTOR('',#5553,100.);
#3377=VECTOR('',#5554,100.);
#3378=VECTOR('',#5557,100.);
#3379=VECTOR('',#5558,100.);
#3380=VECTOR('',#5559,100.);
#3381=VECTOR('',#5560,100.);
#3382=VECTOR('',#5561,100.);
#3383=VECTOR('',#5562,100.);
#3384=VECTOR('',#5563,100.);
#3385=VECTOR('',#5564,100.);
#3386=VECTOR('',#5565,100.);
#3387=VECTOR('',#5566,100.);
#3388=VECTOR('',#5567,100.);
#3389=VECTOR('',#5568,100.);
#3390=VECTOR('',#5569,100.);
#3391=VECTOR('',#5570,100.);
#3392=VECTOR('',#5571,100.);
#3393=VECTOR('',#5572,100.);
#3394=VECTOR('',#5573,100.);
#3395=VECTOR('',#5574,100.);
#3396=VECTOR('',#5575,100.);
#3397=VECTOR('',#5576,100.);
#3398=VECTOR('',#5577,100.);
#3399=VECTOR('',#5578,100.);
#3400=VECTOR('',#5583,100.);
#3401=VECTOR('',#5590,100.);
#3402=VECTOR('',#5597,100.);
#3403=VECTOR('',#5604,100.);
#3404=VECTOR('',#5611,100.);
#3405=VECTOR('',#5618,100.);
#3406=VECTOR('',#5625,100.);
#3407=VECTOR('',#5632,100.);
#3408=VECTOR('',#5639,100.);
#3409=VECTOR('',#5646,100.);
#3410=VECTOR('',#5653,100.);
#3411=VECTOR('',#5660,100.);
#3412=VECTOR('',#5667,100.);
#3413=VECTOR('',#5668,100.);
#3414=VECTOR('',#5669,100.);
#3415=VECTOR('',#5670,100.);
#3416=VECTOR('',#5671,100.);
#3417=VECTOR('',#5672,100.);
#3418=VECTOR('',#5673,100.);
#3419=VECTOR('',#5674,100.);
#3420=VECTOR('',#5675,100.);
#3421=VECTOR('',#5676,100.);
#3422=VECTOR('',#5677,100.);
#3423=VECTOR('',#5678,100.);
#3424=VECTOR('',#5679,100.);
#3425=VECTOR('',#5680,100.);
#3426=VECTOR('',#5683,100.);
#3427=VECTOR('',#5684,100.);
#3428=VECTOR('',#5687,100.);
#3429=VECTOR('',#5688,100.);
#3430=VECTOR('',#5691,100.);
#3431=VECTOR('',#5692,100.);
#3432=VECTOR('',#5695,100.);
#3433=VECTOR('',#5696,100.);
#3434=VECTOR('',#5699,100.);
#3435=VECTOR('',#5700,100.);
#3436=VECTOR('',#5703,100.);
#3437=VECTOR('',#5704,100.);
#3438=VECTOR('',#5707,100.);
#3439=VECTOR('',#5708,100.);
#3440=VECTOR('',#5711,100.);
#3441=VECTOR('',#5712,100.);
#3442=VECTOR('',#5715,100.);
#3443=VECTOR('',#5716,100.);
#3444=VECTOR('',#5719,100.);
#3445=VECTOR('',#5720,100.);
#3446=VECTOR('',#5723,100.);
#3447=VECTOR('',#5724,100.);
#3448=VECTOR('',#5727,100.);
#3449=VECTOR('',#5728,100.);
#3450=VECTOR('',#5731,100.);
#3451=VECTOR('',#5732,100.);
#3452=VECTOR('',#5735,100.);
#3453=VECTOR('',#5736,100.);
#3454=VECTOR('',#5739,100.);
#3455=VECTOR('',#5740,100.);
#3456=VECTOR('',#5743,100.);
#3457=VECTOR('',#5744,100.);
#3458=VECTOR('',#5747,100.);
#3459=VECTOR('',#5748,100.);
#3460=VECTOR('',#5751,100.);
#3461=VECTOR('',#5752,100.);
#3462=VECTOR('',#5757,100.);
#3463=VECTOR('',#5758,100.);
#3464=VECTOR('',#5761,100.);
#3465=VECTOR('',#5762,100.);
#3466=VECTOR('',#5765,100.);
#3467=VECTOR('',#5766,100.);
#3468=VECTOR('',#5769,100.);
#3469=VECTOR('',#5770,100.);
#3470=VECTOR('',#5773,100.);
#3471=VECTOR('',#5774,100.);
#3472=VECTOR('',#5777,100.);
#3473=VECTOR('',#5778,100.);
#3474=VECTOR('',#5831,100.);
#3475=VECTOR('',#5832,100.);
#3476=VECTOR('',#5833,100.);
#3477=VECTOR('',#5836,100.);
#3478=VECTOR('',#5837,100.);
#3479=VECTOR('',#5840,100.);
#3480=VECTOR('',#5841,100.);
#3481=VECTOR('',#5844,100.);
#3482=VECTOR('',#5849,100.);
#3483=VECTOR('',#5850,100.);
#3484=VECTOR('',#5851,100.);
#3485=VECTOR('',#5854,100.);
#3486=VECTOR('',#5855,100.);
#3487=VECTOR('',#5858,100.);
#3488=VECTOR('',#5859,100.);
#3489=VECTOR('',#5862,100.);
#3490=VECTOR('',#5863,100.);
#3491=VECTOR('',#5866,100.);
#3492=VECTOR('',#5867,100.);
#3493=VECTOR('',#5870,100.);
#3494=VECTOR('',#5871,100.);
#3495=VECTOR('',#5874,100.);
#3496=VECTOR('',#5875,100.);
#3497=VECTOR('',#5878,100.);
#3498=VECTOR('',#5879,100.);
#3499=VECTOR('',#5882,100.);
#3500=VECTOR('',#5887,100.);
#3501=VECTOR('',#5888,100.);
#3502=VECTOR('',#5889,100.);
#3503=VECTOR('',#5892,100.);
#3504=VECTOR('',#5893,100.);
#3505=VECTOR('',#5896,100.);
#3506=VECTOR('',#5897,100.);
#3507=VECTOR('',#5900,100.);
#3508=VECTOR('',#5901,100.);
#3509=VECTOR('',#5904,100.);
#3510=VECTOR('',#5905,100.);
#3511=VECTOR('',#5908,100.);
#3512=VECTOR('',#5909,100.);
#3513=VECTOR('',#5912,100.);
#3514=VECTOR('',#5913,100.);
#3515=VECTOR('',#5916,100.);
#3516=VECTOR('',#5917,100.);
#3517=VECTOR('',#5920,100.);
#3518=VECTOR('',#5921,100.);
#3519=VECTOR('',#5924,100.);
#3520=VECTOR('',#5925,100.);
#3521=VECTOR('',#5928,100.);
#3522=VECTOR('',#5929,100.);
#3523=VECTOR('',#5932,100.);
#3524=VECTOR('',#5933,100.);
#3525=VECTOR('',#5936,100.);
#3526=VECTOR('',#5941,100.);
#3527=VECTOR('',#5942,100.);
#3528=VECTOR('',#5943,100.);
#3529=VECTOR('',#5946,100.);
#3530=VECTOR('',#5947,100.);
#3531=VECTOR('',#5950,100.);
#3532=VECTOR('',#5951,100.);
#3533=VECTOR('',#5954,100.);
#3534=VECTOR('',#5955,100.);
#3535=VECTOR('',#5958,100.);
#3536=VECTOR('',#5959,100.);
#3537=VECTOR('',#5962,100.);
#3538=VECTOR('',#5963,100.);
#3539=VECTOR('',#5966,100.);
#3540=VECTOR('',#5967,100.);
#3541=VECTOR('',#5970,100.);
#3542=VECTOR('',#5971,100.);
#3543=VECTOR('',#5974,100.);
#3544=VECTOR('',#5975,100.);
#3545=VECTOR('',#5978,100.);
#3546=VECTOR('',#5983,100.);
#3547=VECTOR('',#5984,100.);
#3548=VECTOR('',#5985,100.);
#3549=VECTOR('',#5988,100.);
#3550=VECTOR('',#5989,100.);
#3551=VECTOR('',#5992,100.);
#3552=VECTOR('',#5993,100.);
#3553=VECTOR('',#5996,100.);
#3554=VECTOR('',#5997,100.);
#3555=VECTOR('',#6000,100.);
#3556=VECTOR('',#6001,100.);
#3557=VECTOR('',#6004,100.);
#3558=VECTOR('',#6005,100.);
#3559=VECTOR('',#6008,100.);
#3560=VECTOR('',#6009,100.);
#3561=VECTOR('',#6012,100.);
#3562=VECTOR('',#6013,100.);
#3563=VECTOR('',#6016,100.);
#3564=VECTOR('',#6017,100.);
#3565=VECTOR('',#6020,100.);
#3566=VECTOR('',#6025,100.);
#3567=VECTOR('',#6026,100.);
#3568=VECTOR('',#6027,100.);
#3569=VECTOR('',#6030,100.);
#3570=VECTOR('',#6031,100.);
#3571=VECTOR('',#6034,100.);
#3572=VECTOR('',#6035,100.);
#3573=VECTOR('',#6038,100.);
#3574=VECTOR('',#6043,100.);
#3575=VECTOR('',#6044,100.);
#3576=VECTOR('',#6045,100.);
#3577=VECTOR('',#6048,100.);
#3578=VECTOR('',#6049,100.);
#3579=VECTOR('',#6052,100.);
#3580=VECTOR('',#6053,100.);
#3581=VECTOR('',#6056,100.);
#3582=VECTOR('',#6057,100.);
#3583=VECTOR('',#6060,100.);
#3584=VECTOR('',#6061,100.);
#3585=VECTOR('',#6064,100.);
#3586=VECTOR('',#6065,100.);
#3587=VECTOR('',#6068,100.);
#3588=VECTOR('',#6069,100.);
#3589=VECTOR('',#6072,100.);
#3590=VECTOR('',#6073,100.);
#3591=VECTOR('',#6076,100.);
#3592=VECTOR('',#6081,100.);
#3593=VECTOR('',#6082,100.);
#3594=VECTOR('',#6083,100.);
#3595=VECTOR('',#6086,100.);
#3596=VECTOR('',#6087,100.);
#3597=VECTOR('',#6090,100.);
#3598=VECTOR('',#6091,100.);
#3599=VECTOR('',#6094,100.);
#3600=VECTOR('',#6095,100.);
#3601=VECTOR('',#6098,100.);
#3602=VECTOR('',#6099,100.);
#3603=VECTOR('',#6102,100.);
#3604=VECTOR('',#6103,100.);
#3605=VECTOR('',#6106,100.);
#3606=VECTOR('',#6107,100.);
#3607=VECTOR('',#6110,100.);
#3608=VECTOR('',#6111,100.);
#3609=VECTOR('',#6114,100.);
#3610=VECTOR('',#6115,100.);
#3611=VECTOR('',#6118,100.);
#3612=VECTOR('',#6119,100.);
#3613=VECTOR('',#6122,100.);
#3614=VECTOR('',#6123,100.);
#3615=VECTOR('',#6126,100.);
#3616=VECTOR('',#6127,100.);
#3617=VECTOR('',#6130,100.);
#3618=EDGE_LOOP('',(#537,#538,#539,#540,#541,#542));
#3619=EDGE_LOOP('',(#543));
#3620=EDGE_LOOP('',(#544));
#3621=EDGE_LOOP('',(#545));
#3622=EDGE_LOOP('',(#546,#547,#548,#549));
#3623=EDGE_LOOP('',(#550,#551,#552,#553,#554,#555));
#3624=EDGE_LOOP('',(#556,#557,#558,#559));
#3625=EDGE_LOOP('',(#560,#561,#562,#563));
#3626=EDGE_LOOP('',(#564,#565,#566,#567));
#3627=EDGE_LOOP('',(#568,#569,#570,#571));
#3628=EDGE_LOOP('',(#572,#573,#574,#575,#576,#577,#578,#579,#580,#581,#582,
#583));
#3629=EDGE_LOOP('',(#584));
#3630=EDGE_LOOP('',(#585,#586,#587,#588));
#3631=EDGE_LOOP('',(#589,#590,#591,#592));
#3632=EDGE_LOOP('',(#593,#594,#595,#596));
#3633=EDGE_LOOP('',(#597,#598,#599,#600));
#3634=EDGE_LOOP('',(#601,#602,#603,#604,#605,#606));
#3635=EDGE_LOOP('',(#607,#608,#609,#610));
#3636=EDGE_LOOP('',(#611,#612,#613,#614,#615,#616,#617,#618,#619,#620,#621,
#622));
#3637=EDGE_LOOP('',(#623));
#3638=EDGE_LOOP('',(#624,#625,#626,#627,#628,#629));
#3639=EDGE_LOOP('',(#630));
#3640=EDGE_LOOP('',(#631));
#3641=EDGE_LOOP('',(#632));
#3642=EDGE_LOOP('',(#633,#634,#635,#636,#637,#638,#639,#640,#641,#642,#643,
#644,#645,#646,#647,#648,#649,#650,#651,#652,#653,#654,#655,#656,#657,#658,
#659,#660,#661,#662,#663,#664,#665,#666,#667,#668,#669,#670,#671,#672,#673,
#674,#675,#676,#677,#678,#679,#680,#681,#682,#683));
#3643=EDGE_LOOP('',(#684));
#3644=EDGE_LOOP('',(#685));
#3645=EDGE_LOOP('',(#686));
#3646=EDGE_LOOP('',(#687,#688,#689,#690,#691,#692,#693,#694,#695,#696,#697,
#698,#699,#700,#701,#702,#703,#704,#705,#706,#707,#708,#709,#710,#711,#712,
#713,#714,#715,#716,#717,#718,#719,#720,#721,#722,#723,#724,#725,#726,#727,
#728,#729,#730,#731,#732,#733,#734,#735,#736,#737));
#3647=EDGE_LOOP('',(#738));
#3648=EDGE_LOOP('',(#739));
#3649=EDGE_LOOP('',(#740));
#3650=EDGE_LOOP('',(#741));
#3651=EDGE_LOOP('',(#742));
#3652=EDGE_LOOP('',(#743));
#3653=EDGE_LOOP('',(#744));
#3654=EDGE_LOOP('',(#745,#746,#747,#748));
#3655=EDGE_LOOP('',(#749,#750,#751,#752));
#3656=EDGE_LOOP('',(#753,#754,#755,#756));
#3657=EDGE_LOOP('',(#757,#758,#759,#760));
#3658=EDGE_LOOP('',(#761,#762,#763,#764));
#3659=EDGE_LOOP('',(#765,#766,#767,#768));
#3660=EDGE_LOOP('',(#769,#770,#771,#772,#773));
#3661=EDGE_LOOP('',(#774,#775,#776,#777));
#3662=EDGE_LOOP('',(#778,#779,#780,#781));
#3663=EDGE_LOOP('',(#782,#783,#784,#785));
#3664=EDGE_LOOP('',(#786,#787,#788,#789));
#3665=EDGE_LOOP('',(#790,#791,#792,#793));
#3666=EDGE_LOOP('',(#794,#795,#796,#797));
#3667=EDGE_LOOP('',(#798,#799,#800,#801,#802,#803));
#3668=EDGE_LOOP('',(#804,#805,#806,#807));
#3669=EDGE_LOOP('',(#808,#809,#810,#811));
#3670=EDGE_LOOP('',(#812,#813,#814,#815));
#3671=EDGE_LOOP('',(#816,#817,#818,#819));
#3672=EDGE_LOOP('',(#820,#821,#822,#823));
#3673=EDGE_LOOP('',(#824,#825,#826,#827));
#3674=EDGE_LOOP('',(#828,#829,#830,#831));
#3675=EDGE_LOOP('',(#832,#833,#834,#835));
#3676=EDGE_LOOP('',(#836,#837,#838,#839));
#3677=EDGE_LOOP('',(#840,#841,#842,#843));
#3678=EDGE_LOOP('',(#844,#845,#846,#847));
#3679=EDGE_LOOP('',(#848,#849,#850,#851,#852,#853));
#3680=EDGE_LOOP('',(#854,#855,#856,#857,#858));
#3681=EDGE_LOOP('',(#859,#860,#861,#862));
#3682=EDGE_LOOP('',(#863,#864,#865,#866));
#3683=EDGE_LOOP('',(#867,#868,#869,#870,#871));
#3684=EDGE_LOOP('',(#872,#873,#874,#875,#876));
#3685=EDGE_LOOP('',(#877,#878,#879,#880));
#3686=EDGE_LOOP('',(#881,#882,#883,#884));
#3687=EDGE_LOOP('',(#885,#886,#887,#888,#889));
#3688=EDGE_LOOP('',(#890,#891,#892,#893));
#3689=EDGE_LOOP('',(#894,#895,#896,#897));
#3690=EDGE_LOOP('',(#898,#899,#900,#901));
#3691=EDGE_LOOP('',(#902,#903,#904,#905));
#3692=EDGE_LOOP('',(#906,#907,#908,#909));
#3693=EDGE_LOOP('',(#910,#911,#912,#913));
#3694=EDGE_LOOP('',(#914,#915,#916,#917));
#3695=EDGE_LOOP('',(#918,#919,#920,#921));
#3696=EDGE_LOOP('',(#922,#923,#924,#925));
#3697=EDGE_LOOP('',(#926,#927,#928,#929));
#3698=EDGE_LOOP('',(#930,#931,#932,#933));
#3699=EDGE_LOOP('',(#934,#935,#936,#937));
#3700=EDGE_LOOP('',(#938,#939,#940,#941,#942,#943));
#3701=EDGE_LOOP('',(#944,#945,#946,#947));
#3702=EDGE_LOOP('',(#948,#949,#950,#951));
#3703=EDGE_LOOP('',(#952,#953,#954,#955));
#3704=EDGE_LOOP('',(#956,#957,#958,#959));
#3705=EDGE_LOOP('',(#960,#961,#962,#963));
#3706=EDGE_LOOP('',(#964,#965,#966,#967));
#3707=EDGE_LOOP('',(#968,#969,#970,#971));
#3708=EDGE_LOOP('',(#972,#973,#974,#975));
#3709=EDGE_LOOP('',(#976,#977,#978,#979));
#3710=EDGE_LOOP('',(#980,#981,#982,#983));
#3711=EDGE_LOOP('',(#984,#985,#986,#987,#988));
#3712=EDGE_LOOP('',(#989,#990,#991,#992,#993));
#3713=EDGE_LOOP('',(#994,#995,#996,#997));
#3714=EDGE_LOOP('',(#998,#999,#1000,#1001));
#3715=EDGE_LOOP('',(#1002,#1003,#1004,#1005));
#3716=EDGE_LOOP('',(#1006,#1007,#1008,#1009));
#3717=EDGE_LOOP('',(#1010,#1011,#1012,#1013));
#3718=EDGE_LOOP('',(#1014,#1015,#1016,#1017));
#3719=EDGE_LOOP('',(#1018,#1019,#1020,#1021));
#3720=EDGE_LOOP('',(#1022,#1023,#1024,#1025));
#3721=EDGE_LOOP('',(#1026,#1027,#1028,#1029));
#3722=EDGE_LOOP('',(#1030,#1031,#1032,#1033));
#3723=EDGE_LOOP('',(#1034,#1035,#1036,#1037));
#3724=EDGE_LOOP('',(#1038,#1039,#1040,#1041));
#3725=EDGE_LOOP('',(#1042,#1043,#1044,#1045,#1046,#1047));
#3726=EDGE_LOOP('',(#1048,#1049,#1050,#1051));
#3727=EDGE_LOOP('',(#1052,#1053,#1054,#1055));
#3728=EDGE_LOOP('',(#1056,#1057,#1058,#1059));
#3729=EDGE_LOOP('',(#1060,#1061,#1062,#1063));
#3730=EDGE_LOOP('',(#1064,#1065,#1066,#1067));
#3731=EDGE_LOOP('',(#1068,#1069,#1070,#1071));
#3732=EDGE_LOOP('',(#1072,#1073,#1074,#1075));
#3733=EDGE_LOOP('',(#1076,#1077,#1078,#1079));
#3734=EDGE_LOOP('',(#1080,#1081,#1082,#1083));
#3735=EDGE_LOOP('',(#1084,#1085,#1086,#1087));
#3736=EDGE_LOOP('',(#1088,#1089,#1090,#1091));
#3737=EDGE_LOOP('',(#1092,#1093,#1094,#1095,#1096));
#3738=EDGE_LOOP('',(#1097,#1098,#1099,#1100));
#3739=EDGE_LOOP('',(#1101,#1102,#1103,#1104));
#3740=EDGE_LOOP('',(#1105,#1106,#1107,#1108,#1109));
#3741=EDGE_LOOP('',(#1110,#1111,#1112,#1113));
#3742=EDGE_LOOP('',(#1114,#1115,#1116,#1117));
#3743=EDGE_LOOP('',(#1118,#1119,#1120,#1121,#1122));
#3744=EDGE_LOOP('',(#1123,#1124,#1125,#1126));
#3745=EDGE_LOOP('',(#1127,#1128,#1129,#1130));
#3746=EDGE_LOOP('',(#1131,#1132,#1133,#1134));
#3747=EDGE_LOOP('',(#1135,#1136,#1137,#1138));
#3748=EDGE_LOOP('',(#1139,#1140,#1141,#1142));
#3749=EDGE_LOOP('',(#1143,#1144,#1145,#1146,#1147,#1148));
#3750=EDGE_LOOP('',(#1149,#1150,#1151,#1152));
#3751=EDGE_LOOP('',(#1153,#1154,#1155,#1156));
#3752=EDGE_LOOP('',(#1157,#1158,#1159,#1160));
#3753=EDGE_LOOP('',(#1161));
#3754=EDGE_LOOP('',(#1162));
#3755=EDGE_LOOP('',(#1163));
#3756=EDGE_LOOP('',(#1164));
#3757=EDGE_LOOP('',(#1165,#1166,#1167,#1168,#1169,#1170,#1171,#1172,#1173));
#3758=EDGE_LOOP('',(#1174,#1175,#1176,#1177,#1178,#1179,#1180,#1181));
#3759=EDGE_LOOP('',(#1182,#1183,#1184,#1185,#1186,#1187,#1188,#1189));
#3760=EDGE_LOOP('',(#1190,#1191,#1192,#1193,#1194,#1195,#1196,#1197));
#3761=EDGE_LOOP('',(#1198,#1199,#1200,#1201,#1202,#1203,#1204,#1205));
#3762=EDGE_LOOP('',(#1206,#1207,#1208,#1209,#1210,#1211,#1212,#1213));
#3763=EDGE_LOOP('',(#1214,#1215,#1216,#1217,#1218,#1219,#1220,#1221));
#3764=EDGE_LOOP('',(#1222));
#3765=EDGE_LOOP('',(#1223));
#3766=EDGE_LOOP('',(#1224,#1225,#1226,#1227,#1228,#1229,#1230,#1231,#1232,
#1233));
#3767=EDGE_LOOP('',(#1234,#1235,#1236,#1237));
#3768=EDGE_LOOP('',(#1238,#1239,#1240,#1241,#1242,#1243,#1244,#1245,#1246,
#1247,#1248,#1249,#1250));
#3769=EDGE_LOOP('',(#1251,#1252,#1253,#1254,#1255,#1256,#1257,#1258,#1259,
#1260,#1261,#1262,#1263));
#3770=EDGE_LOOP('',(#1264,#1265,#1266,#1267,#1268,#1269,#1270,#1271,#1272));
#3771=EDGE_LOOP('',(#1273));
#3772=EDGE_LOOP('',(#1274));
#3773=EDGE_LOOP('',(#1275,#1276,#1277,#1278,#1279,#1280,#1281,#1282));
#3774=EDGE_LOOP('',(#1283,#1284,#1285,#1286,#1287,#1288,#1289,#1290));
#3775=EDGE_LOOP('',(#1291,#1292,#1293,#1294,#1295,#1296,#1297,#1298));
#3776=EDGE_LOOP('',(#1299,#1300,#1301,#1302,#1303,#1304,#1305,#1306));
#3777=EDGE_LOOP('',(#1307,#1308,#1309,#1310,#1311,#1312,#1313,#1314));
#3778=EDGE_LOOP('',(#1315,#1316,#1317,#1318,#1319,#1320,#1321,#1322));
#3779=EDGE_LOOP('',(#1323,#1324,#1325,#1326));
#3780=EDGE_LOOP('',(#1327,#1328,#1329,#1330,#1331,#1332,#1333,#1334,#1335,
#1336));
#3781=EDGE_LOOP('',(#1337,#1338,#1339,#1340));
#3782=EDGE_LOOP('',(#1341,#1342,#1343,#1344));
#3783=EDGE_LOOP('',(#1345,#1346,#1347,#1348));
#3784=EDGE_LOOP('',(#1349,#1350,#1351,#1352));
#3785=EDGE_LOOP('',(#1353,#1354,#1355,#1356));
#3786=EDGE_LOOP('',(#1357,#1358,#1359,#1360));
#3787=EDGE_LOOP('',(#1361,#1362,#1363,#1364));
#3788=EDGE_LOOP('',(#1365,#1366,#1367,#1368));
#3789=EDGE_LOOP('',(#1369,#1370,#1371,#1372));
#3790=EDGE_LOOP('',(#1373,#1374,#1375,#1376));
#3791=EDGE_LOOP('',(#1377,#1378,#1379,#1380));
#3792=EDGE_LOOP('',(#1381,#1382,#1383,#1384));
#3793=EDGE_LOOP('',(#1385,#1386,#1387,#1388));
#3794=EDGE_LOOP('',(#1389,#1390,#1391,#1392));
#3795=EDGE_LOOP('',(#1393,#1394,#1395,#1396));
#3796=EDGE_LOOP('',(#1397,#1398,#1399,#1400));
#3797=EDGE_LOOP('',(#1401,#1402,#1403,#1404));
#3798=EDGE_LOOP('',(#1405,#1406,#1407,#1408));
#3799=EDGE_LOOP('',(#1409));
#3800=EDGE_LOOP('',(#1410));
#3801=EDGE_LOOP('',(#1411,#1412,#1413,#1414));
#3802=EDGE_LOOP('',(#1415,#1416,#1417,#1418));
#3803=EDGE_LOOP('',(#1419,#1420,#1421,#1422));
#3804=EDGE_LOOP('',(#1423,#1424,#1425,#1426));
#3805=EDGE_LOOP('',(#1427,#1428,#1429,#1430));
#3806=EDGE_LOOP('',(#1431,#1432,#1433,#1434));
#3807=EDGE_LOOP('',(#1435));
#3808=EDGE_LOOP('',(#1436));
#3809=EDGE_LOOP('',(#1437,#1438,#1439,#1440));
#3810=EDGE_LOOP('',(#1441,#1442,#1443,#1444));
#3811=EDGE_LOOP('',(#1445,#1446,#1447,#1448));
#3812=EDGE_LOOP('',(#1449,#1450,#1451,#1452));
#3813=EDGE_LOOP('',(#1453,#1454,#1455,#1456));
#3814=EDGE_LOOP('',(#1457,#1458,#1459,#1460));
#3815=EDGE_LOOP('',(#1461,#1462,#1463,#1464));
#3816=EDGE_LOOP('',(#1465,#1466,#1467,#1468));
#3817=EDGE_LOOP('',(#1469,#1470,#1471,#1472));
#3818=EDGE_LOOP('',(#1473,#1474,#1475,#1476));
#3819=EDGE_LOOP('',(#1477,#1478,#1479,#1480));
#3820=EDGE_LOOP('',(#1481,#1482,#1483,#1484));
#3821=EDGE_LOOP('',(#1485,#1486,#1487,#1488));
#3822=EDGE_LOOP('',(#1489,#1490,#1491,#1492));
#3823=EDGE_LOOP('',(#1493,#1494,#1495,#1496));
#3824=EDGE_LOOP('',(#1497,#1498,#1499,#1500));
#3825=EDGE_LOOP('',(#1501,#1502,#1503,#1504));
#3826=EDGE_LOOP('',(#1505,#1506,#1507,#1508));
#3827=EDGE_LOOP('',(#1509,#1510,#1511,#1512));
#3828=EDGE_LOOP('',(#1513,#1514,#1515,#1516));
#3829=EDGE_LOOP('',(#1517,#1518,#1519,#1520));
#3830=EDGE_LOOP('',(#1521,#1522,#1523,#1524));
#3831=EDGE_LOOP('',(#1525,#1526,#1527,#1528));
#3832=EDGE_LOOP('',(#1529,#1530,#1531,#1532));
#3833=EDGE_LOOP('',(#1533,#1534,#1535,#1536));
#3834=EDGE_LOOP('',(#1537,#1538,#1539,#1540));
#3835=EDGE_LOOP('',(#1541,#1542,#1543,#1544));
#3836=EDGE_LOOP('',(#1545,#1546,#1547,#1548));
#3837=EDGE_LOOP('',(#1549,#1550,#1551,#1552));
#3838=EDGE_LOOP('',(#1553,#1554,#1555,#1556));
#3839=EDGE_LOOP('',(#1557,#1558,#1559,#1560));
#3840=EDGE_LOOP('',(#1561,#1562,#1563,#1564));
#3841=EDGE_LOOP('',(#1565,#1566,#1567,#1568));
#3842=EDGE_LOOP('',(#1569,#1570,#1571,#1572));
#3843=EDGE_LOOP('',(#1573,#1574,#1575,#1576));
#3844=EDGE_LOOP('',(#1577,#1578,#1579,#1580));
#3845=EDGE_LOOP('',(#1581,#1582,#1583,#1584));
#3846=EDGE_LOOP('',(#1585,#1586,#1587,#1588));
#3847=EDGE_LOOP('',(#1589,#1590,#1591,#1592,#1593,#1594,#1595,#1596,#1597));
#3848=EDGE_LOOP('',(#1598,#1599,#1600,#1601));
#3849=EDGE_LOOP('',(#1602,#1603,#1604,#1605));
#3850=EDGE_LOOP('',(#1606,#1607,#1608,#1609));
#3851=EDGE_LOOP('',(#1610,#1611,#1612,#1613));
#3852=EDGE_LOOP('',(#1614,#1615,#1616,#1617));
#3853=EDGE_LOOP('',(#1618,#1619,#1620,#1621));
#3854=EDGE_LOOP('',(#1622,#1623,#1624,#1625));
#3855=EDGE_LOOP('',(#1626,#1627,#1628,#1629));
#3856=EDGE_LOOP('',(#1630,#1631,#1632,#1633));
#3857=EDGE_LOOP('',(#1634,#1635,#1636,#1637));
#3858=EDGE_LOOP('',(#1638,#1639,#1640,#1641));
#3859=EDGE_LOOP('',(#1642,#1643,#1644,#1645));
#3860=EDGE_LOOP('',(#1646,#1647,#1648,#1649));
#3861=EDGE_LOOP('',(#1650,#1651,#1652,#1653,#1654,#1655,#1656,#1657,#1658,
#1659,#1660,#1661,#1662));
#3862=EDGE_LOOP('',(#1663,#1664,#1665,#1666));
#3863=EDGE_LOOP('',(#1667,#1668,#1669,#1670));
#3864=EDGE_LOOP('',(#1671,#1672,#1673,#1674));
#3865=EDGE_LOOP('',(#1675,#1676,#1677,#1678));
#3866=EDGE_LOOP('',(#1679,#1680,#1681,#1682));
#3867=EDGE_LOOP('',(#1683,#1684,#1685,#1686));
#3868=EDGE_LOOP('',(#1687,#1688,#1689,#1690));
#3869=EDGE_LOOP('',(#1691,#1692,#1693,#1694));
#3870=EDGE_LOOP('',(#1695,#1696,#1697,#1698));
#3871=EDGE_LOOP('',(#1699,#1700,#1701,#1702));
#3872=EDGE_LOOP('',(#1703,#1704,#1705,#1706,#1707,#1708,#1709,#1710,#1711,
#1712));
#3873=EDGE_LOOP('',(#1713,#1714,#1715,#1716));
#3874=EDGE_LOOP('',(#1717,#1718,#1719,#1720));
#3875=EDGE_LOOP('',(#1721,#1722,#1723,#1724));
#3876=EDGE_LOOP('',(#1725,#1726,#1727,#1728));
#3877=EDGE_LOOP('',(#1729,#1730,#1731,#1732));
#3878=EDGE_LOOP('',(#1733,#1734,#1735,#1736));
#3879=EDGE_LOOP('',(#1737,#1738,#1739,#1740));
#3880=EDGE_LOOP('',(#1741,#1742,#1743,#1744));
#3881=EDGE_LOOP('',(#1745,#1746,#1747,#1748));
#3882=EDGE_LOOP('',(#1749,#1750,#1751,#1752));
#3883=EDGE_LOOP('',(#1753,#1754,#1755,#1756,#1757,#1758,#1759,#1760,#1761,
#1762));
#3884=EDGE_LOOP('',(#1763,#1764,#1765,#1766));
#3885=EDGE_LOOP('',(#1767,#1768,#1769,#1770));
#3886=EDGE_LOOP('',(#1771,#1772,#1773,#1774));
#3887=EDGE_LOOP('',(#1775,#1776,#1777,#1778));
#3888=EDGE_LOOP('',(#1779,#1780,#1781,#1782));
#3889=EDGE_LOOP('',(#1783,#1784,#1785,#1786));
#3890=EDGE_LOOP('',(#1787,#1788,#1789,#1790));
#3891=EDGE_LOOP('',(#1791,#1792,#1793,#1794));
#3892=EDGE_LOOP('',(#1795,#1796,#1797,#1798));
#3893=EDGE_LOOP('',(#1799,#1800,#1801,#1802));
#3894=EDGE_LOOP('',(#1803,#1804,#1805,#1806));
#3895=EDGE_LOOP('',(#1807,#1808,#1809,#1810));
#3896=EDGE_LOOP('',(#1811,#1812,#1813,#1814));
#3897=EDGE_LOOP('',(#1815,#1816,#1817,#1818));
#3898=EDGE_LOOP('',(#1819,#1820,#1821,#1822,#1823,#1824,#1825,#1826,#1827));
#3899=EDGE_LOOP('',(#1828,#1829,#1830,#1831));
#3900=EDGE_LOOP('',(#1832,#1833,#1834,#1835));
#3901=EDGE_LOOP('',(#1836,#1837,#1838,#1839));
#3902=EDGE_LOOP('',(#1840,#1841,#1842,#1843));
#3903=EDGE_LOOP('',(#1844,#1845,#1846,#1847));
#3904=EDGE_LOOP('',(#1848,#1849,#1850,#1851));
#3905=EDGE_LOOP('',(#1852,#1853,#1854,#1855));
#3906=EDGE_LOOP('',(#1856,#1857,#1858,#1859));
#3907=EDGE_LOOP('',(#1860,#1861,#1862,#1863));
#3908=EDGE_LOOP('',(#1864,#1865,#1866,#1867));
#3909=EDGE_LOOP('',(#1868,#1869,#1870,#1871));
#3910=EDGE_LOOP('',(#1872,#1873,#1874,#1875));
#3911=EDGE_LOOP('',(#1876,#1877,#1878,#1879));
#3912=EDGE_LOOP('',(#1880,#1881,#1882,#1883,#1884,#1885,#1886,#1887,#1888,
#1889,#1890,#1891,#1892));
#3913=FACE_BOUND('',#3618,.T.);
#3914=FACE_BOUND('',#3619,.T.);
#3915=FACE_BOUND('',#3620,.T.);
#3916=FACE_BOUND('',#3621,.T.);
#3917=FACE_BOUND('',#3622,.T.);
#3918=FACE_BOUND('',#3623,.T.);
#3919=FACE_BOUND('',#3624,.T.);
#3920=FACE_BOUND('',#3625,.T.);
#3921=FACE_BOUND('',#3626,.T.);
#3922=FACE_BOUND('',#3627,.T.);
#3923=FACE_BOUND('',#3628,.T.);
#3924=FACE_BOUND('',#3629,.T.);
#3925=FACE_BOUND('',#3630,.T.);
#3926=FACE_BOUND('',#3631,.T.);
#3927=FACE_BOUND('',#3632,.T.);
#3928=FACE_BOUND('',#3633,.T.);
#3929=FACE_BOUND('',#3634,.T.);
#3930=FACE_BOUND('',#3635,.T.);
#3931=FACE_BOUND('',#3636,.T.);
#3932=FACE_BOUND('',#3637,.T.);
#3933=FACE_BOUND('',#3638,.T.);
#3934=FACE_BOUND('',#3639,.T.);
#3935=FACE_BOUND('',#3640,.T.);
#3936=FACE_BOUND('',#3641,.T.);
#3937=FACE_BOUND('',#3642,.T.);
#3938=FACE_BOUND('',#3643,.T.);
#3939=FACE_BOUND('',#3644,.T.);
#3940=FACE_BOUND('',#3645,.T.);
#3941=FACE_BOUND('',#3646,.T.);
#3942=FACE_BOUND('',#3647,.T.);
#3943=FACE_BOUND('',#3648,.T.);
#3944=FACE_BOUND('',#3649,.T.);
#3945=FACE_BOUND('',#3650,.T.);
#3946=FACE_BOUND('',#3651,.T.);
#3947=FACE_BOUND('',#3652,.T.);
#3948=FACE_BOUND('',#3653,.T.);
#3949=FACE_BOUND('',#3654,.T.);
#3950=FACE_BOUND('',#3655,.T.);
#3951=FACE_BOUND('',#3656,.T.);
#3952=FACE_BOUND('',#3657,.T.);
#3953=FACE_BOUND('',#3658,.T.);
#3954=FACE_BOUND('',#3659,.T.);
#3955=FACE_BOUND('',#3660,.T.);
#3956=FACE_BOUND('',#3661,.T.);
#3957=FACE_BOUND('',#3662,.T.);
#3958=FACE_BOUND('',#3663,.T.);
#3959=FACE_BOUND('',#3664,.T.);
#3960=FACE_BOUND('',#3665,.T.);
#3961=FACE_BOUND('',#3666,.T.);
#3962=FACE_BOUND('',#3667,.T.);
#3963=FACE_BOUND('',#3668,.T.);
#3964=FACE_BOUND('',#3669,.T.);
#3965=FACE_BOUND('',#3670,.T.);
#3966=FACE_BOUND('',#3671,.T.);
#3967=FACE_BOUND('',#3672,.T.);
#3968=FACE_BOUND('',#3673,.T.);
#3969=FACE_BOUND('',#3674,.T.);
#3970=FACE_BOUND('',#3675,.T.);
#3971=FACE_BOUND('',#3676,.T.);
#3972=FACE_BOUND('',#3677,.T.);
#3973=FACE_BOUND('',#3678,.T.);
#3974=FACE_BOUND('',#3679,.T.);
#3975=FACE_BOUND('',#3680,.T.);
#3976=FACE_BOUND('',#3681,.T.);
#3977=FACE_BOUND('',#3682,.T.);
#3978=FACE_BOUND('',#3683,.T.);
#3979=FACE_BOUND('',#3684,.T.);
#3980=FACE_BOUND('',#3685,.T.);
#3981=FACE_BOUND('',#3686,.T.);
#3982=FACE_BOUND('',#3687,.T.);
#3983=FACE_BOUND('',#3688,.T.);
#3984=FACE_BOUND('',#3689,.T.);
#3985=FACE_BOUND('',#3690,.T.);
#3986=FACE_BOUND('',#3691,.T.);
#3987=FACE_BOUND('',#3692,.T.);
#3988=FACE_BOUND('',#3693,.T.);
#3989=FACE_BOUND('',#3694,.T.);
#3990=FACE_BOUND('',#3695,.T.);
#3991=FACE_BOUND('',#3696,.T.);
#3992=FACE_BOUND('',#3697,.T.);
#3993=FACE_BOUND('',#3698,.T.);
#3994=FACE_BOUND('',#3699,.T.);
#3995=FACE_BOUND('',#3700,.T.);
#3996=FACE_BOUND('',#3701,.T.);
#3997=FACE_BOUND('',#3702,.T.);
#3998=FACE_BOUND('',#3703,.T.);
#3999=FACE_BOUND('',#3704,.T.);
#4000=FACE_BOUND('',#3705,.T.);
#4001=FACE_BOUND('',#3706,.T.);
#4002=FACE_BOUND('',#3707,.T.);
#4003=FACE_BOUND('',#3708,.T.);
#4004=FACE_BOUND('',#3709,.T.);
#4005=FACE_BOUND('',#3710,.T.);
#4006=FACE_BOUND('',#3711,.T.);
#4007=FACE_BOUND('',#3712,.T.);
#4008=FACE_BOUND('',#3713,.T.);
#4009=FACE_BOUND('',#3714,.T.);
#4010=FACE_BOUND('',#3715,.T.);
#4011=FACE_BOUND('',#3716,.T.);
#4012=FACE_BOUND('',#3717,.T.);
#4013=FACE_BOUND('',#3718,.T.);
#4014=FACE_BOUND('',#3719,.T.);
#4015=FACE_BOUND('',#3720,.T.);
#4016=FACE_BOUND('',#3721,.T.);
#4017=FACE_BOUND('',#3722,.T.);
#4018=FACE_BOUND('',#3723,.T.);
#4019=FACE_BOUND('',#3724,.T.);
#4020=FACE_BOUND('',#3725,.T.);
#4021=FACE_BOUND('',#3726,.T.);
#4022=FACE_BOUND('',#3727,.T.);
#4023=FACE_BOUND('',#3728,.T.);
#4024=FACE_BOUND('',#3729,.T.);
#4025=FACE_BOUND('',#3730,.T.);
#4026=FACE_BOUND('',#3731,.T.);
#4027=FACE_BOUND('',#3732,.T.);
#4028=FACE_BOUND('',#3733,.T.);
#4029=FACE_BOUND('',#3734,.T.);
#4030=FACE_BOUND('',#3735,.T.);
#4031=FACE_BOUND('',#3736,.T.);
#4032=FACE_BOUND('',#3737,.T.);
#4033=FACE_BOUND('',#3738,.T.);
#4034=FACE_BOUND('',#3739,.T.);
#4035=FACE_BOUND('',#3740,.T.);
#4036=FACE_BOUND('',#3741,.T.);
#4037=FACE_BOUND('',#3742,.T.);
#4038=FACE_BOUND('',#3743,.T.);
#4039=FACE_BOUND('',#3744,.T.);
#4040=FACE_BOUND('',#3745,.T.);
#4041=FACE_BOUND('',#3746,.T.);
#4042=FACE_BOUND('',#3747,.T.);
#4043=FACE_BOUND('',#3748,.T.);
#4044=FACE_BOUND('',#3749,.T.);
#4045=FACE_BOUND('',#3750,.T.);
#4046=FACE_BOUND('',#3751,.T.);
#4047=FACE_BOUND('',#3752,.T.);
#4048=FACE_BOUND('',#3753,.T.);
#4049=FACE_BOUND('',#3754,.T.);
#4050=FACE_BOUND('',#3755,.T.);
#4051=FACE_BOUND('',#3756,.T.);
#4052=FACE_BOUND('',#3757,.T.);
#4053=FACE_BOUND('',#3758,.T.);
#4054=FACE_BOUND('',#3759,.T.);
#4055=FACE_BOUND('',#3760,.T.);
#4056=FACE_BOUND('',#3761,.T.);
#4057=FACE_BOUND('',#3762,.T.);
#4058=FACE_BOUND('',#3763,.T.);
#4059=FACE_BOUND('',#3764,.T.);
#4060=FACE_BOUND('',#3765,.T.);
#4061=FACE_BOUND('',#3766,.T.);
#4062=FACE_BOUND('',#3767,.T.);
#4063=FACE_BOUND('',#3768,.T.);
#4064=FACE_BOUND('',#3769,.T.);
#4065=FACE_BOUND('',#3770,.T.);
#4066=FACE_BOUND('',#3771,.T.);
#4067=FACE_BOUND('',#3772,.T.);
#4068=FACE_BOUND('',#3773,.T.);
#4069=FACE_BOUND('',#3774,.T.);
#4070=FACE_BOUND('',#3775,.T.);
#4071=FACE_BOUND('',#3776,.T.);
#4072=FACE_BOUND('',#3777,.T.);
#4073=FACE_BOUND('',#3778,.T.);
#4074=FACE_BOUND('',#3779,.T.);
#4075=FACE_BOUND('',#3780,.T.);
#4076=FACE_BOUND('',#3781,.T.);
#4077=FACE_BOUND('',#3782,.T.);
#4078=FACE_BOUND('',#3783,.T.);
#4079=FACE_BOUND('',#3784,.T.);
#4080=FACE_BOUND('',#3785,.T.);
#4081=FACE_BOUND('',#3786,.T.);
#4082=FACE_BOUND('',#3787,.T.);
#4083=FACE_BOUND('',#3788,.T.);
#4084=FACE_BOUND('',#3789,.T.);
#4085=FACE_BOUND('',#3790,.T.);
#4086=FACE_BOUND('',#3791,.T.);
#4087=FACE_BOUND('',#3792,.T.);
#4088=FACE_BOUND('',#3793,.T.);
#4089=FACE_BOUND('',#3794,.T.);
#4090=FACE_BOUND('',#3795,.T.);
#4091=FACE_BOUND('',#3796,.T.);
#4092=FACE_BOUND('',#3797,.T.);
#4093=FACE_BOUND('',#3798,.T.);
#4094=FACE_BOUND('',#3799,.T.);
#4095=FACE_BOUND('',#3800,.T.);
#4096=FACE_BOUND('',#3801,.T.);
#4097=FACE_BOUND('',#3802,.T.);
#4098=FACE_BOUND('',#3803,.T.);
#4099=FACE_BOUND('',#3804,.T.);
#4100=FACE_BOUND('',#3805,.T.);
#4101=FACE_BOUND('',#3806,.T.);
#4102=FACE_BOUND('',#3807,.T.);
#4103=FACE_BOUND('',#3808,.T.);
#4104=FACE_BOUND('',#3809,.T.);
#4105=FACE_BOUND('',#3810,.T.);
#4106=FACE_BOUND('',#3811,.T.);
#4107=FACE_BOUND('',#3812,.T.);
#4108=FACE_BOUND('',#3813,.T.);
#4109=FACE_BOUND('',#3814,.T.);
#4110=FACE_BOUND('',#3815,.T.);
#4111=FACE_BOUND('',#3816,.T.);
#4112=FACE_BOUND('',#3817,.T.);
#4113=FACE_BOUND('',#3818,.T.);
#4114=FACE_BOUND('',#3819,.T.);
#4115=FACE_BOUND('',#3820,.T.);
#4116=FACE_BOUND('',#3821,.T.);
#4117=FACE_BOUND('',#3822,.T.);
#4118=FACE_BOUND('',#3823,.T.);
#4119=FACE_BOUND('',#3824,.T.);
#4120=FACE_BOUND('',#3825,.T.);
#4121=FACE_BOUND('',#3826,.T.);
#4122=FACE_BOUND('',#3827,.T.);
#4123=FACE_BOUND('',#3828,.T.);
#4124=FACE_BOUND('',#3829,.T.);
#4125=FACE_BOUND('',#3830,.T.);
#4126=FACE_BOUND('',#3831,.T.);
#4127=FACE_BOUND('',#3832,.T.);
#4128=FACE_BOUND('',#3833,.T.);
#4129=FACE_BOUND('',#3834,.T.);
#4130=FACE_BOUND('',#3835,.T.);
#4131=FACE_BOUND('',#3836,.T.);
#4132=FACE_BOUND('',#3837,.T.);
#4133=FACE_BOUND('',#3838,.T.);
#4134=FACE_BOUND('',#3839,.T.);
#4135=FACE_BOUND('',#3840,.T.);
#4136=FACE_BOUND('',#3841,.T.);
#4137=FACE_BOUND('',#3842,.T.);
#4138=FACE_BOUND('',#3843,.T.);
#4139=FACE_BOUND('',#3844,.T.);
#4140=FACE_BOUND('',#3845,.T.);
#4141=FACE_BOUND('',#3846,.T.);
#4142=FACE_BOUND('',#3847,.T.);
#4143=FACE_BOUND('',#3848,.T.);
#4144=FACE_BOUND('',#3849,.T.);
#4145=FACE_BOUND('',#3850,.T.);
#4146=FACE_BOUND('',#3851,.T.);
#4147=FACE_BOUND('',#3852,.T.);
#4148=FACE_BOUND('',#3853,.T.);
#4149=FACE_BOUND('',#3854,.T.);
#4150=FACE_BOUND('',#3855,.T.);
#4151=FACE_BOUND('',#3856,.T.);
#4152=FACE_BOUND('',#3857,.T.);
#4153=FACE_BOUND('',#3858,.T.);
#4154=FACE_BOUND('',#3859,.T.);
#4155=FACE_BOUND('',#3860,.T.);
#4156=FACE_BOUND('',#3861,.T.);
#4157=FACE_BOUND('',#3862,.T.);
#4158=FACE_BOUND('',#3863,.T.);
#4159=FACE_BOUND('',#3864,.T.);
#4160=FACE_BOUND('',#3865,.T.);
#4161=FACE_BOUND('',#3866,.T.);
#4162=FACE_BOUND('',#3867,.T.);
#4163=FACE_BOUND('',#3868,.T.);
#4164=FACE_BOUND('',#3869,.T.);
#4165=FACE_BOUND('',#3870,.T.);
#4166=FACE_BOUND('',#3871,.T.);
#4167=FACE_BOUND('',#3872,.T.);
#4168=FACE_BOUND('',#3873,.T.);
#4169=FACE_BOUND('',#3874,.T.);
#4170=FACE_BOUND('',#3875,.T.);
#4171=FACE_BOUND('',#3876,.T.);
#4172=FACE_BOUND('',#3877,.T.);
#4173=FACE_BOUND('',#3878,.T.);
#4174=FACE_BOUND('',#3879,.T.);
#4175=FACE_BOUND('',#3880,.T.);
#4176=FACE_BOUND('',#3881,.T.);
#4177=FACE_BOUND('',#3882,.T.);
#4178=FACE_BOUND('',#3883,.T.);
#4179=FACE_BOUND('',#3884,.T.);
#4180=FACE_BOUND('',#3885,.T.);
#4181=FACE_BOUND('',#3886,.T.);
#4182=FACE_BOUND('',#3887,.T.);
#4183=FACE_BOUND('',#3888,.T.);
#4184=FACE_BOUND('',#3889,.T.);
#4185=FACE_BOUND('',#3890,.T.);
#4186=FACE_BOUND('',#3891,.T.);
#4187=FACE_BOUND('',#3892,.T.);
#4188=FACE_BOUND('',#3893,.T.);
#4189=FACE_BOUND('',#3894,.T.);
#4190=FACE_BOUND('',#3895,.T.);
#4191=FACE_BOUND('',#3896,.T.);
#4192=FACE_BOUND('',#3897,.T.);
#4193=FACE_BOUND('',#3898,.T.);
#4194=FACE_BOUND('',#3899,.T.);
#4195=FACE_BOUND('',#3900,.T.);
#4196=FACE_BOUND('',#3901,.T.);
#4197=FACE_BOUND('',#3902,.T.);
#4198=FACE_BOUND('',#3903,.T.);
#4199=FACE_BOUND('',#3904,.T.);
#4200=FACE_BOUND('',#3905,.T.);
#4201=FACE_BOUND('',#3906,.T.);
#4202=FACE_BOUND('',#3907,.T.);
#4203=FACE_BOUND('',#3908,.T.);
#4204=FACE_BOUND('',#3909,.T.);
#4205=FACE_BOUND('',#3910,.T.);
#4206=FACE_BOUND('',#3911,.T.);
#4207=FACE_BOUND('',#3912,.T.);
#4208=PLANE('',#4595);
#4209=PLANE('',#4617);
#4210=PLANE('',#4648);
#4211=PLANE('',#4662);
#4212=PLANE('',#4680);
#4213=PLANE('',#4690);
#4214=PLANE('',#4695);
#4215=PLANE('',#4696);
#4216=PLANE('',#4697);
#4217=PLANE('',#4698);
#4218=PLANE('',#4699);
#4219=PLANE('',#4700);
#4220=PLANE('',#4797);
#4221=PLANE('',#4836);
#4222=PLANE('',#4876);
#4223=PLANE('',#4879);
#4224=PLANE('',#4882);
#4225=PLANE('',#4885);
#4226=PLANE('',#4888);
#4227=PLANE('',#4891);
#4228=PLANE('',#4894);
#4229=PLANE('',#4895);
#4230=PLANE('',#4896);
#4231=PLANE('',#4897);
#4232=PLANE('',#4898);
#4233=PLANE('',#4899);
#4234=PLANE('',#4925);
#4235=PLANE('',#4926);
#4236=PLANE('',#4927);
#4237=PLANE('',#4928);
#4238=PLANE('',#4929);
#4239=PLANE('',#4930);
#4240=PLANE('',#4931);
#4241=PLANE('',#4932);
#4242=PLANE('',#4933);
#4243=PLANE('',#4934);
#4244=PLANE('',#4935);
#4245=PLANE('',#4936);
#4246=PLANE('',#4937);
#4247=PLANE('',#4938);
#4248=PLANE('',#4939);
#4249=PLANE('',#4940);
#4250=PLANE('',#4941);
#4251=PLANE('',#4942);
#4252=PLANE('',#4943);
#4253=PLANE('',#4944);
#4254=PLANE('',#4945);
#4255=PLANE('',#4946);
#4256=PLANE('',#4947);
#4257=PLANE('',#4948);
#4258=PLANE('',#4949);
#4259=PLANE('',#4950);
#4260=PLANE('',#4951);
#4261=PLANE('',#4952);
#4262=PLANE('',#4953);
#4263=PLANE('',#4954);
#4264=PLANE('',#4955);
#4265=PLANE('',#4956);
#4266=PLANE('',#4957);
#4267=PLANE('',#4958);
#4268=PLANE('',#4959);
#4269=PLANE('',#4960);
#4270=PLANE('',#4961);
#4271=PLANE('',#4962);
#4272=PLANE('',#4963);
#4273=PLANE('',#4964);
#4274=PLANE('',#4965);
#4275=PLANE('',#4966);
#4276=PLANE('',#4967);
#4277=PLANE('',#4968);
#4278=PLANE('',#4969);
#4279=PLANE('',#4970);
#4280=PLANE('',#4971);
#4281=PLANE('',#4972);
#4282=PLANE('',#4973);
#4283=PLANE('',#4974);
#4284=PLANE('',#4975);
#4285=PLANE('',#4976);
#4286=PLANE('',#4977);
#4287=PLANE('',#4978);
#4288=PLANE('',#4979);
#4289=PLANE('',#4980);
#4290=PLANE('',#4981);
#4291=PLANE('',#4982);
#4292=PLANE('',#4983);
#4293=PLANE('',#4984);
#4294=PLANE('',#4985);
#4295=PLANE('',#4986);
#4296=PLANE('',#4987);
#4297=PLANE('',#4988);
#4298=PLANE('',#4989);
#4299=PLANE('',#4990);
#4300=PLANE('',#4991);
#4301=PLANE('',#4992);
#4302=PLANE('',#4993);
#4303=PLANE('',#4994);
#4304=PLANE('',#4995);
#4305=PLANE('',#4996);
#4306=PLANE('',#4997);
#4307=PLANE('',#4998);
#4308=PLANE('',#4999);
#4309=PLANE('',#5000);
#4310=PLANE('',#5001);
#4311=PLANE('',#5002);
#4312=PLANE('',#5003);
#4313=PLANE('',#5004);
#4314=ADVANCED_FACE('',(#3913,#3914),#4208,.T.);
#4315=ADVANCED_FACE('',(#3915,#3916),#303,.T.);
#4316=ADVANCED_FACE('',(#3917),#304,.F.);
#4317=ADVANCED_FACE('',(#3918),#305,.F.);
#4318=ADVANCED_FACE('',(#3919),#306,.F.);
#4319=ADVANCED_FACE('',(#3920),#307,.F.);
#4320=ADVANCED_FACE('',(#3921),#308,.F.);
#4321=ADVANCED_FACE('',(#3922),#309,.F.);
#4322=ADVANCED_FACE('',(#3923,#3924),#4209,.T.);
#4323=ADVANCED_FACE('',(#3925),#310,.F.);
#4324=ADVANCED_FACE('',(#3926),#311,.F.);
#4325=ADVANCED_FACE('',(#3927),#312,.F.);
#4326=ADVANCED_FACE('',(#3928),#313,.F.);
#4327=ADVANCED_FACE('',(#3929),#314,.F.);
#4328=ADVANCED_FACE('',(#3930),#315,.F.);
#4329=ADVANCED_FACE('',(#3931,#3932),#4210,.F.);
#4330=ADVANCED_FACE('',(#3933,#3934),#4211,.F.);
#4331=ADVANCED_FACE('',(#3935,#3936),#316,.T.);
#4332=ADVANCED_FACE('',(#3937,#3938),#317,.F.);
#4333=ADVANCED_FACE('',(#3939,#3940),#4212,.T.);
#4334=ADVANCED_FACE('',(#3941,#3942),#318,.F.);
#4335=ADVANCED_FACE('',(#3943,#3944),#4213,.F.);
#4336=ADVANCED_FACE('',(#3945,#3946),#319,.T.);
#4337=ADVANCED_FACE('',(#3947,#3948),#320,.T.);
#4338=ADVANCED_FACE('',(#3949),#4214,.F.);
#4339=ADVANCED_FACE('',(#3950),#4215,.F.);
#4340=ADVANCED_FACE('',(#3951),#4216,.F.);
#4341=ADVANCED_FACE('',(#3952),#4217,.F.);
#4342=ADVANCED_FACE('',(#3953),#4218,.F.);
#4343=ADVANCED_FACE('',(#3954),#4219,.F.);
#4344=ADVANCED_FACE('',(#3955),#83,.F.);
#4345=ADVANCED_FACE('',(#3956),#84,.F.);
#4346=ADVANCED_FACE('',(#3957),#85,.F.);
#4347=ADVANCED_FACE('',(#3958),#86,.F.);
#4348=ADVANCED_FACE('',(#3959),#52,.T.);
#4349=ADVANCED_FACE('',(#3960),#87,.F.);
#4350=ADVANCED_FACE('',(#3961),#88,.F.);
#4351=ADVANCED_FACE('',(#3962),#53,.T.);
#4352=ADVANCED_FACE('',(#3963),#89,.F.);
#4353=ADVANCED_FACE('',(#3964),#90,.F.);
#4354=ADVANCED_FACE('',(#3965),#54,.F.);
#4355=ADVANCED_FACE('',(#3966),#91,.F.);
#4356=ADVANCED_FACE('',(#3967),#92,.F.);
#4357=ADVANCED_FACE('',(#3968),#93,.F.);
#4358=ADVANCED_FACE('',(#3969),#94,.F.);
#4359=ADVANCED_FACE('',(#3970),#95,.F.);
#4360=ADVANCED_FACE('',(#3971),#55,.F.);
#4361=ADVANCED_FACE('',(#3972),#96,.F.);
#4362=ADVANCED_FACE('',(#3973),#97,.F.);
#4363=ADVANCED_FACE('',(#3974),#56,.T.);
#4364=ADVANCED_FACE('',(#3975),#98,.F.);
#4365=ADVANCED_FACE('',(#3976),#57,.F.);
#4366=ADVANCED_FACE('',(#3977),#58,.T.);
#4367=ADVANCED_FACE('',(#3978),#99,.F.);
#4368=ADVANCED_FACE('',(#3979),#100,.F.);
#4369=ADVANCED_FACE('',(#3980),#101,.F.);
#4370=ADVANCED_FACE('',(#3981),#59,.T.);
#4371=ADVANCED_FACE('',(#3982),#102,.F.);
#4372=ADVANCED_FACE('',(#3983),#103,.F.);
#4373=ADVANCED_FACE('',(#3984),#104,.F.);
#4374=ADVANCED_FACE('',(#3985),#105,.F.);
#4375=ADVANCED_FACE('',(#3986),#106,.F.);
#4376=ADVANCED_FACE('',(#3987),#107,.F.);
#4377=ADVANCED_FACE('',(#3988),#108,.F.);
#4378=ADVANCED_FACE('',(#3989),#60,.T.);
#4379=ADVANCED_FACE('',(#3990),#109,.F.);
#4380=ADVANCED_FACE('',(#3991),#110,.F.);
#4381=ADVANCED_FACE('',(#3992),#61,.T.);
#4382=ADVANCED_FACE('',(#3993),#62,.F.);
#4383=ADVANCED_FACE('',(#3994),#111,.F.);
#4384=ADVANCED_FACE('',(#3995),#63,.T.);
#4385=ADVANCED_FACE('',(#3996),#112,.F.);
#4386=ADVANCED_FACE('',(#3997),#113,.F.);
#4387=ADVANCED_FACE('',(#3998),#64,.F.);
#4388=ADVANCED_FACE('',(#3999),#114,.F.);
#4389=ADVANCED_FACE('',(#4000),#115,.F.);
#4390=ADVANCED_FACE('',(#4001),#116,.F.);
#4391=ADVANCED_FACE('',(#4002),#65,.F.);
#4392=ADVANCED_FACE('',(#4003),#117,.F.);
#4393=ADVANCED_FACE('',(#4004),#66,.F.);
#4394=ADVANCED_FACE('',(#4005),#67,.T.);
#4395=ADVANCED_FACE('',(#4006),#118,.F.);
#4396=ADVANCED_FACE('',(#4007),#119,.F.);
#4397=ADVANCED_FACE('',(#4008),#120,.F.);
#4398=ADVANCED_FACE('',(#4009),#68,.T.);
#4399=ADVANCED_FACE('',(#4010),#121,.F.);
#4400=ADVANCED_FACE('',(#4011),#122,.F.);
#4401=ADVANCED_FACE('',(#4012),#123,.F.);
#4402=ADVANCED_FACE('',(#4013),#124,.F.);
#4403=ADVANCED_FACE('',(#4014),#125,.F.);
#4404=ADVANCED_FACE('',(#4015),#69,.T.);
#4405=ADVANCED_FACE('',(#4016),#126,.F.);
#4406=ADVANCED_FACE('',(#4017),#70,.T.);
#4407=ADVANCED_FACE('',(#4018),#71,.F.);
#4408=ADVANCED_FACE('',(#4019),#127,.F.);
#4409=ADVANCED_FACE('',(#4020),#72,.T.);
#4410=ADVANCED_FACE('',(#4021),#128,.F.);
#4411=ADVANCED_FACE('',(#4022),#129,.F.);
#4412=ADVANCED_FACE('',(#4023),#73,.F.);
#4413=ADVANCED_FACE('',(#4024),#130,.F.);
#4414=ADVANCED_FACE('',(#4025),#131,.F.);
#4415=ADVANCED_FACE('',(#4026),#132,.F.);
#4416=ADVANCED_FACE('',(#4027),#74,.F.);
#4417=ADVANCED_FACE('',(#4028),#75,.T.);
#4418=ADVANCED_FACE('',(#4029),#133,.F.);
#4419=ADVANCED_FACE('',(#4030),#76,.F.);
#4420=ADVANCED_FACE('',(#4031),#77,.T.);
#4421=ADVANCED_FACE('',(#4032),#134,.F.);
#4422=ADVANCED_FACE('',(#4033),#135,.F.);
#4423=ADVANCED_FACE('',(#4034),#136,.F.);
#4424=ADVANCED_FACE('',(#4035),#137,.F.);
#4425=ADVANCED_FACE('',(#4036),#138,.F.);
#4426=ADVANCED_FACE('',(#4037),#139,.F.);
#4427=ADVANCED_FACE('',(#4038),#140,.F.);
#4428=ADVANCED_FACE('',(#4039),#141,.F.);
#4429=ADVANCED_FACE('',(#4040),#142,.F.);
#4430=ADVANCED_FACE('',(#4041),#78,.T.);
#4431=ADVANCED_FACE('',(#4042),#79,.F.);
#4432=ADVANCED_FACE('',(#4043),#143,.F.);
#4433=ADVANCED_FACE('',(#4044),#80,.T.);
#4434=ADVANCED_FACE('',(#4045),#144,.F.);
#4435=ADVANCED_FACE('',(#4046),#145,.F.);
#4436=ADVANCED_FACE('',(#4047),#146,.F.);
#4437=ADVANCED_FACE('',(#4048,#4049),#81,.F.);
#4438=ADVANCED_FACE('',(#4050,#4051),#82,.F.);
#4439=ADVANCED_FACE('',(#4052,#4053,#4054,#4055,#4056,#4057,#4058,#4059,
#4060,#4061,#4062,#4063),#4220,.T.);
#4440=ADVANCED_FACE('',(#4064,#4065,#4066,#4067,#4068,#4069,#4070,#4071,
#4072,#4073,#4074,#4075),#4221,.F.);
#4441=ADVANCED_FACE('',(#4076),#10,.T.);
#4442=ADVANCED_FACE('',(#4077),#4222,.F.);
#4443=ADVANCED_FACE('',(#4078),#11,.F.);
#4444=ADVANCED_FACE('',(#4079),#12,.T.);
#4445=ADVANCED_FACE('',(#4080),#4223,.F.);
#4446=ADVANCED_FACE('',(#4081),#13,.F.);
#4447=ADVANCED_FACE('',(#4082),#14,.T.);
#4448=ADVANCED_FACE('',(#4083),#4224,.F.);
#4449=ADVANCED_FACE('',(#4084),#15,.F.);
#4450=ADVANCED_FACE('',(#4085),#16,.T.);
#4451=ADVANCED_FACE('',(#4086),#4225,.F.);
#4452=ADVANCED_FACE('',(#4087),#17,.F.);
#4453=ADVANCED_FACE('',(#4088),#18,.T.);
#4454=ADVANCED_FACE('',(#4089),#4226,.F.);
#4455=ADVANCED_FACE('',(#4090),#19,.F.);
#4456=ADVANCED_FACE('',(#4091),#20,.T.);
#4457=ADVANCED_FACE('',(#4092),#4227,.F.);
#4458=ADVANCED_FACE('',(#4093),#21,.F.);
#4459=ADVANCED_FACE('',(#4094,#4095),#22,.F.);
#4460=ADVANCED_FACE('',(#4096),#4228,.T.);
#4461=ADVANCED_FACE('',(#4097),#4229,.T.);
#4462=ADVANCED_FACE('',(#4098),#4230,.T.);
#4463=ADVANCED_FACE('',(#4099),#4231,.T.);
#4464=ADVANCED_FACE('',(#4100),#4232,.T.);
#4465=ADVANCED_FACE('',(#4101),#4233,.T.);
#4466=ADVANCED_FACE('',(#4102,#4103),#23,.T.);
#4467=ADVANCED_FACE('',(#4104),#24,.F.);
#4468=ADVANCED_FACE('',(#4105),#25,.F.);
#4469=ADVANCED_FACE('',(#4106),#26,.F.);
#4470=ADVANCED_FACE('',(#4107),#27,.F.);
#4471=ADVANCED_FACE('',(#4108),#28,.F.);
#4472=ADVANCED_FACE('',(#4109),#29,.F.);
#4473=ADVANCED_FACE('',(#4110),#30,.F.);
#4474=ADVANCED_FACE('',(#4111),#31,.F.);
#4475=ADVANCED_FACE('',(#4112),#32,.F.);
#4476=ADVANCED_FACE('',(#4113),#33,.F.);
#4477=ADVANCED_FACE('',(#4114),#34,.F.);
#4478=ADVANCED_FACE('',(#4115),#35,.F.);
#4479=ADVANCED_FACE('',(#4116),#36,.F.);
#4480=ADVANCED_FACE('',(#4117),#37,.F.);
#4481=ADVANCED_FACE('',(#4118),#38,.F.);
#4482=ADVANCED_FACE('',(#4119),#39,.F.);
#4483=ADVANCED_FACE('',(#4120),#40,.F.);
#4484=ADVANCED_FACE('',(#4121),#41,.F.);
#4485=ADVANCED_FACE('',(#4122),#42,.F.);
#4486=ADVANCED_FACE('',(#4123),#43,.F.);
#4487=ADVANCED_FACE('',(#4124),#44,.F.);
#4488=ADVANCED_FACE('',(#4125),#45,.F.);
#4489=ADVANCED_FACE('',(#4126),#46,.F.);
#4490=ADVANCED_FACE('',(#4127),#47,.F.);
#4491=ADVANCED_FACE('',(#4128),#4234,.F.);
#4492=ADVANCED_FACE('',(#4129),#4235,.F.);
#4493=ADVANCED_FACE('',(#4130),#4236,.F.);
#4494=ADVANCED_FACE('',(#4131),#4237,.F.);
#4495=ADVANCED_FACE('',(#4132),#4238,.T.);
#4496=ADVANCED_FACE('',(#4133),#4239,.T.);
#4497=ADVANCED_FACE('',(#4134),#4240,.T.);
#4498=ADVANCED_FACE('',(#4135),#4241,.T.);
#4499=ADVANCED_FACE('',(#4136),#4242,.T.);
#4500=ADVANCED_FACE('',(#4137),#4243,.T.);
#4501=ADVANCED_FACE('',(#4138),#4244,.T.);
#4502=ADVANCED_FACE('',(#4139),#4245,.T.);
#4503=ADVANCED_FACE('',(#4140),#4246,.T.);
#4504=ADVANCED_FACE('',(#4141),#4247,.T.);
#4505=ADVANCED_FACE('',(#4142),#4248,.T.);
#4506=ADVANCED_FACE('',(#4143),#4249,.F.);
#4507=ADVANCED_FACE('',(#4144),#4250,.F.);
#4508=ADVANCED_FACE('',(#4145),#4251,.F.);
#4509=ADVANCED_FACE('',(#4146),#4252,.F.);
#4510=ADVANCED_FACE('',(#4147),#4253,.F.);
#4511=ADVANCED_FACE('',(#4148),#4254,.F.);
#4512=ADVANCED_FACE('',(#4149),#4255,.F.);
#4513=ADVANCED_FACE('',(#4150),#4256,.F.);
#4514=ADVANCED_FACE('',(#4151),#4257,.F.);
#4515=ADVANCED_FACE('',(#4152),#4258,.F.);
#4516=ADVANCED_FACE('',(#4153),#4259,.F.);
#4517=ADVANCED_FACE('',(#4154),#4260,.F.);
#4518=ADVANCED_FACE('',(#4155),#4261,.F.);
#4519=ADVANCED_FACE('',(#4156),#4262,.T.);
#4520=ADVANCED_FACE('',(#4157),#4263,.F.);
#4521=ADVANCED_FACE('',(#4158),#4264,.F.);
#4522=ADVANCED_FACE('',(#4159),#4265,.F.);
#4523=ADVANCED_FACE('',(#4160),#4266,.F.);
#4524=ADVANCED_FACE('',(#4161),#4267,.F.);
#4525=ADVANCED_FACE('',(#4162),#4268,.F.);
#4526=ADVANCED_FACE('',(#4163),#4269,.F.);
#4527=ADVANCED_FACE('',(#4164),#4270,.F.);
#4528=ADVANCED_FACE('',(#4165),#4271,.F.);
#4529=ADVANCED_FACE('',(#4166),#4272,.F.);
#4530=ADVANCED_FACE('',(#4167),#4273,.T.);
#4531=ADVANCED_FACE('',(#4168),#4274,.F.);
#4532=ADVANCED_FACE('',(#4169),#4275,.F.);
#4533=ADVANCED_FACE('',(#4170),#4276,.F.);
#4534=ADVANCED_FACE('',(#4171),#4277,.F.);
#4535=ADVANCED_FACE('',(#4172),#4278,.F.);
#4536=ADVANCED_FACE('',(#4173),#4279,.F.);
#4537=ADVANCED_FACE('',(#4174),#4280,.F.);
#4538=ADVANCED_FACE('',(#4175),#4281,.F.);
#4539=ADVANCED_FACE('',(#4176),#4282,.F.);
#4540=ADVANCED_FACE('',(#4177),#4283,.F.);
#4541=ADVANCED_FACE('',(#4178),#4284,.T.);
#4542=ADVANCED_FACE('',(#4179),#4285,.F.);
#4543=ADVANCED_FACE('',(#4180),#4286,.F.);
#4544=ADVANCED_FACE('',(#4181),#4287,.F.);
#4545=ADVANCED_FACE('',(#4182),#4288,.F.);
#4546=ADVANCED_FACE('',(#4183),#4289,.T.);
#4547=ADVANCED_FACE('',(#4184),#4290,.T.);
#4548=ADVANCED_FACE('',(#4185),#4291,.T.);
#4549=ADVANCED_FACE('',(#4186),#4292,.T.);
#4550=ADVANCED_FACE('',(#4187),#4293,.T.);
#4551=ADVANCED_FACE('',(#4188),#4294,.T.);
#4552=ADVANCED_FACE('',(#4189),#4295,.T.);
#4553=ADVANCED_FACE('',(#4190),#4296,.T.);
#4554=ADVANCED_FACE('',(#4191),#4297,.T.);
#4555=ADVANCED_FACE('',(#4192),#4298,.T.);
#4556=ADVANCED_FACE('',(#4193),#4299,.T.);
#4557=ADVANCED_FACE('',(#4194),#4300,.F.);
#4558=ADVANCED_FACE('',(#4195),#4301,.F.);
#4559=ADVANCED_FACE('',(#4196),#4302,.F.);
#4560=ADVANCED_FACE('',(#4197),#4303,.F.);
#4561=ADVANCED_FACE('',(#4198),#4304,.F.);
#4562=ADVANCED_FACE('',(#4199),#4305,.F.);
#4563=ADVANCED_FACE('',(#4200),#4306,.F.);
#4564=ADVANCED_FACE('',(#4201),#4307,.F.);
#4565=ADVANCED_FACE('',(#4202),#4308,.F.);
#4566=ADVANCED_FACE('',(#4203),#4309,.F.);
#4567=ADVANCED_FACE('',(#4204),#4310,.F.);
#4568=ADVANCED_FACE('',(#4205),#4311,.F.);
#4569=ADVANCED_FACE('',(#4206),#4312,.F.);
#4570=ADVANCED_FACE('',(#4207),#4313,.T.);
#4571=CLOSED_SHELL('',(#4314,#4315,#4316,#4317,#4318,#4319,#4320,#4321,
#4322,#4323,#4324,#4325,#4326,#4327,#4328,#4329,#4330,#4331,#4332,#4333,
#4334,#4335,#4336,#4337,#4338,#4339,#4340,#4341,#4342,#4343,#4344,#4345,
#4346,#4347,#4348,#4349,#4350,#4351,#4352,#4353,#4354,#4355,#4356,#4357,
#4358,#4359,#4360,#4361,#4362,#4363,#4364,#4365,#4366,#4367,#4368,#4369,
#4370,#4371,#4372,#4373,#4374,#4375,#4376,#4377,#4378,#4379,#4380,#4381,
#4382,#4383,#4384,#4385,#4386,#4387,#4388,#4389,#4390,#4391,#4392,#4393,
#4394,#4395,#4396,#4397,#4398,#4399,#4400,#4401,#4402,#4403,#4404,#4405,
#4406,#4407,#4408,#4409,#4410,#4411,#4412,#4413,#4414,#4415,#4416,#4417,
#4418,#4419,#4420,#4421,#4422,#4423,#4424,#4425,#4426,#4427,#4428,#4429,
#4430,#4431,#4432,#4433,#4434,#4435,#4436,#4437,#4438));
#4572=CLOSED_SHELL('',(#4439,#4440,#4441,#4442,#4443,#4444,#4445,#4446,
#4447,#4448,#4449,#4450,#4451,#4452,#4453,#4454,#4455,#4456,#4457,#4458,
#4459,#4460,#4461,#4462,#4463,#4464,#4465,#4466,#4467,#4468,#4469,#4470,
#4471,#4472,#4473,#4474,#4475,#4476,#4477,#4478,#4479,#4480,#4481,#4482,
#4483,#4484,#4485,#4486,#4487,#4488,#4489,#4490,#4491,#4492,#4493,#4494,
#4495,#4496,#4497,#4498,#4499,#4500,#4501,#4502,#4503,#4504,#4505,#4506,
#4507,#4508,#4509,#4510,#4511,#4512,#4513,#4514,#4515,#4516,#4517,#4518,
#4519,#4520,#4521,#4522,#4523,#4524,#4525,#4526,#4527,#4528,#4529,#4530,
#4531,#4532,#4533,#4534,#4535,#4536,#4537,#4538,#4539,#4540,#4541,#4542,
#4543,#4544,#4545,#4546,#4547,#4548,#4549,#4550,#4551,#4552,#4553,#4554,
#4555,#4556,#4557,#4558,#4559,#4560,#4561,#4562,#4563,#4564,#4565,#4566,
#4567,#4568,#4569,#4570));
#4573=STYLED_ITEM('',(#4575),#4588);
#4574=STYLED_ITEM('',(#4576),#4589);
#4575=PRESENTATION_STYLE_ASSIGNMENT((#4577));
#4576=PRESENTATION_STYLE_ASSIGNMENT((#4578));
#4577=SURFACE_STYLE_USAGE(.BOTH.,#4579);
#4578=SURFACE_STYLE_USAGE(.BOTH.,#4580);
#4579=SURFACE_SIDE_STYLE('',(#4581));
#4580=SURFACE_SIDE_STYLE('',(#4582));
#4581=SURFACE_STYLE_FILL_AREA(#4583);
#4582=SURFACE_STYLE_FILL_AREA(#4584);
#4583=FILL_AREA_STYLE('',(#4585));
#4584=FILL_AREA_STYLE('',(#4586));
#4585=FILL_AREA_STYLE_COLOUR('',#4587);
#4586=FILL_AREA_STYLE_COLOUR('',#4587);
#4587=COLOUR_RGB('',0.117647058823529,0.117647058823529,0.117647058823529);
#4588=MANIFOLD_SOLID_BREP('Core',#4571);
#4589=MANIFOLD_SOLID_BREP('4inch',#4572);
#4590=SHAPE_DEFINITION_REPRESENTATION(#8705,#4592);
#4591=SHAPE_DEFINITION_REPRESENTATION(#8706,#4593);
#4592=SHAPE_REPRESENTATION('Core',(#4594),#8695);
#4593=SHAPE_REPRESENTATION('4inch',(#4796),#8696);
#4594=AXIS2_PLACEMENT_3D('',#6133,#5005,#5006);
#4595=AXIS2_PLACEMENT_3D('',#6134,#5007,#5008);
#4596=AXIS2_PLACEMENT_3D('',#6147,#5015,#5016);
#4597=AXIS2_PLACEMENT_3D('',#6149,#5017,#5018);
#4598=AXIS2_PLACEMENT_3D('',#6150,#5019,#5020);
#4599=AXIS2_PLACEMENT_3D('',#6152,#5021,#5022);
#4600=AXIS2_PLACEMENT_3D('',#6159,#5023,#5024);
#4601=AXIS2_PLACEMENT_3D('',#6166,#5025,#5026);
#4602=AXIS2_PLACEMENT_3D('',#6167,#5027,#5028);
#4603=AXIS2_PLACEMENT_3D('',#6179,#5029,#5030);
#4604=AXIS2_PLACEMENT_3D('',#6191,#5031,#5032);
#4605=AXIS2_PLACEMENT_3D('',#6192,#5033,#5034);
#4606=AXIS2_PLACEMENT_3D('',#6199,#5035,#5036);
#4607=AXIS2_PLACEMENT_3D('',#6206,#5037,#5038);
#4608=AXIS2_PLACEMENT_3D('',#6207,#5039,#5040);
#4609=AXIS2_PLACEMENT_3D('',#6214,#5041,#5042);
#4610=AXIS2_PLACEMENT_3D('',#6221,#5043,#5044);
#4611=AXIS2_PLACEMENT_3D('',#6222,#5045,#5046);
#4612=AXIS2_PLACEMENT_3D('',#6229,#5047,#5048);
#4613=AXIS2_PLACEMENT_3D('',#6236,#5049,#5050);
#4614=AXIS2_PLACEMENT_3D('',#6237,#5051,#5052);
#4615=AXIS2_PLACEMENT_3D('',#6244,#5053,#5054);
#4616=AXIS2_PLACEMENT_3D('',#6251,#5055,#5056);
#4617=AXIS2_PLACEMENT_3D('',#6252,#5057,#5058);
#4618=AXIS2_PLACEMENT_3D('',#6253,#5059,#5060);
#4619=AXIS2_PLACEMENT_3D('',#6256,#5061,#5062);
#4620=AXIS2_PLACEMENT_3D('',#6258,#5063,#5064);
#4621=AXIS2_PLACEMENT_3D('',#6260,#5065,#5066);
#4622=AXIS2_PLACEMENT_3D('',#6262,#5067,#5068);
#4623=AXIS2_PLACEMENT_3D('',#6264,#5069,#5070);
#4624=AXIS2_PLACEMENT_3D('',#6266,#5071,#5072);
#4625=AXIS2_PLACEMENT_3D('',#6268,#5073,#5074);
#4626=AXIS2_PLACEMENT_3D('',#6270,#5075,#5076);
#4627=AXIS2_PLACEMENT_3D('',#6272,#5077,#5078);
#4628=AXIS2_PLACEMENT_3D('',#6274,#5079,#5080);
#4629=AXIS2_PLACEMENT_3D('',#6276,#5081,#5082);
#4630=AXIS2_PLACEMENT_3D('',#6277,#5083,#5084);
#4631=AXIS2_PLACEMENT_3D('',#6279,#5085,#5086);
#4632=AXIS2_PLACEMENT_3D('',#6286,#5087,#5088);
#4633=AXIS2_PLACEMENT_3D('',#6293,#5089,#5090);
#4634=AXIS2_PLACEMENT_3D('',#6294,#5091,#5092);
#4635=AXIS2_PLACEMENT_3D('',#6301,#5093,#5094);
#4636=AXIS2_PLACEMENT_3D('',#6308,#5095,#5096);
#4637=AXIS2_PLACEMENT_3D('',#6309,#5097,#5098);
#4638=AXIS2_PLACEMENT_3D('',#6316,#5099,#5100);
#4639=AXIS2_PLACEMENT_3D('',#6323,#5101,#5102);
#4640=AXIS2_PLACEMENT_3D('',#6324,#5103,#5104);
#4641=AXIS2_PLACEMENT_3D('',#6331,#5105,#5106);
#4642=AXIS2_PLACEMENT_3D('',#6338,#5107,#5108);
#4643=AXIS2_PLACEMENT_3D('',#6339,#5109,#5110);
#4644=AXIS2_PLACEMENT_3D('',#6340,#5111,#5112);
#4645=AXIS2_PLACEMENT_3D('',#6361,#5113,#5114);
#4646=AXIS2_PLACEMENT_3D('',#6368,#5115,#5116);
#4647=AXIS2_PLACEMENT_3D('',#6375,#5117,#5118);
#4648=AXIS2_PLACEMENT_3D('',#6376,#5119,#5120);
#4649=AXIS2_PLACEMENT_3D('',#6377,#5121,#5122);
#4650=AXIS2_PLACEMENT_3D('',#6380,#5123,#5124);
#4651=AXIS2_PLACEMENT_3D('',#6382,#5125,#5126);
#4652=AXIS2_PLACEMENT_3D('',#6384,#5127,#5128);
#4653=AXIS2_PLACEMENT_3D('',#6386,#5129,#5130);
#4654=AXIS2_PLACEMENT_3D('',#6388,#5131,#5132);
#4655=AXIS2_PLACEMENT_3D('',#6390,#5133,#5134);
#4656=AXIS2_PLACEMENT_3D('',#6392,#5135,#5136);
#4657=AXIS2_PLACEMENT_3D('',#6394,#5137,#5138);
#4658=AXIS2_PLACEMENT_3D('',#6396,#5139,#5140);
#4659=AXIS2_PLACEMENT_3D('',#6398,#5141,#5142);
#4660=AXIS2_PLACEMENT_3D('',#6400,#5143,#5144);
#4661=AXIS2_PLACEMENT_3D('',#6401,#5145,#5146);
#4662=AXIS2_PLACEMENT_3D('',#6403,#5147,#5148);
#4663=AXIS2_PLACEMENT_3D('',#6416,#5155,#5156);
#4664=AXIS2_PLACEMENT_3D('',#6418,#5157,#5158);
#4665=AXIS2_PLACEMENT_3D('',#6419,#5159,#5160);
#4666=AXIS2_PLACEMENT_3D('',#6421,#5161,#5162);
#4667=AXIS2_PLACEMENT_3D('',#6422,#5163,#5164);
#4668=AXIS2_PLACEMENT_3D('',#6445,#5165,#5166);
#4669=AXIS2_PLACEMENT_3D('',#6462,#5167,#5168);
#4670=AXIS2_PLACEMENT_3D('',#6484,#5169,#5170);
#4671=AXIS2_PLACEMENT_3D('',#6501,#5171,#5172);
#4672=AXIS2_PLACEMENT_3D('',#6523,#5173,#5174);
#4673=AXIS2_PLACEMENT_3D('',#6540,#5175,#5176);
#4674=AXIS2_PLACEMENT_3D('',#6562,#5177,#5178);
#4675=AXIS2_PLACEMENT_3D('',#6569,#5179,#5180);
#4676=AXIS2_PLACEMENT_3D('',#6576,#5181,#5182);
#4677=AXIS2_PLACEMENT_3D('',#6593,#5183,#5184);
#4678=AXIS2_PLACEMENT_3D('',#6615,#5185,#5186);
#4679=AXIS2_PLACEMENT_3D('',#6631,#5187,#5188);
#4680=AXIS2_PLACEMENT_3D('',#6633,#5189,#5190);
#4681=AXIS2_PLACEMENT_3D('',#6634,#5191,#5192);
#4682=AXIS2_PLACEMENT_3D('',#6636,#5193,#5194);
#4683=AXIS2_PLACEMENT_3D('',#6667,#5195,#5196);
#4684=AXIS2_PLACEMENT_3D('',#6703,#5197,#5198);
#4685=AXIS2_PLACEMENT_3D('',#6716,#5199,#5200);
#4686=AXIS2_PLACEMENT_3D('',#6752,#5201,#5202);
#4687=AXIS2_PLACEMENT_3D('',#6788,#5203,#5204);
#4688=AXIS2_PLACEMENT_3D('',#6824,#5205,#5206);
#4689=AXIS2_PLACEMENT_3D('',#6830,#5207,#5208);
#4690=AXIS2_PLACEMENT_3D('',#6832,#5209,#5210);
#4691=AXIS2_PLACEMENT_3D('',#6833,#5211,#5212);
#4692=AXIS2_PLACEMENT_3D('',#6835,#5213,#5214);
#4693=AXIS2_PLACEMENT_3D('',#6836,#5215,#5216);
#4694=AXIS2_PLACEMENT_3D('',#6838,#5217,#5218);
#4695=AXIS2_PLACEMENT_3D('',#6839,#5219,#5220);
#4696=AXIS2_PLACEMENT_3D('',#6842,#5223,#5224);
#4697=AXIS2_PLACEMENT_3D('',#6844,#5226,#5227);
#4698=AXIS2_PLACEMENT_3D('',#6846,#5229,#5230);
#4699=AXIS2_PLACEMENT_3D('',#6848,#5232,#5233);
#4700=AXIS2_PLACEMENT_3D('',#6850,#5235,#5236);
#4701=AXIS2_PLACEMENT_3D('',#6863,#5237,#5238);
#4702=AXIS2_PLACEMENT_3D('',#6864,#5239,#5240);
#4703=AXIS2_PLACEMENT_3D('',#6882,#5241,#5242);
#4704=AXIS2_PLACEMENT_3D('',#6915,#5243,#5244);
#4705=AXIS2_PLACEMENT_3D('',#6916,#5245,#5246);
#4706=AXIS2_PLACEMENT_3D('',#6917,#5247,#5248);
#4707=AXIS2_PLACEMENT_3D('',#6938,#5249,#5250);
#4708=AXIS2_PLACEMENT_3D('',#6951,#5251,#5252);
#4709=AXIS2_PLACEMENT_3D('',#6952,#5253,#5254);
#4710=AXIS2_PLACEMENT_3D('',#6990,#5255,#5256);
#4711=AXIS2_PLACEMENT_3D('',#6991,#5257,#5258);
#4712=AXIS2_PLACEMENT_3D('',#6992,#5259,#5260);
#4713=AXIS2_PLACEMENT_3D('',#7005,#5261,#5262);
#4714=AXIS2_PLACEMENT_3D('',#7006,#5263,#5264);
#4715=AXIS2_PLACEMENT_3D('',#7044,#5265,#5266);
#4716=AXIS2_PLACEMENT_3D('',#7057,#5267,#5268);
#4717=AXIS2_PLACEMENT_3D('',#7074,#5269,#5270);
#4718=AXIS2_PLACEMENT_3D('',#7075,#5271,#5272);
#4719=AXIS2_PLACEMENT_3D('',#7076,#5273,#5274);
#4720=AXIS2_PLACEMENT_3D('',#7110,#5275,#5276);
#4721=AXIS2_PLACEMENT_3D('',#7115,#5277,#5278);
#4722=AXIS2_PLACEMENT_3D('',#7132,#5279,#5280);
#4723=AXIS2_PLACEMENT_3D('',#7133,#5281,#5282);
#4724=AXIS2_PLACEMENT_3D('',#7134,#5283,#5284);
#4725=AXIS2_PLACEMENT_3D('',#7135,#5285,#5286);
#4726=AXIS2_PLACEMENT_3D('',#7152,#5287,#5288);
#4727=AXIS2_PLACEMENT_3D('',#7165,#5289,#5290);
#4728=AXIS2_PLACEMENT_3D('',#7166,#5291,#5292);
#4729=AXIS2_PLACEMENT_3D('',#7183,#5293,#5294);
#4730=AXIS2_PLACEMENT_3D('',#7200,#5295,#5296);
#4731=AXIS2_PLACEMENT_3D('',#7213,#5297,#5298);
#4732=AXIS2_PLACEMENT_3D('',#7242,#5299,#5300);
#4733=AXIS2_PLACEMENT_3D('',#7260,#5301,#5302);
#4734=AXIS2_PLACEMENT_3D('',#7293,#5303,#5304);
#4735=AXIS2_PLACEMENT_3D('',#7294,#5305,#5306);
#4736=AXIS2_PLACEMENT_3D('',#7295,#5307,#5308);
#4737=AXIS2_PLACEMENT_3D('',#7312,#5309,#5310);
#4738=AXIS2_PLACEMENT_3D('',#7325,#5311,#5312);
#4739=AXIS2_PLACEMENT_3D('',#7326,#5313,#5314);
#4740=AXIS2_PLACEMENT_3D('',#7331,#5315,#5316);
#4741=AXIS2_PLACEMENT_3D('',#7332,#5317,#5318);
#4742=AXIS2_PLACEMENT_3D('',#7345,#5319,#5320);
#4743=AXIS2_PLACEMENT_3D('',#7346,#5321,#5322);
#4744=AXIS2_PLACEMENT_3D('',#7384,#5323,#5324);
#4745=AXIS2_PLACEMENT_3D('',#7385,#5325,#5326);
#4746=AXIS2_PLACEMENT_3D('',#7386,#5327,#5328);
#4747=AXIS2_PLACEMENT_3D('',#7399,#5329,#5330);
#4748=AXIS2_PLACEMENT_3D('',#7428,#5331,#5332);
#4749=AXIS2_PLACEMENT_3D('',#7429,#5333,#5334);
#4750=AXIS2_PLACEMENT_3D('',#7430,#5335,#5336);
#4751=AXIS2_PLACEMENT_3D('',#7450,#5337,#5338);
#4752=AXIS2_PLACEMENT_3D('',#7451,#5339,#5340);
#4753=AXIS2_PLACEMENT_3D('',#7452,#5341,#5342);
#4754=AXIS2_PLACEMENT_3D('',#7469,#5343,#5344);
#4755=AXIS2_PLACEMENT_3D('',#7482,#5345,#5346);
#4756=AXIS2_PLACEMENT_3D('',#7483,#5347,#5348);
#4757=AXIS2_PLACEMENT_3D('',#7500,#5349,#5350);
#4758=AXIS2_PLACEMENT_3D('',#7536,#5351,#5352);
#4759=AXIS2_PLACEMENT_3D('',#7554,#5353,#5354);
#4760=AXIS2_PLACEMENT_3D('',#7587,#5355,#5356);
#4761=AXIS2_PLACEMENT_3D('',#7588,#5357,#5358);
#4762=AXIS2_PLACEMENT_3D('',#7589,#5359,#5360);
#4763=AXIS2_PLACEMENT_3D('',#7609,#5361,#5362);
#4764=AXIS2_PLACEMENT_3D('',#7610,#5363,#5364);
#4765=AXIS2_PLACEMENT_3D('',#7615,#5365,#5366);
#4766=AXIS2_PLACEMENT_3D('',#7616,#5367,#5368);
#4767=AXIS2_PLACEMENT_3D('',#7629,#5369,#5370);
#4768=AXIS2_PLACEMENT_3D('',#7630,#5371,#5372);
#4769=AXIS2_PLACEMENT_3D('',#7668,#5373,#5374);
#4770=AXIS2_PLACEMENT_3D('',#7669,#5375,#5376);
#4771=AXIS2_PLACEMENT_3D('',#7670,#5377,#5378);
#4772=AXIS2_PLACEMENT_3D('',#7686,#5379,#5380);
#4773=AXIS2_PLACEMENT_3D('',#7715,#5381,#5382);
#4774=AXIS2_PLACEMENT_3D('',#7716,#5383,#5384);
#4775=AXIS2_PLACEMENT_3D('',#7717,#5385,#5386);
#4776=AXIS2_PLACEMENT_3D('',#7718,#5387,#5388);
#4777=AXIS2_PLACEMENT_3D('',#7739,#5389,#5390);
#4778=AXIS2_PLACEMENT_3D('',#7740,#5391,#5392);
#4779=AXIS2_PLACEMENT_3D('',#7741,#5393,#5394);
#4780=AXIS2_PLACEMENT_3D('',#7742,#5395,#5396);
#4781=AXIS2_PLACEMENT_3D('',#7759,#5397,#5398);
#4782=AXIS2_PLACEMENT_3D('',#7772,#5399,#5400);
#4783=AXIS2_PLACEMENT_3D('',#7785,#5401,#5402);
#4784=AXIS2_PLACEMENT_3D('',#7798,#5403,#5404);
#4785=AXIS2_PLACEMENT_3D('',#7799,#5405,#5406);
#4786=AXIS2_PLACEMENT_3D('',#7828,#5407,#5408);
#4787=AXIS2_PLACEMENT_3D('',#7841,#5409,#5410);
#4788=AXIS2_PLACEMENT_3D('',#7879,#5411,#5412);
#4789=AXIS2_PLACEMENT_3D('',#7884,#5413,#5414);
#4790=AXIS2_PLACEMENT_3D('',#7885,#5415,#5416);
#4791=AXIS2_PLACEMENT_3D('',#7907,#5417,#5418);
#4792=AXIS2_PLACEMENT_3D('',#7924,#5419,#5420);
#4793=AXIS2_PLACEMENT_3D('',#7937,#5421,#5422);
#4794=AXIS2_PLACEMENT_3D('',#7950,#5423,#5424);
#4795=AXIS2_PLACEMENT_3D('',#7951,#5425,#5426);
#4796=AXIS2_PLACEMENT_3D('',#7952,#5427,#5428);
#4797=AXIS2_PLACEMENT_3D('',#7953,#5429,#5430);
#4798=AXIS2_PLACEMENT_3D('',#7972,#5440,#5441);
#4799=AXIS2_PLACEMENT_3D('',#7975,#5442,#5443);
#4800=AXIS2_PLACEMENT_3D('',#7979,#5445,#5446);
#4801=AXIS2_PLACEMENT_3D('',#7981,#5447,#5448);
#4802=AXIS2_PLACEMENT_3D('',#7983,#5449,#5450);
#4803=AXIS2_PLACEMENT_3D('',#7987,#5452,#5453);
#4804=AXIS2_PLACEMENT_3D('',#7988,#5454,#5455);
#4805=AXIS2_PLACEMENT_3D('',#7991,#5456,#5457);
#4806=AXIS2_PLACEMENT_3D('',#7995,#5459,#5460);
#4807=AXIS2_PLACEMENT_3D('',#7997,#5461,#5462);
#4808=AXIS2_PLACEMENT_3D('',#7999,#5463,#5464);
#4809=AXIS2_PLACEMENT_3D('',#8003,#5466,#5467);
#4810=AXIS2_PLACEMENT_3D('',#8004,#5468,#5469);
#4811=AXIS2_PLACEMENT_3D('',#8007,#5470,#5471);
#4812=AXIS2_PLACEMENT_3D('',#8011,#5473,#5474);
#4813=AXIS2_PLACEMENT_3D('',#8013,#5475,#5476);
#4814=AXIS2_PLACEMENT_3D('',#8015,#5477,#5478);
#4815=AXIS2_PLACEMENT_3D('',#8019,#5480,#5481);
#4816=AXIS2_PLACEMENT_3D('',#8020,#5482,#5483);
#4817=AXIS2_PLACEMENT_3D('',#8023,#5484,#5485);
#4818=AXIS2_PLACEMENT_3D('',#8027,#5487,#5488);
#4819=AXIS2_PLACEMENT_3D('',#8029,#5489,#5490);
#4820=AXIS2_PLACEMENT_3D('',#8031,#5491,#5492);
#4821=AXIS2_PLACEMENT_3D('',#8035,#5494,#5495);
#4822=AXIS2_PLACEMENT_3D('',#8036,#5496,#5497);
#4823=AXIS2_PLACEMENT_3D('',#8039,#5498,#5499);
#4824=AXIS2_PLACEMENT_3D('',#8043,#5501,#5502);
#4825=AXIS2_PLACEMENT_3D('',#8045,#5503,#5504);
#4826=AXIS2_PLACEMENT_3D('',#8047,#5505,#5506);
#4827=AXIS2_PLACEMENT_3D('',#8051,#5508,#5509);
#4828=AXIS2_PLACEMENT_3D('',#8052,#5510,#5511);
#4829=AXIS2_PLACEMENT_3D('',#8055,#5512,#5513);
#4830=AXIS2_PLACEMENT_3D('',#8059,#5515,#5516);
#4831=AXIS2_PLACEMENT_3D('',#8061,#5517,#5518);
#4832=AXIS2_PLACEMENT_3D('',#8063,#5519,#5520);
#4833=AXIS2_PLACEMENT_3D('',#8067,#5522,#5523);
#4834=AXIS2_PLACEMENT_3D('',#8068,#5524,#5525);
#4835=AXIS2_PLACEMENT_3D('',#8070,#5526,#5527);
#4836=AXIS2_PLACEMENT_3D('',#8126,#5555,#5556);
#4837=AXIS2_PLACEMENT_3D('',#8171,#5579,#5580);
#4838=AXIS2_PLACEMENT_3D('',#8173,#5581,#5582);
#4839=AXIS2_PLACEMENT_3D('',#8178,#5584,#5585);
#4840=AXIS2_PLACEMENT_3D('',#8180,#5586,#5587);
#4841=AXIS2_PLACEMENT_3D('',#8182,#5588,#5589);
#4842=AXIS2_PLACEMENT_3D('',#8186,#5591,#5592);
#4843=AXIS2_PLACEMENT_3D('',#8188,#5593,#5594);
#4844=AXIS2_PLACEMENT_3D('',#8190,#5595,#5596);
#4845=AXIS2_PLACEMENT_3D('',#8194,#5598,#5599);
#4846=AXIS2_PLACEMENT_3D('',#8196,#5600,#5601);
#4847=AXIS2_PLACEMENT_3D('',#8198,#5602,#5603);
#4848=AXIS2_PLACEMENT_3D('',#8202,#5605,#5606);
#4849=AXIS2_PLACEMENT_3D('',#8204,#5607,#5608);
#4850=AXIS2_PLACEMENT_3D('',#8206,#5609,#5610);
#4851=AXIS2_PLACEMENT_3D('',#8210,#5612,#5613);
#4852=AXIS2_PLACEMENT_3D('',#8212,#5614,#5615);
#4853=AXIS2_PLACEMENT_3D('',#8214,#5616,#5617);
#4854=AXIS2_PLACEMENT_3D('',#8218,#5619,#5620);
#4855=AXIS2_PLACEMENT_3D('',#8220,#5621,#5622);
#4856=AXIS2_PLACEMENT_3D('',#8222,#5623,#5624);
#4857=AXIS2_PLACEMENT_3D('',#8226,#5626,#5627);
#4858=AXIS2_PLACEMENT_3D('',#8228,#5628,#5629);
#4859=AXIS2_PLACEMENT_3D('',#8230,#5630,#5631);
#4860=AXIS2_PLACEMENT_3D('',#8234,#5633,#5634);
#4861=AXIS2_PLACEMENT_3D('',#8236,#5635,#5636);
#4862=AXIS2_PLACEMENT_3D('',#8238,#5637,#5638);
#4863=AXIS2_PLACEMENT_3D('',#8242,#5640,#5641);
#4864=AXIS2_PLACEMENT_3D('',#8244,#5642,#5643);
#4865=AXIS2_PLACEMENT_3D('',#8246,#5644,#5645);
#4866=AXIS2_PLACEMENT_3D('',#8250,#5647,#5648);
#4867=AXIS2_PLACEMENT_3D('',#8252,#5649,#5650);
#4868=AXIS2_PLACEMENT_3D('',#8254,#5651,#5652);
#4869=AXIS2_PLACEMENT_3D('',#8258,#5654,#5655);
#4870=AXIS2_PLACEMENT_3D('',#8260,#5656,#5657);
#4871=AXIS2_PLACEMENT_3D('',#8262,#5658,#5659);
#4872=AXIS2_PLACEMENT_3D('',#8266,#5661,#5662);
#4873=AXIS2_PLACEMENT_3D('',#8268,#5663,#5664);
#4874=AXIS2_PLACEMENT_3D('',#8270,#5665,#5666);
#4875=AXIS2_PLACEMENT_3D('',#8299,#5681,#5682);
#4876=AXIS2_PLACEMENT_3D('',#8302,#5685,#5686);
#4877=AXIS2_PLACEMENT_3D('',#8305,#5689,#5690);
#4878=AXIS2_PLACEMENT_3D('',#8308,#5693,#5694);
#4879=AXIS2_PLACEMENT_3D('',#8311,#5697,#5698);
#4880=AXIS2_PLACEMENT_3D('',#8314,#5701,#5702);
#4881=AXIS2_PLACEMENT_3D('',#8317,#5705,#5706);
#4882=AXIS2_PLACEMENT_3D('',#8320,#5709,#5710);
#4883=AXIS2_PLACEMENT_3D('',#8323,#5713,#5714);
#4884=AXIS2_PLACEMENT_3D('',#8326,#5717,#5718);
#4885=AXIS2_PLACEMENT_3D('',#8329,#5721,#5722);
#4886=AXIS2_PLACEMENT_3D('',#8332,#5725,#5726);
#4887=AXIS2_PLACEMENT_3D('',#8335,#5729,#5730);
#4888=AXIS2_PLACEMENT_3D('',#8338,#5733,#5734);
#4889=AXIS2_PLACEMENT_3D('',#8341,#5737,#5738);
#4890=AXIS2_PLACEMENT_3D('',#8344,#5741,#5742);
#4891=AXIS2_PLACEMENT_3D('',#8347,#5745,#5746);
#4892=AXIS2_PLACEMENT_3D('',#8350,#5749,#5750);
#4893=AXIS2_PLACEMENT_3D('',#8353,#5753,#5754);
#4894=AXIS2_PLACEMENT_3D('',#8354,#5755,#5756);
#4895=AXIS2_PLACEMENT_3D('',#8357,#5759,#5760);
#4896=AXIS2_PLACEMENT_3D('',#8360,#5763,#5764);
#4897=AXIS2_PLACEMENT_3D('',#8363,#5767,#5768);
#4898=AXIS2_PLACEMENT_3D('',#8366,#5771,#5772);
#4899=AXIS2_PLACEMENT_3D('',#8369,#5775,#5776);
#4900=AXIS2_PLACEMENT_3D('',#8372,#5779,#5780);
#4901=AXIS2_PLACEMENT_3D('',#8373,#5781,#5782);
#4902=AXIS2_PLACEMENT_3D('',#8374,#5783,#5784);
#4903=AXIS2_PLACEMENT_3D('',#8375,#5785,#5786);
#4904=AXIS2_PLACEMENT_3D('',#8376,#5787,#5788);
#4905=AXIS2_PLACEMENT_3D('',#8377,#5789,#5790);
#4906=AXIS2_PLACEMENT_3D('',#8378,#5791,#5792);
#4907=AXIS2_PLACEMENT_3D('',#8379,#5793,#5794);
#4908=AXIS2_PLACEMENT_3D('',#8380,#5795,#5796);
#4909=AXIS2_PLACEMENT_3D('',#8381,#5797,#5798);
#4910=AXIS2_PLACEMENT_3D('',#8382,#5799,#5800);
#4911=AXIS2_PLACEMENT_3D('',#8383,#5801,#5802);
#4912=AXIS2_PLACEMENT_3D('',#8384,#5803,#5804);
#4913=AXIS2_PLACEMENT_3D('',#8385,#5805,#5806);
#4914=AXIS2_PLACEMENT_3D('',#8386,#5807,#5808);
#4915=AXIS2_PLACEMENT_3D('',#8387,#5809,#5810);
#4916=AXIS2_PLACEMENT_3D('',#8388,#5811,#5812);
#4917=AXIS2_PLACEMENT_3D('',#8389,#5813,#5814);
#4918=AXIS2_PLACEMENT_3D('',#8390,#5815,#5816);
#4919=AXIS2_PLACEMENT_3D('',#8391,#5817,#5818);
#4920=AXIS2_PLACEMENT_3D('',#8392,#5819,#5820);
#4921=AXIS2_PLACEMENT_3D('',#8393,#5821,#5822);
#4922=AXIS2_PLACEMENT_3D('',#8394,#5823,#5824);
#4923=AXIS2_PLACEMENT_3D('',#8395,#5825,#5826);
#4924=AXIS2_PLACEMENT_3D('',#8396,#5827,#5828);
#4925=AXIS2_PLACEMENT_3D('',#8397,#5829,#5830);
#4926=AXIS2_PLACEMENT_3D('',#8403,#5834,#5835);
#4927=AXIS2_PLACEMENT_3D('',#8407,#5838,#5839);
#4928=AXIS2_PLACEMENT_3D('',#8411,#5842,#5843);
#4929=AXIS2_PLACEMENT_3D('',#8413,#5845,#5846);
#4930=AXIS2_PLACEMENT_3D('',#8414,#5847,#5848);
#4931=AXIS2_PLACEMENT_3D('',#8420,#5852,#5853);
#4932=AXIS2_PLACEMENT_3D('',#8424,#5856,#5857);
#4933=AXIS2_PLACEMENT_3D('',#8428,#5860,#5861);
#4934=AXIS2_PLACEMENT_3D('',#8432,#5864,#5865);
#4935=AXIS2_PLACEMENT_3D('',#8436,#5868,#5869);
#4936=AXIS2_PLACEMENT_3D('',#8440,#5872,#5873);
#4937=AXIS2_PLACEMENT_3D('',#8444,#5876,#5877);
#4938=AXIS2_PLACEMENT_3D('',#8448,#5880,#5881);
#4939=AXIS2_PLACEMENT_3D('',#8450,#5883,#5884);
#4940=AXIS2_PLACEMENT_3D('',#8451,#5885,#5886);
#4941=AXIS2_PLACEMENT_3D('',#8457,#5890,#5891);
#4942=AXIS2_PLACEMENT_3D('',#8461,#5894,#5895);
#4943=AXIS2_PLACEMENT_3D('',#8465,#5898,#5899);
#4944=AXIS2_PLACEMENT_3D('',#8469,#5902,#5903);
#4945=AXIS2_PLACEMENT_3D('',#8473,#5906,#5907);
#4946=AXIS2_PLACEMENT_3D('',#8477,#5910,#5911);
#4947=AXIS2_PLACEMENT_3D('',#8481,#5914,#5915);
#4948=AXIS2_PLACEMENT_3D('',#8485,#5918,#5919);
#4949=AXIS2_PLACEMENT_3D('',#8489,#5922,#5923);
#4950=AXIS2_PLACEMENT_3D('',#8493,#5926,#5927);
#4951=AXIS2_PLACEMENT_3D('',#8497,#5930,#5931);
#4952=AXIS2_PLACEMENT_3D('',#8501,#5934,#5935);
#4953=AXIS2_PLACEMENT_3D('',#8503,#5937,#5938);
#4954=AXIS2_PLACEMENT_3D('',#8504,#5939,#5940);
#4955=AXIS2_PLACEMENT_3D('',#8510,#5944,#5945);
#4956=AXIS2_PLACEMENT_3D('',#8514,#5948,#5949);
#4957=AXIS2_PLACEMENT_3D('',#8518,#5952,#5953);
#4958=AXIS2_PLACEMENT_3D('',#8522,#5956,#5957);
#4959=AXIS2_PLACEMENT_3D('',#8526,#5960,#5961);
#4960=AXIS2_PLACEMENT_3D('',#8530,#5964,#5965);
#4961=AXIS2_PLACEMENT_3D('',#8534,#5968,#5969);
#4962=AXIS2_PLACEMENT_3D('',#8538,#5972,#5973);
#4963=AXIS2_PLACEMENT_3D('',#8542,#5976,#5977);
#4964=AXIS2_PLACEMENT_3D('',#8544,#5979,#5980);
#4965=AXIS2_PLACEMENT_3D('',#8545,#5981,#5982);
#4966=AXIS2_PLACEMENT_3D('',#8551,#5986,#5987);
#4967=AXIS2_PLACEMENT_3D('',#8555,#5990,#5991);
#4968=AXIS2_PLACEMENT_3D('',#8559,#5994,#5995);
#4969=AXIS2_PLACEMENT_3D('',#8563,#5998,#5999);
#4970=AXIS2_PLACEMENT_3D('',#8567,#6002,#6003);
#4971=AXIS2_PLACEMENT_3D('',#8571,#6006,#6007);
#4972=AXIS2_PLACEMENT_3D('',#8575,#6010,#6011);
#4973=AXIS2_PLACEMENT_3D('',#8579,#6014,#6015);
#4974=AXIS2_PLACEMENT_3D('',#8583,#6018,#6019);
#4975=AXIS2_PLACEMENT_3D('',#8585,#6021,#6022);
#4976=AXIS2_PLACEMENT_3D('',#8586,#6023,#6024);
#4977=AXIS2_PLACEMENT_3D('',#8592,#6028,#6029);
#4978=AXIS2_PLACEMENT_3D('',#8596,#6032,#6033);
#4979=AXIS2_PLACEMENT_3D('',#8600,#6036,#6037);
#4980=AXIS2_PLACEMENT_3D('',#8602,#6039,#6040);
#4981=AXIS2_PLACEMENT_3D('',#8603,#6041,#6042);
#4982=AXIS2_PLACEMENT_3D('',#8609,#6046,#6047);
#4983=AXIS2_PLACEMENT_3D('',#8613,#6050,#6051);
#4984=AXIS2_PLACEMENT_3D('',#8617,#6054,#6055);
#4985=AXIS2_PLACEMENT_3D('',#8621,#6058,#6059);
#4986=AXIS2_PLACEMENT_3D('',#8625,#6062,#6063);
#4987=AXIS2_PLACEMENT_3D('',#8629,#6066,#6067);
#4988=AXIS2_PLACEMENT_3D('',#8633,#6070,#6071);
#4989=AXIS2_PLACEMENT_3D('',#8637,#6074,#6075);
#4990=AXIS2_PLACEMENT_3D('',#8639,#6077,#6078);
#4991=AXIS2_PLACEMENT_3D('',#8640,#6079,#6080);
#4992=AXIS2_PLACEMENT_3D('',#8646,#6084,#6085);
#4993=AXIS2_PLACEMENT_3D('',#8650,#6088,#6089);
#4994=AXIS2_PLACEMENT_3D('',#8654,#6092,#6093);
#4995=AXIS2_PLACEMENT_3D('',#8658,#6096,#6097);
#4996=AXIS2_PLACEMENT_3D('',#8662,#6100,#6101);
#4997=AXIS2_PLACEMENT_3D('',#8666,#6104,#6105);
#4998=AXIS2_PLACEMENT_3D('',#8670,#6108,#6109);
#4999=AXIS2_PLACEMENT_3D('',#8674,#6112,#6113);
#5000=AXIS2_PLACEMENT_3D('',#8678,#6116,#6117);
#5001=AXIS2_PLACEMENT_3D('',#8682,#6120,#6121);
#5002=AXIS2_PLACEMENT_3D('',#8686,#6124,#6125);
#5003=AXIS2_PLACEMENT_3D('',#8690,#6128,#6129);
#5004=AXIS2_PLACEMENT_3D('',#8692,#6131,#6132);
#5005=DIRECTION('',(0.,0.,1.));
#5006=DIRECTION('',(1.,0.,0.));
#5007=DIRECTION('',(0.,0.,1.));
#5008=DIRECTION('',(1.,0.,0.));
#5009=DIRECTION('',(-0.5,0.866025403784439,0.));
#5010=DIRECTION('',(0.5,0.866025403784438,0.));
#5011=DIRECTION('',(1.,-2.3565719195877E-16,0.));
#5012=DIRECTION('',(0.5,-0.866025403784439,0.));
#5013=DIRECTION('',(-0.5,-0.866025403784439,0.));
#5014=DIRECTION('',(-1.,0.,0.));
#5015=DIRECTION('',(0.,0.,1.));
#5016=DIRECTION('',(1.,0.,0.));
#5017=DIRECTION('',(0.,0.,-1.));
#5018=DIRECTION('',(1.,0.,0.));
#5019=DIRECTION('',(0.,0.,1.));
#5020=DIRECTION('',(1.,0.,0.));
#5021=DIRECTION('',(0.,0.,1.));
#5022=DIRECTION('',(1.,0.,0.));
#5023=DIRECTION('',(0.,0.,-1.));
#5024=DIRECTION('',(-1.,0.,0.));
#5025=DIRECTION('',(0.,0.,-1.));
#5026=DIRECTION('',(-1.,0.,0.));
#5027=DIRECTION('',(0.,0.,1.));
#5028=DIRECTION('',(1.,0.,0.));
#5029=DIRECTION('',(0.,0.,-1.));
#5030=DIRECTION('',(-1.,0.,0.));
#5031=DIRECTION('',(0.,0.,1.));
#5032=DIRECTION('',(1.,0.,0.));
#5033=DIRECTION('',(0.,0.,1.));
#5034=DIRECTION('',(1.,0.,0.));
#5035=DIRECTION('',(0.,0.,-1.));
#5036=DIRECTION('',(-1.,0.,0.));
#5037=DIRECTION('',(0.,0.,-1.));
#5038=DIRECTION('',(-1.,0.,0.));
#5039=DIRECTION('',(0.,0.,1.));
#5040=DIRECTION('',(1.,0.,0.));
#5041=DIRECTION('',(0.,0.,-1.));
#5042=DIRECTION('',(-1.,0.,0.));
#5043=DIRECTION('',(0.,0.,-1.));
#5044=DIRECTION('',(-1.,0.,0.));
#5045=DIRECTION('',(0.,0.,1.));
#5046=DIRECTION('',(1.,0.,0.));
#5047=DIRECTION('',(0.,0.,-1.));
#5048=DIRECTION('',(-1.,0.,0.));
#5049=DIRECTION('',(0.,0.,-1.));
#5050=DIRECTION('',(-1.,0.,0.));
#5051=DIRECTION('',(0.,0.,1.));
#5052=DIRECTION('',(1.,0.,0.));
#5053=DIRECTION('',(0.,0.,-1.));
#5054=DIRECTION('',(-1.,0.,0.));
#5055=DIRECTION('',(0.,0.,-1.));
#5056=DIRECTION('',(-1.,0.,0.));
#5057=DIRECTION('',(0.,0.,1.));
#5058=DIRECTION('',(1.,0.,0.));
#5059=DIRECTION('',(0.,0.,1.));
#5060=DIRECTION('',(1.,0.,0.));
#5061=DIRECTION('',(0.,0.,1.));
#5062=DIRECTION('',(1.,0.,0.));
#5063=DIRECTION('',(0.,0.,1.));
#5064=DIRECTION('',(1.,0.,0.));
#5065=DIRECTION('',(0.,0.,1.));
#5066=DIRECTION('',(1.,0.,0.));
#5067=DIRECTION('',(0.,0.,1.));
#5068=DIRECTION('',(1.,0.,0.));
#5069=DIRECTION('',(0.,0.,1.));
#5070=DIRECTION('',(1.,0.,0.));
#5071=DIRECTION('',(0.,0.,1.));
#5072=DIRECTION('',(1.,0.,0.));
#5073=DIRECTION('',(0.,0.,1.));
#5074=DIRECTION('',(1.,0.,0.));
#5075=DIRECTION('',(0.,0.,1.));
#5076=DIRECTION('',(1.,0.,0.));
#5077=DIRECTION('',(0.,0.,1.));
#5078=DIRECTION('',(1.,0.,0.));
#5079=DIRECTION('',(0.,0.,1.));
#5080=DIRECTION('',(1.,0.,0.));
#5081=DIRECTION('',(0.,0.,1.));
#5082=DIRECTION('',(1.,0.,0.));
#5083=DIRECTION('',(0.,0.,1.));
#5084=DIRECTION('',(1.,0.,0.));
#5085=DIRECTION('',(0.,0.,-1.));
#5086=DIRECTION('',(1.,0.,0.));
#5087=DIRECTION('',(0.,0.,1.));
#5088=DIRECTION('',(1.,0.,0.));
#5089=DIRECTION('',(0.,0.,-1.));
#5090=DIRECTION('',(-1.,0.,0.));
#5091=DIRECTION('',(0.,0.,-1.));
#5092=DIRECTION('',(1.,0.,0.));
#5093=DIRECTION('',(0.,0.,1.));
#5094=DIRECTION('',(1.,0.,0.));
#5095=DIRECTION('',(0.,0.,-1.));
#5096=DIRECTION('',(-1.,0.,0.));
#5097=DIRECTION('',(0.,0.,-1.));
#5098=DIRECTION('',(1.,0.,0.));
#5099=DIRECTION('',(0.,0.,1.));
#5100=DIRECTION('',(1.,0.,0.));
#5101=DIRECTION('',(0.,0.,-1.));
#5102=DIRECTION('',(-1.,0.,0.));
#5103=DIRECTION('',(0.,0.,-1.));
#5104=DIRECTION('',(1.,0.,0.));
#5105=DIRECTION('',(0.,0.,1.));
#5106=DIRECTION('',(1.,0.,0.));
#5107=DIRECTION('',(0.,0.,-1.));
#5108=DIRECTION('',(-1.,0.,0.));
#5109=DIRECTION('',(0.,0.,-1.));
#5110=DIRECTION('',(1.,0.,0.));
#5111=DIRECTION('',(0.,0.,-1.));
#5112=DIRECTION('',(-1.,0.,0.));
#5113=DIRECTION('',(0.,0.,-1.));
#5114=DIRECTION('',(1.,0.,0.));
#5115=DIRECTION('',(0.,0.,1.));
#5116=DIRECTION('',(1.,0.,0.));
#5117=DIRECTION('',(0.,0.,-1.));
#5118=DIRECTION('',(-1.,0.,0.));
#5119=DIRECTION('',(0.,0.,1.));
#5120=DIRECTION('',(1.,0.,0.));
#5121=DIRECTION('',(0.,0.,1.));
#5122=DIRECTION('',(1.,0.,0.));
#5123=DIRECTION('',(0.,0.,1.));
#5124=DIRECTION('',(1.,0.,0.));
#5125=DIRECTION('',(0.,0.,1.));
#5126=DIRECTION('',(1.,0.,0.));
#5127=DIRECTION('',(0.,0.,1.));
#5128=DIRECTION('',(1.,0.,0.));
#5129=DIRECTION('',(0.,0.,1.));
#5130=DIRECTION('',(1.,0.,0.));
#5131=DIRECTION('',(0.,0.,1.));
#5132=DIRECTION('',(1.,0.,0.));
#5133=DIRECTION('',(0.,0.,1.));
#5134=DIRECTION('',(1.,0.,0.));
#5135=DIRECTION('',(0.,0.,1.));
#5136=DIRECTION('',(1.,0.,0.));
#5137=DIRECTION('',(0.,0.,1.));
#5138=DIRECTION('',(1.,0.,0.));
#5139=DIRECTION('',(0.,0.,1.));
#5140=DIRECTION('',(1.,0.,0.));
#5141=DIRECTION('',(0.,0.,1.));
#5142=DIRECTION('',(1.,0.,0.));
#5143=DIRECTION('',(0.,0.,1.));
#5144=DIRECTION('',(1.,0.,0.));
#5145=DIRECTION('',(0.,0.,1.));
#5146=DIRECTION('',(1.,0.,0.));
#5147=DIRECTION('',(0.,0.,1.));
#5148=DIRECTION('',(1.,0.,0.));
#5149=DIRECTION('',(0.5,0.866025403784438,0.));
#5150=DIRECTION('',(-0.5,0.866025403784439,0.));
#5151=DIRECTION('',(-1.,0.,0.));
#5152=DIRECTION('',(-0.5,-0.866025403784439,0.));
#5153=DIRECTION('',(0.5,-0.866025403784439,0.));
#5154=DIRECTION('',(1.,-2.3565719195877E-16,0.));
#5155=DIRECTION('',(0.,0.,1.));
#5156=DIRECTION('',(1.,0.,0.));
#5157=DIRECTION('',(0.,0.,1.));
#5158=DIRECTION('',(1.,0.,0.));
#5159=DIRECTION('',(0.,0.,1.));
#5160=DIRECTION('',(1.,0.,0.));
#5161=DIRECTION('',(0.,0.,1.));
#5162=DIRECTION('',(1.,0.,0.));
#5163=DIRECTION('',(0.,0.,1.));
#5164=DIRECTION('',(1.,0.,0.));
#5165=DIRECTION('',(0.,0.,1.));
#5166=DIRECTION('',(1.,0.,0.));
#5167=DIRECTION('',(0.,0.,1.));
#5168=DIRECTION('',(1.,0.,0.));
#5169=DIRECTION('',(0.,0.,1.));
#5170=DIRECTION('',(1.,0.,0.));
#5171=DIRECTION('',(0.,0.,1.));
#5172=DIRECTION('',(1.,0.,0.));
#5173=DIRECTION('',(0.,0.,1.));
#5174=DIRECTION('',(1.,0.,0.));
#5175=DIRECTION('',(0.,0.,1.));
#5176=DIRECTION('',(1.,0.,0.));
#5177=DIRECTION('',(0.,0.,1.));
#5178=DIRECTION('',(1.,0.,0.));
#5179=DIRECTION('',(0.,0.,1.));
#5180=DIRECTION('',(1.,0.,0.));
#5181=DIRECTION('',(0.,0.,1.));
#5182=DIRECTION('',(1.,0.,0.));
#5183=DIRECTION('',(0.,0.,1.));
#5184=DIRECTION('',(1.,0.,0.));
#5185=DIRECTION('',(0.,0.,1.));
#5186=DIRECTION('',(1.,0.,0.));
#5187=DIRECTION('',(0.,0.,1.));
#5188=DIRECTION('',(1.,0.,0.));
#5189=DIRECTION('',(0.,0.,1.));
#5190=DIRECTION('',(1.,0.,0.));
#5191=DIRECTION('',(0.,0.,1.));
#5192=DIRECTION('',(1.,0.,0.));
#5193=DIRECTION('',(0.,0.,-1.));
#5194=DIRECTION('',(1.,0.,0.));
#5195=DIRECTION('',(0.,0.,1.));
#5196=DIRECTION('',(1.,0.,0.));
#5197=DIRECTION('',(0.,0.,1.));
#5198=DIRECTION('',(1.,0.,0.));
#5199=DIRECTION('',(0.,0.,1.));
#5200=DIRECTION('',(1.,0.,0.));
#5201=DIRECTION('',(0.,0.,1.));
#5202=DIRECTION('',(1.,0.,0.));
#5203=DIRECTION('',(0.,0.,1.));
#5204=DIRECTION('',(1.,0.,0.));
#5205=DIRECTION('',(0.,0.,1.));
#5206=DIRECTION('',(1.,0.,0.));
#5207=DIRECTION('',(0.,0.,1.));
#5208=DIRECTION('',(1.,0.,0.));
#5209=DIRECTION('',(0.,0.,1.));
#5210=DIRECTION('',(1.,0.,0.));
#5211=DIRECTION('',(0.,0.,1.));
#5212=DIRECTION('',(1.,0.,0.));
#5213=DIRECTION('',(0.,0.,1.));
#5214=DIRECTION('',(1.,0.,0.));
#5215=DIRECTION('',(0.,0.,1.));
#5216=DIRECTION('',(1.,0.,0.));
#5217=DIRECTION('',(0.,0.,-1.));
#5218=DIRECTION('',(1.,0.,0.));
#5219=DIRECTION('',(0.866025403784439,0.5,0.));
#5220=DIRECTION('',(-0.5,0.866025403784439,0.));
#5221=DIRECTION('',(0.,0.,1.));
#5222=DIRECTION('',(0.,0.,1.));
#5223=DIRECTION('',(0.,1.,0.));
#5224=DIRECTION('',(0.,0.,1.));
#5225=DIRECTION('',(0.,0.,1.));
#5226=DIRECTION('',(-0.866025403784439,0.5,0.));
#5227=DIRECTION('',(-0.5,-0.866025403784439,0.));
#5228=DIRECTION('',(0.,0.,1.));
#5229=DIRECTION('',(-0.866025403784439,-0.5,0.));
#5230=DIRECTION('',(0.5,-0.866025403784439,0.));
#5231=DIRECTION('',(0.,0.,1.));
#5232=DIRECTION('',(-2.3565719195877E-16,-1.,0.));
#5233=DIRECTION('',(1.,-2.3565719195877E-16,0.));
#5234=DIRECTION('',(0.,0.,1.));
#5235=DIRECTION('',(0.866025403784438,-0.5,0.));
#5236=DIRECTION('',(0.5,0.866025403784438,0.));
#5237=DIRECTION('',(-0.0344633395042781,-0.0167861684998157,0.999264981262382));
#5238=DIRECTION('',(0.999405795192846,0.,0.0344681959921802));
#5239=DIRECTION('',(0.0339633434854691,0.0167864559919818,-0.999282095403754));
#5240=DIRECTION('',(-0.999422916570408,0.,-0.0339681296791527));
#5241=DIRECTION('',(-0.0344633395042677,-0.0167861684998106,-0.999264981262383));
#5242=DIRECTION('',(-0.999405795192846,0.,0.0344681959921697));
#5243=DIRECTION('',(-0.0339633434854687,0.0167864559919812,-0.999282095403754));
#5244=DIRECTION('',(-0.999422916570408,0.,0.0339681296791522));
#5245=DIRECTION('',(0.0344633395042681,-0.0167861684998105,0.999264981262382));
#5246=DIRECTION('',(0.999405795192846,0.,-0.0344681959921702));
#5247=DIRECTION('',(0.,0.,1.));
#5248=DIRECTION('',(1.,0.,0.));
#5249=DIRECTION('',(-0.949400848242047,0.314066918597425,0.));
#5250=DIRECTION('',(-0.314066918597425,-0.949400848242047,0.));
#5251=DIRECTION('',(0.0339633434854689,0.0167864559919817,0.999282095403754));
#5252=DIRECTION('',(0.999422916570408,0.,-0.0339681296791524));
#5253=DIRECTION('',(0.,0.,-1.));
#5254=DIRECTION('',(-1.,0.,0.));
#5255=DIRECTION('',(0.949400848242048,0.314066918597422,-2.78654713060242E-15));
#5256=DIRECTION('',(-0.314066918597422,0.949400848242048,0.));
#5257=DIRECTION('',(0.,0.,1.));
#5258=DIRECTION('',(1.,0.,0.));
#5259=DIRECTION('',(0.746690354114694,-0.665171793653393,1.2953012865682E-14));
#5260=DIRECTION('',(0.665171793653393,0.746690354114694,0.));
#5261=DIRECTION('',(0.00269442139917439,-0.0382392117599262,0.999264981262379));
#5262=DIRECTION('',(0.,-0.999268608567384,-0.0382393505672363));
#5263=DIRECTION('',(-0.00244417441416872,0.0378063462518642,-0.999282095403754));
#5264=DIRECTION('',(0.,0.999285080267034,0.0378064591797103));
#5265=DIRECTION('',(0.00269442139919701,-0.0382392117597322,-0.999264981262387));
#5266=DIRECTION('',(0.,0.999268608567392,-0.0382393505670424));
#5267=DIRECTION('',(-0.949400848242048,0.314066918597422,2.78654713060242E-15));
#5268=DIRECTION('',(-0.314066918597422,-0.949400848242048,0.));
#5269=DIRECTION('',(0.034463339504278,-0.0167861684998155,-0.999264981262382));
#5270=DIRECTION('',(-0.999405795192846,0.,-0.0344681959921801));
#5271=DIRECTION('',(0.,0.,1.));
#5272=DIRECTION('',(1.,0.,0.));
#5273=DIRECTION('',(-0.746690354114686,-0.665171793653403,0.));
#5274=DIRECTION('',(0.665171793653403,-0.746690354114686,0.));
#5275=DIRECTION('',(-0.0317689181050748,0.0214530432600625,0.999264981262385));
#5276=DIRECTION('',(0.99949500805748,0.,0.0317762311827392));
#5277=DIRECTION('',(0.,0.,-1.));
#5278=DIRECTION('',(-1.,0.,0.));
#5279=DIRECTION('',(-0.00244417441416872,0.0378063462518642,0.999282095403754));
#5280=DIRECTION('',(0.,-0.999285080267034,0.0378064591797103));
#5281=DIRECTION('',(0.,0.,1.));
#5282=DIRECTION('',(1.,0.,0.));
#5283=DIRECTION('',(0.746690354114686,-0.665171793653403,0.));
#5284=DIRECTION('',(0.665171793653403,0.746690354114686,0.));
#5285=DIRECTION('',(0.,0.,1.));
#5286=DIRECTION('',(1.,0.,0.));
#5287=DIRECTION('',(-0.0339633434854697,0.0167864559919816,0.999282095403754));
#5288=DIRECTION('',(0.999422916570408,0.,0.0339681296791532));
#5289=DIRECTION('',(0.00244417441416876,0.0378063462518641,-0.999282095403754));
#5290=DIRECTION('',(0.,0.999285080267034,0.0378064591797102));
#5291=DIRECTION('',(-0.00269442139914458,-0.0382392117597968,0.999264981262384));
#5292=DIRECTION('',(0.,-0.999268608567389,-0.038239350567107));
#5293=DIRECTION('',(0.,0.,1.));
#5294=DIRECTION('',(1.,0.,0.));
#5295=DIRECTION('',(0.0315191690712993,-0.0210198902598775,-0.999282095403754));
#5296=DIRECTION('',(-0.999502927880515,0.,-0.0315261345280041));
#5297=DIRECTION('',(-0.0317689181052129,0.0214530432602004,-0.999264981262378));
#5298=DIRECTION('',(-0.999495008057475,0.,0.0317762311828776));
#5299=DIRECTION('',(0.949400848242047,0.314066918597425,0.));
#5300=DIRECTION('',(-0.314066918597425,0.949400848242047,0.));
#5301=DIRECTION('',(-0.002694421399235,-0.0382392117599815,-0.999264981262377));
#5302=DIRECTION('',(0.,0.999268608567382,-0.0382393505672917));
#5303=DIRECTION('',(-0.0315191690713057,-0.0210198902598812,-0.999282095403754));
#5304=DIRECTION('',(-0.999502927880515,0.,0.0315261345280105));
#5305=DIRECTION('',(0.0317689181051945,0.0214530432601194,0.99926498126238));
#5306=DIRECTION('',(0.999495008057476,0.,-0.031776231182859));
#5307=DIRECTION('',(0.,0.,1.));
#5308=DIRECTION('',(1.,0.,0.));
#5309=DIRECTION('',(-0.202710494127353,0.97923871225082,0.));
#5310=DIRECTION('',(-0.97923871225082,-0.202710494127353,0.));
#5311=DIRECTION('',(0.0315191690713049,-0.0210198902598813,0.999282095403754));
#5312=DIRECTION('',(0.999502927880515,0.,-0.0315261345280097));
#5313=DIRECTION('',(0.,0.,1.));
#5314=DIRECTION('',(1.,0.,0.));
#5315=DIRECTION('',(0.,0.,1.));
#5316=DIRECTION('',(1.,0.,0.));
#5317=DIRECTION('',(-0.746690354114694,-0.665171793653393,-1.2953012865682E-14));
#5318=DIRECTION('',(0.665171793653393,-0.746690354114694,0.));
#5319=DIRECTION('',(0.00244417441416876,0.0378063462518641,0.999282095403754));
#5320=DIRECTION('',(0.,-0.999285080267034,0.0378064591797102));
#5321=DIRECTION('',(0.,0.,-1.));
#5322=DIRECTION('',(-1.,0.,0.));
#5323=DIRECTION('',(0.202710494127357,0.979238712250819,-3.51646652989585E-15));
#5324=DIRECTION('',(-0.979238712250819,0.202710494127357,0.));
#5325=DIRECTION('',(0.,0.,1.));
#5326=DIRECTION('',(1.,0.,0.));
#5327=DIRECTION('',(-0.202710494127357,-0.979238712250819,-3.51646652989585E-15));
#5328=DIRECTION('',(0.979238712250819,-0.202710494127357,0.));
#5329=DIRECTION('',(-0.202710494127357,0.979238712250819,4.24677095681699E-15));
#5330=DIRECTION('',(-0.979238712250819,-0.202710494127357,0.));
#5331=DIRECTION('',(0.0317689181049928,0.0214530432600757,-0.999264981262387));
#5332=DIRECTION('',(-0.999495008057482,0.,-0.0317762311826573));
#5333=DIRECTION('',(0.,0.,1.));
#5334=DIRECTION('',(1.,0.,0.));
#5335=DIRECTION('',(0.202710494127353,-0.97923871225082,0.));
#5336=DIRECTION('',(0.97923871225082,0.202710494127353,0.));
#5337=DIRECTION('',(0.,0.,1.));
#5338=DIRECTION('',(1.,0.,0.));
#5339=DIRECTION('',(-0.202710494127353,-0.97923871225082,0.));
#5340=DIRECTION('',(0.97923871225082,-0.202710494127353,0.));
#5341=DIRECTION('',(0.,0.,1.));
#5342=DIRECTION('',(1.,0.,0.));
#5343=DIRECTION('',(-0.031519169071299,-0.0210198902598767,0.999282095403754));
#5344=DIRECTION('',(0.999502927880515,0.,0.0315261345280039));
#5345=DIRECTION('',(-0.0315191690713003,0.0210198902598821,-0.999282095403754));
#5346=DIRECTION('',(-0.999502927880515,0.,0.0315261345280051));
#5347=DIRECTION('',(0.0317689181050753,-0.0214530432600625,0.999264981262385));
#5348=DIRECTION('',(0.99949500805748,0.,-0.0317762311827397));
#5349=DIRECTION('',(0.,0.,1.));
#5350=DIRECTION('',(1.,0.,0.));
#5351=DIRECTION('',(0.202710494127353,0.97923871225082,0.));
#5352=DIRECTION('',(-0.97923871225082,0.202710494127353,0.));
#5353=DIRECTION('',(0.0317689181052129,-0.0214530432602,-0.999264981262378));
#5354=DIRECTION('',(-0.999495008057475,0.,-0.0317762311828775));
#5355=DIRECTION('',(0.00244417441416596,-0.0378063462518674,-0.999282095403754));
#5356=DIRECTION('',(0.,0.999285080267034,-0.0378064591797136));
#5357=DIRECTION('',(-0.00269442139917425,0.038239211759926,0.999264981262379));
#5358=DIRECTION('',(0.,-0.999268608567384,0.0382393505672362));
#5359=DIRECTION('',(0.,0.,1.));
#5360=DIRECTION('',(1.,0.,0.));
#5361=DIRECTION('',(-0.746690354114694,-0.665171793653393,-1.29530128656819E-14));
#5362=DIRECTION('',(0.665171793653393,-0.746690354114694,0.));
#5363=DIRECTION('',(0.,0.,1.));
#5364=DIRECTION('',(1.,0.,0.));
#5365=DIRECTION('',(0.,0.,1.));
#5366=DIRECTION('',(1.,0.,0.));
#5367=DIRECTION('',(0.202710494127357,-0.979238712250819,3.51646652989585E-15));
#5368=DIRECTION('',(0.979238712250819,0.202710494127357,0.));
#5369=DIRECTION('',(-0.0315191690713003,0.0210198902598821,0.999282095403754));
#5370=DIRECTION('',(0.999502927880515,0.,0.0315261345280051));
#5371=DIRECTION('',(0.,0.,-1.));
#5372=DIRECTION('',(-1.,0.,0.));
#5373=DIRECTION('',(-0.746690354114694,0.665171793653393,1.2953012865682E-14));
#5374=DIRECTION('',(-0.665171793653393,-0.746690354114694,0.));
#5375=DIRECTION('',(0.,0.,1.));
#5376=DIRECTION('',(1.,0.,0.));
#5377=DIRECTION('',(-0.949400848242048,-0.314066918597422,-2.78654713060242E-15));
#5378=DIRECTION('',(0.314066918597422,-0.949400848242048,0.));
#5379=DIRECTION('',(-0.746690354114686,-0.665171793653403,0.));
#5380=DIRECTION('',(0.665171793653403,-0.746690354114686,0.));
#5381=DIRECTION('',(-0.00269442139919642,0.0382392117597329,-0.999264981262387));
#5382=DIRECTION('',(0.,0.999268608567391,0.0382393505670431));
#5383=DIRECTION('',(0.,0.,1.));
#5384=DIRECTION('',(1.,0.,0.));
#5385=DIRECTION('',(0.949400848242047,-0.314066918597425,0.));
#5386=DIRECTION('',(0.314066918597425,0.949400848242047,0.));
#5387=DIRECTION('',(0.,0.,1.));
#5388=DIRECTION('',(1.,0.,0.));
#5389=DIRECTION('',(0.0339633434854704,-0.0167864559919857,-0.999282095403754));
#5390=DIRECTION('',(-0.999422916570408,0.,-0.0339681296791539));
#5391=DIRECTION('',(0.,0.,1.));
#5392=DIRECTION('',(1.,0.,0.));
#5393=DIRECTION('',(-0.949400848242047,-0.314066918597425,0.));
#5394=DIRECTION('',(0.314066918597425,-0.949400848242047,0.));
#5395=DIRECTION('',(0.,0.,1.));
#5396=DIRECTION('',(1.,0.,0.));
#5397=DIRECTION('',(0.00244417441416557,-0.0378063462518613,0.999282095403754));
#5398=DIRECTION('',(0.,-0.999285080267034,-0.0378064591797074));
#5399=DIRECTION('',(-0.033963343485465,-0.0167864559919831,-0.999282095403754));
#5400=DIRECTION('',(-0.999422916570408,0.,0.0339681296791485));
#5401=DIRECTION('',(-0.0344633395042678,0.0167861684998106,0.999264981262383));
#5402=DIRECTION('',(0.999405795192846,0.,0.03446819599217));
#5403=DIRECTION('',(0.033963343485465,-0.0167864559919831,0.999282095403754));
#5404=DIRECTION('',(0.999422916570408,0.,-0.0339681296791485));
#5405=DIRECTION('',(-0.034463339504278,0.0167861684998156,-0.999264981262382));
#5406=DIRECTION('',(-0.999405795192846,0.,0.0344681959921801));
#5407=DIRECTION('',(-0.746690354114686,0.665171793653403,0.));
#5408=DIRECTION('',(-0.665171793653403,-0.746690354114686,0.));
#5409=DIRECTION('',(0.034463339504278,0.0167861684998156,0.999264981262382));
#5410=DIRECTION('',(0.999405795192846,0.,-0.0344681959921801));
#5411=DIRECTION('',(0.,0.,1.));
#5412=DIRECTION('',(1.,0.,0.));
#5413=DIRECTION('',(0.,0.,1.));
#5414=DIRECTION('',(1.,0.,0.));
#5415=DIRECTION('',(0.949400848242048,-0.314066918597422,2.78654713060242E-15));
#5416=DIRECTION('',(0.314066918597422,0.949400848242048,0.));
#5417=DIRECTION('',(0.,0.,-1.));
#5418=DIRECTION('',(-1.,0.,0.));
#5419=DIRECTION('',(-0.0339633434854704,-0.0167864559919857,0.999282095403754));
#5420=DIRECTION('',(0.999422916570408,0.,0.0339681296791539));
#5421=DIRECTION('',(0.0344633395042678,0.0167861684998106,-0.999264981262383));
#5422=DIRECTION('',(-0.999405795192846,0.,-0.03446819599217));
#5423=DIRECTION('',(0.,0.,1.));
#5424=DIRECTION('',(1.,0.,0.));
#5425=DIRECTION('',(0.,0.,1.));
#5426=DIRECTION('',(1.,0.,0.));
#5427=DIRECTION('',(0.,0.,1.));
#5428=DIRECTION('',(1.,0.,0.));
#5429=DIRECTION('',(0.,0.,1.));
#5430=DIRECTION('',(1.,0.,0.));
#5431=DIRECTION('',(0.990809562874399,-0.135264223343215,0.));
#5432=DIRECTION('',(-0.135264223343211,-0.990809562874399,0.));
#5433=DIRECTION('',(-0.990809562874399,0.135264223343215,0.));
#5434=DIRECTION('',(0.135264223343214,0.990809562874399,0.));
#5435=DIRECTION('',(0.796254410350886,0.604961911195047,0.));
#5436=DIRECTION('',(0.990809562874399,-0.135264223343213,0.));
#5437=DIRECTION('',(-0.135264223343211,-0.990809562874399,0.));
#5438=DIRECTION('',(-0.990809562874399,0.135264223343213,0.));
#5439=DIRECTION('',(-0.135264223343211,-0.990809562874399,0.));
#5440=DIRECTION('',(0.,0.,-1.));
#5441=DIRECTION('',(1.,0.,0.));
#5442=DIRECTION('',(0.,0.,1.));
#5443=DIRECTION('',(1.,0.,0.));
#5444=DIRECTION('',(0.,1.,0.));
#5445=DIRECTION('',(0.,0.,1.));
#5446=DIRECTION('',(1.,0.,0.));
#5447=DIRECTION('',(0.,0.,-1.));
#5448=DIRECTION('',(1.,0.,0.));
#5449=DIRECTION('',(0.,0.,1.));
#5450=DIRECTION('',(1.,0.,0.));
#5451=DIRECTION('',(0.866025403784439,0.5,0.));
#5452=DIRECTION('',(0.,0.,1.));
#5453=DIRECTION('',(1.,0.,0.));
#5454=DIRECTION('',(0.,0.,-1.));
#5455=DIRECTION('',(1.,0.,0.));
#5456=DIRECTION('',(0.,0.,1.));
#5457=DIRECTION('',(1.,0.,0.));
#5458=DIRECTION('',(0.866025403784439,0.5,0.));
#5459=DIRECTION('',(0.,0.,1.));
#5460=DIRECTION('',(1.,0.,0.));
#5461=DIRECTION('',(0.,0.,-1.));
#5462=DIRECTION('',(1.,0.,0.));
#5463=DIRECTION('',(0.,0.,1.));
#5464=DIRECTION('',(1.,0.,0.));
#5465=DIRECTION('',(0.866025403784439,-0.5,0.));
#5466=DIRECTION('',(0.,0.,1.));
#5467=DIRECTION('',(1.,0.,0.));
#5468=DIRECTION('',(0.,0.,-1.));
#5469=DIRECTION('',(1.,0.,0.));
#5470=DIRECTION('',(0.,0.,1.));
#5471=DIRECTION('',(1.,0.,0.));
#5472=DIRECTION('',(0.866025403784438,-0.5,0.));
#5473=DIRECTION('',(0.,0.,1.));
#5474=DIRECTION('',(1.,0.,0.));
#5475=DIRECTION('',(0.,0.,-1.));
#5476=DIRECTION('',(1.,0.,0.));
#5477=DIRECTION('',(0.,0.,1.));
#5478=DIRECTION('',(1.,0.,0.));
#5479=DIRECTION('',(0.,-1.,0.));
#5480=DIRECTION('',(0.,0.,1.));
#5481=DIRECTION('',(1.,0.,0.));
#5482=DIRECTION('',(0.,0.,-1.));
#5483=DIRECTION('',(1.,0.,0.));
#5484=DIRECTION('',(0.,0.,1.));
#5485=DIRECTION('',(1.,0.,0.));
#5486=DIRECTION('',(-1.12335381692055E-16,-1.,0.));
#5487=DIRECTION('',(0.,0.,1.));
#5488=DIRECTION('',(1.,0.,0.));
#5489=DIRECTION('',(0.,0.,-1.));
#5490=DIRECTION('',(1.,0.,0.));
#5491=DIRECTION('',(0.,0.,1.));
#5492=DIRECTION('',(1.,0.,0.));
#5493=DIRECTION('',(-0.866025403784439,-0.5,0.));
#5494=DIRECTION('',(0.,0.,1.));
#5495=DIRECTION('',(1.,0.,0.));
#5496=DIRECTION('',(0.,0.,-1.));
#5497=DIRECTION('',(1.,0.,0.));
#5498=DIRECTION('',(0.,0.,1.));
#5499=DIRECTION('',(1.,0.,0.));
#5500=DIRECTION('',(-0.866025403784439,-0.5,0.));
#5501=DIRECTION('',(0.,0.,1.));
#5502=DIRECTION('',(1.,0.,0.));
#5503=DIRECTION('',(0.,0.,-1.));
#5504=DIRECTION('',(1.,0.,0.));
#5505=DIRECTION('',(0.,0.,1.));
#5506=DIRECTION('',(1.,0.,0.));
#5507=DIRECTION('',(-0.866025403784439,0.5,0.));
#5508=DIRECTION('',(0.,0.,1.));
#5509=DIRECTION('',(1.,0.,0.));
#5510=DIRECTION('',(0.,0.,-1.));
#5511=DIRECTION('',(1.,0.,0.));
#5512=DIRECTION('',(0.,0.,1.));
#5513=DIRECTION('',(1.,0.,0.));
#5514=DIRECTION('',(-0.866025403784439,0.5,0.));
#5515=DIRECTION('',(0.,0.,1.));
#5516=DIRECTION('',(1.,0.,0.));
#5517=DIRECTION('',(0.,0.,-1.));
#5518=DIRECTION('',(1.,0.,0.));
#5519=DIRECTION('',(0.,0.,1.));
#5520=DIRECTION('',(1.,0.,0.));
#5521=DIRECTION('',(-1.12335381692055E-16,1.,0.));
#5522=DIRECTION('',(0.,0.,1.));
#5523=DIRECTION('',(1.,0.,0.));
#5524=DIRECTION('',(0.,0.,1.));
#5525=DIRECTION('',(1.,0.,0.));
#5526=DIRECTION('',(0.,0.,1.));
#5527=DIRECTION('',(1.,0.,0.));
#5528=DIRECTION('',(0.469471562785891,-0.882947592858927,0.));
#5529=DIRECTION('',(-0.374606593415909,-0.927183854566789,0.));
#5530=DIRECTION('',(-0.948323655206199,0.317304656405093,0.));
#5531=DIRECTION('',(0.469471562785886,-0.88294759285893,0.));
#5532=DIRECTION('',(-0.882947592858929,-0.469471562785887,0.));
#5533=DIRECTION('',(-0.469471562785891,0.882947592858927,0.));
#5534=DIRECTION('',(0.317304656405093,0.948323655206199,0.));
#5535=DIRECTION('',(0.948323655206199,-0.317304656405094,0.));
#5536=DIRECTION('',(-0.469471562785892,0.882947592858926,0.));
#5537=DIRECTION('',(0.882947592858923,0.469471562785899,0.));
#5538=DIRECTION('',(0.165047605860677,-0.986285601537231,0.));
#5539=DIRECTION('',(-0.986285601537232,-0.165047605860677,0.));
#5540=DIRECTION('',(-0.165047605860677,0.986285601537231,0.));
#5541=DIRECTION('',(0.986285601537231,0.165047605860677,0.));
#5542=DIRECTION('',(0.30909571872206,-0.951030933601896,0.));
#5543=DIRECTION('',(-0.484809620246336,-0.874619707139396,0.));
#5544=DIRECTION('',(-0.874619707139396,0.484809620246336,0.));
#5545=DIRECTION('',(0.484809620246336,0.874619707139396,0.));
#5546=DIRECTION('',(0.874619707139396,-0.484809620246337,0.));
#5547=DIRECTION('',(0.484809620246333,0.874619707139398,0.));
#5548=DIRECTION('',(-0.874619707139396,0.484809620246337,0.));
#5549=DIRECTION('',(0.484809620246343,0.874619707139393,0.));
#5550=DIRECTION('',(0.874619707139396,-0.484809620246337,0.));
#5551=DIRECTION('',(0.484809620246322,0.874619707139404,0.));
#5552=DIRECTION('',(-0.874619707139395,0.484809620246338,0.));
#5553=DIRECTION('',(0.484809620246337,0.874619707139396,0.));
#5554=DIRECTION('',(0.874619707139396,-0.484809620246337,0.));
#5555=DIRECTION('',(0.,0.,1.));
#5556=DIRECTION('',(1.,0.,0.));
#5557=DIRECTION('',(0.484809620246336,-0.874619707139396,4.77379675188937E-17));
#5558=DIRECTION('',(0.874619707139396,0.484809620246336,-1.66482077444997E-16));
#5559=DIRECTION('',(-0.484809620246336,0.874619707139396,-4.77379675188938E-17));
#5560=DIRECTION('',(-0.874619707139396,-0.484809620246337,1.66482077444997E-16));
#5561=DIRECTION('',(-0.484809620246333,0.874619707139398,-4.77379675188944E-17));
#5562=DIRECTION('',(0.874619707139396,0.484809620246337,-1.66482077444997E-16));
#5563=DIRECTION('',(-0.484809620246343,0.874619707139393,-4.77379675188925E-17));
#5564=DIRECTION('',(-0.874619707139396,-0.484809620246337,1.66482077444997E-16));
#5565=DIRECTION('',(-0.484809620246322,0.874619707139404,-4.77379675188965E-17));
#5566=DIRECTION('',(0.874619707139395,0.484809620246338,-1.66482077444998E-16));
#5567=DIRECTION('',(-0.484809620246337,0.874619707139396,-4.77379675188936E-17));
#5568=DIRECTION('',(-0.874619707139396,-0.484809620246337,1.66482077444997E-16));
#5569=DIRECTION('',(-0.30909571872206,-0.951030933601896,1.5432100712888E-16));
#5570=DIRECTION('',(0.135264223343211,-0.990809562874399,1.0477408615823E-16));
#5571=DIRECTION('',(-0.990809562874399,-0.135264223343215,1.37904265789514E-16));
#5572=DIRECTION('',(0.135264223343211,-0.990809562874399,1.0477408615823E-16));
#5573=DIRECTION('',(0.990809562874399,0.135264223343215,-1.37904265789514E-16));
#5574=DIRECTION('',(-0.135264223343214,0.990809562874399,-1.0477408615823E-16));
#5575=DIRECTION('',(-0.796254410350886,0.604961911195047,2.34265746792096E-17));
#5576=DIRECTION('',(-0.990809562874399,-0.135264223343213,1.37904265789514E-16));
#5577=DIRECTION('',(0.135264223343211,-0.990809562874399,1.04774086158231E-16));
#5578=DIRECTION('',(0.990809562874399,0.135264223343213,-1.37904265789514E-16));
#5579=DIRECTION('',(0.,0.,1.));
#5580=DIRECTION('',(1.,0.,0.));
#5581=DIRECTION('',(0.,0.,1.));
#5582=DIRECTION('',(1.,0.,0.));
#5583=DIRECTION('',(-0.866025403784439,0.5,0.));
#5584=DIRECTION('',(0.,0.,1.));
#5585=DIRECTION('',(1.,0.,0.));
#5586=DIRECTION('',(0.,0.,-1.));
#5587=DIRECTION('',(1.,0.,0.));
#5588=DIRECTION('',(0.,0.,1.));
#5589=DIRECTION('',(1.,0.,0.));
#5590=DIRECTION('',(-1.12335381692055E-16,1.,0.));
#5591=DIRECTION('',(0.,0.,1.));
#5592=DIRECTION('',(1.,0.,0.));
#5593=DIRECTION('',(0.,0.,-1.));
#5594=DIRECTION('',(1.,0.,0.));
#5595=DIRECTION('',(0.,0.,1.));
#5596=DIRECTION('',(1.,0.,0.));
#5597=DIRECTION('',(-0.866025403784439,-0.5,0.));
#5598=DIRECTION('',(0.,0.,1.));
#5599=DIRECTION('',(1.,0.,0.));
#5600=DIRECTION('',(0.,0.,-1.));
#5601=DIRECTION('',(1.,0.,0.));
#5602=DIRECTION('',(0.,0.,1.));
#5603=DIRECTION('',(1.,0.,0.));
#5604=DIRECTION('',(-0.866025403784439,0.5,0.));
#5605=DIRECTION('',(0.,0.,1.));
#5606=DIRECTION('',(1.,0.,0.));
#5607=DIRECTION('',(0.,0.,-1.));
#5608=DIRECTION('',(1.,0.,0.));
#5609=DIRECTION('',(0.,0.,1.));
#5610=DIRECTION('',(1.,0.,0.));
#5611=DIRECTION('',(-1.12335381692055E-16,-1.,0.));
#5612=DIRECTION('',(0.,0.,1.));
#5613=DIRECTION('',(1.,0.,0.));
#5614=DIRECTION('',(0.,0.,-1.));
#5615=DIRECTION('',(1.,0.,0.));
#5616=DIRECTION('',(0.,0.,1.));
#5617=DIRECTION('',(1.,0.,0.));
#5618=DIRECTION('',(-0.866025403784439,-0.5,0.));
#5619=DIRECTION('',(0.,0.,1.));
#5620=DIRECTION('',(1.,0.,0.));
#5621=DIRECTION('',(0.,0.,-1.));
#5622=DIRECTION('',(1.,0.,0.));
#5623=DIRECTION('',(0.,0.,1.));
#5624=DIRECTION('',(1.,0.,0.));
#5625=DIRECTION('',(0.866025403784438,-0.5,0.));
#5626=DIRECTION('',(0.,0.,1.));
#5627=DIRECTION('',(1.,0.,0.));
#5628=DIRECTION('',(0.,0.,-1.));
#5629=DIRECTION('',(1.,0.,0.));
#5630=DIRECTION('',(0.,0.,1.));
#5631=DIRECTION('',(1.,0.,0.));
#5632=DIRECTION('',(0.,-1.,0.));
#5633=DIRECTION('',(0.,0.,1.));
#5634=DIRECTION('',(1.,0.,0.));
#5635=DIRECTION('',(0.,0.,-1.));
#5636=DIRECTION('',(1.,0.,0.));
#5637=DIRECTION('',(0.,0.,1.));
#5638=DIRECTION('',(1.,0.,0.));
#5639=DIRECTION('',(0.866025403784439,0.5,0.));
#5640=DIRECTION('',(0.,0.,1.));
#5641=DIRECTION('',(1.,0.,0.));
#5642=DIRECTION('',(0.,0.,-1.));
#5643=DIRECTION('',(1.,0.,0.));
#5644=DIRECTION('',(0.,0.,1.));
#5645=DIRECTION('',(1.,0.,0.));
#5646=DIRECTION('',(0.866025403784439,-0.5,0.));
#5647=DIRECTION('',(0.,0.,1.));
#5648=DIRECTION('',(1.,0.,0.));
#5649=DIRECTION('',(0.,0.,-1.));
#5650=DIRECTION('',(1.,0.,0.));
#5651=DIRECTION('',(0.,0.,1.));
#5652=DIRECTION('',(1.,0.,0.));
#5653=DIRECTION('',(0.,1.,0.));
#5654=DIRECTION('',(0.,0.,1.));
#5655=DIRECTION('',(1.,0.,0.));
#5656=DIRECTION('',(0.,0.,-1.));
#5657=DIRECTION('',(1.,0.,0.));
#5658=DIRECTION('',(0.,0.,1.));
#5659=DIRECTION('',(1.,0.,0.));
#5660=DIRECTION('',(0.866025403784439,0.5,0.));
#5661=DIRECTION('',(0.,0.,1.));
#5662=DIRECTION('',(1.,0.,0.));
#5663=DIRECTION('',(0.,0.,-1.));
#5664=DIRECTION('',(1.,0.,0.));
#5665=DIRECTION('',(0.,0.,1.));
#5666=DIRECTION('',(1.,0.,0.));
#5667=DIRECTION('',(0.986285601537232,-0.165047605860677,-1.00572648274348E-16));
#5668=DIRECTION('',(0.165047605860677,0.986285601537231,-1.4099765271919E-16));
#5669=DIRECTION('',(-0.986285601537231,0.165047605860677,1.00572648274348E-16));
#5670=DIRECTION('',(-0.165047605860677,-0.986285601537231,1.4099765271919E-16));
#5671=DIRECTION('',(0.374606593415909,-0.927183854566789,6.76711974150036E-17));
#5672=DIRECTION('',(0.948323655206199,0.317304656405093,-1.54994766072504E-16));
#5673=DIRECTION('',(-0.469471562785886,-0.88294759285893,1.65623579006599E-16));
#5674=DIRECTION('',(0.882947592858929,-0.469471562785887,-5.06362096753105E-17));
#5675=DIRECTION('',(0.469471562785891,0.882947592858927,-1.65623579006599E-16));
#5676=DIRECTION('',(-0.317304656405093,0.948323655206199,-7.72775397082943E-17));
#5677=DIRECTION('',(-0.948323655206199,-0.317304656405094,1.54994766072504E-16));
#5678=DIRECTION('',(0.469471562785892,0.882947592858926,-1.656235790066E-16));
#5679=DIRECTION('',(-0.882947592858923,0.469471562785899,5.06362096753084E-17));
#5680=DIRECTION('',(-0.469471562785891,-0.882947592858927,1.65623579006599E-16));
#5681=DIRECTION('',(0.,0.,-1.));
#5682=DIRECTION('',(-1.,0.,0.));
#5683=DIRECTION('',(0.,0.,-1.));
#5684=DIRECTION('',(0.,0.,-1.));
#5685=DIRECTION('',(-0.5,-0.866025403784439,0.));
#5686=DIRECTION('',(0.866025403784439,-0.5,0.));
#5687=DIRECTION('',(0.,0.,-1.));
#5688=DIRECTION('',(0.,0.,1.));
#5689=DIRECTION('',(0.,0.,-1.));
#5690=DIRECTION('',(-1.,0.,0.));
#5691=DIRECTION('',(0.,0.,-1.));
#5692=DIRECTION('',(0.,0.,-1.));
#5693=DIRECTION('',(0.,0.,-1.));
#5694=DIRECTION('',(-1.,0.,0.));
#5695=DIRECTION('',(0.,0.,-1.));
#5696=DIRECTION('',(0.,0.,-1.));
#5697=DIRECTION('',(0.5,-0.866025403784439,0.));
#5698=DIRECTION('',(0.866025403784439,0.5,0.));
#5699=DIRECTION('',(0.,0.,-1.));
#5700=DIRECTION('',(0.,0.,1.));
#5701=DIRECTION('',(0.,0.,-1.));
#5702=DIRECTION('',(-1.,0.,0.));
#5703=DIRECTION('',(0.,0.,-1.));
#5704=DIRECTION('',(0.,0.,-1.));
#5705=DIRECTION('',(0.,0.,-1.));
#5706=DIRECTION('',(-1.,0.,0.));
#5707=DIRECTION('',(0.,0.,-1.));
#5708=DIRECTION('',(0.,0.,-1.));
#5709=DIRECTION('',(1.,-1.12335381692055E-16,0.));
#5710=DIRECTION('',(1.12335381692055E-16,1.,0.));
#5711=DIRECTION('',(0.,0.,-1.));
#5712=DIRECTION('',(0.,0.,1.));
#5713=DIRECTION('',(0.,0.,-1.));
#5714=DIRECTION('',(-1.,0.,0.));
#5715=DIRECTION('',(0.,0.,-1.));
#5716=DIRECTION('',(0.,0.,-1.));
#5717=DIRECTION('',(0.,0.,-1.));
#5718=DIRECTION('',(-1.,0.,0.));
#5719=DIRECTION('',(0.,0.,-1.));
#5720=DIRECTION('',(0.,0.,-1.));
#5721=DIRECTION('',(0.5,0.866025403784438,0.));
#5722=DIRECTION('',(-0.866025403784438,0.5,0.));
#5723=DIRECTION('',(0.,0.,-1.));
#5724=DIRECTION('',(0.,0.,1.));
#5725=DIRECTION('',(0.,0.,-1.));
#5726=DIRECTION('',(-1.,0.,0.));
#5727=DIRECTION('',(0.,0.,-1.));
#5728=DIRECTION('',(0.,0.,-1.));
#5729=DIRECTION('',(0.,0.,-1.));
#5730=DIRECTION('',(-1.,0.,0.));
#5731=DIRECTION('',(0.,0.,-1.));
#5732=DIRECTION('',(0.,0.,-1.));
#5733=DIRECTION('',(-0.5,0.866025403784439,0.));
#5734=DIRECTION('',(-0.866025403784439,-0.5,0.));
#5735=DIRECTION('',(0.,0.,-1.));
#5736=DIRECTION('',(0.,0.,1.));
#5737=DIRECTION('',(0.,0.,-1.));
#5738=DIRECTION('',(-1.,0.,0.));
#5739=DIRECTION('',(0.,0.,-1.));
#5740=DIRECTION('',(0.,0.,-1.));
#5741=DIRECTION('',(0.,0.,-1.));
#5742=DIRECTION('',(-1.,0.,0.));
#5743=DIRECTION('',(0.,0.,-1.));
#5744=DIRECTION('',(0.,0.,-1.));
#5745=DIRECTION('',(-1.,0.,0.));
#5746=DIRECTION('',(0.,0.,1.));
#5747=DIRECTION('',(0.,0.,-1.));
#5748=DIRECTION('',(0.,0.,1.));
#5749=DIRECTION('',(0.,0.,-1.));
#5750=DIRECTION('',(-1.,0.,0.));
#5751=DIRECTION('',(0.,0.,-1.));
#5752=DIRECTION('',(0.,0.,-1.));
#5753=DIRECTION('',(0.,0.,-1.));
#5754=DIRECTION('',(-1.,0.,0.));
#5755=DIRECTION('',(-1.,-1.12335381692055E-16,0.));
#5756=DIRECTION('',(1.12335381692055E-16,-1.,0.));
#5757=DIRECTION('',(0.,0.,1.));
#5758=DIRECTION('',(0.,0.,-1.));
#5759=DIRECTION('',(-0.5,-0.866025403784439,0.));
#5760=DIRECTION('',(0.866025403784439,-0.5,0.));
#5761=DIRECTION('',(0.,0.,1.));
#5762=DIRECTION('',(0.,0.,-1.));
#5763=DIRECTION('',(0.5,-0.866025403784439,0.));
#5764=DIRECTION('',(0.866025403784439,0.5,0.));
#5765=DIRECTION('',(0.,0.,1.));
#5766=DIRECTION('',(0.,0.,-1.));
#5767=DIRECTION('',(1.,0.,0.));
#5768=DIRECTION('',(0.,0.,-1.));
#5769=DIRECTION('',(0.,0.,1.));
#5770=DIRECTION('',(0.,0.,-1.));
#5771=DIRECTION('',(0.5,0.866025403784439,0.));
#5772=DIRECTION('',(-0.866025403784439,0.5,0.));
#5773=DIRECTION('',(0.,0.,1.));
#5774=DIRECTION('',(0.,0.,-1.));
#5775=DIRECTION('',(-0.5,0.866025403784439,0.));
#5776=DIRECTION('',(-0.866025403784439,-0.5,0.));
#5777=DIRECTION('',(0.,0.,1.));
#5778=DIRECTION('',(0.,0.,-1.));
#5779=DIRECTION('',(0.,0.,-1.));
#5780=DIRECTION('',(-1.,0.,0.));
#5781=DIRECTION('',(0.,0.,-1.));
#5782=DIRECTION('',(-1.,0.,0.));
#5783=DIRECTION('',(0.,0.,-1.));
#5784=DIRECTION('',(-1.,0.,0.));
#5785=DIRECTION('',(0.,0.,-1.));
#5786=DIRECTION('',(-1.,0.,0.));
#5787=DIRECTION('',(0.,0.,-1.));
#5788=DIRECTION('',(-1.,0.,0.));
#5789=DIRECTION('',(0.,0.,-1.));
#5790=DIRECTION('',(-1.,0.,0.));
#5791=DIRECTION('',(0.,0.,-1.));
#5792=DIRECTION('',(-1.,0.,0.));
#5793=DIRECTION('',(0.,0.,-1.));
#5794=DIRECTION('',(-1.,0.,0.));
#5795=DIRECTION('',(0.,0.,-1.));
#5796=DIRECTION('',(-1.,0.,0.));
#5797=DIRECTION('',(0.,0.,-1.));
#5798=DIRECTION('',(-1.,0.,0.));
#5799=DIRECTION('',(0.,0.,-1.));
#5800=DIRECTION('',(-1.,0.,0.));
#5801=DIRECTION('',(0.,0.,-1.));
#5802=DIRECTION('',(-1.,0.,0.));
#5803=DIRECTION('',(0.,0.,-1.));
#5804=DIRECTION('',(-1.,0.,0.));
#5805=DIRECTION('',(0.,0.,-1.));
#5806=DIRECTION('',(-1.,0.,0.));
#5807=DIRECTION('',(0.,0.,-1.));
#5808=DIRECTION('',(-1.,0.,0.));
#5809=DIRECTION('',(0.,0.,-1.));
#5810=DIRECTION('',(-1.,0.,0.));
#5811=DIRECTION('',(0.,0.,-1.));
#5812=DIRECTION('',(-1.,0.,0.));
#5813=DIRECTION('',(0.,0.,-1.));
#5814=DIRECTION('',(-1.,0.,0.));
#5815=DIRECTION('',(0.,0.,-1.));
#5816=DIRECTION('',(-1.,0.,0.));
#5817=DIRECTION('',(0.,0.,-1.));
#5818=DIRECTION('',(-1.,0.,0.));
#5819=DIRECTION('',(0.,0.,-1.));
#5820=DIRECTION('',(-1.,0.,0.));
#5821=DIRECTION('',(0.,0.,-1.));
#5822=DIRECTION('',(-1.,0.,0.));
#5823=DIRECTION('',(0.,0.,-1.));
#5824=DIRECTION('',(-1.,0.,0.));
#5825=DIRECTION('',(0.,0.,-1.));
#5826=DIRECTION('',(-1.,0.,0.));
#5827=DIRECTION('',(0.,0.,-1.));
#5828=DIRECTION('',(-1.,0.,0.));
#5829=DIRECTION('',(-0.165047605860677,-0.986285601537232,1.4099765271919E-16));
#5830=DIRECTION('',(-0.986285601537231,0.165047605860677,1.00572648274348E-16));
#5831=DIRECTION('',(1.22464679914735E-16,1.22464679914735E-16,1.));
#5832=DIRECTION('',(0.986285601537232,-0.165047605860677,-1.00572648274348E-16));
#5833=DIRECTION('',(1.22464679914735E-16,1.22464679914735E-16,1.));
#5834=DIRECTION('',(-0.986285601537231,0.165047605860677,1.00572648274348E-16));
#5835=DIRECTION('',(0.165047605860677,0.986285601537231,-1.4099765271919E-16));
#5836=DIRECTION('',(1.22464679914735E-16,1.22464679914735E-16,1.));
#5837=DIRECTION('',(-0.165047605860677,-0.986285601537231,1.4099765271919E-16));
#5838=DIRECTION('',(0.165047605860677,0.986285601537231,-1.4099765271919E-16));
#5839=DIRECTION('',(0.986285601537231,-0.165047605860677,-1.00572648274348E-16));
#5840=DIRECTION('',(1.22464679914735E-16,1.22464679914735E-16,1.));
#5841=DIRECTION('',(-0.986285601537231,0.165047605860677,1.00572648274348E-16));
#5842=DIRECTION('',(0.986285601537231,-0.165047605860677,-1.00572648274348E-16));
#5843=DIRECTION('',(-0.165047605860677,-0.986285601537231,1.4099765271919E-16));
#5844=DIRECTION('',(0.165047605860677,0.986285601537231,-1.4099765271919E-16));
#5845=DIRECTION('',(-1.22464679914735E-16,-1.22464679914735E-16,-1.));
#5846=DIRECTION('',(-1.,7.49879891330929E-33,1.22464679914735E-16));
#5847=DIRECTION('',(-0.135264223343215,0.990809562874399,-1.0477408615823E-16));
#5848=DIRECTION('',(0.990809562874399,0.135264223343215,-1.37904265789514E-16));
#5849=DIRECTION('',(1.22464679914735E-16,1.22464679914735E-16,1.));
#5850=DIRECTION('',(-0.990809562874399,-0.135264223343215,1.37904265789514E-16));
#5851=DIRECTION('',(1.22464679914735E-16,1.22464679914735E-16,1.));
#5852=DIRECTION('',(-0.990809562874399,-0.135264223343211,1.37904265789514E-16));
#5853=DIRECTION('',(-0.135264223343211,0.990809562874399,-1.0477408615823E-16));
#5854=DIRECTION('',(1.22464679914735E-16,1.22464679914735E-16,1.));
#5855=DIRECTION('',(0.135264223343211,-0.990809562874399,1.0477408615823E-16));
#5856=DIRECTION('',(0.135264223343213,-0.990809562874399,1.0477408615823E-16));
#5857=DIRECTION('',(-0.990809562874399,-0.135264223343213,1.37904265789514E-16));
#5858=DIRECTION('',(1.22464679914735E-16,1.22464679914735E-16,1.));
#5859=DIRECTION('',(0.990809562874399,0.135264223343213,-1.37904265789514E-16));
#5860=DIRECTION('',(-0.990809562874399,-0.135264223343211,1.37904265789514E-16));
#5861=DIRECTION('',(-0.135264223343211,0.990809562874399,-1.04774086158231E-16));
#5862=DIRECTION('',(1.22464679914735E-16,1.22464679914735E-16,1.));
#5863=DIRECTION('',(0.135264223343211,-0.990809562874399,1.04774086158231E-16));
#5864=DIRECTION('',(-0.135264223343213,0.990809562874399,-1.0477408615823E-16));
#5865=DIRECTION('',(0.990809562874399,0.135264223343213,-1.37904265789514E-16));
#5866=DIRECTION('',(1.22464679914735E-16,1.22464679914735E-16,1.));
#5867=DIRECTION('',(-0.990809562874399,-0.135264223343213,1.37904265789514E-16));
#5868=DIRECTION('',(0.604961911195046,0.796254410350886,-1.71599508309425E-16));
#5869=DIRECTION('',(0.796254410350886,-0.604961911195047,-2.34265746792096E-17));
#5870=DIRECTION('',(1.22464679914735E-16,1.22464679914735E-16,1.));
#5871=DIRECTION('',(-0.796254410350886,0.604961911195047,2.34265746792096E-17));
#5872=DIRECTION('',(0.990809562874399,0.135264223343214,-1.37904265789514E-16));
#5873=DIRECTION('',(0.135264223343214,-0.990809562874399,1.0477408615823E-16));
#5874=DIRECTION('',(1.22464679914735E-16,1.22464679914735E-16,1.));
#5875=DIRECTION('',(-0.135264223343214,0.990809562874399,-1.0477408615823E-16));
#5876=DIRECTION('',(0.135264223343215,-0.990809562874399,1.0477408615823E-16));
#5877=DIRECTION('',(-0.990809562874399,-0.135264223343215,1.37904265789514E-16));
#5878=DIRECTION('',(1.22464679914735E-16,1.22464679914735E-16,1.));
#5879=DIRECTION('',(0.990809562874399,0.135264223343215,-1.37904265789514E-16));
#5880=DIRECTION('',(-0.990809562874399,-0.135264223343211,1.37904265789514E-16));
#5881=DIRECTION('',(-0.135264223343211,0.990809562874399,-1.04774086158231E-16));
#5882=DIRECTION('',(0.135264223343211,-0.990809562874399,1.0477408615823E-16));
#5883=DIRECTION('',(-1.22464679914735E-16,-1.22464679914735E-16,-1.));
#5884=DIRECTION('',(-1.,7.49879891330929E-33,1.22464679914735E-16));
#5885=DIRECTION('',(-0.874619707139396,-0.484809620246336,1.66482077444997E-16));
#5886=DIRECTION('',(-0.484809620246336,0.874619707139396,-4.77379675188937E-17));
#5887=DIRECTION('',(1.22464679914735E-16,1.22464679914735E-16,1.));
#5888=DIRECTION('',(0.484809620246336,-0.874619707139396,4.77379675188937E-17));
#5889=DIRECTION('',(1.22464679914735E-16,1.22464679914735E-16,1.));
#5890=DIRECTION('',(-0.951030933601896,0.30909571872206,7.86143906162559E-17));
#5891=DIRECTION('',(0.30909571872206,0.951030933601896,-1.5432100712888E-16));
#5892=DIRECTION('',(1.22464679914735E-16,1.22464679914735E-16,1.));
#5893=DIRECTION('',(-0.30909571872206,-0.951030933601896,1.5432100712888E-16));
#5894=DIRECTION('',(-0.484809620246337,0.874619707139396,-4.77379675188937E-17));
#5895=DIRECTION('',(0.874619707139396,0.484809620246337,-1.66482077444997E-16));
#5896=DIRECTION('',(1.22464679914735E-16,1.22464679914735E-16,1.));
#5897=DIRECTION('',(-0.874619707139396,-0.484809620246337,1.66482077444997E-16));
#5898=DIRECTION('',(0.874619707139396,0.484809620246337,-1.66482077444997E-16));
#5899=DIRECTION('',(0.484809620246337,-0.874619707139396,4.77379675188936E-17));
#5900=DIRECTION('',(1.22464679914735E-16,1.22464679914735E-16,1.));
#5901=DIRECTION('',(-0.484809620246337,0.874619707139396,-4.77379675188936E-17));
#5902=DIRECTION('',(0.484809620246338,-0.874619707139395,4.77379675188934E-17));
#5903=DIRECTION('',(-0.874619707139395,-0.484809620246338,1.66482077444998E-16));
#5904=DIRECTION('',(1.22464679914735E-16,1.22464679914735E-16,1.));
#5905=DIRECTION('',(0.874619707139395,0.484809620246338,-1.66482077444998E-16));
#5906=DIRECTION('',(0.874619707139404,0.484809620246322,-1.66482077444997E-16));
#5907=DIRECTION('',(0.484809620246322,-0.874619707139404,4.77379675188965E-17));
#5908=DIRECTION('',(1.22464679914735E-16,1.22464679914735E-16,1.));
#5909=DIRECTION('',(-0.484809620246322,0.874619707139404,-4.77379675188965E-17));
#5910=DIRECTION('',(-0.484809620246337,0.874619707139396,-4.77379675188935E-17));
#5911=DIRECTION('',(0.874619707139396,0.484809620246337,-1.66482077444997E-16));
#5912=DIRECTION('',(1.22464679914735E-16,1.22464679914735E-16,1.));
#5913=DIRECTION('',(-0.874619707139396,-0.484809620246337,1.66482077444997E-16));
#5914=DIRECTION('',(0.874619707139393,0.484809620246343,-1.66482077444998E-16));
#5915=DIRECTION('',(0.484809620246343,-0.874619707139393,4.77379675188925E-17));
#5916=DIRECTION('',(1.22464679914735E-16,1.22464679914735E-16,1.));
#5917=DIRECTION('',(-0.484809620246343,0.874619707139393,-4.77379675188925E-17));
#5918=DIRECTION('',(0.484809620246337,-0.874619707139396,4.77379675188936E-17));
#5919=DIRECTION('',(-0.874619707139396,-0.484809620246337,1.66482077444997E-16));
#5920=DIRECTION('',(1.22464679914735E-16,1.22464679914735E-16,1.));
#5921=DIRECTION('',(0.874619707139396,0.484809620246337,-1.66482077444997E-16));
#5922=DIRECTION('',(0.874619707139398,0.484809620246333,-1.66482077444997E-16));
#5923=DIRECTION('',(0.484809620246333,-0.874619707139398,4.77379675188944E-17));
#5924=DIRECTION('',(1.22464679914735E-16,1.22464679914735E-16,1.));
#5925=DIRECTION('',(-0.484809620246333,0.874619707139398,-4.77379675188944E-17));
#5926=DIRECTION('',(-0.484809620246337,0.874619707139396,-4.77379675188937E-17));
#5927=DIRECTION('',(0.874619707139396,0.484809620246337,-1.66482077444997E-16));
#5928=DIRECTION('',(1.22464679914735E-16,1.22464679914735E-16,1.));
#5929=DIRECTION('',(-0.874619707139396,-0.484809620246337,1.66482077444997E-16));
#5930=DIRECTION('',(0.874619707139396,0.484809620246336,-1.66482077444997E-16));
#5931=DIRECTION('',(0.484809620246336,-0.874619707139396,4.77379675188938E-17));
#5932=DIRECTION('',(1.22464679914735E-16,1.22464679914735E-16,1.));
#5933=DIRECTION('',(-0.484809620246336,0.874619707139396,-4.77379675188938E-17));
#5934=DIRECTION('',(0.484809620246336,-0.874619707139396,4.77379675188938E-17));
#5935=DIRECTION('',(-0.874619707139396,-0.484809620246336,1.66482077444997E-16));
#5936=DIRECTION('',(0.874619707139396,0.484809620246336,-1.66482077444997E-16));
#5937=DIRECTION('',(-1.22464679914735E-16,-1.22464679914735E-16,-1.));
#5938=DIRECTION('',(-1.,7.49879891330929E-33,1.22464679914735E-16));
#5939=DIRECTION('',(-0.927183854566789,-0.374606593415909,1.59423350528261E-16));
#5940=DIRECTION('',(-0.374606593415909,0.927183854566789,-6.76711974150036E-17));
#5941=DIRECTION('',(1.22464679914735E-16,1.22464679914735E-16,1.));
#5942=DIRECTION('',(0.374606593415909,-0.927183854566789,6.76711974150036E-17));
#5943=DIRECTION('',(1.22464679914735E-16,1.22464679914735E-16,1.));
#5944=DIRECTION('',(-0.882947592858927,0.469471562785891,5.06362096753099E-17));
#5945=DIRECTION('',(0.469471562785891,0.882947592858927,-1.65623579006599E-16));
#5946=DIRECTION('',(1.22464679914735E-16,1.22464679914735E-16,1.));
#5947=DIRECTION('',(-0.469471562785891,-0.882947592858927,1.65623579006599E-16));
#5948=DIRECTION('',(0.469471562785899,0.882947592858923,-1.656235790066E-16));
#5949=DIRECTION('',(0.882947592858923,-0.469471562785899,-5.06362096753084E-17));
#5950=DIRECTION('',(1.22464679914735E-16,1.22464679914735E-16,1.));
#5951=DIRECTION('',(-0.882947592858923,0.469471562785899,5.06362096753084E-17));
#5952=DIRECTION('',(0.882947592858926,-0.469471562785892,-5.06362096753096E-17));
#5953=DIRECTION('',(-0.469471562785892,-0.882947592858926,1.656235790066E-16));
#5954=DIRECTION('',(1.22464679914735E-16,1.22464679914735E-16,1.));
#5955=DIRECTION('',(0.469471562785892,0.882947592858926,-1.656235790066E-16));
#5956=DIRECTION('',(-0.317304656405094,0.948323655206199,-7.72775397082941E-17));
#5957=DIRECTION('',(0.948323655206199,0.317304656405094,-1.54994766072504E-16));
#5958=DIRECTION('',(1.22464679914735E-16,1.22464679914735E-16,1.));
#5959=DIRECTION('',(-0.948323655206199,-0.317304656405094,1.54994766072504E-16));
#5960=DIRECTION('',(0.948323655206199,0.317304656405093,-1.54994766072504E-16));
#5961=DIRECTION('',(0.317304656405093,-0.948323655206199,7.72775397082943E-17));
#5962=DIRECTION('',(1.22464679914735E-16,1.22464679914735E-16,1.));
#5963=DIRECTION('',(-0.317304656405093,0.948323655206199,-7.72775397082943E-17));
#5964=DIRECTION('',(0.882947592858927,-0.469471562785891,-5.06362096753099E-17));
#5965=DIRECTION('',(-0.469471562785891,-0.882947592858927,1.65623579006599E-16));
#5966=DIRECTION('',(1.22464679914735E-16,1.22464679914735E-16,1.));
#5967=DIRECTION('',(0.469471562785891,0.882947592858927,-1.65623579006599E-16));
#5968=DIRECTION('',(-0.469471562785887,-0.882947592858929,1.65623579006599E-16));
#5969=DIRECTION('',(-0.882947592858929,0.469471562785887,5.06362096753105E-17));
#5970=DIRECTION('',(1.22464679914735E-16,1.22464679914735E-16,1.));
#5971=DIRECTION('',(0.882947592858929,-0.469471562785887,-5.06362096753105E-17));
#5972=DIRECTION('',(-0.88294759285893,0.469471562785886,5.06362096753108E-17));
#5973=DIRECTION('',(0.469471562785886,0.88294759285893,-1.65623579006599E-16));
#5974=DIRECTION('',(1.22464679914735E-16,1.22464679914735E-16,1.));
#5975=DIRECTION('',(-0.469471562785886,-0.88294759285893,1.65623579006599E-16));
#5976=DIRECTION('',(0.317304656405093,-0.948323655206199,7.72775397082942E-17));
#5977=DIRECTION('',(-0.948323655206199,-0.317304656405093,1.54994766072504E-16));
#5978=DIRECTION('',(0.948323655206199,0.317304656405093,-1.54994766072504E-16));
#5979=DIRECTION('',(-1.22464679914735E-16,-1.22464679914735E-16,-1.));
#5980=DIRECTION('',(-1.,7.49879891330929E-33,1.22464679914735E-16));
#5981=DIRECTION('',(0.927183854566789,-0.374606593415909,0.));
#5982=DIRECTION('',(0.374606593415909,0.927183854566789,0.));
#5983=DIRECTION('',(0.,0.,-1.));
#5984=DIRECTION('',(-0.374606593415909,-0.927183854566789,0.));
#5985=DIRECTION('',(0.,0.,-1.));
#5986=DIRECTION('',(0.882947592858927,0.469471562785891,0.));
#5987=DIRECTION('',(-0.469471562785891,0.882947592858927,0.));
#5988=DIRECTION('',(0.,0.,-1.));
#5989=DIRECTION('',(0.469471562785891,-0.882947592858927,0.));
#5990=DIRECTION('',(-0.469471562785899,0.882947592858923,0.));
#5991=DIRECTION('',(-0.882947592858923,-0.469471562785899,0.));
#5992=DIRECTION('',(0.,0.,-1.));
#5993=DIRECTION('',(0.882947592858923,0.469471562785899,0.));
#5994=DIRECTION('',(-0.882947592858926,-0.469471562785892,0.));
#5995=DIRECTION('',(0.469471562785892,-0.882947592858926,0.));
#5996=DIRECTION('',(0.,0.,-1.));
#5997=DIRECTION('',(-0.469471562785892,0.882947592858926,0.));
#5998=DIRECTION('',(0.317304656405094,0.948323655206199,0.));
#5999=DIRECTION('',(-0.948323655206199,0.317304656405094,0.));
#6000=DIRECTION('',(0.,0.,-1.));
#6001=DIRECTION('',(0.948323655206199,-0.317304656405094,0.));
#6002=DIRECTION('',(-0.948323655206199,0.317304656405093,0.));
#6003=DIRECTION('',(-0.317304656405093,-0.948323655206199,0.));
#6004=DIRECTION('',(0.,0.,-1.));
#6005=DIRECTION('',(0.317304656405093,0.948323655206199,0.));
#6006=DIRECTION('',(-0.882947592858927,-0.469471562785891,0.));
#6007=DIRECTION('',(0.469471562785891,-0.882947592858927,0.));
#6008=DIRECTION('',(0.,0.,-1.));
#6009=DIRECTION('',(-0.469471562785891,0.882947592858927,0.));
#6010=DIRECTION('',(0.469471562785887,-0.882947592858929,0.));
#6011=DIRECTION('',(0.882947592858929,0.469471562785887,0.));
#6012=DIRECTION('',(0.,0.,-1.));
#6013=DIRECTION('',(-0.882947592858929,-0.469471562785887,0.));
#6014=DIRECTION('',(0.88294759285893,0.469471562785886,0.));
#6015=DIRECTION('',(-0.469471562785886,0.88294759285893,0.));
#6016=DIRECTION('',(0.,0.,-1.));
#6017=DIRECTION('',(0.469471562785886,-0.88294759285893,0.));
#6018=DIRECTION('',(-0.317304656405093,-0.948323655206199,0.));
#6019=DIRECTION('',(0.948323655206199,-0.317304656405093,0.));
#6020=DIRECTION('',(-0.948323655206199,0.317304656405093,0.));
#6021=DIRECTION('',(0.,0.,1.));
#6022=DIRECTION('',(1.,0.,0.));
#6023=DIRECTION('',(0.165047605860677,-0.986285601537232,0.));
#6024=DIRECTION('',(0.986285601537231,0.165047605860677,0.));
#6025=DIRECTION('',(0.,0.,-1.));
#6026=DIRECTION('',(-0.986285601537232,-0.165047605860677,0.));
#6027=DIRECTION('',(0.,0.,-1.));
#6028=DIRECTION('',(0.986285601537231,0.165047605860677,0.));
#6029=DIRECTION('',(-0.165047605860677,0.986285601537231,0.));
#6030=DIRECTION('',(0.,0.,-1.));
#6031=DIRECTION('',(0.165047605860677,-0.986285601537231,0.));
#6032=DIRECTION('',(-0.165047605860677,0.986285601537231,0.));
#6033=DIRECTION('',(-0.986285601537231,-0.165047605860677,0.));
#6034=DIRECTION('',(0.,0.,-1.));
#6035=DIRECTION('',(0.986285601537231,0.165047605860677,0.));
#6036=DIRECTION('',(-0.986285601537231,-0.165047605860677,0.));
#6037=DIRECTION('',(0.165047605860677,-0.986285601537231,0.));
#6038=DIRECTION('',(-0.165047605860677,0.986285601537231,0.));
#6039=DIRECTION('',(0.,0.,1.));
#6040=DIRECTION('',(1.,0.,0.));
#6041=DIRECTION('',(0.135264223343215,0.990809562874399,0.));
#6042=DIRECTION('',(-0.990809562874399,0.135264223343215,0.));
#6043=DIRECTION('',(0.,0.,-1.));
#6044=DIRECTION('',(0.990809562874399,-0.135264223343215,0.));
#6045=DIRECTION('',(0.,0.,-1.));
#6046=DIRECTION('',(0.990809562874399,-0.135264223343211,0.));
#6047=DIRECTION('',(0.135264223343211,0.990809562874399,0.));
#6048=DIRECTION('',(0.,0.,-1.));
#6049=DIRECTION('',(-0.135264223343211,-0.990809562874399,0.));
#6050=DIRECTION('',(-0.135264223343213,-0.990809562874399,0.));
#6051=DIRECTION('',(0.990809562874399,-0.135264223343213,0.));
#6052=DIRECTION('',(0.,0.,-1.));
#6053=DIRECTION('',(-0.990809562874399,0.135264223343213,0.));
#6054=DIRECTION('',(0.990809562874399,-0.135264223343211,0.));
#6055=DIRECTION('',(0.135264223343211,0.990809562874399,0.));
#6056=DIRECTION('',(0.,0.,-1.));
#6057=DIRECTION('',(-0.135264223343211,-0.990809562874399,0.));
#6058=DIRECTION('',(0.135264223343213,0.990809562874399,0.));
#6059=DIRECTION('',(-0.990809562874399,0.135264223343213,0.));
#6060=DIRECTION('',(0.,0.,-1.));
#6061=DIRECTION('',(0.990809562874399,-0.135264223343213,0.));
#6062=DIRECTION('',(-0.604961911195046,0.796254410350886,0.));
#6063=DIRECTION('',(-0.796254410350886,-0.604961911195047,0.));
#6064=DIRECTION('',(0.,0.,-1.));
#6065=DIRECTION('',(0.796254410350886,0.604961911195047,0.));
#6066=DIRECTION('',(-0.990809562874399,0.135264223343214,0.));
#6067=DIRECTION('',(-0.135264223343214,-0.990809562874399,0.));
#6068=DIRECTION('',(0.,0.,-1.));
#6069=DIRECTION('',(0.135264223343214,0.990809562874399,0.));
#6070=DIRECTION('',(-0.135264223343215,-0.990809562874399,0.));
#6071=DIRECTION('',(0.990809562874399,-0.135264223343215,0.));
#6072=DIRECTION('',(0.,0.,-1.));
#6073=DIRECTION('',(-0.990809562874399,0.135264223343215,0.));
#6074=DIRECTION('',(0.990809562874399,-0.135264223343211,0.));
#6075=DIRECTION('',(0.135264223343211,0.990809562874399,0.));
#6076=DIRECTION('',(-0.135264223343211,-0.990809562874399,0.));
#6077=DIRECTION('',(0.,0.,1.));
#6078=DIRECTION('',(1.,0.,0.));
#6079=DIRECTION('',(0.874619707139396,-0.484809620246336,0.));
#6080=DIRECTION('',(0.484809620246336,0.874619707139396,0.));
#6081=DIRECTION('',(0.,0.,-1.));
#6082=DIRECTION('',(-0.484809620246336,-0.874619707139396,0.));
#6083=DIRECTION('',(0.,0.,-1.));
#6084=DIRECTION('',(0.951030933601896,0.30909571872206,0.));
#6085=DIRECTION('',(-0.30909571872206,0.951030933601896,0.));
#6086=DIRECTION('',(0.,0.,-1.));
#6087=DIRECTION('',(0.30909571872206,-0.951030933601896,0.));
#6088=DIRECTION('',(0.484809620246337,0.874619707139396,0.));
#6089=DIRECTION('',(-0.874619707139396,0.484809620246337,0.));
#6090=DIRECTION('',(0.,0.,-1.));
#6091=DIRECTION('',(0.874619707139396,-0.484809620246337,0.));
#6092=DIRECTION('',(-0.874619707139396,0.484809620246337,0.));
#6093=DIRECTION('',(-0.484809620246337,-0.874619707139396,0.));
#6094=DIRECTION('',(0.,0.,-1.));
#6095=DIRECTION('',(0.484809620246337,0.874619707139396,0.));
#6096=DIRECTION('',(-0.484809620246338,-0.874619707139395,0.));
#6097=DIRECTION('',(0.874619707139395,-0.484809620246338,0.));
#6098=DIRECTION('',(0.,0.,-1.));
#6099=DIRECTION('',(-0.874619707139395,0.484809620246338,0.));
#6100=DIRECTION('',(-0.874619707139404,0.484809620246322,0.));
#6101=DIRECTION('',(-0.484809620246322,-0.874619707139404,0.));
#6102=DIRECTION('',(0.,0.,-1.));
#6103=DIRECTION('',(0.484809620246322,0.874619707139404,0.));
#6104=DIRECTION('',(0.484809620246337,0.874619707139396,0.));
#6105=DIRECTION('',(-0.874619707139396,0.484809620246337,0.));
#6106=DIRECTION('',(0.,0.,-1.));
#6107=DIRECTION('',(0.874619707139396,-0.484809620246337,0.));
#6108=DIRECTION('',(-0.874619707139393,0.484809620246343,0.));
#6109=DIRECTION('',(-0.484809620246343,-0.874619707139393,0.));
#6110=DIRECTION('',(0.,0.,-1.));
#6111=DIRECTION('',(0.484809620246343,0.874619707139393,0.));
#6112=DIRECTION('',(-0.484809620246337,-0.874619707139396,0.));
#6113=DIRECTION('',(0.874619707139396,-0.484809620246337,0.));
#6114=DIRECTION('',(0.,0.,-1.));
#6115=DIRECTION('',(-0.874619707139396,0.484809620246337,0.));
#6116=DIRECTION('',(-0.874619707139398,0.484809620246333,0.));
#6117=DIRECTION('',(-0.484809620246333,-0.874619707139398,0.));
#6118=DIRECTION('',(0.,0.,-1.));
#6119=DIRECTION('',(0.484809620246333,0.874619707139398,0.));
#6120=DIRECTION('',(0.484809620246337,0.874619707139396,0.));
#6121=DIRECTION('',(-0.874619707139396,0.484809620246337,0.));
#6122=DIRECTION('',(0.,0.,-1.));
#6123=DIRECTION('',(0.874619707139396,-0.484809620246337,0.));
#6124=DIRECTION('',(-0.874619707139396,0.484809620246336,0.));
#6125=DIRECTION('',(-0.484809620246336,-0.874619707139396,0.));
#6126=DIRECTION('',(0.,0.,-1.));
#6127=DIRECTION('',(0.484809620246336,0.874619707139396,0.));
#6128=DIRECTION('',(-0.484809620246336,-0.874619707139396,0.));
#6129=DIRECTION('',(0.874619707139396,-0.484809620246336,0.));
#6130=DIRECTION('',(-0.874619707139396,0.484809620246336,0.));
#6131=DIRECTION('',(0.,0.,1.));
#6132=DIRECTION('',(1.,0.,0.));
#6133=CARTESIAN_POINT('',(0.,0.,0.));
#6134=CARTESIAN_POINT('',(0.,0.,1.25));
#6135=CARTESIAN_POINT('',(0.55209119491258,0.31875,1.25));
#6136=CARTESIAN_POINT('',(0.736121593216773,8.67361737988404E-17,1.25));
#6137=CARTESIAN_POINT('',(0.368060796608387,0.6375,1.25));
#6138=CARTESIAN_POINT('',(0.552091194912579,-0.31875,1.25));
#6139=CARTESIAN_POINT('',(0.368060796608386,-0.6375,1.25));
#6140=CARTESIAN_POINT('',(-8.67361737988404E-17,-0.6375,1.25));
#6141=CARTESIAN_POINT('',(-0.368060796608387,-0.6375,1.25));
#6142=CARTESIAN_POINT('',(-0.55209119491258,-0.31875,1.25));
#6143=CARTESIAN_POINT('',(-0.736121593216773,3.90312782094781E-16,1.25));
#6144=CARTESIAN_POINT('',(-0.55209119491258,0.31875,1.25));
#6145=CARTESIAN_POINT('',(-0.368060796608387,0.6375,1.25));
#6146=CARTESIAN_POINT('',(0.,0.6375,1.25));
#6147=CARTESIAN_POINT('',(0.,5.35782974626967E-17,1.25));
#6148=CARTESIAN_POINT('',(0.842267598038517,5.35782974626967E-17,1.25));
#6149=CARTESIAN_POINT('',(0.,5.35782974626967E-17,0.));
#6150=CARTESIAN_POINT('',(0.,5.35782974626967E-17,0.259738230516915));
#6151=CARTESIAN_POINT('',(0.868198515067165,5.35782974626967E-17,0.259738230516915));
#6152=CARTESIAN_POINT('',(2.01532349507759E-17,1.325,0.));
#6153=CARTESIAN_POINT('',(0.381755231940243,1.18594710993276,0.240261769483079));
#6154=CARTESIAN_POINT('',(0.379017252303686,1.18455123092432,0.160261045435957));
#6155=CARTESIAN_POINT('',(0.376259140797685,1.18315454002918,0.0802610273632231));
#6156=CARTESIAN_POINT('',(0.373479485503637,1.18175699774492,0.000261769483077865));
#6157=CARTESIAN_POINT('',(0.381755231940243,1.18594710993276,0.240261769483079));
#6158=CARTESIAN_POINT('',(0.373479485503637,1.18175699774492,0.000261769483077882));
#6159=CARTESIAN_POINT('',(2.01532349507759E-17,1.325,0.000261769483078655));
#6160=CARTESIAN_POINT('',(-0.373479485503637,1.18175699774492,0.000261769483078657));
#6161=CARTESIAN_POINT('',(-0.373479485503637,1.18175699774492,0.000261769483078637));
#6162=CARTESIAN_POINT('',(-0.37625914079708,1.18315454002888,0.0802610273458181));
#6163=CARTESIAN_POINT('',(-0.379017252303979,1.18455123092446,0.160261045444512));
#6164=CARTESIAN_POINT('',(-0.381755231940243,1.18594710993276,0.240261769483079));
#6165=CARTESIAN_POINT('',(-0.381755231940243,1.18594710993276,0.240261769483079));
#6166=CARTESIAN_POINT('',(2.01532349507759E-17,1.325,0.24026176948308));
#6167=CARTESIAN_POINT('',(-1.14748366001438,0.6625,0.));
#6168=CARTESIAN_POINT('',(-1.22762181920222,0.26466375119189,0.222535985188995));
#6169=CARTESIAN_POINT('',(-1.22530803608323,0.266179140967365,0.14835680813217));
#6170=CARTESIAN_POINT('',(-1.22298671200741,0.267707609034752,0.0741781362250149));
#6171=CARTESIAN_POINT('',(-1.22065739118101,0.269249945877749,7.87424332817171E-18));
#6172=CARTESIAN_POINT('',(-1.22762181920222,0.26466375119189,0.222535985188995));
#6173=CARTESIAN_POINT('',(-1.22065739118101,0.269249945877748,0.));
#6174=CARTESIAN_POINT('',(-1.22762181920222,0.26466375119189,0.222535985188995));
#6175=CARTESIAN_POINT('',(-1.22784172658181,0.264519724990016,0.229586148323578));
#6176=CARTESIAN_POINT('',(-1.22264275677495,0.263325454516562,0.23525121323965));
#6177=CARTESIAN_POINT('',(-1.21793794071663,0.262363826078511,0.240261769483078));
#6178=CARTESIAN_POINT('',(-1.21793794071663,0.262363826078511,0.240261769483079));
#6179=CARTESIAN_POINT('',(-1.14748366001438,0.6625,0.24026176948308));
#6180=CARTESIAN_POINT('',(-0.836182708776388,0.923583283854253,0.240261769483079));
#6181=CARTESIAN_POINT('',(-0.843016441594171,0.93081980607325,0.222535985188994));
#6182=CARTESIAN_POINT('',(-0.843001664934334,0.931082264551403,0.229586148323838));
#6183=CARTESIAN_POINT('',(-0.839367911233725,0.927176959575506,0.235251212888859));
#6184=CARTESIAN_POINT('',(-0.836182708776388,0.923583283854253,0.240261769483079));
#6185=CARTESIAN_POINT('',(-0.843016441594173,0.930819806073249,0.222535985188996));
#6186=CARTESIAN_POINT('',(-0.84350598868822,0.92249533714112,-2.24562630661594E-17));
#6187=CARTESIAN_POINT('',(-0.84333494621419,0.925283756571842,0.0741781362250152));
#6188=CARTESIAN_POINT('',(-0.843171916076874,0.928058316225619,0.148356808132171));
#6189=CARTESIAN_POINT('',(-0.843016441594172,0.93081980607325,0.222535985188996));
#6190=CARTESIAN_POINT('',(-0.84350598868822,0.92249533714112,0.));
#6191=CARTESIAN_POINT('',(-1.14748366001438,0.6625,0.));
#6192=CARTESIAN_POINT('',(-1.14748366001438,-0.6625,0.));
#6193=CARTESIAN_POINT('',(-1.21793794071663,-0.26236382607851,0.240261769483079));
#6194=CARTESIAN_POINT('',(-1.21536008421643,-0.264037046494589,0.160261045435958));
#6195=CARTESIAN_POINT('',(-1.21277145866701,-0.265727295677691,0.0802610273632249));
#6196=CARTESIAN_POINT('',(-1.21017132389895,-0.26743577663397,0.000261769483080621));
#6197=CARTESIAN_POINT('',(-1.21793794071663,-0.26236382607851,0.240261769483079));
#6198=CARTESIAN_POINT('',(-1.21017132389895,-0.26743577663397,0.000261769483080697));
#6199=CARTESIAN_POINT('',(-1.14748366001438,-0.6625,0.000261769483081431));
#6200=CARTESIAN_POINT('',(-0.836691838395315,-0.914321221110953,0.00026176948308143));
#6201=CARTESIAN_POINT('',(-0.836691838395315,-0.914321221110953,0.000261769483081441));
#6202=CARTESIAN_POINT('',(-0.836512317869363,-0.917427244350817,0.08026102734582));
#6203=CARTESIAN_POINT('',(-0.836342831912725,-0.920514184430054,0.160261045444513));
#6204=CARTESIAN_POINT('',(-0.836182708776389,-0.923583283854253,0.240261769483079));
#6205=CARTESIAN_POINT('',(-0.836182708776389,-0.923583283854253,0.240261769483079));
#6206=CARTESIAN_POINT('',(-1.14748366001438,-0.6625,0.24026176948308));
#6207=CARTESIAN_POINT('',(-1.88022259193128E-16,-1.325,0.));
#6208=CARTESIAN_POINT('',(-0.381755231940243,-1.18594710993276,0.240261769483079));
#6209=CARTESIAN_POINT('',(-0.379017252303686,-1.18455123092432,0.160261045435957));
#6210=CARTESIAN_POINT('',(-0.376259140797685,-1.18315454002918,0.0802610273632232));
#6211=CARTESIAN_POINT('',(-0.373479485503637,-1.18175699774492,0.00026176948307788));
#6212=CARTESIAN_POINT('',(-0.381755231940243,-1.18594710993276,0.240261769483079));
#6213=CARTESIAN_POINT('',(-0.373479485503637,-1.18175699774492,0.000261769483077914));
#6214=CARTESIAN_POINT('',(-1.88022259193128E-16,-1.325,0.000261769483078655));
#6215=CARTESIAN_POINT('',(0.373479485503637,-1.18175699774492,0.00026176948307866));
#6216=CARTESIAN_POINT('',(0.373479485503636,-1.18175699774492,0.000261769483078644));
#6217=CARTESIAN_POINT('',(0.37625914079708,-1.18315454002888,0.0802610273458182));
#6218=CARTESIAN_POINT('',(0.379017252303979,-1.18455123092446,0.160261045444512));
#6219=CARTESIAN_POINT('',(0.381755231940243,-1.18594710993276,0.240261769483079));
#6220=CARTESIAN_POINT('',(0.381755231940243,-1.18594710993276,0.240261769483079));
#6221=CARTESIAN_POINT('',(-1.88022259193128E-16,-1.325,0.24026176948308));
#6222=CARTESIAN_POINT('',(1.14748366001438,-0.6625,0.));
#6223=CARTESIAN_POINT('',(0.836182708776388,-0.923583283854254,0.240261769483079));
#6224=CARTESIAN_POINT('',(0.836342831912741,-0.920514184429727,0.160261045435957));
#6225=CARTESIAN_POINT('',(0.836512317869323,-0.917427244351494,0.0802610273632231));
#6226=CARTESIAN_POINT('',(0.836691838395314,-0.914321221110953,0.000261769483077905));
#6227=CARTESIAN_POINT('',(0.836182708776388,-0.923583283854254,0.240261769483079));
#6228=CARTESIAN_POINT('',(0.836691838395314,-0.914321221110953,0.000261769483077914));
#6229=CARTESIAN_POINT('',(1.14748366001438,-0.6625,0.000261769483078655));
#6230=CARTESIAN_POINT('',(1.21017132389895,-0.267435776633971,0.000261769483078651));
#6231=CARTESIAN_POINT('',(1.21017132389895,-0.26743577663397,0.000261769483078599));
#6232=CARTESIAN_POINT('',(1.21277145866644,-0.265727295678063,0.0802610273458181));
#6233=CARTESIAN_POINT('',(1.2153600842167,-0.264037046494411,0.160261045444512));
#6234=CARTESIAN_POINT('',(1.21793794071663,-0.262363826078511,0.240261769483079));
#6235=CARTESIAN_POINT('',(1.21793794071663,-0.262363826078511,0.240261769483079));
#6236=CARTESIAN_POINT('',(1.14748366001438,-0.6625,0.24026176948308));
#6237=CARTESIAN_POINT('',(1.14748366001438,0.6625,0.));
#6238=CARTESIAN_POINT('',(1.21793794071663,0.262363826078511,0.240261769483079));
#6239=CARTESIAN_POINT('',(1.21536008421643,0.26403704649459,0.160261045435958));
#6240=CARTESIAN_POINT('',(1.21277145866701,0.265727295677691,0.080261027363225));
#6241=CARTESIAN_POINT('',(1.21017132389895,0.26743577663397,0.000261769483080653));
#6242=CARTESIAN_POINT('',(1.21793794071663,0.262363826078511,0.240261769483079));
#6243=CARTESIAN_POINT('',(1.21017132389895,0.267435776633971,0.000261769483080686));
#6244=CARTESIAN_POINT('',(1.14748366001438,0.6625,0.000261769483081431));
#6245=CARTESIAN_POINT('',(0.836691838395315,0.914321221110953,0.00026176948308143));
#6246=CARTESIAN_POINT('',(0.836691838395314,0.914321221110954,0.000261769483081395));
#6247=CARTESIAN_POINT('',(0.836512317869362,0.917427244350818,0.08026102734582));
#6248=CARTESIAN_POINT('',(0.836342831912724,0.920514184430054,0.160261045444513));
#6249=CARTESIAN_POINT('',(0.836182708776388,0.923583283854253,0.240261769483079));
#6250=CARTESIAN_POINT('',(0.836182708776388,0.923583283854253,0.240261769483079));
#6251=CARTESIAN_POINT('',(1.14748366001438,0.6625,0.240261769483083));
#6252=CARTESIAN_POINT('',(0.,0.,0.25));
#6253=CARTESIAN_POINT('',(0.,7.65404249467096E-17,0.25));
#6254=CARTESIAN_POINT('',(-0.829339459440099,-0.930977201016575,0.25));
#6255=CARTESIAN_POINT('',(-0.391580176704437,-1.18371764074427,0.25));
#6256=CARTESIAN_POINT('',(-1.88022259193128E-16,-1.325,0.25));
#6257=CARTESIAN_POINT('',(0.391580176704437,-1.18371764074427,0.25));
#6258=CARTESIAN_POINT('',(0.,7.65404249467096E-17,0.25));
#6259=CARTESIAN_POINT('',(0.829339459440098,-0.930977201016576,0.25));
#6260=CARTESIAN_POINT('',(1.14748366001438,-0.6625,0.25));
#6261=CARTESIAN_POINT('',(1.22091963614454,-0.252740439727692,0.25));
#6262=CARTESIAN_POINT('',(0.,7.65404249467096E-17,0.25));
#6263=CARTESIAN_POINT('',(1.22091963614454,0.252740439727692,0.25));
#6264=CARTESIAN_POINT('',(1.14748366001438,0.6625,0.25));
#6265=CARTESIAN_POINT('',(0.829339459440098,0.930977201016576,0.25));
#6266=CARTESIAN_POINT('',(0.,7.65404249467096E-17,0.25));
#6267=CARTESIAN_POINT('',(0.391580176704437,1.18371764074427,0.25));
#6268=CARTESIAN_POINT('',(2.01532349507759E-17,1.325,0.25));
#6269=CARTESIAN_POINT('',(-0.391580176704437,1.18371764074427,0.25));
#6270=CARTESIAN_POINT('',(0.,7.65404249467096E-17,0.25));
#6271=CARTESIAN_POINT('',(-0.829339459440098,0.930977201016576,0.25));
#6272=CARTESIAN_POINT('',(-1.14748366001438,0.6625,0.25));
#6273=CARTESIAN_POINT('',(-1.22091963614454,0.252740439727692,0.25));
#6274=CARTESIAN_POINT('',(0.,7.65404249467096E-17,0.25));
#6275=CARTESIAN_POINT('',(-1.22091963614454,-0.252740439727691,0.25));
#6276=CARTESIAN_POINT('',(-1.14748366001438,-0.6625,0.25));
#6277=CARTESIAN_POINT('',(0.,5.35782974626967E-17,0.25));
#6278=CARTESIAN_POINT('',(0.87819508831692,5.35782974626967E-17,0.25));
#6279=CARTESIAN_POINT('',(1.14748366001438,0.6625,0.));
#6280=CARTESIAN_POINT('',(0.836182708776388,0.923583283854253,-0.240261769483079));
#6281=CARTESIAN_POINT('',(0.836342831912741,0.920514184429726,-0.160261045435957));
#6282=CARTESIAN_POINT('',(0.836512317869323,0.917427244351494,-0.0802610273632232));
#6283=CARTESIAN_POINT('',(0.836691838395314,0.914321221110953,-0.000261769483077918));
#6284=CARTESIAN_POINT('',(0.836182708776388,0.923583283854253,-0.240261769483079));
#6285=CARTESIAN_POINT('',(0.836691838395315,0.914321221110953,-0.000261769483077922));
#6286=CARTESIAN_POINT('',(1.14748366001438,0.6625,-0.000261769483078655));
#6287=CARTESIAN_POINT('',(1.21017132389895,0.267435776633971,-0.000261769483078655));
#6288=CARTESIAN_POINT('',(1.21017132389895,0.26743577663397,-0.000261769483078613));
#6289=CARTESIAN_POINT('',(1.21277145866644,0.265727295678063,-0.0802610273458181));
#6290=CARTESIAN_POINT('',(1.2153600842167,0.264037046494411,-0.160261045444512));
#6291=CARTESIAN_POINT('',(1.21793794071663,0.262363826078511,-0.240261769483079));
#6292=CARTESIAN_POINT('',(1.21793794071663,0.262363826078511,-0.240261769483079));
#6293=CARTESIAN_POINT('',(1.14748366001438,0.6625,-0.240261769483079));
#6294=CARTESIAN_POINT('',(1.14748366001438,-0.6625,0.));
#6295=CARTESIAN_POINT('',(1.21793794071663,-0.262363826078511,-0.240261769483079));
#6296=CARTESIAN_POINT('',(1.21536008421643,-0.26403704649459,-0.160261045435958));
#6297=CARTESIAN_POINT('',(1.21277145866701,-0.265727295677691,-0.0802610273632249));
#6298=CARTESIAN_POINT('',(1.21017132389895,-0.26743577663397,-0.000261769483080654));
#6299=CARTESIAN_POINT('',(1.21793794071663,-0.262363826078511,-0.240261769483079));
#6300=CARTESIAN_POINT('',(1.21017132389895,-0.267435776633971,-0.000261769483080699));
#6301=CARTESIAN_POINT('',(1.14748366001438,-0.6625,-0.000261769483081431));
#6302=CARTESIAN_POINT('',(0.836691838395314,-0.914321221110953,-0.000261769483081424));
#6303=CARTESIAN_POINT('',(0.836691838395314,-0.914321221110953,-0.000261769483081395));
#6304=CARTESIAN_POINT('',(0.836512317869362,-0.917427244350818,-0.08026102734582));
#6305=CARTESIAN_POINT('',(0.836342831912724,-0.920514184430055,-0.160261045444513));
#6306=CARTESIAN_POINT('',(0.836182708776388,-0.923583283854254,-0.240261769483079));
#6307=CARTESIAN_POINT('',(0.836182708776388,-0.923583283854254,-0.240261769483079));
#6308=CARTESIAN_POINT('',(1.14748366001438,-0.6625,-0.240261769483079));
#6309=CARTESIAN_POINT('',(-1.88022259193128E-16,-1.325,0.));
#6310=CARTESIAN_POINT('',(0.381755231940243,-1.18594710993276,-0.240261769483079));
#6311=CARTESIAN_POINT('',(0.379017252303686,-1.18455123092432,-0.160261045435957));
#6312=CARTESIAN_POINT('',(0.376259140797685,-1.18315454002918,-0.0802610273632232));
#6313=CARTESIAN_POINT('',(0.373479485503636,-1.18175699774492,-0.000261769483077902));
#6314=CARTESIAN_POINT('',(0.381755231940243,-1.18594710993276,-0.240261769483079));
#6315=CARTESIAN_POINT('',(0.373479485503637,-1.18175699774492,-0.000261769483077959));
#6316=CARTESIAN_POINT('',(-1.88022259193128E-16,-1.325,-0.000261769483078655));
#6317=CARTESIAN_POINT('',(-0.373479485503637,-1.18175699774492,-0.000261769483078658));
#6318=CARTESIAN_POINT('',(-0.373479485503637,-1.18175699774492,-0.000261769483078635));
#6319=CARTESIAN_POINT('',(-0.37625914079708,-1.18315454002888,-0.0802610273458181));
#6320=CARTESIAN_POINT('',(-0.379017252303979,-1.18455123092446,-0.160261045444512));
#6321=CARTESIAN_POINT('',(-0.381755231940243,-1.18594710993276,-0.240261769483079));
#6322=CARTESIAN_POINT('',(-0.381755231940243,-1.18594710993276,-0.240261769483079));
#6323=CARTESIAN_POINT('',(-1.88022259193128E-16,-1.325,-0.240261769483079));
#6324=CARTESIAN_POINT('',(-1.14748366001438,-0.6625,0.));
#6325=CARTESIAN_POINT('',(-0.836182708776389,-0.923583283854253,-0.240261769483079));
#6326=CARTESIAN_POINT('',(-0.836342831912742,-0.920514184429726,-0.160261045435957));
#6327=CARTESIAN_POINT('',(-0.836512317869324,-0.917427244351493,-0.0802610273632231));
#6328=CARTESIAN_POINT('',(-0.836691838395315,-0.914321221110952,-0.000261769483077888));
#6329=CARTESIAN_POINT('',(-0.836182708776389,-0.923583283854253,-0.240261769483079));
#6330=CARTESIAN_POINT('',(-0.836691838395315,-0.914321221110952,-0.000261769483077935));
#6331=CARTESIAN_POINT('',(-1.14748366001438,-0.6625,-0.000261769483078655));
#6332=CARTESIAN_POINT('',(-1.21017132389895,-0.26743577663397,-0.000261769483078649));
#6333=CARTESIAN_POINT('',(-1.21017132389895,-0.26743577663397,-0.000261769483078612));
#6334=CARTESIAN_POINT('',(-1.21277145866644,-0.265727295678062,-0.0802610273458181));
#6335=CARTESIAN_POINT('',(-1.2153600842167,-0.26403704649441,-0.160261045444512));
#6336=CARTESIAN_POINT('',(-1.21793794071663,-0.26236382607851,-0.240261769483079));
#6337=CARTESIAN_POINT('',(-1.21793794071663,-0.26236382607851,-0.240261769483079));
#6338=CARTESIAN_POINT('',(-1.14748366001438,-0.6625,-0.240261769483079));
#6339=CARTESIAN_POINT('',(-1.14748366001438,0.6625,0.));
#6340=CARTESIAN_POINT('',(-1.14748366001438,0.6625,-0.240261769483079));
#6341=CARTESIAN_POINT('',(-0.836182708776388,0.923583283854253,-0.240261769483079));
#6342=CARTESIAN_POINT('',(-1.21793794071663,0.262363826078511,-0.240261769483079));
#6343=CARTESIAN_POINT('',(-1.22762181920222,0.264663751191889,-0.222535985188994));
#6344=CARTESIAN_POINT('',(-1.22784172658183,0.26451972499001,-0.229586148323837));
#6345=CARTESIAN_POINT('',(-1.22264275641282,0.263325454462128,-0.235251212888817));
#6346=CARTESIAN_POINT('',(-1.21793794071663,0.262363826078511,-0.240261769483079));
#6347=CARTESIAN_POINT('',(-1.22762181920222,0.26466375119189,-0.222535985188996));
#6348=CARTESIAN_POINT('',(-1.22065739118101,0.269249945877749,-2.46846684065516E-18));
#6349=CARTESIAN_POINT('',(-1.22298671200741,0.267707609034752,-0.0741781362250153));
#6350=CARTESIAN_POINT('',(-1.22530803608323,0.266179140967365,-0.148356808132171));
#6351=CARTESIAN_POINT('',(-1.22762181920222,0.26466375119189,-0.222535985188996));
#6352=CARTESIAN_POINT('',(-0.843016441594172,0.93081980607325,-0.222535985188995));
#6353=CARTESIAN_POINT('',(-0.843171916076874,0.928058316225619,-0.148356808132171));
#6354=CARTESIAN_POINT('',(-0.84333494621419,0.925283756571842,-0.0741781362250149));
#6355=CARTESIAN_POINT('',(-0.84350598868822,0.92249533714112,3.86735512279752E-17));
#6356=CARTESIAN_POINT('',(-0.843016441594173,0.930819806073249,-0.222535985188995));
#6357=CARTESIAN_POINT('',(-0.843016441594173,0.930819806073249,-0.222535985188995));
#6358=CARTESIAN_POINT('',(-0.843001664934334,0.93108226455139,-0.229586148323578));
#6359=CARTESIAN_POINT('',(-0.839367911461802,0.927176959861738,-0.235251213239492));
#6360=CARTESIAN_POINT('',(-0.836182708776389,0.923583283854252,-0.240261769483078));
#6361=CARTESIAN_POINT('',(2.01532349507759E-17,1.325,0.));
#6362=CARTESIAN_POINT('',(-0.381755231940243,1.18594710993276,-0.240261769483079));
#6363=CARTESIAN_POINT('',(-0.379017252303686,1.18455123092432,-0.160261045435957));
#6364=CARTESIAN_POINT('',(-0.376259140797685,1.18315454002918,-0.0802610273632231));
#6365=CARTESIAN_POINT('',(-0.373479485503637,1.18175699774492,-0.000261769483077859));
#6366=CARTESIAN_POINT('',(-0.381755231940243,1.18594710993276,-0.240261769483079));
#6367=CARTESIAN_POINT('',(-0.373479485503637,1.18175699774492,-0.000261769483077921));
#6368=CARTESIAN_POINT('',(2.01532349507759E-17,1.325,-0.000261769483078655));
#6369=CARTESIAN_POINT('',(0.373479485503637,1.18175699774492,-0.000261769483078657));
#6370=CARTESIAN_POINT('',(0.373479485503637,1.18175699774492,-0.000261769483078637));
#6371=CARTESIAN_POINT('',(0.37625914079708,1.18315454002888,-0.0802610273458181));
#6372=CARTESIAN_POINT('',(0.379017252303979,1.18455123092446,-0.160261045444512));
#6373=CARTESIAN_POINT('',(0.381755231940243,1.18594710993276,-0.240261769483079));
#6374=CARTESIAN_POINT('',(0.381755231940243,1.18594710993276,-0.240261769483079));
#6375=CARTESIAN_POINT('',(2.01532349507759E-17,1.325,-0.240261769483079));
#6376=CARTESIAN_POINT('',(0.,0.,-0.25));
#6377=CARTESIAN_POINT('',(0.,7.65404249467096E-17,-0.25));
#6378=CARTESIAN_POINT('',(0.829339459440098,-0.930977201016576,-0.25));
#6379=CARTESIAN_POINT('',(0.391580176704437,-1.18371764074427,-0.25));
#6380=CARTESIAN_POINT('',(-1.88022259193128E-16,-1.325,-0.25));
#6381=CARTESIAN_POINT('',(-0.391580176704437,-1.18371764074427,-0.25));
#6382=CARTESIAN_POINT('',(0.,7.65404249467096E-17,-0.25));
#6383=CARTESIAN_POINT('',(-0.829339459440099,-0.930977201016575,-0.25));
#6384=CARTESIAN_POINT('',(-1.14748366001438,-0.6625,-0.25));
#6385=CARTESIAN_POINT('',(-1.22091963614454,-0.252740439727691,-0.25));
#6386=CARTESIAN_POINT('',(0.,7.65404249467096E-17,-0.25));
#6387=CARTESIAN_POINT('',(-1.22091963614454,0.252740439727692,-0.25));
#6388=CARTESIAN_POINT('',(-1.14748366001438,0.6625,-0.25));
#6389=CARTESIAN_POINT('',(-0.829339459440098,0.930977201016576,-0.25));
#6390=CARTESIAN_POINT('',(0.,7.65404249467096E-17,-0.25));
#6391=CARTESIAN_POINT('',(-0.391580176704437,1.18371764074427,-0.25));
#6392=CARTESIAN_POINT('',(2.01532349507759E-17,1.325,-0.25));
#6393=CARTESIAN_POINT('',(0.391580176704437,1.18371764074427,-0.25));
#6394=CARTESIAN_POINT('',(0.,7.65404249467096E-17,-0.25));
#6395=CARTESIAN_POINT('',(0.829339459440098,0.930977201016576,-0.25));
#6396=CARTESIAN_POINT('',(1.14748366001438,0.6625,-0.25));
#6397=CARTESIAN_POINT('',(1.22091963614454,0.252740439727692,-0.25));
#6398=CARTESIAN_POINT('',(0.,7.65404249467096E-17,-0.25));
#6399=CARTESIAN_POINT('',(1.22091963614454,-0.252740439727692,-0.25));
#6400=CARTESIAN_POINT('',(1.14748366001438,-0.6625,-0.25));
#6401=CARTESIAN_POINT('',(0.,5.35782974626967E-17,-0.25));
#6402=CARTESIAN_POINT('',(0.87819508831692,5.35782974626967E-17,-0.25));
#6403=CARTESIAN_POINT('',(0.,0.,-1.25));
#6404=CARTESIAN_POINT('',(0.552091194912579,-0.31875,-1.25));
#6405=CARTESIAN_POINT('',(0.368060796608386,-0.6375,-1.25));
#6406=CARTESIAN_POINT('',(0.736121593216773,8.67361737988404E-17,-1.25));
#6407=CARTESIAN_POINT('',(0.55209119491258,0.31875,-1.25));
#6408=CARTESIAN_POINT('',(0.368060796608387,0.6375,-1.25));
#6409=CARTESIAN_POINT('',(0.,0.6375,-1.25));
#6410=CARTESIAN_POINT('',(-0.368060796608387,0.6375,-1.25));
#6411=CARTESIAN_POINT('',(-0.55209119491258,0.31875,-1.25));
#6412=CARTESIAN_POINT('',(-0.736121593216773,3.90312782094781E-16,-1.25));
#6413=CARTESIAN_POINT('',(-0.55209119491258,-0.31875,-1.25));
#6414=CARTESIAN_POINT('',(-0.368060796608387,-0.6375,-1.25));
#6415=CARTESIAN_POINT('',(-1.50231459873716E-16,-0.6375,-1.25));
#6416=CARTESIAN_POINT('',(0.,5.35782974626967E-17,-1.25));
#6417=CARTESIAN_POINT('',(0.842267598038517,5.35782974626967E-17,-1.25));
#6418=CARTESIAN_POINT('',(0.,5.35782974626967E-17,0.));
#6419=CARTESIAN_POINT('',(0.,5.35782974626967E-17,-0.259738230516922));
#6420=CARTESIAN_POINT('',(0.868198515067165,5.35782974626967E-17,-0.259738230516922));
#6421=CARTESIAN_POINT('',(0.,7.65404249467096E-17,0.));
#6422=CARTESIAN_POINT('',(0.,7.65404249467096E-17,0.));
#6423=CARTESIAN_POINT('',(1.21834013934063,0.279548394507028,0.));
#6424=CARTESIAN_POINT('',(0.851266080900555,0.915339313865744,0.));
#6425=CARTESIAN_POINT('',(1.21834013934063,0.279548394507028,4.18310824568656E-18));
#6426=CARTESIAN_POINT('',(1.21834265999478,0.27954762723037,8.72689750864341E-5));
#6427=CARTESIAN_POINT('',(1.21834530937971,0.279546297444682,0.000174525468996968));
#6428=CARTESIAN_POINT('',(1.21834808747596,0.279544405199842,0.000261769483082456));
#6429=CARTESIAN_POINT('',(1.21834808747596,0.279544405199842,0.000261769483082467));
#6430=CARTESIAN_POINT('',(1.21834808747596,0.279544405199842,0.000261769483082468));
#6431=CARTESIAN_POINT('',(1.21845415154956,0.279472161772072,0.00359263158811888));
#6432=CARTESIAN_POINT('',(1.2185601975233,0.27939994982962,0.00692349495199854));
#6433=CARTESIAN_POINT('',(1.21866622544841,0.279327769283545,0.010254359571162));
#6434=CARTESIAN_POINT('',(1.21866622544841,0.279327769283545,0.010254359571162));
#6435=CARTESIAN_POINT('',(1.21866622544841,0.279327769283545,0.010254359571162));
#6436=CARTESIAN_POINT('',(1.22110673318355,0.277666346777766,0.0869228491142036));
#6437=CARTESIAN_POINT('',(1.22353768347594,0.276021549807358,0.163592000852939));
#6438=CARTESIAN_POINT('',(1.22595966950762,0.274392348724506,0.240261769483079));
#6439=CARTESIAN_POINT('',(1.22595966950762,0.274392348724506,0.240261769483079));
#6440=CARTESIAN_POINT('',(1.23070866766055,0.25476685003073,0.259738230516922));
#6441=CARTESIAN_POINT('',(1.22859281511636,0.264987952443819,0.259738230516922));
#6442=CARTESIAN_POINT('',(1.22628923577259,0.274170658876283,0.25069443464017));
#6443=CARTESIAN_POINT('',(1.22595966950762,0.274392348724506,0.240261769483079));
#6444=CARTESIAN_POINT('',(1.23070866766055,0.25476685003073,0.259738230516922));
#6445=CARTESIAN_POINT('',(0.,7.65404249467096E-17,0.259738230516922));
#6446=CARTESIAN_POINT('',(1.23070866766055,-0.254766850030731,0.259738230516922));
#6447=CARTESIAN_POINT('',(1.22595966950762,-0.274392348724507,0.240261769483079));
#6448=CARTESIAN_POINT('',(1.22628922523842,-0.274170665962321,0.250694101173143));
#6449=CARTESIAN_POINT('',(1.22859285644303,-0.264987752806029,0.259738230516921));
#6450=CARTESIAN_POINT('',(1.23070866766055,-0.254766850030731,0.259738230516922));
#6451=CARTESIAN_POINT('',(1.22595966950762,-0.274392348724507,0.240261769483079));
#6452=CARTESIAN_POINT('',(1.22595966950762,-0.274392348724507,0.240261769483079));
#6453=CARTESIAN_POINT('',(1.22343246022666,-0.276092330492889,0.1602610806613));
#6454=CARTESIAN_POINT('',(1.22089549134724,-0.277809291873281,0.0802610636167675));
#6455=CARTESIAN_POINT('',(1.21834808747596,-0.279544405199842,0.000261769483078653));
#6456=CARTESIAN_POINT('',(1.21834808747596,-0.279544405199842,0.00026176948307866));
#6457=CARTESIAN_POINT('',(1.21834808747596,-0.279544405199842,0.00026176948307941));
#6458=CARTESIAN_POINT('',(1.21834530937971,-0.279546297444682,0.000174525468995187));
#6459=CARTESIAN_POINT('',(1.21834265999478,-0.27954762723037,8.72689750851545E-5));
#6460=CARTESIAN_POINT('',(1.21834013934063,-0.279548394507028,-1.01267039913059E-17));
#6461=CARTESIAN_POINT('',(1.21834013934063,-0.279548394507028,0.));
#6462=CARTESIAN_POINT('',(0.,7.65404249467096E-17,0.));
#6463=CARTESIAN_POINT('',(0.851266080900555,-0.915339313865744,0.));
#6464=CARTESIAN_POINT('',(0.851266080900554,-0.915339313865744,4.14198213526073E-18));
#6465=CARTESIAN_POINT('',(0.851266676746552,-0.915341880454602,8.72689750854239E-5));
#6466=CARTESIAN_POINT('',(0.85126684981083,-0.9153448397821,0.000174525468994915));
#6467=CARTESIAN_POINT('',(0.851266600126855,-0.915348191806449,0.000261769483079394));
#6468=CARTESIAN_POINT('',(0.851266600126855,-0.915348191806448,0.000261769483079403));
#6469=CARTESIAN_POINT('',(0.851266600126855,-0.915348191806448,0.000261769483079403));
#6470=CARTESIAN_POINT('',(0.85125706751995,-0.915476167702501,0.00359263158811591));
#6471=CARTESIAN_POINT('',(0.851247553130199,-0.915604112180952,0.00692349495199569));
#6472=CARTESIAN_POINT('',(0.851238056906195,-0.915732025330648,0.0102543595711592));
#6473=CARTESIAN_POINT('',(0.851238056906195,-0.915732025330648,0.0102543595711592));
#6474=CARTESIAN_POINT('',(0.851238056906195,-0.915732025330649,0.0102543595711591));
#6475=CARTESIAN_POINT('',(0.851019476677338,-0.918676278280297,0.0869228491142017));
#6476=CARTESIAN_POINT('',(0.850810515863094,-0.921603941474049,0.163592000852939));
#6477=CARTESIAN_POINT('',(0.850610579353312,-0.924516043446522,0.240261769483079));
#6478=CARTESIAN_POINT('',(0.850610579353312,-0.924516043446522,0.240261769483079));
#6479=CARTESIAN_POINT('',(0.835988897999026,-0.93844154583637,0.259738230516922));
#6480=CARTESIAN_POINT('',(0.843782706071349,-0.931498612575896,0.259738230516921));
#6481=CARTESIAN_POINT('',(0.850583373445475,-0.92491230112833,0.25069443464017));
#6482=CARTESIAN_POINT('',(0.850610579353312,-0.924516043446522,0.240261769483079));
#6483=CARTESIAN_POINT('',(0.835988897999026,-0.93844154583637,0.259738230516922));
#6484=CARTESIAN_POINT('',(0.,7.65404249467096E-17,0.259738230516922));
#6485=CARTESIAN_POINT('',(0.394719769661521,-1.1932083958671,0.259738230516922));
#6486=CARTESIAN_POINT('',(0.37534909015431,-1.19890839217103,0.240261769483079));
#6487=CARTESIAN_POINT('',(0.375705850923344,-1.19908295442477,0.250694101173143));
#6488=CARTESIAN_POINT('',(0.384810302599742,-1.19648650099077,0.259738230516921));
#6489=CARTESIAN_POINT('',(0.394719769661521,-1.1932083958671,0.259738230516922));
#6490=CARTESIAN_POINT('',(0.37534909015431,-1.19890839217103,0.240261769483079));
#6491=CARTESIAN_POINT('',(0.37534909015431,-1.19890839217103,0.240261769483079));
#6492=CARTESIAN_POINT('',(0.37261325811644,-1.19756975561723,0.1602610806613));
#6493=CARTESIAN_POINT('',(0.369857841503992,-1.19623115680923,0.0802610636167675));
#6494=CARTESIAN_POINT('',(0.367081487349107,-1.19489259700629,0.000261769483078651));
#6495=CARTESIAN_POINT('',(0.367081487349107,-1.19489259700629,0.000261769483078655));
#6496=CARTESIAN_POINT('',(0.367081487349107,-1.19489259700629,0.000261769483078575));
#6497=CARTESIAN_POINT('',(0.36707845956888,-1.19489113722678,0.000174525468994401));
#6498=CARTESIAN_POINT('',(0.367075983248227,-1.19488950768497,8.72689750851246E-5));
#6499=CARTESIAN_POINT('',(0.367074058440073,-1.19488770837277,6.89999623940163E-18));
#6500=CARTESIAN_POINT('',(0.367074058440074,-1.19488770837277,0.));
#6501=CARTESIAN_POINT('',(0.,7.65404249467096E-17,0.));
#6502=CARTESIAN_POINT('',(-0.367074058440074,-1.19488770837277,0.));
#6503=CARTESIAN_POINT('',(-0.367074058440074,-1.19488770837277,6.48617042935728E-18));
#6504=CARTESIAN_POINT('',(-0.367075983248227,-1.19488950768497,8.72689750851562E-5));
#6505=CARTESIAN_POINT('',(-0.36707845956888,-1.19489113722678,0.000174525468994371));
#6506=CARTESIAN_POINT('',(-0.367081487349108,-1.19489259700629,0.000261769483078579));
#6507=CARTESIAN_POINT('',(-0.367081487349108,-1.19489259700629,0.000261769483078579));
#6508=CARTESIAN_POINT('',(-0.367081487349108,-1.19489259700629,0.000261769483078579));
#6509=CARTESIAN_POINT('',(-0.367197084029613,-1.19494832947457,0.00359263158811535));
#6510=CARTESIAN_POINT('',(-0.367312644393102,-1.19500406201057,0.00692349495199543));
#6511=CARTESIAN_POINT('',(-0.367428168542218,-1.19505979461419,0.0102543595711592));
#6512=CARTESIAN_POINT('',(-0.367428168542218,-1.19505979461419,0.0102543595711592));
#6513=CARTESIAN_POINT('',(-0.367428168542219,-1.19505979461419,0.0102543595711592));
#6514=CARTESIAN_POINT('',(-0.37008725650621,-1.19634262505806,0.0869228491142017));
#6515=CARTESIAN_POINT('',(-0.372727167612847,-1.19762549128141,0.163592000852939));
#6516=CARTESIAN_POINT('',(-0.37534909015431,-1.19890839217103,0.240261769483079));
#6517=CARTESIAN_POINT('',(-0.37534909015431,-1.19890839217103,0.240261769483079));
#6518=CARTESIAN_POINT('',(-0.394719769661522,-1.1932083958671,0.259738230516922));
#6519=CARTESIAN_POINT('',(-0.38481010904501,-1.19648656501972,0.259738230516921));
#6520=CARTESIAN_POINT('',(-0.375705862327118,-1.19908296000461,0.25069443464017));
#6521=CARTESIAN_POINT('',(-0.37534909015431,-1.19890839217103,0.240261769483079));
#6522=CARTESIAN_POINT('',(-0.394719769661522,-1.1932083958671,0.259738230516922));
#6523=CARTESIAN_POINT('',(0.,7.65404249467096E-17,0.259738230516922));
#6524=CARTESIAN_POINT('',(-0.835988897999026,-0.938441545836369,0.259738230516922));
#6525=CARTESIAN_POINT('',(-0.850610579353313,-0.924516043446521,0.240261769483079));
#6526=CARTESIAN_POINT('',(-0.850583374315079,-0.92491228846245,0.250694101173144));
#6527=CARTESIAN_POINT('',(-0.843782553843287,-0.931498748184736,0.259738230516922));
#6528=CARTESIAN_POINT('',(-0.835988897999026,-0.938441545836369,0.259738230516922));
#6529=CARTESIAN_POINT('',(-0.850610579353313,-0.924516043446521,0.240261769483079));
#6530=CARTESIAN_POINT('',(-0.850610579353313,-0.924516043446521,0.240261769483079));
#6531=CARTESIAN_POINT('',(-0.850819202110221,-0.921477425124338,0.160261080661301));
#6532=CARTESIAN_POINT('',(-0.851037649843247,-0.918421864935953,0.0802610636167693));
#6533=CARTESIAN_POINT('',(-0.851266600126856,-0.915348191806448,0.000261769483081417));
#6534=CARTESIAN_POINT('',(-0.851266600126856,-0.915348191806448,0.000261769483081426));
#6535=CARTESIAN_POINT('',(-0.851266600126856,-0.915348191806448,0.000261769483082476));
#6536=CARTESIAN_POINT('',(-0.851266849810831,-0.9153448397821,0.000174525468997312));
#6537=CARTESIAN_POINT('',(-0.851266676746553,-0.915341880454601,8.72689750861027E-5));
#6538=CARTESIAN_POINT('',(-0.851266080900555,-0.915339313865743,-2.69876218490554E-18));
#6539=CARTESIAN_POINT('',(-0.851266080900555,-0.915339313865743,0.));
#6540=CARTESIAN_POINT('',(0.,7.65404249467096E-17,0.));
#6541=CARTESIAN_POINT('',(-1.21834013934063,-0.279548394507027,0.));
#6542=CARTESIAN_POINT('',(-1.21834013934063,-0.279548394507027,4.96450434371403E-18));
#6543=CARTESIAN_POINT('',(-1.21834265999478,-0.279547627230369,8.72689750864355E-5));
#6544=CARTESIAN_POINT('',(-1.21834530937971,-0.279546297444681,0.000174525468996982));
#6545=CARTESIAN_POINT('',(-1.21834808747596,-0.279544405199841,0.000261769483082471));
#6546=CARTESIAN_POINT('',(-1.21834808747596,-0.279544405199841,0.000261769483082471));
#6547=CARTESIAN_POINT('',(-1.21834808747596,-0.279544405199841,0.000261769483082471));
#6548=CARTESIAN_POINT('',(-1.21845415154956,-0.279472161772072,0.00359263158811889));
#6549=CARTESIAN_POINT('',(-1.2185601975233,-0.27939994982962,0.00692349495199859));
#6550=CARTESIAN_POINT('',(-1.21866622544841,-0.279327769283545,0.010254359571162));
#6551=CARTESIAN_POINT('',(-1.21866622544841,-0.279327769283545,0.010254359571162));
#6552=CARTESIAN_POINT('',(-1.21866622544841,-0.279327769283545,0.010254359571162));
#6553=CARTESIAN_POINT('',(-1.22110673318355,-0.277666346777766,0.0869228491142036));
#6554=CARTESIAN_POINT('',(-1.22353768347594,-0.276021549807357,0.16359200085294));
#6555=CARTESIAN_POINT('',(-1.22595966950762,-0.274392348724506,0.240261769483079));
#6556=CARTESIAN_POINT('',(-1.22595966950762,-0.274392348724506,0.240261769483079));
#6557=CARTESIAN_POINT('',(-1.23070866766055,-0.25476685003073,0.259738230516922));
#6558=CARTESIAN_POINT('',(-1.22859281511636,-0.264987952443819,0.259738230516921));
#6559=CARTESIAN_POINT('',(-1.22628923577259,-0.274170658876282,0.25069443464017));
#6560=CARTESIAN_POINT('',(-1.22595966950762,-0.274392348724506,0.240261769483079));
#6561=CARTESIAN_POINT('',(-1.23070866766055,-0.25476685003073,0.259738230516922));
#6562=CARTESIAN_POINT('',(0.,7.65404249467096E-17,0.259738230516922));
#6563=CARTESIAN_POINT('',(-1.23070866766055,0.25476685003073,0.259738230516922));
#6564=CARTESIAN_POINT('',(-1.23070866766055,0.25476685003073,0.259738230516922));
#6565=CARTESIAN_POINT('',(-1.22892476688167,0.263384384653278,0.259738230516922));
#6566=CARTESIAN_POINT('',(-1.22495536293937,0.279662450466836,0.246809621580947));
#6567=CARTESIAN_POINT('',(-1.2261374863885,0.272103132388321,0.226998056200296));
#6568=CARTESIAN_POINT('',(-1.22762181920221,0.264663751192106,0.222535985188777));
#6569=CARTESIAN_POINT('',(0.,7.65404249467096E-17,0.));
#6570=CARTESIAN_POINT('',(-0.843016441594171,0.93081980607325,0.222535985188994));
#6571=CARTESIAN_POINT('',(-0.848715888247058,0.925815593848554,0.226997210798633));
#6572=CARTESIAN_POINT('',(-0.854685213971959,0.920997365727231,0.246748294997084));
#6573=CARTESIAN_POINT('',(-0.842558856085291,0.932588850967091,0.259738230516964));
#6574=CARTESIAN_POINT('',(-0.835988897999035,0.938441545836364,0.259738230516969));
#6575=CARTESIAN_POINT('',(-0.835988897999026,0.938441545836369,0.259738230516922));
#6576=CARTESIAN_POINT('',(0.,7.65404249467096E-17,0.259738230516922));
#6577=CARTESIAN_POINT('',(-0.394719769661522,1.1932083958671,0.259738230516922));
#6578=CARTESIAN_POINT('',(-0.37534909015431,1.19890839217103,0.240261769483079));
#6579=CARTESIAN_POINT('',(-0.375705850923344,1.19908295442477,0.250694101173143));
#6580=CARTESIAN_POINT('',(-0.384810302599743,1.19648650099077,0.259738230516921));
#6581=CARTESIAN_POINT('',(-0.394719769661522,1.1932083958671,0.259738230516922));
#6582=CARTESIAN_POINT('',(-0.37534909015431,1.19890839217103,0.240261769483079));
#6583=CARTESIAN_POINT('',(-0.37534909015431,1.19890839217103,0.240261769483079));
#6584=CARTESIAN_POINT('',(-0.37261325811644,1.19756975561723,0.1602610806613));
#6585=CARTESIAN_POINT('',(-0.369857841503992,1.19623115680923,0.0802610636167674));
#6586=CARTESIAN_POINT('',(-0.367081487349107,1.19489259700629,0.000261769483078646));
#6587=CARTESIAN_POINT('',(-0.367081487349108,1.19489259700629,0.000261769483078649));
#6588=CARTESIAN_POINT('',(-0.367081487349108,1.19489259700629,0.000261769483078577));
#6589=CARTESIAN_POINT('',(-0.36707845956888,1.19489113722678,0.000174525468994395));
#6590=CARTESIAN_POINT('',(-0.367075983248227,1.19488950768497,8.7268975085123E-5));
#6591=CARTESIAN_POINT('',(-0.367074058440074,1.19488770837277,-2.91130938196657E-18));
#6592=CARTESIAN_POINT('',(-0.367074058440074,1.19488770837277,0.));
#6593=CARTESIAN_POINT('',(0.,7.65404249467096E-17,0.));
#6594=CARTESIAN_POINT('',(0.367074058440074,1.19488770837277,0.));
#6595=CARTESIAN_POINT('',(0.367074058440074,1.19488770837277,2.20905494539369E-18));
#6596=CARTESIAN_POINT('',(0.367075983248227,1.19488950768497,8.72689750851508E-5));
#6597=CARTESIAN_POINT('',(0.36707845956888,1.19489113722678,0.000174525468994376));
#6598=CARTESIAN_POINT('',(0.367081487349108,1.19489259700629,0.000261769483078581));
#6599=CARTESIAN_POINT('',(0.367081487349108,1.19489259700629,0.000261769483078577));
#6600=CARTESIAN_POINT('',(0.367081487349108,1.19489259700629,0.000261769483078577));
#6601=CARTESIAN_POINT('',(0.367197084029613,1.19494832947457,0.00359263158811534));
#6602=CARTESIAN_POINT('',(0.367312644393102,1.19500406201057,0.0069234949519954));
#6603=CARTESIAN_POINT('',(0.367428168542218,1.19505979461419,0.0102543595711592));
#6604=CARTESIAN_POINT('',(0.367428168542218,1.19505979461419,0.0102543595711591));
#6605=CARTESIAN_POINT('',(0.367428168542218,1.19505979461419,0.0102543595711591));
#6606=CARTESIAN_POINT('',(0.37008725650621,1.19634262505806,0.0869228491142017));
#6607=CARTESIAN_POINT('',(0.372727167612847,1.19762549128141,0.163592000852939));
#6608=CARTESIAN_POINT('',(0.37534909015431,1.19890839217103,0.240261769483079));
#6609=CARTESIAN_POINT('',(0.37534909015431,1.19890839217103,0.240261769483079));
#6610=CARTESIAN_POINT('',(0.394719769661522,1.1932083958671,0.259738230516922));
#6611=CARTESIAN_POINT('',(0.38481010904501,1.19648656501972,0.259738230516921));
#6612=CARTESIAN_POINT('',(0.375705862327118,1.19908296000461,0.25069443464017));
#6613=CARTESIAN_POINT('',(0.37534909015431,1.19890839217103,0.240261769483079));
#6614=CARTESIAN_POINT('',(0.394719769661522,1.1932083958671,0.259738230516922));
#6615=CARTESIAN_POINT('',(0.,7.65404249467096E-17,0.259738230516922));
#6616=CARTESIAN_POINT('',(0.835988897999026,0.938441545836369,0.259738230516922));
#6617=CARTESIAN_POINT('',(0.850610579353312,0.924516043446522,0.240261769483079));
#6618=CARTESIAN_POINT('',(0.850583374315078,0.924912288462451,0.250694101173143));
#6619=CARTESIAN_POINT('',(0.843782553843286,0.931498748184737,0.259738230516921));
#6620=CARTESIAN_POINT('',(0.835988897999026,0.938441545836369,0.259738230516922));
#6621=CARTESIAN_POINT('',(0.850610579353312,0.924516043446522,0.240261769483079));
#6622=CARTESIAN_POINT('',(0.850610579353312,0.924516043446522,0.240261769483079));
#6623=CARTESIAN_POINT('',(0.85081920211022,0.921477425124339,0.160261080661301));
#6624=CARTESIAN_POINT('',(0.851037649843246,0.918421864935954,0.0802610636167692));
#6625=CARTESIAN_POINT('',(0.851266600126855,0.915348191806449,0.00026176948308142));
#6626=CARTESIAN_POINT('',(0.851266600126855,0.915348191806448,0.000261769483081451));
#6627=CARTESIAN_POINT('',(0.851266600126855,0.915348191806448,0.000261769483082471));
#6628=CARTESIAN_POINT('',(0.85126684981083,0.915344839782099,0.00017452546899731));
#6629=CARTESIAN_POINT('',(0.851266676746553,0.915341880454602,8.72689750860868E-5));
#6630=CARTESIAN_POINT('',(0.851266080900555,0.915339313865744,-1.64079066819302E-17));
#6631=CARTESIAN_POINT('',(0.,7.65404249467096E-17,0.75));
#6632=CARTESIAN_POINT('',(1.26963944117689,7.65404249467096E-17,0.75));
#6633=CARTESIAN_POINT('',(0.,0.,0.75));
#6634=CARTESIAN_POINT('',(0.,8.57252759403147E-17,0.75));
#6635=CARTESIAN_POINT('',(1.38036055882311,8.57252759403147E-17,0.75));
#6636=CARTESIAN_POINT('',(0.,7.65404249467096E-17,0.));
#6637=CARTESIAN_POINT('',(1.22595966950762,0.274392348724507,-0.240261769483079));
#6638=CARTESIAN_POINT('',(1.22343246022666,0.276092330492888,-0.1602610806613));
#6639=CARTESIAN_POINT('',(1.22089549134724,0.277809291873281,-0.0802610636167675));
#6640=CARTESIAN_POINT('',(1.21834808747596,0.279544405199842,-0.000261769483078667));
#6641=CARTESIAN_POINT('',(1.22595966950762,0.274392348724506,-0.240261769483079));
#6642=CARTESIAN_POINT('',(1.21834808747596,0.279544405199842,-0.000261769483078662));
#6643=CARTESIAN_POINT('',(1.21834808747596,0.279544405199842,-0.00026176948308022));
#6644=CARTESIAN_POINT('',(1.21834530937971,0.279546297444682,-0.000174525468995996));
#6645=CARTESIAN_POINT('',(1.21834265999478,0.27954762723037,-8.72689750851704E-5));
#6646=CARTESIAN_POINT('',(1.21834013934063,0.279548394507028,-5.29911559107599E-18));
#6647=CARTESIAN_POINT('',(0.851266080900555,0.915339313865744,9.94840611131031E-17));
#6648=CARTESIAN_POINT('',(0.851266676746553,0.915341880454602,-8.72689750855934E-5));
#6649=CARTESIAN_POINT('',(0.85126684981083,0.915344839782099,-0.000174525468995472));
#6650=CARTESIAN_POINT('',(0.851266600126855,0.915348191806448,-0.000261769483080222));
#6651=CARTESIAN_POINT('',(0.851266600126855,0.915348191806448,-0.00026176948308022));
#6652=CARTESIAN_POINT('',(0.851266600126855,0.915348191806448,-0.00026176948308022));
#6653=CARTESIAN_POINT('',(0.851257067519951,0.915476167702501,-0.00359263158811646));
#6654=CARTESIAN_POINT('',(0.851247553130199,0.915604112180952,-0.00692349495199598));
#6655=CARTESIAN_POINT('',(0.851238056906195,0.915732025330647,-0.0102543595711592));
#6656=CARTESIAN_POINT('',(0.851238056906196,0.915732025330648,-0.0102543595711592));
#6657=CARTESIAN_POINT('',(0.851238056906195,0.915732025330649,-0.0102543595711592));
#6658=CARTESIAN_POINT('',(0.851019476677338,0.918676278280297,-0.0869228491142017));
#6659=CARTESIAN_POINT('',(0.850810515863094,0.921603941474049,-0.163592000852939));
#6660=CARTESIAN_POINT('',(0.850610579353312,0.924516043446522,-0.240261769483079));
#6661=CARTESIAN_POINT('',(0.850610579353312,0.924516043446522,-0.240261769483079));
#6662=CARTESIAN_POINT('',(0.835988897999026,0.938441545836369,-0.259738230516922));
#6663=CARTESIAN_POINT('',(0.843782706071349,0.931498612575895,-0.259738230516921));
#6664=CARTESIAN_POINT('',(0.850583373445475,0.92491230112833,-0.25069443464017));
#6665=CARTESIAN_POINT('',(0.850610579353312,0.924516043446522,-0.240261769483079));
#6666=CARTESIAN_POINT('',(0.835988897999026,0.938441545836369,-0.259738230516922));
#6667=CARTESIAN_POINT('',(0.,7.65404249467096E-17,-0.259738230516926));
#6668=CARTESIAN_POINT('',(0.394719769661522,1.1932083958671,-0.259738230516922));
#6669=CARTESIAN_POINT('',(0.37534909015431,1.19890839217103,-0.240261769483079));
#6670=CARTESIAN_POINT('',(0.375705850923344,1.19908295442477,-0.250694101173143));
#6671=CARTESIAN_POINT('',(0.384810302599743,1.19648650099077,-0.259738230516921));
#6672=CARTESIAN_POINT('',(0.394719769661522,1.1932083958671,-0.259738230516922));
#6673=CARTESIAN_POINT('',(0.37534909015431,1.19890839217103,-0.240261769483079));
#6674=CARTESIAN_POINT('',(0.37534909015431,1.19890839217103,-0.240261769483079));
#6675=CARTESIAN_POINT('',(0.37261325811644,1.19756975561723,-0.1602610806613));
#6676=CARTESIAN_POINT('',(0.369857841503992,1.19623115680923,-0.0802610636167674));
#6677=CARTESIAN_POINT('',(0.367081487349107,1.19489259700629,-0.000261769483078657));
#6678=CARTESIAN_POINT('',(0.367081487349108,1.19489259700629,-0.00026176948307866));
#6679=CARTESIAN_POINT('',(0.367081487349108,1.19489259700629,-0.000261769483078577));
#6680=CARTESIAN_POINT('',(0.36707845956888,1.19489113722678,-0.000174525468994398));
#6681=CARTESIAN_POINT('',(0.367075983248227,1.19488950768497,-8.72689750851216E-5));
#6682=CARTESIAN_POINT('',(0.367074058440074,1.19488770837277,8.39124521656233E-19));
#6683=CARTESIAN_POINT('',(-0.367074058440074,1.19488770837277,-4.26536046653002E-18));
#6684=CARTESIAN_POINT('',(-0.367075983248227,1.19488950768497,-8.72689750851515E-5));
#6685=CARTESIAN_POINT('',(-0.36707845956888,1.19489113722678,-0.000174525468994377));
#6686=CARTESIAN_POINT('',(-0.367081487349108,1.19489259700629,-0.000261769483078581));
#6687=CARTESIAN_POINT('',(-0.367081487349108,1.19489259700629,-0.000261769483078577));
#6688=CARTESIAN_POINT('',(-0.367081487349108,1.19489259700629,-0.000261769483078577));
#6689=CARTESIAN_POINT('',(-0.367197084029613,1.19494832947457,-0.00359263158811536));
#6690=CARTESIAN_POINT('',(-0.367312644393102,1.19500406201057,-0.00692349495199542));
#6691=CARTESIAN_POINT('',(-0.367428168542218,1.19505979461419,-0.0102543595711592));
#6692=CARTESIAN_POINT('',(-0.367428168542218,1.19505979461419,-0.0102543595711592));
#6693=CARTESIAN_POINT('',(-0.367428168542218,1.19505979461419,-0.0102543595711592));
#6694=CARTESIAN_POINT('',(-0.37008725650621,1.19634262505806,-0.0869228491142017));
#6695=CARTESIAN_POINT('',(-0.372727167612847,1.19762549128141,-0.163592000852939));
#6696=CARTESIAN_POINT('',(-0.37534909015431,1.19890839217103,-0.240261769483079));
#6697=CARTESIAN_POINT('',(-0.37534909015431,1.19890839217103,-0.240261769483079));
#6698=CARTESIAN_POINT('',(-0.394719769661522,1.1932083958671,-0.259738230516922));
#6699=CARTESIAN_POINT('',(-0.38481010904501,1.19648656501972,-0.259738230516921));
#6700=CARTESIAN_POINT('',(-0.375705862327118,1.19908296000461,-0.25069443464017));
#6701=CARTESIAN_POINT('',(-0.37534909015431,1.19890839217103,-0.240261769483079));
#6702=CARTESIAN_POINT('',(-0.394719769661522,1.1932083958671,-0.259738230516922));
#6703=CARTESIAN_POINT('',(0.,7.65404249467096E-17,-0.259738230516926));
#6704=CARTESIAN_POINT('',(-0.835988897999026,0.938441545836369,-0.259738230516922));
#6705=CARTESIAN_POINT('',(-0.835988897999026,0.938441545836369,-0.259738230516922));
#6706=CARTESIAN_POINT('',(-0.842559951510703,0.932587875132752,-0.259738230516921));
#6707=CARTESIAN_POINT('',(-0.854672468058573,0.921011237574067,-0.246809621580947));
#6708=CARTESIAN_POINT('',(-0.848716968291857,0.925814645550681,-0.226998056200296));
#6709=CARTESIAN_POINT('',(-0.843016441594355,0.930819806073133,-0.222535985188777));
#6710=CARTESIAN_POINT('',(-1.22762181920222,0.264663751191889,-0.222535985188994));
#6711=CARTESIAN_POINT('',(-1.22613776761615,0.272101722893151,-0.226997210798633));
#6712=CARTESIAN_POINT('',(-1.22494972252431,0.279680424675041,-0.246748294997084));
#6713=CARTESIAN_POINT('',(-1.22892506426628,0.263382948069874,-0.259738230516965));
#6714=CARTESIAN_POINT('',(-1.23070866766055,0.254766850030741,-0.259738230516969));
#6715=CARTESIAN_POINT('',(-1.23070866766055,0.25476685003073,-0.259738230516922));
#6716=CARTESIAN_POINT('',(0.,7.65404249467096E-17,-0.259738230516926));
#6717=CARTESIAN_POINT('',(-1.23070866766055,-0.25476685003073,-0.259738230516922));
#6718=CARTESIAN_POINT('',(-1.22595966950762,-0.274392348724506,-0.240261769483079));
#6719=CARTESIAN_POINT('',(-1.22628922523842,-0.27417066596232,-0.250694101173143));
#6720=CARTESIAN_POINT('',(-1.22859285644303,-0.264987752806028,-0.259738230516921));
#6721=CARTESIAN_POINT('',(-1.23070866766055,-0.25476685003073,-0.259738230516922));
#6722=CARTESIAN_POINT('',(-1.22595966950762,-0.274392348724506,-0.240261769483079));
#6723=CARTESIAN_POINT('',(-1.22595966950762,-0.274392348724506,-0.240261769483079));
#6724=CARTESIAN_POINT('',(-1.22343246022666,-0.276092330492888,-0.1602610806613));
#6725=CARTESIAN_POINT('',(-1.22089549134724,-0.277809291873281,-0.0802610636167675));
#6726=CARTESIAN_POINT('',(-1.21834808747596,-0.279544405199842,-0.000261769483078677));
#6727=CARTESIAN_POINT('',(-1.21834808747596,-0.279544405199841,-0.000261769483078667));
#6728=CARTESIAN_POINT('',(-1.21834808747596,-0.279544405199841,-0.000261769483080231));
#6729=CARTESIAN_POINT('',(-1.21834530937971,-0.279546297444681,-0.000174525468996005));
#6730=CARTESIAN_POINT('',(-1.21834265999478,-0.279547627230369,-8.72689750851703E-5));
#6731=CARTESIAN_POINT('',(-1.21834013934063,-0.279548394507027,-3.26790088911165E-18));
#6732=CARTESIAN_POINT('',(-0.851266080900555,-0.915339313865743,0.));
#6733=CARTESIAN_POINT('',(-0.851266676746553,-0.915341880454601,-8.7268975085709E-5));
#6734=CARTESIAN_POINT('',(-0.85126684981083,-0.915344839782099,-0.00017452546899547));
#6735=CARTESIAN_POINT('',(-0.851266600126855,-0.915348191806448,-0.000261769483080235));
#6736=CARTESIAN_POINT('',(-0.851266600126856,-0.915348191806448,-0.000261769483080232));
#6737=CARTESIAN_POINT('',(-0.851266600126856,-0.915348191806448,-0.000261769483080232));
#6738=CARTESIAN_POINT('',(-0.851257067519952,-0.915476167702501,-0.00359263158811647));
#6739=CARTESIAN_POINT('',(-0.8512475531302,-0.915604112180951,-0.00692349495199598));
#6740=CARTESIAN_POINT('',(-0.851238056906196,-0.915732025330647,-0.0102543595711592));
#6741=CARTESIAN_POINT('',(-0.851238056906196,-0.915732025330648,-0.0102543595711592));
#6742=CARTESIAN_POINT('',(-0.851238056906196,-0.915732025330648,-0.0102543595711592));
#6743=CARTESIAN_POINT('',(-0.85101947667734,-0.918676278280296,-0.0869228491142017));
#6744=CARTESIAN_POINT('',(-0.850810515863094,-0.921603941474048,-0.163592000852939));
#6745=CARTESIAN_POINT('',(-0.850610579353312,-0.924516043446521,-0.240261769483079));
#6746=CARTESIAN_POINT('',(-0.850610579353313,-0.924516043446521,-0.240261769483079));
#6747=CARTESIAN_POINT('',(-0.835988897999026,-0.938441545836369,-0.259738230516922));
#6748=CARTESIAN_POINT('',(-0.84378270607135,-0.931498612575895,-0.259738230516922));
#6749=CARTESIAN_POINT('',(-0.850583373445475,-0.924912301128329,-0.25069443464017));
#6750=CARTESIAN_POINT('',(-0.850610579353312,-0.924516043446521,-0.240261769483079));
#6751=CARTESIAN_POINT('',(-0.835988897999026,-0.938441545836369,-0.259738230516922));
#6752=CARTESIAN_POINT('',(0.,7.65404249467096E-17,-0.259738230516926));
#6753=CARTESIAN_POINT('',(-0.394719769661522,-1.1932083958671,-0.259738230516922));
#6754=CARTESIAN_POINT('',(-0.37534909015431,-1.19890839217103,-0.240261769483079));
#6755=CARTESIAN_POINT('',(-0.375705850923344,-1.19908295442477,-0.250694101173143));
#6756=CARTESIAN_POINT('',(-0.384810302599743,-1.19648650099077,-0.259738230516921));
#6757=CARTESIAN_POINT('',(-0.394719769661522,-1.1932083958671,-0.259738230516922));
#6758=CARTESIAN_POINT('',(-0.37534909015431,-1.19890839217103,-0.240261769483079));
#6759=CARTESIAN_POINT('',(-0.37534909015431,-1.19890839217103,-0.240261769483079));
#6760=CARTESIAN_POINT('',(-0.37261325811644,-1.19756975561723,-0.1602610806613));
#6761=CARTESIAN_POINT('',(-0.369857841503993,-1.19623115680923,-0.0802610636167675));
#6762=CARTESIAN_POINT('',(-0.367081487349108,-1.19489259700629,-0.000261769483078654));
#6763=CARTESIAN_POINT('',(-0.367081487349108,-1.19489259700629,-0.00026176948307866));
#6764=CARTESIAN_POINT('',(-0.367081487349108,-1.19489259700629,-0.000261769483078575));
#6765=CARTESIAN_POINT('',(-0.36707845956888,-1.19489113722678,-0.000174525468994396));
#6766=CARTESIAN_POINT('',(-0.367075983248227,-1.19488950768497,-8.72689750851106E-5));
#6767=CARTESIAN_POINT('',(-0.367074058440074,-1.19488770837277,9.29030676869749E-18));
#6768=CARTESIAN_POINT('',(0.367074058440074,-1.19488770837277,-4.26536046653002E-18));
#6769=CARTESIAN_POINT('',(0.367075983248227,-1.19488950768497,-8.72689750851461E-5));
#6770=CARTESIAN_POINT('',(0.367078459568879,-1.19489113722678,-0.000174525468994384));
#6771=CARTESIAN_POINT('',(0.367081487349107,-1.19489259700629,-0.000261769483078584));
#6772=CARTESIAN_POINT('',(0.367081487349107,-1.19489259700629,-0.000261769483078578));
#6773=CARTESIAN_POINT('',(0.367081487349107,-1.19489259700629,-0.000261769483078578));
#6774=CARTESIAN_POINT('',(0.367197084029613,-1.19494832947457,-0.00359263158811537));
#6775=CARTESIAN_POINT('',(0.367312644393102,-1.19500406201057,-0.00692349495199545));
#6776=CARTESIAN_POINT('',(0.367428168542218,-1.19505979461419,-0.0102543595711592));
#6777=CARTESIAN_POINT('',(0.367428168542218,-1.19505979461419,-0.0102543595711592));
#6778=CARTESIAN_POINT('',(0.367428168542218,-1.19505979461419,-0.0102543595711592));
#6779=CARTESIAN_POINT('',(0.370087256506209,-1.19634262505806,-0.0869228491142017));
#6780=CARTESIAN_POINT('',(0.372727167612847,-1.19762549128141,-0.163592000852939));
#6781=CARTESIAN_POINT('',(0.37534909015431,-1.19890839217103,-0.240261769483079));
#6782=CARTESIAN_POINT('',(0.37534909015431,-1.19890839217103,-0.240261769483079));
#6783=CARTESIAN_POINT('',(0.394719769661521,-1.1932083958671,-0.259738230516922));
#6784=CARTESIAN_POINT('',(0.384810109045009,-1.19648656501972,-0.259738230516921));
#6785=CARTESIAN_POINT('',(0.375705862327118,-1.19908296000461,-0.25069443464017));
#6786=CARTESIAN_POINT('',(0.37534909015431,-1.19890839217103,-0.240261769483079));
#6787=CARTESIAN_POINT('',(0.394719769661521,-1.1932083958671,-0.259738230516922));
#6788=CARTESIAN_POINT('',(0.,7.65404249467096E-17,-0.259738230516926));
#6789=CARTESIAN_POINT('',(0.835988897999026,-0.93844154583637,-0.259738230516922));
#6790=CARTESIAN_POINT('',(0.850610579353312,-0.924516043446522,-0.240261769483079));
#6791=CARTESIAN_POINT('',(0.850583374315078,-0.924912288462451,-0.250694101173144));
#6792=CARTESIAN_POINT('',(0.843782553843287,-0.931498748184738,-0.259738230516921));
#6793=CARTESIAN_POINT('',(0.835988897999026,-0.93844154583637,-0.259738230516922));
#6794=CARTESIAN_POINT('',(0.850610579353312,-0.924516043446522,-0.240261769483079));
#6795=CARTESIAN_POINT('',(0.850610579353312,-0.924516043446522,-0.240261769483079));
#6796=CARTESIAN_POINT('',(0.85081920211022,-0.921477425124339,-0.160261080661301));
#6797=CARTESIAN_POINT('',(0.851037649843246,-0.918421864935954,-0.0802610636167692));
#6798=CARTESIAN_POINT('',(0.851266600126855,-0.915348191806449,-0.00026176948308141));
#6799=CARTESIAN_POINT('',(0.851266600126855,-0.915348191806449,-0.000261769483081427));
#6800=CARTESIAN_POINT('',(0.851266600126855,-0.915348191806449,-0.0002617694830833));
#6801=CARTESIAN_POINT('',(0.85126684981083,-0.9153448397821,-0.000174525468998135));
#6802=CARTESIAN_POINT('',(0.851266676746552,-0.915341880454602,-8.72689750860917E-5));
#6803=CARTESIAN_POINT('',(0.851266080900554,-0.915339313865744,1.53694939458661E-17));
#6804=CARTESIAN_POINT('',(1.21834013934063,-0.279548394507028,9.32035212350343E-17));
#6805=CARTESIAN_POINT('',(1.21834265999478,-0.27954762723037,-8.72689750866186E-5));
#6806=CARTESIAN_POINT('',(1.21834530937971,-0.279546297444682,-0.000174525468997534));
#6807=CARTESIAN_POINT('',(1.21834808747596,-0.279544405199842,-0.000261769483083304));
#6808=CARTESIAN_POINT('',(1.21834808747596,-0.279544405199842,-0.000261769483083306));
#6809=CARTESIAN_POINT('',(1.21834808747596,-0.279544405199842,-0.000261769483083306));
#6810=CARTESIAN_POINT('',(1.21845415154956,-0.279472161772073,-0.00359263158811944));
#6811=CARTESIAN_POINT('',(1.2185601975233,-0.279399949829621,-0.00692349495199886));
#6812=CARTESIAN_POINT('',(1.21866622544841,-0.279327769283546,-0.010254359571162));
#6813=CARTESIAN_POINT('',(1.21866622544841,-0.279327769283546,-0.010254359571162));
#6814=CARTESIAN_POINT('',(1.21866622544841,-0.279327769283545,-0.0102543595711619));
#6815=CARTESIAN_POINT('',(1.22110673318355,-0.277666346777766,-0.0869228491142035));
#6816=CARTESIAN_POINT('',(1.22353768347594,-0.276021549807358,-0.16359200085294));
#6817=CARTESIAN_POINT('',(1.22595966950762,-0.274392348724507,-0.240261769483079));
#6818=CARTESIAN_POINT('',(1.22595966950762,-0.274392348724507,-0.240261769483079));
#6819=CARTESIAN_POINT('',(1.23070866766055,-0.254766850030731,-0.259738230516922));
#6820=CARTESIAN_POINT('',(1.22859281511636,-0.264987952443819,-0.259738230516921));
#6821=CARTESIAN_POINT('',(1.22628923577259,-0.274170658876283,-0.25069443464017));
#6822=CARTESIAN_POINT('',(1.22595966950762,-0.274392348724507,-0.240261769483079));
#6823=CARTESIAN_POINT('',(1.23070866766055,-0.254766850030731,-0.259738230516922));
#6824=CARTESIAN_POINT('',(0.,7.65404249467096E-17,-0.259738230516926));
#6825=CARTESIAN_POINT('',(1.23070866766055,0.25476685003073,-0.259738230516922));
#6826=CARTESIAN_POINT('',(1.22595966950762,0.274392348724506,-0.240261769483079));
#6827=CARTESIAN_POINT('',(1.22628922523842,0.27417066596232,-0.250694101173143));
#6828=CARTESIAN_POINT('',(1.22859285644303,0.264987752806029,-0.259738230516922));
#6829=CARTESIAN_POINT('',(1.23070866766055,0.25476685003073,-0.259738230516922));
#6830=CARTESIAN_POINT('',(0.,7.65404249467096E-17,-0.75));
#6831=CARTESIAN_POINT('',(1.26963944117689,7.65404249467096E-17,-0.75));
#6832=CARTESIAN_POINT('',(0.,0.,-0.75));
#6833=CARTESIAN_POINT('',(0.,8.57252759403147E-17,-0.75));
#6834=CARTESIAN_POINT('',(1.38036055882311,8.57252759403147E-17,-0.75));
#6835=CARTESIAN_POINT('',(-5.63785129692462E-16,-9.54097911787244E-16,0.));
#6836=CARTESIAN_POINT('',(6.93889390390723E-16,-1.30104260698261E-15,0.));
#6837=CARTESIAN_POINT('',(1.4,-1.30104260698261E-15,0.));
#6838=CARTESIAN_POINT('',(6.93889390390723E-16,-1.30104260698261E-15,0.));
#6839=CARTESIAN_POINT('',(0.55209119491258,0.31875,-3.43394778958724));
#6840=CARTESIAN_POINT('',(0.736121593216773,8.67361737988404E-17,-3.43394778958724));
#6841=CARTESIAN_POINT('',(0.368060796608387,0.6375,-3.43394778958724));
#6842=CARTESIAN_POINT('',(0.,0.6375,-3.43394778958724));
#6843=CARTESIAN_POINT('',(-0.368060796608387,0.6375,-3.43394778958724));
#6844=CARTESIAN_POINT('',(-0.55209119491258,0.31875,-3.43394778958724));
#6845=CARTESIAN_POINT('',(-0.736121593216773,3.90312782094781E-16,-3.43394778958724));
#6846=CARTESIAN_POINT('',(-0.55209119491258,-0.31875,-3.43394778958724));
#6847=CARTESIAN_POINT('',(-0.368060796608387,-0.6375,-3.43394778958724));
#6848=CARTESIAN_POINT('',(-8.67361737988404E-17,-0.6375,-3.43394778958724));
#6849=CARTESIAN_POINT('',(0.368060796608386,-0.6375,-3.43394778958724));
#6850=CARTESIAN_POINT('',(0.552091194912579,-0.31875,-3.43394778958724));
#6851=CARTESIAN_POINT('',(-0.381755231940243,-1.18594710993276,0.240261769483079));
#6852=CARTESIAN_POINT('',(-0.38532756834973,-1.19577651076865,0.239975234485207));
#6853=CARTESIAN_POINT('',(-0.37534909015431,-1.19890839217103,0.240261769483079));
#6854=CARTESIAN_POINT('',(-0.379017254112495,-1.18455123184651,0.160261098286966));
#6855=CARTESIAN_POINT('',(-0.382659814682313,-1.19442740369134,0.15966414631981));
#6856=CARTESIAN_POINT('',(-0.372613258719309,-1.19756975591212,0.160261098286961));
#6857=CARTESIAN_POINT('',(-0.376259142174136,-1.18315454072131,0.08026106697681));
#6858=CARTESIAN_POINT('',(-0.379984234734393,-1.19308318474018,0.0796440437314206));
#6859=CARTESIAN_POINT('',(-0.369857841620452,-1.1962311568655,0.0802610669768182));
#6860=CARTESIAN_POINT('',(-0.373479485503637,-1.18175699774492,0.000261769483077694));
#6861=CARTESIAN_POINT('',(-0.377301710831913,-1.19174464750161,-3.78317503258009E-5));
#6862=CARTESIAN_POINT('',(-0.367081487349107,-1.19489259700629,0.000261769483077694));
#6863=CARTESIAN_POINT('',(-0.364145857865805,-1.18533678431063,0.000523538966157387));
#6864=CARTESIAN_POINT('',(-0.372362359171826,-1.1893684280843,0.240523538966157));
#6865=CARTESIAN_POINT('',(-0.367081487349108,-1.19489259700629,-0.000261769483078579));
#6866=CARTESIAN_POINT('',(-0.377301710831913,-1.19174464750162,3.78317503248314E-5));
#6867=CARTESIAN_POINT('',(-0.373479485503637,-1.18175699774492,-0.000261769483078652));
#6868=CARTESIAN_POINT('',(-0.367075383923813,-1.19488965381956,-8.58821496426056E-5));
#6869=CARTESIAN_POINT('',(-0.377301563794716,-1.19174249750633,0.00011958961384861));
#6870=CARTESIAN_POINT('',(-0.373475524301253,-1.18175310046722,-0.000173825825830028));
#6871=CARTESIAN_POINT('',(-0.367071532739771,-1.19488602775073,8.96748115914451E-5));
#6872=CARTESIAN_POINT('',(-0.377302360734397,-1.19174004333679,0.000201096883859518));
#6873=CARTESIAN_POINT('',(-0.37347271267989,-1.18174894636559,-8.60473357912499E-5));
#6874=CARTESIAN_POINT('',(-0.36706991031454,-1.19488172596539,0.000264904848265892));
#6875=CARTESIAN_POINT('',(-0.377304088055257,-1.1917372890184,0.000282365960948531));
#6876=CARTESIAN_POINT('',(-0.373471036815905,-1.1817445389887,1.56768259358779E-6));
#6877=CARTESIAN_POINT('',(-0.367074058440074,-1.19488770837277,0.));
#6878=CARTESIAN_POINT('',(-0.372344312008805,-1.19326866638839,0.));
#6879=CARTESIAN_POINT('',(-0.375418495677546,-1.18682162284341,5.20867520072718E-17));
#6880=CARTESIAN_POINT('',(-0.37347106692311,-1.18174461782191,-6.51751692949375E-18));
#6881=CARTESIAN_POINT('',(-0.37347106692311,-1.18174461782191,-6.51751692949368E-18));
#6882=CARTESIAN_POINT('',(-0.364145857865805,-1.18533678431063,-0.000523538966157311));
#6883=CARTESIAN_POINT('',(-0.37347106692311,-1.18174461782191,-6.51751692949368E-18));
#6884=CARTESIAN_POINT('',(-0.373472749860216,-1.18174900528929,-8.72802832823344E-5));
#6885=CARTESIAN_POINT('',(-0.37347555630802,-1.18175313193164,-0.00017453676939975));
#6886=CARTESIAN_POINT('',(-0.373479485503637,-1.18175699774492,-0.000261769483078659));
#6887=CARTESIAN_POINT('',(-0.373479485503637,-1.18175699774492,0.000261769483078652));
#6888=CARTESIAN_POINT('',(-0.377301710831913,-1.19174464750162,-3.78317503248314E-5));
#6889=CARTESIAN_POINT('',(-0.367081487349107,-1.19489259700629,0.000261769483078579));
#6890=CARTESIAN_POINT('',(-0.373475524301253,-1.18175310046722,0.00017382582583011));
#6891=CARTESIAN_POINT('',(-0.377301563794716,-1.19174249750633,-0.000119589613848535));
#6892=CARTESIAN_POINT('',(-0.367075383923813,-1.19488965381956,8.58821496427728E-5));
#6893=CARTESIAN_POINT('',(-0.37347271267989,-1.1817489463656,8.60473357912616E-5));
#6894=CARTESIAN_POINT('',(-0.377302360734397,-1.19174004333679,-0.000201096883859502));
#6895=CARTESIAN_POINT('',(-0.36707153273977,-1.19488602775073,-8.96748115913779E-5));
#6896=CARTESIAN_POINT('',(-0.373471036815905,-1.1817445389887,-1.56768259360635E-6));
#6897=CARTESIAN_POINT('',(-0.377304088055257,-1.1917372890184,-0.000282365960948546));
#6898=CARTESIAN_POINT('',(-0.36706991031454,-1.19488172596539,-0.000264904848265929));
#6899=CARTESIAN_POINT('',(-0.373479485503637,-1.18175699774492,0.000261769483078655));
#6900=CARTESIAN_POINT('',(-0.37347555630802,-1.18175313193165,0.000174536769399987));
#6901=CARTESIAN_POINT('',(-0.373472749860217,-1.18174900528929,8.72802832820742E-5));
#6902=CARTESIAN_POINT('',(-0.37347106692311,-1.18174461782191,-8.48756186169351E-18));
#6903=CARTESIAN_POINT('',(0.373479485503636,-1.18175699774492,0.000261769483078468));
#6904=CARTESIAN_POINT('',(0.377301710831913,-1.19174464750161,-3.78317503250276E-5));
#6905=CARTESIAN_POINT('',(0.367081487349107,-1.19489259700629,0.000261769483078468));
#6906=CARTESIAN_POINT('',(0.376259142174037,-1.18315454072105,0.08026106697675));
#6907=CARTESIAN_POINT('',(0.379984234734468,-1.19308318473957,0.0796440437319184));
#6908=CARTESIAN_POINT('',(0.36985784162056,-1.19623115686547,0.0802610669767497));
#6909=CARTESIAN_POINT('',(0.37901725411238,-1.18455123184621,0.160261098286838));
#6910=CARTESIAN_POINT('',(0.382659814682314,-1.19442740369134,0.15966414631994));
#6911=CARTESIAN_POINT('',(0.372613258719403,-1.19756975591208,0.160261098286823));
#6912=CARTESIAN_POINT('',(0.381755231940243,-1.18594710993276,0.240261769483079));
#6913=CARTESIAN_POINT('',(0.385327568349729,-1.19577651076865,0.239975234485207));
#6914=CARTESIAN_POINT('',(0.375349090154309,-1.19890839217103,0.240261769483079));
#6915=CARTESIAN_POINT('',(0.372362359171825,-1.1893684280843,0.240523538966157));
#6916=CARTESIAN_POINT('',(0.364145857865805,-1.18533678431063,0.000523538966157305));
#6917=CARTESIAN_POINT('',(-1.88022259193128E-16,-1.325,0.24));
#6918=CARTESIAN_POINT('',(-0.381755231940243,-1.18594710993276,0.240261769483079));
#6919=CARTESIAN_POINT('',(-0.381983285701832,-1.18617523875248,0.245463211145275));
#6920=CARTESIAN_POINT('',(-0.386590530536428,-1.18522141628677,0.250000000000007));
#6921=CARTESIAN_POINT('',(-0.391580176704435,-1.18371764074427,0.250000000000007));
#6922=CARTESIAN_POINT('',(0.391580176704437,-1.18371764074427,0.25));
#6923=CARTESIAN_POINT('',(0.386590433932608,-1.18522144540116,0.25));
#6924=CARTESIAN_POINT('',(0.381983280350051,-1.18617523339895,0.245463089082132));
#6925=CARTESIAN_POINT('',(0.381755231940239,-1.18594710993277,0.24026176948308));
#6926=CARTESIAN_POINT('',(-0.37534909015431,-1.19890839217103,0.240261769483079));
#6927=CARTESIAN_POINT('',(-0.38532756834973,-1.19577651076865,0.239975234485207));
#6928=CARTESIAN_POINT('',(-0.381755231940243,-1.18594710993276,0.240261769483079));
#6929=CARTESIAN_POINT('',(-0.375704723507242,-1.19908236912901,0.250659907007229));
#6930=CARTESIAN_POINT('',(-0.385345608672588,-1.19590345073244,0.244897940401668));
#6931=CARTESIAN_POINT('',(-0.381983182492088,-1.18617513691106,0.245460838813432));
#6932=CARTESIAN_POINT('',(-0.384900011283924,-1.19645682471153,0.259738224610203));
#6933=CARTESIAN_POINT('',(-0.389529780403188,-1.19465296062161,0.24986526036312));
#6934=CARTESIAN_POINT('',(-0.386662708847644,-1.18519966325248,0.250000000000115));
#6935=CARTESIAN_POINT('',(-0.394719769661526,-1.1932083958671,0.259738230517035));
#6936=CARTESIAN_POINT('',(-0.394639681171249,-1.19296629434001,0.250000000000114));
#6937=CARTESIAN_POINT('',(-0.39158017670444,-1.18371764074427,0.250000000000114));
#6938=CARTESIAN_POINT('',(-0.391580176704437,-1.18371764074427,0.26));
#6939=CARTESIAN_POINT('',(-0.373479485503637,-1.18175699774492,-0.000261769483078475));
#6940=CARTESIAN_POINT('',(-0.377301710831913,-1.19174464750161,3.78317503250204E-5));
#6941=CARTESIAN_POINT('',(-0.367081487349107,-1.19489259700629,-0.000261769483078475));
#6942=CARTESIAN_POINT('',(-0.376259142174123,-1.18315454072128,-0.0802610669767412));
#6943=CARTESIAN_POINT('',(-0.379984234734378,-1.1930831847401,-0.0796440437314561));
#6944=CARTESIAN_POINT('',(-0.369857841620435,-1.1962311568655,-0.0802610669767513));
#6945=CARTESIAN_POINT('',(-0.379017254112494,-1.18455123184652,-0.160261098286836));
#6946=CARTESIAN_POINT('',(-0.38265981468238,-1.19442740369131,-0.159664146319592));
#6947=CARTESIAN_POINT('',(-0.372613258719325,-1.19756975591211,-0.16026109828683));
#6948=CARTESIAN_POINT('',(-0.381755231940243,-1.18594710993276,-0.240261769483079));
#6949=CARTESIAN_POINT('',(-0.38532756834973,-1.19577651076865,-0.239975234485207));
#6950=CARTESIAN_POINT('',(-0.37534909015431,-1.19890839217103,-0.240261769483079));
#6951=CARTESIAN_POINT('',(-0.372362359171826,-1.1893684280843,-0.240523538966157));
#6952=CARTESIAN_POINT('',(-1.88022259193128E-16,-1.325,0.));
#6953=CARTESIAN_POINT('',(0.37347106692311,-1.18174461782191,-6.46713619292761E-18));
#6954=CARTESIAN_POINT('',(0.373472749860216,-1.18174900528929,8.72802832823262E-5));
#6955=CARTESIAN_POINT('',(0.37347555630802,-1.18175313193164,0.000174536769399745));
#6956=CARTESIAN_POINT('',(0.373479485503637,-1.18175699774492,0.000261769483078659));
#6957=CARTESIAN_POINT('',(0.37347106692311,-1.18174461782191,-6.46713619292761E-18));
#6958=CARTESIAN_POINT('',(0.373479485503637,-1.18175699774492,-0.000261769483078655));
#6959=CARTESIAN_POINT('',(0.37347555630802,-1.18175313193165,-0.000174536769399979));
#6960=CARTESIAN_POINT('',(0.373472749860216,-1.18174900528929,-8.7280283282109E-5));
#6961=CARTESIAN_POINT('',(0.37347106692311,-1.18174461782191,-1.3627415086373E-17));
#6962=CARTESIAN_POINT('',(0.367081487349107,-1.19489259700629,0.000261769483078574));
#6963=CARTESIAN_POINT('',(0.377301710831912,-1.19174464750162,-3.78317503248325E-5));
#6964=CARTESIAN_POINT('',(0.373479485503636,-1.18175699774492,0.000261769483078651));
#6965=CARTESIAN_POINT('',(0.367075383923813,-1.19488965381956,8.58821496426068E-5));
#6966=CARTESIAN_POINT('',(0.377301563794715,-1.19174249750633,-0.000119589613848561));
#6967=CARTESIAN_POINT('',(0.373475524301253,-1.18175310046723,0.000173825825830031));
#6968=CARTESIAN_POINT('',(0.36707153273977,-1.19488602775073,-8.96748115915071E-5));
#6969=CARTESIAN_POINT('',(0.377302360734396,-1.19174004333679,-0.000201096883859551));
#6970=CARTESIAN_POINT('',(0.37347271267989,-1.18174894636559,8.60473357912114E-5));
#6971=CARTESIAN_POINT('',(0.36706991031454,-1.19488172596539,-0.000264904848265964));
#6972=CARTESIAN_POINT('',(0.377304088055256,-1.1917372890184,-0.000282365960948564));
#6973=CARTESIAN_POINT('',(0.373471036815905,-1.1817445389887,-1.56768259362359E-6));
#6974=CARTESIAN_POINT('',(0.367074058440074,-1.19488770837277,0.));
#6975=CARTESIAN_POINT('',(0.372344312008805,-1.19326866638839,0.));
#6976=CARTESIAN_POINT('',(0.375418495677546,-1.18682162284341,1.8099882257538E-14));
#6977=CARTESIAN_POINT('',(0.37347106692311,-1.18174461782191,-6.46713619292771E-18));
#6978=CARTESIAN_POINT('',(0.394719769661521,-1.1932083958671,0.259738230516921));
#6979=CARTESIAN_POINT('',(0.394639681171246,-1.19296629434,0.25));
#6980=CARTESIAN_POINT('',(0.391580176704437,-1.18371764074427,0.25));
#6981=CARTESIAN_POINT('',(0.384761474058259,-1.19650265253528,0.259738187001027));
#6982=CARTESIAN_POINT('',(0.389457198436836,-1.19467691775193,0.249863325991454));
#6983=CARTESIAN_POINT('',(0.386593332793552,-1.18522057004781,0.25));
#6984=CARTESIAN_POINT('',(0.375699739749679,-1.19907995940142,0.250515222999765));
#6985=CARTESIAN_POINT('',(0.385345344094529,-1.19590170330857,0.244829975054141));
#6986=CARTESIAN_POINT('',(0.38198001008916,-1.18617196243334,0.245388496321878));
#6987=CARTESIAN_POINT('',(0.375349090152231,-1.19890839217167,0.240261769482848));
#6988=CARTESIAN_POINT('',(0.385327568347685,-1.19577651076931,0.239975234485125));
#6989=CARTESIAN_POINT('',(0.381755231938184,-1.1859471099334,0.240261769482992));
#6990=CARTESIAN_POINT('',(0.391580176704437,-1.18371764074427,0.26));
#6991=CARTESIAN_POINT('',(0.,7.65404249467096E-17,0.26));
#6992=CARTESIAN_POINT('',(-0.829339459440099,-0.930977201016575,0.26));
#6993=CARTESIAN_POINT('',(-0.836691838395315,-0.914321221110952,0.000261769483081462));
#6994=CARTESIAN_POINT('',(-0.843430284144573,-0.922625190222574,-3.78317503220423E-5));
#6995=CARTESIAN_POINT('',(-0.851266600126855,-0.915348191806447,0.000261769483081462));
#6996=CARTESIAN_POINT('',(-0.836512317780548,-0.91742724588966,0.0802610669767572));
#6997=CARTESIAN_POINT('',(-0.843248229445516,-0.925617592687687,0.0796440437310644));
#6998=CARTESIAN_POINT('',(-0.851037649833772,-0.918421865064917,0.0802610669767585));
#6999=CARTESIAN_POINT('',(-0.836342831807039,-0.920514186457359,0.160261098286836));
#7000=CARTESIAN_POINT('',(-0.843074567231602,-0.928606822368245,0.15966414631986));
#7001=CARTESIAN_POINT('',(-0.850819202063987,-0.921477425794046,0.160261098286834));
#7002=CARTESIAN_POINT('',(-0.836182708776389,-0.923583283854252,0.240261769483079));
#7003=CARTESIAN_POINT('',(-0.842909051399502,-0.931591718353675,0.239975234485207));
#7004=CARTESIAN_POINT('',(-0.850610579353312,-0.924516043446521,0.240261769483079));
#7005=CARTESIAN_POINT('',(-0.844458838320261,-0.908027955749981,0.000523538966161207));
#7006=CARTESIAN_POINT('',(-0.843842093594259,-0.917159476498058,0.240523538966157));
#7007=CARTESIAN_POINT('',(-0.851266600126855,-0.915348191806449,0.000261769483082473));
#7008=CARTESIAN_POINT('',(-0.843430284144573,-0.922625190222575,-3.78317503221494E-5));
#7009=CARTESIAN_POINT('',(-0.836691838395315,-0.914321221110953,0.000261769483081423));
#7010=CARTESIAN_POINT('',(-0.851267102965027,-0.915341434491729,8.58821496450115E-5));
#7011=CARTESIAN_POINT('',(-0.843428495712635,-0.922623987886982,-0.00011958961384654));
#7012=CARTESIAN_POINT('',(-0.836690443855013,-0.914315841970209,0.000173825825832061));
#7013=CARTESIAN_POINT('',(-0.851265888289322,-0.915336286234096,-8.96748115902322E-5));
#7014=CARTESIAN_POINT('',(-0.843425971869631,-0.922623450972224,-0.000201096883858074));
#7015=CARTESIAN_POINT('',(-0.836688252108154,-0.914311329983868,8.6047335792684E-5));
#7016=CARTESIAN_POINT('',(-0.851262974046557,-0.915332730279964,-0.000264904848265964));
#7017=CARTESIAN_POINT('',(-0.843422722899503,-0.922623569716772,-0.000282365960947676));
#7018=CARTESIAN_POINT('',(-0.836685273139792,-0.914307674954637,-1.56768259279566E-6));
#7019=CARTESIAN_POINT('',(-0.851266080900555,-0.915339313865743,0.));
#7020=CARTESIAN_POINT('',(-0.847228822627918,-0.919093966348456,0.));
#7021=CARTESIAN_POINT('',(-0.840108427304298,-0.918532765729,8.68013415577567E-14));
#7022=CARTESIAN_POINT('',(-0.83668532635775,-0.914307740444845,8.35626484499412E-16));
#7023=CARTESIAN_POINT('',(-0.83668532635775,-0.914307740444845,8.35626484499416E-16));
#7024=CARTESIAN_POINT('',(-0.83668532635775,-0.914307740444845,8.35626484499416E-16));
#7025=CARTESIAN_POINT('',(-0.836688284547408,-0.914311391644823,8.72802832838107E-5));
#7026=CARTESIAN_POINT('',(-0.836690455100619,-0.914315885421094,0.000174536769401881));
#7027=CARTESIAN_POINT('',(-0.836691838395315,-0.914321221110953,0.000261769483081435));
#7028=CARTESIAN_POINT('',(-0.836691838395315,-0.914321221110953,-0.000261769483078648));
#7029=CARTESIAN_POINT('',(-0.843430284144573,-0.922625190222574,3.7831750324962E-5));
#7030=CARTESIAN_POINT('',(-0.851266600126855,-0.915348191806448,-0.000261769483080234));
#7031=CARTESIAN_POINT('',(-0.836690443855013,-0.914315841970209,-0.000173825825829641));
#7032=CARTESIAN_POINT('',(-0.843428495712635,-0.922623987886981,0.000119589613849013));
#7033=CARTESIAN_POINT('',(-0.851267102965028,-0.915341434491728,-8.58821496434856E-5));
#7034=CARTESIAN_POINT('',(-0.836688252108154,-0.914311329983869,-8.60473357906464E-5));
#7035=CARTESIAN_POINT('',(-0.843425971869632,-0.922623450972224,0.000201096883860202));
#7036=CARTESIAN_POINT('',(-0.851265888289322,-0.915336286234095,8.96748115909808E-5));
#7037=CARTESIAN_POINT('',(-0.836685273139792,-0.914307674954637,1.56768259450216E-6));
#7038=CARTESIAN_POINT('',(-0.843422722899503,-0.922623569716772,0.000282365960949498));
#7039=CARTESIAN_POINT('',(-0.851262974046557,-0.915332730279964,0.000264904848266065));
#7040=CARTESIAN_POINT('',(-0.836691838395315,-0.914321221110953,-0.000261769483078655));
#7041=CARTESIAN_POINT('',(-0.836690455100619,-0.914315885421094,-0.00017453676939972));
#7042=CARTESIAN_POINT('',(-0.836688284547407,-0.914311391644823,-8.72802832815305E-5));
#7043=CARTESIAN_POINT('',(-0.836685326357749,-0.914307740444845,8.21231565606738E-16));
#7044=CARTESIAN_POINT('',(-0.844458838320261,-0.908027955749981,-0.000523538966157387));
#7045=CARTESIAN_POINT('',(-0.394719769661521,-1.1932083958671,-0.259738230516921));
#7046=CARTESIAN_POINT('',(-0.394639681171246,-1.19296629434,-0.25));
#7047=CARTESIAN_POINT('',(-0.391580176704437,-1.18371764074427,-0.25));
#7048=CARTESIAN_POINT('',(-0.384761474058316,-1.19650265253526,-0.259738187001026));
#7049=CARTESIAN_POINT('',(-0.389457198436848,-1.19467691775192,-0.249863325991444));
#7050=CARTESIAN_POINT('',(-0.386593332793561,-1.18522057004778,-0.25));
#7051=CARTESIAN_POINT('',(-0.375699739749664,-1.19907995940142,-0.250515222999768));
#7052=CARTESIAN_POINT('',(-0.385345344094539,-1.19590170330865,-0.244829975054141));
#7053=CARTESIAN_POINT('',(-0.381980010089177,-1.18617196243339,-0.245388496321878));
#7054=CARTESIAN_POINT('',(-0.375349090152231,-1.19890839217167,-0.240261769482848));
#7055=CARTESIAN_POINT('',(-0.385327568347686,-1.19577651076931,-0.239975234485125));
#7056=CARTESIAN_POINT('',(-0.381755231938184,-1.1859471099334,-0.240261769482992));
#7057=CARTESIAN_POINT('',(-0.391580176704437,-1.18371764074427,-0.26));
#7058=CARTESIAN_POINT('',(-0.391580176704437,-1.18371764074427,-0.25));
#7059=CARTESIAN_POINT('',(-0.386590433932608,-1.18522144540115,-0.25));
#7060=CARTESIAN_POINT('',(-0.381983280350051,-1.18617523339895,-0.245463089082132));
#7061=CARTESIAN_POINT('',(-0.381755231940239,-1.18594710993277,-0.24026176948308));
#7062=CARTESIAN_POINT('',(0.373479485503636,-1.18175699774492,-0.000261769483078653));
#7063=CARTESIAN_POINT('',(0.377301710831912,-1.19174464750162,3.78317503248303E-5));
#7064=CARTESIAN_POINT('',(0.367081487349107,-1.19489259700629,-0.000261769483078579));
#7065=CARTESIAN_POINT('',(0.373475524301253,-1.18175310046723,-0.00017382582583013));
#7066=CARTESIAN_POINT('',(0.377301563794715,-1.19174249750633,0.000119589613848467));
#7067=CARTESIAN_POINT('',(0.367075383923813,-1.19488965381956,-8.58821496428071E-5));
#7068=CARTESIAN_POINT('',(0.37347271267989,-1.18174894636559,-8.6047335791327E-5));
#7069=CARTESIAN_POINT('',(0.377302360734396,-1.19174004333679,0.000201096883859437));
#7070=CARTESIAN_POINT('',(0.36707153273977,-1.19488602775073,8.96748115912658E-5));
#7071=CARTESIAN_POINT('',(0.373471036815905,-1.1817445389887,1.56768259360027E-6));
#7072=CARTESIAN_POINT('',(0.377304088055256,-1.1917372890184,0.000282365960948542));
#7073=CARTESIAN_POINT('',(0.36706991031454,-1.19488172596539,0.000264904848265917));
#7074=CARTESIAN_POINT('',(0.364145857865805,-1.18533678431063,-0.000523538966157387));
#7075=CARTESIAN_POINT('',(0.,7.65404249467096E-17,0.26));
#7076=CARTESIAN_POINT('',(0.829339459440098,-0.930977201016576,0.26));
#7077=CARTESIAN_POINT('',(-0.835988897999026,-0.938441545836368,0.259738230516921));
#7078=CARTESIAN_POINT('',(-0.835819276171406,-0.938251136405693,0.25));
#7079=CARTESIAN_POINT('',(-0.829339459440099,-0.930977201016575,0.25));
#7080=CARTESIAN_POINT('',(-0.843820955761891,-0.931464537199632,0.259738187001022));
#7081=CARTESIAN_POINT('',(-0.839891960869548,-0.934618286408874,0.24986332599145));
#7082=CARTESIAN_POINT('',(-0.833134456352377,-0.927409932156694,0.25));
#7083=CARTESIAN_POINT('',(-0.850583836135619,-0.924905498519114,0.250515222999764));
#7084=CARTESIAN_POINT('',(-0.843008583447043,-0.931669708870238,0.244829975054146));
#7085=CARTESIAN_POINT('',(-0.83626504767955,-0.923890373691737,0.245388496321871));
#7086=CARTESIAN_POINT('',(-0.850610579354909,-0.924516043445044,0.240261769482848));
#7087=CARTESIAN_POINT('',(-0.842909051401092,-0.931591718352233,0.239975234485125));
#7088=CARTESIAN_POINT('',(-0.836182708777968,-0.923583283852787,0.240261769482992));
#7089=CARTESIAN_POINT('',(-0.829339459440099,-0.930977201016575,0.25));
#7090=CARTESIAN_POINT('',(-0.833136663861208,-0.927407859346266,0.25));
#7091=CARTESIAN_POINT('',(-0.836266245288399,-0.923894841303531,0.245463089082132));
#7092=CARTESIAN_POINT('',(-0.836182708776395,-0.923583283854252,0.24026176948308));
#7093=CARTESIAN_POINT('',(-1.21017132389895,-0.26743577663397,0.000261769483081427));
#7094=CARTESIAN_POINT('',(-1.22073199497649,-0.26911945727904,-3.78317503221447E-5));
#7095=CARTESIAN_POINT('',(-1.21834808747596,-0.279544405199841,0.000261769483082473));
#7096=CARTESIAN_POINT('',(-1.21016596815627,-0.267437258497014,0.000173825825832167));
#7097=CARTESIAN_POINT('',(-1.22073005950735,-0.269118509619345,-0.000119589613846463));
#7098=CARTESIAN_POINT('',(-1.21834248688884,-0.279548219327832,8.58821496452347E-5));
#7099=CARTESIAN_POINT('',(-1.21016096478804,-0.267437616381725,8.60473357928168E-5));
#7100=CARTESIAN_POINT('',(-1.22072833260403,-0.269116592364567,-0.000201096883857941));
#7101=CARTESIAN_POINT('',(-1.21833742102909,-0.27954974151663,-8.9674811589962E-5));
#7102=CARTESIAN_POINT('',(-1.2101563099557,-0.267436864034063,-1.56768259275721E-6));
#7103=CARTESIAN_POINT('',(-1.22072681095476,-0.269113719301626,-0.000282365960947639));
#7104=CARTESIAN_POINT('',(-1.2183328843611,-0.279548995685429,-0.000264904848265887));
#7105=CARTESIAN_POINT('',(-1.21017132389895,-0.26743577663397,0.000261769483081431));
#7106=CARTESIAN_POINT('',(-1.21016601140864,-0.267437246510552,0.000174536769402156));
#7107=CARTESIAN_POINT('',(-1.21016103440762,-0.267437613644466,8.72802832835191E-5));
#7108=CARTESIAN_POINT('',(-1.21015639328086,-0.267436877377061,8.3381248165713E-16));
#7109=CARTESIAN_POINT('',(-1.21015639328086,-0.267436877377061,8.47786345071548E-16));
#7110=CARTESIAN_POINT('',(-1.20860469618607,-0.277308828560651,0.000523538966160163));
#7111=CARTESIAN_POINT('',(-1.21834013934063,-0.279548394507028,0.));
#7112=CARTESIAN_POINT('',(-1.21957313463672,-0.274174700039928,4.44434836370253E-16));
#7113=CARTESIAN_POINT('',(-1.21552692298184,-0.268288857114413,4.38808181591589E-14));
#7114=CARTESIAN_POINT('',(-1.21015639328086,-0.267436877377062,8.47786345071546E-16));
#7115=CARTESIAN_POINT('',(-1.14748366001438,-0.6625,1.65611881847161E-15));
#7116=CARTESIAN_POINT('',(-1.21015639328086,-0.267436877377061,8.47786345071548E-16));
#7117=CARTESIAN_POINT('',(-1.21016103440762,-0.267437613644465,-8.72802832817214E-5));
#7118=CARTESIAN_POINT('',(-1.21016601140864,-0.267437246510552,-0.000174536769399493));
#7119=CARTESIAN_POINT('',(-1.21017132389895,-0.26743577663397,-0.000261769483078648));
#7120=CARTESIAN_POINT('',(-0.836182708776389,-0.923583283854252,-0.240261769483079));
#7121=CARTESIAN_POINT('',(-0.842909051399502,-0.931591718353675,-0.239975234485207));
#7122=CARTESIAN_POINT('',(-0.850610579353312,-0.924516043446521,-0.240261769483079));
#7123=CARTESIAN_POINT('',(-0.836342831806986,-0.920514186457299,-0.160261098286906));
#7124=CARTESIAN_POINT('',(-0.843074567231753,-0.92860682236784,-0.15966414631991));
#7125=CARTESIAN_POINT('',(-0.850819202064241,-0.921477425793816,-0.16026109828691));
#7126=CARTESIAN_POINT('',(-0.836512317780436,-0.917427245889526,-0.0802610669768701));
#7127=CARTESIAN_POINT('',(-0.843248229445516,-0.925617592687536,-0.0796440437311712));
#7128=CARTESIAN_POINT('',(-0.851037649833624,-0.918421865065058,-0.0802610669768608));
#7129=CARTESIAN_POINT('',(-0.836691838395315,-0.914321221110952,-0.000261769483078169));
#7130=CARTESIAN_POINT('',(-0.843430284144573,-0.922625190222574,3.78317503253352E-5));
#7131=CARTESIAN_POINT('',(-0.851266600126855,-0.915348191806447,-0.000261769483078169));
#7132=CARTESIAN_POINT('',(-0.843842093594259,-0.917159476498058,-0.240523538966157));
#7133=CARTESIAN_POINT('',(0.,7.65404249467096E-17,-0.26));
#7134=CARTESIAN_POINT('',(-0.829339459440099,-0.930977201016575,-0.26));
#7135=CARTESIAN_POINT('',(-1.88022259193128E-16,-1.325,-0.24));
#7136=CARTESIAN_POINT('',(0.381755231940243,-1.18594710993276,-0.240261769483079));
#7137=CARTESIAN_POINT('',(0.381983285701832,-1.18617523875248,-0.245463211145275));
#7138=CARTESIAN_POINT('',(0.386590530536428,-1.18522141628677,-0.250000000000007));
#7139=CARTESIAN_POINT('',(0.391580176704435,-1.18371764074427,-0.250000000000007));
#7140=CARTESIAN_POINT('',(0.381755231940243,-1.18594710993276,-0.240261769483079));
#7141=CARTESIAN_POINT('',(0.385327568349729,-1.19577651076865,-0.239975234485207));
#7142=CARTESIAN_POINT('',(0.375349090154309,-1.19890839217103,-0.240261769483079));
#7143=CARTESIAN_POINT('',(0.379017254112502,-1.18455123184654,-0.160261098286916));
#7144=CARTESIAN_POINT('',(0.382659814682764,-1.1944274036915,-0.159664146318692));
#7145=CARTESIAN_POINT('',(0.372613258719368,-1.1975697559121,-0.160261098286912));
#7146=CARTESIAN_POINT('',(0.376259142174038,-1.18315454072105,-0.0802610669767892));
#7147=CARTESIAN_POINT('',(0.379984234734469,-1.19308318473957,-0.0796440437319575));
#7148=CARTESIAN_POINT('',(0.369857841620561,-1.19623115686547,-0.0802610669767889));
#7149=CARTESIAN_POINT('',(0.373479485503636,-1.18175699774492,-0.000261769483078181));
#7150=CARTESIAN_POINT('',(0.377301710831913,-1.19174464750161,3.78317503253144E-5));
#7151=CARTESIAN_POINT('',(0.367081487349107,-1.19489259700629,-0.000261769483078181));
#7152=CARTESIAN_POINT('',(0.372362359171825,-1.1893684280843,-0.240523538966157));
#7153=CARTESIAN_POINT('',(0.836182708776387,-0.923583283854253,0.240261769483079));
#7154=CARTESIAN_POINT('',(0.842909051399501,-0.931591718353676,0.239975234485207));
#7155=CARTESIAN_POINT('',(0.850610579353311,-0.924516043446522,0.240261769483079));
#7156=CARTESIAN_POINT('',(0.836342831806933,-0.920514186457239,0.160261098286911));
#7157=CARTESIAN_POINT('',(0.843074567231952,-0.928606822368082,0.159664146319242));
#7158=CARTESIAN_POINT('',(0.850819202064205,-0.921477425793849,0.160261098286911));
#7159=CARTESIAN_POINT('',(0.836512317780278,-0.917427245889334,0.0802610669768584));
#7160=CARTESIAN_POINT('',(0.84324822944498,-0.92561759268742,0.0796440437309315));
#7161=CARTESIAN_POINT('',(0.851037649833625,-0.918421865065056,0.0802610669768523));
#7162=CARTESIAN_POINT('',(0.836691838395314,-0.914321221110953,0.000261769483078116));
#7163=CARTESIAN_POINT('',(0.843430284144573,-0.922625190222575,-3.78317503253819E-5));
#7164=CARTESIAN_POINT('',(0.851266600126854,-0.915348191806448,0.000261769483078116));
#7165=CARTESIAN_POINT('',(0.843842093594259,-0.917159476498059,0.240523538966157));
#7166=CARTESIAN_POINT('',(0.84445883832026,-0.908027955749981,0.000523538966157389));
#7167=CARTESIAN_POINT('',(0.850610579353311,-0.924516043446523,0.240261769483079));
#7168=CARTESIAN_POINT('',(0.8429090513995,-0.931591718353676,0.239975234485207));
#7169=CARTESIAN_POINT('',(0.836182708776387,-0.923583283854254,0.240261769483079));
#7170=CARTESIAN_POINT('',(0.850583431142138,-0.92491101944358,0.250659907007231));
#7171=CARTESIAN_POINT('',(0.843009964471323,-0.931670811713336,0.244897940401688));
#7172=CARTESIAN_POINT('',(0.836266210656255,-0.923894708311915,0.245460838813439));
#7173=CARTESIAN_POINT('',(0.843711999089481,-0.93156160004456,0.259738224610202));
#7174=CARTESIAN_POINT('',(0.839834922403018,-0.934669165670546,0.249865260363095));
#7175=CARTESIAN_POINT('',(0.833081662509556,-0.927459560184416,0.250000000000115));
#7176=CARTESIAN_POINT('',(0.835988897999026,-0.938441545836375,0.259738230517035));
#7177=CARTESIAN_POINT('',(0.835819276171407,-0.938251136405698,0.250000000000114));
#7178=CARTESIAN_POINT('',(0.8293394594401,-0.930977201016581,0.250000000000114));
#7179=CARTESIAN_POINT('',(0.836182708776388,-0.923583283854254,0.240261769483079));
#7180=CARTESIAN_POINT('',(0.836266247248804,-0.923894848615078,0.245463211145275));
#7181=CARTESIAN_POINT('',(0.833136590345502,-0.927407928450438,0.250000000000007));
#7182=CARTESIAN_POINT('',(0.829339459440098,-0.930977201016574,0.250000000000007));
#7183=CARTESIAN_POINT('',(-1.14748366001438,-0.6625,0.24));
#7184=CARTESIAN_POINT('',(-1.21793794071663,-0.26236382607851,0.240261769483079));
#7185=CARTESIAN_POINT('',(-1.21824953295064,-0.262280390137404,0.245463211145275));
#7186=CARTESIAN_POINT('',(-1.21972712088193,-0.257813487836336,0.250000000000007));
#7187=CARTESIAN_POINT('',(-1.22091963614453,-0.252740439727692,0.250000000000007));
#7188=CARTESIAN_POINT('',(-1.21793794071663,-0.262363826078511,0.240261769483079));
#7189=CARTESIAN_POINT('',(-1.22823661974923,-0.264184792414974,0.239975234485207));
#7190=CARTESIAN_POINT('',(-1.22595966950762,-0.274392348724506,0.240261769483079));
#7191=CARTESIAN_POINT('',(-1.21536008591938,-0.264037045389197,0.160261098286917));
#7192=CARTESIAN_POINT('',(-1.22573438191381,-0.265820581323193,0.159664146319472));
#7193=CARTESIAN_POINT('',(-1.22343246078348,-0.2760923301182,0.160261098286903));
#7194=CARTESIAN_POINT('',(-1.21277145995451,-0.26572729483169,0.0802610669768426));
#7195=CARTESIAN_POINT('',(-1.22323246418006,-0.267465592052589,0.0796440437301246));
#7196=CARTESIAN_POINT('',(-1.22089549145419,-0.277809291800572,0.0802610669768401));
#7197=CARTESIAN_POINT('',(-1.21017132389895,-0.26743577663397,0.000261769483080442));
#7198=CARTESIAN_POINT('',(-1.22073199497649,-0.26911945727904,-3.7831750323069E-5));
#7199=CARTESIAN_POINT('',(-1.21834808747596,-0.279544405199842,0.000261769483080442));
#7200=CARTESIAN_POINT('',(-1.21620445276608,-0.272208951586245,0.240523538966157));
#7201=CARTESIAN_POINT('',(-1.21834808747596,-0.279544405199841,-0.000261769483080231));
#7202=CARTESIAN_POINT('',(-1.22073199497649,-0.26911945727904,3.78317503249591E-5));
#7203=CARTESIAN_POINT('',(-1.21017132389895,-0.26743577663397,-0.000261769483078651));
#7204=CARTESIAN_POINT('',(-1.21834248688884,-0.279548219327831,-8.58821496437472E-5));
#7205=CARTESIAN_POINT('',(-1.22073005950735,-0.269118509619345,0.000119589613848923));
#7206=CARTESIAN_POINT('',(-1.21016596815627,-0.267437258497014,-0.000173825825829772));
#7207=CARTESIAN_POINT('',(-1.21833742102909,-0.27954974151663,8.96748115908773E-5));
#7208=CARTESIAN_POINT('',(-1.22072833260403,-0.269116592364568,0.000201096883860144));
#7209=CARTESIAN_POINT('',(-1.21016096478804,-0.267437616381725,-8.60473357907029E-5));
#7210=CARTESIAN_POINT('',(-1.2183328843611,-0.279548995685429,0.000264904848265926));
#7211=CARTESIAN_POINT('',(-1.22072681095476,-0.269113719301626,0.000282365960949433));
#7212=CARTESIAN_POINT('',(-1.2101563099557,-0.267436864034063,1.56768259443281E-6));
#7213=CARTESIAN_POINT('',(-1.20860469618607,-0.277308828560651,-0.000523538966158967));
#7214=CARTESIAN_POINT('',(-0.850610579353312,-0.924516043446521,-0.240261769483079));
#7215=CARTESIAN_POINT('',(-0.842909051399502,-0.931591718353675,-0.239975234485207));
#7216=CARTESIAN_POINT('',(-0.836182708776388,-0.923583283854253,-0.240261769483079));
#7217=CARTESIAN_POINT('',(-0.850583431142065,-0.924911019443647,-0.250659907007227));
#7218=CARTESIAN_POINT('',(-0.84300996447128,-0.931670811713378,-0.244897940401668));
#7219=CARTESIAN_POINT('',(-0.836266210656293,-0.923894708311958,-0.245460838813434));
#7220=CARTESIAN_POINT('',(-0.843711999089481,-0.93156160004456,-0.259738224610202));
#7221=CARTESIAN_POINT('',(-0.839834922403026,-0.934669165670552,-0.249865260363088));
#7222=CARTESIAN_POINT('',(-0.833081662509556,-0.927459560184406,-0.250000000000115));
#7223=CARTESIAN_POINT('',(-0.835988897999026,-0.938441545836375,-0.259738230517035));
#7224=CARTESIAN_POINT('',(-0.835819276171408,-0.938251136405698,-0.250000000000114));
#7225=CARTESIAN_POINT('',(-0.8293394594401,-0.93097720101658,-0.250000000000114));
#7226=CARTESIAN_POINT('',(-0.836182708776389,-0.923583283854253,-0.240261769483079));
#7227=CARTESIAN_POINT('',(-0.836266247248805,-0.923894848615077,-0.245463211145275));
#7228=CARTESIAN_POINT('',(-0.833136590345503,-0.927407928450438,-0.250000000000007));
#7229=CARTESIAN_POINT('',(-0.829339459440099,-0.930977201016574,-0.250000000000007));
#7230=CARTESIAN_POINT('',(0.375349090154309,-1.19890839217103,-0.240261769483079));
#7231=CARTESIAN_POINT('',(0.385327568349729,-1.19577651076865,-0.239975234485207));
#7232=CARTESIAN_POINT('',(0.381755231940243,-1.18594710993276,-0.240261769483079));
#7233=CARTESIAN_POINT('',(0.37570472350734,-1.19908236912898,-0.250659907007188));
#7234=CARTESIAN_POINT('',(0.385345608672665,-1.19590345073216,-0.244897940401666));
#7235=CARTESIAN_POINT('',(0.381983182491985,-1.18617513691078,-0.245460838813415));
#7236=CARTESIAN_POINT('',(0.384900011283907,-1.19645682471153,-0.259738224610202));
#7237=CARTESIAN_POINT('',(0.389529780403184,-1.19465296062163,-0.249865260363069));
#7238=CARTESIAN_POINT('',(0.386662708847626,-1.18519966325248,-0.250000000000115));
#7239=CARTESIAN_POINT('',(0.394719769661526,-1.1932083958671,-0.259738230517035));
#7240=CARTESIAN_POINT('',(0.394639681171249,-1.19296629434001,-0.250000000000114));
#7241=CARTESIAN_POINT('',(0.39158017670444,-1.18371764074427,-0.250000000000114));
#7242=CARTESIAN_POINT('',(0.391580176704437,-1.18371764074427,-0.26));
#7243=CARTESIAN_POINT('',(0.851266600126854,-0.915348191806448,-0.000261769483083301));
#7244=CARTESIAN_POINT('',(0.843430284144573,-0.922625190222574,3.78317503222028E-5));
#7245=CARTESIAN_POINT('',(0.836691838395314,-0.914321221110953,-0.000261769483081427));
#7246=CARTESIAN_POINT('',(0.851267102965026,-0.915341434491729,-8.58821496457809E-5));
#7247=CARTESIAN_POINT('',(0.843428495712635,-0.922623987886983,0.000119589613846634));
#7248=CARTESIAN_POINT('',(0.836690443855014,-0.914315841970211,-0.000173825825832004));
#7249=CARTESIAN_POINT('',(0.851265888289321,-0.915336286234096,8.9674811589796E-5));
#7250=CARTESIAN_POINT('',(0.843425971869631,-0.922623450972225,0.000201096883858315));
#7251=CARTESIAN_POINT('',(0.836688252108153,-0.914311329983869,-8.6047335792488E-5));
#7252=CARTESIAN_POINT('',(0.851262974046556,-0.915332730279965,0.000264904848265932));
#7253=CARTESIAN_POINT('',(0.843422722899502,-0.922623569716773,0.000282365960948105));
#7254=CARTESIAN_POINT('',(0.836685273139791,-0.914307674954638,1.56768259319359E-6));
#7255=CARTESIAN_POINT('',(0.851266080900555,-0.915339313865744,0.));
#7256=CARTESIAN_POINT('',(0.847228822627918,-0.919093966348458,0.));
#7257=CARTESIAN_POINT('',(0.840108427304297,-0.918532765729001,8.90333062742131E-14));
#7258=CARTESIAN_POINT('',(0.836685326357749,-0.914307740444846,-4.0497189964243E-16));
#7259=CARTESIAN_POINT('',(0.836685326357749,-0.914307740444846,-4.04971899642432E-16));
#7260=CARTESIAN_POINT('',(0.84445883832026,-0.908027955749981,-0.000523538966162031));
#7261=CARTESIAN_POINT('',(0.836685326357749,-0.914307740444846,-4.04971899642432E-16));
#7262=CARTESIAN_POINT('',(0.836688284547407,-0.914311391644824,-8.7280283283499E-5));
#7263=CARTESIAN_POINT('',(0.836690455100618,-0.914315885421094,-0.000174536769401753));
#7264=CARTESIAN_POINT('',(0.836691838395314,-0.914321221110953,-0.000261769483081431));
#7265=CARTESIAN_POINT('',(0.836691838395314,-0.914321221110953,0.000261769483078648));
#7266=CARTESIAN_POINT('',(0.843430284144572,-0.922625190222575,-3.78317503249032E-5));
#7267=CARTESIAN_POINT('',(0.851266600126854,-0.915348191806448,0.000261769483079399));
#7268=CARTESIAN_POINT('',(0.836690443855013,-0.91431584197021,0.000173825825829851));
#7269=CARTESIAN_POINT('',(0.843428495712635,-0.922623987886982,-0.000119589613848778));
#7270=CARTESIAN_POINT('',(0.851267102965026,-0.915341434491729,8.58821496430873E-5));
#7271=CARTESIAN_POINT('',(0.836688252108153,-0.914311329983869,8.60473357909891E-5));
#7272=CARTESIAN_POINT('',(0.843425971869631,-0.922623450972225,-0.000201096883859824));
#7273=CARTESIAN_POINT('',(0.851265888289321,-0.915336286234096,-8.96748115911241E-5));
#7274=CARTESIAN_POINT('',(0.836685273139791,-0.914307674954638,-1.56768259400272E-6));
#7275=CARTESIAN_POINT('',(0.843422722899502,-0.922623569716773,-0.000282365960948975));
#7276=CARTESIAN_POINT('',(0.851262974046556,-0.915332730279965,-0.000264904848265894));
#7277=CARTESIAN_POINT('',(0.836691838395314,-0.914321221110953,0.000261769483078651));
#7278=CARTESIAN_POINT('',(0.836690455100618,-0.914315885421094,0.00017453676939987));
#7279=CARTESIAN_POINT('',(0.836688284547407,-0.914311391644824,8.72802832818057E-5));
#7280=CARTESIAN_POINT('',(0.836685326357749,-0.914307740444846,-3.91273700446716E-16));
#7281=CARTESIAN_POINT('',(1.21017132389895,-0.26743577663397,0.000261769483078644));
#7282=CARTESIAN_POINT('',(1.22073199497649,-0.269119457279041,-3.78317503248666E-5));
#7283=CARTESIAN_POINT('',(1.21834808747596,-0.279544405199842,0.000261769483078644));
#7284=CARTESIAN_POINT('',(1.21277145995464,-0.265727294831711,0.0802610669768515));
#7285=CARTESIAN_POINT('',(1.2232324641794,-0.267465592052502,0.0796440437302848));
#7286=CARTESIAN_POINT('',(1.2208954914542,-0.27780929180056,0.0802610669768511));
#7287=CARTESIAN_POINT('',(1.21536008591954,-0.264037045389229,0.160261098286833));
#7288=CARTESIAN_POINT('',(1.2257343819141,-0.265820581323234,0.159664146319091));
#7289=CARTESIAN_POINT('',(1.22343246078346,-0.27609233011832,0.16026109828683));
#7290=CARTESIAN_POINT('',(1.21793794071663,-0.262363826078511,0.240261769483079));
#7291=CARTESIAN_POINT('',(1.22823661974923,-0.264184792414974,0.239975234485207));
#7292=CARTESIAN_POINT('',(1.22595966950762,-0.274392348724507,0.240261769483079));
#7293=CARTESIAN_POINT('',(1.21620445276608,-0.272208951586246,0.240523538966157));
#7294=CARTESIAN_POINT('',(1.20860469618607,-0.277308828560652,0.000523538966158147));
#7295=CARTESIAN_POINT('',(1.14748366001438,-0.6625,0.24));
#7296=CARTESIAN_POINT('',(1.22091963614454,-0.252740439727692,0.25));
#7297=CARTESIAN_POINT('',(1.21972709779382,-0.25781358605489,0.25));
#7298=CARTESIAN_POINT('',(1.21824952563845,-0.262280392095417,0.245463089082132));
#7299=CARTESIAN_POINT('',(1.21793794071663,-0.262363826078517,0.24026176948308));
#7300=CARTESIAN_POINT('',(-1.22595966950762,-0.274392348724506,0.240261769483079));
#7301=CARTESIAN_POINT('',(-1.22823661974923,-0.264184792414973,0.239975234485207));
#7302=CARTESIAN_POINT('',(-1.21793794071663,-0.26236382607851,0.240261769483079));
#7303=CARTESIAN_POINT('',(-1.2262881546494,-0.274171349685315,0.250659907007216));
#7304=CARTESIAN_POINT('',(-1.22835557314406,-0.264232639018839,0.244897940401663));
#7305=CARTESIAN_POINT('',(-1.21824939314843,-0.262280428598939,0.245460838813421));
#7306=CARTESIAN_POINT('',(-1.22861201037341,-0.264895224666963,0.259738224610203));
#7307=CARTESIAN_POINT('',(-1.22936470280626,-0.259983794951062,0.249865260363112));
#7308=CARTESIAN_POINT('',(-1.21974437135725,-0.257740103068069,0.250000000000115));
#7309=CARTESIAN_POINT('',(-1.23070866766055,-0.254766850030727,0.259738230517035));
#7310=CARTESIAN_POINT('',(-1.23045895734266,-0.254715157934311,0.250000000000114));
#7311=CARTESIAN_POINT('',(-1.22091963614454,-0.25274043972769,0.250000000000114));
#7312=CARTESIAN_POINT('',(-1.22091963614454,-0.252740439727691,0.26));
#7313=CARTESIAN_POINT('',(-1.21017132389895,-0.26743577663397,-0.000261769483078659));
#7314=CARTESIAN_POINT('',(-1.22073199497649,-0.26911945727904,3.78317503248518E-5));
#7315=CARTESIAN_POINT('',(-1.21834808747596,-0.279544405199842,-0.000261769483078659));
#7316=CARTESIAN_POINT('',(-1.21277145995486,-0.265727294831749,-0.0802610669767396));
#7317=CARTESIAN_POINT('',(-1.22323246418006,-0.267465592052634,-0.0796440437303728));
#7318=CARTESIAN_POINT('',(-1.22089549145419,-0.277809291800563,-0.0802610669767467));
#7319=CARTESIAN_POINT('',(-1.21536008591966,-0.26403704538925,-0.160261098286836));
#7320=CARTESIAN_POINT('',(-1.22573438191454,-0.26582058132298,-0.159664146317799));
#7321=CARTESIAN_POINT('',(-1.22343246078348,-0.276092330118222,-0.160261098286831));
#7322=CARTESIAN_POINT('',(-1.21793794071663,-0.262363826078511,-0.240261769483079));
#7323=CARTESIAN_POINT('',(-1.22823661974923,-0.264184792414974,-0.239975234485207));
#7324=CARTESIAN_POINT('',(-1.22595966950762,-0.274392348724506,-0.240261769483079));
#7325=CARTESIAN_POINT('',(-1.21620445276608,-0.272208951586245,-0.240523538966157));
#7326=CARTESIAN_POINT('',(-1.14748366001438,-0.6625,-0.24));
#7327=CARTESIAN_POINT('',(-1.22091963614454,-0.252740439727691,-0.25));
#7328=CARTESIAN_POINT('',(-1.21972709779382,-0.257813586054889,-0.25));
#7329=CARTESIAN_POINT('',(-1.21824952563845,-0.262280392095416,-0.245463089082132));
#7330=CARTESIAN_POINT('',(-1.21793794071663,-0.262363826078516,-0.24026176948308));
#7331=CARTESIAN_POINT('',(0.,7.65404249467096E-17,-0.26));
#7332=CARTESIAN_POINT('',(0.829339459440098,-0.930977201016576,-0.26));
#7333=CARTESIAN_POINT('',(0.836691838395314,-0.914321221110953,-0.000261769483081414));
#7334=CARTESIAN_POINT('',(0.843430284144573,-0.922625190222575,3.78317503220771E-5));
#7335=CARTESIAN_POINT('',(0.851266600126854,-0.915348191806449,-0.000261769483081414));
#7336=CARTESIAN_POINT('',(0.83651231778028,-0.917427245889331,-0.0802610669767673));
#7337=CARTESIAN_POINT('',(0.843248229444994,-0.925617592687653,-0.0796440437314363));
#7338=CARTESIAN_POINT('',(0.851037649833728,-0.918421865064957,-0.0802610669767572));
#7339=CARTESIAN_POINT('',(0.836342831806975,-0.920514186457285,-0.160261098286819));
#7340=CARTESIAN_POINT('',(0.843074567231901,-0.928606822368284,-0.159664146319129));
#7341=CARTESIAN_POINT('',(0.850819202064096,-0.921477425793946,-0.160261098286817));
#7342=CARTESIAN_POINT('',(0.836182708776387,-0.923583283854253,-0.240261769483079));
#7343=CARTESIAN_POINT('',(0.842909051399501,-0.931591718353675,-0.239975234485207));
#7344=CARTESIAN_POINT('',(0.850610579353311,-0.924516043446522,-0.240261769483079));
#7345=CARTESIAN_POINT('',(0.843842093594259,-0.917159476498059,-0.240523538966157));
#7346=CARTESIAN_POINT('',(1.14748366001438,-0.6625,-8.28101760883167E-16));
#7347=CARTESIAN_POINT('',(1.21015639328086,-0.267436877377062,-4.12200330434477E-16));
#7348=CARTESIAN_POINT('',(1.21016103440762,-0.267437613644466,8.72802832820095E-5));
#7349=CARTESIAN_POINT('',(1.21016601140864,-0.267437246510553,0.000174536769399647));
#7350=CARTESIAN_POINT('',(1.21017132389895,-0.267435776633971,0.000261769483078658));
#7351=CARTESIAN_POINT('',(1.21015639328086,-0.267436877377062,-4.15660575149997E-16));
#7352=CARTESIAN_POINT('',(1.21017132389895,-0.267435776633971,-0.000261769483081441));
#7353=CARTESIAN_POINT('',(1.21016601140864,-0.267437246510553,-0.000174536769402023));
#7354=CARTESIAN_POINT('',(1.21016103440762,-0.267437613644466,-8.72802832832485E-5));
#7355=CARTESIAN_POINT('',(1.21015639328086,-0.267436877377062,-4.19781548255721E-16));
#7356=CARTESIAN_POINT('',(1.21834808747596,-0.279544405199843,0.000261769483079409));
#7357=CARTESIAN_POINT('',(1.22073199497649,-0.269119457279042,-3.78317503248894E-5));
#7358=CARTESIAN_POINT('',(1.21017132389895,-0.267435776633971,0.000261769483078662));
#7359=CARTESIAN_POINT('',(1.21834248688884,-0.279548219327832,8.58821496433537E-5));
#7360=CARTESIAN_POINT('',(1.22073005950735,-0.269118509619345,-0.000119589613848674));
#7361=CARTESIAN_POINT('',(1.21016596815627,-0.267437258497015,0.000173825825830039));
#7362=CARTESIAN_POINT('',(1.21833742102909,-0.279549741516631,-8.96748115910879E-5));
#7363=CARTESIAN_POINT('',(1.22072833260403,-0.269116592364569,-0.000201096883859809));
#7364=CARTESIAN_POINT('',(1.21016096478804,-0.267437616381726,8.60473357910033E-5));
#7365=CARTESIAN_POINT('',(1.2183328843611,-0.27954899568543,-0.000264904848265833));
#7366=CARTESIAN_POINT('',(1.22072681095476,-0.269113719301627,-0.000282365960948947));
#7367=CARTESIAN_POINT('',(1.2101563099557,-0.267436864034064,-1.56768259397215E-6));
#7368=CARTESIAN_POINT('',(1.21834013934063,-0.279548394507029,0.));
#7369=CARTESIAN_POINT('',(1.21957313463672,-0.274174700039929,0.));
#7370=CARTESIAN_POINT('',(1.21552692298184,-0.268288857114414,3.70731397083453E-14));
#7371=CARTESIAN_POINT('',(1.21015639328086,-0.267436877377063,-4.12200330434472E-16));
#7372=CARTESIAN_POINT('',(1.23070866766055,-0.254766850030731,0.259738230516921));
#7373=CARTESIAN_POINT('',(1.23045895734265,-0.254715157934313,0.25));
#7374=CARTESIAN_POINT('',(1.22091963614454,-0.252740439727692,0.25));
#7375=CARTESIAN_POINT('',(1.22858242982016,-0.26503811533556,0.259738187001019));
#7376=CARTESIAN_POINT('',(1.2293491593062,-0.260058631342879,0.249863325991434));
#7377=CARTESIAN_POINT('',(1.21972778914578,-0.257810637890909,0.25));
#7378=CARTESIAN_POINT('',(1.22628357588528,-0.274174460882296,0.250515222999767));
#7379=CARTESIAN_POINT('',(1.22835392754156,-0.264231994438353,0.24482997505414));
#7380=CARTESIAN_POINT('',(1.21824505776871,-0.262281588741625,0.245388496321871));
#7381=CARTESIAN_POINT('',(1.22595966950714,-0.274392348726629,0.240261769482848));
#7382=CARTESIAN_POINT('',(1.22823661974878,-0.264184792417073,0.239975234485125));
#7383=CARTESIAN_POINT('',(1.21793794071615,-0.262363826080612,0.240261769482992));
#7384=CARTESIAN_POINT('',(1.22091963614454,-0.252740439727692,0.26));
#7385=CARTESIAN_POINT('',(0.,7.65404249467096E-17,0.26));
#7386=CARTESIAN_POINT('',(-1.22091963614454,0.252740439727692,0.26));
#7387=CARTESIAN_POINT('',(-1.23070866766055,-0.254766850030729,-0.259738230516921));
#7388=CARTESIAN_POINT('',(-1.23045895734265,-0.254715157934312,-0.25));
#7389=CARTESIAN_POINT('',(-1.22091963614454,-0.252740439727691,-0.25));
#7390=CARTESIAN_POINT('',(-1.22858242982014,-0.265038115335646,-0.25973818700102));
#7391=CARTESIAN_POINT('',(-1.22934915930626,-0.260058631342937,-0.24986332599144));
#7392=CARTESIAN_POINT('',(-1.21972778914581,-0.257810637890964,-0.25));
#7393=CARTESIAN_POINT('',(-1.22628357588528,-0.27417446088228,-0.250515222999764));
#7394=CARTESIAN_POINT('',(-1.22835392754159,-0.264231994438333,-0.244829975054142));
#7395=CARTESIAN_POINT('',(-1.21824505776868,-0.26228158874162,-0.245388496321869));
#7396=CARTESIAN_POINT('',(-1.22595966950714,-0.274392348726628,-0.240261769482848));
#7397=CARTESIAN_POINT('',(-1.22823661974878,-0.264184792417072,-0.239975234485125));
#7398=CARTESIAN_POINT('',(-1.21793794071615,-0.262363826080611,-0.240261769482992));
#7399=CARTESIAN_POINT('',(-1.22091963614454,-0.252740439727691,-0.26));
#7400=CARTESIAN_POINT('',(0.835988897999025,-0.938441545836369,-0.259738230516921));
#7401=CARTESIAN_POINT('',(0.835819276171405,-0.938251136405694,-0.25));
#7402=CARTESIAN_POINT('',(0.829339459440098,-0.930977201016576,-0.25));
#7403=CARTESIAN_POINT('',(0.84382095576189,-0.931464537199633,-0.259738187001022));
#7404=CARTESIAN_POINT('',(0.839891960869579,-0.934618286408869,-0.249863325991463));
#7405=CARTESIAN_POINT('',(0.833134456352376,-0.927409932156695,-0.25));
#7406=CARTESIAN_POINT('',(0.850583836135597,-0.924905498519135,-0.250515222999765));
#7407=CARTESIAN_POINT('',(0.843008583447019,-0.931669708870272,-0.244829975054139));
#7408=CARTESIAN_POINT('',(0.836265047679546,-0.923890373691734,-0.24538849632187));
#7409=CARTESIAN_POINT('',(0.850610579354908,-0.924516043445044,-0.240261769482848));
#7410=CARTESIAN_POINT('',(0.842909051401092,-0.931591718352234,-0.239975234485125));
#7411=CARTESIAN_POINT('',(0.836182708777967,-0.923583283852788,-0.240261769482992));
#7412=CARTESIAN_POINT('',(0.829339459440098,-0.930977201016576,-0.25));
#7413=CARTESIAN_POINT('',(0.833136663861208,-0.927407859346267,-0.25));
#7414=CARTESIAN_POINT('',(0.836266245288398,-0.923894841303531,-0.245463089082132));
#7415=CARTESIAN_POINT('',(0.836182708776394,-0.923583283854252,-0.24026176948308));
#7416=CARTESIAN_POINT('',(1.21017132389895,-0.267435776633971,-0.000261769483081432));
#7417=CARTESIAN_POINT('',(1.22073199497649,-0.269119457279041,3.78317503222003E-5));
#7418=CARTESIAN_POINT('',(1.21834808747596,-0.279544405199842,-0.000261769483083304));
#7419=CARTESIAN_POINT('',(1.21016596815627,-0.267437258497015,-0.000173825825832034));
#7420=CARTESIAN_POINT('',(1.22073005950735,-0.269118509619346,0.00011958961384664));
#7421=CARTESIAN_POINT('',(1.21834248688884,-0.279548219327832,-8.58821496457578E-5));
#7422=CARTESIAN_POINT('',(1.21016096478804,-0.267437616381726,-8.6047335792477E-5));
#7423=CARTESIAN_POINT('',(1.22072833260403,-0.269116592364569,0.000201096883858322));
#7424=CARTESIAN_POINT('',(1.21833742102909,-0.279549741516631,8.96748115898125E-5));
#7425=CARTESIAN_POINT('',(1.2101563099557,-0.267436864034064,1.56768259325378E-6));
#7426=CARTESIAN_POINT('',(1.22072681095476,-0.269113719301627,0.00028236596094816));
#7427=CARTESIAN_POINT('',(1.2183328843611,-0.27954899568543,0.000264904848266052));
#7428=CARTESIAN_POINT('',(1.20860469618607,-0.277308828560652,-0.000523538966160172));
#7429=CARTESIAN_POINT('',(0.,7.65404249467096E-17,0.26));
#7430=CARTESIAN_POINT('',(1.22091963614454,0.252740439727692,0.26));
#7431=CARTESIAN_POINT('',(-1.23070866766056,0.254766850030684,0.259738230516921));
#7432=CARTESIAN_POINT('',(-1.23045895734266,0.254715157934289,0.250000000000001));
#7433=CARTESIAN_POINT('',(-1.22091963614454,0.252740439727669,0.25));
#7434=CARTESIAN_POINT('',(-1.22890453786621,0.263482100700248,0.259738193593353));
#7435=CARTESIAN_POINT('',(-1.2295182585061,0.259244449800762,0.249884150920598));
#7436=CARTESIAN_POINT('',(-1.21990834444453,0.257042543375632,0.25000000000001));
#7437=CARTESIAN_POINT('',(-1.22491160320727,0.279823103626394,0.246546634493036));
#7438=CARTESIAN_POINT('',(-1.22774444817895,0.266894441685615,0.242521140389286));
#7439=CARTESIAN_POINT('',(-1.21737742922533,0.265050194092407,0.243404196867731));
#7440=CARTESIAN_POINT('',(-1.22617625129355,0.27189629838317,0.226718368472088));
#7441=CARTESIAN_POINT('',(-1.22831477238533,0.262975869301064,0.233622304154247));
#7442=CARTESIAN_POINT('',(-1.21793225582984,0.261105766068839,0.233490060756441));
#7443=CARTESIAN_POINT('',(-1.22767513615232,0.264396759233515,0.22237867980761));
#7444=CARTESIAN_POINT('',(-1.22899675217236,0.259385052513689,0.231423445787404));
#7445=CARTESIAN_POINT('',(-1.21876320930359,0.25740121518973,0.231320224645344));
#7446=CARTESIAN_POINT('',(-1.21793794071663,0.262363826078511,0.240261769483079));
#7447=CARTESIAN_POINT('',(-1.21824952563845,0.262280392095411,0.245463089082128));
#7448=CARTESIAN_POINT('',(-1.21972709779382,0.257813586054891,0.25));
#7449=CARTESIAN_POINT('',(-1.22091963614454,0.252740439727692,0.25));
#7450=CARTESIAN_POINT('',(0.,7.65404249467096E-17,-0.26));
#7451=CARTESIAN_POINT('',(-1.22091963614454,0.252740439727692,-0.26));
#7452=CARTESIAN_POINT('',(1.14748366001438,-0.6625,-0.24));
#7453=CARTESIAN_POINT('',(1.21793794071663,-0.262363826078511,-0.240261769483079));
#7454=CARTESIAN_POINT('',(1.21824953295064,-0.262280390137405,-0.245463211145275));
#7455=CARTESIAN_POINT('',(1.21972712088193,-0.257813487836337,-0.250000000000007));
#7456=CARTESIAN_POINT('',(1.22091963614453,-0.252740439727694,-0.250000000000007));
#7457=CARTESIAN_POINT('',(1.21793794071663,-0.262363826078511,-0.240261769483079));
#7458=CARTESIAN_POINT('',(1.22823661974923,-0.264184792414974,-0.239975234485207));
#7459=CARTESIAN_POINT('',(1.22595966950762,-0.274392348724507,-0.240261769483079));
#7460=CARTESIAN_POINT('',(1.21536008591968,-0.264037045389251,-0.160261098286913));
#7461=CARTESIAN_POINT('',(1.2257343819141,-0.265820581323331,-0.159664146319321));
#7462=CARTESIAN_POINT('',(1.22343246078346,-0.276092330118323,-0.160261098286911));
#7463=CARTESIAN_POINT('',(1.21277145995437,-0.265727294831668,-0.0802610669768471));
#7464=CARTESIAN_POINT('',(1.22323246417991,-0.267465592052238,-0.0796440437315226));
#7465=CARTESIAN_POINT('',(1.22089549145418,-0.27780929180062,-0.0802610669768408));
#7466=CARTESIAN_POINT('',(1.21017132389895,-0.26743577663397,-0.000261769483080369));
#7467=CARTESIAN_POINT('',(1.22073199497649,-0.269119457279041,3.78317503231289E-5));
#7468=CARTESIAN_POINT('',(1.21834808747596,-0.279544405199842,-0.000261769483080369));
#7469=CARTESIAN_POINT('',(1.21620445276608,-0.272208951586246,-0.240523538966157));
#7470=CARTESIAN_POINT('',(1.21793794071663,0.262363826078511,0.240261769483079));
#7471=CARTESIAN_POINT('',(1.22823661974923,0.264184792414974,0.239975234485207));
#7472=CARTESIAN_POINT('',(1.22595966950762,0.274392348724507,0.240261769483079));
#7473=CARTESIAN_POINT('',(1.21536008591953,0.264037045389226,0.160261098286897));
#7474=CARTESIAN_POINT('',(1.22573438191399,0.265820581323195,0.159664146319016));
#7475=CARTESIAN_POINT('',(1.22343246078347,0.276092330118271,0.160261098286892));
#7476=CARTESIAN_POINT('',(1.21277145995457,0.2657272948317,0.0802610669768446));
#7477=CARTESIAN_POINT('',(1.22323246417987,0.267465592052498,0.0796440437305214));
#7478=CARTESIAN_POINT('',(1.2208954914542,0.277809291800558,0.0802610669768423));
#7479=CARTESIAN_POINT('',(1.21017132389895,0.26743577663397,0.000261769483080395));
#7480=CARTESIAN_POINT('',(1.22073199497649,0.269119457279041,-3.78317503231154E-5));
#7481=CARTESIAN_POINT('',(1.21834808747596,0.279544405199842,0.000261769483080395));
#7482=CARTESIAN_POINT('',(1.21620445276608,0.272208951586245,0.240523538966157));
#7483=CARTESIAN_POINT('',(1.20860469618607,0.277308828560651,0.000523538966160163));
#7484=CARTESIAN_POINT('',(1.22595966950762,0.274392348724506,0.240261769483079));
#7485=CARTESIAN_POINT('',(1.22823661974923,0.264184792414974,0.239975234485207));
#7486=CARTESIAN_POINT('',(1.21793794071663,0.262363826078511,0.240261769483079));
#7487=CARTESIAN_POINT('',(1.22628815464938,0.274171349685373,0.25065990700722));
#7488=CARTESIAN_POINT('',(1.22835557314403,0.264232639018883,0.244897940401665));
#7489=CARTESIAN_POINT('',(1.21824939314841,0.262280428598936,0.245460838813425));
#7490=CARTESIAN_POINT('',(1.22861201037341,0.264895224666972,0.259738224610202));
#7491=CARTESIAN_POINT('',(1.22936470280627,0.259983794951061,0.249865260363121));
#7492=CARTESIAN_POINT('',(1.21974437135722,0.257740103068072,0.250000000000115));
#7493=CARTESIAN_POINT('',(1.23070866766055,0.254766850030727,0.259738230517035));
#7494=CARTESIAN_POINT('',(1.23045895734266,0.254715157934312,0.250000000000114));
#7495=CARTESIAN_POINT('',(1.22091963614454,0.252740439727691,0.250000000000114));
#7496=CARTESIAN_POINT('',(1.21793794071663,0.262363826078511,0.240261769483079));
#7497=CARTESIAN_POINT('',(1.21824953295064,0.262280390137405,0.245463211145275));
#7498=CARTESIAN_POINT('',(1.21972712088193,0.257813487836337,0.250000000000007));
#7499=CARTESIAN_POINT('',(1.22091963614453,0.252740439727693,0.250000000000007));
#7500=CARTESIAN_POINT('',(-1.14748366001438,0.6625,0.24));
#7501=CARTESIAN_POINT('',(-0.836182708776388,0.923583283854253,0.240261769483079));
#7502=CARTESIAN_POINT('',(-0.836266230993728,0.92389478799021,0.245462199038811));
#7503=CARTESIAN_POINT('',(-0.833135873707235,0.927408602084653,0.250000000000022));
#7504=CARTESIAN_POINT('',(-0.8293394594401,0.93097720101657,0.250000000000025));
#7505=CARTESIAN_POINT('',(-1.22767534671039,0.264395705728533,-0.222378070232057));
#7506=CARTESIAN_POINT('',(-1.2289968473785,0.259384551229907,-0.231423138846441));
#7507=CARTESIAN_POINT('',(-1.21876332603293,0.257400694790043,-0.231319919857568));
#7508=CARTESIAN_POINT('',(-1.22617299681342,0.271912525442936,-0.226727086906532));
#7509=CARTESIAN_POINT('',(-1.2283132744636,0.262983708338403,-0.233626782475814));
#7510=CARTESIAN_POINT('',(-1.21793044961032,0.261113769614264,-0.233494440050537));
#7511=CARTESIAN_POINT('',(-1.22490969297783,0.279826880728877,-0.246507577177375));
#7512=CARTESIAN_POINT('',(-1.22774364803553,0.266895867003323,-0.242501726093897));
#7513=CARTESIAN_POINT('',(-1.21737585037764,0.265051961715223,-0.243384661699131));
#7514=CARTESIAN_POINT('',(-1.22890576459121,0.263476176551557,-0.259738207704002));
#7515=CARTESIAN_POINT('',(-1.2295189017623,0.259241353667585,-0.249884237807304));
#7516=CARTESIAN_POINT('',(-1.21990903247553,0.257039619120667,-0.25));
#7517=CARTESIAN_POINT('',(-1.23070866766055,0.25476685003073,-0.259738230516921));
#7518=CARTESIAN_POINT('',(-1.23045895734265,0.254715157934313,-0.25));
#7519=CARTESIAN_POINT('',(-1.22091963614454,0.252740439727692,-0.25));
#7520=CARTESIAN_POINT('',(-1.22091963614454,0.252740439727692,-0.25));
#7521=CARTESIAN_POINT('',(-1.21972734594715,0.257812530392267,-0.25));
#7522=CARTESIAN_POINT('',(-1.21824947232042,0.26228040637253,-0.245462199038811));
#7523=CARTESIAN_POINT('',(-1.21793794071663,0.262363826078511,-0.240261769483079));
#7524=CARTESIAN_POINT('',(1.22595966950762,-0.274392348724507,-0.240261769483079));
#7525=CARTESIAN_POINT('',(1.22823661974923,-0.264184792414975,-0.239975234485207));
#7526=CARTESIAN_POINT('',(1.21793794071663,-0.262363826078512,-0.240261769483079));
#7527=CARTESIAN_POINT('',(1.22628815464942,-0.274171349685223,-0.250659907007179));
#7528=CARTESIAN_POINT('',(1.228355573144,-0.264232639018711,-0.244897940401644));
#7529=CARTESIAN_POINT('',(1.21824939314837,-0.262280428598931,-0.245460838813402));
#7530=CARTESIAN_POINT('',(1.22861201037341,-0.264895224666964,-0.259738224610204));
#7531=CARTESIAN_POINT('',(1.22936470280624,-0.259983794951094,-0.249865260363079));
#7532=CARTESIAN_POINT('',(1.21974437135726,-0.257740103068079,-0.250000000000115));
#7533=CARTESIAN_POINT('',(1.23070866766055,-0.254766850030728,-0.259738230517035));
#7534=CARTESIAN_POINT('',(1.23045895734266,-0.254715157934312,-0.250000000000114));
#7535=CARTESIAN_POINT('',(1.22091963614454,-0.252740439727691,-0.250000000000114));
#7536=CARTESIAN_POINT('',(1.22091963614454,-0.252740439727692,-0.26));
#7537=CARTESIAN_POINT('',(1.21834808747596,0.279544405199842,-0.00026176948308022));
#7538=CARTESIAN_POINT('',(1.22073199497649,0.269119457279041,3.78317503249586E-5));
#7539=CARTESIAN_POINT('',(1.21017132389895,0.26743577663397,-0.000261769483078649));
#7540=CARTESIAN_POINT('',(1.21834248688884,0.279548219327832,-8.58821496437868E-5));
#7541=CARTESIAN_POINT('',(1.22073005950735,0.269118509619345,0.000119589613848924));
#7542=CARTESIAN_POINT('',(1.21016596815627,0.267437258497015,-0.000173825825829806));
#7543=CARTESIAN_POINT('',(1.21833742102909,0.27954974151663,8.96748115905899E-5));
#7544=CARTESIAN_POINT('',(1.22072833260403,0.269116592364568,0.000201096883860017));
#7545=CARTESIAN_POINT('',(1.21016096478804,0.267437616381726,-8.60473357908385E-5));
#7546=CARTESIAN_POINT('',(1.2183328843611,0.279548995685429,0.000264904848265854));
#7547=CARTESIAN_POINT('',(1.22072681095476,0.269113719301626,0.0002823659609494));
#7548=CARTESIAN_POINT('',(1.2101563099557,0.267436864034063,1.56768259439658E-6));
#7549=CARTESIAN_POINT('',(1.21834013934063,0.279548394507028,0.));
#7550=CARTESIAN_POINT('',(1.21957313463672,0.274174700039929,4.50282663164613E-16));
#7551=CARTESIAN_POINT('',(1.21552692298184,0.268288857114414,1.85621110076844E-13));
#7552=CARTESIAN_POINT('',(1.21015639328086,0.267436877377062,8.34951604516385E-16));
#7553=CARTESIAN_POINT('',(1.21015639328086,0.267436877377062,8.34951604516388E-16));
#7554=CARTESIAN_POINT('',(1.20860469618607,0.277308828560652,-0.000523538966158962));
#7555=CARTESIAN_POINT('',(1.21015639328086,0.267436877377062,8.34951604516388E-16));
#7556=CARTESIAN_POINT('',(1.21016103440762,0.267437613644466,-8.7280283281732E-5));
#7557=CARTESIAN_POINT('',(1.21016601140864,0.267437246510552,-0.00017453676939948));
#7558=CARTESIAN_POINT('',(1.21017132389895,0.26743577663397,-0.000261769483078633));
#7559=CARTESIAN_POINT('',(1.21017132389895,0.26743577663397,0.000261769483081429));
#7560=CARTESIAN_POINT('',(1.22073199497649,0.269119457279041,-3.78317503221406E-5));
#7561=CARTESIAN_POINT('',(1.21834808747596,0.279544405199842,0.00026176948308247));
#7562=CARTESIAN_POINT('',(1.21016596815627,0.267437258497014,0.000173825825832198));
#7563=CARTESIAN_POINT('',(1.22073005950735,0.269118509619345,-0.000119589613846479));
#7564=CARTESIAN_POINT('',(1.21834248688884,0.279548219327832,8.58821496452543E-5));
#7565=CARTESIAN_POINT('',(1.21016096478804,0.267437616381726,8.60473357927314E-5));
#7566=CARTESIAN_POINT('',(1.22072833260403,0.269116592364568,-0.000201096883858021));
#7567=CARTESIAN_POINT('',(1.21833742102909,0.279549741516631,-8.96748115901192E-5));
#7568=CARTESIAN_POINT('',(1.2101563099557,0.267436864034063,-1.56768259274103E-6));
#7569=CARTESIAN_POINT('',(1.22072681095476,0.269113719301626,-0.000282365960947625));
#7570=CARTESIAN_POINT('',(1.2183328843611,0.279548995685429,-0.000264904848265855));
#7571=CARTESIAN_POINT('',(1.21017132389895,0.26743577663397,0.000261769483081422));
#7572=CARTESIAN_POINT('',(1.21016601140864,0.267437246510552,0.000174536769402149));
#7573=CARTESIAN_POINT('',(1.21016103440762,0.267437613644466,8.72802832835299E-5));
#7574=CARTESIAN_POINT('',(1.21015639328086,0.267436877377062,8.42124396920455E-16));
#7575=CARTESIAN_POINT('',(0.836691838395314,0.914321221110953,0.000261769483081416));
#7576=CARTESIAN_POINT('',(0.843430284144572,0.922625190222575,-3.78317503220818E-5));
#7577=CARTESIAN_POINT('',(0.851266600126854,0.915348191806448,0.000261769483081416));
#7578=CARTESIAN_POINT('',(0.836512317780464,0.917427245889559,0.0802610669767669));
#7579=CARTESIAN_POINT('',(0.843248229445283,0.925617592687773,0.0796440437308416));
#7580=CARTESIAN_POINT('',(0.851037649833632,0.918421865065047,0.0802610669767693));
#7581=CARTESIAN_POINT('',(0.836342831806872,0.920514186457163,0.160261098286833));
#7582=CARTESIAN_POINT('',(0.843074567231901,0.928606822367982,0.159664146319155));
#7583=CARTESIAN_POINT('',(0.8508192020642,0.921477425793851,0.160261098286831));
#7584=CARTESIAN_POINT('',(0.836182708776387,0.923583283854253,0.240261769483079));
#7585=CARTESIAN_POINT('',(0.842909051399501,0.931591718353676,0.239975234485207));
#7586=CARTESIAN_POINT('',(0.850610579353311,0.924516043446522,0.240261769483079));
#7587=CARTESIAN_POINT('',(0.843842093594259,0.917159476498058,0.240523538966157));
#7588=CARTESIAN_POINT('',(0.844458838320261,0.908027955749981,0.000523538966161209));
#7589=CARTESIAN_POINT('',(1.14748366001438,0.6625,0.24));
#7590=CARTESIAN_POINT('',(0.829339459440098,0.930977201016576,0.25));
#7591=CARTESIAN_POINT('',(0.833136663861208,0.927407859346267,0.25));
#7592=CARTESIAN_POINT('',(0.836266245288399,0.923894841303531,0.245463089082132));
#7593=CARTESIAN_POINT('',(0.836182708776395,0.923583283854252,0.24026176948308));
#7594=CARTESIAN_POINT('',(-0.842811071167619,0.931000184986799,0.222378070232057));
#7595=CARTESIAN_POINT('',(-0.839132034403573,0.934650215385811,0.231423138846441));
#7596=CARTESIAN_POINT('',(-0.832297203656406,0.926779654150312,0.231319919857568));
#7597=CARTESIAN_POINT('',(-0.848569653047466,0.925940701953463,0.226727086906536));
#7598=CARTESIAN_POINT('',(-0.841907209434299,0.932258645321926,0.233626782475835));
#7599=CARTESIAN_POINT('',(-0.835096382569018,0.92420182459801,0.233494440050532));
#7600=CARTESIAN_POINT('',(-0.854792033861891,0.920889471096149,0.246507577177373));
#7601=CARTESIAN_POINT('',(-0.84501042500768,0.929809255032073,0.242501726093878));
#7602=CARTESIAN_POINT('',(-0.838229657357104,0.921752431523094,0.243384661699134));
#7603=CARTESIAN_POINT('',(-0.842629944481234,0.932525522717361,0.259738207704004));
#7604=CARTESIAN_POINT('',(-0.839269048868804,0.935173926525531,0.24988423780732));
#7605=CARTESIAN_POINT('',(-0.832557356175348,0.9279524028696,0.25));
#7606=CARTESIAN_POINT('',(-0.835988897999025,0.938441545836369,0.259738230516921));
#7607=CARTESIAN_POINT('',(-0.835819276171405,0.938251136405694,0.25));
#7608=CARTESIAN_POINT('',(-0.829339459440098,0.930977201016576,0.25));
#7609=CARTESIAN_POINT('',(-0.829339459440099,0.930977201016576,0.26));
#7610=CARTESIAN_POINT('',(-1.14748366001438,0.6625,-0.24));
#7611=CARTESIAN_POINT('',(-0.829339459440098,0.930977201016576,-0.25));
#7612=CARTESIAN_POINT('',(-0.833136663861208,0.927407859346267,-0.25));
#7613=CARTESIAN_POINT('',(-0.836266245288399,0.923894841303531,-0.245463089082132));
#7614=CARTESIAN_POINT('',(-0.836182708776395,0.923583283854252,-0.24026176948308));
#7615=CARTESIAN_POINT('',(0.,7.65404249467096E-17,-0.26));
#7616=CARTESIAN_POINT('',(1.22091963614454,0.252740439727692,-0.26));
#7617=CARTESIAN_POINT('',(1.21017132389895,0.26743577663397,-0.000261769483078741));
#7618=CARTESIAN_POINT('',(1.22073199497649,0.269119457279041,3.78317503247702E-5));
#7619=CARTESIAN_POINT('',(1.21834808747596,0.279544405199842,-0.000261769483078741));
#7620=CARTESIAN_POINT('',(1.21277145995457,0.2657272948317,-0.0802610669768514));
#7621=CARTESIAN_POINT('',(1.2232324641793,0.267465592052502,-0.079644043730285));
#7622=CARTESIAN_POINT('',(1.22089549145419,0.277809291800575,-0.0802610669768496));
#7623=CARTESIAN_POINT('',(1.21536008591955,0.26403704538923,-0.160261098286849));
#7624=CARTESIAN_POINT('',(1.2257343819141,0.265820581323272,-0.159664146319103));
#7625=CARTESIAN_POINT('',(1.22343246078344,0.276092330118369,-0.160261098286847));
#7626=CARTESIAN_POINT('',(1.21793794071663,0.262363826078511,-0.240261769483079));
#7627=CARTESIAN_POINT('',(1.22823661974923,0.264184792414974,-0.239975234485207));
#7628=CARTESIAN_POINT('',(1.22595966950762,0.274392348724507,-0.240261769483079));
#7629=CARTESIAN_POINT('',(1.21620445276608,0.272208951586245,-0.240523538966157));
#7630=CARTESIAN_POINT('',(1.14748366001438,0.6625,1.65611881847161E-15));
#7631=CARTESIAN_POINT('',(0.836685326357749,0.914307740444845,8.38519809499096E-16));
#7632=CARTESIAN_POINT('',(0.836688284547407,0.914311391644823,8.72802832838172E-5));
#7633=CARTESIAN_POINT('',(0.836690455100619,0.914315885421094,0.000174536769401869));
#7634=CARTESIAN_POINT('',(0.836691838395315,0.914321221110953,0.000261769483081431));
#7635=CARTESIAN_POINT('',(0.836685326357749,0.914307740444845,8.38519809499096E-16));
#7636=CARTESIAN_POINT('',(0.836691838395314,0.914321221110953,-0.000261769483078649));
#7637=CARTESIAN_POINT('',(0.836690455100618,0.914315885421094,-0.000174536769399698));
#7638=CARTESIAN_POINT('',(0.836688284547407,0.914311391644823,-8.7280283281542E-5));
#7639=CARTESIAN_POINT('',(0.836685326357749,0.914307740444845,8.31522374851416E-16));
#7640=CARTESIAN_POINT('',(0.851266600126855,0.915348191806448,0.000261769483082472));
#7641=CARTESIAN_POINT('',(0.843430284144573,0.922625190222575,-3.78317503221276E-5));
#7642=CARTESIAN_POINT('',(0.836691838395315,0.914321221110953,0.000261769483081443));
#7643=CARTESIAN_POINT('',(0.851267102965024,0.915341434491732,8.58821496456026E-5));
#7644=CARTESIAN_POINT('',(0.843428495712632,0.922623987886984,-0.000119589613846253));
#7645=CARTESIAN_POINT('',(0.836690443855014,0.91431584197021,0.000173825825832437));
#7646=CARTESIAN_POINT('',(0.851265888289321,0.915336286234096,-8.96748115898802E-5));
#7647=CARTESIAN_POINT('',(0.84342597186963,0.922623450972225,-0.00020109688385791));
#7648=CARTESIAN_POINT('',(0.836688252108153,0.914311329983869,8.60473357928597E-5));
#7649=CARTESIAN_POINT('',(0.851262974046556,0.915332730279965,-0.000264904848265874));
#7650=CARTESIAN_POINT('',(0.843422722899502,0.922623569716773,-0.000282365960947634));
#7651=CARTESIAN_POINT('',(0.836685273139791,0.914307674954638,-1.56768259275086E-6));
#7652=CARTESIAN_POINT('',(0.851266080900555,0.915339313865744,0.));
#7653=CARTESIAN_POINT('',(0.847228822627918,0.919093966348458,0.));
#7654=CARTESIAN_POINT('',(0.840108427304297,0.918532765729,-3.44034085232649E-15));
#7655=CARTESIAN_POINT('',(0.836685326357749,0.914307740444845,8.38519809499104E-16));
#7656=CARTESIAN_POINT('',(0.835988897999025,0.938441545836369,0.259738230516921));
#7657=CARTESIAN_POINT('',(0.835819276171405,0.938251136405694,0.25));
#7658=CARTESIAN_POINT('',(0.829339459440098,0.930977201016576,0.25));
#7659=CARTESIAN_POINT('',(0.84382095576189,0.931464537199633,0.259738187001022));
#7660=CARTESIAN_POINT('',(0.839891960869579,0.934618286408869,0.249863325991463));
#7661=CARTESIAN_POINT('',(0.833134456352376,0.927409932156695,0.25));
#7662=CARTESIAN_POINT('',(0.850583836135597,0.924905498519135,0.250515222999765));
#7663=CARTESIAN_POINT('',(0.843008583447019,0.931669708870272,0.244829975054139));
#7664=CARTESIAN_POINT('',(0.836265047679546,0.923890373691734,0.24538849632187));
#7665=CARTESIAN_POINT('',(0.850610579354908,0.924516043445044,0.240261769482848));
#7666=CARTESIAN_POINT('',(0.842909051401092,0.931591718352234,0.239975234485125));
#7667=CARTESIAN_POINT('',(0.836182708777967,0.923583283852788,0.240261769482992));
#7668=CARTESIAN_POINT('',(0.829339459440099,0.930977201016576,0.26));
#7669=CARTESIAN_POINT('',(0.,7.65404249467096E-17,0.26));
#7670=CARTESIAN_POINT('',(-0.391580176704437,1.18371764074427,0.26));
#7671=CARTESIAN_POINT('',(-0.835988897998991,0.938441545836401,-0.259738230516921));
#7672=CARTESIAN_POINT('',(-0.835819276171388,0.93825113640571,-0.250000000000001));
#7673=CARTESIAN_POINT('',(-0.829339459440081,0.930977201016592,-0.25));
#7674=CARTESIAN_POINT('',(-0.842634461582002,0.932521498267998,-0.259738193593348));
#7675=CARTESIAN_POINT('',(-0.839271408570494,0.935171821382553,-0.249884150920585));
#7676=CARTESIAN_POINT('',(-0.832559544638775,0.927950344889581,-0.25000000000001));
#7677=CARTESIAN_POINT('',(-0.854789717909888,0.920893013954624,-0.246546634493037));
#7678=CARTESIAN_POINT('',(-0.845009590718168,0.929810660635554,-0.242521140389278));
#7679=CARTESIAN_POINT('',(-0.838228915974764,0.921754682656813,-0.243404196867734));
#7680=CARTESIAN_POINT('',(-0.848557227241572,0.925951633945786,-0.226718368472087));
#7681=CARTESIAN_POINT('',(-0.84190116958965,0.932263862078877,-0.233622304154268));
#7682=CARTESIAN_POINT('',(-0.835090354405122,0.924207390602719,-0.233490060756434));
#7683=CARTESIAN_POINT('',(-0.842811878250661,0.930999475885676,-0.22237867980761));
#7684=CARTESIAN_POINT('',(-0.839132420924996,0.934649882292991,-0.231423445787404));
#7685=CARTESIAN_POINT('',(-0.832297595971083,0.926779292859892,-0.231320224645344));
#7686=CARTESIAN_POINT('',(-0.829339459440098,0.930977201016576,-0.26));
#7687=CARTESIAN_POINT('',(1.23070866766055,0.25476685003073,-0.259738230516921));
#7688=CARTESIAN_POINT('',(1.23045895734265,0.254715157934313,-0.25));
#7689=CARTESIAN_POINT('',(1.22091963614454,0.252740439727692,-0.25));
#7690=CARTESIAN_POINT('',(1.22858242982014,0.265038115335647,-0.25973818700102));
#7691=CARTESIAN_POINT('',(1.22934915930628,0.260058631342919,-0.249863325991428));
#7692=CARTESIAN_POINT('',(1.21972778914581,0.257810637890956,-0.25));
#7693=CARTESIAN_POINT('',(1.22628357588528,0.274174460882283,-0.250515222999766));
#7694=CARTESIAN_POINT('',(1.22835392754156,0.264231994438339,-0.244829975054147));
#7695=CARTESIAN_POINT('',(1.2182450577687,0.262281588741624,-0.24538849632188));
#7696=CARTESIAN_POINT('',(1.22595966950714,0.274392348726629,-0.240261769482848));
#7697=CARTESIAN_POINT('',(1.22823661974878,0.264184792417073,-0.239975234485125));
#7698=CARTESIAN_POINT('',(1.21793794071615,0.262363826080612,-0.240261769482992));
#7699=CARTESIAN_POINT('',(1.22091963614454,0.252740439727692,-0.25));
#7700=CARTESIAN_POINT('',(1.21972709779382,0.25781358605489,-0.25));
#7701=CARTESIAN_POINT('',(1.21824952563845,0.262280392095416,-0.245463089082132));
#7702=CARTESIAN_POINT('',(1.21793794071663,0.262363826078517,-0.24026176948308));
#7703=CARTESIAN_POINT('',(0.836691838395315,0.914321221110953,-0.000261769483078664));
#7704=CARTESIAN_POINT('',(0.843430284144573,0.922625190222574,3.78317503249437E-5));
#7705=CARTESIAN_POINT('',(0.851266600126855,0.915348191806448,-0.000261769483080227));
#7706=CARTESIAN_POINT('',(0.836690443855014,0.91431584197021,-0.000173825825830014));
#7707=CARTESIAN_POINT('',(0.843428495712633,0.922623987886984,0.000119589613848758));
#7708=CARTESIAN_POINT('',(0.851267102965024,0.915341434491732,-8.58821496440935E-5));
#7709=CARTESIAN_POINT('',(0.836688252108153,0.91431132998387,-8.60473357907878E-5));
#7710=CARTESIAN_POINT('',(0.843425971869631,0.922623450972225,0.000201096883860058));
#7711=CARTESIAN_POINT('',(0.851265888289321,0.915336286234096,8.96748115906898E-5));
#7712=CARTESIAN_POINT('',(0.836685273139791,0.914307674954638,1.567682594425E-6));
#7713=CARTESIAN_POINT('',(0.843422722899502,0.922623569716773,0.000282365960949427));
#7714=CARTESIAN_POINT('',(0.851262974046556,0.915332730279965,0.00026490484826591));
#7715=CARTESIAN_POINT('',(0.844458838320261,0.908027955749981,-0.000523538966157384));
#7716=CARTESIAN_POINT('',(0.,7.65404249467096E-17,0.26));
#7717=CARTESIAN_POINT('',(0.391580176704437,1.18371764074427,0.26));
#7718=CARTESIAN_POINT('',(2.01532349507759E-17,1.325,0.24));
#7719=CARTESIAN_POINT('',(-0.391580176704437,1.18371764074427,0.25));
#7720=CARTESIAN_POINT('',(-0.386590433932608,1.18522144540115,0.25));
#7721=CARTESIAN_POINT('',(-0.381983280350051,1.18617523339895,0.245463089082132));
#7722=CARTESIAN_POINT('',(-0.381755231940239,1.18594710993277,0.24026176948308));
#7723=CARTESIAN_POINT('',(0.381755231940243,1.18594710993276,0.240261769483079));
#7724=CARTESIAN_POINT('',(0.381983285701832,1.18617523875248,0.245463211145275));
#7725=CARTESIAN_POINT('',(0.386590530536428,1.18522141628677,0.250000000000007));
#7726=CARTESIAN_POINT('',(0.391580176704435,1.18371764074427,0.250000000000007));
#7727=CARTESIAN_POINT('',(-0.394719769661521,1.1932083958671,0.259738230516921));
#7728=CARTESIAN_POINT('',(-0.394639681171246,1.19296629434,0.25));
#7729=CARTESIAN_POINT('',(-0.391580176704437,1.18371764074427,0.25));
#7730=CARTESIAN_POINT('',(-0.384761474058259,1.19650265253528,0.259738187001027));
#7731=CARTESIAN_POINT('',(-0.38945719843684,1.19467691775197,0.249863325991464));
#7732=CARTESIAN_POINT('',(-0.386593332793552,1.18522057004781,0.25));
#7733=CARTESIAN_POINT('',(-0.375699739749672,1.19907995940142,0.250515222999767));
#7734=CARTESIAN_POINT('',(-0.385345344094529,1.19590170330861,0.244829975054141));
#7735=CARTESIAN_POINT('',(-0.381980010089168,1.18617196243336,0.245388496321878));
#7736=CARTESIAN_POINT('',(-0.375349090152231,1.19890839217167,0.240261769482848));
#7737=CARTESIAN_POINT('',(-0.385327568347686,1.19577651076931,0.239975234485125));
#7738=CARTESIAN_POINT('',(-0.381755231938184,1.1859471099334,0.240261769482992));
#7739=CARTESIAN_POINT('',(-0.372362359171825,1.1893684280843,0.240523538966157));
#7740=CARTESIAN_POINT('',(0.,7.65404249467096E-17,-0.26));
#7741=CARTESIAN_POINT('',(-0.391580176704437,1.18371764074427,-0.26));
#7742=CARTESIAN_POINT('',(1.14748366001438,0.6625,-0.24));
#7743=CARTESIAN_POINT('',(0.836182708776388,0.923583283854253,-0.240261769483079));
#7744=CARTESIAN_POINT('',(0.836266247248804,0.923894848615077,-0.245463211145275));
#7745=CARTESIAN_POINT('',(0.833136590345503,0.927407928450437,-0.250000000000006));
#7746=CARTESIAN_POINT('',(0.829339459440099,0.930977201016574,-0.250000000000007));
#7747=CARTESIAN_POINT('',(0.836182708776387,0.923583283854253,-0.240261769483079));
#7748=CARTESIAN_POINT('',(0.842909051399501,0.931591718353676,-0.239975234485207));
#7749=CARTESIAN_POINT('',(0.850610579353311,0.924516043446522,-0.240261769483079));
#7750=CARTESIAN_POINT('',(0.836342831806933,0.920514186457239,-0.160261098286911));
#7751=CARTESIAN_POINT('',(0.843074567231952,0.928606822368082,-0.159664146319242));
#7752=CARTESIAN_POINT('',(0.850819202064205,0.921477425793849,-0.160261098286911));
#7753=CARTESIAN_POINT('',(0.836512317780463,0.917427245889561,-0.0802610669768578));
#7754=CARTESIAN_POINT('',(0.843248229445283,0.925617592687723,-0.0796440437309317));
#7755=CARTESIAN_POINT('',(0.851037649833633,0.918421865065049,-0.0802610669768602));
#7756=CARTESIAN_POINT('',(0.836691838395314,0.914321221110953,-0.000261769483078105));
#7757=CARTESIAN_POINT('',(0.843430284144572,0.922625190222574,3.78317503253934E-5));
#7758=CARTESIAN_POINT('',(0.851266600126854,0.915348191806448,-0.000261769483078105));
#7759=CARTESIAN_POINT('',(0.843842093594259,0.917159476498058,-0.240523538966157));
#7760=CARTESIAN_POINT('',(0.375349090154309,1.19890839217103,0.240261769483079));
#7761=CARTESIAN_POINT('',(0.38532756834973,1.19577651076865,0.239975234485207));
#7762=CARTESIAN_POINT('',(0.381755231940243,1.18594710993276,0.240261769483079));
#7763=CARTESIAN_POINT('',(0.375704723507288,1.19908236912899,0.250659907007223));
#7764=CARTESIAN_POINT('',(0.385345608672643,1.19590345073245,0.244897940401668));
#7765=CARTESIAN_POINT('',(0.381983182492094,1.18617513691107,0.245460838813433));
#7766=CARTESIAN_POINT('',(0.384900011283912,1.19645682471153,0.259738224610202));
#7767=CARTESIAN_POINT('',(0.389529780403175,1.19465296062165,0.249865260363119));
#7768=CARTESIAN_POINT('',(0.386662708847627,1.18519966325248,0.250000000000115));
#7769=CARTESIAN_POINT('',(0.394719769661526,1.1932083958671,0.259738230517035));
#7770=CARTESIAN_POINT('',(0.394639681171249,1.19296629434001,0.250000000000114));
#7771=CARTESIAN_POINT('',(0.39158017670444,1.18371764074427,0.250000000000114));
#7772=CARTESIAN_POINT('',(0.372362359171825,1.1893684280843,0.240523538966157));
#7773=CARTESIAN_POINT('',(-0.373479485503636,1.18175699774492,0.000261769483078564));
#7774=CARTESIAN_POINT('',(-0.377301710831913,1.19174464750161,-3.78317503249313E-5));
#7775=CARTESIAN_POINT('',(-0.367081487349107,1.19489259700629,0.000261769483078564));
#7776=CARTESIAN_POINT('',(-0.376259142174134,1.18315454072131,0.0802610669767434));
#7777=CARTESIAN_POINT('',(-0.379984234734368,1.19308318473997,0.0796440437309675));
#7778=CARTESIAN_POINT('',(-0.36985784162045,1.1962311568655,0.0802610669767516));
#7779=CARTESIAN_POINT('',(-0.379017254112421,1.18455123184632,0.160261098286836));
#7780=CARTESIAN_POINT('',(-0.382659814682285,1.19442740369132,0.159664146319648));
#7781=CARTESIAN_POINT('',(-0.372613258719352,1.1975697559121,0.160261098286825));
#7782=CARTESIAN_POINT('',(-0.381755231940243,1.18594710993276,0.240261769483079));
#7783=CARTESIAN_POINT('',(-0.38532756834973,1.19577651076865,0.239975234485207));
#7784=CARTESIAN_POINT('',(-0.375349090154309,1.19890839217103,0.240261769483079));
#7785=CARTESIAN_POINT('',(-0.364145857865805,1.18533678431063,0.000523538966157308));
#7786=CARTESIAN_POINT('',(-0.381755231940243,1.18594710993276,-0.240261769483079));
#7787=CARTESIAN_POINT('',(-0.38532756834973,1.19577651076865,-0.239975234485207));
#7788=CARTESIAN_POINT('',(-0.375349090154309,1.19890839217103,-0.240261769483079));
#7789=CARTESIAN_POINT('',(-0.379017254112429,1.18455123184634,-0.160261098286917));
#7790=CARTESIAN_POINT('',(-0.38265981468244,1.1944274036912,-0.159664146319289));
#7791=CARTESIAN_POINT('',(-0.3726132587194,1.19756975591209,-0.160261098286904));
#7792=CARTESIAN_POINT('',(-0.376259142174247,1.1831545407216,-0.080261066976835));
#7793=CARTESIAN_POINT('',(-0.379984234734494,1.19308318474058,-0.0796440437314448));
#7794=CARTESIAN_POINT('',(-0.369857841620501,1.19623115686549,-0.0802610669768504));
#7795=CARTESIAN_POINT('',(-0.373479485503636,1.18175699774492,-0.000261769483078111));
#7796=CARTESIAN_POINT('',(-0.377301710831913,1.19174464750161,3.78317503253842E-5));
#7797=CARTESIAN_POINT('',(-0.367081487349107,1.19489259700629,-0.000261769483078111));
#7798=CARTESIAN_POINT('',(-0.372362359171825,1.1893684280843,-0.240523538966157));
#7799=CARTESIAN_POINT('',(-0.364145857865805,1.18533678431063,-0.000523538966157387));
#7800=CARTESIAN_POINT('',(-0.375349090154309,1.19890839217103,-0.240261769483079));
#7801=CARTESIAN_POINT('',(-0.38532756834973,1.19577651076865,-0.239975234485207));
#7802=CARTESIAN_POINT('',(-0.381755231940243,1.18594710993276,-0.240261769483079));
#7803=CARTESIAN_POINT('',(-0.375704723507288,1.19908236912899,-0.250659907007223));
#7804=CARTESIAN_POINT('',(-0.385345608672643,1.19590345073245,-0.244897940401668));
#7805=CARTESIAN_POINT('',(-0.381983182492094,1.18617513691107,-0.245460838813433));
#7806=CARTESIAN_POINT('',(-0.384900011283912,1.19645682471153,-0.259738224610202));
#7807=CARTESIAN_POINT('',(-0.389529780403175,1.19465296062165,-0.249865260363119));
#7808=CARTESIAN_POINT('',(-0.386662708847627,1.18519966325248,-0.250000000000115));
#7809=CARTESIAN_POINT('',(-0.394719769661526,1.1932083958671,-0.259738230517035));
#7810=CARTESIAN_POINT('',(-0.394639681171249,1.19296629434001,-0.250000000000114));
#7811=CARTESIAN_POINT('',(-0.39158017670444,1.18371764074427,-0.250000000000114));
#7812=CARTESIAN_POINT('',(-0.381755231940243,1.18594710993276,-0.240261769483079));
#7813=CARTESIAN_POINT('',(-0.381983285701832,1.18617523875248,-0.245463211145275));
#7814=CARTESIAN_POINT('',(-0.386590530536428,1.18522141628677,-0.250000000000007));
#7815=CARTESIAN_POINT('',(-0.391580176704435,1.18371764074427,-0.250000000000007));
#7816=CARTESIAN_POINT('',(0.850610579353312,0.924516043446521,-0.240261769483079));
#7817=CARTESIAN_POINT('',(0.842909051399502,0.931591718353675,-0.239975234485207));
#7818=CARTESIAN_POINT('',(0.836182708776388,0.923583283854253,-0.240261769483079));
#7819=CARTESIAN_POINT('',(0.850583431141956,0.924911019443746,-0.250659907007194));
#7820=CARTESIAN_POINT('',(0.843009964471156,0.931670811713506,-0.244897940401654));
#7821=CARTESIAN_POINT('',(0.83626621065629,0.923894708311953,-0.24546083881342));
#7822=CARTESIAN_POINT('',(0.843711999089506,0.931561600044538,-0.259738224610203));
#7823=CARTESIAN_POINT('',(0.839834922403079,0.934669165670559,-0.249865260363115));
#7824=CARTESIAN_POINT('',(0.833081662509627,0.927459560184415,-0.250000000000114));
#7825=CARTESIAN_POINT('',(0.835988897999026,0.938441545836375,-0.259738230517035));
#7826=CARTESIAN_POINT('',(0.835819276171407,0.938251136405698,-0.250000000000114));
#7827=CARTESIAN_POINT('',(0.8293394594401,0.93097720101658,-0.250000000000114));
#7828=CARTESIAN_POINT('',(0.829339459440098,0.930977201016576,-0.26));
#7829=CARTESIAN_POINT('',(0.381755231940243,1.18594710993276,0.240261769483079));
#7830=CARTESIAN_POINT('',(0.38532756834973,1.19577651076865,0.239975234485207));
#7831=CARTESIAN_POINT('',(0.375349090154309,1.19890839217103,0.240261769483079));
#7832=CARTESIAN_POINT('',(0.379017254112429,1.18455123184634,0.160261098286917));
#7833=CARTESIAN_POINT('',(0.38265981468244,1.1944274036912,0.159664146319289));
#7834=CARTESIAN_POINT('',(0.3726132587194,1.19756975591209,0.160261098286904));
#7835=CARTESIAN_POINT('',(0.376259142174247,1.1831545407216,0.080261066976835));
#7836=CARTESIAN_POINT('',(0.379984234734494,1.19308318474058,0.0796440437314448));
#7837=CARTESIAN_POINT('',(0.369857841620501,1.19623115686549,0.0802610669768504));
#7838=CARTESIAN_POINT('',(0.373479485503636,1.18175699774492,0.000261769483078111));
#7839=CARTESIAN_POINT('',(0.377301710831913,1.19174464750161,-3.78317503253842E-5));
#7840=CARTESIAN_POINT('',(0.367081487349107,1.19489259700629,0.000261769483078111));
#7841=CARTESIAN_POINT('',(0.364145857865805,1.18533678431063,0.000523538966157387));
#7842=CARTESIAN_POINT('',(-0.367081487349108,1.19489259700629,0.000261769483078574));
#7843=CARTESIAN_POINT('',(-0.377301710831913,1.19174464750162,-3.78317503248359E-5));
#7844=CARTESIAN_POINT('',(-0.373479485503637,1.18175699774492,0.000261769483078648));
#7845=CARTESIAN_POINT('',(-0.367075383923813,1.19488965381956,8.58821496425369E-5));
#7846=CARTESIAN_POINT('',(-0.377301563794715,1.19174249750633,-0.000119589613848611));
#7847=CARTESIAN_POINT('',(-0.373475524301253,1.18175310046722,0.00017382582582999));
#7848=CARTESIAN_POINT('',(-0.36707153273977,1.19488602775073,-8.96748115914604E-5));
#7849=CARTESIAN_POINT('',(-0.377302360734397,1.19174004333679,-0.00020109688385954));
#7850=CARTESIAN_POINT('',(-0.37347271267989,1.1817489463656,8.60473357912209E-5));
#7851=CARTESIAN_POINT('',(-0.36706991031454,1.19488172596539,-0.00026490484826591));
#7852=CARTESIAN_POINT('',(-0.377304088055256,1.1917372890184,-0.000282365960948541));
#7853=CARTESIAN_POINT('',(-0.373471036815905,1.1817445389887,-1.56768259359694E-6));
#7854=CARTESIAN_POINT('',(-0.367074058440074,1.19488770837277,0.));
#7855=CARTESIAN_POINT('',(-0.372344312008805,1.19326866638839,0.));
#7856=CARTESIAN_POINT('',(-0.375418495677546,1.18682162284341,4.93421254708688E-17));
#7857=CARTESIAN_POINT('',(-0.37347106692311,1.18174461782191,-6.4335490352168E-18));
#7858=CARTESIAN_POINT('',(-0.37347106692311,1.18174461782191,-6.4335490352169E-18));
#7859=CARTESIAN_POINT('',(-0.37347106692311,1.18174461782191,-6.4335490352169E-18));
#7860=CARTESIAN_POINT('',(-0.373472749860216,1.18174900528929,8.72802832823254E-5));
#7861=CARTESIAN_POINT('',(-0.37347555630802,1.18175313193164,0.000174536769399745));
#7862=CARTESIAN_POINT('',(-0.373479485503637,1.18175699774492,0.000261769483078658));
#7863=CARTESIAN_POINT('',(-0.373479485503637,1.18175699774492,-0.000261769483078648));
#7864=CARTESIAN_POINT('',(-0.377301710831913,1.19174464750162,3.78317503248359E-5));
#7865=CARTESIAN_POINT('',(-0.367081487349107,1.19489259700629,-0.000261769483078574));
#7866=CARTESIAN_POINT('',(-0.373475524301253,1.18175310046723,-0.000173825825830078));
#7867=CARTESIAN_POINT('',(-0.377301563794715,1.19174249750633,0.000119589613848494));
#7868=CARTESIAN_POINT('',(-0.367075383923813,1.19488965381956,-8.58821496427296E-5));
#7869=CARTESIAN_POINT('',(-0.37347271267989,1.18174894636559,-8.60473357912566E-5));
#7870=CARTESIAN_POINT('',(-0.377302360734397,1.19174004333679,0.000201096883859516));
#7871=CARTESIAN_POINT('',(-0.36707153273977,1.19488602775073,8.96748115914069E-5));
#7872=CARTESIAN_POINT('',(-0.373471036815905,1.1817445389887,1.56768259357953E-6));
#7873=CARTESIAN_POINT('',(-0.377304088055256,1.1917372890184,0.000282365960948523));
#7874=CARTESIAN_POINT('',(-0.36706991031454,1.19488172596539,0.000264904848265876));
#7875=CARTESIAN_POINT('',(-0.373479485503637,1.18175699774492,-0.000261769483078655));
#7876=CARTESIAN_POINT('',(-0.37347555630802,1.18175313193164,-0.000174536769399991));
#7877=CARTESIAN_POINT('',(-0.373472749860216,1.18174900528929,-8.72802832820864E-5));
#7878=CARTESIAN_POINT('',(-0.37347106692311,1.18174461782191,-3.31644015361416E-18));
#7879=CARTESIAN_POINT('',(2.01532349507759E-17,1.325,-0.24));
#7880=CARTESIAN_POINT('',(0.391580176704437,1.18371764074427,-0.25));
#7881=CARTESIAN_POINT('',(0.386590433932608,1.18522144540115,-0.25));
#7882=CARTESIAN_POINT('',(0.381983280350051,1.18617523339895,-0.245463089082132));
#7883=CARTESIAN_POINT('',(0.381755231940239,1.18594710993277,-0.24026176948308));
#7884=CARTESIAN_POINT('',(0.,7.65404249467096E-17,-0.26));
#7885=CARTESIAN_POINT('',(0.391580176704437,1.18371764074427,-0.26));
#7886=CARTESIAN_POINT('',(0.373479485503637,1.18175699774492,0.000261769483078648));
#7887=CARTESIAN_POINT('',(0.377301710831913,1.19174464750162,-3.78317503248359E-5));
#7888=CARTESIAN_POINT('',(0.367081487349107,1.19489259700629,0.000261769483078574));
#7889=CARTESIAN_POINT('',(0.373475524301253,1.18175310046722,0.000173825825830071));
#7890=CARTESIAN_POINT('',(0.377301563794715,1.19174249750633,-0.000119589613848496));
#7891=CARTESIAN_POINT('',(0.367075383923813,1.19488965381956,8.58821496427106E-5));
#7892=CARTESIAN_POINT('',(0.37347271267989,1.1817489463656,8.60473357912931E-5));
#7893=CARTESIAN_POINT('',(0.377302360734397,1.19174004333679,-0.000201096883859473));
#7894=CARTESIAN_POINT('',(0.36707153273977,1.19488602775073,-8.96748115913162E-5));
#7895=CARTESIAN_POINT('',(0.373471036815905,1.1817445389887,-1.56768259362493E-6));
#7896=CARTESIAN_POINT('',(0.377304088055256,1.1917372890184,-0.000282365960948567));
#7897=CARTESIAN_POINT('',(0.36706991031454,1.19488172596539,-0.000264904848265966));
#7898=CARTESIAN_POINT('',(0.373479485503637,1.18175699774492,0.000261769483078655));
#7899=CARTESIAN_POINT('',(0.37347555630802,1.18175313193164,0.000174536769399992));
#7900=CARTESIAN_POINT('',(0.373472749860216,1.18174900528929,8.72802832820722E-5));
#7901=CARTESIAN_POINT('',(0.37347106692311,1.18174461782191,-9.52090963032483E-18));
#7902=CARTESIAN_POINT('',(0.37347106692311,1.18174461782191,-2.88093781312439E-17));
#7903=CARTESIAN_POINT('',(0.367074058440074,1.19488770837277,0.));
#7904=CARTESIAN_POINT('',(0.372344312008805,1.19326866638839,0.));
#7905=CARTESIAN_POINT('',(0.375418495677546,1.18682162284341,1.27003885374718E-16));
#7906=CARTESIAN_POINT('',(0.37347106692311,1.18174461782191,-1.62139664949655E-17));
#7907=CARTESIAN_POINT('',(2.01532349507759E-17,1.325,0.));
#7908=CARTESIAN_POINT('',(0.37347106692311,1.18174461782191,-2.88093781312439E-17));
#7909=CARTESIAN_POINT('',(0.373472749860216,1.18174900528929,-8.72802832823489E-5));
#7910=CARTESIAN_POINT('',(0.37347555630802,1.18175313193165,-0.000174536769399748));
#7911=CARTESIAN_POINT('',(0.373479485503637,1.18175699774492,-0.00026176948307865));
#7912=CARTESIAN_POINT('',(0.394719769661521,1.1932083958671,-0.259738230516921));
#7913=CARTESIAN_POINT('',(0.394639681171246,1.19296629434,-0.25));
#7914=CARTESIAN_POINT('',(0.391580176704437,1.18371764074427,-0.25));
#7915=CARTESIAN_POINT('',(0.384761474058259,1.19650265253528,-0.259738187001027));
#7916=CARTESIAN_POINT('',(0.38945719843684,1.19467691775197,-0.249863325991464));
#7917=CARTESIAN_POINT('',(0.386593332793552,1.18522057004781,-0.25));
#7918=CARTESIAN_POINT('',(0.375699739749672,1.19907995940142,-0.250515222999767));
#7919=CARTESIAN_POINT('',(0.385345344094529,1.19590170330861,-0.244829975054141));
#7920=CARTESIAN_POINT('',(0.381980010089168,1.18617196243336,-0.245388496321878));
#7921=CARTESIAN_POINT('',(0.375349090152231,1.19890839217167,-0.240261769482848));
#7922=CARTESIAN_POINT('',(0.385327568347686,1.19577651076931,-0.239975234485125));
#7923=CARTESIAN_POINT('',(0.381755231938184,1.1859471099334,-0.240261769482992));
#7924=CARTESIAN_POINT('',(0.372362359171825,1.1893684280843,-0.240523538966157));
#7925=CARTESIAN_POINT('',(0.367081487349108,1.19489259700629,-0.000261769483078574));
#7926=CARTESIAN_POINT('',(0.377301710831913,1.19174464750162,3.78317503248359E-5));
#7927=CARTESIAN_POINT('',(0.373479485503637,1.18175699774492,-0.000261769483078648));
#7928=CARTESIAN_POINT('',(0.367075383923813,1.19488965381956,-8.58821496425583E-5));
#7929=CARTESIAN_POINT('',(0.377301563794716,1.19174249750633,0.000119589613848606));
#7930=CARTESIAN_POINT('',(0.373475524301253,1.18175310046722,-0.000173825825829997));
#7931=CARTESIAN_POINT('',(0.36707153273977,1.19488602775073,8.96748115913004E-5));
#7932=CARTESIAN_POINT('',(0.377302360734397,1.19174004333679,0.00020109688385947));
#7933=CARTESIAN_POINT('',(0.37347271267989,1.1817489463656,-8.60473357913035E-5));
#7934=CARTESIAN_POINT('',(0.36706991031454,1.19488172596539,0.000264904848265859));
#7935=CARTESIAN_POINT('',(0.377304088055256,1.1917372890184,0.000282365960948517));
#7936=CARTESIAN_POINT('',(0.373471036815905,1.1817445389887,1.56768259357129E-6));
#7937=CARTESIAN_POINT('',(0.364145857865805,1.18533678431063,-0.000523538966157308));
#7938=CARTESIAN_POINT('',(0.373479485503636,1.18175699774492,-0.000261769483078564));
#7939=CARTESIAN_POINT('',(0.377301710831913,1.19174464750161,3.78317503249313E-5));
#7940=CARTESIAN_POINT('',(0.367081487349107,1.19489259700629,-0.000261769483078564));
#7941=CARTESIAN_POINT('',(0.376259142174134,1.18315454072131,-0.0802610669767434));
#7942=CARTESIAN_POINT('',(0.379984234734368,1.19308318473997,-0.0796440437309675));
#7943=CARTESIAN_POINT('',(0.36985784162045,1.1962311568655,-0.0802610669767516));
#7944=CARTESIAN_POINT('',(0.379017254112421,1.18455123184632,-0.160261098286836));
#7945=CARTESIAN_POINT('',(0.382659814682285,1.19442740369132,-0.159664146319648));
#7946=CARTESIAN_POINT('',(0.372613258719352,1.1975697559121,-0.160261098286825));
#7947=CARTESIAN_POINT('',(0.381755231940243,1.18594710993276,-0.240261769483079));
#7948=CARTESIAN_POINT('',(0.38532756834973,1.19577651076865,-0.239975234485207));
#7949=CARTESIAN_POINT('',(0.375349090154309,1.19890839217103,-0.240261769483079));
#7950=CARTESIAN_POINT('',(0.,5.35782974626967E-17,-0.26));
#7951=CARTESIAN_POINT('',(0.,5.35782974626967E-17,0.26));
#7952=CARTESIAN_POINT('',(0.,0.,0.));
#7953=CARTESIAN_POINT('',(0.,0.,1.25));
#7954=CARTESIAN_POINT('',(0.189725258119712,1.12352277476517,1.25));
#7955=CARTESIAN_POINT('',(0.0572044790852618,1.14161436463733,1.25));
#7956=CARTESIAN_POINT('',(0.322246037154163,1.10543118489302,1.25));
#7957=CARTESIAN_POINT('',(0.315313745707824,1.0546521947957,1.25));
#7958=CARTESIAN_POINT('',(0.308381454261484,1.00387320469839,1.25));
#7959=CARTESIAN_POINT('',(0.125081685129719,1.02889708601688,1.25));
#7960=CARTESIAN_POINT('',(-0.0582180840020451,1.05392096733538,1.25));
#7961=CARTESIAN_POINT('',(-0.0362376477087729,1.21492752130247,1.25));
#7962=CARTESIAN_POINT('',(-0.0142572114155006,1.37593407526956,1.25));
#7963=CARTESIAN_POINT('',(0.0420464778953802,1.41871134224612,1.25));
#7964=CARTESIAN_POINT('',(0.0983501672062612,1.46148860922268,1.25));
#7965=CARTESIAN_POINT('',(0.230870946240712,1.44339701935052,1.25));
#7966=CARTESIAN_POINT('',(0.363391725275163,1.42530542947837,1.25));
#7967=CARTESIAN_POINT('',(0.356628514108003,1.37576495133465,1.25));
#7968=CARTESIAN_POINT('',(0.349865302940843,1.32622447319093,1.25));
#7969=CARTESIAN_POINT('',(0.218583035859984,1.3441469827839,1.25));
#7970=CARTESIAN_POINT('',(0.0873007687791263,1.36206949237688,1.25));
#7971=CARTESIAN_POINT('',(0.072252623932194,1.2518419285071,1.25));
#7972=CARTESIAN_POINT('',(6.93889390390723E-16,2.60208521396521E-16,1.25));
#7973=CARTESIAN_POINT('',(0.723404255319149,1.53840381024819,1.25));
#7974=CARTESIAN_POINT('',(0.970594653294133,1.39568836743624,1.25));
#7975=CARTESIAN_POINT('',(1.,2.12661703181368,1.25));
#7976=CARTESIAN_POINT('',(0.35,2.12661703181368,1.25));
#7977=CARTESIAN_POINT('',(0.35,3.01478703138193,1.25));
#7978=CARTESIAN_POINT('',(0.35,3.72275435665584,1.25));
#7979=CARTESIAN_POINT('',(0.9,3.72275435665584,1.25));
#7980=CARTESIAN_POINT('',(1.02924281984334,4.25735354625393,1.25));
#7981=CARTESIAN_POINT('',(-6.28837260041593E-16,-3.46944695195362E-16,1.25));
#7982=CARTESIAN_POINT('',(3.17235491402601,3.02002720177403,1.25));
#7983=CARTESIAN_POINT('',(2.77399984491315,2.64080004173392,1.25));
#7984=CARTESIAN_POINT('',(3.04899984491315,2.16448606965248,1.25));
#7985=CARTESIAN_POINT('',(2.43588215617662,1.81050240701551,1.25));
#7986=CARTESIAN_POINT('',(1.6667043736713,1.36641740723139,1.25));
#7987=CARTESIAN_POINT('',(1.3417043736713,1.92933391969128,1.25));
#7988=CARTESIAN_POINT('',(6.93889390390723E-16,-3.03576608295941E-16,1.25));
#7989=CARTESIAN_POINT('',(1.69399890861328,0.142715442811948,1.25));
#7990=CARTESIAN_POINT('',(1.69399890861328,-0.142715442811948,1.25));
#7991=CARTESIAN_POINT('',(2.3417043736713,0.197283112122399,1.25));
#7992=CARTESIAN_POINT('',(2.0167043736713,0.760199624582284,1.25));
#7993=CARTESIAN_POINT('',(2.78588215617662,1.20428462436641,1.25));
#7994=CARTESIAN_POINT('',(3.39899984491314,1.55826828700337,1.25));
#7995=CARTESIAN_POINT('',(3.67399984491315,1.08195431492192,1.25));
#7996=CARTESIAN_POINT('',(4.20159773386935,1.2373263444799,1.25));
#7997=CARTESIAN_POINT('',(0.,-8.67361737988404E-16,1.25));
#7998=CARTESIAN_POINT('',(4.20159773386935,-1.2373263444799,1.25));
#7999=CARTESIAN_POINT('',(3.67399984491315,-1.08195431492192,1.25));
#8000=CARTESIAN_POINT('',(3.39899984491315,-1.55826828700337,1.25));
#8001=CARTESIAN_POINT('',(2.78588215617662,-1.20428462436641,1.25));
#8002=CARTESIAN_POINT('',(2.0167043736713,-0.760199624582285,1.25));
#8003=CARTESIAN_POINT('',(2.3417043736713,-0.197283112122399,1.25));
#8004=CARTESIAN_POINT('',(2.16840434497101E-17,1.7347234759768E-16,1.25));
#8005=CARTESIAN_POINT('',(0.970594653294132,-1.39568836743624,1.25));
#8006=CARTESIAN_POINT('',(0.723404255319149,-1.53840381024819,1.25));
#8007=CARTESIAN_POINT('',(1.3417043736713,-1.92933391969128,1.25));
#8008=CARTESIAN_POINT('',(1.6667043736713,-1.36641740723139,1.25));
#8009=CARTESIAN_POINT('',(2.43588215617662,-1.81050240701552,1.25));
#8010=CARTESIAN_POINT('',(3.04899984491315,-2.16448606965248,1.25));
#8011=CARTESIAN_POINT('',(2.77399984491315,-2.64080004173392,1.25));
#8012=CARTESIAN_POINT('',(3.172354914026,-3.02002720177403,1.25));
#8013=CARTESIAN_POINT('',(-2.10335221462188E-15,1.56125112837912E-15,1.25));
#8014=CARTESIAN_POINT('',(1.02924281984334,-4.25735354625393,1.25));
#8015=CARTESIAN_POINT('',(0.9,-3.72275435665584,1.25));
#8016=CARTESIAN_POINT('',(0.35,-3.72275435665584,1.25));
#8017=CARTESIAN_POINT('',(0.35,-3.01478703138193,1.25));
#8018=CARTESIAN_POINT('',(0.35,-2.12661703181368,1.25));
#8019=CARTESIAN_POINT('',(1.,-2.12661703181368,1.25));
#8020=CARTESIAN_POINT('',(3.68628738645072E-16,1.7347234759768E-16,1.25));
#8021=CARTESIAN_POINT('',(-0.723404255319149,-1.53840381024819,1.25));
#8022=CARTESIAN_POINT('',(-0.970594653294133,-1.39568836743624,1.25));
#8023=CARTESIAN_POINT('',(-1.,-2.12661703181368,1.25));
#8024=CARTESIAN_POINT('',(-0.35,-2.12661703181368,1.25));
#8025=CARTESIAN_POINT('',(-0.35,-3.01478703138193,1.25));
#8026=CARTESIAN_POINT('',(-0.35,-3.72275435665584,1.25));
#8027=CARTESIAN_POINT('',(-0.9,-3.72275435665584,1.25));
#8028=CARTESIAN_POINT('',(-1.02924281984334,-4.25735354625393,1.25));
#8029=CARTESIAN_POINT('',(3.68628738645072E-16,1.21430643318376E-15,1.25));
#8030=CARTESIAN_POINT('',(-3.17235491402601,-3.02002720177403,1.25));
#8031=CARTESIAN_POINT('',(-2.77399984491315,-2.64080004173392,1.25));
#8032=CARTESIAN_POINT('',(-3.04899984491315,-2.16448606965247,1.25));
#8033=CARTESIAN_POINT('',(-2.43588215617662,-1.81050240701551,1.25));
#8034=CARTESIAN_POINT('',(-1.6667043736713,-1.36641740723139,1.25));
#8035=CARTESIAN_POINT('',(-1.3417043736713,-1.92933391969128,1.25));
#8036=CARTESIAN_POINT('',(-1.7347234759768E-16,5.63785129692462E-16,1.25));
#8037=CARTESIAN_POINT('',(-1.69399890861328,-0.142715442811947,1.25));
#8038=CARTESIAN_POINT('',(-1.69399890861328,0.142715442811948,1.25));
#8039=CARTESIAN_POINT('',(-2.3417043736713,-0.197283112122398,1.25));
#8040=CARTESIAN_POINT('',(-2.0167043736713,-0.760199624582283,1.25));
#8041=CARTESIAN_POINT('',(-2.78588215617662,-1.20428462436641,1.25));
#8042=CARTESIAN_POINT('',(-3.39899984491315,-1.55826828700337,1.25));
#8043=CARTESIAN_POINT('',(-3.67399984491315,-1.08195431492192,1.25));
#8044=CARTESIAN_POINT('',(-4.20159773386935,-1.2373263444799,1.25));
#8045=CARTESIAN_POINT('',(-1.38777878078145E-15,0.,1.25));
#8046=CARTESIAN_POINT('',(-4.20159773386935,1.2373263444799,1.25));
#8047=CARTESIAN_POINT('',(-3.67399984491315,1.08195431492192,1.25));
#8048=CARTESIAN_POINT('',(-3.39899984491315,1.55826828700337,1.25));
#8049=CARTESIAN_POINT('',(-2.78588215617662,1.20428462436641,1.25));
#8050=CARTESIAN_POINT('',(-2.0167043736713,0.760199624582284,1.25));
#8051=CARTESIAN_POINT('',(-2.3417043736713,0.197283112122398,1.25));
#8052=CARTESIAN_POINT('',(-8.67361737988404E-16,5.20417042793042E-16,1.25));
#8053=CARTESIAN_POINT('',(-0.970594653294133,1.39568836743624,1.25));
#8054=CARTESIAN_POINT('',(-0.723404255319149,1.53840381024819,1.25));
#8055=CARTESIAN_POINT('',(-1.3417043736713,1.92933391969128,1.25));
#8056=CARTESIAN_POINT('',(-1.6667043736713,1.36641740723139,1.25));
#8057=CARTESIAN_POINT('',(-2.43588215617662,1.81050240701551,1.25));
#8058=CARTESIAN_POINT('',(-3.04899984491315,2.16448606965248,1.25));
#8059=CARTESIAN_POINT('',(-2.77399984491315,2.64080004173392,1.25));
#8060=CARTESIAN_POINT('',(-3.172354914026,3.02002720177403,1.25));
#8061=CARTESIAN_POINT('',(8.02309607639273E-16,-1.38777878078145E-15,1.25));
#8062=CARTESIAN_POINT('',(-1.02924281984334,4.25735354625393,1.25));
#8063=CARTESIAN_POINT('',(-0.9,3.72275435665584,1.25));
#8064=CARTESIAN_POINT('',(-0.35,3.72275435665584,1.25));
#8065=CARTESIAN_POINT('',(-0.35,3.01478703138193,1.25));
#8066=CARTESIAN_POINT('',(-0.35,2.12661703181368,1.25));
#8067=CARTESIAN_POINT('',(-1.,2.12661703181368,1.25));
#8068=CARTESIAN_POINT('',(0.,5.05166804648283E-17,1.25));
#8069=CARTESIAN_POINT('',(0.825,5.05166804648283E-17,1.25));
#8070=CARTESIAN_POINT('',(0.,3.11060286983428E-16,1.25));
#8071=CARTESIAN_POINT('',(5.08,3.11060286983428E-16,1.25));
#8072=CARTESIAN_POINT('',(-0.769417470286287,0.957758157095254,1.25));
#8073=CARTESIAN_POINT('',(-0.849227635959889,1.10785924788127,1.25));
#8074=CARTESIAN_POINT('',(-0.689607304612686,0.807657066309236,1.25));
#8075=CARTESIAN_POINT('',(-0.823554391631843,1.17140275740216,1.25));
#8076=CARTESIAN_POINT('',(-0.797881147303797,1.23494626692305,1.25));
#8077=CARTESIAN_POINT('',(-0.624343157451831,1.17688126776279,1.25));
#8078=CARTESIAN_POINT('',(-0.450805167599865,1.11881626860252,1.25));
#8079=CARTESIAN_POINT('',(-0.512689449109972,1.23520367462752,1.25));
#8080=CARTESIAN_POINT('',(-0.57457373062008,1.35159108065253,1.25));
#8081=CARTESIAN_POINT('',(-0.52932266648606,1.3756514982453,1.25));
#8082=CARTESIAN_POINT('',(-0.48407160235204,1.39971191583808,1.25));
#8083=CARTESIAN_POINT('',(-0.406608794492368,1.25402556301636,1.25));
#8084=CARTESIAN_POINT('',(-0.329145986632696,1.10833921019463,1.25));
#8085=CARTESIAN_POINT('',(-0.350960681760547,1.04314195889921,1.25));
#8086=CARTESIAN_POINT('',(-0.372775376888397,0.977944707603782,1.25));
#8087=CARTESIAN_POINT('',(-0.548215253101543,1.03664606903872,1.25));
#8088=CARTESIAN_POINT('',(-0.72365512931469,1.09534743047367,1.25));
#8089=CARTESIAN_POINT('',(-0.660276468338595,0.976149505437711,1.25));
#8090=CARTESIAN_POINT('',(-0.596897807362499,0.856951580401756,1.25));
#8091=CARTESIAN_POINT('',(-0.643252555987593,0.832304323355496,1.25));
#8092=CARTESIAN_POINT('',(-0.266719500420003,1.22274783606257,1.25));
#8093=CARTESIAN_POINT('',(-0.301998426172723,1.43356638339116,1.25));
#8094=CARTESIAN_POINT('',(-0.231440574667283,1.01192928873399,1.25));
#8095=CARTESIAN_POINT('',(-0.241588433078568,1.44367554925012,1.25));
#8096=CARTESIAN_POINT('',(-0.181178439984412,1.45378471510909,1.25));
#8097=CARTESIAN_POINT('',(-0.145899514231692,1.24296616778051,1.25));
#8098=CARTESIAN_POINT('',(-0.110620588478973,1.03214762045192,1.25));
#8099=CARTESIAN_POINT('',(-0.171030581573128,1.02203845459296,1.25));
#8100=CARTESIAN_POINT('',(0.385631619481509,1.02572431182767,1.25));
#8101=CARTESIAN_POINT('',(0.363840371311604,1.09277199264661,1.25));
#8102=CARTESIAN_POINT('',(0.407422867651414,0.958676631008739,1.25));
#8103=CARTESIAN_POINT('',(0.444281623995713,1.23789185398259,1.25));
#8104=CARTESIAN_POINT('',(0.524722876679821,1.38301171531858,1.25));
#8105=CARTESIAN_POINT('',(0.709761284040637,1.28044325125208,1.25));
#8106=CARTESIAN_POINT('',(0.894799691401454,1.17787478718557,1.25));
#8107=CARTESIAN_POINT('',(0.869347186338522,1.13195725256075,1.25));
#8108=CARTESIAN_POINT('',(0.843894681275589,1.08603971793593,1.25));
#8109=CARTESIAN_POINT('',(0.703955528133285,1.16360925717535,1.25));
#8110=CARTESIAN_POINT('',(0.564016374990982,1.24117879641476,1.25));
#8111=CARTESIAN_POINT('',(0.549472086383592,1.21494020520058,1.25));
#8112=CARTESIAN_POINT('',(0.534927797776202,1.1887016139864,1.25));
#8113=CARTESIAN_POINT('',(0.674866950918505,1.11113207474698,1.25));
#8114=CARTESIAN_POINT('',(0.814806104060808,1.03356253550757,1.25));
#8115=CARTESIAN_POINT('',(0.789596003807999,0.988082310736323,1.25));
#8116=CARTESIAN_POINT('',(0.764385903555189,0.942602085965074,1.25));
#8117=CARTESIAN_POINT('',(0.624446750412886,1.02017162520449,1.25));
#8118=CARTESIAN_POINT('',(0.484507597270583,1.0977411644439,1.25));
#8119=CARTESIAN_POINT('',(0.471175332713809,1.07368912249757,1.25));
#8120=CARTESIAN_POINT('',(0.457843068157035,1.04963708055123,1.25));
#8121=CARTESIAN_POINT('',(0.597782221299338,0.972067541311821,1.25));
#8122=CARTESIAN_POINT('',(0.737721374441641,0.894498002072407,1.25));
#8123=CARTESIAN_POINT('',(0.712511274188832,0.849017777301159,1.25));
#8124=CARTESIAN_POINT('',(0.687301173936022,0.80353755252991,1.25));
#8125=CARTESIAN_POINT('',(0.547362020793718,0.881107091769325,1.25));
#8126=CARTESIAN_POINT('',(0.,0.,-1.25));
#8127=CARTESIAN_POINT('',(-0.444281623995713,1.23789185398259,-1.25));
#8128=CARTESIAN_POINT('',(-0.524722876679821,1.38301171531858,-1.25));
#8129=CARTESIAN_POINT('',(-0.363840371311604,1.09277199264661,-1.25));
#8130=CARTESIAN_POINT('',(-0.709761284040638,1.28044325125208,-1.25));
#8131=CARTESIAN_POINT('',(-0.894799691401454,1.17787478718557,-1.25));
#8132=CARTESIAN_POINT('',(-0.869347186338522,1.13195725256075,-1.25));
#8133=CARTESIAN_POINT('',(-0.843894681275589,1.08603971793593,-1.25));
#8134=CARTESIAN_POINT('',(-0.703955528133286,1.16360925717535,-1.25));
#8135=CARTESIAN_POINT('',(-0.564016374990982,1.24117879641476,-1.25));
#8136=CARTESIAN_POINT('',(-0.549472086383592,1.21494020520058,-1.25));
#8137=CARTESIAN_POINT('',(-0.534927797776202,1.1887016139864,-1.25));
#8138=CARTESIAN_POINT('',(-0.674866950918505,1.11113207474698,-1.25));
#8139=CARTESIAN_POINT('',(-0.814806104060809,1.03356253550757,-1.25));
#8140=CARTESIAN_POINT('',(-0.789596003807999,0.988082310736323,-1.25));
#8141=CARTESIAN_POINT('',(-0.764385903555189,0.942602085965074,-1.25));
#8142=CARTESIAN_POINT('',(-0.624446750412886,1.02017162520449,-1.25));
#8143=CARTESIAN_POINT('',(-0.484507597270583,1.0977411644439,-1.25));
#8144=CARTESIAN_POINT('',(-0.471175332713809,1.07368912249757,-1.25));
#8145=CARTESIAN_POINT('',(-0.457843068157035,1.04963708055123,-1.25));
#8146=CARTESIAN_POINT('',(-0.597782221299338,0.972067541311821,-1.25));
#8147=CARTESIAN_POINT('',(-0.737721374441641,0.894498002072407,-1.25));
#8148=CARTESIAN_POINT('',(-0.712511274188832,0.849017777301159,-1.25));
#8149=CARTESIAN_POINT('',(-0.687301173936022,0.80353755252991,-1.25));
#8150=CARTESIAN_POINT('',(-0.547362020793719,0.881107091769324,-1.25));
#8151=CARTESIAN_POINT('',(-0.407422867651414,0.958676631008738,-1.25));
#8152=CARTESIAN_POINT('',(-0.385631619481509,1.02572431182767,-1.25));
#8153=CARTESIAN_POINT('',(-0.0722526239321942,1.2518419285071,-1.25));
#8154=CARTESIAN_POINT('',(-0.0873007687791264,1.36206949237688,-1.25));
#8155=CARTESIAN_POINT('',(-0.057204479085262,1.14161436463733,-1.25));
#8156=CARTESIAN_POINT('',(-0.189725258119712,1.12352277476517,-1.25));
#8157=CARTESIAN_POINT('',(-0.322246037154163,1.10543118489302,-1.25));
#8158=CARTESIAN_POINT('',(-0.315313745707824,1.0546521947957,-1.25));
#8159=CARTESIAN_POINT('',(-0.308381454261484,1.00387320469839,-1.25));
#8160=CARTESIAN_POINT('',(-0.125081685129719,1.02889708601688,-1.25));
#8161=CARTESIAN_POINT('',(0.058218084002045,1.05392096733538,-1.25));
#8162=CARTESIAN_POINT('',(0.0362376477087727,1.21492752130247,-1.25));
#8163=CARTESIAN_POINT('',(0.0142572114155004,1.37593407526956,-1.25));
#8164=CARTESIAN_POINT('',(-0.0420464778953804,1.41871134224612,-1.25));
#8165=CARTESIAN_POINT('',(-0.0983501672062613,1.46148860922268,-1.25));
#8166=CARTESIAN_POINT('',(-0.230870946240712,1.44339701935052,-1.25));
#8167=CARTESIAN_POINT('',(-0.363391725275164,1.42530542947837,-1.25));
#8168=CARTESIAN_POINT('',(-0.356628514108004,1.37576495133465,-1.25));
#8169=CARTESIAN_POINT('',(-0.349865302940843,1.32622447319093,-1.25));
#8170=CARTESIAN_POINT('',(-0.218583035859984,1.3441469827839,-1.25));
#8171=CARTESIAN_POINT('',(0.,3.11060286983428E-16,-1.25));
#8172=CARTESIAN_POINT('',(5.08,3.11060286983428E-16,-1.25));
#8173=CARTESIAN_POINT('',(0.,5.05166804648283E-17,-1.25));
#8174=CARTESIAN_POINT('',(0.825,5.05166804648283E-17,-1.25));
#8175=CARTESIAN_POINT('',(-2.43588215617662,1.81050240701551,-1.25));
#8176=CARTESIAN_POINT('',(-1.6667043736713,1.36641740723139,-1.25));
#8177=CARTESIAN_POINT('',(-3.04899984491315,2.16448606965248,-1.25));
#8178=CARTESIAN_POINT('',(-1.3417043736713,1.92933391969128,-1.25));
#8179=CARTESIAN_POINT('',(-0.970594653294133,1.39568836743624,-1.25));
#8180=CARTESIAN_POINT('',(-8.67361737988404E-16,5.20417042793042E-16,-1.25));
#8181=CARTESIAN_POINT('',(-0.723404255319149,1.53840381024819,-1.25));
#8182=CARTESIAN_POINT('',(-1.,2.12661703181368,-1.25));
#8183=CARTESIAN_POINT('',(-0.35,2.12661703181368,-1.25));
#8184=CARTESIAN_POINT('',(-0.35,3.01478703138193,-1.25));
#8185=CARTESIAN_POINT('',(-0.35,3.72275435665584,-1.25));
#8186=CARTESIAN_POINT('',(-0.9,3.72275435665584,-1.25));
#8187=CARTESIAN_POINT('',(-1.02924281984334,4.25735354625393,-1.25));
#8188=CARTESIAN_POINT('',(8.02309607639273E-16,-1.38777878078145E-15,-1.25));
#8189=CARTESIAN_POINT('',(-3.172354914026,3.02002720177403,-1.25));
#8190=CARTESIAN_POINT('',(-2.77399984491315,2.64080004173392,-1.25));
#8191=CARTESIAN_POINT('',(-2.78588215617662,-1.20428462436641,-1.25));
#8192=CARTESIAN_POINT('',(-2.0167043736713,-0.760199624582283,-1.25));
#8193=CARTESIAN_POINT('',(-3.39899984491315,-1.55826828700337,-1.25));
#8194=CARTESIAN_POINT('',(-2.3417043736713,-0.197283112122398,-1.25));
#8195=CARTESIAN_POINT('',(-1.69399890861328,-0.142715442811947,-1.25));
#8196=CARTESIAN_POINT('',(-1.7347234759768E-16,5.63785129692462E-16,-1.25));
#8197=CARTESIAN_POINT('',(-1.69399890861328,0.142715442811948,-1.25));
#8198=CARTESIAN_POINT('',(-2.3417043736713,0.197283112122398,-1.25));
#8199=CARTESIAN_POINT('',(-2.0167043736713,0.760199624582284,-1.25));
#8200=CARTESIAN_POINT('',(-2.78588215617662,1.20428462436641,-1.25));
#8201=CARTESIAN_POINT('',(-3.39899984491315,1.55826828700337,-1.25));
#8202=CARTESIAN_POINT('',(-3.67399984491315,1.08195431492192,-1.25));
#8203=CARTESIAN_POINT('',(-4.20159773386935,1.2373263444799,-1.25));
#8204=CARTESIAN_POINT('',(-1.38777878078145E-15,0.,-1.25));
#8205=CARTESIAN_POINT('',(-4.20159773386935,-1.2373263444799,-1.25));
#8206=CARTESIAN_POINT('',(-3.67399984491315,-1.08195431492192,-1.25));
#8207=CARTESIAN_POINT('',(-0.35,-3.01478703138193,-1.25));
#8208=CARTESIAN_POINT('',(-0.35,-2.12661703181368,-1.25));
#8209=CARTESIAN_POINT('',(-0.35,-3.72275435665584,-1.25));
#8210=CARTESIAN_POINT('',(-1.,-2.12661703181368,-1.25));
#8211=CARTESIAN_POINT('',(-0.723404255319149,-1.53840381024819,-1.25));
#8212=CARTESIAN_POINT('',(3.68628738645072E-16,1.7347234759768E-16,-1.25));
#8213=CARTESIAN_POINT('',(-0.970594653294133,-1.39568836743624,-1.25));
#8214=CARTESIAN_POINT('',(-1.3417043736713,-1.92933391969128,-1.25));
#8215=CARTESIAN_POINT('',(-1.6667043736713,-1.36641740723139,-1.25));
#8216=CARTESIAN_POINT('',(-2.43588215617662,-1.81050240701551,-1.25));
#8217=CARTESIAN_POINT('',(-3.04899984491315,-2.16448606965247,-1.25));
#8218=CARTESIAN_POINT('',(-2.77399984491315,-2.64080004173392,-1.25));
#8219=CARTESIAN_POINT('',(-3.17235491402601,-3.02002720177403,-1.25));
#8220=CARTESIAN_POINT('',(3.68628738645072E-16,1.21430643318376E-15,-1.25));
#8221=CARTESIAN_POINT('',(-1.02924281984334,-4.25735354625393,-1.25));
#8222=CARTESIAN_POINT('',(-0.9,-3.72275435665584,-1.25));
#8223=CARTESIAN_POINT('',(2.43588215617662,-1.81050240701552,-1.25));
#8224=CARTESIAN_POINT('',(1.6667043736713,-1.36641740723139,-1.25));
#8225=CARTESIAN_POINT('',(3.04899984491315,-2.16448606965248,-1.25));
#8226=CARTESIAN_POINT('',(1.3417043736713,-1.92933391969128,-1.25));
#8227=CARTESIAN_POINT('',(0.970594653294132,-1.39568836743624,-1.25));
#8228=CARTESIAN_POINT('',(2.16840434497101E-17,1.7347234759768E-16,-1.25));
#8229=CARTESIAN_POINT('',(0.723404255319149,-1.53840381024819,-1.25));
#8230=CARTESIAN_POINT('',(1.,-2.12661703181368,-1.25));
#8231=CARTESIAN_POINT('',(0.35,-2.12661703181368,-1.25));
#8232=CARTESIAN_POINT('',(0.35,-3.01478703138193,-1.25));
#8233=CARTESIAN_POINT('',(0.35,-3.72275435665584,-1.25));
#8234=CARTESIAN_POINT('',(0.9,-3.72275435665584,-1.25));
#8235=CARTESIAN_POINT('',(1.02924281984334,-4.25735354625393,-1.25));
#8236=CARTESIAN_POINT('',(-2.10335221462188E-15,1.56125112837912E-15,-1.25));
#8237=CARTESIAN_POINT('',(3.172354914026,-3.02002720177403,-1.25));
#8238=CARTESIAN_POINT('',(2.77399984491315,-2.64080004173392,-1.25));
#8239=CARTESIAN_POINT('',(2.78588215617662,1.20428462436641,-1.25));
#8240=CARTESIAN_POINT('',(2.0167043736713,0.760199624582284,-1.25));
#8241=CARTESIAN_POINT('',(3.39899984491314,1.55826828700337,-1.25));
#8242=CARTESIAN_POINT('',(2.3417043736713,0.197283112122399,-1.25));
#8243=CARTESIAN_POINT('',(1.69399890861328,0.142715442811948,-1.25));
#8244=CARTESIAN_POINT('',(6.93889390390723E-16,-3.03576608295941E-16,-1.25));
#8245=CARTESIAN_POINT('',(1.69399890861328,-0.142715442811948,-1.25));
#8246=CARTESIAN_POINT('',(2.3417043736713,-0.197283112122399,-1.25));
#8247=CARTESIAN_POINT('',(2.0167043736713,-0.760199624582285,-1.25));
#8248=CARTESIAN_POINT('',(2.78588215617662,-1.20428462436641,-1.25));
#8249=CARTESIAN_POINT('',(3.39899984491315,-1.55826828700337,-1.25));
#8250=CARTESIAN_POINT('',(3.67399984491315,-1.08195431492192,-1.25));
#8251=CARTESIAN_POINT('',(4.20159773386935,-1.2373263444799,-1.25));
#8252=CARTESIAN_POINT('',(0.,-8.67361737988404E-16,-1.25));
#8253=CARTESIAN_POINT('',(4.20159773386935,1.2373263444799,-1.25));
#8254=CARTESIAN_POINT('',(3.67399984491315,1.08195431492192,-1.25));
#8255=CARTESIAN_POINT('',(0.35,3.01478703138193,-1.25));
#8256=CARTESIAN_POINT('',(0.35,2.12661703181368,-1.25));
#8257=CARTESIAN_POINT('',(0.35,3.72275435665584,-1.25));
#8258=CARTESIAN_POINT('',(1.,2.12661703181368,-1.25));
#8259=CARTESIAN_POINT('',(0.723404255319149,1.53840381024819,-1.25));
#8260=CARTESIAN_POINT('',(6.93889390390723E-16,2.60208521396521E-16,-1.25));
#8261=CARTESIAN_POINT('',(0.970594653294133,1.39568836743624,-1.25));
#8262=CARTESIAN_POINT('',(1.3417043736713,1.92933391969128,-1.25));
#8263=CARTESIAN_POINT('',(1.6667043736713,1.36641740723139,-1.25));
#8264=CARTESIAN_POINT('',(2.43588215617662,1.81050240701551,-1.25));
#8265=CARTESIAN_POINT('',(3.04899984491315,2.16448606965248,-1.25));
#8266=CARTESIAN_POINT('',(2.77399984491315,2.64080004173392,-1.25));
#8267=CARTESIAN_POINT('',(3.17235491402601,3.02002720177403,-1.25));
#8268=CARTESIAN_POINT('',(-6.28837260041593E-16,-3.46944695195362E-16,-1.25));
#8269=CARTESIAN_POINT('',(1.02924281984334,4.25735354625393,-1.25));
#8270=CARTESIAN_POINT('',(0.9,3.72275435665584,-1.25));
#8271=CARTESIAN_POINT('',(0.241588433078568,1.44367554925012,-1.25));
#8272=CARTESIAN_POINT('',(0.181178439984412,1.45378471510909,-1.25));
#8273=CARTESIAN_POINT('',(0.301998426172723,1.43356638339116,-1.25));
#8274=CARTESIAN_POINT('',(0.145899514231692,1.24296616778051,-1.25));
#8275=CARTESIAN_POINT('',(0.110620588478972,1.03214762045192,-1.25));
#8276=CARTESIAN_POINT('',(0.171030581573128,1.02203845459296,-1.25));
#8277=CARTESIAN_POINT('',(0.231440574667283,1.01192928873399,-1.25));
#8278=CARTESIAN_POINT('',(0.266719500420003,1.22274783606257,-1.25));
#8279=CARTESIAN_POINT('',(0.823554391631843,1.17140275740216,-1.25));
#8280=CARTESIAN_POINT('',(0.797881147303797,1.23494626692305,-1.25));
#8281=CARTESIAN_POINT('',(0.849227635959888,1.10785924788127,-1.25));
#8282=CARTESIAN_POINT('',(0.624343157451831,1.17688126776279,-1.25));
#8283=CARTESIAN_POINT('',(0.450805167599865,1.11881626860252,-1.25));
#8284=CARTESIAN_POINT('',(0.512689449109972,1.23520367462752,-1.25));
#8285=CARTESIAN_POINT('',(0.57457373062008,1.35159108065253,-1.25));
#8286=CARTESIAN_POINT('',(0.52932266648606,1.3756514982453,-1.25));
#8287=CARTESIAN_POINT('',(0.48407160235204,1.39971191583808,-1.25));
#8288=CARTESIAN_POINT('',(0.406608794492368,1.25402556301636,-1.25));
#8289=CARTESIAN_POINT('',(0.329145986632696,1.10833921019463,-1.25));
#8290=CARTESIAN_POINT('',(0.350960681760546,1.04314195889921,-1.25));
#8291=CARTESIAN_POINT('',(0.372775376888397,0.977944707603781,-1.25));
#8292=CARTESIAN_POINT('',(0.548215253101543,1.03664606903872,-1.25));
#8293=CARTESIAN_POINT('',(0.72365512931469,1.09534743047367,-1.25));
#8294=CARTESIAN_POINT('',(0.660276468338595,0.976149505437711,-1.25));
#8295=CARTESIAN_POINT('',(0.596897807362499,0.856951580401756,-1.25));
#8296=CARTESIAN_POINT('',(0.643252555987592,0.832304323355496,-1.25));
#8297=CARTESIAN_POINT('',(0.689607304612686,0.807657066309236,-1.25));
#8298=CARTESIAN_POINT('',(0.769417470286287,0.957758157095254,-1.25));
#8299=CARTESIAN_POINT('',(-8.67361737988404E-16,5.20417042793042E-16,1.25));
#8300=CARTESIAN_POINT('',(-0.723404255319149,1.53840381024819,1.25));
#8301=CARTESIAN_POINT('',(-0.970594653294133,1.39568836743624,1.25));
#8302=CARTESIAN_POINT('',(-2.43588215617662,1.81050240701551,1.25));
#8303=CARTESIAN_POINT('',(-1.6667043736713,1.36641740723139,1.25));
#8304=CARTESIAN_POINT('',(-3.04899984491315,2.16448606965248,1.25));
#8305=CARTESIAN_POINT('',(8.02309607639273E-16,-1.38777878078145E-15,1.25));
#8306=CARTESIAN_POINT('',(-3.172354914026,3.02002720177403,1.25));
#8307=CARTESIAN_POINT('',(-1.02924281984334,4.25735354625393,1.25));
#8308=CARTESIAN_POINT('',(-1.7347234759768E-16,5.63785129692462E-16,1.25));
#8309=CARTESIAN_POINT('',(-1.69399890861328,-0.142715442811947,1.25));
#8310=CARTESIAN_POINT('',(-1.69399890861328,0.142715442811948,1.25));
#8311=CARTESIAN_POINT('',(-2.78588215617662,-1.20428462436641,1.25));
#8312=CARTESIAN_POINT('',(-2.0167043736713,-0.760199624582283,1.25));
#8313=CARTESIAN_POINT('',(-3.39899984491315,-1.55826828700337,1.25));
#8314=CARTESIAN_POINT('',(-1.38777878078145E-15,0.,1.25));
#8315=CARTESIAN_POINT('',(-4.20159773386935,-1.2373263444799,1.25));
#8316=CARTESIAN_POINT('',(-4.20159773386935,1.2373263444799,1.25));
#8317=CARTESIAN_POINT('',(3.68628738645072E-16,1.7347234759768E-16,1.25));
#8318=CARTESIAN_POINT('',(-0.723404255319149,-1.53840381024819,1.25));
#8319=CARTESIAN_POINT('',(-0.970594653294133,-1.39568836743624,1.25));
#8320=CARTESIAN_POINT('',(-0.35,-3.01478703138193,1.25));
#8321=CARTESIAN_POINT('',(-0.35,-2.12661703181368,1.25));
#8322=CARTESIAN_POINT('',(-0.35,-3.72275435665584,1.25));
#8323=CARTESIAN_POINT('',(3.68628738645072E-16,1.21430643318376E-15,1.25));
#8324=CARTESIAN_POINT('',(-1.02924281984334,-4.25735354625393,1.25));
#8325=CARTESIAN_POINT('',(-3.17235491402601,-3.02002720177403,1.25));
#8326=CARTESIAN_POINT('',(2.16840434497101E-17,1.7347234759768E-16,1.25));
#8327=CARTESIAN_POINT('',(0.970594653294132,-1.39568836743624,1.25));
#8328=CARTESIAN_POINT('',(0.723404255319149,-1.53840381024819,1.25));
#8329=CARTESIAN_POINT('',(2.43588215617662,-1.81050240701552,1.25));
#8330=CARTESIAN_POINT('',(1.6667043736713,-1.36641740723139,1.25));
#8331=CARTESIAN_POINT('',(3.04899984491315,-2.16448606965248,1.25));
#8332=CARTESIAN_POINT('',(-2.10335221462188E-15,1.56125112837912E-15,1.25));
#8333=CARTESIAN_POINT('',(3.172354914026,-3.02002720177403,1.25));
#8334=CARTESIAN_POINT('',(1.02924281984334,-4.25735354625393,1.25));
#8335=CARTESIAN_POINT('',(6.93889390390723E-16,-3.03576608295941E-16,1.25));
#8336=CARTESIAN_POINT('',(1.69399890861328,0.142715442811948,1.25));
#8337=CARTESIAN_POINT('',(1.69399890861328,-0.142715442811949,1.25));
#8338=CARTESIAN_POINT('',(2.78588215617662,1.20428462436641,1.25));
#8339=CARTESIAN_POINT('',(2.0167043736713,0.760199624582284,1.25));
#8340=CARTESIAN_POINT('',(3.39899984491314,1.55826828700337,1.25));
#8341=CARTESIAN_POINT('',(0.,-8.67361737988404E-16,1.25));
#8342=CARTESIAN_POINT('',(4.20159773386935,1.2373263444799,1.25));
#8343=CARTESIAN_POINT('',(4.20159773386935,-1.2373263444799,1.25));
#8344=CARTESIAN_POINT('',(6.93889390390723E-16,2.60208521396521E-16,1.25));
#8345=CARTESIAN_POINT('',(0.723404255319149,1.53840381024819,1.25));
#8346=CARTESIAN_POINT('',(0.970594653294133,1.39568836743624,1.25));
#8347=CARTESIAN_POINT('',(0.35,3.01478703138193,1.25));
#8348=CARTESIAN_POINT('',(0.35,2.12661703181368,1.25));
#8349=CARTESIAN_POINT('',(0.35,3.72275435665584,1.25));
#8350=CARTESIAN_POINT('',(-6.28837260041593E-16,-3.46944695195362E-16,1.25));
#8351=CARTESIAN_POINT('',(1.02924281984334,4.25735354625393,1.25));
#8352=CARTESIAN_POINT('',(3.17235491402601,3.02002720177403,1.25));
#8353=CARTESIAN_POINT('',(0.,5.05166804648283E-17,1.25));
#8354=CARTESIAN_POINT('',(-0.35,3.01478703138193,1.25));
#8355=CARTESIAN_POINT('',(-0.35,2.12661703181368,1.25));
#8356=CARTESIAN_POINT('',(-0.35,3.72275435665584,1.25));
#8357=CARTESIAN_POINT('',(-2.78588215617662,1.20428462436641,1.25));
#8358=CARTESIAN_POINT('',(-2.0167043736713,0.760199624582284,1.25));
#8359=CARTESIAN_POINT('',(-3.39899984491315,1.55826828700337,1.25));
#8360=CARTESIAN_POINT('',(-2.43588215617662,-1.81050240701551,1.25));
#8361=CARTESIAN_POINT('',(-1.6667043736713,-1.36641740723139,1.25));
#8362=CARTESIAN_POINT('',(-3.04899984491315,-2.16448606965247,1.25));
#8363=CARTESIAN_POINT('',(0.35,-3.01478703138193,1.25));
#8364=CARTESIAN_POINT('',(0.35,-2.12661703181368,1.25));
#8365=CARTESIAN_POINT('',(0.35,-3.72275435665584,1.25));
#8366=CARTESIAN_POINT('',(2.78588215617662,-1.20428462436641,1.25));
#8367=CARTESIAN_POINT('',(2.0167043736713,-0.760199624582285,1.25));
#8368=CARTESIAN_POINT('',(3.39899984491315,-1.55826828700337,1.25));
#8369=CARTESIAN_POINT('',(2.43588215617662,1.81050240701551,1.25));
#8370=CARTESIAN_POINT('',(1.6667043736713,1.36641740723139,1.25));
#8371=CARTESIAN_POINT('',(3.04899984491315,2.16448606965248,1.25));
#8372=CARTESIAN_POINT('',(0.,3.11060286983428E-16,1.25));
#8373=CARTESIAN_POINT('',(-2.77399984491315,2.64080004173392,1.25));
#8374=CARTESIAN_POINT('',(-0.9,3.72275435665584,1.25));
#8375=CARTESIAN_POINT('',(0.9,3.72275435665584,1.25));
#8376=CARTESIAN_POINT('',(2.77399984491315,2.64080004173392,1.25));
#8377=CARTESIAN_POINT('',(3.67399984491315,1.08195431492192,1.25));
#8378=CARTESIAN_POINT('',(3.67399984491315,-1.08195431492192,1.25));
#8379=CARTESIAN_POINT('',(2.77399984491315,-2.64080004173392,1.25));
#8380=CARTESIAN_POINT('',(0.9,-3.72275435665584,1.25));
#8381=CARTESIAN_POINT('',(-0.9,-3.72275435665584,1.25));
#8382=CARTESIAN_POINT('',(-2.77399984491315,-2.64080004173392,1.25));
#8383=CARTESIAN_POINT('',(-3.67399984491315,-1.08195431492192,1.25));
#8384=CARTESIAN_POINT('',(-3.67399984491315,1.08195431492192,1.25));
#8385=CARTESIAN_POINT('',(-1.,2.12661703181368,1.25));
#8386=CARTESIAN_POINT('',(1.,2.12661703181368,1.25));
#8387=CARTESIAN_POINT('',(1.3417043736713,1.92933391969128,1.25));
#8388=CARTESIAN_POINT('',(2.3417043736713,0.197283112122399,1.25));
#8389=CARTESIAN_POINT('',(2.3417043736713,-0.197283112122399,1.25));
#8390=CARTESIAN_POINT('',(1.3417043736713,-1.92933391969128,1.25));
#8391=CARTESIAN_POINT('',(1.,-2.12661703181368,1.25));
#8392=CARTESIAN_POINT('',(-1.,-2.12661703181368,1.25));
#8393=CARTESIAN_POINT('',(-1.3417043736713,-1.92933391969128,1.25));
#8394=CARTESIAN_POINT('',(-2.3417043736713,-0.197283112122398,1.25));
#8395=CARTESIAN_POINT('',(-2.3417043736713,0.197283112122398,1.25));
#8396=CARTESIAN_POINT('',(-1.3417043736713,1.92933391969128,1.25));
#8397=CARTESIAN_POINT('',(0.241588433078568,1.44367554925012,-1.26));
#8398=CARTESIAN_POINT('',(0.301998426172723,1.43356638339116,-1.26));
#8399=CARTESIAN_POINT('',(0.301998426172723,1.43356638339116,-1.26));
#8400=CARTESIAN_POINT('',(0.241588433078568,1.44367554925012,-1.26));
#8401=CARTESIAN_POINT('',(0.181178439984412,1.45378471510909,-1.26));
#8402=CARTESIAN_POINT('',(0.181178439984412,1.45378471510909,-1.26));
#8403=CARTESIAN_POINT('',(0.266719500420003,1.22274783606257,-1.26));
#8404=CARTESIAN_POINT('',(0.231440574667283,1.01192928873399,-1.26));
#8405=CARTESIAN_POINT('',(0.231440574667283,1.01192928873399,-1.26));
#8406=CARTESIAN_POINT('',(0.266719500420003,1.22274783606257,-1.26));
#8407=CARTESIAN_POINT('',(0.171030581573128,1.02203845459296,-1.26));
#8408=CARTESIAN_POINT('',(0.110620588478972,1.03214762045192,-1.26));
#8409=CARTESIAN_POINT('',(0.110620588478972,1.03214762045192,-1.26));
#8410=CARTESIAN_POINT('',(0.171030581573128,1.02203845459296,-1.26));
#8411=CARTESIAN_POINT('',(0.145899514231692,1.24296616778051,-1.26));
#8412=CARTESIAN_POINT('',(0.145899514231692,1.24296616778051,-1.26));
#8413=CARTESIAN_POINT('',(0.206309507325848,1.23285700192154,-1.26));
#8414=CARTESIAN_POINT('',(-0.189725258119712,1.12352277476517,-1.26));
#8415=CARTESIAN_POINT('',(-0.057204479085262,1.14161436463733,-1.26));
#8416=CARTESIAN_POINT('',(-0.057204479085262,1.14161436463733,-1.26));
#8417=CARTESIAN_POINT('',(-0.189725258119712,1.12352277476517,-1.26));
#8418=CARTESIAN_POINT('',(-0.322246037154163,1.10543118489302,-1.26));
#8419=CARTESIAN_POINT('',(-0.322246037154163,1.10543118489302,-1.26));
#8420=CARTESIAN_POINT('',(-0.0722526239321942,1.2518419285071,-1.26));
#8421=CARTESIAN_POINT('',(-0.0873007687791264,1.36206949237688,-1.26));
#8422=CARTESIAN_POINT('',(-0.0873007687791264,1.36206949237688,-1.26));
#8423=CARTESIAN_POINT('',(-0.0722526239321942,1.2518419285071,-1.26));
#8424=CARTESIAN_POINT('',(-0.218583035859984,1.3441469827839,-1.26));
#8425=CARTESIAN_POINT('',(-0.349865302940843,1.32622447319093,-1.26));
#8426=CARTESIAN_POINT('',(-0.349865302940843,1.32622447319093,-1.26));
#8427=CARTESIAN_POINT('',(-0.218583035859984,1.3441469827839,-1.26));
#8428=CARTESIAN_POINT('',(-0.356628514108004,1.37576495133465,-1.26));
#8429=CARTESIAN_POINT('',(-0.363391725275164,1.42530542947837,-1.26));
#8430=CARTESIAN_POINT('',(-0.363391725275164,1.42530542947837,-1.26));
#8431=CARTESIAN_POINT('',(-0.356628514108004,1.37576495133465,-1.26));
#8432=CARTESIAN_POINT('',(-0.230870946240712,1.44339701935052,-1.26));
#8433=CARTESIAN_POINT('',(-0.0983501672062613,1.46148860922268,-1.26));
#8434=CARTESIAN_POINT('',(-0.0983501672062613,1.46148860922268,-1.26));
#8435=CARTESIAN_POINT('',(-0.230870946240712,1.44339701935052,-1.26));
#8436=CARTESIAN_POINT('',(-0.0420464778953804,1.41871134224612,-1.26));
#8437=CARTESIAN_POINT('',(0.0142572114155004,1.37593407526956,-1.26));
#8438=CARTESIAN_POINT('',(0.0142572114155004,1.37593407526956,-1.26));
#8439=CARTESIAN_POINT('',(-0.0420464778953804,1.41871134224612,-1.26));
#8440=CARTESIAN_POINT('',(0.0362376477087727,1.21492752130247,-1.26));
#8441=CARTESIAN_POINT('',(0.058218084002045,1.05392096733538,-1.26));
#8442=CARTESIAN_POINT('',(0.058218084002045,1.05392096733538,-1.26));
#8443=CARTESIAN_POINT('',(0.0362376477087727,1.21492752130247,-1.26));
#8444=CARTESIAN_POINT('',(-0.125081685129719,1.02889708601688,-1.26));
#8445=CARTESIAN_POINT('',(-0.308381454261484,1.00387320469839,-1.26));
#8446=CARTESIAN_POINT('',(-0.308381454261484,1.00387320469839,-1.26));
#8447=CARTESIAN_POINT('',(-0.125081685129719,1.02889708601688,-1.26));
#8448=CARTESIAN_POINT('',(-0.315313745707824,1.0546521947957,-1.26));
#8449=CARTESIAN_POINT('',(-0.315313745707824,1.0546521947957,-1.26));
#8450=CARTESIAN_POINT('',(-0.152586820636559,1.23268090696053,-1.26));
#8451=CARTESIAN_POINT('',(-0.444281623995713,1.23789185398259,-1.26));
#8452=CARTESIAN_POINT('',(-0.363840371311604,1.09277199264661,-1.26));
#8453=CARTESIAN_POINT('',(-0.363840371311604,1.09277199264661,-1.26));
#8454=CARTESIAN_POINT('',(-0.444281623995713,1.23789185398259,-1.26));
#8455=CARTESIAN_POINT('',(-0.524722876679821,1.38301171531858,-1.26));
#8456=CARTESIAN_POINT('',(-0.524722876679821,1.38301171531858,-1.26));
#8457=CARTESIAN_POINT('',(-0.385631619481509,1.02572431182767,-1.26));
#8458=CARTESIAN_POINT('',(-0.407422867651414,0.958676631008738,-1.26));
#8459=CARTESIAN_POINT('',(-0.407422867651414,0.958676631008738,-1.26));
#8460=CARTESIAN_POINT('',(-0.385631619481509,1.02572431182767,-1.26));
#8461=CARTESIAN_POINT('',(-0.547362020793719,0.881107091769324,-1.26));
#8462=CARTESIAN_POINT('',(-0.687301173936022,0.80353755252991,-1.26));
#8463=CARTESIAN_POINT('',(-0.687301173936022,0.80353755252991,-1.26));
#8464=CARTESIAN_POINT('',(-0.547362020793719,0.881107091769324,-1.26));
#8465=CARTESIAN_POINT('',(-0.712511274188832,0.849017777301159,-1.26));
#8466=CARTESIAN_POINT('',(-0.737721374441641,0.894498002072407,-1.26));
#8467=CARTESIAN_POINT('',(-0.737721374441641,0.894498002072407,-1.26));
#8468=CARTESIAN_POINT('',(-0.712511274188832,0.849017777301159,-1.26));
#8469=CARTESIAN_POINT('',(-0.597782221299338,0.972067541311821,-1.26));
#8470=CARTESIAN_POINT('',(-0.457843068157035,1.04963708055123,-1.26));
#8471=CARTESIAN_POINT('',(-0.457843068157035,1.04963708055123,-1.26));
#8472=CARTESIAN_POINT('',(-0.597782221299338,0.972067541311821,-1.26));
#8473=CARTESIAN_POINT('',(-0.471175332713809,1.07368912249757,-1.26));
#8474=CARTESIAN_POINT('',(-0.484507597270583,1.0977411644439,-1.26));
#8475=CARTESIAN_POINT('',(-0.484507597270583,1.0977411644439,-1.26));
#8476=CARTESIAN_POINT('',(-0.471175332713809,1.07368912249757,-1.26));
#8477=CARTESIAN_POINT('',(-0.624446750412886,1.02017162520449,-1.26));
#8478=CARTESIAN_POINT('',(-0.764385903555189,0.942602085965074,-1.26));
#8479=CARTESIAN_POINT('',(-0.764385903555189,0.942602085965074,-1.26));
#8480=CARTESIAN_POINT('',(-0.624446750412886,1.02017162520449,-1.26));
#8481=CARTESIAN_POINT('',(-0.789596003807999,0.988082310736323,-1.26));
#8482=CARTESIAN_POINT('',(-0.814806104060809,1.03356253550757,-1.26));
#8483=CARTESIAN_POINT('',(-0.814806104060809,1.03356253550757,-1.26));
#8484=CARTESIAN_POINT('',(-0.789596003807999,0.988082310736323,-1.26));
#8485=CARTESIAN_POINT('',(-0.674866950918505,1.11113207474698,-1.26));
#8486=CARTESIAN_POINT('',(-0.534927797776202,1.1887016139864,-1.26));
#8487=CARTESIAN_POINT('',(-0.534927797776202,1.1887016139864,-1.26));
#8488=CARTESIAN_POINT('',(-0.674866950918505,1.11113207474698,-1.26));
#8489=CARTESIAN_POINT('',(-0.549472086383592,1.21494020520058,-1.26));
#8490=CARTESIAN_POINT('',(-0.564016374990982,1.24117879641476,-1.26));
#8491=CARTESIAN_POINT('',(-0.564016374990982,1.24117879641476,-1.26));
#8492=CARTESIAN_POINT('',(-0.549472086383592,1.21494020520058,-1.26));
#8493=CARTESIAN_POINT('',(-0.703955528133286,1.16360925717535,-1.26));
#8494=CARTESIAN_POINT('',(-0.843894681275589,1.08603971793593,-1.26));
#8495=CARTESIAN_POINT('',(-0.843894681275589,1.08603971793593,-1.26));
#8496=CARTESIAN_POINT('',(-0.703955528133286,1.16360925717535,-1.26));
#8497=CARTESIAN_POINT('',(-0.869347186338522,1.13195725256075,-1.26));
#8498=CARTESIAN_POINT('',(-0.894799691401454,1.17787478718557,-1.26));
#8499=CARTESIAN_POINT('',(-0.894799691401454,1.17787478718557,-1.26));
#8500=CARTESIAN_POINT('',(-0.869347186338522,1.13195725256075,-1.26));
#8501=CARTESIAN_POINT('',(-0.709761284040638,1.28044325125208,-1.26));
#8502=CARTESIAN_POINT('',(-0.709761284040638,1.28044325125208,-1.26));
#8503=CARTESIAN_POINT('',(-0.629320031356529,1.09327463392425,-1.26));
#8504=CARTESIAN_POINT('',(0.823554391631843,1.17140275740216,-1.26));
#8505=CARTESIAN_POINT('',(0.849227635959888,1.10785924788127,-1.26));
#8506=CARTESIAN_POINT('',(0.849227635959888,1.10785924788127,-1.26));
#8507=CARTESIAN_POINT('',(0.823554391631843,1.17140275740216,-1.26));
#8508=CARTESIAN_POINT('',(0.797881147303797,1.23494626692305,-1.26));
#8509=CARTESIAN_POINT('',(0.797881147303797,1.23494626692305,-1.26));
#8510=CARTESIAN_POINT('',(0.769417470286287,0.957758157095254,-1.26));
#8511=CARTESIAN_POINT('',(0.689607304612686,0.807657066309236,-1.26));
#8512=CARTESIAN_POINT('',(0.689607304612686,0.807657066309236,-1.26));
#8513=CARTESIAN_POINT('',(0.769417470286287,0.957758157095254,-1.26));
#8514=CARTESIAN_POINT('',(0.643252555987592,0.832304323355496,-1.26));
#8515=CARTESIAN_POINT('',(0.596897807362499,0.856951580401756,-1.26));
#8516=CARTESIAN_POINT('',(0.596897807362499,0.856951580401756,-1.26));
#8517=CARTESIAN_POINT('',(0.643252555987592,0.832304323355496,-1.26));
#8518=CARTESIAN_POINT('',(0.660276468338595,0.976149505437711,-1.26));
#8519=CARTESIAN_POINT('',(0.72365512931469,1.09534743047367,-1.26));
#8520=CARTESIAN_POINT('',(0.72365512931469,1.09534743047367,-1.26));
#8521=CARTESIAN_POINT('',(0.660276468338595,0.976149505437711,-1.26));
#8522=CARTESIAN_POINT('',(0.548215253101543,1.03664606903872,-1.26));
#8523=CARTESIAN_POINT('',(0.372775376888397,0.977944707603781,-1.26));
#8524=CARTESIAN_POINT('',(0.372775376888397,0.977944707603781,-1.26));
#8525=CARTESIAN_POINT('',(0.548215253101543,1.03664606903872,-1.26));
#8526=CARTESIAN_POINT('',(0.350960681760546,1.04314195889921,-1.26));
#8527=CARTESIAN_POINT('',(0.329145986632696,1.10833921019463,-1.26));
#8528=CARTESIAN_POINT('',(0.329145986632696,1.10833921019463,-1.26));
#8529=CARTESIAN_POINT('',(0.350960681760546,1.04314195889921,-1.26));
#8530=CARTESIAN_POINT('',(0.406608794492368,1.25402556301636,-1.26));
#8531=CARTESIAN_POINT('',(0.48407160235204,1.39971191583808,-1.26));
#8532=CARTESIAN_POINT('',(0.48407160235204,1.39971191583808,-1.26));
#8533=CARTESIAN_POINT('',(0.406608794492368,1.25402556301636,-1.26));
#8534=CARTESIAN_POINT('',(0.52932266648606,1.3756514982453,-1.26));
#8535=CARTESIAN_POINT('',(0.57457373062008,1.35159108065253,-1.26));
#8536=CARTESIAN_POINT('',(0.57457373062008,1.35159108065253,-1.26));
#8537=CARTESIAN_POINT('',(0.52932266648606,1.3756514982453,-1.26));
#8538=CARTESIAN_POINT('',(0.512689449109972,1.23520367462752,-1.26));
#8539=CARTESIAN_POINT('',(0.450805167599865,1.11881626860252,-1.26));
#8540=CARTESIAN_POINT('',(0.450805167599865,1.11881626860252,-1.26));
#8541=CARTESIAN_POINT('',(0.512689449109972,1.23520367462752,-1.26));
#8542=CARTESIAN_POINT('',(0.624343157451831,1.17688126776279,-1.26));
#8543=CARTESIAN_POINT('',(0.624343157451831,1.17688126776279,-1.26));
#8544=CARTESIAN_POINT('',(0.589186811296292,1.10368449107366,-1.26));
#8545=CARTESIAN_POINT('',(-0.823554391631843,1.17140275740216,1.26));
#8546=CARTESIAN_POINT('',(-0.849227635959889,1.10785924788127,1.26));
#8547=CARTESIAN_POINT('',(-0.849227635959889,1.10785924788127,1.26));
#8548=CARTESIAN_POINT('',(-0.823554391631843,1.17140275740216,1.26));
#8549=CARTESIAN_POINT('',(-0.797881147303797,1.23494626692305,1.26));
#8550=CARTESIAN_POINT('',(-0.797881147303797,1.23494626692305,1.26));
#8551=CARTESIAN_POINT('',(-0.769417470286287,0.957758157095254,1.26));
#8552=CARTESIAN_POINT('',(-0.689607304612686,0.807657066309236,1.26));
#8553=CARTESIAN_POINT('',(-0.689607304612686,0.807657066309236,1.26));
#8554=CARTESIAN_POINT('',(-0.769417470286287,0.957758157095254,1.26));
#8555=CARTESIAN_POINT('',(-0.643252555987593,0.832304323355496,1.26));
#8556=CARTESIAN_POINT('',(-0.596897807362499,0.856951580401756,1.26));
#8557=CARTESIAN_POINT('',(-0.596897807362499,0.856951580401756,1.26));
#8558=CARTESIAN_POINT('',(-0.643252555987593,0.832304323355496,1.26));
#8559=CARTESIAN_POINT('',(-0.660276468338595,0.976149505437711,1.26));
#8560=CARTESIAN_POINT('',(-0.72365512931469,1.09534743047367,1.26));
#8561=CARTESIAN_POINT('',(-0.72365512931469,1.09534743047367,1.26));
#8562=CARTESIAN_POINT('',(-0.660276468338595,0.976149505437711,1.26));
#8563=CARTESIAN_POINT('',(-0.548215253101543,1.03664606903872,1.26));
#8564=CARTESIAN_POINT('',(-0.372775376888397,0.977944707603782,1.26));
#8565=CARTESIAN_POINT('',(-0.372775376888397,0.977944707603782,1.26));
#8566=CARTESIAN_POINT('',(-0.548215253101543,1.03664606903872,1.26));
#8567=CARTESIAN_POINT('',(-0.350960681760547,1.04314195889921,1.26));
#8568=CARTESIAN_POINT('',(-0.329145986632696,1.10833921019463,1.26));
#8569=CARTESIAN_POINT('',(-0.329145986632696,1.10833921019463,1.26));
#8570=CARTESIAN_POINT('',(-0.350960681760547,1.04314195889921,1.26));
#8571=CARTESIAN_POINT('',(-0.406608794492368,1.25402556301636,1.26));
#8572=CARTESIAN_POINT('',(-0.48407160235204,1.39971191583808,1.26));
#8573=CARTESIAN_POINT('',(-0.48407160235204,1.39971191583808,1.26));
#8574=CARTESIAN_POINT('',(-0.406608794492368,1.25402556301636,1.26));
#8575=CARTESIAN_POINT('',(-0.52932266648606,1.3756514982453,1.26));
#8576=CARTESIAN_POINT('',(-0.57457373062008,1.35159108065253,1.26));
#8577=CARTESIAN_POINT('',(-0.57457373062008,1.35159108065253,1.26));
#8578=CARTESIAN_POINT('',(-0.52932266648606,1.3756514982453,1.26));
#8579=CARTESIAN_POINT('',(-0.512689449109972,1.23520367462752,1.26));
#8580=CARTESIAN_POINT('',(-0.450805167599865,1.11881626860252,1.26));
#8581=CARTESIAN_POINT('',(-0.450805167599865,1.11881626860252,1.26));
#8582=CARTESIAN_POINT('',(-0.512689449109972,1.23520367462752,1.26));
#8583=CARTESIAN_POINT('',(-0.624343157451831,1.17688126776279,1.26));
#8584=CARTESIAN_POINT('',(-0.624343157451831,1.17688126776279,1.26));
#8585=CARTESIAN_POINT('',(-0.589186811296292,1.10368449107366,1.26));
#8586=CARTESIAN_POINT('',(-0.241588433078568,1.44367554925012,1.26));
#8587=CARTESIAN_POINT('',(-0.301998426172723,1.43356638339116,1.26));
#8588=CARTESIAN_POINT('',(-0.301998426172723,1.43356638339116,1.26));
#8589=CARTESIAN_POINT('',(-0.241588433078568,1.44367554925012,1.26));
#8590=CARTESIAN_POINT('',(-0.181178439984412,1.45378471510909,1.26));
#8591=CARTESIAN_POINT('',(-0.181178439984412,1.45378471510909,1.26));
#8592=CARTESIAN_POINT('',(-0.266719500420003,1.22274783606257,1.26));
#8593=CARTESIAN_POINT('',(-0.231440574667283,1.01192928873399,1.26));
#8594=CARTESIAN_POINT('',(-0.231440574667283,1.01192928873399,1.26));
#8595=CARTESIAN_POINT('',(-0.266719500420003,1.22274783606257,1.26));
#8596=CARTESIAN_POINT('',(-0.171030581573128,1.02203845459296,1.26));
#8597=CARTESIAN_POINT('',(-0.110620588478973,1.03214762045192,1.26));
#8598=CARTESIAN_POINT('',(-0.110620588478973,1.03214762045192,1.26));
#8599=CARTESIAN_POINT('',(-0.171030581573128,1.02203845459296,1.26));
#8600=CARTESIAN_POINT('',(-0.145899514231692,1.24296616778051,1.26));
#8601=CARTESIAN_POINT('',(-0.145899514231692,1.24296616778051,1.26));
#8602=CARTESIAN_POINT('',(-0.206309507325848,1.23285700192154,1.26));
#8603=CARTESIAN_POINT('',(0.189725258119712,1.12352277476517,1.26));
#8604=CARTESIAN_POINT('',(0.0572044790852618,1.14161436463733,1.26));
#8605=CARTESIAN_POINT('',(0.0572044790852618,1.14161436463733,1.26));
#8606=CARTESIAN_POINT('',(0.189725258119712,1.12352277476517,1.26));
#8607=CARTESIAN_POINT('',(0.322246037154163,1.10543118489302,1.26));
#8608=CARTESIAN_POINT('',(0.322246037154163,1.10543118489302,1.26));
#8609=CARTESIAN_POINT('',(0.072252623932194,1.2518419285071,1.26));
#8610=CARTESIAN_POINT('',(0.0873007687791263,1.36206949237688,1.26));
#8611=CARTESIAN_POINT('',(0.0873007687791263,1.36206949237688,1.26));
#8612=CARTESIAN_POINT('',(0.072252623932194,1.2518419285071,1.26));
#8613=CARTESIAN_POINT('',(0.218583035859984,1.3441469827839,1.26));
#8614=CARTESIAN_POINT('',(0.349865302940843,1.32622447319093,1.26));
#8615=CARTESIAN_POINT('',(0.349865302940843,1.32622447319093,1.26));
#8616=CARTESIAN_POINT('',(0.218583035859984,1.3441469827839,1.26));
#8617=CARTESIAN_POINT('',(0.356628514108003,1.37576495133465,1.26));
#8618=CARTESIAN_POINT('',(0.363391725275163,1.42530542947837,1.26));
#8619=CARTESIAN_POINT('',(0.363391725275163,1.42530542947837,1.26));
#8620=CARTESIAN_POINT('',(0.356628514108003,1.37576495133465,1.26));
#8621=CARTESIAN_POINT('',(0.230870946240712,1.44339701935052,1.26));
#8622=CARTESIAN_POINT('',(0.0983501672062611,1.46148860922268,1.26));
#8623=CARTESIAN_POINT('',(0.0983501672062611,1.46148860922268,1.26));
#8624=CARTESIAN_POINT('',(0.230870946240712,1.44339701935052,1.26));
#8625=CARTESIAN_POINT('',(0.0420464778953802,1.41871134224612,1.26));
#8626=CARTESIAN_POINT('',(-0.0142572114155006,1.37593407526956,1.26));
#8627=CARTESIAN_POINT('',(-0.0142572114155006,1.37593407526956,1.26));
#8628=CARTESIAN_POINT('',(0.0420464778953802,1.41871134224612,1.26));
#8629=CARTESIAN_POINT('',(-0.0362376477087729,1.21492752130247,1.26));
#8630=CARTESIAN_POINT('',(-0.0582180840020451,1.05392096733538,1.26));
#8631=CARTESIAN_POINT('',(-0.0582180840020451,1.05392096733538,1.26));
#8632=CARTESIAN_POINT('',(-0.0362376477087729,1.21492752130247,1.26));
#8633=CARTESIAN_POINT('',(0.125081685129719,1.02889708601688,1.26));
#8634=CARTESIAN_POINT('',(0.308381454261484,1.00387320469839,1.26));
#8635=CARTESIAN_POINT('',(0.308381454261484,1.00387320469839,1.26));
#8636=CARTESIAN_POINT('',(0.125081685129719,1.02889708601688,1.26));
#8637=CARTESIAN_POINT('',(0.315313745707824,1.0546521947957,1.26));
#8638=CARTESIAN_POINT('',(0.315313745707824,1.0546521947957,1.26));
#8639=CARTESIAN_POINT('',(0.152586820636559,1.23268090696053,1.26));
#8640=CARTESIAN_POINT('',(0.444281623995713,1.23789185398259,1.26));
#8641=CARTESIAN_POINT('',(0.363840371311604,1.09277199264661,1.26));
#8642=CARTESIAN_POINT('',(0.363840371311604,1.09277199264661,1.26));
#8643=CARTESIAN_POINT('',(0.444281623995713,1.23789185398259,1.26));
#8644=CARTESIAN_POINT('',(0.524722876679821,1.38301171531858,1.26));
#8645=CARTESIAN_POINT('',(0.524722876679821,1.38301171531858,1.26));
#8646=CARTESIAN_POINT('',(0.385631619481509,1.02572431182767,1.26));
#8647=CARTESIAN_POINT('',(0.407422867651414,0.958676631008739,1.26));
#8648=CARTESIAN_POINT('',(0.407422867651414,0.958676631008739,1.26));
#8649=CARTESIAN_POINT('',(0.385631619481509,1.02572431182767,1.26));
#8650=CARTESIAN_POINT('',(0.547362020793718,0.881107091769325,1.26));
#8651=CARTESIAN_POINT('',(0.687301173936022,0.80353755252991,1.26));
#8652=CARTESIAN_POINT('',(0.687301173936022,0.80353755252991,1.26));
#8653=CARTESIAN_POINT('',(0.547362020793718,0.881107091769325,1.26));
#8654=CARTESIAN_POINT('',(0.712511274188832,0.849017777301159,1.26));
#8655=CARTESIAN_POINT('',(0.737721374441641,0.894498002072407,1.26));
#8656=CARTESIAN_POINT('',(0.737721374441641,0.894498002072407,1.26));
#8657=CARTESIAN_POINT('',(0.712511274188832,0.849017777301159,1.26));
#8658=CARTESIAN_POINT('',(0.597782221299338,0.972067541311821,1.26));
#8659=CARTESIAN_POINT('',(0.457843068157035,1.04963708055123,1.26));
#8660=CARTESIAN_POINT('',(0.457843068157035,1.04963708055123,1.26));
#8661=CARTESIAN_POINT('',(0.597782221299338,0.972067541311821,1.26));
#8662=CARTESIAN_POINT('',(0.471175332713809,1.07368912249757,1.26));
#8663=CARTESIAN_POINT('',(0.484507597270583,1.0977411644439,1.26));
#8664=CARTESIAN_POINT('',(0.484507597270583,1.0977411644439,1.26));
#8665=CARTESIAN_POINT('',(0.471175332713809,1.07368912249757,1.26));
#8666=CARTESIAN_POINT('',(0.624446750412886,1.02017162520449,1.26));
#8667=CARTESIAN_POINT('',(0.764385903555189,0.942602085965074,1.26));
#8668=CARTESIAN_POINT('',(0.764385903555189,0.942602085965074,1.26));
#8669=CARTESIAN_POINT('',(0.624446750412886,1.02017162520449,1.26));
#8670=CARTESIAN_POINT('',(0.789596003807999,0.988082310736323,1.26));
#8671=CARTESIAN_POINT('',(0.814806104060808,1.03356253550757,1.26));
#8672=CARTESIAN_POINT('',(0.814806104060808,1.03356253550757,1.26));
#8673=CARTESIAN_POINT('',(0.789596003807999,0.988082310736323,1.26));
#8674=CARTESIAN_POINT('',(0.674866950918505,1.11113207474698,1.26));
#8675=CARTESIAN_POINT('',(0.534927797776202,1.1887016139864,1.26));
#8676=CARTESIAN_POINT('',(0.534927797776202,1.1887016139864,1.26));
#8677=CARTESIAN_POINT('',(0.674866950918505,1.11113207474698,1.26));
#8678=CARTESIAN_POINT('',(0.549472086383592,1.21494020520058,1.26));
#8679=CARTESIAN_POINT('',(0.564016374990982,1.24117879641476,1.26));
#8680=CARTESIAN_POINT('',(0.564016374990982,1.24117879641476,1.26));
#8681=CARTESIAN_POINT('',(0.549472086383592,1.21494020520058,1.26));
#8682=CARTESIAN_POINT('',(0.703955528133285,1.16360925717535,1.26));
#8683=CARTESIAN_POINT('',(0.843894681275589,1.08603971793593,1.26));
#8684=CARTESIAN_POINT('',(0.843894681275589,1.08603971793593,1.26));
#8685=CARTESIAN_POINT('',(0.703955528133285,1.16360925717535,1.26));
#8686=CARTESIAN_POINT('',(0.869347186338522,1.13195725256075,1.26));
#8687=CARTESIAN_POINT('',(0.894799691401454,1.17787478718557,1.26));
#8688=CARTESIAN_POINT('',(0.894799691401454,1.17787478718557,1.26));
#8689=CARTESIAN_POINT('',(0.869347186338522,1.13195725256075,1.26));
#8690=CARTESIAN_POINT('',(0.709761284040637,1.28044325125208,1.26));
#8691=CARTESIAN_POINT('',(0.709761284040637,1.28044325125208,1.26));
#8692=CARTESIAN_POINT('',(0.629320031356529,1.09327463392425,1.26));
#8693=MECHANICAL_DESIGN_GEOMETRIC_PRESENTATION_REPRESENTATION('',(#4573),
#8695);
#8694=MECHANICAL_DESIGN_GEOMETRIC_PRESENTATION_REPRESENTATION('',(#4574),
#8696);
#8695=(
GEOMETRIC_REPRESENTATION_CONTEXT(3)
GLOBAL_UNCERTAINTY_ASSIGNED_CONTEXT((#8697))
GLOBAL_UNIT_ASSIGNED_CONTEXT((#8703,#8701,#8699))
REPRESENTATION_CONTEXT('Core','TOP_LEVEL_ASSEMBLY_PART')
);
#8696=(
GEOMETRIC_REPRESENTATION_CONTEXT(3)
GLOBAL_UNCERTAINTY_ASSIGNED_CONTEXT((#8698))
GLOBAL_UNIT_ASSIGNED_CONTEXT((#8704,#8702,#8700))
REPRESENTATION_CONTEXT('4inch','TOP_LEVEL_ASSEMBLY_PART')
);
#8697=UNCERTAINTY_MEASURE_WITH_UNIT(LENGTH_MEASURE(0.002),#8703,
'DISTANCE_ACCURACY_VALUE','Maximum Tolerance applied to model');
#8698=UNCERTAINTY_MEASURE_WITH_UNIT(LENGTH_MEASURE(1.E-6),#8704,
'DISTANCE_ACCURACY_VALUE','Maximum Tolerance applied to model');
#8699=(
NAMED_UNIT(*)
SI_UNIT($,.STERADIAN.)
SOLID_ANGLE_UNIT()
);
#8700=(
NAMED_UNIT(*)
SI_UNIT($,.STERADIAN.)
SOLID_ANGLE_UNIT()
);
#8701=(
NAMED_UNIT(*)
PLANE_ANGLE_UNIT()
SI_UNIT($,.RADIAN.)
);
#8702=(
NAMED_UNIT(*)
PLANE_ANGLE_UNIT()
SI_UNIT($,.RADIAN.)
);
#8703=(
LENGTH_UNIT()
NAMED_UNIT(*)
SI_UNIT(.CENTI.,.METRE.)
);
#8704=(
LENGTH_UNIT()
NAMED_UNIT(*)
SI_UNIT(.CENTI.,.METRE.)
);
#8705=PRODUCT_DEFINITION_SHAPE('','',#8707);
#8706=PRODUCT_DEFINITION_SHAPE('','',#8708);
#8707=PRODUCT_DEFINITION('','',#8711,#8709);
#8708=PRODUCT_DEFINITION('','',#8712,#8710);
#8709=PRODUCT_DEFINITION_CONTEXT('',#8723,'design');
#8710=PRODUCT_DEFINITION_CONTEXT('',#8724,'design');
#8711=PRODUCT_DEFINITION_FORMATION_WITH_SPECIFIED_SOURCE('','',#8715,
 .NOT_KNOWN.);
#8712=PRODUCT_DEFINITION_FORMATION_WITH_SPECIFIED_SOURCE('','',#8716,
 .NOT_KNOWN.);
#8713=PRODUCT_RELATED_PRODUCT_CATEGORY('','',(#8715));
#8714=PRODUCT_RELATED_PRODUCT_CATEGORY('','',(#8716));
#8715=PRODUCT('Core','Core','Core',(#8719));
#8716=PRODUCT('4inch','4inch','4inch',(#8720));
#8717=PRODUCT_CATEGORY('','');
#8718=PRODUCT_CATEGORY('','');
#8719=PRODUCT_CONTEXT('',#8723,'mechanical');
#8720=PRODUCT_CONTEXT('',#8724,'mechanical');
#8721=APPLICATION_PROTOCOL_DEFINITION('international standard',
'ap242_managed_model_based_3d_engineering',2020,#8723);
#8722=APPLICATION_PROTOCOL_DEFINITION('international standard',
'ap242_managed_model_based_3d_engineering',2020,#8724);
#8723=APPLICATION_CONTEXT('managed model based 3d engineering');
#8724=APPLICATION_CONTEXT('managed model based 3d engineering');
ENDSEC;
END-ISO-10303-21;
