ISO-10303-21;
HEADER;
/* Generated by software containing ST-Developer
 * from STEP Tools, Inc. (www.steptools.com) 
 */
/* OPTION: using custom renumber hook */

FILE_DESCRIPTION(
/* description */ ('STEP AP242 Edition 2',
'CAx-IF Rec.Pracs.---Representation and Presentation of Product Manufa
cturing Information (PMI)---4.0---2014-10-13',
'CAx-IF Rec.Pracs.---3D Tessellated Geometry---0.4---2014-09-14','2;1',
'CAx-IF Rec.Pracs.---User Defined Attributes---1.5---2016-08-15'),
/* implementation_level */ '2;1');

FILE_NAME(
/* name */ '4'''' B - 4inchB',
/* time_stamp */ '2026-06-07T13:31:50Z',
/* author */ (''),
/* organization */ (''),
/* preprocessor_version */ 'ST-DEVELOPER v20',
/* originating_system */ 'ONSHAPE BY PTC INC, 1.216',
/* authorisation */ '  ');

FILE_SCHEMA (('AP242_MANAGED_MODEL_BASED_3D_ENGINEERING_MIM_LF { 1 0 10303 442 3 1 4 }'));
ENDSEC;

DATA;
#10=SHAPE_REPRESENTATION_RELATIONSHIP('','',#1570,#11);
#11=ADVANCED_BREP_SHAPE_REPRESENTATION('',(#1568),#2580);
#12=OVER_RIDING_STYLED_ITEM('',(#1538),#1508,#1536);
#13=OVER_RIDING_STYLED_ITEM('',(#1539),#1518,#1536);
#14=OVER_RIDING_STYLED_ITEM('',(#1540),#1523,#1536);
#15=OVER_RIDING_STYLED_ITEM('',(#1541),#1534,#1536);
#16=DRAUGHTING_PRE_DEFINED_COLOUR('white');
#17=CONICAL_SURFACE('',#1663,1.125,0.785398163397448);
#18=CONICAL_SURFACE('',#1664,1.025,0.785398163397448);
#19=CONICAL_SURFACE('',#1665,4.9,0.785398163397449);
#20=CONICAL_SURFACE('',#1666,5.,0.785398163397448);
#21=CONICAL_SURFACE('',#1667,3.85,0.785398163397442);
#22=CONICAL_SURFACE('',#1668,3.75,0.785398163397448);
#23=CYLINDRICAL_SURFACE('',#1595,0.4);
#24=CYLINDRICAL_SURFACE('',#1597,0.4);
#25=CYLINDRICAL_SURFACE('',#1599,0.4);
#26=CYLINDRICAL_SURFACE('',#1600,5.);
#27=CYLINDRICAL_SURFACE('',#1603,3.75);
#28=CYLINDRICAL_SURFACE('',#1612,1.125);
#29=CYLINDRICAL_SURFACE('',#1651,0.6);
#30=CYLINDRICAL_SURFACE('',#1652,0.6);
#31=CYLINDRICAL_SURFACE('',#1653,0.6);
#32=CYLINDRICAL_SURFACE('',#1654,0.6);
#33=CYLINDRICAL_SURFACE('',#1655,0.6);
#34=CYLINDRICAL_SURFACE('',#1656,0.6);
#35=CYLINDRICAL_SURFACE('',#1657,1.2);
#36=CYLINDRICAL_SURFACE('',#1658,1.2);
#37=CYLINDRICAL_SURFACE('',#1659,1.2);
#38=CYLINDRICAL_SURFACE('',#1660,1.2);
#39=CYLINDRICAL_SURFACE('',#1661,1.2);
#40=CYLINDRICAL_SURFACE('',#1662,1.2);
#41=CIRCLE('',#1573,3.85);
#42=CIRCLE('',#1574,4.9);
#43=CIRCLE('',#1576,1.025);
#44=CIRCLE('',#1577,0.4);
#45=CIRCLE('',#1578,0.4);
#46=CIRCLE('',#1579,0.4);
#47=CIRCLE('',#1587,1.025);
#48=CIRCLE('',#1588,0.4);
#49=CIRCLE('',#1589,0.4);
#50=CIRCLE('',#1590,0.4);
#51=CIRCLE('',#1592,3.85);
#52=CIRCLE('',#1593,4.9);
#53=CIRCLE('',#1601,5.);
#54=CIRCLE('',#1602,5.);
#55=CIRCLE('',#1604,3.75);
#56=CIRCLE('',#1605,3.75);
#57=CIRCLE('',#1606,3.75);
#58=CIRCLE('',#1607,3.75);
#59=CIRCLE('',#1608,3.75);
#60=CIRCLE('',#1609,3.75);
#61=CIRCLE('',#1610,3.75);
#62=CIRCLE('',#1611,3.75);
#63=CIRCLE('',#1613,1.125);
#64=CIRCLE('',#1614,1.125);
#65=CIRCLE('',#1615,1.125);
#66=CIRCLE('',#1616,1.125);
#67=CIRCLE('',#1617,1.125);
#68=CIRCLE('',#1618,1.125);
#69=CIRCLE('',#1619,1.125);
#70=CIRCLE('',#1620,1.125);
#71=CIRCLE('',#1622,1.2);
#72=CIRCLE('',#1623,0.6);
#73=CIRCLE('',#1624,0.6);
#74=CIRCLE('',#1625,1.2);
#75=CIRCLE('',#1627,0.6);
#76=CIRCLE('',#1628,1.2);
#77=CIRCLE('',#1629,1.2);
#78=CIRCLE('',#1630,0.6);
#79=CIRCLE('',#1632,1.2);
#80=CIRCLE('',#1633,0.6);
#81=CIRCLE('',#1634,0.6);
#82=CIRCLE('',#1635,1.2);
#83=CIRCLE('',#1637,0.6);
#84=CIRCLE('',#1638,1.2);
#85=CIRCLE('',#1639,1.2);
#86=CIRCLE('',#1640,0.6);
#87=CIRCLE('',#1642,1.2);
#88=CIRCLE('',#1643,0.6);
#89=CIRCLE('',#1644,0.6);
#90=CIRCLE('',#1645,1.2);
#91=CIRCLE('',#1647,0.6);
#92=CIRCLE('',#1648,1.2);
#93=CIRCLE('',#1649,1.2);
#94=CIRCLE('',#1650,0.6);
#95=ORIENTED_EDGE('',*,*,#515,.F.);
#96=ORIENTED_EDGE('',*,*,#516,.F.);
#97=ORIENTED_EDGE('',*,*,#517,.F.);
#98=ORIENTED_EDGE('',*,*,#518,.F.);
#99=ORIENTED_EDGE('',*,*,#519,.F.);
#100=ORIENTED_EDGE('',*,*,#520,.F.);
#101=ORIENTED_EDGE('',*,*,#521,.F.);
#102=ORIENTED_EDGE('',*,*,#522,.F.);
#103=ORIENTED_EDGE('',*,*,#523,.F.);
#104=ORIENTED_EDGE('',*,*,#524,.F.);
#105=ORIENTED_EDGE('',*,*,#525,.F.);
#106=ORIENTED_EDGE('',*,*,#526,.F.);
#107=ORIENTED_EDGE('',*,*,#527,.F.);
#108=ORIENTED_EDGE('',*,*,#528,.F.);
#109=ORIENTED_EDGE('',*,*,#529,.F.);
#110=ORIENTED_EDGE('',*,*,#530,.F.);
#111=ORIENTED_EDGE('',*,*,#531,.F.);
#112=ORIENTED_EDGE('',*,*,#532,.F.);
#113=ORIENTED_EDGE('',*,*,#533,.F.);
#114=ORIENTED_EDGE('',*,*,#534,.F.);
#115=ORIENTED_EDGE('',*,*,#535,.F.);
#116=ORIENTED_EDGE('',*,*,#536,.F.);
#117=ORIENTED_EDGE('',*,*,#537,.F.);
#118=ORIENTED_EDGE('',*,*,#538,.F.);
#119=ORIENTED_EDGE('',*,*,#539,.F.);
#120=ORIENTED_EDGE('',*,*,#540,.F.);
#121=ORIENTED_EDGE('',*,*,#541,.F.);
#122=ORIENTED_EDGE('',*,*,#542,.T.);
#123=ORIENTED_EDGE('',*,*,#543,.T.);
#124=ORIENTED_EDGE('',*,*,#544,.T.);
#125=ORIENTED_EDGE('',*,*,#545,.T.);
#126=ORIENTED_EDGE('',*,*,#546,.T.);
#127=ORIENTED_EDGE('',*,*,#547,.T.);
#128=ORIENTED_EDGE('',*,*,#548,.T.);
#129=ORIENTED_EDGE('',*,*,#549,.T.);
#130=ORIENTED_EDGE('',*,*,#550,.T.);
#131=ORIENTED_EDGE('',*,*,#551,.T.);
#132=ORIENTED_EDGE('',*,*,#552,.T.);
#133=ORIENTED_EDGE('',*,*,#553,.T.);
#134=ORIENTED_EDGE('',*,*,#554,.T.);
#135=ORIENTED_EDGE('',*,*,#555,.T.);
#136=ORIENTED_EDGE('',*,*,#556,.T.);
#137=ORIENTED_EDGE('',*,*,#557,.T.);
#138=ORIENTED_EDGE('',*,*,#558,.T.);
#139=ORIENTED_EDGE('',*,*,#559,.T.);
#140=ORIENTED_EDGE('',*,*,#560,.F.);
#141=ORIENTED_EDGE('',*,*,#561,.T.);
#142=ORIENTED_EDGE('',*,*,#562,.F.);
#143=ORIENTED_EDGE('',*,*,#563,.T.);
#144=ORIENTED_EDGE('',*,*,#564,.F.);
#145=ORIENTED_EDGE('',*,*,#565,.T.);
#146=ORIENTED_EDGE('',*,*,#566,.F.);
#147=ORIENTED_EDGE('',*,*,#567,.T.);
#148=ORIENTED_EDGE('',*,*,#568,.F.);
#149=ORIENTED_EDGE('',*,*,#569,.T.);
#150=ORIENTED_EDGE('',*,*,#570,.F.);
#151=ORIENTED_EDGE('',*,*,#571,.T.);
#152=ORIENTED_EDGE('',*,*,#572,.F.);
#153=ORIENTED_EDGE('',*,*,#573,.T.);
#154=ORIENTED_EDGE('',*,*,#574,.F.);
#155=ORIENTED_EDGE('',*,*,#575,.T.);
#156=ORIENTED_EDGE('',*,*,#576,.F.);
#157=ORIENTED_EDGE('',*,*,#577,.T.);
#158=ORIENTED_EDGE('',*,*,#578,.F.);
#159=ORIENTED_EDGE('',*,*,#579,.T.);
#160=ORIENTED_EDGE('',*,*,#580,.F.);
#161=ORIENTED_EDGE('',*,*,#581,.T.);
#162=ORIENTED_EDGE('',*,*,#582,.F.);
#163=ORIENTED_EDGE('',*,*,#583,.T.);
#164=ORIENTED_EDGE('',*,*,#584,.T.);
#165=ORIENTED_EDGE('',*,*,#585,.F.);
#166=ORIENTED_EDGE('',*,*,#586,.F.);
#167=ORIENTED_EDGE('',*,*,#587,.F.);
#168=ORIENTED_EDGE('',*,*,#588,.F.);
#169=ORIENTED_EDGE('',*,*,#589,.F.);
#170=ORIENTED_EDGE('',*,*,#590,.F.);
#171=ORIENTED_EDGE('',*,*,#591,.T.);
#172=ORIENTED_EDGE('',*,*,#592,.T.);
#173=ORIENTED_EDGE('',*,*,#554,.F.);
#174=ORIENTED_EDGE('',*,*,#593,.F.);
#175=ORIENTED_EDGE('',*,*,#585,.T.);
#176=ORIENTED_EDGE('',*,*,#594,.T.);
#177=ORIENTED_EDGE('',*,*,#559,.F.);
#178=ORIENTED_EDGE('',*,*,#595,.F.);
#179=ORIENTED_EDGE('',*,*,#586,.T.);
#180=ORIENTED_EDGE('',*,*,#593,.T.);
#181=ORIENTED_EDGE('',*,*,#558,.F.);
#182=ORIENTED_EDGE('',*,*,#596,.F.);
#183=ORIENTED_EDGE('',*,*,#587,.T.);
#184=ORIENTED_EDGE('',*,*,#595,.T.);
#185=ORIENTED_EDGE('',*,*,#557,.F.);
#186=ORIENTED_EDGE('',*,*,#597,.F.);
#187=ORIENTED_EDGE('',*,*,#588,.T.);
#188=ORIENTED_EDGE('',*,*,#596,.T.);
#189=ORIENTED_EDGE('',*,*,#556,.F.);
#190=ORIENTED_EDGE('',*,*,#598,.F.);
#191=ORIENTED_EDGE('',*,*,#589,.T.);
#192=ORIENTED_EDGE('',*,*,#597,.T.);
#193=ORIENTED_EDGE('',*,*,#555,.F.);
#194=ORIENTED_EDGE('',*,*,#594,.F.);
#195=ORIENTED_EDGE('',*,*,#590,.T.);
#196=ORIENTED_EDGE('',*,*,#598,.T.);
#197=ORIENTED_EDGE('',*,*,#599,.T.);
#198=ORIENTED_EDGE('',*,*,#600,.T.);
#199=ORIENTED_EDGE('',*,*,#601,.T.);
#200=ORIENTED_EDGE('',*,*,#602,.T.);
#201=ORIENTED_EDGE('',*,*,#603,.F.);
#202=ORIENTED_EDGE('',*,*,#604,.T.);
#203=ORIENTED_EDGE('',*,*,#605,.T.);
#204=ORIENTED_EDGE('',*,*,#606,.T.);
#205=ORIENTED_EDGE('',*,*,#607,.F.);
#206=ORIENTED_EDGE('',*,*,#608,.T.);
#207=ORIENTED_EDGE('',*,*,#609,.T.);
#208=ORIENTED_EDGE('',*,*,#610,.T.);
#209=ORIENTED_EDGE('',*,*,#611,.F.);
#210=ORIENTED_EDGE('',*,*,#612,.T.);
#211=ORIENTED_EDGE('',*,*,#613,.T.);
#212=ORIENTED_EDGE('',*,*,#614,.T.);
#213=ORIENTED_EDGE('',*,*,#615,.T.);
#214=ORIENTED_EDGE('',*,*,#616,.T.);
#215=ORIENTED_EDGE('',*,*,#617,.T.);
#216=ORIENTED_EDGE('',*,*,#618,.T.);
#217=ORIENTED_EDGE('',*,*,#619,.T.);
#218=ORIENTED_EDGE('',*,*,#620,.F.);
#219=ORIENTED_EDGE('',*,*,#621,.T.);
#220=ORIENTED_EDGE('',*,*,#622,.T.);
#221=ORIENTED_EDGE('',*,*,#623,.T.);
#222=ORIENTED_EDGE('',*,*,#624,.F.);
#223=ORIENTED_EDGE('',*,*,#625,.T.);
#224=ORIENTED_EDGE('',*,*,#626,.T.);
#225=ORIENTED_EDGE('',*,*,#627,.T.);
#226=ORIENTED_EDGE('',*,*,#628,.F.);
#227=ORIENTED_EDGE('',*,*,#626,.F.);
#228=ORIENTED_EDGE('',*,*,#629,.T.);
#229=ORIENTED_EDGE('',*,*,#572,.T.);
#230=ORIENTED_EDGE('',*,*,#630,.T.);
#231=ORIENTED_EDGE('',*,*,#603,.T.);
#232=ORIENTED_EDGE('',*,*,#631,.T.);
#233=ORIENTED_EDGE('',*,*,#582,.T.);
#234=ORIENTED_EDGE('',*,*,#632,.T.);
#235=ORIENTED_EDGE('',*,*,#611,.T.);
#236=ORIENTED_EDGE('',*,*,#633,.T.);
#237=ORIENTED_EDGE('',*,*,#562,.T.);
#238=ORIENTED_EDGE('',*,*,#634,.T.);
#239=ORIENTED_EDGE('',*,*,#618,.F.);
#240=ORIENTED_EDGE('',*,*,#635,.T.);
#241=ORIENTED_EDGE('',*,*,#576,.T.);
#242=ORIENTED_EDGE('',*,*,#636,.T.);
#243=ORIENTED_EDGE('',*,*,#622,.F.);
#244=ORIENTED_EDGE('',*,*,#637,.T.);
#245=ORIENTED_EDGE('',*,*,#564,.T.);
#246=ORIENTED_EDGE('',*,*,#638,.T.);
#247=ORIENTED_EDGE('',*,*,#607,.T.);
#248=ORIENTED_EDGE('',*,*,#639,.T.);
#249=ORIENTED_EDGE('',*,*,#570,.T.);
#250=ORIENTED_EDGE('',*,*,#640,.T.);
#251=ORIENTED_EDGE('',*,*,#605,.F.);
#252=ORIENTED_EDGE('',*,*,#641,.T.);
#253=ORIENTED_EDGE('',*,*,#574,.T.);
#254=ORIENTED_EDGE('',*,*,#642,.T.);
#255=ORIENTED_EDGE('',*,*,#628,.T.);
#256=ORIENTED_EDGE('',*,*,#643,.T.);
#257=ORIENTED_EDGE('',*,*,#580,.T.);
#258=ORIENTED_EDGE('',*,*,#644,.T.);
#259=ORIENTED_EDGE('',*,*,#620,.T.);
#260=ORIENTED_EDGE('',*,*,#645,.T.);
#261=ORIENTED_EDGE('',*,*,#560,.T.);
#262=ORIENTED_EDGE('',*,*,#646,.T.);
#263=ORIENTED_EDGE('',*,*,#613,.F.);
#264=ORIENTED_EDGE('',*,*,#647,.T.);
#265=ORIENTED_EDGE('',*,*,#578,.T.);
#266=ORIENTED_EDGE('',*,*,#648,.T.);
#267=ORIENTED_EDGE('',*,*,#609,.F.);
#268=ORIENTED_EDGE('',*,*,#649,.T.);
#269=ORIENTED_EDGE('',*,*,#566,.T.);
#270=ORIENTED_EDGE('',*,*,#650,.T.);
#271=ORIENTED_EDGE('',*,*,#624,.T.);
#272=ORIENTED_EDGE('',*,*,#651,.T.);
#273=ORIENTED_EDGE('',*,*,#568,.T.);
#274=ORIENTED_EDGE('',*,*,#652,.T.);
#275=ORIENTED_EDGE('',*,*,#641,.F.);
#276=ORIENTED_EDGE('',*,*,#604,.F.);
#277=ORIENTED_EDGE('',*,*,#630,.F.);
#278=ORIENTED_EDGE('',*,*,#575,.F.);
#279=ORIENTED_EDGE('',*,*,#644,.F.);
#280=ORIENTED_EDGE('',*,*,#583,.F.);
#281=ORIENTED_EDGE('',*,*,#631,.F.);
#282=ORIENTED_EDGE('',*,*,#606,.F.);
#283=ORIENTED_EDGE('',*,*,#647,.F.);
#284=ORIENTED_EDGE('',*,*,#612,.F.);
#285=ORIENTED_EDGE('',*,*,#636,.F.);
#286=ORIENTED_EDGE('',*,*,#579,.F.);
#287=ORIENTED_EDGE('',*,*,#646,.F.);
#288=ORIENTED_EDGE('',*,*,#563,.F.);
#289=ORIENTED_EDGE('',*,*,#633,.F.);
#290=ORIENTED_EDGE('',*,*,#614,.F.);
#291=ORIENTED_EDGE('',*,*,#649,.F.);
#292=ORIENTED_EDGE('',*,*,#608,.F.);
#293=ORIENTED_EDGE('',*,*,#638,.F.);
#294=ORIENTED_EDGE('',*,*,#567,.F.);
#295=ORIENTED_EDGE('',*,*,#652,.F.);
#296=ORIENTED_EDGE('',*,*,#571,.F.);
#297=ORIENTED_EDGE('',*,*,#639,.F.);
#298=ORIENTED_EDGE('',*,*,#610,.F.);
#299=ORIENTED_EDGE('',*,*,#642,.F.);
#300=ORIENTED_EDGE('',*,*,#573,.F.);
#301=ORIENTED_EDGE('',*,*,#629,.F.);
#302=ORIENTED_EDGE('',*,*,#625,.F.);
#303=ORIENTED_EDGE('',*,*,#643,.F.);
#304=ORIENTED_EDGE('',*,*,#627,.F.);
#305=ORIENTED_EDGE('',*,*,#632,.F.);
#306=ORIENTED_EDGE('',*,*,#581,.F.);
#307=ORIENTED_EDGE('',*,*,#648,.F.);
#308=ORIENTED_EDGE('',*,*,#577,.F.);
#309=ORIENTED_EDGE('',*,*,#635,.F.);
#310=ORIENTED_EDGE('',*,*,#617,.F.);
#311=ORIENTED_EDGE('',*,*,#645,.F.);
#312=ORIENTED_EDGE('',*,*,#619,.F.);
#313=ORIENTED_EDGE('',*,*,#634,.F.);
#314=ORIENTED_EDGE('',*,*,#561,.F.);
#315=ORIENTED_EDGE('',*,*,#650,.F.);
#316=ORIENTED_EDGE('',*,*,#565,.F.);
#317=ORIENTED_EDGE('',*,*,#637,.F.);
#318=ORIENTED_EDGE('',*,*,#621,.F.);
#319=ORIENTED_EDGE('',*,*,#651,.F.);
#320=ORIENTED_EDGE('',*,*,#623,.F.);
#321=ORIENTED_EDGE('',*,*,#640,.F.);
#322=ORIENTED_EDGE('',*,*,#569,.F.);
#323=ORIENTED_EDGE('',*,*,#553,.F.);
#324=ORIENTED_EDGE('',*,*,#615,.F.);
#325=ORIENTED_EDGE('',*,*,#616,.F.);
#326=ORIENTED_EDGE('',*,*,#584,.F.);
#327=ORIENTED_EDGE('',*,*,#599,.F.);
#328=ORIENTED_EDGE('',*,*,#543,.F.);
#329=ORIENTED_EDGE('',*,*,#592,.F.);
#330=ORIENTED_EDGE('',*,*,#600,.F.);
#331=ORIENTED_EDGE('',*,*,#601,.F.);
#332=ORIENTED_EDGE('',*,*,#591,.F.);
#333=ORIENTED_EDGE('',*,*,#542,.F.);
#334=ORIENTED_EDGE('',*,*,#602,.F.);
#335=ORIENTED_EDGE('',*,*,#529,.T.);
#336=ORIENTED_EDGE('',*,*,#653,.F.);
#337=ORIENTED_EDGE('',*,*,#654,.F.);
#338=ORIENTED_EDGE('',*,*,#655,.T.);
#339=ORIENTED_EDGE('',*,*,#541,.T.);
#340=ORIENTED_EDGE('',*,*,#656,.F.);
#341=ORIENTED_EDGE('',*,*,#657,.F.);
#342=ORIENTED_EDGE('',*,*,#653,.T.);
#343=ORIENTED_EDGE('',*,*,#540,.T.);
#344=ORIENTED_EDGE('',*,*,#658,.F.);
#345=ORIENTED_EDGE('',*,*,#659,.F.);
#346=ORIENTED_EDGE('',*,*,#656,.T.);
#347=ORIENTED_EDGE('',*,*,#539,.T.);
#348=ORIENTED_EDGE('',*,*,#660,.F.);
#349=ORIENTED_EDGE('',*,*,#661,.F.);
#350=ORIENTED_EDGE('',*,*,#658,.T.);
#351=ORIENTED_EDGE('',*,*,#538,.T.);
#352=ORIENTED_EDGE('',*,*,#662,.F.);
#353=ORIENTED_EDGE('',*,*,#663,.F.);
#354=ORIENTED_EDGE('',*,*,#660,.T.);
#355=ORIENTED_EDGE('',*,*,#537,.T.);
#356=ORIENTED_EDGE('',*,*,#664,.F.);
#357=ORIENTED_EDGE('',*,*,#665,.F.);
#358=ORIENTED_EDGE('',*,*,#662,.T.);
#359=ORIENTED_EDGE('',*,*,#536,.T.);
#360=ORIENTED_EDGE('',*,*,#666,.F.);
#361=ORIENTED_EDGE('',*,*,#667,.F.);
#362=ORIENTED_EDGE('',*,*,#664,.T.);
#363=ORIENTED_EDGE('',*,*,#535,.T.);
#364=ORIENTED_EDGE('',*,*,#668,.F.);
#365=ORIENTED_EDGE('',*,*,#669,.F.);
#366=ORIENTED_EDGE('',*,*,#666,.T.);
#367=ORIENTED_EDGE('',*,*,#534,.T.);
#368=ORIENTED_EDGE('',*,*,#670,.F.);
#369=ORIENTED_EDGE('',*,*,#671,.F.);
#370=ORIENTED_EDGE('',*,*,#668,.T.);
#371=ORIENTED_EDGE('',*,*,#533,.T.);
#372=ORIENTED_EDGE('',*,*,#672,.F.);
#373=ORIENTED_EDGE('',*,*,#673,.F.);
#374=ORIENTED_EDGE('',*,*,#670,.T.);
#375=ORIENTED_EDGE('',*,*,#532,.T.);
#376=ORIENTED_EDGE('',*,*,#674,.F.);
#377=ORIENTED_EDGE('',*,*,#675,.F.);
#378=ORIENTED_EDGE('',*,*,#672,.T.);
#379=ORIENTED_EDGE('',*,*,#531,.T.);
#380=ORIENTED_EDGE('',*,*,#676,.F.);
#381=ORIENTED_EDGE('',*,*,#677,.F.);
#382=ORIENTED_EDGE('',*,*,#674,.T.);
#383=ORIENTED_EDGE('',*,*,#530,.T.);
#384=ORIENTED_EDGE('',*,*,#655,.F.);
#385=ORIENTED_EDGE('',*,*,#678,.F.);
#386=ORIENTED_EDGE('',*,*,#676,.T.);
#387=ORIENTED_EDGE('',*,*,#654,.T.);
#388=ORIENTED_EDGE('',*,*,#657,.T.);
#389=ORIENTED_EDGE('',*,*,#659,.T.);
#390=ORIENTED_EDGE('',*,*,#661,.T.);
#391=ORIENTED_EDGE('',*,*,#663,.T.);
#392=ORIENTED_EDGE('',*,*,#665,.T.);
#393=ORIENTED_EDGE('',*,*,#667,.T.);
#394=ORIENTED_EDGE('',*,*,#669,.T.);
#395=ORIENTED_EDGE('',*,*,#671,.T.);
#396=ORIENTED_EDGE('',*,*,#673,.T.);
#397=ORIENTED_EDGE('',*,*,#675,.T.);
#398=ORIENTED_EDGE('',*,*,#677,.T.);
#399=ORIENTED_EDGE('',*,*,#678,.T.);
#400=ORIENTED_EDGE('',*,*,#545,.F.);
#401=ORIENTED_EDGE('',*,*,#679,.F.);
#402=ORIENTED_EDGE('',*,*,#680,.T.);
#403=ORIENTED_EDGE('',*,*,#681,.T.);
#404=ORIENTED_EDGE('',*,*,#544,.F.);
#405=ORIENTED_EDGE('',*,*,#682,.F.);
#406=ORIENTED_EDGE('',*,*,#683,.T.);
#407=ORIENTED_EDGE('',*,*,#679,.T.);
#408=ORIENTED_EDGE('',*,*,#552,.F.);
#409=ORIENTED_EDGE('',*,*,#684,.F.);
#410=ORIENTED_EDGE('',*,*,#685,.T.);
#411=ORIENTED_EDGE('',*,*,#682,.T.);
#412=ORIENTED_EDGE('',*,*,#551,.F.);
#413=ORIENTED_EDGE('',*,*,#686,.F.);
#414=ORIENTED_EDGE('',*,*,#687,.T.);
#415=ORIENTED_EDGE('',*,*,#684,.T.);
#416=ORIENTED_EDGE('',*,*,#550,.F.);
#417=ORIENTED_EDGE('',*,*,#688,.F.);
#418=ORIENTED_EDGE('',*,*,#689,.T.);
#419=ORIENTED_EDGE('',*,*,#686,.T.);
#420=ORIENTED_EDGE('',*,*,#549,.F.);
#421=ORIENTED_EDGE('',*,*,#690,.F.);
#422=ORIENTED_EDGE('',*,*,#691,.T.);
#423=ORIENTED_EDGE('',*,*,#688,.T.);
#424=ORIENTED_EDGE('',*,*,#548,.F.);
#425=ORIENTED_EDGE('',*,*,#692,.F.);
#426=ORIENTED_EDGE('',*,*,#693,.T.);
#427=ORIENTED_EDGE('',*,*,#690,.T.);
#428=ORIENTED_EDGE('',*,*,#547,.F.);
#429=ORIENTED_EDGE('',*,*,#694,.F.);
#430=ORIENTED_EDGE('',*,*,#695,.T.);
#431=ORIENTED_EDGE('',*,*,#692,.T.);
#432=ORIENTED_EDGE('',*,*,#546,.F.);
#433=ORIENTED_EDGE('',*,*,#681,.F.);
#434=ORIENTED_EDGE('',*,*,#696,.T.);
#435=ORIENTED_EDGE('',*,*,#694,.T.);
#436=ORIENTED_EDGE('',*,*,#680,.F.);
#437=ORIENTED_EDGE('',*,*,#683,.F.);
#438=ORIENTED_EDGE('',*,*,#685,.F.);
#439=ORIENTED_EDGE('',*,*,#687,.F.);
#440=ORIENTED_EDGE('',*,*,#689,.F.);
#441=ORIENTED_EDGE('',*,*,#691,.F.);
#442=ORIENTED_EDGE('',*,*,#693,.F.);
#443=ORIENTED_EDGE('',*,*,#695,.F.);
#444=ORIENTED_EDGE('',*,*,#696,.F.);
#445=ORIENTED_EDGE('',*,*,#525,.T.);
#446=ORIENTED_EDGE('',*,*,#697,.F.);
#447=ORIENTED_EDGE('',*,*,#698,.F.);
#448=ORIENTED_EDGE('',*,*,#699,.T.);
#449=ORIENTED_EDGE('',*,*,#528,.T.);
#450=ORIENTED_EDGE('',*,*,#700,.F.);
#451=ORIENTED_EDGE('',*,*,#701,.F.);
#452=ORIENTED_EDGE('',*,*,#697,.T.);
#453=ORIENTED_EDGE('',*,*,#527,.T.);
#454=ORIENTED_EDGE('',*,*,#702,.F.);
#455=ORIENTED_EDGE('',*,*,#703,.F.);
#456=ORIENTED_EDGE('',*,*,#700,.T.);
#457=ORIENTED_EDGE('',*,*,#526,.T.);
#458=ORIENTED_EDGE('',*,*,#699,.F.);
#459=ORIENTED_EDGE('',*,*,#704,.F.);
#460=ORIENTED_EDGE('',*,*,#702,.T.);
#461=ORIENTED_EDGE('',*,*,#698,.T.);
#462=ORIENTED_EDGE('',*,*,#701,.T.);
#463=ORIENTED_EDGE('',*,*,#703,.T.);
#464=ORIENTED_EDGE('',*,*,#704,.T.);
#465=ORIENTED_EDGE('',*,*,#515,.T.);
#466=ORIENTED_EDGE('',*,*,#705,.F.);
#467=ORIENTED_EDGE('',*,*,#706,.F.);
#468=ORIENTED_EDGE('',*,*,#707,.T.);
#469=ORIENTED_EDGE('',*,*,#524,.T.);
#470=ORIENTED_EDGE('',*,*,#708,.F.);
#471=ORIENTED_EDGE('',*,*,#709,.F.);
#472=ORIENTED_EDGE('',*,*,#705,.T.);
#473=ORIENTED_EDGE('',*,*,#523,.T.);
#474=ORIENTED_EDGE('',*,*,#710,.F.);
#475=ORIENTED_EDGE('',*,*,#711,.F.);
#476=ORIENTED_EDGE('',*,*,#708,.T.);
#477=ORIENTED_EDGE('',*,*,#522,.T.);
#478=ORIENTED_EDGE('',*,*,#712,.F.);
#479=ORIENTED_EDGE('',*,*,#713,.F.);
#480=ORIENTED_EDGE('',*,*,#710,.T.);
#481=ORIENTED_EDGE('',*,*,#521,.T.);
#482=ORIENTED_EDGE('',*,*,#714,.F.);
#483=ORIENTED_EDGE('',*,*,#715,.F.);
#484=ORIENTED_EDGE('',*,*,#712,.T.);
#485=ORIENTED_EDGE('',*,*,#520,.T.);
#486=ORIENTED_EDGE('',*,*,#716,.F.);
#487=ORIENTED_EDGE('',*,*,#717,.F.);
#488=ORIENTED_EDGE('',*,*,#714,.T.);
#489=ORIENTED_EDGE('',*,*,#519,.T.);
#490=ORIENTED_EDGE('',*,*,#718,.F.);
#491=ORIENTED_EDGE('',*,*,#719,.F.);
#492=ORIENTED_EDGE('',*,*,#716,.T.);
#493=ORIENTED_EDGE('',*,*,#518,.T.);
#494=ORIENTED_EDGE('',*,*,#720,.F.);
#495=ORIENTED_EDGE('',*,*,#721,.F.);
#496=ORIENTED_EDGE('',*,*,#718,.T.);
#497=ORIENTED_EDGE('',*,*,#517,.T.);
#498=ORIENTED_EDGE('',*,*,#722,.F.);
#499=ORIENTED_EDGE('',*,*,#723,.F.);
#500=ORIENTED_EDGE('',*,*,#720,.T.);
#501=ORIENTED_EDGE('',*,*,#516,.T.);
#502=ORIENTED_EDGE('',*,*,#707,.F.);
#503=ORIENTED_EDGE('',*,*,#724,.F.);
#504=ORIENTED_EDGE('',*,*,#722,.T.);
#505=ORIENTED_EDGE('',*,*,#706,.T.);
#506=ORIENTED_EDGE('',*,*,#709,.T.);
#507=ORIENTED_EDGE('',*,*,#711,.T.);
#508=ORIENTED_EDGE('',*,*,#713,.T.);
#509=ORIENTED_EDGE('',*,*,#715,.T.);
#510=ORIENTED_EDGE('',*,*,#717,.T.);
#511=ORIENTED_EDGE('',*,*,#719,.T.);
#512=ORIENTED_EDGE('',*,*,#721,.T.);
#513=ORIENTED_EDGE('',*,*,#723,.T.);
#514=ORIENTED_EDGE('',*,*,#724,.T.);
#515=EDGE_CURVE('',#725,#726,#869,.T.);
#516=EDGE_CURVE('',#727,#725,#870,.T.);
#517=EDGE_CURVE('',#728,#727,#871,.T.);
#518=EDGE_CURVE('',#729,#728,#872,.T.);
#519=EDGE_CURVE('',#730,#729,#873,.T.);
#520=EDGE_CURVE('',#731,#730,#874,.T.);
#521=EDGE_CURVE('',#732,#731,#875,.T.);
#522=EDGE_CURVE('',#733,#732,#876,.T.);
#523=EDGE_CURVE('',#734,#733,#877,.T.);
#524=EDGE_CURVE('',#726,#734,#878,.T.);
#525=EDGE_CURVE('',#735,#736,#879,.T.);
#526=EDGE_CURVE('',#737,#735,#880,.T.);
#527=EDGE_CURVE('',#738,#737,#881,.T.);
#528=EDGE_CURVE('',#736,#738,#882,.T.);
#529=EDGE_CURVE('',#739,#740,#883,.T.);
#530=EDGE_CURVE('',#741,#739,#884,.T.);
#531=EDGE_CURVE('',#742,#741,#885,.T.);
#532=EDGE_CURVE('',#743,#742,#886,.T.);
#533=EDGE_CURVE('',#744,#743,#887,.T.);
#534=EDGE_CURVE('',#745,#744,#888,.T.);
#535=EDGE_CURVE('',#746,#745,#889,.T.);
#536=EDGE_CURVE('',#747,#746,#890,.T.);
#537=EDGE_CURVE('',#748,#747,#891,.T.);
#538=EDGE_CURVE('',#749,#748,#892,.T.);
#539=EDGE_CURVE('',#750,#749,#893,.T.);
#540=EDGE_CURVE('',#751,#750,#894,.T.);
#541=EDGE_CURVE('',#740,#751,#895,.T.);
#542=EDGE_CURVE('',#752,#752,#41,.F.);
#543=EDGE_CURVE('',#753,#753,#42,.T.);
#544=EDGE_CURVE('',#754,#755,#896,.T.);
#545=EDGE_CURVE('',#755,#756,#897,.T.);
#546=EDGE_CURVE('',#756,#757,#898,.T.);
#547=EDGE_CURVE('',#757,#758,#899,.T.);
#548=EDGE_CURVE('',#758,#759,#900,.T.);
#549=EDGE_CURVE('',#759,#760,#901,.T.);
#550=EDGE_CURVE('',#760,#761,#902,.T.);
#551=EDGE_CURVE('',#761,#762,#903,.T.);
#552=EDGE_CURVE('',#762,#754,#904,.T.);
#553=EDGE_CURVE('',#763,#763,#43,.F.);
#554=EDGE_CURVE('',#764,#765,#905,.T.);
#555=EDGE_CURVE('',#765,#766,#44,.T.);
#556=EDGE_CURVE('',#766,#767,#906,.T.);
#557=EDGE_CURVE('',#767,#768,#45,.T.);
#558=EDGE_CURVE('',#768,#769,#907,.T.);
#559=EDGE_CURVE('',#769,#764,#46,.T.);
#560=EDGE_CURVE('',#770,#771,#908,.T.);
#561=EDGE_CURVE('',#770,#772,#909,.T.);
#562=EDGE_CURVE('',#773,#772,#910,.T.);
#563=EDGE_CURVE('',#773,#771,#911,.T.);
#564=EDGE_CURVE('',#774,#775,#912,.T.);
#565=EDGE_CURVE('',#774,#776,#913,.F.);
#566=EDGE_CURVE('',#777,#776,#914,.T.);
#567=EDGE_CURVE('',#777,#775,#915,.F.);
#568=EDGE_CURVE('',#778,#779,#916,.T.);
#569=EDGE_CURVE('',#778,#780,#917,.T.);
#570=EDGE_CURVE('',#781,#780,#918,.T.);
#571=EDGE_CURVE('',#781,#779,#919,.T.);
#572=EDGE_CURVE('',#782,#783,#920,.T.);
#573=EDGE_CURVE('',#782,#784,#921,.F.);
#574=EDGE_CURVE('',#785,#784,#922,.T.);
#575=EDGE_CURVE('',#785,#783,#923,.F.);
#576=EDGE_CURVE('',#786,#787,#924,.T.);
#577=EDGE_CURVE('',#786,#788,#925,.F.);
#578=EDGE_CURVE('',#789,#788,#926,.T.);
#579=EDGE_CURVE('',#789,#787,#927,.F.);
#580=EDGE_CURVE('',#790,#791,#928,.T.);
#581=EDGE_CURVE('',#790,#792,#929,.T.);
#582=EDGE_CURVE('',#793,#792,#930,.T.);
#583=EDGE_CURVE('',#793,#791,#931,.T.);
#584=EDGE_CURVE('',#794,#794,#47,.T.);
#585=EDGE_CURVE('',#795,#796,#932,.T.);
#586=EDGE_CURVE('',#797,#795,#48,.T.);
#587=EDGE_CURVE('',#798,#797,#933,.T.);
#588=EDGE_CURVE('',#799,#798,#49,.T.);
#589=EDGE_CURVE('',#800,#799,#934,.T.);
#590=EDGE_CURVE('',#796,#800,#50,.T.);
#591=EDGE_CURVE('',#801,#801,#51,.T.);
#592=EDGE_CURVE('',#802,#802,#52,.F.);
#593=EDGE_CURVE('',#795,#764,#935,.T.);
#594=EDGE_CURVE('',#796,#765,#936,.T.);
#595=EDGE_CURVE('',#797,#769,#937,.T.);
#596=EDGE_CURVE('',#798,#768,#938,.T.);
#597=EDGE_CURVE('',#799,#767,#939,.T.);
#598=EDGE_CURVE('',#800,#766,#940,.T.);
#599=EDGE_CURVE('',#803,#803,#53,.F.);
#600=EDGE_CURVE('',#804,#804,#54,.T.);
#601=EDGE_CURVE('',#805,#805,#55,.F.);
#602=EDGE_CURVE('',#806,#806,#56,.T.);
#603=EDGE_CURVE('',#807,#808,#57,.T.);
#604=EDGE_CURVE('',#807,#809,#941,.F.);
#605=EDGE_CURVE('',#809,#810,#58,.T.);
#606=EDGE_CURVE('',#810,#808,#942,.T.);
#607=EDGE_CURVE('',#811,#812,#59,.T.);
#608=EDGE_CURVE('',#811,#813,#943,.F.);
#609=EDGE_CURVE('',#813,#814,#60,.T.);
#610=EDGE_CURVE('',#814,#812,#944,.T.);
#611=EDGE_CURVE('',#815,#816,#61,.T.);
#612=EDGE_CURVE('',#815,#817,#945,.F.);
#613=EDGE_CURVE('',#817,#818,#62,.T.);
#614=EDGE_CURVE('',#818,#816,#946,.T.);
#615=EDGE_CURVE('',#819,#819,#63,.T.);
#616=EDGE_CURVE('',#820,#820,#64,.F.);
#617=EDGE_CURVE('',#821,#822,#947,.T.);
#618=EDGE_CURVE('',#822,#823,#65,.T.);
#619=EDGE_CURVE('',#823,#824,#948,.F.);
#620=EDGE_CURVE('',#821,#824,#66,.T.);
#621=EDGE_CURVE('',#825,#826,#949,.T.);
#622=EDGE_CURVE('',#826,#827,#67,.T.);
#623=EDGE_CURVE('',#827,#828,#950,.F.);
#624=EDGE_CURVE('',#825,#828,#68,.T.);
#625=EDGE_CURVE('',#829,#830,#951,.T.);
#626=EDGE_CURVE('',#830,#831,#69,.T.);
#627=EDGE_CURVE('',#831,#832,#952,.F.);
#628=EDGE_CURVE('',#829,#832,#70,.T.);
#629=EDGE_CURVE('',#830,#782,#71,.F.);
#630=EDGE_CURVE('',#783,#807,#72,.F.);
#631=EDGE_CURVE('',#808,#793,#73,.F.);
#632=EDGE_CURVE('',#792,#831,#74,.F.);
#633=EDGE_CURVE('',#816,#773,#75,.F.);
#634=EDGE_CURVE('',#772,#823,#76,.F.);
#635=EDGE_CURVE('',#822,#786,#77,.F.);
#636=EDGE_CURVE('',#787,#815,#78,.F.);
#637=EDGE_CURVE('',#826,#774,#79,.F.);
#638=EDGE_CURVE('',#775,#811,#80,.F.);
#639=EDGE_CURVE('',#812,#781,#81,.F.);
#640=EDGE_CURVE('',#780,#827,#82,.F.);
#641=EDGE_CURVE('',#809,#785,#83,.F.);
#642=EDGE_CURVE('',#784,#829,#84,.F.);
#643=EDGE_CURVE('',#832,#790,#85,.F.);
#644=EDGE_CURVE('',#791,#810,#86,.F.);
#645=EDGE_CURVE('',#824,#770,#87,.F.);
#646=EDGE_CURVE('',#771,#818,#88,.F.);
#647=EDGE_CURVE('',#817,#789,#89,.F.);
#648=EDGE_CURVE('',#788,#821,#90,.F.);
#649=EDGE_CURVE('',#813,#777,#91,.F.);
#650=EDGE_CURVE('',#776,#825,#92,.F.);
#651=EDGE_CURVE('',#828,#778,#93,.F.);
#652=EDGE_CURVE('',#779,#814,#94,.F.);
#653=EDGE_CURVE('',#833,#740,#953,.T.);
#654=EDGE_CURVE('',#834,#833,#954,.T.);
#655=EDGE_CURVE('',#834,#739,#955,.T.);
#656=EDGE_CURVE('',#835,#751,#956,.T.);
#657=EDGE_CURVE('',#833,#835,#957,.T.);
#658=EDGE_CURVE('',#836,#750,#958,.T.);
#659=EDGE_CURVE('',#835,#836,#959,.T.);
#660=EDGE_CURVE('',#837,#749,#960,.T.);
#661=EDGE_CURVE('',#836,#837,#961,.T.);
#662=EDGE_CURVE('',#838,#748,#962,.T.);
#663=EDGE_CURVE('',#837,#838,#963,.T.);
#664=EDGE_CURVE('',#839,#747,#964,.T.);
#665=EDGE_CURVE('',#838,#839,#965,.T.);
#666=EDGE_CURVE('',#840,#746,#966,.T.);
#667=EDGE_CURVE('',#839,#840,#967,.T.);
#668=EDGE_CURVE('',#841,#745,#968,.T.);
#669=EDGE_CURVE('',#840,#841,#969,.T.);
#670=EDGE_CURVE('',#842,#744,#970,.T.);
#671=EDGE_CURVE('',#841,#842,#971,.T.);
#672=EDGE_CURVE('',#843,#743,#972,.T.);
#673=EDGE_CURVE('',#842,#843,#973,.T.);
#674=EDGE_CURVE('',#844,#742,#974,.T.);
#675=EDGE_CURVE('',#843,#844,#975,.T.);
#676=EDGE_CURVE('',#845,#741,#976,.T.);
#677=EDGE_CURVE('',#844,#845,#977,.T.);
#678=EDGE_CURVE('',#845,#834,#978,.T.);
#679=EDGE_CURVE('',#846,#755,#979,.T.);
#680=EDGE_CURVE('',#846,#847,#980,.T.);
#681=EDGE_CURVE('',#847,#756,#981,.T.);
#682=EDGE_CURVE('',#848,#754,#982,.T.);
#683=EDGE_CURVE('',#848,#846,#983,.T.);
#684=EDGE_CURVE('',#849,#762,#984,.T.);
#685=EDGE_CURVE('',#849,#848,#985,.T.);
#686=EDGE_CURVE('',#850,#761,#986,.T.);
#687=EDGE_CURVE('',#850,#849,#987,.T.);
#688=EDGE_CURVE('',#851,#760,#988,.T.);
#689=EDGE_CURVE('',#851,#850,#989,.T.);
#690=EDGE_CURVE('',#852,#759,#990,.T.);
#691=EDGE_CURVE('',#852,#851,#991,.T.);
#692=EDGE_CURVE('',#853,#758,#992,.T.);
#693=EDGE_CURVE('',#853,#852,#993,.T.);
#694=EDGE_CURVE('',#854,#757,#994,.T.);
#695=EDGE_CURVE('',#854,#853,#995,.T.);
#696=EDGE_CURVE('',#847,#854,#996,.T.);
#697=EDGE_CURVE('',#855,#736,#997,.T.);
#698=EDGE_CURVE('',#856,#855,#998,.T.);
#699=EDGE_CURVE('',#856,#735,#999,.T.);
#700=EDGE_CURVE('',#857,#738,#1000,.T.);
#701=EDGE_CURVE('',#855,#857,#1001,.T.);
#702=EDGE_CURVE('',#858,#737,#1002,.T.);
#703=EDGE_CURVE('',#857,#858,#1003,.T.);
#704=EDGE_CURVE('',#858,#856,#1004,.T.);
#705=EDGE_CURVE('',#859,#726,#1005,.T.);
#706=EDGE_CURVE('',#860,#859,#1006,.T.);
#707=EDGE_CURVE('',#860,#725,#1007,.T.);
#708=EDGE_CURVE('',#861,#734,#1008,.T.);
#709=EDGE_CURVE('',#859,#861,#1009,.T.);
#710=EDGE_CURVE('',#862,#733,#1010,.T.);
#711=EDGE_CURVE('',#861,#862,#1011,.T.);
#712=EDGE_CURVE('',#863,#732,#1012,.T.);
#713=EDGE_CURVE('',#862,#863,#1013,.T.);
#714=EDGE_CURVE('',#864,#731,#1014,.T.);
#715=EDGE_CURVE('',#863,#864,#1015,.T.);
#716=EDGE_CURVE('',#865,#730,#1016,.T.);
#717=EDGE_CURVE('',#864,#865,#1017,.T.);
#718=EDGE_CURVE('',#866,#729,#1018,.T.);
#719=EDGE_CURVE('',#865,#866,#1019,.T.);
#720=EDGE_CURVE('',#867,#728,#1020,.T.);
#721=EDGE_CURVE('',#866,#867,#1021,.T.);
#722=EDGE_CURVE('',#868,#727,#1022,.T.);
#723=EDGE_CURVE('',#867,#868,#1023,.T.);
#724=EDGE_CURVE('',#868,#860,#1024,.T.);
#725=VERTEX_POINT('',#2144);
#726=VERTEX_POINT('',#2145);
#727=VERTEX_POINT('',#2147);
#728=VERTEX_POINT('',#2149);
#729=VERTEX_POINT('',#2151);
#730=VERTEX_POINT('',#2153);
#731=VERTEX_POINT('',#2155);
#732=VERTEX_POINT('',#2157);
#733=VERTEX_POINT('',#2159);
#734=VERTEX_POINT('',#2161);
#735=VERTEX_POINT('',#2164);
#736=VERTEX_POINT('',#2165);
#737=VERTEX_POINT('',#2167);
#738=VERTEX_POINT('',#2169);
#739=VERTEX_POINT('',#2172);
#740=VERTEX_POINT('',#2173);
#741=VERTEX_POINT('',#2175);
#742=VERTEX_POINT('',#2177);
#743=VERTEX_POINT('',#2179);
#744=VERTEX_POINT('',#2181);
#745=VERTEX_POINT('',#2183);
#746=VERTEX_POINT('',#2185);
#747=VERTEX_POINT('',#2187);
#748=VERTEX_POINT('',#2189);
#749=VERTEX_POINT('',#2191);
#750=VERTEX_POINT('',#2193);
#751=VERTEX_POINT('',#2195);
#752=VERTEX_POINT('',#2198);
#753=VERTEX_POINT('',#2200);
#754=VERTEX_POINT('',#2202);
#755=VERTEX_POINT('',#2203);
#756=VERTEX_POINT('',#2205);
#757=VERTEX_POINT('',#2207);
#758=VERTEX_POINT('',#2209);
#759=VERTEX_POINT('',#2211);
#760=VERTEX_POINT('',#2213);
#761=VERTEX_POINT('',#2215);
#762=VERTEX_POINT('',#2217);
#763=VERTEX_POINT('',#2221);
#764=VERTEX_POINT('',#2223);
#765=VERTEX_POINT('',#2224);
#766=VERTEX_POINT('',#2226);
#767=VERTEX_POINT('',#2228);
#768=VERTEX_POINT('',#2230);
#769=VERTEX_POINT('',#2232);
#770=VERTEX_POINT('',#2236);
#771=VERTEX_POINT('',#2237);
#772=VERTEX_POINT('',#2239);
#773=VERTEX_POINT('',#2241);
#774=VERTEX_POINT('',#2245);
#775=VERTEX_POINT('',#2246);
#776=VERTEX_POINT('',#2248);
#777=VERTEX_POINT('',#2250);
#778=VERTEX_POINT('',#2254);
#779=VERTEX_POINT('',#2255);
#780=VERTEX_POINT('',#2257);
#781=VERTEX_POINT('',#2259);
#782=VERTEX_POINT('',#2263);
#783=VERTEX_POINT('',#2264);
#784=VERTEX_POINT('',#2266);
#785=VERTEX_POINT('',#2268);
#786=VERTEX_POINT('',#2272);
#787=VERTEX_POINT('',#2273);
#788=VERTEX_POINT('',#2275);
#789=VERTEX_POINT('',#2277);
#790=VERTEX_POINT('',#2281);
#791=VERTEX_POINT('',#2282);
#792=VERTEX_POINT('',#2284);
#793=VERTEX_POINT('',#2286);
#794=VERTEX_POINT('',#2290);
#795=VERTEX_POINT('',#2292);
#796=VERTEX_POINT('',#2293);
#797=VERTEX_POINT('',#2295);
#798=VERTEX_POINT('',#2297);
#799=VERTEX_POINT('',#2299);
#800=VERTEX_POINT('',#2301);
#801=VERTEX_POINT('',#2305);
#802=VERTEX_POINT('',#2307);
#803=VERTEX_POINT('',#2322);
#804=VERTEX_POINT('',#2324);
#805=VERTEX_POINT('',#2327);
#806=VERTEX_POINT('',#2329);
#807=VERTEX_POINT('',#2331);
#808=VERTEX_POINT('',#2332);
#809=VERTEX_POINT('',#2334);
#810=VERTEX_POINT('',#2336);
#811=VERTEX_POINT('',#2339);
#812=VERTEX_POINT('',#2340);
#813=VERTEX_POINT('',#2342);
#814=VERTEX_POINT('',#2344);
#815=VERTEX_POINT('',#2347);
#816=VERTEX_POINT('',#2348);
#817=VERTEX_POINT('',#2350);
#818=VERTEX_POINT('',#2352);
#819=VERTEX_POINT('',#2356);
#820=VERTEX_POINT('',#2358);
#821=VERTEX_POINT('',#2360);
#822=VERTEX_POINT('',#2361);
#823=VERTEX_POINT('',#2363);
#824=VERTEX_POINT('',#2365);
#825=VERTEX_POINT('',#2368);
#826=VERTEX_POINT('',#2369);
#827=VERTEX_POINT('',#2371);
#828=VERTEX_POINT('',#2373);
#829=VERTEX_POINT('',#2376);
#830=VERTEX_POINT('',#2377);
#831=VERTEX_POINT('',#2379);
#832=VERTEX_POINT('',#2381);
#833=VERTEX_POINT('',#2433);
#834=VERTEX_POINT('',#2435);
#835=VERTEX_POINT('',#2439);
#836=VERTEX_POINT('',#2443);
#837=VERTEX_POINT('',#2447);
#838=VERTEX_POINT('',#2451);
#839=VERTEX_POINT('',#2455);
#840=VERTEX_POINT('',#2459);
#841=VERTEX_POINT('',#2463);
#842=VERTEX_POINT('',#2467);
#843=VERTEX_POINT('',#2471);
#844=VERTEX_POINT('',#2475);
#845=VERTEX_POINT('',#2479);
#846=VERTEX_POINT('',#2486);
#847=VERTEX_POINT('',#2488);
#848=VERTEX_POINT('',#2492);
#849=VERTEX_POINT('',#2496);
#850=VERTEX_POINT('',#2500);
#851=VERTEX_POINT('',#2504);
#852=VERTEX_POINT('',#2508);
#853=VERTEX_POINT('',#2512);
#854=VERTEX_POINT('',#2516);
#855=VERTEX_POINT('',#2523);
#856=VERTEX_POINT('',#2525);
#857=VERTEX_POINT('',#2529);
#858=VERTEX_POINT('',#2533);
#859=VERTEX_POINT('',#2540);
#860=VERTEX_POINT('',#2542);
#861=VERTEX_POINT('',#2546);
#862=VERTEX_POINT('',#2550);
#863=VERTEX_POINT('',#2554);
#864=VERTEX_POINT('',#2558);
#865=VERTEX_POINT('',#2562);
#866=VERTEX_POINT('',#2566);
#867=VERTEX_POINT('',#2570);
#868=VERTEX_POINT('',#2574);
#869=LINE('',#2143,#1025);
#870=LINE('',#2146,#1026);
#871=LINE('',#2148,#1027);
#872=LINE('',#2150,#1028);
#873=LINE('',#2152,#1029);
#874=LINE('',#2154,#1030);
#875=LINE('',#2156,#1031);
#876=LINE('',#2158,#1032);
#877=LINE('',#2160,#1033);
#878=LINE('',#2162,#1034);
#879=LINE('',#2163,#1035);
#880=LINE('',#2166,#1036);
#881=LINE('',#2168,#1037);
#882=LINE('',#2170,#1038);
#883=LINE('',#2171,#1039);
#884=LINE('',#2174,#1040);
#885=LINE('',#2176,#1041);
#886=LINE('',#2178,#1042);
#887=LINE('',#2180,#1043);
#888=LINE('',#2182,#1044);
#889=LINE('',#2184,#1045);
#890=LINE('',#2186,#1046);
#891=LINE('',#2188,#1047);
#892=LINE('',#2190,#1048);
#893=LINE('',#2192,#1049);
#894=LINE('',#2194,#1050);
#895=LINE('',#2196,#1051);
#896=LINE('',#2201,#1052);
#897=LINE('',#2204,#1053);
#898=LINE('',#2206,#1054);
#899=LINE('',#2208,#1055);
#900=LINE('',#2210,#1056);
#901=LINE('',#2212,#1057);
#902=LINE('',#2214,#1058);
#903=LINE('',#2216,#1059);
#904=LINE('',#2218,#1060);
#905=LINE('',#2222,#1061);
#906=LINE('',#2227,#1062);
#907=LINE('',#2231,#1063);
#908=LINE('',#2235,#1064);
#909=LINE('',#2238,#1065);
#910=LINE('',#2240,#1066);
#911=LINE('',#2242,#1067);
#912=LINE('',#2244,#1068);
#913=LINE('',#2247,#1069);
#914=LINE('',#2249,#1070);
#915=LINE('',#2251,#1071);
#916=LINE('',#2253,#1072);
#917=LINE('',#2256,#1073);
#918=LINE('',#2258,#1074);
#919=LINE('',#2260,#1075);
#920=LINE('',#2262,#1076);
#921=LINE('',#2265,#1077);
#922=LINE('',#2267,#1078);
#923=LINE('',#2269,#1079);
#924=LINE('',#2271,#1080);
#925=LINE('',#2274,#1081);
#926=LINE('',#2276,#1082);
#927=LINE('',#2278,#1083);
#928=LINE('',#2280,#1084);
#929=LINE('',#2283,#1085);
#930=LINE('',#2285,#1086);
#931=LINE('',#2287,#1087);
#932=LINE('',#2291,#1088);
#933=LINE('',#2296,#1089);
#934=LINE('',#2300,#1090);
#935=LINE('',#2309,#1091);
#936=LINE('',#2310,#1092);
#937=LINE('',#2312,#1093);
#938=LINE('',#2314,#1094);
#939=LINE('',#2316,#1095);
#940=LINE('',#2318,#1096);
#941=LINE('',#2333,#1097);
#942=LINE('',#2337,#1098);
#943=LINE('',#2341,#1099);
#944=LINE('',#2345,#1100);
#945=LINE('',#2349,#1101);
#946=LINE('',#2353,#1102);
#947=LINE('',#2359,#1103);
#948=LINE('',#2364,#1104);
#949=LINE('',#2367,#1105);
#950=LINE('',#2372,#1106);
#951=LINE('',#2375,#1107);
#952=LINE('',#2380,#1108);
#953=LINE('',#2432,#1109);
#954=LINE('',#2434,#1110);
#955=LINE('',#2436,#1111);
#956=LINE('',#2438,#1112);
#957=LINE('',#2440,#1113);
#958=LINE('',#2442,#1114);
#959=LINE('',#2444,#1115);
#960=LINE('',#2446,#1116);
#961=LINE('',#2448,#1117);
#962=LINE('',#2450,#1118);
#963=LINE('',#2452,#1119);
#964=LINE('',#2454,#1120);
#965=LINE('',#2456,#1121);
#966=LINE('',#2458,#1122);
#967=LINE('',#2460,#1123);
#968=LINE('',#2462,#1124);
#969=LINE('',#2464,#1125);
#970=LINE('',#2466,#1126);
#971=LINE('',#2468,#1127);
#972=LINE('',#2470,#1128);
#973=LINE('',#2472,#1129);
#974=LINE('',#2474,#1130);
#975=LINE('',#2476,#1131);
#976=LINE('',#2478,#1132);
#977=LINE('',#2480,#1133);
#978=LINE('',#2482,#1134);
#979=LINE('',#2485,#1135);
#980=LINE('',#2487,#1136);
#981=LINE('',#2489,#1137);
#982=LINE('',#2491,#1138);
#983=LINE('',#2493,#1139);
#984=LINE('',#2495,#1140);
#985=LINE('',#2497,#1141);
#986=LINE('',#2499,#1142);
#987=LINE('',#2501,#1143);
#988=LINE('',#2503,#1144);
#989=LINE('',#2505,#1145);
#990=LINE('',#2507,#1146);
#991=LINE('',#2509,#1147);
#992=LINE('',#2511,#1148);
#993=LINE('',#2513,#1149);
#994=LINE('',#2515,#1150);
#995=LINE('',#2517,#1151);
#996=LINE('',#2519,#1152);
#997=LINE('',#2522,#1153);
#998=LINE('',#2524,#1154);
#999=LINE('',#2526,#1155);
#1000=LINE('',#2528,#1156);
#1001=LINE('',#2530,#1157);
#1002=LINE('',#2532,#1158);
#1003=LINE('',#2534,#1159);
#1004=LINE('',#2536,#1160);
#1005=LINE('',#2539,#1161);
#1006=LINE('',#2541,#1162);
#1007=LINE('',#2543,#1163);
#1008=LINE('',#2545,#1164);
#1009=LINE('',#2547,#1165);
#1010=LINE('',#2549,#1166);
#1011=LINE('',#2551,#1167);
#1012=LINE('',#2553,#1168);
#1013=LINE('',#2555,#1169);
#1014=LINE('',#2557,#1170);
#1015=LINE('',#2559,#1171);
#1016=LINE('',#2561,#1172);
#1017=LINE('',#2563,#1173);
#1018=LINE('',#2565,#1174);
#1019=LINE('',#2567,#1175);
#1020=LINE('',#2569,#1176);
#1021=LINE('',#2571,#1177);
#1022=LINE('',#2573,#1178);
#1023=LINE('',#2575,#1179);
#1024=LINE('',#2577,#1180);
#1025=VECTOR('',#1713,100.);
#1026=VECTOR('',#1714,100.);
#1027=VECTOR('',#1715,100.);
#1028=VECTOR('',#1716,100.);
#1029=VECTOR('',#1717,100.);
#1030=VECTOR('',#1718,100.);
#1031=VECTOR('',#1719,100.);
#1032=VECTOR('',#1720,100.);
#1033=VECTOR('',#1721,100.);
#1034=VECTOR('',#1722,100.);
#1035=VECTOR('',#1723,100.);
#1036=VECTOR('',#1724,100.);
#1037=VECTOR('',#1725,100.);
#1038=VECTOR('',#1726,100.);
#1039=VECTOR('',#1727,100.);
#1040=VECTOR('',#1728,100.);
#1041=VECTOR('',#1729,100.);
#1042=VECTOR('',#1730,100.);
#1043=VECTOR('',#1731,100.);
#1044=VECTOR('',#1732,100.);
#1045=VECTOR('',#1733,100.);
#1046=VECTOR('',#1734,100.);
#1047=VECTOR('',#1735,100.);
#1048=VECTOR('',#1736,100.);
#1049=VECTOR('',#1737,100.);
#1050=VECTOR('',#1738,100.);
#1051=VECTOR('',#1739,100.);
#1052=VECTOR('',#1744,100.);
#1053=VECTOR('',#1745,100.);
#1054=VECTOR('',#1746,100.);
#1055=VECTOR('',#1747,100.);
#1056=VECTOR('',#1748,100.);
#1057=VECTOR('',#1749,100.);
#1058=VECTOR('',#1750,100.);
#1059=VECTOR('',#1751,100.);
#1060=VECTOR('',#1752,100.);
#1061=VECTOR('',#1757,100.);
#1062=VECTOR('',#1760,100.);
#1063=VECTOR('',#1763,100.);
#1064=VECTOR('',#1768,100.);
#1065=VECTOR('',#1769,100.);
#1066=VECTOR('',#1770,100.);
#1067=VECTOR('',#1771,100.);
#1068=VECTOR('',#1774,100.);
#1069=VECTOR('',#1775,100.);
#1070=VECTOR('',#1776,100.);
#1071=VECTOR('',#1777,100.);
#1072=VECTOR('',#1780,100.);
#1073=VECTOR('',#1781,100.);
#1074=VECTOR('',#1782,100.);
#1075=VECTOR('',#1783,100.);
#1076=VECTOR('',#1786,100.);
#1077=VECTOR('',#1787,100.);
#1078=VECTOR('',#1788,100.);
#1079=VECTOR('',#1789,100.);
#1080=VECTOR('',#1792,100.);
#1081=VECTOR('',#1793,100.);
#1082=VECTOR('',#1794,100.);
#1083=VECTOR('',#1795,100.);
#1084=VECTOR('',#1798,100.);
#1085=VECTOR('',#1799,100.);
#1086=VECTOR('',#1800,100.);
#1087=VECTOR('',#1801,100.);
#1088=VECTOR('',#1806,100.);
#1089=VECTOR('',#1809,100.);
#1090=VECTOR('',#1812,100.);
#1091=VECTOR('',#1823,100.);
#1092=VECTOR('',#1824,100.);
#1093=VECTOR('',#1827,100.);
#1094=VECTOR('',#1830,100.);
#1095=VECTOR('',#1833,100.);
#1096=VECTOR('',#1836,100.);
#1097=VECTOR('',#1853,100.);
#1098=VECTOR('',#1856,100.);
#1099=VECTOR('',#1859,100.);
#1100=VECTOR('',#1862,100.);
#1101=VECTOR('',#1865,100.);
#1102=VECTOR('',#1868,100.);
#1103=VECTOR('',#1875,100.);
#1104=VECTOR('',#1878,100.);
#1105=VECTOR('',#1881,100.);
#1106=VECTOR('',#1884,100.);
#1107=VECTOR('',#1887,100.);
#1108=VECTOR('',#1890,100.);
#1109=VECTOR('',#1991,100.);
#1110=VECTOR('',#1992,100.);
#1111=VECTOR('',#1993,100.);
#1112=VECTOR('',#1996,100.);
#1113=VECTOR('',#1997,100.);
#1114=VECTOR('',#2000,100.);
#1115=VECTOR('',#2001,100.);
#1116=VECTOR('',#2004,100.);
#1117=VECTOR('',#2005,100.);
#1118=VECTOR('',#2008,100.);
#1119=VECTOR('',#2009,100.);
#1120=VECTOR('',#2012,100.);
#1121=VECTOR('',#2013,100.);
#1122=VECTOR('',#2016,100.);
#1123=VECTOR('',#2017,100.);
#1124=VECTOR('',#2020,100.);
#1125=VECTOR('',#2021,100.);
#1126=VECTOR('',#2024,100.);
#1127=VECTOR('',#2025,100.);
#1128=VECTOR('',#2028,100.);
#1129=VECTOR('',#2029,100.);
#1130=VECTOR('',#2032,100.);
#1131=VECTOR('',#2033,100.);
#1132=VECTOR('',#2036,100.);
#1133=VECTOR('',#2037,100.);
#1134=VECTOR('',#2040,100.);
#1135=VECTOR('',#2045,100.);
#1136=VECTOR('',#2046,100.);
#1137=VECTOR('',#2047,100.);
#1138=VECTOR('',#2050,100.);
#1139=VECTOR('',#2051,100.);
#1140=VECTOR('',#2054,100.);
#1141=VECTOR('',#2055,100.);
#1142=VECTOR('',#2058,100.);
#1143=VECTOR('',#2059,100.);
#1144=VECTOR('',#2062,100.);
#1145=VECTOR('',#2063,100.);
#1146=VECTOR('',#2066,100.);
#1147=VECTOR('',#2067,100.);
#1148=VECTOR('',#2070,100.);
#1149=VECTOR('',#2071,100.);
#1150=VECTOR('',#2074,100.);
#1151=VECTOR('',#2075,100.);
#1152=VECTOR('',#2078,100.);
#1153=VECTOR('',#2083,100.);
#1154=VECTOR('',#2084,100.);
#1155=VECTOR('',#2085,100.);
#1156=VECTOR('',#2088,100.);
#1157=VECTOR('',#2089,100.);
#1158=VECTOR('',#2092,100.);
#1159=VECTOR('',#2093,100.);
#1160=VECTOR('',#2096,100.);
#1161=VECTOR('',#2101,100.);
#1162=VECTOR('',#2102,100.);
#1163=VECTOR('',#2103,100.);
#1164=VECTOR('',#2106,100.);
#1165=VECTOR('',#2107,100.);
#1166=VECTOR('',#2110,100.);
#1167=VECTOR('',#2111,100.);
#1168=VECTOR('',#2114,100.);
#1169=VECTOR('',#2115,100.);
#1170=VECTOR('',#2118,100.);
#1171=VECTOR('',#2119,100.);
#1172=VECTOR('',#2122,100.);
#1173=VECTOR('',#2123,100.);
#1174=VECTOR('',#2126,100.);
#1175=VECTOR('',#2127,100.);
#1176=VECTOR('',#2130,100.);
#1177=VECTOR('',#2131,100.);
#1178=VECTOR('',#2134,100.);
#1179=VECTOR('',#2135,100.);
#1180=VECTOR('',#2138,100.);
#1181=EDGE_LOOP('',(#95,#96,#97,#98,#99,#100,#101,#102,#103,#104));
#1182=EDGE_LOOP('',(#105,#106,#107,#108));
#1183=EDGE_LOOP('',(#109,#110,#111,#112,#113,#114,#115,#116,#117,#118,#119,
#120,#121));
#1184=EDGE_LOOP('',(#122));
#1185=EDGE_LOOP('',(#123));
#1186=EDGE_LOOP('',(#124,#125,#126,#127,#128,#129,#130,#131,#132));
#1187=EDGE_LOOP('',(#133));
#1188=EDGE_LOOP('',(#134,#135,#136,#137,#138,#139));
#1189=EDGE_LOOP('',(#140,#141,#142,#143));
#1190=EDGE_LOOP('',(#144,#145,#146,#147));
#1191=EDGE_LOOP('',(#148,#149,#150,#151));
#1192=EDGE_LOOP('',(#152,#153,#154,#155));
#1193=EDGE_LOOP('',(#156,#157,#158,#159));
#1194=EDGE_LOOP('',(#160,#161,#162,#163));
#1195=EDGE_LOOP('',(#164));
#1196=EDGE_LOOP('',(#165,#166,#167,#168,#169,#170));
#1197=EDGE_LOOP('',(#171));
#1198=EDGE_LOOP('',(#172));
#1199=EDGE_LOOP('',(#173,#174,#175,#176));
#1200=EDGE_LOOP('',(#177,#178,#179,#180));
#1201=EDGE_LOOP('',(#181,#182,#183,#184));
#1202=EDGE_LOOP('',(#185,#186,#187,#188));
#1203=EDGE_LOOP('',(#189,#190,#191,#192));
#1204=EDGE_LOOP('',(#193,#194,#195,#196));
#1205=EDGE_LOOP('',(#197));
#1206=EDGE_LOOP('',(#198));
#1207=EDGE_LOOP('',(#199));
#1208=EDGE_LOOP('',(#200));
#1209=EDGE_LOOP('',(#201,#202,#203,#204));
#1210=EDGE_LOOP('',(#205,#206,#207,#208));
#1211=EDGE_LOOP('',(#209,#210,#211,#212));
#1212=EDGE_LOOP('',(#213));
#1213=EDGE_LOOP('',(#214));
#1214=EDGE_LOOP('',(#215,#216,#217,#218));
#1215=EDGE_LOOP('',(#219,#220,#221,#222));
#1216=EDGE_LOOP('',(#223,#224,#225,#226));
#1217=EDGE_LOOP('',(#227,#228,#229,#230,#231,#232,#233,#234));
#1218=EDGE_LOOP('',(#235,#236,#237,#238,#239,#240,#241,#242));
#1219=EDGE_LOOP('',(#243,#244,#245,#246,#247,#248,#249,#250));
#1220=EDGE_LOOP('',(#251,#252,#253,#254,#255,#256,#257,#258));
#1221=EDGE_LOOP('',(#259,#260,#261,#262,#263,#264,#265,#266));
#1222=EDGE_LOOP('',(#267,#268,#269,#270,#271,#272,#273,#274));
#1223=EDGE_LOOP('',(#275,#276,#277,#278));
#1224=EDGE_LOOP('',(#279,#280,#281,#282));
#1225=EDGE_LOOP('',(#283,#284,#285,#286));
#1226=EDGE_LOOP('',(#287,#288,#289,#290));
#1227=EDGE_LOOP('',(#291,#292,#293,#294));
#1228=EDGE_LOOP('',(#295,#296,#297,#298));
#1229=EDGE_LOOP('',(#299,#300,#301,#302));
#1230=EDGE_LOOP('',(#303,#304,#305,#306));
#1231=EDGE_LOOP('',(#307,#308,#309,#310));
#1232=EDGE_LOOP('',(#311,#312,#313,#314));
#1233=EDGE_LOOP('',(#315,#316,#317,#318));
#1234=EDGE_LOOP('',(#319,#320,#321,#322));
#1235=EDGE_LOOP('',(#323));
#1236=EDGE_LOOP('',(#324));
#1237=EDGE_LOOP('',(#325));
#1238=EDGE_LOOP('',(#326));
#1239=EDGE_LOOP('',(#327));
#1240=EDGE_LOOP('',(#328));
#1241=EDGE_LOOP('',(#329));
#1242=EDGE_LOOP('',(#330));
#1243=EDGE_LOOP('',(#331));
#1244=EDGE_LOOP('',(#332));
#1245=EDGE_LOOP('',(#333));
#1246=EDGE_LOOP('',(#334));
#1247=EDGE_LOOP('',(#335,#336,#337,#338));
#1248=EDGE_LOOP('',(#339,#340,#341,#342));
#1249=EDGE_LOOP('',(#343,#344,#345,#346));
#1250=EDGE_LOOP('',(#347,#348,#349,#350));
#1251=EDGE_LOOP('',(#351,#352,#353,#354));
#1252=EDGE_LOOP('',(#355,#356,#357,#358));
#1253=EDGE_LOOP('',(#359,#360,#361,#362));
#1254=EDGE_LOOP('',(#363,#364,#365,#366));
#1255=EDGE_LOOP('',(#367,#368,#369,#370));
#1256=EDGE_LOOP('',(#371,#372,#373,#374));
#1257=EDGE_LOOP('',(#375,#376,#377,#378));
#1258=EDGE_LOOP('',(#379,#380,#381,#382));
#1259=EDGE_LOOP('',(#383,#384,#385,#386));
#1260=EDGE_LOOP('',(#387,#388,#389,#390,#391,#392,#393,#394,#395,#396,#397,
#398,#399));
#1261=EDGE_LOOP('',(#400,#401,#402,#403));
#1262=EDGE_LOOP('',(#404,#405,#406,#407));
#1263=EDGE_LOOP('',(#408,#409,#410,#411));
#1264=EDGE_LOOP('',(#412,#413,#414,#415));
#1265=EDGE_LOOP('',(#416,#417,#418,#419));
#1266=EDGE_LOOP('',(#420,#421,#422,#423));
#1267=EDGE_LOOP('',(#424,#425,#426,#427));
#1268=EDGE_LOOP('',(#428,#429,#430,#431));
#1269=EDGE_LOOP('',(#432,#433,#434,#435));
#1270=EDGE_LOOP('',(#436,#437,#438,#439,#440,#441,#442,#443,#444));
#1271=EDGE_LOOP('',(#445,#446,#447,#448));
#1272=EDGE_LOOP('',(#449,#450,#451,#452));
#1273=EDGE_LOOP('',(#453,#454,#455,#456));
#1274=EDGE_LOOP('',(#457,#458,#459,#460));
#1275=EDGE_LOOP('',(#461,#462,#463,#464));
#1276=EDGE_LOOP('',(#465,#466,#467,#468));
#1277=EDGE_LOOP('',(#469,#470,#471,#472));
#1278=EDGE_LOOP('',(#473,#474,#475,#476));
#1279=EDGE_LOOP('',(#477,#478,#479,#480));
#1280=EDGE_LOOP('',(#481,#482,#483,#484));
#1281=EDGE_LOOP('',(#485,#486,#487,#488));
#1282=EDGE_LOOP('',(#489,#490,#491,#492));
#1283=EDGE_LOOP('',(#493,#494,#495,#496));
#1284=EDGE_LOOP('',(#497,#498,#499,#500));
#1285=EDGE_LOOP('',(#501,#502,#503,#504));
#1286=EDGE_LOOP('',(#505,#506,#507,#508,#509,#510,#511,#512,#513,#514));
#1287=FACE_BOUND('',#1181,.T.);
#1288=FACE_BOUND('',#1182,.T.);
#1289=FACE_BOUND('',#1183,.T.);
#1290=FACE_BOUND('',#1184,.T.);
#1291=FACE_BOUND('',#1185,.T.);
#1292=FACE_BOUND('',#1186,.T.);
#1293=FACE_BOUND('',#1187,.T.);
#1294=FACE_BOUND('',#1188,.T.);
#1295=FACE_BOUND('',#1189,.T.);
#1296=FACE_BOUND('',#1190,.T.);
#1297=FACE_BOUND('',#1191,.T.);
#1298=FACE_BOUND('',#1192,.T.);
#1299=FACE_BOUND('',#1193,.T.);
#1300=FACE_BOUND('',#1194,.T.);
#1301=FACE_BOUND('',#1195,.T.);
#1302=FACE_BOUND('',#1196,.T.);
#1303=FACE_BOUND('',#1197,.T.);
#1304=FACE_BOUND('',#1198,.T.);
#1305=FACE_BOUND('',#1199,.T.);
#1306=FACE_BOUND('',#1200,.T.);
#1307=FACE_BOUND('',#1201,.T.);
#1308=FACE_BOUND('',#1202,.T.);
#1309=FACE_BOUND('',#1203,.T.);
#1310=FACE_BOUND('',#1204,.T.);
#1311=FACE_BOUND('',#1205,.T.);
#1312=FACE_BOUND('',#1206,.T.);
#1313=FACE_BOUND('',#1207,.T.);
#1314=FACE_BOUND('',#1208,.T.);
#1315=FACE_BOUND('',#1209,.T.);
#1316=FACE_BOUND('',#1210,.T.);
#1317=FACE_BOUND('',#1211,.T.);
#1318=FACE_BOUND('',#1212,.T.);
#1319=FACE_BOUND('',#1213,.T.);
#1320=FACE_BOUND('',#1214,.T.);
#1321=FACE_BOUND('',#1215,.T.);
#1322=FACE_BOUND('',#1216,.T.);
#1323=FACE_BOUND('',#1217,.T.);
#1324=FACE_BOUND('',#1218,.T.);
#1325=FACE_BOUND('',#1219,.T.);
#1326=FACE_BOUND('',#1220,.T.);
#1327=FACE_BOUND('',#1221,.T.);
#1328=FACE_BOUND('',#1222,.T.);
#1329=FACE_BOUND('',#1223,.T.);
#1330=FACE_BOUND('',#1224,.T.);
#1331=FACE_BOUND('',#1225,.T.);
#1332=FACE_BOUND('',#1226,.T.);
#1333=FACE_BOUND('',#1227,.T.);
#1334=FACE_BOUND('',#1228,.T.);
#1335=FACE_BOUND('',#1229,.T.);
#1336=FACE_BOUND('',#1230,.T.);
#1337=FACE_BOUND('',#1231,.T.);
#1338=FACE_BOUND('',#1232,.T.);
#1339=FACE_BOUND('',#1233,.T.);
#1340=FACE_BOUND('',#1234,.T.);
#1341=FACE_BOUND('',#1235,.T.);
#1342=FACE_BOUND('',#1236,.T.);
#1343=FACE_BOUND('',#1237,.T.);
#1344=FACE_BOUND('',#1238,.T.);
#1345=FACE_BOUND('',#1239,.T.);
#1346=FACE_BOUND('',#1240,.T.);
#1347=FACE_BOUND('',#1241,.T.);
#1348=FACE_BOUND('',#1242,.T.);
#1349=FACE_BOUND('',#1243,.T.);
#1350=FACE_BOUND('',#1244,.T.);
#1351=FACE_BOUND('',#1245,.T.);
#1352=FACE_BOUND('',#1246,.T.);
#1353=FACE_BOUND('',#1247,.T.);
#1354=FACE_BOUND('',#1248,.T.);
#1355=FACE_BOUND('',#1249,.T.);
#1356=FACE_BOUND('',#1250,.T.);
#1357=FACE_BOUND('',#1251,.T.);
#1358=FACE_BOUND('',#1252,.T.);
#1359=FACE_BOUND('',#1253,.T.);
#1360=FACE_BOUND('',#1254,.T.);
#1361=FACE_BOUND('',#1255,.T.);
#1362=FACE_BOUND('',#1256,.T.);
#1363=FACE_BOUND('',#1257,.T.);
#1364=FACE_BOUND('',#1258,.T.);
#1365=FACE_BOUND('',#1259,.T.);
#1366=FACE_BOUND('',#1260,.T.);
#1367=FACE_BOUND('',#1261,.T.);
#1368=FACE_BOUND('',#1262,.T.);
#1369=FACE_BOUND('',#1263,.T.);
#1370=FACE_BOUND('',#1264,.T.);
#1371=FACE_BOUND('',#1265,.T.);
#1372=FACE_BOUND('',#1266,.T.);
#1373=FACE_BOUND('',#1267,.T.);
#1374=FACE_BOUND('',#1268,.T.);
#1375=FACE_BOUND('',#1269,.T.);
#1376=FACE_BOUND('',#1270,.T.);
#1377=FACE_BOUND('',#1271,.T.);
#1378=FACE_BOUND('',#1272,.T.);
#1379=FACE_BOUND('',#1273,.T.);
#1380=FACE_BOUND('',#1274,.T.);
#1381=FACE_BOUND('',#1275,.T.);
#1382=FACE_BOUND('',#1276,.T.);
#1383=FACE_BOUND('',#1277,.T.);
#1384=FACE_BOUND('',#1278,.T.);
#1385=FACE_BOUND('',#1279,.T.);
#1386=FACE_BOUND('',#1280,.T.);
#1387=FACE_BOUND('',#1281,.T.);
#1388=FACE_BOUND('',#1282,.T.);
#1389=FACE_BOUND('',#1283,.T.);
#1390=FACE_BOUND('',#1284,.T.);
#1391=FACE_BOUND('',#1285,.T.);
#1392=FACE_BOUND('',#1286,.T.);
#1393=PLANE('',#1572);
#1394=PLANE('',#1575);
#1395=PLANE('',#1580);
#1396=PLANE('',#1581);
#1397=PLANE('',#1582);
#1398=PLANE('',#1583);
#1399=PLANE('',#1584);
#1400=PLANE('',#1585);
#1401=PLANE('',#1586);
#1402=PLANE('',#1591);
#1403=PLANE('',#1594);
#1404=PLANE('',#1596);
#1405=PLANE('',#1598);
#1406=PLANE('',#1621);
#1407=PLANE('',#1626);
#1408=PLANE('',#1631);
#1409=PLANE('',#1636);
#1410=PLANE('',#1641);
#1411=PLANE('',#1646);
#1412=PLANE('',#1669);
#1413=PLANE('',#1670);
#1414=PLANE('',#1671);
#1415=PLANE('',#1672);
#1416=PLANE('',#1673);
#1417=PLANE('',#1674);
#1418=PLANE('',#1675);
#1419=PLANE('',#1676);
#1420=PLANE('',#1677);
#1421=PLANE('',#1678);
#1422=PLANE('',#1679);
#1423=PLANE('',#1680);
#1424=PLANE('',#1681);
#1425=PLANE('',#1682);
#1426=PLANE('',#1683);
#1427=PLANE('',#1684);
#1428=PLANE('',#1685);
#1429=PLANE('',#1686);
#1430=PLANE('',#1687);
#1431=PLANE('',#1688);
#1432=PLANE('',#1689);
#1433=PLANE('',#1690);
#1434=PLANE('',#1691);
#1435=PLANE('',#1692);
#1436=PLANE('',#1693);
#1437=PLANE('',#1694);
#1438=PLANE('',#1695);
#1439=PLANE('',#1696);
#1440=PLANE('',#1697);
#1441=PLANE('',#1698);
#1442=PLANE('',#1699);
#1443=PLANE('',#1700);
#1444=PLANE('',#1701);
#1445=PLANE('',#1702);
#1446=PLANE('',#1703);
#1447=PLANE('',#1704);
#1448=PLANE('',#1705);
#1449=PLANE('',#1706);
#1450=PLANE('',#1707);
#1451=PLANE('',#1708);
#1452=ADVANCED_FACE('',(#1287,#1288,#1289,#1290,#1291,#1292),#1393,.T.);
#1453=ADVANCED_FACE('',(#1293,#1294),#1394,.F.);
#1454=ADVANCED_FACE('',(#1295),#1395,.F.);
#1455=ADVANCED_FACE('',(#1296),#1396,.F.);
#1456=ADVANCED_FACE('',(#1297),#1397,.F.);
#1457=ADVANCED_FACE('',(#1298),#1398,.F.);
#1458=ADVANCED_FACE('',(#1299),#1399,.F.);
#1459=ADVANCED_FACE('',(#1300),#1400,.F.);
#1460=ADVANCED_FACE('',(#1301,#1302),#1401,.T.);
#1461=ADVANCED_FACE('',(#1303,#1304),#1402,.F.);
#1462=ADVANCED_FACE('',(#1305),#1403,.T.);
#1463=ADVANCED_FACE('',(#1306),#23,.F.);
#1464=ADVANCED_FACE('',(#1307),#1404,.T.);
#1465=ADVANCED_FACE('',(#1308),#24,.F.);
#1466=ADVANCED_FACE('',(#1309),#1405,.T.);
#1467=ADVANCED_FACE('',(#1310),#25,.F.);
#1468=ADVANCED_FACE('',(#1311,#1312),#26,.T.);
#1469=ADVANCED_FACE('',(#1313,#1314,#1315,#1316,#1317),#27,.F.);
#1470=ADVANCED_FACE('',(#1318,#1319,#1320,#1321,#1322),#28,.T.);
#1471=ADVANCED_FACE('',(#1323),#1406,.T.);
#1472=ADVANCED_FACE('',(#1324),#1407,.T.);
#1473=ADVANCED_FACE('',(#1325),#1408,.T.);
#1474=ADVANCED_FACE('',(#1326),#1409,.T.);
#1475=ADVANCED_FACE('',(#1327),#1410,.T.);
#1476=ADVANCED_FACE('',(#1328),#1411,.T.);
#1477=ADVANCED_FACE('',(#1329),#29,.F.);
#1478=ADVANCED_FACE('',(#1330),#30,.F.);
#1479=ADVANCED_FACE('',(#1331),#31,.F.);
#1480=ADVANCED_FACE('',(#1332),#32,.F.);
#1481=ADVANCED_FACE('',(#1333),#33,.F.);
#1482=ADVANCED_FACE('',(#1334),#34,.F.);
#1483=ADVANCED_FACE('',(#1335),#35,.F.);
#1484=ADVANCED_FACE('',(#1336),#36,.F.);
#1485=ADVANCED_FACE('',(#1337),#37,.F.);
#1486=ADVANCED_FACE('',(#1338),#38,.F.);
#1487=ADVANCED_FACE('',(#1339),#39,.F.);
#1488=ADVANCED_FACE('',(#1340),#40,.F.);
#1489=ADVANCED_FACE('',(#1341,#1342),#17,.T.);
#1490=ADVANCED_FACE('',(#1343,#1344),#18,.T.);
#1491=ADVANCED_FACE('',(#1345,#1346),#19,.T.);
#1492=ADVANCED_FACE('',(#1347,#1348),#20,.T.);
#1493=ADVANCED_FACE('',(#1349,#1350),#21,.F.);
#1494=ADVANCED_FACE('',(#1351,#1352),#22,.F.);
#1495=ADVANCED_FACE('',(#1353),#1412,.F.);
#1496=ADVANCED_FACE('',(#1354),#1413,.F.);
#1497=ADVANCED_FACE('',(#1355),#1414,.F.);
#1498=ADVANCED_FACE('',(#1356),#1415,.F.);
#1499=ADVANCED_FACE('',(#1357),#1416,.F.);
#1500=ADVANCED_FACE('',(#1358),#1417,.F.);
#1501=ADVANCED_FACE('',(#1359),#1418,.F.);
#1502=ADVANCED_FACE('',(#1360),#1419,.F.);
#1503=ADVANCED_FACE('',(#1361),#1420,.F.);
#1504=ADVANCED_FACE('',(#1362),#1421,.F.);
#1505=ADVANCED_FACE('',(#1363),#1422,.F.);
#1506=ADVANCED_FACE('',(#1364),#1423,.F.);
#1507=ADVANCED_FACE('',(#1365),#1424,.F.);
#1508=ADVANCED_FACE('Face appearance 1',(#1366),#1425,.T.);
#1509=ADVANCED_FACE('',(#1367),#1426,.T.);
#1510=ADVANCED_FACE('',(#1368),#1427,.T.);
#1511=ADVANCED_FACE('',(#1369),#1428,.T.);
#1512=ADVANCED_FACE('',(#1370),#1429,.T.);
#1513=ADVANCED_FACE('',(#1371),#1430,.T.);
#1514=ADVANCED_FACE('',(#1372),#1431,.T.);
#1515=ADVANCED_FACE('',(#1373),#1432,.T.);
#1516=ADVANCED_FACE('',(#1374),#1433,.T.);
#1517=ADVANCED_FACE('',(#1375),#1434,.T.);
#1518=ADVANCED_FACE('Face appearance 1',(#1376),#1435,.T.);
#1519=ADVANCED_FACE('',(#1377),#1436,.F.);
#1520=ADVANCED_FACE('',(#1378),#1437,.F.);
#1521=ADVANCED_FACE('',(#1379),#1438,.F.);
#1522=ADVANCED_FACE('',(#1380),#1439,.F.);
#1523=ADVANCED_FACE('Face appearance 1',(#1381),#1440,.T.);
#1524=ADVANCED_FACE('',(#1382),#1441,.F.);
#1525=ADVANCED_FACE('',(#1383),#1442,.F.);
#1526=ADVANCED_FACE('',(#1384),#1443,.F.);
#1527=ADVANCED_FACE('',(#1385),#1444,.F.);
#1528=ADVANCED_FACE('',(#1386),#1445,.F.);
#1529=ADVANCED_FACE('',(#1387),#1446,.F.);
#1530=ADVANCED_FACE('',(#1388),#1447,.F.);
#1531=ADVANCED_FACE('',(#1389),#1448,.F.);
#1532=ADVANCED_FACE('',(#1390),#1449,.F.);
#1533=ADVANCED_FACE('',(#1391),#1450,.F.);
#1534=ADVANCED_FACE('Face appearance 1',(#1392),#1451,.T.);
#1535=CLOSED_SHELL('',(#1452,#1453,#1454,#1455,#1456,#1457,#1458,#1459,
#1460,#1461,#1462,#1463,#1464,#1465,#1466,#1467,#1468,#1469,#1470,#1471,
#1472,#1473,#1474,#1475,#1476,#1477,#1478,#1479,#1480,#1481,#1482,#1483,
#1484,#1485,#1486,#1487,#1488,#1489,#1490,#1491,#1492,#1493,#1494,#1495,
#1496,#1497,#1498,#1499,#1500,#1501,#1502,#1503,#1504,#1505,#1506,#1507,
#1508,#1509,#1510,#1511,#1512,#1513,#1514,#1515,#1516,#1517,#1518,#1519,
#1520,#1521,#1522,#1523,#1524,#1525,#1526,#1527,#1528,#1529,#1530,#1531,
#1532,#1533,#1534));
#1536=STYLED_ITEM('',(#1537),#1568);
#1537=PRESENTATION_STYLE_ASSIGNMENT((#1542));
#1538=PRESENTATION_STYLE_ASSIGNMENT((#1543));
#1539=PRESENTATION_STYLE_ASSIGNMENT((#1544));
#1540=PRESENTATION_STYLE_ASSIGNMENT((#1545));
#1541=PRESENTATION_STYLE_ASSIGNMENT((#1546));
#1542=SURFACE_STYLE_USAGE(.BOTH.,#1547);
#1543=SURFACE_STYLE_USAGE(.BOTH.,#1548);
#1544=SURFACE_STYLE_USAGE(.BOTH.,#1549);
#1545=SURFACE_STYLE_USAGE(.BOTH.,#1550);
#1546=SURFACE_STYLE_USAGE(.BOTH.,#1551);
#1547=SURFACE_SIDE_STYLE('',(#1552));
#1548=SURFACE_SIDE_STYLE('',(#1553));
#1549=SURFACE_SIDE_STYLE('',(#1554));
#1550=SURFACE_SIDE_STYLE('',(#1555));
#1551=SURFACE_SIDE_STYLE('',(#1556));
#1552=SURFACE_STYLE_FILL_AREA(#1557);
#1553=SURFACE_STYLE_FILL_AREA(#1558);
#1554=SURFACE_STYLE_FILL_AREA(#1559);
#1555=SURFACE_STYLE_FILL_AREA(#1560);
#1556=SURFACE_STYLE_FILL_AREA(#1561);
#1557=FILL_AREA_STYLE('',(#1562));
#1558=FILL_AREA_STYLE('',(#1563));
#1559=FILL_AREA_STYLE('',(#1564));
#1560=FILL_AREA_STYLE('',(#1565));
#1561=FILL_AREA_STYLE('',(#1566));
#1562=FILL_AREA_STYLE_COLOUR('',#1567);
#1563=FILL_AREA_STYLE_COLOUR('',#16);
#1564=FILL_AREA_STYLE_COLOUR('',#16);
#1565=FILL_AREA_STYLE_COLOUR('',#16);
#1566=FILL_AREA_STYLE_COLOUR('',#16);
#1567=COLOUR_RGB('',0.913725490196078,0.647058823529412,0.329411764705883);
#1568=MANIFOLD_SOLID_BREP('4inchB',#1535);
#1569=SHAPE_DEFINITION_REPRESENTATION(#2585,#1570);
#1570=SHAPE_REPRESENTATION('4inchB',(#1571),#2580);
#1571=AXIS2_PLACEMENT_3D('',#2141,#1709,#1710);
#1572=AXIS2_PLACEMENT_3D('',#2142,#1711,#1712);
#1573=AXIS2_PLACEMENT_3D('',#2197,#1740,#1741);
#1574=AXIS2_PLACEMENT_3D('',#2199,#1742,#1743);
#1575=AXIS2_PLACEMENT_3D('',#2219,#1753,#1754);
#1576=AXIS2_PLACEMENT_3D('',#2220,#1755,#1756);
#1577=AXIS2_PLACEMENT_3D('',#2225,#1758,#1759);
#1578=AXIS2_PLACEMENT_3D('',#2229,#1761,#1762);
#1579=AXIS2_PLACEMENT_3D('',#2233,#1764,#1765);
#1580=AXIS2_PLACEMENT_3D('',#2234,#1766,#1767);
#1581=AXIS2_PLACEMENT_3D('',#2243,#1772,#1773);
#1582=AXIS2_PLACEMENT_3D('',#2252,#1778,#1779);
#1583=AXIS2_PLACEMENT_3D('',#2261,#1784,#1785);
#1584=AXIS2_PLACEMENT_3D('',#2270,#1790,#1791);
#1585=AXIS2_PLACEMENT_3D('',#2279,#1796,#1797);
#1586=AXIS2_PLACEMENT_3D('',#2288,#1802,#1803);
#1587=AXIS2_PLACEMENT_3D('',#2289,#1804,#1805);
#1588=AXIS2_PLACEMENT_3D('',#2294,#1807,#1808);
#1589=AXIS2_PLACEMENT_3D('',#2298,#1810,#1811);
#1590=AXIS2_PLACEMENT_3D('',#2302,#1813,#1814);
#1591=AXIS2_PLACEMENT_3D('',#2303,#1815,#1816);
#1592=AXIS2_PLACEMENT_3D('',#2304,#1817,#1818);
#1593=AXIS2_PLACEMENT_3D('',#2306,#1819,#1820);
#1594=AXIS2_PLACEMENT_3D('',#2308,#1821,#1822);
#1595=AXIS2_PLACEMENT_3D('',#2311,#1825,#1826);
#1596=AXIS2_PLACEMENT_3D('',#2313,#1828,#1829);
#1597=AXIS2_PLACEMENT_3D('',#2315,#1831,#1832);
#1598=AXIS2_PLACEMENT_3D('',#2317,#1834,#1835);
#1599=AXIS2_PLACEMENT_3D('',#2319,#1837,#1838);
#1600=AXIS2_PLACEMENT_3D('',#2320,#1839,#1840);
#1601=AXIS2_PLACEMENT_3D('',#2321,#1841,#1842);
#1602=AXIS2_PLACEMENT_3D('',#2323,#1843,#1844);
#1603=AXIS2_PLACEMENT_3D('',#2325,#1845,#1846);
#1604=AXIS2_PLACEMENT_3D('',#2326,#1847,#1848);
#1605=AXIS2_PLACEMENT_3D('',#2328,#1849,#1850);
#1606=AXIS2_PLACEMENT_3D('',#2330,#1851,#1852);
#1607=AXIS2_PLACEMENT_3D('',#2335,#1854,#1855);
#1608=AXIS2_PLACEMENT_3D('',#2338,#1857,#1858);
#1609=AXIS2_PLACEMENT_3D('',#2343,#1860,#1861);
#1610=AXIS2_PLACEMENT_3D('',#2346,#1863,#1864);
#1611=AXIS2_PLACEMENT_3D('',#2351,#1866,#1867);
#1612=AXIS2_PLACEMENT_3D('',#2354,#1869,#1870);
#1613=AXIS2_PLACEMENT_3D('',#2355,#1871,#1872);
#1614=AXIS2_PLACEMENT_3D('',#2357,#1873,#1874);
#1615=AXIS2_PLACEMENT_3D('',#2362,#1876,#1877);
#1616=AXIS2_PLACEMENT_3D('',#2366,#1879,#1880);
#1617=AXIS2_PLACEMENT_3D('',#2370,#1882,#1883);
#1618=AXIS2_PLACEMENT_3D('',#2374,#1885,#1886);
#1619=AXIS2_PLACEMENT_3D('',#2378,#1888,#1889);
#1620=AXIS2_PLACEMENT_3D('',#2382,#1891,#1892);
#1621=AXIS2_PLACEMENT_3D('',#2383,#1893,#1894);
#1622=AXIS2_PLACEMENT_3D('',#2384,#1895,#1896);
#1623=AXIS2_PLACEMENT_3D('',#2385,#1897,#1898);
#1624=AXIS2_PLACEMENT_3D('',#2386,#1899,#1900);
#1625=AXIS2_PLACEMENT_3D('',#2387,#1901,#1902);
#1626=AXIS2_PLACEMENT_3D('',#2388,#1903,#1904);
#1627=AXIS2_PLACEMENT_3D('',#2389,#1905,#1906);
#1628=AXIS2_PLACEMENT_3D('',#2390,#1907,#1908);
#1629=AXIS2_PLACEMENT_3D('',#2391,#1909,#1910);
#1630=AXIS2_PLACEMENT_3D('',#2392,#1911,#1912);
#1631=AXIS2_PLACEMENT_3D('',#2393,#1913,#1914);
#1632=AXIS2_PLACEMENT_3D('',#2394,#1915,#1916);
#1633=AXIS2_PLACEMENT_3D('',#2395,#1917,#1918);
#1634=AXIS2_PLACEMENT_3D('',#2396,#1919,#1920);
#1635=AXIS2_PLACEMENT_3D('',#2397,#1921,#1922);
#1636=AXIS2_PLACEMENT_3D('',#2398,#1923,#1924);
#1637=AXIS2_PLACEMENT_3D('',#2399,#1925,#1926);
#1638=AXIS2_PLACEMENT_3D('',#2400,#1927,#1928);
#1639=AXIS2_PLACEMENT_3D('',#2401,#1929,#1930);
#1640=AXIS2_PLACEMENT_3D('',#2402,#1931,#1932);
#1641=AXIS2_PLACEMENT_3D('',#2403,#1933,#1934);
#1642=AXIS2_PLACEMENT_3D('',#2404,#1935,#1936);
#1643=AXIS2_PLACEMENT_3D('',#2405,#1937,#1938);
#1644=AXIS2_PLACEMENT_3D('',#2406,#1939,#1940);
#1645=AXIS2_PLACEMENT_3D('',#2407,#1941,#1942);
#1646=AXIS2_PLACEMENT_3D('',#2408,#1943,#1944);
#1647=AXIS2_PLACEMENT_3D('',#2409,#1945,#1946);
#1648=AXIS2_PLACEMENT_3D('',#2410,#1947,#1948);
#1649=AXIS2_PLACEMENT_3D('',#2411,#1949,#1950);
#1650=AXIS2_PLACEMENT_3D('',#2412,#1951,#1952);
#1651=AXIS2_PLACEMENT_3D('',#2413,#1953,#1954);
#1652=AXIS2_PLACEMENT_3D('',#2414,#1955,#1956);
#1653=AXIS2_PLACEMENT_3D('',#2415,#1957,#1958);
#1654=AXIS2_PLACEMENT_3D('',#2416,#1959,#1960);
#1655=AXIS2_PLACEMENT_3D('',#2417,#1961,#1962);
#1656=AXIS2_PLACEMENT_3D('',#2418,#1963,#1964);
#1657=AXIS2_PLACEMENT_3D('',#2419,#1965,#1966);
#1658=AXIS2_PLACEMENT_3D('',#2420,#1967,#1968);
#1659=AXIS2_PLACEMENT_3D('',#2421,#1969,#1970);
#1660=AXIS2_PLACEMENT_3D('',#2422,#1971,#1972);
#1661=AXIS2_PLACEMENT_3D('',#2423,#1973,#1974);
#1662=AXIS2_PLACEMENT_3D('',#2424,#1975,#1976);
#1663=AXIS2_PLACEMENT_3D('',#2425,#1977,#1978);
#1664=AXIS2_PLACEMENT_3D('',#2426,#1979,#1980);
#1665=AXIS2_PLACEMENT_3D('',#2427,#1981,#1982);
#1666=AXIS2_PLACEMENT_3D('',#2428,#1983,#1984);
#1667=AXIS2_PLACEMENT_3D('',#2429,#1985,#1986);
#1668=AXIS2_PLACEMENT_3D('',#2430,#1987,#1988);
#1669=AXIS2_PLACEMENT_3D('',#2431,#1989,#1990);
#1670=AXIS2_PLACEMENT_3D('',#2437,#1994,#1995);
#1671=AXIS2_PLACEMENT_3D('',#2441,#1998,#1999);
#1672=AXIS2_PLACEMENT_3D('',#2445,#2002,#2003);
#1673=AXIS2_PLACEMENT_3D('',#2449,#2006,#2007);
#1674=AXIS2_PLACEMENT_3D('',#2453,#2010,#2011);
#1675=AXIS2_PLACEMENT_3D('',#2457,#2014,#2015);
#1676=AXIS2_PLACEMENT_3D('',#2461,#2018,#2019);
#1677=AXIS2_PLACEMENT_3D('',#2465,#2022,#2023);
#1678=AXIS2_PLACEMENT_3D('',#2469,#2026,#2027);
#1679=AXIS2_PLACEMENT_3D('',#2473,#2030,#2031);
#1680=AXIS2_PLACEMENT_3D('',#2477,#2034,#2035);
#1681=AXIS2_PLACEMENT_3D('',#2481,#2038,#2039);
#1682=AXIS2_PLACEMENT_3D('',#2483,#2041,#2042);
#1683=AXIS2_PLACEMENT_3D('',#2484,#2043,#2044);
#1684=AXIS2_PLACEMENT_3D('',#2490,#2048,#2049);
#1685=AXIS2_PLACEMENT_3D('',#2494,#2052,#2053);
#1686=AXIS2_PLACEMENT_3D('',#2498,#2056,#2057);
#1687=AXIS2_PLACEMENT_3D('',#2502,#2060,#2061);
#1688=AXIS2_PLACEMENT_3D('',#2506,#2064,#2065);
#1689=AXIS2_PLACEMENT_3D('',#2510,#2068,#2069);
#1690=AXIS2_PLACEMENT_3D('',#2514,#2072,#2073);
#1691=AXIS2_PLACEMENT_3D('',#2518,#2076,#2077);
#1692=AXIS2_PLACEMENT_3D('',#2520,#2079,#2080);
#1693=AXIS2_PLACEMENT_3D('',#2521,#2081,#2082);
#1694=AXIS2_PLACEMENT_3D('',#2527,#2086,#2087);
#1695=AXIS2_PLACEMENT_3D('',#2531,#2090,#2091);
#1696=AXIS2_PLACEMENT_3D('',#2535,#2094,#2095);
#1697=AXIS2_PLACEMENT_3D('',#2537,#2097,#2098);
#1698=AXIS2_PLACEMENT_3D('',#2538,#2099,#2100);
#1699=AXIS2_PLACEMENT_3D('',#2544,#2104,#2105);
#1700=AXIS2_PLACEMENT_3D('',#2548,#2108,#2109);
#1701=AXIS2_PLACEMENT_3D('',#2552,#2112,#2113);
#1702=AXIS2_PLACEMENT_3D('',#2556,#2116,#2117);
#1703=AXIS2_PLACEMENT_3D('',#2560,#2120,#2121);
#1704=AXIS2_PLACEMENT_3D('',#2564,#2124,#2125);
#1705=AXIS2_PLACEMENT_3D('',#2568,#2128,#2129);
#1706=AXIS2_PLACEMENT_3D('',#2572,#2132,#2133);
#1707=AXIS2_PLACEMENT_3D('',#2576,#2136,#2137);
#1708=AXIS2_PLACEMENT_3D('',#2578,#2139,#2140);
#1709=DIRECTION('',(0.,0.,1.));
#1710=DIRECTION('',(1.,0.,0.));
#1711=DIRECTION('',(0.,0.,1.));
#1712=DIRECTION('',(1.,0.,0.));
#1713=DIRECTION('',(-0.611250813819689,-0.791436947965388,0.));
#1714=DIRECTION('',(-0.827276727994233,0.561794638029909,0.));
#1715=DIRECTION('',(0.213371426533813,-0.976971153278809,0.));
#1716=DIRECTION('',(-0.976971153278811,-0.213371426533801,0.));
#1717=DIRECTION('',(-0.213371426533816,0.976971153278808,0.));
#1718=DIRECTION('',(0.561794638029909,0.827276727994233,0.));
#1719=DIRECTION('',(0.827276727994232,-0.561794638029911,0.));
#1720=DIRECTION('',(-0.213371426533816,0.976971153278808,0.));
#1721=DIRECTION('',(0.976971153278806,0.213371426533824,0.));
#1722=DIRECTION('',(0.213371426533816,-0.976971153278808,0.));
#1723=DIRECTION('',(-0.997339981417629,-0.0728900642466651,0.));
#1724=DIRECTION('',(-0.0728900642466679,0.997339981417629,0.));
#1725=DIRECTION('',(0.997339981417629,0.0728900642466685,0.));
#1726=DIRECTION('',(0.0728900642466699,-0.997339981417629,0.));
#1727=DIRECTION('',(-0.220867661007491,-0.975303786684477,0.));
#1728=DIRECTION('',(-0.975303786684477,0.220867661007491,0.));
#1729=DIRECTION('',(0.220867661007493,0.975303786684477,0.));
#1730=DIRECTION('',(0.975303786684476,-0.220867661007495,0.));
#1731=DIRECTION('',(0.220867661007495,0.975303786684476,0.));
#1732=DIRECTION('',(-0.975303786684477,0.220867661007492,0.));
#1733=DIRECTION('',(0.220867661007493,0.975303786684477,0.));
#1734=DIRECTION('',(0.975303786684476,-0.220867661007495,0.));
#1735=DIRECTION('',(0.220867661007499,0.975303786684475,0.));
#1736=DIRECTION('',(-0.975303786684477,0.220867661007493,0.));
#1737=DIRECTION('',(0.220867661007492,0.975303786684477,0.));
#1738=DIRECTION('',(0.975303786684477,-0.220867661007493,0.));
#1739=DIRECTION('',(0.562729080645538,-0.826641386452328,0.));
#1740=DIRECTION('',(0.,0.,1.));
#1741=DIRECTION('',(1.,0.,0.));
#1742=DIRECTION('',(0.,0.,1.));
#1743=DIRECTION('',(1.,0.,0.));
#1744=DIRECTION('',(0.997738682046465,-0.0672125163059915,0.));
#1745=DIRECTION('',(-0.0672125163059891,-0.997738682046465,0.));
#1746=DIRECTION('',(-0.997738682046465,0.0672125163059936,0.));
#1747=DIRECTION('',(-0.0672125163059919,-0.997738682046465,0.));
#1748=DIRECTION('',(0.997738682046465,-0.0672125163059944,0.));
#1749=DIRECTION('',(-0.0672125163059921,-0.997738682046465,0.));
#1750=DIRECTION('',(-0.997738682046465,0.067212516305992,0.));
#1751=DIRECTION('',(0.0672125163059919,0.997738682046465,0.));
#1752=DIRECTION('',(0.753034213987762,0.657981361866606,0.));
#1753=DIRECTION('',(0.,0.,1.));
#1754=DIRECTION('',(1.,0.,0.));
#1755=DIRECTION('',(0.,0.,1.));
#1756=DIRECTION('',(1.,0.,0.));
#1757=DIRECTION('',(-1.,0.,0.));
#1758=DIRECTION('',(0.,0.,1.));
#1759=DIRECTION('',(1.,0.,0.));
#1760=DIRECTION('',(0.5,-0.866025403784439,0.));
#1761=DIRECTION('',(0.,0.,1.));
#1762=DIRECTION('',(1.,0.,0.));
#1763=DIRECTION('',(0.5,0.866025403784439,0.));
#1764=DIRECTION('',(0.,0.,1.));
#1765=DIRECTION('',(1.,0.,0.));
#1766=DIRECTION('',(0.484809620246337,-0.874619707139396,0.));
#1767=DIRECTION('',(0.874619707139396,0.484809620246337,0.));
#1768=DIRECTION('',(0.874619707139396,0.484809620246337,0.));
#1769=DIRECTION('',(0.,0.,1.));
#1770=DIRECTION('',(-0.874619707139396,-0.484809620246337,0.));
#1771=DIRECTION('',(0.,0.,-1.));
#1772=DIRECTION('',(-0.484809620246337,-0.874619707139396,0.));
#1773=DIRECTION('',(0.874619707139396,-0.484809620246337,0.));
#1774=DIRECTION('',(-0.874619707139396,0.484809620246337,0.));
#1775=DIRECTION('',(0.,0.,1.));
#1776=DIRECTION('',(0.874619707139396,-0.484809620246337,0.));
#1777=DIRECTION('',(0.,0.,-1.));
#1778=DIRECTION('',(0.515038074910054,0.857167300702112,0.));
#1779=DIRECTION('',(-0.857167300702112,0.515038074910054,0.));
#1780=DIRECTION('',(-0.857167300702112,0.515038074910054,0.));
#1781=DIRECTION('',(0.,0.,1.));
#1782=DIRECTION('',(0.857167300702112,-0.515038074910054,0.));
#1783=DIRECTION('',(0.,0.,-1.));
#1784=DIRECTION('',(0.999847695156391,0.0174524064372835,0.));
#1785=DIRECTION('',(-0.0174524064372835,0.999847695156391,0.));
#1786=DIRECTION('',(0.0174524064372835,-0.999847695156391,0.));
#1787=DIRECTION('',(0.,0.,1.));
#1788=DIRECTION('',(-0.0174524064372835,0.999847695156391,0.));
#1789=DIRECTION('',(0.,0.,-1.));
#1790=DIRECTION('',(-0.515038074910054,0.857167300702112,0.));
#1791=DIRECTION('',(-0.857167300702112,-0.515038074910054,0.));
#1792=DIRECTION('',(0.857167300702112,0.515038074910054,0.));
#1793=DIRECTION('',(0.,0.,1.));
#1794=DIRECTION('',(-0.857167300702112,-0.515038074910054,0.));
#1795=DIRECTION('',(0.,0.,-1.));
#1796=DIRECTION('',(-0.999847695156391,0.0174524064372835,0.));
#1797=DIRECTION('',(-0.0174524064372835,-0.999847695156391,0.));
#1798=DIRECTION('',(-0.0174524064372835,-0.999847695156391,0.));
#1799=DIRECTION('',(0.,0.,1.));
#1800=DIRECTION('',(0.0174524064372835,0.999847695156391,0.));
#1801=DIRECTION('',(0.,0.,-1.));
#1802=DIRECTION('',(0.,0.,1.));
#1803=DIRECTION('',(1.,0.,0.));
#1804=DIRECTION('',(0.,0.,1.));
#1805=DIRECTION('',(1.,0.,0.));
#1806=DIRECTION('',(-1.,0.,0.));
#1807=DIRECTION('',(0.,0.,1.));
#1808=DIRECTION('',(1.,0.,0.));
#1809=DIRECTION('',(0.5,0.866025403784439,0.));
#1810=DIRECTION('',(0.,0.,1.));
#1811=DIRECTION('',(1.,0.,0.));
#1812=DIRECTION('',(0.5,-0.866025403784439,0.));
#1813=DIRECTION('',(0.,0.,1.));
#1814=DIRECTION('',(1.,0.,0.));
#1815=DIRECTION('',(0.,0.,1.));
#1816=DIRECTION('',(1.,0.,0.));
#1817=DIRECTION('',(0.,0.,1.));
#1818=DIRECTION('',(1.,0.,0.));
#1819=DIRECTION('',(0.,0.,1.));
#1820=DIRECTION('',(1.,0.,0.));
#1821=DIRECTION('',(0.,-1.,0.));
#1822=DIRECTION('',(0.,0.,-1.));
#1823=DIRECTION('',(0.,0.,-1.));
#1824=DIRECTION('',(0.,0.,-1.));
#1825=DIRECTION('',(0.,0.,-1.));
#1826=DIRECTION('',(-1.,0.,0.));
#1827=DIRECTION('',(0.,0.,-1.));
#1828=DIRECTION('',(-0.866025403784439,0.5,0.));
#1829=DIRECTION('',(-0.5,-0.866025403784439,0.));
#1830=DIRECTION('',(0.,0.,-1.));
#1831=DIRECTION('',(0.,0.,-1.));
#1832=DIRECTION('',(-1.,0.,0.));
#1833=DIRECTION('',(0.,0.,-1.));
#1834=DIRECTION('',(0.866025403784439,0.5,0.));
#1835=DIRECTION('',(-0.5,0.866025403784439,0.));
#1836=DIRECTION('',(0.,0.,-1.));
#1837=DIRECTION('',(0.,0.,-1.));
#1838=DIRECTION('',(-1.,0.,0.));
#1839=DIRECTION('',(0.,0.,-1.));
#1840=DIRECTION('',(-1.,0.,0.));
#1841=DIRECTION('',(0.,0.,1.));
#1842=DIRECTION('',(1.,0.,0.));
#1843=DIRECTION('',(0.,0.,1.));
#1844=DIRECTION('',(1.,0.,0.));
#1845=DIRECTION('',(0.,0.,1.));
#1846=DIRECTION('',(1.,0.,0.));
#1847=DIRECTION('',(0.,0.,1.));
#1848=DIRECTION('',(1.,0.,0.));
#1849=DIRECTION('',(0.,0.,1.));
#1850=DIRECTION('',(1.,0.,0.));
#1851=DIRECTION('',(0.,0.,1.));
#1852=DIRECTION('',(1.,0.,0.));
#1853=DIRECTION('',(0.,0.,1.));
#1854=DIRECTION('',(0.,0.,1.));
#1855=DIRECTION('',(1.,0.,0.));
#1856=DIRECTION('',(0.,0.,1.));
#1857=DIRECTION('',(0.,0.,1.));
#1858=DIRECTION('',(1.,0.,0.));
#1859=DIRECTION('',(0.,0.,1.));
#1860=DIRECTION('',(0.,0.,1.));
#1861=DIRECTION('',(1.,0.,0.));
#1862=DIRECTION('',(0.,0.,1.));
#1863=DIRECTION('',(0.,0.,1.));
#1864=DIRECTION('',(1.,0.,0.));
#1865=DIRECTION('',(0.,0.,1.));
#1866=DIRECTION('',(0.,0.,1.));
#1867=DIRECTION('',(1.,0.,0.));
#1868=DIRECTION('',(0.,0.,1.));
#1869=DIRECTION('',(0.,0.,1.));
#1870=DIRECTION('',(1.,0.,0.));
#1871=DIRECTION('',(0.,0.,1.));
#1872=DIRECTION('',(1.,0.,0.));
#1873=DIRECTION('',(0.,0.,1.));
#1874=DIRECTION('',(1.,0.,0.));
#1875=DIRECTION('',(0.,0.,1.));
#1876=DIRECTION('',(0.,0.,1.));
#1877=DIRECTION('',(1.,0.,0.));
#1878=DIRECTION('',(0.,0.,1.));
#1879=DIRECTION('',(0.,0.,1.));
#1880=DIRECTION('',(1.,0.,0.));
#1881=DIRECTION('',(0.,0.,1.));
#1882=DIRECTION('',(0.,0.,1.));
#1883=DIRECTION('',(1.,0.,0.));
#1884=DIRECTION('',(0.,0.,1.));
#1885=DIRECTION('',(0.,0.,1.));
#1886=DIRECTION('',(1.,0.,0.));
#1887=DIRECTION('',(0.,0.,1.));
#1888=DIRECTION('',(0.,0.,1.));
#1889=DIRECTION('',(1.,0.,0.));
#1890=DIRECTION('',(0.,0.,1.));
#1891=DIRECTION('',(0.,0.,1.));
#1892=DIRECTION('',(1.,0.,0.));
#1893=DIRECTION('',(0.,0.,1.));
#1894=DIRECTION('',(1.,0.,0.));
#1895=DIRECTION('',(0.,0.,1.));
#1896=DIRECTION('',(1.,0.,0.));
#1897=DIRECTION('',(0.,0.,1.));
#1898=DIRECTION('',(1.,0.,0.));
#1899=DIRECTION('',(0.,0.,1.));
#1900=DIRECTION('',(1.,0.,0.));
#1901=DIRECTION('',(0.,0.,1.));
#1902=DIRECTION('',(1.,0.,0.));
#1903=DIRECTION('',(0.,0.,1.));
#1904=DIRECTION('',(1.,0.,0.));
#1905=DIRECTION('',(0.,0.,1.));
#1906=DIRECTION('',(1.,0.,0.));
#1907=DIRECTION('',(0.,0.,1.));
#1908=DIRECTION('',(1.,0.,0.));
#1909=DIRECTION('',(0.,0.,1.));
#1910=DIRECTION('',(1.,0.,0.));
#1911=DIRECTION('',(0.,0.,1.));
#1912=DIRECTION('',(1.,0.,0.));
#1913=DIRECTION('',(0.,0.,1.));
#1914=DIRECTION('',(1.,0.,0.));
#1915=DIRECTION('',(0.,0.,1.));
#1916=DIRECTION('',(1.,0.,0.));
#1917=DIRECTION('',(0.,0.,1.));
#1918=DIRECTION('',(1.,0.,0.));
#1919=DIRECTION('',(0.,0.,1.));
#1920=DIRECTION('',(1.,0.,0.));
#1921=DIRECTION('',(0.,0.,1.));
#1922=DIRECTION('',(1.,0.,0.));
#1923=DIRECTION('',(0.,0.,-1.));
#1924=DIRECTION('',(1.,0.,0.));
#1925=DIRECTION('',(0.,0.,-1.));
#1926=DIRECTION('',(-1.,0.,0.));
#1927=DIRECTION('',(0.,0.,-1.));
#1928=DIRECTION('',(-1.,0.,0.));
#1929=DIRECTION('',(0.,0.,-1.));
#1930=DIRECTION('',(-1.,0.,0.));
#1931=DIRECTION('',(0.,0.,-1.));
#1932=DIRECTION('',(-1.,0.,0.));
#1933=DIRECTION('',(0.,0.,-1.));
#1934=DIRECTION('',(1.,0.,0.));
#1935=DIRECTION('',(0.,0.,-1.));
#1936=DIRECTION('',(-1.,0.,0.));
#1937=DIRECTION('',(0.,0.,-1.));
#1938=DIRECTION('',(-1.,0.,0.));
#1939=DIRECTION('',(0.,0.,-1.));
#1940=DIRECTION('',(-1.,0.,0.));
#1941=DIRECTION('',(0.,0.,-1.));
#1942=DIRECTION('',(-1.,0.,0.));
#1943=DIRECTION('',(0.,0.,-1.));
#1944=DIRECTION('',(1.,0.,0.));
#1945=DIRECTION('',(0.,0.,-1.));
#1946=DIRECTION('',(-1.,0.,0.));
#1947=DIRECTION('',(0.,0.,-1.));
#1948=DIRECTION('',(-1.,0.,0.));
#1949=DIRECTION('',(0.,0.,-1.));
#1950=DIRECTION('',(-1.,0.,0.));
#1951=DIRECTION('',(0.,0.,-1.));
#1952=DIRECTION('',(-1.,0.,0.));
#1953=DIRECTION('',(0.,0.,1.));
#1954=DIRECTION('',(1.,0.,0.));
#1955=DIRECTION('',(0.,0.,1.));
#1956=DIRECTION('',(1.,0.,0.));
#1957=DIRECTION('',(0.,0.,1.));
#1958=DIRECTION('',(1.,0.,0.));
#1959=DIRECTION('',(0.,0.,1.));
#1960=DIRECTION('',(1.,0.,0.));
#1961=DIRECTION('',(0.,0.,1.));
#1962=DIRECTION('',(1.,0.,0.));
#1963=DIRECTION('',(0.,0.,1.));
#1964=DIRECTION('',(1.,0.,0.));
#1965=DIRECTION('',(0.,0.,1.));
#1966=DIRECTION('',(1.,0.,0.));
#1967=DIRECTION('',(0.,0.,1.));
#1968=DIRECTION('',(1.,0.,0.));
#1969=DIRECTION('',(0.,0.,1.));
#1970=DIRECTION('',(1.,0.,0.));
#1971=DIRECTION('',(0.,0.,1.));
#1972=DIRECTION('',(1.,0.,0.));
#1973=DIRECTION('',(0.,0.,1.));
#1974=DIRECTION('',(1.,0.,0.));
#1975=DIRECTION('',(0.,0.,1.));
#1976=DIRECTION('',(1.,0.,0.));
#1977=DIRECTION('',(0.,0.,1.));
#1978=DIRECTION('',(1.,0.,0.));
#1979=DIRECTION('',(0.,0.,-1.));
#1980=DIRECTION('',(-1.,0.,0.));
#1981=DIRECTION('',(0.,0.,-1.));
#1982=DIRECTION('',(-1.,0.,0.));
#1983=DIRECTION('',(0.,0.,1.));
#1984=DIRECTION('',(1.,0.,0.));
#1985=DIRECTION('',(0.,0.,-1.));
#1986=DIRECTION('',(-1.,0.,0.));
#1987=DIRECTION('',(0.,0.,1.));
#1988=DIRECTION('',(1.,0.,0.));
#1989=DIRECTION('',(0.975303786684477,-0.220867661007491,0.));
#1990=DIRECTION('',(0.220867661007491,0.975303786684477,0.));
#1991=DIRECTION('',(0.,0.,-1.));
#1992=DIRECTION('',(-0.220867661007491,-0.975303786684477,0.));
#1993=DIRECTION('',(0.,0.,-1.));
#1994=DIRECTION('',(0.826641386452328,0.562729080645538,0.));
#1995=DIRECTION('',(-0.562729080645538,0.826641386452328,0.));
#1996=DIRECTION('',(0.,0.,-1.));
#1997=DIRECTION('',(0.562729080645538,-0.826641386452328,0.));
#1998=DIRECTION('',(0.220867661007493,0.975303786684477,0.));
#1999=DIRECTION('',(-0.975303786684477,0.220867661007493,0.));
#2000=DIRECTION('',(0.,0.,-1.));
#2001=DIRECTION('',(0.975303786684477,-0.220867661007493,0.));
#2002=DIRECTION('',(-0.975303786684477,0.220867661007493,0.));
#2003=DIRECTION('',(-0.220867661007493,-0.975303786684477,0.));
#2004=DIRECTION('',(0.,0.,-1.));
#2005=DIRECTION('',(0.220867661007492,0.975303786684477,0.));
#2006=DIRECTION('',(-0.220867661007493,-0.975303786684477,0.));
#2007=DIRECTION('',(0.975303786684477,-0.220867661007493,0.));
#2008=DIRECTION('',(0.,0.,-1.));
#2009=DIRECTION('',(-0.975303786684477,0.220867661007493,0.));
#2010=DIRECTION('',(-0.975303786684475,0.220867661007499,0.));
#2011=DIRECTION('',(-0.220867661007499,-0.975303786684475,0.));
#2012=DIRECTION('',(0.,0.,-1.));
#2013=DIRECTION('',(0.220867661007499,0.975303786684475,0.));
#2014=DIRECTION('',(0.220867661007494,0.975303786684476,0.));
#2015=DIRECTION('',(-0.975303786684476,0.220867661007495,0.));
#2016=DIRECTION('',(0.,0.,-1.));
#2017=DIRECTION('',(0.975303786684476,-0.220867661007495,0.));
#2018=DIRECTION('',(-0.975303786684476,0.220867661007493,0.));
#2019=DIRECTION('',(-0.220867661007493,-0.975303786684477,0.));
#2020=DIRECTION('',(0.,0.,-1.));
#2021=DIRECTION('',(0.220867661007493,0.975303786684477,0.));
#2022=DIRECTION('',(-0.220867661007492,-0.975303786684477,0.));
#2023=DIRECTION('',(0.975303786684477,-0.220867661007492,0.));
#2024=DIRECTION('',(0.,0.,-1.));
#2025=DIRECTION('',(-0.975303786684477,0.220867661007492,0.));
#2026=DIRECTION('',(-0.975303786684476,0.220867661007495,0.));
#2027=DIRECTION('',(-0.220867661007495,-0.975303786684476,0.));
#2028=DIRECTION('',(0.,0.,-1.));
#2029=DIRECTION('',(0.220867661007495,0.975303786684476,0.));
#2030=DIRECTION('',(0.220867661007495,0.975303786684476,0.));
#2031=DIRECTION('',(-0.975303786684476,0.220867661007495,0.));
#2032=DIRECTION('',(0.,0.,-1.));
#2033=DIRECTION('',(0.975303786684476,-0.220867661007495,0.));
#2034=DIRECTION('',(-0.975303786684477,0.220867661007493,0.));
#2035=DIRECTION('',(-0.220867661007493,-0.975303786684477,0.));
#2036=DIRECTION('',(0.,0.,-1.));
#2037=DIRECTION('',(0.220867661007493,0.975303786684477,0.));
#2038=DIRECTION('',(-0.220867661007491,-0.975303786684477,0.));
#2039=DIRECTION('',(0.975303786684477,-0.220867661007491,0.));
#2040=DIRECTION('',(-0.975303786684477,0.220867661007491,0.));
#2041=DIRECTION('',(0.,0.,1.));
#2042=DIRECTION('',(1.,0.,0.));
#2043=DIRECTION('',(0.997738682046465,-0.0672125163059891,0.));
#2044=DIRECTION('',(0.0672125163059891,0.997738682046465,0.));
#2045=DIRECTION('',(0.,0.,-1.));
#2046=DIRECTION('',(-0.0672125163059891,-0.997738682046465,0.));
#2047=DIRECTION('',(0.,0.,-1.));
#2048=DIRECTION('',(0.0672125163059915,0.997738682046465,0.));
#2049=DIRECTION('',(-0.997738682046465,0.0672125163059915,0.));
#2050=DIRECTION('',(0.,0.,-1.));
#2051=DIRECTION('',(0.997738682046465,-0.0672125163059915,0.));
#2052=DIRECTION('',(-0.657981361866606,0.753034213987762,0.));
#2053=DIRECTION('',(-0.753034213987762,-0.657981361866606,0.));
#2054=DIRECTION('',(0.,0.,-1.));
#2055=DIRECTION('',(0.753034213987762,0.657981361866606,0.));
#2056=DIRECTION('',(-0.997738682046465,0.0672125163059919,0.));
#2057=DIRECTION('',(-0.0672125163059919,-0.997738682046465,0.));
#2058=DIRECTION('',(0.,0.,-1.));
#2059=DIRECTION('',(0.0672125163059919,0.997738682046465,0.));
#2060=DIRECTION('',(-0.067212516305992,-0.997738682046465,0.));
#2061=DIRECTION('',(0.997738682046465,-0.067212516305992,0.));
#2062=DIRECTION('',(0.,0.,-1.));
#2063=DIRECTION('',(-0.997738682046465,0.067212516305992,0.));
#2064=DIRECTION('',(0.997738682046465,-0.0672125163059921,0.));
#2065=DIRECTION('',(0.0672125163059921,0.997738682046465,0.));
#2066=DIRECTION('',(0.,0.,-1.));
#2067=DIRECTION('',(-0.0672125163059921,-0.997738682046465,0.));
#2068=DIRECTION('',(0.0672125163059944,0.997738682046465,0.));
#2069=DIRECTION('',(-0.997738682046465,0.0672125163059944,0.));
#2070=DIRECTION('',(0.,0.,-1.));
#2071=DIRECTION('',(0.997738682046465,-0.0672125163059944,0.));
#2072=DIRECTION('',(0.997738682046465,-0.0672125163059919,0.));
#2073=DIRECTION('',(0.0672125163059919,0.997738682046465,0.));
#2074=DIRECTION('',(0.,0.,-1.));
#2075=DIRECTION('',(-0.0672125163059919,-0.997738682046465,0.));
#2076=DIRECTION('',(-0.0672125163059936,-0.997738682046465,0.));
#2077=DIRECTION('',(0.997738682046465,-0.0672125163059936,0.));
#2078=DIRECTION('',(-0.997738682046465,0.0672125163059936,0.));
#2079=DIRECTION('',(0.,0.,1.));
#2080=DIRECTION('',(1.,0.,0.));
#2081=DIRECTION('',(0.0728900642466651,-0.997339981417629,0.));
#2082=DIRECTION('',(0.997339981417629,0.0728900642466651,0.));
#2083=DIRECTION('',(0.,0.,-1.));
#2084=DIRECTION('',(-0.997339981417629,-0.0728900642466651,0.));
#2085=DIRECTION('',(0.,0.,-1.));
#2086=DIRECTION('',(0.997339981417629,0.0728900642466698,0.));
#2087=DIRECTION('',(-0.0728900642466699,0.997339981417629,0.));
#2088=DIRECTION('',(0.,0.,-1.));
#2089=DIRECTION('',(0.0728900642466699,-0.997339981417629,0.));
#2090=DIRECTION('',(-0.0728900642466685,0.997339981417629,0.));
#2091=DIRECTION('',(-0.997339981417629,-0.0728900642466685,0.));
#2092=DIRECTION('',(0.,0.,-1.));
#2093=DIRECTION('',(0.997339981417629,0.0728900642466685,0.));
#2094=DIRECTION('',(-0.997339981417629,-0.0728900642466679,0.));
#2095=DIRECTION('',(0.0728900642466679,-0.997339981417629,0.));
#2096=DIRECTION('',(-0.0728900642466679,0.997339981417629,0.));
#2097=DIRECTION('',(0.,0.,1.));
#2098=DIRECTION('',(1.,0.,0.));
#2099=DIRECTION('',(0.791436947965388,-0.611250813819689,0.));
#2100=DIRECTION('',(0.611250813819689,0.791436947965388,0.));
#2101=DIRECTION('',(0.,0.,-1.));
#2102=DIRECTION('',(-0.611250813819689,-0.791436947965388,0.));
#2103=DIRECTION('',(0.,0.,-1.));
#2104=DIRECTION('',(0.976971153278808,0.213371426533816,0.));
#2105=DIRECTION('',(-0.213371426533816,0.976971153278808,0.));
#2106=DIRECTION('',(0.,0.,-1.));
#2107=DIRECTION('',(0.213371426533816,-0.976971153278808,0.));
#2108=DIRECTION('',(-0.213371426533824,0.976971153278806,0.));
#2109=DIRECTION('',(-0.976971153278806,-0.213371426533824,0.));
#2110=DIRECTION('',(0.,0.,-1.));
#2111=DIRECTION('',(0.976971153278806,0.213371426533824,0.));
#2112=DIRECTION('',(-0.976971153278808,-0.213371426533816,0.));
#2113=DIRECTION('',(0.213371426533816,-0.976971153278808,0.));
#2114=DIRECTION('',(0.,0.,-1.));
#2115=DIRECTION('',(-0.213371426533816,0.976971153278808,0.));
#2116=DIRECTION('',(0.561794638029911,0.827276727994232,0.));
#2117=DIRECTION('',(-0.827276727994232,0.561794638029911,0.));
#2118=DIRECTION('',(0.,0.,-1.));
#2119=DIRECTION('',(0.827276727994232,-0.561794638029911,0.));
#2120=DIRECTION('',(-0.827276727994233,0.561794638029909,0.));
#2121=DIRECTION('',(-0.561794638029909,-0.827276727994233,0.));
#2122=DIRECTION('',(0.,0.,-1.));
#2123=DIRECTION('',(0.561794638029909,0.827276727994233,0.));
#2124=DIRECTION('',(-0.976971153278808,-0.213371426533816,0.));
#2125=DIRECTION('',(0.213371426533816,-0.976971153278808,0.));
#2126=DIRECTION('',(0.,0.,-1.));
#2127=DIRECTION('',(-0.213371426533816,0.976971153278808,0.));
#2128=DIRECTION('',(0.213371426533801,-0.976971153278811,0.));
#2129=DIRECTION('',(0.976971153278811,0.213371426533801,0.));
#2130=DIRECTION('',(0.,0.,-1.));
#2131=DIRECTION('',(-0.976971153278811,-0.213371426533801,0.));
#2132=DIRECTION('',(0.976971153278809,0.213371426533813,0.));
#2133=DIRECTION('',(-0.213371426533813,0.976971153278809,0.));
#2134=DIRECTION('',(0.,0.,-1.));
#2135=DIRECTION('',(0.213371426533813,-0.976971153278809,0.));
#2136=DIRECTION('',(-0.561794638029909,-0.827276727994233,0.));
#2137=DIRECTION('',(0.827276727994233,-0.561794638029909,0.));
#2138=DIRECTION('',(-0.827276727994233,0.561794638029909,0.));
#2139=DIRECTION('',(0.,0.,1.));
#2140=DIRECTION('',(1.,0.,0.));
#2141=CARTESIAN_POINT('',(0.,0.,0.));
#2142=CARTESIAN_POINT('',(0.,0.,0.75));
#2143=CARTESIAN_POINT('',(-1.27296316580854,4.49968476361359,0.75));
#2144=CARTESIAN_POINT('',(-1.20593693929901,4.58646915873094,0.75));
#2145=CARTESIAN_POINT('',(-1.33998939231806,4.41290036849623,0.75));
#2146=CARTESIAN_POINT('',(-0.96371762585803,4.42198065456577,0.75));
#2147=CARTESIAN_POINT('',(-0.721498312417046,4.2574921504006,0.75));
#2148=CARTESIAN_POINT('',(-0.766499845110446,4.46354222940598,0.75));
#2149=CARTESIAN_POINT('',(-0.811501377803847,4.66959230841138,0.75));
#2150=CARTESIAN_POINT('',(-0.731389743234985,4.68708876538715,0.75));
#2151=CARTESIAN_POINT('',(-0.651278108666123,4.70458522236292,0.75));
#2152=CARTESIAN_POINT('',(-0.594948052061196,4.44666483789732,0.75));
#2153=CARTESIAN_POINT('',(-0.538617995456268,4.18874445343171,0.75));
#2154=CARTESIAN_POINT('',(-0.600415405639558,4.09774401335234,0.75));
#2155=CARTESIAN_POINT('',(-0.662212815822848,4.00674357327298,0.75));
#2156=CARTESIAN_POINT('',(-0.907086727309141,4.17303478612983,0.75));
#2157=CARTESIAN_POINT('',(-1.15196063879543,4.33932599898669,0.75));
#2158=CARTESIAN_POINT('',(-1.10587241066413,4.12830022987846,0.75));
#2159=CARTESIAN_POINT('',(-1.05978418253282,3.91727446077024,0.75));
#2160=CARTESIAN_POINT('',(-1.14184975940824,3.8993512609414,0.75));
#2161=CARTESIAN_POINT('',(-1.22391533628366,3.88142806111256,0.75));
#2162=CARTESIAN_POINT('',(-1.28195236430086,4.14716421480439,0.75));
#2163=CARTESIAN_POINT('',(-0.345221922285068,4.72360161999018,0.75));
#2164=CARTESIAN_POINT('',(-0.247482604106141,4.73074484628635,0.75));
#2165=CARTESIAN_POINT('',(-0.442961240463996,4.716458393694,0.75));
#2166=CARTESIAN_POINT('',(-0.22255420213378,4.38965457264152,0.75));
#2167=CARTESIAN_POINT('',(-0.19762580016142,4.04856429899669,0.75));
#2168=CARTESIAN_POINT('',(-0.295365118340347,4.04142107270051,0.75));
#2169=CARTESIAN_POINT('',(-0.393104436519274,4.03427784640435,0.75));
#2170=CARTESIAN_POINT('',(-0.418032838491635,4.37536812004917,0.75));
#2171=CARTESIAN_POINT('',(0.657383066311076,4.43546716905867,0.75));
#2172=CARTESIAN_POINT('',(0.716018441804901,4.69438829627092,0.75));
#2173=CARTESIAN_POINT('',(0.598747690817251,4.17654604184642,0.75));
#2174=CARTESIAN_POINT('',(1.04616176312808,4.61962391600969,0.75));
#2175=CARTESIAN_POINT('',(1.37630508445127,4.54485953574846,0.75));
#2176=CARTESIAN_POINT('',(1.35775220092664,4.46293401766697,0.75));
#2177=CARTESIAN_POINT('',(1.33919931740201,4.38100849958547,0.75));
#2178=CARTESIAN_POINT('',(1.08952154801078,4.43755062080339,0.75));
#2179=CARTESIAN_POINT('',(0.839843778619558,4.49409274202131,0.75));
#2180=CARTESIAN_POINT('',(0.829242130891199,4.44727816026045,0.75));
#2181=CARTESIAN_POINT('',(0.818640483162839,4.4004635784996,0.75));
#2182=CARTESIAN_POINT('',(1.06831825255406,4.34392145728168,0.75));
#2183=CARTESIAN_POINT('',(1.31799602194529,4.28737933606376,0.75));
#2184=CARTESIAN_POINT('',(1.29961983254947,4.20623406101161,0.75));
#2185=CARTESIAN_POINT('',(1.28124364315364,4.12508878595946,0.75));
#2186=CARTESIAN_POINT('',(1.03156587376242,4.18163090717738,0.75));
#2187=CARTESIAN_POINT('',(0.781888104371193,4.2381730283953,0.75));
#2188=CARTESIAN_POINT('',(0.772169927286863,4.19525966178119,0.75));
#2189=CARTESIAN_POINT('',(0.762451750202533,4.15234629516706,0.75));
#2190=CARTESIAN_POINT('',(1.01212951959376,4.09580417394915,0.75));
#2191=CARTESIAN_POINT('',(1.26180728898498,4.03926205273123,0.75));
#2192=CARTESIAN_POINT('',(1.24343109958916,3.95811677767909,0.75));
#2193=CARTESIAN_POINT('',(1.22505491019334,3.87697150262693,0.75));
#2194=CARTESIAN_POINT('',(0.975377140802112,3.93351362384486,0.75));
#2195=CARTESIAN_POINT('',(0.725699371410885,3.99005574506277,0.75));
#2196=CARTESIAN_POINT('',(0.662223531114068,4.0833008934546,0.75));
#2197=CARTESIAN_POINT('',(1.95156391047391E-16,-1.7347234759768E-16,0.75));
#2198=CARTESIAN_POINT('',(3.85,-1.7347234759768E-16,0.75));
#2199=CARTESIAN_POINT('',(0.,3.06161699786838E-16,0.75));
#2200=CARTESIAN_POINT('',(4.9,3.06161699786838E-16,0.75));
#2201=CARTESIAN_POINT('',(0.339289107667117,4.72002684803624,0.75));
#2202=CARTESIAN_POINT('',(0.125773029709173,4.73441032652573,0.75));
#2203=CARTESIAN_POINT('',(0.552805185625061,4.70564336954676,0.75));
#2204=CARTESIAN_POINT('',(0.547428184320582,4.62582427498304,0.75));
#2205=CARTESIAN_POINT('',(0.542051183016103,4.54600518041933,0.75));
#2206=CARTESIAN_POINT('',(0.330530582422252,4.5602542338762,0.75));
#2207=CARTESIAN_POINT('',(0.119009981828401,4.57450328733307,0.75));
#2208=CARTESIAN_POINT('',(0.107046153925935,4.3969058019288,0.75));
#2209=CARTESIAN_POINT('',(0.0950823260234686,4.21930831652453,0.75));
#2210=CARTESIAN_POINT('',(0.308598403981412,4.20492483803505,0.75));
#2211=CARTESIAN_POINT('',(0.522114481939355,4.19054135954557,0.75));
#2212=CARTESIAN_POINT('',(0.516603055602264,4.10872678761775,0.75));
#2213=CARTESIAN_POINT('',(0.511091629265173,4.02691221568994,0.75));
#2214=CARTESIAN_POINT('',(0.215760979379417,4.04680712051652,0.75));
#2215=CARTESIAN_POINT('',(-0.0795696705063368,4.06670202534309,0.75));
#2216=CARTESIAN_POINT('',(-0.062094416266779,4.32611408267517,0.75));
#2217=CARTESIAN_POINT('',(-0.044619162027221,4.58552614000725,0.75));
#2218=CARTESIAN_POINT('',(0.0405769338409764,4.65996823326649,0.75));
#2219=CARTESIAN_POINT('',(0.,0.,-0.75));
#2220=CARTESIAN_POINT('',(-6.50521303491303E-17,8.02309607639273E-16,-0.75));
#2221=CARTESIAN_POINT('',(1.025,8.02309607639273E-16,-0.75));
#2222=CARTESIAN_POINT('',(8.67361737988404E-17,0.6375,-0.75));
#2223=CARTESIAN_POINT('',(0.411362066797609,0.6375,-0.75));
#2224=CARTESIAN_POINT('',(-0.411362066797609,0.6375,-0.75));
#2225=CARTESIAN_POINT('',(-0.411362066797609,0.2375,-0.75));
#2226=CARTESIAN_POINT('',(-0.757772228311384,0.0375,-0.75));
#2227=CARTESIAN_POINT('',(-0.55209119491258,-0.31875,-0.75));
#2228=CARTESIAN_POINT('',(-0.346410161513775,-0.675,-0.75));
#2229=CARTESIAN_POINT('',(8.67361737988404E-17,-0.475,-0.75));
#2230=CARTESIAN_POINT('',(0.346410161513775,-0.675,-0.75));
#2231=CARTESIAN_POINT('',(0.55209119491258,-0.31875,-0.75));
#2232=CARTESIAN_POINT('',(0.757772228311384,0.0375,-0.75));
#2233=CARTESIAN_POINT('',(0.411362066797609,0.2375,-0.75));
#2234=CARTESIAN_POINT('',(1.95352504408426,1.44331367531734,-1.75));
#2235=CARTESIAN_POINT('',(1.95352504408426,1.44331367531734,-0.45));
#2236=CARTESIAN_POINT('',(1.38946786569702,1.13065167580039,-0.45));
#2237=CARTESIAN_POINT('',(2.48334808711719,1.73699938373875,-0.45));
#2238=CARTESIAN_POINT('',(1.38946786569702,1.13065167580039,-1.75));
#2239=CARTESIAN_POINT('',(1.38946786569702,1.13065167580039,0.45));
#2240=CARTESIAN_POINT('',(1.95352504408426,1.44331367531734,0.45));
#2241=CARTESIAN_POINT('',(2.48334808711719,1.73699938373875,0.45));
#2242=CARTESIAN_POINT('',(2.48334808711719,1.73699938373875,-0.45));
#2243=CARTESIAN_POINT('',(-1.95352504408426,1.44331367531734,-1.75));
#2244=CARTESIAN_POINT('',(-1.95352504408426,1.44331367531734,0.45));
#2245=CARTESIAN_POINT('',(-1.38946786569702,1.13065167580039,0.45));
#2246=CARTESIAN_POINT('',(-2.48334808711719,1.73699938373875,0.45));
#2247=CARTESIAN_POINT('',(-1.38946786569702,1.13065167580039,-1.75));
#2248=CARTESIAN_POINT('',(-1.38946786569702,1.13065167580039,-0.45));
#2249=CARTESIAN_POINT('',(-1.95352504408426,1.44331367531734,-0.45));
#2250=CARTESIAN_POINT('',(-2.48334808711719,1.73699938373875,-0.45));
#2251=CARTESIAN_POINT('',(-2.48334808711719,1.73699938373875,0.45));
#2252=CARTESIAN_POINT('',(-2.22670883049644,0.970145477447415,-1.75));
#2253=CARTESIAN_POINT('',(-2.22670883049644,0.970145477447415,-0.45));
#2254=CARTESIAN_POINT('',(-1.67390700692309,0.637988631535571,-0.45));
#2255=CARTESIAN_POINT('',(-2.74595963623427,1.28214283801361,-0.45));
#2256=CARTESIAN_POINT('',(-1.67390700692309,0.637988631535571,-1.75));
#2257=CARTESIAN_POINT('',(-1.67390700692309,0.637988631535571,0.45));
#2258=CARTESIAN_POINT('',(-2.22670883049644,0.970145477447415,0.45));
#2259=CARTESIAN_POINT('',(-2.74595963623427,1.28214283801361,0.45));
#2260=CARTESIAN_POINT('',(-2.74595963623427,1.28214283801361,-0.45));
#2261=CARTESIAN_POINT('',(-0.273183786412175,-2.41345915276476,-1.75));
#2262=CARTESIAN_POINT('',(-0.273183786412175,-2.41345915276476,0.45));
#2263=CARTESIAN_POINT('',(-0.284439141226073,-1.76864030733596,0.45));
#2264=CARTESIAN_POINT('',(-0.262611549117073,-3.01914222175236,0.45));
#2265=CARTESIAN_POINT('',(-0.284439141226073,-1.76864030733596,-1.75));
#2266=CARTESIAN_POINT('',(-0.284439141226073,-1.76864030733596,-0.45));
#2267=CARTESIAN_POINT('',(-0.273183786412175,-2.41345915276476,-0.45));
#2268=CARTESIAN_POINT('',(-0.262611549117073,-3.01914222175236,-0.45));
#2269=CARTESIAN_POINT('',(-0.262611549117073,-3.01914222175236,0.45));
#2270=CARTESIAN_POINT('',(2.22670883049644,0.970145477447415,-1.75));
#2271=CARTESIAN_POINT('',(2.22670883049644,0.970145477447415,0.45));
#2272=CARTESIAN_POINT('',(1.67390700692309,0.637988631535571,0.45));
#2273=CARTESIAN_POINT('',(2.74595963623427,1.28214283801361,0.45));
#2274=CARTESIAN_POINT('',(1.67390700692309,0.637988631535571,-1.75));
#2275=CARTESIAN_POINT('',(1.67390700692309,0.637988631535571,-0.45));
#2276=CARTESIAN_POINT('',(2.22670883049644,0.970145477447415,-0.45));
#2277=CARTESIAN_POINT('',(2.74595963623427,1.28214283801361,-0.45));
#2278=CARTESIAN_POINT('',(2.74595963623427,1.28214283801361,0.45));
#2279=CARTESIAN_POINT('',(0.273183786412175,-2.41345915276476,-1.75));
#2280=CARTESIAN_POINT('',(0.273183786412175,-2.41345915276476,-0.45));
#2281=CARTESIAN_POINT('',(0.284439141226073,-1.76864030733596,-0.45));
#2282=CARTESIAN_POINT('',(0.262611549117073,-3.01914222175236,-0.45));
#2283=CARTESIAN_POINT('',(0.284439141226073,-1.76864030733596,-1.75));
#2284=CARTESIAN_POINT('',(0.284439141226073,-1.76864030733596,0.45));
#2285=CARTESIAN_POINT('',(0.273183786412175,-2.41345915276476,0.45));
#2286=CARTESIAN_POINT('',(0.262611549117073,-3.01914222175236,0.45));
#2287=CARTESIAN_POINT('',(0.262611549117073,-3.01914222175236,-0.45));
#2288=CARTESIAN_POINT('',(0.,0.,0.75));
#2289=CARTESIAN_POINT('',(-6.50521303491303E-17,8.02309607639273E-16,0.75));
#2290=CARTESIAN_POINT('',(1.025,8.02309607639273E-16,0.75));
#2291=CARTESIAN_POINT('',(8.67361737988404E-17,0.6375,0.75));
#2292=CARTESIAN_POINT('',(0.411362066797609,0.6375,0.75));
#2293=CARTESIAN_POINT('',(-0.411362066797609,0.6375,0.75));
#2294=CARTESIAN_POINT('',(0.411362066797609,0.2375,0.75));
#2295=CARTESIAN_POINT('',(0.757772228311384,0.0375,0.75));
#2296=CARTESIAN_POINT('',(0.55209119491258,-0.31875,0.75));
#2297=CARTESIAN_POINT('',(0.346410161513775,-0.675,0.75));
#2298=CARTESIAN_POINT('',(8.67361737988404E-17,-0.475,0.75));
#2299=CARTESIAN_POINT('',(-0.346410161513775,-0.675,0.75));
#2300=CARTESIAN_POINT('',(-0.55209119491258,-0.31875,0.75));
#2301=CARTESIAN_POINT('',(-0.757772228311384,0.0375,0.75));
#2302=CARTESIAN_POINT('',(-0.411362066797609,0.2375,0.75));
#2303=CARTESIAN_POINT('',(0.,0.,-0.75));
#2304=CARTESIAN_POINT('',(1.95156391047391E-16,-1.7347234759768E-16,-0.75));
#2305=CARTESIAN_POINT('',(3.85,-1.7347234759768E-16,-0.75));
#2306=CARTESIAN_POINT('',(0.,3.06161699786838E-16,-0.75));
#2307=CARTESIAN_POINT('',(4.9,3.06161699786838E-16,-0.75));
#2308=CARTESIAN_POINT('',(8.67361737988404E-17,0.6375,0.75));
#2309=CARTESIAN_POINT('',(0.411362066797609,0.6375,0.75));
#2310=CARTESIAN_POINT('',(-0.411362066797609,0.6375,0.75));
#2311=CARTESIAN_POINT('',(0.411362066797609,0.2375,0.75));
#2312=CARTESIAN_POINT('',(0.757772228311384,0.0375,0.75));
#2313=CARTESIAN_POINT('',(0.55209119491258,-0.31875,0.75));
#2314=CARTESIAN_POINT('',(0.346410161513775,-0.675,0.75));
#2315=CARTESIAN_POINT('',(8.67361737988404E-17,-0.475,0.75));
#2316=CARTESIAN_POINT('',(-0.346410161513775,-0.675,0.75));
#2317=CARTESIAN_POINT('',(-0.55209119491258,-0.31875,0.75));
#2318=CARTESIAN_POINT('',(-0.757772228311384,0.0375,0.75));
#2319=CARTESIAN_POINT('',(-0.411362066797609,0.2375,0.75));
#2320=CARTESIAN_POINT('',(0.,3.06161699786838E-16,0.75));
#2321=CARTESIAN_POINT('',(0.,3.06161699786838E-16,0.65));
#2322=CARTESIAN_POINT('',(5.,3.06161699786838E-16,0.65));
#2323=CARTESIAN_POINT('',(0.,3.06161699786838E-16,-0.65));
#2324=CARTESIAN_POINT('',(5.,3.06161699786838E-16,-0.65));
#2325=CARTESIAN_POINT('',(1.95156391047391E-16,-1.7347234759768E-16,-1.75));
#2326=CARTESIAN_POINT('',(1.95156391047391E-16,-1.7347234759768E-16,-0.65));
#2327=CARTESIAN_POINT('',(3.75,-1.7347234759768E-16,-0.65));
#2328=CARTESIAN_POINT('',(1.95156391047391E-16,-1.7347234759768E-16,0.65));
#2329=CARTESIAN_POINT('',(3.75,-1.7347234759768E-16,0.65));
#2330=CARTESIAN_POINT('',(0.,5.35782974626967E-16,0.45));
#2331=CARTESIAN_POINT('',(-1.02680972167965,-3.60668293525563,0.45));
#2332=CARTESIAN_POINT('',(1.02680972167965,-3.60668293525563,0.45));
#2333=CARTESIAN_POINT('',(-1.02680972167965,-3.60668293525563,-1.75));
#2334=CARTESIAN_POINT('',(-1.02680972167965,-3.60668293525563,-0.45));
#2335=CARTESIAN_POINT('',(0.,5.35782974626967E-16,-0.45));
#2336=CARTESIAN_POINT('',(1.02680972167965,-3.60668293525563,-0.45));
#2337=CARTESIAN_POINT('',(1.02680972167965,-3.60668293525563,-1.75));
#2338=CARTESIAN_POINT('',(0.,5.35782974626967E-16,0.45));
#2339=CARTESIAN_POINT('',(-2.61007418448738,2.69258477145522,0.45));
#2340=CARTESIAN_POINT('',(-3.63688390616703,0.914098163800406,0.45));
#2341=CARTESIAN_POINT('',(-2.61007418448738,2.69258477145522,-1.75));
#2342=CARTESIAN_POINT('',(-2.61007418448738,2.69258477145523,-0.45));
#2343=CARTESIAN_POINT('',(0.,5.35782974626967E-16,-0.45));
#2344=CARTESIAN_POINT('',(-3.63688390616703,0.914098163800406,-0.45));
#2345=CARTESIAN_POINT('',(-3.63688390616703,0.914098163800406,-1.75));
#2346=CARTESIAN_POINT('',(0.,5.35782974626967E-16,0.45));
#2347=CARTESIAN_POINT('',(3.63688390616703,0.914098163800405,0.45));
#2348=CARTESIAN_POINT('',(2.61007418448738,2.69258477145522,0.45));
#2349=CARTESIAN_POINT('',(3.63688390616703,0.914098163800406,-1.75));
#2350=CARTESIAN_POINT('',(3.63688390616703,0.914098163800406,-0.45));
#2351=CARTESIAN_POINT('',(0.,5.35782974626967E-16,-0.45));
#2352=CARTESIAN_POINT('',(2.61007418448738,2.69258477145523,-0.45));
#2353=CARTESIAN_POINT('',(2.61007418448738,2.69258477145522,-1.75));
#2354=CARTESIAN_POINT('',(-6.50521303491303E-17,8.02309607639273E-16,-1.75));
#2355=CARTESIAN_POINT('',(-6.50521303491303E-17,8.02309607639273E-16,-0.65));
#2356=CARTESIAN_POINT('',(1.125,8.02309607639273E-16,-0.65));
#2357=CARTESIAN_POINT('',(-6.50521303491303E-17,8.02309607639273E-16,0.65));
#2358=CARTESIAN_POINT('',(1.125,8.02309607639273E-16,0.65));
#2359=CARTESIAN_POINT('',(1.10900936942669,-0.189005869019499,-1.75));
#2360=CARTESIAN_POINT('',(1.10900936942669,-0.189005869019499,-0.45));
#2361=CARTESIAN_POINT('',(1.10900936942669,-0.189005869019499,0.45));
#2362=CARTESIAN_POINT('',(0.,3.75048082238877E-16,0.45));
#2363=CARTESIAN_POINT('',(0.390820800678105,1.05493322146822,0.45));
#2364=CARTESIAN_POINT('',(0.390820800678106,1.05493322146822,-1.75));
#2365=CARTESIAN_POINT('',(0.390820800678105,1.05493322146822,-0.45));
#2366=CARTESIAN_POINT('',(0.,3.75048082238877E-16,-0.45));
#2367=CARTESIAN_POINT('',(-0.390820800678105,1.05493322146822,-1.75));
#2368=CARTESIAN_POINT('',(-0.390820800678105,1.05493322146822,-0.45));
#2369=CARTESIAN_POINT('',(-0.390820800678105,1.05493322146822,0.45));
#2370=CARTESIAN_POINT('',(0.,3.75048082238877E-16,0.45));
#2371=CARTESIAN_POINT('',(-1.10900936942669,-0.189005869019498,0.45));
#2372=CARTESIAN_POINT('',(-1.10900936942669,-0.189005869019498,-1.75));
#2373=CARTESIAN_POINT('',(-1.10900936942669,-0.189005869019498,-0.45));
#2374=CARTESIAN_POINT('',(0.,3.75048082238877E-16,-0.45));
#2375=CARTESIAN_POINT('',(-0.718188568748585,-0.865927352448725,-1.75));
#2376=CARTESIAN_POINT('',(-0.718188568748585,-0.865927352448725,-0.45));
#2377=CARTESIAN_POINT('',(-0.718188568748585,-0.865927352448725,0.45));
#2378=CARTESIAN_POINT('',(0.,3.75048082238877E-16,0.45));
#2379=CARTESIAN_POINT('',(0.718188568748585,-0.865927352448725,0.45));
#2380=CARTESIAN_POINT('',(0.718188568748585,-0.865927352448725,-1.75));
#2381=CARTESIAN_POINT('',(0.718188568748585,-0.865927352448725,-0.45));
#2382=CARTESIAN_POINT('',(0.,3.75048082238877E-16,-0.45));
#2383=CARTESIAN_POINT('',(0.,0.,0.45));
#2384=CARTESIAN_POINT('',(-1.48425637541374,-1.7895831950607,0.45));
#2385=CARTESIAN_POINT('',(-0.862520166210909,-3.02961366561473,0.45));
#2386=CARTESIAN_POINT('',(0.862520166210909,-3.02961366561473,0.45));
#2387=CARTESIAN_POINT('',(1.48425637541374,-1.7895831950607,0.45));
#2388=CARTESIAN_POINT('',(0.,0.,0.45));
#2389=CARTESIAN_POINT('',(2.19246231496939,2.26177120802239,0.45));
#2390=CARTESIAN_POINT('',(0.807696321401418,2.18019532436767,0.45));
#2391=CARTESIAN_POINT('',(2.29195269681516,-0.390612129306964,0.45));
#2392=CARTESIAN_POINT('',(3.05498248118031,0.767842457592341,0.45));
#2393=CARTESIAN_POINT('',(0.,0.,0.45));
#2394=CARTESIAN_POINT('',(-0.807696321401418,2.18019532436767,0.45));
#2395=CARTESIAN_POINT('',(-2.19246231496939,2.26177120802239,0.45));
#2396=CARTESIAN_POINT('',(-3.05498248118031,0.767842457592341,0.45));
#2397=CARTESIAN_POINT('',(-2.29195269681516,-0.390612129306964,0.45));
#2398=CARTESIAN_POINT('',(0.,0.,-0.45));
#2399=CARTESIAN_POINT('',(-0.862520166210909,-3.02961366561473,-0.45));
#2400=CARTESIAN_POINT('',(-1.48425637541374,-1.7895831950607,-0.45));
#2401=CARTESIAN_POINT('',(1.48425637541374,-1.7895831950607,-0.45));
#2402=CARTESIAN_POINT('',(0.862520166210909,-3.02961366561473,-0.45));
#2403=CARTESIAN_POINT('',(0.,0.,-0.45));
#2404=CARTESIAN_POINT('',(0.807696321401418,2.18019532436767,-0.45));
#2405=CARTESIAN_POINT('',(2.19246231496939,2.26177120802239,-0.45));
#2406=CARTESIAN_POINT('',(3.05498248118031,0.767842457592341,-0.45));
#2407=CARTESIAN_POINT('',(2.29195269681516,-0.390612129306964,-0.45));
#2408=CARTESIAN_POINT('',(0.,0.,-0.45));
#2409=CARTESIAN_POINT('',(-2.19246231496939,2.26177120802239,-0.45));
#2410=CARTESIAN_POINT('',(-0.807696321401418,2.18019532436767,-0.45));
#2411=CARTESIAN_POINT('',(-2.29195269681516,-0.390612129306964,-0.45));
#2412=CARTESIAN_POINT('',(-3.05498248118031,0.767842457592341,-0.45));
#2413=CARTESIAN_POINT('',(-0.862520166210909,-3.02961366561473,-1.75));
#2414=CARTESIAN_POINT('',(0.862520166210909,-3.02961366561473,-1.75));
#2415=CARTESIAN_POINT('',(3.05498248118031,0.767842457592341,-1.75));
#2416=CARTESIAN_POINT('',(2.19246231496939,2.26177120802239,-1.75));
#2417=CARTESIAN_POINT('',(-2.19246231496939,2.26177120802239,-1.75));
#2418=CARTESIAN_POINT('',(-3.05498248118031,0.767842457592341,-1.75));
#2419=CARTESIAN_POINT('',(-1.48425637541374,-1.7895831950607,-1.75));
#2420=CARTESIAN_POINT('',(1.48425637541374,-1.7895831950607,-1.75));
#2421=CARTESIAN_POINT('',(2.29195269681516,-0.390612129306964,-1.75));
#2422=CARTESIAN_POINT('',(0.807696321401418,2.18019532436767,-1.75));
#2423=CARTESIAN_POINT('',(-0.807696321401418,2.18019532436767,-1.75));
#2424=CARTESIAN_POINT('',(-2.29195269681516,-0.390612129306964,-1.75));
#2425=CARTESIAN_POINT('',(-6.50521303491303E-17,8.02309607639273E-16,-0.65));
#2426=CARTESIAN_POINT('',(-6.50521303491303E-17,8.02309607639273E-16,0.75));
#2427=CARTESIAN_POINT('',(0.,3.06161699786838E-16,0.75));
#2428=CARTESIAN_POINT('',(0.,3.06161699786838E-16,-0.65));
#2429=CARTESIAN_POINT('',(1.95156391047391E-16,-1.7347234759768E-16,-0.75));
#2430=CARTESIAN_POINT('',(1.95156391047391E-16,-1.7347234759768E-16,0.65));
#2431=CARTESIAN_POINT('',(0.657383066311076,4.43546716905867,0.751));
#2432=CARTESIAN_POINT('',(0.598747690817251,4.17654604184642,0.751));
#2433=CARTESIAN_POINT('',(0.598747690817251,4.17654604184642,0.751));
#2434=CARTESIAN_POINT('',(0.657383066311076,4.43546716905867,0.751));
#2435=CARTESIAN_POINT('',(0.716018441804901,4.69438829627092,0.751));
#2436=CARTESIAN_POINT('',(0.716018441804901,4.69438829627092,0.751));
#2437=CARTESIAN_POINT('',(0.662223531114068,4.0833008934546,0.751));
#2438=CARTESIAN_POINT('',(0.725699371410885,3.99005574506277,0.751));
#2439=CARTESIAN_POINT('',(0.725699371410885,3.99005574506277,0.751));
#2440=CARTESIAN_POINT('',(0.662223531114068,4.0833008934546,0.751));
#2441=CARTESIAN_POINT('',(0.975377140802112,3.93351362384486,0.751));
#2442=CARTESIAN_POINT('',(1.22505491019334,3.87697150262693,0.751));
#2443=CARTESIAN_POINT('',(1.22505491019334,3.87697150262693,0.751));
#2444=CARTESIAN_POINT('',(0.975377140802112,3.93351362384486,0.751));
#2445=CARTESIAN_POINT('',(1.24343109958916,3.95811677767909,0.751));
#2446=CARTESIAN_POINT('',(1.26180728898498,4.03926205273123,0.751));
#2447=CARTESIAN_POINT('',(1.26180728898498,4.03926205273123,0.751));
#2448=CARTESIAN_POINT('',(1.24343109958916,3.95811677767909,0.751));
#2449=CARTESIAN_POINT('',(1.01212951959376,4.09580417394915,0.751));
#2450=CARTESIAN_POINT('',(0.762451750202533,4.15234629516706,0.751));
#2451=CARTESIAN_POINT('',(0.762451750202533,4.15234629516706,0.751));
#2452=CARTESIAN_POINT('',(1.01212951959376,4.09580417394915,0.751));
#2453=CARTESIAN_POINT('',(0.772169927286863,4.19525966178119,0.751));
#2454=CARTESIAN_POINT('',(0.781888104371193,4.2381730283953,0.751));
#2455=CARTESIAN_POINT('',(0.781888104371193,4.2381730283953,0.751));
#2456=CARTESIAN_POINT('',(0.772169927286863,4.19525966178119,0.751));
#2457=CARTESIAN_POINT('',(1.03156587376242,4.18163090717738,0.751));
#2458=CARTESIAN_POINT('',(1.28124364315364,4.12508878595946,0.751));
#2459=CARTESIAN_POINT('',(1.28124364315364,4.12508878595946,0.751));
#2460=CARTESIAN_POINT('',(1.03156587376242,4.18163090717738,0.751));
#2461=CARTESIAN_POINT('',(1.29961983254947,4.20623406101161,0.751));
#2462=CARTESIAN_POINT('',(1.31799602194529,4.28737933606376,0.751));
#2463=CARTESIAN_POINT('',(1.31799602194529,4.28737933606376,0.751));
#2464=CARTESIAN_POINT('',(1.29961983254947,4.20623406101161,0.751));
#2465=CARTESIAN_POINT('',(1.06831825255406,4.34392145728168,0.751));
#2466=CARTESIAN_POINT('',(0.818640483162839,4.4004635784996,0.751));
#2467=CARTESIAN_POINT('',(0.818640483162839,4.4004635784996,0.751));
#2468=CARTESIAN_POINT('',(1.06831825255406,4.34392145728168,0.751));
#2469=CARTESIAN_POINT('',(0.829242130891199,4.44727816026045,0.751));
#2470=CARTESIAN_POINT('',(0.839843778619558,4.49409274202131,0.751));
#2471=CARTESIAN_POINT('',(0.839843778619558,4.49409274202131,0.751));
#2472=CARTESIAN_POINT('',(0.829242130891199,4.44727816026045,0.751));
#2473=CARTESIAN_POINT('',(1.08952154801078,4.43755062080339,0.751));
#2474=CARTESIAN_POINT('',(1.33919931740201,4.38100849958547,0.751));
#2475=CARTESIAN_POINT('',(1.33919931740201,4.38100849958547,0.751));
#2476=CARTESIAN_POINT('',(1.08952154801078,4.43755062080339,0.751));
#2477=CARTESIAN_POINT('',(1.35775220092664,4.46293401766697,0.751));
#2478=CARTESIAN_POINT('',(1.37630508445127,4.54485953574846,0.751));
#2479=CARTESIAN_POINT('',(1.37630508445127,4.54485953574846,0.751));
#2480=CARTESIAN_POINT('',(1.35775220092664,4.46293401766697,0.751));
#2481=CARTESIAN_POINT('',(1.04616176312808,4.61962391600969,0.751));
#2482=CARTESIAN_POINT('',(1.04616176312808,4.61962391600969,0.751));
#2483=CARTESIAN_POINT('',(0.987526387634259,4.28567989944893,0.751));
#2484=CARTESIAN_POINT('',(0.547428184320582,4.62582427498304,0.751));
#2485=CARTESIAN_POINT('',(0.552805185625061,4.70564336954676,0.751));
#2486=CARTESIAN_POINT('',(0.552805185625061,4.70564336954676,0.751));
#2487=CARTESIAN_POINT('',(0.547428184320582,4.62582427498304,0.751));
#2488=CARTESIAN_POINT('',(0.542051183016103,4.54600518041933,0.751));
#2489=CARTESIAN_POINT('',(0.542051183016103,4.54600518041933,0.751));
#2490=CARTESIAN_POINT('',(0.339289107667117,4.72002684803624,0.751));
#2491=CARTESIAN_POINT('',(0.125773029709173,4.73441032652573,0.751));
#2492=CARTESIAN_POINT('',(0.125773029709173,4.73441032652573,0.751));
#2493=CARTESIAN_POINT('',(0.339289107667117,4.72002684803624,0.751));
#2494=CARTESIAN_POINT('',(0.0405769338409764,4.65996823326649,0.751));
#2495=CARTESIAN_POINT('',(-0.044619162027221,4.58552614000725,0.751));
#2496=CARTESIAN_POINT('',(-0.044619162027221,4.58552614000725,0.751));
#2497=CARTESIAN_POINT('',(0.0405769338409764,4.65996823326649,0.751));
#2498=CARTESIAN_POINT('',(-0.062094416266779,4.32611408267517,0.751));
#2499=CARTESIAN_POINT('',(-0.0795696705063368,4.06670202534309,0.751));
#2500=CARTESIAN_POINT('',(-0.0795696705063368,4.06670202534309,0.751));
#2501=CARTESIAN_POINT('',(-0.062094416266779,4.32611408267517,0.751));
#2502=CARTESIAN_POINT('',(0.215760979379417,4.04680712051652,0.751));
#2503=CARTESIAN_POINT('',(0.511091629265173,4.02691221568994,0.751));
#2504=CARTESIAN_POINT('',(0.511091629265173,4.02691221568994,0.751));
#2505=CARTESIAN_POINT('',(0.215760979379417,4.04680712051652,0.751));
#2506=CARTESIAN_POINT('',(0.516603055602264,4.10872678761775,0.751));
#2507=CARTESIAN_POINT('',(0.522114481939355,4.19054135954557,0.751));
#2508=CARTESIAN_POINT('',(0.522114481939355,4.19054135954557,0.751));
#2509=CARTESIAN_POINT('',(0.516603055602264,4.10872678761775,0.751));
#2510=CARTESIAN_POINT('',(0.308598403981412,4.20492483803505,0.751));
#2511=CARTESIAN_POINT('',(0.0950823260234686,4.21930831652453,0.751));
#2512=CARTESIAN_POINT('',(0.0950823260234686,4.21930831652453,0.751));
#2513=CARTESIAN_POINT('',(0.308598403981412,4.20492483803505,0.751));
#2514=CARTESIAN_POINT('',(0.107046153925935,4.3969058019288,0.751));
#2515=CARTESIAN_POINT('',(0.119009981828401,4.57450328733307,0.751));
#2516=CARTESIAN_POINT('',(0.119009981828401,4.57450328733307,0.751));
#2517=CARTESIAN_POINT('',(0.107046153925935,4.3969058019288,0.751));
#2518=CARTESIAN_POINT('',(0.330530582422252,4.5602542338762,0.751));
#2519=CARTESIAN_POINT('',(0.330530582422252,4.5602542338762,0.751));
#2520=CARTESIAN_POINT('',(0.236617757559362,4.38066127110783,0.751));
#2521=CARTESIAN_POINT('',(-0.345221922285068,4.72360161999018,0.751));
#2522=CARTESIAN_POINT('',(-0.442961240463996,4.716458393694,0.751));
#2523=CARTESIAN_POINT('',(-0.442961240463996,4.716458393694,0.751));
#2524=CARTESIAN_POINT('',(-0.345221922285068,4.72360161999018,0.751));
#2525=CARTESIAN_POINT('',(-0.247482604106141,4.73074484628635,0.751));
#2526=CARTESIAN_POINT('',(-0.247482604106141,4.73074484628635,0.751));
#2527=CARTESIAN_POINT('',(-0.418032838491635,4.37536812004917,0.751));
#2528=CARTESIAN_POINT('',(-0.393104436519274,4.03427784640435,0.751));
#2529=CARTESIAN_POINT('',(-0.393104436519274,4.03427784640435,0.751));
#2530=CARTESIAN_POINT('',(-0.418032838491635,4.37536812004917,0.751));
#2531=CARTESIAN_POINT('',(-0.295365118340347,4.04142107270051,0.751));
#2532=CARTESIAN_POINT('',(-0.19762580016142,4.04856429899669,0.751));
#2533=CARTESIAN_POINT('',(-0.19762580016142,4.04856429899669,0.751));
#2534=CARTESIAN_POINT('',(-0.295365118340347,4.04142107270051,0.751));
#2535=CARTESIAN_POINT('',(-0.22255420213378,4.38965457264152,0.751));
#2536=CARTESIAN_POINT('',(-0.22255420213378,4.38965457264152,0.751));
#2537=CARTESIAN_POINT('',(-0.320293520312708,4.38251134634534,0.751));
#2538=CARTESIAN_POINT('',(-1.27296316580854,4.49968476361359,0.751));
#2539=CARTESIAN_POINT('',(-1.33998939231806,4.41290036849623,0.751));
#2540=CARTESIAN_POINT('',(-1.33998939231806,4.41290036849623,0.751));
#2541=CARTESIAN_POINT('',(-1.27296316580854,4.49968476361359,0.751));
#2542=CARTESIAN_POINT('',(-1.20593693929901,4.58646915873094,0.751));
#2543=CARTESIAN_POINT('',(-1.20593693929901,4.58646915873094,0.751));
#2544=CARTESIAN_POINT('',(-1.28195236430086,4.14716421480439,0.751));
#2545=CARTESIAN_POINT('',(-1.22391533628366,3.88142806111256,0.751));
#2546=CARTESIAN_POINT('',(-1.22391533628366,3.88142806111256,0.751));
#2547=CARTESIAN_POINT('',(-1.28195236430086,4.14716421480439,0.751));
#2548=CARTESIAN_POINT('',(-1.14184975940824,3.8993512609414,0.751));
#2549=CARTESIAN_POINT('',(-1.05978418253282,3.91727446077024,0.751));
#2550=CARTESIAN_POINT('',(-1.05978418253282,3.91727446077024,0.751));
#2551=CARTESIAN_POINT('',(-1.14184975940824,3.8993512609414,0.751));
#2552=CARTESIAN_POINT('',(-1.10587241066413,4.12830022987846,0.751));
#2553=CARTESIAN_POINT('',(-1.15196063879543,4.33932599898669,0.751));
#2554=CARTESIAN_POINT('',(-1.15196063879543,4.33932599898669,0.751));
#2555=CARTESIAN_POINT('',(-1.10587241066413,4.12830022987846,0.751));
#2556=CARTESIAN_POINT('',(-0.907086727309141,4.17303478612983,0.751));
#2557=CARTESIAN_POINT('',(-0.662212815822848,4.00674357327298,0.751));
#2558=CARTESIAN_POINT('',(-0.662212815822848,4.00674357327298,0.751));
#2559=CARTESIAN_POINT('',(-0.907086727309141,4.17303478612983,0.751));
#2560=CARTESIAN_POINT('',(-0.600415405639558,4.09774401335234,0.751));
#2561=CARTESIAN_POINT('',(-0.538617995456268,4.18874445343171,0.751));
#2562=CARTESIAN_POINT('',(-0.538617995456268,4.18874445343171,0.751));
#2563=CARTESIAN_POINT('',(-0.600415405639558,4.09774401335234,0.751));
#2564=CARTESIAN_POINT('',(-0.594948052061196,4.44666483789732,0.751));
#2565=CARTESIAN_POINT('',(-0.651278108666123,4.70458522236292,0.751));
#2566=CARTESIAN_POINT('',(-0.651278108666123,4.70458522236292,0.751));
#2567=CARTESIAN_POINT('',(-0.594948052061196,4.44666483789732,0.751));
#2568=CARTESIAN_POINT('',(-0.731389743234985,4.68708876538715,0.751));
#2569=CARTESIAN_POINT('',(-0.811501377803847,4.66959230841138,0.751));
#2570=CARTESIAN_POINT('',(-0.811501377803847,4.66959230841138,0.751));
#2571=CARTESIAN_POINT('',(-0.731389743234985,4.68708876538715,0.751));
#2572=CARTESIAN_POINT('',(-0.766499845110446,4.46354222940598,0.751));
#2573=CARTESIAN_POINT('',(-0.721498312417046,4.2574921504006,0.751));
#2574=CARTESIAN_POINT('',(-0.721498312417046,4.2574921504006,0.751));
#2575=CARTESIAN_POINT('',(-0.766499845110446,4.46354222940598,0.751));
#2576=CARTESIAN_POINT('',(-0.96371762585803,4.42198065456577,0.751));
#2577=CARTESIAN_POINT('',(-0.96371762585803,4.42198065456577,0.751));
#2578=CARTESIAN_POINT('',(-0.939303693887164,4.29300664173774,0.751));
#2579=MECHANICAL_DESIGN_GEOMETRIC_PRESENTATION_REPRESENTATION('',(#1536,
#12,#13,#14,#15),#2580);
#2580=(
GEOMETRIC_REPRESENTATION_CONTEXT(3)
GLOBAL_UNCERTAINTY_ASSIGNED_CONTEXT((#2581))
GLOBAL_UNIT_ASSIGNED_CONTEXT((#2584,#2583,#2582))
REPRESENTATION_CONTEXT('4inchB','TOP_LEVEL_ASSEMBLY_PART')
);
#2581=UNCERTAINTY_MEASURE_WITH_UNIT(LENGTH_MEASURE(1.E-6),#2584,
'DISTANCE_ACCURACY_VALUE','Maximum Tolerance applied to model');
#2582=(
NAMED_UNIT(*)
SI_UNIT($,.STERADIAN.)
SOLID_ANGLE_UNIT()
);
#2583=(
NAMED_UNIT(*)
PLANE_ANGLE_UNIT()
SI_UNIT($,.RADIAN.)
);
#2584=(
LENGTH_UNIT()
NAMED_UNIT(*)
SI_UNIT(.CENTI.,.METRE.)
);
#2585=PRODUCT_DEFINITION_SHAPE('','',#2586);
#2586=PRODUCT_DEFINITION('','',#2588,#2587);
#2587=PRODUCT_DEFINITION_CONTEXT('',#2594,'design');
#2588=PRODUCT_DEFINITION_FORMATION_WITH_SPECIFIED_SOURCE('','',#2590,
 .NOT_KNOWN.);
#2589=PRODUCT_RELATED_PRODUCT_CATEGORY('','',(#2590));
#2590=PRODUCT('4inchB','4inchB','4inchB',(#2592));
#2591=PRODUCT_CATEGORY('','');
#2592=PRODUCT_CONTEXT('',#2594,'mechanical');
#2593=APPLICATION_PROTOCOL_DEFINITION('international standard',
'ap242_managed_model_based_3d_engineering',2020,#2594);
#2594=APPLICATION_CONTEXT('managed model based 3d engineering');
ENDSEC;
END-ISO-10303-21;
