ISO-10303-21;
HEADER;
/* Generated by software containing ST-Developer
 * from STEP Tools, Inc. (www.steptools.com) 
 */
/* OPTION: using custom renumber hook */

FILE_DESCRIPTION(
/* description */ ('STEP AP242 Edition 2',
'CAx-IF Rec.Pracs.---Representation and Presentation of Product Manufa
cturing Information (PMI)---4.0---2014-10-13',
'CAx-IF Rec.Pracs.---3D Tessellated Geometry---0.4---2014-09-14','2;1',
'CAx-IF Rec.Pracs.---User Defined Attributes---1.5---2016-08-15'),
/* implementation_level */ '2;1');

FILE_NAME(
/* name */ '6978f816571b9b0fd897362e',
/* time_stamp */ '2026-01-27T17:38:31Z',
/* author */ (''),
/* organization */ (''),
/* preprocessor_version */ 'ST-DEVELOPER v20',
/* originating_system */ 'ONSHAPE BY PTC INC, 1.209',
/* authorisation */ '  ');

FILE_SCHEMA (('AP242_MANAGED_MODEL_BASED_3D_ENGINEERING_MIM_LF { 1 0 10303 442 3 1 4 }'));
ENDSEC;

DATA;
#10=SHAPE_REPRESENTATION_RELATIONSHIP('','',#1145,#11);
#11=ADVANCED_BREP_SHAPE_REPRESENTATION('',(#1143),#2662);
#12=CYLINDRICAL_SURFACE('',#1175,0.356686612);
#13=CYLINDRICAL_SURFACE('',#1177,0.356686612);
#14=CYLINDRICAL_SURFACE('',#1179,0.356686612);
#15=CYLINDRICAL_SURFACE('',#1181,0.356686612);
#16=CYLINDRICAL_SURFACE('',#1183,0.356686612);
#17=CYLINDRICAL_SURFACE('',#1185,0.356686612);
#18=CYLINDRICAL_SURFACE('',#1187,0.356686612);
#19=CYLINDRICAL_SURFACE('',#1189,0.356686612);
#20=CYLINDRICAL_SURFACE('',#1191,0.356686612);
#21=CYLINDRICAL_SURFACE('',#1193,0.356686612);
#22=CYLINDRICAL_SURFACE('',#1195,0.356686612);
#23=CYLINDRICAL_SURFACE('',#1197,0.356686612);
#24=CYLINDRICAL_SURFACE('',#1199,0.356686612);
#25=CYLINDRICAL_SURFACE('',#1201,0.356686612);
#26=CYLINDRICAL_SURFACE('',#1203,0.356686612);
#27=CYLINDRICAL_SURFACE('',#1205,0.6855);
#28=CYLINDRICAL_SURFACE('',#1207,0.6855);
#29=CYLINDRICAL_SURFACE('',#1209,0.6855);
#30=CYLINDRICAL_SURFACE('',#1211,0.6855);
#31=CYLINDRICAL_SURFACE('',#1213,0.6855);
#32=CYLINDRICAL_SURFACE('',#1215,0.6855);
#33=B_SPLINE_SURFACE_WITH_KNOTS('',3,1,((#1688,#1689),(#1690,#1691),(#1692,
#1693),(#1694,#1695),(#1696,#1697),(#1698,#1699),(#1700,#1701),(#1702,#1703),
(#1704,#1705)),.SURF_OF_LINEAR_EXTRUSION.,.F.,.F.,.F.,(4,1,1,1,1,1,4),(2,
2),(0.0843961320355567,0.292198066042902,0.396099033046575,0.500000000050247,
0.60390096705392,0.707801934057593,0.915603868064938),(0.,1.),
 .UNSPECIFIED.);
#34=B_SPLINE_SURFACE_WITH_KNOTS('',3,1,((#1727,#1728),(#1729,#1730),(#1731,
#1732),(#1733,#1734),(#1735,#1736),(#1737,#1738),(#1739,#1740),(#1741,#1742),
(#1743,#1744)),.SURF_OF_LINEAR_EXTRUSION.,.F.,.F.,.F.,(4,1,1,1,1,1,4),(2,
2),(0.0843961320355116,0.292198066042857,0.396099033046529,0.500000000050202,
0.603900967053875,0.707801934057547,0.915603868064892),(0.,1.),
 .UNSPECIFIED.);
#35=B_SPLINE_SURFACE_WITH_KNOTS('',3,1,((#1764,#1765),(#1766,#1767),(#1768,
#1769),(#1770,#1771),(#1772,#1773),(#1774,#1775),(#1776,#1777),(#1778,#1779),
(#1780,#1781)),.SURF_OF_LINEAR_EXTRUSION.,.F.,.F.,.F.,(4,1,1,1,1,1,4),(2,
2),(0.0843961320355082,0.292198066042865,0.396099033046544,0.500000000050223,
0.603900967053901,0.70780193405758,0.915603868064937),(0.,1.),
 .UNSPECIFIED.);
#36=B_SPLINE_SURFACE_WITH_KNOTS('',3,1,((#1801,#1802),(#1803,#1804),(#1805,
#1806),(#1807,#1808),(#1809,#1810),(#1811,#1812),(#1813,#1814),(#1815,#1816),
(#1817,#1818)),.SURF_OF_LINEAR_EXTRUSION.,.F.,.F.,.F.,(4,1,1,1,1,1,4),(2,
2),(0.0843961320355096,0.292198066042867,0.396099033046546,0.500000000050225,
0.603900967053904,0.707801934057583,0.91560386806494),(0.,1.),
 .UNSPECIFIED.);
#37=B_SPLINE_SURFACE_WITH_KNOTS('',3,1,((#1838,#1839),(#1840,#1841),(#1842,
#1843),(#1844,#1845),(#1846,#1847),(#1848,#1849),(#1850,#1851),(#1852,#1853),
(#1854,#1855)),.SURF_OF_LINEAR_EXTRUSION.,.F.,.F.,.F.,(4,1,1,1,1,1,4),(2,
2),(0.0843961320355102,0.292198066042867,0.396099033046546,0.500000000050224,
0.603900967053903,0.707801934057581,0.915603868064938),(0.,1.),
 .UNSPECIFIED.);
#38=B_SPLINE_SURFACE_WITH_KNOTS('',3,1,((#1875,#1876),(#1877,#1878),(#1879,
#1880),(#1881,#1882),(#1883,#1884),(#1885,#1886),(#1887,#1888),(#1889,#1890),
(#1891,#1892)),.SURF_OF_LINEAR_EXTRUSION.,.F.,.F.,.F.,(4,1,1,1,1,1,4),(2,
2),(0.0843961320355094,0.292198066042867,0.396099033046546,0.500000000050225,
0.603900967053903,0.707801934057582,0.91560386806494),(0.,1.),
 .UNSPECIFIED.);
#39=B_SPLINE_SURFACE_WITH_KNOTS('',3,1,((#1912,#1913),(#1914,#1915),(#1916,
#1917),(#1918,#1919),(#1920,#1921),(#1922,#1923),(#1924,#1925),(#1926,#1927),
(#1928,#1929)),.SURF_OF_LINEAR_EXTRUSION.,.F.,.F.,.F.,(4,1,1,1,1,1,4),(2,
2),(0.0843961320355096,0.292198066042867,0.396099033046545,0.500000000050224,
0.603900967053902,0.707801934057581,0.915603868064938),(0.,1.),
 .UNSPECIFIED.);
#40=B_SPLINE_SURFACE_WITH_KNOTS('',3,1,((#1949,#1950),(#1951,#1952),(#1953,
#1954),(#1955,#1956),(#1957,#1958),(#1959,#1960),(#1961,#1962),(#1963,#1964),
(#1965,#1966)),.SURF_OF_LINEAR_EXTRUSION.,.F.,.F.,.F.,(4,1,1,1,1,1,4),(2,
2),(0.0843961320355112,0.292198066042868,0.396099033046546,0.500000000050224,
0.603900967053903,0.707801934057581,0.915603868064938),(0.,1.),
 .UNSPECIFIED.);
#41=B_SPLINE_SURFACE_WITH_KNOTS('',3,1,((#1986,#1987),(#1988,#1989),(#1990,
#1991),(#1992,#1993),(#1994,#1995),(#1996,#1997),(#1998,#1999),(#2000,#2001),
(#2002,#2003)),.SURF_OF_LINEAR_EXTRUSION.,.F.,.F.,.F.,(4,1,1,1,1,1,4),(2,
2),(0.0843961320355109,0.292198066042868,0.396099033046546,0.500000000050225,
0.603900967053903,0.707801934057582,0.915603868064939),(0.,1.),
 .UNSPECIFIED.);
#42=B_SPLINE_SURFACE_WITH_KNOTS('',3,1,((#2023,#2024),(#2025,#2026),(#2027,
#2028),(#2029,#2030),(#2031,#2032),(#2033,#2034),(#2035,#2036),(#2037,#2038),
(#2039,#2040)),.SURF_OF_LINEAR_EXTRUSION.,.F.,.F.,.F.,(4,1,1,1,1,1,4),(2,
2),(0.0843961320355099,0.292198066042867,0.396099033046545,0.500000000050224,
0.603900967053902,0.707801934057581,0.915603868064937),(0.,1.),
 .UNSPECIFIED.);
#43=B_SPLINE_SURFACE_WITH_KNOTS('',3,1,((#2052,#2053),(#2054,#2055),(#2056,
#2057),(#2058,#2059),(#2060,#2061),(#2062,#2063),(#2064,#2065),(#2066,#2067),
(#2068,#2069)),.SURF_OF_LINEAR_EXTRUSION.,.F.,.F.,.F.,(4,1,1,1,1,1,4),(2,
2),(0.0843961320355102,0.292198066042867,0.396099033046546,0.500000000050225,
0.603900967053903,0.707801934057582,0.915603868064939),(0.,1.),
 .UNSPECIFIED.);
#44=B_SPLINE_SURFACE_WITH_KNOTS('',3,1,((#2091,#2092),(#2093,#2094),(#2095,
#2096),(#2097,#2098),(#2099,#2100),(#2101,#2102),(#2103,#2104),(#2105,#2106),
(#2107,#2108)),.SURF_OF_LINEAR_EXTRUSION.,.F.,.F.,.F.,(4,1,1,1,1,1,4),(2,
2),(0.0843961320355104,0.292198066042867,0.396099033046546,0.500000000050224,
0.603900967053903,0.707801934057581,0.915603868064938),(0.,1.),
 .UNSPECIFIED.);
#45=B_SPLINE_SURFACE_WITH_KNOTS('',3,1,((#2128,#2129),(#2130,#2131),(#2132,
#2133),(#2134,#2135),(#2136,#2137),(#2138,#2139),(#2140,#2141),(#2142,#2143),
(#2144,#2145)),.SURF_OF_LINEAR_EXTRUSION.,.F.,.F.,.F.,(4,1,1,1,1,1,4),(2,
2),(0.0843961320355092,0.292198066042866,0.396099033046544,0.500000000050223,
0.603900967053901,0.70780193405758,0.915603868064936),(0.,1.),
 .UNSPECIFIED.);
#46=B_SPLINE_SURFACE_WITH_KNOTS('',3,1,((#2165,#2166),(#2167,#2168),(#2169,
#2170),(#2171,#2172),(#2173,#2174),(#2175,#2176),(#2177,#2178),(#2179,#2180),
(#2181,#2182)),.SURF_OF_LINEAR_EXTRUSION.,.F.,.F.,.F.,(4,1,1,1,1,1,4),(2,
2),(0.0843961320355101,0.292198066042867,0.396099033046545,0.500000000050224,
0.603900967053902,0.707801934057581,0.915603868064937),(0.,1.),
 .UNSPECIFIED.);
#47=B_SPLINE_SURFACE_WITH_KNOTS('',3,1,((#2202,#2203),(#2204,#2205),(#2206,
#2207),(#2208,#2209),(#2210,#2211),(#2212,#2213),(#2214,#2215),(#2216,#2217),
(#2218,#2219)),.SURF_OF_LINEAR_EXTRUSION.,.F.,.F.,.F.,(4,1,1,1,1,1,4),(2,
2),(0.0843961320355174,0.292198066042873,0.39609903304655,0.500000000050228,
0.603900967053906,0.707801934057583,0.915603868064939),(0.,1.),
 .UNSPECIFIED.);
#48=B_SPLINE_SURFACE_WITH_KNOTS('',3,1,((#2255,#2256),(#2257,#2258),(#2259,
#2260),(#2261,#2262),(#2263,#2264),(#2265,#2266),(#2267,#2268),(#2269,#2270),
(#2271,#2272)),.SURF_OF_LINEAR_EXTRUSION.,.F.,.F.,.F.,(4,1,1,1,1,1,4),(2,
2),(0.0843961484614667,0.292198078308805,0.396099043232474,0.500000008156143,
0.603900973079812,0.707801938003481,0.915603867850819),(0.,1.),
 .UNSPECIFIED.);
#49=B_SPLINE_SURFACE_WITH_KNOTS('',3,1,((#2282,#2283),(#2284,#2285),(#2286,
#2287),(#2288,#2289),(#2290,#2291),(#2292,#2293),(#2294,#2295),(#2296,#2297),
(#2298,#2299)),.SURF_OF_LINEAR_EXTRUSION.,.F.,.F.,.F.,(4,1,1,1,1,1,4),(2,
2),(0.0843961484613734,0.292198078308735,0.396099043232415,0.500000008156096,
0.603900973079776,0.707801938003457,0.915603867850818),(0.,1.),
 .UNSPECIFIED.);
#50=B_SPLINE_SURFACE_WITH_KNOTS('',3,1,((#2309,#2310),(#2311,#2312),(#2313,
#2314),(#2315,#2316),(#2317,#2318),(#2319,#2320),(#2321,#2322),(#2323,#2324),
(#2325,#2326)),.SURF_OF_LINEAR_EXTRUSION.,.F.,.F.,.F.,(4,1,1,1,1,1,4),(2,
2),(0.0843961484613742,0.292198078308735,0.396099043232416,0.500000008156096,
0.603900973079777,0.707801938003457,0.915603867850818),(0.,1.),
 .UNSPECIFIED.);
#51=B_SPLINE_SURFACE_WITH_KNOTS('',3,1,((#2336,#2337),(#2338,#2339),(#2340,
#2341),(#2342,#2343),(#2344,#2345),(#2346,#2347),(#2348,#2349),(#2350,#2351),
(#2352,#2353)),.SURF_OF_LINEAR_EXTRUSION.,.F.,.F.,.F.,(4,1,1,1,1,1,4),(2,
2),(0.0843961484613736,0.292198078308735,0.396099043232415,0.500000008156096,
0.603900973079776,0.707801938003457,0.915603867850818),(0.,1.),
 .UNSPECIFIED.);
#52=B_SPLINE_SURFACE_WITH_KNOTS('',3,1,((#2363,#2364),(#2365,#2366),(#2367,
#2368),(#2369,#2370),(#2371,#2372),(#2373,#2374),(#2375,#2376),(#2377,#2378),
(#2379,#2380)),.SURF_OF_LINEAR_EXTRUSION.,.F.,.F.,.F.,(4,1,1,1,1,1,4),(2,
2),(0.0843961484613745,0.292198078308735,0.396099043232416,0.500000008156096,
0.603900973079777,0.707801938003457,0.915603867850818),(0.,1.),
 .UNSPECIFIED.);
#53=B_SPLINE_SURFACE_WITH_KNOTS('',3,1,((#2390,#2391),(#2392,#2393),(#2394,
#2395),(#2396,#2397),(#2398,#2399),(#2400,#2401),(#2402,#2403),(#2404,#2405),
(#2406,#2407)),.SURF_OF_LINEAR_EXTRUSION.,.F.,.F.,.F.,(4,1,1,1,1,1,4),(2,
2),(0.0843961484613741,0.292198078308735,0.396099043232416,0.500000008156096,
0.603900973079777,0.707801938003457,0.915603867850818),(0.,1.),
 .UNSPECIFIED.);
#54=B_SPLINE_SURFACE_WITH_KNOTS('',3,1,((#2417,#2418),(#2419,#2420),(#2421,
#2422),(#2423,#2424),(#2425,#2426),(#2427,#2428),(#2429,#2430),(#2431,#2432),
(#2433,#2434)),.SURF_OF_LINEAR_EXTRUSION.,.F.,.F.,.F.,(4,1,1,1,1,1,4),(2,
2),(0.084396148461374,0.292198078308735,0.396099043232416,0.500000008156096,
0.603900973079777,0.707801938003458,0.915603867850819),(0.,1.),
 .UNSPECIFIED.);
#55=B_SPLINE_SURFACE_WITH_KNOTS('',3,1,((#2444,#2445),(#2446,#2447),(#2448,
#2449),(#2450,#2451),(#2452,#2453),(#2454,#2455),(#2456,#2457),(#2458,#2459),
(#2460,#2461)),.SURF_OF_LINEAR_EXTRUSION.,.F.,.F.,.F.,(4,1,1,1,1,1,4),(2,
2),(0.0843961484613746,0.292198078308736,0.396099043232416,0.500000008156097,
0.603900973079777,0.707801938003458,0.915603867850819),(0.,1.),
 .UNSPECIFIED.);
#56=B_SPLINE_SURFACE_WITH_KNOTS('',3,1,((#2471,#2472),(#2473,#2474),(#2475,
#2476),(#2477,#2478),(#2479,#2480),(#2481,#2482),(#2483,#2484),(#2485,#2486),
(#2487,#2488)),.SURF_OF_LINEAR_EXTRUSION.,.F.,.F.,.F.,(4,1,1,1,1,1,4),(2,
2),(0.0843961484613743,0.292198078308735,0.396099043232416,0.500000008156096,
0.603900973079777,0.707801938003457,0.915603867850818),(0.,1.),
 .UNSPECIFIED.);
#57=B_SPLINE_SURFACE_WITH_KNOTS('',3,1,((#2498,#2499),(#2500,#2501),(#2502,
#2503),(#2504,#2505),(#2506,#2507),(#2508,#2509),(#2510,#2511),(#2512,#2513),
(#2514,#2515)),.SURF_OF_LINEAR_EXTRUSION.,.F.,.F.,.F.,(4,1,1,1,1,1,4),(2,
2),(0.0843961484613738,0.292198078308735,0.396099043232415,0.500000008156096,
0.603900973079776,0.707801938003457,0.915603867850818),(0.,1.),
 .UNSPECIFIED.);
#58=B_SPLINE_SURFACE_WITH_KNOTS('',3,1,((#2525,#2526),(#2527,#2528),(#2529,
#2530),(#2531,#2532),(#2533,#2534),(#2535,#2536),(#2537,#2538),(#2539,#2540),
(#2541,#2542)),.SURF_OF_LINEAR_EXTRUSION.,.F.,.F.,.F.,(4,1,1,1,1,1,4),(2,
2),(0.0843961484613742,0.292198078308735,0.396099043232416,0.500000008156096,
0.603900973079777,0.707801938003457,0.915603867850818),(0.,1.),
 .UNSPECIFIED.);
#59=B_SPLINE_SURFACE_WITH_KNOTS('',3,1,((#2552,#2553),(#2554,#2555),(#2556,
#2557),(#2558,#2559),(#2560,#2561),(#2562,#2563),(#2564,#2565),(#2566,#2567),
(#2568,#2569)),.SURF_OF_LINEAR_EXTRUSION.,.F.,.F.,.F.,(4,1,1,1,1,1,4),(2,
2),(0.0843961484613743,0.292198078308735,0.396099043232416,0.500000008156097,
0.603900973079777,0.707801938003458,0.915603867850819),(0.,1.),
 .UNSPECIFIED.);
#60=B_SPLINE_SURFACE_WITH_KNOTS('',3,1,((#2579,#2580),(#2581,#2582),(#2583,
#2584),(#2585,#2586),(#2587,#2588),(#2589,#2590),(#2591,#2592),(#2593,#2594),
(#2595,#2596)),.SURF_OF_LINEAR_EXTRUSION.,.F.,.F.,.F.,(4,1,1,1,1,1,4),(2,
2),(0.0843961484613737,0.292198078308735,0.396099043232416,0.500000008156096,
0.603900973079777,0.707801938003458,0.915603867850819),(0.,1.),
 .UNSPECIFIED.);
#61=B_SPLINE_SURFACE_WITH_KNOTS('',3,1,((#2606,#2607),(#2608,#2609),(#2610,
#2611),(#2612,#2613),(#2614,#2615),(#2616,#2617),(#2618,#2619),(#2620,#2621),
(#2622,#2623)),.SURF_OF_LINEAR_EXTRUSION.,.F.,.F.,.F.,(4,1,1,1,1,1,4),(2,
2),(0.0843961484613737,0.292198078308735,0.396099043232416,0.500000008156096,
0.603900973079777,0.707801938003458,0.915603867850819),(0.,1.),
 .UNSPECIFIED.);
#62=B_SPLINE_SURFACE_WITH_KNOTS('',3,1,((#2633,#2634),(#2635,#2636),(#2637,
#2638),(#2639,#2640),(#2641,#2642),(#2643,#2644),(#2645,#2646),(#2647,#2648),
(#2649,#2650)),.SURF_OF_LINEAR_EXTRUSION.,.F.,.F.,.F.,(4,1,1,1,1,1,4),(2,
2),(0.0843961484613738,0.292198078308712,0.39609904323238,0.500000008156049,
0.603900973079718,0.707801938003387,0.915603867850725),(0.,1.),
 .UNSPECIFIED.);
#63=B_SPLINE_CURVE_WITH_KNOTS('',3,(#1505,#1506,#1507,#1508,#1509,#1510,
#1511,#1512,#1513),.UNSPECIFIED.,.F.,.F.,(4,1,1,1,1,1,4),(0.,0.000432956109324904,
0.000649434163987357,0.000865912218649809,0.00108239027331226,0.00129886832797471,
0.00173182443729962),.UNSPECIFIED.);
#64=B_SPLINE_CURVE_WITH_KNOTS('',3,(#1517,#1518,#1519,#1520,#1521,#1522,
#1523,#1524,#1525),.UNSPECIFIED.,.F.,.F.,(4,1,1,1,1,1,4),(0.,0.00043295610932496,
0.00064943416398744,0.00086591221864992,0.0010823902733124,0.00129886832797488,
0.00173182443729984),.UNSPECIFIED.);
#65=B_SPLINE_CURVE_WITH_KNOTS('',3,(#1529,#1530,#1531,#1532,#1533,#1534,
#1535,#1536,#1537),.UNSPECIFIED.,.F.,.F.,(4,1,1,1,1,1,4),(4.63171371119878E-19,
0.000432956109324961,0.000649434163987441,0.000865912218649922,0.0010823902733124,
0.00129886832797488,0.00173182443729984),.UNSPECIFIED.);
#66=B_SPLINE_CURVE_WITH_KNOTS('',3,(#1541,#1542,#1543,#1544,#1545,#1546,
#1547,#1548,#1549),.UNSPECIFIED.,.F.,.F.,(4,1,1,1,1,1,4),(0.,0.000432956109324959,
0.000649434163987438,0.000865912218649917,0.0010823902733124,0.00129886832797488,
0.00173182443729983),.UNSPECIFIED.);
#67=B_SPLINE_CURVE_WITH_KNOTS('',3,(#1553,#1554,#1555,#1556,#1557,#1558,
#1559,#1560,#1561),.UNSPECIFIED.,.F.,.F.,(4,1,1,1,1,1,4),(0.,0.000432956109324964,
0.000649434163987446,0.000865912218649929,0.00108239027331241,0.00129886832797489,
0.00173182443729986),.UNSPECIFIED.);
#68=B_SPLINE_CURVE_WITH_KNOTS('',3,(#1565,#1566,#1567,#1568,#1569,#1570,
#1571,#1572,#1573),.UNSPECIFIED.,.F.,.F.,(4,1,1,1,1,1,4),(0.,0.000432956109324962,
0.000649434163987443,0.000865912218649924,0.0010823902733124,0.00129886832797489,
0.00173182443729985),.UNSPECIFIED.);
#69=B_SPLINE_CURVE_WITH_KNOTS('',3,(#1577,#1578,#1579,#1580,#1581,#1582,
#1583,#1584,#1585),.UNSPECIFIED.,.F.,.F.,(4,1,1,1,1,1,4),(0.,0.000432956109324975,
0.000649434163987463,0.000865912218649951,0.00108239027331244,0.00129886832797493,
0.0017318244372999),.UNSPECIFIED.);
#70=B_SPLINE_CURVE_WITH_KNOTS('',3,(#1589,#1590,#1591,#1592,#1593,#1594,
#1595,#1596,#1597),.UNSPECIFIED.,.F.,.F.,(4,1,1,1,1,1,4),(0.,0.000432956109324972,
0.000649434163987458,0.000865912218649944,0.00108239027331243,0.00129886832797492,
0.00173182443729989),.UNSPECIFIED.);
#71=B_SPLINE_CURVE_WITH_KNOTS('',3,(#1601,#1602,#1603,#1604,#1605,#1606,
#1607,#1608,#1609),.UNSPECIFIED.,.F.,.F.,(4,1,1,1,1,1,4),(0.,0.000432956109324947,
0.00064943416398742,0.000865912218649894,0.00108239027331237,0.00129886832797484,
0.00173182443729979),.UNSPECIFIED.);
#72=B_SPLINE_CURVE_WITH_KNOTS('',3,(#1613,#1614,#1615,#1616,#1617,#1618,
#1619,#1620,#1621),.UNSPECIFIED.,.F.,.F.,(4,1,1,1,1,1,4),(4.84869951806108E-19,
0.000432956109324945,0.000649434163987417,0.000865912218649889,0.00108239027331236,
0.00129886832797483,0.00173182443729978),.UNSPECIFIED.);
#73=B_SPLINE_CURVE_WITH_KNOTS('',3,(#1625,#1626,#1627,#1628,#1629,#1630,
#1631,#1632,#1633),.UNSPECIFIED.,.F.,.F.,(4,1,1,1,1,1,4),(0.,0.000432956109324985,
0.000649434163987477,0.00086591221864997,0.00108239027331246,0.00129886832797495,
0.00173182443729994),.UNSPECIFIED.);
#74=B_SPLINE_CURVE_WITH_KNOTS('',3,(#1637,#1638,#1639,#1640,#1641,#1642,
#1643,#1644,#1645),.UNSPECIFIED.,.F.,.F.,(4,1,1,1,1,1,4),(0.,0.000432956109324955,
0.000649434163987433,0.00086591221864991,0.00108239027331239,0.00129886832797487,
0.00173182443729982),.UNSPECIFIED.);
#75=B_SPLINE_CURVE_WITH_KNOTS('',3,(#1649,#1650,#1651,#1652,#1653,#1654,
#1655,#1656,#1657),.UNSPECIFIED.,.F.,.F.,(4,1,1,1,1,1,4),(4.79016176428845E-18,
0.000432956109324958,0.000649434163987434,0.000865912218649911,0.00108239027331239,
0.00129886832797486,0.00173182443729982),.UNSPECIFIED.);
#76=B_SPLINE_CURVE_WITH_KNOTS('',3,(#1661,#1662,#1663,#1664,#1665,#1666,
#1667,#1668,#1669),.UNSPECIFIED.,.F.,.F.,(4,1,1,1,1,1,4),(0.,0.000432956109324965,
0.000649434163987447,0.000865912218649929,0.00108239027331241,0.00129886832797489,
0.00173182443729986),.UNSPECIFIED.);
#77=B_SPLINE_CURVE_WITH_KNOTS('',3,(#1673,#1674,#1675,#1676,#1677,#1678,
#1679,#1680,#1681),.UNSPECIFIED.,.F.,.F.,(4,1,1,1,1,1,4),(0.,0.000432956109324976,
0.000649434163987464,0.000865912218649951,0.00108239027331244,0.00129886832797493,
0.0017318244372999),.UNSPECIFIED.);
#78=B_SPLINE_CURVE_WITH_KNOTS('',3,(#1710,#1711,#1712,#1713,#1714,#1715,
#1716,#1717,#1718),.UNSPECIFIED.,.F.,.F.,(4,1,1,1,1,1,4),(0.,0.000432956109324895,
0.000649434163987343,0.00086591221864979,0.00108239027331224,0.00129886832797469,
0.00173182443729958),.UNSPECIFIED.);
#79=B_SPLINE_CURVE_WITH_KNOTS('',3,(#1747,#1748,#1749,#1750,#1751,#1752,
#1753,#1754,#1755),.UNSPECIFIED.,.F.,.F.,(4,1,1,1,1,1,4),(0.,0.000432956109324952,
0.000649434163987428,0.000865912218649904,0.00108239027331238,0.00129886832797486,
0.00173182443729981),.UNSPECIFIED.);
#80=B_SPLINE_CURVE_WITH_KNOTS('',3,(#1784,#1785,#1786,#1787,#1788,#1789,
#1790,#1791,#1792),.UNSPECIFIED.,.F.,.F.,(4,1,1,1,1,1,4),(0.,0.00043295610932495,
0.000649434163987425,0.0008659122186499,0.00108239027331237,0.00129886832797485,
0.0017318244372998),.UNSPECIFIED.);
#81=B_SPLINE_CURVE_WITH_KNOTS('',3,(#1821,#1822,#1823,#1824,#1825,#1826,
#1827,#1828,#1829),.UNSPECIFIED.,.F.,.F.,(4,1,1,1,1,1,4),(0.,0.000432956109324941,
0.000649434163987411,0.000865912218649882,0.00108239027331235,0.00129886832797482,
0.00173182443729976),.UNSPECIFIED.);
#82=B_SPLINE_CURVE_WITH_KNOTS('',3,(#1858,#1859,#1860,#1861,#1862,#1863,
#1864,#1865,#1866),.UNSPECIFIED.,.F.,.F.,(4,1,1,1,1,1,4),(0.,0.00043295610932494,
0.000649434163987409,0.000865912218649879,0.00108239027331235,0.00129886832797482,
0.00173182443729976),.UNSPECIFIED.);
#83=B_SPLINE_CURVE_WITH_KNOTS('',3,(#1895,#1896,#1897,#1898,#1899,#1900,
#1901,#1902,#1903),.UNSPECIFIED.,.F.,.F.,(4,1,1,1,1,1,4),(0.,0.000432956109324953,
0.00064943416398743,0.000865912218649906,0.00108239027331238,0.00129886832797486,
0.00173182443729981),.UNSPECIFIED.);
#84=B_SPLINE_CURVE_WITH_KNOTS('',3,(#1932,#1933,#1934,#1935,#1936,#1937,
#1938,#1939,#1940),.UNSPECIFIED.,.F.,.F.,(4,1,1,1,1,1,4),(0.,0.000432956109324967,
0.00064943416398745,0.000865912218649933,0.00108239027331242,0.0012988683279749,
0.00173182443729987),.UNSPECIFIED.);
#85=B_SPLINE_CURVE_WITH_KNOTS('',3,(#1969,#1970,#1971,#1972,#1973,#1974,
#1975,#1976,#1977),.UNSPECIFIED.,.F.,.F.,(4,1,1,1,1,1,4),(0.,0.00043295610932495,
0.000649434163987426,0.000865912218649901,0.00108239027331238,0.00129886832797485,
0.0017318244372998),.UNSPECIFIED.);
#86=B_SPLINE_CURVE_WITH_KNOTS('',3,(#2006,#2007,#2008,#2009,#2010,#2011,
#2012,#2013,#2014),.UNSPECIFIED.,.F.,.F.,(4,1,1,1,1,1,4),(0.,0.000432956109324948,
0.000649434163987423,0.000865912218649897,0.00108239027331237,0.00129886832797485,
0.00173182443729979),.UNSPECIFIED.);
#87=B_SPLINE_CURVE_WITH_KNOTS('',3,(#2043,#2044,#2045,#2046,#2047,#2048,
#2049,#2050,#2051),.UNSPECIFIED.,.F.,.F.,(4,1,1,1,1,1,4),(0.,0.000432956109324945,
0.000649434163987417,0.000865912218649889,0.00108239027331236,0.00129886832797483,
0.00173182443729978),.UNSPECIFIED.);
#88=B_SPLINE_CURVE_WITH_KNOTS('',3,(#2074,#2075,#2076,#2077,#2078,#2079,
#2080,#2081,#2082),.UNSPECIFIED.,.F.,.F.,(4,1,1,1,1,1,4),(0.,0.000432956109324963,
0.000649434163987444,0.000865912218649926,0.00108239027331241,0.00129886832797489,
0.00173182443729985),.UNSPECIFIED.);
#89=B_SPLINE_CURVE_WITH_KNOTS('',3,(#2111,#2112,#2113,#2114,#2115,#2116,
#2117,#2118,#2119),.UNSPECIFIED.,.F.,.F.,(4,1,1,1,1,1,4),(2.13563060504163E-18,
0.000432956109324968,0.000649434163987451,0.000865912218649934,0.00108239027331242,
0.0012988683279749,0.00173182443729987),.UNSPECIFIED.);
#90=B_SPLINE_CURVE_WITH_KNOTS('',3,(#2148,#2149,#2150,#2151,#2152,#2153,
#2154,#2155,#2156),.UNSPECIFIED.,.F.,.F.,(4,1,1,1,1,1,4),(4.79016176428845E-18,
0.000432956109324949,0.000649434163987421,0.000865912218649893,0.00108239027331237,
0.00129886832797484,0.00173182443729978),.UNSPECIFIED.);
#91=B_SPLINE_CURVE_WITH_KNOTS('',3,(#2185,#2186,#2187,#2188,#2189,#2190,
#2191,#2192,#2193),.UNSPECIFIED.,.F.,.F.,(4,1,1,1,1,1,4),(5.07610442859724E-18,
0.000432956109324964,0.000649434163987443,0.000865912218649923,0.0010823902733124,
0.00129886832797488,0.00173182443729984),.UNSPECIFIED.);
#92=B_SPLINE_CURVE_WITH_KNOTS('',3,(#2222,#2223,#2224,#2225,#2226,#2227,
#2228,#2229,#2230),.UNSPECIFIED.,.F.,.F.,(4,1,1,1,1,1,4),(0.,0.000432956109324986,
0.000649434163987478,0.000865912218649971,0.00108239027331246,0.00129886832797496,
0.00173182443729994),.UNSPECIFIED.);
#93=B_SPLINE_CURVE_WITH_KNOTS('',3,(#2273,#2274,#2275,#2276,#2277,#2278,
#2279,#2280,#2281),.UNSPECIFIED.,.F.,.F.,(4,1,1,1,1,1,4),(0.,0.000432956109324895,
0.000649434163987343,0.00086591221864979,0.00108239027331224,0.00129886832797469,
0.00173182443729958),.UNSPECIFIED.);
#94=B_SPLINE_CURVE_WITH_KNOTS('',3,(#2300,#2301,#2302,#2303,#2304,#2305,
#2306,#2307,#2308),.UNSPECIFIED.,.F.,.F.,(4,1,1,1,1,1,4),(0.,0.000432956109324986,
0.000649434163987478,0.000865912218649971,0.00108239027331246,0.00129886832797496,
0.00173182443729994),.UNSPECIFIED.);
#95=B_SPLINE_CURVE_WITH_KNOTS('',3,(#2327,#2328,#2329,#2330,#2331,#2332,
#2333,#2334,#2335),.UNSPECIFIED.,.F.,.F.,(4,1,1,1,1,1,4),(5.07610442859724E-18,
0.000432956109324964,0.000649434163987443,0.000865912218649923,0.0010823902733124,
0.00129886832797488,0.00173182443729984),.UNSPECIFIED.);
#96=B_SPLINE_CURVE_WITH_KNOTS('',3,(#2354,#2355,#2356,#2357,#2358,#2359,
#2360,#2361,#2362),.UNSPECIFIED.,.F.,.F.,(4,1,1,1,1,1,4),(4.79016176428845E-18,
0.000432956109324949,0.000649434163987421,0.000865912218649893,0.00108239027331237,
0.00129886832797484,0.00173182443729978),.UNSPECIFIED.);
#97=B_SPLINE_CURVE_WITH_KNOTS('',3,(#2381,#2382,#2383,#2384,#2385,#2386,
#2387,#2388,#2389),.UNSPECIFIED.,.F.,.F.,(4,1,1,1,1,1,4),(2.13563060504163E-18,
0.000432956109324968,0.000649434163987451,0.000865912218649934,0.00108239027331242,
0.0012988683279749,0.00173182443729987),.UNSPECIFIED.);
#98=B_SPLINE_CURVE_WITH_KNOTS('',3,(#2408,#2409,#2410,#2411,#2412,#2413,
#2414,#2415,#2416),.UNSPECIFIED.,.F.,.F.,(4,1,1,1,1,1,4),(0.,0.000432956109324963,
0.000649434163987444,0.000865912218649926,0.00108239027331241,0.00129886832797489,
0.00173182443729985),.UNSPECIFIED.);
#99=B_SPLINE_CURVE_WITH_KNOTS('',3,(#2435,#2436,#2437,#2438,#2439,#2440,
#2441,#2442,#2443),.UNSPECIFIED.,.F.,.F.,(4,1,1,1,1,1,4),(0.,0.000432956109324945,
0.000649434163987417,0.000865912218649889,0.00108239027331236,0.00129886832797483,
0.00173182443729978),.UNSPECIFIED.);
#100=B_SPLINE_CURVE_WITH_KNOTS('',3,(#2462,#2463,#2464,#2465,#2466,#2467,
#2468,#2469,#2470),.UNSPECIFIED.,.F.,.F.,(4,1,1,1,1,1,4),(0.,0.000432956109324948,
0.000649434163987423,0.000865912218649897,0.00108239027331237,0.00129886832797485,
0.00173182443729979),.UNSPECIFIED.);
#101=B_SPLINE_CURVE_WITH_KNOTS('',3,(#2489,#2490,#2491,#2492,#2493,#2494,
#2495,#2496,#2497),.UNSPECIFIED.,.F.,.F.,(4,1,1,1,1,1,4),(0.,0.00043295610932495,
0.000649434163987426,0.000865912218649901,0.00108239027331238,0.00129886832797485,
0.0017318244372998),.UNSPECIFIED.);
#102=B_SPLINE_CURVE_WITH_KNOTS('',3,(#2516,#2517,#2518,#2519,#2520,#2521,
#2522,#2523,#2524),.UNSPECIFIED.,.F.,.F.,(4,1,1,1,1,1,4),(0.,0.000432956109324967,
0.00064943416398745,0.000865912218649933,0.00108239027331242,0.0012988683279749,
0.00173182443729987),.UNSPECIFIED.);
#103=B_SPLINE_CURVE_WITH_KNOTS('',3,(#2543,#2544,#2545,#2546,#2547,#2548,
#2549,#2550,#2551),.UNSPECIFIED.,.F.,.F.,(4,1,1,1,1,1,4),(0.,0.000432956109324953,
0.00064943416398743,0.000865912218649906,0.00108239027331238,0.00129886832797486,
0.00173182443729981),.UNSPECIFIED.);
#104=B_SPLINE_CURVE_WITH_KNOTS('',3,(#2570,#2571,#2572,#2573,#2574,#2575,
#2576,#2577,#2578),.UNSPECIFIED.,.F.,.F.,(4,1,1,1,1,1,4),(0.,0.00043295610932494,
0.000649434163987409,0.000865912218649879,0.00108239027331235,0.00129886832797482,
0.00173182443729976),.UNSPECIFIED.);
#105=B_SPLINE_CURVE_WITH_KNOTS('',3,(#2597,#2598,#2599,#2600,#2601,#2602,
#2603,#2604,#2605),.UNSPECIFIED.,.F.,.F.,(4,1,1,1,1,1,4),(0.,0.000432956109324941,
0.000649434163987411,0.000865912218649882,0.00108239027331235,0.00129886832797482,
0.00173182443729976),.UNSPECIFIED.);
#106=B_SPLINE_CURVE_WITH_KNOTS('',3,(#2624,#2625,#2626,#2627,#2628,#2629,
#2630,#2631,#2632),.UNSPECIFIED.,.F.,.F.,(4,1,1,1,1,1,4),(0.,0.00043295610932495,
0.000649434163987425,0.0008659122186499,0.00108239027331237,0.00129886832797485,
0.0017318244372998),.UNSPECIFIED.);
#107=B_SPLINE_CURVE_WITH_KNOTS('',3,(#2651,#2652,#2653,#2654,#2655,#2656,
#2657,#2658,#2659),.UNSPECIFIED.,.F.,.F.,(4,1,1,1,1,1,4),(0.,0.000432956109324952,
0.000649434163987428,0.000865912218649904,0.00108239027331238,0.00129886832797486,
0.00173182443729981),.UNSPECIFIED.);
#108=CIRCLE('',#1154,0.356686612000018);
#109=CIRCLE('',#1155,0.356686612000036);
#110=CIRCLE('',#1156,0.356686612000018);
#111=CIRCLE('',#1157,0.356686612000018);
#112=CIRCLE('',#1158,0.356686612000018);
#113=CIRCLE('',#1159,0.356686612000018);
#114=CIRCLE('',#1160,0.356686612000018);
#115=CIRCLE('',#1161,0.356686612000018);
#116=CIRCLE('',#1162,0.356686612000018);
#117=CIRCLE('',#1163,0.356686612000018);
#118=CIRCLE('',#1164,0.356686612000018);
#119=CIRCLE('',#1165,0.356686612000018);
#120=CIRCLE('',#1166,0.356686612000018);
#121=CIRCLE('',#1167,0.356686612000018);
#122=CIRCLE('',#1168,0.356686612000018);
#123=CIRCLE('',#1169,0.6855);
#124=CIRCLE('',#1170,0.6855);
#125=CIRCLE('',#1171,0.6855);
#126=CIRCLE('',#1172,0.6855);
#127=CIRCLE('',#1173,0.6855);
#128=CIRCLE('',#1174,0.6855);
#129=CIRCLE('',#1176,0.356686612000036);
#130=CIRCLE('',#1178,0.356686612000018);
#131=CIRCLE('',#1180,0.356686612000018);
#132=CIRCLE('',#1182,0.356686612000018);
#133=CIRCLE('',#1184,0.356686612000018);
#134=CIRCLE('',#1186,0.356686612000018);
#135=CIRCLE('',#1188,0.356686612000018);
#136=CIRCLE('',#1190,0.356686612000018);
#137=CIRCLE('',#1192,0.356686612000018);
#138=CIRCLE('',#1194,0.356686612000018);
#139=CIRCLE('',#1196,0.356686612000018);
#140=CIRCLE('',#1198,0.356686612000018);
#141=CIRCLE('',#1200,0.356686612000018);
#142=CIRCLE('',#1202,0.356686612000018);
#143=CIRCLE('',#1204,0.356686612000018);
#144=CIRCLE('',#1206,0.6855);
#145=CIRCLE('',#1208,0.6855);
#146=CIRCLE('',#1210,0.6855);
#147=CIRCLE('',#1212,0.6855);
#148=CIRCLE('',#1214,0.6855);
#149=CIRCLE('',#1216,0.6855);
#150=ORIENTED_EDGE('',*,*,#492,.F.);
#151=ORIENTED_EDGE('',*,*,#493,.T.);
#152=ORIENTED_EDGE('',*,*,#494,.F.);
#153=ORIENTED_EDGE('',*,*,#495,.F.);
#154=ORIENTED_EDGE('',*,*,#496,.F.);
#155=ORIENTED_EDGE('',*,*,#497,.T.);
#156=ORIENTED_EDGE('',*,*,#498,.F.);
#157=ORIENTED_EDGE('',*,*,#499,.F.);
#158=ORIENTED_EDGE('',*,*,#500,.F.);
#159=ORIENTED_EDGE('',*,*,#501,.T.);
#160=ORIENTED_EDGE('',*,*,#502,.F.);
#161=ORIENTED_EDGE('',*,*,#503,.F.);
#162=ORIENTED_EDGE('',*,*,#504,.F.);
#163=ORIENTED_EDGE('',*,*,#505,.T.);
#164=ORIENTED_EDGE('',*,*,#506,.F.);
#165=ORIENTED_EDGE('',*,*,#507,.F.);
#166=ORIENTED_EDGE('',*,*,#508,.F.);
#167=ORIENTED_EDGE('',*,*,#509,.T.);
#168=ORIENTED_EDGE('',*,*,#510,.F.);
#169=ORIENTED_EDGE('',*,*,#511,.F.);
#170=ORIENTED_EDGE('',*,*,#512,.F.);
#171=ORIENTED_EDGE('',*,*,#513,.T.);
#172=ORIENTED_EDGE('',*,*,#514,.F.);
#173=ORIENTED_EDGE('',*,*,#515,.F.);
#174=ORIENTED_EDGE('',*,*,#516,.T.);
#175=ORIENTED_EDGE('',*,*,#517,.T.);
#176=ORIENTED_EDGE('',*,*,#518,.T.);
#177=ORIENTED_EDGE('',*,*,#519,.T.);
#178=ORIENTED_EDGE('',*,*,#520,.T.);
#179=ORIENTED_EDGE('',*,*,#521,.T.);
#180=ORIENTED_EDGE('',*,*,#522,.T.);
#181=ORIENTED_EDGE('',*,*,#523,.T.);
#182=ORIENTED_EDGE('',*,*,#524,.T.);
#183=ORIENTED_EDGE('',*,*,#525,.T.);
#184=ORIENTED_EDGE('',*,*,#526,.T.);
#185=ORIENTED_EDGE('',*,*,#527,.T.);
#186=ORIENTED_EDGE('',*,*,#528,.T.);
#187=ORIENTED_EDGE('',*,*,#529,.T.);
#188=ORIENTED_EDGE('',*,*,#530,.T.);
#189=ORIENTED_EDGE('',*,*,#531,.T.);
#190=ORIENTED_EDGE('',*,*,#532,.T.);
#191=ORIENTED_EDGE('',*,*,#533,.T.);
#192=ORIENTED_EDGE('',*,*,#534,.T.);
#193=ORIENTED_EDGE('',*,*,#535,.T.);
#194=ORIENTED_EDGE('',*,*,#536,.T.);
#195=ORIENTED_EDGE('',*,*,#537,.T.);
#196=ORIENTED_EDGE('',*,*,#538,.T.);
#197=ORIENTED_EDGE('',*,*,#539,.T.);
#198=ORIENTED_EDGE('',*,*,#540,.T.);
#199=ORIENTED_EDGE('',*,*,#541,.T.);
#200=ORIENTED_EDGE('',*,*,#542,.T.);
#201=ORIENTED_EDGE('',*,*,#543,.T.);
#202=ORIENTED_EDGE('',*,*,#544,.T.);
#203=ORIENTED_EDGE('',*,*,#545,.T.);
#204=ORIENTED_EDGE('',*,*,#546,.F.);
#205=ORIENTED_EDGE('',*,*,#513,.F.);
#206=ORIENTED_EDGE('',*,*,#547,.F.);
#207=ORIENTED_EDGE('',*,*,#509,.F.);
#208=ORIENTED_EDGE('',*,*,#548,.F.);
#209=ORIENTED_EDGE('',*,*,#505,.F.);
#210=ORIENTED_EDGE('',*,*,#549,.F.);
#211=ORIENTED_EDGE('',*,*,#501,.F.);
#212=ORIENTED_EDGE('',*,*,#550,.F.);
#213=ORIENTED_EDGE('',*,*,#497,.F.);
#214=ORIENTED_EDGE('',*,*,#551,.F.);
#215=ORIENTED_EDGE('',*,*,#493,.F.);
#216=ORIENTED_EDGE('',*,*,#552,.F.);
#217=ORIENTED_EDGE('',*,*,#517,.F.);
#218=ORIENTED_EDGE('',*,*,#553,.F.);
#219=ORIENTED_EDGE('',*,*,#554,.T.);
#220=ORIENTED_EDGE('',*,*,#555,.T.);
#221=ORIENTED_EDGE('',*,*,#518,.F.);
#222=ORIENTED_EDGE('',*,*,#552,.T.);
#223=ORIENTED_EDGE('',*,*,#556,.F.);
#224=ORIENTED_EDGE('',*,*,#557,.T.);
#225=ORIENTED_EDGE('',*,*,#558,.T.);
#226=ORIENTED_EDGE('',*,*,#559,.F.);
#227=ORIENTED_EDGE('',*,*,#519,.F.);
#228=ORIENTED_EDGE('',*,*,#555,.F.);
#229=ORIENTED_EDGE('',*,*,#560,.T.);
#230=ORIENTED_EDGE('',*,*,#561,.T.);
#231=ORIENTED_EDGE('',*,*,#520,.F.);
#232=ORIENTED_EDGE('',*,*,#559,.T.);
#233=ORIENTED_EDGE('',*,*,#562,.F.);
#234=ORIENTED_EDGE('',*,*,#563,.T.);
#235=ORIENTED_EDGE('',*,*,#564,.T.);
#236=ORIENTED_EDGE('',*,*,#565,.F.);
#237=ORIENTED_EDGE('',*,*,#521,.F.);
#238=ORIENTED_EDGE('',*,*,#561,.F.);
#239=ORIENTED_EDGE('',*,*,#566,.T.);
#240=ORIENTED_EDGE('',*,*,#567,.T.);
#241=ORIENTED_EDGE('',*,*,#522,.F.);
#242=ORIENTED_EDGE('',*,*,#565,.T.);
#243=ORIENTED_EDGE('',*,*,#568,.F.);
#244=ORIENTED_EDGE('',*,*,#569,.T.);
#245=ORIENTED_EDGE('',*,*,#570,.T.);
#246=ORIENTED_EDGE('',*,*,#571,.F.);
#247=ORIENTED_EDGE('',*,*,#523,.F.);
#248=ORIENTED_EDGE('',*,*,#567,.F.);
#249=ORIENTED_EDGE('',*,*,#572,.T.);
#250=ORIENTED_EDGE('',*,*,#573,.T.);
#251=ORIENTED_EDGE('',*,*,#524,.F.);
#252=ORIENTED_EDGE('',*,*,#571,.T.);
#253=ORIENTED_EDGE('',*,*,#574,.F.);
#254=ORIENTED_EDGE('',*,*,#575,.T.);
#255=ORIENTED_EDGE('',*,*,#576,.T.);
#256=ORIENTED_EDGE('',*,*,#577,.F.);
#257=ORIENTED_EDGE('',*,*,#525,.F.);
#258=ORIENTED_EDGE('',*,*,#573,.F.);
#259=ORIENTED_EDGE('',*,*,#578,.T.);
#260=ORIENTED_EDGE('',*,*,#579,.T.);
#261=ORIENTED_EDGE('',*,*,#526,.F.);
#262=ORIENTED_EDGE('',*,*,#577,.T.);
#263=ORIENTED_EDGE('',*,*,#580,.F.);
#264=ORIENTED_EDGE('',*,*,#581,.T.);
#265=ORIENTED_EDGE('',*,*,#582,.T.);
#266=ORIENTED_EDGE('',*,*,#583,.F.);
#267=ORIENTED_EDGE('',*,*,#527,.F.);
#268=ORIENTED_EDGE('',*,*,#579,.F.);
#269=ORIENTED_EDGE('',*,*,#584,.T.);
#270=ORIENTED_EDGE('',*,*,#585,.T.);
#271=ORIENTED_EDGE('',*,*,#528,.F.);
#272=ORIENTED_EDGE('',*,*,#583,.T.);
#273=ORIENTED_EDGE('',*,*,#586,.F.);
#274=ORIENTED_EDGE('',*,*,#587,.T.);
#275=ORIENTED_EDGE('',*,*,#588,.T.);
#276=ORIENTED_EDGE('',*,*,#589,.F.);
#277=ORIENTED_EDGE('',*,*,#529,.F.);
#278=ORIENTED_EDGE('',*,*,#585,.F.);
#279=ORIENTED_EDGE('',*,*,#590,.T.);
#280=ORIENTED_EDGE('',*,*,#591,.T.);
#281=ORIENTED_EDGE('',*,*,#530,.F.);
#282=ORIENTED_EDGE('',*,*,#589,.T.);
#283=ORIENTED_EDGE('',*,*,#592,.F.);
#284=ORIENTED_EDGE('',*,*,#593,.T.);
#285=ORIENTED_EDGE('',*,*,#594,.T.);
#286=ORIENTED_EDGE('',*,*,#595,.F.);
#287=ORIENTED_EDGE('',*,*,#531,.F.);
#288=ORIENTED_EDGE('',*,*,#591,.F.);
#289=ORIENTED_EDGE('',*,*,#596,.T.);
#290=ORIENTED_EDGE('',*,*,#597,.T.);
#291=ORIENTED_EDGE('',*,*,#532,.F.);
#292=ORIENTED_EDGE('',*,*,#595,.T.);
#293=ORIENTED_EDGE('',*,*,#598,.F.);
#294=ORIENTED_EDGE('',*,*,#599,.T.);
#295=ORIENTED_EDGE('',*,*,#600,.T.);
#296=ORIENTED_EDGE('',*,*,#601,.F.);
#297=ORIENTED_EDGE('',*,*,#533,.F.);
#298=ORIENTED_EDGE('',*,*,#597,.F.);
#299=ORIENTED_EDGE('',*,*,#602,.T.);
#300=ORIENTED_EDGE('',*,*,#603,.T.);
#301=ORIENTED_EDGE('',*,*,#534,.F.);
#302=ORIENTED_EDGE('',*,*,#601,.T.);
#303=ORIENTED_EDGE('',*,*,#604,.F.);
#304=ORIENTED_EDGE('',*,*,#605,.T.);
#305=ORIENTED_EDGE('',*,*,#606,.T.);
#306=ORIENTED_EDGE('',*,*,#607,.F.);
#307=ORIENTED_EDGE('',*,*,#535,.F.);
#308=ORIENTED_EDGE('',*,*,#603,.F.);
#309=ORIENTED_EDGE('',*,*,#608,.T.);
#310=ORIENTED_EDGE('',*,*,#609,.F.);
#311=ORIENTED_EDGE('',*,*,#537,.F.);
#312=ORIENTED_EDGE('',*,*,#610,.F.);
#313=ORIENTED_EDGE('',*,*,#611,.T.);
#314=ORIENTED_EDGE('',*,*,#612,.T.);
#315=ORIENTED_EDGE('',*,*,#538,.F.);
#316=ORIENTED_EDGE('',*,*,#609,.T.);
#317=ORIENTED_EDGE('',*,*,#613,.F.);
#318=ORIENTED_EDGE('',*,*,#614,.T.);
#319=ORIENTED_EDGE('',*,*,#615,.T.);
#320=ORIENTED_EDGE('',*,*,#616,.F.);
#321=ORIENTED_EDGE('',*,*,#539,.F.);
#322=ORIENTED_EDGE('',*,*,#612,.F.);
#323=ORIENTED_EDGE('',*,*,#617,.T.);
#324=ORIENTED_EDGE('',*,*,#618,.T.);
#325=ORIENTED_EDGE('',*,*,#540,.F.);
#326=ORIENTED_EDGE('',*,*,#616,.T.);
#327=ORIENTED_EDGE('',*,*,#619,.F.);
#328=ORIENTED_EDGE('',*,*,#620,.T.);
#329=ORIENTED_EDGE('',*,*,#621,.T.);
#330=ORIENTED_EDGE('',*,*,#622,.F.);
#331=ORIENTED_EDGE('',*,*,#541,.F.);
#332=ORIENTED_EDGE('',*,*,#618,.F.);
#333=ORIENTED_EDGE('',*,*,#623,.T.);
#334=ORIENTED_EDGE('',*,*,#624,.T.);
#335=ORIENTED_EDGE('',*,*,#542,.F.);
#336=ORIENTED_EDGE('',*,*,#622,.T.);
#337=ORIENTED_EDGE('',*,*,#625,.F.);
#338=ORIENTED_EDGE('',*,*,#626,.T.);
#339=ORIENTED_EDGE('',*,*,#627,.T.);
#340=ORIENTED_EDGE('',*,*,#628,.F.);
#341=ORIENTED_EDGE('',*,*,#543,.F.);
#342=ORIENTED_EDGE('',*,*,#624,.F.);
#343=ORIENTED_EDGE('',*,*,#629,.T.);
#344=ORIENTED_EDGE('',*,*,#630,.T.);
#345=ORIENTED_EDGE('',*,*,#544,.F.);
#346=ORIENTED_EDGE('',*,*,#628,.T.);
#347=ORIENTED_EDGE('',*,*,#631,.F.);
#348=ORIENTED_EDGE('',*,*,#632,.T.);
#349=ORIENTED_EDGE('',*,*,#633,.T.);
#350=ORIENTED_EDGE('',*,*,#634,.F.);
#351=ORIENTED_EDGE('',*,*,#545,.F.);
#352=ORIENTED_EDGE('',*,*,#630,.F.);
#353=ORIENTED_EDGE('',*,*,#635,.T.);
#354=ORIENTED_EDGE('',*,*,#553,.T.);
#355=ORIENTED_EDGE('',*,*,#516,.F.);
#356=ORIENTED_EDGE('',*,*,#634,.T.);
#357=ORIENTED_EDGE('',*,*,#636,.F.);
#358=ORIENTED_EDGE('',*,*,#637,.T.);
#359=ORIENTED_EDGE('',*,*,#638,.T.);
#360=ORIENTED_EDGE('',*,*,#536,.F.);
#361=ORIENTED_EDGE('',*,*,#607,.T.);
#362=ORIENTED_EDGE('',*,*,#639,.F.);
#363=ORIENTED_EDGE('',*,*,#640,.T.);
#364=ORIENTED_EDGE('',*,*,#641,.T.);
#365=ORIENTED_EDGE('',*,*,#610,.T.);
#366=ORIENTED_EDGE('',*,*,#510,.T.);
#367=ORIENTED_EDGE('',*,*,#547,.T.);
#368=ORIENTED_EDGE('',*,*,#512,.T.);
#369=ORIENTED_EDGE('',*,*,#642,.F.);
#370=ORIENTED_EDGE('',*,*,#506,.T.);
#371=ORIENTED_EDGE('',*,*,#548,.T.);
#372=ORIENTED_EDGE('',*,*,#508,.T.);
#373=ORIENTED_EDGE('',*,*,#643,.F.);
#374=ORIENTED_EDGE('',*,*,#502,.T.);
#375=ORIENTED_EDGE('',*,*,#549,.T.);
#376=ORIENTED_EDGE('',*,*,#504,.T.);
#377=ORIENTED_EDGE('',*,*,#644,.F.);
#378=ORIENTED_EDGE('',*,*,#498,.T.);
#379=ORIENTED_EDGE('',*,*,#550,.T.);
#380=ORIENTED_EDGE('',*,*,#500,.T.);
#381=ORIENTED_EDGE('',*,*,#645,.F.);
#382=ORIENTED_EDGE('',*,*,#494,.T.);
#383=ORIENTED_EDGE('',*,*,#551,.T.);
#384=ORIENTED_EDGE('',*,*,#496,.T.);
#385=ORIENTED_EDGE('',*,*,#646,.F.);
#386=ORIENTED_EDGE('',*,*,#492,.T.);
#387=ORIENTED_EDGE('',*,*,#647,.F.);
#388=ORIENTED_EDGE('',*,*,#514,.T.);
#389=ORIENTED_EDGE('',*,*,#546,.T.);
#390=ORIENTED_EDGE('',*,*,#554,.F.);
#391=ORIENTED_EDGE('',*,*,#638,.F.);
#392=ORIENTED_EDGE('',*,*,#648,.T.);
#393=ORIENTED_EDGE('',*,*,#556,.T.);
#394=ORIENTED_EDGE('',*,*,#635,.F.);
#395=ORIENTED_EDGE('',*,*,#633,.F.);
#396=ORIENTED_EDGE('',*,*,#649,.T.);
#397=ORIENTED_EDGE('',*,*,#636,.T.);
#398=ORIENTED_EDGE('',*,*,#629,.F.);
#399=ORIENTED_EDGE('',*,*,#627,.F.);
#400=ORIENTED_EDGE('',*,*,#650,.T.);
#401=ORIENTED_EDGE('',*,*,#631,.T.);
#402=ORIENTED_EDGE('',*,*,#623,.F.);
#403=ORIENTED_EDGE('',*,*,#621,.F.);
#404=ORIENTED_EDGE('',*,*,#651,.T.);
#405=ORIENTED_EDGE('',*,*,#625,.T.);
#406=ORIENTED_EDGE('',*,*,#617,.F.);
#407=ORIENTED_EDGE('',*,*,#615,.F.);
#408=ORIENTED_EDGE('',*,*,#652,.T.);
#409=ORIENTED_EDGE('',*,*,#619,.T.);
#410=ORIENTED_EDGE('',*,*,#611,.F.);
#411=ORIENTED_EDGE('',*,*,#641,.F.);
#412=ORIENTED_EDGE('',*,*,#653,.T.);
#413=ORIENTED_EDGE('',*,*,#613,.T.);
#414=ORIENTED_EDGE('',*,*,#608,.F.);
#415=ORIENTED_EDGE('',*,*,#606,.F.);
#416=ORIENTED_EDGE('',*,*,#654,.T.);
#417=ORIENTED_EDGE('',*,*,#639,.T.);
#418=ORIENTED_EDGE('',*,*,#602,.F.);
#419=ORIENTED_EDGE('',*,*,#600,.F.);
#420=ORIENTED_EDGE('',*,*,#655,.T.);
#421=ORIENTED_EDGE('',*,*,#604,.T.);
#422=ORIENTED_EDGE('',*,*,#596,.F.);
#423=ORIENTED_EDGE('',*,*,#594,.F.);
#424=ORIENTED_EDGE('',*,*,#656,.T.);
#425=ORIENTED_EDGE('',*,*,#598,.T.);
#426=ORIENTED_EDGE('',*,*,#590,.F.);
#427=ORIENTED_EDGE('',*,*,#588,.F.);
#428=ORIENTED_EDGE('',*,*,#657,.T.);
#429=ORIENTED_EDGE('',*,*,#592,.T.);
#430=ORIENTED_EDGE('',*,*,#584,.F.);
#431=ORIENTED_EDGE('',*,*,#582,.F.);
#432=ORIENTED_EDGE('',*,*,#658,.T.);
#433=ORIENTED_EDGE('',*,*,#586,.T.);
#434=ORIENTED_EDGE('',*,*,#578,.F.);
#435=ORIENTED_EDGE('',*,*,#576,.F.);
#436=ORIENTED_EDGE('',*,*,#659,.T.);
#437=ORIENTED_EDGE('',*,*,#580,.T.);
#438=ORIENTED_EDGE('',*,*,#572,.F.);
#439=ORIENTED_EDGE('',*,*,#570,.F.);
#440=ORIENTED_EDGE('',*,*,#660,.T.);
#441=ORIENTED_EDGE('',*,*,#574,.T.);
#442=ORIENTED_EDGE('',*,*,#566,.F.);
#443=ORIENTED_EDGE('',*,*,#564,.F.);
#444=ORIENTED_EDGE('',*,*,#661,.T.);
#445=ORIENTED_EDGE('',*,*,#568,.T.);
#446=ORIENTED_EDGE('',*,*,#560,.F.);
#447=ORIENTED_EDGE('',*,*,#558,.F.);
#448=ORIENTED_EDGE('',*,*,#662,.T.);
#449=ORIENTED_EDGE('',*,*,#562,.T.);
#450=ORIENTED_EDGE('',*,*,#648,.F.);
#451=ORIENTED_EDGE('',*,*,#637,.F.);
#452=ORIENTED_EDGE('',*,*,#649,.F.);
#453=ORIENTED_EDGE('',*,*,#632,.F.);
#454=ORIENTED_EDGE('',*,*,#650,.F.);
#455=ORIENTED_EDGE('',*,*,#626,.F.);
#456=ORIENTED_EDGE('',*,*,#651,.F.);
#457=ORIENTED_EDGE('',*,*,#620,.F.);
#458=ORIENTED_EDGE('',*,*,#652,.F.);
#459=ORIENTED_EDGE('',*,*,#614,.F.);
#460=ORIENTED_EDGE('',*,*,#653,.F.);
#461=ORIENTED_EDGE('',*,*,#640,.F.);
#462=ORIENTED_EDGE('',*,*,#654,.F.);
#463=ORIENTED_EDGE('',*,*,#605,.F.);
#464=ORIENTED_EDGE('',*,*,#655,.F.);
#465=ORIENTED_EDGE('',*,*,#599,.F.);
#466=ORIENTED_EDGE('',*,*,#656,.F.);
#467=ORIENTED_EDGE('',*,*,#593,.F.);
#468=ORIENTED_EDGE('',*,*,#657,.F.);
#469=ORIENTED_EDGE('',*,*,#587,.F.);
#470=ORIENTED_EDGE('',*,*,#658,.F.);
#471=ORIENTED_EDGE('',*,*,#581,.F.);
#472=ORIENTED_EDGE('',*,*,#659,.F.);
#473=ORIENTED_EDGE('',*,*,#575,.F.);
#474=ORIENTED_EDGE('',*,*,#660,.F.);
#475=ORIENTED_EDGE('',*,*,#569,.F.);
#476=ORIENTED_EDGE('',*,*,#661,.F.);
#477=ORIENTED_EDGE('',*,*,#563,.F.);
#478=ORIENTED_EDGE('',*,*,#662,.F.);
#479=ORIENTED_EDGE('',*,*,#557,.F.);
#480=ORIENTED_EDGE('',*,*,#515,.T.);
#481=ORIENTED_EDGE('',*,*,#647,.T.);
#482=ORIENTED_EDGE('',*,*,#495,.T.);
#483=ORIENTED_EDGE('',*,*,#646,.T.);
#484=ORIENTED_EDGE('',*,*,#499,.T.);
#485=ORIENTED_EDGE('',*,*,#645,.T.);
#486=ORIENTED_EDGE('',*,*,#503,.T.);
#487=ORIENTED_EDGE('',*,*,#644,.T.);
#488=ORIENTED_EDGE('',*,*,#507,.T.);
#489=ORIENTED_EDGE('',*,*,#643,.T.);
#490=ORIENTED_EDGE('',*,*,#511,.T.);
#491=ORIENTED_EDGE('',*,*,#642,.T.);
#492=EDGE_CURVE('',#663,#664,#777,.T.);
#493=EDGE_CURVE('',#663,#665,#778,.T.);
#494=EDGE_CURVE('',#666,#665,#779,.F.);
#495=EDGE_CURVE('',#664,#666,#780,.T.);
#496=EDGE_CURVE('',#667,#668,#781,.T.);
#497=EDGE_CURVE('',#667,#669,#782,.T.);
#498=EDGE_CURVE('',#670,#669,#783,.F.);
#499=EDGE_CURVE('',#668,#670,#784,.T.);
#500=EDGE_CURVE('',#671,#672,#785,.T.);
#501=EDGE_CURVE('',#671,#673,#786,.T.);
#502=EDGE_CURVE('',#674,#673,#787,.F.);
#503=EDGE_CURVE('',#672,#674,#788,.T.);
#504=EDGE_CURVE('',#675,#676,#789,.T.);
#505=EDGE_CURVE('',#675,#677,#790,.T.);
#506=EDGE_CURVE('',#678,#677,#791,.F.);
#507=EDGE_CURVE('',#676,#678,#792,.T.);
#508=EDGE_CURVE('',#679,#680,#793,.T.);
#509=EDGE_CURVE('',#679,#681,#794,.T.);
#510=EDGE_CURVE('',#682,#681,#795,.F.);
#511=EDGE_CURVE('',#680,#682,#796,.T.);
#512=EDGE_CURVE('',#683,#684,#797,.T.);
#513=EDGE_CURVE('',#683,#685,#798,.T.);
#514=EDGE_CURVE('',#686,#685,#799,.F.);
#515=EDGE_CURVE('',#684,#686,#800,.T.);
#516=EDGE_CURVE('',#687,#688,#108,.T.);
#517=EDGE_CURVE('',#688,#689,#63,.T.);
#518=EDGE_CURVE('',#689,#690,#109,.T.);
#519=EDGE_CURVE('',#690,#691,#64,.T.);
#520=EDGE_CURVE('',#691,#692,#110,.T.);
#521=EDGE_CURVE('',#692,#693,#65,.T.);
#522=EDGE_CURVE('',#693,#694,#111,.T.);
#523=EDGE_CURVE('',#694,#695,#66,.T.);
#524=EDGE_CURVE('',#695,#696,#112,.T.);
#525=EDGE_CURVE('',#696,#697,#67,.T.);
#526=EDGE_CURVE('',#697,#698,#113,.T.);
#527=EDGE_CURVE('',#698,#699,#68,.T.);
#528=EDGE_CURVE('',#699,#700,#114,.T.);
#529=EDGE_CURVE('',#700,#701,#69,.T.);
#530=EDGE_CURVE('',#701,#702,#115,.T.);
#531=EDGE_CURVE('',#702,#703,#70,.T.);
#532=EDGE_CURVE('',#703,#704,#116,.T.);
#533=EDGE_CURVE('',#704,#705,#71,.T.);
#534=EDGE_CURVE('',#705,#706,#117,.T.);
#535=EDGE_CURVE('',#706,#707,#72,.T.);
#536=EDGE_CURVE('',#707,#708,#118,.T.);
#537=EDGE_CURVE('',#708,#709,#73,.T.);
#538=EDGE_CURVE('',#709,#710,#119,.T.);
#539=EDGE_CURVE('',#710,#711,#74,.T.);
#540=EDGE_CURVE('',#711,#712,#120,.T.);
#541=EDGE_CURVE('',#712,#713,#75,.T.);
#542=EDGE_CURVE('',#713,#714,#121,.T.);
#543=EDGE_CURVE('',#714,#715,#76,.T.);
#544=EDGE_CURVE('',#715,#716,#122,.T.);
#545=EDGE_CURVE('',#716,#687,#77,.T.);
#546=EDGE_CURVE('',#685,#663,#123,.T.);
#547=EDGE_CURVE('',#681,#683,#124,.T.);
#548=EDGE_CURVE('',#677,#679,#125,.T.);
#549=EDGE_CURVE('',#673,#675,#126,.T.);
#550=EDGE_CURVE('',#669,#671,#127,.T.);
#551=EDGE_CURVE('',#665,#667,#128,.T.);
#552=EDGE_CURVE('',#689,#717,#801,.T.);
#553=EDGE_CURVE('',#718,#688,#802,.T.);
#554=EDGE_CURVE('',#718,#717,#78,.T.);
#555=EDGE_CURVE('',#719,#690,#803,.T.);
#556=EDGE_CURVE('',#720,#717,#804,.T.);
#557=EDGE_CURVE('',#720,#721,#129,.T.);
#558=EDGE_CURVE('',#721,#719,#805,.T.);
#559=EDGE_CURVE('',#691,#722,#806,.T.);
#560=EDGE_CURVE('',#719,#722,#79,.T.);
#561=EDGE_CURVE('',#723,#692,#807,.T.);
#562=EDGE_CURVE('',#724,#722,#808,.T.);
#563=EDGE_CURVE('',#724,#725,#130,.T.);
#564=EDGE_CURVE('',#725,#723,#809,.T.);
#565=EDGE_CURVE('',#693,#726,#810,.T.);
#566=EDGE_CURVE('',#723,#726,#80,.T.);
#567=EDGE_CURVE('',#727,#694,#811,.T.);
#568=EDGE_CURVE('',#728,#726,#812,.T.);
#569=EDGE_CURVE('',#728,#729,#131,.T.);
#570=EDGE_CURVE('',#729,#727,#813,.T.);
#571=EDGE_CURVE('',#695,#730,#814,.T.);
#572=EDGE_CURVE('',#727,#730,#81,.T.);
#573=EDGE_CURVE('',#731,#696,#815,.T.);
#574=EDGE_CURVE('',#732,#730,#816,.T.);
#575=EDGE_CURVE('',#732,#733,#132,.T.);
#576=EDGE_CURVE('',#733,#731,#817,.T.);
#577=EDGE_CURVE('',#697,#734,#818,.T.);
#578=EDGE_CURVE('',#731,#734,#82,.T.);
#579=EDGE_CURVE('',#735,#698,#819,.T.);
#580=EDGE_CURVE('',#736,#734,#820,.T.);
#581=EDGE_CURVE('',#736,#737,#133,.T.);
#582=EDGE_CURVE('',#737,#735,#821,.T.);
#583=EDGE_CURVE('',#699,#738,#822,.T.);
#584=EDGE_CURVE('',#735,#738,#83,.T.);
#585=EDGE_CURVE('',#739,#700,#823,.T.);
#586=EDGE_CURVE('',#740,#738,#824,.T.);
#587=EDGE_CURVE('',#740,#741,#134,.T.);
#588=EDGE_CURVE('',#741,#739,#825,.T.);
#589=EDGE_CURVE('',#701,#742,#826,.T.);
#590=EDGE_CURVE('',#739,#742,#84,.T.);
#591=EDGE_CURVE('',#743,#702,#827,.T.);
#592=EDGE_CURVE('',#744,#742,#828,.T.);
#593=EDGE_CURVE('',#744,#745,#135,.T.);
#594=EDGE_CURVE('',#745,#743,#829,.T.);
#595=EDGE_CURVE('',#703,#746,#830,.T.);
#596=EDGE_CURVE('',#743,#746,#85,.T.);
#597=EDGE_CURVE('',#747,#704,#831,.T.);
#598=EDGE_CURVE('',#748,#746,#832,.T.);
#599=EDGE_CURVE('',#748,#749,#136,.T.);
#600=EDGE_CURVE('',#749,#747,#833,.T.);
#601=EDGE_CURVE('',#705,#750,#834,.T.);
#602=EDGE_CURVE('',#747,#750,#86,.T.);
#603=EDGE_CURVE('',#751,#706,#835,.T.);
#604=EDGE_CURVE('',#752,#750,#836,.T.);
#605=EDGE_CURVE('',#752,#753,#137,.T.);
#606=EDGE_CURVE('',#753,#751,#837,.T.);
#607=EDGE_CURVE('',#707,#754,#838,.T.);
#608=EDGE_CURVE('',#751,#754,#87,.T.);
#609=EDGE_CURVE('',#709,#755,#839,.T.);
#610=EDGE_CURVE('',#756,#708,#840,.T.);
#611=EDGE_CURVE('',#756,#755,#88,.T.);
#612=EDGE_CURVE('',#757,#710,#841,.T.);
#613=EDGE_CURVE('',#758,#755,#842,.T.);
#614=EDGE_CURVE('',#758,#759,#138,.T.);
#615=EDGE_CURVE('',#759,#757,#843,.T.);
#616=EDGE_CURVE('',#711,#760,#844,.T.);
#617=EDGE_CURVE('',#757,#760,#89,.T.);
#618=EDGE_CURVE('',#761,#712,#845,.T.);
#619=EDGE_CURVE('',#762,#760,#846,.T.);
#620=EDGE_CURVE('',#762,#763,#139,.T.);
#621=EDGE_CURVE('',#763,#761,#847,.T.);
#622=EDGE_CURVE('',#713,#764,#848,.T.);
#623=EDGE_CURVE('',#761,#764,#90,.T.);
#624=EDGE_CURVE('',#765,#714,#849,.T.);
#625=EDGE_CURVE('',#766,#764,#850,.T.);
#626=EDGE_CURVE('',#766,#767,#140,.T.);
#627=EDGE_CURVE('',#767,#765,#851,.T.);
#628=EDGE_CURVE('',#715,#768,#852,.T.);
#629=EDGE_CURVE('',#765,#768,#91,.T.);
#630=EDGE_CURVE('',#769,#716,#853,.T.);
#631=EDGE_CURVE('',#770,#768,#854,.T.);
#632=EDGE_CURVE('',#770,#771,#141,.T.);
#633=EDGE_CURVE('',#771,#769,#855,.T.);
#634=EDGE_CURVE('',#687,#772,#856,.T.);
#635=EDGE_CURVE('',#769,#772,#92,.T.);
#636=EDGE_CURVE('',#773,#772,#857,.T.);
#637=EDGE_CURVE('',#773,#774,#142,.T.);
#638=EDGE_CURVE('',#774,#718,#858,.T.);
#639=EDGE_CURVE('',#775,#754,#859,.T.);
#640=EDGE_CURVE('',#775,#776,#143,.T.);
#641=EDGE_CURVE('',#776,#756,#860,.T.);
#642=EDGE_CURVE('',#682,#684,#144,.T.);
#643=EDGE_CURVE('',#678,#680,#145,.T.);
#644=EDGE_CURVE('',#674,#676,#146,.T.);
#645=EDGE_CURVE('',#670,#672,#147,.T.);
#646=EDGE_CURVE('',#666,#668,#148,.T.);
#647=EDGE_CURVE('',#686,#664,#149,.T.);
#648=EDGE_CURVE('',#774,#720,#93,.T.);
#649=EDGE_CURVE('',#771,#773,#94,.T.);
#650=EDGE_CURVE('',#767,#770,#95,.T.);
#651=EDGE_CURVE('',#763,#766,#96,.T.);
#652=EDGE_CURVE('',#759,#762,#97,.T.);
#653=EDGE_CURVE('',#776,#758,#98,.T.);
#654=EDGE_CURVE('',#753,#775,#99,.T.);
#655=EDGE_CURVE('',#749,#752,#100,.T.);
#656=EDGE_CURVE('',#745,#748,#101,.T.);
#657=EDGE_CURVE('',#741,#744,#102,.T.);
#658=EDGE_CURVE('',#737,#740,#103,.T.);
#659=EDGE_CURVE('',#733,#736,#104,.T.);
#660=EDGE_CURVE('',#729,#732,#105,.T.);
#661=EDGE_CURVE('',#725,#728,#106,.T.);
#662=EDGE_CURVE('',#721,#724,#107,.T.);
#663=VERTEX_POINT('',#1449);
#664=VERTEX_POINT('',#1450);
#665=VERTEX_POINT('',#1452);
#666=VERTEX_POINT('',#1454);
#667=VERTEX_POINT('',#1458);
#668=VERTEX_POINT('',#1459);
#669=VERTEX_POINT('',#1461);
#670=VERTEX_POINT('',#1463);
#671=VERTEX_POINT('',#1467);
#672=VERTEX_POINT('',#1468);
#673=VERTEX_POINT('',#1470);
#674=VERTEX_POINT('',#1472);
#675=VERTEX_POINT('',#1476);
#676=VERTEX_POINT('',#1477);
#677=VERTEX_POINT('',#1479);
#678=VERTEX_POINT('',#1481);
#679=VERTEX_POINT('',#1485);
#680=VERTEX_POINT('',#1486);
#681=VERTEX_POINT('',#1488);
#682=VERTEX_POINT('',#1490);
#683=VERTEX_POINT('',#1494);
#684=VERTEX_POINT('',#1495);
#685=VERTEX_POINT('',#1497);
#686=VERTEX_POINT('',#1499);
#687=VERTEX_POINT('',#1503);
#688=VERTEX_POINT('',#1504);
#689=VERTEX_POINT('',#1514);
#690=VERTEX_POINT('',#1516);
#691=VERTEX_POINT('',#1526);
#692=VERTEX_POINT('',#1528);
#693=VERTEX_POINT('',#1538);
#694=VERTEX_POINT('',#1540);
#695=VERTEX_POINT('',#1550);
#696=VERTEX_POINT('',#1552);
#697=VERTEX_POINT('',#1562);
#698=VERTEX_POINT('',#1564);
#699=VERTEX_POINT('',#1574);
#700=VERTEX_POINT('',#1576);
#701=VERTEX_POINT('',#1586);
#702=VERTEX_POINT('',#1588);
#703=VERTEX_POINT('',#1598);
#704=VERTEX_POINT('',#1600);
#705=VERTEX_POINT('',#1610);
#706=VERTEX_POINT('',#1612);
#707=VERTEX_POINT('',#1622);
#708=VERTEX_POINT('',#1624);
#709=VERTEX_POINT('',#1634);
#710=VERTEX_POINT('',#1636);
#711=VERTEX_POINT('',#1646);
#712=VERTEX_POINT('',#1648);
#713=VERTEX_POINT('',#1658);
#714=VERTEX_POINT('',#1660);
#715=VERTEX_POINT('',#1670);
#716=VERTEX_POINT('',#1672);
#717=VERTEX_POINT('',#1707);
#718=VERTEX_POINT('',#1709);
#719=VERTEX_POINT('',#1721);
#720=VERTEX_POINT('',#1723);
#721=VERTEX_POINT('',#1725);
#722=VERTEX_POINT('',#1746);
#723=VERTEX_POINT('',#1758);
#724=VERTEX_POINT('',#1760);
#725=VERTEX_POINT('',#1762);
#726=VERTEX_POINT('',#1783);
#727=VERTEX_POINT('',#1795);
#728=VERTEX_POINT('',#1797);
#729=VERTEX_POINT('',#1799);
#730=VERTEX_POINT('',#1820);
#731=VERTEX_POINT('',#1832);
#732=VERTEX_POINT('',#1834);
#733=VERTEX_POINT('',#1836);
#734=VERTEX_POINT('',#1857);
#735=VERTEX_POINT('',#1869);
#736=VERTEX_POINT('',#1871);
#737=VERTEX_POINT('',#1873);
#738=VERTEX_POINT('',#1894);
#739=VERTEX_POINT('',#1906);
#740=VERTEX_POINT('',#1908);
#741=VERTEX_POINT('',#1910);
#742=VERTEX_POINT('',#1931);
#743=VERTEX_POINT('',#1943);
#744=VERTEX_POINT('',#1945);
#745=VERTEX_POINT('',#1947);
#746=VERTEX_POINT('',#1968);
#747=VERTEX_POINT('',#1980);
#748=VERTEX_POINT('',#1982);
#749=VERTEX_POINT('',#1984);
#750=VERTEX_POINT('',#2005);
#751=VERTEX_POINT('',#2017);
#752=VERTEX_POINT('',#2019);
#753=VERTEX_POINT('',#2021);
#754=VERTEX_POINT('',#2042);
#755=VERTEX_POINT('',#2071);
#756=VERTEX_POINT('',#2073);
#757=VERTEX_POINT('',#2085);
#758=VERTEX_POINT('',#2087);
#759=VERTEX_POINT('',#2089);
#760=VERTEX_POINT('',#2110);
#761=VERTEX_POINT('',#2122);
#762=VERTEX_POINT('',#2124);
#763=VERTEX_POINT('',#2126);
#764=VERTEX_POINT('',#2147);
#765=VERTEX_POINT('',#2159);
#766=VERTEX_POINT('',#2161);
#767=VERTEX_POINT('',#2163);
#768=VERTEX_POINT('',#2184);
#769=VERTEX_POINT('',#2196);
#770=VERTEX_POINT('',#2198);
#771=VERTEX_POINT('',#2200);
#772=VERTEX_POINT('',#2221);
#773=VERTEX_POINT('',#2233);
#774=VERTEX_POINT('',#2235);
#775=VERTEX_POINT('',#2239);
#776=VERTEX_POINT('',#2241);
#777=LINE('',#1448,#861);
#778=LINE('',#1451,#862);
#779=LINE('',#1453,#863);
#780=LINE('',#1455,#864);
#781=LINE('',#1457,#865);
#782=LINE('',#1460,#866);
#783=LINE('',#1462,#867);
#784=LINE('',#1464,#868);
#785=LINE('',#1466,#869);
#786=LINE('',#1469,#870);
#787=LINE('',#1471,#871);
#788=LINE('',#1473,#872);
#789=LINE('',#1475,#873);
#790=LINE('',#1478,#874);
#791=LINE('',#1480,#875);
#792=LINE('',#1482,#876);
#793=LINE('',#1484,#877);
#794=LINE('',#1487,#878);
#795=LINE('',#1489,#879);
#796=LINE('',#1491,#880);
#797=LINE('',#1493,#881);
#798=LINE('',#1496,#882);
#799=LINE('',#1498,#883);
#800=LINE('',#1500,#884);
#801=LINE('',#1706,#885);
#802=LINE('',#1708,#886);
#803=LINE('',#1720,#887);
#804=LINE('',#1722,#888);
#805=LINE('',#1726,#889);
#806=LINE('',#1745,#890);
#807=LINE('',#1757,#891);
#808=LINE('',#1759,#892);
#809=LINE('',#1763,#893);
#810=LINE('',#1782,#894);
#811=LINE('',#1794,#895);
#812=LINE('',#1796,#896);
#813=LINE('',#1800,#897);
#814=LINE('',#1819,#898);
#815=LINE('',#1831,#899);
#816=LINE('',#1833,#900);
#817=LINE('',#1837,#901);
#818=LINE('',#1856,#902);
#819=LINE('',#1868,#903);
#820=LINE('',#1870,#904);
#821=LINE('',#1874,#905);
#822=LINE('',#1893,#906);
#823=LINE('',#1905,#907);
#824=LINE('',#1907,#908);
#825=LINE('',#1911,#909);
#826=LINE('',#1930,#910);
#827=LINE('',#1942,#911);
#828=LINE('',#1944,#912);
#829=LINE('',#1948,#913);
#830=LINE('',#1967,#914);
#831=LINE('',#1979,#915);
#832=LINE('',#1981,#916);
#833=LINE('',#1985,#917);
#834=LINE('',#2004,#918);
#835=LINE('',#2016,#919);
#836=LINE('',#2018,#920);
#837=LINE('',#2022,#921);
#838=LINE('',#2041,#922);
#839=LINE('',#2070,#923);
#840=LINE('',#2072,#924);
#841=LINE('',#2084,#925);
#842=LINE('',#2086,#926);
#843=LINE('',#2090,#927);
#844=LINE('',#2109,#928);
#845=LINE('',#2121,#929);
#846=LINE('',#2123,#930);
#847=LINE('',#2127,#931);
#848=LINE('',#2146,#932);
#849=LINE('',#2158,#933);
#850=LINE('',#2160,#934);
#851=LINE('',#2164,#935);
#852=LINE('',#2183,#936);
#853=LINE('',#2195,#937);
#854=LINE('',#2197,#938);
#855=LINE('',#2201,#939);
#856=LINE('',#2220,#940);
#857=LINE('',#2232,#941);
#858=LINE('',#2236,#942);
#859=LINE('',#2238,#943);
#860=LINE('',#2242,#944);
#861=VECTOR('',#1222,100.);
#862=VECTOR('',#1223,100.);
#863=VECTOR('',#1224,100.);
#864=VECTOR('',#1225,100.);
#865=VECTOR('',#1228,100.);
#866=VECTOR('',#1229,100.);
#867=VECTOR('',#1230,100.);
#868=VECTOR('',#1231,100.);
#869=VECTOR('',#1234,100.);
#870=VECTOR('',#1235,100.);
#871=VECTOR('',#1236,100.);
#872=VECTOR('',#1237,100.);
#873=VECTOR('',#1240,100.);
#874=VECTOR('',#1241,100.);
#875=VECTOR('',#1242,100.);
#876=VECTOR('',#1243,100.);
#877=VECTOR('',#1246,100.);
#878=VECTOR('',#1247,100.);
#879=VECTOR('',#1248,100.);
#880=VECTOR('',#1249,100.);
#881=VECTOR('',#1252,100.);
#882=VECTOR('',#1253,100.);
#883=VECTOR('',#1254,100.);
#884=VECTOR('',#1255,100.);
#885=VECTOR('',#1300,100.);
#886=VECTOR('',#1301,100.);
#887=VECTOR('',#1304,100.);
#888=VECTOR('',#1305,100.);
#889=VECTOR('',#1308,100.);
#890=VECTOR('',#1309,100.);
#891=VECTOR('',#1312,100.);
#892=VECTOR('',#1313,100.);
#893=VECTOR('',#1316,100.);
#894=VECTOR('',#1317,100.);
#895=VECTOR('',#1320,100.);
#896=VECTOR('',#1321,100.);
#897=VECTOR('',#1324,100.);
#898=VECTOR('',#1325,100.);
#899=VECTOR('',#1328,100.);
#900=VECTOR('',#1329,100.);
#901=VECTOR('',#1332,100.);
#902=VECTOR('',#1333,100.);
#903=VECTOR('',#1336,100.);
#904=VECTOR('',#1337,100.);
#905=VECTOR('',#1340,100.);
#906=VECTOR('',#1341,100.);
#907=VECTOR('',#1344,100.);
#908=VECTOR('',#1345,100.);
#909=VECTOR('',#1348,100.);
#910=VECTOR('',#1349,100.);
#911=VECTOR('',#1352,100.);
#912=VECTOR('',#1353,100.);
#913=VECTOR('',#1356,100.);
#914=VECTOR('',#1357,100.);
#915=VECTOR('',#1360,100.);
#916=VECTOR('',#1361,100.);
#917=VECTOR('',#1364,100.);
#918=VECTOR('',#1365,100.);
#919=VECTOR('',#1368,100.);
#920=VECTOR('',#1369,100.);
#921=VECTOR('',#1372,100.);
#922=VECTOR('',#1373,100.);
#923=VECTOR('',#1374,100.);
#924=VECTOR('',#1375,100.);
#925=VECTOR('',#1378,100.);
#926=VECTOR('',#1379,100.);
#927=VECTOR('',#1382,100.);
#928=VECTOR('',#1383,100.);
#929=VECTOR('',#1386,100.);
#930=VECTOR('',#1387,100.);
#931=VECTOR('',#1390,100.);
#932=VECTOR('',#1391,100.);
#933=VECTOR('',#1394,100.);
#934=VECTOR('',#1395,100.);
#935=VECTOR('',#1398,100.);
#936=VECTOR('',#1399,100.);
#937=VECTOR('',#1402,100.);
#938=VECTOR('',#1403,100.);
#939=VECTOR('',#1406,100.);
#940=VECTOR('',#1407,100.);
#941=VECTOR('',#1410,100.);
#942=VECTOR('',#1413,100.);
#943=VECTOR('',#1416,100.);
#944=VECTOR('',#1419,100.);
#945=EDGE_LOOP('',(#150,#151,#152,#153));
#946=EDGE_LOOP('',(#154,#155,#156,#157));
#947=EDGE_LOOP('',(#158,#159,#160,#161));
#948=EDGE_LOOP('',(#162,#163,#164,#165));
#949=EDGE_LOOP('',(#166,#167,#168,#169));
#950=EDGE_LOOP('',(#170,#171,#172,#173));
#951=EDGE_LOOP('',(#174,#175,#176,#177,#178,#179,#180,#181,#182,#183,#184,
#185,#186,#187,#188,#189,#190,#191,#192,#193,#194,#195,#196,#197,#198,#199,
#200,#201,#202,#203));
#952=EDGE_LOOP('',(#204,#205,#206,#207,#208,#209,#210,#211,#212,#213,#214,
#215));
#953=EDGE_LOOP('',(#216,#217,#218,#219));
#954=EDGE_LOOP('',(#220,#221,#222,#223,#224,#225));
#955=EDGE_LOOP('',(#226,#227,#228,#229));
#956=EDGE_LOOP('',(#230,#231,#232,#233,#234,#235));
#957=EDGE_LOOP('',(#236,#237,#238,#239));
#958=EDGE_LOOP('',(#240,#241,#242,#243,#244,#245));
#959=EDGE_LOOP('',(#246,#247,#248,#249));
#960=EDGE_LOOP('',(#250,#251,#252,#253,#254,#255));
#961=EDGE_LOOP('',(#256,#257,#258,#259));
#962=EDGE_LOOP('',(#260,#261,#262,#263,#264,#265));
#963=EDGE_LOOP('',(#266,#267,#268,#269));
#964=EDGE_LOOP('',(#270,#271,#272,#273,#274,#275));
#965=EDGE_LOOP('',(#276,#277,#278,#279));
#966=EDGE_LOOP('',(#280,#281,#282,#283,#284,#285));
#967=EDGE_LOOP('',(#286,#287,#288,#289));
#968=EDGE_LOOP('',(#290,#291,#292,#293,#294,#295));
#969=EDGE_LOOP('',(#296,#297,#298,#299));
#970=EDGE_LOOP('',(#300,#301,#302,#303,#304,#305));
#971=EDGE_LOOP('',(#306,#307,#308,#309));
#972=EDGE_LOOP('',(#310,#311,#312,#313));
#973=EDGE_LOOP('',(#314,#315,#316,#317,#318,#319));
#974=EDGE_LOOP('',(#320,#321,#322,#323));
#975=EDGE_LOOP('',(#324,#325,#326,#327,#328,#329));
#976=EDGE_LOOP('',(#330,#331,#332,#333));
#977=EDGE_LOOP('',(#334,#335,#336,#337,#338,#339));
#978=EDGE_LOOP('',(#340,#341,#342,#343));
#979=EDGE_LOOP('',(#344,#345,#346,#347,#348,#349));
#980=EDGE_LOOP('',(#350,#351,#352,#353));
#981=EDGE_LOOP('',(#354,#355,#356,#357,#358,#359));
#982=EDGE_LOOP('',(#360,#361,#362,#363,#364,#365));
#983=EDGE_LOOP('',(#366,#367,#368,#369));
#984=EDGE_LOOP('',(#370,#371,#372,#373));
#985=EDGE_LOOP('',(#374,#375,#376,#377));
#986=EDGE_LOOP('',(#378,#379,#380,#381));
#987=EDGE_LOOP('',(#382,#383,#384,#385));
#988=EDGE_LOOP('',(#386,#387,#388,#389));
#989=EDGE_LOOP('',(#390,#391,#392,#393));
#990=EDGE_LOOP('',(#394,#395,#396,#397));
#991=EDGE_LOOP('',(#398,#399,#400,#401));
#992=EDGE_LOOP('',(#402,#403,#404,#405));
#993=EDGE_LOOP('',(#406,#407,#408,#409));
#994=EDGE_LOOP('',(#410,#411,#412,#413));
#995=EDGE_LOOP('',(#414,#415,#416,#417));
#996=EDGE_LOOP('',(#418,#419,#420,#421));
#997=EDGE_LOOP('',(#422,#423,#424,#425));
#998=EDGE_LOOP('',(#426,#427,#428,#429));
#999=EDGE_LOOP('',(#430,#431,#432,#433));
#1000=EDGE_LOOP('',(#434,#435,#436,#437));
#1001=EDGE_LOOP('',(#438,#439,#440,#441));
#1002=EDGE_LOOP('',(#442,#443,#444,#445));
#1003=EDGE_LOOP('',(#446,#447,#448,#449));
#1004=EDGE_LOOP('',(#450,#451,#452,#453,#454,#455,#456,#457,#458,#459,#460,
#461,#462,#463,#464,#465,#466,#467,#468,#469,#470,#471,#472,#473,#474,#475,
#476,#477,#478,#479));
#1005=EDGE_LOOP('',(#480,#481,#482,#483,#484,#485,#486,#487,#488,#489,#490,
#491));
#1006=FACE_BOUND('',#945,.T.);
#1007=FACE_BOUND('',#946,.T.);
#1008=FACE_BOUND('',#947,.T.);
#1009=FACE_BOUND('',#948,.T.);
#1010=FACE_BOUND('',#949,.T.);
#1011=FACE_BOUND('',#950,.T.);
#1012=FACE_BOUND('',#951,.T.);
#1013=FACE_BOUND('',#952,.T.);
#1014=FACE_BOUND('',#953,.T.);
#1015=FACE_BOUND('',#954,.T.);
#1016=FACE_BOUND('',#955,.T.);
#1017=FACE_BOUND('',#956,.T.);
#1018=FACE_BOUND('',#957,.T.);
#1019=FACE_BOUND('',#958,.T.);
#1020=FACE_BOUND('',#959,.T.);
#1021=FACE_BOUND('',#960,.T.);
#1022=FACE_BOUND('',#961,.T.);
#1023=FACE_BOUND('',#962,.T.);
#1024=FACE_BOUND('',#963,.T.);
#1025=FACE_BOUND('',#964,.T.);
#1026=FACE_BOUND('',#965,.T.);
#1027=FACE_BOUND('',#966,.T.);
#1028=FACE_BOUND('',#967,.T.);
#1029=FACE_BOUND('',#968,.T.);
#1030=FACE_BOUND('',#969,.T.);
#1031=FACE_BOUND('',#970,.T.);
#1032=FACE_BOUND('',#971,.T.);
#1033=FACE_BOUND('',#972,.T.);
#1034=FACE_BOUND('',#973,.T.);
#1035=FACE_BOUND('',#974,.T.);
#1036=FACE_BOUND('',#975,.T.);
#1037=FACE_BOUND('',#976,.T.);
#1038=FACE_BOUND('',#977,.T.);
#1039=FACE_BOUND('',#978,.T.);
#1040=FACE_BOUND('',#979,.T.);
#1041=FACE_BOUND('',#980,.T.);
#1042=FACE_BOUND('',#981,.T.);
#1043=FACE_BOUND('',#982,.T.);
#1044=FACE_BOUND('',#983,.T.);
#1045=FACE_BOUND('',#984,.T.);
#1046=FACE_BOUND('',#985,.T.);
#1047=FACE_BOUND('',#986,.T.);
#1048=FACE_BOUND('',#987,.T.);
#1049=FACE_BOUND('',#988,.T.);
#1050=FACE_BOUND('',#989,.T.);
#1051=FACE_BOUND('',#990,.T.);
#1052=FACE_BOUND('',#991,.T.);
#1053=FACE_BOUND('',#992,.T.);
#1054=FACE_BOUND('',#993,.T.);
#1055=FACE_BOUND('',#994,.T.);
#1056=FACE_BOUND('',#995,.T.);
#1057=FACE_BOUND('',#996,.T.);
#1058=FACE_BOUND('',#997,.T.);
#1059=FACE_BOUND('',#998,.T.);
#1060=FACE_BOUND('',#999,.T.);
#1061=FACE_BOUND('',#1000,.T.);
#1062=FACE_BOUND('',#1001,.T.);
#1063=FACE_BOUND('',#1002,.T.);
#1064=FACE_BOUND('',#1003,.T.);
#1065=FACE_BOUND('',#1004,.T.);
#1066=FACE_BOUND('',#1005,.T.);
#1067=PLANE('',#1147);
#1068=PLANE('',#1148);
#1069=PLANE('',#1149);
#1070=PLANE('',#1150);
#1071=PLANE('',#1151);
#1072=PLANE('',#1152);
#1073=PLANE('',#1153);
#1074=PLANE('',#1217);
#1075=ADVANCED_FACE('',(#1006),#1067,.F.);
#1076=ADVANCED_FACE('',(#1007),#1068,.F.);
#1077=ADVANCED_FACE('',(#1008),#1069,.F.);
#1078=ADVANCED_FACE('',(#1009),#1070,.F.);
#1079=ADVANCED_FACE('',(#1010),#1071,.F.);
#1080=ADVANCED_FACE('',(#1011),#1072,.F.);
#1081=ADVANCED_FACE('',(#1012,#1013),#1073,.F.);
#1082=ADVANCED_FACE('',(#1014),#33,.F.);
#1083=ADVANCED_FACE('',(#1015),#12,.F.);
#1084=ADVANCED_FACE('',(#1016),#34,.F.);
#1085=ADVANCED_FACE('',(#1017),#13,.F.);
#1086=ADVANCED_FACE('',(#1018),#35,.F.);
#1087=ADVANCED_FACE('',(#1019),#14,.F.);
#1088=ADVANCED_FACE('',(#1020),#36,.F.);
#1089=ADVANCED_FACE('',(#1021),#15,.F.);
#1090=ADVANCED_FACE('',(#1022),#37,.F.);
#1091=ADVANCED_FACE('',(#1023),#16,.F.);
#1092=ADVANCED_FACE('',(#1024),#38,.F.);
#1093=ADVANCED_FACE('',(#1025),#17,.F.);
#1094=ADVANCED_FACE('',(#1026),#39,.F.);
#1095=ADVANCED_FACE('',(#1027),#18,.F.);
#1096=ADVANCED_FACE('',(#1028),#40,.F.);
#1097=ADVANCED_FACE('',(#1029),#19,.F.);
#1098=ADVANCED_FACE('',(#1030),#41,.F.);
#1099=ADVANCED_FACE('',(#1031),#20,.F.);
#1100=ADVANCED_FACE('',(#1032),#42,.F.);
#1101=ADVANCED_FACE('',(#1033),#43,.F.);
#1102=ADVANCED_FACE('',(#1034),#21,.F.);
#1103=ADVANCED_FACE('',(#1035),#44,.F.);
#1104=ADVANCED_FACE('',(#1036),#22,.F.);
#1105=ADVANCED_FACE('',(#1037),#45,.F.);
#1106=ADVANCED_FACE('',(#1038),#23,.F.);
#1107=ADVANCED_FACE('',(#1039),#46,.F.);
#1108=ADVANCED_FACE('',(#1040),#24,.F.);
#1109=ADVANCED_FACE('',(#1041),#47,.F.);
#1110=ADVANCED_FACE('',(#1042),#25,.F.);
#1111=ADVANCED_FACE('',(#1043),#26,.F.);
#1112=ADVANCED_FACE('',(#1044),#27,.T.);
#1113=ADVANCED_FACE('',(#1045),#28,.T.);
#1114=ADVANCED_FACE('',(#1046),#29,.T.);
#1115=ADVANCED_FACE('',(#1047),#30,.T.);
#1116=ADVANCED_FACE('',(#1048),#31,.T.);
#1117=ADVANCED_FACE('',(#1049),#32,.T.);
#1118=ADVANCED_FACE('',(#1050),#48,.F.);
#1119=ADVANCED_FACE('',(#1051),#49,.F.);
#1120=ADVANCED_FACE('',(#1052),#50,.F.);
#1121=ADVANCED_FACE('',(#1053),#51,.F.);
#1122=ADVANCED_FACE('',(#1054),#52,.F.);
#1123=ADVANCED_FACE('',(#1055),#53,.F.);
#1124=ADVANCED_FACE('',(#1056),#54,.F.);
#1125=ADVANCED_FACE('',(#1057),#55,.F.);
#1126=ADVANCED_FACE('',(#1058),#56,.F.);
#1127=ADVANCED_FACE('',(#1059),#57,.F.);
#1128=ADVANCED_FACE('',(#1060),#58,.F.);
#1129=ADVANCED_FACE('',(#1061),#59,.F.);
#1130=ADVANCED_FACE('',(#1062),#60,.F.);
#1131=ADVANCED_FACE('',(#1063),#61,.F.);
#1132=ADVANCED_FACE('',(#1064),#62,.F.);
#1133=ADVANCED_FACE('',(#1065,#1066),#1074,.T.);
#1134=CLOSED_SHELL('',(#1075,#1076,#1077,#1078,#1079,#1080,#1081,#1082,
#1083,#1084,#1085,#1086,#1087,#1088,#1089,#1090,#1091,#1092,#1093,#1094,
#1095,#1096,#1097,#1098,#1099,#1100,#1101,#1102,#1103,#1104,#1105,#1106,
#1107,#1108,#1109,#1110,#1111,#1112,#1113,#1114,#1115,#1116,#1117,#1118,
#1119,#1120,#1121,#1122,#1123,#1124,#1125,#1126,#1127,#1128,#1129,#1130,
#1131,#1132,#1133));
#1135=STYLED_ITEM('',(#1136),#1143);
#1136=PRESENTATION_STYLE_ASSIGNMENT((#1137));
#1137=SURFACE_STYLE_USAGE(.BOTH.,#1138);
#1138=SURFACE_SIDE_STYLE('',(#1139));
#1139=SURFACE_STYLE_FILL_AREA(#1140);
#1140=FILL_AREA_STYLE('',(#1141));
#1141=FILL_AREA_STYLE_COLOUR('',#1142);
#1142=COLOUR_RGB('',0.650980392156863,0.619607843137255,0.588235294117647);
#1143=MANIFOLD_SOLID_BREP('NICE-04-13-001',#1134);
#1144=SHAPE_DEFINITION_REPRESENTATION(#2667,#1145);
#1145=SHAPE_REPRESENTATION('NICE-04-13-001',(#1146),#2662);
#1146=AXIS2_PLACEMENT_3D('',#1446,#1218,#1219);
#1147=AXIS2_PLACEMENT_3D('',#1447,#1220,#1221);
#1148=AXIS2_PLACEMENT_3D('',#1456,#1226,#1227);
#1149=AXIS2_PLACEMENT_3D('',#1465,#1232,#1233);
#1150=AXIS2_PLACEMENT_3D('',#1474,#1238,#1239);
#1151=AXIS2_PLACEMENT_3D('',#1483,#1244,#1245);
#1152=AXIS2_PLACEMENT_3D('',#1492,#1250,#1251);
#1153=AXIS2_PLACEMENT_3D('',#1501,#1256,#1257);
#1154=AXIS2_PLACEMENT_3D('',#1502,#1258,#1259);
#1155=AXIS2_PLACEMENT_3D('',#1515,#1260,#1261);
#1156=AXIS2_PLACEMENT_3D('',#1527,#1262,#1263);
#1157=AXIS2_PLACEMENT_3D('',#1539,#1264,#1265);
#1158=AXIS2_PLACEMENT_3D('',#1551,#1266,#1267);
#1159=AXIS2_PLACEMENT_3D('',#1563,#1268,#1269);
#1160=AXIS2_PLACEMENT_3D('',#1575,#1270,#1271);
#1161=AXIS2_PLACEMENT_3D('',#1587,#1272,#1273);
#1162=AXIS2_PLACEMENT_3D('',#1599,#1274,#1275);
#1163=AXIS2_PLACEMENT_3D('',#1611,#1276,#1277);
#1164=AXIS2_PLACEMENT_3D('',#1623,#1278,#1279);
#1165=AXIS2_PLACEMENT_3D('',#1635,#1280,#1281);
#1166=AXIS2_PLACEMENT_3D('',#1647,#1282,#1283);
#1167=AXIS2_PLACEMENT_3D('',#1659,#1284,#1285);
#1168=AXIS2_PLACEMENT_3D('',#1671,#1286,#1287);
#1169=AXIS2_PLACEMENT_3D('',#1682,#1288,#1289);
#1170=AXIS2_PLACEMENT_3D('',#1683,#1290,#1291);
#1171=AXIS2_PLACEMENT_3D('',#1684,#1292,#1293);
#1172=AXIS2_PLACEMENT_3D('',#1685,#1294,#1295);
#1173=AXIS2_PLACEMENT_3D('',#1686,#1296,#1297);
#1174=AXIS2_PLACEMENT_3D('',#1687,#1298,#1299);
#1175=AXIS2_PLACEMENT_3D('',#1719,#1302,#1303);
#1176=AXIS2_PLACEMENT_3D('',#1724,#1306,#1307);
#1177=AXIS2_PLACEMENT_3D('',#1756,#1310,#1311);
#1178=AXIS2_PLACEMENT_3D('',#1761,#1314,#1315);
#1179=AXIS2_PLACEMENT_3D('',#1793,#1318,#1319);
#1180=AXIS2_PLACEMENT_3D('',#1798,#1322,#1323);
#1181=AXIS2_PLACEMENT_3D('',#1830,#1326,#1327);
#1182=AXIS2_PLACEMENT_3D('',#1835,#1330,#1331);
#1183=AXIS2_PLACEMENT_3D('',#1867,#1334,#1335);
#1184=AXIS2_PLACEMENT_3D('',#1872,#1338,#1339);
#1185=AXIS2_PLACEMENT_3D('',#1904,#1342,#1343);
#1186=AXIS2_PLACEMENT_3D('',#1909,#1346,#1347);
#1187=AXIS2_PLACEMENT_3D('',#1941,#1350,#1351);
#1188=AXIS2_PLACEMENT_3D('',#1946,#1354,#1355);
#1189=AXIS2_PLACEMENT_3D('',#1978,#1358,#1359);
#1190=AXIS2_PLACEMENT_3D('',#1983,#1362,#1363);
#1191=AXIS2_PLACEMENT_3D('',#2015,#1366,#1367);
#1192=AXIS2_PLACEMENT_3D('',#2020,#1370,#1371);
#1193=AXIS2_PLACEMENT_3D('',#2083,#1376,#1377);
#1194=AXIS2_PLACEMENT_3D('',#2088,#1380,#1381);
#1195=AXIS2_PLACEMENT_3D('',#2120,#1384,#1385);
#1196=AXIS2_PLACEMENT_3D('',#2125,#1388,#1389);
#1197=AXIS2_PLACEMENT_3D('',#2157,#1392,#1393);
#1198=AXIS2_PLACEMENT_3D('',#2162,#1396,#1397);
#1199=AXIS2_PLACEMENT_3D('',#2194,#1400,#1401);
#1200=AXIS2_PLACEMENT_3D('',#2199,#1404,#1405);
#1201=AXIS2_PLACEMENT_3D('',#2231,#1408,#1409);
#1202=AXIS2_PLACEMENT_3D('',#2234,#1411,#1412);
#1203=AXIS2_PLACEMENT_3D('',#2237,#1414,#1415);
#1204=AXIS2_PLACEMENT_3D('',#2240,#1417,#1418);
#1205=AXIS2_PLACEMENT_3D('',#2243,#1420,#1421);
#1206=AXIS2_PLACEMENT_3D('',#2244,#1422,#1423);
#1207=AXIS2_PLACEMENT_3D('',#2245,#1424,#1425);
#1208=AXIS2_PLACEMENT_3D('',#2246,#1426,#1427);
#1209=AXIS2_PLACEMENT_3D('',#2247,#1428,#1429);
#1210=AXIS2_PLACEMENT_3D('',#2248,#1430,#1431);
#1211=AXIS2_PLACEMENT_3D('',#2249,#1432,#1433);
#1212=AXIS2_PLACEMENT_3D('',#2250,#1434,#1435);
#1213=AXIS2_PLACEMENT_3D('',#2251,#1436,#1437);
#1214=AXIS2_PLACEMENT_3D('',#2252,#1438,#1439);
#1215=AXIS2_PLACEMENT_3D('',#2253,#1440,#1441);
#1216=AXIS2_PLACEMENT_3D('',#2254,#1442,#1443);
#1217=AXIS2_PLACEMENT_3D('',#2660,#1444,#1445);
#1218=DIRECTION('',(0.,0.,1.));
#1219=DIRECTION('',(1.,0.,0.));
#1220=DIRECTION('',(0.,-0.866025403784439,0.5));
#1221=DIRECTION('',(0.,-0.5,-0.866025403784439));
#1222=DIRECTION('',(1.,0.,0.));
#1223=DIRECTION('',(0.,0.5,0.866025403784439));
#1224=DIRECTION('',(1.,0.,0.));
#1225=DIRECTION('',(0.,0.5,0.866025403784439));
#1226=DIRECTION('',(0.,-0.866025403784439,-0.5));
#1227=DIRECTION('',(0.,0.5,-0.866025403784439));
#1228=DIRECTION('',(1.,0.,0.));
#1229=DIRECTION('',(0.,-0.5,0.866025403784439));
#1230=DIRECTION('',(1.,0.,0.));
#1231=DIRECTION('',(0.,-0.5,0.866025403784439));
#1232=DIRECTION('',(0.,0.,-1.));
#1233=DIRECTION('',(0.,1.,0.));
#1234=DIRECTION('',(1.,0.,0.));
#1235=DIRECTION('',(0.,-1.,-1.67424834469511E-16));
#1236=DIRECTION('',(1.,0.,0.));
#1237=DIRECTION('',(0.,-1.,-1.67424834469511E-16));
#1238=DIRECTION('',(0.,0.866025403784439,-0.5));
#1239=DIRECTION('',(0.,0.5,0.866025403784439));
#1240=DIRECTION('',(1.,0.,0.));
#1241=DIRECTION('',(0.,-0.5,-0.866025403784439));
#1242=DIRECTION('',(1.,0.,0.));
#1243=DIRECTION('',(0.,-0.5,-0.866025403784439));
#1244=DIRECTION('',(0.,0.866025403784439,0.5));
#1245=DIRECTION('',(0.,-0.5,0.866025403784439));
#1246=DIRECTION('',(1.,0.,0.));
#1247=DIRECTION('',(0.,0.5,-0.866025403784439));
#1248=DIRECTION('',(1.,0.,0.));
#1249=DIRECTION('',(0.,0.5,-0.866025403784439));
#1250=DIRECTION('',(0.,0.,1.));
#1251=DIRECTION('',(1.,0.,0.));
#1252=DIRECTION('',(1.,0.,0.));
#1253=DIRECTION('',(0.,1.,0.));
#1254=DIRECTION('',(1.,0.,0.));
#1255=DIRECTION('',(0.,1.,0.));
#1256=DIRECTION('',(1.,0.,0.));
#1257=DIRECTION('',(0.,0.,-1.));
#1258=DIRECTION('',(1.,0.,0.));
#1259=DIRECTION('',(0.,0.,-1.));
#1260=DIRECTION('',(1.,0.,0.));
#1261=DIRECTION('',(0.,0.,-1.));
#1262=DIRECTION('',(1.,0.,0.));
#1263=DIRECTION('',(0.,0.,-1.));
#1264=DIRECTION('',(1.,0.,0.));
#1265=DIRECTION('',(0.,0.,-1.));
#1266=DIRECTION('',(1.,0.,0.));
#1267=DIRECTION('',(0.,0.,-1.));
#1268=DIRECTION('',(1.,0.,0.));
#1269=DIRECTION('',(0.,0.,-1.));
#1270=DIRECTION('',(1.,0.,0.));
#1271=DIRECTION('',(0.,0.,-1.));
#1272=DIRECTION('',(1.,0.,0.));
#1273=DIRECTION('',(0.,0.,-1.));
#1274=DIRECTION('',(1.,0.,0.));
#1275=DIRECTION('',(0.,0.,-1.));
#1276=DIRECTION('',(1.,0.,0.));
#1277=DIRECTION('',(0.,0.,-1.));
#1278=DIRECTION('',(1.,0.,0.));
#1279=DIRECTION('',(0.,0.,-1.));
#1280=DIRECTION('',(1.,0.,0.));
#1281=DIRECTION('',(0.,0.,-1.));
#1282=DIRECTION('',(1.,0.,0.));
#1283=DIRECTION('',(0.,0.,-1.));
#1284=DIRECTION('',(1.,0.,0.));
#1285=DIRECTION('',(0.,0.,-1.));
#1286=DIRECTION('',(1.,0.,0.));
#1287=DIRECTION('',(0.,0.,-1.));
#1288=DIRECTION('',(1.,0.,0.));
#1289=DIRECTION('',(0.,0.,-1.));
#1290=DIRECTION('',(1.,0.,0.));
#1291=DIRECTION('',(0.,0.,-1.));
#1292=DIRECTION('',(1.,0.,0.));
#1293=DIRECTION('',(0.,0.,-1.));
#1294=DIRECTION('',(1.,0.,0.));
#1295=DIRECTION('',(0.,0.,-1.));
#1296=DIRECTION('',(1.,0.,0.));
#1297=DIRECTION('',(0.,0.,-1.));
#1298=DIRECTION('',(1.,0.,0.));
#1299=DIRECTION('',(0.,0.,-1.));
#1300=DIRECTION('',(1.,0.,0.));
#1301=DIRECTION('',(-1.,0.,0.));
#1302=DIRECTION('',(1.,0.,0.));
#1303=DIRECTION('',(0.,0.,-1.));
#1304=DIRECTION('',(-1.,0.,0.));
#1305=DIRECTION('',(-1.,0.,0.));
#1306=DIRECTION('',(1.,0.,0.));
#1307=DIRECTION('',(0.,0.,-1.));
#1308=DIRECTION('',(-1.,0.,0.));
#1309=DIRECTION('',(1.,0.,0.));
#1310=DIRECTION('',(1.,0.,0.));
#1311=DIRECTION('',(0.,0.,-1.));
#1312=DIRECTION('',(-1.,0.,0.));
#1313=DIRECTION('',(-1.,0.,0.));
#1314=DIRECTION('',(1.,0.,0.));
#1315=DIRECTION('',(0.,0.,-1.));
#1316=DIRECTION('',(-1.,0.,0.));
#1317=DIRECTION('',(1.,0.,0.));
#1318=DIRECTION('',(1.,0.,0.));
#1319=DIRECTION('',(0.,0.,-1.));
#1320=DIRECTION('',(-1.,0.,0.));
#1321=DIRECTION('',(-1.,0.,0.));
#1322=DIRECTION('',(1.,0.,0.));
#1323=DIRECTION('',(0.,0.,-1.));
#1324=DIRECTION('',(-1.,0.,0.));
#1325=DIRECTION('',(1.,0.,0.));
#1326=DIRECTION('',(1.,0.,0.));
#1327=DIRECTION('',(0.,0.,-1.));
#1328=DIRECTION('',(-1.,0.,0.));
#1329=DIRECTION('',(-1.,0.,0.));
#1330=DIRECTION('',(1.,0.,0.));
#1331=DIRECTION('',(0.,0.,-1.));
#1332=DIRECTION('',(-1.,0.,0.));
#1333=DIRECTION('',(1.,0.,0.));
#1334=DIRECTION('',(1.,0.,0.));
#1335=DIRECTION('',(0.,0.,-1.));
#1336=DIRECTION('',(-1.,0.,0.));
#1337=DIRECTION('',(-1.,0.,0.));
#1338=DIRECTION('',(1.,0.,0.));
#1339=DIRECTION('',(0.,0.,-1.));
#1340=DIRECTION('',(-1.,0.,0.));
#1341=DIRECTION('',(1.,0.,0.));
#1342=DIRECTION('',(1.,0.,0.));
#1343=DIRECTION('',(0.,0.,-1.));
#1344=DIRECTION('',(-1.,0.,0.));
#1345=DIRECTION('',(-1.,0.,0.));
#1346=DIRECTION('',(1.,0.,0.));
#1347=DIRECTION('',(0.,0.,-1.));
#1348=DIRECTION('',(-1.,0.,0.));
#1349=DIRECTION('',(1.,0.,0.));
#1350=DIRECTION('',(1.,0.,0.));
#1351=DIRECTION('',(0.,0.,-1.));
#1352=DIRECTION('',(-1.,0.,0.));
#1353=DIRECTION('',(-1.,0.,0.));
#1354=DIRECTION('',(1.,0.,0.));
#1355=DIRECTION('',(0.,0.,-1.));
#1356=DIRECTION('',(-1.,0.,0.));
#1357=DIRECTION('',(1.,0.,0.));
#1358=DIRECTION('',(1.,0.,0.));
#1359=DIRECTION('',(0.,0.,-1.));
#1360=DIRECTION('',(-1.,0.,0.));
#1361=DIRECTION('',(-1.,0.,0.));
#1362=DIRECTION('',(1.,0.,0.));
#1363=DIRECTION('',(0.,0.,-1.));
#1364=DIRECTION('',(-1.,0.,0.));
#1365=DIRECTION('',(1.,0.,0.));
#1366=DIRECTION('',(1.,0.,0.));
#1367=DIRECTION('',(0.,0.,-1.));
#1368=DIRECTION('',(-1.,0.,0.));
#1369=DIRECTION('',(-1.,0.,0.));
#1370=DIRECTION('',(1.,0.,0.));
#1371=DIRECTION('',(0.,0.,-1.));
#1372=DIRECTION('',(-1.,0.,0.));
#1373=DIRECTION('',(1.,0.,0.));
#1374=DIRECTION('',(1.,0.,0.));
#1375=DIRECTION('',(-1.,0.,0.));
#1376=DIRECTION('',(1.,0.,0.));
#1377=DIRECTION('',(0.,0.,-1.));
#1378=DIRECTION('',(-1.,0.,0.));
#1379=DIRECTION('',(-1.,0.,0.));
#1380=DIRECTION('',(1.,0.,0.));
#1381=DIRECTION('',(0.,0.,-1.));
#1382=DIRECTION('',(-1.,0.,0.));
#1383=DIRECTION('',(1.,0.,0.));
#1384=DIRECTION('',(1.,0.,0.));
#1385=DIRECTION('',(0.,0.,-1.));
#1386=DIRECTION('',(-1.,0.,0.));
#1387=DIRECTION('',(-1.,0.,0.));
#1388=DIRECTION('',(1.,0.,0.));
#1389=DIRECTION('',(0.,0.,-1.));
#1390=DIRECTION('',(-1.,0.,0.));
#1391=DIRECTION('',(1.,0.,0.));
#1392=DIRECTION('',(1.,0.,0.));
#1393=DIRECTION('',(0.,0.,-1.));
#1394=DIRECTION('',(-1.,0.,0.));
#1395=DIRECTION('',(-1.,0.,0.));
#1396=DIRECTION('',(1.,0.,0.));
#1397=DIRECTION('',(0.,0.,-1.));
#1398=DIRECTION('',(-1.,0.,0.));
#1399=DIRECTION('',(1.,0.,0.));
#1400=DIRECTION('',(1.,0.,0.));
#1401=DIRECTION('',(0.,0.,-1.));
#1402=DIRECTION('',(-1.,0.,0.));
#1403=DIRECTION('',(-1.,0.,0.));
#1404=DIRECTION('',(1.,0.,0.));
#1405=DIRECTION('',(0.,0.,-1.));
#1406=DIRECTION('',(-1.,0.,0.));
#1407=DIRECTION('',(1.,0.,0.));
#1408=DIRECTION('',(1.,0.,0.));
#1409=DIRECTION('',(0.,0.,-1.));
#1410=DIRECTION('',(-1.,0.,0.));
#1411=DIRECTION('',(1.,0.,0.));
#1412=DIRECTION('',(0.,0.,-1.));
#1413=DIRECTION('',(-1.,0.,0.));
#1414=DIRECTION('',(1.,0.,0.));
#1415=DIRECTION('',(0.,0.,-1.));
#1416=DIRECTION('',(-1.,0.,0.));
#1417=DIRECTION('',(1.,0.,0.));
#1418=DIRECTION('',(0.,0.,-1.));
#1419=DIRECTION('',(-1.,0.,0.));
#1420=DIRECTION('',(1.,0.,0.));
#1421=DIRECTION('',(0.,0.,-1.));
#1422=DIRECTION('',(1.,0.,0.));
#1423=DIRECTION('',(0.,0.,-1.));
#1424=DIRECTION('',(1.,0.,0.));
#1425=DIRECTION('',(0.,0.,-1.));
#1426=DIRECTION('',(1.,0.,0.));
#1427=DIRECTION('',(0.,0.,-1.));
#1428=DIRECTION('',(1.,0.,0.));
#1429=DIRECTION('',(0.,0.,-1.));
#1430=DIRECTION('',(1.,0.,0.));
#1431=DIRECTION('',(0.,0.,-1.));
#1432=DIRECTION('',(1.,0.,0.));
#1433=DIRECTION('',(0.,0.,-1.));
#1434=DIRECTION('',(1.,0.,0.));
#1435=DIRECTION('',(0.,0.,-1.));
#1436=DIRECTION('',(1.,0.,0.));
#1437=DIRECTION('',(0.,0.,-1.));
#1438=DIRECTION('',(1.,0.,0.));
#1439=DIRECTION('',(0.,0.,-1.));
#1440=DIRECTION('',(1.,0.,0.));
#1441=DIRECTION('',(0.,0.,-1.));
#1442=DIRECTION('',(1.,0.,0.));
#1443=DIRECTION('',(0.,0.,-1.));
#1444=DIRECTION('',(1.,0.,0.));
#1445=DIRECTION('',(0.,0.,-1.));
#1446=CARTESIAN_POINT('',(0.,0.,0.));
#1447=CARTESIAN_POINT('',(0.635,0.549926131403119,-0.3175));
#1448=CARTESIAN_POINT('',(-2.13270545462126,0.420808694548139,-0.541137960775892));
#1449=CARTESIAN_POINT('',(-1.27,0.420808694548139,-0.541137960775892));
#1450=CARTESIAN_POINT('',(1.91,0.420808694548139,-0.541137960775892));
#1451=CARTESIAN_POINT('',(-1.27,0.420411035757862,-0.541826726004728));
#1452=CARTESIAN_POINT('',(-1.27,0.6790435682581,-0.0938620392241081));
#1453=CARTESIAN_POINT('',(-2.13270545462126,0.679043568258099,-0.0938620392241082));
#1454=CARTESIAN_POINT('',(1.91,0.679043568258099,-0.0938620392241081));
#1455=CARTESIAN_POINT('',(1.91,0.420411035757862,-0.541826726004728));
#1456=CARTESIAN_POINT('',(0.635,0.549926131403119,0.3175));
#1457=CARTESIAN_POINT('',(-2.13270545462126,0.679043568258099,0.0938620392241081));
#1458=CARTESIAN_POINT('',(-1.27,0.6790435682581,0.0938620392241084));
#1459=CARTESIAN_POINT('',(1.91,0.679043568258099,0.0938620392241083));
#1460=CARTESIAN_POINT('',(-1.27,0.679441227048376,0.0931732739952726));
#1461=CARTESIAN_POINT('',(-1.27,0.420808694548139,0.541137960775893));
#1462=CARTESIAN_POINT('',(-2.13270545462126,0.420808694548139,0.541137960775892));
#1463=CARTESIAN_POINT('',(1.91,0.420808694548139,0.541137960775892));
#1464=CARTESIAN_POINT('',(1.91,0.679441227048376,0.0931732739952726));
#1465=CARTESIAN_POINT('',(0.635,-7.51157299368579E-17,0.635));
#1466=CARTESIAN_POINT('',(-2.13270545462126,0.258234873709962,0.635));
#1467=CARTESIAN_POINT('',(-1.27,0.258234873709963,0.635));
#1468=CARTESIAN_POINT('',(1.91,0.258234873709963,0.635));
#1469=CARTESIAN_POINT('',(-1.27,0.259030191290514,0.635));
#1470=CARTESIAN_POINT('',(-1.27,-0.258234873709963,0.635));
#1471=CARTESIAN_POINT('',(-2.13270545462126,-0.258234873709962,0.635));
#1472=CARTESIAN_POINT('',(1.91,-0.258234873709963,0.635));
#1473=CARTESIAN_POINT('',(1.91,0.259030191290514,0.635));
#1474=CARTESIAN_POINT('',(0.635,-0.549926131403119,0.3175));
#1475=CARTESIAN_POINT('',(-2.13270545462126,-0.420808694548139,0.541137960775892));
#1476=CARTESIAN_POINT('',(-1.27,-0.420808694548138,0.541137960775893));
#1477=CARTESIAN_POINT('',(1.91,-0.420808694548138,0.541137960775893));
#1478=CARTESIAN_POINT('',(-1.27,-0.420411035757862,0.541826726004727));
#1479=CARTESIAN_POINT('',(-1.27,-0.6790435682581,0.0938620392241068));
#1480=CARTESIAN_POINT('',(-2.13270545462126,-0.679043568258099,0.0938620392241081));
#1481=CARTESIAN_POINT('',(1.91,-0.6790435682581,0.0938620392241068));
#1482=CARTESIAN_POINT('',(1.91,-0.420411035757862,0.541826726004727));
#1483=CARTESIAN_POINT('',(0.635,-0.549926131403119,-0.3175));
#1484=CARTESIAN_POINT('',(-2.13270545462126,-0.679043568258099,-0.0938620392241082));
#1485=CARTESIAN_POINT('',(-1.27,-0.6790435682581,-0.0938620392241083));
#1486=CARTESIAN_POINT('',(1.91,-0.679043568258099,-0.0938620392241083));
#1487=CARTESIAN_POINT('',(-1.27,-0.679441227048376,-0.0931732739952725));
#1488=CARTESIAN_POINT('',(-1.27,-0.420808694548139,-0.541137960775892));
#1489=CARTESIAN_POINT('',(-2.13270545462126,-0.420808694548139,-0.541137960775892));
#1490=CARTESIAN_POINT('',(1.91,-0.420808694548139,-0.541137960775892));
#1491=CARTESIAN_POINT('',(1.91,-0.679441227048376,-0.0931732739952725));
#1492=CARTESIAN_POINT('',(0.635,0.,-0.635));
#1493=CARTESIAN_POINT('',(-2.13270545462126,-0.258234873709962,-0.635));
#1494=CARTESIAN_POINT('',(-1.27,-0.258234873709962,-0.635));
#1495=CARTESIAN_POINT('',(1.91,-0.258234873709962,-0.635));
#1496=CARTESIAN_POINT('',(-1.27,-0.259030191290513,-0.635));
#1497=CARTESIAN_POINT('',(-1.27,0.258234873709962,-0.635));
#1498=CARTESIAN_POINT('',(-2.13270545462126,0.258234873709962,-0.635));
#1499=CARTESIAN_POINT('',(1.91,0.258234873709962,-0.635));
#1500=CARTESIAN_POINT('',(1.91,-0.259030191290513,-0.635));
#1501=CARTESIAN_POINT('',(-1.27,0.,0.));
#1502=CARTESIAN_POINT('',(-1.27,0.,0.));
#1503=CARTESIAN_POINT('',(-1.27,0.321418429674793,0.154646475050149));
#1504=CARTESIAN_POINT('',(-1.27,0.294636990836541,0.201033287817796));
#1505=CARTESIAN_POINT('',(-1.27,0.294636990836541,0.201033287817796));
#1506=CARTESIAN_POINT('',(-1.27,0.30222940410294,0.213536423168045));
#1507=CARTESIAN_POINT('',(-1.27,0.30987555665828,0.233744774058722));
#1508=CARTESIAN_POINT('',(-1.27,0.319824346465165,0.260984977663681));
#1509=CARTESIAN_POINT('',(-1.27,0.317123094056034,0.284965292275182));
#1510=CARTESIAN_POINT('',(-1.27,0.293577659282609,0.291033360284915));
#1511=CARTESIAN_POINT('',(-1.27,0.265224753749839,0.283748710005887));
#1512=CARTESIAN_POINT('',(-1.27,0.243999784563595,0.278272742555706));
#1513=CARTESIAN_POINT('',(-1.27,0.230729958316177,0.272009237935634));
#1514=CARTESIAN_POINT('',(-1.27,0.230729958306629,0.272009237931127));
#1515=CARTESIAN_POINT('',(-1.27,0.,0.));
#1516=CARTESIAN_POINT('',(-1.27,0.187396679998706,0.303492707499725));
#1517=CARTESIAN_POINT('',(-1.27,0.187396679998706,0.303492707499725));
#1518=CARTESIAN_POINT('',(-1.27,0.189247211350486,0.318003002690057));
#1519=CARTESIAN_POINT('',(-1.27,0.188012842482485,0.339574220275488));
#1520=CARTESIAN_POINT('',(-1.27,0.186021925248628,0.368505921912785));
#1521=CARTESIAN_POINT('',(-1.27,0.173800535715314,0.38931433106196));
#1522=CARTESIAN_POINT('',(-1.27,0.149822605117605,0.385280995929394));
#1523=CARTESIAN_POINT('',(-1.27,0.126883871257647,0.367093971138637));
#1524=CARTESIAN_POINT('',(-1.27,0.109721173687238,0.353458453232116));
#1525=CARTESIAN_POINT('',(-1.27,0.100146181038257,0.342339132455457));
#1526=CARTESIAN_POINT('',(-1.27,0.100146181031368,0.342339132447457));
#1527=CARTESIAN_POINT('',(-1.27,0.,0.));
#1528=CARTESIAN_POINT('',(-1.27,0.0477537807437008,0.353475480910243));
#1529=CARTESIAN_POINT('',(-1.27,0.0477537807437009,0.353475480910243));
#1530=CARTESIAN_POINT('',(-1.27,0.0435424564985911,0.367483974080354));
#1531=CARTESIAN_POINT('',(-1.27,0.0336409997984186,0.386688198871658));
#1532=CARTESIAN_POINT('',(-1.27,0.02005462320046,0.412308844491939));
#1533=CARTESIAN_POINT('',(-1.27,0.000426285821142826,0.426347385198444));
#1534=CARTESIAN_POINT('',(-1.27,-0.0198381385678511,0.412910047209728));
#1535=CARTESIAN_POINT('',(-1.27,-0.0333963852787598,0.386965349717484));
#1536=CARTESIAN_POINT('',(-1.27,-0.0435292249052068,0.367527986275466));
#1537=CARTESIAN_POINT('',(-1.27,-0.0477537807406614,0.353475480920354));
#1538=CARTESIAN_POINT('',(-1.27,-0.0477537807437009,0.353475480910243));
#1539=CARTESIAN_POINT('',(-1.27,0.,0.));
#1540=CARTESIAN_POINT('',(-1.27,-0.100146181031363,0.342339132447458));
#1541=CARTESIAN_POINT('',(-1.27,-0.100146181031363,0.342339132447458));
#1542=CARTESIAN_POINT('',(-1.27,-0.109691184652704,0.35342362786507));
#1543=CARTESIAN_POINT('',(-1.27,-0.126547677369679,0.366940274930926));
#1544=CARTESIAN_POINT('',(-1.27,-0.149380305389594,0.384819822150186));
#1545=CARTESIAN_POINT('',(-1.27,-0.173021672764192,0.389661103189724));
#1546=CARTESIAN_POINT('',(-1.27,-0.186068687871096,0.369143200157482));
#1547=CARTESIAN_POINT('',(-1.27,-0.18790210340383,0.339926903860343));
#1548=CARTESIAN_POINT('',(-1.27,-0.189253025060947,0.318048591604852));
#1549=CARTESIAN_POINT('',(-1.27,-0.187396680000037,0.303492707510191));
#1550=CARTESIAN_POINT('',(-1.27,-0.187396679998701,0.303492707499718));
#1551=CARTESIAN_POINT('',(-1.27,0.,0.));
#1552=CARTESIAN_POINT('',(-1.27,-0.230729958306616,0.272009237931126));
#1553=CARTESIAN_POINT('',(-1.27,-0.230729958306617,0.272009237931126));
#1554=CARTESIAN_POINT('',(-1.27,-0.243958223464424,0.278253125639055));
#1555=CARTESIAN_POINT('',(-1.27,-0.264855111471009,0.283745043906891));
#1556=CARTESIAN_POINT('',(-1.27,-0.292986022100322,0.290791956580336));
#1557=CARTESIAN_POINT('',(-1.27,-0.316552612276055,0.285598876479509));
#1558=CARTESIAN_POINT('',(-1.27,-0.320126270660469,0.26154814023731));
#1559=CARTESIAN_POINT('',(-1.27,-0.309917840813368,0.234112008186771));
#1560=CARTESIAN_POINT('',(-1.27,-0.302253257873884,0.213575706065012));
#1561=CARTESIAN_POINT('',(-1.27,-0.294636990842019,0.201033287826824));
#1562=CARTESIAN_POINT('',(-1.27,-0.294636990836539,0.2010332878178));
#1563=CARTESIAN_POINT('',(-1.27,0.,0.));
#1564=CARTESIAN_POINT('',(-1.27,-0.321418429674789,0.154646475050152));
#1565=CARTESIAN_POINT('',(-1.27,-0.321418429674789,0.154646475050152));
#1566=CARTESIAN_POINT('',(-1.27,-0.336042669148261,0.154970130139759));
#1567=CARTESIAN_POINT('',(-1.27,-0.357366690665849,0.151487717048556));
#1568=CARTESIAN_POINT('',(-1.27,-0.385931793895453,0.146483519955752));
#1569=CARTESIAN_POINT('',(-1.27,-0.405348729335185,0.132154009441648));
#1570=CARTESIAN_POINT('',(-1.27,-0.398831112996782,0.10872903077985));
#1571=CARTESIAN_POINT('',(-1.27,-0.378345968031075,0.0878170194568846));
#1572=CARTESIAN_POINT('',(-1.27,-0.362991156515799,0.0721736406721474));
#1573=CARTESIAN_POINT('',(-1.27,-0.350931889274385,0.0638133863481144));
#1574=CARTESIAN_POINT('',(-1.27,-0.350931889265708,0.0638133863420993));
#1575=CARTESIAN_POINT('',(-1.27,0.,0.));
#1576=CARTESIAN_POINT('',(-1.27,-0.356530734557426,0.0105439317138874));
#1577=CARTESIAN_POINT('',(-1.27,-0.356530734557426,0.0105439317138874));
#1578=CARTESIAN_POINT('',(-1.27,-0.370022284484555,0.00489139127986317));
#1579=CARTESIAN_POINT('',(-1.27,-0.388086322470102,-0.00696321231018067));
#1580=CARTESIAN_POINT('',(-1.27,-0.412146452445784,-0.0231532480301835));
#1581=CARTESIAN_POINT('',(-1.27,-0.424056368614661,-0.0441414864101618));
#1582=CARTESIAN_POINT('',(-1.27,-0.408574432629033,-0.0628903158716814));
#1583=CARTESIAN_POINT('',(-1.27,-0.381354640210996,-0.0736623297296766));
#1584=CARTESIAN_POINT('',(-1.27,-0.360964586524988,-0.0817079028698638));
#1585=CARTESIAN_POINT('',(-1.27,-0.346547475935081,-0.0844404293565994));
#1586=CARTESIAN_POINT('',(-1.27,-0.346547475924708,-0.0844404293585654));
#1587=CARTESIAN_POINT('',(-1.27,0.,0.));
#1588=CARTESIAN_POINT('',(-1.27,-0.329995636455044,-0.135381753204321));
#1589=CARTESIAN_POINT('',(-1.27,-0.329995636455044,-0.135381753204321));
#1590=CARTESIAN_POINT('',(-1.27,-0.340021685286545,-0.146033113569216));
#1591=CARTESIAN_POINT('',(-1.27,-0.351702303465716,-0.164210139001689));
#1592=CARTESIAN_POINT('',(-1.27,-0.367097245135259,-0.188786609091044));
#1593=CARTESIAN_POINT('',(-1.27,-0.369440809329495,-0.212804518248838));
#1594=CARTESIAN_POINT('',(-1.27,-0.347671521077531,-0.223635355568416));
#1595=CARTESIAN_POINT('',(-1.27,-0.318423630600293,-0.222404792904718));
#1596=CARTESIAN_POINT('',(-1.27,-0.296523960263691,-0.221461407712683));
#1597=CARTESIAN_POINT('',(-1.27,-0.282241855721619,-0.218093727708339));
#1598=CARTESIAN_POINT('',(-1.27,-0.282241855711343,-0.218093727705916));
#1599=CARTESIAN_POINT('',(-1.27,0.,0.));
#1600=CARTESIAN_POINT('',(-1.27,-0.246401294893342,-0.257898703088886));
#1601=CARTESIAN_POINT('',(-1.27,-0.246401294893342,-0.257898703088886));
#1602=CARTESIAN_POINT('',(-1.27,-0.251228247702455,-0.271707166412988));
#1603=CARTESIAN_POINT('',(-1.27,-0.254505761076987,-0.293063640857523));
#1604=CARTESIAN_POINT('',(-1.27,-0.258573589167072,-0.321777050367558));
#1605=CARTESIAN_POINT('',(-1.27,-0.250945577846875,-0.34467171561393));
#1606=CARTESIAN_POINT('',(-1.27,-0.226653045035114,-0.345711810623949));
#1607=CARTESIAN_POINT('',(-1.27,-0.200434282470931,-0.33269144690242));
#1608=CARTESIAN_POINT('',(-1.27,-0.18081164743719,-0.322922223248258));
#1609=CARTESIAN_POINT('',(-1.27,-0.169134054567126,-0.314036639219991));
#1610=CARTESIAN_POINT('',(-1.27,-0.169134054558724,-0.314036639213598));
#1611=CARTESIAN_POINT('',(-1.27,0.,0.));
#1612=CARTESIAN_POINT('',(-1.27,-0.120201930959091,-0.335822624273218));
#1613=CARTESIAN_POINT('',(-1.27,-0.120201930959091,-0.335822624273218));
#1614=CARTESIAN_POINT('',(-1.27,-0.118995163753632,-0.35040058180184));
#1615=CARTESIAN_POINT('',(-1.27,-0.113302860485793,-0.371243776809498));
#1616=CARTESIAN_POINT('',(-1.27,-0.105340210564589,-0.399129316382793));
#1617=CARTESIAN_POINT('',(-1.27,-0.0890595761855238,-0.416942042105143));
#1618=CARTESIAN_POINT('',(-1.27,-0.0664441984278511,-0.408011552929399));
#1619=CARTESIAN_POINT('',(-1.27,-0.047788026014052,-0.385452727323784));
#1620=CARTESIAN_POINT('',(-1.27,-0.0338353581465472,-0.368546852727905));
#1621=CARTESIAN_POINT('',(-1.27,-0.0267814388433278,-0.355679762877203));
#1622=CARTESIAN_POINT('',(-1.27,-0.0267814388382525,-0.355679762867946));
#1623=CARTESIAN_POINT('',(-1.27,0.,0.));
#1624=CARTESIAN_POINT('',(-1.27,0.0267814388382478,-0.355679762867946));
#1625=CARTESIAN_POINT('',(-1.27,0.0267814388382478,-0.355679762867946));
#1626=CARTESIAN_POINT('',(-1.27,0.0338132650453215,-0.368506553307803));
#1627=CARTESIAN_POINT('',(-1.27,0.0474911340075698,-0.385232491107279));
#1628=CARTESIAN_POINT('',(-1.27,0.0661074474302845,-0.407468497619442));
#1629=CARTESIAN_POINT('',(-1.27,0.0882256352791635,-0.417119301716835));
#1630=CARTESIAN_POINT('',(-1.27,0.105253453714182,-0.399762391064755));
#1631=CARTESIAN_POINT('',(-1.27,0.113121214281246,-0.371565729462767));
#1632=CARTESIAN_POINT('',(-1.27,0.118991371952208,-0.350446383227846));
#1633=CARTESIAN_POINT('',(-1.27,0.120201930958215,-0.335822624283741));
#1634=CARTESIAN_POINT('',(-1.27,0.120201930959086,-0.33582262427322));
#1635=CARTESIAN_POINT('',(-1.27,0.,0.));
#1636=CARTESIAN_POINT('',(-1.27,0.169134054558719,-0.3140366392136));
#1637=CARTESIAN_POINT('',(-1.27,0.169134054558719,-0.3140366392136));
#1638=CARTESIAN_POINT('',(-1.27,0.180775073134067,-0.322894393969908));
#1639=CARTESIAN_POINT('',(-1.27,0.200073479987612,-0.332611007965296));
#1640=CARTESIAN_POINT('',(-1.27,0.226124527197151,-0.345352673882589));
#1641=CARTESIAN_POINT('',(-1.27,0.250255832899335,-0.345172844651795));
#1642=CARTESIAN_POINT('',(-1.27,0.258751827511423,-0.322390680057716));
#1643=CARTESIAN_POINT('',(-1.27,0.254470768953345,-0.293431641408959));
#1644=CARTESIAN_POINT('',(-1.27,0.251243412837749,-0.271750550362253));
#1645=CARTESIAN_POINT('',(-1.27,0.246401294896822,-0.257898703098855));
#1646=CARTESIAN_POINT('',(-1.27,0.246401294893338,-0.257898703088889));
#1647=CARTESIAN_POINT('',(-1.27,0.,0.));
#1648=CARTESIAN_POINT('',(-1.27,0.282241855711341,-0.21809372770592));
#1649=CARTESIAN_POINT('',(-1.27,0.28224185571134,-0.21809372770592));
#1650=CARTESIAN_POINT('',(-1.27,0.296479228787951,-0.221450860511137));
#1651=CARTESIAN_POINT('',(-1.27,0.318061303667295,-0.222478059869968));
#1652=CARTESIAN_POINT('',(-1.27,0.347042621934794,-0.223522235400894));
#1653=CARTESIAN_POINT('',(-1.27,0.36901452350835,-0.213542866949608));
#1654=CARTESIAN_POINT('',(-1.27,0.367509659645381,-0.18927469164131));
#1655=CARTESIAN_POINT('',(-1.27,0.35182001587905,-0.164560556812766));
#1656=CARTESIAN_POINT('',(-1.27,0.340053185168894,-0.14606657856278));
#1657=CARTESIAN_POINT('',(-1.27,0.329995636462278,-0.135381753212013));
#1658=CARTESIAN_POINT('',(-1.27,0.329995636455042,-0.135381753204326));
#1659=CARTESIAN_POINT('',(-1.27,0.,0.));
#1660=CARTESIAN_POINT('',(-1.27,0.346547475924707,-0.08444042935857));
#1661=CARTESIAN_POINT('',(-1.27,0.346547475924707,-0.08444042935857));
#1662=CARTESIAN_POINT('',(-1.27,0.360919432355162,-0.0817164614520802));
#1663=CARTESIAN_POINT('',(-1.27,0.381053438446669,-0.073876634073399));
#1664=CARTESIAN_POINT('',(-1.27,0.40795389455667,-0.0630427717826239));
#1665=CARTESIAN_POINT('',(-1.27,0.423967250611067,-0.0449893875757871));
#1666=CARTESIAN_POINT('',(-1.27,0.412721732906209,-0.0234313895335295));
#1667=CARTESIAN_POINT('',(-1.27,0.388336385874762,-0.00723545695791877));
#1668=CARTESIAN_POINT('',(-1.27,0.370064672498134,0.00487363164340657));
#1669=CARTESIAN_POINT('',(-1.27,0.356530734567164,0.0105439317098029));
#1670=CARTESIAN_POINT('',(-1.27,0.356530734557426,0.0105439317138826));
#1671=CARTESIAN_POINT('',(-1.27,0.,0.));
#1672=CARTESIAN_POINT('',(-1.27,0.350931889265709,0.0638133863420947));
#1673=CARTESIAN_POINT('',(-1.27,0.350931889265709,0.0638133863420947));
#1674=CARTESIAN_POINT('',(-1.27,0.362953387218056,0.0721474561627884));
#1675=CARTESIAN_POINT('',(-1.27,0.378157971956803,0.0874987329026116));
#1676=CARTESIAN_POINT('',(-1.27,0.398326232664914,0.108337359802466));
#1677=CARTESIAN_POINT('',(-1.27,0.405612188461574,0.13134316562564));
#1678=CARTESIAN_POINT('',(-1.27,0.386570469088318,0.146463412692088));
#1679=CARTESIAN_POINT('',(-1.27,0.357705866827417,0.151340719137016));
#1680=CARTESIAN_POINT('',(-1.27,0.336088616020441,0.15497114666289));
#1681=CARTESIAN_POINT('',(-1.27,0.321418429685348,0.154646475050382));
#1682=CARTESIAN_POINT('',(-1.27,0.,4.19747690407756E-17));
#1683=CARTESIAN_POINT('',(-1.27,0.,4.19747690407756E-17));
#1684=CARTESIAN_POINT('',(-1.27,0.,4.19747690407756E-17));
#1685=CARTESIAN_POINT('',(-1.27,0.,4.19747690407756E-17));
#1686=CARTESIAN_POINT('',(-1.27,0.,4.19747690407756E-17));
#1687=CARTESIAN_POINT('',(-1.27,0.,4.19747690407756E-17));
#1688=CARTESIAN_POINT('',(1.27,0.230729958325721,0.272009237940139));
#1689=CARTESIAN_POINT('',(-1.27,0.230729958325721,0.272009237940139));
#1690=CARTESIAN_POINT('',(1.27,0.243895746239913,0.278223635317307));
#1691=CARTESIAN_POINT('',(-1.27,0.243895746239913,0.278223635317307));
#1692=CARTESIAN_POINT('',(1.27,0.265110085963868,0.283767691853301));
#1693=CARTESIAN_POINT('',(-1.27,0.265110085963868,0.283767691853301));
#1694=CARTESIAN_POINT('',(1.27,0.293327326642105,0.290919418264276));
#1695=CARTESIAN_POINT('',(-1.27,0.293327326642105,0.290919418264276));
#1696=CARTESIAN_POINT('',(1.27,0.316823788892169,0.285269420834867));
#1697=CARTESIAN_POINT('',(-1.27,0.316823788892169,0.285269420834867));
#1698=CARTESIAN_POINT('',(1.27,0.319986785942537,0.261311089100238));
#1699=CARTESIAN_POINT('',(-1.27,0.319986785942537,0.261311089100238));
#1700=CARTESIAN_POINT('',(1.27,0.309924732559154,0.233995984440213));
#1701=CARTESIAN_POINT('',(-1.27,0.309924732559154,0.233995984440213));
#1702=CARTESIAN_POINT('',(1.27,0.302193544966446,0.213477370582076));
#1703=CARTESIAN_POINT('',(-1.27,0.302193544966446,0.213477370582076));
#1704=CARTESIAN_POINT('',(1.27,0.294636990836541,0.201033287817796));
#1705=CARTESIAN_POINT('',(-1.27,0.294636990836541,0.201033287817796));
#1706=CARTESIAN_POINT('',(0.635,0.230729958306611,0.272009237931119));
#1707=CARTESIAN_POINT('',(1.27,0.230729958306632,0.272009237931129));
#1708=CARTESIAN_POINT('',(0.635,0.294636990836536,0.201033287817788));
#1709=CARTESIAN_POINT('',(1.27,0.294636990836541,0.201033287817796));
#1710=CARTESIAN_POINT('',(1.27,0.294636990836541,0.201033287817796));
#1711=CARTESIAN_POINT('',(1.27,0.302229404102939,0.213536423168045));
#1712=CARTESIAN_POINT('',(1.27,0.30987555665828,0.233744774058721));
#1713=CARTESIAN_POINT('',(1.27,0.319824346465165,0.26098497766368));
#1714=CARTESIAN_POINT('',(1.27,0.317123094056036,0.28496529227518));
#1715=CARTESIAN_POINT('',(1.27,0.293577659282612,0.291033360284916));
#1716=CARTESIAN_POINT('',(1.27,0.265224753749842,0.283748710005888));
#1717=CARTESIAN_POINT('',(1.27,0.243999784563598,0.278272742555706));
#1718=CARTESIAN_POINT('',(1.27,0.230729958316179,0.272009237935635));
#1719=CARTESIAN_POINT('',(-2.61703841816038,0.,0.));
#1720=CARTESIAN_POINT('',(0.635,0.187396679998704,0.303492707499705));
#1721=CARTESIAN_POINT('',(1.27,0.187396679998706,0.303492707499725));
#1722=CARTESIAN_POINT('',(1.91,0.230729958306632,0.272009237931129));
#1723=CARTESIAN_POINT('',(1.91,0.230729958306632,0.272009237931129));
#1724=CARTESIAN_POINT('',(1.91,0.,0.));
#1725=CARTESIAN_POINT('',(1.91,0.187396679998706,0.303492707499725));
#1726=CARTESIAN_POINT('',(1.91,0.187396679998706,0.303492707499725));
#1727=CARTESIAN_POINT('',(1.27,0.100146181045144,0.342339132463455));
#1728=CARTESIAN_POINT('',(-1.27,0.100146181045144,0.342339132463455));
#1729=CARTESIAN_POINT('',(1.27,0.109646103662519,0.35337127533902));
#1730=CARTESIAN_POINT('',(-1.27,0.109646103662519,0.35337127533902));
#1731=CARTESIAN_POINT('',(1.27,0.126771396409741,0.367064672328785));
#1732=CARTESIAN_POINT('',(-1.27,0.126771396409741,0.367064672328785));
#1733=CARTESIAN_POINT('',(1.27,0.149640259265958,0.385075085256159));
#1734=CARTESIAN_POINT('',(-1.27,0.149640259265958,0.385075085256159));
#1735=CARTESIAN_POINT('',(1.27,0.173403406612996,0.389470427948591));
#1736=CARTESIAN_POINT('',(-1.27,0.173403406612996,0.389470427948591));
#1737=CARTESIAN_POINT('',(1.27,0.186037679624347,0.368869909622056));
#1738=CARTESIAN_POINT('',(-1.27,0.186037679624347,0.368869909622056));
#1739=CARTESIAN_POINT('',(1.27,0.187955590436081,0.33982371401925));
#1740=CARTESIAN_POINT('',(-1.27,0.187955590436081,0.33982371401925));
#1741=CARTESIAN_POINT('',(1.27,0.189238471249809,0.31793447024358));
#1742=CARTESIAN_POINT('',(-1.27,0.189238471249809,0.31793447024358));
#1743=CARTESIAN_POINT('',(1.27,0.187396679998706,0.303492707499725));
#1744=CARTESIAN_POINT('',(-1.27,0.187396679998706,0.303492707499725));
#1745=CARTESIAN_POINT('',(0.635,0.100146181031362,0.34233913244745));
#1746=CARTESIAN_POINT('',(1.27,0.10014618103137,0.34233913244746));
#1747=CARTESIAN_POINT('',(1.27,0.187396679998707,0.303492707499725));
#1748=CARTESIAN_POINT('',(1.27,0.189247211350486,0.318003002690056));
#1749=CARTESIAN_POINT('',(1.27,0.188012842482485,0.339574220275487));
#1750=CARTESIAN_POINT('',(1.27,0.186021925248627,0.368505921912784));
#1751=CARTESIAN_POINT('',(1.27,0.173800535715316,0.389314331061959));
#1752=CARTESIAN_POINT('',(1.27,0.149822605117607,0.385280995929396));
#1753=CARTESIAN_POINT('',(1.27,0.126883871257649,0.367093971138638));
#1754=CARTESIAN_POINT('',(1.27,0.109721173687239,0.353458453232119));
#1755=CARTESIAN_POINT('',(1.27,0.100146181038259,0.342339132455459));
#1756=CARTESIAN_POINT('',(-2.61703841816038,0.,0.));
#1757=CARTESIAN_POINT('',(0.635,0.0477537807437036,0.353475480910234));
#1758=CARTESIAN_POINT('',(1.27,0.0477537807437008,0.353475480910243));
#1759=CARTESIAN_POINT('',(1.91,0.10014618103137,0.34233913244746));
#1760=CARTESIAN_POINT('',(1.91,0.10014618103137,0.34233913244746));
#1761=CARTESIAN_POINT('',(1.91,0.,0.));
#1762=CARTESIAN_POINT('',(1.91,0.0477537807437008,0.353475480910243));
#1763=CARTESIAN_POINT('',(1.91,0.0477537807437008,0.353475480910243));
#1764=CARTESIAN_POINT('',(1.27,-0.0477537807376229,0.353475480930461));
#1765=CARTESIAN_POINT('',(-1.27,-0.0477537807376229,0.353475480930461));
#1766=CARTESIAN_POINT('',(1.27,-0.0435623463417044,0.367417811577373));
#1767=CARTESIAN_POINT('',(-1.27,-0.0435623463417043,0.367417811577374));
#1768=CARTESIAN_POINT('',(1.27,-0.0334872192655991,0.386892836280761));
#1769=CARTESIAN_POINT('',(-1.27,-0.0334872192655991,0.386892836280761));
#1770=CARTESIAN_POINT('',(1.27,-0.0199209683763396,0.412647771709933));
#1771=CARTESIAN_POINT('',(-1.27,-0.0199209683763396,0.412647771709933));
#1772=CARTESIAN_POINT('',(1.27,9.95586738462971E-12,0.426328459842234));
#1773=CARTESIAN_POINT('',(-1.27,9.95587776759657E-12,0.426328459842234));
#1774=CARTESIAN_POINT('',(1.27,0.0199209683998451,0.412647771692279));
#1775=CARTESIAN_POINT('',(-1.27,0.0199209683998451,0.412647771692279));
#1776=CARTESIAN_POINT('',(1.27,0.0334872192036781,0.38689283624282));
#1777=CARTESIAN_POINT('',(-1.27,0.0334872192036781,0.38689283624282));
#1778=CARTESIAN_POINT('',(1.27,0.0435623466765393,0.367417811655965));
#1779=CARTESIAN_POINT('',(-1.27,0.0435623466765393,0.367417811655965));
#1780=CARTESIAN_POINT('',(1.27,0.0477537807437008,0.353475480910243));
#1781=CARTESIAN_POINT('',(-1.27,0.0477537807437008,0.353475480910243));
#1782=CARTESIAN_POINT('',(0.635,-0.0477537807437038,0.353475480910234));
#1783=CARTESIAN_POINT('',(1.27,-0.0477537807437,0.353475480910246));
#1784=CARTESIAN_POINT('',(1.27,0.0477537807437008,0.353475480910243));
#1785=CARTESIAN_POINT('',(1.27,0.0435424564985911,0.367483974080353));
#1786=CARTESIAN_POINT('',(1.27,0.0336409997984192,0.386688198871657));
#1787=CARTESIAN_POINT('',(1.27,0.0200546232004605,0.412308844491937));
#1788=CARTESIAN_POINT('',(1.27,0.000426285821145297,0.426347385198444));
#1789=CARTESIAN_POINT('',(1.27,-0.0198381385678506,0.412910047209729));
#1790=CARTESIAN_POINT('',(1.27,-0.0333963852787581,0.386965349717487));
#1791=CARTESIAN_POINT('',(1.27,-0.043529224905206,0.367527986275469));
#1792=CARTESIAN_POINT('',(1.27,-0.0477537807406604,0.353475480920357));
#1793=CARTESIAN_POINT('',(-2.61703841816038,0.,0.));
#1794=CARTESIAN_POINT('',(0.635,-0.100146181031357,0.342339132447451));
#1795=CARTESIAN_POINT('',(1.27,-0.100146181031363,0.342339132447458));
#1796=CARTESIAN_POINT('',(1.91,-0.0477537807437,0.353475480910246));
#1797=CARTESIAN_POINT('',(1.91,-0.0477537807437,0.353475480910246));
#1798=CARTESIAN_POINT('',(1.91,0.,0.));
#1799=CARTESIAN_POINT('',(1.91,-0.100146181031363,0.342339132447458));
#1800=CARTESIAN_POINT('',(1.91,-0.100146181031363,0.342339132447458));
#1801=CARTESIAN_POINT('',(1.27,-0.187396680001372,0.303492707520661));
#1802=CARTESIAN_POINT('',(-1.27,-0.187396680001372,0.303492707520661));
#1803=CARTESIAN_POINT('',(1.27,-0.189238470911956,0.31793447030797));
#1804=CARTESIAN_POINT('',(-1.27,-0.189238470911956,0.31793447030797));
#1805=CARTESIAN_POINT('',(1.27,-0.187955590508076,0.33982371402872));
#1806=CARTESIAN_POINT('',(-1.27,-0.187955590508076,0.33982371402872));
#1807=CARTESIAN_POINT('',(1.27,-0.18603767961005,0.368869909647742));
#1808=CARTESIAN_POINT('',(-1.27,-0.18603767961005,0.368869909647742));
#1809=CARTESIAN_POINT('',(1.27,-0.173403406594806,0.389470427956691));
#1810=CARTESIAN_POINT('',(-1.27,-0.173403406594806,0.389470427956691));
#1811=CARTESIAN_POINT('',(1.27,-0.149640259237301,0.385075085249596));
#1812=CARTESIAN_POINT('',(-1.27,-0.149640259237301,0.385075085249596));
#1813=CARTESIAN_POINT('',(1.27,-0.126771396450873,0.36706467226894));
#1814=CARTESIAN_POINT('',(-1.27,-0.126771396450873,0.36706467226894));
#1815=CARTESIAN_POINT('',(1.27,-0.109646103388594,0.353371275547012));
#1816=CARTESIAN_POINT('',(-1.27,-0.109646103388594,0.353371275547012));
#1817=CARTESIAN_POINT('',(1.27,-0.100146181031363,0.342339132447458));
#1818=CARTESIAN_POINT('',(-1.27,-0.100146181031363,0.342339132447458));
#1819=CARTESIAN_POINT('',(0.635,-0.1873966799987,0.303492707499708));
#1820=CARTESIAN_POINT('',(1.27,-0.187396679998701,0.303492707499721));
#1821=CARTESIAN_POINT('',(1.27,-0.100146181031363,0.342339132447458));
#1822=CARTESIAN_POINT('',(1.27,-0.109691184652704,0.35342362786507));
#1823=CARTESIAN_POINT('',(1.27,-0.126547677369678,0.366940274930925));
#1824=CARTESIAN_POINT('',(1.27,-0.149380305389592,0.384819822150184));
#1825=CARTESIAN_POINT('',(1.27,-0.173021672764188,0.389661103189726));
#1826=CARTESIAN_POINT('',(1.27,-0.186068687871096,0.369143200157485));
#1827=CARTESIAN_POINT('',(1.27,-0.187902103403829,0.339926903860346));
#1828=CARTESIAN_POINT('',(1.27,-0.189253025060947,0.318048591604855));
#1829=CARTESIAN_POINT('',(1.27,-0.187396680000037,0.303492707510194));
#1830=CARTESIAN_POINT('',(-2.61703841816038,0.,0.));
#1831=CARTESIAN_POINT('',(0.635,-0.230729958306608,0.272009237931122));
#1832=CARTESIAN_POINT('',(1.27,-0.230729958306616,0.272009237931126));
#1833=CARTESIAN_POINT('',(1.91,-0.187396679998701,0.303492707499721));
#1834=CARTESIAN_POINT('',(1.91,-0.187396679998701,0.303492707499721));
#1835=CARTESIAN_POINT('',(1.91,0.,0.));
#1836=CARTESIAN_POINT('',(1.91,-0.230729958306616,0.272009237931126));
#1837=CARTESIAN_POINT('',(1.91,-0.230729958306616,0.272009237931126));
#1838=CARTESIAN_POINT('',(1.27,-0.294636990847497,0.201033287835846));
#1839=CARTESIAN_POINT('',(-1.27,-0.294636990847497,0.201033287835846));
#1840=CARTESIAN_POINT('',(1.27,-0.302193544683983,0.213477370778327));
#1841=CARTESIAN_POINT('',(-1.27,-0.302193544683983,0.213477370778327));
#1842=CARTESIAN_POINT('',(1.27,-0.309924732628781,0.23399598441959));
#1843=CARTESIAN_POINT('',(-1.27,-0.309924732628781,0.23399598441959));
#1844=CARTESIAN_POINT('',(1.27,-0.319986785939926,0.261311089129528));
#1845=CARTESIAN_POINT('',(-1.27,-0.319986785939926,0.261311089129528));
#1846=CARTESIAN_POINT('',(1.27,-0.316823788878838,0.285269420849675));
#1847=CARTESIAN_POINT('',(-1.27,-0.316823788878838,0.285269420849675));
#1848=CARTESIAN_POINT('',(1.27,-0.293327326613246,0.290919418269933));
#1849=CARTESIAN_POINT('',(-1.27,-0.293327326613246,0.290919418269933));
#1850=CARTESIAN_POINT('',(1.27,-0.265110085977092,0.2837676917819));
#1851=CARTESIAN_POINT('',(-1.27,-0.265110085977092,0.2837676917819));
#1852=CARTESIAN_POINT('',(1.27,-0.243895746074267,0.278223635618726));
#1853=CARTESIAN_POINT('',(-1.27,-0.243895746074267,0.278223635618726));
#1854=CARTESIAN_POINT('',(1.27,-0.230729958306616,0.272009237931126));
#1855=CARTESIAN_POINT('',(-1.27,-0.230729958306616,0.272009237931126));
#1856=CARTESIAN_POINT('',(0.635,-0.294636990836533,0.201033287817792));
#1857=CARTESIAN_POINT('',(1.27,-0.294636990836541,0.201033287817803));
#1858=CARTESIAN_POINT('',(1.27,-0.230729958306617,0.272009237931126));
#1859=CARTESIAN_POINT('',(1.27,-0.243958223464423,0.278253125639055));
#1860=CARTESIAN_POINT('',(1.27,-0.264855111471007,0.283745043906891));
#1861=CARTESIAN_POINT('',(1.27,-0.292986022100319,0.290791956580334));
#1862=CARTESIAN_POINT('',(1.27,-0.316552612276051,0.285598876479513));
#1863=CARTESIAN_POINT('',(1.27,-0.320126270660472,0.261548140237315));
#1864=CARTESIAN_POINT('',(1.27,-0.309917840813368,0.234112008186775));
#1865=CARTESIAN_POINT('',(1.27,-0.302253257873887,0.213575706065015));
#1866=CARTESIAN_POINT('',(1.27,-0.29463699084202,0.201033287826827));
#1867=CARTESIAN_POINT('',(-2.61703841816038,0.,0.));
#1868=CARTESIAN_POINT('',(0.635,-0.32141842967478,0.154646475050152));
#1869=CARTESIAN_POINT('',(1.27,-0.321418429674789,0.154646475050152));
#1870=CARTESIAN_POINT('',(1.91,-0.294636990836541,0.201033287817803));
#1871=CARTESIAN_POINT('',(1.91,-0.294636990836541,0.201033287817803));
#1872=CARTESIAN_POINT('',(1.91,0.,0.));
#1873=CARTESIAN_POINT('',(1.91,-0.321418429674789,0.154646475050152));
#1874=CARTESIAN_POINT('',(1.91,-0.321418429674789,0.154646475050152));
#1875=CARTESIAN_POINT('',(1.27,-0.350931889283058,0.0638133863541276));
#1876=CARTESIAN_POINT('',(-1.27,-0.350931889283058,0.0638133863541276));
#1877=CARTESIAN_POINT('',(1.27,-0.362896609238006,0.0721080944600797));
#1878=CARTESIAN_POINT('',(-1.27,-0.362896609238006,0.0721080944600797));
#1879=CARTESIAN_POINT('',(1.27,-0.378305072900159,0.087708223317531));
#1880=CARTESIAN_POINT('',(-1.27,-0.378305072900159,0.087708223317531));
#1881=CARTESIAN_POINT('',(1.27,-0.398607269992101,0.1085692073641));
#1882=CARTESIAN_POINT('',(-1.27,-0.398607269992101,0.1085692073641));
#1883=CARTESIAN_POINT('',(1.27,-0.405462459811955,0.131742739286421));
#1884=CARTESIAN_POINT('',(-1.27,-0.405462459811955,0.131742739286421));
#1885=CARTESIAN_POINT('',(1.27,-0.386295434422656,0.146461140951454));
#1886=CARTESIAN_POINT('',(-1.27,-0.386295434422656,0.146461140951454));
#1887=CARTESIAN_POINT('',(1.27,-0.35760883318835,0.151404699437221));
#1888=CARTESIAN_POINT('',(-1.27,-0.35760883318835,0.151404699437221));
#1889=CARTESIAN_POINT('',(1.27,-0.335973598540404,0.154968601509582));
#1890=CARTESIAN_POINT('',(-1.27,-0.335973598540404,0.154968601509582));
#1891=CARTESIAN_POINT('',(1.27,-0.321418429674789,0.154646475050152));
#1892=CARTESIAN_POINT('',(-1.27,-0.321418429674789,0.154646475050152));
#1893=CARTESIAN_POINT('',(0.635,-0.350931889265699,0.0638133863420937));
#1894=CARTESIAN_POINT('',(1.27,-0.350931889265711,0.0638133863421012));
#1895=CARTESIAN_POINT('',(1.27,-0.321418429674789,0.154646475050152));
#1896=CARTESIAN_POINT('',(1.27,-0.336042669148261,0.154970130139759));
#1897=CARTESIAN_POINT('',(1.27,-0.357366690665849,0.151487717048556));
#1898=CARTESIAN_POINT('',(1.27,-0.385931793895452,0.146483519955752));
#1899=CARTESIAN_POINT('',(1.27,-0.405348729335184,0.13215400944165));
#1900=CARTESIAN_POINT('',(1.27,-0.398831112996783,0.108729030779852));
#1901=CARTESIAN_POINT('',(1.27,-0.378345968031077,0.0878170194568869));
#1902=CARTESIAN_POINT('',(1.27,-0.362991156515801,0.0721736406721495));
#1903=CARTESIAN_POINT('',(1.27,-0.350931889274387,0.0638133863481163));
#1904=CARTESIAN_POINT('',(-2.61703841816038,0.,0.));
#1905=CARTESIAN_POINT('',(0.635,-0.356530734557417,0.0105439317138912));
#1906=CARTESIAN_POINT('',(1.27,-0.356530734557426,0.0105439317138874));
#1907=CARTESIAN_POINT('',(1.91,-0.350931889265711,0.0638133863421012));
#1908=CARTESIAN_POINT('',(1.91,-0.350931889265711,0.0638133863421012));
#1909=CARTESIAN_POINT('',(1.91,0.,0.));
#1910=CARTESIAN_POINT('',(1.91,-0.356530734557426,0.0105439317138874));
#1911=CARTESIAN_POINT('',(1.91,-0.356530734557426,0.0105439317138874));
#1912=CARTESIAN_POINT('',(1.27,-0.346547475945451,-0.084440429354634));
#1913=CARTESIAN_POINT('',(-1.27,-0.346547475945451,-0.084440429354634));
#1914=CARTESIAN_POINT('',(1.27,-0.360851553242566,-0.0817293264717828));
#1915=CARTESIAN_POINT('',(-1.27,-0.360851553242566,-0.0817293264717828));
#1916=CARTESIAN_POINT('',(1.27,-0.381273029273409,-0.0737450864003249));
#1917=CARTESIAN_POINT('',(-1.27,-0.381273029273409,-0.0737450864003249));
#1918=CARTESIAN_POINT('',(1.27,-0.408304935829276,-0.0629452766748654));
#1919=CARTESIAN_POINT('',(-1.27,-0.408304935829276,-0.0629452766748654));
#1920=CARTESIAN_POINT('',(1.27,-0.423992987932776,-0.0445634587446684));
#1921=CARTESIAN_POINT('',(-1.27,-0.423992987932776,-0.0445634587446684));
#1922=CARTESIAN_POINT('',(1.27,-0.412469552236539,-0.0233215981952259));
#1923=CARTESIAN_POINT('',(-1.27,-0.412469552236539,-0.0233215981952259));
#1924=CARTESIAN_POINT('',(1.27,-0.388273764367084,-0.00713754090866724));
#1925=CARTESIAN_POINT('',(-1.27,-0.388273764367084,-0.00713754090866724));
#1926=CARTESIAN_POINT('',(1.27,-0.369958563594585,0.00491808835388329));
#1927=CARTESIAN_POINT('',(-1.27,-0.369958563594585,0.00491808835388329));
#1928=CARTESIAN_POINT('',(1.27,-0.356530734557426,0.0105439317138874));
#1929=CARTESIAN_POINT('',(-1.27,-0.356530734557426,0.0105439317138874));
#1930=CARTESIAN_POINT('',(0.635,-0.346547475924699,-0.0844404293585673));
#1931=CARTESIAN_POINT('',(1.27,-0.346547475924711,-0.0844404293585648));
#1932=CARTESIAN_POINT('',(1.27,-0.356530734557426,0.0105439317138874));
#1933=CARTESIAN_POINT('',(1.27,-0.370022284484555,0.00489139127986328));
#1934=CARTESIAN_POINT('',(1.27,-0.388086322470101,-0.00696321231018009));
#1935=CARTESIAN_POINT('',(1.27,-0.412146452445783,-0.023153248030183));
#1936=CARTESIAN_POINT('',(1.27,-0.424056368614661,-0.0441414864101594));
#1937=CARTESIAN_POINT('',(1.27,-0.408574432629035,-0.0628903158716807));
#1938=CARTESIAN_POINT('',(1.27,-0.381354640210999,-0.073662329729675));
#1939=CARTESIAN_POINT('',(1.27,-0.360964586524992,-0.0817079028698635));
#1940=CARTESIAN_POINT('',(1.27,-0.346547475935085,-0.0844404293565988));
#1941=CARTESIAN_POINT('',(-2.61703841816038,0.,0.));
#1942=CARTESIAN_POINT('',(0.635,-0.329995636455036,-0.135381753204314));
#1943=CARTESIAN_POINT('',(1.27,-0.329995636455044,-0.135381753204321));
#1944=CARTESIAN_POINT('',(1.91,-0.346547475924711,-0.0844404293585648));
#1945=CARTESIAN_POINT('',(1.91,-0.346547475924711,-0.0844404293585648));
#1946=CARTESIAN_POINT('',(1.91,0.,0.));
#1947=CARTESIAN_POINT('',(1.91,-0.329995636455044,-0.135381753204321));
#1948=CARTESIAN_POINT('',(1.91,-0.329995636455044,-0.135381753204321));
#1949=CARTESIAN_POINT('',(1.27,-0.282241855731892,-0.218093727710761));
#1950=CARTESIAN_POINT('',(-1.27,-0.282241855731892,-0.218093727710761));
#1951=CARTESIAN_POINT('',(1.27,-0.29641198545804,-0.221435004369052));
#1952=CARTESIAN_POINT('',(-1.27,-0.29641198545804,-0.221435004369052));
#1953=CARTESIAN_POINT('',(1.27,-0.318315415128555,-0.222447200726487));
#1954=CARTESIAN_POINT('',(-1.27,-0.318315415128555,-0.222447200726487));
#1955=CARTESIAN_POINT('',(1.27,-0.347402968927676,-0.22357595053686));
#1956=CARTESIAN_POINT('',(-1.27,-0.347402968927676,-0.22357595053686));
#1957=CARTESIAN_POINT('',(1.27,-0.369211276584648,-0.213164229912491));
#1958=CARTESIAN_POINT('',(-1.27,-0.369211276584648,-0.213164229912491));
#1959=CARTESIAN_POINT('',(1.27,-0.367323937300479,-0.189071821143883));
#1960=CARTESIAN_POINT('',(-1.27,-0.367323937300479,-0.189071821143883));
#1961=CARTESIAN_POINT('',(1.27,-0.351802634330335,-0.164445635588923));
#1962=CARTESIAN_POINT('',(-1.27,-0.351802634330335,-0.164445635588923));
#1963=CARTESIAN_POINT('',(1.27,-0.339974332035222,-0.145982806957631));
#1964=CARTESIAN_POINT('',(-1.27,-0.339974332035222,-0.145982806957631));
#1965=CARTESIAN_POINT('',(1.27,-0.329995636455043,-0.135381753204321));
#1966=CARTESIAN_POINT('',(-1.27,-0.329995636455043,-0.135381753204321));
#1967=CARTESIAN_POINT('',(0.635,-0.282241855711334,-0.218093727705914));
#1968=CARTESIAN_POINT('',(1.27,-0.282241855711347,-0.218093727705917));
#1969=CARTESIAN_POINT('',(1.27,-0.329995636455044,-0.135381753204321));
#1970=CARTESIAN_POINT('',(1.27,-0.340021685286544,-0.146033113569215));
#1971=CARTESIAN_POINT('',(1.27,-0.351702303465715,-0.164210139001687));
#1972=CARTESIAN_POINT('',(1.27,-0.367097245135257,-0.188786609091041));
#1973=CARTESIAN_POINT('',(1.27,-0.369440809329497,-0.212804518248833));
#1974=CARTESIAN_POINT('',(1.27,-0.347671521077535,-0.223635355568416));
#1975=CARTESIAN_POINT('',(1.27,-0.318423630600296,-0.222404792904717));
#1976=CARTESIAN_POINT('',(1.27,-0.296523960263694,-0.221461407712685));
#1977=CARTESIAN_POINT('',(1.27,-0.282241855721623,-0.21809372770834));
#1978=CARTESIAN_POINT('',(-2.61703841816038,0.,0.));
#1979=CARTESIAN_POINT('',(0.635,-0.246401294893338,-0.257898703088877));
#1980=CARTESIAN_POINT('',(1.27,-0.246401294893342,-0.257898703088886));
#1981=CARTESIAN_POINT('',(1.91,-0.282241855711347,-0.218093727705917));
#1982=CARTESIAN_POINT('',(1.91,-0.282241855711347,-0.218093727705917));
#1983=CARTESIAN_POINT('',(1.91,0.,0.));
#1984=CARTESIAN_POINT('',(1.91,-0.246401294893342,-0.257898703088886));
#1985=CARTESIAN_POINT('',(1.91,-0.246401294893342,-0.257898703088886));
#1986=CARTESIAN_POINT('',(1.27,-0.169134054575525,-0.314036639226383));
#1987=CARTESIAN_POINT('',(-1.27,-0.169134054575525,-0.314036639226383));
#1988=CARTESIAN_POINT('',(1.27,-0.180720092569467,-0.322852558337055));
#1989=CARTESIAN_POINT('',(-1.27,-0.180720092569467,-0.322852558337055));
#1990=CARTESIAN_POINT('',(1.27,-0.200318173903212,-0.332686173177662));
#1991=CARTESIAN_POINT('',(-1.27,-0.200318173903212,-0.332686173177662));
#1992=CARTESIAN_POINT('',(1.27,-0.226431872641589,-0.345548311427285));
#1993=CARTESIAN_POINT('',(-1.27,-0.226431872641589,-0.345548311427285));
#1994=CARTESIAN_POINT('',(1.27,-0.250589581335887,-0.34490696919221));
#1995=CARTESIAN_POINT('',(-1.27,-0.250589581335887,-0.34490696919221));
#1996=CARTESIAN_POINT('',(1.27,-0.258664676571956,-0.322129808553191));
#1997=CARTESIAN_POINT('',(-1.27,-0.258664676571957,-0.322129808553191));
#1998=CARTESIAN_POINT('',(1.27,-0.254501632791273,-0.293319585934156));
#1999=CARTESIAN_POINT('',(-1.27,-0.254501632791273,-0.293319585934156));
#2000=CARTESIAN_POINT('',(1.27,-0.251205449897126,-0.271641948734005));
#2001=CARTESIAN_POINT('',(-1.27,-0.251205449897126,-0.271641948734005));
#2002=CARTESIAN_POINT('',(1.27,-0.246401294893342,-0.257898703088886));
#2003=CARTESIAN_POINT('',(-1.27,-0.246401294893342,-0.257898703088886));
#2004=CARTESIAN_POINT('',(0.635,-0.169134054558716,-0.314036639213592));
#2005=CARTESIAN_POINT('',(1.27,-0.169134054558726,-0.3140366392136));
#2006=CARTESIAN_POINT('',(1.27,-0.246401294893342,-0.257898703088886));
#2007=CARTESIAN_POINT('',(1.27,-0.251228247702455,-0.271707166412988));
#2008=CARTESIAN_POINT('',(1.27,-0.254505761076987,-0.293063640857523));
#2009=CARTESIAN_POINT('',(1.27,-0.258573589167072,-0.321777050367559));
#2010=CARTESIAN_POINT('',(1.27,-0.250945577846875,-0.344671715613929));
#2011=CARTESIAN_POINT('',(1.27,-0.226653045035116,-0.345711810623949));
#2012=CARTESIAN_POINT('',(1.27,-0.200434282470933,-0.33269144690242));
#2013=CARTESIAN_POINT('',(1.27,-0.180811647437191,-0.322922223248262));
#2014=CARTESIAN_POINT('',(1.27,-0.169134054567129,-0.314036639219994));
#2015=CARTESIAN_POINT('',(-2.61703841816038,0.,0.));
#2016=CARTESIAN_POINT('',(0.635,-0.120201930959092,-0.335822624273208));
#2017=CARTESIAN_POINT('',(1.27,-0.120201930959091,-0.335822624273218));
#2018=CARTESIAN_POINT('',(1.91,-0.169134054558726,-0.3140366392136));
#2019=CARTESIAN_POINT('',(1.91,-0.169134054558726,-0.3140366392136));
#2020=CARTESIAN_POINT('',(1.91,0.,0.));
#2021=CARTESIAN_POINT('',(1.91,-0.120201930959091,-0.335822624273218));
#2022=CARTESIAN_POINT('',(1.91,-0.120201930959091,-0.335822624273218));
#2023=CARTESIAN_POINT('',(1.27,-0.0267814388484015,-0.355679762886458));
#2024=CARTESIAN_POINT('',(-1.27,-0.0267814388484015,-0.355679762886458));
#2025=CARTESIAN_POINT('',(1.27,-0.0337800538851421,-0.368445971945176));
#2026=CARTESIAN_POINT('',(-1.27,-0.0337800538851421,-0.368445971945176));
#2027=CARTESIAN_POINT('',(1.27,-0.0476841005765218,-0.385400683927416));
#2028=CARTESIAN_POINT('',(-1.27,-0.0476841005765218,-0.385400683927416));
#2029=CARTESIAN_POINT('',(1.27,-0.0663086485067854,-0.407772230064074));
#2030=CARTESIAN_POINT('',(-1.27,-0.0663086485067854,-0.407772230064074));
#2031=CARTESIAN_POINT('',(1.27,-0.0886386709392717,-0.417012160117149));
#2032=CARTESIAN_POINT('',(-1.27,-0.0886386709392717,-0.417012160117149));
#2033=CARTESIAN_POINT('',(1.27,-0.105279943369328,-0.399488625606214));
#2034=CARTESIAN_POINT('',(-1.27,-0.105279943369328,-0.399488625606214));
#2035=CARTESIAN_POINT('',(1.27,-0.113194986867851,-0.371475915146589));
#2036=CARTESIAN_POINT('',(-1.27,-0.113194986867851,-0.371475915146589));
#2037=CARTESIAN_POINT('',(1.27,-0.119000863341947,-0.350331729784638));
#2038=CARTESIAN_POINT('',(-1.27,-0.119000863341947,-0.350331729784638));
#2039=CARTESIAN_POINT('',(1.27,-0.120201930959091,-0.335822624273218));
#2040=CARTESIAN_POINT('',(-1.27,-0.120201930959091,-0.335822624273218));
#2041=CARTESIAN_POINT('',(0.635,-0.0267814388382478,-0.355679762867937));
#2042=CARTESIAN_POINT('',(1.27,-0.0267814388382541,-0.355679762867949));
#2043=CARTESIAN_POINT('',(1.27,-0.120201930959091,-0.335822624273218));
#2044=CARTESIAN_POINT('',(1.27,-0.118995163753632,-0.35040058180184));
#2045=CARTESIAN_POINT('',(1.27,-0.113302860485793,-0.371243776809498));
#2046=CARTESIAN_POINT('',(1.27,-0.105340210564589,-0.399129316382793));
#2047=CARTESIAN_POINT('',(1.27,-0.0890595761855241,-0.416942042105143));
#2048=CARTESIAN_POINT('',(1.27,-0.0664441984278518,-0.408011552929399));
#2049=CARTESIAN_POINT('',(1.27,-0.0477880260140537,-0.385452727323785));
#2050=CARTESIAN_POINT('',(1.27,-0.033835358146548,-0.368546852727908));
#2051=CARTESIAN_POINT('',(1.27,-0.0267814388433294,-0.355679762877206));
#2052=CARTESIAN_POINT('',(1.27,0.120201930957345,-0.33582262429426));
#2053=CARTESIAN_POINT('',(-1.27,0.120201930957345,-0.33582262429426));
#2054=CARTESIAN_POINT('',(1.27,0.119000862998086,-0.350331729777381));
#2055=CARTESIAN_POINT('',(-1.27,0.119000862998086,-0.350331729777381));
#2056=CARTESIAN_POINT('',(1.27,0.113194986936301,-0.371475915170829));
#2057=CARTESIAN_POINT('',(-1.27,0.113194986936301,-0.371475915170829));
#2058=CARTESIAN_POINT('',(1.27,0.105279943350001,-0.399488625628371));
#2059=CARTESIAN_POINT('',(-1.27,0.105279943350001,-0.399488625628371));
#2060=CARTESIAN_POINT('',(1.27,0.0886386709197885,-0.41701216012129));
#2061=CARTESIAN_POINT('',(-1.27,0.0886386709197885,-0.41701216012129));
#2062=CARTESIAN_POINT('',(1.27,0.0663086484801173,-0.407772230051693));
#2063=CARTESIAN_POINT('',(-1.27,0.0663086484801173,-0.407772230051693));
#2064=CARTESIAN_POINT('',(1.27,0.0476841006291956,-0.385400683877433));
#2065=CARTESIAN_POINT('',(-1.27,0.0476841006291956,-0.385400683877433));
#2066=CARTESIAN_POINT('',(1.27,0.0337800535739591,-0.368445972091655));
#2067=CARTESIAN_POINT('',(-1.27,0.0337800535739591,-0.368445972091655));
#2068=CARTESIAN_POINT('',(1.27,0.0267814388382476,-0.355679762867946));
#2069=CARTESIAN_POINT('',(-1.27,0.0267814388382476,-0.355679762867946));
#2070=CARTESIAN_POINT('',(0.635,0.120201930959087,-0.33582262427321));
#2071=CARTESIAN_POINT('',(1.27,0.120201930959086,-0.335822624273223));
#2072=CARTESIAN_POINT('',(0.635,0.0267814388382431,-0.355679762867937));
#2073=CARTESIAN_POINT('',(1.27,0.0267814388382478,-0.355679762867946));
#2074=CARTESIAN_POINT('',(1.27,0.0267814388382478,-0.355679762867946));
#2075=CARTESIAN_POINT('',(1.27,0.0338132650453212,-0.368506553307802));
#2076=CARTESIAN_POINT('',(1.27,0.0474911340075683,-0.385232491107278));
#2077=CARTESIAN_POINT('',(1.27,0.0661074474302826,-0.407468497619439));
#2078=CARTESIAN_POINT('',(1.27,0.0882256352791583,-0.417119301716836));
#2079=CARTESIAN_POINT('',(1.27,0.105253453714182,-0.399762391064759));
#2080=CARTESIAN_POINT('',(1.27,0.113121214281245,-0.37156572946277));
#2081=CARTESIAN_POINT('',(1.27,0.118991371952208,-0.35044638322785));
#2082=CARTESIAN_POINT('',(1.27,0.120201930958215,-0.335822624283745));
#2083=CARTESIAN_POINT('',(-2.61703841816038,0.,0.));
#2084=CARTESIAN_POINT('',(0.635,0.169134054558712,-0.314036639213595));
#2085=CARTESIAN_POINT('',(1.27,0.169134054558719,-0.3140366392136));
#2086=CARTESIAN_POINT('',(1.91,0.120201930959086,-0.335822624273223));
#2087=CARTESIAN_POINT('',(1.91,0.120201930959086,-0.335822624273223));
#2088=CARTESIAN_POINT('',(1.91,0.,0.));
#2089=CARTESIAN_POINT('',(1.91,0.169134054558719,-0.3140366392136));
#2090=CARTESIAN_POINT('',(1.91,0.169134054558719,-0.3140366392136));
#2091=CARTESIAN_POINT('',(1.27,0.246401294900305,-0.257898703108819));
#2092=CARTESIAN_POINT('',(-1.27,0.246401294900305,-0.257898703108819));
#2093=CARTESIAN_POINT('',(1.27,0.251205449580041,-0.271641948867245));
#2094=CARTESIAN_POINT('',(-1.27,0.251205449580041,-0.271641948867245));
#2095=CARTESIAN_POINT('',(1.27,0.254501632863665,-0.293319585928457));
#2096=CARTESIAN_POINT('',(-1.27,0.254501632863665,-0.293319585928457));
#2097=CARTESIAN_POINT('',(1.27,0.258664676563313,-0.322129808581294));
#2098=CARTESIAN_POINT('',(-1.27,0.258664676563313,-0.322129808581294));
#2099=CARTESIAN_POINT('',(1.27,0.250589581319772,-0.344906969203918));
#2100=CARTESIAN_POINT('',(-1.27,0.250589581319772,-0.344906969203918));
#2101=CARTESIAN_POINT('',(1.27,0.22643187261219,-0.345548311426821));
#2102=CARTESIAN_POINT('',(-1.27,0.22643187261219,-0.345548311426821));
#2103=CARTESIAN_POINT('',(1.27,0.200318173931,-0.332686173110573));
#2104=CARTESIAN_POINT('',(-1.27,0.200318173931,-0.332686173110573));
#2105=CARTESIAN_POINT('',(1.27,0.180720092344774,-0.322852558597451));
#2106=CARTESIAN_POINT('',(-1.27,0.180720092344774,-0.322852558597451));
#2107=CARTESIAN_POINT('',(1.27,0.16913405455872,-0.3140366392136));
#2108=CARTESIAN_POINT('',(-1.27,0.16913405455872,-0.3140366392136));
#2109=CARTESIAN_POINT('',(0.635,0.246401294893335,-0.25789870308888));
#2110=CARTESIAN_POINT('',(1.27,0.246401294893339,-0.257898703088892));
#2111=CARTESIAN_POINT('',(1.27,0.16913405455872,-0.3140366392136));
#2112=CARTESIAN_POINT('',(1.27,0.180775073134068,-0.322894393969907));
#2113=CARTESIAN_POINT('',(1.27,0.200073479987613,-0.332611007965296));
#2114=CARTESIAN_POINT('',(1.27,0.226124527197153,-0.34535267388259));
#2115=CARTESIAN_POINT('',(1.27,0.250255832899335,-0.345172844651794));
#2116=CARTESIAN_POINT('',(1.27,0.258751827511423,-0.322390680057716));
#2117=CARTESIAN_POINT('',(1.27,0.254470768953346,-0.29343164140896));
#2118=CARTESIAN_POINT('',(1.27,0.251243412837748,-0.271750550362256));
#2119=CARTESIAN_POINT('',(1.27,0.246401294896823,-0.257898703098859));
#2120=CARTESIAN_POINT('',(-2.61703841816038,0.,0.));
#2121=CARTESIAN_POINT('',(0.635,0.282241855711331,-0.218093727705918));
#2122=CARTESIAN_POINT('',(1.27,0.282241855711341,-0.21809372770592));
#2123=CARTESIAN_POINT('',(1.91,0.246401294893339,-0.257898703088892));
#2124=CARTESIAN_POINT('',(1.91,0.246401294893339,-0.257898703088892));
#2125=CARTESIAN_POINT('',(1.91,0.,0.));
#2126=CARTESIAN_POINT('',(1.91,0.282241855711341,-0.21809372770592));
#2127=CARTESIAN_POINT('',(1.91,0.282241855711341,-0.21809372770592));
#2128=CARTESIAN_POINT('',(1.27,0.329995636469512,-0.135381753219699));
#2129=CARTESIAN_POINT('',(-1.27,0.329995636469512,-0.135381753219699));
#2130=CARTESIAN_POINT('',(1.27000000000001,0.339974331799742,-0.145982807208317));
#2131=CARTESIAN_POINT('',(-1.27,0.339974331799742,-0.145982807208317));
#2132=CARTESIAN_POINT('',(1.27,0.351802634394151,-0.164445635554273));
#2133=CARTESIAN_POINT('',(-1.27,0.351802634394151,-0.164445635554273));
#2134=CARTESIAN_POINT('',(1.27,0.367323937304013,-0.189071821173072));
#2135=CARTESIAN_POINT('',(-1.27,0.367323937304013,-0.189071821173072));
#2136=CARTESIAN_POINT('',(1.27,0.36921127657469,-0.213164229929741));
#2137=CARTESIAN_POINT('',(-1.27,0.36921127657469,-0.213164229929741));
#2138=CARTESIAN_POINT('',(1.27,0.347402968900631,-0.223575950548394));
#2139=CARTESIAN_POINT('',(-1.27,0.347402968900631,-0.223575950548394));
#2140=CARTESIAN_POINT('',(1.27,0.318315415126655,-0.222447200653894));
#2141=CARTESIAN_POINT('',(-1.27,0.318315415126655,-0.222447200653894));
#2142=CARTESIAN_POINT('',(1.27,0.296411985358682,-0.221435004698332));
#2143=CARTESIAN_POINT('',(-1.27,0.296411985358682,-0.221435004698332));
#2144=CARTESIAN_POINT('',(1.27,0.28224185571134,-0.21809372770592));
#2145=CARTESIAN_POINT('',(-1.27,0.28224185571134,-0.21809372770592));
#2146=CARTESIAN_POINT('',(0.635,0.329995636455035,-0.135381753204319));
#2147=CARTESIAN_POINT('',(1.27,0.329995636455044,-0.135381753204328));
#2148=CARTESIAN_POINT('',(1.27,0.28224185571134,-0.21809372770592));
#2149=CARTESIAN_POINT('',(1.27,0.296479228787951,-0.221450860511137));
#2150=CARTESIAN_POINT('',(1.27,0.318061303667294,-0.222478059869968));
#2151=CARTESIAN_POINT('',(1.27,0.347042621934792,-0.223522235400893));
#2152=CARTESIAN_POINT('',(1.27,0.369014523508349,-0.21354286694961));
#2153=CARTESIAN_POINT('',(1.27,0.367509659645383,-0.189274691641312));
#2154=CARTESIAN_POINT('',(1.27,0.351820015879051,-0.164560556812768));
#2155=CARTESIAN_POINT('',(1.27,0.340053185168895,-0.146066578562783));
#2156=CARTESIAN_POINT('',(1.27,0.32999563646228,-0.135381753212016));
#2157=CARTESIAN_POINT('',(-2.61703841816038,0.,0.));
#2158=CARTESIAN_POINT('',(0.635,0.346547475924697,-0.0844404293585719));
#2159=CARTESIAN_POINT('',(1.27,0.346547475924707,-0.08444042935857));
#2160=CARTESIAN_POINT('',(1.91,0.329995636455044,-0.135381753204328));
#2161=CARTESIAN_POINT('',(1.91,0.329995636455044,-0.135381753204328));
#2162=CARTESIAN_POINT('',(1.91,0.,0.));
#2163=CARTESIAN_POINT('',(1.91,0.346547475924707,-0.08444042935857));
#2164=CARTESIAN_POINT('',(1.91,0.346547475924707,-0.08444042935857));
#2165=CARTESIAN_POINT('',(1.27,0.356530734576898,0.0105439317057243));
#2166=CARTESIAN_POINT('',(-1.27,0.356530734576898,0.0105439317057244));
#2167=CARTESIAN_POINT('',(1.27,0.369958563481424,0.00491808802909186));
#2168=CARTESIAN_POINT('',(-1.27,0.369958563481424,0.00491808802909187));
#2169=CARTESIAN_POINT('',(1.27,0.388273764411289,-0.00713754085105664));
#2170=CARTESIAN_POINT('',(-1.27,0.388273764411289,-0.00713754085105664));
#2171=CARTESIAN_POINT('',(1.27,0.41246955225164,-0.0233215982204537));
#2172=CARTESIAN_POINT('',(-1.27,0.41246955225164,-0.0233215982204536));
#2173=CARTESIAN_POINT('',(1.27,0.423992987930694,-0.0445634587644774));
#2174=CARTESIAN_POINT('',(-1.27,0.423992987930694,-0.0445634587644774));
#2175=CARTESIAN_POINT('',(1.27,0.408304935809261,-0.0629452766964024));
#2176=CARTESIAN_POINT('',(-1.27,0.408304935809261,-0.0629452766964024));
#2177=CARTESIAN_POINT('',(1.27,0.381273029242148,-0.0737450863347821));
#2178=CARTESIAN_POINT('',(-1.27,0.381273029242148,-0.0737450863347821));
#2179=CARTESIAN_POINT('',(1.27,0.360851553285722,-0.0817293268130053));
#2180=CARTESIAN_POINT('',(-1.27,0.360851553285722,-0.0817293268130053));
#2181=CARTESIAN_POINT('',(1.27,0.346547475924707,-0.08444042935857));
#2182=CARTESIAN_POINT('',(-1.27,0.346547475924707,-0.08444042935857));
#2183=CARTESIAN_POINT('',(0.635,0.356530734557417,0.0105439317138864));
#2184=CARTESIAN_POINT('',(1.27,0.356530734557429,0.0105439317138813));
#2185=CARTESIAN_POINT('',(1.27,0.346547475924707,-0.08444042935857));
#2186=CARTESIAN_POINT('',(1.27,0.360919432355161,-0.0817164614520802));
#2187=CARTESIAN_POINT('',(1.27,0.381053438446669,-0.0738766340733994));
#2188=CARTESIAN_POINT('',(1.27,0.407953894556669,-0.063042771782624));
#2189=CARTESIAN_POINT('',(1.27,0.423967250611067,-0.0449893875757894));
#2190=CARTESIAN_POINT('',(1.27,0.41272173290621,-0.0234313895335303));
#2191=CARTESIAN_POINT('',(1.27,0.388336385874764,-0.00723545695792045));
#2192=CARTESIAN_POINT('',(1.27,0.370064672498137,0.00487363164340515));
#2193=CARTESIAN_POINT('',(1.27,0.356530734567167,0.0105439317098016));
#2194=CARTESIAN_POINT('',(-2.61703841816038,0.,0.));
#2195=CARTESIAN_POINT('',(0.635,0.3509318892657,0.0638133863420892));
#2196=CARTESIAN_POINT('',(1.27,0.350931889265709,0.0638133863420947));
#2197=CARTESIAN_POINT('',(1.91,0.356530734557429,0.0105439317138813));
#2198=CARTESIAN_POINT('',(1.91,0.356530734557429,0.0105439317138813));
#2199=CARTESIAN_POINT('',(1.91,0.,0.));
#2200=CARTESIAN_POINT('',(1.91,0.350931889265709,0.0638133863420947));
#2201=CARTESIAN_POINT('',(1.91,0.350931889265709,0.0638133863420947));
#2202=CARTESIAN_POINT('',(1.27,0.3214184296959,0.154646475050615));
#2203=CARTESIAN_POINT('',(-1.27,0.3214184296959,0.154646475050615));
#2204=CARTESIAN_POINT('',(1.27,0.335973598569132,0.154968601166841));
#2205=CARTESIAN_POINT('',(-1.27,0.335973598569132,0.154968601166841));
#2206=CARTESIAN_POINT('',(1.27,0.357608833205304,0.151404699507831));
#2207=CARTESIAN_POINT('',(-1.27,0.357608833205304,0.151404699507831));
#2208=CARTESIAN_POINT('',(1.27,0.386295434446713,0.146461140934549));
#2209=CARTESIAN_POINT('',(-1.27,0.386295434446714,0.146461140934549));
#2210=CARTESIAN_POINT('',(1.27,0.405462459818111,0.131742739267477));
#2211=CARTESIAN_POINT('',(-1.27,0.405462459818111,0.131742739267477));
#2212=CARTESIAN_POINT('',(1.27,0.398607269982575,0.108569207336283));
#2213=CARTESIAN_POINT('',(-1.27,0.398607269982575,0.108569207336283));
#2214=CARTESIAN_POINT('',(1.27,0.378305072844943,0.0877082233646913));
#2215=CARTESIAN_POINT('',(-1.27,0.378305072844943,0.0877082233646913));
#2216=CARTESIAN_POINT('',(1.27,0.362896609416214,0.0721080941659143));
#2217=CARTESIAN_POINT('',(-1.27,0.362896609416214,0.0721080941659143));
#2218=CARTESIAN_POINT('',(1.27,0.350931889265708,0.0638133863420946));
#2219=CARTESIAN_POINT('',(-1.27,0.350931889265708,0.0638133863420946));
#2220=CARTESIAN_POINT('',(0.635,0.321418429674781,0.154646475050148));
#2221=CARTESIAN_POINT('',(1.27,0.321418429674795,0.154646475050149));
#2222=CARTESIAN_POINT('',(1.27,0.350931889265709,0.0638133863420947));
#2223=CARTESIAN_POINT('',(1.27,0.362953387218057,0.0721474561627886));
#2224=CARTESIAN_POINT('',(1.27,0.378157971956803,0.0874987329026122));
#2225=CARTESIAN_POINT('',(1.27,0.398326232664915,0.108337359802467));
#2226=CARTESIAN_POINT('',(1.27,0.405612188461573,0.131343165625642));
#2227=CARTESIAN_POINT('',(1.27,0.386570469088318,0.146463412692088));
#2228=CARTESIAN_POINT('',(1.27,0.357705866827418,0.151340719137015));
#2229=CARTESIAN_POINT('',(1.27,0.336088616020442,0.154971146662891));
#2230=CARTESIAN_POINT('',(1.27,0.32141842968535,0.154646475050382));
#2231=CARTESIAN_POINT('',(-2.61703841816038,0.,0.));
#2232=CARTESIAN_POINT('',(1.91,0.321418429674795,0.154646475050149));
#2233=CARTESIAN_POINT('',(1.91,0.321418429674795,0.154646475050149));
#2234=CARTESIAN_POINT('',(1.91,0.,0.));
#2235=CARTESIAN_POINT('',(1.91,0.294636990836541,0.201033287817796));
#2236=CARTESIAN_POINT('',(1.91,0.294636990836541,0.201033287817796));
#2237=CARTESIAN_POINT('',(-2.61703841816038,0.,0.));
#2238=CARTESIAN_POINT('',(1.91,-0.0267814388382541,-0.355679762867949));
#2239=CARTESIAN_POINT('',(1.91,-0.0267814388382541,-0.355679762867949));
#2240=CARTESIAN_POINT('',(1.91,0.,0.));
#2241=CARTESIAN_POINT('',(1.91,0.0267814388382478,-0.355679762867946));
#2242=CARTESIAN_POINT('',(1.91,0.0267814388382478,-0.355679762867946));
#2243=CARTESIAN_POINT('',(-2.13270545462126,0.,4.19747690407756E-17));
#2244=CARTESIAN_POINT('',(1.91,0.,4.19747690407756E-17));
#2245=CARTESIAN_POINT('',(-2.13270545462126,0.,4.19747690407756E-17));
#2246=CARTESIAN_POINT('',(1.91,0.,4.19747690407756E-17));
#2247=CARTESIAN_POINT('',(-2.13270545462126,0.,4.19747690407756E-17));
#2248=CARTESIAN_POINT('',(1.91,0.,4.19747690407756E-17));
#2249=CARTESIAN_POINT('',(-2.13270545462126,0.,4.19747690407756E-17));
#2250=CARTESIAN_POINT('',(1.91,0.,4.19747690407756E-17));
#2251=CARTESIAN_POINT('',(-2.13270545462126,0.,4.19747690407756E-17));
#2252=CARTESIAN_POINT('',(1.91,0.,4.19747690407756E-17));
#2253=CARTESIAN_POINT('',(-2.13270545462126,0.,4.19747690407756E-17));
#2254=CARTESIAN_POINT('',(1.91,0.,4.19747690407756E-17));
#2255=CARTESIAN_POINT('',(1.91,0.230729961447829,0.272009239413809));
#2256=CARTESIAN_POINT('',(1.27,0.230729961447829,0.272009239413809));
#2257=CARTESIAN_POINT('',(1.91,0.243895749098471,0.278223636666568));
#2258=CARTESIAN_POINT('',(1.27,0.243895749098471,0.278223636666568));
#2259=CARTESIAN_POINT('',(1.91,0.265110088597348,0.283767692090424));
#2260=CARTESIAN_POINT('',(1.27,0.265110088597348,0.283767692090424));
#2261=CARTESIAN_POINT('',(1.91,0.293327328871143,0.290919418991907));
#2262=CARTESIAN_POINT('',(1.27,0.293327328871143,0.290919418991907));
#2263=CARTESIAN_POINT('',(1.91,0.316823790220791,0.285269419057463));
#2264=CARTESIAN_POINT('',(1.27,0.316823790220791,0.285269419057463));
#2265=CARTESIAN_POINT('',(1.91,0.319986785238364,0.261311087886352));
#2266=CARTESIAN_POINT('',(1.27,0.319986785238364,0.261311087886352));
#2267=CARTESIAN_POINT('',(1.91,0.309924732553376,0.233995983788607));
#2268=CARTESIAN_POINT('',(1.27,0.309924732553376,0.233995983788607));
#2269=CARTESIAN_POINT('',(1.91,0.302193544834725,0.213477370373735));
#2270=CARTESIAN_POINT('',(1.27,0.302193544834725,0.213477370373735));
#2271=CARTESIAN_POINT('',(1.91,0.2946369908599,0.201033287856263));
#2272=CARTESIAN_POINT('',(1.27,0.2946369908599,0.201033287856263));
#2273=CARTESIAN_POINT('',(1.91,0.294636990836541,0.201033287817796));
#2274=CARTESIAN_POINT('',(1.91,0.302229404102939,0.213536423168045));
#2275=CARTESIAN_POINT('',(1.91,0.30987555665828,0.233744774058721));
#2276=CARTESIAN_POINT('',(1.91,0.319824346465165,0.26098497766368));
#2277=CARTESIAN_POINT('',(1.91,0.317123094056036,0.28496529227518));
#2278=CARTESIAN_POINT('',(1.91,0.293577659282612,0.291033360284916));
#2279=CARTESIAN_POINT('',(1.91,0.265224753749842,0.283748710005888));
#2280=CARTESIAN_POINT('',(1.91,0.243999784563598,0.278272742555706));
#2281=CARTESIAN_POINT('',(1.91,0.230729958316179,0.272009237935635));
#2282=CARTESIAN_POINT('',(1.91,0.321418433147472,0.154646475127004));
#2283=CARTESIAN_POINT('',(1.27,0.321418433147472,0.154646475127004));
#2284=CARTESIAN_POINT('',(1.91,0.335973601729325,0.154968601236786));
#2285=CARTESIAN_POINT('',(1.27,0.335973601729325,0.154968601236786));
#2286=CARTESIAN_POINT('',(1.91,0.357608835707548,0.151404698653321));
#2287=CARTESIAN_POINT('',(1.27,0.357608835707548,0.151404698653321));
#2288=CARTESIAN_POINT('',(1.91,0.386295436778986,0.146461140692643));
#2289=CARTESIAN_POINT('',(1.27,0.386295436778986,0.146461140692643));
#2290=CARTESIAN_POINT('',(1.91,0.40546246030893,0.131742737103346));
#2291=CARTESIAN_POINT('',(1.27,0.40546246030893,0.131742737103346));
#2292=CARTESIAN_POINT('',(1.91,0.398607268845553,0.108569206513758));
#2293=CARTESIAN_POINT('',(1.27,0.398607268845553,0.108569206513758));
#2294=CARTESIAN_POINT('',(1.91,0.378305072574634,0.0877082227717731));
#2295=CARTESIAN_POINT('',(1.27,0.378305072574634,0.0877082227717731));
#2296=CARTESIAN_POINT('',(1.91,0.362896609211143,0.0721080940291578));
#2297=CARTESIAN_POINT('',(1.27,0.362896609211143,0.0721080940291578));
#2298=CARTESIAN_POINT('',(1.91,0.350931889302694,0.0638133863677354));
#2299=CARTESIAN_POINT('',(1.27,0.350931889302694,0.0638133863677354));
#2300=CARTESIAN_POINT('',(1.91,0.350931889265709,0.0638133863420947));
#2301=CARTESIAN_POINT('',(1.91,0.362953387218057,0.0721474561627886));
#2302=CARTESIAN_POINT('',(1.91,0.378157971956803,0.0874987329026122));
#2303=CARTESIAN_POINT('',(1.91,0.398326232664915,0.108337359802467));
#2304=CARTESIAN_POINT('',(1.91,0.405612188461573,0.131343165625642));
#2305=CARTESIAN_POINT('',(1.91,0.386570469088318,0.146463412692088));
#2306=CARTESIAN_POINT('',(1.91,0.357705866827418,0.151340719137015));
#2307=CARTESIAN_POINT('',(1.91,0.336088616020442,0.154971146662891));
#2308=CARTESIAN_POINT('',(1.91,0.32141842968535,0.154646475050382));
#2309=CARTESIAN_POINT('',(1.91,0.356530737761138,0.0105439303716269));
#2310=CARTESIAN_POINT('',(1.27,0.356530737761138,0.0105439303716269));
#2311=CARTESIAN_POINT('',(1.91,0.369958566396857,0.00491808680761853));
#2312=CARTESIAN_POINT('',(1.27,0.369958566396857,0.00491808680761853));
#2313=CARTESIAN_POINT('',(1.91,0.388273766349643,-0.00713754264944561));
#2314=CARTESIAN_POINT('',(1.27,0.388273766349643,-0.00713754264944561));
#2315=CARTESIAN_POINT('',(1.91,0.412469554283887,-0.0233215993900678));
#2316=CARTESIAN_POINT('',(1.27,0.412469554283887,-0.0233215993900678));
#2317=CARTESIAN_POINT('',(1.91,0.423992987498849,-0.0445634609411449));
#2318=CARTESIAN_POINT('',(1.27,0.423992987498849,-0.0445634609411449));
#2319=CARTESIAN_POINT('',(1.91,0.408304934435987,-0.062945276985348));
#2320=CARTESIAN_POINT('',(1.27,0.408304934435987,-0.062945276985348));
#2321=CARTESIAN_POINT('',(1.91,0.381273028754046,-0.0737450867664952));
#2322=CARTESIAN_POINT('',(1.27,0.381273028754046,-0.0737450867664952));
#2323=CARTESIAN_POINT('',(1.91,0.360851553042755,-0.081729326854529));
#2324=CARTESIAN_POINT('',(1.27,0.360851553042755,-0.081729326854529));
#2325=CARTESIAN_POINT('',(1.91,0.346547475968924,-0.0844404293501894));
#2326=CARTESIAN_POINT('',(1.27,0.346547475968924,-0.0844404293501894));
#2327=CARTESIAN_POINT('',(1.91,0.346547475924707,-0.08444042935857));
#2328=CARTESIAN_POINT('',(1.91,0.360919432355161,-0.0817164614520802));
#2329=CARTESIAN_POINT('',(1.91,0.381053438446669,-0.0738766340733994));
#2330=CARTESIAN_POINT('',(1.91,0.407953894556669,-0.063042771782624));
#2331=CARTESIAN_POINT('',(1.91,0.423967250611067,-0.0449893875757894));
#2332=CARTESIAN_POINT('',(1.91,0.41272173290621,-0.0234313895335303));
#2333=CARTESIAN_POINT('',(1.91,0.388336385874764,-0.00723545695792045));
#2334=CARTESIAN_POINT('',(1.91,0.370064672498137,0.00487363164340515));
#2335=CARTESIAN_POINT('',(1.91,0.356530734567167,0.0105439317098016));
#2336=CARTESIAN_POINT('',(1.91,0.329995638835833,-0.135381755733604));
#2337=CARTESIAN_POINT('',(1.27,0.329995638835833,-0.135381755733604));
#2338=CARTESIAN_POINT('',(1.91,0.339974333966299,-0.145982809510002));
#2339=CARTESIAN_POINT('',(1.27,0.339974333966299,-0.145982809510002));
#2340=CARTESIAN_POINT('',(1.91,0.351802635433456,-0.164445637985583));
#2341=CARTESIAN_POINT('',(1.27,0.351802635433456,-0.164445637985583));
#2342=CARTESIAN_POINT('',(1.91,0.367323938684837,-0.189071823068156));
#2343=CARTESIAN_POINT('',(1.27,0.367323938684837,-0.189071823068156));
#2344=CARTESIAN_POINT('',(1.91,0.369211275294849,-0.213164231742579));
#2345=CARTESIAN_POINT('',(1.27,0.369211275294849,-0.213164231742579));
#2346=CARTESIAN_POINT('',(1.91,0.347402967528559,-0.223575950253798));
#2347=CARTESIAN_POINT('',(1.27,0.347402967528559,-0.223575950253798));
#2348=CARTESIAN_POINT('',(1.91,0.318315414505157,-0.222447200849755));
#2349=CARTESIAN_POINT('',(1.27,0.318315414505157,-0.222447200849755));
#2350=CARTESIAN_POINT('',(1.91,0.296411985119835,-0.221435004637443));
#2351=CARTESIAN_POINT('',(1.27,0.296411985119835,-0.221435004637443));
#2352=CARTESIAN_POINT('',(1.91,0.282241855755143,-0.218093727716249));
#2353=CARTESIAN_POINT('',(1.27,0.282241855755143,-0.218093727716249));
#2354=CARTESIAN_POINT('',(1.91,0.28224185571134,-0.21809372770592));
#2355=CARTESIAN_POINT('',(1.91,0.296479228787951,-0.221450860511137));
#2356=CARTESIAN_POINT('',(1.91,0.318061303667294,-0.222478059869968));
#2357=CARTESIAN_POINT('',(1.91,0.347042621934792,-0.223522235400893));
#2358=CARTESIAN_POINT('',(1.91,0.369014523508349,-0.21354286694961));
#2359=CARTESIAN_POINT('',(1.91,0.367509659645383,-0.189274691641312));
#2360=CARTESIAN_POINT('',(1.91,0.351820015879051,-0.164560556812768));
#2361=CARTESIAN_POINT('',(1.91,0.340053185168895,-0.146066578562783));
#2362=CARTESIAN_POINT('',(1.91,0.32999563646228,-0.135381753212016));
#2363=CARTESIAN_POINT('',(1.91,0.246401296039549,-0.257898706367855));
#2364=CARTESIAN_POINT('',(1.27,0.246401296039549,-0.257898706367855));
#2365=CARTESIAN_POINT('',(1.91,0.25120545062311,-0.271641951851149));
#2366=CARTESIAN_POINT('',(1.27,0.25120545062311,-0.271641951851149));
#2367=CARTESIAN_POINT('',(1.91,0.254501632824215,-0.293319588572294));
#2368=CARTESIAN_POINT('',(1.27,0.254501632824215,-0.293319588572294));
#2369=CARTESIAN_POINT('',(1.91,0.258664677053959,-0.322129810874171));
#2370=CARTESIAN_POINT('',(1.27,0.258664677053959,-0.322129810874171));
#2371=CARTESIAN_POINT('',(1.91,0.250589579413232,-0.344906970339469));
#2372=CARTESIAN_POINT('',(1.27,0.250589579413232,-0.344906970339469));
#2373=CARTESIAN_POINT('',(1.91,0.226431871478563,-0.345548310599623));
#2374=CARTESIAN_POINT('',(1.27,0.226431871478563,-0.345548310599623));
#2375=CARTESIAN_POINT('',(1.91,0.20031817328357,-0.332686173036715));
#2376=CARTESIAN_POINT('',(1.27,0.20031817328357,-0.332686173036715));
#2377=CARTESIAN_POINT('',(1.91,0.180720092151343,-0.322852558444681));
#2378=CARTESIAN_POINT('',(1.27,0.180720092151343,-0.322852558444681));
#2379=CARTESIAN_POINT('',(1.91,0.169134054594534,-0.314036639240852));
#2380=CARTESIAN_POINT('',(1.27,0.169134054594534,-0.314036639240852));
#2381=CARTESIAN_POINT('',(1.91,0.16913405455872,-0.3140366392136));
#2382=CARTESIAN_POINT('',(1.91,0.180775073134068,-0.322894393969907));
#2383=CARTESIAN_POINT('',(1.91,0.200073479987613,-0.332611007965296));
#2384=CARTESIAN_POINT('',(1.91,0.226124527197153,-0.34535267388259));
#2385=CARTESIAN_POINT('',(1.91,0.250255832899335,-0.345172844651794));
#2386=CARTESIAN_POINT('',(1.91,0.258751827511423,-0.322390680057716));
#2387=CARTESIAN_POINT('',(1.91,0.254470768953346,-0.29343164140896));
#2388=CARTESIAN_POINT('',(1.91,0.251243412837748,-0.271750550362256));
#2389=CARTESIAN_POINT('',(1.91,0.246401294896823,-0.257898703098859));
#2390=CARTESIAN_POINT('',(1.91,0.120201930672527,-0.33582262773491));
#2391=CARTESIAN_POINT('',(1.27,0.120201930672527,-0.33582262773491));
#2392=CARTESIAN_POINT('',(1.91,0.11900086273731,-0.350331732927577));
#2393=CARTESIAN_POINT('',(1.27,0.11900086273731,-0.350331732927577));
#2394=CARTESIAN_POINT('',(1.91,0.113194985824917,-0.371475917570046));
#2395=CARTESIAN_POINT('',(1.27,0.113194985824917,-0.371475917570046));
#2396=CARTESIAN_POINT('',(1.91,0.105279942865631,-0.399488627922583));
#2397=CARTESIAN_POINT('',(1.27,0.105279942865631,-0.399488627922583));
#2398=CARTESIAN_POINT('',(1.91,0.0886386687162074,-0.417012160383208));
#2399=CARTESIAN_POINT('',(1.27,0.0886386687162074,-0.417012160383208));
#2400=CARTESIAN_POINT('',(1.91,0.066308647780949,-0.407772228834922));
#2401=CARTESIAN_POINT('',(1.27,0.066308647780949,-0.407772228834922));
#2402=CARTESIAN_POINT('',(1.91,0.0476841000677804,-0.385400683546628));
#2403=CARTESIAN_POINT('',(1.27,0.0476841000677804,-0.385400683546628));
#2404=CARTESIAN_POINT('',(1.91,0.033780053459388,-0.368445971873412));
#2405=CARTESIAN_POINT('',(1.27,0.033780053459388,-0.368445971873412));
#2406=CARTESIAN_POINT('',(1.91,0.0267814388598819,-0.355679762907409));
#2407=CARTESIAN_POINT('',(1.27,0.0267814388598819,-0.355679762907409));
#2408=CARTESIAN_POINT('',(1.91,0.0267814388382478,-0.355679762867946));
#2409=CARTESIAN_POINT('',(1.91,0.0338132650453212,-0.368506553307802));
#2410=CARTESIAN_POINT('',(1.91,0.0474911340075683,-0.385232491107278));
#2411=CARTESIAN_POINT('',(1.91,0.0661074474302826,-0.407468497619439));
#2412=CARTESIAN_POINT('',(1.91,0.0882256352791583,-0.417119301716836));
#2413=CARTESIAN_POINT('',(1.91,0.105253453714182,-0.399762391064759));
#2414=CARTESIAN_POINT('',(1.91,0.113121214281245,-0.37156572946277));
#2415=CARTESIAN_POINT('',(1.91,0.118991371952208,-0.35044638322785));
#2416=CARTESIAN_POINT('',(1.91,0.120201930958215,-0.335822624283745));
#2417=CARTESIAN_POINT('',(1.91,-0.0267814405080343,-0.355679765913803));
#2418=CARTESIAN_POINT('',(1.27,-0.0267814405080343,-0.355679765913803));
#2419=CARTESIAN_POINT('',(1.91,-0.0337800554046701,-0.368445974716942));
#2420=CARTESIAN_POINT('',(1.27,-0.0337800554046701,-0.368445974716942));
#2421=CARTESIAN_POINT('',(1.91,-0.0476841025676721,-0.385400685667173));
#2422=CARTESIAN_POINT('',(1.27,-0.0476841025676721,-0.385400685667173));
#2423=CARTESIAN_POINT('',(1.91,-0.06630864988242,-0.407772231962929));
#2424=CARTESIAN_POINT('',(1.27,-0.06630864988242,-0.407772231962929));
#2425=CARTESIAN_POINT('',(1.91,-0.0886386730588752,-0.417012159460146));
#2426=CARTESIAN_POINT('',(1.27,-0.0886386730588752,-0.417012159460146));
#2427=CARTESIAN_POINT('',(1.91,-0.105279943513144,-0.399488624210261));
#2428=CARTESIAN_POINT('',(1.27,-0.105279943513144,-0.399488624210261));
#2429=CARTESIAN_POINT('',(1.91,-0.113194987246179,-0.371475914616034));
#2430=CARTESIAN_POINT('',(1.27,-0.113194987246179,-0.371475914616034));
#2431=CARTESIAN_POINT('',(1.91,-0.119000863357844,-0.350331729538662));
#2432=CARTESIAN_POINT('',(1.27,-0.119000863357844,-0.350331729538662));
#2433=CARTESIAN_POINT('',(1.91,-0.120201930955378,-0.335822624318068));
#2434=CARTESIAN_POINT('',(1.27,-0.120201930955378,-0.335822624318068));
#2435=CARTESIAN_POINT('',(1.91,-0.120201930959091,-0.335822624273218));
#2436=CARTESIAN_POINT('',(1.91,-0.118995163753632,-0.35040058180184));
#2437=CARTESIAN_POINT('',(1.91,-0.113302860485793,-0.371243776809498));
#2438=CARTESIAN_POINT('',(1.91,-0.105340210564589,-0.399129316382793));
#2439=CARTESIAN_POINT('',(1.91,-0.0890595761855241,-0.416942042105143));
#2440=CARTESIAN_POINT('',(1.91,-0.0664441984278518,-0.408011552929399));
#2441=CARTESIAN_POINT('',(1.91,-0.0477880260140537,-0.385452727323785));
#2442=CARTESIAN_POINT('',(1.91,-0.033835358146548,-0.368546852727908));
#2443=CARTESIAN_POINT('',(1.91,-0.0267814388433294,-0.355679762877206));
#2444=CARTESIAN_POINT('',(1.91,-0.169134057323007,-0.314036641316966));
#2445=CARTESIAN_POINT('',(1.27,-0.169134057323007,-0.314036641316966));
#2446=CARTESIAN_POINT('',(1.91,-0.180720095085017,-0.322852560251153));
#2447=CARTESIAN_POINT('',(1.27,-0.180720095085017,-0.322852560251153));
#2448=CARTESIAN_POINT('',(1.91,-0.200318176429837,-0.332686173957132));
#2449=CARTESIAN_POINT('',(1.27,-0.200318176429837,-0.332686173957132));
#2450=CARTESIAN_POINT('',(1.91,-0.226431874670628,-0.345548312602455));
#2451=CARTESIAN_POINT('',(1.27,-0.226431874670628,-0.345548312602455));
#2452=CARTESIAN_POINT('',(1.91,-0.250589583005013,-0.344906967729887));
#2453=CARTESIAN_POINT('',(1.27,-0.250589583005013,-0.344906967729887));
#2454=CARTESIAN_POINT('',(1.91,-0.258664676135554,-0.322129807219429));
#2455=CARTESIAN_POINT('',(1.27,-0.258664676135554,-0.322129807219429));
#2456=CARTESIAN_POINT('',(1.91,-0.254501632921097,-0.293319585295589));
#2457=CARTESIAN_POINT('',(1.27,-0.254501632921097,-0.293319585295589));
#2458=CARTESIAN_POINT('',(1.91,-0.251205449811604,-0.271641948502834));
#2459=CARTESIAN_POINT('',(1.27,-0.251205449811604,-0.271641948502834));
#2460=CARTESIAN_POINT('',(1.91,-0.246401294908192,-0.257898703131369));
#2461=CARTESIAN_POINT('',(1.27,-0.246401294908192,-0.257898703131369));
#2462=CARTESIAN_POINT('',(1.91,-0.246401294893342,-0.257898703088886));
#2463=CARTESIAN_POINT('',(1.91,-0.251228247702455,-0.271707166412988));
#2464=CARTESIAN_POINT('',(1.91,-0.254505761076987,-0.293063640857523));
#2465=CARTESIAN_POINT('',(1.91,-0.258573589167072,-0.321777050367559));
#2466=CARTESIAN_POINT('',(1.91,-0.250945577846875,-0.344671715613929));
#2467=CARTESIAN_POINT('',(1.91,-0.226653045035116,-0.345711810623949));
#2468=CARTESIAN_POINT('',(1.91,-0.200434282470933,-0.33269144690242));
#2469=CARTESIAN_POINT('',(1.91,-0.180811647437191,-0.322922223248262));
#2470=CARTESIAN_POINT('',(1.91,-0.169134054567129,-0.314036639219994));
#2471=CARTESIAN_POINT('',(1.91,-0.282241859092158,-0.218093728503103));
#2472=CARTESIAN_POINT('',(1.27,-0.282241859092158,-0.218093728503103));
#2473=CARTESIAN_POINT('',(1.91,-0.296411988534638,-0.221435005094511));
#2474=CARTESIAN_POINT('',(1.27,-0.296411988534638,-0.221435005094511));
#2475=CARTESIAN_POINT('',(1.91,-0.318315417753783,-0.222447200410894));
#2476=CARTESIAN_POINT('',(1.27,-0.318315417753783,-0.222447200410894));
#2477=CARTESIAN_POINT('',(1.91,-0.34740297125928,-0.223575950785147));
#2478=CARTESIAN_POINT('',(1.27,-0.34740297125928,-0.223575950785147));
#2479=CARTESIAN_POINT('',(1.91,-0.369211277514691,-0.213164227897697));
#2480=CARTESIAN_POINT('',(1.27,-0.369211277514691,-0.213164227897697));
#2481=CARTESIAN_POINT('',(1.91,-0.367323936359316,-0.189071820102932));
#2482=CARTESIAN_POINT('',(1.27,-0.367323936359316,-0.189071820102932));
#2483=CARTESIAN_POINT('',(1.91,-0.351802634189206,-0.164445634952761));
#2484=CARTESIAN_POINT('',(1.27,-0.351802634189206,-0.164445634952761));
#2485=CARTESIAN_POINT('',(1.91,-0.339974331863067,-0.145982806781227));
#2486=CARTESIAN_POINT('',(1.27,-0.339974331863067,-0.145982806781227));
#2487=CARTESIAN_POINT('',(1.91,-0.329995636485889,-0.135381753237091));
#2488=CARTESIAN_POINT('',(1.27,-0.329995636485889,-0.135381753237091));
#2489=CARTESIAN_POINT('',(1.91,-0.329995636455044,-0.135381753204321));
#2490=CARTESIAN_POINT('',(1.91,-0.340021685286544,-0.146033113569215));
#2491=CARTESIAN_POINT('',(1.91,-0.351702303465715,-0.164210139001687));
#2492=CARTESIAN_POINT('',(1.91,-0.367097245135257,-0.188786609091041));
#2493=CARTESIAN_POINT('',(1.91,-0.369440809329497,-0.212804518248833));
#2494=CARTESIAN_POINT('',(1.91,-0.347671521077535,-0.223635355568416));
#2495=CARTESIAN_POINT('',(1.91,-0.318423630600296,-0.222404792904717));
#2496=CARTESIAN_POINT('',(1.91,-0.296523960263694,-0.221461407712685));
#2497=CARTESIAN_POINT('',(1.91,-0.282241855721623,-0.21809372770834));
#2498=CARTESIAN_POINT('',(1.91,-0.346547479337482,-0.0844404287117303));
#2499=CARTESIAN_POINT('',(1.27,-0.346547479337482,-0.0844404287117303));
#2500=CARTESIAN_POINT('',(1.91,-0.360851556348241,-0.0817293258831547));
#2501=CARTESIAN_POINT('',(1.27,-0.360851556348241,-0.0817293258831547));
#2502=CARTESIAN_POINT('',(1.91,-0.381273031543313,-0.0737450850442414));
#2503=CARTESIAN_POINT('',(1.27,-0.381273031543313,-0.0737450850442414));
#2504=CARTESIAN_POINT('',(1.91,-0.408304938060289,-0.062945275953338));
#2505=CARTESIAN_POINT('',(1.27,-0.408304938060289,-0.062945275953338));
#2506=CARTESIAN_POINT('',(1.91,-0.423992987962923,-0.0445634565257806));
#2507=CARTESIAN_POINT('',(1.27,-0.423992987962923,-0.0445634565257806));
#2508=CARTESIAN_POINT('',(1.91,-0.41246955095335,-0.0233215976270749));
#2509=CARTESIAN_POINT('',(1.27,-0.41246955095335,-0.0233215976270749));
#2510=CARTESIAN_POINT('',(1.91,-0.388273763979406,-0.00713754038490573));
#2511=CARTESIAN_POINT('',(1.27,-0.388273763979406,-0.00713754038490573));
#2512=CARTESIAN_POINT('',(1.91,-0.369958563365562,0.00491808844501414));
#2513=CARTESIAN_POINT('',(1.27,-0.369958563365562,0.00491808844501414));
#2514=CARTESIAN_POINT('',(1.91,-0.356530734598935,0.0105439316964967));
#2515=CARTESIAN_POINT('',(1.27,-0.356530734598935,0.0105439316964967));
#2516=CARTESIAN_POINT('',(1.91,-0.356530734557426,0.0105439317138874));
#2517=CARTESIAN_POINT('',(1.91,-0.370022284484555,0.00489139127986328));
#2518=CARTESIAN_POINT('',(1.91,-0.388086322470101,-0.00696321231018009));
#2519=CARTESIAN_POINT('',(1.91,-0.412146452445783,-0.023153248030183));
#2520=CARTESIAN_POINT('',(1.91,-0.424056368614661,-0.0441414864101594));
#2521=CARTESIAN_POINT('',(1.91,-0.408574432629035,-0.0628903158716807));
#2522=CARTESIAN_POINT('',(1.91,-0.381354640210999,-0.073662329729675));
#2523=CARTESIAN_POINT('',(1.91,-0.360964586524992,-0.0817079028698635));
#2524=CARTESIAN_POINT('',(1.91,-0.346547475935085,-0.0844404293565988));
#2525=CARTESIAN_POINT('',(1.91,-0.35093189212034,0.0638133883211125));
#2526=CARTESIAN_POINT('',(1.27,-0.35093189212034,0.0638133883211125));
#2527=CARTESIAN_POINT('',(1.91,-0.362896611835757,0.0721080962610139));
#2528=CARTESIAN_POINT('',(1.27,-0.362896611835757,0.0721080962610139));
#2529=CARTESIAN_POINT('',(1.91,-0.378305074422253,0.0877082254796272));
#2530=CARTESIAN_POINT('',(1.27,-0.378305074422253,0.0877082254796272));
#2531=CARTESIAN_POINT('',(1.91,-0.398607271736761,0.108569208930683));
#2532=CARTESIAN_POINT('',(1.27,-0.398607271736761,0.108569208930683));
#2533=CARTESIAN_POINT('',(1.91,-0.405462458936992,0.131742741325737));
#2534=CARTESIAN_POINT('',(1.27,-0.405462458936992,0.131742741325737));
#2535=CARTESIAN_POINT('',(1.91,-0.386295433019318,0.146461140948566));
#2536=CARTESIAN_POINT('',(1.27,-0.386295433019318,0.146461140948566));
#2537=CARTESIAN_POINT('',(1.91,-0.357608832621156,0.151404699758019));
#2538=CARTESIAN_POINT('',(1.27,-0.357608832621156,0.151404699758019));
#2539=CARTESIAN_POINT('',(1.91,-0.335973598294117,0.154968601499678));
#2540=CARTESIAN_POINT('',(1.27,-0.335973598294117,0.154968601499678));
#2541=CARTESIAN_POINT('',(1.91,-0.321418429719782,0.154646475051149));
#2542=CARTESIAN_POINT('',(1.27,-0.321418429719782,0.154646475051149));
#2543=CARTESIAN_POINT('',(1.91,-0.321418429674789,0.154646475050152));
#2544=CARTESIAN_POINT('',(1.91,-0.336042669148261,0.154970130139759));
#2545=CARTESIAN_POINT('',(1.91,-0.357366690665849,0.151487717048556));
#2546=CARTESIAN_POINT('',(1.91,-0.385931793895452,0.146483519955752));
#2547=CARTESIAN_POINT('',(1.91,-0.405348729335184,0.13215400944165));
#2548=CARTESIAN_POINT('',(1.91,-0.398831112996783,0.108729030779852));
#2549=CARTESIAN_POINT('',(1.91,-0.378345968031077,0.0878170194568869));
#2550=CARTESIAN_POINT('',(1.91,-0.362991156515801,0.0721736406721495));
#2551=CARTESIAN_POINT('',(1.91,-0.350931889274387,0.0638133863481163));
#2552=CARTESIAN_POINT('',(1.91,-0.294636992639438,0.201033290786802));
#2553=CARTESIAN_POINT('',(1.27,-0.294636992639438,0.201033290786802));
#2554=CARTESIAN_POINT('',(1.91,-0.302193546324657,0.213477373480165));
#2555=CARTESIAN_POINT('',(1.27,-0.302193546324657,0.213477373480165));
#2556=CARTESIAN_POINT('',(1.91,-0.309924733139876,0.233995987013854));
#2557=CARTESIAN_POINT('',(1.27,-0.309924733139876,0.233995987013854));
#2558=CARTESIAN_POINT('',(1.91,-0.319986786896566,0.26131109127029));
#2559=CARTESIAN_POINT('',(1.27,-0.319986786896566,0.26131109127029));
#2560=CARTESIAN_POINT('',(1.91,-0.316823787250054,0.285269422356804));
#2561=CARTESIAN_POINT('',(1.27,-0.316823787250054,0.285269422356804));
#2562=CARTESIAN_POINT('',(1.91,-0.293327325332407,0.290919417696505));
#2563=CARTESIAN_POINT('',(1.27,-0.293327325332407,0.290919417696505));
#2564=CARTESIAN_POINT('',(1.91,-0.265110085328454,0.283767691844265));
#2565=CARTESIAN_POINT('',(1.27,-0.265110085328454,0.283767691844265));
#2566=CARTESIAN_POINT('',(1.91,-0.243895745853301,0.278223635509504));
#2567=CARTESIAN_POINT('',(1.27,-0.243895745853301,0.278223635509504));
#2568=CARTESIAN_POINT('',(1.91,-0.230729958347314,0.272009237950336));
#2569=CARTESIAN_POINT('',(1.27,-0.230729958347314,0.272009237950336));
#2570=CARTESIAN_POINT('',(1.91,-0.230729958306617,0.272009237931126));
#2571=CARTESIAN_POINT('',(1.91,-0.243958223464423,0.278253125639055));
#2572=CARTESIAN_POINT('',(1.91,-0.264855111471007,0.283745043906891));
#2573=CARTESIAN_POINT('',(1.91,-0.292986022100319,0.290791956580334));
#2574=CARTESIAN_POINT('',(1.91,-0.316552612276051,0.285598876479513));
#2575=CARTESIAN_POINT('',(1.91,-0.320126270660472,0.261548140237315));
#2576=CARTESIAN_POINT('',(1.91,-0.309917840813368,0.234112008186775));
#2577=CARTESIAN_POINT('',(1.91,-0.302253257873887,0.213575706065015));
#2578=CARTESIAN_POINT('',(1.91,-0.29463699084202,0.201033287826827));
#2579=CARTESIAN_POINT('',(1.91,-0.18739668043813,0.303492710945342));
#2580=CARTESIAN_POINT('',(1.27,-0.18739668043813,0.303492710945342));
#2581=CARTESIAN_POINT('',(1.91,-0.189238471311839,0.317934473443536));
#2582=CARTESIAN_POINT('',(1.27,-0.189238471311839,0.317934473443536));
#2583=CARTESIAN_POINT('',(1.91,-0.187955589919804,0.33982371660658));
#2584=CARTESIAN_POINT('',(1.27,-0.187955589919804,0.33982371660658));
#2585=CARTESIAN_POINT('',(1.91,-0.186037679613258,0.368869911992526));
#2586=CARTESIAN_POINT('',(1.27,-0.186037679613258,0.368869911992526));
#2587=CARTESIAN_POINT('',(1.91,-0.173403404493834,0.389470428671035));
#2588=CARTESIAN_POINT('',(1.27,-0.173403404493834,0.389470428671035));
#2589=CARTESIAN_POINT('',(1.91,-0.149640258300431,0.38507508420478));
#2590=CARTESIAN_POINT('',(1.27,-0.149640258300431,0.38507508420478));
#2591=CARTESIAN_POINT('',(1.91,-0.126771395832946,0.367064672062088));
#2592=CARTESIAN_POINT('',(1.27,-0.126771395832946,0.367064672062088));
#2593=CARTESIAN_POINT('',(1.91,-0.109646103231154,0.353371275357358));
#2594=CARTESIAN_POINT('',(1.27,-0.109646103231154,0.353371275357358));
#2595=CARTESIAN_POINT('',(1.91,-0.100146181060729,0.342339132481561));
#2596=CARTESIAN_POINT('',(1.27,-0.100146181060729,0.342339132481561));
#2597=CARTESIAN_POINT('',(1.91,-0.100146181031363,0.342339132447458));
#2598=CARTESIAN_POINT('',(1.91,-0.109691184652704,0.35342362786507));
#2599=CARTESIAN_POINT('',(1.91,-0.126547677369678,0.366940274930925));
#2600=CARTESIAN_POINT('',(1.91,-0.149380305389592,0.384819822150184));
#2601=CARTESIAN_POINT('',(1.91,-0.173021672764188,0.389661103189726));
#2602=CARTESIAN_POINT('',(1.91,-0.186068687871096,0.369143200157485));
#2603=CARTESIAN_POINT('',(1.91,-0.187902103403829,0.339926903860346));
#2604=CARTESIAN_POINT('',(1.91,-0.189253025060947,0.318048591604855));
#2605=CARTESIAN_POINT('',(1.91,-0.187396680000037,0.303492707510194));
#2606=CARTESIAN_POINT('',(1.91,-0.0477537797436773,0.353475484236708));
#2607=CARTESIAN_POINT('',(1.27,-0.0477537797436773,0.353475484236708));
#2608=CARTESIAN_POINT('',(1.91,-0.0435623454316669,0.367417814604512));
#2609=CARTESIAN_POINT('',(1.27,-0.0435623454316669,0.367417814604512));
#2610=CARTESIAN_POINT('',(1.91,-0.0334872176796752,0.38689283839648));
#2611=CARTESIAN_POINT('',(1.27,-0.0334872176796752,0.38689283839648));
#2612=CARTESIAN_POINT('',(1.91,-0.0199209674255602,0.412647773853305));
#2613=CARTESIAN_POINT('',(1.27,-0.0199209674255602,0.412647773853305));
#2614=CARTESIAN_POINT('',(1.91,2.21983991006816E-9,0.426328459640278));
#2615=CARTESIAN_POINT('',(1.27,2.21983991006816E-9,0.426328459640278));
#2616=CARTESIAN_POINT('',(1.91,0.019920968830754,0.412647770356731));
#2617=CARTESIAN_POINT('',(1.27,0.019920968830754,0.412647770356731));
#2618=CARTESIAN_POINT('',(1.91,0.0334872196840473,0.386892835802518));
#2619=CARTESIAN_POINT('',(1.27,0.0334872196840473,0.386892835802518));
#2620=CARTESIAN_POINT('',(1.91,0.0435623467432315,0.36741781141867));
#2621=CARTESIAN_POINT('',(1.27,0.0435623467432315,0.36741781141867));
#2622=CARTESIAN_POINT('',(1.91,0.0477537807307443,0.353475480953341));
#2623=CARTESIAN_POINT('',(1.27,0.0477537807307443,0.353475480953341));
#2624=CARTESIAN_POINT('',(1.91,0.0477537807437008,0.353475480910243));
#2625=CARTESIAN_POINT('',(1.91,0.0435424564985911,0.367483974080353));
#2626=CARTESIAN_POINT('',(1.91,0.0336409997984192,0.386688198871657));
#2627=CARTESIAN_POINT('',(1.91,0.0200546232004605,0.412308844491937));
#2628=CARTESIAN_POINT('',(1.91,0.000426285821145297,0.426347385198444));
#2629=CARTESIAN_POINT('',(1.91,-0.0198381385678506,0.412910047209729));
#2630=CARTESIAN_POINT('',(1.91,-0.0333963852787581,0.386965349717487));
#2631=CARTESIAN_POINT('',(1.91,-0.043529224905206,0.367527986275469));
#2632=CARTESIAN_POINT('',(1.91,-0.0477537807406604,0.353475480920357));
#2633=CARTESIAN_POINT('',(1.91,0.10014618329793,0.342339135079588));
#2634=CARTESIAN_POINT('',(1.27,0.10014618329793,0.342339135079588));
#2635=CARTESIAN_POINT('',(1.91,0.109646105725126,0.353371277734307));
#2636=CARTESIAN_POINT('',(1.27,0.109646105725126,0.353371277734307));
#2637=CARTESIAN_POINT('',(1.91,0.126771398719093,0.367064673616535));
#2638=CARTESIAN_POINT('',(1.27,0.126771398719093,0.367064673616535));
#2639=CARTESIAN_POINT('',(1.91,0.149640261006323,0.385075086827506));
#2640=CARTESIAN_POINT('',(1.27,0.149640261006323,0.385075086827506));
#2641=CARTESIAN_POINT('',(1.91,0.173403408549676,0.389470426865257));
#2642=CARTESIAN_POINT('',(1.27,0.173403408549676,0.389470426865257));
#2643=CARTESIAN_POINT('',(1.91,0.186037679474786,0.368869908226714));
#2644=CARTESIAN_POINT('',(1.27,0.186037679474786,0.368869908226714));
#2645=CARTESIAN_POINT('',(1.91,0.187955590695832,0.339823713421638));
#2646=CARTESIAN_POINT('',(1.27,0.187955590695832,0.339823713421638));
#2647=CARTESIAN_POINT('',(1.91,0.189238471214219,0.317934469999683));
#2648=CARTESIAN_POINT('',(1.27,0.189238471214219,0.317934469999683));
#2649=CARTESIAN_POINT('',(1.91,0.187396680004401,0.303492707544378));
#2650=CARTESIAN_POINT('',(1.27,0.187396680004401,0.303492707544378));
#2651=CARTESIAN_POINT('',(1.91,0.187396679998707,0.303492707499725));
#2652=CARTESIAN_POINT('',(1.91,0.189247211350486,0.318003002690056));
#2653=CARTESIAN_POINT('',(1.91,0.188012842482485,0.339574220275487));
#2654=CARTESIAN_POINT('',(1.91,0.186021925248627,0.368505921912784));
#2655=CARTESIAN_POINT('',(1.91,0.173800535715316,0.389314331061959));
#2656=CARTESIAN_POINT('',(1.91,0.149822605117607,0.385280995929396));
#2657=CARTESIAN_POINT('',(1.91,0.126883871257649,0.367093971138638));
#2658=CARTESIAN_POINT('',(1.91,0.109721173687239,0.353458453232119));
#2659=CARTESIAN_POINT('',(1.91,0.100146181038259,0.342339132455459));
#2660=CARTESIAN_POINT('',(1.91,0.,0.));
#2661=MECHANICAL_DESIGN_GEOMETRIC_PRESENTATION_REPRESENTATION('',(#1135),
#2662);
#2662=(
GEOMETRIC_REPRESENTATION_CONTEXT(3)
GLOBAL_UNCERTAINTY_ASSIGNED_CONTEXT((#2663))
GLOBAL_UNIT_ASSIGNED_CONTEXT((#2666,#2665,#2664))
REPRESENTATION_CONTEXT('NICE-04-13-001','TOP_LEVEL_ASSEMBLY_PART')
);
#2663=UNCERTAINTY_MEASURE_WITH_UNIT(LENGTH_MEASURE(0.002),#2666,
'DISTANCE_ACCURACY_VALUE','Maximum Tolerance applied to model');
#2664=(
NAMED_UNIT(*)
SI_UNIT($,.STERADIAN.)
SOLID_ANGLE_UNIT()
);
#2665=(
NAMED_UNIT(*)
PLANE_ANGLE_UNIT()
SI_UNIT($,.RADIAN.)
);
#2666=(
LENGTH_UNIT()
NAMED_UNIT(*)
SI_UNIT(.CENTI.,.METRE.)
);
#2667=PRODUCT_DEFINITION_SHAPE('','',#2668);
#2668=PRODUCT_DEFINITION('','',#2670,#2669);
#2669=PRODUCT_DEFINITION_CONTEXT('',#2676,'design');
#2670=PRODUCT_DEFINITION_FORMATION_WITH_SPECIFIED_SOURCE('','',#2672,
 .NOT_KNOWN.);
#2671=PRODUCT_RELATED_PRODUCT_CATEGORY('','',(#2672));
#2672=PRODUCT('NICE-04-13-001','NICE-04-13-001','NICE-04-13-001',(#2674));
#2673=PRODUCT_CATEGORY('','');
#2674=PRODUCT_CONTEXT('',#2676,'mechanical');
#2675=APPLICATION_PROTOCOL_DEFINITION('international standard',
'ap242_managed_model_based_3d_engineering',2020,#2676);
#2676=APPLICATION_CONTEXT('managed model based 3d engineering');
ENDSEC;
END-ISO-10303-21;
