ISO-10303-21;
HEADER;
/* Generated by software containing ST-Developer
 * from STEP Tools, Inc. (www.steptools.com) 
 */
/* OPTION: using custom renumber hook */

FILE_DESCRIPTION(
/* description */ ('STEP AP242 Edition 2',
'CAx-IF Rec.Pracs.---Representation and Presentation of Product Manufa
cturing Information (PMI)---4.0---2014-10-13',
'CAx-IF Rec.Pracs.---3D Tessellated Geometry---0.4---2014-09-14','2;1',
'CAx-IF Rec.Pracs.---User Defined Attributes---1.5---2016-08-15'),
/* implementation_level */ '2;1');

FILE_NAME(
/* name */ '696b6c6fa745747b130ee1fd',
/* time_stamp */ '2026-01-17T11:03:12Z',
/* author */ (''),
/* organization */ (''),
/* preprocessor_version */ 'ST-DEVELOPER v20',
/* originating_system */ 'ONSHAPE BY PTC INC, 1.209',
/* authorisation */ '  ');

FILE_SCHEMA (('AP242_MANAGED_MODEL_BASED_3D_ENGINEERING_MIM_LF { 1 0 10303 442 3 1 4 }'));
ENDSEC;

DATA;
#10=SHAPE_REPRESENTATION_RELATIONSHIP('','',#3821,#11);
#11=ADVANCED_BREP_SHAPE_REPRESENTATION('',(#3819),#6559);
#12=CONICAL_SURFACE('',#4107,1.19999999999994,0.785398163397449);
#13=CONICAL_SURFACE('',#4108,0.05,0.785398163397448);
#14=CONICAL_SURFACE('',#4109,0.05,0.785398163397448);
#15=CONICAL_SURFACE('',#4112,0.116660666863284,0.785398163397448);
#16=CONICAL_SURFACE('',#4113,0.116660666863284,0.785398163397448);
#17=CONICAL_SURFACE('',#4116,0.05,0.785398163397448);
#18=CONICAL_SURFACE('',#4117,0.05,0.785398163397448);
#19=CONICAL_SURFACE('',#4118,1.19999999999993,0.785398163397449);
#20=CONICAL_SURFACE('',#4119,1.19999999999995,0.785398163397447);
#21=CONICAL_SURFACE('',#4120,0.05,0.785398163397448);
#22=CONICAL_SURFACE('',#4121,0.05,0.785398163397448);
#23=CONICAL_SURFACE('',#4124,0.116660666863284,0.785398163397448);
#24=CONICAL_SURFACE('',#4125,0.116660666863284,0.785398163397448);
#25=CONICAL_SURFACE('',#4128,0.05,0.785398163397448);
#26=CONICAL_SURFACE('',#4129,0.05,0.785398163397448);
#27=CONICAL_SURFACE('',#4130,1.19999999999995,0.785398163397447);
#28=CONICAL_SURFACE('',#4131,1.19999999999989,0.785398163397449);
#29=CONICAL_SURFACE('',#4132,0.05,0.785398163397449);
#30=CONICAL_SURFACE('',#4133,0.05,0.785398163397448);
#31=CONICAL_SURFACE('',#4136,0.116660666863284,0.785398163397448);
#32=CONICAL_SURFACE('',#4137,0.116660666863284,0.785398163397448);
#33=CONICAL_SURFACE('',#4140,0.05,0.785398163397448);
#34=CONICAL_SURFACE('',#4141,0.05,0.785398163397448);
#35=CONICAL_SURFACE('',#4142,1.19999999999994,0.785398163397449);
#36=CONICAL_SURFACE('',#4143,1.19999999999994,0.785398163397449);
#37=CONICAL_SURFACE('',#4144,0.05,0.785398163397448);
#38=CONICAL_SURFACE('',#4145,0.05,0.785398163397448);
#39=CONICAL_SURFACE('',#4148,0.116660666863284,0.785398163397448);
#40=CONICAL_SURFACE('',#4149,0.116660666863284,0.785398163397448);
#41=CONICAL_SURFACE('',#4152,0.05,0.785398163397448);
#42=CONICAL_SURFACE('',#4153,0.05,0.785398163397448);
#43=CONICAL_SURFACE('',#4154,1.19999999999992,0.785398163397449);
#44=CONICAL_SURFACE('',#4155,1.19999999999995,0.785398163397449);
#45=CONICAL_SURFACE('',#4156,0.05,0.785398163397448);
#46=CONICAL_SURFACE('',#4157,0.05,0.785398163397448);
#47=CONICAL_SURFACE('',#4160,0.116660666863284,0.785398163397448);
#48=CONICAL_SURFACE('',#4161,0.116660666863284,0.785398163397448);
#49=CONICAL_SURFACE('',#4164,0.05,0.785398163397448);
#50=CONICAL_SURFACE('',#4165,0.05,0.785398163397448);
#51=CONICAL_SURFACE('',#4166,1.19999999999994,0.785398163397449);
#52=CONICAL_SURFACE('',#4167,1.19999999999993,0.785398163397447);
#53=CONICAL_SURFACE('',#4168,0.05,0.785398163397449);
#54=CONICAL_SURFACE('',#4169,0.05,0.785398163397448);
#55=CONICAL_SURFACE('',#4172,0.116660666863284,0.785398163397448);
#56=CONICAL_SURFACE('',#4173,0.116660666863284,0.785398163397448);
#57=CONICAL_SURFACE('',#4176,0.05,0.785398163397448);
#58=CONICAL_SURFACE('',#4177,0.05,0.785398163397448);
#59=CONICAL_SURFACE('',#4178,1.19999999999994,0.78539816339745);
#60=CONICAL_SURFACE('',#4179,1.24999999999994,0.78539816339745);
#61=CONICAL_SURFACE('',#4180,0.05,0.785398163397448);
#62=CONICAL_SURFACE('',#4181,0.05,0.785398163397448);
#63=CONICAL_SURFACE('',#4184,0.166660666863285,0.785398163397448);
#64=CONICAL_SURFACE('',#4185,0.166660666863285,0.785398163397448);
#65=CONICAL_SURFACE('',#4188,0.05,0.785398163397448);
#66=CONICAL_SURFACE('',#4189,0.05,0.785398163397448);
#67=CONICAL_SURFACE('',#4190,1.24999999999993,0.785398163397448);
#68=CONICAL_SURFACE('',#4191,1.24999999999995,0.785398163397448);
#69=CONICAL_SURFACE('',#4192,0.05,0.785398163397448);
#70=CONICAL_SURFACE('',#4193,0.05,0.785398163397448);
#71=CONICAL_SURFACE('',#4196,0.166660666863285,0.785398163397448);
#72=CONICAL_SURFACE('',#4197,0.166660666863285,0.785398163397448);
#73=CONICAL_SURFACE('',#4200,0.05,0.785398163397448);
#74=CONICAL_SURFACE('',#4201,0.05,0.785398163397448);
#75=CONICAL_SURFACE('',#4202,1.24999999999995,0.785398163397448);
#76=CONICAL_SURFACE('',#4203,1.24999999999989,0.785398163397448);
#77=CONICAL_SURFACE('',#4204,0.05,0.785398163397448);
#78=CONICAL_SURFACE('',#4205,0.05,0.785398163397448);
#79=CONICAL_SURFACE('',#4208,0.166660666863285,0.785398163397448);
#80=CONICAL_SURFACE('',#4209,0.166660666863285,0.785398163397448);
#81=CONICAL_SURFACE('',#4212,0.05,0.785398163397448);
#82=CONICAL_SURFACE('',#4213,0.05,0.785398163397448);
#83=CONICAL_SURFACE('',#4214,1.24999999999994,0.78539816339745);
#84=CONICAL_SURFACE('',#4215,1.24999999999994,0.78539816339745);
#85=CONICAL_SURFACE('',#4216,0.05,0.785398163397448);
#86=CONICAL_SURFACE('',#4217,0.05,0.785398163397448);
#87=CONICAL_SURFACE('',#4220,0.166660666863285,0.785398163397448);
#88=CONICAL_SURFACE('',#4221,0.166660666863285,0.785398163397448);
#89=CONICAL_SURFACE('',#4224,0.05,0.785398163397448);
#90=CONICAL_SURFACE('',#4225,0.05,0.785398163397448);
#91=CONICAL_SURFACE('',#4226,1.24999999999992,0.78539816339745);
#92=CONICAL_SURFACE('',#4227,1.24999999999995,0.785398163397446);
#93=CONICAL_SURFACE('',#4228,0.05,0.785398163397448);
#94=CONICAL_SURFACE('',#4229,0.05,0.785398163397448);
#95=CONICAL_SURFACE('',#4232,0.166660666863285,0.785398163397448);
#96=CONICAL_SURFACE('',#4233,0.166660666863285,0.785398163397448);
#97=CONICAL_SURFACE('',#4236,0.05,0.785398163397448);
#98=CONICAL_SURFACE('',#4237,0.05,0.785398163397448);
#99=CONICAL_SURFACE('',#4238,1.24999999999994,0.785398163397448);
#100=CONICAL_SURFACE('',#4239,1.24999999999993,0.785398163397446);
#101=CONICAL_SURFACE('',#4240,0.05,0.785398163397448);
#102=CONICAL_SURFACE('',#4241,0.05,0.785398163397448);
#103=CONICAL_SURFACE('',#4244,0.166660666863285,0.785398163397448);
#104=CONICAL_SURFACE('',#4245,0.166660666863285,0.785398163397448);
#105=CONICAL_SURFACE('',#4248,0.05,0.785398163397448);
#106=CONICAL_SURFACE('',#4249,0.05,0.785398163397448);
#107=CONICAL_SURFACE('',#4250,1.24999999999994,0.785398163397446);
#108=PLANE('',#3826);
#109=PLANE('',#3830);
#110=PLANE('',#3834);
#111=PLANE('',#3838);
#112=PLANE('',#3842);
#113=PLANE('',#3846);
#114=PLANE('',#3850);
#115=PLANE('',#3854);
#116=PLANE('',#3858);
#117=PLANE('',#3862);
#118=PLANE('',#3866);
#119=PLANE('',#3870);
#120=PLANE('',#3874);
#121=PLANE('',#3878);
#122=PLANE('',#3882);
#123=PLANE('',#3886);
#124=PLANE('',#3890);
#125=PLANE('',#3894);
#126=PLANE('',#3898);
#127=PLANE('',#3902);
#128=PLANE('',#3906);
#129=PLANE('',#3910);
#130=PLANE('',#3914);
#131=PLANE('',#3918);
#132=PLANE('',#3919);
#133=PLANE('',#3968);
#134=PLANE('',#4089);
#135=PLANE('',#4090);
#136=PLANE('',#4091);
#137=PLANE('',#4092);
#138=PLANE('',#4093);
#139=PLANE('',#4094);
#140=PLANE('',#4095);
#141=PLANE('',#4096);
#142=PLANE('',#4097);
#143=PLANE('',#4098);
#144=PLANE('',#4099);
#145=PLANE('',#4100);
#146=PLANE('',#4101);
#147=PLANE('',#4102);
#148=PLANE('',#4103);
#149=PLANE('',#4104);
#150=PLANE('',#4105);
#151=PLANE('',#4106);
#152=PLANE('',#4110);
#153=PLANE('',#4111);
#154=PLANE('',#4114);
#155=PLANE('',#4115);
#156=PLANE('',#4122);
#157=PLANE('',#4123);
#158=PLANE('',#4126);
#159=PLANE('',#4127);
#160=PLANE('',#4134);
#161=PLANE('',#4135);
#162=PLANE('',#4138);
#163=PLANE('',#4139);
#164=PLANE('',#4146);
#165=PLANE('',#4147);
#166=PLANE('',#4150);
#167=PLANE('',#4151);
#168=PLANE('',#4158);
#169=PLANE('',#4159);
#170=PLANE('',#4162);
#171=PLANE('',#4163);
#172=PLANE('',#4170);
#173=PLANE('',#4171);
#174=PLANE('',#4174);
#175=PLANE('',#4175);
#176=PLANE('',#4182);
#177=PLANE('',#4183);
#178=PLANE('',#4186);
#179=PLANE('',#4187);
#180=PLANE('',#4194);
#181=PLANE('',#4195);
#182=PLANE('',#4198);
#183=PLANE('',#4199);
#184=PLANE('',#4206);
#185=PLANE('',#4207);
#186=PLANE('',#4210);
#187=PLANE('',#4211);
#188=PLANE('',#4218);
#189=PLANE('',#4219);
#190=PLANE('',#4222);
#191=PLANE('',#4223);
#192=PLANE('',#4230);
#193=PLANE('',#4231);
#194=PLANE('',#4234);
#195=PLANE('',#4235);
#196=PLANE('',#4242);
#197=PLANE('',#4243);
#198=PLANE('',#4246);
#199=PLANE('',#4247);
#200=CIRCLE('',#3824,0.116660666863284);
#201=CIRCLE('',#3825,0.116660666863284);
#202=CIRCLE('',#3828,1.24999999999995);
#203=CIRCLE('',#3829,1.24999999999995);
#204=CIRCLE('',#3832,0.116660666863284);
#205=CIRCLE('',#3833,0.116660666863284);
#206=CIRCLE('',#3836,1.24999999999994);
#207=CIRCLE('',#3837,1.24999999999994);
#208=CIRCLE('',#3840,0.116660666863284);
#209=CIRCLE('',#3841,0.116660666863284);
#210=CIRCLE('',#3844,1.24999999999992);
#211=CIRCLE('',#3845,1.24999999999992);
#212=CIRCLE('',#3848,0.116660666863284);
#213=CIRCLE('',#3849,0.116660666863284);
#214=CIRCLE('',#3852,1.24999999999994);
#215=CIRCLE('',#3853,1.24999999999994);
#216=CIRCLE('',#3856,0.116660666863284);
#217=CIRCLE('',#3857,0.116660666863284);
#218=CIRCLE('',#3860,1.24999999999994);
#219=CIRCLE('',#3861,1.24999999999994);
#220=CIRCLE('',#3864,0.116660666863284);
#221=CIRCLE('',#3865,0.116660666863284);
#222=CIRCLE('',#3868,1.24999999999993);
#223=CIRCLE('',#3869,1.24999999999993);
#224=CIRCLE('',#3872,0.116660666863284);
#225=CIRCLE('',#3873,0.116660666863284);
#226=CIRCLE('',#3876,1.24999999999995);
#227=CIRCLE('',#3877,1.24999999999995);
#228=CIRCLE('',#3880,0.116660666863284);
#229=CIRCLE('',#3881,0.116660666863284);
#230=CIRCLE('',#3884,1.24999999999994);
#231=CIRCLE('',#3885,1.24999999999994);
#232=CIRCLE('',#3888,0.116660666863284);
#233=CIRCLE('',#3889,0.116660666863284);
#234=CIRCLE('',#3892,1.24999999999989);
#235=CIRCLE('',#3893,1.24999999999989);
#236=CIRCLE('',#3896,0.116660666863284);
#237=CIRCLE('',#3897,0.116660666863284);
#238=CIRCLE('',#3900,1.24999999999995);
#239=CIRCLE('',#3901,1.24999999999995);
#240=CIRCLE('',#3904,0.116660666863284);
#241=CIRCLE('',#3905,0.116660666863284);
#242=CIRCLE('',#3908,1.24999999999994);
#243=CIRCLE('',#3909,1.24999999999994);
#244=CIRCLE('',#3912,0.116660666863284);
#245=CIRCLE('',#3913,0.116660666863284);
#246=CIRCLE('',#3916,1.24999999999993);
#247=CIRCLE('',#3917,1.24999999999993);
#248=CIRCLE('',#3920,0.05);
#249=CIRCLE('',#3921,1.19999999999994);
#250=CIRCLE('',#3922,0.05);
#251=CIRCLE('',#3923,0.166660666863285);
#252=CIRCLE('',#3924,0.05);
#253=CIRCLE('',#3925,1.19999999999993);
#254=CIRCLE('',#3926,0.05);
#255=CIRCLE('',#3927,0.166660666863285);
#256=CIRCLE('',#3928,0.05);
#257=CIRCLE('',#3929,1.19999999999995);
#258=CIRCLE('',#3930,0.05);
#259=CIRCLE('',#3931,0.166660666863285);
#260=CIRCLE('',#3932,0.05);
#261=CIRCLE('',#3933,1.19999999999994);
#262=CIRCLE('',#3934,0.05);
#263=CIRCLE('',#3935,0.166660666863285);
#264=CIRCLE('',#3936,0.05);
#265=CIRCLE('',#3937,1.19999999999989);
#266=CIRCLE('',#3938,0.05);
#267=CIRCLE('',#3939,0.166660666863285);
#268=CIRCLE('',#3940,0.05);
#269=CIRCLE('',#3941,1.19999999999995);
#270=CIRCLE('',#3942,0.05);
#271=CIRCLE('',#3943,0.166660666863285);
#272=CIRCLE('',#3944,0.05);
#273=CIRCLE('',#3945,1.19999999999994);
#274=CIRCLE('',#3946,0.05);
#275=CIRCLE('',#3947,0.166660666863285);
#276=CIRCLE('',#3948,0.05);
#277=CIRCLE('',#3949,1.19999999999993);
#278=CIRCLE('',#3950,0.05);
#279=CIRCLE('',#3951,0.166660666863285);
#280=CIRCLE('',#3952,0.05);
#281=CIRCLE('',#3953,1.19999999999995);
#282=CIRCLE('',#3954,0.05);
#283=CIRCLE('',#3955,0.166660666863285);
#284=CIRCLE('',#3956,0.05);
#285=CIRCLE('',#3957,1.19999999999994);
#286=CIRCLE('',#3958,0.05);
#287=CIRCLE('',#3959,0.166660666863285);
#288=CIRCLE('',#3960,0.05);
#289=CIRCLE('',#3961,1.19999999999992);
#290=CIRCLE('',#3962,0.05);
#291=CIRCLE('',#3963,0.166660666863285);
#292=CIRCLE('',#3964,0.05);
#293=CIRCLE('',#3965,1.19999999999994);
#294=CIRCLE('',#3966,0.05);
#295=CIRCLE('',#3967,0.166660666863285);
#296=CIRCLE('',#3969,0.05);
#297=CIRCLE('',#3970,1.19999999999994);
#298=CIRCLE('',#3971,0.05);
#299=CIRCLE('',#3972,0.166660666863285);
#300=CIRCLE('',#3973,0.05);
#301=CIRCLE('',#3974,1.19999999999994);
#302=CIRCLE('',#3975,0.05);
#303=CIRCLE('',#3976,0.166660666863285);
#304=CIRCLE('',#3977,0.05);
#305=CIRCLE('',#3978,1.19999999999992);
#306=CIRCLE('',#3979,0.05);
#307=CIRCLE('',#3980,0.166660666863285);
#308=CIRCLE('',#3981,0.05);
#309=CIRCLE('',#3982,1.19999999999994);
#310=CIRCLE('',#3983,0.05);
#311=CIRCLE('',#3984,0.166660666863285);
#312=CIRCLE('',#3985,0.05);
#313=CIRCLE('',#3986,1.19999999999995);
#314=CIRCLE('',#3987,0.05);
#315=CIRCLE('',#3988,0.166660666863285);
#316=CIRCLE('',#3989,0.05);
#317=CIRCLE('',#3990,1.19999999999993);
#318=CIRCLE('',#3991,0.05);
#319=CIRCLE('',#3992,0.166660666863285);
#320=CIRCLE('',#3993,0.05);
#321=CIRCLE('',#3994,1.19999999999994);
#322=CIRCLE('',#3995,0.05);
#323=CIRCLE('',#3996,0.166660666863285);
#324=CIRCLE('',#3997,0.05);
#325=CIRCLE('',#3998,1.19999999999995);
#326=CIRCLE('',#3999,0.05);
#327=CIRCLE('',#4000,0.166660666863285);
#328=CIRCLE('',#4001,0.05);
#329=CIRCLE('',#4002,1.19999999999989);
#330=CIRCLE('',#4003,0.05);
#331=CIRCLE('',#4004,0.166660666863285);
#332=CIRCLE('',#4005,0.05);
#333=CIRCLE('',#4006,1.19999999999994);
#334=CIRCLE('',#4007,0.05);
#335=CIRCLE('',#4008,0.166660666863285);
#336=CIRCLE('',#4009,0.05);
#337=CIRCLE('',#4010,1.19999999999995);
#338=CIRCLE('',#4011,0.05);
#339=CIRCLE('',#4012,0.166660666863285);
#340=CIRCLE('',#4013,0.05);
#341=CIRCLE('',#4014,1.19999999999993);
#342=CIRCLE('',#4015,0.05);
#343=CIRCLE('',#4016,0.166660666863285);
#344=CIRCLE('',#4018,0.1);
#345=CIRCLE('',#4019,0.1);
#346=CIRCLE('',#4021,0.1);
#347=CIRCLE('',#4022,0.1);
#348=CIRCLE('',#4024,0.1);
#349=CIRCLE('',#4025,0.1);
#350=CIRCLE('',#4027,0.1);
#351=CIRCLE('',#4028,0.1);
#352=CIRCLE('',#4030,0.1);
#353=CIRCLE('',#4031,0.1);
#354=CIRCLE('',#4033,0.1);
#355=CIRCLE('',#4034,0.1);
#356=CIRCLE('',#4036,0.1);
#357=CIRCLE('',#4037,0.1);
#358=CIRCLE('',#4039,0.1);
#359=CIRCLE('',#4040,0.1);
#360=CIRCLE('',#4042,0.1);
#361=CIRCLE('',#4043,0.1);
#362=CIRCLE('',#4045,0.1);
#363=CIRCLE('',#4046,0.1);
#364=CIRCLE('',#4048,0.1);
#365=CIRCLE('',#4049,0.1);
#366=CIRCLE('',#4051,0.1);
#367=CIRCLE('',#4052,0.1);
#368=CIRCLE('',#4054,0.1);
#369=CIRCLE('',#4055,0.1);
#370=CIRCLE('',#4057,0.1);
#371=CIRCLE('',#4058,0.1);
#372=CIRCLE('',#4060,0.1);
#373=CIRCLE('',#4061,0.1);
#374=CIRCLE('',#4063,0.1);
#375=CIRCLE('',#4064,0.1);
#376=CIRCLE('',#4066,0.1);
#377=CIRCLE('',#4067,0.1);
#378=CIRCLE('',#4069,0.1);
#379=CIRCLE('',#4070,0.1);
#380=CIRCLE('',#4072,0.1);
#381=CIRCLE('',#4073,0.1);
#382=CIRCLE('',#4075,0.1);
#383=CIRCLE('',#4076,0.1);
#384=CIRCLE('',#4078,0.1);
#385=CIRCLE('',#4079,0.1);
#386=CIRCLE('',#4081,0.1);
#387=CIRCLE('',#4082,0.1);
#388=CIRCLE('',#4084,0.1);
#389=CIRCLE('',#4085,0.1);
#390=CIRCLE('',#4087,0.1);
#391=CIRCLE('',#4088,0.1);
#392=ORIENTED_EDGE('',*,*,#1484,.F.);
#393=ORIENTED_EDGE('',*,*,#1485,.T.);
#394=ORIENTED_EDGE('',*,*,#1486,.T.);
#395=ORIENTED_EDGE('',*,*,#1487,.T.);
#396=ORIENTED_EDGE('',*,*,#1488,.T.);
#397=ORIENTED_EDGE('',*,*,#1489,.T.);
#398=ORIENTED_EDGE('',*,*,#1484,.T.);
#399=ORIENTED_EDGE('',*,*,#1490,.T.);
#400=ORIENTED_EDGE('',*,*,#1491,.T.);
#401=ORIENTED_EDGE('',*,*,#1492,.T.);
#402=ORIENTED_EDGE('',*,*,#1493,.T.);
#403=ORIENTED_EDGE('',*,*,#1494,.T.);
#404=ORIENTED_EDGE('',*,*,#1495,.F.);
#405=ORIENTED_EDGE('',*,*,#1496,.T.);
#406=ORIENTED_EDGE('',*,*,#1497,.T.);
#407=ORIENTED_EDGE('',*,*,#1498,.T.);
#408=ORIENTED_EDGE('',*,*,#1499,.F.);
#409=ORIENTED_EDGE('',*,*,#1500,.T.);
#410=ORIENTED_EDGE('',*,*,#1495,.T.);
#411=ORIENTED_EDGE('',*,*,#1501,.T.);
#412=ORIENTED_EDGE('',*,*,#1502,.T.);
#413=ORIENTED_EDGE('',*,*,#1503,.T.);
#414=ORIENTED_EDGE('',*,*,#1499,.T.);
#415=ORIENTED_EDGE('',*,*,#1504,.T.);
#416=ORIENTED_EDGE('',*,*,#1505,.T.);
#417=ORIENTED_EDGE('',*,*,#1506,.T.);
#418=ORIENTED_EDGE('',*,*,#1507,.T.);
#419=ORIENTED_EDGE('',*,*,#1508,.T.);
#420=ORIENTED_EDGE('',*,*,#1509,.F.);
#421=ORIENTED_EDGE('',*,*,#1510,.T.);
#422=ORIENTED_EDGE('',*,*,#1511,.T.);
#423=ORIENTED_EDGE('',*,*,#1512,.T.);
#424=ORIENTED_EDGE('',*,*,#1513,.F.);
#425=ORIENTED_EDGE('',*,*,#1514,.T.);
#426=ORIENTED_EDGE('',*,*,#1509,.T.);
#427=ORIENTED_EDGE('',*,*,#1515,.T.);
#428=ORIENTED_EDGE('',*,*,#1516,.T.);
#429=ORIENTED_EDGE('',*,*,#1517,.T.);
#430=ORIENTED_EDGE('',*,*,#1513,.T.);
#431=ORIENTED_EDGE('',*,*,#1518,.T.);
#432=ORIENTED_EDGE('',*,*,#1519,.T.);
#433=ORIENTED_EDGE('',*,*,#1520,.T.);
#434=ORIENTED_EDGE('',*,*,#1521,.T.);
#435=ORIENTED_EDGE('',*,*,#1522,.T.);
#436=ORIENTED_EDGE('',*,*,#1523,.F.);
#437=ORIENTED_EDGE('',*,*,#1524,.T.);
#438=ORIENTED_EDGE('',*,*,#1525,.T.);
#439=ORIENTED_EDGE('',*,*,#1526,.T.);
#440=ORIENTED_EDGE('',*,*,#1527,.F.);
#441=ORIENTED_EDGE('',*,*,#1528,.T.);
#442=ORIENTED_EDGE('',*,*,#1523,.T.);
#443=ORIENTED_EDGE('',*,*,#1529,.T.);
#444=ORIENTED_EDGE('',*,*,#1530,.T.);
#445=ORIENTED_EDGE('',*,*,#1531,.T.);
#446=ORIENTED_EDGE('',*,*,#1527,.T.);
#447=ORIENTED_EDGE('',*,*,#1532,.T.);
#448=ORIENTED_EDGE('',*,*,#1533,.T.);
#449=ORIENTED_EDGE('',*,*,#1534,.T.);
#450=ORIENTED_EDGE('',*,*,#1535,.T.);
#451=ORIENTED_EDGE('',*,*,#1536,.T.);
#452=ORIENTED_EDGE('',*,*,#1537,.F.);
#453=ORIENTED_EDGE('',*,*,#1538,.T.);
#454=ORIENTED_EDGE('',*,*,#1539,.T.);
#455=ORIENTED_EDGE('',*,*,#1540,.T.);
#456=ORIENTED_EDGE('',*,*,#1541,.F.);
#457=ORIENTED_EDGE('',*,*,#1542,.T.);
#458=ORIENTED_EDGE('',*,*,#1537,.T.);
#459=ORIENTED_EDGE('',*,*,#1543,.T.);
#460=ORIENTED_EDGE('',*,*,#1544,.T.);
#461=ORIENTED_EDGE('',*,*,#1545,.T.);
#462=ORIENTED_EDGE('',*,*,#1541,.T.);
#463=ORIENTED_EDGE('',*,*,#1546,.T.);
#464=ORIENTED_EDGE('',*,*,#1547,.T.);
#465=ORIENTED_EDGE('',*,*,#1548,.T.);
#466=ORIENTED_EDGE('',*,*,#1549,.T.);
#467=ORIENTED_EDGE('',*,*,#1550,.T.);
#468=ORIENTED_EDGE('',*,*,#1551,.F.);
#469=ORIENTED_EDGE('',*,*,#1552,.T.);
#470=ORIENTED_EDGE('',*,*,#1553,.T.);
#471=ORIENTED_EDGE('',*,*,#1554,.T.);
#472=ORIENTED_EDGE('',*,*,#1555,.F.);
#473=ORIENTED_EDGE('',*,*,#1556,.T.);
#474=ORIENTED_EDGE('',*,*,#1551,.T.);
#475=ORIENTED_EDGE('',*,*,#1557,.T.);
#476=ORIENTED_EDGE('',*,*,#1558,.T.);
#477=ORIENTED_EDGE('',*,*,#1559,.T.);
#478=ORIENTED_EDGE('',*,*,#1555,.T.);
#479=ORIENTED_EDGE('',*,*,#1560,.T.);
#480=ORIENTED_EDGE('',*,*,#1561,.T.);
#481=ORIENTED_EDGE('',*,*,#1562,.T.);
#482=ORIENTED_EDGE('',*,*,#1563,.T.);
#483=ORIENTED_EDGE('',*,*,#1564,.T.);
#484=ORIENTED_EDGE('',*,*,#1565,.F.);
#485=ORIENTED_EDGE('',*,*,#1566,.T.);
#486=ORIENTED_EDGE('',*,*,#1567,.T.);
#487=ORIENTED_EDGE('',*,*,#1568,.T.);
#488=ORIENTED_EDGE('',*,*,#1569,.F.);
#489=ORIENTED_EDGE('',*,*,#1570,.T.);
#490=ORIENTED_EDGE('',*,*,#1565,.T.);
#491=ORIENTED_EDGE('',*,*,#1571,.T.);
#492=ORIENTED_EDGE('',*,*,#1572,.T.);
#493=ORIENTED_EDGE('',*,*,#1573,.T.);
#494=ORIENTED_EDGE('',*,*,#1569,.T.);
#495=ORIENTED_EDGE('',*,*,#1574,.T.);
#496=ORIENTED_EDGE('',*,*,#1575,.T.);
#497=ORIENTED_EDGE('',*,*,#1576,.T.);
#498=ORIENTED_EDGE('',*,*,#1577,.T.);
#499=ORIENTED_EDGE('',*,*,#1578,.T.);
#500=ORIENTED_EDGE('',*,*,#1579,.F.);
#501=ORIENTED_EDGE('',*,*,#1580,.T.);
#502=ORIENTED_EDGE('',*,*,#1581,.T.);
#503=ORIENTED_EDGE('',*,*,#1582,.T.);
#504=ORIENTED_EDGE('',*,*,#1583,.F.);
#505=ORIENTED_EDGE('',*,*,#1584,.T.);
#506=ORIENTED_EDGE('',*,*,#1579,.T.);
#507=ORIENTED_EDGE('',*,*,#1585,.T.);
#508=ORIENTED_EDGE('',*,*,#1586,.T.);
#509=ORIENTED_EDGE('',*,*,#1587,.T.);
#510=ORIENTED_EDGE('',*,*,#1583,.T.);
#511=ORIENTED_EDGE('',*,*,#1588,.T.);
#512=ORIENTED_EDGE('',*,*,#1589,.T.);
#513=ORIENTED_EDGE('',*,*,#1590,.T.);
#514=ORIENTED_EDGE('',*,*,#1591,.T.);
#515=ORIENTED_EDGE('',*,*,#1592,.T.);
#516=ORIENTED_EDGE('',*,*,#1593,.F.);
#517=ORIENTED_EDGE('',*,*,#1594,.T.);
#518=ORIENTED_EDGE('',*,*,#1595,.T.);
#519=ORIENTED_EDGE('',*,*,#1596,.T.);
#520=ORIENTED_EDGE('',*,*,#1597,.F.);
#521=ORIENTED_EDGE('',*,*,#1598,.T.);
#522=ORIENTED_EDGE('',*,*,#1593,.T.);
#523=ORIENTED_EDGE('',*,*,#1599,.T.);
#524=ORIENTED_EDGE('',*,*,#1600,.T.);
#525=ORIENTED_EDGE('',*,*,#1601,.T.);
#526=ORIENTED_EDGE('',*,*,#1597,.T.);
#527=ORIENTED_EDGE('',*,*,#1602,.T.);
#528=ORIENTED_EDGE('',*,*,#1603,.T.);
#529=ORIENTED_EDGE('',*,*,#1604,.T.);
#530=ORIENTED_EDGE('',*,*,#1605,.T.);
#531=ORIENTED_EDGE('',*,*,#1606,.T.);
#532=ORIENTED_EDGE('',*,*,#1607,.F.);
#533=ORIENTED_EDGE('',*,*,#1608,.T.);
#534=ORIENTED_EDGE('',*,*,#1609,.T.);
#535=ORIENTED_EDGE('',*,*,#1610,.T.);
#536=ORIENTED_EDGE('',*,*,#1611,.F.);
#537=ORIENTED_EDGE('',*,*,#1612,.T.);
#538=ORIENTED_EDGE('',*,*,#1607,.T.);
#539=ORIENTED_EDGE('',*,*,#1613,.T.);
#540=ORIENTED_EDGE('',*,*,#1614,.T.);
#541=ORIENTED_EDGE('',*,*,#1615,.T.);
#542=ORIENTED_EDGE('',*,*,#1611,.T.);
#543=ORIENTED_EDGE('',*,*,#1616,.T.);
#544=ORIENTED_EDGE('',*,*,#1617,.T.);
#545=ORIENTED_EDGE('',*,*,#1618,.T.);
#546=ORIENTED_EDGE('',*,*,#1619,.T.);
#547=ORIENTED_EDGE('',*,*,#1620,.T.);
#548=ORIENTED_EDGE('',*,*,#1621,.F.);
#549=ORIENTED_EDGE('',*,*,#1622,.T.);
#550=ORIENTED_EDGE('',*,*,#1623,.T.);
#551=ORIENTED_EDGE('',*,*,#1624,.T.);
#552=ORIENTED_EDGE('',*,*,#1625,.F.);
#553=ORIENTED_EDGE('',*,*,#1626,.T.);
#554=ORIENTED_EDGE('',*,*,#1621,.T.);
#555=ORIENTED_EDGE('',*,*,#1627,.T.);
#556=ORIENTED_EDGE('',*,*,#1628,.T.);
#557=ORIENTED_EDGE('',*,*,#1629,.T.);
#558=ORIENTED_EDGE('',*,*,#1625,.T.);
#559=ORIENTED_EDGE('',*,*,#1630,.T.);
#560=ORIENTED_EDGE('',*,*,#1631,.T.);
#561=ORIENTED_EDGE('',*,*,#1632,.T.);
#562=ORIENTED_EDGE('',*,*,#1633,.T.);
#563=ORIENTED_EDGE('',*,*,#1634,.T.);
#564=ORIENTED_EDGE('',*,*,#1635,.F.);
#565=ORIENTED_EDGE('',*,*,#1636,.T.);
#566=ORIENTED_EDGE('',*,*,#1637,.T.);
#567=ORIENTED_EDGE('',*,*,#1638,.T.);
#568=ORIENTED_EDGE('',*,*,#1639,.F.);
#569=ORIENTED_EDGE('',*,*,#1640,.T.);
#570=ORIENTED_EDGE('',*,*,#1635,.T.);
#571=ORIENTED_EDGE('',*,*,#1641,.T.);
#572=ORIENTED_EDGE('',*,*,#1642,.T.);
#573=ORIENTED_EDGE('',*,*,#1643,.T.);
#574=ORIENTED_EDGE('',*,*,#1639,.T.);
#575=ORIENTED_EDGE('',*,*,#1644,.T.);
#576=ORIENTED_EDGE('',*,*,#1645,.T.);
#577=ORIENTED_EDGE('',*,*,#1646,.T.);
#578=ORIENTED_EDGE('',*,*,#1647,.T.);
#579=ORIENTED_EDGE('',*,*,#1648,.T.);
#580=ORIENTED_EDGE('',*,*,#1486,.F.);
#581=ORIENTED_EDGE('',*,*,#1649,.T.);
#582=ORIENTED_EDGE('',*,*,#1650,.T.);
#583=ORIENTED_EDGE('',*,*,#1651,.T.);
#584=ORIENTED_EDGE('',*,*,#1652,.T.);
#585=ORIENTED_EDGE('',*,*,#1653,.T.);
#586=ORIENTED_EDGE('',*,*,#1654,.T.);
#587=ORIENTED_EDGE('',*,*,#1655,.T.);
#588=ORIENTED_EDGE('',*,*,#1656,.T.);
#589=ORIENTED_EDGE('',*,*,#1657,.T.);
#590=ORIENTED_EDGE('',*,*,#1658,.T.);
#591=ORIENTED_EDGE('',*,*,#1659,.T.);
#592=ORIENTED_EDGE('',*,*,#1660,.T.);
#593=ORIENTED_EDGE('',*,*,#1661,.T.);
#594=ORIENTED_EDGE('',*,*,#1662,.T.);
#595=ORIENTED_EDGE('',*,*,#1663,.T.);
#596=ORIENTED_EDGE('',*,*,#1664,.T.);
#597=ORIENTED_EDGE('',*,*,#1665,.T.);
#598=ORIENTED_EDGE('',*,*,#1666,.T.);
#599=ORIENTED_EDGE('',*,*,#1667,.T.);
#600=ORIENTED_EDGE('',*,*,#1668,.T.);
#601=ORIENTED_EDGE('',*,*,#1669,.T.);
#602=ORIENTED_EDGE('',*,*,#1670,.T.);
#603=ORIENTED_EDGE('',*,*,#1671,.T.);
#604=ORIENTED_EDGE('',*,*,#1672,.T.);
#605=ORIENTED_EDGE('',*,*,#1673,.T.);
#606=ORIENTED_EDGE('',*,*,#1674,.T.);
#607=ORIENTED_EDGE('',*,*,#1675,.T.);
#608=ORIENTED_EDGE('',*,*,#1676,.T.);
#609=ORIENTED_EDGE('',*,*,#1677,.T.);
#610=ORIENTED_EDGE('',*,*,#1678,.T.);
#611=ORIENTED_EDGE('',*,*,#1679,.T.);
#612=ORIENTED_EDGE('',*,*,#1680,.T.);
#613=ORIENTED_EDGE('',*,*,#1681,.T.);
#614=ORIENTED_EDGE('',*,*,#1682,.T.);
#615=ORIENTED_EDGE('',*,*,#1683,.T.);
#616=ORIENTED_EDGE('',*,*,#1684,.T.);
#617=ORIENTED_EDGE('',*,*,#1685,.T.);
#618=ORIENTED_EDGE('',*,*,#1686,.T.);
#619=ORIENTED_EDGE('',*,*,#1687,.T.);
#620=ORIENTED_EDGE('',*,*,#1688,.T.);
#621=ORIENTED_EDGE('',*,*,#1689,.T.);
#622=ORIENTED_EDGE('',*,*,#1690,.T.);
#623=ORIENTED_EDGE('',*,*,#1691,.T.);
#624=ORIENTED_EDGE('',*,*,#1692,.T.);
#625=ORIENTED_EDGE('',*,*,#1693,.T.);
#626=ORIENTED_EDGE('',*,*,#1694,.T.);
#627=ORIENTED_EDGE('',*,*,#1695,.T.);
#628=ORIENTED_EDGE('',*,*,#1696,.T.);
#629=ORIENTED_EDGE('',*,*,#1697,.T.);
#630=ORIENTED_EDGE('',*,*,#1698,.T.);
#631=ORIENTED_EDGE('',*,*,#1699,.T.);
#632=ORIENTED_EDGE('',*,*,#1700,.T.);
#633=ORIENTED_EDGE('',*,*,#1701,.T.);
#634=ORIENTED_EDGE('',*,*,#1702,.T.);
#635=ORIENTED_EDGE('',*,*,#1703,.T.);
#636=ORIENTED_EDGE('',*,*,#1704,.T.);
#637=ORIENTED_EDGE('',*,*,#1705,.T.);
#638=ORIENTED_EDGE('',*,*,#1706,.T.);
#639=ORIENTED_EDGE('',*,*,#1707,.T.);
#640=ORIENTED_EDGE('',*,*,#1708,.T.);
#641=ORIENTED_EDGE('',*,*,#1709,.T.);
#642=ORIENTED_EDGE('',*,*,#1710,.T.);
#643=ORIENTED_EDGE('',*,*,#1711,.T.);
#644=ORIENTED_EDGE('',*,*,#1712,.T.);
#645=ORIENTED_EDGE('',*,*,#1713,.T.);
#646=ORIENTED_EDGE('',*,*,#1714,.T.);
#647=ORIENTED_EDGE('',*,*,#1715,.T.);
#648=ORIENTED_EDGE('',*,*,#1716,.T.);
#649=ORIENTED_EDGE('',*,*,#1717,.T.);
#650=ORIENTED_EDGE('',*,*,#1718,.T.);
#651=ORIENTED_EDGE('',*,*,#1719,.T.);
#652=ORIENTED_EDGE('',*,*,#1720,.T.);
#653=ORIENTED_EDGE('',*,*,#1721,.T.);
#654=ORIENTED_EDGE('',*,*,#1722,.T.);
#655=ORIENTED_EDGE('',*,*,#1723,.T.);
#656=ORIENTED_EDGE('',*,*,#1724,.T.);
#657=ORIENTED_EDGE('',*,*,#1725,.T.);
#658=ORIENTED_EDGE('',*,*,#1726,.T.);
#659=ORIENTED_EDGE('',*,*,#1727,.T.);
#660=ORIENTED_EDGE('',*,*,#1728,.T.);
#661=ORIENTED_EDGE('',*,*,#1729,.T.);
#662=ORIENTED_EDGE('',*,*,#1730,.T.);
#663=ORIENTED_EDGE('',*,*,#1731,.T.);
#664=ORIENTED_EDGE('',*,*,#1732,.T.);
#665=ORIENTED_EDGE('',*,*,#1733,.T.);
#666=ORIENTED_EDGE('',*,*,#1734,.T.);
#667=ORIENTED_EDGE('',*,*,#1735,.T.);
#668=ORIENTED_EDGE('',*,*,#1736,.T.);
#669=ORIENTED_EDGE('',*,*,#1737,.T.);
#670=ORIENTED_EDGE('',*,*,#1738,.T.);
#671=ORIENTED_EDGE('',*,*,#1739,.T.);
#672=ORIENTED_EDGE('',*,*,#1740,.T.);
#673=ORIENTED_EDGE('',*,*,#1741,.T.);
#674=ORIENTED_EDGE('',*,*,#1742,.T.);
#675=ORIENTED_EDGE('',*,*,#1743,.T.);
#676=ORIENTED_EDGE('',*,*,#1744,.T.);
#677=ORIENTED_EDGE('',*,*,#1745,.T.);
#678=ORIENTED_EDGE('',*,*,#1746,.T.);
#679=ORIENTED_EDGE('',*,*,#1747,.T.);
#680=ORIENTED_EDGE('',*,*,#1748,.T.);
#681=ORIENTED_EDGE('',*,*,#1749,.T.);
#682=ORIENTED_EDGE('',*,*,#1750,.T.);
#683=ORIENTED_EDGE('',*,*,#1751,.T.);
#684=ORIENTED_EDGE('',*,*,#1752,.T.);
#685=ORIENTED_EDGE('',*,*,#1753,.T.);
#686=ORIENTED_EDGE('',*,*,#1754,.T.);
#687=ORIENTED_EDGE('',*,*,#1755,.T.);
#688=ORIENTED_EDGE('',*,*,#1756,.T.);
#689=ORIENTED_EDGE('',*,*,#1757,.T.);
#690=ORIENTED_EDGE('',*,*,#1758,.T.);
#691=ORIENTED_EDGE('',*,*,#1759,.T.);
#692=ORIENTED_EDGE('',*,*,#1760,.T.);
#693=ORIENTED_EDGE('',*,*,#1761,.T.);
#694=ORIENTED_EDGE('',*,*,#1762,.T.);
#695=ORIENTED_EDGE('',*,*,#1763,.T.);
#696=ORIENTED_EDGE('',*,*,#1764,.T.);
#697=ORIENTED_EDGE('',*,*,#1765,.T.);
#698=ORIENTED_EDGE('',*,*,#1766,.T.);
#699=ORIENTED_EDGE('',*,*,#1767,.T.);
#700=ORIENTED_EDGE('',*,*,#1768,.T.);
#701=ORIENTED_EDGE('',*,*,#1769,.T.);
#702=ORIENTED_EDGE('',*,*,#1770,.T.);
#703=ORIENTED_EDGE('',*,*,#1771,.T.);
#704=ORIENTED_EDGE('',*,*,#1772,.T.);
#705=ORIENTED_EDGE('',*,*,#1773,.T.);
#706=ORIENTED_EDGE('',*,*,#1774,.T.);
#707=ORIENTED_EDGE('',*,*,#1775,.T.);
#708=ORIENTED_EDGE('',*,*,#1776,.T.);
#709=ORIENTED_EDGE('',*,*,#1777,.T.);
#710=ORIENTED_EDGE('',*,*,#1778,.T.);
#711=ORIENTED_EDGE('',*,*,#1779,.T.);
#712=ORIENTED_EDGE('',*,*,#1780,.T.);
#713=ORIENTED_EDGE('',*,*,#1781,.T.);
#714=ORIENTED_EDGE('',*,*,#1782,.T.);
#715=ORIENTED_EDGE('',*,*,#1783,.T.);
#716=ORIENTED_EDGE('',*,*,#1784,.T.);
#717=ORIENTED_EDGE('',*,*,#1785,.T.);
#718=ORIENTED_EDGE('',*,*,#1786,.T.);
#719=ORIENTED_EDGE('',*,*,#1787,.T.);
#720=ORIENTED_EDGE('',*,*,#1788,.T.);
#721=ORIENTED_EDGE('',*,*,#1789,.T.);
#722=ORIENTED_EDGE('',*,*,#1790,.T.);
#723=ORIENTED_EDGE('',*,*,#1791,.T.);
#724=ORIENTED_EDGE('',*,*,#1792,.T.);
#725=ORIENTED_EDGE('',*,*,#1793,.T.);
#726=ORIENTED_EDGE('',*,*,#1794,.T.);
#727=ORIENTED_EDGE('',*,*,#1795,.T.);
#728=ORIENTED_EDGE('',*,*,#1796,.T.);
#729=ORIENTED_EDGE('',*,*,#1797,.T.);
#730=ORIENTED_EDGE('',*,*,#1798,.T.);
#731=ORIENTED_EDGE('',*,*,#1799,.T.);
#732=ORIENTED_EDGE('',*,*,#1800,.T.);
#733=ORIENTED_EDGE('',*,*,#1801,.T.);
#734=ORIENTED_EDGE('',*,*,#1802,.T.);
#735=ORIENTED_EDGE('',*,*,#1803,.T.);
#736=ORIENTED_EDGE('',*,*,#1804,.T.);
#737=ORIENTED_EDGE('',*,*,#1805,.T.);
#738=ORIENTED_EDGE('',*,*,#1806,.T.);
#739=ORIENTED_EDGE('',*,*,#1807,.T.);
#740=ORIENTED_EDGE('',*,*,#1525,.F.);
#741=ORIENTED_EDGE('',*,*,#1808,.T.);
#742=ORIENTED_EDGE('',*,*,#1519,.F.);
#743=ORIENTED_EDGE('',*,*,#1809,.T.);
#744=ORIENTED_EDGE('',*,*,#1535,.F.);
#745=ORIENTED_EDGE('',*,*,#1810,.T.);
#746=ORIENTED_EDGE('',*,*,#1530,.F.);
#747=ORIENTED_EDGE('',*,*,#1811,.T.);
#748=ORIENTED_EDGE('',*,*,#1511,.F.);
#749=ORIENTED_EDGE('',*,*,#1812,.T.);
#750=ORIENTED_EDGE('',*,*,#1505,.F.);
#751=ORIENTED_EDGE('',*,*,#1813,.T.);
#752=ORIENTED_EDGE('',*,*,#1521,.F.);
#753=ORIENTED_EDGE('',*,*,#1814,.T.);
#754=ORIENTED_EDGE('',*,*,#1516,.F.);
#755=ORIENTED_EDGE('',*,*,#1815,.T.);
#756=ORIENTED_EDGE('',*,*,#1497,.F.);
#757=ORIENTED_EDGE('',*,*,#1816,.T.);
#758=ORIENTED_EDGE('',*,*,#1491,.F.);
#759=ORIENTED_EDGE('',*,*,#1817,.T.);
#760=ORIENTED_EDGE('',*,*,#1507,.F.);
#761=ORIENTED_EDGE('',*,*,#1818,.T.);
#762=ORIENTED_EDGE('',*,*,#1502,.F.);
#763=ORIENTED_EDGE('',*,*,#1819,.T.);
#764=ORIENTED_EDGE('',*,*,#1650,.F.);
#765=ORIENTED_EDGE('',*,*,#1820,.T.);
#766=ORIENTED_EDGE('',*,*,#1645,.F.);
#767=ORIENTED_EDGE('',*,*,#1821,.T.);
#768=ORIENTED_EDGE('',*,*,#1493,.F.);
#769=ORIENTED_EDGE('',*,*,#1822,.T.);
#770=ORIENTED_EDGE('',*,*,#1488,.F.);
#771=ORIENTED_EDGE('',*,*,#1823,.T.);
#772=ORIENTED_EDGE('',*,*,#1637,.F.);
#773=ORIENTED_EDGE('',*,*,#1824,.T.);
#774=ORIENTED_EDGE('',*,*,#1631,.F.);
#775=ORIENTED_EDGE('',*,*,#1825,.T.);
#776=ORIENTED_EDGE('',*,*,#1647,.F.);
#777=ORIENTED_EDGE('',*,*,#1826,.T.);
#778=ORIENTED_EDGE('',*,*,#1642,.F.);
#779=ORIENTED_EDGE('',*,*,#1827,.T.);
#780=ORIENTED_EDGE('',*,*,#1623,.F.);
#781=ORIENTED_EDGE('',*,*,#1828,.T.);
#782=ORIENTED_EDGE('',*,*,#1617,.F.);
#783=ORIENTED_EDGE('',*,*,#1829,.T.);
#784=ORIENTED_EDGE('',*,*,#1633,.F.);
#785=ORIENTED_EDGE('',*,*,#1830,.T.);
#786=ORIENTED_EDGE('',*,*,#1628,.F.);
#787=ORIENTED_EDGE('',*,*,#1831,.T.);
#788=ORIENTED_EDGE('',*,*,#1609,.F.);
#789=ORIENTED_EDGE('',*,*,#1832,.T.);
#790=ORIENTED_EDGE('',*,*,#1603,.F.);
#791=ORIENTED_EDGE('',*,*,#1833,.T.);
#792=ORIENTED_EDGE('',*,*,#1619,.F.);
#793=ORIENTED_EDGE('',*,*,#1834,.T.);
#794=ORIENTED_EDGE('',*,*,#1614,.F.);
#795=ORIENTED_EDGE('',*,*,#1835,.T.);
#796=ORIENTED_EDGE('',*,*,#1595,.F.);
#797=ORIENTED_EDGE('',*,*,#1836,.T.);
#798=ORIENTED_EDGE('',*,*,#1589,.F.);
#799=ORIENTED_EDGE('',*,*,#1837,.T.);
#800=ORIENTED_EDGE('',*,*,#1605,.F.);
#801=ORIENTED_EDGE('',*,*,#1838,.T.);
#802=ORIENTED_EDGE('',*,*,#1600,.F.);
#803=ORIENTED_EDGE('',*,*,#1839,.T.);
#804=ORIENTED_EDGE('',*,*,#1581,.F.);
#805=ORIENTED_EDGE('',*,*,#1840,.T.);
#806=ORIENTED_EDGE('',*,*,#1575,.F.);
#807=ORIENTED_EDGE('',*,*,#1841,.T.);
#808=ORIENTED_EDGE('',*,*,#1591,.F.);
#809=ORIENTED_EDGE('',*,*,#1842,.T.);
#810=ORIENTED_EDGE('',*,*,#1586,.F.);
#811=ORIENTED_EDGE('',*,*,#1843,.T.);
#812=ORIENTED_EDGE('',*,*,#1567,.F.);
#813=ORIENTED_EDGE('',*,*,#1844,.T.);
#814=ORIENTED_EDGE('',*,*,#1561,.F.);
#815=ORIENTED_EDGE('',*,*,#1845,.T.);
#816=ORIENTED_EDGE('',*,*,#1577,.F.);
#817=ORIENTED_EDGE('',*,*,#1846,.T.);
#818=ORIENTED_EDGE('',*,*,#1572,.F.);
#819=ORIENTED_EDGE('',*,*,#1847,.T.);
#820=ORIENTED_EDGE('',*,*,#1553,.F.);
#821=ORIENTED_EDGE('',*,*,#1848,.T.);
#822=ORIENTED_EDGE('',*,*,#1547,.F.);
#823=ORIENTED_EDGE('',*,*,#1849,.T.);
#824=ORIENTED_EDGE('',*,*,#1563,.F.);
#825=ORIENTED_EDGE('',*,*,#1850,.T.);
#826=ORIENTED_EDGE('',*,*,#1558,.F.);
#827=ORIENTED_EDGE('',*,*,#1851,.T.);
#828=ORIENTED_EDGE('',*,*,#1539,.F.);
#829=ORIENTED_EDGE('',*,*,#1852,.T.);
#830=ORIENTED_EDGE('',*,*,#1533,.F.);
#831=ORIENTED_EDGE('',*,*,#1853,.T.);
#832=ORIENTED_EDGE('',*,*,#1549,.F.);
#833=ORIENTED_EDGE('',*,*,#1854,.T.);
#834=ORIENTED_EDGE('',*,*,#1544,.F.);
#835=ORIENTED_EDGE('',*,*,#1855,.T.);
#836=ORIENTED_EDGE('',*,*,#1856,.T.);
#837=ORIENTED_EDGE('',*,*,#1857,.T.);
#838=ORIENTED_EDGE('',*,*,#1858,.F.);
#839=ORIENTED_EDGE('',*,*,#1859,.T.);
#840=ORIENTED_EDGE('',*,*,#1858,.T.);
#841=ORIENTED_EDGE('',*,*,#1860,.T.);
#842=ORIENTED_EDGE('',*,*,#1861,.F.);
#843=ORIENTED_EDGE('',*,*,#1862,.T.);
#844=ORIENTED_EDGE('',*,*,#1861,.T.);
#845=ORIENTED_EDGE('',*,*,#1863,.T.);
#846=ORIENTED_EDGE('',*,*,#1864,.F.);
#847=ORIENTED_EDGE('',*,*,#1865,.T.);
#848=ORIENTED_EDGE('',*,*,#1864,.T.);
#849=ORIENTED_EDGE('',*,*,#1866,.T.);
#850=ORIENTED_EDGE('',*,*,#1867,.F.);
#851=ORIENTED_EDGE('',*,*,#1868,.T.);
#852=ORIENTED_EDGE('',*,*,#1867,.T.);
#853=ORIENTED_EDGE('',*,*,#1869,.T.);
#854=ORIENTED_EDGE('',*,*,#1870,.F.);
#855=ORIENTED_EDGE('',*,*,#1871,.T.);
#856=ORIENTED_EDGE('',*,*,#1870,.T.);
#857=ORIENTED_EDGE('',*,*,#1872,.T.);
#858=ORIENTED_EDGE('',*,*,#1856,.F.);
#859=ORIENTED_EDGE('',*,*,#1873,.T.);
#860=ORIENTED_EDGE('',*,*,#1874,.F.);
#861=ORIENTED_EDGE('',*,*,#1656,.F.);
#862=ORIENTED_EDGE('',*,*,#1875,.F.);
#863=ORIENTED_EDGE('',*,*,#1866,.F.);
#864=ORIENTED_EDGE('',*,*,#1875,.T.);
#865=ORIENTED_EDGE('',*,*,#1655,.F.);
#866=ORIENTED_EDGE('',*,*,#1876,.F.);
#867=ORIENTED_EDGE('',*,*,#1869,.F.);
#868=ORIENTED_EDGE('',*,*,#1874,.T.);
#869=ORIENTED_EDGE('',*,*,#1863,.F.);
#870=ORIENTED_EDGE('',*,*,#1877,.F.);
#871=ORIENTED_EDGE('',*,*,#1657,.F.);
#872=ORIENTED_EDGE('',*,*,#1876,.T.);
#873=ORIENTED_EDGE('',*,*,#1654,.F.);
#874=ORIENTED_EDGE('',*,*,#1878,.F.);
#875=ORIENTED_EDGE('',*,*,#1872,.F.);
#876=ORIENTED_EDGE('',*,*,#1877,.T.);
#877=ORIENTED_EDGE('',*,*,#1860,.F.);
#878=ORIENTED_EDGE('',*,*,#1879,.F.);
#879=ORIENTED_EDGE('',*,*,#1652,.F.);
#880=ORIENTED_EDGE('',*,*,#1878,.T.);
#881=ORIENTED_EDGE('',*,*,#1653,.F.);
#882=ORIENTED_EDGE('',*,*,#1879,.T.);
#883=ORIENTED_EDGE('',*,*,#1857,.F.);
#884=ORIENTED_EDGE('',*,*,#1880,.F.);
#885=ORIENTED_EDGE('',*,*,#1868,.F.);
#886=ORIENTED_EDGE('',*,*,#1881,.F.);
#887=ORIENTED_EDGE('',*,*,#1734,.F.);
#888=ORIENTED_EDGE('',*,*,#1881,.T.);
#889=ORIENTED_EDGE('',*,*,#1871,.F.);
#890=ORIENTED_EDGE('',*,*,#1882,.F.);
#891=ORIENTED_EDGE('',*,*,#1735,.F.);
#892=ORIENTED_EDGE('',*,*,#1880,.T.);
#893=ORIENTED_EDGE('',*,*,#1733,.F.);
#894=ORIENTED_EDGE('',*,*,#1883,.F.);
#895=ORIENTED_EDGE('',*,*,#1865,.F.);
#896=ORIENTED_EDGE('',*,*,#1882,.T.);
#897=ORIENTED_EDGE('',*,*,#1873,.F.);
#898=ORIENTED_EDGE('',*,*,#1884,.F.);
#899=ORIENTED_EDGE('',*,*,#1730,.F.);
#900=ORIENTED_EDGE('',*,*,#1883,.T.);
#901=ORIENTED_EDGE('',*,*,#1732,.F.);
#902=ORIENTED_EDGE('',*,*,#1885,.F.);
#903=ORIENTED_EDGE('',*,*,#1862,.F.);
#904=ORIENTED_EDGE('',*,*,#1884,.T.);
#905=ORIENTED_EDGE('',*,*,#1859,.F.);
#906=ORIENTED_EDGE('',*,*,#1885,.T.);
#907=ORIENTED_EDGE('',*,*,#1731,.F.);
#908=ORIENTED_EDGE('',*,*,#1886,.F.);
#909=ORIENTED_EDGE('',*,*,#1632,.F.);
#910=ORIENTED_EDGE('',*,*,#1887,.F.);
#911=ORIENTED_EDGE('',*,*,#1695,.F.);
#912=ORIENTED_EDGE('',*,*,#1887,.T.);
#913=ORIENTED_EDGE('',*,*,#1824,.F.);
#914=ORIENTED_EDGE('',*,*,#1888,.F.);
#915=ORIENTED_EDGE('',*,*,#1696,.F.);
#916=ORIENTED_EDGE('',*,*,#1886,.T.);
#917=ORIENTED_EDGE('',*,*,#1694,.F.);
#918=ORIENTED_EDGE('',*,*,#1889,.F.);
#919=ORIENTED_EDGE('',*,*,#1830,.F.);
#920=ORIENTED_EDGE('',*,*,#1888,.T.);
#921=ORIENTED_EDGE('',*,*,#1636,.F.);
#922=ORIENTED_EDGE('',*,*,#1890,.F.);
#923=ORIENTED_EDGE('',*,*,#1697,.F.);
#924=ORIENTED_EDGE('',*,*,#1889,.T.);
#925=ORIENTED_EDGE('',*,*,#1693,.F.);
#926=ORIENTED_EDGE('',*,*,#1891,.F.);
#927=ORIENTED_EDGE('',*,*,#1629,.F.);
#928=ORIENTED_EDGE('',*,*,#1890,.T.);
#929=ORIENTED_EDGE('',*,*,#1640,.F.);
#930=ORIENTED_EDGE('',*,*,#1892,.F.);
#931=ORIENTED_EDGE('',*,*,#1698,.F.);
#932=ORIENTED_EDGE('',*,*,#1891,.T.);
#933=ORIENTED_EDGE('',*,*,#1692,.F.);
#934=ORIENTED_EDGE('',*,*,#1893,.F.);
#935=ORIENTED_EDGE('',*,*,#1626,.F.);
#936=ORIENTED_EDGE('',*,*,#1892,.T.);
#937=ORIENTED_EDGE('',*,*,#1643,.F.);
#938=ORIENTED_EDGE('',*,*,#1894,.F.);
#939=ORIENTED_EDGE('',*,*,#1699,.F.);
#940=ORIENTED_EDGE('',*,*,#1893,.T.);
#941=ORIENTED_EDGE('',*,*,#1691,.F.);
#942=ORIENTED_EDGE('',*,*,#1895,.F.);
#943=ORIENTED_EDGE('',*,*,#1622,.F.);
#944=ORIENTED_EDGE('',*,*,#1894,.T.);
#945=ORIENTED_EDGE('',*,*,#1826,.F.);
#946=ORIENTED_EDGE('',*,*,#1896,.F.);
#947=ORIENTED_EDGE('',*,*,#1700,.F.);
#948=ORIENTED_EDGE('',*,*,#1895,.T.);
#949=ORIENTED_EDGE('',*,*,#1690,.F.);
#950=ORIENTED_EDGE('',*,*,#1897,.F.);
#951=ORIENTED_EDGE('',*,*,#1828,.F.);
#952=ORIENTED_EDGE('',*,*,#1896,.T.);
#953=ORIENTED_EDGE('',*,*,#1646,.F.);
#954=ORIENTED_EDGE('',*,*,#1898,.F.);
#955=ORIENTED_EDGE('',*,*,#1701,.F.);
#956=ORIENTED_EDGE('',*,*,#1897,.T.);
#957=ORIENTED_EDGE('',*,*,#1689,.F.);
#958=ORIENTED_EDGE('',*,*,#1899,.F.);
#959=ORIENTED_EDGE('',*,*,#1618,.F.);
#960=ORIENTED_EDGE('',*,*,#1898,.T.);
#961=ORIENTED_EDGE('',*,*,#1820,.F.);
#962=ORIENTED_EDGE('',*,*,#1900,.F.);
#963=ORIENTED_EDGE('',*,*,#1702,.F.);
#964=ORIENTED_EDGE('',*,*,#1899,.T.);
#965=ORIENTED_EDGE('',*,*,#1688,.F.);
#966=ORIENTED_EDGE('',*,*,#1901,.F.);
#967=ORIENTED_EDGE('',*,*,#1834,.F.);
#968=ORIENTED_EDGE('',*,*,#1900,.T.);
#969=ORIENTED_EDGE('',*,*,#1649,.F.);
#970=ORIENTED_EDGE('',*,*,#1902,.F.);
#971=ORIENTED_EDGE('',*,*,#1703,.F.);
#972=ORIENTED_EDGE('',*,*,#1901,.T.);
#973=ORIENTED_EDGE('',*,*,#1687,.F.);
#974=ORIENTED_EDGE('',*,*,#1903,.F.);
#975=ORIENTED_EDGE('',*,*,#1615,.F.);
#976=ORIENTED_EDGE('',*,*,#1902,.T.);
#977=ORIENTED_EDGE('',*,*,#1485,.F.);
#978=ORIENTED_EDGE('',*,*,#1904,.F.);
#979=ORIENTED_EDGE('',*,*,#1704,.F.);
#980=ORIENTED_EDGE('',*,*,#1903,.T.);
#981=ORIENTED_EDGE('',*,*,#1686,.F.);
#982=ORIENTED_EDGE('',*,*,#1905,.F.);
#983=ORIENTED_EDGE('',*,*,#1612,.F.);
#984=ORIENTED_EDGE('',*,*,#1904,.T.);
#985=ORIENTED_EDGE('',*,*,#1489,.F.);
#986=ORIENTED_EDGE('',*,*,#1906,.F.);
#987=ORIENTED_EDGE('',*,*,#1705,.F.);
#988=ORIENTED_EDGE('',*,*,#1905,.T.);
#989=ORIENTED_EDGE('',*,*,#1685,.F.);
#990=ORIENTED_EDGE('',*,*,#1907,.F.);
#991=ORIENTED_EDGE('',*,*,#1608,.F.);
#992=ORIENTED_EDGE('',*,*,#1906,.T.);
#993=ORIENTED_EDGE('',*,*,#1822,.F.);
#994=ORIENTED_EDGE('',*,*,#1908,.F.);
#995=ORIENTED_EDGE('',*,*,#1706,.F.);
#996=ORIENTED_EDGE('',*,*,#1907,.T.);
#997=ORIENTED_EDGE('',*,*,#1684,.F.);
#998=ORIENTED_EDGE('',*,*,#1909,.F.);
#999=ORIENTED_EDGE('',*,*,#1832,.F.);
#1000=ORIENTED_EDGE('',*,*,#1908,.T.);
#1001=ORIENTED_EDGE('',*,*,#1492,.F.);
#1002=ORIENTED_EDGE('',*,*,#1910,.F.);
#1003=ORIENTED_EDGE('',*,*,#1707,.F.);
#1004=ORIENTED_EDGE('',*,*,#1909,.T.);
#1005=ORIENTED_EDGE('',*,*,#1683,.F.);
#1006=ORIENTED_EDGE('',*,*,#1911,.F.);
#1007=ORIENTED_EDGE('',*,*,#1604,.F.);
#1008=ORIENTED_EDGE('',*,*,#1910,.T.);
#1009=ORIENTED_EDGE('',*,*,#1816,.F.);
#1010=ORIENTED_EDGE('',*,*,#1912,.F.);
#1011=ORIENTED_EDGE('',*,*,#1708,.F.);
#1012=ORIENTED_EDGE('',*,*,#1911,.T.);
#1013=ORIENTED_EDGE('',*,*,#1682,.F.);
#1014=ORIENTED_EDGE('',*,*,#1913,.F.);
#1015=ORIENTED_EDGE('',*,*,#1838,.F.);
#1016=ORIENTED_EDGE('',*,*,#1912,.T.);
#1017=ORIENTED_EDGE('',*,*,#1496,.F.);
#1018=ORIENTED_EDGE('',*,*,#1914,.F.);
#1019=ORIENTED_EDGE('',*,*,#1709,.F.);
#1020=ORIENTED_EDGE('',*,*,#1913,.T.);
#1021=ORIENTED_EDGE('',*,*,#1681,.F.);
#1022=ORIENTED_EDGE('',*,*,#1915,.F.);
#1023=ORIENTED_EDGE('',*,*,#1601,.F.);
#1024=ORIENTED_EDGE('',*,*,#1914,.T.);
#1025=ORIENTED_EDGE('',*,*,#1500,.F.);
#1026=ORIENTED_EDGE('',*,*,#1916,.F.);
#1027=ORIENTED_EDGE('',*,*,#1710,.F.);
#1028=ORIENTED_EDGE('',*,*,#1915,.T.);
#1029=ORIENTED_EDGE('',*,*,#1680,.F.);
#1030=ORIENTED_EDGE('',*,*,#1917,.F.);
#1031=ORIENTED_EDGE('',*,*,#1598,.F.);
#1032=ORIENTED_EDGE('',*,*,#1916,.T.);
#1033=ORIENTED_EDGE('',*,*,#1503,.F.);
#1034=ORIENTED_EDGE('',*,*,#1918,.F.);
#1035=ORIENTED_EDGE('',*,*,#1711,.F.);
#1036=ORIENTED_EDGE('',*,*,#1917,.T.);
#1037=ORIENTED_EDGE('',*,*,#1679,.F.);
#1038=ORIENTED_EDGE('',*,*,#1919,.F.);
#1039=ORIENTED_EDGE('',*,*,#1594,.F.);
#1040=ORIENTED_EDGE('',*,*,#1918,.T.);
#1041=ORIENTED_EDGE('',*,*,#1818,.F.);
#1042=ORIENTED_EDGE('',*,*,#1920,.F.);
#1043=ORIENTED_EDGE('',*,*,#1712,.F.);
#1044=ORIENTED_EDGE('',*,*,#1919,.T.);
#1045=ORIENTED_EDGE('',*,*,#1678,.F.);
#1046=ORIENTED_EDGE('',*,*,#1921,.F.);
#1047=ORIENTED_EDGE('',*,*,#1836,.F.);
#1048=ORIENTED_EDGE('',*,*,#1920,.T.);
#1049=ORIENTED_EDGE('',*,*,#1506,.F.);
#1050=ORIENTED_EDGE('',*,*,#1922,.F.);
#1051=ORIENTED_EDGE('',*,*,#1713,.F.);
#1052=ORIENTED_EDGE('',*,*,#1921,.T.);
#1053=ORIENTED_EDGE('',*,*,#1677,.F.);
#1054=ORIENTED_EDGE('',*,*,#1923,.F.);
#1055=ORIENTED_EDGE('',*,*,#1590,.F.);
#1056=ORIENTED_EDGE('',*,*,#1922,.T.);
#1057=ORIENTED_EDGE('',*,*,#1812,.F.);
#1058=ORIENTED_EDGE('',*,*,#1924,.F.);
#1059=ORIENTED_EDGE('',*,*,#1714,.F.);
#1060=ORIENTED_EDGE('',*,*,#1923,.T.);
#1061=ORIENTED_EDGE('',*,*,#1676,.F.);
#1062=ORIENTED_EDGE('',*,*,#1925,.F.);
#1063=ORIENTED_EDGE('',*,*,#1842,.F.);
#1064=ORIENTED_EDGE('',*,*,#1924,.T.);
#1065=ORIENTED_EDGE('',*,*,#1510,.F.);
#1066=ORIENTED_EDGE('',*,*,#1926,.F.);
#1067=ORIENTED_EDGE('',*,*,#1715,.F.);
#1068=ORIENTED_EDGE('',*,*,#1925,.T.);
#1069=ORIENTED_EDGE('',*,*,#1675,.F.);
#1070=ORIENTED_EDGE('',*,*,#1927,.F.);
#1071=ORIENTED_EDGE('',*,*,#1587,.F.);
#1072=ORIENTED_EDGE('',*,*,#1926,.T.);
#1073=ORIENTED_EDGE('',*,*,#1514,.F.);
#1074=ORIENTED_EDGE('',*,*,#1928,.F.);
#1075=ORIENTED_EDGE('',*,*,#1716,.F.);
#1076=ORIENTED_EDGE('',*,*,#1927,.T.);
#1077=ORIENTED_EDGE('',*,*,#1674,.F.);
#1078=ORIENTED_EDGE('',*,*,#1929,.F.);
#1079=ORIENTED_EDGE('',*,*,#1584,.F.);
#1080=ORIENTED_EDGE('',*,*,#1928,.T.);
#1081=ORIENTED_EDGE('',*,*,#1517,.F.);
#1082=ORIENTED_EDGE('',*,*,#1930,.F.);
#1083=ORIENTED_EDGE('',*,*,#1717,.F.);
#1084=ORIENTED_EDGE('',*,*,#1929,.T.);
#1085=ORIENTED_EDGE('',*,*,#1673,.F.);
#1086=ORIENTED_EDGE('',*,*,#1931,.F.);
#1087=ORIENTED_EDGE('',*,*,#1580,.F.);
#1088=ORIENTED_EDGE('',*,*,#1930,.T.);
#1089=ORIENTED_EDGE('',*,*,#1814,.F.);
#1090=ORIENTED_EDGE('',*,*,#1932,.F.);
#1091=ORIENTED_EDGE('',*,*,#1718,.F.);
#1092=ORIENTED_EDGE('',*,*,#1931,.T.);
#1093=ORIENTED_EDGE('',*,*,#1672,.F.);
#1094=ORIENTED_EDGE('',*,*,#1933,.F.);
#1095=ORIENTED_EDGE('',*,*,#1840,.F.);
#1096=ORIENTED_EDGE('',*,*,#1932,.T.);
#1097=ORIENTED_EDGE('',*,*,#1520,.F.);
#1098=ORIENTED_EDGE('',*,*,#1934,.F.);
#1099=ORIENTED_EDGE('',*,*,#1719,.F.);
#1100=ORIENTED_EDGE('',*,*,#1933,.T.);
#1101=ORIENTED_EDGE('',*,*,#1671,.F.);
#1102=ORIENTED_EDGE('',*,*,#1935,.F.);
#1103=ORIENTED_EDGE('',*,*,#1576,.F.);
#1104=ORIENTED_EDGE('',*,*,#1934,.T.);
#1105=ORIENTED_EDGE('',*,*,#1808,.F.);
#1106=ORIENTED_EDGE('',*,*,#1936,.F.);
#1107=ORIENTED_EDGE('',*,*,#1720,.F.);
#1108=ORIENTED_EDGE('',*,*,#1935,.T.);
#1109=ORIENTED_EDGE('',*,*,#1670,.F.);
#1110=ORIENTED_EDGE('',*,*,#1937,.F.);
#1111=ORIENTED_EDGE('',*,*,#1846,.F.);
#1112=ORIENTED_EDGE('',*,*,#1936,.T.);
#1113=ORIENTED_EDGE('',*,*,#1524,.F.);
#1114=ORIENTED_EDGE('',*,*,#1938,.F.);
#1115=ORIENTED_EDGE('',*,*,#1721,.F.);
#1116=ORIENTED_EDGE('',*,*,#1937,.T.);
#1117=ORIENTED_EDGE('',*,*,#1669,.F.);
#1118=ORIENTED_EDGE('',*,*,#1939,.F.);
#1119=ORIENTED_EDGE('',*,*,#1573,.F.);
#1120=ORIENTED_EDGE('',*,*,#1938,.T.);
#1121=ORIENTED_EDGE('',*,*,#1528,.F.);
#1122=ORIENTED_EDGE('',*,*,#1940,.F.);
#1123=ORIENTED_EDGE('',*,*,#1722,.F.);
#1124=ORIENTED_EDGE('',*,*,#1939,.T.);
#1125=ORIENTED_EDGE('',*,*,#1668,.F.);
#1126=ORIENTED_EDGE('',*,*,#1941,.F.);
#1127=ORIENTED_EDGE('',*,*,#1570,.F.);
#1128=ORIENTED_EDGE('',*,*,#1940,.T.);
#1129=ORIENTED_EDGE('',*,*,#1531,.F.);
#1130=ORIENTED_EDGE('',*,*,#1942,.F.);
#1131=ORIENTED_EDGE('',*,*,#1723,.F.);
#1132=ORIENTED_EDGE('',*,*,#1941,.T.);
#1133=ORIENTED_EDGE('',*,*,#1667,.F.);
#1134=ORIENTED_EDGE('',*,*,#1943,.F.);
#1135=ORIENTED_EDGE('',*,*,#1566,.F.);
#1136=ORIENTED_EDGE('',*,*,#1942,.T.);
#1137=ORIENTED_EDGE('',*,*,#1810,.F.);
#1138=ORIENTED_EDGE('',*,*,#1944,.F.);
#1139=ORIENTED_EDGE('',*,*,#1724,.F.);
#1140=ORIENTED_EDGE('',*,*,#1943,.T.);
#1141=ORIENTED_EDGE('',*,*,#1666,.F.);
#1142=ORIENTED_EDGE('',*,*,#1945,.F.);
#1143=ORIENTED_EDGE('',*,*,#1844,.F.);
#1144=ORIENTED_EDGE('',*,*,#1944,.T.);
#1145=ORIENTED_EDGE('',*,*,#1534,.F.);
#1146=ORIENTED_EDGE('',*,*,#1946,.F.);
#1147=ORIENTED_EDGE('',*,*,#1725,.F.);
#1148=ORIENTED_EDGE('',*,*,#1945,.T.);
#1149=ORIENTED_EDGE('',*,*,#1665,.F.);
#1150=ORIENTED_EDGE('',*,*,#1947,.F.);
#1151=ORIENTED_EDGE('',*,*,#1562,.F.);
#1152=ORIENTED_EDGE('',*,*,#1946,.T.);
#1153=ORIENTED_EDGE('',*,*,#1852,.F.);
#1154=ORIENTED_EDGE('',*,*,#1948,.F.);
#1155=ORIENTED_EDGE('',*,*,#1726,.F.);
#1156=ORIENTED_EDGE('',*,*,#1947,.T.);
#1157=ORIENTED_EDGE('',*,*,#1664,.F.);
#1158=ORIENTED_EDGE('',*,*,#1949,.F.);
#1159=ORIENTED_EDGE('',*,*,#1850,.F.);
#1160=ORIENTED_EDGE('',*,*,#1948,.T.);
#1161=ORIENTED_EDGE('',*,*,#1538,.F.);
#1162=ORIENTED_EDGE('',*,*,#1950,.F.);
#1163=ORIENTED_EDGE('',*,*,#1727,.F.);
#1164=ORIENTED_EDGE('',*,*,#1949,.T.);
#1165=ORIENTED_EDGE('',*,*,#1663,.F.);
#1166=ORIENTED_EDGE('',*,*,#1951,.F.);
#1167=ORIENTED_EDGE('',*,*,#1559,.F.);
#1168=ORIENTED_EDGE('',*,*,#1950,.T.);
#1169=ORIENTED_EDGE('',*,*,#1542,.F.);
#1170=ORIENTED_EDGE('',*,*,#1952,.F.);
#1171=ORIENTED_EDGE('',*,*,#1728,.F.);
#1172=ORIENTED_EDGE('',*,*,#1951,.T.);
#1173=ORIENTED_EDGE('',*,*,#1662,.F.);
#1174=ORIENTED_EDGE('',*,*,#1953,.F.);
#1175=ORIENTED_EDGE('',*,*,#1556,.F.);
#1176=ORIENTED_EDGE('',*,*,#1952,.T.);
#1177=ORIENTED_EDGE('',*,*,#1545,.F.);
#1178=ORIENTED_EDGE('',*,*,#1954,.F.);
#1179=ORIENTED_EDGE('',*,*,#1729,.F.);
#1180=ORIENTED_EDGE('',*,*,#1953,.T.);
#1181=ORIENTED_EDGE('',*,*,#1661,.F.);
#1182=ORIENTED_EDGE('',*,*,#1955,.F.);
#1183=ORIENTED_EDGE('',*,*,#1552,.F.);
#1184=ORIENTED_EDGE('',*,*,#1954,.T.);
#1185=ORIENTED_EDGE('',*,*,#1854,.F.);
#1186=ORIENTED_EDGE('',*,*,#1956,.F.);
#1187=ORIENTED_EDGE('',*,*,#1658,.F.);
#1188=ORIENTED_EDGE('',*,*,#1955,.T.);
#1189=ORIENTED_EDGE('',*,*,#1660,.F.);
#1190=ORIENTED_EDGE('',*,*,#1957,.F.);
#1191=ORIENTED_EDGE('',*,*,#1848,.F.);
#1192=ORIENTED_EDGE('',*,*,#1956,.T.);
#1193=ORIENTED_EDGE('',*,*,#1548,.F.);
#1194=ORIENTED_EDGE('',*,*,#1957,.T.);
#1195=ORIENTED_EDGE('',*,*,#1659,.F.);
#1196=ORIENTED_EDGE('',*,*,#1958,.F.);
#1197=ORIENTED_EDGE('',*,*,#1773,.F.);
#1198=ORIENTED_EDGE('',*,*,#1959,.F.);
#1199=ORIENTED_EDGE('',*,*,#1634,.F.);
#1200=ORIENTED_EDGE('',*,*,#1959,.T.);
#1201=ORIENTED_EDGE('',*,*,#1772,.F.);
#1202=ORIENTED_EDGE('',*,*,#1960,.F.);
#1203=ORIENTED_EDGE('',*,*,#1825,.F.);
#1204=ORIENTED_EDGE('',*,*,#1958,.T.);
#1205=ORIENTED_EDGE('',*,*,#1831,.F.);
#1206=ORIENTED_EDGE('',*,*,#1961,.F.);
#1207=ORIENTED_EDGE('',*,*,#1774,.F.);
#1208=ORIENTED_EDGE('',*,*,#1960,.T.);
#1209=ORIENTED_EDGE('',*,*,#1771,.F.);
#1210=ORIENTED_EDGE('',*,*,#1962,.F.);
#1211=ORIENTED_EDGE('',*,*,#1638,.F.);
#1212=ORIENTED_EDGE('',*,*,#1961,.T.);
#1213=ORIENTED_EDGE('',*,*,#1630,.F.);
#1214=ORIENTED_EDGE('',*,*,#1963,.F.);
#1215=ORIENTED_EDGE('',*,*,#1775,.F.);
#1216=ORIENTED_EDGE('',*,*,#1962,.T.);
#1217=ORIENTED_EDGE('',*,*,#1770,.F.);
#1218=ORIENTED_EDGE('',*,*,#1964,.F.);
#1219=ORIENTED_EDGE('',*,*,#1641,.F.);
#1220=ORIENTED_EDGE('',*,*,#1963,.T.);
#1221=ORIENTED_EDGE('',*,*,#1627,.F.);
#1222=ORIENTED_EDGE('',*,*,#1965,.F.);
#1223=ORIENTED_EDGE('',*,*,#1776,.F.);
#1224=ORIENTED_EDGE('',*,*,#1964,.T.);
#1225=ORIENTED_EDGE('',*,*,#1769,.F.);
#1226=ORIENTED_EDGE('',*,*,#1966,.F.);
#1227=ORIENTED_EDGE('',*,*,#1644,.F.);
#1228=ORIENTED_EDGE('',*,*,#1965,.T.);
#1229=ORIENTED_EDGE('',*,*,#1624,.F.);
#1230=ORIENTED_EDGE('',*,*,#1967,.F.);
#1231=ORIENTED_EDGE('',*,*,#1777,.F.);
#1232=ORIENTED_EDGE('',*,*,#1966,.T.);
#1233=ORIENTED_EDGE('',*,*,#1768,.F.);
#1234=ORIENTED_EDGE('',*,*,#1968,.F.);
#1235=ORIENTED_EDGE('',*,*,#1827,.F.);
#1236=ORIENTED_EDGE('',*,*,#1967,.T.);
#1237=ORIENTED_EDGE('',*,*,#1829,.F.);
#1238=ORIENTED_EDGE('',*,*,#1969,.F.);
#1239=ORIENTED_EDGE('',*,*,#1778,.F.);
#1240=ORIENTED_EDGE('',*,*,#1968,.T.);
#1241=ORIENTED_EDGE('',*,*,#1767,.F.);
#1242=ORIENTED_EDGE('',*,*,#1970,.F.);
#1243=ORIENTED_EDGE('',*,*,#1648,.F.);
#1244=ORIENTED_EDGE('',*,*,#1969,.T.);
#1245=ORIENTED_EDGE('',*,*,#1620,.F.);
#1246=ORIENTED_EDGE('',*,*,#1971,.F.);
#1247=ORIENTED_EDGE('',*,*,#1779,.F.);
#1248=ORIENTED_EDGE('',*,*,#1970,.T.);
#1249=ORIENTED_EDGE('',*,*,#1766,.F.);
#1250=ORIENTED_EDGE('',*,*,#1972,.F.);
#1251=ORIENTED_EDGE('',*,*,#1821,.F.);
#1252=ORIENTED_EDGE('',*,*,#1971,.T.);
#1253=ORIENTED_EDGE('',*,*,#1835,.F.);
#1254=ORIENTED_EDGE('',*,*,#1973,.F.);
#1255=ORIENTED_EDGE('',*,*,#1780,.F.);
#1256=ORIENTED_EDGE('',*,*,#1972,.T.);
#1257=ORIENTED_EDGE('',*,*,#1765,.F.);
#1258=ORIENTED_EDGE('',*,*,#1974,.F.);
#1259=ORIENTED_EDGE('',*,*,#1651,.F.);
#1260=ORIENTED_EDGE('',*,*,#1973,.T.);
#1261=ORIENTED_EDGE('',*,*,#1616,.F.);
#1262=ORIENTED_EDGE('',*,*,#1975,.F.);
#1263=ORIENTED_EDGE('',*,*,#1781,.F.);
#1264=ORIENTED_EDGE('',*,*,#1974,.T.);
#1265=ORIENTED_EDGE('',*,*,#1764,.F.);
#1266=ORIENTED_EDGE('',*,*,#1976,.F.);
#1267=ORIENTED_EDGE('',*,*,#1487,.F.);
#1268=ORIENTED_EDGE('',*,*,#1975,.T.);
#1269=ORIENTED_EDGE('',*,*,#1613,.F.);
#1270=ORIENTED_EDGE('',*,*,#1977,.F.);
#1271=ORIENTED_EDGE('',*,*,#1782,.F.);
#1272=ORIENTED_EDGE('',*,*,#1976,.T.);
#1273=ORIENTED_EDGE('',*,*,#1763,.F.);
#1274=ORIENTED_EDGE('',*,*,#1978,.F.);
#1275=ORIENTED_EDGE('',*,*,#1490,.F.);
#1276=ORIENTED_EDGE('',*,*,#1977,.T.);
#1277=ORIENTED_EDGE('',*,*,#1610,.F.);
#1278=ORIENTED_EDGE('',*,*,#1979,.F.);
#1279=ORIENTED_EDGE('',*,*,#1783,.F.);
#1280=ORIENTED_EDGE('',*,*,#1978,.T.);
#1281=ORIENTED_EDGE('',*,*,#1762,.F.);
#1282=ORIENTED_EDGE('',*,*,#1980,.F.);
#1283=ORIENTED_EDGE('',*,*,#1823,.F.);
#1284=ORIENTED_EDGE('',*,*,#1979,.T.);
#1285=ORIENTED_EDGE('',*,*,#1833,.F.);
#1286=ORIENTED_EDGE('',*,*,#1981,.F.);
#1287=ORIENTED_EDGE('',*,*,#1784,.F.);
#1288=ORIENTED_EDGE('',*,*,#1980,.T.);
#1289=ORIENTED_EDGE('',*,*,#1761,.F.);
#1290=ORIENTED_EDGE('',*,*,#1982,.F.);
#1291=ORIENTED_EDGE('',*,*,#1494,.F.);
#1292=ORIENTED_EDGE('',*,*,#1981,.T.);
#1293=ORIENTED_EDGE('',*,*,#1606,.F.);
#1294=ORIENTED_EDGE('',*,*,#1983,.F.);
#1295=ORIENTED_EDGE('',*,*,#1785,.F.);
#1296=ORIENTED_EDGE('',*,*,#1982,.T.);
#1297=ORIENTED_EDGE('',*,*,#1760,.F.);
#1298=ORIENTED_EDGE('',*,*,#1984,.F.);
#1299=ORIENTED_EDGE('',*,*,#1817,.F.);
#1300=ORIENTED_EDGE('',*,*,#1983,.T.);
#1301=ORIENTED_EDGE('',*,*,#1839,.F.);
#1302=ORIENTED_EDGE('',*,*,#1985,.F.);
#1303=ORIENTED_EDGE('',*,*,#1786,.F.);
#1304=ORIENTED_EDGE('',*,*,#1984,.T.);
#1305=ORIENTED_EDGE('',*,*,#1759,.F.);
#1306=ORIENTED_EDGE('',*,*,#1986,.F.);
#1307=ORIENTED_EDGE('',*,*,#1498,.F.);
#1308=ORIENTED_EDGE('',*,*,#1985,.T.);
#1309=ORIENTED_EDGE('',*,*,#1602,.F.);
#1310=ORIENTED_EDGE('',*,*,#1987,.F.);
#1311=ORIENTED_EDGE('',*,*,#1787,.F.);
#1312=ORIENTED_EDGE('',*,*,#1986,.T.);
#1313=ORIENTED_EDGE('',*,*,#1758,.F.);
#1314=ORIENTED_EDGE('',*,*,#1988,.F.);
#1315=ORIENTED_EDGE('',*,*,#1501,.F.);
#1316=ORIENTED_EDGE('',*,*,#1987,.T.);
#1317=ORIENTED_EDGE('',*,*,#1599,.F.);
#1318=ORIENTED_EDGE('',*,*,#1989,.F.);
#1319=ORIENTED_EDGE('',*,*,#1788,.F.);
#1320=ORIENTED_EDGE('',*,*,#1988,.T.);
#1321=ORIENTED_EDGE('',*,*,#1757,.F.);
#1322=ORIENTED_EDGE('',*,*,#1990,.F.);
#1323=ORIENTED_EDGE('',*,*,#1504,.F.);
#1324=ORIENTED_EDGE('',*,*,#1989,.T.);
#1325=ORIENTED_EDGE('',*,*,#1596,.F.);
#1326=ORIENTED_EDGE('',*,*,#1991,.F.);
#1327=ORIENTED_EDGE('',*,*,#1789,.F.);
#1328=ORIENTED_EDGE('',*,*,#1990,.T.);
#1329=ORIENTED_EDGE('',*,*,#1756,.F.);
#1330=ORIENTED_EDGE('',*,*,#1992,.F.);
#1331=ORIENTED_EDGE('',*,*,#1819,.F.);
#1332=ORIENTED_EDGE('',*,*,#1991,.T.);
#1333=ORIENTED_EDGE('',*,*,#1837,.F.);
#1334=ORIENTED_EDGE('',*,*,#1993,.F.);
#1335=ORIENTED_EDGE('',*,*,#1790,.F.);
#1336=ORIENTED_EDGE('',*,*,#1992,.T.);
#1337=ORIENTED_EDGE('',*,*,#1755,.F.);
#1338=ORIENTED_EDGE('',*,*,#1994,.F.);
#1339=ORIENTED_EDGE('',*,*,#1508,.F.);
#1340=ORIENTED_EDGE('',*,*,#1993,.T.);
#1341=ORIENTED_EDGE('',*,*,#1592,.F.);
#1342=ORIENTED_EDGE('',*,*,#1995,.F.);
#1343=ORIENTED_EDGE('',*,*,#1791,.F.);
#1344=ORIENTED_EDGE('',*,*,#1994,.T.);
#1345=ORIENTED_EDGE('',*,*,#1754,.F.);
#1346=ORIENTED_EDGE('',*,*,#1996,.F.);
#1347=ORIENTED_EDGE('',*,*,#1813,.F.);
#1348=ORIENTED_EDGE('',*,*,#1995,.T.);
#1349=ORIENTED_EDGE('',*,*,#1843,.F.);
#1350=ORIENTED_EDGE('',*,*,#1997,.F.);
#1351=ORIENTED_EDGE('',*,*,#1792,.F.);
#1352=ORIENTED_EDGE('',*,*,#1996,.T.);
#1353=ORIENTED_EDGE('',*,*,#1753,.F.);
#1354=ORIENTED_EDGE('',*,*,#1998,.F.);
#1355=ORIENTED_EDGE('',*,*,#1512,.F.);
#1356=ORIENTED_EDGE('',*,*,#1997,.T.);
#1357=ORIENTED_EDGE('',*,*,#1588,.F.);
#1358=ORIENTED_EDGE('',*,*,#1999,.F.);
#1359=ORIENTED_EDGE('',*,*,#1793,.F.);
#1360=ORIENTED_EDGE('',*,*,#1998,.T.);
#1361=ORIENTED_EDGE('',*,*,#1752,.F.);
#1362=ORIENTED_EDGE('',*,*,#2000,.F.);
#1363=ORIENTED_EDGE('',*,*,#1515,.F.);
#1364=ORIENTED_EDGE('',*,*,#1999,.T.);
#1365=ORIENTED_EDGE('',*,*,#1585,.F.);
#1366=ORIENTED_EDGE('',*,*,#2001,.F.);
#1367=ORIENTED_EDGE('',*,*,#1794,.F.);
#1368=ORIENTED_EDGE('',*,*,#2000,.T.);
#1369=ORIENTED_EDGE('',*,*,#1751,.F.);
#1370=ORIENTED_EDGE('',*,*,#2002,.F.);
#1371=ORIENTED_EDGE('',*,*,#1518,.F.);
#1372=ORIENTED_EDGE('',*,*,#2001,.T.);
#1373=ORIENTED_EDGE('',*,*,#1582,.F.);
#1374=ORIENTED_EDGE('',*,*,#2003,.F.);
#1375=ORIENTED_EDGE('',*,*,#1795,.F.);
#1376=ORIENTED_EDGE('',*,*,#2002,.T.);
#1377=ORIENTED_EDGE('',*,*,#1750,.F.);
#1378=ORIENTED_EDGE('',*,*,#2004,.F.);
#1379=ORIENTED_EDGE('',*,*,#1815,.F.);
#1380=ORIENTED_EDGE('',*,*,#2003,.T.);
#1381=ORIENTED_EDGE('',*,*,#1841,.F.);
#1382=ORIENTED_EDGE('',*,*,#2005,.F.);
#1383=ORIENTED_EDGE('',*,*,#1796,.F.);
#1384=ORIENTED_EDGE('',*,*,#2004,.T.);
#1385=ORIENTED_EDGE('',*,*,#1749,.F.);
#1386=ORIENTED_EDGE('',*,*,#2006,.F.);
#1387=ORIENTED_EDGE('',*,*,#1522,.F.);
#1388=ORIENTED_EDGE('',*,*,#2005,.T.);
#1389=ORIENTED_EDGE('',*,*,#1578,.F.);
#1390=ORIENTED_EDGE('',*,*,#2007,.F.);
#1391=ORIENTED_EDGE('',*,*,#1797,.F.);
#1392=ORIENTED_EDGE('',*,*,#2006,.T.);
#1393=ORIENTED_EDGE('',*,*,#1748,.F.);
#1394=ORIENTED_EDGE('',*,*,#2008,.F.);
#1395=ORIENTED_EDGE('',*,*,#1809,.F.);
#1396=ORIENTED_EDGE('',*,*,#2007,.T.);
#1397=ORIENTED_EDGE('',*,*,#1847,.F.);
#1398=ORIENTED_EDGE('',*,*,#2009,.F.);
#1399=ORIENTED_EDGE('',*,*,#1798,.F.);
#1400=ORIENTED_EDGE('',*,*,#2008,.T.);
#1401=ORIENTED_EDGE('',*,*,#1747,.F.);
#1402=ORIENTED_EDGE('',*,*,#2010,.F.);
#1403=ORIENTED_EDGE('',*,*,#1526,.F.);
#1404=ORIENTED_EDGE('',*,*,#2009,.T.);
#1405=ORIENTED_EDGE('',*,*,#1574,.F.);
#1406=ORIENTED_EDGE('',*,*,#2011,.F.);
#1407=ORIENTED_EDGE('',*,*,#1799,.F.);
#1408=ORIENTED_EDGE('',*,*,#2010,.T.);
#1409=ORIENTED_EDGE('',*,*,#1746,.F.);
#1410=ORIENTED_EDGE('',*,*,#2012,.F.);
#1411=ORIENTED_EDGE('',*,*,#1529,.F.);
#1412=ORIENTED_EDGE('',*,*,#2011,.T.);
#1413=ORIENTED_EDGE('',*,*,#1571,.F.);
#1414=ORIENTED_EDGE('',*,*,#2013,.F.);
#1415=ORIENTED_EDGE('',*,*,#1800,.F.);
#1416=ORIENTED_EDGE('',*,*,#2012,.T.);
#1417=ORIENTED_EDGE('',*,*,#1745,.F.);
#1418=ORIENTED_EDGE('',*,*,#2014,.F.);
#1419=ORIENTED_EDGE('',*,*,#1532,.F.);
#1420=ORIENTED_EDGE('',*,*,#2013,.T.);
#1421=ORIENTED_EDGE('',*,*,#1568,.F.);
#1422=ORIENTED_EDGE('',*,*,#2015,.F.);
#1423=ORIENTED_EDGE('',*,*,#1801,.F.);
#1424=ORIENTED_EDGE('',*,*,#2014,.T.);
#1425=ORIENTED_EDGE('',*,*,#1744,.F.);
#1426=ORIENTED_EDGE('',*,*,#2016,.F.);
#1427=ORIENTED_EDGE('',*,*,#1811,.F.);
#1428=ORIENTED_EDGE('',*,*,#2015,.T.);
#1429=ORIENTED_EDGE('',*,*,#1845,.F.);
#1430=ORIENTED_EDGE('',*,*,#2017,.F.);
#1431=ORIENTED_EDGE('',*,*,#1802,.F.);
#1432=ORIENTED_EDGE('',*,*,#2016,.T.);
#1433=ORIENTED_EDGE('',*,*,#1743,.F.);
#1434=ORIENTED_EDGE('',*,*,#2018,.F.);
#1435=ORIENTED_EDGE('',*,*,#1536,.F.);
#1436=ORIENTED_EDGE('',*,*,#2017,.T.);
#1437=ORIENTED_EDGE('',*,*,#1564,.F.);
#1438=ORIENTED_EDGE('',*,*,#2019,.F.);
#1439=ORIENTED_EDGE('',*,*,#1803,.F.);
#1440=ORIENTED_EDGE('',*,*,#2018,.T.);
#1441=ORIENTED_EDGE('',*,*,#1742,.F.);
#1442=ORIENTED_EDGE('',*,*,#2020,.F.);
#1443=ORIENTED_EDGE('',*,*,#1853,.F.);
#1444=ORIENTED_EDGE('',*,*,#2019,.T.);
#1445=ORIENTED_EDGE('',*,*,#1851,.F.);
#1446=ORIENTED_EDGE('',*,*,#2021,.F.);
#1447=ORIENTED_EDGE('',*,*,#1804,.F.);
#1448=ORIENTED_EDGE('',*,*,#2020,.T.);
#1449=ORIENTED_EDGE('',*,*,#1741,.F.);
#1450=ORIENTED_EDGE('',*,*,#2022,.F.);
#1451=ORIENTED_EDGE('',*,*,#1540,.F.);
#1452=ORIENTED_EDGE('',*,*,#2021,.T.);
#1453=ORIENTED_EDGE('',*,*,#1560,.F.);
#1454=ORIENTED_EDGE('',*,*,#2023,.F.);
#1455=ORIENTED_EDGE('',*,*,#1805,.F.);
#1456=ORIENTED_EDGE('',*,*,#2022,.T.);
#1457=ORIENTED_EDGE('',*,*,#1740,.F.);
#1458=ORIENTED_EDGE('',*,*,#2024,.F.);
#1459=ORIENTED_EDGE('',*,*,#1543,.F.);
#1460=ORIENTED_EDGE('',*,*,#2023,.T.);
#1461=ORIENTED_EDGE('',*,*,#1557,.F.);
#1462=ORIENTED_EDGE('',*,*,#2025,.F.);
#1463=ORIENTED_EDGE('',*,*,#1806,.F.);
#1464=ORIENTED_EDGE('',*,*,#2024,.T.);
#1465=ORIENTED_EDGE('',*,*,#1739,.F.);
#1466=ORIENTED_EDGE('',*,*,#2026,.F.);
#1467=ORIENTED_EDGE('',*,*,#1546,.F.);
#1468=ORIENTED_EDGE('',*,*,#2025,.T.);
#1469=ORIENTED_EDGE('',*,*,#1554,.F.);
#1470=ORIENTED_EDGE('',*,*,#2027,.F.);
#1471=ORIENTED_EDGE('',*,*,#1807,.F.);
#1472=ORIENTED_EDGE('',*,*,#2026,.T.);
#1473=ORIENTED_EDGE('',*,*,#1738,.F.);
#1474=ORIENTED_EDGE('',*,*,#2028,.F.);
#1475=ORIENTED_EDGE('',*,*,#1855,.F.);
#1476=ORIENTED_EDGE('',*,*,#2027,.T.);
#1477=ORIENTED_EDGE('',*,*,#1849,.F.);
#1478=ORIENTED_EDGE('',*,*,#2029,.F.);
#1479=ORIENTED_EDGE('',*,*,#1736,.F.);
#1480=ORIENTED_EDGE('',*,*,#2028,.T.);
#1481=ORIENTED_EDGE('',*,*,#1737,.F.);
#1482=ORIENTED_EDGE('',*,*,#2029,.T.);
#1483=ORIENTED_EDGE('',*,*,#1550,.F.);
#1484=EDGE_CURVE('',#2030,#2031,#2342,.T.);
#1485=EDGE_CURVE('',#2030,#2032,#200,.T.);
#1486=EDGE_CURVE('',#2032,#2033,#2343,.T.);
#1487=EDGE_CURVE('',#2033,#2031,#201,.F.);
#1488=EDGE_CURVE('',#2034,#2035,#2344,.T.);
#1489=EDGE_CURVE('',#2035,#2030,#2345,.T.);
#1490=EDGE_CURVE('',#2031,#2034,#2346,.T.);
#1491=EDGE_CURVE('',#2036,#2037,#2347,.F.);
#1492=EDGE_CURVE('',#2037,#2038,#202,.F.);
#1493=EDGE_CURVE('',#2038,#2039,#2348,.T.);
#1494=EDGE_CURVE('',#2039,#2036,#203,.T.);
#1495=EDGE_CURVE('',#2040,#2041,#2349,.T.);
#1496=EDGE_CURVE('',#2040,#2042,#2350,.T.);
#1497=EDGE_CURVE('',#2042,#2043,#2351,.T.);
#1498=EDGE_CURVE('',#2043,#2041,#2352,.T.);
#1499=EDGE_CURVE('',#2044,#2045,#2353,.T.);
#1500=EDGE_CURVE('',#2044,#2040,#204,.T.);
#1501=EDGE_CURVE('',#2041,#2045,#205,.F.);
#1502=EDGE_CURVE('',#2046,#2047,#2354,.T.);
#1503=EDGE_CURVE('',#2047,#2044,#2355,.T.);
#1504=EDGE_CURVE('',#2045,#2046,#2356,.T.);
#1505=EDGE_CURVE('',#2048,#2049,#2357,.F.);
#1506=EDGE_CURVE('',#2049,#2050,#206,.F.);
#1507=EDGE_CURVE('',#2050,#2051,#2358,.T.);
#1508=EDGE_CURVE('',#2051,#2048,#207,.T.);
#1509=EDGE_CURVE('',#2052,#2053,#2359,.T.);
#1510=EDGE_CURVE('',#2052,#2054,#2360,.T.);
#1511=EDGE_CURVE('',#2054,#2055,#2361,.T.);
#1512=EDGE_CURVE('',#2055,#2053,#2362,.T.);
#1513=EDGE_CURVE('',#2056,#2057,#2363,.T.);
#1514=EDGE_CURVE('',#2056,#2052,#208,.T.);
#1515=EDGE_CURVE('',#2053,#2057,#209,.F.);
#1516=EDGE_CURVE('',#2058,#2059,#2364,.T.);
#1517=EDGE_CURVE('',#2059,#2056,#2365,.T.);
#1518=EDGE_CURVE('',#2057,#2058,#2366,.T.);
#1519=EDGE_CURVE('',#2060,#2061,#2367,.F.);
#1520=EDGE_CURVE('',#2061,#2062,#210,.F.);
#1521=EDGE_CURVE('',#2062,#2063,#2368,.T.);
#1522=EDGE_CURVE('',#2063,#2060,#211,.T.);
#1523=EDGE_CURVE('',#2064,#2065,#2369,.T.);
#1524=EDGE_CURVE('',#2064,#2066,#2370,.T.);
#1525=EDGE_CURVE('',#2066,#2067,#2371,.T.);
#1526=EDGE_CURVE('',#2067,#2065,#2372,.T.);
#1527=EDGE_CURVE('',#2068,#2069,#2373,.T.);
#1528=EDGE_CURVE('',#2068,#2064,#212,.T.);
#1529=EDGE_CURVE('',#2065,#2069,#213,.F.);
#1530=EDGE_CURVE('',#2070,#2071,#2374,.T.);
#1531=EDGE_CURVE('',#2071,#2068,#2375,.T.);
#1532=EDGE_CURVE('',#2069,#2070,#2376,.T.);
#1533=EDGE_CURVE('',#2072,#2073,#2377,.F.);
#1534=EDGE_CURVE('',#2073,#2074,#214,.F.);
#1535=EDGE_CURVE('',#2074,#2075,#2378,.T.);
#1536=EDGE_CURVE('',#2075,#2072,#215,.T.);
#1537=EDGE_CURVE('',#2076,#2077,#2379,.T.);
#1538=EDGE_CURVE('',#2076,#2078,#2380,.T.);
#1539=EDGE_CURVE('',#2078,#2079,#2381,.T.);
#1540=EDGE_CURVE('',#2079,#2077,#2382,.T.);
#1541=EDGE_CURVE('',#2080,#2081,#2383,.T.);
#1542=EDGE_CURVE('',#2080,#2076,#216,.T.);
#1543=EDGE_CURVE('',#2077,#2081,#217,.F.);
#1544=EDGE_CURVE('',#2082,#2083,#2384,.T.);
#1545=EDGE_CURVE('',#2083,#2080,#2385,.T.);
#1546=EDGE_CURVE('',#2081,#2082,#2386,.T.);
#1547=EDGE_CURVE('',#2084,#2085,#2387,.F.);
#1548=EDGE_CURVE('',#2085,#2086,#218,.F.);
#1549=EDGE_CURVE('',#2086,#2087,#2388,.T.);
#1550=EDGE_CURVE('',#2087,#2084,#219,.T.);
#1551=EDGE_CURVE('',#2088,#2089,#2389,.T.);
#1552=EDGE_CURVE('',#2088,#2090,#2390,.T.);
#1553=EDGE_CURVE('',#2090,#2091,#2391,.T.);
#1554=EDGE_CURVE('',#2091,#2089,#2392,.T.);
#1555=EDGE_CURVE('',#2092,#2093,#2393,.T.);
#1556=EDGE_CURVE('',#2092,#2088,#220,.T.);
#1557=EDGE_CURVE('',#2089,#2093,#221,.F.);
#1558=EDGE_CURVE('',#2094,#2095,#2394,.T.);
#1559=EDGE_CURVE('',#2095,#2092,#2395,.T.);
#1560=EDGE_CURVE('',#2093,#2094,#2396,.T.);
#1561=EDGE_CURVE('',#2096,#2097,#2397,.F.);
#1562=EDGE_CURVE('',#2097,#2098,#222,.F.);
#1563=EDGE_CURVE('',#2098,#2099,#2398,.T.);
#1564=EDGE_CURVE('',#2099,#2096,#223,.T.);
#1565=EDGE_CURVE('',#2100,#2101,#2399,.T.);
#1566=EDGE_CURVE('',#2100,#2102,#2400,.T.);
#1567=EDGE_CURVE('',#2102,#2103,#2401,.T.);
#1568=EDGE_CURVE('',#2103,#2101,#2402,.T.);
#1569=EDGE_CURVE('',#2104,#2105,#2403,.T.);
#1570=EDGE_CURVE('',#2104,#2100,#224,.T.);
#1571=EDGE_CURVE('',#2101,#2105,#225,.F.);
#1572=EDGE_CURVE('',#2106,#2107,#2404,.T.);
#1573=EDGE_CURVE('',#2107,#2104,#2405,.T.);
#1574=EDGE_CURVE('',#2105,#2106,#2406,.T.);
#1575=EDGE_CURVE('',#2108,#2109,#2407,.F.);
#1576=EDGE_CURVE('',#2109,#2110,#226,.F.);
#1577=EDGE_CURVE('',#2110,#2111,#2408,.T.);
#1578=EDGE_CURVE('',#2111,#2108,#227,.T.);
#1579=EDGE_CURVE('',#2112,#2113,#2409,.T.);
#1580=EDGE_CURVE('',#2112,#2114,#2410,.T.);
#1581=EDGE_CURVE('',#2114,#2115,#2411,.T.);
#1582=EDGE_CURVE('',#2115,#2113,#2412,.T.);
#1583=EDGE_CURVE('',#2116,#2117,#2413,.T.);
#1584=EDGE_CURVE('',#2116,#2112,#228,.T.);
#1585=EDGE_CURVE('',#2113,#2117,#229,.F.);
#1586=EDGE_CURVE('',#2118,#2119,#2414,.T.);
#1587=EDGE_CURVE('',#2119,#2116,#2415,.T.);
#1588=EDGE_CURVE('',#2117,#2118,#2416,.T.);
#1589=EDGE_CURVE('',#2120,#2121,#2417,.F.);
#1590=EDGE_CURVE('',#2121,#2122,#230,.F.);
#1591=EDGE_CURVE('',#2122,#2123,#2418,.T.);
#1592=EDGE_CURVE('',#2123,#2120,#231,.T.);
#1593=EDGE_CURVE('',#2124,#2125,#2419,.T.);
#1594=EDGE_CURVE('',#2124,#2126,#2420,.T.);
#1595=EDGE_CURVE('',#2126,#2127,#2421,.T.);
#1596=EDGE_CURVE('',#2127,#2125,#2422,.T.);
#1597=EDGE_CURVE('',#2128,#2129,#2423,.T.);
#1598=EDGE_CURVE('',#2128,#2124,#232,.T.);
#1599=EDGE_CURVE('',#2125,#2129,#233,.F.);
#1600=EDGE_CURVE('',#2130,#2131,#2424,.T.);
#1601=EDGE_CURVE('',#2131,#2128,#2425,.T.);
#1602=EDGE_CURVE('',#2129,#2130,#2426,.T.);
#1603=EDGE_CURVE('',#2132,#2133,#2427,.F.);
#1604=EDGE_CURVE('',#2133,#2134,#234,.F.);
#1605=EDGE_CURVE('',#2134,#2135,#2428,.T.);
#1606=EDGE_CURVE('',#2135,#2132,#235,.T.);
#1607=EDGE_CURVE('',#2136,#2137,#2429,.T.);
#1608=EDGE_CURVE('',#2136,#2138,#2430,.T.);
#1609=EDGE_CURVE('',#2138,#2139,#2431,.T.);
#1610=EDGE_CURVE('',#2139,#2137,#2432,.T.);
#1611=EDGE_CURVE('',#2140,#2141,#2433,.T.);
#1612=EDGE_CURVE('',#2140,#2136,#236,.T.);
#1613=EDGE_CURVE('',#2137,#2141,#237,.F.);
#1614=EDGE_CURVE('',#2142,#2143,#2434,.T.);
#1615=EDGE_CURVE('',#2143,#2140,#2435,.T.);
#1616=EDGE_CURVE('',#2141,#2142,#2436,.T.);
#1617=EDGE_CURVE('',#2144,#2145,#2437,.F.);
#1618=EDGE_CURVE('',#2145,#2146,#238,.F.);
#1619=EDGE_CURVE('',#2146,#2147,#2438,.T.);
#1620=EDGE_CURVE('',#2147,#2144,#239,.T.);
#1621=EDGE_CURVE('',#2148,#2149,#2439,.T.);
#1622=EDGE_CURVE('',#2148,#2150,#2440,.T.);
#1623=EDGE_CURVE('',#2150,#2151,#2441,.T.);
#1624=EDGE_CURVE('',#2151,#2149,#2442,.T.);
#1625=EDGE_CURVE('',#2152,#2153,#2443,.T.);
#1626=EDGE_CURVE('',#2152,#2148,#240,.T.);
#1627=EDGE_CURVE('',#2149,#2153,#241,.F.);
#1628=EDGE_CURVE('',#2154,#2155,#2444,.T.);
#1629=EDGE_CURVE('',#2155,#2152,#2445,.T.);
#1630=EDGE_CURVE('',#2153,#2154,#2446,.T.);
#1631=EDGE_CURVE('',#2156,#2157,#2447,.F.);
#1632=EDGE_CURVE('',#2157,#2158,#242,.F.);
#1633=EDGE_CURVE('',#2158,#2159,#2448,.T.);
#1634=EDGE_CURVE('',#2159,#2156,#243,.T.);
#1635=EDGE_CURVE('',#2160,#2161,#2449,.T.);
#1636=EDGE_CURVE('',#2160,#2162,#2450,.T.);
#1637=EDGE_CURVE('',#2162,#2163,#2451,.T.);
#1638=EDGE_CURVE('',#2163,#2161,#2452,.T.);
#1639=EDGE_CURVE('',#2164,#2165,#2453,.T.);
#1640=EDGE_CURVE('',#2164,#2160,#244,.T.);
#1641=EDGE_CURVE('',#2161,#2165,#245,.F.);
#1642=EDGE_CURVE('',#2166,#2167,#2454,.T.);
#1643=EDGE_CURVE('',#2167,#2164,#2455,.T.);
#1644=EDGE_CURVE('',#2165,#2166,#2456,.T.);
#1645=EDGE_CURVE('',#2168,#2169,#2457,.F.);
#1646=EDGE_CURVE('',#2169,#2170,#246,.F.);
#1647=EDGE_CURVE('',#2170,#2171,#2458,.T.);
#1648=EDGE_CURVE('',#2171,#2168,#247,.T.);
#1649=EDGE_CURVE('',#2032,#2172,#2459,.T.);
#1650=EDGE_CURVE('',#2172,#2173,#2460,.T.);
#1651=EDGE_CURVE('',#2173,#2033,#2461,.T.);
#1652=EDGE_CURVE('',#2174,#2175,#2462,.T.);
#1653=EDGE_CURVE('',#2175,#2176,#2463,.T.);
#1654=EDGE_CURVE('',#2176,#2177,#2464,.T.);
#1655=EDGE_CURVE('',#2177,#2178,#2465,.T.);
#1656=EDGE_CURVE('',#2178,#2179,#2466,.T.);
#1657=EDGE_CURVE('',#2179,#2174,#2467,.T.);
#1658=EDGE_CURVE('',#2180,#2181,#248,.T.);
#1659=EDGE_CURVE('',#2181,#2182,#249,.T.);
#1660=EDGE_CURVE('',#2182,#2183,#250,.T.);
#1661=EDGE_CURVE('',#2183,#2184,#2468,.T.);
#1662=EDGE_CURVE('',#2184,#2185,#251,.F.);
#1663=EDGE_CURVE('',#2185,#2186,#2469,.T.);
#1664=EDGE_CURVE('',#2186,#2187,#252,.T.);
#1665=EDGE_CURVE('',#2187,#2188,#253,.T.);
#1666=EDGE_CURVE('',#2188,#2189,#254,.T.);
#1667=EDGE_CURVE('',#2189,#2190,#2470,.T.);
#1668=EDGE_CURVE('',#2190,#2191,#255,.F.);
#1669=EDGE_CURVE('',#2191,#2192,#2471,.T.);
#1670=EDGE_CURVE('',#2192,#2193,#256,.T.);
#1671=EDGE_CURVE('',#2193,#2194,#257,.T.);
#1672=EDGE_CURVE('',#2194,#2195,#258,.T.);
#1673=EDGE_CURVE('',#2195,#2196,#2472,.T.);
#1674=EDGE_CURVE('',#2196,#2197,#259,.F.);
#1675=EDGE_CURVE('',#2197,#2198,#2473,.T.);
#1676=EDGE_CURVE('',#2198,#2199,#260,.T.);
#1677=EDGE_CURVE('',#2199,#2200,#261,.T.);
#1678=EDGE_CURVE('',#2200,#2201,#262,.T.);
#1679=EDGE_CURVE('',#2201,#2202,#2474,.T.);
#1680=EDGE_CURVE('',#2202,#2203,#263,.F.);
#1681=EDGE_CURVE('',#2203,#2204,#2475,.T.);
#1682=EDGE_CURVE('',#2204,#2205,#264,.T.);
#1683=EDGE_CURVE('',#2205,#2206,#265,.T.);
#1684=EDGE_CURVE('',#2206,#2207,#266,.T.);
#1685=EDGE_CURVE('',#2207,#2208,#2476,.T.);
#1686=EDGE_CURVE('',#2208,#2209,#267,.F.);
#1687=EDGE_CURVE('',#2209,#2210,#2477,.T.);
#1688=EDGE_CURVE('',#2210,#2211,#268,.T.);
#1689=EDGE_CURVE('',#2211,#2212,#269,.T.);
#1690=EDGE_CURVE('',#2212,#2213,#270,.T.);
#1691=EDGE_CURVE('',#2213,#2214,#2478,.T.);
#1692=EDGE_CURVE('',#2214,#2215,#271,.F.);
#1693=EDGE_CURVE('',#2215,#2216,#2479,.T.);
#1694=EDGE_CURVE('',#2216,#2217,#272,.T.);
#1695=EDGE_CURVE('',#2217,#2218,#273,.T.);
#1696=EDGE_CURVE('',#2218,#2219,#274,.T.);
#1697=EDGE_CURVE('',#2219,#2220,#2480,.T.);
#1698=EDGE_CURVE('',#2220,#2221,#275,.F.);
#1699=EDGE_CURVE('',#2221,#2222,#2481,.T.);
#1700=EDGE_CURVE('',#2222,#2223,#276,.T.);
#1701=EDGE_CURVE('',#2223,#2224,#277,.T.);
#1702=EDGE_CURVE('',#2224,#2225,#278,.T.);
#1703=EDGE_CURVE('',#2225,#2226,#2482,.T.);
#1704=EDGE_CURVE('',#2226,#2227,#279,.F.);
#1705=EDGE_CURVE('',#2227,#2228,#2483,.T.);
#1706=EDGE_CURVE('',#2228,#2229,#280,.T.);
#1707=EDGE_CURVE('',#2229,#2230,#281,.T.);
#1708=EDGE_CURVE('',#2230,#2231,#282,.T.);
#1709=EDGE_CURVE('',#2231,#2232,#2484,.T.);
#1710=EDGE_CURVE('',#2232,#2233,#283,.F.);
#1711=EDGE_CURVE('',#2233,#2234,#2485,.T.);
#1712=EDGE_CURVE('',#2234,#2235,#284,.T.);
#1713=EDGE_CURVE('',#2235,#2236,#285,.T.);
#1714=EDGE_CURVE('',#2236,#2237,#286,.T.);
#1715=EDGE_CURVE('',#2237,#2238,#2486,.T.);
#1716=EDGE_CURVE('',#2238,#2239,#287,.F.);
#1717=EDGE_CURVE('',#2239,#2240,#2487,.T.);
#1718=EDGE_CURVE('',#2240,#2241,#288,.T.);
#1719=EDGE_CURVE('',#2241,#2242,#289,.T.);
#1720=EDGE_CURVE('',#2242,#2243,#290,.T.);
#1721=EDGE_CURVE('',#2243,#2244,#2488,.T.);
#1722=EDGE_CURVE('',#2244,#2245,#291,.F.);
#1723=EDGE_CURVE('',#2245,#2246,#2489,.T.);
#1724=EDGE_CURVE('',#2246,#2247,#292,.T.);
#1725=EDGE_CURVE('',#2247,#2248,#293,.T.);
#1726=EDGE_CURVE('',#2248,#2249,#294,.T.);
#1727=EDGE_CURVE('',#2249,#2250,#2490,.T.);
#1728=EDGE_CURVE('',#2250,#2251,#295,.F.);
#1729=EDGE_CURVE('',#2251,#2180,#2491,.T.);
#1730=EDGE_CURVE('',#2252,#2253,#2492,.T.);
#1731=EDGE_CURVE('',#2253,#2254,#2493,.T.);
#1732=EDGE_CURVE('',#2254,#2255,#2494,.T.);
#1733=EDGE_CURVE('',#2255,#2256,#2495,.T.);
#1734=EDGE_CURVE('',#2256,#2257,#2496,.T.);
#1735=EDGE_CURVE('',#2257,#2252,#2497,.T.);
#1736=EDGE_CURVE('',#2258,#2259,#296,.F.);
#1737=EDGE_CURVE('',#2259,#2260,#297,.F.);
#1738=EDGE_CURVE('',#2260,#2261,#298,.F.);
#1739=EDGE_CURVE('',#2261,#2262,#2498,.T.);
#1740=EDGE_CURVE('',#2262,#2263,#299,.T.);
#1741=EDGE_CURVE('',#2263,#2264,#2499,.T.);
#1742=EDGE_CURVE('',#2264,#2265,#300,.F.);
#1743=EDGE_CURVE('',#2265,#2266,#301,.F.);
#1744=EDGE_CURVE('',#2266,#2267,#302,.F.);
#1745=EDGE_CURVE('',#2267,#2268,#2500,.T.);
#1746=EDGE_CURVE('',#2268,#2269,#303,.T.);
#1747=EDGE_CURVE('',#2269,#2270,#2501,.T.);
#1748=EDGE_CURVE('',#2270,#2271,#304,.F.);
#1749=EDGE_CURVE('',#2271,#2272,#305,.F.);
#1750=EDGE_CURVE('',#2272,#2273,#306,.F.);
#1751=EDGE_CURVE('',#2273,#2274,#2502,.T.);
#1752=EDGE_CURVE('',#2274,#2275,#307,.T.);
#1753=EDGE_CURVE('',#2275,#2276,#2503,.T.);
#1754=EDGE_CURVE('',#2276,#2277,#308,.F.);
#1755=EDGE_CURVE('',#2277,#2278,#309,.F.);
#1756=EDGE_CURVE('',#2278,#2279,#310,.F.);
#1757=EDGE_CURVE('',#2279,#2280,#2504,.T.);
#1758=EDGE_CURVE('',#2280,#2281,#311,.T.);
#1759=EDGE_CURVE('',#2281,#2282,#2505,.T.);
#1760=EDGE_CURVE('',#2282,#2283,#312,.F.);
#1761=EDGE_CURVE('',#2283,#2284,#313,.F.);
#1762=EDGE_CURVE('',#2284,#2285,#314,.F.);
#1763=EDGE_CURVE('',#2285,#2286,#2506,.T.);
#1764=EDGE_CURVE('',#2286,#2287,#315,.T.);
#1765=EDGE_CURVE('',#2287,#2288,#2507,.T.);
#1766=EDGE_CURVE('',#2288,#2289,#316,.F.);
#1767=EDGE_CURVE('',#2289,#2290,#317,.F.);
#1768=EDGE_CURVE('',#2290,#2291,#318,.F.);
#1769=EDGE_CURVE('',#2291,#2292,#2508,.T.);
#1770=EDGE_CURVE('',#2292,#2293,#319,.T.);
#1771=EDGE_CURVE('',#2293,#2294,#2509,.T.);
#1772=EDGE_CURVE('',#2294,#2295,#320,.F.);
#1773=EDGE_CURVE('',#2295,#2296,#321,.F.);
#1774=EDGE_CURVE('',#2296,#2297,#322,.F.);
#1775=EDGE_CURVE('',#2297,#2298,#2510,.T.);
#1776=EDGE_CURVE('',#2298,#2299,#323,.T.);
#1777=EDGE_CURVE('',#2299,#2300,#2511,.T.);
#1778=EDGE_CURVE('',#2300,#2301,#324,.F.);
#1779=EDGE_CURVE('',#2301,#2302,#325,.F.);
#1780=EDGE_CURVE('',#2302,#2303,#326,.F.);
#1781=EDGE_CURVE('',#2303,#2304,#2512,.T.);
#1782=EDGE_CURVE('',#2304,#2305,#327,.T.);
#1783=EDGE_CURVE('',#2305,#2306,#2513,.T.);
#1784=EDGE_CURVE('',#2306,#2307,#328,.F.);
#1785=EDGE_CURVE('',#2307,#2308,#329,.F.);
#1786=EDGE_CURVE('',#2308,#2309,#330,.F.);
#1787=EDGE_CURVE('',#2309,#2310,#2514,.T.);
#1788=EDGE_CURVE('',#2310,#2311,#331,.T.);
#1789=EDGE_CURVE('',#2311,#2312,#2515,.T.);
#1790=EDGE_CURVE('',#2312,#2313,#332,.F.);
#1791=EDGE_CURVE('',#2313,#2314,#333,.F.);
#1792=EDGE_CURVE('',#2314,#2315,#334,.F.);
#1793=EDGE_CURVE('',#2315,#2316,#2516,.T.);
#1794=EDGE_CURVE('',#2316,#2317,#335,.T.);
#1795=EDGE_CURVE('',#2317,#2318,#2517,.T.);
#1796=EDGE_CURVE('',#2318,#2319,#336,.F.);
#1797=EDGE_CURVE('',#2319,#2320,#337,.F.);
#1798=EDGE_CURVE('',#2320,#2321,#338,.F.);
#1799=EDGE_CURVE('',#2321,#2322,#2518,.T.);
#1800=EDGE_CURVE('',#2322,#2323,#339,.T.);
#1801=EDGE_CURVE('',#2323,#2324,#2519,.T.);
#1802=EDGE_CURVE('',#2324,#2325,#340,.F.);
#1803=EDGE_CURVE('',#2325,#2326,#341,.F.);
#1804=EDGE_CURVE('',#2326,#2327,#342,.F.);
#1805=EDGE_CURVE('',#2327,#2328,#2520,.T.);
#1806=EDGE_CURVE('',#2328,#2329,#343,.T.);
#1807=EDGE_CURVE('',#2329,#2258,#2521,.T.);
#1808=EDGE_CURVE('',#2066,#2061,#344,.F.);
#1809=EDGE_CURVE('',#2060,#2067,#345,.T.);
#1810=EDGE_CURVE('',#2074,#2071,#346,.F.);
#1811=EDGE_CURVE('',#2070,#2075,#347,.T.);
#1812=EDGE_CURVE('',#2054,#2049,#348,.F.);
#1813=EDGE_CURVE('',#2048,#2055,#349,.T.);
#1814=EDGE_CURVE('',#2062,#2059,#350,.F.);
#1815=EDGE_CURVE('',#2058,#2063,#351,.T.);
#1816=EDGE_CURVE('',#2042,#2037,#352,.F.);
#1817=EDGE_CURVE('',#2036,#2043,#353,.T.);
#1818=EDGE_CURVE('',#2050,#2047,#354,.F.);
#1819=EDGE_CURVE('',#2046,#2051,#355,.T.);
#1820=EDGE_CURVE('',#2172,#2169,#356,.F.);
#1821=EDGE_CURVE('',#2168,#2173,#357,.T.);
#1822=EDGE_CURVE('',#2038,#2035,#358,.F.);
#1823=EDGE_CURVE('',#2034,#2039,#359,.T.);
#1824=EDGE_CURVE('',#2162,#2157,#360,.F.);
#1825=EDGE_CURVE('',#2156,#2163,#361,.T.);
#1826=EDGE_CURVE('',#2170,#2167,#362,.F.);
#1827=EDGE_CURVE('',#2166,#2171,#363,.T.);
#1828=EDGE_CURVE('',#2150,#2145,#364,.F.);
#1829=EDGE_CURVE('',#2144,#2151,#365,.T.);
#1830=EDGE_CURVE('',#2158,#2155,#366,.F.);
#1831=EDGE_CURVE('',#2154,#2159,#367,.T.);
#1832=EDGE_CURVE('',#2138,#2133,#368,.F.);
#1833=EDGE_CURVE('',#2132,#2139,#369,.T.);
#1834=EDGE_CURVE('',#2146,#2143,#370,.F.);
#1835=EDGE_CURVE('',#2142,#2147,#371,.T.);
#1836=EDGE_CURVE('',#2126,#2121,#372,.F.);
#1837=EDGE_CURVE('',#2120,#2127,#373,.T.);
#1838=EDGE_CURVE('',#2134,#2131,#374,.F.);
#1839=EDGE_CURVE('',#2130,#2135,#375,.T.);
#1840=EDGE_CURVE('',#2114,#2109,#376,.F.);
#1841=EDGE_CURVE('',#2108,#2115,#377,.T.);
#1842=EDGE_CURVE('',#2122,#2119,#378,.F.);
#1843=EDGE_CURVE('',#2118,#2123,#379,.T.);
#1844=EDGE_CURVE('',#2102,#2097,#380,.F.);
#1845=EDGE_CURVE('',#2096,#2103,#381,.T.);
#1846=EDGE_CURVE('',#2110,#2107,#382,.F.);
#1847=EDGE_CURVE('',#2106,#2111,#383,.T.);
#1848=EDGE_CURVE('',#2090,#2085,#384,.F.);
#1849=EDGE_CURVE('',#2084,#2091,#385,.T.);
#1850=EDGE_CURVE('',#2098,#2095,#386,.F.);
#1851=EDGE_CURVE('',#2094,#2099,#387,.T.);
#1852=EDGE_CURVE('',#2078,#2073,#388,.F.);
#1853=EDGE_CURVE('',#2072,#2079,#389,.T.);
#1854=EDGE_CURVE('',#2086,#2083,#390,.F.);
#1855=EDGE_CURVE('',#2082,#2087,#391,.T.);
#1856=EDGE_CURVE('',#2330,#2331,#2522,.T.);
#1857=EDGE_CURVE('',#2331,#2332,#2523,.T.);
#1858=EDGE_CURVE('',#2333,#2332,#2524,.T.);
#1859=EDGE_CURVE('',#2333,#2330,#2525,.T.);
#1860=EDGE_CURVE('',#2332,#2334,#2526,.T.);
#1861=EDGE_CURVE('',#2335,#2334,#2527,.T.);
#1862=EDGE_CURVE('',#2335,#2333,#2528,.T.);
#1863=EDGE_CURVE('',#2334,#2336,#2529,.T.);
#1864=EDGE_CURVE('',#2337,#2336,#2530,.T.);
#1865=EDGE_CURVE('',#2337,#2335,#2531,.T.);
#1866=EDGE_CURVE('',#2336,#2338,#2532,.T.);
#1867=EDGE_CURVE('',#2339,#2338,#2533,.T.);
#1868=EDGE_CURVE('',#2339,#2337,#2534,.T.);
#1869=EDGE_CURVE('',#2338,#2340,#2535,.T.);
#1870=EDGE_CURVE('',#2341,#2340,#2536,.T.);
#1871=EDGE_CURVE('',#2341,#2339,#2537,.T.);
#1872=EDGE_CURVE('',#2340,#2331,#2538,.T.);
#1873=EDGE_CURVE('',#2330,#2341,#2539,.T.);
#1874=EDGE_CURVE('',#2179,#2336,#2540,.T.);
#1875=EDGE_CURVE('',#2338,#2178,#2541,.F.);
#1876=EDGE_CURVE('',#2340,#2177,#2542,.F.);
#1877=EDGE_CURVE('',#2174,#2334,#2543,.T.);
#1878=EDGE_CURVE('',#2331,#2176,#2544,.F.);
#1879=EDGE_CURVE('',#2175,#2332,#2545,.F.);
#1880=EDGE_CURVE('',#2337,#2256,#2546,.T.);
#1881=EDGE_CURVE('',#2257,#2339,#2547,.F.);
#1882=EDGE_CURVE('',#2252,#2341,#2548,.F.);
#1883=EDGE_CURVE('',#2335,#2255,#2549,.T.);
#1884=EDGE_CURVE('',#2253,#2330,#2550,.F.);
#1885=EDGE_CURVE('',#2333,#2254,#2551,.F.);
#1886=EDGE_CURVE('',#2158,#2217,#2552,.T.);
#1887=EDGE_CURVE('',#2218,#2157,#2553,.T.);
#1888=EDGE_CURVE('',#2219,#2162,#2554,.T.);
#1889=EDGE_CURVE('',#2155,#2216,#2555,.T.);
#1890=EDGE_CURVE('',#2220,#2160,#2556,.T.);
#1891=EDGE_CURVE('',#2152,#2215,#2557,.T.);
#1892=EDGE_CURVE('',#2221,#2164,#2558,.T.);
#1893=EDGE_CURVE('',#2148,#2214,#2559,.T.);
#1894=EDGE_CURVE('',#2222,#2167,#2560,.T.);
#1895=EDGE_CURVE('',#2150,#2213,#2561,.T.);
#1896=EDGE_CURVE('',#2223,#2170,#2562,.T.);
#1897=EDGE_CURVE('',#2145,#2212,#2563,.T.);
#1898=EDGE_CURVE('',#2224,#2169,#2564,.T.);
#1899=EDGE_CURVE('',#2146,#2211,#2565,.T.);
#1900=EDGE_CURVE('',#2225,#2172,#2566,.T.);
#1901=EDGE_CURVE('',#2143,#2210,#2567,.T.);
#1902=EDGE_CURVE('',#2226,#2032,#2568,.T.);
#1903=EDGE_CURVE('',#2140,#2209,#2569,.T.);
#1904=EDGE_CURVE('',#2227,#2030,#2570,.T.);
#1905=EDGE_CURVE('',#2136,#2208,#2571,.T.);
#1906=EDGE_CURVE('',#2228,#2035,#2572,.T.);
#1907=EDGE_CURVE('',#2138,#2207,#2573,.T.);
#1908=EDGE_CURVE('',#2229,#2038,#2574,.T.);
#1909=EDGE_CURVE('',#2133,#2206,#2575,.T.);
#1910=EDGE_CURVE('',#2230,#2037,#2576,.T.);
#1911=EDGE_CURVE('',#2134,#2205,#2577,.T.);
#1912=EDGE_CURVE('',#2231,#2042,#2578,.T.);
#1913=EDGE_CURVE('',#2131,#2204,#2579,.T.);
#1914=EDGE_CURVE('',#2232,#2040,#2580,.T.);
#1915=EDGE_CURVE('',#2128,#2203,#2581,.T.);
#1916=EDGE_CURVE('',#2233,#2044,#2582,.T.);
#1917=EDGE_CURVE('',#2124,#2202,#2583,.T.);
#1918=EDGE_CURVE('',#2234,#2047,#2584,.T.);
#1919=EDGE_CURVE('',#2126,#2201,#2585,.T.);
#1920=EDGE_CURVE('',#2235,#2050,#2586,.T.);
#1921=EDGE_CURVE('',#2121,#2200,#2587,.T.);
#1922=EDGE_CURVE('',#2236,#2049,#2588,.T.);
#1923=EDGE_CURVE('',#2122,#2199,#2589,.T.);
#1924=EDGE_CURVE('',#2237,#2054,#2590,.T.);
#1925=EDGE_CURVE('',#2119,#2198,#2591,.T.);
#1926=EDGE_CURVE('',#2238,#2052,#2592,.T.);
#1927=EDGE_CURVE('',#2116,#2197,#2593,.T.);
#1928=EDGE_CURVE('',#2239,#2056,#2594,.T.);
#1929=EDGE_CURVE('',#2112,#2196,#2595,.T.);
#1930=EDGE_CURVE('',#2240,#2059,#2596,.T.);
#1931=EDGE_CURVE('',#2114,#2195,#2597,.T.);
#1932=EDGE_CURVE('',#2241,#2062,#2598,.T.);
#1933=EDGE_CURVE('',#2109,#2194,#2599,.T.);
#1934=EDGE_CURVE('',#2242,#2061,#2600,.T.);
#1935=EDGE_CURVE('',#2110,#2193,#2601,.T.);
#1936=EDGE_CURVE('',#2243,#2066,#2602,.T.);
#1937=EDGE_CURVE('',#2107,#2192,#2603,.T.);
#1938=EDGE_CURVE('',#2244,#2064,#2604,.T.);
#1939=EDGE_CURVE('',#2104,#2191,#2605,.T.);
#1940=EDGE_CURVE('',#2245,#2068,#2606,.T.);
#1941=EDGE_CURVE('',#2100,#2190,#2607,.T.);
#1942=EDGE_CURVE('',#2246,#2071,#2608,.T.);
#1943=EDGE_CURVE('',#2102,#2189,#2609,.T.);
#1944=EDGE_CURVE('',#2247,#2074,#2610,.T.);
#1945=EDGE_CURVE('',#2097,#2188,#2611,.T.);
#1946=EDGE_CURVE('',#2248,#2073,#2612,.T.);
#1947=EDGE_CURVE('',#2098,#2187,#2613,.T.);
#1948=EDGE_CURVE('',#2249,#2078,#2614,.T.);
#1949=EDGE_CURVE('',#2095,#2186,#2615,.T.);
#1950=EDGE_CURVE('',#2250,#2076,#2616,.T.);
#1951=EDGE_CURVE('',#2092,#2185,#2617,.T.);
#1952=EDGE_CURVE('',#2251,#2080,#2618,.T.);
#1953=EDGE_CURVE('',#2088,#2184,#2619,.T.);
#1954=EDGE_CURVE('',#2180,#2083,#2620,.T.);
#1955=EDGE_CURVE('',#2090,#2183,#2621,.T.);
#1956=EDGE_CURVE('',#2181,#2086,#2622,.T.);
#1957=EDGE_CURVE('',#2085,#2182,#2623,.T.);
#1958=EDGE_CURVE('',#2296,#2159,#2624,.T.);
#1959=EDGE_CURVE('',#2156,#2295,#2625,.T.);
#1960=EDGE_CURVE('',#2163,#2294,#2626,.T.);
#1961=EDGE_CURVE('',#2297,#2154,#2627,.T.);
#1962=EDGE_CURVE('',#2161,#2293,#2628,.T.);
#1963=EDGE_CURVE('',#2298,#2153,#2629,.T.);
#1964=EDGE_CURVE('',#2165,#2292,#2630,.T.);
#1965=EDGE_CURVE('',#2299,#2149,#2631,.T.);
#1966=EDGE_CURVE('',#2166,#2291,#2632,.T.);
#1967=EDGE_CURVE('',#2300,#2151,#2633,.T.);
#1968=EDGE_CURVE('',#2171,#2290,#2634,.T.);
#1969=EDGE_CURVE('',#2301,#2144,#2635,.T.);
#1970=EDGE_CURVE('',#2168,#2289,#2636,.T.);
#1971=EDGE_CURVE('',#2302,#2147,#2637,.T.);
#1972=EDGE_CURVE('',#2173,#2288,#2638,.T.);
#1973=EDGE_CURVE('',#2303,#2142,#2639,.T.);
#1974=EDGE_CURVE('',#2033,#2287,#2640,.T.);
#1975=EDGE_CURVE('',#2304,#2141,#2641,.T.);
#1976=EDGE_CURVE('',#2031,#2286,#2642,.T.);
#1977=EDGE_CURVE('',#2305,#2137,#2643,.T.);
#1978=EDGE_CURVE('',#2034,#2285,#2644,.T.);
#1979=EDGE_CURVE('',#2306,#2139,#2645,.T.);
#1980=EDGE_CURVE('',#2039,#2284,#2646,.T.);
#1981=EDGE_CURVE('',#2307,#2132,#2647,.T.);
#1982=EDGE_CURVE('',#2036,#2283,#2648,.T.);
#1983=EDGE_CURVE('',#2308,#2135,#2649,.T.);
#1984=EDGE_CURVE('',#2043,#2282,#2650,.T.);
#1985=EDGE_CURVE('',#2309,#2130,#2651,.T.);
#1986=EDGE_CURVE('',#2041,#2281,#2652,.T.);
#1987=EDGE_CURVE('',#2310,#2129,#2653,.T.);
#1988=EDGE_CURVE('',#2045,#2280,#2654,.T.);
#1989=EDGE_CURVE('',#2311,#2125,#2655,.T.);
#1990=EDGE_CURVE('',#2046,#2279,#2656,.T.);
#1991=EDGE_CURVE('',#2312,#2127,#2657,.T.);
#1992=EDGE_CURVE('',#2051,#2278,#2658,.T.);
#1993=EDGE_CURVE('',#2313,#2120,#2659,.T.);
#1994=EDGE_CURVE('',#2048,#2277,#2660,.T.);
#1995=EDGE_CURVE('',#2314,#2123,#2661,.T.);
#1996=EDGE_CURVE('',#2055,#2276,#2662,.T.);
#1997=EDGE_CURVE('',#2315,#2118,#2663,.T.);
#1998=EDGE_CURVE('',#2053,#2275,#2664,.T.);
#1999=EDGE_CURVE('',#2316,#2117,#2665,.T.);
#2000=EDGE_CURVE('',#2057,#2274,#2666,.T.);
#2001=EDGE_CURVE('',#2317,#2113,#2667,.T.);
#2002=EDGE_CURVE('',#2058,#2273,#2668,.T.);
#2003=EDGE_CURVE('',#2318,#2115,#2669,.T.);
#2004=EDGE_CURVE('',#2063,#2272,#2670,.T.);
#2005=EDGE_CURVE('',#2319,#2108,#2671,.T.);
#2006=EDGE_CURVE('',#2060,#2271,#2672,.T.);
#2007=EDGE_CURVE('',#2320,#2111,#2673,.T.);
#2008=EDGE_CURVE('',#2067,#2270,#2674,.T.);
#2009=EDGE_CURVE('',#2321,#2106,#2675,.T.);
#2010=EDGE_CURVE('',#2065,#2269,#2676,.T.);
#2011=EDGE_CURVE('',#2322,#2105,#2677,.T.);
#2012=EDGE_CURVE('',#2069,#2268,#2678,.T.);
#2013=EDGE_CURVE('',#2323,#2101,#2679,.T.);
#2014=EDGE_CURVE('',#2070,#2267,#2680,.T.);
#2015=EDGE_CURVE('',#2324,#2103,#2681,.T.);
#2016=EDGE_CURVE('',#2075,#2266,#2682,.T.);
#2017=EDGE_CURVE('',#2325,#2096,#2683,.T.);
#2018=EDGE_CURVE('',#2072,#2265,#2684,.T.);
#2019=EDGE_CURVE('',#2326,#2099,#2685,.T.);
#2020=EDGE_CURVE('',#2079,#2264,#2686,.T.);
#2021=EDGE_CURVE('',#2327,#2094,#2687,.T.);
#2022=EDGE_CURVE('',#2077,#2263,#2688,.T.);
#2023=EDGE_CURVE('',#2328,#2093,#2689,.T.);
#2024=EDGE_CURVE('',#2081,#2262,#2690,.T.);
#2025=EDGE_CURVE('',#2329,#2089,#2691,.T.);
#2026=EDGE_CURVE('',#2082,#2261,#2692,.T.);
#2027=EDGE_CURVE('',#2258,#2091,#2693,.T.);
#2028=EDGE_CURVE('',#2087,#2260,#2694,.T.);
#2029=EDGE_CURVE('',#2259,#2084,#2695,.T.);
#2030=VERTEX_POINT('',#5466);
#2031=VERTEX_POINT('',#5467);
#2032=VERTEX_POINT('',#5469);
#2033=VERTEX_POINT('',#5471);
#2034=VERTEX_POINT('',#5475);
#2035=VERTEX_POINT('',#5476);
#2036=VERTEX_POINT('',#5481);
#2037=VERTEX_POINT('',#5482);
#2038=VERTEX_POINT('',#5484);
#2039=VERTEX_POINT('',#5486);
#2040=VERTEX_POINT('',#5490);
#2041=VERTEX_POINT('',#5491);
#2042=VERTEX_POINT('',#5493);
#2043=VERTEX_POINT('',#5495);
#2044=VERTEX_POINT('',#5499);
#2045=VERTEX_POINT('',#5500);
#2046=VERTEX_POINT('',#5505);
#2047=VERTEX_POINT('',#5506);
#2048=VERTEX_POINT('',#5511);
#2049=VERTEX_POINT('',#5512);
#2050=VERTEX_POINT('',#5514);
#2051=VERTEX_POINT('',#5516);
#2052=VERTEX_POINT('',#5520);
#2053=VERTEX_POINT('',#5521);
#2054=VERTEX_POINT('',#5523);
#2055=VERTEX_POINT('',#5525);
#2056=VERTEX_POINT('',#5529);
#2057=VERTEX_POINT('',#5530);
#2058=VERTEX_POINT('',#5535);
#2059=VERTEX_POINT('',#5536);
#2060=VERTEX_POINT('',#5541);
#2061=VERTEX_POINT('',#5542);
#2062=VERTEX_POINT('',#5544);
#2063=VERTEX_POINT('',#5546);
#2064=VERTEX_POINT('',#5550);
#2065=VERTEX_POINT('',#5551);
#2066=VERTEX_POINT('',#5553);
#2067=VERTEX_POINT('',#5555);
#2068=VERTEX_POINT('',#5559);
#2069=VERTEX_POINT('',#5560);
#2070=VERTEX_POINT('',#5565);
#2071=VERTEX_POINT('',#5566);
#2072=VERTEX_POINT('',#5571);
#2073=VERTEX_POINT('',#5572);
#2074=VERTEX_POINT('',#5574);
#2075=VERTEX_POINT('',#5576);
#2076=VERTEX_POINT('',#5580);
#2077=VERTEX_POINT('',#5581);
#2078=VERTEX_POINT('',#5583);
#2079=VERTEX_POINT('',#5585);
#2080=VERTEX_POINT('',#5589);
#2081=VERTEX_POINT('',#5590);
#2082=VERTEX_POINT('',#5595);
#2083=VERTEX_POINT('',#5596);
#2084=VERTEX_POINT('',#5601);
#2085=VERTEX_POINT('',#5602);
#2086=VERTEX_POINT('',#5604);
#2087=VERTEX_POINT('',#5606);
#2088=VERTEX_POINT('',#5610);
#2089=VERTEX_POINT('',#5611);
#2090=VERTEX_POINT('',#5613);
#2091=VERTEX_POINT('',#5615);
#2092=VERTEX_POINT('',#5619);
#2093=VERTEX_POINT('',#5620);
#2094=VERTEX_POINT('',#5625);
#2095=VERTEX_POINT('',#5626);
#2096=VERTEX_POINT('',#5631);
#2097=VERTEX_POINT('',#5632);
#2098=VERTEX_POINT('',#5634);
#2099=VERTEX_POINT('',#5636);
#2100=VERTEX_POINT('',#5640);
#2101=VERTEX_POINT('',#5641);
#2102=VERTEX_POINT('',#5643);
#2103=VERTEX_POINT('',#5645);
#2104=VERTEX_POINT('',#5649);
#2105=VERTEX_POINT('',#5650);
#2106=VERTEX_POINT('',#5655);
#2107=VERTEX_POINT('',#5656);
#2108=VERTEX_POINT('',#5661);
#2109=VERTEX_POINT('',#5662);
#2110=VERTEX_POINT('',#5664);
#2111=VERTEX_POINT('',#5666);
#2112=VERTEX_POINT('',#5670);
#2113=VERTEX_POINT('',#5671);
#2114=VERTEX_POINT('',#5673);
#2115=VERTEX_POINT('',#5675);
#2116=VERTEX_POINT('',#5679);
#2117=VERTEX_POINT('',#5680);
#2118=VERTEX_POINT('',#5685);
#2119=VERTEX_POINT('',#5686);
#2120=VERTEX_POINT('',#5691);
#2121=VERTEX_POINT('',#5692);
#2122=VERTEX_POINT('',#5694);
#2123=VERTEX_POINT('',#5696);
#2124=VERTEX_POINT('',#5700);
#2125=VERTEX_POINT('',#5701);
#2126=VERTEX_POINT('',#5703);
#2127=VERTEX_POINT('',#5705);
#2128=VERTEX_POINT('',#5709);
#2129=VERTEX_POINT('',#5710);
#2130=VERTEX_POINT('',#5715);
#2131=VERTEX_POINT('',#5716);
#2132=VERTEX_POINT('',#5721);
#2133=VERTEX_POINT('',#5722);
#2134=VERTEX_POINT('',#5724);
#2135=VERTEX_POINT('',#5726);
#2136=VERTEX_POINT('',#5730);
#2137=VERTEX_POINT('',#5731);
#2138=VERTEX_POINT('',#5733);
#2139=VERTEX_POINT('',#5735);
#2140=VERTEX_POINT('',#5739);
#2141=VERTEX_POINT('',#5740);
#2142=VERTEX_POINT('',#5745);
#2143=VERTEX_POINT('',#5746);
#2144=VERTEX_POINT('',#5751);
#2145=VERTEX_POINT('',#5752);
#2146=VERTEX_POINT('',#5754);
#2147=VERTEX_POINT('',#5756);
#2148=VERTEX_POINT('',#5760);
#2149=VERTEX_POINT('',#5761);
#2150=VERTEX_POINT('',#5763);
#2151=VERTEX_POINT('',#5765);
#2152=VERTEX_POINT('',#5769);
#2153=VERTEX_POINT('',#5770);
#2154=VERTEX_POINT('',#5775);
#2155=VERTEX_POINT('',#5776);
#2156=VERTEX_POINT('',#5781);
#2157=VERTEX_POINT('',#5782);
#2158=VERTEX_POINT('',#5784);
#2159=VERTEX_POINT('',#5786);
#2160=VERTEX_POINT('',#5790);
#2161=VERTEX_POINT('',#5791);
#2162=VERTEX_POINT('',#5793);
#2163=VERTEX_POINT('',#5795);
#2164=VERTEX_POINT('',#5799);
#2165=VERTEX_POINT('',#5800);
#2166=VERTEX_POINT('',#5805);
#2167=VERTEX_POINT('',#5806);
#2168=VERTEX_POINT('',#5811);
#2169=VERTEX_POINT('',#5812);
#2170=VERTEX_POINT('',#5814);
#2171=VERTEX_POINT('',#5816);
#2172=VERTEX_POINT('',#5820);
#2173=VERTEX_POINT('',#5822);
#2174=VERTEX_POINT('',#5826);
#2175=VERTEX_POINT('',#5827);
#2176=VERTEX_POINT('',#5829);
#2177=VERTEX_POINT('',#5831);
#2178=VERTEX_POINT('',#5833);
#2179=VERTEX_POINT('',#5835);
#2180=VERTEX_POINT('',#5838);
#2181=VERTEX_POINT('',#5839);
#2182=VERTEX_POINT('',#5841);
#2183=VERTEX_POINT('',#5843);
#2184=VERTEX_POINT('',#5845);
#2185=VERTEX_POINT('',#5847);
#2186=VERTEX_POINT('',#5849);
#2187=VERTEX_POINT('',#5851);
#2188=VERTEX_POINT('',#5853);
#2189=VERTEX_POINT('',#5855);
#2190=VERTEX_POINT('',#5857);
#2191=VERTEX_POINT('',#5859);
#2192=VERTEX_POINT('',#5861);
#2193=VERTEX_POINT('',#5863);
#2194=VERTEX_POINT('',#5865);
#2195=VERTEX_POINT('',#5867);
#2196=VERTEX_POINT('',#5869);
#2197=VERTEX_POINT('',#5871);
#2198=VERTEX_POINT('',#5873);
#2199=VERTEX_POINT('',#5875);
#2200=VERTEX_POINT('',#5877);
#2201=VERTEX_POINT('',#5879);
#2202=VERTEX_POINT('',#5881);
#2203=VERTEX_POINT('',#5883);
#2204=VERTEX_POINT('',#5885);
#2205=VERTEX_POINT('',#5887);
#2206=VERTEX_POINT('',#5889);
#2207=VERTEX_POINT('',#5891);
#2208=VERTEX_POINT('',#5893);
#2209=VERTEX_POINT('',#5895);
#2210=VERTEX_POINT('',#5897);
#2211=VERTEX_POINT('',#5899);
#2212=VERTEX_POINT('',#5901);
#2213=VERTEX_POINT('',#5903);
#2214=VERTEX_POINT('',#5905);
#2215=VERTEX_POINT('',#5907);
#2216=VERTEX_POINT('',#5909);
#2217=VERTEX_POINT('',#5911);
#2218=VERTEX_POINT('',#5913);
#2219=VERTEX_POINT('',#5915);
#2220=VERTEX_POINT('',#5917);
#2221=VERTEX_POINT('',#5919);
#2222=VERTEX_POINT('',#5921);
#2223=VERTEX_POINT('',#5923);
#2224=VERTEX_POINT('',#5925);
#2225=VERTEX_POINT('',#5927);
#2226=VERTEX_POINT('',#5929);
#2227=VERTEX_POINT('',#5931);
#2228=VERTEX_POINT('',#5933);
#2229=VERTEX_POINT('',#5935);
#2230=VERTEX_POINT('',#5937);
#2231=VERTEX_POINT('',#5939);
#2232=VERTEX_POINT('',#5941);
#2233=VERTEX_POINT('',#5943);
#2234=VERTEX_POINT('',#5945);
#2235=VERTEX_POINT('',#5947);
#2236=VERTEX_POINT('',#5949);
#2237=VERTEX_POINT('',#5951);
#2238=VERTEX_POINT('',#5953);
#2239=VERTEX_POINT('',#5955);
#2240=VERTEX_POINT('',#5957);
#2241=VERTEX_POINT('',#5959);
#2242=VERTEX_POINT('',#5961);
#2243=VERTEX_POINT('',#5963);
#2244=VERTEX_POINT('',#5965);
#2245=VERTEX_POINT('',#5967);
#2246=VERTEX_POINT('',#5969);
#2247=VERTEX_POINT('',#5971);
#2248=VERTEX_POINT('',#5973);
#2249=VERTEX_POINT('',#5975);
#2250=VERTEX_POINT('',#5977);
#2251=VERTEX_POINT('',#5979);
#2252=VERTEX_POINT('',#5983);
#2253=VERTEX_POINT('',#5984);
#2254=VERTEX_POINT('',#5986);
#2255=VERTEX_POINT('',#5988);
#2256=VERTEX_POINT('',#5990);
#2257=VERTEX_POINT('',#5992);
#2258=VERTEX_POINT('',#5995);
#2259=VERTEX_POINT('',#5996);
#2260=VERTEX_POINT('',#5998);
#2261=VERTEX_POINT('',#6000);
#2262=VERTEX_POINT('',#6002);
#2263=VERTEX_POINT('',#6004);
#2264=VERTEX_POINT('',#6006);
#2265=VERTEX_POINT('',#6008);
#2266=VERTEX_POINT('',#6010);
#2267=VERTEX_POINT('',#6012);
#2268=VERTEX_POINT('',#6014);
#2269=VERTEX_POINT('',#6016);
#2270=VERTEX_POINT('',#6018);
#2271=VERTEX_POINT('',#6020);
#2272=VERTEX_POINT('',#6022);
#2273=VERTEX_POINT('',#6024);
#2274=VERTEX_POINT('',#6026);
#2275=VERTEX_POINT('',#6028);
#2276=VERTEX_POINT('',#6030);
#2277=VERTEX_POINT('',#6032);
#2278=VERTEX_POINT('',#6034);
#2279=VERTEX_POINT('',#6036);
#2280=VERTEX_POINT('',#6038);
#2281=VERTEX_POINT('',#6040);
#2282=VERTEX_POINT('',#6042);
#2283=VERTEX_POINT('',#6044);
#2284=VERTEX_POINT('',#6046);
#2285=VERTEX_POINT('',#6048);
#2286=VERTEX_POINT('',#6050);
#2287=VERTEX_POINT('',#6052);
#2288=VERTEX_POINT('',#6054);
#2289=VERTEX_POINT('',#6056);
#2290=VERTEX_POINT('',#6058);
#2291=VERTEX_POINT('',#6060);
#2292=VERTEX_POINT('',#6062);
#2293=VERTEX_POINT('',#6064);
#2294=VERTEX_POINT('',#6066);
#2295=VERTEX_POINT('',#6068);
#2296=VERTEX_POINT('',#6070);
#2297=VERTEX_POINT('',#6072);
#2298=VERTEX_POINT('',#6074);
#2299=VERTEX_POINT('',#6076);
#2300=VERTEX_POINT('',#6078);
#2301=VERTEX_POINT('',#6080);
#2302=VERTEX_POINT('',#6082);
#2303=VERTEX_POINT('',#6084);
#2304=VERTEX_POINT('',#6086);
#2305=VERTEX_POINT('',#6088);
#2306=VERTEX_POINT('',#6090);
#2307=VERTEX_POINT('',#6092);
#2308=VERTEX_POINT('',#6094);
#2309=VERTEX_POINT('',#6096);
#2310=VERTEX_POINT('',#6098);
#2311=VERTEX_POINT('',#6100);
#2312=VERTEX_POINT('',#6102);
#2313=VERTEX_POINT('',#6104);
#2314=VERTEX_POINT('',#6106);
#2315=VERTEX_POINT('',#6108);
#2316=VERTEX_POINT('',#6110);
#2317=VERTEX_POINT('',#6112);
#2318=VERTEX_POINT('',#6114);
#2319=VERTEX_POINT('',#6116);
#2320=VERTEX_POINT('',#6118);
#2321=VERTEX_POINT('',#6120);
#2322=VERTEX_POINT('',#6122);
#2323=VERTEX_POINT('',#6124);
#2324=VERTEX_POINT('',#6126);
#2325=VERTEX_POINT('',#6128);
#2326=VERTEX_POINT('',#6130);
#2327=VERTEX_POINT('',#6132);
#2328=VERTEX_POINT('',#6134);
#2329=VERTEX_POINT('',#6136);
#2330=VERTEX_POINT('',#6212);
#2331=VERTEX_POINT('',#6213);
#2332=VERTEX_POINT('',#6215);
#2333=VERTEX_POINT('',#6217);
#2334=VERTEX_POINT('',#6221);
#2335=VERTEX_POINT('',#6223);
#2336=VERTEX_POINT('',#6227);
#2337=VERTEX_POINT('',#6229);
#2338=VERTEX_POINT('',#6233);
#2339=VERTEX_POINT('',#6235);
#2340=VERTEX_POINT('',#6239);
#2341=VERTEX_POINT('',#6241);
#2342=LINE('',#5465,#2696);
#2343=LINE('',#5470,#2697);
#2344=LINE('',#5474,#2698);
#2345=LINE('',#5477,#2699);
#2346=LINE('',#5478,#2700);
#2347=LINE('',#5480,#2701);
#2348=LINE('',#5485,#2702);
#2349=LINE('',#5489,#2703);
#2350=LINE('',#5492,#2704);
#2351=LINE('',#5494,#2705);
#2352=LINE('',#5496,#2706);
#2353=LINE('',#5498,#2707);
#2354=LINE('',#5504,#2708);
#2355=LINE('',#5507,#2709);
#2356=LINE('',#5508,#2710);
#2357=LINE('',#5510,#2711);
#2358=LINE('',#5515,#2712);
#2359=LINE('',#5519,#2713);
#2360=LINE('',#5522,#2714);
#2361=LINE('',#5524,#2715);
#2362=LINE('',#5526,#2716);
#2363=LINE('',#5528,#2717);
#2364=LINE('',#5534,#2718);
#2365=LINE('',#5537,#2719);
#2366=LINE('',#5538,#2720);
#2367=LINE('',#5540,#2721);
#2368=LINE('',#5545,#2722);
#2369=LINE('',#5549,#2723);
#2370=LINE('',#5552,#2724);
#2371=LINE('',#5554,#2725);
#2372=LINE('',#5556,#2726);
#2373=LINE('',#5558,#2727);
#2374=LINE('',#5564,#2728);
#2375=LINE('',#5567,#2729);
#2376=LINE('',#5568,#2730);
#2377=LINE('',#5570,#2731);
#2378=LINE('',#5575,#2732);
#2379=LINE('',#5579,#2733);
#2380=LINE('',#5582,#2734);
#2381=LINE('',#5584,#2735);
#2382=LINE('',#5586,#2736);
#2383=LINE('',#5588,#2737);
#2384=LINE('',#5594,#2738);
#2385=LINE('',#5597,#2739);
#2386=LINE('',#5598,#2740);
#2387=LINE('',#5600,#2741);
#2388=LINE('',#5605,#2742);
#2389=LINE('',#5609,#2743);
#2390=LINE('',#5612,#2744);
#2391=LINE('',#5614,#2745);
#2392=LINE('',#5616,#2746);
#2393=LINE('',#5618,#2747);
#2394=LINE('',#5624,#2748);
#2395=LINE('',#5627,#2749);
#2396=LINE('',#5628,#2750);
#2397=LINE('',#5630,#2751);
#2398=LINE('',#5635,#2752);
#2399=LINE('',#5639,#2753);
#2400=LINE('',#5642,#2754);
#2401=LINE('',#5644,#2755);
#2402=LINE('',#5646,#2756);
#2403=LINE('',#5648,#2757);
#2404=LINE('',#5654,#2758);
#2405=LINE('',#5657,#2759);
#2406=LINE('',#5658,#2760);
#2407=LINE('',#5660,#2761);
#2408=LINE('',#5665,#2762);
#2409=LINE('',#5669,#2763);
#2410=LINE('',#5672,#2764);
#2411=LINE('',#5674,#2765);
#2412=LINE('',#5676,#2766);
#2413=LINE('',#5678,#2767);
#2414=LINE('',#5684,#2768);
#2415=LINE('',#5687,#2769);
#2416=LINE('',#5688,#2770);
#2417=LINE('',#5690,#2771);
#2418=LINE('',#5695,#2772);
#2419=LINE('',#5699,#2773);
#2420=LINE('',#5702,#2774);
#2421=LINE('',#5704,#2775);
#2422=LINE('',#5706,#2776);
#2423=LINE('',#5708,#2777);
#2424=LINE('',#5714,#2778);
#2425=LINE('',#5717,#2779);
#2426=LINE('',#5718,#2780);
#2427=LINE('',#5720,#2781);
#2428=LINE('',#5725,#2782);
#2429=LINE('',#5729,#2783);
#2430=LINE('',#5732,#2784);
#2431=LINE('',#5734,#2785);
#2432=LINE('',#5736,#2786);
#2433=LINE('',#5738,#2787);
#2434=LINE('',#5744,#2788);
#2435=LINE('',#5747,#2789);
#2436=LINE('',#5748,#2790);
#2437=LINE('',#5750,#2791);
#2438=LINE('',#5755,#2792);
#2439=LINE('',#5759,#2793);
#2440=LINE('',#5762,#2794);
#2441=LINE('',#5764,#2795);
#2442=LINE('',#5766,#2796);
#2443=LINE('',#5768,#2797);
#2444=LINE('',#5774,#2798);
#2445=LINE('',#5777,#2799);
#2446=LINE('',#5778,#2800);
#2447=LINE('',#5780,#2801);
#2448=LINE('',#5785,#2802);
#2449=LINE('',#5789,#2803);
#2450=LINE('',#5792,#2804);
#2451=LINE('',#5794,#2805);
#2452=LINE('',#5796,#2806);
#2453=LINE('',#5798,#2807);
#2454=LINE('',#5804,#2808);
#2455=LINE('',#5807,#2809);
#2456=LINE('',#5808,#2810);
#2457=LINE('',#5810,#2811);
#2458=LINE('',#5815,#2812);
#2459=LINE('',#5819,#2813);
#2460=LINE('',#5821,#2814);
#2461=LINE('',#5823,#2815);
#2462=LINE('',#5825,#2816);
#2463=LINE('',#5828,#2817);
#2464=LINE('',#5830,#2818);
#2465=LINE('',#5832,#2819);
#2466=LINE('',#5834,#2820);
#2467=LINE('',#5836,#2821);
#2468=LINE('',#5844,#2822);
#2469=LINE('',#5848,#2823);
#2470=LINE('',#5856,#2824);
#2471=LINE('',#5860,#2825);
#2472=LINE('',#5868,#2826);
#2473=LINE('',#5872,#2827);
#2474=LINE('',#5880,#2828);
#2475=LINE('',#5884,#2829);
#2476=LINE('',#5892,#2830);
#2477=LINE('',#5896,#2831);
#2478=LINE('',#5904,#2832);
#2479=LINE('',#5908,#2833);
#2480=LINE('',#5916,#2834);
#2481=LINE('',#5920,#2835);
#2482=LINE('',#5928,#2836);
#2483=LINE('',#5932,#2837);
#2484=LINE('',#5940,#2838);
#2485=LINE('',#5944,#2839);
#2486=LINE('',#5952,#2840);
#2487=LINE('',#5956,#2841);
#2488=LINE('',#5964,#2842);
#2489=LINE('',#5968,#2843);
#2490=LINE('',#5976,#2844);
#2491=LINE('',#5980,#2845);
#2492=LINE('',#5982,#2846);
#2493=LINE('',#5985,#2847);
#2494=LINE('',#5987,#2848);
#2495=LINE('',#5989,#2849);
#2496=LINE('',#5991,#2850);
#2497=LINE('',#5993,#2851);
#2498=LINE('',#6001,#2852);
#2499=LINE('',#6005,#2853);
#2500=LINE('',#6013,#2854);
#2501=LINE('',#6017,#2855);
#2502=LINE('',#6025,#2856);
#2503=LINE('',#6029,#2857);
#2504=LINE('',#6037,#2858);
#2505=LINE('',#6041,#2859);
#2506=LINE('',#6049,#2860);
#2507=LINE('',#6053,#2861);
#2508=LINE('',#6061,#2862);
#2509=LINE('',#6065,#2863);
#2510=LINE('',#6073,#2864);
#2511=LINE('',#6077,#2865);
#2512=LINE('',#6085,#2866);
#2513=LINE('',#6089,#2867);
#2514=LINE('',#6097,#2868);
#2515=LINE('',#6101,#2869);
#2516=LINE('',#6109,#2870);
#2517=LINE('',#6113,#2871);
#2518=LINE('',#6121,#2872);
#2519=LINE('',#6125,#2873);
#2520=LINE('',#6133,#2874);
#2521=LINE('',#6137,#2875);
#2522=LINE('',#6211,#2876);
#2523=LINE('',#6214,#2877);
#2524=LINE('',#6216,#2878);
#2525=LINE('',#6218,#2879);
#2526=LINE('',#6220,#2880);
#2527=LINE('',#6222,#2881);
#2528=LINE('',#6224,#2882);
#2529=LINE('',#6226,#2883);
#2530=LINE('',#6228,#2884);
#2531=LINE('',#6230,#2885);
#2532=LINE('',#6232,#2886);
#2533=LINE('',#6234,#2887);
#2534=LINE('',#6236,#2888);
#2535=LINE('',#6238,#2889);
#2536=LINE('',#6240,#2890);
#2537=LINE('',#6242,#2891);
#2538=LINE('',#6244,#2892);
#2539=LINE('',#6245,#2893);
#2540=LINE('',#6247,#2894);
#2541=LINE('',#6248,#2895);
#2542=LINE('',#6250,#2896);
#2543=LINE('',#6252,#2897);
#2544=LINE('',#6254,#2898);
#2545=LINE('',#6256,#2899);
#2546=LINE('',#6259,#2900);
#2547=LINE('',#6260,#2901);
#2548=LINE('',#6262,#2902);
#2549=LINE('',#6264,#2903);
#2550=LINE('',#6266,#2904);
#2551=LINE('',#6268,#2905);
#2552=LINE('',#6271,#2906);
#2553=LINE('',#6272,#2907);
#2554=LINE('',#6274,#2908);
#2555=LINE('',#6276,#2909);
#2556=LINE('',#6278,#2910);
#2557=LINE('',#6280,#2911);
#2558=LINE('',#6282,#2912);
#2559=LINE('',#6284,#2913);
#2560=LINE('',#6286,#2914);
#2561=LINE('',#6288,#2915);
#2562=LINE('',#6290,#2916);
#2563=LINE('',#6292,#2917);
#2564=LINE('',#6294,#2918);
#2565=LINE('',#6296,#2919);
#2566=LINE('',#6298,#2920);
#2567=LINE('',#6300,#2921);
#2568=LINE('',#6302,#2922);
#2569=LINE('',#6304,#2923);
#2570=LINE('',#6306,#2924);
#2571=LINE('',#6308,#2925);
#2572=LINE('',#6310,#2926);
#2573=LINE('',#6312,#2927);
#2574=LINE('',#6314,#2928);
#2575=LINE('',#6316,#2929);
#2576=LINE('',#6318,#2930);
#2577=LINE('',#6320,#2931);
#2578=LINE('',#6322,#2932);
#2579=LINE('',#6324,#2933);
#2580=LINE('',#6326,#2934);
#2581=LINE('',#6328,#2935);
#2582=LINE('',#6330,#2936);
#2583=LINE('',#6332,#2937);
#2584=LINE('',#6334,#2938);
#2585=LINE('',#6336,#2939);
#2586=LINE('',#6338,#2940);
#2587=LINE('',#6340,#2941);
#2588=LINE('',#6342,#2942);
#2589=LINE('',#6344,#2943);
#2590=LINE('',#6346,#2944);
#2591=LINE('',#6348,#2945);
#2592=LINE('',#6350,#2946);
#2593=LINE('',#6352,#2947);
#2594=LINE('',#6354,#2948);
#2595=LINE('',#6356,#2949);
#2596=LINE('',#6358,#2950);
#2597=LINE('',#6360,#2951);
#2598=LINE('',#6362,#2952);
#2599=LINE('',#6364,#2953);
#2600=LINE('',#6366,#2954);
#2601=LINE('',#6368,#2955);
#2602=LINE('',#6370,#2956);
#2603=LINE('',#6372,#2957);
#2604=LINE('',#6374,#2958);
#2605=LINE('',#6376,#2959);
#2606=LINE('',#6378,#2960);
#2607=LINE('',#6380,#2961);
#2608=LINE('',#6382,#2962);
#2609=LINE('',#6384,#2963);
#2610=LINE('',#6386,#2964);
#2611=LINE('',#6388,#2965);
#2612=LINE('',#6390,#2966);
#2613=LINE('',#6392,#2967);
#2614=LINE('',#6394,#2968);
#2615=LINE('',#6396,#2969);
#2616=LINE('',#6398,#2970);
#2617=LINE('',#6400,#2971);
#2618=LINE('',#6402,#2972);
#2619=LINE('',#6404,#2973);
#2620=LINE('',#6406,#2974);
#2621=LINE('',#6408,#2975);
#2622=LINE('',#6410,#2976);
#2623=LINE('',#6412,#2977);
#2624=LINE('',#6415,#2978);
#2625=LINE('',#6416,#2979);
#2626=LINE('',#6418,#2980);
#2627=LINE('',#6420,#2981);
#2628=LINE('',#6422,#2982);
#2629=LINE('',#6424,#2983);
#2630=LINE('',#6426,#2984);
#2631=LINE('',#6428,#2985);
#2632=LINE('',#6430,#2986);
#2633=LINE('',#6432,#2987);
#2634=LINE('',#6434,#2988);
#2635=LINE('',#6436,#2989);
#2636=LINE('',#6438,#2990);
#2637=LINE('',#6440,#2991);
#2638=LINE('',#6442,#2992);
#2639=LINE('',#6444,#2993);
#2640=LINE('',#6446,#2994);
#2641=LINE('',#6448,#2995);
#2642=LINE('',#6450,#2996);
#2643=LINE('',#6452,#2997);
#2644=LINE('',#6454,#2998);
#2645=LINE('',#6456,#2999);
#2646=LINE('',#6458,#3000);
#2647=LINE('',#6460,#3001);
#2648=LINE('',#6462,#3002);
#2649=LINE('',#6464,#3003);
#2650=LINE('',#6466,#3004);
#2651=LINE('',#6468,#3005);
#2652=LINE('',#6470,#3006);
#2653=LINE('',#6472,#3007);
#2654=LINE('',#6474,#3008);
#2655=LINE('',#6476,#3009);
#2656=LINE('',#6478,#3010);
#2657=LINE('',#6480,#3011);
#2658=LINE('',#6482,#3012);
#2659=LINE('',#6484,#3013);
#2660=LINE('',#6486,#3014);
#2661=LINE('',#6488,#3015);
#2662=LINE('',#6490,#3016);
#2663=LINE('',#6492,#3017);
#2664=LINE('',#6494,#3018);
#2665=LINE('',#6496,#3019);
#2666=LINE('',#6498,#3020);
#2667=LINE('',#6500,#3021);
#2668=LINE('',#6502,#3022);
#2669=LINE('',#6504,#3023);
#2670=LINE('',#6506,#3024);
#2671=LINE('',#6508,#3025);
#2672=LINE('',#6510,#3026);
#2673=LINE('',#6512,#3027);
#2674=LINE('',#6514,#3028);
#2675=LINE('',#6516,#3029);
#2676=LINE('',#6518,#3030);
#2677=LINE('',#6520,#3031);
#2678=LINE('',#6522,#3032);
#2679=LINE('',#6524,#3033);
#2680=LINE('',#6526,#3034);
#2681=LINE('',#6528,#3035);
#2682=LINE('',#6530,#3036);
#2683=LINE('',#6532,#3037);
#2684=LINE('',#6534,#3038);
#2685=LINE('',#6536,#3039);
#2686=LINE('',#6538,#3040);
#2687=LINE('',#6540,#3041);
#2688=LINE('',#6542,#3042);
#2689=LINE('',#6544,#3043);
#2690=LINE('',#6546,#3044);
#2691=LINE('',#6548,#3045);
#2692=LINE('',#6550,#3046);
#2693=LINE('',#6552,#3047);
#2694=LINE('',#6554,#3048);
#2695=LINE('',#6556,#3049);
#2696=VECTOR('',#4255,100.);
#2697=VECTOR('',#4258,100.);
#2698=VECTOR('',#4263,100.);
#2699=VECTOR('',#4264,100.);
#2700=VECTOR('',#4265,100.);
#2701=VECTOR('',#4268,100.);
#2702=VECTOR('',#4271,100.);
#2703=VECTOR('',#4276,100.);
#2704=VECTOR('',#4277,100.);
#2705=VECTOR('',#4278,100.);
#2706=VECTOR('',#4279,100.);
#2707=VECTOR('',#4282,100.);
#2708=VECTOR('',#4289,100.);
#2709=VECTOR('',#4290,100.);
#2710=VECTOR('',#4291,100.);
#2711=VECTOR('',#4294,100.);
#2712=VECTOR('',#4297,100.);
#2713=VECTOR('',#4302,100.);
#2714=VECTOR('',#4303,100.);
#2715=VECTOR('',#4304,100.);
#2716=VECTOR('',#4305,100.);
#2717=VECTOR('',#4308,100.);
#2718=VECTOR('',#4315,100.);
#2719=VECTOR('',#4316,100.);
#2720=VECTOR('',#4317,100.);
#2721=VECTOR('',#4320,100.);
#2722=VECTOR('',#4323,100.);
#2723=VECTOR('',#4328,100.);
#2724=VECTOR('',#4329,100.);
#2725=VECTOR('',#4330,100.);
#2726=VECTOR('',#4331,100.);
#2727=VECTOR('',#4334,100.);
#2728=VECTOR('',#4341,100.);
#2729=VECTOR('',#4342,100.);
#2730=VECTOR('',#4343,100.);
#2731=VECTOR('',#4346,100.);
#2732=VECTOR('',#4349,100.);
#2733=VECTOR('',#4354,100.);
#2734=VECTOR('',#4355,100.);
#2735=VECTOR('',#4356,100.);
#2736=VECTOR('',#4357,100.);
#2737=VECTOR('',#4360,100.);
#2738=VECTOR('',#4367,100.);
#2739=VECTOR('',#4368,100.);
#2740=VECTOR('',#4369,100.);
#2741=VECTOR('',#4372,100.);
#2742=VECTOR('',#4375,100.);
#2743=VECTOR('',#4380,100.);
#2744=VECTOR('',#4381,100.);
#2745=VECTOR('',#4382,100.);
#2746=VECTOR('',#4383,100.);
#2747=VECTOR('',#4386,100.);
#2748=VECTOR('',#4393,100.);
#2749=VECTOR('',#4394,100.);
#2750=VECTOR('',#4395,100.);
#2751=VECTOR('',#4398,100.);
#2752=VECTOR('',#4401,100.);
#2753=VECTOR('',#4406,100.);
#2754=VECTOR('',#4407,100.);
#2755=VECTOR('',#4408,100.);
#2756=VECTOR('',#4409,100.);
#2757=VECTOR('',#4412,100.);
#2758=VECTOR('',#4419,100.);
#2759=VECTOR('',#4420,100.);
#2760=VECTOR('',#4421,100.);
#2761=VECTOR('',#4424,100.);
#2762=VECTOR('',#4427,100.);
#2763=VECTOR('',#4432,100.);
#2764=VECTOR('',#4433,100.);
#2765=VECTOR('',#4434,100.);
#2766=VECTOR('',#4435,100.);
#2767=VECTOR('',#4438,100.);
#2768=VECTOR('',#4445,100.);
#2769=VECTOR('',#4446,100.);
#2770=VECTOR('',#4447,100.);
#2771=VECTOR('',#4450,100.);
#2772=VECTOR('',#4453,100.);
#2773=VECTOR('',#4458,100.);
#2774=VECTOR('',#4459,100.);
#2775=VECTOR('',#4460,100.);
#2776=VECTOR('',#4461,100.);
#2777=VECTOR('',#4464,100.);
#2778=VECTOR('',#4471,100.);
#2779=VECTOR('',#4472,100.);
#2780=VECTOR('',#4473,100.);
#2781=VECTOR('',#4476,100.);
#2782=VECTOR('',#4479,100.);
#2783=VECTOR('',#4484,100.);
#2784=VECTOR('',#4485,100.);
#2785=VECTOR('',#4486,100.);
#2786=VECTOR('',#4487,100.);
#2787=VECTOR('',#4490,100.);
#2788=VECTOR('',#4497,100.);
#2789=VECTOR('',#4498,100.);
#2790=VECTOR('',#4499,100.);
#2791=VECTOR('',#4502,100.);
#2792=VECTOR('',#4505,100.);
#2793=VECTOR('',#4510,100.);
#2794=VECTOR('',#4511,100.);
#2795=VECTOR('',#4512,100.);
#2796=VECTOR('',#4513,100.);
#2797=VECTOR('',#4516,100.);
#2798=VECTOR('',#4523,100.);
#2799=VECTOR('',#4524,100.);
#2800=VECTOR('',#4525,100.);
#2801=VECTOR('',#4528,100.);
#2802=VECTOR('',#4531,100.);
#2803=VECTOR('',#4536,100.);
#2804=VECTOR('',#4537,100.);
#2805=VECTOR('',#4538,100.);
#2806=VECTOR('',#4539,100.);
#2807=VECTOR('',#4542,100.);
#2808=VECTOR('',#4549,100.);
#2809=VECTOR('',#4550,100.);
#2810=VECTOR('',#4551,100.);
#2811=VECTOR('',#4554,100.);
#2812=VECTOR('',#4557,100.);
#2813=VECTOR('',#4562,100.);
#2814=VECTOR('',#4563,100.);
#2815=VECTOR('',#4564,100.);
#2816=VECTOR('',#4567,100.);
#2817=VECTOR('',#4568,100.);
#2818=VECTOR('',#4569,100.);
#2819=VECTOR('',#4570,100.);
#2820=VECTOR('',#4571,100.);
#2821=VECTOR('',#4572,100.);
#2822=VECTOR('',#4579,100.);
#2823=VECTOR('',#4582,100.);
#2824=VECTOR('',#4589,100.);
#2825=VECTOR('',#4592,100.);
#2826=VECTOR('',#4599,100.);
#2827=VECTOR('',#4602,100.);
#2828=VECTOR('',#4609,100.);
#2829=VECTOR('',#4612,100.);
#2830=VECTOR('',#4619,100.);
#2831=VECTOR('',#4622,100.);
#2832=VECTOR('',#4629,100.);
#2833=VECTOR('',#4632,100.);
#2834=VECTOR('',#4639,100.);
#2835=VECTOR('',#4642,100.);
#2836=VECTOR('',#4649,100.);
#2837=VECTOR('',#4652,100.);
#2838=VECTOR('',#4659,100.);
#2839=VECTOR('',#4662,100.);
#2840=VECTOR('',#4669,100.);
#2841=VECTOR('',#4672,100.);
#2842=VECTOR('',#4679,100.);
#2843=VECTOR('',#4682,100.);
#2844=VECTOR('',#4689,100.);
#2845=VECTOR('',#4692,100.);
#2846=VECTOR('',#4695,100.);
#2847=VECTOR('',#4696,100.);
#2848=VECTOR('',#4697,100.);
#2849=VECTOR('',#4698,100.);
#2850=VECTOR('',#4699,100.);
#2851=VECTOR('',#4700,100.);
#2852=VECTOR('',#4707,100.);
#2853=VECTOR('',#4710,100.);
#2854=VECTOR('',#4717,100.);
#2855=VECTOR('',#4720,100.);
#2856=VECTOR('',#4727,100.);
#2857=VECTOR('',#4730,100.);
#2858=VECTOR('',#4737,100.);
#2859=VECTOR('',#4740,100.);
#2860=VECTOR('',#4747,100.);
#2861=VECTOR('',#4750,100.);
#2862=VECTOR('',#4757,100.);
#2863=VECTOR('',#4760,100.);
#2864=VECTOR('',#4767,100.);
#2865=VECTOR('',#4770,100.);
#2866=VECTOR('',#4777,100.);
#2867=VECTOR('',#4780,100.);
#2868=VECTOR('',#4787,100.);
#2869=VECTOR('',#4790,100.);
#2870=VECTOR('',#4797,100.);
#2871=VECTOR('',#4800,100.);
#2872=VECTOR('',#4807,100.);
#2873=VECTOR('',#4810,100.);
#2874=VECTOR('',#4817,100.);
#2875=VECTOR('',#4820,100.);
#2876=VECTOR('',#4967,100.);
#2877=VECTOR('',#4968,100.);
#2878=VECTOR('',#4969,100.);
#2879=VECTOR('',#4970,100.);
#2880=VECTOR('',#4973,100.);
#2881=VECTOR('',#4974,100.);
#2882=VECTOR('',#4975,100.);
#2883=VECTOR('',#4978,100.);
#2884=VECTOR('',#4979,100.);
#2885=VECTOR('',#4980,100.);
#2886=VECTOR('',#4983,100.);
#2887=VECTOR('',#4984,100.);
#2888=VECTOR('',#4985,100.);
#2889=VECTOR('',#4988,100.);
#2890=VECTOR('',#4989,100.);
#2891=VECTOR('',#4990,100.);
#2892=VECTOR('',#4993,100.);
#2893=VECTOR('',#4994,100.);
#2894=VECTOR('',#4997,100.);
#2895=VECTOR('',#4998,100.);
#2896=VECTOR('',#5001,100.);
#2897=VECTOR('',#5004,100.);
#2898=VECTOR('',#5007,100.);
#2899=VECTOR('',#5010,100.);
#2900=VECTOR('',#5015,100.);
#2901=VECTOR('',#5016,100.);
#2902=VECTOR('',#5019,100.);
#2903=VECTOR('',#5022,100.);
#2904=VECTOR('',#5025,100.);
#2905=VECTOR('',#5028,100.);
#2906=VECTOR('',#5033,100.);
#2907=VECTOR('',#5034,100.);
#2908=VECTOR('',#5037,100.);
#2909=VECTOR('',#5040,100.);
#2910=VECTOR('',#5043,100.);
#2911=VECTOR('',#5046,100.);
#2912=VECTOR('',#5049,100.);
#2913=VECTOR('',#5052,100.);
#2914=VECTOR('',#5055,100.);
#2915=VECTOR('',#5058,100.);
#2916=VECTOR('',#5061,100.);
#2917=VECTOR('',#5064,100.);
#2918=VECTOR('',#5067,100.);
#2919=VECTOR('',#5070,100.);
#2920=VECTOR('',#5073,100.);
#2921=VECTOR('',#5076,100.);
#2922=VECTOR('',#5079,100.);
#2923=VECTOR('',#5082,100.);
#2924=VECTOR('',#5085,100.);
#2925=VECTOR('',#5088,100.);
#2926=VECTOR('',#5091,100.);
#2927=VECTOR('',#5094,100.);
#2928=VECTOR('',#5097,100.);
#2929=VECTOR('',#5100,100.);
#2930=VECTOR('',#5103,100.);
#2931=VECTOR('',#5106,100.);
#2932=VECTOR('',#5109,100.);
#2933=VECTOR('',#5112,100.);
#2934=VECTOR('',#5115,100.);
#2935=VECTOR('',#5118,100.);
#2936=VECTOR('',#5121,100.);
#2937=VECTOR('',#5124,100.);
#2938=VECTOR('',#5127,100.);
#2939=VECTOR('',#5130,100.);
#2940=VECTOR('',#5133,100.);
#2941=VECTOR('',#5136,100.);
#2942=VECTOR('',#5139,100.);
#2943=VECTOR('',#5142,100.);
#2944=VECTOR('',#5145,100.);
#2945=VECTOR('',#5148,100.);
#2946=VECTOR('',#5151,100.);
#2947=VECTOR('',#5154,100.);
#2948=VECTOR('',#5157,100.);
#2949=VECTOR('',#5160,100.);
#2950=VECTOR('',#5163,100.);
#2951=VECTOR('',#5166,100.);
#2952=VECTOR('',#5169,100.);
#2953=VECTOR('',#5172,100.);
#2954=VECTOR('',#5175,100.);
#2955=VECTOR('',#5178,100.);
#2956=VECTOR('',#5181,100.);
#2957=VECTOR('',#5184,100.);
#2958=VECTOR('',#5187,100.);
#2959=VECTOR('',#5190,100.);
#2960=VECTOR('',#5193,100.);
#2961=VECTOR('',#5196,100.);
#2962=VECTOR('',#5199,100.);
#2963=VECTOR('',#5202,100.);
#2964=VECTOR('',#5205,100.);
#2965=VECTOR('',#5208,100.);
#2966=VECTOR('',#5211,100.);
#2967=VECTOR('',#5214,100.);
#2968=VECTOR('',#5217,100.);
#2969=VECTOR('',#5220,100.);
#2970=VECTOR('',#5223,100.);
#2971=VECTOR('',#5226,100.);
#2972=VECTOR('',#5229,100.);
#2973=VECTOR('',#5232,100.);
#2974=VECTOR('',#5235,100.);
#2975=VECTOR('',#5238,100.);
#2976=VECTOR('',#5241,100.);
#2977=VECTOR('',#5244,100.);
#2978=VECTOR('',#5249,100.);
#2979=VECTOR('',#5250,100.);
#2980=VECTOR('',#5253,100.);
#2981=VECTOR('',#5256,100.);
#2982=VECTOR('',#5259,100.);
#2983=VECTOR('',#5262,100.);
#2984=VECTOR('',#5265,100.);
#2985=VECTOR('',#5268,100.);
#2986=VECTOR('',#5271,100.);
#2987=VECTOR('',#5274,100.);
#2988=VECTOR('',#5277,100.);
#2989=VECTOR('',#5280,100.);
#2990=VECTOR('',#5283,100.);
#2991=VECTOR('',#5286,100.);
#2992=VECTOR('',#5289,100.);
#2993=VECTOR('',#5292,100.);
#2994=VECTOR('',#5295,100.);
#2995=VECTOR('',#5298,100.);
#2996=VECTOR('',#5301,100.);
#2997=VECTOR('',#5304,100.);
#2998=VECTOR('',#5307,100.);
#2999=VECTOR('',#5310,100.);
#3000=VECTOR('',#5313,100.);
#3001=VECTOR('',#5316,100.);
#3002=VECTOR('',#5319,100.);
#3003=VECTOR('',#5322,100.);
#3004=VECTOR('',#5325,100.);
#3005=VECTOR('',#5328,100.);
#3006=VECTOR('',#5331,100.);
#3007=VECTOR('',#5334,100.);
#3008=VECTOR('',#5337,100.);
#3009=VECTOR('',#5340,100.);
#3010=VECTOR('',#5343,100.);
#3011=VECTOR('',#5346,100.);
#3012=VECTOR('',#5349,100.);
#3013=VECTOR('',#5352,100.);
#3014=VECTOR('',#5355,100.);
#3015=VECTOR('',#5358,100.);
#3016=VECTOR('',#5361,100.);
#3017=VECTOR('',#5364,100.);
#3018=VECTOR('',#5367,100.);
#3019=VECTOR('',#5370,100.);
#3020=VECTOR('',#5373,100.);
#3021=VECTOR('',#5376,100.);
#3022=VECTOR('',#5379,100.);
#3023=VECTOR('',#5382,100.);
#3024=VECTOR('',#5385,100.);
#3025=VECTOR('',#5388,100.);
#3026=VECTOR('',#5391,100.);
#3027=VECTOR('',#5394,100.);
#3028=VECTOR('',#5397,100.);
#3029=VECTOR('',#5400,100.);
#3030=VECTOR('',#5403,100.);
#3031=VECTOR('',#5406,100.);
#3032=VECTOR('',#5409,100.);
#3033=VECTOR('',#5412,100.);
#3034=VECTOR('',#5415,100.);
#3035=VECTOR('',#5418,100.);
#3036=VECTOR('',#5421,100.);
#3037=VECTOR('',#5424,100.);
#3038=VECTOR('',#5427,100.);
#3039=VECTOR('',#5430,100.);
#3040=VECTOR('',#5433,100.);
#3041=VECTOR('',#5436,100.);
#3042=VECTOR('',#5439,100.);
#3043=VECTOR('',#5442,100.);
#3044=VECTOR('',#5445,100.);
#3045=VECTOR('',#5448,100.);
#3046=VECTOR('',#5451,100.);
#3047=VECTOR('',#5454,100.);
#3048=VECTOR('',#5457,100.);
#3049=VECTOR('',#5460,100.);
#3050=EDGE_LOOP('',(#392,#393,#394,#395));
#3051=EDGE_LOOP('',(#396,#397,#398,#399));
#3052=EDGE_LOOP('',(#400,#401,#402,#403));
#3053=EDGE_LOOP('',(#404,#405,#406,#407));
#3054=EDGE_LOOP('',(#408,#409,#410,#411));
#3055=EDGE_LOOP('',(#412,#413,#414,#415));
#3056=EDGE_LOOP('',(#416,#417,#418,#419));
#3057=EDGE_LOOP('',(#420,#421,#422,#423));
#3058=EDGE_LOOP('',(#424,#425,#426,#427));
#3059=EDGE_LOOP('',(#428,#429,#430,#431));
#3060=EDGE_LOOP('',(#432,#433,#434,#435));
#3061=EDGE_LOOP('',(#436,#437,#438,#439));
#3062=EDGE_LOOP('',(#440,#441,#442,#443));
#3063=EDGE_LOOP('',(#444,#445,#446,#447));
#3064=EDGE_LOOP('',(#448,#449,#450,#451));
#3065=EDGE_LOOP('',(#452,#453,#454,#455));
#3066=EDGE_LOOP('',(#456,#457,#458,#459));
#3067=EDGE_LOOP('',(#460,#461,#462,#463));
#3068=EDGE_LOOP('',(#464,#465,#466,#467));
#3069=EDGE_LOOP('',(#468,#469,#470,#471));
#3070=EDGE_LOOP('',(#472,#473,#474,#475));
#3071=EDGE_LOOP('',(#476,#477,#478,#479));
#3072=EDGE_LOOP('',(#480,#481,#482,#483));
#3073=EDGE_LOOP('',(#484,#485,#486,#487));
#3074=EDGE_LOOP('',(#488,#489,#490,#491));
#3075=EDGE_LOOP('',(#492,#493,#494,#495));
#3076=EDGE_LOOP('',(#496,#497,#498,#499));
#3077=EDGE_LOOP('',(#500,#501,#502,#503));
#3078=EDGE_LOOP('',(#504,#505,#506,#507));
#3079=EDGE_LOOP('',(#508,#509,#510,#511));
#3080=EDGE_LOOP('',(#512,#513,#514,#515));
#3081=EDGE_LOOP('',(#516,#517,#518,#519));
#3082=EDGE_LOOP('',(#520,#521,#522,#523));
#3083=EDGE_LOOP('',(#524,#525,#526,#527));
#3084=EDGE_LOOP('',(#528,#529,#530,#531));
#3085=EDGE_LOOP('',(#532,#533,#534,#535));
#3086=EDGE_LOOP('',(#536,#537,#538,#539));
#3087=EDGE_LOOP('',(#540,#541,#542,#543));
#3088=EDGE_LOOP('',(#544,#545,#546,#547));
#3089=EDGE_LOOP('',(#548,#549,#550,#551));
#3090=EDGE_LOOP('',(#552,#553,#554,#555));
#3091=EDGE_LOOP('',(#556,#557,#558,#559));
#3092=EDGE_LOOP('',(#560,#561,#562,#563));
#3093=EDGE_LOOP('',(#564,#565,#566,#567));
#3094=EDGE_LOOP('',(#568,#569,#570,#571));
#3095=EDGE_LOOP('',(#572,#573,#574,#575));
#3096=EDGE_LOOP('',(#576,#577,#578,#579));
#3097=EDGE_LOOP('',(#580,#581,#582,#583));
#3098=EDGE_LOOP('',(#584,#585,#586,#587,#588,#589));
#3099=EDGE_LOOP('',(#590,#591,#592,#593,#594,#595,#596,#597,#598,#599,#600,
#601,#602,#603,#604,#605,#606,#607,#608,#609,#610,#611,#612,#613,#614,#615,
#616,#617,#618,#619,#620,#621,#622,#623,#624,#625,#626,#627,#628,#629,#630,
#631,#632,#633,#634,#635,#636,#637,#638,#639,#640,#641,#642,#643,#644,#645,
#646,#647,#648,#649,#650,#651,#652,#653,#654,#655,#656,#657,#658,#659,#660,
#661));
#3100=EDGE_LOOP('',(#662,#663,#664,#665,#666,#667));
#3101=EDGE_LOOP('',(#668,#669,#670,#671,#672,#673,#674,#675,#676,#677,#678,
#679,#680,#681,#682,#683,#684,#685,#686,#687,#688,#689,#690,#691,#692,#693,
#694,#695,#696,#697,#698,#699,#700,#701,#702,#703,#704,#705,#706,#707,#708,
#709,#710,#711,#712,#713,#714,#715,#716,#717,#718,#719,#720,#721,#722,#723,
#724,#725,#726,#727,#728,#729,#730,#731,#732,#733,#734,#735,#736,#737,#738,
#739));
#3102=EDGE_LOOP('',(#740,#741,#742,#743));
#3103=EDGE_LOOP('',(#744,#745,#746,#747));
#3104=EDGE_LOOP('',(#748,#749,#750,#751));
#3105=EDGE_LOOP('',(#752,#753,#754,#755));
#3106=EDGE_LOOP('',(#756,#757,#758,#759));
#3107=EDGE_LOOP('',(#760,#761,#762,#763));
#3108=EDGE_LOOP('',(#764,#765,#766,#767));
#3109=EDGE_LOOP('',(#768,#769,#770,#771));
#3110=EDGE_LOOP('',(#772,#773,#774,#775));
#3111=EDGE_LOOP('',(#776,#777,#778,#779));
#3112=EDGE_LOOP('',(#780,#781,#782,#783));
#3113=EDGE_LOOP('',(#784,#785,#786,#787));
#3114=EDGE_LOOP('',(#788,#789,#790,#791));
#3115=EDGE_LOOP('',(#792,#793,#794,#795));
#3116=EDGE_LOOP('',(#796,#797,#798,#799));
#3117=EDGE_LOOP('',(#800,#801,#802,#803));
#3118=EDGE_LOOP('',(#804,#805,#806,#807));
#3119=EDGE_LOOP('',(#808,#809,#810,#811));
#3120=EDGE_LOOP('',(#812,#813,#814,#815));
#3121=EDGE_LOOP('',(#816,#817,#818,#819));
#3122=EDGE_LOOP('',(#820,#821,#822,#823));
#3123=EDGE_LOOP('',(#824,#825,#826,#827));
#3124=EDGE_LOOP('',(#828,#829,#830,#831));
#3125=EDGE_LOOP('',(#832,#833,#834,#835));
#3126=EDGE_LOOP('',(#836,#837,#838,#839));
#3127=EDGE_LOOP('',(#840,#841,#842,#843));
#3128=EDGE_LOOP('',(#844,#845,#846,#847));
#3129=EDGE_LOOP('',(#848,#849,#850,#851));
#3130=EDGE_LOOP('',(#852,#853,#854,#855));
#3131=EDGE_LOOP('',(#856,#857,#858,#859));
#3132=EDGE_LOOP('',(#860,#861,#862,#863));
#3133=EDGE_LOOP('',(#864,#865,#866,#867));
#3134=EDGE_LOOP('',(#868,#869,#870,#871));
#3135=EDGE_LOOP('',(#872,#873,#874,#875));
#3136=EDGE_LOOP('',(#876,#877,#878,#879));
#3137=EDGE_LOOP('',(#880,#881,#882,#883));
#3138=EDGE_LOOP('',(#884,#885,#886,#887));
#3139=EDGE_LOOP('',(#888,#889,#890,#891));
#3140=EDGE_LOOP('',(#892,#893,#894,#895));
#3141=EDGE_LOOP('',(#896,#897,#898,#899));
#3142=EDGE_LOOP('',(#900,#901,#902,#903));
#3143=EDGE_LOOP('',(#904,#905,#906,#907));
#3144=EDGE_LOOP('',(#908,#909,#910,#911));
#3145=EDGE_LOOP('',(#912,#913,#914,#915));
#3146=EDGE_LOOP('',(#916,#917,#918,#919));
#3147=EDGE_LOOP('',(#920,#921,#922,#923));
#3148=EDGE_LOOP('',(#924,#925,#926,#927));
#3149=EDGE_LOOP('',(#928,#929,#930,#931));
#3150=EDGE_LOOP('',(#932,#933,#934,#935));
#3151=EDGE_LOOP('',(#936,#937,#938,#939));
#3152=EDGE_LOOP('',(#940,#941,#942,#943));
#3153=EDGE_LOOP('',(#944,#945,#946,#947));
#3154=EDGE_LOOP('',(#948,#949,#950,#951));
#3155=EDGE_LOOP('',(#952,#953,#954,#955));
#3156=EDGE_LOOP('',(#956,#957,#958,#959));
#3157=EDGE_LOOP('',(#960,#961,#962,#963));
#3158=EDGE_LOOP('',(#964,#965,#966,#967));
#3159=EDGE_LOOP('',(#968,#969,#970,#971));
#3160=EDGE_LOOP('',(#972,#973,#974,#975));
#3161=EDGE_LOOP('',(#976,#977,#978,#979));
#3162=EDGE_LOOP('',(#980,#981,#982,#983));
#3163=EDGE_LOOP('',(#984,#985,#986,#987));
#3164=EDGE_LOOP('',(#988,#989,#990,#991));
#3165=EDGE_LOOP('',(#992,#993,#994,#995));
#3166=EDGE_LOOP('',(#996,#997,#998,#999));
#3167=EDGE_LOOP('',(#1000,#1001,#1002,#1003));
#3168=EDGE_LOOP('',(#1004,#1005,#1006,#1007));
#3169=EDGE_LOOP('',(#1008,#1009,#1010,#1011));
#3170=EDGE_LOOP('',(#1012,#1013,#1014,#1015));
#3171=EDGE_LOOP('',(#1016,#1017,#1018,#1019));
#3172=EDGE_LOOP('',(#1020,#1021,#1022,#1023));
#3173=EDGE_LOOP('',(#1024,#1025,#1026,#1027));
#3174=EDGE_LOOP('',(#1028,#1029,#1030,#1031));
#3175=EDGE_LOOP('',(#1032,#1033,#1034,#1035));
#3176=EDGE_LOOP('',(#1036,#1037,#1038,#1039));
#3177=EDGE_LOOP('',(#1040,#1041,#1042,#1043));
#3178=EDGE_LOOP('',(#1044,#1045,#1046,#1047));
#3179=EDGE_LOOP('',(#1048,#1049,#1050,#1051));
#3180=EDGE_LOOP('',(#1052,#1053,#1054,#1055));
#3181=EDGE_LOOP('',(#1056,#1057,#1058,#1059));
#3182=EDGE_LOOP('',(#1060,#1061,#1062,#1063));
#3183=EDGE_LOOP('',(#1064,#1065,#1066,#1067));
#3184=EDGE_LOOP('',(#1068,#1069,#1070,#1071));
#3185=EDGE_LOOP('',(#1072,#1073,#1074,#1075));
#3186=EDGE_LOOP('',(#1076,#1077,#1078,#1079));
#3187=EDGE_LOOP('',(#1080,#1081,#1082,#1083));
#3188=EDGE_LOOP('',(#1084,#1085,#1086,#1087));
#3189=EDGE_LOOP('',(#1088,#1089,#1090,#1091));
#3190=EDGE_LOOP('',(#1092,#1093,#1094,#1095));
#3191=EDGE_LOOP('',(#1096,#1097,#1098,#1099));
#3192=EDGE_LOOP('',(#1100,#1101,#1102,#1103));
#3193=EDGE_LOOP('',(#1104,#1105,#1106,#1107));
#3194=EDGE_LOOP('',(#1108,#1109,#1110,#1111));
#3195=EDGE_LOOP('',(#1112,#1113,#1114,#1115));
#3196=EDGE_LOOP('',(#1116,#1117,#1118,#1119));
#3197=EDGE_LOOP('',(#1120,#1121,#1122,#1123));
#3198=EDGE_LOOP('',(#1124,#1125,#1126,#1127));
#3199=EDGE_LOOP('',(#1128,#1129,#1130,#1131));
#3200=EDGE_LOOP('',(#1132,#1133,#1134,#1135));
#3201=EDGE_LOOP('',(#1136,#1137,#1138,#1139));
#3202=EDGE_LOOP('',(#1140,#1141,#1142,#1143));
#3203=EDGE_LOOP('',(#1144,#1145,#1146,#1147));
#3204=EDGE_LOOP('',(#1148,#1149,#1150,#1151));
#3205=EDGE_LOOP('',(#1152,#1153,#1154,#1155));
#3206=EDGE_LOOP('',(#1156,#1157,#1158,#1159));
#3207=EDGE_LOOP('',(#1160,#1161,#1162,#1163));
#3208=EDGE_LOOP('',(#1164,#1165,#1166,#1167));
#3209=EDGE_LOOP('',(#1168,#1169,#1170,#1171));
#3210=EDGE_LOOP('',(#1172,#1173,#1174,#1175));
#3211=EDGE_LOOP('',(#1176,#1177,#1178,#1179));
#3212=EDGE_LOOP('',(#1180,#1181,#1182,#1183));
#3213=EDGE_LOOP('',(#1184,#1185,#1186,#1187));
#3214=EDGE_LOOP('',(#1188,#1189,#1190,#1191));
#3215=EDGE_LOOP('',(#1192,#1193,#1194,#1195));
#3216=EDGE_LOOP('',(#1196,#1197,#1198,#1199));
#3217=EDGE_LOOP('',(#1200,#1201,#1202,#1203));
#3218=EDGE_LOOP('',(#1204,#1205,#1206,#1207));
#3219=EDGE_LOOP('',(#1208,#1209,#1210,#1211));
#3220=EDGE_LOOP('',(#1212,#1213,#1214,#1215));
#3221=EDGE_LOOP('',(#1216,#1217,#1218,#1219));
#3222=EDGE_LOOP('',(#1220,#1221,#1222,#1223));
#3223=EDGE_LOOP('',(#1224,#1225,#1226,#1227));
#3224=EDGE_LOOP('',(#1228,#1229,#1230,#1231));
#3225=EDGE_LOOP('',(#1232,#1233,#1234,#1235));
#3226=EDGE_LOOP('',(#1236,#1237,#1238,#1239));
#3227=EDGE_LOOP('',(#1240,#1241,#1242,#1243));
#3228=EDGE_LOOP('',(#1244,#1245,#1246,#1247));
#3229=EDGE_LOOP('',(#1248,#1249,#1250,#1251));
#3230=EDGE_LOOP('',(#1252,#1253,#1254,#1255));
#3231=EDGE_LOOP('',(#1256,#1257,#1258,#1259));
#3232=EDGE_LOOP('',(#1260,#1261,#1262,#1263));
#3233=EDGE_LOOP('',(#1264,#1265,#1266,#1267));
#3234=EDGE_LOOP('',(#1268,#1269,#1270,#1271));
#3235=EDGE_LOOP('',(#1272,#1273,#1274,#1275));
#3236=EDGE_LOOP('',(#1276,#1277,#1278,#1279));
#3237=EDGE_LOOP('',(#1280,#1281,#1282,#1283));
#3238=EDGE_LOOP('',(#1284,#1285,#1286,#1287));
#3239=EDGE_LOOP('',(#1288,#1289,#1290,#1291));
#3240=EDGE_LOOP('',(#1292,#1293,#1294,#1295));
#3241=EDGE_LOOP('',(#1296,#1297,#1298,#1299));
#3242=EDGE_LOOP('',(#1300,#1301,#1302,#1303));
#3243=EDGE_LOOP('',(#1304,#1305,#1306,#1307));
#3244=EDGE_LOOP('',(#1308,#1309,#1310,#1311));
#3245=EDGE_LOOP('',(#1312,#1313,#1314,#1315));
#3246=EDGE_LOOP('',(#1316,#1317,#1318,#1319));
#3247=EDGE_LOOP('',(#1320,#1321,#1322,#1323));
#3248=EDGE_LOOP('',(#1324,#1325,#1326,#1327));
#3249=EDGE_LOOP('',(#1328,#1329,#1330,#1331));
#3250=EDGE_LOOP('',(#1332,#1333,#1334,#1335));
#3251=EDGE_LOOP('',(#1336,#1337,#1338,#1339));
#3252=EDGE_LOOP('',(#1340,#1341,#1342,#1343));
#3253=EDGE_LOOP('',(#1344,#1345,#1346,#1347));
#3254=EDGE_LOOP('',(#1348,#1349,#1350,#1351));
#3255=EDGE_LOOP('',(#1352,#1353,#1354,#1355));
#3256=EDGE_LOOP('',(#1356,#1357,#1358,#1359));
#3257=EDGE_LOOP('',(#1360,#1361,#1362,#1363));
#3258=EDGE_LOOP('',(#1364,#1365,#1366,#1367));
#3259=EDGE_LOOP('',(#1368,#1369,#1370,#1371));
#3260=EDGE_LOOP('',(#1372,#1373,#1374,#1375));
#3261=EDGE_LOOP('',(#1376,#1377,#1378,#1379));
#3262=EDGE_LOOP('',(#1380,#1381,#1382,#1383));
#3263=EDGE_LOOP('',(#1384,#1385,#1386,#1387));
#3264=EDGE_LOOP('',(#1388,#1389,#1390,#1391));
#3265=EDGE_LOOP('',(#1392,#1393,#1394,#1395));
#3266=EDGE_LOOP('',(#1396,#1397,#1398,#1399));
#3267=EDGE_LOOP('',(#1400,#1401,#1402,#1403));
#3268=EDGE_LOOP('',(#1404,#1405,#1406,#1407));
#3269=EDGE_LOOP('',(#1408,#1409,#1410,#1411));
#3270=EDGE_LOOP('',(#1412,#1413,#1414,#1415));
#3271=EDGE_LOOP('',(#1416,#1417,#1418,#1419));
#3272=EDGE_LOOP('',(#1420,#1421,#1422,#1423));
#3273=EDGE_LOOP('',(#1424,#1425,#1426,#1427));
#3274=EDGE_LOOP('',(#1428,#1429,#1430,#1431));
#3275=EDGE_LOOP('',(#1432,#1433,#1434,#1435));
#3276=EDGE_LOOP('',(#1436,#1437,#1438,#1439));
#3277=EDGE_LOOP('',(#1440,#1441,#1442,#1443));
#3278=EDGE_LOOP('',(#1444,#1445,#1446,#1447));
#3279=EDGE_LOOP('',(#1448,#1449,#1450,#1451));
#3280=EDGE_LOOP('',(#1452,#1453,#1454,#1455));
#3281=EDGE_LOOP('',(#1456,#1457,#1458,#1459));
#3282=EDGE_LOOP('',(#1460,#1461,#1462,#1463));
#3283=EDGE_LOOP('',(#1464,#1465,#1466,#1467));
#3284=EDGE_LOOP('',(#1468,#1469,#1470,#1471));
#3285=EDGE_LOOP('',(#1472,#1473,#1474,#1475));
#3286=EDGE_LOOP('',(#1476,#1477,#1478,#1479));
#3287=EDGE_LOOP('',(#1480,#1481,#1482,#1483));
#3288=FACE_BOUND('',#3050,.T.);
#3289=FACE_BOUND('',#3051,.T.);
#3290=FACE_BOUND('',#3052,.T.);
#3291=FACE_BOUND('',#3053,.T.);
#3292=FACE_BOUND('',#3054,.T.);
#3293=FACE_BOUND('',#3055,.T.);
#3294=FACE_BOUND('',#3056,.T.);
#3295=FACE_BOUND('',#3057,.T.);
#3296=FACE_BOUND('',#3058,.T.);
#3297=FACE_BOUND('',#3059,.T.);
#3298=FACE_BOUND('',#3060,.T.);
#3299=FACE_BOUND('',#3061,.T.);
#3300=FACE_BOUND('',#3062,.T.);
#3301=FACE_BOUND('',#3063,.T.);
#3302=FACE_BOUND('',#3064,.T.);
#3303=FACE_BOUND('',#3065,.T.);
#3304=FACE_BOUND('',#3066,.T.);
#3305=FACE_BOUND('',#3067,.T.);
#3306=FACE_BOUND('',#3068,.T.);
#3307=FACE_BOUND('',#3069,.T.);
#3308=FACE_BOUND('',#3070,.T.);
#3309=FACE_BOUND('',#3071,.T.);
#3310=FACE_BOUND('',#3072,.T.);
#3311=FACE_BOUND('',#3073,.T.);
#3312=FACE_BOUND('',#3074,.T.);
#3313=FACE_BOUND('',#3075,.T.);
#3314=FACE_BOUND('',#3076,.T.);
#3315=FACE_BOUND('',#3077,.T.);
#3316=FACE_BOUND('',#3078,.T.);
#3317=FACE_BOUND('',#3079,.T.);
#3318=FACE_BOUND('',#3080,.T.);
#3319=FACE_BOUND('',#3081,.T.);
#3320=FACE_BOUND('',#3082,.T.);
#3321=FACE_BOUND('',#3083,.T.);
#3322=FACE_BOUND('',#3084,.T.);
#3323=FACE_BOUND('',#3085,.T.);
#3324=FACE_BOUND('',#3086,.T.);
#3325=FACE_BOUND('',#3087,.T.);
#3326=FACE_BOUND('',#3088,.T.);
#3327=FACE_BOUND('',#3089,.T.);
#3328=FACE_BOUND('',#3090,.T.);
#3329=FACE_BOUND('',#3091,.T.);
#3330=FACE_BOUND('',#3092,.T.);
#3331=FACE_BOUND('',#3093,.T.);
#3332=FACE_BOUND('',#3094,.T.);
#3333=FACE_BOUND('',#3095,.T.);
#3334=FACE_BOUND('',#3096,.T.);
#3335=FACE_BOUND('',#3097,.T.);
#3336=FACE_BOUND('',#3098,.T.);
#3337=FACE_BOUND('',#3099,.T.);
#3338=FACE_BOUND('',#3100,.T.);
#3339=FACE_BOUND('',#3101,.T.);
#3340=FACE_BOUND('',#3102,.T.);
#3341=FACE_BOUND('',#3103,.T.);
#3342=FACE_BOUND('',#3104,.T.);
#3343=FACE_BOUND('',#3105,.T.);
#3344=FACE_BOUND('',#3106,.T.);
#3345=FACE_BOUND('',#3107,.T.);
#3346=FACE_BOUND('',#3108,.T.);
#3347=FACE_BOUND('',#3109,.T.);
#3348=FACE_BOUND('',#3110,.T.);
#3349=FACE_BOUND('',#3111,.T.);
#3350=FACE_BOUND('',#3112,.T.);
#3351=FACE_BOUND('',#3113,.T.);
#3352=FACE_BOUND('',#3114,.T.);
#3353=FACE_BOUND('',#3115,.T.);
#3354=FACE_BOUND('',#3116,.T.);
#3355=FACE_BOUND('',#3117,.T.);
#3356=FACE_BOUND('',#3118,.T.);
#3357=FACE_BOUND('',#3119,.T.);
#3358=FACE_BOUND('',#3120,.T.);
#3359=FACE_BOUND('',#3121,.T.);
#3360=FACE_BOUND('',#3122,.T.);
#3361=FACE_BOUND('',#3123,.T.);
#3362=FACE_BOUND('',#3124,.T.);
#3363=FACE_BOUND('',#3125,.T.);
#3364=FACE_BOUND('',#3126,.T.);
#3365=FACE_BOUND('',#3127,.T.);
#3366=FACE_BOUND('',#3128,.T.);
#3367=FACE_BOUND('',#3129,.T.);
#3368=FACE_BOUND('',#3130,.T.);
#3369=FACE_BOUND('',#3131,.T.);
#3370=FACE_BOUND('',#3132,.T.);
#3371=FACE_BOUND('',#3133,.T.);
#3372=FACE_BOUND('',#3134,.T.);
#3373=FACE_BOUND('',#3135,.T.);
#3374=FACE_BOUND('',#3136,.T.);
#3375=FACE_BOUND('',#3137,.T.);
#3376=FACE_BOUND('',#3138,.T.);
#3377=FACE_BOUND('',#3139,.T.);
#3378=FACE_BOUND('',#3140,.T.);
#3379=FACE_BOUND('',#3141,.T.);
#3380=FACE_BOUND('',#3142,.T.);
#3381=FACE_BOUND('',#3143,.T.);
#3382=FACE_BOUND('',#3144,.T.);
#3383=FACE_BOUND('',#3145,.T.);
#3384=FACE_BOUND('',#3146,.T.);
#3385=FACE_BOUND('',#3147,.T.);
#3386=FACE_BOUND('',#3148,.T.);
#3387=FACE_BOUND('',#3149,.T.);
#3388=FACE_BOUND('',#3150,.T.);
#3389=FACE_BOUND('',#3151,.T.);
#3390=FACE_BOUND('',#3152,.T.);
#3391=FACE_BOUND('',#3153,.T.);
#3392=FACE_BOUND('',#3154,.T.);
#3393=FACE_BOUND('',#3155,.T.);
#3394=FACE_BOUND('',#3156,.T.);
#3395=FACE_BOUND('',#3157,.T.);
#3396=FACE_BOUND('',#3158,.T.);
#3397=FACE_BOUND('',#3159,.T.);
#3398=FACE_BOUND('',#3160,.T.);
#3399=FACE_BOUND('',#3161,.T.);
#3400=FACE_BOUND('',#3162,.T.);
#3401=FACE_BOUND('',#3163,.T.);
#3402=FACE_BOUND('',#3164,.T.);
#3403=FACE_BOUND('',#3165,.T.);
#3404=FACE_BOUND('',#3166,.T.);
#3405=FACE_BOUND('',#3167,.T.);
#3406=FACE_BOUND('',#3168,.T.);
#3407=FACE_BOUND('',#3169,.T.);
#3408=FACE_BOUND('',#3170,.T.);
#3409=FACE_BOUND('',#3171,.T.);
#3410=FACE_BOUND('',#3172,.T.);
#3411=FACE_BOUND('',#3173,.T.);
#3412=FACE_BOUND('',#3174,.T.);
#3413=FACE_BOUND('',#3175,.T.);
#3414=FACE_BOUND('',#3176,.T.);
#3415=FACE_BOUND('',#3177,.T.);
#3416=FACE_BOUND('',#3178,.T.);
#3417=FACE_BOUND('',#3179,.T.);
#3418=FACE_BOUND('',#3180,.T.);
#3419=FACE_BOUND('',#3181,.T.);
#3420=FACE_BOUND('',#3182,.T.);
#3421=FACE_BOUND('',#3183,.T.);
#3422=FACE_BOUND('',#3184,.T.);
#3423=FACE_BOUND('',#3185,.T.);
#3424=FACE_BOUND('',#3186,.T.);
#3425=FACE_BOUND('',#3187,.T.);
#3426=FACE_BOUND('',#3188,.T.);
#3427=FACE_BOUND('',#3189,.T.);
#3428=FACE_BOUND('',#3190,.T.);
#3429=FACE_BOUND('',#3191,.T.);
#3430=FACE_BOUND('',#3192,.T.);
#3431=FACE_BOUND('',#3193,.T.);
#3432=FACE_BOUND('',#3194,.T.);
#3433=FACE_BOUND('',#3195,.T.);
#3434=FACE_BOUND('',#3196,.T.);
#3435=FACE_BOUND('',#3197,.T.);
#3436=FACE_BOUND('',#3198,.T.);
#3437=FACE_BOUND('',#3199,.T.);
#3438=FACE_BOUND('',#3200,.T.);
#3439=FACE_BOUND('',#3201,.T.);
#3440=FACE_BOUND('',#3202,.T.);
#3441=FACE_BOUND('',#3203,.T.);
#3442=FACE_BOUND('',#3204,.T.);
#3443=FACE_BOUND('',#3205,.T.);
#3444=FACE_BOUND('',#3206,.T.);
#3445=FACE_BOUND('',#3207,.T.);
#3446=FACE_BOUND('',#3208,.T.);
#3447=FACE_BOUND('',#3209,.T.);
#3448=FACE_BOUND('',#3210,.T.);
#3449=FACE_BOUND('',#3211,.T.);
#3450=FACE_BOUND('',#3212,.T.);
#3451=FACE_BOUND('',#3213,.T.);
#3452=FACE_BOUND('',#3214,.T.);
#3453=FACE_BOUND('',#3215,.T.);
#3454=FACE_BOUND('',#3216,.T.);
#3455=FACE_BOUND('',#3217,.T.);
#3456=FACE_BOUND('',#3218,.T.);
#3457=FACE_BOUND('',#3219,.T.);
#3458=FACE_BOUND('',#3220,.T.);
#3459=FACE_BOUND('',#3221,.T.);
#3460=FACE_BOUND('',#3222,.T.);
#3461=FACE_BOUND('',#3223,.T.);
#3462=FACE_BOUND('',#3224,.T.);
#3463=FACE_BOUND('',#3225,.T.);
#3464=FACE_BOUND('',#3226,.T.);
#3465=FACE_BOUND('',#3227,.T.);
#3466=FACE_BOUND('',#3228,.T.);
#3467=FACE_BOUND('',#3229,.T.);
#3468=FACE_BOUND('',#3230,.T.);
#3469=FACE_BOUND('',#3231,.T.);
#3470=FACE_BOUND('',#3232,.T.);
#3471=FACE_BOUND('',#3233,.T.);
#3472=FACE_BOUND('',#3234,.T.);
#3473=FACE_BOUND('',#3235,.T.);
#3474=FACE_BOUND('',#3236,.T.);
#3475=FACE_BOUND('',#3237,.T.);
#3476=FACE_BOUND('',#3238,.T.);
#3477=FACE_BOUND('',#3239,.T.);
#3478=FACE_BOUND('',#3240,.T.);
#3479=FACE_BOUND('',#3241,.T.);
#3480=FACE_BOUND('',#3242,.T.);
#3481=FACE_BOUND('',#3243,.T.);
#3482=FACE_BOUND('',#3244,.T.);
#3483=FACE_BOUND('',#3245,.T.);
#3484=FACE_BOUND('',#3246,.T.);
#3485=FACE_BOUND('',#3247,.T.);
#3486=FACE_BOUND('',#3248,.T.);
#3487=FACE_BOUND('',#3249,.T.);
#3488=FACE_BOUND('',#3250,.T.);
#3489=FACE_BOUND('',#3251,.T.);
#3490=FACE_BOUND('',#3252,.T.);
#3491=FACE_BOUND('',#3253,.T.);
#3492=FACE_BOUND('',#3254,.T.);
#3493=FACE_BOUND('',#3255,.T.);
#3494=FACE_BOUND('',#3256,.T.);
#3495=FACE_BOUND('',#3257,.T.);
#3496=FACE_BOUND('',#3258,.T.);
#3497=FACE_BOUND('',#3259,.T.);
#3498=FACE_BOUND('',#3260,.T.);
#3499=FACE_BOUND('',#3261,.T.);
#3500=FACE_BOUND('',#3262,.T.);
#3501=FACE_BOUND('',#3263,.T.);
#3502=FACE_BOUND('',#3264,.T.);
#3503=FACE_BOUND('',#3265,.T.);
#3504=FACE_BOUND('',#3266,.T.);
#3505=FACE_BOUND('',#3267,.T.);
#3506=FACE_BOUND('',#3268,.T.);
#3507=FACE_BOUND('',#3269,.T.);
#3508=FACE_BOUND('',#3270,.T.);
#3509=FACE_BOUND('',#3271,.T.);
#3510=FACE_BOUND('',#3272,.T.);
#3511=FACE_BOUND('',#3273,.T.);
#3512=FACE_BOUND('',#3274,.T.);
#3513=FACE_BOUND('',#3275,.T.);
#3514=FACE_BOUND('',#3276,.T.);
#3515=FACE_BOUND('',#3277,.T.);
#3516=FACE_BOUND('',#3278,.T.);
#3517=FACE_BOUND('',#3279,.T.);
#3518=FACE_BOUND('',#3280,.T.);
#3519=FACE_BOUND('',#3281,.T.);
#3520=FACE_BOUND('',#3282,.T.);
#3521=FACE_BOUND('',#3283,.T.);
#3522=FACE_BOUND('',#3284,.T.);
#3523=FACE_BOUND('',#3285,.T.);
#3524=FACE_BOUND('',#3286,.T.);
#3525=FACE_BOUND('',#3287,.T.);
#3526=CYLINDRICAL_SURFACE('',#3823,0.116660666863284);
#3527=CYLINDRICAL_SURFACE('',#3827,1.24999999999995);
#3528=CYLINDRICAL_SURFACE('',#3831,0.116660666863284);
#3529=CYLINDRICAL_SURFACE('',#3835,1.24999999999994);
#3530=CYLINDRICAL_SURFACE('',#3839,0.116660666863284);
#3531=CYLINDRICAL_SURFACE('',#3843,1.24999999999992);
#3532=CYLINDRICAL_SURFACE('',#3847,0.116660666863284);
#3533=CYLINDRICAL_SURFACE('',#3851,1.24999999999994);
#3534=CYLINDRICAL_SURFACE('',#3855,0.116660666863284);
#3535=CYLINDRICAL_SURFACE('',#3859,1.24999999999994);
#3536=CYLINDRICAL_SURFACE('',#3863,0.116660666863284);
#3537=CYLINDRICAL_SURFACE('',#3867,1.24999999999993);
#3538=CYLINDRICAL_SURFACE('',#3871,0.116660666863284);
#3539=CYLINDRICAL_SURFACE('',#3875,1.24999999999995);
#3540=CYLINDRICAL_SURFACE('',#3879,0.116660666863284);
#3541=CYLINDRICAL_SURFACE('',#3883,1.24999999999994);
#3542=CYLINDRICAL_SURFACE('',#3887,0.116660666863284);
#3543=CYLINDRICAL_SURFACE('',#3891,1.24999999999989);
#3544=CYLINDRICAL_SURFACE('',#3895,0.116660666863284);
#3545=CYLINDRICAL_SURFACE('',#3899,1.24999999999995);
#3546=CYLINDRICAL_SURFACE('',#3903,0.116660666863284);
#3547=CYLINDRICAL_SURFACE('',#3907,1.24999999999994);
#3548=CYLINDRICAL_SURFACE('',#3911,0.116660666863284);
#3549=CYLINDRICAL_SURFACE('',#3915,1.24999999999993);
#3550=CYLINDRICAL_SURFACE('',#4017,0.1);
#3551=CYLINDRICAL_SURFACE('',#4020,0.1);
#3552=CYLINDRICAL_SURFACE('',#4023,0.1);
#3553=CYLINDRICAL_SURFACE('',#4026,0.1);
#3554=CYLINDRICAL_SURFACE('',#4029,0.1);
#3555=CYLINDRICAL_SURFACE('',#4032,0.1);
#3556=CYLINDRICAL_SURFACE('',#4035,0.1);
#3557=CYLINDRICAL_SURFACE('',#4038,0.1);
#3558=CYLINDRICAL_SURFACE('',#4041,0.1);
#3559=CYLINDRICAL_SURFACE('',#4044,0.1);
#3560=CYLINDRICAL_SURFACE('',#4047,0.1);
#3561=CYLINDRICAL_SURFACE('',#4050,0.1);
#3562=CYLINDRICAL_SURFACE('',#4053,0.1);
#3563=CYLINDRICAL_SURFACE('',#4056,0.1);
#3564=CYLINDRICAL_SURFACE('',#4059,0.1);
#3565=CYLINDRICAL_SURFACE('',#4062,0.1);
#3566=CYLINDRICAL_SURFACE('',#4065,0.1);
#3567=CYLINDRICAL_SURFACE('',#4068,0.1);
#3568=CYLINDRICAL_SURFACE('',#4071,0.1);
#3569=CYLINDRICAL_SURFACE('',#4074,0.1);
#3570=CYLINDRICAL_SURFACE('',#4077,0.1);
#3571=CYLINDRICAL_SURFACE('',#4080,0.1);
#3572=CYLINDRICAL_SURFACE('',#4083,0.1);
#3573=CYLINDRICAL_SURFACE('',#4086,0.1);
#3574=ADVANCED_FACE('',(#3288),#3526,.F.);
#3575=ADVANCED_FACE('',(#3289),#108,.T.);
#3576=ADVANCED_FACE('',(#3290),#3527,.T.);
#3577=ADVANCED_FACE('',(#3291),#109,.F.);
#3578=ADVANCED_FACE('',(#3292),#3528,.F.);
#3579=ADVANCED_FACE('',(#3293),#110,.T.);
#3580=ADVANCED_FACE('',(#3294),#3529,.T.);
#3581=ADVANCED_FACE('',(#3295),#111,.F.);
#3582=ADVANCED_FACE('',(#3296),#3530,.F.);
#3583=ADVANCED_FACE('',(#3297),#112,.T.);
#3584=ADVANCED_FACE('',(#3298),#3531,.T.);
#3585=ADVANCED_FACE('',(#3299),#113,.F.);
#3586=ADVANCED_FACE('',(#3300),#3532,.F.);
#3587=ADVANCED_FACE('',(#3301),#114,.T.);
#3588=ADVANCED_FACE('',(#3302),#3533,.T.);
#3589=ADVANCED_FACE('',(#3303),#115,.F.);
#3590=ADVANCED_FACE('',(#3304),#3534,.F.);
#3591=ADVANCED_FACE('',(#3305),#116,.T.);
#3592=ADVANCED_FACE('',(#3306),#3535,.T.);
#3593=ADVANCED_FACE('',(#3307),#117,.F.);
#3594=ADVANCED_FACE('',(#3308),#3536,.F.);
#3595=ADVANCED_FACE('',(#3309),#118,.T.);
#3596=ADVANCED_FACE('',(#3310),#3537,.T.);
#3597=ADVANCED_FACE('',(#3311),#119,.F.);
#3598=ADVANCED_FACE('',(#3312),#3538,.F.);
#3599=ADVANCED_FACE('',(#3313),#120,.T.);
#3600=ADVANCED_FACE('',(#3314),#3539,.T.);
#3601=ADVANCED_FACE('',(#3315),#121,.F.);
#3602=ADVANCED_FACE('',(#3316),#3540,.F.);
#3603=ADVANCED_FACE('',(#3317),#122,.T.);
#3604=ADVANCED_FACE('',(#3318),#3541,.T.);
#3605=ADVANCED_FACE('',(#3319),#123,.F.);
#3606=ADVANCED_FACE('',(#3320),#3542,.F.);
#3607=ADVANCED_FACE('',(#3321),#124,.T.);
#3608=ADVANCED_FACE('',(#3322),#3543,.T.);
#3609=ADVANCED_FACE('',(#3323),#125,.F.);
#3610=ADVANCED_FACE('',(#3324),#3544,.F.);
#3611=ADVANCED_FACE('',(#3325),#126,.T.);
#3612=ADVANCED_FACE('',(#3326),#3545,.T.);
#3613=ADVANCED_FACE('',(#3327),#127,.F.);
#3614=ADVANCED_FACE('',(#3328),#3546,.F.);
#3615=ADVANCED_FACE('',(#3329),#128,.T.);
#3616=ADVANCED_FACE('',(#3330),#3547,.T.);
#3617=ADVANCED_FACE('',(#3331),#129,.F.);
#3618=ADVANCED_FACE('',(#3332),#3548,.F.);
#3619=ADVANCED_FACE('',(#3333),#130,.T.);
#3620=ADVANCED_FACE('',(#3334),#3549,.T.);
#3621=ADVANCED_FACE('',(#3335),#131,.F.);
#3622=ADVANCED_FACE('',(#3336,#3337),#132,.T.);
#3623=ADVANCED_FACE('',(#3338,#3339),#133,.F.);
#3624=ADVANCED_FACE('',(#3340),#3550,.T.);
#3625=ADVANCED_FACE('',(#3341),#3551,.T.);
#3626=ADVANCED_FACE('',(#3342),#3552,.T.);
#3627=ADVANCED_FACE('',(#3343),#3553,.T.);
#3628=ADVANCED_FACE('',(#3344),#3554,.T.);
#3629=ADVANCED_FACE('',(#3345),#3555,.T.);
#3630=ADVANCED_FACE('',(#3346),#3556,.T.);
#3631=ADVANCED_FACE('',(#3347),#3557,.T.);
#3632=ADVANCED_FACE('',(#3348),#3558,.T.);
#3633=ADVANCED_FACE('',(#3349),#3559,.T.);
#3634=ADVANCED_FACE('',(#3350),#3560,.T.);
#3635=ADVANCED_FACE('',(#3351),#3561,.T.);
#3636=ADVANCED_FACE('',(#3352),#3562,.T.);
#3637=ADVANCED_FACE('',(#3353),#3563,.T.);
#3638=ADVANCED_FACE('',(#3354),#3564,.T.);
#3639=ADVANCED_FACE('',(#3355),#3565,.T.);
#3640=ADVANCED_FACE('',(#3356),#3566,.T.);
#3641=ADVANCED_FACE('',(#3357),#3567,.T.);
#3642=ADVANCED_FACE('',(#3358),#3568,.T.);
#3643=ADVANCED_FACE('',(#3359),#3569,.T.);
#3644=ADVANCED_FACE('',(#3360),#3570,.T.);
#3645=ADVANCED_FACE('',(#3361),#3571,.T.);
#3646=ADVANCED_FACE('',(#3362),#3572,.T.);
#3647=ADVANCED_FACE('',(#3363),#3573,.T.);
#3648=ADVANCED_FACE('',(#3364),#134,.F.);
#3649=ADVANCED_FACE('',(#3365),#135,.F.);
#3650=ADVANCED_FACE('',(#3366),#136,.F.);
#3651=ADVANCED_FACE('',(#3367),#137,.F.);
#3652=ADVANCED_FACE('',(#3368),#138,.F.);
#3653=ADVANCED_FACE('',(#3369),#139,.F.);
#3654=ADVANCED_FACE('',(#3370),#140,.T.);
#3655=ADVANCED_FACE('',(#3371),#141,.T.);
#3656=ADVANCED_FACE('',(#3372),#142,.T.);
#3657=ADVANCED_FACE('',(#3373),#143,.T.);
#3658=ADVANCED_FACE('',(#3374),#144,.T.);
#3659=ADVANCED_FACE('',(#3375),#145,.T.);
#3660=ADVANCED_FACE('',(#3376),#146,.F.);
#3661=ADVANCED_FACE('',(#3377),#147,.F.);
#3662=ADVANCED_FACE('',(#3378),#148,.F.);
#3663=ADVANCED_FACE('',(#3379),#149,.F.);
#3664=ADVANCED_FACE('',(#3380),#150,.F.);
#3665=ADVANCED_FACE('',(#3381),#151,.F.);
#3666=ADVANCED_FACE('',(#3382),#12,.T.);
#3667=ADVANCED_FACE('',(#3383),#13,.T.);
#3668=ADVANCED_FACE('',(#3384),#14,.T.);
#3669=ADVANCED_FACE('',(#3385),#152,.T.);
#3670=ADVANCED_FACE('',(#3386),#153,.F.);
#3671=ADVANCED_FACE('',(#3387),#15,.F.);
#3672=ADVANCED_FACE('',(#3388),#16,.F.);
#3673=ADVANCED_FACE('',(#3389),#154,.F.);
#3674=ADVANCED_FACE('',(#3390),#155,.T.);
#3675=ADVANCED_FACE('',(#3391),#17,.T.);
#3676=ADVANCED_FACE('',(#3392),#18,.T.);
#3677=ADVANCED_FACE('',(#3393),#19,.T.);
#3678=ADVANCED_FACE('',(#3394),#20,.T.);
#3679=ADVANCED_FACE('',(#3395),#21,.T.);
#3680=ADVANCED_FACE('',(#3396),#22,.T.);
#3681=ADVANCED_FACE('',(#3397),#156,.T.);
#3682=ADVANCED_FACE('',(#3398),#157,.F.);
#3683=ADVANCED_FACE('',(#3399),#23,.F.);
#3684=ADVANCED_FACE('',(#3400),#24,.F.);
#3685=ADVANCED_FACE('',(#3401),#158,.F.);
#3686=ADVANCED_FACE('',(#3402),#159,.T.);
#3687=ADVANCED_FACE('',(#3403),#25,.T.);
#3688=ADVANCED_FACE('',(#3404),#26,.T.);
#3689=ADVANCED_FACE('',(#3405),#27,.T.);
#3690=ADVANCED_FACE('',(#3406),#28,.T.);
#3691=ADVANCED_FACE('',(#3407),#29,.T.);
#3692=ADVANCED_FACE('',(#3408),#30,.T.);
#3693=ADVANCED_FACE('',(#3409),#160,.T.);
#3694=ADVANCED_FACE('',(#3410),#161,.F.);
#3695=ADVANCED_FACE('',(#3411),#31,.F.);
#3696=ADVANCED_FACE('',(#3412),#32,.F.);
#3697=ADVANCED_FACE('',(#3413),#162,.F.);
#3698=ADVANCED_FACE('',(#3414),#163,.T.);
#3699=ADVANCED_FACE('',(#3415),#33,.T.);
#3700=ADVANCED_FACE('',(#3416),#34,.T.);
#3701=ADVANCED_FACE('',(#3417),#35,.T.);
#3702=ADVANCED_FACE('',(#3418),#36,.T.);
#3703=ADVANCED_FACE('',(#3419),#37,.T.);
#3704=ADVANCED_FACE('',(#3420),#38,.T.);
#3705=ADVANCED_FACE('',(#3421),#164,.T.);
#3706=ADVANCED_FACE('',(#3422),#165,.F.);
#3707=ADVANCED_FACE('',(#3423),#39,.F.);
#3708=ADVANCED_FACE('',(#3424),#40,.F.);
#3709=ADVANCED_FACE('',(#3425),#166,.F.);
#3710=ADVANCED_FACE('',(#3426),#167,.T.);
#3711=ADVANCED_FACE('',(#3427),#41,.T.);
#3712=ADVANCED_FACE('',(#3428),#42,.T.);
#3713=ADVANCED_FACE('',(#3429),#43,.T.);
#3714=ADVANCED_FACE('',(#3430),#44,.T.);
#3715=ADVANCED_FACE('',(#3431),#45,.T.);
#3716=ADVANCED_FACE('',(#3432),#46,.T.);
#3717=ADVANCED_FACE('',(#3433),#168,.T.);
#3718=ADVANCED_FACE('',(#3434),#169,.F.);
#3719=ADVANCED_FACE('',(#3435),#47,.F.);
#3720=ADVANCED_FACE('',(#3436),#48,.F.);
#3721=ADVANCED_FACE('',(#3437),#170,.F.);
#3722=ADVANCED_FACE('',(#3438),#171,.T.);
#3723=ADVANCED_FACE('',(#3439),#49,.T.);
#3724=ADVANCED_FACE('',(#3440),#50,.T.);
#3725=ADVANCED_FACE('',(#3441),#51,.T.);
#3726=ADVANCED_FACE('',(#3442),#52,.T.);
#3727=ADVANCED_FACE('',(#3443),#53,.T.);
#3728=ADVANCED_FACE('',(#3444),#54,.T.);
#3729=ADVANCED_FACE('',(#3445),#172,.T.);
#3730=ADVANCED_FACE('',(#3446),#173,.F.);
#3731=ADVANCED_FACE('',(#3447),#55,.F.);
#3732=ADVANCED_FACE('',(#3448),#56,.F.);
#3733=ADVANCED_FACE('',(#3449),#174,.F.);
#3734=ADVANCED_FACE('',(#3450),#175,.T.);
#3735=ADVANCED_FACE('',(#3451),#57,.T.);
#3736=ADVANCED_FACE('',(#3452),#58,.T.);
#3737=ADVANCED_FACE('',(#3453),#59,.T.);
#3738=ADVANCED_FACE('',(#3454),#60,.T.);
#3739=ADVANCED_FACE('',(#3455),#61,.T.);
#3740=ADVANCED_FACE('',(#3456),#62,.T.);
#3741=ADVANCED_FACE('',(#3457),#176,.F.);
#3742=ADVANCED_FACE('',(#3458),#177,.T.);
#3743=ADVANCED_FACE('',(#3459),#63,.F.);
#3744=ADVANCED_FACE('',(#3460),#64,.F.);
#3745=ADVANCED_FACE('',(#3461),#178,.T.);
#3746=ADVANCED_FACE('',(#3462),#179,.F.);
#3747=ADVANCED_FACE('',(#3463),#65,.T.);
#3748=ADVANCED_FACE('',(#3464),#66,.T.);
#3749=ADVANCED_FACE('',(#3465),#67,.T.);
#3750=ADVANCED_FACE('',(#3466),#68,.T.);
#3751=ADVANCED_FACE('',(#3467),#69,.T.);
#3752=ADVANCED_FACE('',(#3468),#70,.T.);
#3753=ADVANCED_FACE('',(#3469),#180,.F.);
#3754=ADVANCED_FACE('',(#3470),#181,.T.);
#3755=ADVANCED_FACE('',(#3471),#71,.F.);
#3756=ADVANCED_FACE('',(#3472),#72,.F.);
#3757=ADVANCED_FACE('',(#3473),#182,.T.);
#3758=ADVANCED_FACE('',(#3474),#183,.F.);
#3759=ADVANCED_FACE('',(#3475),#73,.T.);
#3760=ADVANCED_FACE('',(#3476),#74,.T.);
#3761=ADVANCED_FACE('',(#3477),#75,.T.);
#3762=ADVANCED_FACE('',(#3478),#76,.T.);
#3763=ADVANCED_FACE('',(#3479),#77,.T.);
#3764=ADVANCED_FACE('',(#3480),#78,.T.);
#3765=ADVANCED_FACE('',(#3481),#184,.F.);
#3766=ADVANCED_FACE('',(#3482),#185,.T.);
#3767=ADVANCED_FACE('',(#3483),#79,.F.);
#3768=ADVANCED_FACE('',(#3484),#80,.F.);
#3769=ADVANCED_FACE('',(#3485),#186,.T.);
#3770=ADVANCED_FACE('',(#3486),#187,.F.);
#3771=ADVANCED_FACE('',(#3487),#81,.T.);
#3772=ADVANCED_FACE('',(#3488),#82,.T.);
#3773=ADVANCED_FACE('',(#3489),#83,.T.);
#3774=ADVANCED_FACE('',(#3490),#84,.T.);
#3775=ADVANCED_FACE('',(#3491),#85,.T.);
#3776=ADVANCED_FACE('',(#3492),#86,.T.);
#3777=ADVANCED_FACE('',(#3493),#188,.F.);
#3778=ADVANCED_FACE('',(#3494),#189,.T.);
#3779=ADVANCED_FACE('',(#3495),#87,.F.);
#3780=ADVANCED_FACE('',(#3496),#88,.F.);
#3781=ADVANCED_FACE('',(#3497),#190,.T.);
#3782=ADVANCED_FACE('',(#3498),#191,.F.);
#3783=ADVANCED_FACE('',(#3499),#89,.T.);
#3784=ADVANCED_FACE('',(#3500),#90,.T.);
#3785=ADVANCED_FACE('',(#3501),#91,.T.);
#3786=ADVANCED_FACE('',(#3502),#92,.T.);
#3787=ADVANCED_FACE('',(#3503),#93,.T.);
#3788=ADVANCED_FACE('',(#3504),#94,.T.);
#3789=ADVANCED_FACE('',(#3505),#192,.F.);
#3790=ADVANCED_FACE('',(#3506),#193,.T.);
#3791=ADVANCED_FACE('',(#3507),#95,.F.);
#3792=ADVANCED_FACE('',(#3508),#96,.F.);
#3793=ADVANCED_FACE('',(#3509),#194,.T.);
#3794=ADVANCED_FACE('',(#3510),#195,.F.);
#3795=ADVANCED_FACE('',(#3511),#97,.T.);
#3796=ADVANCED_FACE('',(#3512),#98,.T.);
#3797=ADVANCED_FACE('',(#3513),#99,.T.);
#3798=ADVANCED_FACE('',(#3514),#100,.T.);
#3799=ADVANCED_FACE('',(#3515),#101,.T.);
#3800=ADVANCED_FACE('',(#3516),#102,.T.);
#3801=ADVANCED_FACE('',(#3517),#196,.F.);
#3802=ADVANCED_FACE('',(#3518),#197,.T.);
#3803=ADVANCED_FACE('',(#3519),#103,.F.);
#3804=ADVANCED_FACE('',(#3520),#104,.F.);
#3805=ADVANCED_FACE('',(#3521),#198,.T.);
#3806=ADVANCED_FACE('',(#3522),#199,.F.);
#3807=ADVANCED_FACE('',(#3523),#105,.T.);
#3808=ADVANCED_FACE('',(#3524),#106,.T.);
#3809=ADVANCED_FACE('',(#3525),#107,.T.);
#3810=CLOSED_SHELL('',(#3574,#3575,#3576,#3577,#3578,#3579,#3580,#3581,
#3582,#3583,#3584,#3585,#3586,#3587,#3588,#3589,#3590,#3591,#3592,#3593,
#3594,#3595,#3596,#3597,#3598,#3599,#3600,#3601,#3602,#3603,#3604,#3605,
#3606,#3607,#3608,#3609,#3610,#3611,#3612,#3613,#3614,#3615,#3616,#3617,
#3618,#3619,#3620,#3621,#3622,#3623,#3624,#3625,#3626,#3627,#3628,#3629,
#3630,#3631,#3632,#3633,#3634,#3635,#3636,#3637,#3638,#3639,#3640,#3641,
#3642,#3643,#3644,#3645,#3646,#3647,#3648,#3649,#3650,#3651,#3652,#3653,
#3654,#3655,#3656,#3657,#3658,#3659,#3660,#3661,#3662,#3663,#3664,#3665,
#3666,#3667,#3668,#3669,#3670,#3671,#3672,#3673,#3674,#3675,#3676,#3677,
#3678,#3679,#3680,#3681,#3682,#3683,#3684,#3685,#3686,#3687,#3688,#3689,
#3690,#3691,#3692,#3693,#3694,#3695,#3696,#3697,#3698,#3699,#3700,#3701,
#3702,#3703,#3704,#3705,#3706,#3707,#3708,#3709,#3710,#3711,#3712,#3713,
#3714,#3715,#3716,#3717,#3718,#3719,#3720,#3721,#3722,#3723,#3724,#3725,
#3726,#3727,#3728,#3729,#3730,#3731,#3732,#3733,#3734,#3735,#3736,#3737,
#3738,#3739,#3740,#3741,#3742,#3743,#3744,#3745,#3746,#3747,#3748,#3749,
#3750,#3751,#3752,#3753,#3754,#3755,#3756,#3757,#3758,#3759,#3760,#3761,
#3762,#3763,#3764,#3765,#3766,#3767,#3768,#3769,#3770,#3771,#3772,#3773,
#3774,#3775,#3776,#3777,#3778,#3779,#3780,#3781,#3782,#3783,#3784,#3785,
#3786,#3787,#3788,#3789,#3790,#3791,#3792,#3793,#3794,#3795,#3796,#3797,
#3798,#3799,#3800,#3801,#3802,#3803,#3804,#3805,#3806,#3807,#3808,#3809));
#3811=STYLED_ITEM('',(#3812),#3819);
#3812=PRESENTATION_STYLE_ASSIGNMENT((#3813));
#3813=SURFACE_STYLE_USAGE(.BOTH.,#3814);
#3814=SURFACE_SIDE_STYLE('',(#3815));
#3815=SURFACE_STYLE_FILL_AREA(#3816);
#3816=FILL_AREA_STYLE('',(#3817));
#3817=FILL_AREA_STYLE_COLOUR('',#3818);
#3818=COLOUR_RGB('',0.196078431372549,0.196078431372549,0.196078431372549);
#3819=MANIFOLD_SOLID_BREP('NICE-04-03-001',#3810);
#3820=SHAPE_DEFINITION_REPRESENTATION(#6564,#3821);
#3821=SHAPE_REPRESENTATION('NICE-04-03-001',(#3822),#6559);
#3822=AXIS2_PLACEMENT_3D('',#5463,#4251,#4252);
#3823=AXIS2_PLACEMENT_3D('',#5464,#4253,#4254);
#3824=AXIS2_PLACEMENT_3D('',#5468,#4256,#4257);
#3825=AXIS2_PLACEMENT_3D('',#5472,#4259,#4260);
#3826=AXIS2_PLACEMENT_3D('',#5473,#4261,#4262);
#3827=AXIS2_PLACEMENT_3D('',#5479,#4266,#4267);
#3828=AXIS2_PLACEMENT_3D('',#5483,#4269,#4270);
#3829=AXIS2_PLACEMENT_3D('',#5487,#4272,#4273);
#3830=AXIS2_PLACEMENT_3D('',#5488,#4274,#4275);
#3831=AXIS2_PLACEMENT_3D('',#5497,#4280,#4281);
#3832=AXIS2_PLACEMENT_3D('',#5501,#4283,#4284);
#3833=AXIS2_PLACEMENT_3D('',#5502,#4285,#4286);
#3834=AXIS2_PLACEMENT_3D('',#5503,#4287,#4288);
#3835=AXIS2_PLACEMENT_3D('',#5509,#4292,#4293);
#3836=AXIS2_PLACEMENT_3D('',#5513,#4295,#4296);
#3837=AXIS2_PLACEMENT_3D('',#5517,#4298,#4299);
#3838=AXIS2_PLACEMENT_3D('',#5518,#4300,#4301);
#3839=AXIS2_PLACEMENT_3D('',#5527,#4306,#4307);
#3840=AXIS2_PLACEMENT_3D('',#5531,#4309,#4310);
#3841=AXIS2_PLACEMENT_3D('',#5532,#4311,#4312);
#3842=AXIS2_PLACEMENT_3D('',#5533,#4313,#4314);
#3843=AXIS2_PLACEMENT_3D('',#5539,#4318,#4319);
#3844=AXIS2_PLACEMENT_3D('',#5543,#4321,#4322);
#3845=AXIS2_PLACEMENT_3D('',#5547,#4324,#4325);
#3846=AXIS2_PLACEMENT_3D('',#5548,#4326,#4327);
#3847=AXIS2_PLACEMENT_3D('',#5557,#4332,#4333);
#3848=AXIS2_PLACEMENT_3D('',#5561,#4335,#4336);
#3849=AXIS2_PLACEMENT_3D('',#5562,#4337,#4338);
#3850=AXIS2_PLACEMENT_3D('',#5563,#4339,#4340);
#3851=AXIS2_PLACEMENT_3D('',#5569,#4344,#4345);
#3852=AXIS2_PLACEMENT_3D('',#5573,#4347,#4348);
#3853=AXIS2_PLACEMENT_3D('',#5577,#4350,#4351);
#3854=AXIS2_PLACEMENT_3D('',#5578,#4352,#4353);
#3855=AXIS2_PLACEMENT_3D('',#5587,#4358,#4359);
#3856=AXIS2_PLACEMENT_3D('',#5591,#4361,#4362);
#3857=AXIS2_PLACEMENT_3D('',#5592,#4363,#4364);
#3858=AXIS2_PLACEMENT_3D('',#5593,#4365,#4366);
#3859=AXIS2_PLACEMENT_3D('',#5599,#4370,#4371);
#3860=AXIS2_PLACEMENT_3D('',#5603,#4373,#4374);
#3861=AXIS2_PLACEMENT_3D('',#5607,#4376,#4377);
#3862=AXIS2_PLACEMENT_3D('',#5608,#4378,#4379);
#3863=AXIS2_PLACEMENT_3D('',#5617,#4384,#4385);
#3864=AXIS2_PLACEMENT_3D('',#5621,#4387,#4388);
#3865=AXIS2_PLACEMENT_3D('',#5622,#4389,#4390);
#3866=AXIS2_PLACEMENT_3D('',#5623,#4391,#4392);
#3867=AXIS2_PLACEMENT_3D('',#5629,#4396,#4397);
#3868=AXIS2_PLACEMENT_3D('',#5633,#4399,#4400);
#3869=AXIS2_PLACEMENT_3D('',#5637,#4402,#4403);
#3870=AXIS2_PLACEMENT_3D('',#5638,#4404,#4405);
#3871=AXIS2_PLACEMENT_3D('',#5647,#4410,#4411);
#3872=AXIS2_PLACEMENT_3D('',#5651,#4413,#4414);
#3873=AXIS2_PLACEMENT_3D('',#5652,#4415,#4416);
#3874=AXIS2_PLACEMENT_3D('',#5653,#4417,#4418);
#3875=AXIS2_PLACEMENT_3D('',#5659,#4422,#4423);
#3876=AXIS2_PLACEMENT_3D('',#5663,#4425,#4426);
#3877=AXIS2_PLACEMENT_3D('',#5667,#4428,#4429);
#3878=AXIS2_PLACEMENT_3D('',#5668,#4430,#4431);
#3879=AXIS2_PLACEMENT_3D('',#5677,#4436,#4437);
#3880=AXIS2_PLACEMENT_3D('',#5681,#4439,#4440);
#3881=AXIS2_PLACEMENT_3D('',#5682,#4441,#4442);
#3882=AXIS2_PLACEMENT_3D('',#5683,#4443,#4444);
#3883=AXIS2_PLACEMENT_3D('',#5689,#4448,#4449);
#3884=AXIS2_PLACEMENT_3D('',#5693,#4451,#4452);
#3885=AXIS2_PLACEMENT_3D('',#5697,#4454,#4455);
#3886=AXIS2_PLACEMENT_3D('',#5698,#4456,#4457);
#3887=AXIS2_PLACEMENT_3D('',#5707,#4462,#4463);
#3888=AXIS2_PLACEMENT_3D('',#5711,#4465,#4466);
#3889=AXIS2_PLACEMENT_3D('',#5712,#4467,#4468);
#3890=AXIS2_PLACEMENT_3D('',#5713,#4469,#4470);
#3891=AXIS2_PLACEMENT_3D('',#5719,#4474,#4475);
#3892=AXIS2_PLACEMENT_3D('',#5723,#4477,#4478);
#3893=AXIS2_PLACEMENT_3D('',#5727,#4480,#4481);
#3894=AXIS2_PLACEMENT_3D('',#5728,#4482,#4483);
#3895=AXIS2_PLACEMENT_3D('',#5737,#4488,#4489);
#3896=AXIS2_PLACEMENT_3D('',#5741,#4491,#4492);
#3897=AXIS2_PLACEMENT_3D('',#5742,#4493,#4494);
#3898=AXIS2_PLACEMENT_3D('',#5743,#4495,#4496);
#3899=AXIS2_PLACEMENT_3D('',#5749,#4500,#4501);
#3900=AXIS2_PLACEMENT_3D('',#5753,#4503,#4504);
#3901=AXIS2_PLACEMENT_3D('',#5757,#4506,#4507);
#3902=AXIS2_PLACEMENT_3D('',#5758,#4508,#4509);
#3903=AXIS2_PLACEMENT_3D('',#5767,#4514,#4515);
#3904=AXIS2_PLACEMENT_3D('',#5771,#4517,#4518);
#3905=AXIS2_PLACEMENT_3D('',#5772,#4519,#4520);
#3906=AXIS2_PLACEMENT_3D('',#5773,#4521,#4522);
#3907=AXIS2_PLACEMENT_3D('',#5779,#4526,#4527);
#3908=AXIS2_PLACEMENT_3D('',#5783,#4529,#4530);
#3909=AXIS2_PLACEMENT_3D('',#5787,#4532,#4533);
#3910=AXIS2_PLACEMENT_3D('',#5788,#4534,#4535);
#3911=AXIS2_PLACEMENT_3D('',#5797,#4540,#4541);
#3912=AXIS2_PLACEMENT_3D('',#5801,#4543,#4544);
#3913=AXIS2_PLACEMENT_3D('',#5802,#4545,#4546);
#3914=AXIS2_PLACEMENT_3D('',#5803,#4547,#4548);
#3915=AXIS2_PLACEMENT_3D('',#5809,#4552,#4553);
#3916=AXIS2_PLACEMENT_3D('',#5813,#4555,#4556);
#3917=AXIS2_PLACEMENT_3D('',#5817,#4558,#4559);
#3918=AXIS2_PLACEMENT_3D('',#5818,#4560,#4561);
#3919=AXIS2_PLACEMENT_3D('',#5824,#4565,#4566);
#3920=AXIS2_PLACEMENT_3D('',#5837,#4573,#4574);
#3921=AXIS2_PLACEMENT_3D('',#5840,#4575,#4576);
#3922=AXIS2_PLACEMENT_3D('',#5842,#4577,#4578);
#3923=AXIS2_PLACEMENT_3D('',#5846,#4580,#4581);
#3924=AXIS2_PLACEMENT_3D('',#5850,#4583,#4584);
#3925=AXIS2_PLACEMENT_3D('',#5852,#4585,#4586);
#3926=AXIS2_PLACEMENT_3D('',#5854,#4587,#4588);
#3927=AXIS2_PLACEMENT_3D('',#5858,#4590,#4591);
#3928=AXIS2_PLACEMENT_3D('',#5862,#4593,#4594);
#3929=AXIS2_PLACEMENT_3D('',#5864,#4595,#4596);
#3930=AXIS2_PLACEMENT_3D('',#5866,#4597,#4598);
#3931=AXIS2_PLACEMENT_3D('',#5870,#4600,#4601);
#3932=AXIS2_PLACEMENT_3D('',#5874,#4603,#4604);
#3933=AXIS2_PLACEMENT_3D('',#5876,#4605,#4606);
#3934=AXIS2_PLACEMENT_3D('',#5878,#4607,#4608);
#3935=AXIS2_PLACEMENT_3D('',#5882,#4610,#4611);
#3936=AXIS2_PLACEMENT_3D('',#5886,#4613,#4614);
#3937=AXIS2_PLACEMENT_3D('',#5888,#4615,#4616);
#3938=AXIS2_PLACEMENT_3D('',#5890,#4617,#4618);
#3939=AXIS2_PLACEMENT_3D('',#5894,#4620,#4621);
#3940=AXIS2_PLACEMENT_3D('',#5898,#4623,#4624);
#3941=AXIS2_PLACEMENT_3D('',#5900,#4625,#4626);
#3942=AXIS2_PLACEMENT_3D('',#5902,#4627,#4628);
#3943=AXIS2_PLACEMENT_3D('',#5906,#4630,#4631);
#3944=AXIS2_PLACEMENT_3D('',#5910,#4633,#4634);
#3945=AXIS2_PLACEMENT_3D('',#5912,#4635,#4636);
#3946=AXIS2_PLACEMENT_3D('',#5914,#4637,#4638);
#3947=AXIS2_PLACEMENT_3D('',#5918,#4640,#4641);
#3948=AXIS2_PLACEMENT_3D('',#5922,#4643,#4644);
#3949=AXIS2_PLACEMENT_3D('',#5924,#4645,#4646);
#3950=AXIS2_PLACEMENT_3D('',#5926,#4647,#4648);
#3951=AXIS2_PLACEMENT_3D('',#5930,#4650,#4651);
#3952=AXIS2_PLACEMENT_3D('',#5934,#4653,#4654);
#3953=AXIS2_PLACEMENT_3D('',#5936,#4655,#4656);
#3954=AXIS2_PLACEMENT_3D('',#5938,#4657,#4658);
#3955=AXIS2_PLACEMENT_3D('',#5942,#4660,#4661);
#3956=AXIS2_PLACEMENT_3D('',#5946,#4663,#4664);
#3957=AXIS2_PLACEMENT_3D('',#5948,#4665,#4666);
#3958=AXIS2_PLACEMENT_3D('',#5950,#4667,#4668);
#3959=AXIS2_PLACEMENT_3D('',#5954,#4670,#4671);
#3960=AXIS2_PLACEMENT_3D('',#5958,#4673,#4674);
#3961=AXIS2_PLACEMENT_3D('',#5960,#4675,#4676);
#3962=AXIS2_PLACEMENT_3D('',#5962,#4677,#4678);
#3963=AXIS2_PLACEMENT_3D('',#5966,#4680,#4681);
#3964=AXIS2_PLACEMENT_3D('',#5970,#4683,#4684);
#3965=AXIS2_PLACEMENT_3D('',#5972,#4685,#4686);
#3966=AXIS2_PLACEMENT_3D('',#5974,#4687,#4688);
#3967=AXIS2_PLACEMENT_3D('',#5978,#4690,#4691);
#3968=AXIS2_PLACEMENT_3D('',#5981,#4693,#4694);
#3969=AXIS2_PLACEMENT_3D('',#5994,#4701,#4702);
#3970=AXIS2_PLACEMENT_3D('',#5997,#4703,#4704);
#3971=AXIS2_PLACEMENT_3D('',#5999,#4705,#4706);
#3972=AXIS2_PLACEMENT_3D('',#6003,#4708,#4709);
#3973=AXIS2_PLACEMENT_3D('',#6007,#4711,#4712);
#3974=AXIS2_PLACEMENT_3D('',#6009,#4713,#4714);
#3975=AXIS2_PLACEMENT_3D('',#6011,#4715,#4716);
#3976=AXIS2_PLACEMENT_3D('',#6015,#4718,#4719);
#3977=AXIS2_PLACEMENT_3D('',#6019,#4721,#4722);
#3978=AXIS2_PLACEMENT_3D('',#6021,#4723,#4724);
#3979=AXIS2_PLACEMENT_3D('',#6023,#4725,#4726);
#3980=AXIS2_PLACEMENT_3D('',#6027,#4728,#4729);
#3981=AXIS2_PLACEMENT_3D('',#6031,#4731,#4732);
#3982=AXIS2_PLACEMENT_3D('',#6033,#4733,#4734);
#3983=AXIS2_PLACEMENT_3D('',#6035,#4735,#4736);
#3984=AXIS2_PLACEMENT_3D('',#6039,#4738,#4739);
#3985=AXIS2_PLACEMENT_3D('',#6043,#4741,#4742);
#3986=AXIS2_PLACEMENT_3D('',#6045,#4743,#4744);
#3987=AXIS2_PLACEMENT_3D('',#6047,#4745,#4746);
#3988=AXIS2_PLACEMENT_3D('',#6051,#4748,#4749);
#3989=AXIS2_PLACEMENT_3D('',#6055,#4751,#4752);
#3990=AXIS2_PLACEMENT_3D('',#6057,#4753,#4754);
#3991=AXIS2_PLACEMENT_3D('',#6059,#4755,#4756);
#3992=AXIS2_PLACEMENT_3D('',#6063,#4758,#4759);
#3993=AXIS2_PLACEMENT_3D('',#6067,#4761,#4762);
#3994=AXIS2_PLACEMENT_3D('',#6069,#4763,#4764);
#3995=AXIS2_PLACEMENT_3D('',#6071,#4765,#4766);
#3996=AXIS2_PLACEMENT_3D('',#6075,#4768,#4769);
#3997=AXIS2_PLACEMENT_3D('',#6079,#4771,#4772);
#3998=AXIS2_PLACEMENT_3D('',#6081,#4773,#4774);
#3999=AXIS2_PLACEMENT_3D('',#6083,#4775,#4776);
#4000=AXIS2_PLACEMENT_3D('',#6087,#4778,#4779);
#4001=AXIS2_PLACEMENT_3D('',#6091,#4781,#4782);
#4002=AXIS2_PLACEMENT_3D('',#6093,#4783,#4784);
#4003=AXIS2_PLACEMENT_3D('',#6095,#4785,#4786);
#4004=AXIS2_PLACEMENT_3D('',#6099,#4788,#4789);
#4005=AXIS2_PLACEMENT_3D('',#6103,#4791,#4792);
#4006=AXIS2_PLACEMENT_3D('',#6105,#4793,#4794);
#4007=AXIS2_PLACEMENT_3D('',#6107,#4795,#4796);
#4008=AXIS2_PLACEMENT_3D('',#6111,#4798,#4799);
#4009=AXIS2_PLACEMENT_3D('',#6115,#4801,#4802);
#4010=AXIS2_PLACEMENT_3D('',#6117,#4803,#4804);
#4011=AXIS2_PLACEMENT_3D('',#6119,#4805,#4806);
#4012=AXIS2_PLACEMENT_3D('',#6123,#4808,#4809);
#4013=AXIS2_PLACEMENT_3D('',#6127,#4811,#4812);
#4014=AXIS2_PLACEMENT_3D('',#6129,#4813,#4814);
#4015=AXIS2_PLACEMENT_3D('',#6131,#4815,#4816);
#4016=AXIS2_PLACEMENT_3D('',#6135,#4818,#4819);
#4017=AXIS2_PLACEMENT_3D('',#6138,#4821,#4822);
#4018=AXIS2_PLACEMENT_3D('',#6139,#4823,#4824);
#4019=AXIS2_PLACEMENT_3D('',#6140,#4825,#4826);
#4020=AXIS2_PLACEMENT_3D('',#6141,#4827,#4828);
#4021=AXIS2_PLACEMENT_3D('',#6142,#4829,#4830);
#4022=AXIS2_PLACEMENT_3D('',#6143,#4831,#4832);
#4023=AXIS2_PLACEMENT_3D('',#6144,#4833,#4834);
#4024=AXIS2_PLACEMENT_3D('',#6145,#4835,#4836);
#4025=AXIS2_PLACEMENT_3D('',#6146,#4837,#4838);
#4026=AXIS2_PLACEMENT_3D('',#6147,#4839,#4840);
#4027=AXIS2_PLACEMENT_3D('',#6148,#4841,#4842);
#4028=AXIS2_PLACEMENT_3D('',#6149,#4843,#4844);
#4029=AXIS2_PLACEMENT_3D('',#6150,#4845,#4846);
#4030=AXIS2_PLACEMENT_3D('',#6151,#4847,#4848);
#4031=AXIS2_PLACEMENT_3D('',#6152,#4849,#4850);
#4032=AXIS2_PLACEMENT_3D('',#6153,#4851,#4852);
#4033=AXIS2_PLACEMENT_3D('',#6154,#4853,#4854);
#4034=AXIS2_PLACEMENT_3D('',#6155,#4855,#4856);
#4035=AXIS2_PLACEMENT_3D('',#6156,#4857,#4858);
#4036=AXIS2_PLACEMENT_3D('',#6157,#4859,#4860);
#4037=AXIS2_PLACEMENT_3D('',#6158,#4861,#4862);
#4038=AXIS2_PLACEMENT_3D('',#6159,#4863,#4864);
#4039=AXIS2_PLACEMENT_3D('',#6160,#4865,#4866);
#4040=AXIS2_PLACEMENT_3D('',#6161,#4867,#4868);
#4041=AXIS2_PLACEMENT_3D('',#6162,#4869,#4870);
#4042=AXIS2_PLACEMENT_3D('',#6163,#4871,#4872);
#4043=AXIS2_PLACEMENT_3D('',#6164,#4873,#4874);
#4044=AXIS2_PLACEMENT_3D('',#6165,#4875,#4876);
#4045=AXIS2_PLACEMENT_3D('',#6166,#4877,#4878);
#4046=AXIS2_PLACEMENT_3D('',#6167,#4879,#4880);
#4047=AXIS2_PLACEMENT_3D('',#6168,#4881,#4882);
#4048=AXIS2_PLACEMENT_3D('',#6169,#4883,#4884);
#4049=AXIS2_PLACEMENT_3D('',#6170,#4885,#4886);
#4050=AXIS2_PLACEMENT_3D('',#6171,#4887,#4888);
#4051=AXIS2_PLACEMENT_3D('',#6172,#4889,#4890);
#4052=AXIS2_PLACEMENT_3D('',#6173,#4891,#4892);
#4053=AXIS2_PLACEMENT_3D('',#6174,#4893,#4894);
#4054=AXIS2_PLACEMENT_3D('',#6175,#4895,#4896);
#4055=AXIS2_PLACEMENT_3D('',#6176,#4897,#4898);
#4056=AXIS2_PLACEMENT_3D('',#6177,#4899,#4900);
#4057=AXIS2_PLACEMENT_3D('',#6178,#4901,#4902);
#4058=AXIS2_PLACEMENT_3D('',#6179,#4903,#4904);
#4059=AXIS2_PLACEMENT_3D('',#6180,#4905,#4906);
#4060=AXIS2_PLACEMENT_3D('',#6181,#4907,#4908);
#4061=AXIS2_PLACEMENT_3D('',#6182,#4909,#4910);
#4062=AXIS2_PLACEMENT_3D('',#6183,#4911,#4912);
#4063=AXIS2_PLACEMENT_3D('',#6184,#4913,#4914);
#4064=AXIS2_PLACEMENT_3D('',#6185,#4915,#4916);
#4065=AXIS2_PLACEMENT_3D('',#6186,#4917,#4918);
#4066=AXIS2_PLACEMENT_3D('',#6187,#4919,#4920);
#4067=AXIS2_PLACEMENT_3D('',#6188,#4921,#4922);
#4068=AXIS2_PLACEMENT_3D('',#6189,#4923,#4924);
#4069=AXIS2_PLACEMENT_3D('',#6190,#4925,#4926);
#4070=AXIS2_PLACEMENT_3D('',#6191,#4927,#4928);
#4071=AXIS2_PLACEMENT_3D('',#6192,#4929,#4930);
#4072=AXIS2_PLACEMENT_3D('',#6193,#4931,#4932);
#4073=AXIS2_PLACEMENT_3D('',#6194,#4933,#4934);
#4074=AXIS2_PLACEMENT_3D('',#6195,#4935,#4936);
#4075=AXIS2_PLACEMENT_3D('',#6196,#4937,#4938);
#4076=AXIS2_PLACEMENT_3D('',#6197,#4939,#4940);
#4077=AXIS2_PLACEMENT_3D('',#6198,#4941,#4942);
#4078=AXIS2_PLACEMENT_3D('',#6199,#4943,#4944);
#4079=AXIS2_PLACEMENT_3D('',#6200,#4945,#4946);
#4080=AXIS2_PLACEMENT_3D('',#6201,#4947,#4948);
#4081=AXIS2_PLACEMENT_3D('',#6202,#4949,#4950);
#4082=AXIS2_PLACEMENT_3D('',#6203,#4951,#4952);
#4083=AXIS2_PLACEMENT_3D('',#6204,#4953,#4954);
#4084=AXIS2_PLACEMENT_3D('',#6205,#4955,#4956);
#4085=AXIS2_PLACEMENT_3D('',#6206,#4957,#4958);
#4086=AXIS2_PLACEMENT_3D('',#6207,#4959,#4960);
#4087=AXIS2_PLACEMENT_3D('',#6208,#4961,#4962);
#4088=AXIS2_PLACEMENT_3D('',#6209,#4963,#4964);
#4089=AXIS2_PLACEMENT_3D('',#6210,#4965,#4966);
#4090=AXIS2_PLACEMENT_3D('',#6219,#4971,#4972);
#4091=AXIS2_PLACEMENT_3D('',#6225,#4976,#4977);
#4092=AXIS2_PLACEMENT_3D('',#6231,#4981,#4982);
#4093=AXIS2_PLACEMENT_3D('',#6237,#4986,#4987);
#4094=AXIS2_PLACEMENT_3D('',#6243,#4991,#4992);
#4095=AXIS2_PLACEMENT_3D('',#6246,#4995,#4996);
#4096=AXIS2_PLACEMENT_3D('',#6249,#4999,#5000);
#4097=AXIS2_PLACEMENT_3D('',#6251,#5002,#5003);
#4098=AXIS2_PLACEMENT_3D('',#6253,#5005,#5006);
#4099=AXIS2_PLACEMENT_3D('',#6255,#5008,#5009);
#4100=AXIS2_PLACEMENT_3D('',#6257,#5011,#5012);
#4101=AXIS2_PLACEMENT_3D('',#6258,#5013,#5014);
#4102=AXIS2_PLACEMENT_3D('',#6261,#5017,#5018);
#4103=AXIS2_PLACEMENT_3D('',#6263,#5020,#5021);
#4104=AXIS2_PLACEMENT_3D('',#6265,#5023,#5024);
#4105=AXIS2_PLACEMENT_3D('',#6267,#5026,#5027);
#4106=AXIS2_PLACEMENT_3D('',#6269,#5029,#5030);
#4107=AXIS2_PLACEMENT_3D('',#6270,#5031,#5032);
#4108=AXIS2_PLACEMENT_3D('',#6273,#5035,#5036);
#4109=AXIS2_PLACEMENT_3D('',#6275,#5038,#5039);
#4110=AXIS2_PLACEMENT_3D('',#6277,#5041,#5042);
#4111=AXIS2_PLACEMENT_3D('',#6279,#5044,#5045);
#4112=AXIS2_PLACEMENT_3D('',#6281,#5047,#5048);
#4113=AXIS2_PLACEMENT_3D('',#6283,#5050,#5051);
#4114=AXIS2_PLACEMENT_3D('',#6285,#5053,#5054);
#4115=AXIS2_PLACEMENT_3D('',#6287,#5056,#5057);
#4116=AXIS2_PLACEMENT_3D('',#6289,#5059,#5060);
#4117=AXIS2_PLACEMENT_3D('',#6291,#5062,#5063);
#4118=AXIS2_PLACEMENT_3D('',#6293,#5065,#5066);
#4119=AXIS2_PLACEMENT_3D('',#6295,#5068,#5069);
#4120=AXIS2_PLACEMENT_3D('',#6297,#5071,#5072);
#4121=AXIS2_PLACEMENT_3D('',#6299,#5074,#5075);
#4122=AXIS2_PLACEMENT_3D('',#6301,#5077,#5078);
#4123=AXIS2_PLACEMENT_3D('',#6303,#5080,#5081);
#4124=AXIS2_PLACEMENT_3D('',#6305,#5083,#5084);
#4125=AXIS2_PLACEMENT_3D('',#6307,#5086,#5087);
#4126=AXIS2_PLACEMENT_3D('',#6309,#5089,#5090);
#4127=AXIS2_PLACEMENT_3D('',#6311,#5092,#5093);
#4128=AXIS2_PLACEMENT_3D('',#6313,#5095,#5096);
#4129=AXIS2_PLACEMENT_3D('',#6315,#5098,#5099);
#4130=AXIS2_PLACEMENT_3D('',#6317,#5101,#5102);
#4131=AXIS2_PLACEMENT_3D('',#6319,#5104,#5105);
#4132=AXIS2_PLACEMENT_3D('',#6321,#5107,#5108);
#4133=AXIS2_PLACEMENT_3D('',#6323,#5110,#5111);
#4134=AXIS2_PLACEMENT_3D('',#6325,#5113,#5114);
#4135=AXIS2_PLACEMENT_3D('',#6327,#5116,#5117);
#4136=AXIS2_PLACEMENT_3D('',#6329,#5119,#5120);
#4137=AXIS2_PLACEMENT_3D('',#6331,#5122,#5123);
#4138=AXIS2_PLACEMENT_3D('',#6333,#5125,#5126);
#4139=AXIS2_PLACEMENT_3D('',#6335,#5128,#5129);
#4140=AXIS2_PLACEMENT_3D('',#6337,#5131,#5132);
#4141=AXIS2_PLACEMENT_3D('',#6339,#5134,#5135);
#4142=AXIS2_PLACEMENT_3D('',#6341,#5137,#5138);
#4143=AXIS2_PLACEMENT_3D('',#6343,#5140,#5141);
#4144=AXIS2_PLACEMENT_3D('',#6345,#5143,#5144);
#4145=AXIS2_PLACEMENT_3D('',#6347,#5146,#5147);
#4146=AXIS2_PLACEMENT_3D('',#6349,#5149,#5150);
#4147=AXIS2_PLACEMENT_3D('',#6351,#5152,#5153);
#4148=AXIS2_PLACEMENT_3D('',#6353,#5155,#5156);
#4149=AXIS2_PLACEMENT_3D('',#6355,#5158,#5159);
#4150=AXIS2_PLACEMENT_3D('',#6357,#5161,#5162);
#4151=AXIS2_PLACEMENT_3D('',#6359,#5164,#5165);
#4152=AXIS2_PLACEMENT_3D('',#6361,#5167,#5168);
#4153=AXIS2_PLACEMENT_3D('',#6363,#5170,#5171);
#4154=AXIS2_PLACEMENT_3D('',#6365,#5173,#5174);
#4155=AXIS2_PLACEMENT_3D('',#6367,#5176,#5177);
#4156=AXIS2_PLACEMENT_3D('',#6369,#5179,#5180);
#4157=AXIS2_PLACEMENT_3D('',#6371,#5182,#5183);
#4158=AXIS2_PLACEMENT_3D('',#6373,#5185,#5186);
#4159=AXIS2_PLACEMENT_3D('',#6375,#5188,#5189);
#4160=AXIS2_PLACEMENT_3D('',#6377,#5191,#5192);
#4161=AXIS2_PLACEMENT_3D('',#6379,#5194,#5195);
#4162=AXIS2_PLACEMENT_3D('',#6381,#5197,#5198);
#4163=AXIS2_PLACEMENT_3D('',#6383,#5200,#5201);
#4164=AXIS2_PLACEMENT_3D('',#6385,#5203,#5204);
#4165=AXIS2_PLACEMENT_3D('',#6387,#5206,#5207);
#4166=AXIS2_PLACEMENT_3D('',#6389,#5209,#5210);
#4167=AXIS2_PLACEMENT_3D('',#6391,#5212,#5213);
#4168=AXIS2_PLACEMENT_3D('',#6393,#5215,#5216);
#4169=AXIS2_PLACEMENT_3D('',#6395,#5218,#5219);
#4170=AXIS2_PLACEMENT_3D('',#6397,#5221,#5222);
#4171=AXIS2_PLACEMENT_3D('',#6399,#5224,#5225);
#4172=AXIS2_PLACEMENT_3D('',#6401,#5227,#5228);
#4173=AXIS2_PLACEMENT_3D('',#6403,#5230,#5231);
#4174=AXIS2_PLACEMENT_3D('',#6405,#5233,#5234);
#4175=AXIS2_PLACEMENT_3D('',#6407,#5236,#5237);
#4176=AXIS2_PLACEMENT_3D('',#6409,#5239,#5240);
#4177=AXIS2_PLACEMENT_3D('',#6411,#5242,#5243);
#4178=AXIS2_PLACEMENT_3D('',#6413,#5245,#5246);
#4179=AXIS2_PLACEMENT_3D('',#6414,#5247,#5248);
#4180=AXIS2_PLACEMENT_3D('',#6417,#5251,#5252);
#4181=AXIS2_PLACEMENT_3D('',#6419,#5254,#5255);
#4182=AXIS2_PLACEMENT_3D('',#6421,#5257,#5258);
#4183=AXIS2_PLACEMENT_3D('',#6423,#5260,#5261);
#4184=AXIS2_PLACEMENT_3D('',#6425,#5263,#5264);
#4185=AXIS2_PLACEMENT_3D('',#6427,#5266,#5267);
#4186=AXIS2_PLACEMENT_3D('',#6429,#5269,#5270);
#4187=AXIS2_PLACEMENT_3D('',#6431,#5272,#5273);
#4188=AXIS2_PLACEMENT_3D('',#6433,#5275,#5276);
#4189=AXIS2_PLACEMENT_3D('',#6435,#5278,#5279);
#4190=AXIS2_PLACEMENT_3D('',#6437,#5281,#5282);
#4191=AXIS2_PLACEMENT_3D('',#6439,#5284,#5285);
#4192=AXIS2_PLACEMENT_3D('',#6441,#5287,#5288);
#4193=AXIS2_PLACEMENT_3D('',#6443,#5290,#5291);
#4194=AXIS2_PLACEMENT_3D('',#6445,#5293,#5294);
#4195=AXIS2_PLACEMENT_3D('',#6447,#5296,#5297);
#4196=AXIS2_PLACEMENT_3D('',#6449,#5299,#5300);
#4197=AXIS2_PLACEMENT_3D('',#6451,#5302,#5303);
#4198=AXIS2_PLACEMENT_3D('',#6453,#5305,#5306);
#4199=AXIS2_PLACEMENT_3D('',#6455,#5308,#5309);
#4200=AXIS2_PLACEMENT_3D('',#6457,#5311,#5312);
#4201=AXIS2_PLACEMENT_3D('',#6459,#5314,#5315);
#4202=AXIS2_PLACEMENT_3D('',#6461,#5317,#5318);
#4203=AXIS2_PLACEMENT_3D('',#6463,#5320,#5321);
#4204=AXIS2_PLACEMENT_3D('',#6465,#5323,#5324);
#4205=AXIS2_PLACEMENT_3D('',#6467,#5326,#5327);
#4206=AXIS2_PLACEMENT_3D('',#6469,#5329,#5330);
#4207=AXIS2_PLACEMENT_3D('',#6471,#5332,#5333);
#4208=AXIS2_PLACEMENT_3D('',#6473,#5335,#5336);
#4209=AXIS2_PLACEMENT_3D('',#6475,#5338,#5339);
#4210=AXIS2_PLACEMENT_3D('',#6477,#5341,#5342);
#4211=AXIS2_PLACEMENT_3D('',#6479,#5344,#5345);
#4212=AXIS2_PLACEMENT_3D('',#6481,#5347,#5348);
#4213=AXIS2_PLACEMENT_3D('',#6483,#5350,#5351);
#4214=AXIS2_PLACEMENT_3D('',#6485,#5353,#5354);
#4215=AXIS2_PLACEMENT_3D('',#6487,#5356,#5357);
#4216=AXIS2_PLACEMENT_3D('',#6489,#5359,#5360);
#4217=AXIS2_PLACEMENT_3D('',#6491,#5362,#5363);
#4218=AXIS2_PLACEMENT_3D('',#6493,#5365,#5366);
#4219=AXIS2_PLACEMENT_3D('',#6495,#5368,#5369);
#4220=AXIS2_PLACEMENT_3D('',#6497,#5371,#5372);
#4221=AXIS2_PLACEMENT_3D('',#6499,#5374,#5375);
#4222=AXIS2_PLACEMENT_3D('',#6501,#5377,#5378);
#4223=AXIS2_PLACEMENT_3D('',#6503,#5380,#5381);
#4224=AXIS2_PLACEMENT_3D('',#6505,#5383,#5384);
#4225=AXIS2_PLACEMENT_3D('',#6507,#5386,#5387);
#4226=AXIS2_PLACEMENT_3D('',#6509,#5389,#5390);
#4227=AXIS2_PLACEMENT_3D('',#6511,#5392,#5393);
#4228=AXIS2_PLACEMENT_3D('',#6513,#5395,#5396);
#4229=AXIS2_PLACEMENT_3D('',#6515,#5398,#5399);
#4230=AXIS2_PLACEMENT_3D('',#6517,#5401,#5402);
#4231=AXIS2_PLACEMENT_3D('',#6519,#5404,#5405);
#4232=AXIS2_PLACEMENT_3D('',#6521,#5407,#5408);
#4233=AXIS2_PLACEMENT_3D('',#6523,#5410,#5411);
#4234=AXIS2_PLACEMENT_3D('',#6525,#5413,#5414);
#4235=AXIS2_PLACEMENT_3D('',#6527,#5416,#5417);
#4236=AXIS2_PLACEMENT_3D('',#6529,#5419,#5420);
#4237=AXIS2_PLACEMENT_3D('',#6531,#5422,#5423);
#4238=AXIS2_PLACEMENT_3D('',#6533,#5425,#5426);
#4239=AXIS2_PLACEMENT_3D('',#6535,#5428,#5429);
#4240=AXIS2_PLACEMENT_3D('',#6537,#5431,#5432);
#4241=AXIS2_PLACEMENT_3D('',#6539,#5434,#5435);
#4242=AXIS2_PLACEMENT_3D('',#6541,#5437,#5438);
#4243=AXIS2_PLACEMENT_3D('',#6543,#5440,#5441);
#4244=AXIS2_PLACEMENT_3D('',#6545,#5443,#5444);
#4245=AXIS2_PLACEMENT_3D('',#6547,#5446,#5447);
#4246=AXIS2_PLACEMENT_3D('',#6549,#5449,#5450);
#4247=AXIS2_PLACEMENT_3D('',#6551,#5452,#5453);
#4248=AXIS2_PLACEMENT_3D('',#6553,#5455,#5456);
#4249=AXIS2_PLACEMENT_3D('',#6555,#5458,#5459);
#4250=AXIS2_PLACEMENT_3D('',#6557,#5461,#5462);
#4251=DIRECTION('',(0.,0.,1.));
#4252=DIRECTION('',(1.,0.,0.));
#4253=DIRECTION('',(0.,0.,-1.));
#4254=DIRECTION('',(-1.,0.,0.));
#4255=DIRECTION('',(0.,0.,-1.));
#4256=DIRECTION('',(0.,0.,1.));
#4257=DIRECTION('',(1.,0.,0.));
#4258=DIRECTION('',(0.,0.,-1.));
#4259=DIRECTION('',(0.,0.,1.));
#4260=DIRECTION('',(1.,0.,0.));
#4261=DIRECTION('',(-0.5,-0.866025403784439,0.));
#4262=DIRECTION('',(0.866025403784439,-0.5,0.));
#4263=DIRECTION('',(0.,0.,1.));
#4264=DIRECTION('',(-0.866025403784439,0.5,0.));
#4265=DIRECTION('',(0.866025403784439,-0.5,0.));
#4266=DIRECTION('',(0.,0.,-1.));
#4267=DIRECTION('',(-1.,0.,0.));
#4268=DIRECTION('',(0.,0.,-1.));
#4269=DIRECTION('',(0.,0.,1.));
#4270=DIRECTION('',(1.,0.,0.));
#4271=DIRECTION('',(0.,0.,-1.));
#4272=DIRECTION('',(0.,0.,1.));
#4273=DIRECTION('',(1.,0.,0.));
#4274=DIRECTION('',(-0.5,-0.866025403784439,0.));
#4275=DIRECTION('',(0.866025403784439,-0.5,0.));
#4276=DIRECTION('',(0.,0.,-1.));
#4277=DIRECTION('',(0.866025403784439,-0.5,0.));
#4278=DIRECTION('',(0.,0.,-1.));
#4279=DIRECTION('',(-0.866025403784439,0.5,0.));
#4280=DIRECTION('',(0.,0.,-1.));
#4281=DIRECTION('',(-1.,0.,0.));
#4282=DIRECTION('',(0.,0.,-1.));
#4283=DIRECTION('',(0.,0.,1.));
#4284=DIRECTION('',(1.,0.,0.));
#4285=DIRECTION('',(0.,0.,1.));
#4286=DIRECTION('',(1.,0.,0.));
#4287=DIRECTION('',(3.81405963678096E-16,-1.,0.));
#4288=DIRECTION('',(1.,3.81405963678096E-16,0.));
#4289=DIRECTION('',(0.,0.,1.));
#4290=DIRECTION('',(-1.,-3.81405963678096E-16,0.));
#4291=DIRECTION('',(1.,3.81405963678096E-16,0.));
#4292=DIRECTION('',(0.,0.,-1.));
#4293=DIRECTION('',(-1.,0.,0.));
#4294=DIRECTION('',(0.,0.,-1.));
#4295=DIRECTION('',(0.,0.,1.));
#4296=DIRECTION('',(1.,0.,0.));
#4297=DIRECTION('',(0.,0.,-1.));
#4298=DIRECTION('',(0.,0.,1.));
#4299=DIRECTION('',(1.,0.,0.));
#4300=DIRECTION('',(-4.57687156413715E-16,-1.,0.));
#4301=DIRECTION('',(1.,-4.57687156413715E-16,0.));
#4302=DIRECTION('',(0.,0.,-1.));
#4303=DIRECTION('',(1.,-4.57687156413715E-16,0.));
#4304=DIRECTION('',(0.,0.,-1.));
#4305=DIRECTION('',(-1.,4.57687156413715E-16,0.));
#4306=DIRECTION('',(0.,0.,-1.));
#4307=DIRECTION('',(-1.,0.,0.));
#4308=DIRECTION('',(0.,0.,-1.));
#4309=DIRECTION('',(0.,0.,1.));
#4310=DIRECTION('',(1.,0.,0.));
#4311=DIRECTION('',(0.,0.,1.));
#4312=DIRECTION('',(1.,0.,0.));
#4313=DIRECTION('',(0.5,-0.866025403784439,0.));
#4314=DIRECTION('',(0.866025403784439,0.5,0.));
#4315=DIRECTION('',(0.,0.,1.));
#4316=DIRECTION('',(-0.866025403784439,-0.5,0.));
#4317=DIRECTION('',(0.866025403784439,0.5,0.));
#4318=DIRECTION('',(0.,0.,-1.));
#4319=DIRECTION('',(-1.,0.,0.));
#4320=DIRECTION('',(0.,0.,-1.));
#4321=DIRECTION('',(0.,0.,1.));
#4322=DIRECTION('',(1.,0.,0.));
#4323=DIRECTION('',(0.,0.,-1.));
#4324=DIRECTION('',(0.,0.,1.));
#4325=DIRECTION('',(1.,0.,0.));
#4326=DIRECTION('',(0.5,-0.866025403784438,0.));
#4327=DIRECTION('',(0.866025403784439,0.5,0.));
#4328=DIRECTION('',(0.,0.,-1.));
#4329=DIRECTION('',(0.866025403784439,0.5,0.));
#4330=DIRECTION('',(0.,0.,-1.));
#4331=DIRECTION('',(-0.866025403784439,-0.5,0.));
#4332=DIRECTION('',(0.,0.,-1.));
#4333=DIRECTION('',(-1.,0.,0.));
#4334=DIRECTION('',(0.,0.,-1.));
#4335=DIRECTION('',(0.,0.,1.));
#4336=DIRECTION('',(1.,0.,0.));
#4337=DIRECTION('',(0.,0.,1.));
#4338=DIRECTION('',(1.,0.,0.));
#4339=DIRECTION('',(0.866025403784439,-0.5,0.));
#4340=DIRECTION('',(0.5,0.866025403784439,0.));
#4341=DIRECTION('',(0.,0.,1.));
#4342=DIRECTION('',(-0.5,-0.866025403784439,0.));
#4343=DIRECTION('',(0.5,0.866025403784439,0.));
#4344=DIRECTION('',(0.,0.,-1.));
#4345=DIRECTION('',(-1.,0.,0.));
#4346=DIRECTION('',(0.,0.,-1.));
#4347=DIRECTION('',(0.,0.,1.));
#4348=DIRECTION('',(1.,0.,0.));
#4349=DIRECTION('',(0.,0.,-1.));
#4350=DIRECTION('',(0.,0.,1.));
#4351=DIRECTION('',(1.,0.,0.));
#4352=DIRECTION('',(0.866025403784439,-0.5,0.));
#4353=DIRECTION('',(0.5,0.866025403784439,0.));
#4354=DIRECTION('',(0.,0.,-1.));
#4355=DIRECTION('',(0.5,0.866025403784439,0.));
#4356=DIRECTION('',(0.,0.,-1.));
#4357=DIRECTION('',(-0.5,-0.866025403784439,0.));
#4358=DIRECTION('',(0.,0.,-1.));
#4359=DIRECTION('',(-1.,0.,0.));
#4360=DIRECTION('',(0.,0.,-1.));
#4361=DIRECTION('',(0.,0.,1.));
#4362=DIRECTION('',(1.,0.,0.));
#4363=DIRECTION('',(0.,0.,1.));
#4364=DIRECTION('',(1.,0.,0.));
#4365=DIRECTION('',(1.,7.62811927356191E-17,0.));
#4366=DIRECTION('',(-7.62811927356191E-17,1.,0.));
#4367=DIRECTION('',(0.,0.,1.));
#4368=DIRECTION('',(7.62811927356191E-17,-1.,0.));
#4369=DIRECTION('',(-7.62811927356191E-17,1.,0.));
#4370=DIRECTION('',(0.,0.,-1.));
#4371=DIRECTION('',(-1.,0.,0.));
#4372=DIRECTION('',(0.,0.,-1.));
#4373=DIRECTION('',(0.,0.,1.));
#4374=DIRECTION('',(1.,0.,0.));
#4375=DIRECTION('',(0.,0.,-1.));
#4376=DIRECTION('',(0.,0.,1.));
#4377=DIRECTION('',(1.,0.,0.));
#4378=DIRECTION('',(1.,-3.05124770942476E-16,0.));
#4379=DIRECTION('',(3.05124770942476E-16,1.,0.));
#4380=DIRECTION('',(0.,0.,-1.));
#4381=DIRECTION('',(3.05124770942476E-16,1.,0.));
#4382=DIRECTION('',(0.,0.,-1.));
#4383=DIRECTION('',(-3.05124770942476E-16,-1.,0.));
#4384=DIRECTION('',(0.,0.,-1.));
#4385=DIRECTION('',(-1.,0.,0.));
#4386=DIRECTION('',(0.,0.,-1.));
#4387=DIRECTION('',(0.,0.,1.));
#4388=DIRECTION('',(1.,0.,0.));
#4389=DIRECTION('',(0.,0.,1.));
#4390=DIRECTION('',(1.,0.,0.));
#4391=DIRECTION('',(0.866025403784439,0.5,0.));
#4392=DIRECTION('',(-0.5,0.866025403784439,0.));
#4393=DIRECTION('',(0.,0.,1.));
#4394=DIRECTION('',(0.5,-0.866025403784439,0.));
#4395=DIRECTION('',(-0.5,0.866025403784439,0.));
#4396=DIRECTION('',(0.,0.,-1.));
#4397=DIRECTION('',(-1.,0.,0.));
#4398=DIRECTION('',(0.,0.,-1.));
#4399=DIRECTION('',(0.,0.,1.));
#4400=DIRECTION('',(1.,0.,0.));
#4401=DIRECTION('',(0.,0.,-1.));
#4402=DIRECTION('',(0.,0.,1.));
#4403=DIRECTION('',(1.,0.,0.));
#4404=DIRECTION('',(0.866025403784438,0.5,0.));
#4405=DIRECTION('',(-0.5,0.866025403784438,0.));
#4406=DIRECTION('',(0.,0.,-1.));
#4407=DIRECTION('',(-0.5,0.866025403784438,0.));
#4408=DIRECTION('',(0.,0.,-1.));
#4409=DIRECTION('',(0.5,-0.866025403784438,0.));
#4410=DIRECTION('',(0.,0.,-1.));
#4411=DIRECTION('',(-1.,0.,0.));
#4412=DIRECTION('',(0.,0.,-1.));
#4413=DIRECTION('',(0.,0.,1.));
#4414=DIRECTION('',(1.,0.,0.));
#4415=DIRECTION('',(0.,0.,1.));
#4416=DIRECTION('',(1.,0.,0.));
#4417=DIRECTION('',(0.5,0.866025403784439,0.));
#4418=DIRECTION('',(-0.866025403784439,0.5,0.));
#4419=DIRECTION('',(0.,0.,1.));
#4420=DIRECTION('',(0.866025403784439,-0.5,0.));
#4421=DIRECTION('',(-0.866025403784439,0.5,0.));
#4422=DIRECTION('',(0.,0.,-1.));
#4423=DIRECTION('',(-1.,0.,0.));
#4424=DIRECTION('',(0.,0.,-1.));
#4425=DIRECTION('',(0.,0.,1.));
#4426=DIRECTION('',(1.,0.,0.));
#4427=DIRECTION('',(0.,0.,-1.));
#4428=DIRECTION('',(0.,0.,1.));
#4429=DIRECTION('',(1.,0.,0.));
#4430=DIRECTION('',(0.5,0.866025403784439,0.));
#4431=DIRECTION('',(-0.866025403784439,0.5,0.));
#4432=DIRECTION('',(0.,0.,-1.));
#4433=DIRECTION('',(-0.866025403784439,0.5,0.));
#4434=DIRECTION('',(0.,0.,-1.));
#4435=DIRECTION('',(0.866025403784439,-0.5,0.));
#4436=DIRECTION('',(0.,0.,-1.));
#4437=DIRECTION('',(-1.,0.,0.));
#4438=DIRECTION('',(0.,0.,-1.));
#4439=DIRECTION('',(0.,0.,1.));
#4440=DIRECTION('',(1.,0.,0.));
#4441=DIRECTION('',(0.,0.,1.));
#4442=DIRECTION('',(1.,0.,0.));
#4443=DIRECTION('',(-3.05124770942476E-16,1.,0.));
#4444=DIRECTION('',(-1.,-3.05124770942476E-16,0.));
#4445=DIRECTION('',(0.,0.,1.));
#4446=DIRECTION('',(1.,3.05124770942476E-16,0.));
#4447=DIRECTION('',(-1.,-3.05124770942476E-16,0.));
#4448=DIRECTION('',(0.,0.,-1.));
#4449=DIRECTION('',(-1.,0.,0.));
#4450=DIRECTION('',(0.,0.,-1.));
#4451=DIRECTION('',(0.,0.,1.));
#4452=DIRECTION('',(1.,0.,0.));
#4453=DIRECTION('',(0.,0.,-1.));
#4454=DIRECTION('',(0.,0.,1.));
#4455=DIRECTION('',(1.,0.,0.));
#4456=DIRECTION('',(3.81405963678095E-16,1.,0.));
#4457=DIRECTION('',(-1.,3.81405963678095E-16,0.));
#4458=DIRECTION('',(0.,0.,-1.));
#4459=DIRECTION('',(-1.,3.81405963678095E-16,0.));
#4460=DIRECTION('',(0.,0.,-1.));
#4461=DIRECTION('',(1.,-3.81405963678095E-16,0.));
#4462=DIRECTION('',(0.,0.,-1.));
#4463=DIRECTION('',(-1.,0.,0.));
#4464=DIRECTION('',(0.,0.,-1.));
#4465=DIRECTION('',(0.,0.,1.));
#4466=DIRECTION('',(1.,0.,0.));
#4467=DIRECTION('',(0.,0.,1.));
#4468=DIRECTION('',(1.,0.,0.));
#4469=DIRECTION('',(-0.5,0.866025403784439,0.));
#4470=DIRECTION('',(-0.866025403784439,-0.5,0.));
#4471=DIRECTION('',(0.,0.,1.));
#4472=DIRECTION('',(0.866025403784439,0.5,0.));
#4473=DIRECTION('',(-0.866025403784439,-0.5,0.));
#4474=DIRECTION('',(0.,0.,-1.));
#4475=DIRECTION('',(-1.,0.,0.));
#4476=DIRECTION('',(0.,0.,-1.));
#4477=DIRECTION('',(0.,0.,1.));
#4478=DIRECTION('',(1.,0.,0.));
#4479=DIRECTION('',(0.,0.,-1.));
#4480=DIRECTION('',(0.,0.,1.));
#4481=DIRECTION('',(1.,0.,0.));
#4482=DIRECTION('',(-0.5,0.866025403784439,0.));
#4483=DIRECTION('',(-0.866025403784439,-0.5,0.));
#4484=DIRECTION('',(0.,0.,-1.));
#4485=DIRECTION('',(-0.866025403784439,-0.5,0.));
#4486=DIRECTION('',(0.,0.,-1.));
#4487=DIRECTION('',(0.866025403784439,0.5,0.));
#4488=DIRECTION('',(0.,0.,-1.));
#4489=DIRECTION('',(-1.,0.,0.));
#4490=DIRECTION('',(0.,0.,-1.));
#4491=DIRECTION('',(0.,0.,1.));
#4492=DIRECTION('',(1.,0.,0.));
#4493=DIRECTION('',(0.,0.,1.));
#4494=DIRECTION('',(1.,0.,0.));
#4495=DIRECTION('',(-0.866025403784439,0.5,0.));
#4496=DIRECTION('',(-0.5,-0.866025403784439,0.));
#4497=DIRECTION('',(0.,0.,1.));
#4498=DIRECTION('',(0.5,0.866025403784439,0.));
#4499=DIRECTION('',(-0.5,-0.866025403784439,0.));
#4500=DIRECTION('',(0.,0.,-1.));
#4501=DIRECTION('',(-1.,0.,0.));
#4502=DIRECTION('',(0.,0.,-1.));
#4503=DIRECTION('',(0.,0.,1.));
#4504=DIRECTION('',(1.,0.,0.));
#4505=DIRECTION('',(0.,0.,-1.));
#4506=DIRECTION('',(0.,0.,1.));
#4507=DIRECTION('',(1.,0.,0.));
#4508=DIRECTION('',(-0.866025403784439,0.5,0.));
#4509=DIRECTION('',(-0.5,-0.866025403784439,0.));
#4510=DIRECTION('',(0.,0.,-1.));
#4511=DIRECTION('',(-0.5,-0.866025403784439,0.));
#4512=DIRECTION('',(0.,0.,-1.));
#4513=DIRECTION('',(0.5,0.866025403784439,0.));
#4514=DIRECTION('',(0.,0.,-1.));
#4515=DIRECTION('',(-1.,0.,0.));
#4516=DIRECTION('',(0.,0.,-1.));
#4517=DIRECTION('',(0.,0.,1.));
#4518=DIRECTION('',(1.,0.,0.));
#4519=DIRECTION('',(0.,0.,1.));
#4520=DIRECTION('',(1.,0.,0.));
#4521=DIRECTION('',(-1.,-5.33968349149334E-16,0.));
#4522=DIRECTION('',(5.33968349149334E-16,-1.,0.));
#4523=DIRECTION('',(0.,0.,1.));
#4524=DIRECTION('',(-5.33968349149334E-16,1.,0.));
#4525=DIRECTION('',(5.33968349149334E-16,-1.,0.));
#4526=DIRECTION('',(0.,0.,-1.));
#4527=DIRECTION('',(-1.,0.,0.));
#4528=DIRECTION('',(0.,0.,-1.));
#4529=DIRECTION('',(0.,0.,1.));
#4530=DIRECTION('',(1.,0.,0.));
#4531=DIRECTION('',(0.,0.,-1.));
#4532=DIRECTION('',(0.,0.,1.));
#4533=DIRECTION('',(1.,0.,0.));
#4534=DIRECTION('',(-1.,4.57687156413714E-16,0.));
#4535=DIRECTION('',(-4.57687156413714E-16,-1.,0.));
#4536=DIRECTION('',(0.,0.,-1.));
#4537=DIRECTION('',(-4.57687156413714E-16,-1.,0.));
#4538=DIRECTION('',(0.,0.,-1.));
#4539=DIRECTION('',(4.57687156413714E-16,1.,0.));
#4540=DIRECTION('',(0.,0.,-1.));
#4541=DIRECTION('',(-1.,0.,0.));
#4542=DIRECTION('',(0.,0.,-1.));
#4543=DIRECTION('',(0.,0.,1.));
#4544=DIRECTION('',(1.,0.,0.));
#4545=DIRECTION('',(0.,0.,1.));
#4546=DIRECTION('',(1.,0.,0.));
#4547=DIRECTION('',(-0.866025403784439,-0.5,0.));
#4548=DIRECTION('',(0.5,-0.866025403784439,0.));
#4549=DIRECTION('',(0.,0.,1.));
#4550=DIRECTION('',(-0.5,0.866025403784439,0.));
#4551=DIRECTION('',(0.5,-0.866025403784439,0.));
#4552=DIRECTION('',(0.,0.,-1.));
#4553=DIRECTION('',(-1.,0.,0.));
#4554=DIRECTION('',(0.,0.,-1.));
#4555=DIRECTION('',(0.,0.,1.));
#4556=DIRECTION('',(1.,0.,0.));
#4557=DIRECTION('',(0.,0.,-1.));
#4558=DIRECTION('',(0.,0.,1.));
#4559=DIRECTION('',(1.,0.,0.));
#4560=DIRECTION('',(-0.866025403784438,-0.5,0.));
#4561=DIRECTION('',(0.5,-0.866025403784438,0.));
#4562=DIRECTION('',(0.5,-0.866025403784438,0.));
#4563=DIRECTION('',(0.,0.,-1.));
#4564=DIRECTION('',(-0.5,0.866025403784438,0.));
#4565=DIRECTION('',(0.,0.,1.));
#4566=DIRECTION('',(1.,0.,0.));
#4567=DIRECTION('',(1.,0.,0.));
#4568=DIRECTION('',(0.5,-0.866025403784439,0.));
#4569=DIRECTION('',(-0.5,-0.866025403784438,0.));
#4570=DIRECTION('',(-1.,2.34736656052682E-16,0.));
#4571=DIRECTION('',(-0.5,0.866025403784439,0.));
#4572=DIRECTION('',(0.5,0.866025403784439,0.));
#4573=DIRECTION('',(0.,0.,1.));
#4574=DIRECTION('',(1.,0.,0.));
#4575=DIRECTION('',(0.,0.,1.));
#4576=DIRECTION('',(1.,0.,0.));
#4577=DIRECTION('',(0.,0.,1.));
#4578=DIRECTION('',(1.,0.,0.));
#4579=DIRECTION('',(-3.05124770942476E-16,-1.,0.));
#4580=DIRECTION('',(0.,0.,1.));
#4581=DIRECTION('',(1.,0.,0.));
#4582=DIRECTION('',(-0.5,0.866025403784439,0.));
#4583=DIRECTION('',(0.,0.,1.));
#4584=DIRECTION('',(1.,0.,0.));
#4585=DIRECTION('',(0.,0.,1.));
#4586=DIRECTION('',(1.,0.,0.));
#4587=DIRECTION('',(0.,0.,1.));
#4588=DIRECTION('',(1.,0.,0.));
#4589=DIRECTION('',(0.5,-0.866025403784438,0.));
#4590=DIRECTION('',(0.,0.,1.));
#4591=DIRECTION('',(1.,0.,0.));
#4592=DIRECTION('',(-0.866025403784439,0.5,0.));
#4593=DIRECTION('',(0.,0.,1.));
#4594=DIRECTION('',(1.,0.,0.));
#4595=DIRECTION('',(0.,0.,1.));
#4596=DIRECTION('',(1.,0.,0.));
#4597=DIRECTION('',(0.,0.,1.));
#4598=DIRECTION('',(1.,0.,0.));
#4599=DIRECTION('',(0.866025403784439,-0.5,0.));
#4600=DIRECTION('',(0.,0.,1.));
#4601=DIRECTION('',(1.,0.,0.));
#4602=DIRECTION('',(-1.,-3.05124770942476E-16,0.));
#4603=DIRECTION('',(0.,0.,1.));
#4604=DIRECTION('',(1.,0.,0.));
#4605=DIRECTION('',(0.,0.,1.));
#4606=DIRECTION('',(1.,0.,0.));
#4607=DIRECTION('',(0.,0.,1.));
#4608=DIRECTION('',(1.,0.,0.));
#4609=DIRECTION('',(1.,-3.81405963678095E-16,0.));
#4610=DIRECTION('',(0.,0.,1.));
#4611=DIRECTION('',(1.,0.,0.));
#4612=DIRECTION('',(-0.866025403784439,-0.5,0.));
#4613=DIRECTION('',(0.,0.,1.));
#4614=DIRECTION('',(1.,0.,0.));
#4615=DIRECTION('',(0.,0.,1.));
#4616=DIRECTION('',(1.,0.,0.));
#4617=DIRECTION('',(0.,0.,1.));
#4618=DIRECTION('',(1.,0.,0.));
#4619=DIRECTION('',(0.866025403784438,0.5,0.));
#4620=DIRECTION('',(0.,0.,1.));
#4621=DIRECTION('',(1.,0.,0.));
#4622=DIRECTION('',(-0.5,-0.866025403784439,0.));
#4623=DIRECTION('',(0.,0.,1.));
#4624=DIRECTION('',(1.,0.,0.));
#4625=DIRECTION('',(0.,0.,1.));
#4626=DIRECTION('',(1.,0.,0.));
#4627=DIRECTION('',(0.,0.,1.));
#4628=DIRECTION('',(1.,0.,0.));
#4629=DIRECTION('',(0.5,0.866025403784439,0.));
#4630=DIRECTION('',(0.,0.,1.));
#4631=DIRECTION('',(1.,0.,0.));
#4632=DIRECTION('',(5.33968349149334E-16,-1.,0.));
#4633=DIRECTION('',(0.,0.,1.));
#4634=DIRECTION('',(1.,0.,0.));
#4635=DIRECTION('',(0.,0.,1.));
#4636=DIRECTION('',(1.,0.,0.));
#4637=DIRECTION('',(0.,0.,1.));
#4638=DIRECTION('',(1.,0.,0.));
#4639=DIRECTION('',(4.57687156413714E-16,1.,0.));
#4640=DIRECTION('',(0.,0.,1.));
#4641=DIRECTION('',(1.,0.,0.));
#4642=DIRECTION('',(0.5,-0.866025403784439,0.));
#4643=DIRECTION('',(0.,0.,1.));
#4644=DIRECTION('',(1.,0.,0.));
#4645=DIRECTION('',(0.,0.,1.));
#4646=DIRECTION('',(1.,0.,0.));
#4647=DIRECTION('',(0.,0.,1.));
#4648=DIRECTION('',(1.,0.,0.));
#4649=DIRECTION('',(-0.5,0.866025403784438,0.));
#4650=DIRECTION('',(0.,0.,1.));
#4651=DIRECTION('',(1.,0.,0.));
#4652=DIRECTION('',(0.866025403784439,-0.5,0.));
#4653=DIRECTION('',(0.,0.,1.));
#4654=DIRECTION('',(1.,0.,0.));
#4655=DIRECTION('',(0.,0.,1.));
#4656=DIRECTION('',(1.,0.,0.));
#4657=DIRECTION('',(0.,0.,1.));
#4658=DIRECTION('',(1.,0.,0.));
#4659=DIRECTION('',(-0.866025403784439,0.5,0.));
#4660=DIRECTION('',(0.,0.,1.));
#4661=DIRECTION('',(1.,0.,0.));
#4662=DIRECTION('',(1.,3.81405963678096E-16,0.));
#4663=DIRECTION('',(0.,0.,1.));
#4664=DIRECTION('',(1.,0.,0.));
#4665=DIRECTION('',(0.,0.,1.));
#4666=DIRECTION('',(1.,0.,0.));
#4667=DIRECTION('',(0.,0.,1.));
#4668=DIRECTION('',(1.,0.,0.));
#4669=DIRECTION('',(-1.,4.57687156413715E-16,0.));
#4670=DIRECTION('',(0.,0.,1.));
#4671=DIRECTION('',(1.,0.,0.));
#4672=DIRECTION('',(0.866025403784439,0.5,0.));
#4673=DIRECTION('',(0.,0.,1.));
#4674=DIRECTION('',(1.,0.,0.));
#4675=DIRECTION('',(0.,0.,1.));
#4676=DIRECTION('',(1.,0.,0.));
#4677=DIRECTION('',(0.,0.,1.));
#4678=DIRECTION('',(1.,0.,0.));
#4679=DIRECTION('',(-0.866025403784439,-0.5,0.));
#4680=DIRECTION('',(0.,0.,1.));
#4681=DIRECTION('',(1.,0.,0.));
#4682=DIRECTION('',(0.5,0.866025403784439,0.));
#4683=DIRECTION('',(0.,0.,1.));
#4684=DIRECTION('',(1.,0.,0.));
#4685=DIRECTION('',(0.,0.,1.));
#4686=DIRECTION('',(1.,0.,0.));
#4687=DIRECTION('',(0.,0.,1.));
#4688=DIRECTION('',(1.,0.,0.));
#4689=DIRECTION('',(-0.5,-0.866025403784439,0.));
#4690=DIRECTION('',(0.,0.,1.));
#4691=DIRECTION('',(1.,0.,0.));
#4692=DIRECTION('',(-7.62811927356191E-17,1.,0.));
#4693=DIRECTION('',(0.,0.,1.));
#4694=DIRECTION('',(1.,0.,0.));
#4695=DIRECTION('',(0.5,0.866025403784438,0.));
#4696=DIRECTION('',(-0.5,0.866025403784439,0.));
#4697=DIRECTION('',(-1.,0.,0.));
#4698=DIRECTION('',(-0.5,-0.866025403784439,0.));
#4699=DIRECTION('',(0.5,-0.866025403784439,0.));
#4700=DIRECTION('',(1.,-2.34736656052682E-16,0.));
#4701=DIRECTION('',(0.,0.,1.));
#4702=DIRECTION('',(1.,0.,0.));
#4703=DIRECTION('',(0.,0.,1.));
#4704=DIRECTION('',(1.,0.,0.));
#4705=DIRECTION('',(0.,0.,1.));
#4706=DIRECTION('',(1.,0.,0.));
#4707=DIRECTION('',(7.62811927356191E-17,-1.,0.));
#4708=DIRECTION('',(0.,0.,1.));
#4709=DIRECTION('',(1.,0.,0.));
#4710=DIRECTION('',(0.5,0.866025403784439,0.));
#4711=DIRECTION('',(0.,0.,1.));
#4712=DIRECTION('',(1.,0.,0.));
#4713=DIRECTION('',(0.,0.,1.));
#4714=DIRECTION('',(1.,0.,0.));
#4715=DIRECTION('',(0.,0.,1.));
#4716=DIRECTION('',(1.,0.,0.));
#4717=DIRECTION('',(-0.5,-0.866025403784439,0.));
#4718=DIRECTION('',(0.,0.,1.));
#4719=DIRECTION('',(1.,0.,0.));
#4720=DIRECTION('',(0.866025403784439,0.5,0.));
#4721=DIRECTION('',(0.,0.,1.));
#4722=DIRECTION('',(1.,0.,0.));
#4723=DIRECTION('',(0.,0.,1.));
#4724=DIRECTION('',(1.,0.,0.));
#4725=DIRECTION('',(0.,0.,1.));
#4726=DIRECTION('',(1.,0.,0.));
#4727=DIRECTION('',(-0.866025403784439,-0.5,0.));
#4728=DIRECTION('',(0.,0.,1.));
#4729=DIRECTION('',(1.,0.,0.));
#4730=DIRECTION('',(1.,-4.57687156413715E-16,0.));
#4731=DIRECTION('',(0.,0.,1.));
#4732=DIRECTION('',(1.,0.,0.));
#4733=DIRECTION('',(0.,0.,1.));
#4734=DIRECTION('',(1.,0.,0.));
#4735=DIRECTION('',(0.,0.,1.));
#4736=DIRECTION('',(1.,0.,0.));
#4737=DIRECTION('',(-1.,-3.81405963678096E-16,0.));
#4738=DIRECTION('',(0.,0.,1.));
#4739=DIRECTION('',(1.,0.,0.));
#4740=DIRECTION('',(0.866025403784439,-0.5,0.));
#4741=DIRECTION('',(0.,0.,1.));
#4742=DIRECTION('',(1.,0.,0.));
#4743=DIRECTION('',(0.,0.,1.));
#4744=DIRECTION('',(1.,0.,0.));
#4745=DIRECTION('',(0.,0.,1.));
#4746=DIRECTION('',(1.,0.,0.));
#4747=DIRECTION('',(-0.866025403784439,0.5,0.));
#4748=DIRECTION('',(0.,0.,1.));
#4749=DIRECTION('',(1.,0.,0.));
#4750=DIRECTION('',(0.5,-0.866025403784438,0.));
#4751=DIRECTION('',(0.,0.,1.));
#4752=DIRECTION('',(1.,0.,0.));
#4753=DIRECTION('',(0.,0.,1.));
#4754=DIRECTION('',(1.,0.,0.));
#4755=DIRECTION('',(0.,0.,1.));
#4756=DIRECTION('',(1.,0.,0.));
#4757=DIRECTION('',(-0.5,0.866025403784439,0.));
#4758=DIRECTION('',(0.,0.,1.));
#4759=DIRECTION('',(1.,0.,0.));
#4760=DIRECTION('',(-4.57687156413714E-16,-1.,0.));
#4761=DIRECTION('',(0.,0.,1.));
#4762=DIRECTION('',(1.,0.,0.));
#4763=DIRECTION('',(0.,0.,1.));
#4764=DIRECTION('',(1.,0.,0.));
#4765=DIRECTION('',(0.,0.,1.));
#4766=DIRECTION('',(1.,0.,0.));
#4767=DIRECTION('',(-5.33968349149334E-16,1.,0.));
#4768=DIRECTION('',(0.,0.,1.));
#4769=DIRECTION('',(1.,0.,0.));
#4770=DIRECTION('',(-0.5,-0.866025403784439,0.));
#4771=DIRECTION('',(0.,0.,1.));
#4772=DIRECTION('',(1.,0.,0.));
#4773=DIRECTION('',(0.,0.,1.));
#4774=DIRECTION('',(1.,0.,0.));
#4775=DIRECTION('',(0.,0.,1.));
#4776=DIRECTION('',(1.,0.,0.));
#4777=DIRECTION('',(0.5,0.866025403784439,0.));
#4778=DIRECTION('',(0.,0.,1.));
#4779=DIRECTION('',(1.,0.,0.));
#4780=DIRECTION('',(-0.866025403784438,-0.5,0.));
#4781=DIRECTION('',(0.,0.,1.));
#4782=DIRECTION('',(1.,0.,0.));
#4783=DIRECTION('',(0.,0.,1.));
#4784=DIRECTION('',(1.,0.,0.));
#4785=DIRECTION('',(0.,0.,1.));
#4786=DIRECTION('',(1.,0.,0.));
#4787=DIRECTION('',(0.866025403784439,0.5,0.));
#4788=DIRECTION('',(0.,0.,1.));
#4789=DIRECTION('',(1.,0.,0.));
#4790=DIRECTION('',(-1.,3.81405963678095E-16,0.));
#4791=DIRECTION('',(0.,0.,1.));
#4792=DIRECTION('',(1.,0.,0.));
#4793=DIRECTION('',(0.,0.,1.));
#4794=DIRECTION('',(1.,0.,0.));
#4795=DIRECTION('',(0.,0.,1.));
#4796=DIRECTION('',(1.,0.,0.));
#4797=DIRECTION('',(1.,3.05124770942476E-16,0.));
#4798=DIRECTION('',(0.,0.,1.));
#4799=DIRECTION('',(1.,0.,0.));
#4800=DIRECTION('',(-0.866025403784439,0.5,0.));
#4801=DIRECTION('',(0.,0.,1.));
#4802=DIRECTION('',(1.,0.,0.));
#4803=DIRECTION('',(0.,0.,1.));
#4804=DIRECTION('',(1.,0.,0.));
#4805=DIRECTION('',(0.,0.,1.));
#4806=DIRECTION('',(1.,0.,0.));
#4807=DIRECTION('',(0.866025403784439,-0.5,0.));
#4808=DIRECTION('',(0.,0.,1.));
#4809=DIRECTION('',(1.,0.,0.));
#4810=DIRECTION('',(-0.5,0.866025403784438,0.));
#4811=DIRECTION('',(0.,0.,1.));
#4812=DIRECTION('',(1.,0.,0.));
#4813=DIRECTION('',(0.,0.,1.));
#4814=DIRECTION('',(1.,0.,0.));
#4815=DIRECTION('',(0.,0.,1.));
#4816=DIRECTION('',(1.,0.,0.));
#4817=DIRECTION('',(0.5,-0.866025403784439,0.));
#4818=DIRECTION('',(0.,0.,1.));
#4819=DIRECTION('',(1.,0.,0.));
#4820=DIRECTION('',(3.05124770942476E-16,1.,0.));
#4821=DIRECTION('',(0.,0.,-1.));
#4822=DIRECTION('',(-1.,0.,0.));
#4823=DIRECTION('',(0.,0.,1.));
#4824=DIRECTION('',(1.,0.,0.));
#4825=DIRECTION('',(0.,0.,1.));
#4826=DIRECTION('',(1.,0.,0.));
#4827=DIRECTION('',(0.,0.,-1.));
#4828=DIRECTION('',(-1.,0.,0.));
#4829=DIRECTION('',(0.,0.,1.));
#4830=DIRECTION('',(1.,0.,0.));
#4831=DIRECTION('',(0.,0.,1.));
#4832=DIRECTION('',(1.,0.,0.));
#4833=DIRECTION('',(0.,0.,-1.));
#4834=DIRECTION('',(-1.,0.,0.));
#4835=DIRECTION('',(0.,0.,1.));
#4836=DIRECTION('',(1.,0.,0.));
#4837=DIRECTION('',(0.,0.,1.));
#4838=DIRECTION('',(1.,0.,0.));
#4839=DIRECTION('',(0.,0.,-1.));
#4840=DIRECTION('',(-1.,0.,0.));
#4841=DIRECTION('',(0.,0.,1.));
#4842=DIRECTION('',(1.,0.,0.));
#4843=DIRECTION('',(0.,0.,1.));
#4844=DIRECTION('',(1.,0.,0.));
#4845=DIRECTION('',(0.,0.,-1.));
#4846=DIRECTION('',(-1.,0.,0.));
#4847=DIRECTION('',(0.,0.,1.));
#4848=DIRECTION('',(1.,0.,0.));
#4849=DIRECTION('',(0.,0.,1.));
#4850=DIRECTION('',(1.,0.,0.));
#4851=DIRECTION('',(0.,0.,-1.));
#4852=DIRECTION('',(-1.,0.,0.));
#4853=DIRECTION('',(0.,0.,1.));
#4854=DIRECTION('',(1.,0.,0.));
#4855=DIRECTION('',(0.,0.,1.));
#4856=DIRECTION('',(1.,0.,0.));
#4857=DIRECTION('',(0.,0.,-1.));
#4858=DIRECTION('',(-1.,0.,0.));
#4859=DIRECTION('',(0.,0.,1.));
#4860=DIRECTION('',(1.,0.,0.));
#4861=DIRECTION('',(0.,0.,1.));
#4862=DIRECTION('',(1.,0.,0.));
#4863=DIRECTION('',(0.,0.,-1.));
#4864=DIRECTION('',(-1.,0.,0.));
#4865=DIRECTION('',(0.,0.,1.));
#4866=DIRECTION('',(1.,0.,0.));
#4867=DIRECTION('',(0.,0.,1.));
#4868=DIRECTION('',(1.,0.,0.));
#4869=DIRECTION('',(0.,0.,-1.));
#4870=DIRECTION('',(-1.,0.,0.));
#4871=DIRECTION('',(0.,0.,1.));
#4872=DIRECTION('',(1.,0.,0.));
#4873=DIRECTION('',(0.,0.,1.));
#4874=DIRECTION('',(1.,0.,0.));
#4875=DIRECTION('',(0.,0.,-1.));
#4876=DIRECTION('',(-1.,0.,0.));
#4877=DIRECTION('',(0.,0.,1.));
#4878=DIRECTION('',(1.,0.,0.));
#4879=DIRECTION('',(0.,0.,1.));
#4880=DIRECTION('',(1.,0.,0.));
#4881=DIRECTION('',(0.,0.,-1.));
#4882=DIRECTION('',(-1.,0.,0.));
#4883=DIRECTION('',(0.,0.,1.));
#4884=DIRECTION('',(1.,0.,0.));
#4885=DIRECTION('',(0.,0.,1.));
#4886=DIRECTION('',(1.,0.,0.));
#4887=DIRECTION('',(0.,0.,-1.));
#4888=DIRECTION('',(-1.,0.,0.));
#4889=DIRECTION('',(0.,0.,1.));
#4890=DIRECTION('',(1.,0.,0.));
#4891=DIRECTION('',(0.,0.,1.));
#4892=DIRECTION('',(1.,0.,0.));
#4893=DIRECTION('',(0.,0.,-1.));
#4894=DIRECTION('',(-1.,0.,0.));
#4895=DIRECTION('',(0.,0.,1.));
#4896=DIRECTION('',(1.,0.,0.));
#4897=DIRECTION('',(0.,0.,1.));
#4898=DIRECTION('',(1.,0.,0.));
#4899=DIRECTION('',(0.,0.,-1.));
#4900=DIRECTION('',(-1.,0.,0.));
#4901=DIRECTION('',(0.,0.,1.));
#4902=DIRECTION('',(1.,0.,0.));
#4903=DIRECTION('',(0.,0.,1.));
#4904=DIRECTION('',(1.,0.,0.));
#4905=DIRECTION('',(0.,0.,-1.));
#4906=DIRECTION('',(-1.,0.,0.));
#4907=DIRECTION('',(0.,0.,1.));
#4908=DIRECTION('',(1.,0.,0.));
#4909=DIRECTION('',(0.,0.,1.));
#4910=DIRECTION('',(1.,0.,0.));
#4911=DIRECTION('',(0.,0.,-1.));
#4912=DIRECTION('',(-1.,0.,0.));
#4913=DIRECTION('',(0.,0.,1.));
#4914=DIRECTION('',(1.,0.,0.));
#4915=DIRECTION('',(0.,0.,1.));
#4916=DIRECTION('',(1.,0.,0.));
#4917=DIRECTION('',(0.,0.,-1.));
#4918=DIRECTION('',(-1.,0.,0.));
#4919=DIRECTION('',(0.,0.,1.));
#4920=DIRECTION('',(1.,0.,0.));
#4921=DIRECTION('',(0.,0.,1.));
#4922=DIRECTION('',(1.,0.,0.));
#4923=DIRECTION('',(0.,0.,-1.));
#4924=DIRECTION('',(-1.,0.,0.));
#4925=DIRECTION('',(0.,0.,1.));
#4926=DIRECTION('',(1.,0.,0.));
#4927=DIRECTION('',(0.,0.,1.));
#4928=DIRECTION('',(1.,0.,0.));
#4929=DIRECTION('',(0.,0.,-1.));
#4930=DIRECTION('',(-1.,0.,0.));
#4931=DIRECTION('',(0.,0.,1.));
#4932=DIRECTION('',(1.,0.,0.));
#4933=DIRECTION('',(0.,0.,1.));
#4934=DIRECTION('',(1.,0.,0.));
#4935=DIRECTION('',(0.,0.,-1.));
#4936=DIRECTION('',(-1.,0.,0.));
#4937=DIRECTION('',(0.,0.,1.));
#4938=DIRECTION('',(1.,0.,0.));
#4939=DIRECTION('',(0.,0.,1.));
#4940=DIRECTION('',(1.,0.,0.));
#4941=DIRECTION('',(0.,0.,-1.));
#4942=DIRECTION('',(-1.,0.,0.));
#4943=DIRECTION('',(0.,0.,1.));
#4944=DIRECTION('',(1.,0.,0.));
#4945=DIRECTION('',(0.,0.,1.));
#4946=DIRECTION('',(1.,0.,0.));
#4947=DIRECTION('',(0.,0.,-1.));
#4948=DIRECTION('',(-1.,0.,0.));
#4949=DIRECTION('',(0.,0.,1.));
#4950=DIRECTION('',(1.,0.,0.));
#4951=DIRECTION('',(0.,0.,1.));
#4952=DIRECTION('',(1.,0.,0.));
#4953=DIRECTION('',(0.,0.,-1.));
#4954=DIRECTION('',(-1.,0.,0.));
#4955=DIRECTION('',(0.,0.,1.));
#4956=DIRECTION('',(1.,0.,0.));
#4957=DIRECTION('',(0.,0.,1.));
#4958=DIRECTION('',(1.,0.,0.));
#4959=DIRECTION('',(0.,0.,-1.));
#4960=DIRECTION('',(-1.,0.,0.));
#4961=DIRECTION('',(0.,0.,1.));
#4962=DIRECTION('',(1.,0.,0.));
#4963=DIRECTION('',(0.,0.,1.));
#4964=DIRECTION('',(1.,0.,0.));
#4965=DIRECTION('',(0.866025403784439,0.5,0.));
#4966=DIRECTION('',(-0.5,0.866025403784439,0.));
#4967=DIRECTION('',(0.,0.,1.));
#4968=DIRECTION('',(-0.5,0.866025403784439,0.));
#4969=DIRECTION('',(0.,0.,1.));
#4970=DIRECTION('',(0.5,-0.866025403784439,0.));
#4971=DIRECTION('',(0.,1.,0.));
#4972=DIRECTION('',(0.,0.,1.));
#4973=DIRECTION('',(-1.,0.,0.));
#4974=DIRECTION('',(0.,0.,1.));
#4975=DIRECTION('',(1.,0.,0.));
#4976=DIRECTION('',(-0.866025403784439,0.5,0.));
#4977=DIRECTION('',(-0.5,-0.866025403784439,0.));
#4978=DIRECTION('',(-0.5,-0.866025403784439,0.));
#4979=DIRECTION('',(0.,0.,1.));
#4980=DIRECTION('',(0.5,0.866025403784439,0.));
#4981=DIRECTION('',(-0.866025403784439,-0.5,0.));
#4982=DIRECTION('',(0.5,-0.866025403784439,0.));
#4983=DIRECTION('',(0.5,-0.866025403784439,0.));
#4984=DIRECTION('',(0.,0.,1.));
#4985=DIRECTION('',(-0.5,0.866025403784439,0.));
#4986=DIRECTION('',(-2.34736656052682E-16,-1.,0.));
#4987=DIRECTION('',(1.,-2.34736656052682E-16,0.));
#4988=DIRECTION('',(1.,-2.34736656052682E-16,0.));
#4989=DIRECTION('',(0.,0.,1.));
#4990=DIRECTION('',(-1.,2.34736656052682E-16,0.));
#4991=DIRECTION('',(0.866025403784438,-0.5,0.));
#4992=DIRECTION('',(0.5,0.866025403784438,0.));
#4993=DIRECTION('',(0.5,0.866025403784438,0.));
#4994=DIRECTION('',(-0.5,-0.866025403784438,0.));
#4995=DIRECTION('',(0.612372435695794,0.353553390593274,0.707106781186548));
#4996=DIRECTION('',(-0.5,0.866025403784439,0.));
#4997=DIRECTION('',(0.755928946018455,1.00709966502038E-15,-0.654653670707977));
#4998=DIRECTION('',(0.377964473009227,0.654653670707978,-0.654653670707976));
#4999=DIRECTION('',(1.65983881287905E-16,0.707106781186546,0.707106781186549));
#5000=DIRECTION('',(-1.,2.34736656052682E-16,0.));
#5001=DIRECTION('',(-0.377964473009227,0.654653670707978,-0.654653670707976));
#5002=DIRECTION('',(0.612372435695794,-0.353553390593274,0.707106781186548));
#5003=DIRECTION('',(0.5,0.866025403784439,0.));
#5004=DIRECTION('',(0.377964473009226,-0.654653670707979,-0.654653670707976));
#5005=DIRECTION('',(-0.612372435695794,0.353553390593274,0.707106781186548));
#5006=DIRECTION('',(-0.5,-0.866025403784438,0.));
#5007=DIRECTION('',(-0.755928946018456,-2.22102957818986E-16,-0.654653670707976));
#5008=DIRECTION('',(0.,-0.707106781186546,0.707106781186549));
#5009=DIRECTION('',(1.,0.,0.));
#5010=DIRECTION('',(0.377964473009228,0.654653670707978,0.654653670707976));
#5011=DIRECTION('',(-0.612372435695794,-0.353553390593274,0.707106781186549));
#5012=DIRECTION('',(0.5,-0.866025403784439,0.));
#5013=DIRECTION('',(-0.612372435695796,-0.353553390593275,0.707106781186546));
#5014=DIRECTION('',(0.5,-0.866025403784439,0.));
#5015=DIRECTION('',(-0.755928946018453,-7.84996707201391E-16,-0.654653670707979));
#5016=DIRECTION('',(-0.377964473009226,-0.654653670707976,-0.654653670707979));
#5017=DIRECTION('',(-1.65983881287905E-16,-0.707106781186549,0.707106781186546));
#5018=DIRECTION('',(1.,-2.34736656052682E-16,0.));
#5019=DIRECTION('',(0.377964473009226,-0.654653670707977,-0.654653670707979));
#5020=DIRECTION('',(-0.612372435695796,0.353553390593275,0.707106781186545));
#5021=DIRECTION('',(-0.5,-0.866025403784439,0.));
#5022=DIRECTION('',(-0.377964473009225,0.654653670707977,-0.654653670707979));
#5023=DIRECTION('',(0.612372435695796,-0.353553390593275,0.707106781186546));
#5024=DIRECTION('',(0.5,0.866025403784438,0.));
#5025=DIRECTION('',(0.755928946018453,2.51774916255094E-16,-0.654653670707979));
#5026=DIRECTION('',(0.,0.707106781186549,0.707106781186546));
#5027=DIRECTION('',(-1.,0.,0.));
#5028=DIRECTION('',(-0.377964473009227,-0.654653670707976,0.654653670707979));
#5029=DIRECTION('',(0.612372435695796,0.353553390593275,0.707106781186546));
#5030=DIRECTION('',(-0.5,0.866025403784439,0.));
#5031=DIRECTION('',(0.,0.,-1.));
#5032=DIRECTION('',(-1.,0.,0.));
#5033=DIRECTION('',(0.0245950184760522,0.706678912283482,0.707106781186546));
#5034=DIRECTION('',(0.024595018476058,-0.706678912283479,-0.707106781186549));
#5035=DIRECTION('',(0.,0.,-1.));
#5036=DIRECTION('',(-1.,0.,0.));
#5037=DIRECTION('',(0.707106781186547,0.,-0.707106781186548));
#5038=DIRECTION('',(0.,0.,-1.));
#5039=DIRECTION('',(-1.,0.,0.));
#5040=DIRECTION('',(0.707106781186547,0.,0.707106781186548));
#5041=DIRECTION('',(0.707106781186548,-3.23633691962125E-16,0.707106781186547));
#5042=DIRECTION('',(-4.57687156413714E-16,-1.,0.));
#5043=DIRECTION('',(0.707106781186547,0.,-0.707106781186548));
#5044=DIRECTION('',(0.707106781186548,3.7757264062248E-16,-0.707106781186547));
#5045=DIRECTION('',(-5.33968349149334E-16,1.,0.));
#5046=DIRECTION('',(0.707106781186548,0.,0.707106781186548));
#5047=DIRECTION('',(0.,0.,1.));
#5048=DIRECTION('',(1.,0.,0.));
#5049=DIRECTION('',(-0.612372435695794,-0.353553390593275,-0.707106781186548));
#5050=DIRECTION('',(0.,0.,1.));
#5051=DIRECTION('',(1.,0.,0.));
#5052=DIRECTION('',(-0.612372435695794,0.353553390593275,0.707106781186548));
#5053=DIRECTION('',(0.612372435695795,0.353553390593274,-0.707106781186547));
#5054=DIRECTION('',(-0.5,0.866025403784439,0.));
#5055=DIRECTION('',(-0.612372435695794,-0.353553390593275,-0.707106781186548));
#5056=DIRECTION('',(0.612372435695796,-0.353553390593274,0.707106781186547));
#5057=DIRECTION('',(-0.5,-0.866025403784439,0.));
#5058=DIRECTION('',(-0.612372435695793,0.353553390593275,0.707106781186548));
#5059=DIRECTION('',(0.,0.,-1.));
#5060=DIRECTION('',(-1.,0.,0.));
#5061=DIRECTION('',(0.332039545334932,-0.624299399594275,-0.707106781186548));
#5062=DIRECTION('',(0.,0.,-1.));
#5063=DIRECTION('',(-1.,0.,0.));
#5064=DIRECTION('',(0.332039545334926,0.624299399594277,0.707106781186548));
#5065=DIRECTION('',(0.,0.,-1.));
#5066=DIRECTION('',(-1.,0.,0.));
#5067=DIRECTION('',(0.374639366948553,-0.59970438111822,-0.707106781186548));
#5068=DIRECTION('',(0.,0.,-1.));
#5069=DIRECTION('',(-1.,0.,0.));
#5070=DIRECTION('',(0.374639366948547,0.599704381118223,0.707106781186548));
#5071=DIRECTION('',(0.,0.,-1.));
#5072=DIRECTION('',(-1.,0.,0.));
#5073=DIRECTION('',(0.612372435695794,0.353553390593275,-0.707106781186548));
#5074=DIRECTION('',(0.,0.,-1.));
#5075=DIRECTION('',(-1.,0.,0.));
#5076=DIRECTION('',(0.612372435695794,-0.353553390593275,0.707106781186548));
#5077=DIRECTION('',(0.612372435695795,0.353553390593275,0.707106781186547));
#5078=DIRECTION('',(0.5,-0.866025403784438,0.));
#5079=DIRECTION('',(0.612372435695795,0.353553390593273,-0.707106781186548));
#5080=DIRECTION('',(0.612372435695795,-0.353553390593274,-0.707106781186547));
#5081=DIRECTION('',(0.5,0.866025403784439,0.));
#5082=DIRECTION('',(0.612372435695794,-0.353553390593275,0.707106781186548));
#5083=DIRECTION('',(0.,0.,1.));
#5084=DIRECTION('',(1.,0.,0.));
#5085=DIRECTION('',(-0.353553390593275,-0.612372435695794,-0.707106781186548));
#5086=DIRECTION('',(0.,0.,1.));
#5087=DIRECTION('',(1.,0.,0.));
#5088=DIRECTION('',(-0.353553390593273,0.612372435695794,0.707106781186548));
#5089=DIRECTION('',(0.353553390593274,0.612372435695795,-0.707106781186548));
#5090=DIRECTION('',(-0.866025403784439,0.5,0.));
#5091=DIRECTION('',(-0.353553390593274,-0.612372435695795,-0.707106781186547));
#5092=DIRECTION('',(0.353553390593275,-0.612372435695795,0.707106781186547));
#5093=DIRECTION('',(-0.866025403784439,-0.5,0.));
#5094=DIRECTION('',(-0.353553390593275,0.612372435695795,0.707106781186547));
#5095=DIRECTION('',(0.,0.,-1.));
#5096=DIRECTION('',(-1.,0.,0.));
#5097=DIRECTION('',(0.599704381118223,-0.374639366948547,-0.707106781186548));
#5098=DIRECTION('',(0.,0.,-1.));
#5099=DIRECTION('',(-1.,0.,0.));
#5100=DIRECTION('',(0.599704381118218,0.374639366948556,0.707106781186548));
#5101=DIRECTION('',(0.,0.,-1.));
#5102=DIRECTION('',(-1.,0.,0.));
#5103=DIRECTION('',(0.624299399594277,-0.332039545334926,-0.707106781186548));
#5104=DIRECTION('',(0.,0.,-1.));
#5105=DIRECTION('',(-1.,0.,0.));
#5106=DIRECTION('',(0.624299399594276,0.332039545334932,0.707106781186546));
#5107=DIRECTION('',(0.,0.,-1.));
#5108=DIRECTION('',(-1.,0.,0.));
#5109=DIRECTION('',(0.353553390593274,0.612372435695795,-0.707106781186547));
#5110=DIRECTION('',(0.,0.,-1.));
#5111=DIRECTION('',(-1.,0.,0.));
#5112=DIRECTION('',(0.353553390593274,-0.612372435695795,0.707106781186547));
#5113=DIRECTION('',(0.353553390593274,0.612372435695795,0.707106781186548));
#5114=DIRECTION('',(0.866025403784439,-0.5,0.));
#5115=DIRECTION('',(0.353553390593275,0.612372435695794,-0.707106781186548));
#5116=DIRECTION('',(0.353553390593274,-0.612372435695795,-0.707106781186547));
#5117=DIRECTION('',(0.866025403784439,0.5,0.));
#5118=DIRECTION('',(0.353553390593274,-0.612372435695794,0.707106781186548));
#5119=DIRECTION('',(0.,0.,1.));
#5120=DIRECTION('',(1.,0.,0.));
#5121=DIRECTION('',(0.,-0.707106781186547,-0.707106781186548));
#5122=DIRECTION('',(0.,0.,1.));
#5123=DIRECTION('',(1.,0.,0.));
#5124=DIRECTION('',(0.,0.707106781186548,0.707106781186548));
#5125=DIRECTION('',(-2.69694743301771E-16,0.707106781186548,-0.707106781186547));
#5126=DIRECTION('',(-1.,-3.81405963678096E-16,0.));
#5127=DIRECTION('',(0.,-0.707106781186547,-0.707106781186548));
#5128=DIRECTION('',(-2.69694743301771E-16,-0.707106781186548,0.707106781186547));
#5129=DIRECTION('',(-1.,3.81405963678095E-16,0.));
#5130=DIRECTION('',(0.,0.707106781186547,0.707106781186548));
#5131=DIRECTION('',(0.,0.,-1.));
#5132=DIRECTION('',(-1.,0.,0.));
#5133=DIRECTION('',(0.706678912283481,-0.0245950184760522,-0.707106781186547));
#5134=DIRECTION('',(0.,0.,-1.));
#5135=DIRECTION('',(-1.,0.,0.));
#5136=DIRECTION('',(0.706678912283479,0.024595018476058,0.707106781186549));
#5137=DIRECTION('',(0.,0.,-1.));
#5138=DIRECTION('',(-1.,0.,0.));
#5139=DIRECTION('',(0.706678912283479,0.0245950184760578,-0.707106781186549));
#5140=DIRECTION('',(0.,0.,-1.));
#5141=DIRECTION('',(-1.,0.,0.));
#5142=DIRECTION('',(0.706678912283482,-0.0245950184760523,0.707106781186546));
#5143=DIRECTION('',(0.,0.,-1.));
#5144=DIRECTION('',(-1.,0.,0.));
#5145=DIRECTION('',(0.,0.707106781186547,-0.707106781186548));
#5146=DIRECTION('',(0.,0.,-1.));
#5147=DIRECTION('',(-1.,0.,0.));
#5148=DIRECTION('',(0.,-0.707106781186547,0.707106781186548));
#5149=DIRECTION('',(3.23633691962126E-16,0.707106781186548,0.707106781186547));
#5150=DIRECTION('',(1.,-4.57687156413715E-16,0.));
#5151=DIRECTION('',(0.,0.707106781186547,-0.707106781186548));
#5152=DIRECTION('',(2.15755794641417E-16,-0.707106781186548,-0.707106781186547));
#5153=DIRECTION('',(1.,3.05124770942476E-16,0.));
#5154=DIRECTION('',(0.,-0.707106781186547,0.707106781186548));
#5155=DIRECTION('',(0.,0.,1.));
#5156=DIRECTION('',(1.,0.,0.));
#5157=DIRECTION('',(0.353553390593272,-0.612372435695795,-0.707106781186548));
#5158=DIRECTION('',(0.,0.,1.));
#5159=DIRECTION('',(1.,0.,0.));
#5160=DIRECTION('',(0.353553390593275,0.612372435695794,0.707106781186548));
#5161=DIRECTION('',(-0.353553390593274,0.612372435695795,-0.707106781186547));
#5162=DIRECTION('',(-0.866025403784439,-0.5,0.));
#5163=DIRECTION('',(0.353553390593275,-0.612372435695794,-0.707106781186548));
#5164=DIRECTION('',(-0.353553390593274,-0.612372435695796,0.707106781186547));
#5165=DIRECTION('',(-0.866025403784439,0.5,0.));
#5166=DIRECTION('',(0.353553390593275,0.612372435695793,0.707106781186549));
#5167=DIRECTION('',(0.,0.,-1.));
#5168=DIRECTION('',(-1.,0.,0.));
#5169=DIRECTION('',(0.624299399594275,0.332039545334932,-0.707106781186548));
#5170=DIRECTION('',(0.,0.,-1.));
#5171=DIRECTION('',(-1.,0.,0.));
#5172=DIRECTION('',(0.624299399594277,-0.332039545334926,0.707106781186548));
#5173=DIRECTION('',(0.,0.,-1.));
#5174=DIRECTION('',(-1.,0.,0.));
#5175=DIRECTION('',(0.59970438111822,0.374639366948554,-0.707106781186547));
#5176=DIRECTION('',(0.,0.,-1.));
#5177=DIRECTION('',(-1.,0.,0.));
#5178=DIRECTION('',(0.599704381118222,-0.374639366948549,0.707106781186548));
#5179=DIRECTION('',(0.,0.,-1.));
#5180=DIRECTION('',(-1.,0.,0.));
#5181=DIRECTION('',(-0.353553390593275,0.612372435695794,-0.707106781186548));
#5182=DIRECTION('',(0.,0.,-1.));
#5183=DIRECTION('',(-1.,0.,0.));
#5184=DIRECTION('',(-0.353553390593275,-0.612372435695794,0.707106781186548));
#5185=DIRECTION('',(-0.353553390593274,0.612372435695794,0.707106781186548));
#5186=DIRECTION('',(0.866025403784439,0.5,0.));
#5187=DIRECTION('',(-0.353553390593273,0.612372435695795,-0.707106781186548));
#5188=DIRECTION('',(-0.353553390593274,-0.612372435695795,-0.707106781186548));
#5189=DIRECTION('',(0.866025403784439,-0.5,0.));
#5190=DIRECTION('',(-0.353553390593273,-0.612372435695795,0.707106781186548));
#5191=DIRECTION('',(0.,0.,1.));
#5192=DIRECTION('',(1.,0.,0.));
#5193=DIRECTION('',(0.612372435695794,-0.353553390593275,-0.707106781186548));
#5194=DIRECTION('',(0.,0.,1.));
#5195=DIRECTION('',(1.,0.,0.));
#5196=DIRECTION('',(0.612372435695794,0.353553390593275,0.707106781186548));
#5197=DIRECTION('',(-0.612372435695795,0.353553390593274,-0.707106781186548));
#5198=DIRECTION('',(-0.5,-0.866025403784439,0.));
#5199=DIRECTION('',(0.612372435695794,-0.353553390593275,-0.707106781186548));
#5200=DIRECTION('',(-0.612372435695794,-0.353553390593274,0.707106781186548));
#5201=DIRECTION('',(-0.5,0.866025403784438,0.));
#5202=DIRECTION('',(0.612372435695794,0.353553390593275,0.707106781186548));
#5203=DIRECTION('',(0.,0.,-1.));
#5204=DIRECTION('',(-1.,0.,0.));
#5205=DIRECTION('',(0.374639366948549,0.599704381118222,-0.707106781186548));
#5206=DIRECTION('',(0.,0.,-1.));
#5207=DIRECTION('',(-1.,0.,0.));
#5208=DIRECTION('',(0.374639366948552,-0.599704381118221,0.707106781186547));
#5209=DIRECTION('',(0.,0.,-1.));
#5210=DIRECTION('',(-1.,0.,0.));
#5211=DIRECTION('',(0.332039545334926,0.624299399594277,-0.707106781186548));
#5212=DIRECTION('',(0.,0.,-1.));
#5213=DIRECTION('',(-1.,0.,0.));
#5214=DIRECTION('',(0.332039545334932,-0.624299399594275,0.707106781186548));
#5215=DIRECTION('',(0.,0.,-1.));
#5216=DIRECTION('',(-1.,0.,0.));
#5217=DIRECTION('',(-0.612372435695795,0.353553390593274,-0.707106781186547));
#5218=DIRECTION('',(0.,0.,-1.));
#5219=DIRECTION('',(-1.,0.,0.));
#5220=DIRECTION('',(-0.612372435695795,-0.353553390593274,0.707106781186547));
#5221=DIRECTION('',(-0.612372435695794,0.353553390593274,0.707106781186548));
#5222=DIRECTION('',(0.5,0.866025403784439,0.));
#5223=DIRECTION('',(-0.612372435695795,0.353553390593275,-0.707106781186547));
#5224=DIRECTION('',(-0.612372435695795,-0.353553390593274,-0.707106781186547));
#5225=DIRECTION('',(0.5,-0.866025403784439,0.));
#5226=DIRECTION('',(-0.612372435695794,-0.353553390593275,0.707106781186548));
#5227=DIRECTION('',(0.,0.,1.));
#5228=DIRECTION('',(1.,0.,0.));
#5229=DIRECTION('',(0.707106781186547,0.,-0.707106781186548));
#5230=DIRECTION('',(0.,0.,1.));
#5231=DIRECTION('',(1.,0.,0.));
#5232=DIRECTION('',(0.707106781186547,0.,0.707106781186548));
#5233=DIRECTION('',(-0.707106781186548,-5.39389486603543E-17,-0.707106781186547));
#5234=DIRECTION('',(7.62811927356191E-17,-1.,0.));
#5235=DIRECTION('',(0.707106781186547,0.,-0.707106781186548));
#5236=DIRECTION('',(-0.707106781186548,2.15755794641417E-16,0.707106781186547));
#5237=DIRECTION('',(3.05124770942476E-16,1.,0.));
#5238=DIRECTION('',(0.707106781186547,0.,0.707106781186548));
#5239=DIRECTION('',(0.,0.,-1.));
#5240=DIRECTION('',(-1.,0.,0.));
#5241=DIRECTION('',(0.0245950184760522,0.706678912283481,-0.707106781186547));
#5242=DIRECTION('',(0.,0.,-1.));
#5243=DIRECTION('',(-1.,0.,0.));
#5244=DIRECTION('',(0.0245950184760581,-0.706678912283479,0.707106781186549));
#5245=DIRECTION('',(0.,0.,-1.));
#5246=DIRECTION('',(-1.,0.,0.));
#5247=DIRECTION('',(0.,0.,1.));
#5248=DIRECTION('',(1.,0.,0.));
#5249=DIRECTION('',(-0.0245950184760522,-0.706678912283482,0.707106781186546));
#5250=DIRECTION('',(-0.024595018476058,0.70667891228348,-0.707106781186547));
#5251=DIRECTION('',(0.,0.,1.));
#5252=DIRECTION('',(1.,0.,0.));
#5253=DIRECTION('',(-0.707106781186547,0.,-0.707106781186548));
#5254=DIRECTION('',(0.,0.,1.));
#5255=DIRECTION('',(1.,0.,0.));
#5256=DIRECTION('',(-0.707106781186547,0.,0.707106781186548));
#5257=DIRECTION('',(-0.707106781186548,3.23633691962125E-16,0.707106781186547));
#5258=DIRECTION('',(4.57687156413714E-16,1.,0.));
#5259=DIRECTION('',(-0.707106781186547,0.,-0.707106781186548));
#5260=DIRECTION('',(-0.707106781186548,-3.7757264062248E-16,-0.707106781186547));
#5261=DIRECTION('',(5.33968349149334E-16,-1.,0.));
#5262=DIRECTION('',(-0.707106781186547,0.,0.707106781186548));
#5263=DIRECTION('',(0.,0.,-1.));
#5264=DIRECTION('',(-1.,0.,0.));
#5265=DIRECTION('',(0.612372435695794,0.353553390593274,-0.707106781186548));
#5266=DIRECTION('',(0.,0.,-1.));
#5267=DIRECTION('',(-1.,0.,0.));
#5268=DIRECTION('',(0.612372435695794,-0.353553390593274,0.707106781186548));
#5269=DIRECTION('',(-0.612372435695795,-0.353553390593274,-0.707106781186548));
#5270=DIRECTION('',(0.5,-0.866025403784439,0.));
#5271=DIRECTION('',(0.612372435695795,0.353553390593274,-0.707106781186548));
#5272=DIRECTION('',(-0.612372435695796,0.353553390593274,0.707106781186547));
#5273=DIRECTION('',(0.5,0.866025403784439,0.));
#5274=DIRECTION('',(0.612372435695793,-0.353553390593275,0.707106781186549));
#5275=DIRECTION('',(0.,0.,1.));
#5276=DIRECTION('',(1.,0.,0.));
#5277=DIRECTION('',(-0.33203954533493,0.624299399594273,-0.707106781186549));
#5278=DIRECTION('',(0.,0.,1.));
#5279=DIRECTION('',(1.,0.,0.));
#5280=DIRECTION('',(-0.332039545334926,-0.624299399594277,0.707106781186548));
#5281=DIRECTION('',(0.,0.,1.));
#5282=DIRECTION('',(1.,0.,0.));
#5283=DIRECTION('',(-0.374639366948553,0.59970438111822,-0.707106781186548));
#5284=DIRECTION('',(0.,0.,1.));
#5285=DIRECTION('',(1.,0.,0.));
#5286=DIRECTION('',(-0.374639366948548,-0.599704381118222,0.707106781186548));
#5287=DIRECTION('',(0.,0.,1.));
#5288=DIRECTION('',(1.,0.,0.));
#5289=DIRECTION('',(-0.612372435695794,-0.353553390593274,-0.707106781186548));
#5290=DIRECTION('',(0.,0.,1.));
#5291=DIRECTION('',(1.,0.,0.));
#5292=DIRECTION('',(-0.612372435695794,0.353553390593274,0.707106781186548));
#5293=DIRECTION('',(-0.612372435695795,-0.353553390593275,0.707106781186547));
#5294=DIRECTION('',(-0.5,0.866025403784438,0.));
#5295=DIRECTION('',(-0.612372435695795,-0.353553390593273,-0.707106781186548));
#5296=DIRECTION('',(-0.612372435695796,0.353553390593275,-0.707106781186546));
#5297=DIRECTION('',(-0.5,-0.866025403784439,0.));
#5298=DIRECTION('',(-0.612372435695792,0.353553390593275,0.707106781186549));
#5299=DIRECTION('',(0.,0.,-1.));
#5300=DIRECTION('',(-1.,0.,0.));
#5301=DIRECTION('',(0.353553390593274,0.612372435695794,-0.707106781186548));
#5302=DIRECTION('',(0.,0.,-1.));
#5303=DIRECTION('',(-1.,0.,0.));
#5304=DIRECTION('',(0.353553390593273,-0.612372435695794,0.707106781186549));
#5305=DIRECTION('',(-0.353553390593274,-0.612372435695795,-0.707106781186547));
#5306=DIRECTION('',(0.866025403784439,-0.5,0.));
#5307=DIRECTION('',(0.353553390593275,0.612372435695794,-0.707106781186548));
#5308=DIRECTION('',(-0.353553390593275,0.612372435695795,0.707106781186547));
#5309=DIRECTION('',(0.866025403784439,0.5,0.));
#5310=DIRECTION('',(0.353553390593274,-0.612372435695794,0.707106781186548));
#5311=DIRECTION('',(0.,0.,1.));
#5312=DIRECTION('',(1.,0.,0.));
#5313=DIRECTION('',(-0.599704381118222,0.374639366948548,-0.707106781186548));
#5314=DIRECTION('',(0.,0.,1.));
#5315=DIRECTION('',(1.,0.,0.));
#5316=DIRECTION('',(-0.599704381118217,-0.374639366948556,0.707106781186548));
#5317=DIRECTION('',(0.,0.,1.));
#5318=DIRECTION('',(1.,0.,0.));
#5319=DIRECTION('',(-0.624299399594277,0.332039545334926,-0.707106781186548));
#5320=DIRECTION('',(0.,0.,1.));
#5321=DIRECTION('',(1.,0.,0.));
#5322=DIRECTION('',(-0.624299399594276,-0.332039545334932,0.707106781186547));
#5323=DIRECTION('',(0.,0.,1.));
#5324=DIRECTION('',(1.,0.,0.));
#5325=DIRECTION('',(-0.353553390593274,-0.612372435695795,-0.707106781186548));
#5326=DIRECTION('',(0.,0.,1.));
#5327=DIRECTION('',(1.,0.,0.));
#5328=DIRECTION('',(-0.353553390593274,0.612372435695794,0.707106781186548));
#5329=DIRECTION('',(-0.353553390593274,-0.612372435695795,0.707106781186547));
#5330=DIRECTION('',(-0.866025403784439,0.5,0.));
#5331=DIRECTION('',(-0.353553390593274,-0.612372435695794,-0.707106781186548));
#5332=DIRECTION('',(-0.353553390593274,0.612372435695795,-0.707106781186547));
#5333=DIRECTION('',(-0.866025403784439,-0.5,0.));
#5334=DIRECTION('',(-0.353553390593273,0.612372435695794,0.707106781186548));
#5335=DIRECTION('',(0.,0.,-1.));
#5336=DIRECTION('',(-1.,0.,0.));
#5337=DIRECTION('',(0.,0.707106781186547,-0.707106781186548));
#5338=DIRECTION('',(0.,0.,-1.));
#5339=DIRECTION('',(-1.,0.,0.));
#5340=DIRECTION('',(0.,-0.707106781186547,0.707106781186548));
#5341=DIRECTION('',(2.69694743301771E-16,-0.707106781186548,-0.707106781186547));
#5342=DIRECTION('',(1.,3.81405963678096E-16,0.));
#5343=DIRECTION('',(0.,0.707106781186547,-0.707106781186548));
#5344=DIRECTION('',(2.69694743301771E-16,0.707106781186548,0.707106781186547));
#5345=DIRECTION('',(1.,-3.81405963678095E-16,0.));
#5346=DIRECTION('',(0.,-0.707106781186547,0.707106781186548));
#5347=DIRECTION('',(0.,0.,1.));
#5348=DIRECTION('',(1.,0.,0.));
#5349=DIRECTION('',(-0.70667891228348,0.0245950184760521,-0.707106781186548));
#5350=DIRECTION('',(0.,0.,1.));
#5351=DIRECTION('',(1.,0.,0.));
#5352=DIRECTION('',(-0.706678912283479,-0.024595018476058,0.707106781186549));
#5353=DIRECTION('',(0.,0.,1.));
#5354=DIRECTION('',(1.,0.,0.));
#5355=DIRECTION('',(-0.70667891228348,-0.0245950184760578,-0.707106781186547));
#5356=DIRECTION('',(0.,0.,1.));
#5357=DIRECTION('',(1.,0.,0.));
#5358=DIRECTION('',(-0.706678912283482,0.0245950184760523,0.707106781186546));
#5359=DIRECTION('',(0.,0.,1.));
#5360=DIRECTION('',(1.,0.,0.));
#5361=DIRECTION('',(0.,-0.707106781186547,-0.707106781186548));
#5362=DIRECTION('',(0.,0.,1.));
#5363=DIRECTION('',(1.,0.,0.));
#5364=DIRECTION('',(0.,0.707106781186547,0.707106781186548));
#5365=DIRECTION('',(-3.23633691962126E-16,-0.707106781186548,0.707106781186547));
#5366=DIRECTION('',(-1.,4.57687156413715E-16,0.));
#5367=DIRECTION('',(0.,-0.707106781186547,-0.707106781186548));
#5368=DIRECTION('',(-2.15755794641417E-16,0.707106781186548,-0.707106781186547));
#5369=DIRECTION('',(-1.,-3.05124770942476E-16,0.));
#5370=DIRECTION('',(0.,0.707106781186547,0.707106781186548));
#5371=DIRECTION('',(0.,0.,-1.));
#5372=DIRECTION('',(-1.,0.,0.));
#5373=DIRECTION('',(-0.353553390593272,0.612372435695795,-0.707106781186548));
#5374=DIRECTION('',(0.,0.,-1.));
#5375=DIRECTION('',(-1.,0.,0.));
#5376=DIRECTION('',(-0.353553390593274,-0.612372435695794,0.707106781186548));
#5377=DIRECTION('',(0.353553390593274,-0.612372435695795,-0.707106781186547));
#5378=DIRECTION('',(0.866025403784439,0.5,0.));
#5379=DIRECTION('',(-0.353553390593275,0.612372435695794,-0.707106781186548));
#5380=DIRECTION('',(0.353553390593274,0.612372435695796,0.707106781186547));
#5381=DIRECTION('',(0.866025403784439,-0.5,0.));
#5382=DIRECTION('',(-0.353553390593275,-0.612372435695793,0.707106781186549));
#5383=DIRECTION('',(0.,0.,1.));
#5384=DIRECTION('',(1.,0.,0.));
#5385=DIRECTION('',(-0.624299399594274,-0.332039545334931,-0.707106781186548));
#5386=DIRECTION('',(0.,0.,1.));
#5387=DIRECTION('',(1.,0.,0.));
#5388=DIRECTION('',(-0.624299399594277,0.332039545334926,0.707106781186548));
#5389=DIRECTION('',(0.,0.,1.));
#5390=DIRECTION('',(1.,0.,0.));
#5391=DIRECTION('',(-0.599704381118221,-0.374639366948554,-0.707106781186546));
#5392=DIRECTION('',(0.,0.,1.));
#5393=DIRECTION('',(1.,0.,0.));
#5394=DIRECTION('',(-0.599704381118222,0.374639366948549,0.707106781186548));
#5395=DIRECTION('',(0.,0.,1.));
#5396=DIRECTION('',(1.,0.,0.));
#5397=DIRECTION('',(0.353553390593274,-0.612372435695794,-0.707106781186548));
#5398=DIRECTION('',(0.,0.,1.));
#5399=DIRECTION('',(1.,0.,0.));
#5400=DIRECTION('',(0.353553390593274,0.612372435695794,0.707106781186548));
#5401=DIRECTION('',(0.353553390593274,-0.612372435695795,0.707106781186548));
#5402=DIRECTION('',(-0.866025403784439,-0.5,0.));
#5403=DIRECTION('',(0.353553390593273,-0.612372435695795,-0.707106781186548));
#5404=DIRECTION('',(0.353553390593274,0.612372435695795,-0.707106781186547));
#5405=DIRECTION('',(-0.866025403784439,0.5,0.));
#5406=DIRECTION('',(0.353553390593273,0.612372435695794,0.707106781186548));
#5407=DIRECTION('',(0.,0.,-1.));
#5408=DIRECTION('',(-1.,0.,0.));
#5409=DIRECTION('',(-0.612372435695794,0.353553390593274,-0.707106781186548));
#5410=DIRECTION('',(0.,0.,-1.));
#5411=DIRECTION('',(-1.,0.,0.));
#5412=DIRECTION('',(-0.612372435695794,-0.353553390593274,0.707106781186548));
#5413=DIRECTION('',(0.612372435695795,-0.353553390593274,-0.707106781186547));
#5414=DIRECTION('',(0.5,0.866025403784439,0.));
#5415=DIRECTION('',(-0.612372435695794,0.353553390593275,-0.707106781186548));
#5416=DIRECTION('',(0.612372435695794,0.353553390593275,0.707106781186548));
#5417=DIRECTION('',(0.5,-0.866025403784438,0.));
#5418=DIRECTION('',(-0.612372435695795,-0.353553390593274,0.707106781186548));
#5419=DIRECTION('',(0.,0.,1.));
#5420=DIRECTION('',(1.,0.,0.));
#5421=DIRECTION('',(-0.374639366948549,-0.599704381118222,-0.707106781186548));
#5422=DIRECTION('',(0.,0.,1.));
#5423=DIRECTION('',(1.,0.,0.));
#5424=DIRECTION('',(-0.374639366948553,0.59970438111822,0.707106781186548));
#5425=DIRECTION('',(0.,0.,1.));
#5426=DIRECTION('',(1.,0.,0.));
#5427=DIRECTION('',(-0.332039545334926,-0.624299399594277,-0.707106781186548));
#5428=DIRECTION('',(0.,0.,1.));
#5429=DIRECTION('',(1.,0.,0.));
#5430=DIRECTION('',(-0.332039545334931,0.624299399594274,0.707106781186548));
#5431=DIRECTION('',(0.,0.,1.));
#5432=DIRECTION('',(1.,0.,0.));
#5433=DIRECTION('',(0.612372435695795,-0.353553390593274,-0.707106781186548));
#5434=DIRECTION('',(0.,0.,1.));
#5435=DIRECTION('',(1.,0.,0.));
#5436=DIRECTION('',(0.612372435695795,0.353553390593272,0.707106781186548));
#5437=DIRECTION('',(0.612372435695795,-0.353553390593274,0.707106781186548));
#5438=DIRECTION('',(-0.5,-0.866025403784439,0.));
#5439=DIRECTION('',(0.612372435695794,-0.353553390593274,-0.707106781186548));
#5440=DIRECTION('',(0.612372435695796,0.353553390593274,-0.707106781186547));
#5441=DIRECTION('',(-0.5,0.866025403784439,0.));
#5442=DIRECTION('',(0.612372435695793,0.353553390593275,0.707106781186548));
#5443=DIRECTION('',(0.,0.,-1.));
#5444=DIRECTION('',(-1.,0.,0.));
#5445=DIRECTION('',(-0.707106781186547,0.,-0.707106781186548));
#5446=DIRECTION('',(0.,0.,-1.));
#5447=DIRECTION('',(-1.,0.,0.));
#5448=DIRECTION('',(-0.707106781186547,0.,0.707106781186548));
#5449=DIRECTION('',(0.707106781186548,5.39389486603543E-17,-0.707106781186547));
#5450=DIRECTION('',(-7.62811927356191E-17,1.,0.));
#5451=DIRECTION('',(-0.707106781186547,0.,-0.707106781186548));
#5452=DIRECTION('',(0.707106781186548,-2.15755794641417E-16,0.707106781186547));
#5453=DIRECTION('',(-3.05124770942476E-16,-1.,0.));
#5454=DIRECTION('',(-0.707106781186547,0.,0.707106781186548));
#5455=DIRECTION('',(0.,0.,1.));
#5456=DIRECTION('',(1.,0.,0.));
#5457=DIRECTION('',(-0.0245950184760521,-0.70667891228348,-0.707106781186548));
#5458=DIRECTION('',(0.,0.,1.));
#5459=DIRECTION('',(1.,0.,0.));
#5460=DIRECTION('',(-0.0245950184760581,0.706678912283479,0.707106781186549));
#5461=DIRECTION('',(0.,0.,1.));
#5462=DIRECTION('',(1.,0.,0.));
#5463=CARTESIAN_POINT('',(0.,0.,0.));
#5464=CARTESIAN_POINT('',(0.701209982175002,-0.701209982175002,0.3));
#5465=CARTESIAN_POINT('',(0.759540315606644,-0.600178881048965,0.3));
#5466=CARTESIAN_POINT('',(0.759540315606644,-0.600178881048965,0.25));
#5467=CARTESIAN_POINT('',(0.759540315606644,-0.600178881048965,-0.25));
#5468=CARTESIAN_POINT('',(0.701209982175002,-0.701209982175002,0.25));
#5469=CARTESIAN_POINT('',(0.600178881048964,-0.759540315606645,0.25));
#5470=CARTESIAN_POINT('',(0.600178881048964,-0.759540315606645,0.3));
#5471=CARTESIAN_POINT('',(0.600178881048964,-0.759540315606645,-0.25));
#5472=CARTESIAN_POINT('',(0.701209982175002,-0.701209982175002,-0.25));
#5473=CARTESIAN_POINT('',(0.882630502130732,-0.671245033373248,0.3));
#5474=CARTESIAN_POINT('',(0.925326579570746,-0.695895625176581,0.3));
#5475=CARTESIAN_POINT('',(0.925326579570746,-0.695895625176581,-0.25));
#5476=CARTESIAN_POINT('',(0.925326579570746,-0.695895625176581,0.25));
#5477=CARTESIAN_POINT('',(0.882630502130732,-0.671245033373248,0.25));
#5478=CARTESIAN_POINT('',(0.925326579570746,-0.695895625176581,-0.25));
#5479=CARTESIAN_POINT('',(3.77302356024956E-14,-2.81458883977237E-14,0.3));
#5480=CARTESIAN_POINT('',(1.10361584735951,-0.586968535321067,0.3));
#5481=CARTESIAN_POINT('',(1.10361584735951,-0.586968535321067,-0.25));
#5482=CARTESIAN_POINT('',(1.10361584735951,-0.586968535321067,0.25));
#5483=CARTESIAN_POINT('',(3.77302356024956E-14,-2.81458883977237E-14,0.25));
#5484=CARTESIAN_POINT('',(1.06013758648994,-0.662275092171888,0.25));
#5485=CARTESIAN_POINT('',(1.06013758648994,-0.662275092171888,0.3));
#5486=CARTESIAN_POINT('',(1.06013758648994,-0.662275092171888,-0.25));
#5487=CARTESIAN_POINT('',(3.77302356024956E-14,-2.81458883977237E-14,-0.25));
#5488=CARTESIAN_POINT('',(1.02263050213073,-0.428757920313605,0.3));
#5489=CARTESIAN_POINT('',(0.899540315606644,-0.357691767989322,0.3));
#5490=CARTESIAN_POINT('',(0.899540315606644,-0.357691767989322,0.25));
#5491=CARTESIAN_POINT('',(0.899540315606644,-0.357691767989322,-0.25));
#5492=CARTESIAN_POINT('',(1.06532657957075,-0.453408512116938,0.25));
#5493=CARTESIAN_POINT('',(1.06532657957075,-0.453408512116938,0.25));
#5494=CARTESIAN_POINT('',(1.06532657957075,-0.453408512116938,0.3));
#5495=CARTESIAN_POINT('',(1.06532657957075,-0.453408512116938,-0.25));
#5496=CARTESIAN_POINT('',(1.02263050213073,-0.428757920313605,-0.25));
#5497=CARTESIAN_POINT('',(0.957870649038287,-0.256660666863284,0.3));
#5498=CARTESIAN_POINT('',(0.957870649038287,-0.14,0.3));
#5499=CARTESIAN_POINT('',(0.957870649038287,-0.14,0.25));
#5500=CARTESIAN_POINT('',(0.957870649038287,-0.14,-0.25));
#5501=CARTESIAN_POINT('',(0.957870649038287,-0.256660666863284,0.25));
#5502=CARTESIAN_POINT('',(0.957870649038287,-0.256660666863284,-0.25));
#5503=CARTESIAN_POINT('',(1.10000295368685,-0.14,0.3));
#5504=CARTESIAN_POINT('',(1.14930413729352,-0.14,0.3));
#5505=CARTESIAN_POINT('',(1.14930413729352,-0.14,-0.25));
#5506=CARTESIAN_POINT('',(1.14930413729352,-0.14,0.25));
#5507=CARTESIAN_POINT('',(1.10000295368685,-0.14,0.25));
#5508=CARTESIAN_POINT('',(1.14930413729352,-0.14,-0.25));
#5509=CARTESIAN_POINT('',(6.34908792207511E-14,-4.97349403980047E-15,0.3));
#5510=CARTESIAN_POINT('',(1.24924362749296,0.043478260869565,0.3));
#5511=CARTESIAN_POINT('',(1.24924362749296,0.043478260869565,-0.25));
#5512=CARTESIAN_POINT('',(1.24924362749296,0.043478260869565,0.25));
#5513=CARTESIAN_POINT('',(6.34908792207511E-14,-4.97349403980047E-15,0.25));
#5514=CARTESIAN_POINT('',(1.24924362749296,-0.043478260869565,0.25));
#5515=CARTESIAN_POINT('',(1.24924362749296,-0.043478260869565,0.3));
#5516=CARTESIAN_POINT('',(1.24924362749296,-0.043478260869565,-0.25));
#5517=CARTESIAN_POINT('',(6.34908792207511E-14,-4.97349403980047E-15,-0.25));
#5518=CARTESIAN_POINT('',(1.10000295368685,0.14,0.3));
#5519=CARTESIAN_POINT('',(0.957870649038287,0.14,0.3));
#5520=CARTESIAN_POINT('',(0.957870649038287,0.14,0.25));
#5521=CARTESIAN_POINT('',(0.957870649038287,0.14,-0.25));
#5522=CARTESIAN_POINT('',(1.14930413729352,0.14,0.25));
#5523=CARTESIAN_POINT('',(1.14930413729352,0.14,0.25));
#5524=CARTESIAN_POINT('',(1.14930413729352,0.14,0.3));
#5525=CARTESIAN_POINT('',(1.14930413729352,0.14,-0.25));
#5526=CARTESIAN_POINT('',(1.10000295368685,0.14,-0.25));
#5527=CARTESIAN_POINT('',(0.957870649038287,0.256660666863284,0.3));
#5528=CARTESIAN_POINT('',(0.899540315606645,0.357691767989322,0.3));
#5529=CARTESIAN_POINT('',(0.899540315606645,0.357691767989322,0.25));
#5530=CARTESIAN_POINT('',(0.899540315606645,0.357691767989322,-0.25));
#5531=CARTESIAN_POINT('',(0.957870649038287,0.256660666863284,0.25));
#5532=CARTESIAN_POINT('',(0.957870649038287,0.256660666863284,-0.25));
#5533=CARTESIAN_POINT('',(1.02263050213073,0.428757920313604,0.3));
#5534=CARTESIAN_POINT('',(1.06532657957075,0.453408512116937,0.3));
#5535=CARTESIAN_POINT('',(1.06532657957075,0.453408512116937,-0.25));
#5536=CARTESIAN_POINT('',(1.06532657957075,0.453408512116937,0.25));
#5537=CARTESIAN_POINT('',(1.02263050213073,0.428757920313604,0.25));
#5538=CARTESIAN_POINT('',(1.06532657957075,0.453408512116937,-0.25));
#5539=CARTESIAN_POINT('',(6.86083134748827E-14,3.35668992601512E-14,0.3));
#5540=CARTESIAN_POINT('',(1.06013758648994,0.662275092171889,0.3));
#5541=CARTESIAN_POINT('',(1.06013758648994,0.662275092171889,-0.25));
#5542=CARTESIAN_POINT('',(1.06013758648994,0.662275092171889,0.25));
#5543=CARTESIAN_POINT('',(6.86083134748827E-14,3.35668992601512E-14,0.25));
#5544=CARTESIAN_POINT('',(1.10361584735951,0.586968535321067,0.25));
#5545=CARTESIAN_POINT('',(1.10361584735951,0.586968535321067,0.3));
#5546=CARTESIAN_POINT('',(1.10361584735951,0.586968535321067,-0.25));
#5547=CARTESIAN_POINT('',(6.86083134748827E-14,3.35668992601512E-14,-0.25));
#5548=CARTESIAN_POINT('',(0.882630502130732,0.671245033373248,0.3));
#5549=CARTESIAN_POINT('',(0.759540315606644,0.600178881048965,0.3));
#5550=CARTESIAN_POINT('',(0.759540315606644,0.600178881048965,0.25));
#5551=CARTESIAN_POINT('',(0.759540315606644,0.600178881048965,-0.25));
#5552=CARTESIAN_POINT('',(0.925326579570745,0.695895625176581,0.25));
#5553=CARTESIAN_POINT('',(0.925326579570745,0.695895625176581,0.25));
#5554=CARTESIAN_POINT('',(0.925326579570745,0.695895625176581,0.3));
#5555=CARTESIAN_POINT('',(0.925326579570745,0.695895625176581,-0.25));
#5556=CARTESIAN_POINT('',(0.882630502130732,0.671245033373248,-0.25));
#5557=CARTESIAN_POINT('',(0.701209982175002,0.701209982175002,0.3));
#5558=CARTESIAN_POINT('',(0.600178881048964,0.759540315606645,0.3));
#5559=CARTESIAN_POINT('',(0.600178881048964,0.759540315606645,0.25));
#5560=CARTESIAN_POINT('',(0.600178881048964,0.759540315606645,-0.25));
#5561=CARTESIAN_POINT('',(0.701209982175002,0.701209982175002,0.25));
#5562=CARTESIAN_POINT('',(0.701209982175002,0.701209982175002,-0.25));
#5563=CARTESIAN_POINT('',(0.671245033373248,0.882630502130732,0.3));
#5564=CARTESIAN_POINT('',(0.695895625176581,0.925326579570746,0.3));
#5565=CARTESIAN_POINT('',(0.695895625176581,0.925326579570746,-0.25));
#5566=CARTESIAN_POINT('',(0.695895625176581,0.925326579570746,0.25));
#5567=CARTESIAN_POINT('',(0.671245033373248,0.882630502130732,0.25));
#5568=CARTESIAN_POINT('',(0.695895625176581,0.925326579570746,-0.25));
#5569=CARTESIAN_POINT('',(3.50414142147315E-14,5.14345510627123E-14,0.3));
#5570=CARTESIAN_POINT('',(0.586968535321067,1.10361584735951,0.3));
#5571=CARTESIAN_POINT('',(0.586968535321067,1.10361584735951,-0.25));
#5572=CARTESIAN_POINT('',(0.586968535321067,1.10361584735951,0.25));
#5573=CARTESIAN_POINT('',(3.50414142147315E-14,5.14345510627123E-14,0.25));
#5574=CARTESIAN_POINT('',(0.662275092171888,1.06013758648994,0.25));
#5575=CARTESIAN_POINT('',(0.662275092171888,1.06013758648994,0.3));
#5576=CARTESIAN_POINT('',(0.662275092171888,1.06013758648994,-0.25));
#5577=CARTESIAN_POINT('',(3.50414142147315E-14,5.14345510627123E-14,-0.25));
#5578=CARTESIAN_POINT('',(0.428757920313605,1.02263050213073,0.3));
#5579=CARTESIAN_POINT('',(0.357691767989322,0.899540315606645,0.3));
#5580=CARTESIAN_POINT('',(0.357691767989322,0.899540315606645,0.25));
#5581=CARTESIAN_POINT('',(0.357691767989322,0.899540315606645,-0.25));
#5582=CARTESIAN_POINT('',(0.453408512116938,1.06532657957075,0.25));
#5583=CARTESIAN_POINT('',(0.453408512116938,1.06532657957075,0.25));
#5584=CARTESIAN_POINT('',(0.453408512116938,1.06532657957075,0.3));
#5585=CARTESIAN_POINT('',(0.453408512116938,1.06532657957075,-0.25));
#5586=CARTESIAN_POINT('',(0.428757920313605,1.02263050213073,-0.25));
#5587=CARTESIAN_POINT('',(0.256660666863284,0.957870649038287,0.3));
#5588=CARTESIAN_POINT('',(0.14,0.957870649038287,0.3));
#5589=CARTESIAN_POINT('',(0.14,0.957870649038287,0.25));
#5590=CARTESIAN_POINT('',(0.14,0.957870649038287,-0.25));
#5591=CARTESIAN_POINT('',(0.256660666863284,0.957870649038287,0.25));
#5592=CARTESIAN_POINT('',(0.256660666863284,0.957870649038287,-0.25));
#5593=CARTESIAN_POINT('',(0.14,1.10000295368685,0.3));
#5594=CARTESIAN_POINT('',(0.14,1.14930413729352,0.3));
#5595=CARTESIAN_POINT('',(0.14,1.14930413729352,-0.25));
#5596=CARTESIAN_POINT('',(0.14,1.14930413729352,0.25));
#5597=CARTESIAN_POINT('',(0.14,1.10000295368685,0.25));
#5598=CARTESIAN_POINT('',(0.14,1.14930413729352,-0.25));
#5599=CARTESIAN_POINT('',(4.71328551840395E-15,6.22765727875674E-14,0.3));
#5600=CARTESIAN_POINT('',(-0.0434782608695658,1.24924362749296,0.3));
#5601=CARTESIAN_POINT('',(-0.0434782608695658,1.24924362749296,-0.25));
#5602=CARTESIAN_POINT('',(-0.0434782608695658,1.24924362749296,0.25));
#5603=CARTESIAN_POINT('',(4.71328551840395E-15,6.22765727875674E-14,0.25));
#5604=CARTESIAN_POINT('',(0.0434782608695649,1.24924362749296,0.25));
#5605=CARTESIAN_POINT('',(0.0434782608695649,1.24924362749296,0.3));
#5606=CARTESIAN_POINT('',(0.0434782608695649,1.24924362749296,-0.25));
#5607=CARTESIAN_POINT('',(4.71328551840395E-15,6.22765727875674E-14,-0.25));
#5608=CARTESIAN_POINT('',(-0.14,1.10000295368685,0.3));
#5609=CARTESIAN_POINT('',(-0.14,0.957870649038287,0.3));
#5610=CARTESIAN_POINT('',(-0.14,0.957870649038287,0.25));
#5611=CARTESIAN_POINT('',(-0.14,0.957870649038287,-0.25));
#5612=CARTESIAN_POINT('',(-0.14,1.14930413729352,0.25));
#5613=CARTESIAN_POINT('',(-0.14,1.14930413729352,0.25));
#5614=CARTESIAN_POINT('',(-0.14,1.14930413729352,0.3));
#5615=CARTESIAN_POINT('',(-0.14,1.14930413729352,-0.25));
#5616=CARTESIAN_POINT('',(-0.14,1.10000295368685,-0.25));
#5617=CARTESIAN_POINT('',(-0.256660666863284,0.957870649038286,0.3));
#5618=CARTESIAN_POINT('',(-0.357691767989322,0.899540315606644,0.3));
#5619=CARTESIAN_POINT('',(-0.357691767989322,0.899540315606644,0.25));
#5620=CARTESIAN_POINT('',(-0.357691767989322,0.899540315606644,-0.25));
#5621=CARTESIAN_POINT('',(-0.256660666863284,0.957870649038286,0.25));
#5622=CARTESIAN_POINT('',(-0.256660666863284,0.957870649038286,-0.25));
#5623=CARTESIAN_POINT('',(-0.428757920313605,1.02263050213073,0.3));
#5624=CARTESIAN_POINT('',(-0.453408512116938,1.06532657957075,0.3));
#5625=CARTESIAN_POINT('',(-0.453408512116938,1.06532657957075,-0.25));
#5626=CARTESIAN_POINT('',(-0.453408512116938,1.06532657957075,0.25));
#5627=CARTESIAN_POINT('',(-0.428757920313605,1.02263050213073,0.25));
#5628=CARTESIAN_POINT('',(-0.453408512116938,1.06532657957075,-0.25));
#5629=CARTESIAN_POINT('',(-2.99673480474994E-14,6.04551131377917E-14,0.3));
#5630=CARTESIAN_POINT('',(-0.662275092171889,1.06013758648994,0.3));
#5631=CARTESIAN_POINT('',(-0.662275092171889,1.06013758648994,-0.25));
#5632=CARTESIAN_POINT('',(-0.662275092171889,1.06013758648994,0.25));
#5633=CARTESIAN_POINT('',(-2.99673480474994E-14,6.04551131377917E-14,0.25));
#5634=CARTESIAN_POINT('',(-0.586968535321068,1.10361584735951,0.25));
#5635=CARTESIAN_POINT('',(-0.586968535321068,1.10361584735951,0.3));
#5636=CARTESIAN_POINT('',(-0.586968535321068,1.10361584735951,-0.25));
#5637=CARTESIAN_POINT('',(-2.99673480474994E-14,6.04551131377917E-14,-0.25));
#5638=CARTESIAN_POINT('',(-0.671245033373248,0.882630502130732,0.3));
#5639=CARTESIAN_POINT('',(-0.600178881048965,0.759540315606644,0.3));
#5640=CARTESIAN_POINT('',(-0.600178881048965,0.759540315606644,0.25));
#5641=CARTESIAN_POINT('',(-0.600178881048965,0.759540315606644,-0.25));
#5642=CARTESIAN_POINT('',(-0.695895625176581,0.925326579570745,0.25));
#5643=CARTESIAN_POINT('',(-0.695895625176581,0.925326579570745,0.25));
#5644=CARTESIAN_POINT('',(-0.695895625176581,0.925326579570745,0.3));
#5645=CARTESIAN_POINT('',(-0.695895625176581,0.925326579570745,-0.25));
#5646=CARTESIAN_POINT('',(-0.671245033373248,0.882630502130732,-0.25));
#5647=CARTESIAN_POINT('',(-0.701209982175002,0.701209982175002,0.3));
#5648=CARTESIAN_POINT('',(-0.759540315606645,0.600178881048965,0.3));
#5649=CARTESIAN_POINT('',(-0.759540315606645,0.600178881048965,0.25));
#5650=CARTESIAN_POINT('',(-0.759540315606645,0.600178881048965,-0.25));
#5651=CARTESIAN_POINT('',(-0.701209982175002,0.701209982175002,0.25));
#5652=CARTESIAN_POINT('',(-0.701209982175002,0.701209982175002,-0.25));
#5653=CARTESIAN_POINT('',(-0.882630502130733,0.671245033373248,0.3));
#5654=CARTESIAN_POINT('',(-0.925326579570746,0.695895625176581,0.3));
#5655=CARTESIAN_POINT('',(-0.925326579570746,0.695895625176581,-0.25));
#5656=CARTESIAN_POINT('',(-0.925326579570746,0.695895625176581,0.25));
#5657=CARTESIAN_POINT('',(-0.882630502130733,0.671245033373248,0.25));
#5658=CARTESIAN_POINT('',(-0.925326579570746,0.695895625176581,-0.25));
#5659=CARTESIAN_POINT('',(-3.79037079500932E-14,2.77122075287295E-14,0.3));
#5660=CARTESIAN_POINT('',(-1.10361584735951,0.586968535321067,0.3));
#5661=CARTESIAN_POINT('',(-1.10361584735951,0.586968535321067,-0.25));
#5662=CARTESIAN_POINT('',(-1.10361584735951,0.586968535321067,0.25));
#5663=CARTESIAN_POINT('',(-3.79037079500932E-14,2.77122075287295E-14,0.25));
#5664=CARTESIAN_POINT('',(-1.06013758648994,0.662275092171888,0.25));
#5665=CARTESIAN_POINT('',(-1.06013758648994,0.662275092171888,0.3));
#5666=CARTESIAN_POINT('',(-1.06013758648994,0.662275092171888,-0.25));
#5667=CARTESIAN_POINT('',(-3.79037079500932E-14,2.77122075287295E-14,-0.25));
#5668=CARTESIAN_POINT('',(-1.02263050213073,0.428757920313605,0.3));
#5669=CARTESIAN_POINT('',(-0.899540315606645,0.357691767989322,0.3));
#5670=CARTESIAN_POINT('',(-0.899540315606645,0.357691767989322,0.25));
#5671=CARTESIAN_POINT('',(-0.899540315606645,0.357691767989322,-0.25));
#5672=CARTESIAN_POINT('',(-1.06532657957075,0.453408512116938,0.25));
#5673=CARTESIAN_POINT('',(-1.06532657957075,0.453408512116938,0.25));
#5674=CARTESIAN_POINT('',(-1.06532657957075,0.453408512116938,0.3));
#5675=CARTESIAN_POINT('',(-1.06532657957075,0.453408512116938,-0.25));
#5676=CARTESIAN_POINT('',(-1.02263050213073,0.428757920313605,-0.25));
#5677=CARTESIAN_POINT('',(-0.957870649038287,0.256660666863284,0.3));
#5678=CARTESIAN_POINT('',(-0.957870649038287,0.14,0.3));
#5679=CARTESIAN_POINT('',(-0.957870649038287,0.14,0.25));
#5680=CARTESIAN_POINT('',(-0.957870649038287,0.14,-0.25));
#5681=CARTESIAN_POINT('',(-0.957870649038287,0.256660666863284,0.25));
#5682=CARTESIAN_POINT('',(-0.957870649038287,0.256660666863284,-0.25));
#5683=CARTESIAN_POINT('',(-1.10000295368685,0.14,0.3));
#5684=CARTESIAN_POINT('',(-1.14930413729352,0.14,0.3));
#5685=CARTESIAN_POINT('',(-1.14930413729352,0.14,-0.25));
#5686=CARTESIAN_POINT('',(-1.14930413729352,0.14,0.25));
#5687=CARTESIAN_POINT('',(-1.10000295368685,0.14,0.25));
#5688=CARTESIAN_POINT('',(-1.14930413729352,0.14,-0.25));
#5689=CARTESIAN_POINT('',(-6.34908792207511E-14,4.8217057356525E-15,0.3));
#5690=CARTESIAN_POINT('',(-1.24924362749296,-0.0434782608695656,0.3));
#5691=CARTESIAN_POINT('',(-1.24924362749296,-0.0434782608695656,-0.25));
#5692=CARTESIAN_POINT('',(-1.24924362749296,-0.0434782608695656,0.25));
#5693=CARTESIAN_POINT('',(-6.34908792207511E-14,4.8217057356525E-15,0.25));
#5694=CARTESIAN_POINT('',(-1.24924362749296,0.0434782608695649,0.25));
#5695=CARTESIAN_POINT('',(-1.24924362749296,0.0434782608695649,0.3));
#5696=CARTESIAN_POINT('',(-1.24924362749296,0.0434782608695649,-0.25));
#5697=CARTESIAN_POINT('',(-6.34908792207511E-14,4.8217057356525E-15,-0.25));
#5698=CARTESIAN_POINT('',(-1.10000295368685,-0.14,0.3));
#5699=CARTESIAN_POINT('',(-0.957870649038287,-0.14,0.3));
#5700=CARTESIAN_POINT('',(-0.957870649038287,-0.14,0.25));
#5701=CARTESIAN_POINT('',(-0.957870649038287,-0.14,-0.25));
#5702=CARTESIAN_POINT('',(-1.14930413729352,-0.14,0.25));
#5703=CARTESIAN_POINT('',(-1.14930413729352,-0.14,0.25));
#5704=CARTESIAN_POINT('',(-1.14930413729352,-0.14,0.3));
#5705=CARTESIAN_POINT('',(-1.14930413729352,-0.14,-0.25));
#5706=CARTESIAN_POINT('',(-1.10000295368685,-0.14,-0.25));
#5707=CARTESIAN_POINT('',(-0.957870649038287,-0.256660666863284,0.3));
#5708=CARTESIAN_POINT('',(-0.899540315606644,-0.357691767989322,0.3));
#5709=CARTESIAN_POINT('',(-0.899540315606644,-0.357691767989322,0.25));
#5710=CARTESIAN_POINT('',(-0.899540315606644,-0.357691767989322,-0.25));
#5711=CARTESIAN_POINT('',(-0.957870649038287,-0.256660666863284,0.25));
#5712=CARTESIAN_POINT('',(-0.957870649038287,-0.256660666863284,-0.25));
#5713=CARTESIAN_POINT('',(-1.02263050213073,-0.428757920313605,0.3));
#5714=CARTESIAN_POINT('',(-1.06532657957075,-0.453408512116938,0.3));
#5715=CARTESIAN_POINT('',(-1.06532657957075,-0.453408512116938,-0.25));
#5716=CARTESIAN_POINT('',(-1.06532657957075,-0.453408512116938,0.25));
#5717=CARTESIAN_POINT('',(-1.02263050213073,-0.428757920313605,0.25));
#5718=CARTESIAN_POINT('',(-1.06532657957075,-0.453408512116938,-0.25));
#5719=CARTESIAN_POINT('',(-1.01134378649448E-13,-5.04804531509251E-14,0.3));
#5720=CARTESIAN_POINT('',(-1.06013758648994,-0.662275092171889,0.3));
#5721=CARTESIAN_POINT('',(-1.06013758648994,-0.662275092171889,-0.25));
#5722=CARTESIAN_POINT('',(-1.06013758648994,-0.662275092171889,0.25));
#5723=CARTESIAN_POINT('',(-1.01134378649448E-13,-5.04804531509251E-14,0.25));
#5724=CARTESIAN_POINT('',(-1.10361584735951,-0.586968535321068,0.25));
#5725=CARTESIAN_POINT('',(-1.10361584735951,-0.586968535321068,0.3));
#5726=CARTESIAN_POINT('',(-1.10361584735951,-0.586968535321068,-0.25));
#5727=CARTESIAN_POINT('',(-1.01134378649448E-13,-5.04804531509251E-14,-0.25));
#5728=CARTESIAN_POINT('',(-0.882630502130732,-0.671245033373248,0.3));
#5729=CARTESIAN_POINT('',(-0.759540315606645,-0.600178881048965,0.3));
#5730=CARTESIAN_POINT('',(-0.759540315606645,-0.600178881048965,0.25));
#5731=CARTESIAN_POINT('',(-0.759540315606645,-0.600178881048965,-0.25));
#5732=CARTESIAN_POINT('',(-0.925326579570746,-0.695895625176581,0.25));
#5733=CARTESIAN_POINT('',(-0.925326579570746,-0.695895625176581,0.25));
#5734=CARTESIAN_POINT('',(-0.925326579570746,-0.695895625176581,0.3));
#5735=CARTESIAN_POINT('',(-0.925326579570746,-0.695895625176581,-0.25));
#5736=CARTESIAN_POINT('',(-0.882630502130732,-0.671245033373248,-0.25));
#5737=CARTESIAN_POINT('',(-0.701209982175002,-0.701209982175002,0.3));
#5738=CARTESIAN_POINT('',(-0.600178881048965,-0.759540315606644,0.3));
#5739=CARTESIAN_POINT('',(-0.600178881048965,-0.759540315606644,0.25));
#5740=CARTESIAN_POINT('',(-0.600178881048965,-0.759540315606644,-0.25));
#5741=CARTESIAN_POINT('',(-0.701209982175002,-0.701209982175002,0.25));
#5742=CARTESIAN_POINT('',(-0.701209982175002,-0.701209982175002,-0.25));
#5743=CARTESIAN_POINT('',(-0.671245033373248,-0.882630502130732,0.3));
#5744=CARTESIAN_POINT('',(-0.695895625176581,-0.925326579570745,0.3));
#5745=CARTESIAN_POINT('',(-0.695895625176581,-0.925326579570745,-0.25));
#5746=CARTESIAN_POINT('',(-0.695895625176581,-0.925326579570745,0.25));
#5747=CARTESIAN_POINT('',(-0.671245033373248,-0.882630502130732,0.25));
#5748=CARTESIAN_POINT('',(-0.695895625176581,-0.925326579570745,-0.25));
#5749=CARTESIAN_POINT('',(-2.83627288322208E-14,-3.83373888190874E-14,0.3));
#5750=CARTESIAN_POINT('',(-0.586968535321067,-1.10361584735951,0.3));
#5751=CARTESIAN_POINT('',(-0.586968535321067,-1.10361584735951,-0.25));
#5752=CARTESIAN_POINT('',(-0.586968535321067,-1.10361584735951,0.25));
#5753=CARTESIAN_POINT('',(-2.83627288322208E-14,-3.83373888190874E-14,0.25));
#5754=CARTESIAN_POINT('',(-0.662275092171888,-1.06013758648994,0.25));
#5755=CARTESIAN_POINT('',(-0.662275092171888,-1.06013758648994,0.3));
#5756=CARTESIAN_POINT('',(-0.662275092171888,-1.06013758648994,-0.25));
#5757=CARTESIAN_POINT('',(-2.83627288322208E-14,-3.83373888190874E-14,-0.25));
#5758=CARTESIAN_POINT('',(-0.428757920313605,-1.02263050213073,0.3));
#5759=CARTESIAN_POINT('',(-0.357691767989322,-0.899540315606645,0.3));
#5760=CARTESIAN_POINT('',(-0.357691767989322,-0.899540315606645,0.25));
#5761=CARTESIAN_POINT('',(-0.357691767989322,-0.899540315606645,-0.25));
#5762=CARTESIAN_POINT('',(-0.453408512116938,-1.06532657957074,0.25));
#5763=CARTESIAN_POINT('',(-0.453408512116938,-1.06532657957074,0.25));
#5764=CARTESIAN_POINT('',(-0.453408512116938,-1.06532657957074,0.3));
#5765=CARTESIAN_POINT('',(-0.453408512116938,-1.06532657957074,-0.25));
#5766=CARTESIAN_POINT('',(-0.428757920313605,-1.02263050213073,-0.25));
#5767=CARTESIAN_POINT('',(-0.256660666863284,-0.957870649038287,0.3));
#5768=CARTESIAN_POINT('',(-0.14,-0.957870649038287,0.3));
#5769=CARTESIAN_POINT('',(-0.14,-0.957870649038287,0.25));
#5770=CARTESIAN_POINT('',(-0.14,-0.957870649038287,-0.25));
#5771=CARTESIAN_POINT('',(-0.256660666863284,-0.957870649038287,0.25));
#5772=CARTESIAN_POINT('',(-0.256660666863284,-0.957870649038287,-0.25));
#5773=CARTESIAN_POINT('',(-0.14,-1.10000295368685,0.3));
#5774=CARTESIAN_POINT('',(-0.14,-1.14930413729352,0.3));
#5775=CARTESIAN_POINT('',(-0.14,-1.14930413729352,-0.25));
#5776=CARTESIAN_POINT('',(-0.14,-1.14930413729352,0.25));
#5777=CARTESIAN_POINT('',(-0.14,-1.10000295368685,0.25));
#5778=CARTESIAN_POINT('',(-0.14,-1.14930413729352,-0.25));
#5779=CARTESIAN_POINT('',(-4.90844190945134E-15,-6.34908792207511E-14,0.3));
#5780=CARTESIAN_POINT('',(0.0434782608695655,-1.24924362749296,0.3));
#5781=CARTESIAN_POINT('',(0.0434782608695655,-1.24924362749296,-0.25));
#5782=CARTESIAN_POINT('',(0.0434782608695655,-1.24924362749296,0.25));
#5783=CARTESIAN_POINT('',(-4.90844190945134E-15,-6.34908792207511E-14,0.25));
#5784=CARTESIAN_POINT('',(-0.0434782608695649,-1.24924362749296,0.25));
#5785=CARTESIAN_POINT('',(-0.0434782608695649,-1.24924362749296,0.3));
#5786=CARTESIAN_POINT('',(-0.0434782608695649,-1.24924362749296,-0.25));
#5787=CARTESIAN_POINT('',(-4.90844190945134E-15,-6.34908792207511E-14,-0.25));
#5788=CARTESIAN_POINT('',(0.14,-1.10000295368685,0.3));
#5789=CARTESIAN_POINT('',(0.14,-0.957870649038287,0.3));
#5790=CARTESIAN_POINT('',(0.14,-0.957870649038287,0.25));
#5791=CARTESIAN_POINT('',(0.14,-0.957870649038287,-0.25));
#5792=CARTESIAN_POINT('',(0.14,-1.14930413729352,0.25));
#5793=CARTESIAN_POINT('',(0.14,-1.14930413729352,0.25));
#5794=CARTESIAN_POINT('',(0.14,-1.14930413729352,0.3));
#5795=CARTESIAN_POINT('',(0.14,-1.14930413729352,-0.25));
#5796=CARTESIAN_POINT('',(0.14,-1.10000295368685,-0.25));
#5797=CARTESIAN_POINT('',(0.256660666863284,-0.957870649038287,0.3));
#5798=CARTESIAN_POINT('',(0.357691767989322,-0.899540315606644,0.3));
#5799=CARTESIAN_POINT('',(0.357691767989322,-0.899540315606644,0.25));
#5800=CARTESIAN_POINT('',(0.357691767989322,-0.899540315606644,-0.25));
#5801=CARTESIAN_POINT('',(0.256660666863284,-0.957870649038287,0.25));
#5802=CARTESIAN_POINT('',(0.256660666863284,-0.957870649038287,-0.25));
#5803=CARTESIAN_POINT('',(0.428757920313605,-1.02263050213073,0.3));
#5804=CARTESIAN_POINT('',(0.453408512116938,-1.06532657957075,0.3));
#5805=CARTESIAN_POINT('',(0.453408512116938,-1.06532657957075,-0.25));
#5806=CARTESIAN_POINT('',(0.453408512116938,-1.06532657957075,0.25));
#5807=CARTESIAN_POINT('',(0.428757920313605,-1.02263050213073,0.25));
#5808=CARTESIAN_POINT('',(0.453408512116938,-1.06532657957075,-0.25));
#5809=CARTESIAN_POINT('',(3.00107161343988E-14,-6.1409211049579E-14,0.3));
#5810=CARTESIAN_POINT('',(0.662275092171888,-1.06013758648994,0.3));
#5811=CARTESIAN_POINT('',(0.662275092171888,-1.06013758648994,-0.25));
#5812=CARTESIAN_POINT('',(0.662275092171888,-1.06013758648994,0.25));
#5813=CARTESIAN_POINT('',(3.00107161343988E-14,-6.1409211049579E-14,0.25));
#5814=CARTESIAN_POINT('',(0.586968535321068,-1.10361584735951,0.25));
#5815=CARTESIAN_POINT('',(0.586968535321068,-1.10361584735951,0.3));
#5816=CARTESIAN_POINT('',(0.586968535321068,-1.10361584735951,-0.25));
#5817=CARTESIAN_POINT('',(3.00107161343988E-14,-6.1409211049579E-14,-0.25));
#5818=CARTESIAN_POINT('',(0.671245033373248,-0.882630502130732,0.3));
#5819=CARTESIAN_POINT('',(0.695895625176581,-0.925326579570745,0.25));
#5820=CARTESIAN_POINT('',(0.695895625176581,-0.925326579570745,0.25));
#5821=CARTESIAN_POINT('',(0.695895625176581,-0.925326579570745,0.3));
#5822=CARTESIAN_POINT('',(0.695895625176581,-0.925326579570745,-0.25));
#5823=CARTESIAN_POINT('',(0.671245033373248,-0.882630502130732,-0.25));
#5824=CARTESIAN_POINT('',(0.,0.,0.3));
#5825=CARTESIAN_POINT('',(0.369504172281361,0.69,0.3));
#5826=CARTESIAN_POINT('',(-0.398371685740842,0.69,0.3));
#5827=CARTESIAN_POINT('',(0.398371685740842,0.69,0.3));
#5828=CARTESIAN_POINT('',(0.782309614751943,0.025,0.3));
#5829=CARTESIAN_POINT('',(0.796743371481684,-3.14310209803546E-17,0.3));
#5830=CARTESIAN_POINT('',(0.412805442470582,-0.665,0.3));
#5831=CARTESIAN_POINT('',(0.398371685740842,-0.69,0.3));
#5832=CARTESIAN_POINT('',(-0.369504172281361,-0.69,0.3));
#5833=CARTESIAN_POINT('',(-0.398371685740842,-0.69,0.3));
#5834=CARTESIAN_POINT('',(-0.782309614751943,-0.025,0.3));
#5835=CARTESIAN_POINT('',(-0.796743371481684,1.09175544762049E-16,0.3));
#5836=CARTESIAN_POINT('',(-0.412805442470582,0.665,0.3));
#5837=CARTESIAN_POINT('',(0.04,1.14930413729352,0.3));
#5838=CARTESIAN_POINT('',(0.09,1.14930413729352,0.3));
#5839=CARTESIAN_POINT('',(0.0417391304347824,1.19927388239324,0.3));
#5840=CARTESIAN_POINT('',(4.71328551840395E-15,6.22765727875674E-14,0.3));
#5841=CARTESIAN_POINT('',(-0.0417391304347828,1.19927388239324,0.3));
#5842=CARTESIAN_POINT('',(-0.04,1.14930413729352,0.3));
#5843=CARTESIAN_POINT('',(-0.09,1.14930413729352,0.3));
#5844=CARTESIAN_POINT('',(-0.09,0.957870649038287,0.3));
#5845=CARTESIAN_POINT('',(-0.09,0.957870649038287,0.3));
#5846=CARTESIAN_POINT('',(-0.256660666863284,0.957870649038286,0.3));
#5847=CARTESIAN_POINT('',(-0.400993038178543,0.874540315606644,0.3));
#5848=CARTESIAN_POINT('',(0.0779422863405992,0.045,0.3));
#5849=CARTESIAN_POINT('',(-0.49670978230616,1.04032657957075,0.3));
#5850=CARTESIAN_POINT('',(-0.540011052495382,1.01532657957075,0.3));
#5851=CARTESIAN_POINT('',(-0.563489793908225,1.05947121346513,0.3));
#5852=CARTESIAN_POINT('',(-2.99673480474994E-14,6.04551131377917E-14,0.3));
#5853=CARTESIAN_POINT('',(-0.635784088485013,1.01773208303034,0.3));
#5854=CARTESIAN_POINT('',(-0.609293084798137,0.975326579570745,0.3));
#5855=CARTESIAN_POINT('',(-0.652594354987359,0.950326579570745,0.3));
#5856=CARTESIAN_POINT('',(-0.556877610859743,0.784540315606644,0.3));
#5857=CARTESIAN_POINT('',(-0.556877610859743,0.784540315606644,0.3));
#5858=CARTESIAN_POINT('',(-0.701209982175002,0.701209982175002,0.3));
#5859=CARTESIAN_POINT('',(-0.784540315606644,0.556877610859743,0.3));
#5860=CARTESIAN_POINT('',(0.045,0.0779422863406,0.3));
#5861=CARTESIAN_POINT('',(-0.950326579570746,0.652594354987359,0.3));
#5862=CARTESIAN_POINT('',(-0.975326579570746,0.609293084798137,0.3));
#5863=CARTESIAN_POINT('',(-1.01773208303034,0.635784088485013,0.3));
#5864=CARTESIAN_POINT('',(-3.79037079500932E-14,2.77122075287295E-14,0.3));
#5865=CARTESIAN_POINT('',(-1.05947121346513,0.563489793908225,0.3));
#5866=CARTESIAN_POINT('',(-1.01532657957075,0.540011052495382,0.3));
#5867=CARTESIAN_POINT('',(-1.04032657957075,0.49670978230616,0.3));
#5868=CARTESIAN_POINT('',(-0.874540315606645,0.400993038178543,0.3));
#5869=CARTESIAN_POINT('',(-0.874540315606645,0.400993038178543,0.3));
#5870=CARTESIAN_POINT('',(-0.957870649038287,0.256660666863284,0.3));
#5871=CARTESIAN_POINT('',(-0.957870649038287,0.09,0.3));
#5872=CARTESIAN_POINT('',(-2.74612293848229E-17,0.09,0.3));
#5873=CARTESIAN_POINT('',(-1.14930413729352,0.09,0.3));
#5874=CARTESIAN_POINT('',(-1.14930413729352,0.04,0.3));
#5875=CARTESIAN_POINT('',(-1.19927388239324,0.0417391304347824,0.3));
#5876=CARTESIAN_POINT('',(-6.34908792207511E-14,4.8217057356525E-15,0.3));
#5877=CARTESIAN_POINT('',(-1.19927388239324,-0.0417391304347828,0.3));
#5878=CARTESIAN_POINT('',(-1.14930413729352,-0.04,0.3));
#5879=CARTESIAN_POINT('',(-1.14930413729352,-0.09,0.3));
#5880=CARTESIAN_POINT('',(-0.957870649038287,-0.09,0.3));
#5881=CARTESIAN_POINT('',(-0.957870649038287,-0.09,0.3));
#5882=CARTESIAN_POINT('',(-0.957870649038287,-0.256660666863284,0.3));
#5883=CARTESIAN_POINT('',(-0.874540315606644,-0.400993038178543,0.3));
#5884=CARTESIAN_POINT('',(-0.045,0.0779422863405993,0.3));
#5885=CARTESIAN_POINT('',(-1.04032657957075,-0.49670978230616,0.3));
#5886=CARTESIAN_POINT('',(-1.01532657957075,-0.540011052495382,0.3));
#5887=CARTESIAN_POINT('',(-1.05947121346513,-0.563489793908225,0.3));
#5888=CARTESIAN_POINT('',(-1.01134378649448E-13,-5.04804531509251E-14,0.3));
#5889=CARTESIAN_POINT('',(-1.01773208303034,-0.635784088485013,0.3));
#5890=CARTESIAN_POINT('',(-0.975326579570746,-0.609293084798137,0.3));
#5891=CARTESIAN_POINT('',(-0.950326579570746,-0.652594354987359,0.3));
#5892=CARTESIAN_POINT('',(-0.784540315606645,-0.556877610859743,0.3));
#5893=CARTESIAN_POINT('',(-0.784540315606645,-0.556877610859743,0.3));
#5894=CARTESIAN_POINT('',(-0.701209982175002,-0.701209982175002,0.3));
#5895=CARTESIAN_POINT('',(-0.556877610859743,-0.784540315606644,0.3));
#5896=CARTESIAN_POINT('',(-0.0779422863406004,0.045,0.3));
#5897=CARTESIAN_POINT('',(-0.652594354987359,-0.950326579570746,0.3));
#5898=CARTESIAN_POINT('',(-0.609293084798137,-0.975326579570745,0.3));
#5899=CARTESIAN_POINT('',(-0.635784088485013,-1.01773208303034,0.3));
#5900=CARTESIAN_POINT('',(-2.83627288322208E-14,-3.83373888190874E-14,0.3));
#5901=CARTESIAN_POINT('',(-0.563489793908224,-1.05947121346513,0.3));
#5902=CARTESIAN_POINT('',(-0.540011052495382,-1.01532657957074,0.3));
#5903=CARTESIAN_POINT('',(-0.49670978230616,-1.04032657957074,0.3));
#5904=CARTESIAN_POINT('',(-0.400993038178543,-0.874540315606645,0.3));
#5905=CARTESIAN_POINT('',(-0.400993038178544,-0.874540315606645,0.3));
#5906=CARTESIAN_POINT('',(-0.256660666863284,-0.957870649038287,0.3));
#5907=CARTESIAN_POINT('',(-0.09,-0.957870649038287,0.3));
#5908=CARTESIAN_POINT('',(-0.09,-4.80571514234403E-17,0.3));
#5909=CARTESIAN_POINT('',(-0.09,-1.14930413729352,0.3));
#5910=CARTESIAN_POINT('',(-0.04,-1.14930413729352,0.3));
#5911=CARTESIAN_POINT('',(-0.0417391304347825,-1.19927388239324,0.3));
#5912=CARTESIAN_POINT('',(-4.90844190945134E-15,-6.34908792207511E-14,0.3));
#5913=CARTESIAN_POINT('',(0.0417391304347826,-1.19927388239324,0.3));
#5914=CARTESIAN_POINT('',(0.04,-1.14930413729352,0.3));
#5915=CARTESIAN_POINT('',(0.09,-1.14930413729352,0.3));
#5916=CARTESIAN_POINT('',(0.09,-0.957870649038287,0.3));
#5917=CARTESIAN_POINT('',(0.09,-0.957870649038287,0.3));
#5918=CARTESIAN_POINT('',(0.256660666863284,-0.957870649038287,0.3));
#5919=CARTESIAN_POINT('',(0.400993038178543,-0.874540315606644,0.3));
#5920=CARTESIAN_POINT('',(-0.0779422863405991,-0.045,0.3));
#5921=CARTESIAN_POINT('',(0.49670978230616,-1.04032657957075,0.3));
#5922=CARTESIAN_POINT('',(0.540011052495382,-1.01532657957075,0.3));
#5923=CARTESIAN_POINT('',(0.563489793908225,-1.05947121346513,0.3));
#5924=CARTESIAN_POINT('',(3.00107161343988E-14,-6.1409211049579E-14,0.3));
#5925=CARTESIAN_POINT('',(0.635784088485012,-1.01773208303034,0.3));
#5926=CARTESIAN_POINT('',(0.609293084798137,-0.975326579570746,0.3));
#5927=CARTESIAN_POINT('',(0.652594354987359,-0.950326579570746,0.3));
#5928=CARTESIAN_POINT('',(0.556877610859742,-0.784540315606645,0.3));
#5929=CARTESIAN_POINT('',(0.556877610859743,-0.784540315606645,0.3));
#5930=CARTESIAN_POINT('',(0.701209982175002,-0.701209982175002,0.3));
#5931=CARTESIAN_POINT('',(0.784540315606644,-0.556877610859743,0.3));
#5932=CARTESIAN_POINT('',(-0.045,-0.0779422863405998,0.3));
#5933=CARTESIAN_POINT('',(0.950326579570746,-0.652594354987359,0.3));
#5934=CARTESIAN_POINT('',(0.975326579570746,-0.609293084798137,0.3));
#5935=CARTESIAN_POINT('',(1.01773208303034,-0.635784088485013,0.3));
#5936=CARTESIAN_POINT('',(3.77302356024956E-14,-2.81458883977237E-14,0.3));
#5937=CARTESIAN_POINT('',(1.05947121346513,-0.563489793908224,0.3));
#5938=CARTESIAN_POINT('',(1.01532657957075,-0.540011052495382,0.3));
#5939=CARTESIAN_POINT('',(1.04032657957075,-0.49670978230616,0.3));
#5940=CARTESIAN_POINT('',(0.874540315606644,-0.400993038178544,0.3));
#5941=CARTESIAN_POINT('',(0.874540315606644,-0.400993038178544,0.3));
#5942=CARTESIAN_POINT('',(0.957870649038287,-0.256660666863284,0.3));
#5943=CARTESIAN_POINT('',(0.957870649038287,-0.09,0.3));
#5944=CARTESIAN_POINT('',(3.43265367310288E-17,-0.09,0.3));
#5945=CARTESIAN_POINT('',(1.14930413729352,-0.09,0.3));
#5946=CARTESIAN_POINT('',(1.14930413729352,-0.04,0.3));
#5947=CARTESIAN_POINT('',(1.19927388239324,-0.0417391304347825,0.3));
#5948=CARTESIAN_POINT('',(6.34908792207511E-14,-4.97349403980047E-15,0.3));
#5949=CARTESIAN_POINT('',(1.19927388239324,0.0417391304347821,0.3));
#5950=CARTESIAN_POINT('',(1.14930413729352,0.0399999999999993,0.3));
#5951=CARTESIAN_POINT('',(1.14930413729352,0.09,0.3));
#5952=CARTESIAN_POINT('',(0.957870649038287,0.09,0.3));
#5953=CARTESIAN_POINT('',(0.957870649038287,0.09,0.3));
#5954=CARTESIAN_POINT('',(0.957870649038287,0.256660666863284,0.3));
#5955=CARTESIAN_POINT('',(0.874540315606645,0.400993038178543,0.3));
#5956=CARTESIAN_POINT('',(0.045,-0.0779422863405996,0.3));
#5957=CARTESIAN_POINT('',(1.04032657957075,0.496709782306159,0.3));
#5958=CARTESIAN_POINT('',(1.01532657957075,0.540011052495381,0.3));
#5959=CARTESIAN_POINT('',(1.05947121346513,0.563489793908224,0.3));
#5960=CARTESIAN_POINT('',(6.86083134748827E-14,3.35668992601512E-14,0.3));
#5961=CARTESIAN_POINT('',(1.01773208303034,0.635784088485013,0.3));
#5962=CARTESIAN_POINT('',(0.975326579570745,0.609293084798137,0.3));
#5963=CARTESIAN_POINT('',(0.950326579570745,0.652594354987359,0.3));
#5964=CARTESIAN_POINT('',(0.784540315606644,0.556877610859743,0.3));
#5965=CARTESIAN_POINT('',(0.784540315606644,0.556877610859743,0.3));
#5966=CARTESIAN_POINT('',(0.701209982175002,0.701209982175002,0.3));
#5967=CARTESIAN_POINT('',(0.556877610859743,0.784540315606645,0.3));
#5968=CARTESIAN_POINT('',(0.0779422863405994,-0.045,0.3));
#5969=CARTESIAN_POINT('',(0.652594354987359,0.950326579570746,0.3));
#5970=CARTESIAN_POINT('',(0.609293084798137,0.975326579570746,0.3));
#5971=CARTESIAN_POINT('',(0.635784088485012,1.01773208303034,0.3));
#5972=CARTESIAN_POINT('',(3.50414142147315E-14,5.14345510627123E-14,0.3));
#5973=CARTESIAN_POINT('',(0.563489793908224,1.05947121346513,0.3));
#5974=CARTESIAN_POINT('',(0.540011052495382,1.01532657957075,0.3));
#5975=CARTESIAN_POINT('',(0.49670978230616,1.04032657957075,0.3));
#5976=CARTESIAN_POINT('',(0.400993038178544,0.874540315606645,0.3));
#5977=CARTESIAN_POINT('',(0.400993038178544,0.874540315606645,0.3));
#5978=CARTESIAN_POINT('',(0.256660666863284,0.957870649038287,0.3));
#5979=CARTESIAN_POINT('',(0.09,0.957870649038287,0.3));
#5980=CARTESIAN_POINT('',(0.09,6.86530734620571E-18,0.3));
#5981=CARTESIAN_POINT('',(0.,0.,-0.3));
#5982=CARTESIAN_POINT('',(0.597557528611262,-0.345,-0.3));
#5983=CARTESIAN_POINT('',(0.398371685740842,-0.69,-0.3));
#5984=CARTESIAN_POINT('',(0.796743371481684,-7.61543605953817E-17,-0.3));
#5985=CARTESIAN_POINT('',(0.597557528611263,0.345,-0.3));
#5986=CARTESIAN_POINT('',(0.398371685740842,0.69,-0.3));
#5987=CARTESIAN_POINT('',(0.,0.69,-0.3));
#5988=CARTESIAN_POINT('',(-0.398371685740842,0.69,-0.3));
#5989=CARTESIAN_POINT('',(-0.597557528611263,0.345,-0.3));
#5990=CARTESIAN_POINT('',(-0.796743371481684,1.44907234359929E-16,-0.3));
#5991=CARTESIAN_POINT('',(-0.597557528611263,-0.345,-0.3));
#5992=CARTESIAN_POINT('',(-0.398371685740842,-0.69,-0.3));
#5993=CARTESIAN_POINT('',(-1.6196829267635E-16,-0.69,-0.3));
#5994=CARTESIAN_POINT('',(-0.04,1.14930413729352,-0.3));
#5995=CARTESIAN_POINT('',(-0.09,1.14930413729352,-0.3));
#5996=CARTESIAN_POINT('',(-0.0417391304347828,1.19927388239324,-0.3));
#5997=CARTESIAN_POINT('',(4.71328551840395E-15,6.22765727875674E-14,-0.3));
#5998=CARTESIAN_POINT('',(0.0417391304347824,1.19927388239324,-0.3));
#5999=CARTESIAN_POINT('',(0.04,1.14930413729352,-0.3));
#6000=CARTESIAN_POINT('',(0.09,1.14930413729352,-0.3));
#6001=CARTESIAN_POINT('',(0.09,0.957870649038287,-0.3));
#6002=CARTESIAN_POINT('',(0.09,0.957870649038287,-0.3));
#6003=CARTESIAN_POINT('',(0.256660666863284,0.957870649038287,-0.3));
#6004=CARTESIAN_POINT('',(0.400993038178544,0.874540315606645,-0.3));
#6005=CARTESIAN_POINT('',(-0.0779422863405995,0.045,-0.3));
#6006=CARTESIAN_POINT('',(0.49670978230616,1.04032657957075,-0.3));
#6007=CARTESIAN_POINT('',(0.540011052495382,1.01532657957075,-0.3));
#6008=CARTESIAN_POINT('',(0.563489793908224,1.05947121346513,-0.3));
#6009=CARTESIAN_POINT('',(3.50414142147315E-14,5.14345510627123E-14,-0.3));
#6010=CARTESIAN_POINT('',(0.635784088485012,1.01773208303034,-0.3));
#6011=CARTESIAN_POINT('',(0.609293084798137,0.975326579570746,-0.3));
#6012=CARTESIAN_POINT('',(0.652594354987359,0.950326579570746,-0.3));
#6013=CARTESIAN_POINT('',(0.556877610859743,0.784540315606645,-0.3));
#6014=CARTESIAN_POINT('',(0.556877610859743,0.784540315606645,-0.3));
#6015=CARTESIAN_POINT('',(0.701209982175002,0.701209982175002,-0.3));
#6016=CARTESIAN_POINT('',(0.784540315606644,0.556877610859743,-0.3));
#6017=CARTESIAN_POINT('',(-0.045,0.0779422863405993,-0.3));
#6018=CARTESIAN_POINT('',(0.950326579570745,0.652594354987359,-0.3));
#6019=CARTESIAN_POINT('',(0.975326579570745,0.609293084798137,-0.3));
#6020=CARTESIAN_POINT('',(1.01773208303034,0.635784088485013,-0.3));
#6021=CARTESIAN_POINT('',(6.86083134748827E-14,3.35668992601512E-14,-0.3));
#6022=CARTESIAN_POINT('',(1.05947121346513,0.563489793908224,-0.3));
#6023=CARTESIAN_POINT('',(1.01532657957075,0.540011052495381,-0.3));
#6024=CARTESIAN_POINT('',(1.04032657957075,0.496709782306159,-0.3));
#6025=CARTESIAN_POINT('',(0.874540315606645,0.400993038178543,-0.3));
#6026=CARTESIAN_POINT('',(0.874540315606645,0.400993038178543,-0.3));
#6027=CARTESIAN_POINT('',(0.957870649038287,0.256660666863284,-0.3));
#6028=CARTESIAN_POINT('',(0.957870649038287,0.09,-0.3));
#6029=CARTESIAN_POINT('',(4.11918440772342E-17,0.09,-0.3));
#6030=CARTESIAN_POINT('',(1.14930413729352,0.09,-0.3));
#6031=CARTESIAN_POINT('',(1.14930413729352,0.0399999999999993,-0.3));
#6032=CARTESIAN_POINT('',(1.19927388239324,0.0417391304347821,-0.3));
#6033=CARTESIAN_POINT('',(6.34908792207511E-14,-4.97349403980047E-15,-0.3));
#6034=CARTESIAN_POINT('',(1.19927388239324,-0.0417391304347825,-0.3));
#6035=CARTESIAN_POINT('',(1.14930413729352,-0.04,-0.3));
#6036=CARTESIAN_POINT('',(1.14930413729352,-0.09,-0.3));
#6037=CARTESIAN_POINT('',(0.957870649038287,-0.09,-0.3));
#6038=CARTESIAN_POINT('',(0.957870649038287,-0.09,-0.3));
#6039=CARTESIAN_POINT('',(0.957870649038287,-0.256660666863284,-0.3));
#6040=CARTESIAN_POINT('',(0.874540315606644,-0.400993038178544,-0.3));
#6041=CARTESIAN_POINT('',(0.045,0.0779422863405992,-0.3));
#6042=CARTESIAN_POINT('',(1.04032657957075,-0.49670978230616,-0.3));
#6043=CARTESIAN_POINT('',(1.01532657957075,-0.540011052495382,-0.3));
#6044=CARTESIAN_POINT('',(1.05947121346513,-0.563489793908224,-0.3));
#6045=CARTESIAN_POINT('',(3.77302356024956E-14,-2.81458883977237E-14,-0.3));
#6046=CARTESIAN_POINT('',(1.01773208303034,-0.635784088485013,-0.3));
#6047=CARTESIAN_POINT('',(0.975326579570746,-0.609293084798137,-0.3));
#6048=CARTESIAN_POINT('',(0.950326579570746,-0.652594354987359,-0.3));
#6049=CARTESIAN_POINT('',(0.784540315606644,-0.556877610859743,-0.3));
#6050=CARTESIAN_POINT('',(0.784540315606644,-0.556877610859743,-0.3));
#6051=CARTESIAN_POINT('',(0.701209982175002,-0.701209982175002,-0.3));
#6052=CARTESIAN_POINT('',(0.556877610859743,-0.784540315606645,-0.3));
#6053=CARTESIAN_POINT('',(0.0779422863405986,0.0449999999999995,-0.3));
#6054=CARTESIAN_POINT('',(0.652594354987359,-0.950326579570746,-0.3));
#6055=CARTESIAN_POINT('',(0.609293084798137,-0.975326579570746,-0.3));
#6056=CARTESIAN_POINT('',(0.635784088485012,-1.01773208303034,-0.3));
#6057=CARTESIAN_POINT('',(3.00107161343988E-14,-6.1409211049579E-14,-0.3));
#6058=CARTESIAN_POINT('',(0.563489793908225,-1.05947121346513,-0.3));
#6059=CARTESIAN_POINT('',(0.540011052495382,-1.01532657957075,-0.3));
#6060=CARTESIAN_POINT('',(0.49670978230616,-1.04032657957075,-0.3));
#6061=CARTESIAN_POINT('',(0.400993038178544,-0.874540315606644,-0.3));
#6062=CARTESIAN_POINT('',(0.400993038178544,-0.874540315606644,-0.3));
#6063=CARTESIAN_POINT('',(0.256660666863284,-0.957870649038287,-0.3));
#6064=CARTESIAN_POINT('',(0.09,-0.957870649038287,-0.3));
#6065=CARTESIAN_POINT('',(0.09,-4.11918440772344E-17,-0.3));
#6066=CARTESIAN_POINT('',(0.09,-1.14930413729352,-0.3));
#6067=CARTESIAN_POINT('',(0.04,-1.14930413729352,-0.3));
#6068=CARTESIAN_POINT('',(0.0417391304347826,-1.19927388239324,-0.3));
#6069=CARTESIAN_POINT('',(-4.90844190945134E-15,-6.34908792207511E-14,-0.3));
#6070=CARTESIAN_POINT('',(-0.0417391304347825,-1.19927388239324,-0.3));
#6071=CARTESIAN_POINT('',(-0.04,-1.14930413729352,-0.3));
#6072=CARTESIAN_POINT('',(-0.09,-1.14930413729352,-0.3));
#6073=CARTESIAN_POINT('',(-0.09,-0.957870649038287,-0.3));
#6074=CARTESIAN_POINT('',(-0.09,-0.957870649038287,-0.3));
#6075=CARTESIAN_POINT('',(-0.256660666863284,-0.957870649038287,-0.3));
#6076=CARTESIAN_POINT('',(-0.400993038178544,-0.874540315606645,-0.3));
#6077=CARTESIAN_POINT('',(0.0779422863405993,-0.045,-0.3));
#6078=CARTESIAN_POINT('',(-0.49670978230616,-1.04032657957074,-0.3));
#6079=CARTESIAN_POINT('',(-0.540011052495382,-1.01532657957074,-0.3));
#6080=CARTESIAN_POINT('',(-0.563489793908224,-1.05947121346513,-0.3));
#6081=CARTESIAN_POINT('',(-2.83627288322208E-14,-3.83373888190874E-14,-0.3));
#6082=CARTESIAN_POINT('',(-0.635784088485013,-1.01773208303034,-0.3));
#6083=CARTESIAN_POINT('',(-0.609293084798137,-0.975326579570745,-0.3));
#6084=CARTESIAN_POINT('',(-0.652594354987359,-0.950326579570746,-0.3));
#6085=CARTESIAN_POINT('',(-0.556877610859743,-0.784540315606644,-0.3));
#6086=CARTESIAN_POINT('',(-0.556877610859743,-0.784540315606644,-0.3));
#6087=CARTESIAN_POINT('',(-0.701209982175002,-0.701209982175002,-0.3));
#6088=CARTESIAN_POINT('',(-0.784540315606645,-0.556877610859743,-0.3));
#6089=CARTESIAN_POINT('',(0.045,-0.0779422863405988,-0.3));
#6090=CARTESIAN_POINT('',(-0.950326579570746,-0.652594354987359,-0.3));
#6091=CARTESIAN_POINT('',(-0.975326579570746,-0.609293084798137,-0.3));
#6092=CARTESIAN_POINT('',(-1.01773208303034,-0.635784088485013,-0.3));
#6093=CARTESIAN_POINT('',(-1.01134378649448E-13,-5.04804531509251E-14,-0.3));
#6094=CARTESIAN_POINT('',(-1.05947121346513,-0.563489793908225,-0.3));
#6095=CARTESIAN_POINT('',(-1.01532657957075,-0.540011052495382,-0.3));
#6096=CARTESIAN_POINT('',(-1.04032657957075,-0.49670978230616,-0.3));
#6097=CARTESIAN_POINT('',(-0.874540315606645,-0.400993038178543,-0.3));
#6098=CARTESIAN_POINT('',(-0.874540315606645,-0.400993038178543,-0.3));
#6099=CARTESIAN_POINT('',(-0.957870649038287,-0.256660666863284,-0.3));
#6100=CARTESIAN_POINT('',(-0.957870649038287,-0.09,-0.3));
#6101=CARTESIAN_POINT('',(-3.43265367310286E-17,-0.09,-0.3));
#6102=CARTESIAN_POINT('',(-1.14930413729352,-0.09,-0.3));
#6103=CARTESIAN_POINT('',(-1.14930413729352,-0.04,-0.3));
#6104=CARTESIAN_POINT('',(-1.19927388239324,-0.0417391304347828,-0.3));
#6105=CARTESIAN_POINT('',(-6.34908792207511E-14,4.8217057356525E-15,-0.3));
#6106=CARTESIAN_POINT('',(-1.19927388239324,0.0417391304347824,-0.3));
#6107=CARTESIAN_POINT('',(-1.14930413729352,0.04,-0.3));
#6108=CARTESIAN_POINT('',(-1.14930413729352,0.09,-0.3));
#6109=CARTESIAN_POINT('',(-0.957870649038287,0.09,-0.3));
#6110=CARTESIAN_POINT('',(-0.957870649038287,0.09,-0.3));
#6111=CARTESIAN_POINT('',(-0.957870649038287,0.256660666863284,-0.3));
#6112=CARTESIAN_POINT('',(-0.874540315606645,0.400993038178543,-0.3));
#6113=CARTESIAN_POINT('',(-0.045,-0.0779422863405993,-0.3));
#6114=CARTESIAN_POINT('',(-1.04032657957075,0.49670978230616,-0.3));
#6115=CARTESIAN_POINT('',(-1.01532657957075,0.540011052495382,-0.3));
#6116=CARTESIAN_POINT('',(-1.05947121346513,0.563489793908225,-0.3));
#6117=CARTESIAN_POINT('',(-3.79037079500932E-14,2.77122075287295E-14,-0.3));
#6118=CARTESIAN_POINT('',(-1.01773208303034,0.635784088485013,-0.3));
#6119=CARTESIAN_POINT('',(-0.975326579570746,0.609293084798137,-0.3));
#6120=CARTESIAN_POINT('',(-0.950326579570746,0.652594354987359,-0.3));
#6121=CARTESIAN_POINT('',(-0.784540315606644,0.556877610859743,-0.3));
#6122=CARTESIAN_POINT('',(-0.784540315606644,0.556877610859743,-0.3));
#6123=CARTESIAN_POINT('',(-0.701209982175002,0.701209982175002,-0.3));
#6124=CARTESIAN_POINT('',(-0.556877610859743,0.784540315606644,-0.3));
#6125=CARTESIAN_POINT('',(-0.0779422863405989,-0.045,-0.3));
#6126=CARTESIAN_POINT('',(-0.652594354987359,0.950326579570745,-0.3));
#6127=CARTESIAN_POINT('',(-0.609293084798137,0.975326579570745,-0.3));
#6128=CARTESIAN_POINT('',(-0.635784088485013,1.01773208303034,-0.3));
#6129=CARTESIAN_POINT('',(-2.99673480474994E-14,6.04551131377917E-14,-0.3));
#6130=CARTESIAN_POINT('',(-0.563489793908225,1.05947121346513,-0.3));
#6131=CARTESIAN_POINT('',(-0.540011052495382,1.01532657957075,-0.3));
#6132=CARTESIAN_POINT('',(-0.49670978230616,1.04032657957075,-0.3));
#6133=CARTESIAN_POINT('',(-0.400993038178543,0.874540315606645,-0.3));
#6134=CARTESIAN_POINT('',(-0.400993038178543,0.874540315606644,-0.3));
#6135=CARTESIAN_POINT('',(-0.256660666863284,0.957870649038286,-0.3));
#6136=CARTESIAN_POINT('',(-0.09,0.957870649038287,-0.3));
#6137=CARTESIAN_POINT('',(-0.09,2.74612293848229E-17,-0.3));
#6138=CARTESIAN_POINT('',(0.975326579570745,0.609293084798137,0.3));
#6139=CARTESIAN_POINT('',(0.975326579570745,0.609293084798137,0.25));
#6140=CARTESIAN_POINT('',(0.975326579570745,0.609293084798137,-0.25));
#6141=CARTESIAN_POINT('',(0.609293084798137,0.975326579570746,0.3));
#6142=CARTESIAN_POINT('',(0.609293084798137,0.975326579570746,0.25));
#6143=CARTESIAN_POINT('',(0.609293084798137,0.975326579570746,-0.25));
#6144=CARTESIAN_POINT('',(1.14930413729352,0.0399999999999993,0.3));
#6145=CARTESIAN_POINT('',(1.14930413729352,0.0399999999999993,0.25));
#6146=CARTESIAN_POINT('',(1.14930413729352,0.0399999999999993,-0.25));
#6147=CARTESIAN_POINT('',(1.01532657957075,0.540011052495381,0.3));
#6148=CARTESIAN_POINT('',(1.01532657957075,0.540011052495381,0.25));
#6149=CARTESIAN_POINT('',(1.01532657957075,0.540011052495381,-0.25));
#6150=CARTESIAN_POINT('',(1.01532657957075,-0.540011052495382,0.3));
#6151=CARTESIAN_POINT('',(1.01532657957075,-0.540011052495382,0.25));
#6152=CARTESIAN_POINT('',(1.01532657957075,-0.540011052495382,-0.25));
#6153=CARTESIAN_POINT('',(1.14930413729352,-0.04,0.3));
#6154=CARTESIAN_POINT('',(1.14930413729352,-0.04,0.25));
#6155=CARTESIAN_POINT('',(1.14930413729352,-0.04,-0.25));
#6156=CARTESIAN_POINT('',(0.609293084798137,-0.975326579570746,0.3));
#6157=CARTESIAN_POINT('',(0.609293084798137,-0.975326579570746,0.25));
#6158=CARTESIAN_POINT('',(0.609293084798137,-0.975326579570746,-0.25));
#6159=CARTESIAN_POINT('',(0.975326579570746,-0.609293084798137,0.3));
#6160=CARTESIAN_POINT('',(0.975326579570746,-0.609293084798137,0.25));
#6161=CARTESIAN_POINT('',(0.975326579570746,-0.609293084798137,-0.25));
#6162=CARTESIAN_POINT('',(0.04,-1.14930413729352,0.3));
#6163=CARTESIAN_POINT('',(0.04,-1.14930413729352,0.25));
#6164=CARTESIAN_POINT('',(0.04,-1.14930413729352,-0.25));
#6165=CARTESIAN_POINT('',(0.540011052495382,-1.01532657957075,0.3));
#6166=CARTESIAN_POINT('',(0.540011052495382,-1.01532657957075,0.25));
#6167=CARTESIAN_POINT('',(0.540011052495382,-1.01532657957075,-0.25));
#6168=CARTESIAN_POINT('',(-0.540011052495382,-1.01532657957074,0.3));
#6169=CARTESIAN_POINT('',(-0.540011052495382,-1.01532657957074,0.25));
#6170=CARTESIAN_POINT('',(-0.540011052495382,-1.01532657957074,-0.25));
#6171=CARTESIAN_POINT('',(-0.04,-1.14930413729352,0.3));
#6172=CARTESIAN_POINT('',(-0.04,-1.14930413729352,0.25));
#6173=CARTESIAN_POINT('',(-0.04,-1.14930413729352,-0.25));
#6174=CARTESIAN_POINT('',(-0.975326579570746,-0.609293084798137,0.3));
#6175=CARTESIAN_POINT('',(-0.975326579570746,-0.609293084798137,0.25));
#6176=CARTESIAN_POINT('',(-0.975326579570746,-0.609293084798137,-0.25));
#6177=CARTESIAN_POINT('',(-0.609293084798137,-0.975326579570745,0.3));
#6178=CARTESIAN_POINT('',(-0.609293084798137,-0.975326579570745,0.25));
#6179=CARTESIAN_POINT('',(-0.609293084798137,-0.975326579570745,-0.25));
#6180=CARTESIAN_POINT('',(-1.14930413729352,-0.04,0.3));
#6181=CARTESIAN_POINT('',(-1.14930413729352,-0.04,0.25));
#6182=CARTESIAN_POINT('',(-1.14930413729352,-0.04,-0.25));
#6183=CARTESIAN_POINT('',(-1.01532657957075,-0.540011052495382,0.3));
#6184=CARTESIAN_POINT('',(-1.01532657957075,-0.540011052495382,0.25));
#6185=CARTESIAN_POINT('',(-1.01532657957075,-0.540011052495382,-0.25));
#6186=CARTESIAN_POINT('',(-1.01532657957075,0.540011052495382,0.3));
#6187=CARTESIAN_POINT('',(-1.01532657957075,0.540011052495382,0.25));
#6188=CARTESIAN_POINT('',(-1.01532657957075,0.540011052495382,-0.25));
#6189=CARTESIAN_POINT('',(-1.14930413729352,0.04,0.3));
#6190=CARTESIAN_POINT('',(-1.14930413729352,0.04,0.25));
#6191=CARTESIAN_POINT('',(-1.14930413729352,0.04,-0.25));
#6192=CARTESIAN_POINT('',(-0.609293084798137,0.975326579570745,0.3));
#6193=CARTESIAN_POINT('',(-0.609293084798137,0.975326579570745,0.25));
#6194=CARTESIAN_POINT('',(-0.609293084798137,0.975326579570745,-0.25));
#6195=CARTESIAN_POINT('',(-0.975326579570746,0.609293084798137,0.3));
#6196=CARTESIAN_POINT('',(-0.975326579570746,0.609293084798137,0.25));
#6197=CARTESIAN_POINT('',(-0.975326579570746,0.609293084798137,-0.25));
#6198=CARTESIAN_POINT('',(-0.04,1.14930413729352,0.3));
#6199=CARTESIAN_POINT('',(-0.04,1.14930413729352,0.25));
#6200=CARTESIAN_POINT('',(-0.04,1.14930413729352,-0.25));
#6201=CARTESIAN_POINT('',(-0.540011052495382,1.01532657957075,0.3));
#6202=CARTESIAN_POINT('',(-0.540011052495382,1.01532657957075,0.25));
#6203=CARTESIAN_POINT('',(-0.540011052495382,1.01532657957075,-0.25));
#6204=CARTESIAN_POINT('',(0.540011052495382,1.01532657957075,0.3));
#6205=CARTESIAN_POINT('',(0.540011052495382,1.01532657957075,0.25));
#6206=CARTESIAN_POINT('',(0.540011052495382,1.01532657957075,-0.25));
#6207=CARTESIAN_POINT('',(0.04,1.14930413729352,0.3));
#6208=CARTESIAN_POINT('',(0.04,1.14930413729352,0.25));
#6209=CARTESIAN_POINT('',(0.04,1.14930413729352,-0.25));
#6210=CARTESIAN_POINT('',(0.554256258422041,0.32,-3.28708421540822));
#6211=CARTESIAN_POINT('',(0.739008344562721,1.3010426069826E-16,-3.28708421540822));
#6212=CARTESIAN_POINT('',(0.739008344562721,1.3010426069826E-16,-0.25));
#6213=CARTESIAN_POINT('',(0.739008344562721,1.3010426069826E-16,0.25));
#6214=CARTESIAN_POINT('',(0.369504172281361,0.64,0.25));
#6215=CARTESIAN_POINT('',(0.369504172281361,0.64,0.25));
#6216=CARTESIAN_POINT('',(0.369504172281361,0.64,-3.28708421540822));
#6217=CARTESIAN_POINT('',(0.369504172281361,0.64,-0.25));
#6218=CARTESIAN_POINT('',(0.554256258422041,0.32,-0.25));
#6219=CARTESIAN_POINT('',(0.,0.64,-3.28708421540822));
#6220=CARTESIAN_POINT('',(-0.369504172281361,0.64,0.25));
#6221=CARTESIAN_POINT('',(-0.369504172281361,0.64,0.25));
#6222=CARTESIAN_POINT('',(-0.369504172281361,0.64,-3.28708421540822));
#6223=CARTESIAN_POINT('',(-0.369504172281361,0.64,-0.25));
#6224=CARTESIAN_POINT('',(0.,0.64,-0.25));
#6225=CARTESIAN_POINT('',(-0.554256258422041,0.32,-3.28708421540822));
#6226=CARTESIAN_POINT('',(-0.739008344562721,1.24683249835833E-16,0.25));
#6227=CARTESIAN_POINT('',(-0.739008344562721,1.3010426069826E-16,0.25));
#6228=CARTESIAN_POINT('',(-0.739008344562721,1.3010426069826E-16,-3.28708421540822));
#6229=CARTESIAN_POINT('',(-0.739008344562721,1.3010426069826E-16,-0.25));
#6230=CARTESIAN_POINT('',(-0.554256258422041,0.32,-0.25));
#6231=CARTESIAN_POINT('',(-0.554256258422041,-0.32,-3.28708421540822));
#6232=CARTESIAN_POINT('',(-0.369504172281361,-0.64,0.25));
#6233=CARTESIAN_POINT('',(-0.369504172281361,-0.64,0.25));
#6234=CARTESIAN_POINT('',(-0.369504172281361,-0.64,-3.28708421540822));
#6235=CARTESIAN_POINT('',(-0.369504172281361,-0.64,-0.25));
#6236=CARTESIAN_POINT('',(-0.554256258422041,-0.32,-0.25));
#6237=CARTESIAN_POINT('',(-8.67361737988404E-17,-0.64,-3.28708421540822));
#6238=CARTESIAN_POINT('',(0.36950417228136,-0.64,0.25));
#6239=CARTESIAN_POINT('',(0.36950417228136,-0.64,0.25));
#6240=CARTESIAN_POINT('',(0.36950417228136,-0.64,-3.28708421540822));
#6241=CARTESIAN_POINT('',(0.36950417228136,-0.64,-0.25));
#6242=CARTESIAN_POINT('',(-8.67361737988404E-17,-0.64,-0.25));
#6243=CARTESIAN_POINT('',(0.554256258422041,-0.32,-3.28708421540822));
#6244=CARTESIAN_POINT('',(0.739008344562721,5.29917642351866E-17,0.25));
#6245=CARTESIAN_POINT('',(0.554256258422041,-0.32,-0.25));
#6246=CARTESIAN_POINT('',(-0.554256258422041,-0.32,0.25));
#6247=CARTESIAN_POINT('',(-0.633435723910904,3.46944695195362E-16,0.158571428571429));
#6248=CARTESIAN_POINT('',(-0.316717861955452,-0.548571428571428,0.158571428571429));
#6249=CARTESIAN_POINT('',(-8.67361737988404E-17,-0.64,0.25));
#6250=CARTESIAN_POINT('',(0.316717861955451,-0.548571428571428,0.158571428571429));
#6251=CARTESIAN_POINT('',(-0.554256258422041,0.32,0.25));
#6252=CARTESIAN_POINT('',(-0.316717861955452,0.548571428571428,0.158571428571429));
#6253=CARTESIAN_POINT('',(0.554256258422041,-0.32,0.25));
#6254=CARTESIAN_POINT('',(0.633435723910904,0.,0.158571428571429));
#6255=CARTESIAN_POINT('',(0.,0.64,0.25));
#6256=CARTESIAN_POINT('',(0.316717861955451,0.548571428571428,0.158571428571429));
#6257=CARTESIAN_POINT('',(0.554256258422041,0.32,0.25));
#6258=CARTESIAN_POINT('',(-0.597557528611263,-0.345,-0.3));
#6259=CARTESIAN_POINT('',(-0.682922889841444,3.46944695195362E-16,-0.201428571428572));
#6260=CARTESIAN_POINT('',(-0.341461444920722,-0.591428571428572,-0.201428571428572));
#6261=CARTESIAN_POINT('',(-1.6196829267635E-16,-0.69,-0.3));
#6262=CARTESIAN_POINT('',(0.341461444920721,-0.591428571428572,-0.201428571428572));
#6263=CARTESIAN_POINT('',(-0.597557528611263,0.345,-0.3));
#6264=CARTESIAN_POINT('',(-0.341461444920721,0.591428571428571,-0.201428571428571));
#6265=CARTESIAN_POINT('',(0.597557528611262,-0.345,-0.3));
#6266=CARTESIAN_POINT('',(0.682922889841444,0.,-0.201428571428572));
#6267=CARTESIAN_POINT('',(0.,0.69,-0.3));
#6268=CARTESIAN_POINT('',(0.341461444920722,0.591428571428572,-0.201428571428572));
#6269=CARTESIAN_POINT('',(0.597557528611263,0.345,-0.3));
#6270=CARTESIAN_POINT('',(-4.90844190945134E-15,-6.34908792207511E-14,0.3));
#6271=CARTESIAN_POINT('',(-0.0434782608695649,-1.24924362749296,0.25));
#6272=CARTESIAN_POINT('',(0.0417391304347826,-1.19927388239324,0.3));
#6273=CARTESIAN_POINT('',(0.04,-1.14930413729352,0.3));
#6274=CARTESIAN_POINT('',(0.09,-1.14930413729352,0.3));
#6275=CARTESIAN_POINT('',(-0.04,-1.14930413729352,0.3));
#6276=CARTESIAN_POINT('',(-0.14,-1.14930413729352,0.25));
#6277=CARTESIAN_POINT('',(0.09,-4.11918440772344E-17,0.3));
#6278=CARTESIAN_POINT('',(0.09,-0.957870649038287,0.3));
#6279=CARTESIAN_POINT('',(-0.14,-1.10000295368685,0.25));
#6280=CARTESIAN_POINT('',(-0.14,-0.957870649038287,0.25));
#6281=CARTESIAN_POINT('',(0.256660666863284,-0.957870649038287,0.25));
#6282=CARTESIAN_POINT('',(0.400993038178543,-0.874540315606644,0.3));
#6283=CARTESIAN_POINT('',(-0.256660666863284,-0.957870649038287,0.25));
#6284=CARTESIAN_POINT('',(-0.357691767989322,-0.899540315606645,0.25));
#6285=CARTESIAN_POINT('',(0.428757920313605,-1.02263050213073,0.25));
#6286=CARTESIAN_POINT('',(0.49670978230616,-1.04032657957075,0.3));
#6287=CARTESIAN_POINT('',(0.0779422863405993,-0.045,0.3));
#6288=CARTESIAN_POINT('',(-0.453408512116938,-1.06532657957074,0.25));
#6289=CARTESIAN_POINT('',(0.540011052495382,-1.01532657957075,0.3));
#6290=CARTESIAN_POINT('',(0.563489793908225,-1.05947121346513,0.3));
#6291=CARTESIAN_POINT('',(-0.540011052495382,-1.01532657957074,0.3));
#6292=CARTESIAN_POINT('',(-0.586968535321066,-1.10361584735951,0.25));
#6293=CARTESIAN_POINT('',(3.00107161343988E-14,-6.1409211049579E-14,0.3));
#6294=CARTESIAN_POINT('',(0.635784088485013,-1.01773208303034,0.3));
#6295=CARTESIAN_POINT('',(-2.83627288322208E-14,-3.83373888190874E-14,0.3));
#6296=CARTESIAN_POINT('',(-0.662275092171888,-1.06013758648994,0.25));
#6297=CARTESIAN_POINT('',(0.609293084798137,-0.975326579570746,0.3));
#6298=CARTESIAN_POINT('',(0.652594354987358,-0.950326579570746,0.3));
#6299=CARTESIAN_POINT('',(-0.609293084798137,-0.975326579570745,0.3));
#6300=CARTESIAN_POINT('',(-0.695895625176581,-0.925326579570745,0.25));
#6301=CARTESIAN_POINT('',(0.0779422863405985,0.0449999999999995,0.3));
#6302=CARTESIAN_POINT('',(0.556877610859742,-0.784540315606645,0.3));
#6303=CARTESIAN_POINT('',(-0.671245033373248,-0.882630502130732,0.25));
#6304=CARTESIAN_POINT('',(-0.600178881048965,-0.759540315606644,0.25));
#6305=CARTESIAN_POINT('',(0.701209982175002,-0.701209982175002,0.25));
#6306=CARTESIAN_POINT('',(0.784540315606644,-0.556877610859743,0.3));
#6307=CARTESIAN_POINT('',(-0.701209982175002,-0.701209982175002,0.25));
#6308=CARTESIAN_POINT('',(-0.759540315606645,-0.600178881048964,0.25));
#6309=CARTESIAN_POINT('',(0.882630502130732,-0.671245033373248,0.25));
#6310=CARTESIAN_POINT('',(0.950326579570746,-0.652594354987359,0.3));
#6311=CARTESIAN_POINT('',(0.045,-0.0779422863405988,0.3));
#6312=CARTESIAN_POINT('',(-0.925326579570746,-0.695895625176581,0.25));
#6313=CARTESIAN_POINT('',(0.975326579570746,-0.609293084798137,0.3));
#6314=CARTESIAN_POINT('',(1.01773208303034,-0.635784088485013,0.3));
#6315=CARTESIAN_POINT('',(-0.975326579570746,-0.609293084798137,0.3));
#6316=CARTESIAN_POINT('',(-1.06013758648994,-0.662275092171889,0.25));
#6317=CARTESIAN_POINT('',(3.77302356024956E-14,-2.81458883977237E-14,0.3));
#6318=CARTESIAN_POINT('',(1.05947121346513,-0.563489793908224,0.3));
#6319=CARTESIAN_POINT('',(-1.01134378649448E-13,-5.04804531509251E-14,0.3));
#6320=CARTESIAN_POINT('',(-1.10361584735951,-0.586968535321068,0.25));
#6321=CARTESIAN_POINT('',(1.01532657957075,-0.540011052495382,0.3));
#6322=CARTESIAN_POINT('',(1.04032657957075,-0.49670978230616,0.3));
#6323=CARTESIAN_POINT('',(-1.01532657957075,-0.540011052495382,0.3));
#6324=CARTESIAN_POINT('',(-1.06532657957075,-0.453408512116938,0.25));
#6325=CARTESIAN_POINT('',(0.045,0.0779422863405992,0.3));
#6326=CARTESIAN_POINT('',(0.874540315606644,-0.400993038178544,0.3));
#6327=CARTESIAN_POINT('',(-1.02263050213073,-0.428757920313605,0.25));
#6328=CARTESIAN_POINT('',(-0.899540315606644,-0.357691767989322,0.25));
#6329=CARTESIAN_POINT('',(0.957870649038287,-0.256660666863284,0.25));
#6330=CARTESIAN_POINT('',(0.957870649038287,-0.09,0.3));
#6331=CARTESIAN_POINT('',(-0.957870649038287,-0.256660666863284,0.25));
#6332=CARTESIAN_POINT('',(-0.957870649038287,-0.14,0.25));
#6333=CARTESIAN_POINT('',(1.10000295368685,-0.14,0.25));
#6334=CARTESIAN_POINT('',(1.14930413729352,-0.09,0.3));
#6335=CARTESIAN_POINT('',(-3.43265367310286E-17,-0.09,0.3));
#6336=CARTESIAN_POINT('',(-1.14930413729352,-0.14,0.25));
#6337=CARTESIAN_POINT('',(1.14930413729352,-0.04,0.3));
#6338=CARTESIAN_POINT('',(1.19927388239324,-0.0417391304347825,0.3));
#6339=CARTESIAN_POINT('',(-1.14930413729352,-0.04,0.3));
#6340=CARTESIAN_POINT('',(-1.24924362749295,-0.0434782608695656,0.25));
#6341=CARTESIAN_POINT('',(6.34908792207511E-14,-4.97349403980047E-15,0.3));
#6342=CARTESIAN_POINT('',(1.19927388239324,0.0417391304347821,0.3));
#6343=CARTESIAN_POINT('',(-6.34908792207511E-14,4.8217057356525E-15,0.3));
#6344=CARTESIAN_POINT('',(-1.24924362749296,0.0434782608695649,0.25));
#6345=CARTESIAN_POINT('',(1.14930413729352,0.0399999999999993,0.3));
#6346=CARTESIAN_POINT('',(1.14930413729352,0.09,0.3));
#6347=CARTESIAN_POINT('',(-1.14930413729352,0.04,0.3));
#6348=CARTESIAN_POINT('',(-1.14930413729352,0.14,0.25));
#6349=CARTESIAN_POINT('',(4.11918440772342E-17,0.09,0.3));
#6350=CARTESIAN_POINT('',(0.957870649038287,0.09,0.3));
#6351=CARTESIAN_POINT('',(-1.10000295368685,0.14,0.25));
#6352=CARTESIAN_POINT('',(-0.957870649038287,0.14,0.25));
#6353=CARTESIAN_POINT('',(0.957870649038287,0.256660666863284,0.25));
#6354=CARTESIAN_POINT('',(0.874540315606645,0.400993038178543,0.3));
#6355=CARTESIAN_POINT('',(-0.957870649038287,0.256660666863284,0.25));
#6356=CARTESIAN_POINT('',(-0.899540315606645,0.357691767989322,0.25));
#6357=CARTESIAN_POINT('',(1.02263050213073,0.428757920313604,0.25));
#6358=CARTESIAN_POINT('',(1.04032657957075,0.496709782306159,0.3));
#6359=CARTESIAN_POINT('',(-0.045,-0.0779422863405994,0.3));
#6360=CARTESIAN_POINT('',(-1.06532657957075,0.453408512116938,0.25));
#6361=CARTESIAN_POINT('',(1.01532657957075,0.540011052495381,0.3));
#6362=CARTESIAN_POINT('',(1.05947121346513,0.563489793908224,0.3));
#6363=CARTESIAN_POINT('',(-1.01532657957075,0.540011052495382,0.3));
#6364=CARTESIAN_POINT('',(-1.10361584735951,0.586968535321067,0.25));
#6365=CARTESIAN_POINT('',(6.86083134748827E-14,3.35668992601512E-14,0.3));
#6366=CARTESIAN_POINT('',(1.01773208303034,0.635784088485013,0.3));
#6367=CARTESIAN_POINT('',(-3.79037079500932E-14,2.77122075287295E-14,0.3));
#6368=CARTESIAN_POINT('',(-1.06013758648994,0.662275092171888,0.25));
#6369=CARTESIAN_POINT('',(0.975326579570745,0.609293084798137,0.3));
#6370=CARTESIAN_POINT('',(0.950326579570745,0.652594354987359,0.3));
#6371=CARTESIAN_POINT('',(-0.975326579570746,0.609293084798137,0.3));
#6372=CARTESIAN_POINT('',(-0.925326579570746,0.695895625176581,0.25));
#6373=CARTESIAN_POINT('',(-0.045,0.0779422863405993,0.3));
#6374=CARTESIAN_POINT('',(0.784540315606644,0.556877610859743,0.3));
#6375=CARTESIAN_POINT('',(-0.882630502130733,0.671245033373248,0.25));
#6376=CARTESIAN_POINT('',(-0.759540315606644,0.600178881048965,0.25));
#6377=CARTESIAN_POINT('',(0.701209982175002,0.701209982175002,0.25));
#6378=CARTESIAN_POINT('',(0.556877610859743,0.784540315606645,0.3));
#6379=CARTESIAN_POINT('',(-0.701209982175002,0.701209982175002,0.25));
#6380=CARTESIAN_POINT('',(-0.600178881048965,0.759540315606644,0.25));
#6381=CARTESIAN_POINT('',(0.671245033373248,0.882630502130732,0.25));
#6382=CARTESIAN_POINT('',(0.652594354987359,0.950326579570746,0.3));
#6383=CARTESIAN_POINT('',(-0.0779422863405989,-0.045,0.3));
#6384=CARTESIAN_POINT('',(-0.695895625176581,0.925326579570745,0.25));
#6385=CARTESIAN_POINT('',(0.609293084798137,0.975326579570746,0.3));
#6386=CARTESIAN_POINT('',(0.635784088485012,1.01773208303034,0.3));
#6387=CARTESIAN_POINT('',(-0.609293084798137,0.975326579570745,0.3));
#6388=CARTESIAN_POINT('',(-0.662275092171889,1.06013758648994,0.25));
#6389=CARTESIAN_POINT('',(3.50414142147315E-14,5.14345510627123E-14,0.3));
#6390=CARTESIAN_POINT('',(0.563489793908224,1.05947121346513,0.3));
#6391=CARTESIAN_POINT('',(-2.99673480474994E-14,6.04551131377917E-14,0.3));
#6392=CARTESIAN_POINT('',(-0.586968535321068,1.10361584735951,0.25));
#6393=CARTESIAN_POINT('',(0.540011052495382,1.01532657957075,0.3));
#6394=CARTESIAN_POINT('',(0.49670978230616,1.04032657957075,0.3));
#6395=CARTESIAN_POINT('',(-0.540011052495382,1.01532657957075,0.3));
#6396=CARTESIAN_POINT('',(-0.453408512116938,1.06532657957075,0.25));
#6397=CARTESIAN_POINT('',(-0.0779422863405995,0.045,0.3));
#6398=CARTESIAN_POINT('',(0.400993038178544,0.874540315606645,0.3));
#6399=CARTESIAN_POINT('',(-0.428757920313605,1.02263050213073,0.25));
#6400=CARTESIAN_POINT('',(-0.357691767989322,0.899540315606644,0.25));
#6401=CARTESIAN_POINT('',(0.256660666863284,0.957870649038287,0.25));
#6402=CARTESIAN_POINT('',(0.09,0.957870649038287,0.3));
#6403=CARTESIAN_POINT('',(-0.256660666863284,0.957870649038286,0.25));
#6404=CARTESIAN_POINT('',(-0.14,0.957870649038287,0.25));
#6405=CARTESIAN_POINT('',(0.14,1.10000295368685,0.25));
#6406=CARTESIAN_POINT('',(0.09,1.14930413729352,0.3));
#6407=CARTESIAN_POINT('',(-0.09,2.74612293848229E-17,0.3));
#6408=CARTESIAN_POINT('',(-0.14,1.14930413729352,0.25));
#6409=CARTESIAN_POINT('',(0.04,1.14930413729352,0.3));
#6410=CARTESIAN_POINT('',(0.0417391304347824,1.19927388239324,0.3));
#6411=CARTESIAN_POINT('',(-0.04,1.14930413729352,0.3));
#6412=CARTESIAN_POINT('',(-0.0434782608695658,1.24924362749295,0.25));
#6413=CARTESIAN_POINT('',(4.71328551840395E-15,6.22765727875674E-14,0.3));
#6414=CARTESIAN_POINT('',(-4.90844190945134E-15,-6.34908792207511E-14,-0.25));
#6415=CARTESIAN_POINT('',(-0.0417391304347825,-1.19927388239324,-0.3));
#6416=CARTESIAN_POINT('',(0.0434782608695655,-1.24924362749295,-0.25));
#6417=CARTESIAN_POINT('',(0.04,-1.14930413729352,-0.3));
#6418=CARTESIAN_POINT('',(0.14,-1.14930413729352,-0.25));
#6419=CARTESIAN_POINT('',(-0.04,-1.14930413729352,-0.3));
#6420=CARTESIAN_POINT('',(-0.09,-1.14930413729352,-0.3));
#6421=CARTESIAN_POINT('',(0.14,-1.10000295368685,-0.25));
#6422=CARTESIAN_POINT('',(0.14,-0.957870649038287,-0.25));
#6423=CARTESIAN_POINT('',(-0.09,-4.80571514234403E-17,-0.3));
#6424=CARTESIAN_POINT('',(-0.09,-0.957870649038287,-0.3));
#6425=CARTESIAN_POINT('',(0.256660666863284,-0.957870649038287,-0.3));
#6426=CARTESIAN_POINT('',(0.357691767989322,-0.899540315606644,-0.25));
#6427=CARTESIAN_POINT('',(-0.256660666863284,-0.957870649038287,-0.3));
#6428=CARTESIAN_POINT('',(-0.400993038178544,-0.874540315606645,-0.3));
#6429=CARTESIAN_POINT('',(-0.077942286340599,-0.045,-0.3));
#6430=CARTESIAN_POINT('',(0.453408512116938,-1.06532657957075,-0.25));
#6431=CARTESIAN_POINT('',(-0.428757920313605,-1.02263050213073,-0.25));
#6432=CARTESIAN_POINT('',(-0.49670978230616,-1.04032657957074,-0.3));
#6433=CARTESIAN_POINT('',(0.540011052495382,-1.01532657957075,-0.3));
#6434=CARTESIAN_POINT('',(0.586968535321067,-1.10361584735951,-0.25));
#6435=CARTESIAN_POINT('',(-0.540011052495382,-1.01532657957074,-0.3));
#6436=CARTESIAN_POINT('',(-0.563489793908224,-1.05947121346513,-0.3));
#6437=CARTESIAN_POINT('',(3.00107161343988E-14,-6.1409211049579E-14,-0.25));
#6438=CARTESIAN_POINT('',(0.662275092171888,-1.06013758648994,-0.25));
#6439=CARTESIAN_POINT('',(-2.83627288322208E-14,-3.83373888190874E-14,-0.25));
#6440=CARTESIAN_POINT('',(-0.635784088485013,-1.01773208303034,-0.3));
#6441=CARTESIAN_POINT('',(0.609293084798137,-0.975326579570746,-0.3));
#6442=CARTESIAN_POINT('',(0.69589562517658,-0.925326579570745,-0.25));
#6443=CARTESIAN_POINT('',(-0.609293084798137,-0.975326579570745,-0.3));
#6444=CARTESIAN_POINT('',(-0.652594354987359,-0.950326579570746,-0.3));
#6445=CARTESIAN_POINT('',(0.671245033373248,-0.882630502130732,-0.25));
#6446=CARTESIAN_POINT('',(0.600178881048964,-0.759540315606645,-0.25));
#6447=CARTESIAN_POINT('',(-0.0779422863406005,0.045,-0.3));
#6448=CARTESIAN_POINT('',(-0.556877610859743,-0.784540315606644,-0.3));
#6449=CARTESIAN_POINT('',(0.701209982175002,-0.701209982175002,-0.3));
#6450=CARTESIAN_POINT('',(0.759540315606644,-0.600178881048965,-0.25));
#6451=CARTESIAN_POINT('',(-0.701209982175002,-0.701209982175002,-0.3));
#6452=CARTESIAN_POINT('',(-0.784540315606645,-0.556877610859743,-0.3));
#6453=CARTESIAN_POINT('',(-0.045,-0.0779422863405999,-0.3));
#6454=CARTESIAN_POINT('',(0.925326579570746,-0.695895625176581,-0.25));
#6455=CARTESIAN_POINT('',(-0.882630502130732,-0.671245033373248,-0.25));
#6456=CARTESIAN_POINT('',(-0.950326579570746,-0.652594354987359,-0.3));
#6457=CARTESIAN_POINT('',(0.975326579570746,-0.609293084798137,-0.3));
#6458=CARTESIAN_POINT('',(1.06013758648994,-0.662275092171888,-0.25));
#6459=CARTESIAN_POINT('',(-0.975326579570746,-0.609293084798137,-0.3));
#6460=CARTESIAN_POINT('',(-1.01773208303034,-0.635784088485013,-0.3));
#6461=CARTESIAN_POINT('',(3.77302356024956E-14,-2.81458883977237E-14,-0.25));
#6462=CARTESIAN_POINT('',(1.10361584735951,-0.586968535321067,-0.25));
#6463=CARTESIAN_POINT('',(-1.01134378649448E-13,-5.04804531509251E-14,-0.25));
#6464=CARTESIAN_POINT('',(-1.05947121346513,-0.563489793908225,-0.3));
#6465=CARTESIAN_POINT('',(1.01532657957075,-0.540011052495382,-0.3));
#6466=CARTESIAN_POINT('',(1.06532657957075,-0.453408512116938,-0.25));
#6467=CARTESIAN_POINT('',(-1.01532657957075,-0.540011052495382,-0.3));
#6468=CARTESIAN_POINT('',(-1.04032657957075,-0.49670978230616,-0.3));
#6469=CARTESIAN_POINT('',(1.02263050213073,-0.428757920313605,-0.25));
#6470=CARTESIAN_POINT('',(0.899540315606644,-0.357691767989322,-0.25));
#6471=CARTESIAN_POINT('',(-0.045,0.0779422863405993,-0.3));
#6472=CARTESIAN_POINT('',(-0.874540315606645,-0.400993038178543,-0.3));
#6473=CARTESIAN_POINT('',(0.957870649038287,-0.256660666863284,-0.3));
#6474=CARTESIAN_POINT('',(0.957870649038287,-0.14,-0.25));
#6475=CARTESIAN_POINT('',(-0.957870649038287,-0.256660666863284,-0.3));
#6476=CARTESIAN_POINT('',(-0.957870649038287,-0.09,-0.3));
#6477=CARTESIAN_POINT('',(3.43265367310288E-17,-0.09,-0.3));
#6478=CARTESIAN_POINT('',(1.14930413729352,-0.14,-0.25));
#6479=CARTESIAN_POINT('',(-1.10000295368685,-0.14,-0.25));
#6480=CARTESIAN_POINT('',(-1.14930413729352,-0.09,-0.3));
#6481=CARTESIAN_POINT('',(1.14930413729352,-0.04,-0.3));
#6482=CARTESIAN_POINT('',(1.24924362749296,-0.043478260869565,-0.25));
#6483=CARTESIAN_POINT('',(-1.14930413729352,-0.04,-0.3));
#6484=CARTESIAN_POINT('',(-1.19927388239324,-0.0417391304347828,-0.3));
#6485=CARTESIAN_POINT('',(6.34908792207511E-14,-4.97349403980047E-15,-0.25));
#6486=CARTESIAN_POINT('',(1.24924362749295,0.043478260869565,-0.25));
#6487=CARTESIAN_POINT('',(-6.34908792207511E-14,4.8217057356525E-15,-0.25));
#6488=CARTESIAN_POINT('',(-1.19927388239324,0.0417391304347824,-0.3));
#6489=CARTESIAN_POINT('',(1.14930413729352,0.0399999999999993,-0.3));
#6490=CARTESIAN_POINT('',(1.14930413729352,0.14,-0.25));
#6491=CARTESIAN_POINT('',(-1.14930413729352,0.04,-0.3));
#6492=CARTESIAN_POINT('',(-1.14930413729352,0.09,-0.3));
#6493=CARTESIAN_POINT('',(1.10000295368685,0.14,-0.25));
#6494=CARTESIAN_POINT('',(0.957870649038287,0.14,-0.25));
#6495=CARTESIAN_POINT('',(-2.74612293848229E-17,0.09,-0.3));
#6496=CARTESIAN_POINT('',(-0.957870649038287,0.09,-0.3));
#6497=CARTESIAN_POINT('',(0.957870649038287,0.256660666863284,-0.3));
#6498=CARTESIAN_POINT('',(0.899540315606645,0.357691767989322,-0.25));
#6499=CARTESIAN_POINT('',(-0.957870649038287,0.256660666863284,-0.3));
#6500=CARTESIAN_POINT('',(-0.874540315606645,0.400993038178543,-0.3));
#6501=CARTESIAN_POINT('',(0.045,-0.0779422863405997,-0.3));
#6502=CARTESIAN_POINT('',(1.06532657957075,0.453408512116937,-0.25));
#6503=CARTESIAN_POINT('',(-1.02263050213073,0.428757920313605,-0.25));
#6504=CARTESIAN_POINT('',(-1.04032657957075,0.49670978230616,-0.3));
#6505=CARTESIAN_POINT('',(1.01532657957075,0.540011052495381,-0.3));
#6506=CARTESIAN_POINT('',(1.10361584735951,0.586968535321067,-0.25));
#6507=CARTESIAN_POINT('',(-1.01532657957075,0.540011052495382,-0.3));
#6508=CARTESIAN_POINT('',(-1.05947121346513,0.563489793908225,-0.3));
#6509=CARTESIAN_POINT('',(6.86083134748827E-14,3.35668992601512E-14,-0.25));
#6510=CARTESIAN_POINT('',(1.06013758648994,0.662275092171889,-0.25));
#6511=CARTESIAN_POINT('',(-3.79037079500932E-14,2.77122075287295E-14,-0.25));
#6512=CARTESIAN_POINT('',(-1.01773208303034,0.635784088485013,-0.3));
#6513=CARTESIAN_POINT('',(0.975326579570745,0.609293084798137,-0.3));
#6514=CARTESIAN_POINT('',(0.925326579570745,0.695895625176581,-0.25));
#6515=CARTESIAN_POINT('',(-0.975326579570746,0.609293084798137,-0.3));
#6516=CARTESIAN_POINT('',(-0.950326579570746,0.652594354987359,-0.3));
#6517=CARTESIAN_POINT('',(0.882630502130732,0.671245033373248,-0.25));
#6518=CARTESIAN_POINT('',(0.759540315606644,0.600178881048965,-0.25));
#6519=CARTESIAN_POINT('',(0.045,0.0779422863406,-0.3));
#6520=CARTESIAN_POINT('',(-0.784540315606644,0.556877610859743,-0.3));
#6521=CARTESIAN_POINT('',(0.701209982175002,0.701209982175002,-0.3));
#6522=CARTESIAN_POINT('',(0.600178881048964,0.759540315606645,-0.25));
#6523=CARTESIAN_POINT('',(-0.701209982175002,0.701209982175002,-0.3));
#6524=CARTESIAN_POINT('',(-0.556877610859743,0.784540315606644,-0.3));
#6525=CARTESIAN_POINT('',(0.0779422863405995,-0.045,-0.3));
#6526=CARTESIAN_POINT('',(0.695895625176581,0.925326579570746,-0.25));
#6527=CARTESIAN_POINT('',(-0.671245033373248,0.882630502130732,-0.25));
#6528=CARTESIAN_POINT('',(-0.652594354987359,0.950326579570745,-0.3));
#6529=CARTESIAN_POINT('',(0.609293084798137,0.975326579570746,-0.3));
#6530=CARTESIAN_POINT('',(0.662275092171887,1.06013758648994,-0.25));
#6531=CARTESIAN_POINT('',(-0.609293084798137,0.975326579570745,-0.3));
#6532=CARTESIAN_POINT('',(-0.635784088485013,1.01773208303034,-0.3));
#6533=CARTESIAN_POINT('',(3.50414142147315E-14,5.14345510627123E-14,-0.25));
#6534=CARTESIAN_POINT('',(0.586968535321067,1.10361584735951,-0.25));
#6535=CARTESIAN_POINT('',(-2.99673480474994E-14,6.04551131377917E-14,-0.25));
#6536=CARTESIAN_POINT('',(-0.563489793908225,1.05947121346513,-0.3));
#6537=CARTESIAN_POINT('',(0.540011052495382,1.01532657957075,-0.3));
#6538=CARTESIAN_POINT('',(0.453408512116938,1.06532657957075,-0.25));
#6539=CARTESIAN_POINT('',(-0.540011052495382,1.01532657957075,-0.3));
#6540=CARTESIAN_POINT('',(-0.49670978230616,1.04032657957075,-0.3));
#6541=CARTESIAN_POINT('',(0.428757920313605,1.02263050213073,-0.25));
#6542=CARTESIAN_POINT('',(0.357691767989322,0.899540315606645,-0.25));
#6543=CARTESIAN_POINT('',(0.0779422863405993,0.045,-0.3));
#6544=CARTESIAN_POINT('',(-0.400993038178543,0.874540315606644,-0.3));
#6545=CARTESIAN_POINT('',(0.256660666863284,0.957870649038287,-0.3));
#6546=CARTESIAN_POINT('',(0.14,0.957870649038287,-0.25));
#6547=CARTESIAN_POINT('',(-0.256660666863284,0.957870649038286,-0.3));
#6548=CARTESIAN_POINT('',(-0.09,0.957870649038287,-0.3));
#6549=CARTESIAN_POINT('',(0.09,6.86530734620572E-18,-0.3));
#6550=CARTESIAN_POINT('',(0.14,1.14930413729352,-0.25));
#6551=CARTESIAN_POINT('',(-0.14,1.10000295368685,-0.25));
#6552=CARTESIAN_POINT('',(-0.09,1.14930413729352,-0.3));
#6553=CARTESIAN_POINT('',(0.04,1.14930413729352,-0.3));
#6554=CARTESIAN_POINT('',(0.0434782608695648,1.24924362749296,-0.25));
#6555=CARTESIAN_POINT('',(-0.04,1.14930413729352,-0.3));
#6556=CARTESIAN_POINT('',(-0.0417391304347828,1.19927388239324,-0.3));
#6557=CARTESIAN_POINT('',(4.71328551840395E-15,6.22765727875674E-14,-0.25));
#6558=MECHANICAL_DESIGN_GEOMETRIC_PRESENTATION_REPRESENTATION('',(#3811),
#6559);
#6559=(
GEOMETRIC_REPRESENTATION_CONTEXT(3)
GLOBAL_UNCERTAINTY_ASSIGNED_CONTEXT((#6560))
GLOBAL_UNIT_ASSIGNED_CONTEXT((#6563,#6562,#6561))
REPRESENTATION_CONTEXT('NICE-04-03-001','TOP_LEVEL_ASSEMBLY_PART')
);
#6560=UNCERTAINTY_MEASURE_WITH_UNIT(LENGTH_MEASURE(1.E-6),#6563,
'DISTANCE_ACCURACY_VALUE','Maximum Tolerance applied to model');
#6561=(
NAMED_UNIT(*)
SI_UNIT($,.STERADIAN.)
SOLID_ANGLE_UNIT()
);
#6562=(
NAMED_UNIT(*)
PLANE_ANGLE_UNIT()
SI_UNIT($,.RADIAN.)
);
#6563=(
LENGTH_UNIT()
NAMED_UNIT(*)
SI_UNIT(.CENTI.,.METRE.)
);
#6564=PRODUCT_DEFINITION_SHAPE('','',#6565);
#6565=PRODUCT_DEFINITION('','',#6567,#6566);
#6566=PRODUCT_DEFINITION_CONTEXT('',#6573,'design');
#6567=PRODUCT_DEFINITION_FORMATION_WITH_SPECIFIED_SOURCE('','',#6569,
 .NOT_KNOWN.);
#6568=PRODUCT_RELATED_PRODUCT_CATEGORY('','',(#6569));
#6569=PRODUCT('NICE-04-03-001','NICE-04-03-001','NICE-04-03-001',(#6571));
#6570=PRODUCT_CATEGORY('','');
#6571=PRODUCT_CONTEXT('',#6573,'mechanical');
#6572=APPLICATION_PROTOCOL_DEFINITION('international standard',
'ap242_managed_model_based_3d_engineering',2020,#6573);
#6573=APPLICATION_CONTEXT('managed model based 3d engineering');
ENDSEC;
END-ISO-10303-21;
