ISO-10303-21;
HEADER;
/* Generated by software containing ST-Developer
 * from STEP Tools, Inc. (www.steptools.com) 
 */
/* OPTION: using custom renumber hook */

FILE_DESCRIPTION(
/* description */ ('STEP AP242 Edition 2',
'CAx-IF Rec.Pracs.---Representation and Presentation of Product Manufa
cturing Information (PMI)---4.0---2014-10-13',
'CAx-IF Rec.Pracs.---3D Tessellated Geometry---0.4---2014-09-14','2;1',
'CAx-IF Rec.Pracs.---User Defined Attributes---1.5---2016-08-15'),
/* implementation_level */ '2;1');

FILE_NAME(
/* name */ '695c7fd2cf4a021bb411b0de',
/* time_stamp */ '2026-01-06T03:21:55Z',
/* author */ (''),
/* organization */ (''),
/* preprocessor_version */ 'ST-DEVELOPER v20',
/* originating_system */ 'ONSHAPE BY PTC INC, 1.208',
/* authorisation */ '  ');

FILE_SCHEMA (('AP242_MANAGED_MODEL_BASED_3D_ENGINEERING_MIM_LF { 1 0 10303 442 3 1 4 }'));
ENDSEC;

DATA;
#10=SHAPE_REPRESENTATION_RELATIONSHIP('','',#3253,#11);
#11=ADVANCED_BREP_SHAPE_REPRESENTATION('',(#3251),#5637);
#12=CONICAL_SURFACE('',#3566,0.35,0.785398163397448);
#13=CONICAL_SURFACE('',#3567,0.35,0.785398163397448);
#14=CONICAL_SURFACE('',#3570,0.35,0.785398163397448);
#15=CONICAL_SURFACE('',#3571,0.35,0.785398163397448);
#16=CONICAL_SURFACE('',#3574,0.2,0.78539816339745);
#17=CONICAL_SURFACE('',#3575,0.2,0.78539816339745);
#18=CONICAL_SURFACE('',#3578,0.2,0.78539816339745);
#19=CONICAL_SURFACE('',#3579,0.2,0.78539816339745);
#20=CONICAL_SURFACE('',#3582,0.2,0.78539816339745);
#21=CONICAL_SURFACE('',#3583,0.2,0.78539816339745);
#22=CONICAL_SURFACE('',#3586,0.2,0.78539816339745);
#23=CONICAL_SURFACE('',#3587,0.2,0.78539816339745);
#24=CYLINDRICAL_SURFACE('',#3484,0.21);
#25=CYLINDRICAL_SURFACE('',#3485,0.21);
#26=CYLINDRICAL_SURFACE('',#3486,0.21);
#27=CYLINDRICAL_SURFACE('',#3487,0.21);
#28=CYLINDRICAL_SURFACE('',#3488,0.21);
#29=CYLINDRICAL_SURFACE('',#3489,0.21);
#30=CYLINDRICAL_SURFACE('',#3490,0.21);
#31=CYLINDRICAL_SURFACE('',#3491,0.21);
#32=CYLINDRICAL_SURFACE('',#3492,0.21);
#33=CYLINDRICAL_SURFACE('',#3493,0.21);
#34=CYLINDRICAL_SURFACE('',#3494,0.21);
#35=CYLINDRICAL_SURFACE('',#3495,0.21);
#36=CYLINDRICAL_SURFACE('',#3496,0.21);
#37=CYLINDRICAL_SURFACE('',#3497,0.21);
#38=CYLINDRICAL_SURFACE('',#3498,0.21);
#39=CYLINDRICAL_SURFACE('',#3499,0.21);
#40=CYLINDRICAL_SURFACE('',#3500,0.21);
#41=CYLINDRICAL_SURFACE('',#3501,0.66);
#42=CYLINDRICAL_SURFACE('',#3504,0.66);
#43=CYLINDRICAL_SURFACE('',#3505,0.66);
#44=CYLINDRICAL_SURFACE('',#3506,0.21);
#45=CYLINDRICAL_SURFACE('',#3507,0.21);
#46=CYLINDRICAL_SURFACE('',#3508,0.21);
#47=CYLINDRICAL_SURFACE('',#3509,0.21);
#48=CYLINDRICAL_SURFACE('',#3510,0.21);
#49=CYLINDRICAL_SURFACE('',#3511,0.21);
#50=CYLINDRICAL_SURFACE('',#3512,0.66);
#51=CYLINDRICAL_SURFACE('',#3513,0.66);
#52=CYLINDRICAL_SURFACE('',#3516,0.66);
#53=CYLINDRICAL_SURFACE('',#3517,0.21);
#54=CYLINDRICAL_SURFACE('',#3518,0.21);
#55=CYLINDRICAL_SURFACE('',#3519,0.21);
#56=CYLINDRICAL_SURFACE('',#3520,0.21);
#57=CYLINDRICAL_SURFACE('',#3521,0.21);
#58=CYLINDRICAL_SURFACE('',#3522,0.21);
#59=CYLINDRICAL_SURFACE('',#3525,0.66);
#60=CYLINDRICAL_SURFACE('',#3526,0.66);
#61=CYLINDRICAL_SURFACE('',#3527,0.66);
#62=CYLINDRICAL_SURFACE('',#3528,0.21);
#63=CYLINDRICAL_SURFACE('',#3529,0.21);
#64=CYLINDRICAL_SURFACE('',#3530,0.21);
#65=CYLINDRICAL_SURFACE('',#3531,0.21);
#66=CYLINDRICAL_SURFACE('',#3532,0.21);
#67=CYLINDRICAL_SURFACE('',#3533,0.21);
#68=CYLINDRICAL_SURFACE('',#3536,0.66);
#69=CYLINDRICAL_SURFACE('',#3537,0.66);
#70=CYLINDRICAL_SURFACE('',#3538,0.66);
#71=CYLINDRICAL_SURFACE('',#3539,0.21);
#72=CYLINDRICAL_SURFACE('',#3540,0.21);
#73=CYLINDRICAL_SURFACE('',#3541,0.21);
#74=CYLINDRICAL_SURFACE('',#3542,0.21);
#75=CYLINDRICAL_SURFACE('',#3543,0.21);
#76=CYLINDRICAL_SURFACE('',#3544,0.21);
#77=CYLINDRICAL_SURFACE('',#3545,0.25);
#78=CYLINDRICAL_SURFACE('',#3548,0.25);
#79=CYLINDRICAL_SURFACE('',#3551,0.25);
#80=CYLINDRICAL_SURFACE('',#3554,0.25);
#81=CYLINDRICAL_SURFACE('',#3557,0.3);
#82=CYLINDRICAL_SURFACE('',#3559,0.3);
#83=CYLINDRICAL_SURFACE('',#3561,0.3);
#84=CYLINDRICAL_SURFACE('',#3563,0.3);
#85=CYLINDRICAL_SURFACE('',#3589,0.22606);
#86=CYLINDRICAL_SURFACE('',#3590,0.22606);
#87=CYLINDRICAL_SURFACE('',#3592,0.41);
#88=CYLINDRICAL_SURFACE('',#3593,0.41);
#89=CYLINDRICAL_SURFACE('',#3594,0.22606);
#90=CYLINDRICAL_SURFACE('',#3595,0.22606);
#91=CYLINDRICAL_SURFACE('',#3597,0.22606);
#92=CYLINDRICAL_SURFACE('',#3598,0.22606);
#93=CYLINDRICAL_SURFACE('',#3600,0.41);
#94=CYLINDRICAL_SURFACE('',#3601,0.41);
#95=CYLINDRICAL_SURFACE('',#3602,0.22606);
#96=CYLINDRICAL_SURFACE('',#3603,0.22606);
#97=CYLINDRICAL_SURFACE('',#3606,0.22606);
#98=CYLINDRICAL_SURFACE('',#3607,0.22606);
#99=CYLINDRICAL_SURFACE('',#3608,0.41);
#100=CYLINDRICAL_SURFACE('',#3609,0.41);
#101=CYLINDRICAL_SURFACE('',#3611,0.22606);
#102=CYLINDRICAL_SURFACE('',#3612,0.22606);
#103=CYLINDRICAL_SURFACE('',#3614,0.22606);
#104=CYLINDRICAL_SURFACE('',#3615,0.22606);
#105=CYLINDRICAL_SURFACE('',#3616,0.41);
#106=CYLINDRICAL_SURFACE('',#3617,0.41);
#107=CYLINDRICAL_SURFACE('',#3619,0.22606);
#108=CYLINDRICAL_SURFACE('',#3620,0.22606);
#109=CYLINDRICAL_SURFACE('',#3621,0.22606);
#110=CYLINDRICAL_SURFACE('',#3622,0.22606);
#111=CYLINDRICAL_SURFACE('',#3624,0.41);
#112=CYLINDRICAL_SURFACE('',#3625,0.41);
#113=CYLINDRICAL_SURFACE('',#3626,0.22606);
#114=CYLINDRICAL_SURFACE('',#3627,0.22606);
#115=CYLINDRICAL_SURFACE('',#3629,0.22606);
#116=CYLINDRICAL_SURFACE('',#3630,0.22606);
#117=CYLINDRICAL_SURFACE('',#3632,0.41);
#118=CYLINDRICAL_SURFACE('',#3633,0.41);
#119=CYLINDRICAL_SURFACE('',#3634,0.22606);
#120=CYLINDRICAL_SURFACE('',#3635,0.22606);
#121=CYLINDRICAL_SURFACE('',#3638,0.22606);
#122=CYLINDRICAL_SURFACE('',#3639,0.22606);
#123=CYLINDRICAL_SURFACE('',#3640,0.41);
#124=CYLINDRICAL_SURFACE('',#3641,0.41);
#125=CYLINDRICAL_SURFACE('',#3643,0.22606);
#126=CYLINDRICAL_SURFACE('',#3644,0.22606);
#127=CYLINDRICAL_SURFACE('',#3646,0.22606);
#128=CYLINDRICAL_SURFACE('',#3647,0.22606);
#129=CYLINDRICAL_SURFACE('',#3648,0.41);
#130=CYLINDRICAL_SURFACE('',#3649,0.41);
#131=CYLINDRICAL_SURFACE('',#3651,0.22606);
#132=CYLINDRICAL_SURFACE('',#3652,0.22606);
#133=LINE('',#4692,#369);
#134=LINE('',#4696,#370);
#135=LINE('',#4700,#371);
#136=LINE('',#4704,#372);
#137=LINE('',#4705,#373);
#138=LINE('',#4714,#374);
#139=LINE('',#4722,#375);
#140=LINE('',#4739,#376);
#141=LINE('',#4748,#377);
#142=LINE('',#4756,#378);
#143=LINE('',#4770,#379);
#144=LINE('',#4778,#380);
#145=LINE('',#4786,#381);
#146=LINE('',#4790,#382);
#147=LINE('',#4798,#383);
#148=LINE('',#4806,#384);
#149=LINE('',#4815,#385);
#150=LINE('',#4819,#386);
#151=LINE('',#4823,#387);
#152=LINE('',#4827,#388);
#153=LINE('',#4831,#389);
#154=LINE('',#4835,#390);
#155=LINE('',#4839,#391);
#156=LINE('',#4843,#392);
#157=LINE('',#4848,#393);
#158=LINE('',#4856,#394);
#159=LINE('',#4864,#395);
#160=LINE('',#4872,#396);
#161=LINE('',#4883,#397);
#162=LINE('',#4886,#398);
#163=LINE('',#4888,#399);
#164=LINE('',#4890,#400);
#165=LINE('',#4899,#401);
#166=LINE('',#4907,#402);
#167=LINE('',#4915,#403);
#168=LINE('',#4923,#404);
#169=LINE('',#4930,#405);
#170=LINE('',#4933,#406);
#171=LINE('',#4935,#407);
#172=LINE('',#4937,#408);
#173=LINE('',#4946,#409);
#174=LINE('',#4954,#410);
#175=LINE('',#4962,#411);
#176=LINE('',#4970,#412);
#177=LINE('',#4977,#413);
#178=LINE('',#4980,#414);
#179=LINE('',#4982,#415);
#180=LINE('',#4984,#416);
#181=LINE('',#4989,#417);
#182=LINE('',#4997,#418);
#183=LINE('',#5005,#419);
#184=LINE('',#5013,#420);
#185=LINE('',#5024,#421);
#186=LINE('',#5027,#422);
#187=LINE('',#5029,#423);
#188=LINE('',#5031,#424);
#189=LINE('',#5038,#425);
#190=LINE('',#5046,#426);
#191=LINE('',#5054,#427);
#192=LINE('',#5062,#428);
#193=LINE('',#5065,#429);
#194=LINE('',#5068,#430);
#195=LINE('',#5070,#431);
#196=LINE('',#5072,#432);
#197=LINE('',#5074,#433);
#198=LINE('',#5075,#434);
#199=LINE('',#5077,#435);
#200=LINE('',#5092,#436);
#201=LINE('',#5100,#437);
#202=LINE('',#5108,#438);
#203=LINE('',#5116,#439);
#204=LINE('',#5119,#440);
#205=LINE('',#5122,#441);
#206=LINE('',#5124,#442);
#207=LINE('',#5126,#443);
#208=LINE('',#5128,#444);
#209=LINE('',#5129,#445);
#210=LINE('',#5131,#446);
#211=LINE('',#5142,#447);
#212=LINE('',#5150,#448);
#213=LINE('',#5158,#449);
#214=LINE('',#5166,#450);
#215=LINE('',#5171,#451);
#216=LINE('',#5174,#452);
#217=LINE('',#5176,#453);
#218=LINE('',#5178,#454);
#219=LINE('',#5180,#455);
#220=LINE('',#5181,#456);
#221=LINE('',#5183,#457);
#222=LINE('',#5196,#458);
#223=LINE('',#5204,#459);
#224=LINE('',#5212,#460);
#225=LINE('',#5220,#461);
#226=LINE('',#5221,#462);
#227=LINE('',#5224,#463);
#228=LINE('',#5226,#464);
#229=LINE('',#5228,#465);
#230=LINE('',#5230,#466);
#231=LINE('',#5231,#467);
#232=LINE('',#5233,#468);
#233=LINE('',#5248,#469);
#234=LINE('',#5256,#470);
#235=LINE('',#5270,#471);
#236=LINE('',#5278,#472);
#237=LINE('',#5292,#473);
#238=LINE('',#5300,#474);
#239=LINE('',#5314,#475);
#240=LINE('',#5322,#476);
#241=LINE('',#5357,#477);
#242=LINE('',#5358,#478);
#243=LINE('',#5360,#479);
#244=LINE('',#5361,#480);
#245=LINE('',#5363,#481);
#246=LINE('',#5364,#482);
#247=LINE('',#5366,#483);
#248=LINE('',#5367,#484);
#249=LINE('',#5369,#485);
#250=LINE('',#5370,#486);
#251=LINE('',#5378,#487);
#252=LINE('',#5379,#488);
#253=LINE('',#5381,#489);
#254=LINE('',#5382,#490);
#255=LINE('',#5384,#491);
#256=LINE('',#5385,#492);
#257=LINE('',#5387,#493);
#258=LINE('',#5388,#494);
#259=LINE('',#5390,#495);
#260=LINE('',#5391,#496);
#261=LINE('',#5399,#497);
#262=LINE('',#5400,#498);
#263=LINE('',#5402,#499);
#264=LINE('',#5403,#500);
#265=LINE('',#5405,#501);
#266=LINE('',#5406,#502);
#267=LINE('',#5408,#503);
#268=LINE('',#5409,#504);
#269=LINE('',#5411,#505);
#270=LINE('',#5412,#506);
#271=LINE('',#5420,#507);
#272=LINE('',#5421,#508);
#273=LINE('',#5423,#509);
#274=LINE('',#5424,#510);
#275=LINE('',#5426,#511);
#276=LINE('',#5427,#512);
#277=LINE('',#5429,#513);
#278=LINE('',#5430,#514);
#279=LINE('',#5432,#515);
#280=LINE('',#5433,#516);
#281=LINE('',#5461,#517);
#282=LINE('',#5462,#518);
#283=LINE('',#5464,#519);
#284=LINE('',#5466,#520);
#285=LINE('',#5468,#521);
#286=LINE('',#5470,#522);
#287=LINE('',#5472,#523);
#288=LINE('',#5474,#524);
#289=LINE('',#5477,#525);
#290=LINE('',#5478,#526);
#291=LINE('',#5480,#527);
#292=LINE('',#5482,#528);
#293=LINE('',#5484,#529);
#294=LINE('',#5486,#530);
#295=LINE('',#5488,#531);
#296=LINE('',#5490,#532);
#297=LINE('',#5493,#533);
#298=LINE('',#5494,#534);
#299=LINE('',#5496,#535);
#300=LINE('',#5498,#536);
#301=LINE('',#5500,#537);
#302=LINE('',#5502,#538);
#303=LINE('',#5504,#539);
#304=LINE('',#5506,#540);
#305=LINE('',#5509,#541);
#306=LINE('',#5510,#542);
#307=LINE('',#5512,#543);
#308=LINE('',#5513,#544);
#309=LINE('',#5516,#545);
#310=LINE('',#5518,#546);
#311=LINE('',#5520,#547);
#312=LINE('',#5522,#548);
#313=LINE('',#5525,#549);
#314=LINE('',#5526,#550);
#315=LINE('',#5528,#551);
#316=LINE('',#5529,#552);
#317=LINE('',#5532,#553);
#318=LINE('',#5534,#554);
#319=LINE('',#5536,#555);
#320=LINE('',#5538,#556);
#321=LINE('',#5541,#557);
#322=LINE('',#5542,#558);
#323=LINE('',#5544,#559);
#324=LINE('',#5546,#560);
#325=LINE('',#5548,#561);
#326=LINE('',#5550,#562);
#327=LINE('',#5552,#563);
#328=LINE('',#5553,#564);
#329=LINE('',#5557,#565);
#330=LINE('',#5558,#566);
#331=LINE('',#5560,#567);
#332=LINE('',#5562,#568);
#333=LINE('',#5564,#569);
#334=LINE('',#5566,#570);
#335=LINE('',#5568,#571);
#336=LINE('',#5569,#572);
#337=LINE('',#5573,#573);
#338=LINE('',#5574,#574);
#339=LINE('',#5576,#575);
#340=LINE('',#5577,#576);
#341=LINE('',#5580,#577);
#342=LINE('',#5582,#578);
#343=LINE('',#5584,#579);
#344=LINE('',#5586,#580);
#345=LINE('',#5589,#581);
#346=LINE('',#5590,#582);
#347=LINE('',#5592,#583);
#348=LINE('',#5593,#584);
#349=LINE('',#5596,#585);
#350=LINE('',#5598,#586);
#351=LINE('',#5600,#587);
#352=LINE('',#5602,#588);
#353=LINE('',#5605,#589);
#354=LINE('',#5606,#590);
#355=LINE('',#5608,#591);
#356=LINE('',#5610,#592);
#357=LINE('',#5612,#593);
#358=LINE('',#5614,#594);
#359=LINE('',#5616,#595);
#360=LINE('',#5617,#596);
#361=LINE('',#5621,#597);
#362=LINE('',#5622,#598);
#363=LINE('',#5624,#599);
#364=LINE('',#5626,#600);
#365=LINE('',#5628,#601);
#366=LINE('',#5630,#602);
#367=LINE('',#5632,#603);
#368=LINE('',#5633,#604);
#369=VECTOR('',#3659,100.);
#370=VECTOR('',#3662,100.);
#371=VECTOR('',#3665,100.);
#372=VECTOR('',#3668,100.);
#373=VECTOR('',#3669,100.);
#374=VECTOR('',#3676,100.);
#375=VECTOR('',#3683,100.);
#376=VECTOR('',#3700,100.);
#377=VECTOR('',#3707,100.);
#378=VECTOR('',#3714,100.);
#379=VECTOR('',#3727,100.);
#380=VECTOR('',#3734,100.);
#381=VECTOR('',#3741,100.);
#382=VECTOR('',#3744,100.);
#383=VECTOR('',#3751,100.);
#384=VECTOR('',#3758,100.);
#385=VECTOR('',#3767,100.);
#386=VECTOR('',#3770,100.);
#387=VECTOR('',#3773,100.);
#388=VECTOR('',#3776,100.);
#389=VECTOR('',#3779,100.);
#390=VECTOR('',#3782,100.);
#391=VECTOR('',#3785,100.);
#392=VECTOR('',#3788,100.);
#393=VECTOR('',#3793,100.);
#394=VECTOR('',#3800,100.);
#395=VECTOR('',#3807,100.);
#396=VECTOR('',#3814,100.);
#397=VECTOR('',#3825,100.);
#398=VECTOR('',#3826,100.);
#399=VECTOR('',#3827,100.);
#400=VECTOR('',#3828,100.);
#401=VECTOR('',#3837,100.);
#402=VECTOR('',#3844,100.);
#403=VECTOR('',#3851,100.);
#404=VECTOR('',#3858,100.);
#405=VECTOR('',#3865,100.);
#406=VECTOR('',#3866,100.);
#407=VECTOR('',#3867,100.);
#408=VECTOR('',#3868,100.);
#409=VECTOR('',#3877,100.);
#410=VECTOR('',#3884,100.);
#411=VECTOR('',#3891,100.);
#412=VECTOR('',#3898,100.);
#413=VECTOR('',#3905,100.);
#414=VECTOR('',#3906,100.);
#415=VECTOR('',#3907,100.);
#416=VECTOR('',#3908,100.);
#417=VECTOR('',#3913,100.);
#418=VECTOR('',#3920,100.);
#419=VECTOR('',#3927,100.);
#420=VECTOR('',#3934,100.);
#421=VECTOR('',#3945,100.);
#422=VECTOR('',#3946,100.);
#423=VECTOR('',#3947,100.);
#424=VECTOR('',#3948,100.);
#425=VECTOR('',#3955,100.);
#426=VECTOR('',#3962,100.);
#427=VECTOR('',#3969,100.);
#428=VECTOR('',#3976,100.);
#429=VECTOR('',#3979,100.);
#430=VECTOR('',#3980,100.);
#431=VECTOR('',#3981,100.);
#432=VECTOR('',#3982,100.);
#433=VECTOR('',#3983,100.);
#434=VECTOR('',#3984,100.);
#435=VECTOR('',#3985,100.);
#436=VECTOR('',#4000,100.);
#437=VECTOR('',#4007,100.);
#438=VECTOR('',#4014,100.);
#439=VECTOR('',#4021,100.);
#440=VECTOR('',#4024,100.);
#441=VECTOR('',#4025,100.);
#442=VECTOR('',#4026,100.);
#443=VECTOR('',#4027,100.);
#444=VECTOR('',#4028,100.);
#445=VECTOR('',#4029,100.);
#446=VECTOR('',#4030,100.);
#447=VECTOR('',#4041,100.);
#448=VECTOR('',#4048,100.);
#449=VECTOR('',#4055,100.);
#450=VECTOR('',#4062,100.);
#451=VECTOR('',#4067,100.);
#452=VECTOR('',#4068,100.);
#453=VECTOR('',#4069,100.);
#454=VECTOR('',#4070,100.);
#455=VECTOR('',#4071,100.);
#456=VECTOR('',#4072,100.);
#457=VECTOR('',#4073,100.);
#458=VECTOR('',#4086,100.);
#459=VECTOR('',#4093,100.);
#460=VECTOR('',#4100,100.);
#461=VECTOR('',#4107,100.);
#462=VECTOR('',#4108,100.);
#463=VECTOR('',#4109,100.);
#464=VECTOR('',#4110,100.);
#465=VECTOR('',#4111,100.);
#466=VECTOR('',#4112,100.);
#467=VECTOR('',#4113,100.);
#468=VECTOR('',#4114,100.);
#469=VECTOR('',#4131,100.);
#470=VECTOR('',#4138,100.);
#471=VECTOR('',#4153,100.);
#472=VECTOR('',#4160,100.);
#473=VECTOR('',#4175,100.);
#474=VECTOR('',#4182,100.);
#475=VECTOR('',#4197,100.);
#476=VECTOR('',#4204,100.);
#477=VECTOR('',#4257,100.);
#478=VECTOR('',#4258,100.);
#479=VECTOR('',#4261,100.);
#480=VECTOR('',#4262,100.);
#481=VECTOR('',#4265,100.);
#482=VECTOR('',#4266,100.);
#483=VECTOR('',#4269,100.);
#484=VECTOR('',#4270,100.);
#485=VECTOR('',#4273,100.);
#486=VECTOR('',#4274,100.);
#487=VECTOR('',#4289,100.);
#488=VECTOR('',#4290,100.);
#489=VECTOR('',#4293,100.);
#490=VECTOR('',#4294,100.);
#491=VECTOR('',#4297,100.);
#492=VECTOR('',#4298,100.);
#493=VECTOR('',#4301,100.);
#494=VECTOR('',#4302,100.);
#495=VECTOR('',#4305,100.);
#496=VECTOR('',#4306,100.);
#497=VECTOR('',#4321,100.);
#498=VECTOR('',#4322,100.);
#499=VECTOR('',#4325,100.);
#500=VECTOR('',#4326,100.);
#501=VECTOR('',#4329,100.);
#502=VECTOR('',#4330,100.);
#503=VECTOR('',#4333,100.);
#504=VECTOR('',#4334,100.);
#505=VECTOR('',#4337,100.);
#506=VECTOR('',#4338,100.);
#507=VECTOR('',#4353,100.);
#508=VECTOR('',#4354,100.);
#509=VECTOR('',#4357,100.);
#510=VECTOR('',#4358,100.);
#511=VECTOR('',#4361,100.);
#512=VECTOR('',#4362,100.);
#513=VECTOR('',#4365,100.);
#514=VECTOR('',#4366,100.);
#515=VECTOR('',#4369,100.);
#516=VECTOR('',#4370,100.);
#517=VECTOR('',#4425,100.);
#518=VECTOR('',#4426,100.);
#519=VECTOR('',#4429,100.);
#520=VECTOR('',#4432,100.);
#521=VECTOR('',#4435,100.);
#522=VECTOR('',#4438,100.);
#523=VECTOR('',#4441,100.);
#524=VECTOR('',#4444,100.);
#525=VECTOR('',#4449,100.);
#526=VECTOR('',#4450,100.);
#527=VECTOR('',#4453,100.);
#528=VECTOR('',#4456,100.);
#529=VECTOR('',#4459,100.);
#530=VECTOR('',#4462,100.);
#531=VECTOR('',#4465,100.);
#532=VECTOR('',#4468,100.);
#533=VECTOR('',#4473,100.);
#534=VECTOR('',#4474,100.);
#535=VECTOR('',#4477,100.);
#536=VECTOR('',#4480,100.);
#537=VECTOR('',#4483,100.);
#538=VECTOR('',#4486,100.);
#539=VECTOR('',#4489,100.);
#540=VECTOR('',#4492,100.);
#541=VECTOR('',#4497,100.);
#542=VECTOR('',#4498,100.);
#543=VECTOR('',#4501,100.);
#544=VECTOR('',#4502,100.);
#545=VECTOR('',#4507,100.);
#546=VECTOR('',#4510,100.);
#547=VECTOR('',#4513,100.);
#548=VECTOR('',#4516,100.);
#549=VECTOR('',#4521,100.);
#550=VECTOR('',#4522,100.);
#551=VECTOR('',#4525,100.);
#552=VECTOR('',#4526,100.);
#553=VECTOR('',#4531,100.);
#554=VECTOR('',#4534,100.);
#555=VECTOR('',#4537,100.);
#556=VECTOR('',#4540,100.);
#557=VECTOR('',#4545,100.);
#558=VECTOR('',#4546,100.);
#559=VECTOR('',#4549,100.);
#560=VECTOR('',#4552,100.);
#561=VECTOR('',#4555,100.);
#562=VECTOR('',#4558,100.);
#563=VECTOR('',#4561,100.);
#564=VECTOR('',#4562,100.);
#565=VECTOR('',#4569,100.);
#566=VECTOR('',#4570,100.);
#567=VECTOR('',#4573,100.);
#568=VECTOR('',#4576,100.);
#569=VECTOR('',#4579,100.);
#570=VECTOR('',#4582,100.);
#571=VECTOR('',#4585,100.);
#572=VECTOR('',#4586,100.);
#573=VECTOR('',#4593,100.);
#574=VECTOR('',#4594,100.);
#575=VECTOR('',#4597,100.);
#576=VECTOR('',#4598,100.);
#577=VECTOR('',#4603,100.);
#578=VECTOR('',#4606,100.);
#579=VECTOR('',#4609,100.);
#580=VECTOR('',#4612,100.);
#581=VECTOR('',#4617,100.);
#582=VECTOR('',#4618,100.);
#583=VECTOR('',#4621,100.);
#584=VECTOR('',#4622,100.);
#585=VECTOR('',#4627,100.);
#586=VECTOR('',#4630,100.);
#587=VECTOR('',#4633,100.);
#588=VECTOR('',#4636,100.);
#589=VECTOR('',#4641,100.);
#590=VECTOR('',#4642,100.);
#591=VECTOR('',#4645,100.);
#592=VECTOR('',#4648,100.);
#593=VECTOR('',#4651,100.);
#594=VECTOR('',#4654,100.);
#595=VECTOR('',#4657,100.);
#596=VECTOR('',#4658,100.);
#597=VECTOR('',#4665,100.);
#598=VECTOR('',#4666,100.);
#599=VECTOR('',#4669,100.);
#600=VECTOR('',#4672,100.);
#601=VECTOR('',#4675,100.);
#602=VECTOR('',#4678,100.);
#603=VECTOR('',#4681,100.);
#604=VECTOR('',#4682,100.);
#605=ORIENTED_EDGE('',*,*,#1537,.T.);
#606=ORIENTED_EDGE('',*,*,#1538,.T.);
#607=ORIENTED_EDGE('',*,*,#1539,.T.);
#608=ORIENTED_EDGE('',*,*,#1540,.T.);
#609=ORIENTED_EDGE('',*,*,#1541,.T.);
#610=ORIENTED_EDGE('',*,*,#1542,.T.);
#611=ORIENTED_EDGE('',*,*,#1543,.T.);
#612=ORIENTED_EDGE('',*,*,#1544,.T.);
#613=ORIENTED_EDGE('',*,*,#1545,.F.);
#614=ORIENTED_EDGE('',*,*,#1546,.F.);
#615=ORIENTED_EDGE('',*,*,#1547,.T.);
#616=ORIENTED_EDGE('',*,*,#1548,.F.);
#617=ORIENTED_EDGE('',*,*,#1549,.T.);
#618=ORIENTED_EDGE('',*,*,#1550,.F.);
#619=ORIENTED_EDGE('',*,*,#1551,.T.);
#620=ORIENTED_EDGE('',*,*,#1552,.F.);
#621=ORIENTED_EDGE('',*,*,#1553,.F.);
#622=ORIENTED_EDGE('',*,*,#1554,.F.);
#623=ORIENTED_EDGE('',*,*,#1555,.T.);
#624=ORIENTED_EDGE('',*,*,#1556,.F.);
#625=ORIENTED_EDGE('',*,*,#1557,.F.);
#626=ORIENTED_EDGE('',*,*,#1558,.F.);
#627=ORIENTED_EDGE('',*,*,#1559,.F.);
#628=ORIENTED_EDGE('',*,*,#1560,.F.);
#629=ORIENTED_EDGE('',*,*,#1561,.F.);
#630=ORIENTED_EDGE('',*,*,#1562,.T.);
#631=ORIENTED_EDGE('',*,*,#1563,.F.);
#632=ORIENTED_EDGE('',*,*,#1564,.T.);
#633=ORIENTED_EDGE('',*,*,#1565,.F.);
#634=ORIENTED_EDGE('',*,*,#1566,.F.);
#635=ORIENTED_EDGE('',*,*,#1567,.F.);
#636=ORIENTED_EDGE('',*,*,#1568,.T.);
#637=ORIENTED_EDGE('',*,*,#1569,.F.);
#638=ORIENTED_EDGE('',*,*,#1570,.F.);
#639=ORIENTED_EDGE('',*,*,#1571,.F.);
#640=ORIENTED_EDGE('',*,*,#1572,.T.);
#641=ORIENTED_EDGE('',*,*,#1573,.F.);
#642=ORIENTED_EDGE('',*,*,#1574,.F.);
#643=ORIENTED_EDGE('',*,*,#1575,.T.);
#644=ORIENTED_EDGE('',*,*,#1576,.F.);
#645=ORIENTED_EDGE('',*,*,#1577,.F.);
#646=ORIENTED_EDGE('',*,*,#1578,.F.);
#647=ORIENTED_EDGE('',*,*,#1579,.T.);
#648=ORIENTED_EDGE('',*,*,#1580,.F.);
#649=ORIENTED_EDGE('',*,*,#1581,.T.);
#650=ORIENTED_EDGE('',*,*,#1582,.F.);
#651=ORIENTED_EDGE('',*,*,#1583,.T.);
#652=ORIENTED_EDGE('',*,*,#1584,.F.);
#653=ORIENTED_EDGE('',*,*,#1585,.T.);
#654=ORIENTED_EDGE('',*,*,#1586,.F.);
#655=ORIENTED_EDGE('',*,*,#1587,.T.);
#656=ORIENTED_EDGE('',*,*,#1588,.F.);
#657=ORIENTED_EDGE('',*,*,#1589,.T.);
#658=ORIENTED_EDGE('',*,*,#1590,.F.);
#659=ORIENTED_EDGE('',*,*,#1591,.F.);
#660=ORIENTED_EDGE('',*,*,#1592,.F.);
#661=ORIENTED_EDGE('',*,*,#1593,.T.);
#662=ORIENTED_EDGE('',*,*,#1594,.F.);
#663=ORIENTED_EDGE('',*,*,#1595,.T.);
#664=ORIENTED_EDGE('',*,*,#1596,.F.);
#665=ORIENTED_EDGE('',*,*,#1597,.T.);
#666=ORIENTED_EDGE('',*,*,#1598,.T.);
#667=ORIENTED_EDGE('',*,*,#1599,.T.);
#668=ORIENTED_EDGE('',*,*,#1600,.T.);
#669=ORIENTED_EDGE('',*,*,#1601,.T.);
#670=ORIENTED_EDGE('',*,*,#1602,.T.);
#671=ORIENTED_EDGE('',*,*,#1603,.T.);
#672=ORIENTED_EDGE('',*,*,#1604,.T.);
#673=ORIENTED_EDGE('',*,*,#1605,.T.);
#674=ORIENTED_EDGE('',*,*,#1606,.T.);
#675=ORIENTED_EDGE('',*,*,#1607,.T.);
#676=ORIENTED_EDGE('',*,*,#1608,.T.);
#677=ORIENTED_EDGE('',*,*,#1609,.T.);
#678=ORIENTED_EDGE('',*,*,#1610,.T.);
#679=ORIENTED_EDGE('',*,*,#1611,.T.);
#680=ORIENTED_EDGE('',*,*,#1612,.T.);
#681=ORIENTED_EDGE('',*,*,#1613,.T.);
#682=ORIENTED_EDGE('',*,*,#1614,.F.);
#683=ORIENTED_EDGE('',*,*,#1615,.F.);
#684=ORIENTED_EDGE('',*,*,#1616,.F.);
#685=ORIENTED_EDGE('',*,*,#1617,.F.);
#686=ORIENTED_EDGE('',*,*,#1618,.F.);
#687=ORIENTED_EDGE('',*,*,#1619,.T.);
#688=ORIENTED_EDGE('',*,*,#1620,.F.);
#689=ORIENTED_EDGE('',*,*,#1621,.F.);
#690=ORIENTED_EDGE('',*,*,#1622,.F.);
#691=ORIENTED_EDGE('',*,*,#1623,.F.);
#692=ORIENTED_EDGE('',*,*,#1624,.F.);
#693=ORIENTED_EDGE('',*,*,#1625,.F.);
#694=ORIENTED_EDGE('',*,*,#1626,.F.);
#695=ORIENTED_EDGE('',*,*,#1627,.T.);
#696=ORIENTED_EDGE('',*,*,#1628,.F.);
#697=ORIENTED_EDGE('',*,*,#1629,.F.);
#698=ORIENTED_EDGE('',*,*,#1630,.T.);
#699=ORIENTED_EDGE('',*,*,#1631,.T.);
#700=ORIENTED_EDGE('',*,*,#1632,.T.);
#701=ORIENTED_EDGE('',*,*,#1633,.T.);
#702=ORIENTED_EDGE('',*,*,#1634,.T.);
#703=ORIENTED_EDGE('',*,*,#1635,.T.);
#704=ORIENTED_EDGE('',*,*,#1636,.T.);
#705=ORIENTED_EDGE('',*,*,#1637,.T.);
#706=ORIENTED_EDGE('',*,*,#1638,.T.);
#707=ORIENTED_EDGE('',*,*,#1639,.T.);
#708=ORIENTED_EDGE('',*,*,#1640,.T.);
#709=ORIENTED_EDGE('',*,*,#1641,.T.);
#710=ORIENTED_EDGE('',*,*,#1642,.T.);
#711=ORIENTED_EDGE('',*,*,#1643,.T.);
#712=ORIENTED_EDGE('',*,*,#1644,.F.);
#713=ORIENTED_EDGE('',*,*,#1645,.T.);
#714=ORIENTED_EDGE('',*,*,#1646,.T.);
#715=ORIENTED_EDGE('',*,*,#1647,.T.);
#716=ORIENTED_EDGE('',*,*,#1648,.T.);
#717=ORIENTED_EDGE('',*,*,#1649,.T.);
#718=ORIENTED_EDGE('',*,*,#1650,.T.);
#719=ORIENTED_EDGE('',*,*,#1651,.T.);
#720=ORIENTED_EDGE('',*,*,#1652,.F.);
#721=ORIENTED_EDGE('',*,*,#1653,.F.);
#722=ORIENTED_EDGE('',*,*,#1654,.F.);
#723=ORIENTED_EDGE('',*,*,#1655,.F.);
#724=ORIENTED_EDGE('',*,*,#1656,.T.);
#725=ORIENTED_EDGE('',*,*,#1657,.T.);
#726=ORIENTED_EDGE('',*,*,#1658,.T.);
#727=ORIENTED_EDGE('',*,*,#1659,.T.);
#728=ORIENTED_EDGE('',*,*,#1660,.T.);
#729=ORIENTED_EDGE('',*,*,#1661,.T.);
#730=ORIENTED_EDGE('',*,*,#1662,.T.);
#731=ORIENTED_EDGE('',*,*,#1663,.T.);
#732=ORIENTED_EDGE('',*,*,#1664,.T.);
#733=ORIENTED_EDGE('',*,*,#1665,.T.);
#734=ORIENTED_EDGE('',*,*,#1666,.T.);
#735=ORIENTED_EDGE('',*,*,#1667,.F.);
#736=ORIENTED_EDGE('',*,*,#1668,.T.);
#737=ORIENTED_EDGE('',*,*,#1669,.T.);
#738=ORIENTED_EDGE('',*,*,#1670,.T.);
#739=ORIENTED_EDGE('',*,*,#1671,.T.);
#740=ORIENTED_EDGE('',*,*,#1672,.T.);
#741=ORIENTED_EDGE('',*,*,#1673,.T.);
#742=ORIENTED_EDGE('',*,*,#1674,.T.);
#743=ORIENTED_EDGE('',*,*,#1675,.F.);
#744=ORIENTED_EDGE('',*,*,#1676,.F.);
#745=ORIENTED_EDGE('',*,*,#1677,.F.);
#746=ORIENTED_EDGE('',*,*,#1678,.F.);
#747=ORIENTED_EDGE('',*,*,#1679,.T.);
#748=ORIENTED_EDGE('',*,*,#1680,.T.);
#749=ORIENTED_EDGE('',*,*,#1681,.T.);
#750=ORIENTED_EDGE('',*,*,#1682,.T.);
#751=ORIENTED_EDGE('',*,*,#1683,.F.);
#752=ORIENTED_EDGE('',*,*,#1684,.F.);
#753=ORIENTED_EDGE('',*,*,#1685,.F.);
#754=ORIENTED_EDGE('',*,*,#1686,.F.);
#755=ORIENTED_EDGE('',*,*,#1687,.F.);
#756=ORIENTED_EDGE('',*,*,#1688,.T.);
#757=ORIENTED_EDGE('',*,*,#1689,.F.);
#758=ORIENTED_EDGE('',*,*,#1690,.F.);
#759=ORIENTED_EDGE('',*,*,#1691,.F.);
#760=ORIENTED_EDGE('',*,*,#1692,.F.);
#761=ORIENTED_EDGE('',*,*,#1693,.F.);
#762=ORIENTED_EDGE('',*,*,#1694,.F.);
#763=ORIENTED_EDGE('',*,*,#1695,.F.);
#764=ORIENTED_EDGE('',*,*,#1696,.T.);
#765=ORIENTED_EDGE('',*,*,#1697,.F.);
#766=ORIENTED_EDGE('',*,*,#1698,.F.);
#767=ORIENTED_EDGE('',*,*,#1699,.T.);
#768=ORIENTED_EDGE('',*,*,#1700,.T.);
#769=ORIENTED_EDGE('',*,*,#1701,.T.);
#770=ORIENTED_EDGE('',*,*,#1702,.T.);
#771=ORIENTED_EDGE('',*,*,#1703,.T.);
#772=ORIENTED_EDGE('',*,*,#1704,.T.);
#773=ORIENTED_EDGE('',*,*,#1705,.T.);
#774=ORIENTED_EDGE('',*,*,#1706,.F.);
#775=ORIENTED_EDGE('',*,*,#1707,.F.);
#776=ORIENTED_EDGE('',*,*,#1708,.T.);
#777=ORIENTED_EDGE('',*,*,#1709,.F.);
#778=ORIENTED_EDGE('',*,*,#1710,.F.);
#779=ORIENTED_EDGE('',*,*,#1711,.F.);
#780=ORIENTED_EDGE('',*,*,#1712,.F.);
#781=ORIENTED_EDGE('',*,*,#1713,.F.);
#782=ORIENTED_EDGE('',*,*,#1714,.F.);
#783=ORIENTED_EDGE('',*,*,#1715,.F.);
#784=ORIENTED_EDGE('',*,*,#1716,.T.);
#785=ORIENTED_EDGE('',*,*,#1717,.F.);
#786=ORIENTED_EDGE('',*,*,#1718,.F.);
#787=ORIENTED_EDGE('',*,*,#1719,.F.);
#788=ORIENTED_EDGE('',*,*,#1720,.F.);
#789=ORIENTED_EDGE('',*,*,#1721,.F.);
#790=ORIENTED_EDGE('',*,*,#1722,.T.);
#791=ORIENTED_EDGE('',*,*,#1723,.T.);
#792=ORIENTED_EDGE('',*,*,#1724,.T.);
#793=ORIENTED_EDGE('',*,*,#1725,.T.);
#794=ORIENTED_EDGE('',*,*,#1726,.F.);
#795=ORIENTED_EDGE('',*,*,#1587,.F.);
#796=ORIENTED_EDGE('',*,*,#1727,.F.);
#797=ORIENTED_EDGE('',*,*,#1728,.T.);
#798=ORIENTED_EDGE('',*,*,#1729,.T.);
#799=ORIENTED_EDGE('',*,*,#1730,.T.);
#800=ORIENTED_EDGE('',*,*,#1731,.T.);
#801=ORIENTED_EDGE('',*,*,#1732,.T.);
#802=ORIENTED_EDGE('',*,*,#1733,.T.);
#803=ORIENTED_EDGE('',*,*,#1734,.T.);
#804=ORIENTED_EDGE('',*,*,#1735,.T.);
#805=ORIENTED_EDGE('',*,*,#1736,.T.);
#806=ORIENTED_EDGE('',*,*,#1737,.T.);
#807=ORIENTED_EDGE('',*,*,#1738,.T.);
#808=ORIENTED_EDGE('',*,*,#1739,.F.);
#809=ORIENTED_EDGE('',*,*,#1740,.T.);
#810=ORIENTED_EDGE('',*,*,#1741,.T.);
#811=ORIENTED_EDGE('',*,*,#1742,.T.);
#812=ORIENTED_EDGE('',*,*,#1743,.T.);
#813=ORIENTED_EDGE('',*,*,#1744,.T.);
#814=ORIENTED_EDGE('',*,*,#1745,.T.);
#815=ORIENTED_EDGE('',*,*,#1746,.T.);
#816=ORIENTED_EDGE('',*,*,#1747,.F.);
#817=ORIENTED_EDGE('',*,*,#1748,.F.);
#818=ORIENTED_EDGE('',*,*,#1749,.T.);
#819=ORIENTED_EDGE('',*,*,#1750,.T.);
#820=ORIENTED_EDGE('',*,*,#1751,.T.);
#821=ORIENTED_EDGE('',*,*,#1752,.F.);
#822=ORIENTED_EDGE('',*,*,#1753,.F.);
#823=ORIENTED_EDGE('',*,*,#1577,.T.);
#824=ORIENTED_EDGE('',*,*,#1754,.F.);
#825=ORIENTED_EDGE('',*,*,#1755,.F.);
#826=ORIENTED_EDGE('',*,*,#1756,.F.);
#827=ORIENTED_EDGE('',*,*,#1757,.F.);
#828=ORIENTED_EDGE('',*,*,#1758,.T.);
#829=ORIENTED_EDGE('',*,*,#1759,.T.);
#830=ORIENTED_EDGE('',*,*,#1760,.T.);
#831=ORIENTED_EDGE('',*,*,#1761,.T.);
#832=ORIENTED_EDGE('',*,*,#1762,.T.);
#833=ORIENTED_EDGE('',*,*,#1763,.T.);
#834=ORIENTED_EDGE('',*,*,#1764,.F.);
#835=ORIENTED_EDGE('',*,*,#1765,.T.);
#836=ORIENTED_EDGE('',*,*,#1766,.T.);
#837=ORIENTED_EDGE('',*,*,#1767,.T.);
#838=ORIENTED_EDGE('',*,*,#1768,.T.);
#839=ORIENTED_EDGE('',*,*,#1769,.T.);
#840=ORIENTED_EDGE('',*,*,#1770,.T.);
#841=ORIENTED_EDGE('',*,*,#1771,.T.);
#842=ORIENTED_EDGE('',*,*,#1772,.F.);
#843=ORIENTED_EDGE('',*,*,#1773,.T.);
#844=ORIENTED_EDGE('',*,*,#1774,.F.);
#845=ORIENTED_EDGE('',*,*,#1775,.T.);
#846=ORIENTED_EDGE('',*,*,#1776,.T.);
#847=ORIENTED_EDGE('',*,*,#1777,.T.);
#848=ORIENTED_EDGE('',*,*,#1778,.F.);
#849=ORIENTED_EDGE('',*,*,#1779,.F.);
#850=ORIENTED_EDGE('',*,*,#1570,.T.);
#851=ORIENTED_EDGE('',*,*,#1780,.F.);
#852=ORIENTED_EDGE('',*,*,#1781,.F.);
#853=ORIENTED_EDGE('',*,*,#1782,.F.);
#854=ORIENTED_EDGE('',*,*,#1783,.F.);
#855=ORIENTED_EDGE('',*,*,#1784,.F.);
#856=ORIENTED_EDGE('',*,*,#1785,.F.);
#857=ORIENTED_EDGE('',*,*,#1786,.F.);
#858=ORIENTED_EDGE('',*,*,#1787,.T.);
#859=ORIENTED_EDGE('',*,*,#1788,.F.);
#860=ORIENTED_EDGE('',*,*,#1789,.F.);
#861=ORIENTED_EDGE('',*,*,#1790,.F.);
#862=ORIENTED_EDGE('',*,*,#1791,.F.);
#863=ORIENTED_EDGE('',*,*,#1792,.F.);
#864=ORIENTED_EDGE('',*,*,#1793,.F.);
#865=ORIENTED_EDGE('',*,*,#1794,.F.);
#866=ORIENTED_EDGE('',*,*,#1795,.T.);
#867=ORIENTED_EDGE('',*,*,#1796,.F.);
#868=ORIENTED_EDGE('',*,*,#1797,.F.);
#869=ORIENTED_EDGE('',*,*,#1798,.F.);
#870=ORIENTED_EDGE('',*,*,#1799,.F.);
#871=ORIENTED_EDGE('',*,*,#1800,.T.);
#872=ORIENTED_EDGE('',*,*,#1801,.T.);
#873=ORIENTED_EDGE('',*,*,#1802,.T.);
#874=ORIENTED_EDGE('',*,*,#1803,.T.);
#875=ORIENTED_EDGE('',*,*,#1804,.F.);
#876=ORIENTED_EDGE('',*,*,#1549,.F.);
#877=ORIENTED_EDGE('',*,*,#1805,.F.);
#878=ORIENTED_EDGE('',*,*,#1806,.T.);
#879=ORIENTED_EDGE('',*,*,#1807,.T.);
#880=ORIENTED_EDGE('',*,*,#1808,.T.);
#881=ORIENTED_EDGE('',*,*,#1809,.T.);
#882=ORIENTED_EDGE('',*,*,#1752,.T.);
#883=ORIENTED_EDGE('',*,*,#1810,.T.);
#884=ORIENTED_EDGE('',*,*,#1781,.T.);
#885=ORIENTED_EDGE('',*,*,#1811,.F.);
#886=ORIENTED_EDGE('',*,*,#1812,.T.);
#887=ORIENTED_EDGE('',*,*,#1813,.F.);
#888=ORIENTED_EDGE('',*,*,#1814,.F.);
#889=ORIENTED_EDGE('',*,*,#1815,.F.);
#890=ORIENTED_EDGE('',*,*,#1816,.T.);
#891=ORIENTED_EDGE('',*,*,#1817,.F.);
#892=ORIENTED_EDGE('',*,*,#1818,.T.);
#893=ORIENTED_EDGE('',*,*,#1819,.F.);
#894=ORIENTED_EDGE('',*,*,#1820,.T.);
#895=ORIENTED_EDGE('',*,*,#1821,.F.);
#896=ORIENTED_EDGE('',*,*,#1778,.T.);
#897=ORIENTED_EDGE('',*,*,#1822,.T.);
#898=ORIENTED_EDGE('',*,*,#1806,.F.);
#899=ORIENTED_EDGE('',*,*,#1823,.F.);
#900=ORIENTED_EDGE('',*,*,#1824,.T.);
#901=ORIENTED_EDGE('',*,*,#1825,.F.);
#902=ORIENTED_EDGE('',*,*,#1826,.F.);
#903=ORIENTED_EDGE('',*,*,#1827,.F.);
#904=ORIENTED_EDGE('',*,*,#1828,.T.);
#905=ORIENTED_EDGE('',*,*,#1829,.F.);
#906=ORIENTED_EDGE('',*,*,#1830,.F.);
#907=ORIENTED_EDGE('',*,*,#1831,.F.);
#908=ORIENTED_EDGE('',*,*,#1832,.T.);
#909=ORIENTED_EDGE('',*,*,#1833,.F.);
#910=ORIENTED_EDGE('',*,*,#1803,.F.);
#911=ORIENTED_EDGE('',*,*,#1834,.T.);
#912=ORIENTED_EDGE('',*,*,#1728,.F.);
#913=ORIENTED_EDGE('',*,*,#1835,.F.);
#914=ORIENTED_EDGE('',*,*,#1836,.T.);
#915=ORIENTED_EDGE('',*,*,#1837,.F.);
#916=ORIENTED_EDGE('',*,*,#1838,.T.);
#917=ORIENTED_EDGE('',*,*,#1839,.F.);
#918=ORIENTED_EDGE('',*,*,#1840,.T.);
#919=ORIENTED_EDGE('',*,*,#1841,.F.);
#920=ORIENTED_EDGE('',*,*,#1842,.F.);
#921=ORIENTED_EDGE('',*,*,#1843,.F.);
#922=ORIENTED_EDGE('',*,*,#1844,.T.);
#923=ORIENTED_EDGE('',*,*,#1845,.F.);
#924=ORIENTED_EDGE('',*,*,#1725,.F.);
#925=ORIENTED_EDGE('',*,*,#1846,.T.);
#926=ORIENTED_EDGE('',*,*,#1755,.T.);
#927=ORIENTED_EDGE('',*,*,#1847,.F.);
#928=ORIENTED_EDGE('',*,*,#1848,.T.);
#929=ORIENTED_EDGE('',*,*,#1849,.F.);
#930=ORIENTED_EDGE('',*,*,#1850,.T.);
#931=ORIENTED_EDGE('',*,*,#1851,.F.);
#932=ORIENTED_EDGE('',*,*,#1852,.T.);
#933=ORIENTED_EDGE('',*,*,#1853,.F.);
#934=ORIENTED_EDGE('',*,*,#1854,.T.);
#935=ORIENTED_EDGE('',*,*,#1855,.F.);
#936=ORIENTED_EDGE('',*,*,#1856,.T.);
#937=ORIENTED_EDGE('',*,*,#1857,.F.);
#938=ORIENTED_EDGE('',*,*,#1858,.T.);
#939=ORIENTED_EDGE('',*,*,#1859,.T.);
#940=ORIENTED_EDGE('',*,*,#1860,.T.);
#941=ORIENTED_EDGE('',*,*,#1861,.T.);
#942=ORIENTED_EDGE('',*,*,#1862,.T.);
#943=ORIENTED_EDGE('',*,*,#1862,.F.);
#944=ORIENTED_EDGE('',*,*,#1557,.T.);
#945=ORIENTED_EDGE('',*,*,#1861,.F.);
#946=ORIENTED_EDGE('',*,*,#1558,.T.);
#947=ORIENTED_EDGE('',*,*,#1860,.F.);
#948=ORIENTED_EDGE('',*,*,#1559,.T.);
#949=ORIENTED_EDGE('',*,*,#1859,.F.);
#950=ORIENTED_EDGE('',*,*,#1560,.T.);
#951=ORIENTED_EDGE('',*,*,#1858,.F.);
#952=ORIENTED_EDGE('',*,*,#1561,.T.);
#953=ORIENTED_EDGE('',*,*,#1809,.F.);
#954=ORIENTED_EDGE('',*,*,#1655,.T.);
#955=ORIENTED_EDGE('',*,*,#1807,.F.);
#956=ORIENTED_EDGE('',*,*,#1654,.T.);
#957=ORIENTED_EDGE('',*,*,#1808,.F.);
#958=ORIENTED_EDGE('',*,*,#1653,.T.);
#959=ORIENTED_EDGE('',*,*,#1701,.F.);
#960=ORIENTED_EDGE('',*,*,#1757,.T.);
#961=ORIENTED_EDGE('',*,*,#1700,.F.);
#962=ORIENTED_EDGE('',*,*,#1756,.T.);
#963=ORIENTED_EDGE('',*,*,#1699,.F.);
#964=ORIENTED_EDGE('',*,*,#1748,.T.);
#965=ORIENTED_EDGE('',*,*,#1632,.F.);
#966=ORIENTED_EDGE('',*,*,#1774,.T.);
#967=ORIENTED_EDGE('',*,*,#1631,.F.);
#968=ORIENTED_EDGE('',*,*,#1782,.T.);
#969=ORIENTED_EDGE('',*,*,#1630,.F.);
#970=ORIENTED_EDGE('',*,*,#1783,.T.);
#971=ORIENTED_EDGE('',*,*,#1730,.F.);
#972=ORIENTED_EDGE('',*,*,#1678,.T.);
#973=ORIENTED_EDGE('',*,*,#1729,.F.);
#974=ORIENTED_EDGE('',*,*,#1677,.T.);
#975=ORIENTED_EDGE('',*,*,#1731,.F.);
#976=ORIENTED_EDGE('',*,*,#1676,.T.);
#977=ORIENTED_EDGE('',*,*,#1863,.F.);
#978=ORIENTED_EDGE('',*,*,#1564,.F.);
#979=ORIENTED_EDGE('',*,*,#1864,.F.);
#980=ORIENTED_EDGE('',*,*,#1816,.F.);
#981=ORIENTED_EDGE('',*,*,#1865,.F.);
#982=ORIENTED_EDGE('',*,*,#1562,.F.);
#983=ORIENTED_EDGE('',*,*,#1866,.F.);
#984=ORIENTED_EDGE('',*,*,#1818,.F.);
#985=ORIENTED_EDGE('',*,*,#1814,.T.);
#986=ORIENTED_EDGE('',*,*,#1867,.F.);
#987=ORIENTED_EDGE('',*,*,#1566,.T.);
#988=ORIENTED_EDGE('',*,*,#1868,.F.);
#989=ORIENTED_EDGE('',*,*,#1869,.F.);
#990=ORIENTED_EDGE('',*,*,#1572,.F.);
#991=ORIENTED_EDGE('',*,*,#1870,.F.);
#992=ORIENTED_EDGE('',*,*,#1820,.F.);
#993=ORIENTED_EDGE('',*,*,#1871,.F.);
#994=ORIENTED_EDGE('',*,*,#1568,.F.);
#995=ORIENTED_EDGE('',*,*,#1872,.F.);
#996=ORIENTED_EDGE('',*,*,#1812,.F.);
#997=ORIENTED_EDGE('',*,*,#1811,.T.);
#998=ORIENTED_EDGE('',*,*,#1780,.T.);
#999=ORIENTED_EDGE('',*,*,#1569,.T.);
#1000=ORIENTED_EDGE('',*,*,#1871,.T.);
#1001=ORIENTED_EDGE('',*,*,#1821,.T.);
#1002=ORIENTED_EDGE('',*,*,#1870,.T.);
#1003=ORIENTED_EDGE('',*,*,#1571,.T.);
#1004=ORIENTED_EDGE('',*,*,#1779,.T.);
#1005=ORIENTED_EDGE('',*,*,#1817,.T.);
#1006=ORIENTED_EDGE('',*,*,#1864,.T.);
#1007=ORIENTED_EDGE('',*,*,#1563,.T.);
#1008=ORIENTED_EDGE('',*,*,#1865,.T.);
#1009=ORIENTED_EDGE('',*,*,#1819,.T.);
#1010=ORIENTED_EDGE('',*,*,#1866,.T.);
#1011=ORIENTED_EDGE('',*,*,#1573,.T.);
#1012=ORIENTED_EDGE('',*,*,#1869,.T.);
#1013=ORIENTED_EDGE('',*,*,#1813,.T.);
#1014=ORIENTED_EDGE('',*,*,#1872,.T.);
#1015=ORIENTED_EDGE('',*,*,#1567,.T.);
#1016=ORIENTED_EDGE('',*,*,#1867,.T.);
#1017=ORIENTED_EDGE('',*,*,#1815,.T.);
#1018=ORIENTED_EDGE('',*,*,#1868,.T.);
#1019=ORIENTED_EDGE('',*,*,#1565,.T.);
#1020=ORIENTED_EDGE('',*,*,#1863,.T.);
#1021=ORIENTED_EDGE('',*,*,#1873,.F.);
#1022=ORIENTED_EDGE('',*,*,#1551,.F.);
#1023=ORIENTED_EDGE('',*,*,#1874,.F.);
#1024=ORIENTED_EDGE('',*,*,#1832,.F.);
#1025=ORIENTED_EDGE('',*,*,#1875,.F.);
#1026=ORIENTED_EDGE('',*,*,#1547,.F.);
#1027=ORIENTED_EDGE('',*,*,#1876,.F.);
#1028=ORIENTED_EDGE('',*,*,#1824,.F.);
#1029=ORIENTED_EDGE('',*,*,#1830,.T.);
#1030=ORIENTED_EDGE('',*,*,#1877,.F.);
#1031=ORIENTED_EDGE('',*,*,#1553,.T.);
#1032=ORIENTED_EDGE('',*,*,#1878,.F.);
#1033=ORIENTED_EDGE('',*,*,#1826,.T.);
#1034=ORIENTED_EDGE('',*,*,#1879,.F.);
#1035=ORIENTED_EDGE('',*,*,#1545,.T.);
#1036=ORIENTED_EDGE('',*,*,#1880,.F.);
#1037=ORIENTED_EDGE('',*,*,#1881,.F.);
#1038=ORIENTED_EDGE('',*,*,#1555,.F.);
#1039=ORIENTED_EDGE('',*,*,#1882,.F.);
#1040=ORIENTED_EDGE('',*,*,#1828,.F.);
#1041=ORIENTED_EDGE('',*,*,#1823,.T.);
#1042=ORIENTED_EDGE('',*,*,#1805,.T.);
#1043=ORIENTED_EDGE('',*,*,#1548,.T.);
#1044=ORIENTED_EDGE('',*,*,#1875,.T.);
#1045=ORIENTED_EDGE('',*,*,#1833,.T.);
#1046=ORIENTED_EDGE('',*,*,#1874,.T.);
#1047=ORIENTED_EDGE('',*,*,#1550,.T.);
#1048=ORIENTED_EDGE('',*,*,#1804,.T.);
#1049=ORIENTED_EDGE('',*,*,#1827,.T.);
#1050=ORIENTED_EDGE('',*,*,#1880,.T.);
#1051=ORIENTED_EDGE('',*,*,#1556,.T.);
#1052=ORIENTED_EDGE('',*,*,#1881,.T.);
#1053=ORIENTED_EDGE('',*,*,#1825,.T.);
#1054=ORIENTED_EDGE('',*,*,#1876,.T.);
#1055=ORIENTED_EDGE('',*,*,#1546,.T.);
#1056=ORIENTED_EDGE('',*,*,#1879,.T.);
#1057=ORIENTED_EDGE('',*,*,#1829,.T.);
#1058=ORIENTED_EDGE('',*,*,#1882,.T.);
#1059=ORIENTED_EDGE('',*,*,#1554,.T.);
#1060=ORIENTED_EDGE('',*,*,#1877,.T.);
#1061=ORIENTED_EDGE('',*,*,#1831,.T.);
#1062=ORIENTED_EDGE('',*,*,#1878,.T.);
#1063=ORIENTED_EDGE('',*,*,#1552,.T.);
#1064=ORIENTED_EDGE('',*,*,#1873,.T.);
#1065=ORIENTED_EDGE('',*,*,#1883,.F.);
#1066=ORIENTED_EDGE('',*,*,#1585,.F.);
#1067=ORIENTED_EDGE('',*,*,#1884,.F.);
#1068=ORIENTED_EDGE('',*,*,#1850,.F.);
#1069=ORIENTED_EDGE('',*,*,#1885,.F.);
#1070=ORIENTED_EDGE('',*,*,#1581,.F.);
#1071=ORIENTED_EDGE('',*,*,#1886,.F.);
#1072=ORIENTED_EDGE('',*,*,#1854,.F.);
#1073=ORIENTED_EDGE('',*,*,#1887,.F.);
#1074=ORIENTED_EDGE('',*,*,#1583,.F.);
#1075=ORIENTED_EDGE('',*,*,#1888,.F.);
#1076=ORIENTED_EDGE('',*,*,#1852,.F.);
#1077=ORIENTED_EDGE('',*,*,#1889,.F.);
#1078=ORIENTED_EDGE('',*,*,#1575,.F.);
#1079=ORIENTED_EDGE('',*,*,#1890,.F.);
#1080=ORIENTED_EDGE('',*,*,#1848,.F.);
#1081=ORIENTED_EDGE('',*,*,#1891,.F.);
#1082=ORIENTED_EDGE('',*,*,#1579,.F.);
#1083=ORIENTED_EDGE('',*,*,#1892,.F.);
#1084=ORIENTED_EDGE('',*,*,#1856,.F.);
#1085=ORIENTED_EDGE('',*,*,#1857,.T.);
#1086=ORIENTED_EDGE('',*,*,#1892,.T.);
#1087=ORIENTED_EDGE('',*,*,#1578,.T.);
#1088=ORIENTED_EDGE('',*,*,#1753,.T.);
#1089=ORIENTED_EDGE('',*,*,#1847,.T.);
#1090=ORIENTED_EDGE('',*,*,#1754,.T.);
#1091=ORIENTED_EDGE('',*,*,#1576,.T.);
#1092=ORIENTED_EDGE('',*,*,#1889,.T.);
#1093=ORIENTED_EDGE('',*,*,#1849,.T.);
#1094=ORIENTED_EDGE('',*,*,#1890,.T.);
#1095=ORIENTED_EDGE('',*,*,#1574,.T.);
#1096=ORIENTED_EDGE('',*,*,#1883,.T.);
#1097=ORIENTED_EDGE('',*,*,#1851,.T.);
#1098=ORIENTED_EDGE('',*,*,#1884,.T.);
#1099=ORIENTED_EDGE('',*,*,#1584,.T.);
#1100=ORIENTED_EDGE('',*,*,#1887,.T.);
#1101=ORIENTED_EDGE('',*,*,#1855,.T.);
#1102=ORIENTED_EDGE('',*,*,#1886,.T.);
#1103=ORIENTED_EDGE('',*,*,#1580,.T.);
#1104=ORIENTED_EDGE('',*,*,#1891,.T.);
#1105=ORIENTED_EDGE('',*,*,#1853,.T.);
#1106=ORIENTED_EDGE('',*,*,#1888,.T.);
#1107=ORIENTED_EDGE('',*,*,#1582,.T.);
#1108=ORIENTED_EDGE('',*,*,#1885,.T.);
#1109=ORIENTED_EDGE('',*,*,#1842,.T.);
#1110=ORIENTED_EDGE('',*,*,#1893,.F.);
#1111=ORIENTED_EDGE('',*,*,#1591,.T.);
#1112=ORIENTED_EDGE('',*,*,#1894,.F.);
#1113=ORIENTED_EDGE('',*,*,#1895,.F.);
#1114=ORIENTED_EDGE('',*,*,#1595,.F.);
#1115=ORIENTED_EDGE('',*,*,#1896,.F.);
#1116=ORIENTED_EDGE('',*,*,#1838,.F.);
#1117=ORIENTED_EDGE('',*,*,#1897,.F.);
#1118=ORIENTED_EDGE('',*,*,#1589,.F.);
#1119=ORIENTED_EDGE('',*,*,#1898,.F.);
#1120=ORIENTED_EDGE('',*,*,#1844,.F.);
#1121=ORIENTED_EDGE('',*,*,#1899,.F.);
#1122=ORIENTED_EDGE('',*,*,#1597,.F.);
#1123=ORIENTED_EDGE('',*,*,#1900,.F.);
#1124=ORIENTED_EDGE('',*,*,#1836,.F.);
#1125=ORIENTED_EDGE('',*,*,#1901,.F.);
#1126=ORIENTED_EDGE('',*,*,#1593,.F.);
#1127=ORIENTED_EDGE('',*,*,#1902,.F.);
#1128=ORIENTED_EDGE('',*,*,#1840,.F.);
#1129=ORIENTED_EDGE('',*,*,#1845,.T.);
#1130=ORIENTED_EDGE('',*,*,#1898,.T.);
#1131=ORIENTED_EDGE('',*,*,#1588,.T.);
#1132=ORIENTED_EDGE('',*,*,#1726,.T.);
#1133=ORIENTED_EDGE('',*,*,#1835,.T.);
#1134=ORIENTED_EDGE('',*,*,#1727,.T.);
#1135=ORIENTED_EDGE('',*,*,#1586,.T.);
#1136=ORIENTED_EDGE('',*,*,#1899,.T.);
#1137=ORIENTED_EDGE('',*,*,#1843,.T.);
#1138=ORIENTED_EDGE('',*,*,#1894,.T.);
#1139=ORIENTED_EDGE('',*,*,#1590,.T.);
#1140=ORIENTED_EDGE('',*,*,#1897,.T.);
#1141=ORIENTED_EDGE('',*,*,#1841,.T.);
#1142=ORIENTED_EDGE('',*,*,#1902,.T.);
#1143=ORIENTED_EDGE('',*,*,#1592,.T.);
#1144=ORIENTED_EDGE('',*,*,#1893,.T.);
#1145=ORIENTED_EDGE('',*,*,#1839,.T.);
#1146=ORIENTED_EDGE('',*,*,#1896,.T.);
#1147=ORIENTED_EDGE('',*,*,#1594,.T.);
#1148=ORIENTED_EDGE('',*,*,#1901,.T.);
#1149=ORIENTED_EDGE('',*,*,#1837,.T.);
#1150=ORIENTED_EDGE('',*,*,#1900,.T.);
#1151=ORIENTED_EDGE('',*,*,#1596,.T.);
#1152=ORIENTED_EDGE('',*,*,#1895,.T.);
#1153=ORIENTED_EDGE('',*,*,#1635,.F.);
#1154=ORIENTED_EDGE('',*,*,#1903,.T.);
#1155=ORIENTED_EDGE('',*,*,#1656,.F.);
#1156=ORIENTED_EDGE('',*,*,#1904,.T.);
#1157=ORIENTED_EDGE('',*,*,#1658,.F.);
#1158=ORIENTED_EDGE('',*,*,#1905,.T.);
#1159=ORIENTED_EDGE('',*,*,#1679,.F.);
#1160=ORIENTED_EDGE('',*,*,#1906,.T.);
#1161=ORIENTED_EDGE('',*,*,#1681,.F.);
#1162=ORIENTED_EDGE('',*,*,#1907,.T.);
#1163=ORIENTED_EDGE('',*,*,#1702,.F.);
#1164=ORIENTED_EDGE('',*,*,#1908,.T.);
#1165=ORIENTED_EDGE('',*,*,#1704,.F.);
#1166=ORIENTED_EDGE('',*,*,#1909,.T.);
#1167=ORIENTED_EDGE('',*,*,#1633,.F.);
#1168=ORIENTED_EDGE('',*,*,#1910,.T.);
#1169=ORIENTED_EDGE('',*,*,#1751,.F.);
#1170=ORIENTED_EDGE('',*,*,#1911,.T.);
#1171=ORIENTED_EDGE('',*,*,#1775,.F.);
#1172=ORIENTED_EDGE('',*,*,#1810,.F.);
#1173=ORIENTED_EDGE('',*,*,#1777,.F.);
#1174=ORIENTED_EDGE('',*,*,#1912,.T.);
#1175=ORIENTED_EDGE('',*,*,#1800,.F.);
#1176=ORIENTED_EDGE('',*,*,#1822,.F.);
#1177=ORIENTED_EDGE('',*,*,#1802,.F.);
#1178=ORIENTED_EDGE('',*,*,#1913,.T.);
#1179=ORIENTED_EDGE('',*,*,#1722,.F.);
#1180=ORIENTED_EDGE('',*,*,#1834,.F.);
#1181=ORIENTED_EDGE('',*,*,#1724,.F.);
#1182=ORIENTED_EDGE('',*,*,#1914,.T.);
#1183=ORIENTED_EDGE('',*,*,#1749,.F.);
#1184=ORIENTED_EDGE('',*,*,#1846,.F.);
#1185=ORIENTED_EDGE('',*,*,#1915,.F.);
#1186=ORIENTED_EDGE('',*,*,#1603,.F.);
#1187=ORIENTED_EDGE('',*,*,#1916,.F.);
#1188=ORIENTED_EDGE('',*,*,#1723,.F.);
#1189=ORIENTED_EDGE('',*,*,#1916,.T.);
#1190=ORIENTED_EDGE('',*,*,#1602,.F.);
#1191=ORIENTED_EDGE('',*,*,#1917,.F.);
#1192=ORIENTED_EDGE('',*,*,#1914,.F.);
#1193=ORIENTED_EDGE('',*,*,#1915,.T.);
#1194=ORIENTED_EDGE('',*,*,#1913,.F.);
#1195=ORIENTED_EDGE('',*,*,#1918,.F.);
#1196=ORIENTED_EDGE('',*,*,#1604,.F.);
#1197=ORIENTED_EDGE('',*,*,#1917,.T.);
#1198=ORIENTED_EDGE('',*,*,#1601,.F.);
#1199=ORIENTED_EDGE('',*,*,#1919,.F.);
#1200=ORIENTED_EDGE('',*,*,#1750,.F.);
#1201=ORIENTED_EDGE('',*,*,#1918,.T.);
#1202=ORIENTED_EDGE('',*,*,#1801,.F.);
#1203=ORIENTED_EDGE('',*,*,#1920,.F.);
#1204=ORIENTED_EDGE('',*,*,#1605,.F.);
#1205=ORIENTED_EDGE('',*,*,#1919,.T.);
#1206=ORIENTED_EDGE('',*,*,#1600,.F.);
#1207=ORIENTED_EDGE('',*,*,#1921,.F.);
#1208=ORIENTED_EDGE('',*,*,#1911,.F.);
#1209=ORIENTED_EDGE('',*,*,#1920,.T.);
#1210=ORIENTED_EDGE('',*,*,#1912,.F.);
#1211=ORIENTED_EDGE('',*,*,#1922,.F.);
#1212=ORIENTED_EDGE('',*,*,#1598,.F.);
#1213=ORIENTED_EDGE('',*,*,#1921,.T.);
#1214=ORIENTED_EDGE('',*,*,#1599,.F.);
#1215=ORIENTED_EDGE('',*,*,#1922,.T.);
#1216=ORIENTED_EDGE('',*,*,#1776,.F.);
#1217=ORIENTED_EDGE('',*,*,#1923,.F.);
#1218=ORIENTED_EDGE('',*,*,#1657,.F.);
#1219=ORIENTED_EDGE('',*,*,#1924,.F.);
#1220=ORIENTED_EDGE('',*,*,#1542,.F.);
#1221=ORIENTED_EDGE('',*,*,#1924,.T.);
#1222=ORIENTED_EDGE('',*,*,#1903,.F.);
#1223=ORIENTED_EDGE('',*,*,#1925,.F.);
#1224=ORIENTED_EDGE('',*,*,#1543,.F.);
#1225=ORIENTED_EDGE('',*,*,#1923,.T.);
#1226=ORIENTED_EDGE('',*,*,#1541,.F.);
#1227=ORIENTED_EDGE('',*,*,#1926,.F.);
#1228=ORIENTED_EDGE('',*,*,#1905,.F.);
#1229=ORIENTED_EDGE('',*,*,#1925,.T.);
#1230=ORIENTED_EDGE('',*,*,#1634,.F.);
#1231=ORIENTED_EDGE('',*,*,#1927,.F.);
#1232=ORIENTED_EDGE('',*,*,#1544,.F.);
#1233=ORIENTED_EDGE('',*,*,#1926,.T.);
#1234=ORIENTED_EDGE('',*,*,#1540,.F.);
#1235=ORIENTED_EDGE('',*,*,#1928,.F.);
#1236=ORIENTED_EDGE('',*,*,#1680,.F.);
#1237=ORIENTED_EDGE('',*,*,#1927,.T.);
#1238=ORIENTED_EDGE('',*,*,#1909,.F.);
#1239=ORIENTED_EDGE('',*,*,#1929,.F.);
#1240=ORIENTED_EDGE('',*,*,#1537,.F.);
#1241=ORIENTED_EDGE('',*,*,#1928,.T.);
#1242=ORIENTED_EDGE('',*,*,#1539,.F.);
#1243=ORIENTED_EDGE('',*,*,#1930,.F.);
#1244=ORIENTED_EDGE('',*,*,#1907,.F.);
#1245=ORIENTED_EDGE('',*,*,#1929,.T.);
#1246=ORIENTED_EDGE('',*,*,#1703,.F.);
#1247=ORIENTED_EDGE('',*,*,#1930,.T.);
#1248=ORIENTED_EDGE('',*,*,#1538,.F.);
#1249=ORIENTED_EDGE('',*,*,#1931,.F.);
#1250=ORIENTED_EDGE('',*,*,#1611,.F.);
#1251=ORIENTED_EDGE('',*,*,#1932,.F.);
#1252=ORIENTED_EDGE('',*,*,#1659,.F.);
#1253=ORIENTED_EDGE('',*,*,#1932,.T.);
#1254=ORIENTED_EDGE('',*,*,#1610,.F.);
#1255=ORIENTED_EDGE('',*,*,#1933,.F.);
#1256=ORIENTED_EDGE('',*,*,#1904,.F.);
#1257=ORIENTED_EDGE('',*,*,#1931,.T.);
#1258=ORIENTED_EDGE('',*,*,#1906,.F.);
#1259=ORIENTED_EDGE('',*,*,#1934,.F.);
#1260=ORIENTED_EDGE('',*,*,#1612,.F.);
#1261=ORIENTED_EDGE('',*,*,#1933,.T.);
#1262=ORIENTED_EDGE('',*,*,#1609,.F.);
#1263=ORIENTED_EDGE('',*,*,#1935,.F.);
#1264=ORIENTED_EDGE('',*,*,#1636,.F.);
#1265=ORIENTED_EDGE('',*,*,#1934,.T.);
#1266=ORIENTED_EDGE('',*,*,#1682,.F.);
#1267=ORIENTED_EDGE('',*,*,#1936,.F.);
#1268=ORIENTED_EDGE('',*,*,#1613,.F.);
#1269=ORIENTED_EDGE('',*,*,#1935,.T.);
#1270=ORIENTED_EDGE('',*,*,#1608,.F.);
#1271=ORIENTED_EDGE('',*,*,#1937,.F.);
#1272=ORIENTED_EDGE('',*,*,#1910,.F.);
#1273=ORIENTED_EDGE('',*,*,#1936,.T.);
#1274=ORIENTED_EDGE('',*,*,#1908,.F.);
#1275=ORIENTED_EDGE('',*,*,#1938,.F.);
#1276=ORIENTED_EDGE('',*,*,#1606,.F.);
#1277=ORIENTED_EDGE('',*,*,#1937,.T.);
#1278=ORIENTED_EDGE('',*,*,#1607,.F.);
#1279=ORIENTED_EDGE('',*,*,#1938,.T.);
#1280=ORIENTED_EDGE('',*,*,#1705,.F.);
#1281=ORIENTED_EDGE('',*,*,#1939,.T.);
#1282=ORIENTED_EDGE('',*,*,#1628,.T.);
#1283=ORIENTED_EDGE('',*,*,#1940,.T.);
#1284=ORIENTED_EDGE('',*,*,#1771,.F.);
#1285=ORIENTED_EDGE('',*,*,#1941,.T.);
#1286=ORIENTED_EDGE('',*,*,#1626,.T.);
#1287=ORIENTED_EDGE('',*,*,#1942,.T.);
#1288=ORIENTED_EDGE('',*,*,#1773,.F.);
#1289=ORIENTED_EDGE('',*,*,#1772,.T.);
#1290=ORIENTED_EDGE('',*,*,#1940,.F.);
#1291=ORIENTED_EDGE('',*,*,#1627,.F.);
#1292=ORIENTED_EDGE('',*,*,#1941,.F.);
#1293=ORIENTED_EDGE('',*,*,#1770,.F.);
#1294=ORIENTED_EDGE('',*,*,#1943,.F.);
#1295=ORIENTED_EDGE('',*,*,#1629,.T.);
#1296=ORIENTED_EDGE('',*,*,#1939,.F.);
#1297=ORIENTED_EDGE('',*,*,#1942,.F.);
#1298=ORIENTED_EDGE('',*,*,#1625,.T.);
#1299=ORIENTED_EDGE('',*,*,#1944,.F.);
#1300=ORIENTED_EDGE('',*,*,#1766,.F.);
#1301=ORIENTED_EDGE('',*,*,#1945,.T.);
#1302=ORIENTED_EDGE('',*,*,#1622,.T.);
#1303=ORIENTED_EDGE('',*,*,#1943,.T.);
#1304=ORIENTED_EDGE('',*,*,#1769,.F.);
#1305=ORIENTED_EDGE('',*,*,#1944,.T.);
#1306=ORIENTED_EDGE('',*,*,#1624,.T.);
#1307=ORIENTED_EDGE('',*,*,#1946,.T.);
#1308=ORIENTED_EDGE('',*,*,#1767,.F.);
#1309=ORIENTED_EDGE('',*,*,#1946,.F.);
#1310=ORIENTED_EDGE('',*,*,#1623,.T.);
#1311=ORIENTED_EDGE('',*,*,#1945,.F.);
#1312=ORIENTED_EDGE('',*,*,#1768,.F.);
#1313=ORIENTED_EDGE('',*,*,#1947,.T.);
#1314=ORIENTED_EDGE('',*,*,#1620,.T.);
#1315=ORIENTED_EDGE('',*,*,#1948,.T.);
#1316=ORIENTED_EDGE('',*,*,#1763,.F.);
#1317=ORIENTED_EDGE('',*,*,#1949,.T.);
#1318=ORIENTED_EDGE('',*,*,#1618,.T.);
#1319=ORIENTED_EDGE('',*,*,#1950,.T.);
#1320=ORIENTED_EDGE('',*,*,#1765,.F.);
#1321=ORIENTED_EDGE('',*,*,#1764,.T.);
#1322=ORIENTED_EDGE('',*,*,#1948,.F.);
#1323=ORIENTED_EDGE('',*,*,#1619,.F.);
#1324=ORIENTED_EDGE('',*,*,#1949,.F.);
#1325=ORIENTED_EDGE('',*,*,#1950,.F.);
#1326=ORIENTED_EDGE('',*,*,#1617,.T.);
#1327=ORIENTED_EDGE('',*,*,#1951,.F.);
#1328=ORIENTED_EDGE('',*,*,#1758,.F.);
#1329=ORIENTED_EDGE('',*,*,#1762,.F.);
#1330=ORIENTED_EDGE('',*,*,#1952,.F.);
#1331=ORIENTED_EDGE('',*,*,#1621,.T.);
#1332=ORIENTED_EDGE('',*,*,#1947,.F.);
#1333=ORIENTED_EDGE('',*,*,#1953,.T.);
#1334=ORIENTED_EDGE('',*,*,#1614,.T.);
#1335=ORIENTED_EDGE('',*,*,#1952,.T.);
#1336=ORIENTED_EDGE('',*,*,#1761,.F.);
#1337=ORIENTED_EDGE('',*,*,#1951,.T.);
#1338=ORIENTED_EDGE('',*,*,#1616,.T.);
#1339=ORIENTED_EDGE('',*,*,#1954,.T.);
#1340=ORIENTED_EDGE('',*,*,#1759,.F.);
#1341=ORIENTED_EDGE('',*,*,#1954,.F.);
#1342=ORIENTED_EDGE('',*,*,#1615,.T.);
#1343=ORIENTED_EDGE('',*,*,#1953,.F.);
#1344=ORIENTED_EDGE('',*,*,#1760,.F.);
#1345=ORIENTED_EDGE('',*,*,#1955,.F.);
#1346=ORIENTED_EDGE('',*,*,#1720,.T.);
#1347=ORIENTED_EDGE('',*,*,#1956,.F.);
#1348=ORIENTED_EDGE('',*,*,#1671,.F.);
#1349=ORIENTED_EDGE('',*,*,#1957,.T.);
#1350=ORIENTED_EDGE('',*,*,#1721,.T.);
#1351=ORIENTED_EDGE('',*,*,#1955,.T.);
#1352=ORIENTED_EDGE('',*,*,#1670,.F.);
#1353=ORIENTED_EDGE('',*,*,#1956,.T.);
#1354=ORIENTED_EDGE('',*,*,#1719,.T.);
#1355=ORIENTED_EDGE('',*,*,#1958,.T.);
#1356=ORIENTED_EDGE('',*,*,#1672,.F.);
#1357=ORIENTED_EDGE('',*,*,#1959,.F.);
#1358=ORIENTED_EDGE('',*,*,#1714,.T.);
#1359=ORIENTED_EDGE('',*,*,#1957,.F.);
#1360=ORIENTED_EDGE('',*,*,#1669,.F.);
#1361=ORIENTED_EDGE('',*,*,#1960,.F.);
#1362=ORIENTED_EDGE('',*,*,#1673,.F.);
#1363=ORIENTED_EDGE('',*,*,#1958,.F.);
#1364=ORIENTED_EDGE('',*,*,#1718,.T.);
#1365=ORIENTED_EDGE('',*,*,#1675,.T.);
#1366=ORIENTED_EDGE('',*,*,#1961,.F.);
#1367=ORIENTED_EDGE('',*,*,#1716,.F.);
#1368=ORIENTED_EDGE('',*,*,#1962,.F.);
#1369=ORIENTED_EDGE('',*,*,#1962,.T.);
#1370=ORIENTED_EDGE('',*,*,#1715,.T.);
#1371=ORIENTED_EDGE('',*,*,#1959,.T.);
#1372=ORIENTED_EDGE('',*,*,#1668,.F.);
#1373=ORIENTED_EDGE('',*,*,#1960,.T.);
#1374=ORIENTED_EDGE('',*,*,#1717,.T.);
#1375=ORIENTED_EDGE('',*,*,#1961,.T.);
#1376=ORIENTED_EDGE('',*,*,#1674,.F.);
#1377=ORIENTED_EDGE('',*,*,#1963,.F.);
#1378=ORIENTED_EDGE('',*,*,#1712,.T.);
#1379=ORIENTED_EDGE('',*,*,#1964,.F.);
#1380=ORIENTED_EDGE('',*,*,#1663,.F.);
#1381=ORIENTED_EDGE('',*,*,#1964,.T.);
#1382=ORIENTED_EDGE('',*,*,#1711,.T.);
#1383=ORIENTED_EDGE('',*,*,#1965,.T.);
#1384=ORIENTED_EDGE('',*,*,#1664,.F.);
#1385=ORIENTED_EDGE('',*,*,#1966,.T.);
#1386=ORIENTED_EDGE('',*,*,#1713,.T.);
#1387=ORIENTED_EDGE('',*,*,#1963,.T.);
#1388=ORIENTED_EDGE('',*,*,#1662,.F.);
#1389=ORIENTED_EDGE('',*,*,#1967,.F.);
#1390=ORIENTED_EDGE('',*,*,#1665,.F.);
#1391=ORIENTED_EDGE('',*,*,#1965,.F.);
#1392=ORIENTED_EDGE('',*,*,#1710,.T.);
#1393=ORIENTED_EDGE('',*,*,#1968,.F.);
#1394=ORIENTED_EDGE('',*,*,#1706,.T.);
#1395=ORIENTED_EDGE('',*,*,#1966,.F.);
#1396=ORIENTED_EDGE('',*,*,#1661,.F.);
#1397=ORIENTED_EDGE('',*,*,#1667,.T.);
#1398=ORIENTED_EDGE('',*,*,#1969,.F.);
#1399=ORIENTED_EDGE('',*,*,#1708,.F.);
#1400=ORIENTED_EDGE('',*,*,#1970,.F.);
#1401=ORIENTED_EDGE('',*,*,#1967,.T.);
#1402=ORIENTED_EDGE('',*,*,#1709,.T.);
#1403=ORIENTED_EDGE('',*,*,#1969,.T.);
#1404=ORIENTED_EDGE('',*,*,#1666,.F.);
#1405=ORIENTED_EDGE('',*,*,#1970,.T.);
#1406=ORIENTED_EDGE('',*,*,#1707,.T.);
#1407=ORIENTED_EDGE('',*,*,#1968,.T.);
#1408=ORIENTED_EDGE('',*,*,#1660,.F.);
#1409=ORIENTED_EDGE('',*,*,#1971,.T.);
#1410=ORIENTED_EDGE('',*,*,#1796,.T.);
#1411=ORIENTED_EDGE('',*,*,#1972,.T.);
#1412=ORIENTED_EDGE('',*,*,#1651,.F.);
#1413=ORIENTED_EDGE('',*,*,#1973,.T.);
#1414=ORIENTED_EDGE('',*,*,#1794,.T.);
#1415=ORIENTED_EDGE('',*,*,#1974,.T.);
#1416=ORIENTED_EDGE('',*,*,#1645,.F.);
#1417=ORIENTED_EDGE('',*,*,#1652,.T.);
#1418=ORIENTED_EDGE('',*,*,#1972,.F.);
#1419=ORIENTED_EDGE('',*,*,#1795,.F.);
#1420=ORIENTED_EDGE('',*,*,#1973,.F.);
#1421=ORIENTED_EDGE('',*,*,#1971,.F.);
#1422=ORIENTED_EDGE('',*,*,#1650,.F.);
#1423=ORIENTED_EDGE('',*,*,#1975,.F.);
#1424=ORIENTED_EDGE('',*,*,#1797,.T.);
#1425=ORIENTED_EDGE('',*,*,#1974,.F.);
#1426=ORIENTED_EDGE('',*,*,#1793,.T.);
#1427=ORIENTED_EDGE('',*,*,#1976,.F.);
#1428=ORIENTED_EDGE('',*,*,#1646,.F.);
#1429=ORIENTED_EDGE('',*,*,#1977,.T.);
#1430=ORIENTED_EDGE('',*,*,#1798,.T.);
#1431=ORIENTED_EDGE('',*,*,#1975,.T.);
#1432=ORIENTED_EDGE('',*,*,#1649,.F.);
#1433=ORIENTED_EDGE('',*,*,#1976,.T.);
#1434=ORIENTED_EDGE('',*,*,#1792,.T.);
#1435=ORIENTED_EDGE('',*,*,#1978,.T.);
#1436=ORIENTED_EDGE('',*,*,#1647,.F.);
#1437=ORIENTED_EDGE('',*,*,#1978,.F.);
#1438=ORIENTED_EDGE('',*,*,#1799,.T.);
#1439=ORIENTED_EDGE('',*,*,#1977,.F.);
#1440=ORIENTED_EDGE('',*,*,#1648,.F.);
#1441=ORIENTED_EDGE('',*,*,#1979,.T.);
#1442=ORIENTED_EDGE('',*,*,#1788,.T.);
#1443=ORIENTED_EDGE('',*,*,#1980,.T.);
#1444=ORIENTED_EDGE('',*,*,#1643,.F.);
#1445=ORIENTED_EDGE('',*,*,#1981,.T.);
#1446=ORIENTED_EDGE('',*,*,#1786,.T.);
#1447=ORIENTED_EDGE('',*,*,#1982,.T.);
#1448=ORIENTED_EDGE('',*,*,#1637,.F.);
#1449=ORIENTED_EDGE('',*,*,#1644,.T.);
#1450=ORIENTED_EDGE('',*,*,#1980,.F.);
#1451=ORIENTED_EDGE('',*,*,#1787,.F.);
#1452=ORIENTED_EDGE('',*,*,#1981,.F.);
#1453=ORIENTED_EDGE('',*,*,#1982,.F.);
#1454=ORIENTED_EDGE('',*,*,#1785,.T.);
#1455=ORIENTED_EDGE('',*,*,#1983,.F.);
#1456=ORIENTED_EDGE('',*,*,#1638,.F.);
#1457=ORIENTED_EDGE('',*,*,#1979,.F.);
#1458=ORIENTED_EDGE('',*,*,#1642,.F.);
#1459=ORIENTED_EDGE('',*,*,#1984,.F.);
#1460=ORIENTED_EDGE('',*,*,#1789,.T.);
#1461=ORIENTED_EDGE('',*,*,#1985,.T.);
#1462=ORIENTED_EDGE('',*,*,#1790,.T.);
#1463=ORIENTED_EDGE('',*,*,#1984,.T.);
#1464=ORIENTED_EDGE('',*,*,#1641,.F.);
#1465=ORIENTED_EDGE('',*,*,#1983,.T.);
#1466=ORIENTED_EDGE('',*,*,#1784,.T.);
#1467=ORIENTED_EDGE('',*,*,#1986,.T.);
#1468=ORIENTED_EDGE('',*,*,#1639,.F.);
#1469=ORIENTED_EDGE('',*,*,#1986,.F.);
#1470=ORIENTED_EDGE('',*,*,#1791,.T.);
#1471=ORIENTED_EDGE('',*,*,#1985,.F.);
#1472=ORIENTED_EDGE('',*,*,#1640,.F.);
#1473=ORIENTED_EDGE('',*,*,#1987,.F.);
#1474=ORIENTED_EDGE('',*,*,#1692,.T.);
#1475=ORIENTED_EDGE('',*,*,#1988,.F.);
#1476=ORIENTED_EDGE('',*,*,#1743,.F.);
#1477=ORIENTED_EDGE('',*,*,#1989,.T.);
#1478=ORIENTED_EDGE('',*,*,#1693,.T.);
#1479=ORIENTED_EDGE('',*,*,#1987,.T.);
#1480=ORIENTED_EDGE('',*,*,#1742,.F.);
#1481=ORIENTED_EDGE('',*,*,#1988,.T.);
#1482=ORIENTED_EDGE('',*,*,#1691,.T.);
#1483=ORIENTED_EDGE('',*,*,#1990,.T.);
#1484=ORIENTED_EDGE('',*,*,#1744,.F.);
#1485=ORIENTED_EDGE('',*,*,#1991,.F.);
#1486=ORIENTED_EDGE('',*,*,#1694,.T.);
#1487=ORIENTED_EDGE('',*,*,#1989,.F.);
#1488=ORIENTED_EDGE('',*,*,#1741,.F.);
#1489=ORIENTED_EDGE('',*,*,#1992,.F.);
#1490=ORIENTED_EDGE('',*,*,#1745,.F.);
#1491=ORIENTED_EDGE('',*,*,#1990,.F.);
#1492=ORIENTED_EDGE('',*,*,#1698,.T.);
#1493=ORIENTED_EDGE('',*,*,#1747,.T.);
#1494=ORIENTED_EDGE('',*,*,#1993,.F.);
#1495=ORIENTED_EDGE('',*,*,#1696,.F.);
#1496=ORIENTED_EDGE('',*,*,#1994,.F.);
#1497=ORIENTED_EDGE('',*,*,#1994,.T.);
#1498=ORIENTED_EDGE('',*,*,#1695,.T.);
#1499=ORIENTED_EDGE('',*,*,#1991,.T.);
#1500=ORIENTED_EDGE('',*,*,#1740,.F.);
#1501=ORIENTED_EDGE('',*,*,#1992,.T.);
#1502=ORIENTED_EDGE('',*,*,#1697,.T.);
#1503=ORIENTED_EDGE('',*,*,#1993,.T.);
#1504=ORIENTED_EDGE('',*,*,#1746,.F.);
#1505=ORIENTED_EDGE('',*,*,#1995,.F.);
#1506=ORIENTED_EDGE('',*,*,#1684,.T.);
#1507=ORIENTED_EDGE('',*,*,#1996,.F.);
#1508=ORIENTED_EDGE('',*,*,#1735,.F.);
#1509=ORIENTED_EDGE('',*,*,#1996,.T.);
#1510=ORIENTED_EDGE('',*,*,#1683,.T.);
#1511=ORIENTED_EDGE('',*,*,#1997,.T.);
#1512=ORIENTED_EDGE('',*,*,#1736,.F.);
#1513=ORIENTED_EDGE('',*,*,#1998,.T.);
#1514=ORIENTED_EDGE('',*,*,#1685,.T.);
#1515=ORIENTED_EDGE('',*,*,#1995,.T.);
#1516=ORIENTED_EDGE('',*,*,#1734,.F.);
#1517=ORIENTED_EDGE('',*,*,#1999,.F.);
#1518=ORIENTED_EDGE('',*,*,#1737,.F.);
#1519=ORIENTED_EDGE('',*,*,#1997,.F.);
#1520=ORIENTED_EDGE('',*,*,#1690,.T.);
#1521=ORIENTED_EDGE('',*,*,#2000,.F.);
#1522=ORIENTED_EDGE('',*,*,#1686,.T.);
#1523=ORIENTED_EDGE('',*,*,#1998,.F.);
#1524=ORIENTED_EDGE('',*,*,#1733,.F.);
#1525=ORIENTED_EDGE('',*,*,#1739,.T.);
#1526=ORIENTED_EDGE('',*,*,#2001,.F.);
#1527=ORIENTED_EDGE('',*,*,#1688,.F.);
#1528=ORIENTED_EDGE('',*,*,#2002,.F.);
#1529=ORIENTED_EDGE('',*,*,#1999,.T.);
#1530=ORIENTED_EDGE('',*,*,#1689,.T.);
#1531=ORIENTED_EDGE('',*,*,#2001,.T.);
#1532=ORIENTED_EDGE('',*,*,#1738,.F.);
#1533=ORIENTED_EDGE('',*,*,#2002,.T.);
#1534=ORIENTED_EDGE('',*,*,#1687,.T.);
#1535=ORIENTED_EDGE('',*,*,#2000,.T.);
#1536=ORIENTED_EDGE('',*,*,#1732,.F.);
#1537=EDGE_CURVE('',#2003,#2004,#2317,.F.);
#1538=EDGE_CURVE('',#2004,#2005,#133,.T.);
#1539=EDGE_CURVE('',#2005,#2006,#2318,.F.);
#1540=EDGE_CURVE('',#2006,#2007,#134,.T.);
#1541=EDGE_CURVE('',#2007,#2008,#2319,.F.);
#1542=EDGE_CURVE('',#2008,#2009,#135,.T.);
#1543=EDGE_CURVE('',#2009,#2010,#2320,.F.);
#1544=EDGE_CURVE('',#2010,#2003,#136,.T.);
#1545=EDGE_CURVE('',#2011,#2012,#137,.T.);
#1546=EDGE_CURVE('',#2013,#2011,#2321,.T.);
#1547=EDGE_CURVE('',#2013,#2014,#2322,.T.);
#1548=EDGE_CURVE('',#2015,#2014,#2323,.T.);
#1549=EDGE_CURVE('',#2015,#2016,#138,.T.);
#1550=EDGE_CURVE('',#2017,#2016,#2324,.T.);
#1551=EDGE_CURVE('',#2017,#2018,#2325,.T.);
#1552=EDGE_CURVE('',#2019,#2018,#2326,.T.);
#1553=EDGE_CURVE('',#2020,#2019,#139,.T.);
#1554=EDGE_CURVE('',#2021,#2020,#2327,.T.);
#1555=EDGE_CURVE('',#2021,#2022,#2328,.T.);
#1556=EDGE_CURVE('',#2012,#2022,#2329,.T.);
#1557=EDGE_CURVE('',#2023,#2023,#2330,.F.);
#1558=EDGE_CURVE('',#2024,#2024,#2331,.F.);
#1559=EDGE_CURVE('',#2025,#2025,#2332,.F.);
#1560=EDGE_CURVE('',#2026,#2026,#2333,.F.);
#1561=EDGE_CURVE('',#2027,#2027,#2334,.F.);
#1562=EDGE_CURVE('',#2028,#2029,#140,.T.);
#1563=EDGE_CURVE('',#2030,#2029,#2335,.T.);
#1564=EDGE_CURVE('',#2030,#2031,#2336,.T.);
#1565=EDGE_CURVE('',#2032,#2031,#2337,.T.);
#1566=EDGE_CURVE('',#2033,#2032,#141,.T.);
#1567=EDGE_CURVE('',#2034,#2033,#2338,.T.);
#1568=EDGE_CURVE('',#2034,#2035,#2339,.T.);
#1569=EDGE_CURVE('',#2036,#2035,#2340,.T.);
#1570=EDGE_CURVE('',#2037,#2036,#142,.T.);
#1571=EDGE_CURVE('',#2038,#2037,#2341,.T.);
#1572=EDGE_CURVE('',#2038,#2039,#2342,.T.);
#1573=EDGE_CURVE('',#2028,#2039,#2343,.T.);
#1574=EDGE_CURVE('',#2040,#2041,#2344,.T.);
#1575=EDGE_CURVE('',#2040,#2042,#2345,.T.);
#1576=EDGE_CURVE('',#2043,#2042,#2346,.T.);
#1577=EDGE_CURVE('',#2044,#2043,#143,.T.);
#1578=EDGE_CURVE('',#2045,#2044,#2347,.T.);
#1579=EDGE_CURVE('',#2045,#2046,#2348,.T.);
#1580=EDGE_CURVE('',#2047,#2046,#2349,.T.);
#1581=EDGE_CURVE('',#2047,#2048,#144,.T.);
#1582=EDGE_CURVE('',#2049,#2048,#2350,.T.);
#1583=EDGE_CURVE('',#2049,#2050,#2351,.T.);
#1584=EDGE_CURVE('',#2051,#2050,#2352,.T.);
#1585=EDGE_CURVE('',#2051,#2041,#145,.T.);
#1586=EDGE_CURVE('',#2052,#2053,#2353,.T.);
#1587=EDGE_CURVE('',#2052,#2054,#146,.T.);
#1588=EDGE_CURVE('',#2055,#2054,#2354,.T.);
#1589=EDGE_CURVE('',#2055,#2056,#2355,.T.);
#1590=EDGE_CURVE('',#2057,#2056,#2356,.T.);
#1591=EDGE_CURVE('',#2058,#2057,#147,.T.);
#1592=EDGE_CURVE('',#2059,#2058,#2357,.T.);
#1593=EDGE_CURVE('',#2059,#2060,#2358,.T.);
#1594=EDGE_CURVE('',#2061,#2060,#2359,.T.);
#1595=EDGE_CURVE('',#2061,#2062,#148,.T.);
#1596=EDGE_CURVE('',#2063,#2062,#2360,.T.);
#1597=EDGE_CURVE('',#2063,#2053,#2361,.T.);
#1598=EDGE_CURVE('',#2064,#2065,#2362,.F.);
#1599=EDGE_CURVE('',#2065,#2066,#149,.T.);
#1600=EDGE_CURVE('',#2066,#2067,#2363,.F.);
#1601=EDGE_CURVE('',#2067,#2068,#150,.T.);
#1602=EDGE_CURVE('',#2068,#2069,#2364,.F.);
#1603=EDGE_CURVE('',#2069,#2070,#151,.T.);
#1604=EDGE_CURVE('',#2070,#2071,#2365,.F.);
#1605=EDGE_CURVE('',#2071,#2064,#152,.T.);
#1606=EDGE_CURVE('',#2072,#2073,#2366,.T.);
#1607=EDGE_CURVE('',#2073,#2074,#153,.T.);
#1608=EDGE_CURVE('',#2074,#2075,#2367,.T.);
#1609=EDGE_CURVE('',#2075,#2076,#154,.T.);
#1610=EDGE_CURVE('',#2076,#2077,#2368,.T.);
#1611=EDGE_CURVE('',#2077,#2078,#155,.T.);
#1612=EDGE_CURVE('',#2078,#2079,#2369,.T.);
#1613=EDGE_CURVE('',#2079,#2072,#156,.T.);
#1614=EDGE_CURVE('',#2080,#2081,#2370,.T.);
#1615=EDGE_CURVE('',#2082,#2080,#157,.T.);
#1616=EDGE_CURVE('',#2083,#2082,#2371,.T.);
#1617=EDGE_CURVE('',#2084,#2083,#2372,.F.);
#1618=EDGE_CURVE('',#2085,#2084,#2373,.T.);
#1619=EDGE_CURVE('',#2085,#2086,#158,.T.);
#1620=EDGE_CURVE('',#2087,#2086,#2374,.T.);
#1621=EDGE_CURVE('',#2081,#2087,#2375,.F.);
#1622=EDGE_CURVE('',#2088,#2089,#2376,.T.);
#1623=EDGE_CURVE('',#2090,#2088,#159,.T.);
#1624=EDGE_CURVE('',#2091,#2090,#2377,.T.);
#1625=EDGE_CURVE('',#2092,#2091,#2378,.F.);
#1626=EDGE_CURVE('',#2093,#2092,#2379,.T.);
#1627=EDGE_CURVE('',#2093,#2094,#160,.T.);
#1628=EDGE_CURVE('',#2095,#2094,#2380,.T.);
#1629=EDGE_CURVE('',#2089,#2095,#2381,.F.);
#1630=EDGE_CURVE('',#2096,#2096,#2382,.T.);
#1631=EDGE_CURVE('',#2097,#2097,#2383,.T.);
#1632=EDGE_CURVE('',#2098,#2098,#2384,.T.);
#1633=EDGE_CURVE('',#2099,#2100,#161,.T.);
#1634=EDGE_CURVE('',#2100,#2101,#162,.T.);
#1635=EDGE_CURVE('',#2101,#2102,#163,.F.);
#1636=EDGE_CURVE('',#2102,#2099,#164,.T.);
#1637=EDGE_CURVE('',#2103,#2104,#2385,.T.);
#1638=EDGE_CURVE('',#2104,#2105,#2386,.F.);
#1639=EDGE_CURVE('',#2105,#2106,#2387,.T.);
#1640=EDGE_CURVE('',#2106,#2107,#165,.T.);
#1641=EDGE_CURVE('',#2107,#2108,#2388,.T.);
#1642=EDGE_CURVE('',#2108,#2109,#2389,.F.);
#1643=EDGE_CURVE('',#2109,#2110,#2390,.T.);
#1644=EDGE_CURVE('',#2103,#2110,#166,.T.);
#1645=EDGE_CURVE('',#2111,#2112,#2391,.T.);
#1646=EDGE_CURVE('',#2112,#2113,#2392,.F.);
#1647=EDGE_CURVE('',#2113,#2114,#2393,.T.);
#1648=EDGE_CURVE('',#2114,#2115,#167,.T.);
#1649=EDGE_CURVE('',#2115,#2116,#2394,.T.);
#1650=EDGE_CURVE('',#2116,#2117,#2395,.F.);
#1651=EDGE_CURVE('',#2117,#2118,#2396,.T.);
#1652=EDGE_CURVE('',#2111,#2118,#168,.T.);
#1653=EDGE_CURVE('',#2119,#2119,#2397,.F.);
#1654=EDGE_CURVE('',#2120,#2120,#2398,.F.);
#1655=EDGE_CURVE('',#2121,#2121,#2399,.F.);
#1656=EDGE_CURVE('',#2122,#2123,#169,.T.);
#1657=EDGE_CURVE('',#2123,#2124,#170,.T.);
#1658=EDGE_CURVE('',#2124,#2125,#171,.F.);
#1659=EDGE_CURVE('',#2125,#2122,#172,.T.);
#1660=EDGE_CURVE('',#2126,#2127,#2400,.T.);
#1661=EDGE_CURVE('',#2127,#2128,#2401,.F.);
#1662=EDGE_CURVE('',#2128,#2129,#2402,.T.);
#1663=EDGE_CURVE('',#2129,#2130,#173,.T.);
#1664=EDGE_CURVE('',#2130,#2131,#2403,.T.);
#1665=EDGE_CURVE('',#2131,#2132,#2404,.F.);
#1666=EDGE_CURVE('',#2132,#2133,#2405,.T.);
#1667=EDGE_CURVE('',#2126,#2133,#174,.T.);
#1668=EDGE_CURVE('',#2134,#2135,#2406,.T.);
#1669=EDGE_CURVE('',#2135,#2136,#2407,.F.);
#1670=EDGE_CURVE('',#2136,#2137,#2408,.T.);
#1671=EDGE_CURVE('',#2137,#2138,#175,.T.);
#1672=EDGE_CURVE('',#2138,#2139,#2409,.T.);
#1673=EDGE_CURVE('',#2139,#2140,#2410,.F.);
#1674=EDGE_CURVE('',#2140,#2141,#2411,.T.);
#1675=EDGE_CURVE('',#2134,#2141,#176,.T.);
#1676=EDGE_CURVE('',#2142,#2142,#2412,.F.);
#1677=EDGE_CURVE('',#2143,#2143,#2413,.F.);
#1678=EDGE_CURVE('',#2144,#2144,#2414,.F.);
#1679=EDGE_CURVE('',#2145,#2146,#177,.T.);
#1680=EDGE_CURVE('',#2146,#2147,#178,.T.);
#1681=EDGE_CURVE('',#2147,#2148,#179,.F.);
#1682=EDGE_CURVE('',#2148,#2145,#180,.T.);
#1683=EDGE_CURVE('',#2149,#2150,#2415,.T.);
#1684=EDGE_CURVE('',#2151,#2149,#181,.T.);
#1685=EDGE_CURVE('',#2152,#2151,#2416,.T.);
#1686=EDGE_CURVE('',#2153,#2152,#2417,.F.);
#1687=EDGE_CURVE('',#2154,#2153,#2418,.T.);
#1688=EDGE_CURVE('',#2154,#2155,#182,.T.);
#1689=EDGE_CURVE('',#2156,#2155,#2419,.T.);
#1690=EDGE_CURVE('',#2150,#2156,#2420,.F.);
#1691=EDGE_CURVE('',#2157,#2158,#2421,.T.);
#1692=EDGE_CURVE('',#2159,#2157,#183,.T.);
#1693=EDGE_CURVE('',#2160,#2159,#2422,.T.);
#1694=EDGE_CURVE('',#2161,#2160,#2423,.F.);
#1695=EDGE_CURVE('',#2162,#2161,#2424,.T.);
#1696=EDGE_CURVE('',#2162,#2163,#184,.T.);
#1697=EDGE_CURVE('',#2164,#2163,#2425,.T.);
#1698=EDGE_CURVE('',#2158,#2164,#2426,.F.);
#1699=EDGE_CURVE('',#2165,#2165,#2427,.T.);
#1700=EDGE_CURVE('',#2166,#2166,#2428,.T.);
#1701=EDGE_CURVE('',#2167,#2167,#2429,.T.);
#1702=EDGE_CURVE('',#2168,#2169,#185,.T.);
#1703=EDGE_CURVE('',#2169,#2170,#186,.T.);
#1704=EDGE_CURVE('',#2170,#2171,#187,.F.);
#1705=EDGE_CURVE('',#2171,#2168,#188,.T.);
#1706=EDGE_CURVE('',#2172,#2173,#2430,.F.);
#1707=EDGE_CURVE('',#2174,#2172,#2431,.T.);
#1708=EDGE_CURVE('',#2174,#2175,#189,.T.);
#1709=EDGE_CURVE('',#2176,#2175,#2432,.T.);
#1710=EDGE_CURVE('',#2177,#2176,#2433,.F.);
#1711=EDGE_CURVE('',#2178,#2177,#2434,.T.);
#1712=EDGE_CURVE('',#2179,#2178,#190,.T.);
#1713=EDGE_CURVE('',#2173,#2179,#2435,.T.);
#1714=EDGE_CURVE('',#2180,#2181,#2436,.F.);
#1715=EDGE_CURVE('',#2182,#2180,#2437,.T.);
#1716=EDGE_CURVE('',#2182,#2183,#191,.T.);
#1717=EDGE_CURVE('',#2184,#2183,#2438,.T.);
#1718=EDGE_CURVE('',#2185,#2184,#2439,.F.);
#1719=EDGE_CURVE('',#2186,#2185,#2440,.T.);
#1720=EDGE_CURVE('',#2187,#2186,#192,.T.);
#1721=EDGE_CURVE('',#2181,#2187,#2441,.T.);
#1722=EDGE_CURVE('',#2188,#2189,#193,.T.);
#1723=EDGE_CURVE('',#2189,#2190,#194,.T.);
#1724=EDGE_CURVE('',#2190,#2191,#195,.F.);
#1725=EDGE_CURVE('',#2191,#2192,#196,.T.);
#1726=EDGE_CURVE('',#2054,#2192,#197,.F.);
#1727=EDGE_CURVE('',#2193,#2052,#198,.T.);
#1728=EDGE_CURVE('',#2193,#2188,#199,.T.);
#1729=EDGE_CURVE('',#2194,#2194,#2442,.F.);
#1730=EDGE_CURVE('',#2195,#2195,#2443,.F.);
#1731=EDGE_CURVE('',#2196,#2196,#2444,.F.);
#1732=EDGE_CURVE('',#2197,#2198,#2445,.T.);
#1733=EDGE_CURVE('',#2198,#2199,#2446,.F.);
#1734=EDGE_CURVE('',#2199,#2200,#2447,.T.);
#1735=EDGE_CURVE('',#2200,#2201,#200,.T.);
#1736=EDGE_CURVE('',#2201,#2202,#2448,.T.);
#1737=EDGE_CURVE('',#2202,#2203,#2449,.F.);
#1738=EDGE_CURVE('',#2203,#2204,#2450,.T.);
#1739=EDGE_CURVE('',#2197,#2204,#201,.T.);
#1740=EDGE_CURVE('',#2205,#2206,#2451,.T.);
#1741=EDGE_CURVE('',#2206,#2207,#2452,.F.);
#1742=EDGE_CURVE('',#2207,#2208,#2453,.T.);
#1743=EDGE_CURVE('',#2208,#2209,#202,.T.);
#1744=EDGE_CURVE('',#2209,#2210,#2454,.T.);
#1745=EDGE_CURVE('',#2210,#2211,#2455,.F.);
#1746=EDGE_CURVE('',#2211,#2212,#2456,.T.);
#1747=EDGE_CURVE('',#2205,#2212,#203,.T.);
#1748=EDGE_CURVE('',#2213,#2213,#2457,.F.);
#1749=EDGE_CURVE('',#2214,#2215,#204,.T.);
#1750=EDGE_CURVE('',#2215,#2216,#205,.T.);
#1751=EDGE_CURVE('',#2216,#2217,#206,.F.);
#1752=EDGE_CURVE('',#2218,#2217,#207,.T.);
#1753=EDGE_CURVE('',#2044,#2218,#208,.T.);
#1754=EDGE_CURVE('',#2219,#2043,#209,.F.);
#1755=EDGE_CURVE('',#2214,#2219,#210,.T.);
#1756=EDGE_CURVE('',#2220,#2220,#2458,.F.);
#1757=EDGE_CURVE('',#2221,#2221,#2459,.F.);
#1758=EDGE_CURVE('',#2222,#2223,#2460,.F.);
#1759=EDGE_CURVE('',#2223,#2224,#2461,.T.);
#1760=EDGE_CURVE('',#2224,#2225,#211,.T.);
#1761=EDGE_CURVE('',#2225,#2226,#2462,.T.);
#1762=EDGE_CURVE('',#2226,#2227,#2463,.F.);
#1763=EDGE_CURVE('',#2227,#2228,#2464,.T.);
#1764=EDGE_CURVE('',#2229,#2228,#212,.T.);
#1765=EDGE_CURVE('',#2229,#2222,#2465,.T.);
#1766=EDGE_CURVE('',#2230,#2231,#2466,.F.);
#1767=EDGE_CURVE('',#2231,#2232,#2467,.T.);
#1768=EDGE_CURVE('',#2232,#2233,#213,.T.);
#1769=EDGE_CURVE('',#2233,#2234,#2468,.T.);
#1770=EDGE_CURVE('',#2234,#2235,#2469,.F.);
#1771=EDGE_CURVE('',#2235,#2236,#2470,.T.);
#1772=EDGE_CURVE('',#2237,#2236,#214,.T.);
#1773=EDGE_CURVE('',#2237,#2230,#2471,.T.);
#1774=EDGE_CURVE('',#2238,#2238,#2472,.F.);
#1775=EDGE_CURVE('',#2239,#2240,#215,.T.);
#1776=EDGE_CURVE('',#2240,#2241,#216,.T.);
#1777=EDGE_CURVE('',#2241,#2242,#217,.F.);
#1778=EDGE_CURVE('',#2243,#2242,#218,.T.);
#1779=EDGE_CURVE('',#2037,#2243,#219,.T.);
#1780=EDGE_CURVE('',#2244,#2036,#220,.F.);
#1781=EDGE_CURVE('',#2239,#2244,#221,.T.);
#1782=EDGE_CURVE('',#2245,#2245,#2473,.F.);
#1783=EDGE_CURVE('',#2246,#2246,#2474,.F.);
#1784=EDGE_CURVE('',#2247,#2248,#2475,.T.);
#1785=EDGE_CURVE('',#2249,#2247,#2476,.F.);
#1786=EDGE_CURVE('',#2250,#2249,#2477,.T.);
#1787=EDGE_CURVE('',#2250,#2251,#222,.T.);
#1788=EDGE_CURVE('',#2252,#2251,#2478,.T.);
#1789=EDGE_CURVE('',#2253,#2252,#2479,.F.);
#1790=EDGE_CURVE('',#2254,#2253,#2480,.T.);
#1791=EDGE_CURVE('',#2248,#2254,#223,.T.);
#1792=EDGE_CURVE('',#2255,#2256,#2481,.T.);
#1793=EDGE_CURVE('',#2257,#2255,#2482,.F.);
#1794=EDGE_CURVE('',#2258,#2257,#2483,.T.);
#1795=EDGE_CURVE('',#2258,#2259,#224,.T.);
#1796=EDGE_CURVE('',#2260,#2259,#2484,.T.);
#1797=EDGE_CURVE('',#2261,#2260,#2485,.F.);
#1798=EDGE_CURVE('',#2262,#2261,#2486,.T.);
#1799=EDGE_CURVE('',#2256,#2262,#225,.T.);
#1800=EDGE_CURVE('',#2263,#2264,#226,.T.);
#1801=EDGE_CURVE('',#2264,#2265,#227,.T.);
#1802=EDGE_CURVE('',#2265,#2266,#228,.F.);
#1803=EDGE_CURVE('',#2266,#2267,#229,.T.);
#1804=EDGE_CURVE('',#2016,#2267,#230,.F.);
#1805=EDGE_CURVE('',#2268,#2015,#231,.T.);
#1806=EDGE_CURVE('',#2268,#2263,#232,.T.);
#1807=EDGE_CURVE('',#2269,#2269,#2487,.F.);
#1808=EDGE_CURVE('',#2270,#2270,#2488,.F.);
#1809=EDGE_CURVE('',#2271,#2271,#2489,.F.);
#1810=EDGE_CURVE('',#2217,#2239,#2490,.T.);
#1811=EDGE_CURVE('',#2272,#2244,#2491,.T.);
#1812=EDGE_CURVE('',#2272,#2273,#2492,.T.);
#1813=EDGE_CURVE('',#2274,#2273,#2493,.T.);
#1814=EDGE_CURVE('',#2275,#2274,#233,.T.);
#1815=EDGE_CURVE('',#2276,#2275,#2494,.T.);
#1816=EDGE_CURVE('',#2276,#2277,#2495,.T.);
#1817=EDGE_CURVE('',#2278,#2277,#2496,.T.);
#1818=EDGE_CURVE('',#2278,#2279,#234,.T.);
#1819=EDGE_CURVE('',#2280,#2279,#2497,.T.);
#1820=EDGE_CURVE('',#2280,#2281,#2498,.T.);
#1821=EDGE_CURVE('',#2243,#2281,#2499,.T.);
#1822=EDGE_CURVE('',#2242,#2263,#2500,.T.);
#1823=EDGE_CURVE('',#2282,#2268,#2501,.T.);
#1824=EDGE_CURVE('',#2282,#2283,#2502,.T.);
#1825=EDGE_CURVE('',#2284,#2283,#2503,.T.);
#1826=EDGE_CURVE('',#2285,#2284,#235,.T.);
#1827=EDGE_CURVE('',#2286,#2285,#2504,.T.);
#1828=EDGE_CURVE('',#2286,#2287,#2505,.T.);
#1829=EDGE_CURVE('',#2288,#2287,#2506,.T.);
#1830=EDGE_CURVE('',#2289,#2288,#236,.T.);
#1831=EDGE_CURVE('',#2290,#2289,#2507,.T.);
#1832=EDGE_CURVE('',#2290,#2291,#2508,.T.);
#1833=EDGE_CURVE('',#2267,#2291,#2509,.T.);
#1834=EDGE_CURVE('',#2266,#2188,#2510,.T.);
#1835=EDGE_CURVE('',#2292,#2193,#2511,.T.);
#1836=EDGE_CURVE('',#2292,#2293,#2512,.T.);
#1837=EDGE_CURVE('',#2294,#2293,#2513,.T.);
#1838=EDGE_CURVE('',#2294,#2295,#237,.T.);
#1839=EDGE_CURVE('',#2296,#2295,#2514,.T.);
#1840=EDGE_CURVE('',#2296,#2297,#2515,.T.);
#1841=EDGE_CURVE('',#2298,#2297,#2516,.T.);
#1842=EDGE_CURVE('',#2299,#2298,#238,.T.);
#1843=EDGE_CURVE('',#2300,#2299,#2517,.T.);
#1844=EDGE_CURVE('',#2300,#2301,#2518,.T.);
#1845=EDGE_CURVE('',#2192,#2301,#2519,.T.);
#1846=EDGE_CURVE('',#2191,#2214,#2520,.T.);
#1847=EDGE_CURVE('',#2302,#2219,#2521,.T.);
#1848=EDGE_CURVE('',#2302,#2303,#2522,.T.);
#1849=EDGE_CURVE('',#2304,#2303,#2523,.T.);
#1850=EDGE_CURVE('',#2304,#2305,#239,.T.);
#1851=EDGE_CURVE('',#2306,#2305,#2524,.T.);
#1852=EDGE_CURVE('',#2306,#2307,#2525,.T.);
#1853=EDGE_CURVE('',#2308,#2307,#2526,.T.);
#1854=EDGE_CURVE('',#2308,#2309,#240,.T.);
#1855=EDGE_CURVE('',#2310,#2309,#2527,.T.);
#1856=EDGE_CURVE('',#2310,#2311,#2528,.T.);
#1857=EDGE_CURVE('',#2218,#2311,#2529,.T.);
#1858=EDGE_CURVE('',#2312,#2312,#2530,.T.);
#1859=EDGE_CURVE('',#2313,#2313,#2531,.T.);
#1860=EDGE_CURVE('',#2314,#2314,#2532,.T.);
#1861=EDGE_CURVE('',#2315,#2315,#2533,.T.);
#1862=EDGE_CURVE('',#2316,#2316,#2534,.T.);
#1863=EDGE_CURVE('',#2031,#2276,#241,.F.);
#1864=EDGE_CURVE('',#2277,#2030,#242,.T.);
#1865=EDGE_CURVE('',#2029,#2278,#243,.F.);
#1866=EDGE_CURVE('',#2279,#2028,#244,.T.);
#1867=EDGE_CURVE('',#2033,#2274,#245,.T.);
#1868=EDGE_CURVE('',#2275,#2032,#246,.F.);
#1869=EDGE_CURVE('',#2039,#2280,#247,.F.);
#1870=EDGE_CURVE('',#2281,#2038,#248,.T.);
#1871=EDGE_CURVE('',#2035,#2272,#249,.F.);
#1872=EDGE_CURVE('',#2273,#2034,#250,.T.);
#1873=EDGE_CURVE('',#2018,#2290,#251,.F.);
#1874=EDGE_CURVE('',#2291,#2017,#252,.T.);
#1875=EDGE_CURVE('',#2014,#2282,#253,.F.);
#1876=EDGE_CURVE('',#2283,#2013,#254,.T.);
#1877=EDGE_CURVE('',#2020,#2288,#255,.T.);
#1878=EDGE_CURVE('',#2289,#2019,#256,.F.);
#1879=EDGE_CURVE('',#2011,#2284,#257,.T.);
#1880=EDGE_CURVE('',#2285,#2012,#258,.F.);
#1881=EDGE_CURVE('',#2022,#2286,#259,.F.);
#1882=EDGE_CURVE('',#2287,#2021,#260,.T.);
#1883=EDGE_CURVE('',#2041,#2304,#261,.F.);
#1884=EDGE_CURVE('',#2305,#2051,#262,.T.);
#1885=EDGE_CURVE('',#2048,#2308,#263,.F.);
#1886=EDGE_CURVE('',#2309,#2047,#264,.T.);
#1887=EDGE_CURVE('',#2050,#2306,#265,.F.);
#1888=EDGE_CURVE('',#2307,#2049,#266,.T.);
#1889=EDGE_CURVE('',#2042,#2302,#267,.F.);
#1890=EDGE_CURVE('',#2303,#2040,#268,.T.);
#1891=EDGE_CURVE('',#2046,#2310,#269,.F.);
#1892=EDGE_CURVE('',#2311,#2045,#270,.T.);
#1893=EDGE_CURVE('',#2058,#2298,#271,.T.);
#1894=EDGE_CURVE('',#2299,#2057,#272,.F.);
#1895=EDGE_CURVE('',#2062,#2294,#273,.F.);
#1896=EDGE_CURVE('',#2295,#2061,#274,.T.);
#1897=EDGE_CURVE('',#2056,#2300,#275,.F.);
#1898=EDGE_CURVE('',#2301,#2055,#276,.T.);
#1899=EDGE_CURVE('',#2053,#2292,#277,.F.);
#1900=EDGE_CURVE('',#2293,#2063,#278,.T.);
#1901=EDGE_CURVE('',#2060,#2296,#279,.F.);
#1902=EDGE_CURVE('',#2297,#2059,#280,.T.);
#1903=EDGE_CURVE('',#2101,#2123,#2535,.T.);
#1904=EDGE_CURVE('',#2122,#2102,#2536,.F.);
#1905=EDGE_CURVE('',#2124,#2146,#2537,.T.);
#1906=EDGE_CURVE('',#2145,#2125,#2538,.F.);
#1907=EDGE_CURVE('',#2147,#2169,#2539,.T.);
#1908=EDGE_CURVE('',#2168,#2148,#2540,.F.);
#1909=EDGE_CURVE('',#2170,#2100,#2541,.T.);
#1910=EDGE_CURVE('',#2099,#2171,#2542,.F.);
#1911=EDGE_CURVE('',#2216,#2240,#2543,.T.);
#1912=EDGE_CURVE('',#2241,#2264,#2544,.T.);
#1913=EDGE_CURVE('',#2265,#2189,#2545,.T.);
#1914=EDGE_CURVE('',#2190,#2215,#2546,.T.);
#1915=EDGE_CURVE('',#2070,#2189,#281,.T.);
#1916=EDGE_CURVE('',#2190,#2069,#282,.T.);
#1917=EDGE_CURVE('',#2215,#2068,#283,.T.);
#1918=EDGE_CURVE('',#2071,#2265,#284,.T.);
#1919=EDGE_CURVE('',#2216,#2067,#285,.T.);
#1920=EDGE_CURVE('',#2064,#2264,#286,.T.);
#1921=EDGE_CURVE('',#2240,#2066,#287,.T.);
#1922=EDGE_CURVE('',#2065,#2241,#288,.T.);
#1923=EDGE_CURVE('',#2124,#2008,#289,.T.);
#1924=EDGE_CURVE('',#2009,#2123,#290,.T.);
#1925=EDGE_CURVE('',#2010,#2101,#291,.T.);
#1926=EDGE_CURVE('',#2146,#2007,#292,.T.);
#1927=EDGE_CURVE('',#2003,#2100,#293,.T.);
#1928=EDGE_CURVE('',#2147,#2006,#294,.T.);
#1929=EDGE_CURVE('',#2004,#2170,#295,.T.);
#1930=EDGE_CURVE('',#2169,#2005,#296,.T.);
#1931=EDGE_CURVE('',#2078,#2125,#297,.T.);
#1932=EDGE_CURVE('',#2122,#2077,#298,.T.);
#1933=EDGE_CURVE('',#2102,#2076,#299,.T.);
#1934=EDGE_CURVE('',#2079,#2145,#300,.T.);
#1935=EDGE_CURVE('',#2099,#2075,#301,.T.);
#1936=EDGE_CURVE('',#2072,#2148,#302,.T.);
#1937=EDGE_CURVE('',#2171,#2074,#303,.T.);
#1938=EDGE_CURVE('',#2073,#2168,#304,.T.);
#1939=EDGE_CURVE('',#2235,#2095,#305,.T.);
#1940=EDGE_CURVE('',#2094,#2236,#306,.T.);
#1941=EDGE_CURVE('',#2237,#2093,#307,.F.);
#1942=EDGE_CURVE('',#2092,#2230,#308,.F.);
#1943=EDGE_CURVE('',#2089,#2234,#309,.F.);
#1944=EDGE_CURVE('',#2231,#2091,#310,.T.);
#1945=EDGE_CURVE('',#2233,#2088,#311,.T.);
#1946=EDGE_CURVE('',#2090,#2232,#312,.F.);
#1947=EDGE_CURVE('',#2227,#2087,#313,.T.);
#1948=EDGE_CURVE('',#2086,#2228,#314,.T.);
#1949=EDGE_CURVE('',#2229,#2085,#315,.F.);
#1950=EDGE_CURVE('',#2084,#2222,#316,.F.);
#1951=EDGE_CURVE('',#2223,#2083,#317,.T.);
#1952=EDGE_CURVE('',#2081,#2226,#318,.F.);
#1953=EDGE_CURVE('',#2225,#2080,#319,.T.);
#1954=EDGE_CURVE('',#2082,#2224,#320,.F.);
#1955=EDGE_CURVE('',#2187,#2137,#321,.F.);
#1956=EDGE_CURVE('',#2138,#2186,#322,.T.);
#1957=EDGE_CURVE('',#2136,#2181,#323,.T.);
#1958=EDGE_CURVE('',#2185,#2139,#324,.F.);
#1959=EDGE_CURVE('',#2180,#2135,#325,.F.);
#1960=EDGE_CURVE('',#2140,#2184,#326,.T.);
#1961=EDGE_CURVE('',#2183,#2141,#327,.T.);
#1962=EDGE_CURVE('',#2134,#2182,#328,.F.);
#1963=EDGE_CURVE('',#2179,#2129,#329,.F.);
#1964=EDGE_CURVE('',#2130,#2178,#330,.T.);
#1965=EDGE_CURVE('',#2177,#2131,#331,.F.);
#1966=EDGE_CURVE('',#2128,#2173,#332,.T.);
#1967=EDGE_CURVE('',#2132,#2176,#333,.T.);
#1968=EDGE_CURVE('',#2172,#2127,#334,.F.);
#1969=EDGE_CURVE('',#2175,#2133,#335,.T.);
#1970=EDGE_CURVE('',#2126,#2174,#336,.F.);
#1971=EDGE_CURVE('',#2117,#2260,#337,.T.);
#1972=EDGE_CURVE('',#2259,#2118,#338,.T.);
#1973=EDGE_CURVE('',#2111,#2258,#339,.F.);
#1974=EDGE_CURVE('',#2257,#2112,#340,.F.);
#1975=EDGE_CURVE('',#2261,#2116,#341,.F.);
#1976=EDGE_CURVE('',#2113,#2255,#342,.T.);
#1977=EDGE_CURVE('',#2115,#2262,#343,.T.);
#1978=EDGE_CURVE('',#2256,#2114,#344,.F.);
#1979=EDGE_CURVE('',#2109,#2252,#345,.T.);
#1980=EDGE_CURVE('',#2251,#2110,#346,.T.);
#1981=EDGE_CURVE('',#2103,#2250,#347,.F.);
#1982=EDGE_CURVE('',#2249,#2104,#348,.F.);
#1983=EDGE_CURVE('',#2105,#2247,#349,.T.);
#1984=EDGE_CURVE('',#2253,#2108,#350,.F.);
#1985=EDGE_CURVE('',#2107,#2254,#351,.T.);
#1986=EDGE_CURVE('',#2248,#2106,#352,.F.);
#1987=EDGE_CURVE('',#2159,#2208,#353,.F.);
#1988=EDGE_CURVE('',#2209,#2157,#354,.T.);
#1989=EDGE_CURVE('',#2207,#2160,#355,.T.);
#1990=EDGE_CURVE('',#2158,#2210,#356,.F.);
#1991=EDGE_CURVE('',#2161,#2206,#357,.F.);
#1992=EDGE_CURVE('',#2211,#2164,#358,.T.);
#1993=EDGE_CURVE('',#2163,#2212,#359,.T.);
#1994=EDGE_CURVE('',#2205,#2162,#360,.F.);
#1995=EDGE_CURVE('',#2151,#2200,#361,.F.);
#1996=EDGE_CURVE('',#2201,#2149,#362,.T.);
#1997=EDGE_CURVE('',#2150,#2202,#363,.F.);
#1998=EDGE_CURVE('',#2199,#2152,#364,.T.);
#1999=EDGE_CURVE('',#2203,#2156,#365,.T.);
#2000=EDGE_CURVE('',#2153,#2198,#366,.F.);
#2001=EDGE_CURVE('',#2155,#2204,#367,.T.);
#2002=EDGE_CURVE('',#2197,#2154,#368,.F.);
#2003=VERTEX_POINT('',#4690);
#2004=VERTEX_POINT('',#4691);
#2005=VERTEX_POINT('',#4693);
#2006=VERTEX_POINT('',#4695);
#2007=VERTEX_POINT('',#4697);
#2008=VERTEX_POINT('',#4699);
#2009=VERTEX_POINT('',#4701);
#2010=VERTEX_POINT('',#4703);
#2011=VERTEX_POINT('',#4706);
#2012=VERTEX_POINT('',#4707);
#2013=VERTEX_POINT('',#4709);
#2014=VERTEX_POINT('',#4711);
#2015=VERTEX_POINT('',#4713);
#2016=VERTEX_POINT('',#4715);
#2017=VERTEX_POINT('',#4717);
#2018=VERTEX_POINT('',#4719);
#2019=VERTEX_POINT('',#4721);
#2020=VERTEX_POINT('',#4723);
#2021=VERTEX_POINT('',#4725);
#2022=VERTEX_POINT('',#4727);
#2023=VERTEX_POINT('',#4730);
#2024=VERTEX_POINT('',#4732);
#2025=VERTEX_POINT('',#4734);
#2026=VERTEX_POINT('',#4736);
#2027=VERTEX_POINT('',#4738);
#2028=VERTEX_POINT('',#4740);
#2029=VERTEX_POINT('',#4741);
#2030=VERTEX_POINT('',#4743);
#2031=VERTEX_POINT('',#4745);
#2032=VERTEX_POINT('',#4747);
#2033=VERTEX_POINT('',#4749);
#2034=VERTEX_POINT('',#4751);
#2035=VERTEX_POINT('',#4753);
#2036=VERTEX_POINT('',#4755);
#2037=VERTEX_POINT('',#4757);
#2038=VERTEX_POINT('',#4759);
#2039=VERTEX_POINT('',#4761);
#2040=VERTEX_POINT('',#4764);
#2041=VERTEX_POINT('',#4765);
#2042=VERTEX_POINT('',#4767);
#2043=VERTEX_POINT('',#4769);
#2044=VERTEX_POINT('',#4771);
#2045=VERTEX_POINT('',#4773);
#2046=VERTEX_POINT('',#4775);
#2047=VERTEX_POINT('',#4777);
#2048=VERTEX_POINT('',#4779);
#2049=VERTEX_POINT('',#4781);
#2050=VERTEX_POINT('',#4783);
#2051=VERTEX_POINT('',#4785);
#2052=VERTEX_POINT('',#4788);
#2053=VERTEX_POINT('',#4789);
#2054=VERTEX_POINT('',#4791);
#2055=VERTEX_POINT('',#4793);
#2056=VERTEX_POINT('',#4795);
#2057=VERTEX_POINT('',#4797);
#2058=VERTEX_POINT('',#4799);
#2059=VERTEX_POINT('',#4801);
#2060=VERTEX_POINT('',#4803);
#2061=VERTEX_POINT('',#4805);
#2062=VERTEX_POINT('',#4807);
#2063=VERTEX_POINT('',#4809);
#2064=VERTEX_POINT('',#4813);
#2065=VERTEX_POINT('',#4814);
#2066=VERTEX_POINT('',#4816);
#2067=VERTEX_POINT('',#4818);
#2068=VERTEX_POINT('',#4820);
#2069=VERTEX_POINT('',#4822);
#2070=VERTEX_POINT('',#4824);
#2071=VERTEX_POINT('',#4826);
#2072=VERTEX_POINT('',#4829);
#2073=VERTEX_POINT('',#4830);
#2074=VERTEX_POINT('',#4832);
#2075=VERTEX_POINT('',#4834);
#2076=VERTEX_POINT('',#4836);
#2077=VERTEX_POINT('',#4838);
#2078=VERTEX_POINT('',#4840);
#2079=VERTEX_POINT('',#4842);
#2080=VERTEX_POINT('',#4846);
#2081=VERTEX_POINT('',#4847);
#2082=VERTEX_POINT('',#4849);
#2083=VERTEX_POINT('',#4851);
#2084=VERTEX_POINT('',#4853);
#2085=VERTEX_POINT('',#4855);
#2086=VERTEX_POINT('',#4857);
#2087=VERTEX_POINT('',#4859);
#2088=VERTEX_POINT('',#4862);
#2089=VERTEX_POINT('',#4863);
#2090=VERTEX_POINT('',#4865);
#2091=VERTEX_POINT('',#4867);
#2092=VERTEX_POINT('',#4869);
#2093=VERTEX_POINT('',#4871);
#2094=VERTEX_POINT('',#4873);
#2095=VERTEX_POINT('',#4875);
#2096=VERTEX_POINT('',#4878);
#2097=VERTEX_POINT('',#4880);
#2098=VERTEX_POINT('',#4882);
#2099=VERTEX_POINT('',#4884);
#2100=VERTEX_POINT('',#4885);
#2101=VERTEX_POINT('',#4887);
#2102=VERTEX_POINT('',#4889);
#2103=VERTEX_POINT('',#4893);
#2104=VERTEX_POINT('',#4894);
#2105=VERTEX_POINT('',#4896);
#2106=VERTEX_POINT('',#4898);
#2107=VERTEX_POINT('',#4900);
#2108=VERTEX_POINT('',#4902);
#2109=VERTEX_POINT('',#4904);
#2110=VERTEX_POINT('',#4906);
#2111=VERTEX_POINT('',#4909);
#2112=VERTEX_POINT('',#4910);
#2113=VERTEX_POINT('',#4912);
#2114=VERTEX_POINT('',#4914);
#2115=VERTEX_POINT('',#4916);
#2116=VERTEX_POINT('',#4918);
#2117=VERTEX_POINT('',#4920);
#2118=VERTEX_POINT('',#4922);
#2119=VERTEX_POINT('',#4925);
#2120=VERTEX_POINT('',#4927);
#2121=VERTEX_POINT('',#4929);
#2122=VERTEX_POINT('',#4931);
#2123=VERTEX_POINT('',#4932);
#2124=VERTEX_POINT('',#4934);
#2125=VERTEX_POINT('',#4936);
#2126=VERTEX_POINT('',#4940);
#2127=VERTEX_POINT('',#4941);
#2128=VERTEX_POINT('',#4943);
#2129=VERTEX_POINT('',#4945);
#2130=VERTEX_POINT('',#4947);
#2131=VERTEX_POINT('',#4949);
#2132=VERTEX_POINT('',#4951);
#2133=VERTEX_POINT('',#4953);
#2134=VERTEX_POINT('',#4956);
#2135=VERTEX_POINT('',#4957);
#2136=VERTEX_POINT('',#4959);
#2137=VERTEX_POINT('',#4961);
#2138=VERTEX_POINT('',#4963);
#2139=VERTEX_POINT('',#4965);
#2140=VERTEX_POINT('',#4967);
#2141=VERTEX_POINT('',#4969);
#2142=VERTEX_POINT('',#4972);
#2143=VERTEX_POINT('',#4974);
#2144=VERTEX_POINT('',#4976);
#2145=VERTEX_POINT('',#4978);
#2146=VERTEX_POINT('',#4979);
#2147=VERTEX_POINT('',#4981);
#2148=VERTEX_POINT('',#4983);
#2149=VERTEX_POINT('',#4987);
#2150=VERTEX_POINT('',#4988);
#2151=VERTEX_POINT('',#4990);
#2152=VERTEX_POINT('',#4992);
#2153=VERTEX_POINT('',#4994);
#2154=VERTEX_POINT('',#4996);
#2155=VERTEX_POINT('',#4998);
#2156=VERTEX_POINT('',#5000);
#2157=VERTEX_POINT('',#5003);
#2158=VERTEX_POINT('',#5004);
#2159=VERTEX_POINT('',#5006);
#2160=VERTEX_POINT('',#5008);
#2161=VERTEX_POINT('',#5010);
#2162=VERTEX_POINT('',#5012);
#2163=VERTEX_POINT('',#5014);
#2164=VERTEX_POINT('',#5016);
#2165=VERTEX_POINT('',#5019);
#2166=VERTEX_POINT('',#5021);
#2167=VERTEX_POINT('',#5023);
#2168=VERTEX_POINT('',#5025);
#2169=VERTEX_POINT('',#5026);
#2170=VERTEX_POINT('',#5028);
#2171=VERTEX_POINT('',#5030);
#2172=VERTEX_POINT('',#5034);
#2173=VERTEX_POINT('',#5035);
#2174=VERTEX_POINT('',#5037);
#2175=VERTEX_POINT('',#5039);
#2176=VERTEX_POINT('',#5041);
#2177=VERTEX_POINT('',#5043);
#2178=VERTEX_POINT('',#5045);
#2179=VERTEX_POINT('',#5047);
#2180=VERTEX_POINT('',#5050);
#2181=VERTEX_POINT('',#5051);
#2182=VERTEX_POINT('',#5053);
#2183=VERTEX_POINT('',#5055);
#2184=VERTEX_POINT('',#5057);
#2185=VERTEX_POINT('',#5059);
#2186=VERTEX_POINT('',#5061);
#2187=VERTEX_POINT('',#5063);
#2188=VERTEX_POINT('',#5066);
#2189=VERTEX_POINT('',#5067);
#2190=VERTEX_POINT('',#5069);
#2191=VERTEX_POINT('',#5071);
#2192=VERTEX_POINT('',#5073);
#2193=VERTEX_POINT('',#5076);
#2194=VERTEX_POINT('',#5079);
#2195=VERTEX_POINT('',#5081);
#2196=VERTEX_POINT('',#5083);
#2197=VERTEX_POINT('',#5086);
#2198=VERTEX_POINT('',#5087);
#2199=VERTEX_POINT('',#5089);
#2200=VERTEX_POINT('',#5091);
#2201=VERTEX_POINT('',#5093);
#2202=VERTEX_POINT('',#5095);
#2203=VERTEX_POINT('',#5097);
#2204=VERTEX_POINT('',#5099);
#2205=VERTEX_POINT('',#5102);
#2206=VERTEX_POINT('',#5103);
#2207=VERTEX_POINT('',#5105);
#2208=VERTEX_POINT('',#5107);
#2209=VERTEX_POINT('',#5109);
#2210=VERTEX_POINT('',#5111);
#2211=VERTEX_POINT('',#5113);
#2212=VERTEX_POINT('',#5115);
#2213=VERTEX_POINT('',#5118);
#2214=VERTEX_POINT('',#5120);
#2215=VERTEX_POINT('',#5121);
#2216=VERTEX_POINT('',#5123);
#2217=VERTEX_POINT('',#5125);
#2218=VERTEX_POINT('',#5127);
#2219=VERTEX_POINT('',#5130);
#2220=VERTEX_POINT('',#5133);
#2221=VERTEX_POINT('',#5135);
#2222=VERTEX_POINT('',#5138);
#2223=VERTEX_POINT('',#5139);
#2224=VERTEX_POINT('',#5141);
#2225=VERTEX_POINT('',#5143);
#2226=VERTEX_POINT('',#5145);
#2227=VERTEX_POINT('',#5147);
#2228=VERTEX_POINT('',#5149);
#2229=VERTEX_POINT('',#5151);
#2230=VERTEX_POINT('',#5154);
#2231=VERTEX_POINT('',#5155);
#2232=VERTEX_POINT('',#5157);
#2233=VERTEX_POINT('',#5159);
#2234=VERTEX_POINT('',#5161);
#2235=VERTEX_POINT('',#5163);
#2236=VERTEX_POINT('',#5165);
#2237=VERTEX_POINT('',#5167);
#2238=VERTEX_POINT('',#5170);
#2239=VERTEX_POINT('',#5172);
#2240=VERTEX_POINT('',#5173);
#2241=VERTEX_POINT('',#5175);
#2242=VERTEX_POINT('',#5177);
#2243=VERTEX_POINT('',#5179);
#2244=VERTEX_POINT('',#5182);
#2245=VERTEX_POINT('',#5185);
#2246=VERTEX_POINT('',#5187);
#2247=VERTEX_POINT('',#5190);
#2248=VERTEX_POINT('',#5191);
#2249=VERTEX_POINT('',#5193);
#2250=VERTEX_POINT('',#5195);
#2251=VERTEX_POINT('',#5197);
#2252=VERTEX_POINT('',#5199);
#2253=VERTEX_POINT('',#5201);
#2254=VERTEX_POINT('',#5203);
#2255=VERTEX_POINT('',#5206);
#2256=VERTEX_POINT('',#5207);
#2257=VERTEX_POINT('',#5209);
#2258=VERTEX_POINT('',#5211);
#2259=VERTEX_POINT('',#5213);
#2260=VERTEX_POINT('',#5215);
#2261=VERTEX_POINT('',#5217);
#2262=VERTEX_POINT('',#5219);
#2263=VERTEX_POINT('',#5222);
#2264=VERTEX_POINT('',#5223);
#2265=VERTEX_POINT('',#5225);
#2266=VERTEX_POINT('',#5227);
#2267=VERTEX_POINT('',#5229);
#2268=VERTEX_POINT('',#5232);
#2269=VERTEX_POINT('',#5235);
#2270=VERTEX_POINT('',#5237);
#2271=VERTEX_POINT('',#5239);
#2272=VERTEX_POINT('',#5243);
#2273=VERTEX_POINT('',#5245);
#2274=VERTEX_POINT('',#5247);
#2275=VERTEX_POINT('',#5249);
#2276=VERTEX_POINT('',#5251);
#2277=VERTEX_POINT('',#5253);
#2278=VERTEX_POINT('',#5255);
#2279=VERTEX_POINT('',#5257);
#2280=VERTEX_POINT('',#5259);
#2281=VERTEX_POINT('',#5261);
#2282=VERTEX_POINT('',#5265);
#2283=VERTEX_POINT('',#5267);
#2284=VERTEX_POINT('',#5269);
#2285=VERTEX_POINT('',#5271);
#2286=VERTEX_POINT('',#5273);
#2287=VERTEX_POINT('',#5275);
#2288=VERTEX_POINT('',#5277);
#2289=VERTEX_POINT('',#5279);
#2290=VERTEX_POINT('',#5281);
#2291=VERTEX_POINT('',#5283);
#2292=VERTEX_POINT('',#5287);
#2293=VERTEX_POINT('',#5289);
#2294=VERTEX_POINT('',#5291);
#2295=VERTEX_POINT('',#5293);
#2296=VERTEX_POINT('',#5295);
#2297=VERTEX_POINT('',#5297);
#2298=VERTEX_POINT('',#5299);
#2299=VERTEX_POINT('',#5301);
#2300=VERTEX_POINT('',#5303);
#2301=VERTEX_POINT('',#5305);
#2302=VERTEX_POINT('',#5309);
#2303=VERTEX_POINT('',#5311);
#2304=VERTEX_POINT('',#5313);
#2305=VERTEX_POINT('',#5315);
#2306=VERTEX_POINT('',#5317);
#2307=VERTEX_POINT('',#5319);
#2308=VERTEX_POINT('',#5321);
#2309=VERTEX_POINT('',#5323);
#2310=VERTEX_POINT('',#5325);
#2311=VERTEX_POINT('',#5327);
#2312=VERTEX_POINT('',#5330);
#2313=VERTEX_POINT('',#5332);
#2314=VERTEX_POINT('',#5334);
#2315=VERTEX_POINT('',#5336);
#2316=VERTEX_POINT('',#5338);
#2317=CIRCLE('',#3256,0.2);
#2318=CIRCLE('',#3257,0.2);
#2319=CIRCLE('',#3258,0.2);
#2320=CIRCLE('',#3259,0.2);
#2321=CIRCLE('',#3260,0.21);
#2322=CIRCLE('',#3261,0.66);
#2323=CIRCLE('',#3262,0.21);
#2324=CIRCLE('',#3263,0.21);
#2325=CIRCLE('',#3264,0.66);
#2326=CIRCLE('',#3265,0.21);
#2327=CIRCLE('',#3266,0.21);
#2328=CIRCLE('',#3267,0.66);
#2329=CIRCLE('',#3268,0.21);
#2330=CIRCLE('',#3269,0.21);
#2331=CIRCLE('',#3270,0.21);
#2332=CIRCLE('',#3271,0.21);
#2333=CIRCLE('',#3272,0.21);
#2334=CIRCLE('',#3273,0.21);
#2335=CIRCLE('',#3274,0.21);
#2336=CIRCLE('',#3275,0.66);
#2337=CIRCLE('',#3276,0.21);
#2338=CIRCLE('',#3277,0.21);
#2339=CIRCLE('',#3278,0.66);
#2340=CIRCLE('',#3279,0.21);
#2341=CIRCLE('',#3280,0.21);
#2342=CIRCLE('',#3281,0.66);
#2343=CIRCLE('',#3282,0.21);
#2344=CIRCLE('',#3283,0.21);
#2345=CIRCLE('',#3284,0.66);
#2346=CIRCLE('',#3285,0.21);
#2347=CIRCLE('',#3286,0.21);
#2348=CIRCLE('',#3287,0.66);
#2349=CIRCLE('',#3288,0.21);
#2350=CIRCLE('',#3289,0.21);
#2351=CIRCLE('',#3290,0.66);
#2352=CIRCLE('',#3291,0.21);
#2353=CIRCLE('',#3292,0.21);
#2354=CIRCLE('',#3293,0.21);
#2355=CIRCLE('',#3294,0.66);
#2356=CIRCLE('',#3295,0.21);
#2357=CIRCLE('',#3296,0.21);
#2358=CIRCLE('',#3297,0.66);
#2359=CIRCLE('',#3298,0.21);
#2360=CIRCLE('',#3299,0.21);
#2361=CIRCLE('',#3300,0.66);
#2362=CIRCLE('',#3302,0.35);
#2363=CIRCLE('',#3303,0.35);
#2364=CIRCLE('',#3304,0.35);
#2365=CIRCLE('',#3305,0.35);
#2366=CIRCLE('',#3306,0.2);
#2367=CIRCLE('',#3307,0.2);
#2368=CIRCLE('',#3308,0.2);
#2369=CIRCLE('',#3309,0.2);
#2370=CIRCLE('',#3311,0.22606);
#2371=CIRCLE('',#3312,0.22606);
#2372=CIRCLE('',#3313,0.41);
#2373=CIRCLE('',#3314,0.22606);
#2374=CIRCLE('',#3315,0.22606);
#2375=CIRCLE('',#3316,0.41);
#2376=CIRCLE('',#3317,0.22606);
#2377=CIRCLE('',#3318,0.22606);
#2378=CIRCLE('',#3319,0.41);
#2379=CIRCLE('',#3320,0.22606);
#2380=CIRCLE('',#3321,0.22606);
#2381=CIRCLE('',#3322,0.41);
#2382=CIRCLE('',#3323,0.21);
#2383=CIRCLE('',#3324,0.21);
#2384=CIRCLE('',#3325,0.21);
#2385=CIRCLE('',#3327,0.22606);
#2386=CIRCLE('',#3328,0.41);
#2387=CIRCLE('',#3329,0.22606);
#2388=CIRCLE('',#3330,0.22606);
#2389=CIRCLE('',#3331,0.41);
#2390=CIRCLE('',#3332,0.22606);
#2391=CIRCLE('',#3333,0.22606);
#2392=CIRCLE('',#3334,0.41);
#2393=CIRCLE('',#3335,0.22606);
#2394=CIRCLE('',#3336,0.22606);
#2395=CIRCLE('',#3337,0.41);
#2396=CIRCLE('',#3338,0.22606);
#2397=CIRCLE('',#3339,0.21);
#2398=CIRCLE('',#3340,0.21);
#2399=CIRCLE('',#3341,0.21);
#2400=CIRCLE('',#3343,0.22606);
#2401=CIRCLE('',#3344,0.41);
#2402=CIRCLE('',#3345,0.22606);
#2403=CIRCLE('',#3346,0.22606);
#2404=CIRCLE('',#3347,0.41);
#2405=CIRCLE('',#3348,0.22606);
#2406=CIRCLE('',#3349,0.22606);
#2407=CIRCLE('',#3350,0.41);
#2408=CIRCLE('',#3351,0.22606);
#2409=CIRCLE('',#3352,0.22606);
#2410=CIRCLE('',#3353,0.41);
#2411=CIRCLE('',#3354,0.22606);
#2412=CIRCLE('',#3355,0.21);
#2413=CIRCLE('',#3356,0.21);
#2414=CIRCLE('',#3357,0.21);
#2415=CIRCLE('',#3359,0.22606);
#2416=CIRCLE('',#3360,0.22606);
#2417=CIRCLE('',#3361,0.41);
#2418=CIRCLE('',#3362,0.22606);
#2419=CIRCLE('',#3363,0.22606);
#2420=CIRCLE('',#3364,0.41);
#2421=CIRCLE('',#3365,0.22606);
#2422=CIRCLE('',#3366,0.22606);
#2423=CIRCLE('',#3367,0.41);
#2424=CIRCLE('',#3368,0.22606);
#2425=CIRCLE('',#3369,0.22606);
#2426=CIRCLE('',#3370,0.41);
#2427=CIRCLE('',#3371,0.21);
#2428=CIRCLE('',#3372,0.21);
#2429=CIRCLE('',#3373,0.21);
#2430=CIRCLE('',#3375,0.41);
#2431=CIRCLE('',#3376,0.22606);
#2432=CIRCLE('',#3377,0.22606);
#2433=CIRCLE('',#3378,0.41);
#2434=CIRCLE('',#3379,0.22606);
#2435=CIRCLE('',#3380,0.22606);
#2436=CIRCLE('',#3381,0.41);
#2437=CIRCLE('',#3382,0.22606);
#2438=CIRCLE('',#3383,0.22606);
#2439=CIRCLE('',#3384,0.41);
#2440=CIRCLE('',#3385,0.22606);
#2441=CIRCLE('',#3386,0.22606);
#2442=CIRCLE('',#3387,0.21);
#2443=CIRCLE('',#3388,0.21);
#2444=CIRCLE('',#3389,0.21);
#2445=CIRCLE('',#3391,0.22606);
#2446=CIRCLE('',#3392,0.41);
#2447=CIRCLE('',#3393,0.22606);
#2448=CIRCLE('',#3394,0.22606);
#2449=CIRCLE('',#3395,0.41);
#2450=CIRCLE('',#3396,0.22606);
#2451=CIRCLE('',#3397,0.22606);
#2452=CIRCLE('',#3398,0.41);
#2453=CIRCLE('',#3399,0.22606);
#2454=CIRCLE('',#3400,0.22606);
#2455=CIRCLE('',#3401,0.41);
#2456=CIRCLE('',#3402,0.22606);
#2457=CIRCLE('',#3403,0.21);
#2458=CIRCLE('',#3404,0.21);
#2459=CIRCLE('',#3405,0.21);
#2460=CIRCLE('',#3407,0.41);
#2461=CIRCLE('',#3408,0.22606);
#2462=CIRCLE('',#3409,0.22606);
#2463=CIRCLE('',#3410,0.41);
#2464=CIRCLE('',#3411,0.22606);
#2465=CIRCLE('',#3412,0.22606);
#2466=CIRCLE('',#3413,0.41);
#2467=CIRCLE('',#3414,0.22606);
#2468=CIRCLE('',#3415,0.22606);
#2469=CIRCLE('',#3416,0.41);
#2470=CIRCLE('',#3417,0.22606);
#2471=CIRCLE('',#3418,0.22606);
#2472=CIRCLE('',#3419,0.21);
#2473=CIRCLE('',#3420,0.21);
#2474=CIRCLE('',#3421,0.21);
#2475=CIRCLE('',#3423,0.22606);
#2476=CIRCLE('',#3424,0.41);
#2477=CIRCLE('',#3425,0.22606);
#2478=CIRCLE('',#3426,0.22606);
#2479=CIRCLE('',#3427,0.41);
#2480=CIRCLE('',#3428,0.22606);
#2481=CIRCLE('',#3429,0.22606);
#2482=CIRCLE('',#3430,0.41);
#2483=CIRCLE('',#3431,0.22606);
#2484=CIRCLE('',#3432,0.22606);
#2485=CIRCLE('',#3433,0.41);
#2486=CIRCLE('',#3434,0.22606);
#2487=CIRCLE('',#3435,0.21);
#2488=CIRCLE('',#3436,0.21);
#2489=CIRCLE('',#3437,0.21);
#2490=CIRCLE('',#3439,0.3);
#2491=CIRCLE('',#3440,0.21);
#2492=CIRCLE('',#3441,0.66);
#2493=CIRCLE('',#3442,0.21);
#2494=CIRCLE('',#3443,0.21);
#2495=CIRCLE('',#3444,0.66);
#2496=CIRCLE('',#3445,0.21);
#2497=CIRCLE('',#3446,0.21);
#2498=CIRCLE('',#3447,0.66);
#2499=CIRCLE('',#3448,0.21);
#2500=CIRCLE('',#3449,0.3);
#2501=CIRCLE('',#3450,0.21);
#2502=CIRCLE('',#3451,0.66);
#2503=CIRCLE('',#3452,0.21);
#2504=CIRCLE('',#3453,0.21);
#2505=CIRCLE('',#3454,0.66);
#2506=CIRCLE('',#3455,0.21);
#2507=CIRCLE('',#3456,0.21);
#2508=CIRCLE('',#3457,0.66);
#2509=CIRCLE('',#3458,0.21);
#2510=CIRCLE('',#3459,0.3);
#2511=CIRCLE('',#3460,0.21);
#2512=CIRCLE('',#3461,0.66);
#2513=CIRCLE('',#3462,0.21);
#2514=CIRCLE('',#3463,0.21);
#2515=CIRCLE('',#3464,0.66);
#2516=CIRCLE('',#3465,0.21);
#2517=CIRCLE('',#3466,0.21);
#2518=CIRCLE('',#3467,0.66);
#2519=CIRCLE('',#3468,0.21);
#2520=CIRCLE('',#3469,0.3);
#2521=CIRCLE('',#3470,0.21);
#2522=CIRCLE('',#3471,0.66);
#2523=CIRCLE('',#3472,0.21);
#2524=CIRCLE('',#3473,0.21);
#2525=CIRCLE('',#3474,0.66);
#2526=CIRCLE('',#3475,0.21);
#2527=CIRCLE('',#3476,0.21);
#2528=CIRCLE('',#3477,0.66);
#2529=CIRCLE('',#3478,0.21);
#2530=CIRCLE('',#3479,0.21);
#2531=CIRCLE('',#3480,0.21);
#2532=CIRCLE('',#3481,0.21);
#2533=CIRCLE('',#3482,0.21);
#2534=CIRCLE('',#3483,0.21);
#2535=CIRCLE('',#3546,0.25);
#2536=CIRCLE('',#3547,0.25);
#2537=CIRCLE('',#3549,0.25);
#2538=CIRCLE('',#3550,0.25);
#2539=CIRCLE('',#3552,0.25);
#2540=CIRCLE('',#3553,0.25);
#2541=CIRCLE('',#3555,0.25);
#2542=CIRCLE('',#3556,0.25);
#2543=CIRCLE('',#3558,0.3);
#2544=CIRCLE('',#3560,0.3);
#2545=CIRCLE('',#3562,0.3);
#2546=CIRCLE('',#3564,0.3);
#2547=EDGE_LOOP('',(#605,#606,#607,#608,#609,#610,#611,#612));
#2548=EDGE_LOOP('',(#613,#614,#615,#616,#617,#618,#619,#620,#621,#622,#623,
#624));
#2549=EDGE_LOOP('',(#625));
#2550=EDGE_LOOP('',(#626));
#2551=EDGE_LOOP('',(#627));
#2552=EDGE_LOOP('',(#628));
#2553=EDGE_LOOP('',(#629));
#2554=EDGE_LOOP('',(#630,#631,#632,#633,#634,#635,#636,#637,#638,#639,#640,
#641));
#2555=EDGE_LOOP('',(#642,#643,#644,#645,#646,#647,#648,#649,#650,#651,#652,
#653));
#2556=EDGE_LOOP('',(#654,#655,#656,#657,#658,#659,#660,#661,#662,#663,#664,
#665));
#2557=EDGE_LOOP('',(#666,#667,#668,#669,#670,#671,#672,#673));
#2558=EDGE_LOOP('',(#674,#675,#676,#677,#678,#679,#680,#681));
#2559=EDGE_LOOP('',(#682,#683,#684,#685,#686,#687,#688,#689));
#2560=EDGE_LOOP('',(#690,#691,#692,#693,#694,#695,#696,#697));
#2561=EDGE_LOOP('',(#698));
#2562=EDGE_LOOP('',(#699));
#2563=EDGE_LOOP('',(#700));
#2564=EDGE_LOOP('',(#701,#702,#703,#704));
#2565=EDGE_LOOP('',(#705,#706,#707,#708,#709,#710,#711,#712));
#2566=EDGE_LOOP('',(#713,#714,#715,#716,#717,#718,#719,#720));
#2567=EDGE_LOOP('',(#721));
#2568=EDGE_LOOP('',(#722));
#2569=EDGE_LOOP('',(#723));
#2570=EDGE_LOOP('',(#724,#725,#726,#727));
#2571=EDGE_LOOP('',(#728,#729,#730,#731,#732,#733,#734,#735));
#2572=EDGE_LOOP('',(#736,#737,#738,#739,#740,#741,#742,#743));
#2573=EDGE_LOOP('',(#744));
#2574=EDGE_LOOP('',(#745));
#2575=EDGE_LOOP('',(#746));
#2576=EDGE_LOOP('',(#747,#748,#749,#750));
#2577=EDGE_LOOP('',(#751,#752,#753,#754,#755,#756,#757,#758));
#2578=EDGE_LOOP('',(#759,#760,#761,#762,#763,#764,#765,#766));
#2579=EDGE_LOOP('',(#767));
#2580=EDGE_LOOP('',(#768));
#2581=EDGE_LOOP('',(#769));
#2582=EDGE_LOOP('',(#770,#771,#772,#773));
#2583=EDGE_LOOP('',(#774,#775,#776,#777,#778,#779,#780,#781));
#2584=EDGE_LOOP('',(#782,#783,#784,#785,#786,#787,#788,#789));
#2585=EDGE_LOOP('',(#790,#791,#792,#793,#794,#795,#796,#797));
#2586=EDGE_LOOP('',(#798));
#2587=EDGE_LOOP('',(#799));
#2588=EDGE_LOOP('',(#800));
#2589=EDGE_LOOP('',(#801,#802,#803,#804,#805,#806,#807,#808));
#2590=EDGE_LOOP('',(#809,#810,#811,#812,#813,#814,#815,#816));
#2591=EDGE_LOOP('',(#817));
#2592=EDGE_LOOP('',(#818,#819,#820,#821,#822,#823,#824,#825));
#2593=EDGE_LOOP('',(#826));
#2594=EDGE_LOOP('',(#827));
#2595=EDGE_LOOP('',(#828,#829,#830,#831,#832,#833,#834,#835));
#2596=EDGE_LOOP('',(#836,#837,#838,#839,#840,#841,#842,#843));
#2597=EDGE_LOOP('',(#844));
#2598=EDGE_LOOP('',(#845,#846,#847,#848,#849,#850,#851,#852));
#2599=EDGE_LOOP('',(#853));
#2600=EDGE_LOOP('',(#854));
#2601=EDGE_LOOP('',(#855,#856,#857,#858,#859,#860,#861,#862));
#2602=EDGE_LOOP('',(#863,#864,#865,#866,#867,#868,#869,#870));
#2603=EDGE_LOOP('',(#871,#872,#873,#874,#875,#876,#877,#878));
#2604=EDGE_LOOP('',(#879));
#2605=EDGE_LOOP('',(#880));
#2606=EDGE_LOOP('',(#881));
#2607=EDGE_LOOP('',(#882,#883,#884,#885,#886,#887,#888,#889,#890,#891,#892,
#893,#894,#895,#896,#897,#898,#899,#900,#901,#902,#903,#904,#905,#906,#907,
#908,#909,#910,#911,#912,#913,#914,#915,#916,#917,#918,#919,#920,#921,#922,
#923,#924,#925,#926,#927,#928,#929,#930,#931,#932,#933,#934,#935,#936,#937));
#2608=EDGE_LOOP('',(#938));
#2609=EDGE_LOOP('',(#939));
#2610=EDGE_LOOP('',(#940));
#2611=EDGE_LOOP('',(#941));
#2612=EDGE_LOOP('',(#942));
#2613=EDGE_LOOP('',(#943));
#2614=EDGE_LOOP('',(#944));
#2615=EDGE_LOOP('',(#945));
#2616=EDGE_LOOP('',(#946));
#2617=EDGE_LOOP('',(#947));
#2618=EDGE_LOOP('',(#948));
#2619=EDGE_LOOP('',(#949));
#2620=EDGE_LOOP('',(#950));
#2621=EDGE_LOOP('',(#951));
#2622=EDGE_LOOP('',(#952));
#2623=EDGE_LOOP('',(#953));
#2624=EDGE_LOOP('',(#954));
#2625=EDGE_LOOP('',(#955));
#2626=EDGE_LOOP('',(#956));
#2627=EDGE_LOOP('',(#957));
#2628=EDGE_LOOP('',(#958));
#2629=EDGE_LOOP('',(#959));
#2630=EDGE_LOOP('',(#960));
#2631=EDGE_LOOP('',(#961));
#2632=EDGE_LOOP('',(#962));
#2633=EDGE_LOOP('',(#963));
#2634=EDGE_LOOP('',(#964));
#2635=EDGE_LOOP('',(#965));
#2636=EDGE_LOOP('',(#966));
#2637=EDGE_LOOP('',(#967));
#2638=EDGE_LOOP('',(#968));
#2639=EDGE_LOOP('',(#969));
#2640=EDGE_LOOP('',(#970));
#2641=EDGE_LOOP('',(#971));
#2642=EDGE_LOOP('',(#972));
#2643=EDGE_LOOP('',(#973));
#2644=EDGE_LOOP('',(#974));
#2645=EDGE_LOOP('',(#975));
#2646=EDGE_LOOP('',(#976));
#2647=EDGE_LOOP('',(#977,#978,#979,#980));
#2648=EDGE_LOOP('',(#981,#982,#983,#984));
#2649=EDGE_LOOP('',(#985,#986,#987,#988));
#2650=EDGE_LOOP('',(#989,#990,#991,#992));
#2651=EDGE_LOOP('',(#993,#994,#995,#996));
#2652=EDGE_LOOP('',(#997,#998,#999,#1000));
#2653=EDGE_LOOP('',(#1001,#1002,#1003,#1004));
#2654=EDGE_LOOP('',(#1005,#1006,#1007,#1008));
#2655=EDGE_LOOP('',(#1009,#1010,#1011,#1012));
#2656=EDGE_LOOP('',(#1013,#1014,#1015,#1016));
#2657=EDGE_LOOP('',(#1017,#1018,#1019,#1020));
#2658=EDGE_LOOP('',(#1021,#1022,#1023,#1024));
#2659=EDGE_LOOP('',(#1025,#1026,#1027,#1028));
#2660=EDGE_LOOP('',(#1029,#1030,#1031,#1032));
#2661=EDGE_LOOP('',(#1033,#1034,#1035,#1036));
#2662=EDGE_LOOP('',(#1037,#1038,#1039,#1040));
#2663=EDGE_LOOP('',(#1041,#1042,#1043,#1044));
#2664=EDGE_LOOP('',(#1045,#1046,#1047,#1048));
#2665=EDGE_LOOP('',(#1049,#1050,#1051,#1052));
#2666=EDGE_LOOP('',(#1053,#1054,#1055,#1056));
#2667=EDGE_LOOP('',(#1057,#1058,#1059,#1060));
#2668=EDGE_LOOP('',(#1061,#1062,#1063,#1064));
#2669=EDGE_LOOP('',(#1065,#1066,#1067,#1068));
#2670=EDGE_LOOP('',(#1069,#1070,#1071,#1072));
#2671=EDGE_LOOP('',(#1073,#1074,#1075,#1076));
#2672=EDGE_LOOP('',(#1077,#1078,#1079,#1080));
#2673=EDGE_LOOP('',(#1081,#1082,#1083,#1084));
#2674=EDGE_LOOP('',(#1085,#1086,#1087,#1088));
#2675=EDGE_LOOP('',(#1089,#1090,#1091,#1092));
#2676=EDGE_LOOP('',(#1093,#1094,#1095,#1096));
#2677=EDGE_LOOP('',(#1097,#1098,#1099,#1100));
#2678=EDGE_LOOP('',(#1101,#1102,#1103,#1104));
#2679=EDGE_LOOP('',(#1105,#1106,#1107,#1108));
#2680=EDGE_LOOP('',(#1109,#1110,#1111,#1112));
#2681=EDGE_LOOP('',(#1113,#1114,#1115,#1116));
#2682=EDGE_LOOP('',(#1117,#1118,#1119,#1120));
#2683=EDGE_LOOP('',(#1121,#1122,#1123,#1124));
#2684=EDGE_LOOP('',(#1125,#1126,#1127,#1128));
#2685=EDGE_LOOP('',(#1129,#1130,#1131,#1132));
#2686=EDGE_LOOP('',(#1133,#1134,#1135,#1136));
#2687=EDGE_LOOP('',(#1137,#1138,#1139,#1140));
#2688=EDGE_LOOP('',(#1141,#1142,#1143,#1144));
#2689=EDGE_LOOP('',(#1145,#1146,#1147,#1148));
#2690=EDGE_LOOP('',(#1149,#1150,#1151,#1152));
#2691=EDGE_LOOP('',(#1153,#1154,#1155,#1156));
#2692=EDGE_LOOP('',(#1157,#1158,#1159,#1160));
#2693=EDGE_LOOP('',(#1161,#1162,#1163,#1164));
#2694=EDGE_LOOP('',(#1165,#1166,#1167,#1168));
#2695=EDGE_LOOP('',(#1169,#1170,#1171,#1172));
#2696=EDGE_LOOP('',(#1173,#1174,#1175,#1176));
#2697=EDGE_LOOP('',(#1177,#1178,#1179,#1180));
#2698=EDGE_LOOP('',(#1181,#1182,#1183,#1184));
#2699=EDGE_LOOP('',(#1185,#1186,#1187,#1188));
#2700=EDGE_LOOP('',(#1189,#1190,#1191,#1192));
#2701=EDGE_LOOP('',(#1193,#1194,#1195,#1196));
#2702=EDGE_LOOP('',(#1197,#1198,#1199,#1200));
#2703=EDGE_LOOP('',(#1201,#1202,#1203,#1204));
#2704=EDGE_LOOP('',(#1205,#1206,#1207,#1208));
#2705=EDGE_LOOP('',(#1209,#1210,#1211,#1212));
#2706=EDGE_LOOP('',(#1213,#1214,#1215,#1216));
#2707=EDGE_LOOP('',(#1217,#1218,#1219,#1220));
#2708=EDGE_LOOP('',(#1221,#1222,#1223,#1224));
#2709=EDGE_LOOP('',(#1225,#1226,#1227,#1228));
#2710=EDGE_LOOP('',(#1229,#1230,#1231,#1232));
#2711=EDGE_LOOP('',(#1233,#1234,#1235,#1236));
#2712=EDGE_LOOP('',(#1237,#1238,#1239,#1240));
#2713=EDGE_LOOP('',(#1241,#1242,#1243,#1244));
#2714=EDGE_LOOP('',(#1245,#1246,#1247,#1248));
#2715=EDGE_LOOP('',(#1249,#1250,#1251,#1252));
#2716=EDGE_LOOP('',(#1253,#1254,#1255,#1256));
#2717=EDGE_LOOP('',(#1257,#1258,#1259,#1260));
#2718=EDGE_LOOP('',(#1261,#1262,#1263,#1264));
#2719=EDGE_LOOP('',(#1265,#1266,#1267,#1268));
#2720=EDGE_LOOP('',(#1269,#1270,#1271,#1272));
#2721=EDGE_LOOP('',(#1273,#1274,#1275,#1276));
#2722=EDGE_LOOP('',(#1277,#1278,#1279,#1280));
#2723=EDGE_LOOP('',(#1281,#1282,#1283,#1284));
#2724=EDGE_LOOP('',(#1285,#1286,#1287,#1288));
#2725=EDGE_LOOP('',(#1289,#1290,#1291,#1292));
#2726=EDGE_LOOP('',(#1293,#1294,#1295,#1296));
#2727=EDGE_LOOP('',(#1297,#1298,#1299,#1300));
#2728=EDGE_LOOP('',(#1301,#1302,#1303,#1304));
#2729=EDGE_LOOP('',(#1305,#1306,#1307,#1308));
#2730=EDGE_LOOP('',(#1309,#1310,#1311,#1312));
#2731=EDGE_LOOP('',(#1313,#1314,#1315,#1316));
#2732=EDGE_LOOP('',(#1317,#1318,#1319,#1320));
#2733=EDGE_LOOP('',(#1321,#1322,#1323,#1324));
#2734=EDGE_LOOP('',(#1325,#1326,#1327,#1328));
#2735=EDGE_LOOP('',(#1329,#1330,#1331,#1332));
#2736=EDGE_LOOP('',(#1333,#1334,#1335,#1336));
#2737=EDGE_LOOP('',(#1337,#1338,#1339,#1340));
#2738=EDGE_LOOP('',(#1341,#1342,#1343,#1344));
#2739=EDGE_LOOP('',(#1345,#1346,#1347,#1348));
#2740=EDGE_LOOP('',(#1349,#1350,#1351,#1352));
#2741=EDGE_LOOP('',(#1353,#1354,#1355,#1356));
#2742=EDGE_LOOP('',(#1357,#1358,#1359,#1360));
#2743=EDGE_LOOP('',(#1361,#1362,#1363,#1364));
#2744=EDGE_LOOP('',(#1365,#1366,#1367,#1368));
#2745=EDGE_LOOP('',(#1369,#1370,#1371,#1372));
#2746=EDGE_LOOP('',(#1373,#1374,#1375,#1376));
#2747=EDGE_LOOP('',(#1377,#1378,#1379,#1380));
#2748=EDGE_LOOP('',(#1381,#1382,#1383,#1384));
#2749=EDGE_LOOP('',(#1385,#1386,#1387,#1388));
#2750=EDGE_LOOP('',(#1389,#1390,#1391,#1392));
#2751=EDGE_LOOP('',(#1393,#1394,#1395,#1396));
#2752=EDGE_LOOP('',(#1397,#1398,#1399,#1400));
#2753=EDGE_LOOP('',(#1401,#1402,#1403,#1404));
#2754=EDGE_LOOP('',(#1405,#1406,#1407,#1408));
#2755=EDGE_LOOP('',(#1409,#1410,#1411,#1412));
#2756=EDGE_LOOP('',(#1413,#1414,#1415,#1416));
#2757=EDGE_LOOP('',(#1417,#1418,#1419,#1420));
#2758=EDGE_LOOP('',(#1421,#1422,#1423,#1424));
#2759=EDGE_LOOP('',(#1425,#1426,#1427,#1428));
#2760=EDGE_LOOP('',(#1429,#1430,#1431,#1432));
#2761=EDGE_LOOP('',(#1433,#1434,#1435,#1436));
#2762=EDGE_LOOP('',(#1437,#1438,#1439,#1440));
#2763=EDGE_LOOP('',(#1441,#1442,#1443,#1444));
#2764=EDGE_LOOP('',(#1445,#1446,#1447,#1448));
#2765=EDGE_LOOP('',(#1449,#1450,#1451,#1452));
#2766=EDGE_LOOP('',(#1453,#1454,#1455,#1456));
#2767=EDGE_LOOP('',(#1457,#1458,#1459,#1460));
#2768=EDGE_LOOP('',(#1461,#1462,#1463,#1464));
#2769=EDGE_LOOP('',(#1465,#1466,#1467,#1468));
#2770=EDGE_LOOP('',(#1469,#1470,#1471,#1472));
#2771=EDGE_LOOP('',(#1473,#1474,#1475,#1476));
#2772=EDGE_LOOP('',(#1477,#1478,#1479,#1480));
#2773=EDGE_LOOP('',(#1481,#1482,#1483,#1484));
#2774=EDGE_LOOP('',(#1485,#1486,#1487,#1488));
#2775=EDGE_LOOP('',(#1489,#1490,#1491,#1492));
#2776=EDGE_LOOP('',(#1493,#1494,#1495,#1496));
#2777=EDGE_LOOP('',(#1497,#1498,#1499,#1500));
#2778=EDGE_LOOP('',(#1501,#1502,#1503,#1504));
#2779=EDGE_LOOP('',(#1505,#1506,#1507,#1508));
#2780=EDGE_LOOP('',(#1509,#1510,#1511,#1512));
#2781=EDGE_LOOP('',(#1513,#1514,#1515,#1516));
#2782=EDGE_LOOP('',(#1517,#1518,#1519,#1520));
#2783=EDGE_LOOP('',(#1521,#1522,#1523,#1524));
#2784=EDGE_LOOP('',(#1525,#1526,#1527,#1528));
#2785=EDGE_LOOP('',(#1529,#1530,#1531,#1532));
#2786=EDGE_LOOP('',(#1533,#1534,#1535,#1536));
#2787=FACE_BOUND('',#2547,.T.);
#2788=FACE_BOUND('',#2548,.T.);
#2789=FACE_BOUND('',#2549,.T.);
#2790=FACE_BOUND('',#2550,.T.);
#2791=FACE_BOUND('',#2551,.T.);
#2792=FACE_BOUND('',#2552,.T.);
#2793=FACE_BOUND('',#2553,.T.);
#2794=FACE_BOUND('',#2554,.T.);
#2795=FACE_BOUND('',#2555,.T.);
#2796=FACE_BOUND('',#2556,.T.);
#2797=FACE_BOUND('',#2557,.T.);
#2798=FACE_BOUND('',#2558,.T.);
#2799=FACE_BOUND('',#2559,.T.);
#2800=FACE_BOUND('',#2560,.T.);
#2801=FACE_BOUND('',#2561,.T.);
#2802=FACE_BOUND('',#2562,.T.);
#2803=FACE_BOUND('',#2563,.T.);
#2804=FACE_BOUND('',#2564,.T.);
#2805=FACE_BOUND('',#2565,.T.);
#2806=FACE_BOUND('',#2566,.T.);
#2807=FACE_BOUND('',#2567,.T.);
#2808=FACE_BOUND('',#2568,.T.);
#2809=FACE_BOUND('',#2569,.T.);
#2810=FACE_BOUND('',#2570,.T.);
#2811=FACE_BOUND('',#2571,.T.);
#2812=FACE_BOUND('',#2572,.T.);
#2813=FACE_BOUND('',#2573,.T.);
#2814=FACE_BOUND('',#2574,.T.);
#2815=FACE_BOUND('',#2575,.T.);
#2816=FACE_BOUND('',#2576,.T.);
#2817=FACE_BOUND('',#2577,.T.);
#2818=FACE_BOUND('',#2578,.T.);
#2819=FACE_BOUND('',#2579,.T.);
#2820=FACE_BOUND('',#2580,.T.);
#2821=FACE_BOUND('',#2581,.T.);
#2822=FACE_BOUND('',#2582,.T.);
#2823=FACE_BOUND('',#2583,.T.);
#2824=FACE_BOUND('',#2584,.T.);
#2825=FACE_BOUND('',#2585,.T.);
#2826=FACE_BOUND('',#2586,.T.);
#2827=FACE_BOUND('',#2587,.T.);
#2828=FACE_BOUND('',#2588,.T.);
#2829=FACE_BOUND('',#2589,.T.);
#2830=FACE_BOUND('',#2590,.T.);
#2831=FACE_BOUND('',#2591,.T.);
#2832=FACE_BOUND('',#2592,.T.);
#2833=FACE_BOUND('',#2593,.T.);
#2834=FACE_BOUND('',#2594,.T.);
#2835=FACE_BOUND('',#2595,.T.);
#2836=FACE_BOUND('',#2596,.T.);
#2837=FACE_BOUND('',#2597,.T.);
#2838=FACE_BOUND('',#2598,.T.);
#2839=FACE_BOUND('',#2599,.T.);
#2840=FACE_BOUND('',#2600,.T.);
#2841=FACE_BOUND('',#2601,.T.);
#2842=FACE_BOUND('',#2602,.T.);
#2843=FACE_BOUND('',#2603,.T.);
#2844=FACE_BOUND('',#2604,.T.);
#2845=FACE_BOUND('',#2605,.T.);
#2846=FACE_BOUND('',#2606,.T.);
#2847=FACE_BOUND('',#2607,.T.);
#2848=FACE_BOUND('',#2608,.T.);
#2849=FACE_BOUND('',#2609,.T.);
#2850=FACE_BOUND('',#2610,.T.);
#2851=FACE_BOUND('',#2611,.T.);
#2852=FACE_BOUND('',#2612,.T.);
#2853=FACE_BOUND('',#2613,.T.);
#2854=FACE_BOUND('',#2614,.T.);
#2855=FACE_BOUND('',#2615,.T.);
#2856=FACE_BOUND('',#2616,.T.);
#2857=FACE_BOUND('',#2617,.T.);
#2858=FACE_BOUND('',#2618,.T.);
#2859=FACE_BOUND('',#2619,.T.);
#2860=FACE_BOUND('',#2620,.T.);
#2861=FACE_BOUND('',#2621,.T.);
#2862=FACE_BOUND('',#2622,.T.);
#2863=FACE_BOUND('',#2623,.T.);
#2864=FACE_BOUND('',#2624,.T.);
#2865=FACE_BOUND('',#2625,.T.);
#2866=FACE_BOUND('',#2626,.T.);
#2867=FACE_BOUND('',#2627,.T.);
#2868=FACE_BOUND('',#2628,.T.);
#2869=FACE_BOUND('',#2629,.T.);
#2870=FACE_BOUND('',#2630,.T.);
#2871=FACE_BOUND('',#2631,.T.);
#2872=FACE_BOUND('',#2632,.T.);
#2873=FACE_BOUND('',#2633,.T.);
#2874=FACE_BOUND('',#2634,.T.);
#2875=FACE_BOUND('',#2635,.T.);
#2876=FACE_BOUND('',#2636,.T.);
#2877=FACE_BOUND('',#2637,.T.);
#2878=FACE_BOUND('',#2638,.T.);
#2879=FACE_BOUND('',#2639,.T.);
#2880=FACE_BOUND('',#2640,.T.);
#2881=FACE_BOUND('',#2641,.T.);
#2882=FACE_BOUND('',#2642,.T.);
#2883=FACE_BOUND('',#2643,.T.);
#2884=FACE_BOUND('',#2644,.T.);
#2885=FACE_BOUND('',#2645,.T.);
#2886=FACE_BOUND('',#2646,.T.);
#2887=FACE_BOUND('',#2647,.T.);
#2888=FACE_BOUND('',#2648,.T.);
#2889=FACE_BOUND('',#2649,.T.);
#2890=FACE_BOUND('',#2650,.T.);
#2891=FACE_BOUND('',#2651,.T.);
#2892=FACE_BOUND('',#2652,.T.);
#2893=FACE_BOUND('',#2653,.T.);
#2894=FACE_BOUND('',#2654,.T.);
#2895=FACE_BOUND('',#2655,.T.);
#2896=FACE_BOUND('',#2656,.T.);
#2897=FACE_BOUND('',#2657,.T.);
#2898=FACE_BOUND('',#2658,.T.);
#2899=FACE_BOUND('',#2659,.T.);
#2900=FACE_BOUND('',#2660,.T.);
#2901=FACE_BOUND('',#2661,.T.);
#2902=FACE_BOUND('',#2662,.T.);
#2903=FACE_BOUND('',#2663,.T.);
#2904=FACE_BOUND('',#2664,.T.);
#2905=FACE_BOUND('',#2665,.T.);
#2906=FACE_BOUND('',#2666,.T.);
#2907=FACE_BOUND('',#2667,.T.);
#2908=FACE_BOUND('',#2668,.T.);
#2909=FACE_BOUND('',#2669,.T.);
#2910=FACE_BOUND('',#2670,.T.);
#2911=FACE_BOUND('',#2671,.T.);
#2912=FACE_BOUND('',#2672,.T.);
#2913=FACE_BOUND('',#2673,.T.);
#2914=FACE_BOUND('',#2674,.T.);
#2915=FACE_BOUND('',#2675,.T.);
#2916=FACE_BOUND('',#2676,.T.);
#2917=FACE_BOUND('',#2677,.T.);
#2918=FACE_BOUND('',#2678,.T.);
#2919=FACE_BOUND('',#2679,.T.);
#2920=FACE_BOUND('',#2680,.T.);
#2921=FACE_BOUND('',#2681,.T.);
#2922=FACE_BOUND('',#2682,.T.);
#2923=FACE_BOUND('',#2683,.T.);
#2924=FACE_BOUND('',#2684,.T.);
#2925=FACE_BOUND('',#2685,.T.);
#2926=FACE_BOUND('',#2686,.T.);
#2927=FACE_BOUND('',#2687,.T.);
#2928=FACE_BOUND('',#2688,.T.);
#2929=FACE_BOUND('',#2689,.T.);
#2930=FACE_BOUND('',#2690,.T.);
#2931=FACE_BOUND('',#2691,.T.);
#2932=FACE_BOUND('',#2692,.T.);
#2933=FACE_BOUND('',#2693,.T.);
#2934=FACE_BOUND('',#2694,.T.);
#2935=FACE_BOUND('',#2695,.T.);
#2936=FACE_BOUND('',#2696,.T.);
#2937=FACE_BOUND('',#2697,.T.);
#2938=FACE_BOUND('',#2698,.T.);
#2939=FACE_BOUND('',#2699,.T.);
#2940=FACE_BOUND('',#2700,.T.);
#2941=FACE_BOUND('',#2701,.T.);
#2942=FACE_BOUND('',#2702,.T.);
#2943=FACE_BOUND('',#2703,.T.);
#2944=FACE_BOUND('',#2704,.T.);
#2945=FACE_BOUND('',#2705,.T.);
#2946=FACE_BOUND('',#2706,.T.);
#2947=FACE_BOUND('',#2707,.T.);
#2948=FACE_BOUND('',#2708,.T.);
#2949=FACE_BOUND('',#2709,.T.);
#2950=FACE_BOUND('',#2710,.T.);
#2951=FACE_BOUND('',#2711,.T.);
#2952=FACE_BOUND('',#2712,.T.);
#2953=FACE_BOUND('',#2713,.T.);
#2954=FACE_BOUND('',#2714,.T.);
#2955=FACE_BOUND('',#2715,.T.);
#2956=FACE_BOUND('',#2716,.T.);
#2957=FACE_BOUND('',#2717,.T.);
#2958=FACE_BOUND('',#2718,.T.);
#2959=FACE_BOUND('',#2719,.T.);
#2960=FACE_BOUND('',#2720,.T.);
#2961=FACE_BOUND('',#2721,.T.);
#2962=FACE_BOUND('',#2722,.T.);
#2963=FACE_BOUND('',#2723,.T.);
#2964=FACE_BOUND('',#2724,.T.);
#2965=FACE_BOUND('',#2725,.T.);
#2966=FACE_BOUND('',#2726,.T.);
#2967=FACE_BOUND('',#2727,.T.);
#2968=FACE_BOUND('',#2728,.T.);
#2969=FACE_BOUND('',#2729,.T.);
#2970=FACE_BOUND('',#2730,.T.);
#2971=FACE_BOUND('',#2731,.T.);
#2972=FACE_BOUND('',#2732,.T.);
#2973=FACE_BOUND('',#2733,.T.);
#2974=FACE_BOUND('',#2734,.T.);
#2975=FACE_BOUND('',#2735,.T.);
#2976=FACE_BOUND('',#2736,.T.);
#2977=FACE_BOUND('',#2737,.T.);
#2978=FACE_BOUND('',#2738,.T.);
#2979=FACE_BOUND('',#2739,.T.);
#2980=FACE_BOUND('',#2740,.T.);
#2981=FACE_BOUND('',#2741,.T.);
#2982=FACE_BOUND('',#2742,.T.);
#2983=FACE_BOUND('',#2743,.T.);
#2984=FACE_BOUND('',#2744,.T.);
#2985=FACE_BOUND('',#2745,.T.);
#2986=FACE_BOUND('',#2746,.T.);
#2987=FACE_BOUND('',#2747,.T.);
#2988=FACE_BOUND('',#2748,.T.);
#2989=FACE_BOUND('',#2749,.T.);
#2990=FACE_BOUND('',#2750,.T.);
#2991=FACE_BOUND('',#2751,.T.);
#2992=FACE_BOUND('',#2752,.T.);
#2993=FACE_BOUND('',#2753,.T.);
#2994=FACE_BOUND('',#2754,.T.);
#2995=FACE_BOUND('',#2755,.T.);
#2996=FACE_BOUND('',#2756,.T.);
#2997=FACE_BOUND('',#2757,.T.);
#2998=FACE_BOUND('',#2758,.T.);
#2999=FACE_BOUND('',#2759,.T.);
#3000=FACE_BOUND('',#2760,.T.);
#3001=FACE_BOUND('',#2761,.T.);
#3002=FACE_BOUND('',#2762,.T.);
#3003=FACE_BOUND('',#2763,.T.);
#3004=FACE_BOUND('',#2764,.T.);
#3005=FACE_BOUND('',#2765,.T.);
#3006=FACE_BOUND('',#2766,.T.);
#3007=FACE_BOUND('',#2767,.T.);
#3008=FACE_BOUND('',#2768,.T.);
#3009=FACE_BOUND('',#2769,.T.);
#3010=FACE_BOUND('',#2770,.T.);
#3011=FACE_BOUND('',#2771,.T.);
#3012=FACE_BOUND('',#2772,.T.);
#3013=FACE_BOUND('',#2773,.T.);
#3014=FACE_BOUND('',#2774,.T.);
#3015=FACE_BOUND('',#2775,.T.);
#3016=FACE_BOUND('',#2776,.T.);
#3017=FACE_BOUND('',#2777,.T.);
#3018=FACE_BOUND('',#2778,.T.);
#3019=FACE_BOUND('',#2779,.T.);
#3020=FACE_BOUND('',#2780,.T.);
#3021=FACE_BOUND('',#2781,.T.);
#3022=FACE_BOUND('',#2782,.T.);
#3023=FACE_BOUND('',#2783,.T.);
#3024=FACE_BOUND('',#2784,.T.);
#3025=FACE_BOUND('',#2785,.T.);
#3026=FACE_BOUND('',#2786,.T.);
#3027=PLANE('',#3255);
#3028=PLANE('',#3301);
#3029=PLANE('',#3310);
#3030=PLANE('',#3326);
#3031=PLANE('',#3342);
#3032=PLANE('',#3358);
#3033=PLANE('',#3374);
#3034=PLANE('',#3390);
#3035=PLANE('',#3406);
#3036=PLANE('',#3422);
#3037=PLANE('',#3438);
#3038=PLANE('',#3502);
#3039=PLANE('',#3503);
#3040=PLANE('',#3514);
#3041=PLANE('',#3515);
#3042=PLANE('',#3523);
#3043=PLANE('',#3524);
#3044=PLANE('',#3534);
#3045=PLANE('',#3535);
#3046=PLANE('',#3565);
#3047=PLANE('',#3568);
#3048=PLANE('',#3569);
#3049=PLANE('',#3572);
#3050=PLANE('',#3573);
#3051=PLANE('',#3576);
#3052=PLANE('',#3577);
#3053=PLANE('',#3580);
#3054=PLANE('',#3581);
#3055=PLANE('',#3584);
#3056=PLANE('',#3585);
#3057=PLANE('',#3588);
#3058=PLANE('',#3591);
#3059=PLANE('',#3596);
#3060=PLANE('',#3599);
#3061=PLANE('',#3604);
#3062=PLANE('',#3605);
#3063=PLANE('',#3610);
#3064=PLANE('',#3613);
#3065=PLANE('',#3618);
#3066=PLANE('',#3623);
#3067=PLANE('',#3628);
#3068=PLANE('',#3631);
#3069=PLANE('',#3636);
#3070=PLANE('',#3637);
#3071=PLANE('',#3642);
#3072=PLANE('',#3645);
#3073=PLANE('',#3650);
#3074=ADVANCED_FACE('',(#2787,#2788,#2789,#2790,#2791,#2792,#2793,#2794,
#2795,#2796),#3027,.F.);
#3075=ADVANCED_FACE('',(#2797,#2798),#3028,.T.);
#3076=ADVANCED_FACE('',(#2799,#2800,#2801,#2802,#2803,#2804),#3029,.T.);
#3077=ADVANCED_FACE('',(#2805,#2806,#2807,#2808,#2809,#2810),#3030,.F.);
#3078=ADVANCED_FACE('',(#2811,#2812,#2813,#2814,#2815,#2816),#3031,.F.);
#3079=ADVANCED_FACE('',(#2817,#2818,#2819,#2820,#2821,#2822),#3032,.T.);
#3080=ADVANCED_FACE('',(#2823,#2824,#2825,#2826,#2827,#2828),#3033,.T.);
#3081=ADVANCED_FACE('',(#2829,#2830,#2831,#2832,#2833,#2834),#3034,.F.);
#3082=ADVANCED_FACE('',(#2835,#2836,#2837,#2838,#2839,#2840),#3035,.F.);
#3083=ADVANCED_FACE('',(#2841,#2842,#2843,#2844,#2845,#2846),#3036,.T.);
#3084=ADVANCED_FACE('',(#2847,#2848,#2849,#2850,#2851,#2852),#3037,.T.);
#3085=ADVANCED_FACE('',(#2853,#2854),#24,.F.);
#3086=ADVANCED_FACE('',(#2855,#2856),#25,.F.);
#3087=ADVANCED_FACE('',(#2857,#2858),#26,.F.);
#3088=ADVANCED_FACE('',(#2859,#2860),#27,.F.);
#3089=ADVANCED_FACE('',(#2861,#2862),#28,.F.);
#3090=ADVANCED_FACE('',(#2863,#2864),#29,.F.);
#3091=ADVANCED_FACE('',(#2865,#2866),#30,.F.);
#3092=ADVANCED_FACE('',(#2867,#2868),#31,.F.);
#3093=ADVANCED_FACE('',(#2869,#2870),#32,.F.);
#3094=ADVANCED_FACE('',(#2871,#2872),#33,.F.);
#3095=ADVANCED_FACE('',(#2873,#2874),#34,.F.);
#3096=ADVANCED_FACE('',(#2875,#2876),#35,.F.);
#3097=ADVANCED_FACE('',(#2877,#2878),#36,.F.);
#3098=ADVANCED_FACE('',(#2879,#2880),#37,.F.);
#3099=ADVANCED_FACE('',(#2881,#2882),#38,.F.);
#3100=ADVANCED_FACE('',(#2883,#2884),#39,.F.);
#3101=ADVANCED_FACE('',(#2885,#2886),#40,.F.);
#3102=ADVANCED_FACE('',(#2887),#41,.T.);
#3103=ADVANCED_FACE('',(#2888),#3038,.T.);
#3104=ADVANCED_FACE('',(#2889),#3039,.F.);
#3105=ADVANCED_FACE('',(#2890),#42,.T.);
#3106=ADVANCED_FACE('',(#2891),#43,.T.);
#3107=ADVANCED_FACE('',(#2892),#44,.F.);
#3108=ADVANCED_FACE('',(#2893),#45,.F.);
#3109=ADVANCED_FACE('',(#2894),#46,.F.);
#3110=ADVANCED_FACE('',(#2895),#47,.F.);
#3111=ADVANCED_FACE('',(#2896),#48,.F.);
#3112=ADVANCED_FACE('',(#2897),#49,.F.);
#3113=ADVANCED_FACE('',(#2898),#50,.T.);
#3114=ADVANCED_FACE('',(#2899),#51,.T.);
#3115=ADVANCED_FACE('',(#2900),#3040,.F.);
#3116=ADVANCED_FACE('',(#2901),#3041,.F.);
#3117=ADVANCED_FACE('',(#2902),#52,.T.);
#3118=ADVANCED_FACE('',(#2903),#53,.F.);
#3119=ADVANCED_FACE('',(#2904),#54,.F.);
#3120=ADVANCED_FACE('',(#2905),#55,.F.);
#3121=ADVANCED_FACE('',(#2906),#56,.F.);
#3122=ADVANCED_FACE('',(#2907),#57,.F.);
#3123=ADVANCED_FACE('',(#2908),#58,.F.);
#3124=ADVANCED_FACE('',(#2909),#3042,.T.);
#3125=ADVANCED_FACE('',(#2910),#3043,.T.);
#3126=ADVANCED_FACE('',(#2911),#59,.T.);
#3127=ADVANCED_FACE('',(#2912),#60,.T.);
#3128=ADVANCED_FACE('',(#2913),#61,.T.);
#3129=ADVANCED_FACE('',(#2914),#62,.F.);
#3130=ADVANCED_FACE('',(#2915),#63,.F.);
#3131=ADVANCED_FACE('',(#2916),#64,.F.);
#3132=ADVANCED_FACE('',(#2917),#65,.F.);
#3133=ADVANCED_FACE('',(#2918),#66,.F.);
#3134=ADVANCED_FACE('',(#2919),#67,.F.);
#3135=ADVANCED_FACE('',(#2920),#3044,.F.);
#3136=ADVANCED_FACE('',(#2921),#3045,.T.);
#3137=ADVANCED_FACE('',(#2922),#68,.T.);
#3138=ADVANCED_FACE('',(#2923),#69,.T.);
#3139=ADVANCED_FACE('',(#2924),#70,.T.);
#3140=ADVANCED_FACE('',(#2925),#71,.F.);
#3141=ADVANCED_FACE('',(#2926),#72,.F.);
#3142=ADVANCED_FACE('',(#2927),#73,.F.);
#3143=ADVANCED_FACE('',(#2928),#74,.F.);
#3144=ADVANCED_FACE('',(#2929),#75,.F.);
#3145=ADVANCED_FACE('',(#2930),#76,.F.);
#3146=ADVANCED_FACE('',(#2931),#77,.T.);
#3147=ADVANCED_FACE('',(#2932),#78,.T.);
#3148=ADVANCED_FACE('',(#2933),#79,.T.);
#3149=ADVANCED_FACE('',(#2934),#80,.T.);
#3150=ADVANCED_FACE('',(#2935),#81,.F.);
#3151=ADVANCED_FACE('',(#2936),#82,.F.);
#3152=ADVANCED_FACE('',(#2937),#83,.F.);
#3153=ADVANCED_FACE('',(#2938),#84,.F.);
#3154=ADVANCED_FACE('',(#2939),#3046,.F.);
#3155=ADVANCED_FACE('',(#2940),#12,.F.);
#3156=ADVANCED_FACE('',(#2941),#13,.F.);
#3157=ADVANCED_FACE('',(#2942),#3047,.T.);
#3158=ADVANCED_FACE('',(#2943),#3048,.F.);
#3159=ADVANCED_FACE('',(#2944),#14,.F.);
#3160=ADVANCED_FACE('',(#2945),#15,.F.);
#3161=ADVANCED_FACE('',(#2946),#3049,.T.);
#3162=ADVANCED_FACE('',(#2947),#3050,.F.);
#3163=ADVANCED_FACE('',(#2948),#16,.T.);
#3164=ADVANCED_FACE('',(#2949),#17,.T.);
#3165=ADVANCED_FACE('',(#2950),#3051,.T.);
#3166=ADVANCED_FACE('',(#2951),#3052,.F.);
#3167=ADVANCED_FACE('',(#2952),#18,.T.);
#3168=ADVANCED_FACE('',(#2953),#19,.T.);
#3169=ADVANCED_FACE('',(#2954),#3053,.T.);
#3170=ADVANCED_FACE('',(#2955),#3054,.T.);
#3171=ADVANCED_FACE('',(#2956),#20,.T.);
#3172=ADVANCED_FACE('',(#2957),#21,.T.);
#3173=ADVANCED_FACE('',(#2958),#3055,.F.);
#3174=ADVANCED_FACE('',(#2959),#3056,.T.);
#3175=ADVANCED_FACE('',(#2960),#22,.T.);
#3176=ADVANCED_FACE('',(#2961),#23,.T.);
#3177=ADVANCED_FACE('',(#2962),#3057,.F.);
#3178=ADVANCED_FACE('',(#2963),#85,.F.);
#3179=ADVANCED_FACE('',(#2964),#86,.F.);
#3180=ADVANCED_FACE('',(#2965),#3058,.T.);
#3181=ADVANCED_FACE('',(#2966),#87,.T.);
#3182=ADVANCED_FACE('',(#2967),#88,.T.);
#3183=ADVANCED_FACE('',(#2968),#89,.F.);
#3184=ADVANCED_FACE('',(#2969),#90,.F.);
#3185=ADVANCED_FACE('',(#2970),#3059,.F.);
#3186=ADVANCED_FACE('',(#2971),#91,.F.);
#3187=ADVANCED_FACE('',(#2972),#92,.F.);
#3188=ADVANCED_FACE('',(#2973),#3060,.T.);
#3189=ADVANCED_FACE('',(#2974),#93,.T.);
#3190=ADVANCED_FACE('',(#2975),#94,.T.);
#3191=ADVANCED_FACE('',(#2976),#95,.F.);
#3192=ADVANCED_FACE('',(#2977),#96,.F.);
#3193=ADVANCED_FACE('',(#2978),#3061,.F.);
#3194=ADVANCED_FACE('',(#2979),#3062,.F.);
#3195=ADVANCED_FACE('',(#2980),#97,.F.);
#3196=ADVANCED_FACE('',(#2981),#98,.F.);
#3197=ADVANCED_FACE('',(#2982),#99,.T.);
#3198=ADVANCED_FACE('',(#2983),#100,.T.);
#3199=ADVANCED_FACE('',(#2984),#3063,.T.);
#3200=ADVANCED_FACE('',(#2985),#101,.F.);
#3201=ADVANCED_FACE('',(#2986),#102,.F.);
#3202=ADVANCED_FACE('',(#2987),#3064,.F.);
#3203=ADVANCED_FACE('',(#2988),#103,.F.);
#3204=ADVANCED_FACE('',(#2989),#104,.F.);
#3205=ADVANCED_FACE('',(#2990),#105,.T.);
#3206=ADVANCED_FACE('',(#2991),#106,.T.);
#3207=ADVANCED_FACE('',(#2992),#3065,.T.);
#3208=ADVANCED_FACE('',(#2993),#107,.F.);
#3209=ADVANCED_FACE('',(#2994),#108,.F.);
#3210=ADVANCED_FACE('',(#2995),#109,.F.);
#3211=ADVANCED_FACE('',(#2996),#110,.F.);
#3212=ADVANCED_FACE('',(#2997),#3066,.T.);
#3213=ADVANCED_FACE('',(#2998),#111,.T.);
#3214=ADVANCED_FACE('',(#2999),#112,.T.);
#3215=ADVANCED_FACE('',(#3000),#113,.F.);
#3216=ADVANCED_FACE('',(#3001),#114,.F.);
#3217=ADVANCED_FACE('',(#3002),#3067,.F.);
#3218=ADVANCED_FACE('',(#3003),#115,.F.);
#3219=ADVANCED_FACE('',(#3004),#116,.F.);
#3220=ADVANCED_FACE('',(#3005),#3068,.T.);
#3221=ADVANCED_FACE('',(#3006),#117,.T.);
#3222=ADVANCED_FACE('',(#3007),#118,.T.);
#3223=ADVANCED_FACE('',(#3008),#119,.F.);
#3224=ADVANCED_FACE('',(#3009),#120,.F.);
#3225=ADVANCED_FACE('',(#3010),#3069,.F.);
#3226=ADVANCED_FACE('',(#3011),#3070,.F.);
#3227=ADVANCED_FACE('',(#3012),#121,.F.);
#3228=ADVANCED_FACE('',(#3013),#122,.F.);
#3229=ADVANCED_FACE('',(#3014),#123,.T.);
#3230=ADVANCED_FACE('',(#3015),#124,.T.);
#3231=ADVANCED_FACE('',(#3016),#3071,.T.);
#3232=ADVANCED_FACE('',(#3017),#125,.F.);
#3233=ADVANCED_FACE('',(#3018),#126,.F.);
#3234=ADVANCED_FACE('',(#3019),#3072,.F.);
#3235=ADVANCED_FACE('',(#3020),#127,.F.);
#3236=ADVANCED_FACE('',(#3021),#128,.F.);
#3237=ADVANCED_FACE('',(#3022),#129,.T.);
#3238=ADVANCED_FACE('',(#3023),#130,.T.);
#3239=ADVANCED_FACE('',(#3024),#3073,.T.);
#3240=ADVANCED_FACE('',(#3025),#131,.F.);
#3241=ADVANCED_FACE('',(#3026),#132,.F.);
#3242=CLOSED_SHELL('',(#3074,#3075,#3076,#3077,#3078,#3079,#3080,#3081,
#3082,#3083,#3084,#3085,#3086,#3087,#3088,#3089,#3090,#3091,#3092,#3093,
#3094,#3095,#3096,#3097,#3098,#3099,#3100,#3101,#3102,#3103,#3104,#3105,
#3106,#3107,#3108,#3109,#3110,#3111,#3112,#3113,#3114,#3115,#3116,#3117,
#3118,#3119,#3120,#3121,#3122,#3123,#3124,#3125,#3126,#3127,#3128,#3129,
#3130,#3131,#3132,#3133,#3134,#3135,#3136,#3137,#3138,#3139,#3140,#3141,
#3142,#3143,#3144,#3145,#3146,#3147,#3148,#3149,#3150,#3151,#3152,#3153,
#3154,#3155,#3156,#3157,#3158,#3159,#3160,#3161,#3162,#3163,#3164,#3165,
#3166,#3167,#3168,#3169,#3170,#3171,#3172,#3173,#3174,#3175,#3176,#3177,
#3178,#3179,#3180,#3181,#3182,#3183,#3184,#3185,#3186,#3187,#3188,#3189,
#3190,#3191,#3192,#3193,#3194,#3195,#3196,#3197,#3198,#3199,#3200,#3201,
#3202,#3203,#3204,#3205,#3206,#3207,#3208,#3209,#3210,#3211,#3212,#3213,
#3214,#3215,#3216,#3217,#3218,#3219,#3220,#3221,#3222,#3223,#3224,#3225,
#3226,#3227,#3228,#3229,#3230,#3231,#3232,#3233,#3234,#3235,#3236,#3237,
#3238,#3239,#3240,#3241));
#3243=STYLED_ITEM('',(#3244),#3251);
#3244=PRESENTATION_STYLE_ASSIGNMENT((#3245));
#3245=SURFACE_STYLE_USAGE(.BOTH.,#3246);
#3246=SURFACE_SIDE_STYLE('',(#3247));
#3247=SURFACE_STYLE_FILL_AREA(#3248);
#3248=FILL_AREA_STYLE('',(#3249));
#3249=FILL_AREA_STYLE_COLOUR('',#3250);
#3250=COLOUR_RGB('',0.901960784313726,0.901960784313726,0.901960784313726);
#3251=MANIFOLD_SOLID_BREP('\X2\65B97BA1585E\X0\-5050-2.0',#3242);
#3252=SHAPE_DEFINITION_REPRESENTATION(#5642,#3253);
#3253=SHAPE_REPRESENTATION('???-5050-2.0',(#3254),#5637);
#3254=AXIS2_PLACEMENT_3D('',#4687,#3653,#3654);
#3255=AXIS2_PLACEMENT_3D('',#4688,#3655,#3656);
#3256=AXIS2_PLACEMENT_3D('',#4689,#3657,#3658);
#3257=AXIS2_PLACEMENT_3D('',#4694,#3660,#3661);
#3258=AXIS2_PLACEMENT_3D('',#4698,#3663,#3664);
#3259=AXIS2_PLACEMENT_3D('',#4702,#3666,#3667);
#3260=AXIS2_PLACEMENT_3D('',#4708,#3670,#3671);
#3261=AXIS2_PLACEMENT_3D('',#4710,#3672,#3673);
#3262=AXIS2_PLACEMENT_3D('',#4712,#3674,#3675);
#3263=AXIS2_PLACEMENT_3D('',#4716,#3677,#3678);
#3264=AXIS2_PLACEMENT_3D('',#4718,#3679,#3680);
#3265=AXIS2_PLACEMENT_3D('',#4720,#3681,#3682);
#3266=AXIS2_PLACEMENT_3D('',#4724,#3684,#3685);
#3267=AXIS2_PLACEMENT_3D('',#4726,#3686,#3687);
#3268=AXIS2_PLACEMENT_3D('',#4728,#3688,#3689);
#3269=AXIS2_PLACEMENT_3D('',#4729,#3690,#3691);
#3270=AXIS2_PLACEMENT_3D('',#4731,#3692,#3693);
#3271=AXIS2_PLACEMENT_3D('',#4733,#3694,#3695);
#3272=AXIS2_PLACEMENT_3D('',#4735,#3696,#3697);
#3273=AXIS2_PLACEMENT_3D('',#4737,#3698,#3699);
#3274=AXIS2_PLACEMENT_3D('',#4742,#3701,#3702);
#3275=AXIS2_PLACEMENT_3D('',#4744,#3703,#3704);
#3276=AXIS2_PLACEMENT_3D('',#4746,#3705,#3706);
#3277=AXIS2_PLACEMENT_3D('',#4750,#3708,#3709);
#3278=AXIS2_PLACEMENT_3D('',#4752,#3710,#3711);
#3279=AXIS2_PLACEMENT_3D('',#4754,#3712,#3713);
#3280=AXIS2_PLACEMENT_3D('',#4758,#3715,#3716);
#3281=AXIS2_PLACEMENT_3D('',#4760,#3717,#3718);
#3282=AXIS2_PLACEMENT_3D('',#4762,#3719,#3720);
#3283=AXIS2_PLACEMENT_3D('',#4763,#3721,#3722);
#3284=AXIS2_PLACEMENT_3D('',#4766,#3723,#3724);
#3285=AXIS2_PLACEMENT_3D('',#4768,#3725,#3726);
#3286=AXIS2_PLACEMENT_3D('',#4772,#3728,#3729);
#3287=AXIS2_PLACEMENT_3D('',#4774,#3730,#3731);
#3288=AXIS2_PLACEMENT_3D('',#4776,#3732,#3733);
#3289=AXIS2_PLACEMENT_3D('',#4780,#3735,#3736);
#3290=AXIS2_PLACEMENT_3D('',#4782,#3737,#3738);
#3291=AXIS2_PLACEMENT_3D('',#4784,#3739,#3740);
#3292=AXIS2_PLACEMENT_3D('',#4787,#3742,#3743);
#3293=AXIS2_PLACEMENT_3D('',#4792,#3745,#3746);
#3294=AXIS2_PLACEMENT_3D('',#4794,#3747,#3748);
#3295=AXIS2_PLACEMENT_3D('',#4796,#3749,#3750);
#3296=AXIS2_PLACEMENT_3D('',#4800,#3752,#3753);
#3297=AXIS2_PLACEMENT_3D('',#4802,#3754,#3755);
#3298=AXIS2_PLACEMENT_3D('',#4804,#3756,#3757);
#3299=AXIS2_PLACEMENT_3D('',#4808,#3759,#3760);
#3300=AXIS2_PLACEMENT_3D('',#4810,#3761,#3762);
#3301=AXIS2_PLACEMENT_3D('',#4811,#3763,#3764);
#3302=AXIS2_PLACEMENT_3D('',#4812,#3765,#3766);
#3303=AXIS2_PLACEMENT_3D('',#4817,#3768,#3769);
#3304=AXIS2_PLACEMENT_3D('',#4821,#3771,#3772);
#3305=AXIS2_PLACEMENT_3D('',#4825,#3774,#3775);
#3306=AXIS2_PLACEMENT_3D('',#4828,#3777,#3778);
#3307=AXIS2_PLACEMENT_3D('',#4833,#3780,#3781);
#3308=AXIS2_PLACEMENT_3D('',#4837,#3783,#3784);
#3309=AXIS2_PLACEMENT_3D('',#4841,#3786,#3787);
#3310=AXIS2_PLACEMENT_3D('',#4844,#3789,#3790);
#3311=AXIS2_PLACEMENT_3D('',#4845,#3791,#3792);
#3312=AXIS2_PLACEMENT_3D('',#4850,#3794,#3795);
#3313=AXIS2_PLACEMENT_3D('',#4852,#3796,#3797);
#3314=AXIS2_PLACEMENT_3D('',#4854,#3798,#3799);
#3315=AXIS2_PLACEMENT_3D('',#4858,#3801,#3802);
#3316=AXIS2_PLACEMENT_3D('',#4860,#3803,#3804);
#3317=AXIS2_PLACEMENT_3D('',#4861,#3805,#3806);
#3318=AXIS2_PLACEMENT_3D('',#4866,#3808,#3809);
#3319=AXIS2_PLACEMENT_3D('',#4868,#3810,#3811);
#3320=AXIS2_PLACEMENT_3D('',#4870,#3812,#3813);
#3321=AXIS2_PLACEMENT_3D('',#4874,#3815,#3816);
#3322=AXIS2_PLACEMENT_3D('',#4876,#3817,#3818);
#3323=AXIS2_PLACEMENT_3D('',#4877,#3819,#3820);
#3324=AXIS2_PLACEMENT_3D('',#4879,#3821,#3822);
#3325=AXIS2_PLACEMENT_3D('',#4881,#3823,#3824);
#3326=AXIS2_PLACEMENT_3D('',#4891,#3829,#3830);
#3327=AXIS2_PLACEMENT_3D('',#4892,#3831,#3832);
#3328=AXIS2_PLACEMENT_3D('',#4895,#3833,#3834);
#3329=AXIS2_PLACEMENT_3D('',#4897,#3835,#3836);
#3330=AXIS2_PLACEMENT_3D('',#4901,#3838,#3839);
#3331=AXIS2_PLACEMENT_3D('',#4903,#3840,#3841);
#3332=AXIS2_PLACEMENT_3D('',#4905,#3842,#3843);
#3333=AXIS2_PLACEMENT_3D('',#4908,#3845,#3846);
#3334=AXIS2_PLACEMENT_3D('',#4911,#3847,#3848);
#3335=AXIS2_PLACEMENT_3D('',#4913,#3849,#3850);
#3336=AXIS2_PLACEMENT_3D('',#4917,#3852,#3853);
#3337=AXIS2_PLACEMENT_3D('',#4919,#3854,#3855);
#3338=AXIS2_PLACEMENT_3D('',#4921,#3856,#3857);
#3339=AXIS2_PLACEMENT_3D('',#4924,#3859,#3860);
#3340=AXIS2_PLACEMENT_3D('',#4926,#3861,#3862);
#3341=AXIS2_PLACEMENT_3D('',#4928,#3863,#3864);
#3342=AXIS2_PLACEMENT_3D('',#4938,#3869,#3870);
#3343=AXIS2_PLACEMENT_3D('',#4939,#3871,#3872);
#3344=AXIS2_PLACEMENT_3D('',#4942,#3873,#3874);
#3345=AXIS2_PLACEMENT_3D('',#4944,#3875,#3876);
#3346=AXIS2_PLACEMENT_3D('',#4948,#3878,#3879);
#3347=AXIS2_PLACEMENT_3D('',#4950,#3880,#3881);
#3348=AXIS2_PLACEMENT_3D('',#4952,#3882,#3883);
#3349=AXIS2_PLACEMENT_3D('',#4955,#3885,#3886);
#3350=AXIS2_PLACEMENT_3D('',#4958,#3887,#3888);
#3351=AXIS2_PLACEMENT_3D('',#4960,#3889,#3890);
#3352=AXIS2_PLACEMENT_3D('',#4964,#3892,#3893);
#3353=AXIS2_PLACEMENT_3D('',#4966,#3894,#3895);
#3354=AXIS2_PLACEMENT_3D('',#4968,#3896,#3897);
#3355=AXIS2_PLACEMENT_3D('',#4971,#3899,#3900);
#3356=AXIS2_PLACEMENT_3D('',#4973,#3901,#3902);
#3357=AXIS2_PLACEMENT_3D('',#4975,#3903,#3904);
#3358=AXIS2_PLACEMENT_3D('',#4985,#3909,#3910);
#3359=AXIS2_PLACEMENT_3D('',#4986,#3911,#3912);
#3360=AXIS2_PLACEMENT_3D('',#4991,#3914,#3915);
#3361=AXIS2_PLACEMENT_3D('',#4993,#3916,#3917);
#3362=AXIS2_PLACEMENT_3D('',#4995,#3918,#3919);
#3363=AXIS2_PLACEMENT_3D('',#4999,#3921,#3922);
#3364=AXIS2_PLACEMENT_3D('',#5001,#3923,#3924);
#3365=AXIS2_PLACEMENT_3D('',#5002,#3925,#3926);
#3366=AXIS2_PLACEMENT_3D('',#5007,#3928,#3929);
#3367=AXIS2_PLACEMENT_3D('',#5009,#3930,#3931);
#3368=AXIS2_PLACEMENT_3D('',#5011,#3932,#3933);
#3369=AXIS2_PLACEMENT_3D('',#5015,#3935,#3936);
#3370=AXIS2_PLACEMENT_3D('',#5017,#3937,#3938);
#3371=AXIS2_PLACEMENT_3D('',#5018,#3939,#3940);
#3372=AXIS2_PLACEMENT_3D('',#5020,#3941,#3942);
#3373=AXIS2_PLACEMENT_3D('',#5022,#3943,#3944);
#3374=AXIS2_PLACEMENT_3D('',#5032,#3949,#3950);
#3375=AXIS2_PLACEMENT_3D('',#5033,#3951,#3952);
#3376=AXIS2_PLACEMENT_3D('',#5036,#3953,#3954);
#3377=AXIS2_PLACEMENT_3D('',#5040,#3956,#3957);
#3378=AXIS2_PLACEMENT_3D('',#5042,#3958,#3959);
#3379=AXIS2_PLACEMENT_3D('',#5044,#3960,#3961);
#3380=AXIS2_PLACEMENT_3D('',#5048,#3963,#3964);
#3381=AXIS2_PLACEMENT_3D('',#5049,#3965,#3966);
#3382=AXIS2_PLACEMENT_3D('',#5052,#3967,#3968);
#3383=AXIS2_PLACEMENT_3D('',#5056,#3970,#3971);
#3384=AXIS2_PLACEMENT_3D('',#5058,#3972,#3973);
#3385=AXIS2_PLACEMENT_3D('',#5060,#3974,#3975);
#3386=AXIS2_PLACEMENT_3D('',#5064,#3977,#3978);
#3387=AXIS2_PLACEMENT_3D('',#5078,#3986,#3987);
#3388=AXIS2_PLACEMENT_3D('',#5080,#3988,#3989);
#3389=AXIS2_PLACEMENT_3D('',#5082,#3990,#3991);
#3390=AXIS2_PLACEMENT_3D('',#5084,#3992,#3993);
#3391=AXIS2_PLACEMENT_3D('',#5085,#3994,#3995);
#3392=AXIS2_PLACEMENT_3D('',#5088,#3996,#3997);
#3393=AXIS2_PLACEMENT_3D('',#5090,#3998,#3999);
#3394=AXIS2_PLACEMENT_3D('',#5094,#4001,#4002);
#3395=AXIS2_PLACEMENT_3D('',#5096,#4003,#4004);
#3396=AXIS2_PLACEMENT_3D('',#5098,#4005,#4006);
#3397=AXIS2_PLACEMENT_3D('',#5101,#4008,#4009);
#3398=AXIS2_PLACEMENT_3D('',#5104,#4010,#4011);
#3399=AXIS2_PLACEMENT_3D('',#5106,#4012,#4013);
#3400=AXIS2_PLACEMENT_3D('',#5110,#4015,#4016);
#3401=AXIS2_PLACEMENT_3D('',#5112,#4017,#4018);
#3402=AXIS2_PLACEMENT_3D('',#5114,#4019,#4020);
#3403=AXIS2_PLACEMENT_3D('',#5117,#4022,#4023);
#3404=AXIS2_PLACEMENT_3D('',#5132,#4031,#4032);
#3405=AXIS2_PLACEMENT_3D('',#5134,#4033,#4034);
#3406=AXIS2_PLACEMENT_3D('',#5136,#4035,#4036);
#3407=AXIS2_PLACEMENT_3D('',#5137,#4037,#4038);
#3408=AXIS2_PLACEMENT_3D('',#5140,#4039,#4040);
#3409=AXIS2_PLACEMENT_3D('',#5144,#4042,#4043);
#3410=AXIS2_PLACEMENT_3D('',#5146,#4044,#4045);
#3411=AXIS2_PLACEMENT_3D('',#5148,#4046,#4047);
#3412=AXIS2_PLACEMENT_3D('',#5152,#4049,#4050);
#3413=AXIS2_PLACEMENT_3D('',#5153,#4051,#4052);
#3414=AXIS2_PLACEMENT_3D('',#5156,#4053,#4054);
#3415=AXIS2_PLACEMENT_3D('',#5160,#4056,#4057);
#3416=AXIS2_PLACEMENT_3D('',#5162,#4058,#4059);
#3417=AXIS2_PLACEMENT_3D('',#5164,#4060,#4061);
#3418=AXIS2_PLACEMENT_3D('',#5168,#4063,#4064);
#3419=AXIS2_PLACEMENT_3D('',#5169,#4065,#4066);
#3420=AXIS2_PLACEMENT_3D('',#5184,#4074,#4075);
#3421=AXIS2_PLACEMENT_3D('',#5186,#4076,#4077);
#3422=AXIS2_PLACEMENT_3D('',#5188,#4078,#4079);
#3423=AXIS2_PLACEMENT_3D('',#5189,#4080,#4081);
#3424=AXIS2_PLACEMENT_3D('',#5192,#4082,#4083);
#3425=AXIS2_PLACEMENT_3D('',#5194,#4084,#4085);
#3426=AXIS2_PLACEMENT_3D('',#5198,#4087,#4088);
#3427=AXIS2_PLACEMENT_3D('',#5200,#4089,#4090);
#3428=AXIS2_PLACEMENT_3D('',#5202,#4091,#4092);
#3429=AXIS2_PLACEMENT_3D('',#5205,#4094,#4095);
#3430=AXIS2_PLACEMENT_3D('',#5208,#4096,#4097);
#3431=AXIS2_PLACEMENT_3D('',#5210,#4098,#4099);
#3432=AXIS2_PLACEMENT_3D('',#5214,#4101,#4102);
#3433=AXIS2_PLACEMENT_3D('',#5216,#4103,#4104);
#3434=AXIS2_PLACEMENT_3D('',#5218,#4105,#4106);
#3435=AXIS2_PLACEMENT_3D('',#5234,#4115,#4116);
#3436=AXIS2_PLACEMENT_3D('',#5236,#4117,#4118);
#3437=AXIS2_PLACEMENT_3D('',#5238,#4119,#4120);
#3438=AXIS2_PLACEMENT_3D('',#5240,#4121,#4122);
#3439=AXIS2_PLACEMENT_3D('',#5241,#4123,#4124);
#3440=AXIS2_PLACEMENT_3D('',#5242,#4125,#4126);
#3441=AXIS2_PLACEMENT_3D('',#5244,#4127,#4128);
#3442=AXIS2_PLACEMENT_3D('',#5246,#4129,#4130);
#3443=AXIS2_PLACEMENT_3D('',#5250,#4132,#4133);
#3444=AXIS2_PLACEMENT_3D('',#5252,#4134,#4135);
#3445=AXIS2_PLACEMENT_3D('',#5254,#4136,#4137);
#3446=AXIS2_PLACEMENT_3D('',#5258,#4139,#4140);
#3447=AXIS2_PLACEMENT_3D('',#5260,#4141,#4142);
#3448=AXIS2_PLACEMENT_3D('',#5262,#4143,#4144);
#3449=AXIS2_PLACEMENT_3D('',#5263,#4145,#4146);
#3450=AXIS2_PLACEMENT_3D('',#5264,#4147,#4148);
#3451=AXIS2_PLACEMENT_3D('',#5266,#4149,#4150);
#3452=AXIS2_PLACEMENT_3D('',#5268,#4151,#4152);
#3453=AXIS2_PLACEMENT_3D('',#5272,#4154,#4155);
#3454=AXIS2_PLACEMENT_3D('',#5274,#4156,#4157);
#3455=AXIS2_PLACEMENT_3D('',#5276,#4158,#4159);
#3456=AXIS2_PLACEMENT_3D('',#5280,#4161,#4162);
#3457=AXIS2_PLACEMENT_3D('',#5282,#4163,#4164);
#3458=AXIS2_PLACEMENT_3D('',#5284,#4165,#4166);
#3459=AXIS2_PLACEMENT_3D('',#5285,#4167,#4168);
#3460=AXIS2_PLACEMENT_3D('',#5286,#4169,#4170);
#3461=AXIS2_PLACEMENT_3D('',#5288,#4171,#4172);
#3462=AXIS2_PLACEMENT_3D('',#5290,#4173,#4174);
#3463=AXIS2_PLACEMENT_3D('',#5294,#4176,#4177);
#3464=AXIS2_PLACEMENT_3D('',#5296,#4178,#4179);
#3465=AXIS2_PLACEMENT_3D('',#5298,#4180,#4181);
#3466=AXIS2_PLACEMENT_3D('',#5302,#4183,#4184);
#3467=AXIS2_PLACEMENT_3D('',#5304,#4185,#4186);
#3468=AXIS2_PLACEMENT_3D('',#5306,#4187,#4188);
#3469=AXIS2_PLACEMENT_3D('',#5307,#4189,#4190);
#3470=AXIS2_PLACEMENT_3D('',#5308,#4191,#4192);
#3471=AXIS2_PLACEMENT_3D('',#5310,#4193,#4194);
#3472=AXIS2_PLACEMENT_3D('',#5312,#4195,#4196);
#3473=AXIS2_PLACEMENT_3D('',#5316,#4198,#4199);
#3474=AXIS2_PLACEMENT_3D('',#5318,#4200,#4201);
#3475=AXIS2_PLACEMENT_3D('',#5320,#4202,#4203);
#3476=AXIS2_PLACEMENT_3D('',#5324,#4205,#4206);
#3477=AXIS2_PLACEMENT_3D('',#5326,#4207,#4208);
#3478=AXIS2_PLACEMENT_3D('',#5328,#4209,#4210);
#3479=AXIS2_PLACEMENT_3D('',#5329,#4211,#4212);
#3480=AXIS2_PLACEMENT_3D('',#5331,#4213,#4214);
#3481=AXIS2_PLACEMENT_3D('',#5333,#4215,#4216);
#3482=AXIS2_PLACEMENT_3D('',#5335,#4217,#4218);
#3483=AXIS2_PLACEMENT_3D('',#5337,#4219,#4220);
#3484=AXIS2_PLACEMENT_3D('',#5339,#4221,#4222);
#3485=AXIS2_PLACEMENT_3D('',#5340,#4223,#4224);
#3486=AXIS2_PLACEMENT_3D('',#5341,#4225,#4226);
#3487=AXIS2_PLACEMENT_3D('',#5342,#4227,#4228);
#3488=AXIS2_PLACEMENT_3D('',#5343,#4229,#4230);
#3489=AXIS2_PLACEMENT_3D('',#5344,#4231,#4232);
#3490=AXIS2_PLACEMENT_3D('',#5345,#4233,#4234);
#3491=AXIS2_PLACEMENT_3D('',#5346,#4235,#4236);
#3492=AXIS2_PLACEMENT_3D('',#5347,#4237,#4238);
#3493=AXIS2_PLACEMENT_3D('',#5348,#4239,#4240);
#3494=AXIS2_PLACEMENT_3D('',#5349,#4241,#4242);
#3495=AXIS2_PLACEMENT_3D('',#5350,#4243,#4244);
#3496=AXIS2_PLACEMENT_3D('',#5351,#4245,#4246);
#3497=AXIS2_PLACEMENT_3D('',#5352,#4247,#4248);
#3498=AXIS2_PLACEMENT_3D('',#5353,#4249,#4250);
#3499=AXIS2_PLACEMENT_3D('',#5354,#4251,#4252);
#3500=AXIS2_PLACEMENT_3D('',#5355,#4253,#4254);
#3501=AXIS2_PLACEMENT_3D('',#5356,#4255,#4256);
#3502=AXIS2_PLACEMENT_3D('',#5359,#4259,#4260);
#3503=AXIS2_PLACEMENT_3D('',#5362,#4263,#4264);
#3504=AXIS2_PLACEMENT_3D('',#5365,#4267,#4268);
#3505=AXIS2_PLACEMENT_3D('',#5368,#4271,#4272);
#3506=AXIS2_PLACEMENT_3D('',#5371,#4275,#4276);
#3507=AXIS2_PLACEMENT_3D('',#5372,#4277,#4278);
#3508=AXIS2_PLACEMENT_3D('',#5373,#4279,#4280);
#3509=AXIS2_PLACEMENT_3D('',#5374,#4281,#4282);
#3510=AXIS2_PLACEMENT_3D('',#5375,#4283,#4284);
#3511=AXIS2_PLACEMENT_3D('',#5376,#4285,#4286);
#3512=AXIS2_PLACEMENT_3D('',#5377,#4287,#4288);
#3513=AXIS2_PLACEMENT_3D('',#5380,#4291,#4292);
#3514=AXIS2_PLACEMENT_3D('',#5383,#4295,#4296);
#3515=AXIS2_PLACEMENT_3D('',#5386,#4299,#4300);
#3516=AXIS2_PLACEMENT_3D('',#5389,#4303,#4304);
#3517=AXIS2_PLACEMENT_3D('',#5392,#4307,#4308);
#3518=AXIS2_PLACEMENT_3D('',#5393,#4309,#4310);
#3519=AXIS2_PLACEMENT_3D('',#5394,#4311,#4312);
#3520=AXIS2_PLACEMENT_3D('',#5395,#4313,#4314);
#3521=AXIS2_PLACEMENT_3D('',#5396,#4315,#4316);
#3522=AXIS2_PLACEMENT_3D('',#5397,#4317,#4318);
#3523=AXIS2_PLACEMENT_3D('',#5398,#4319,#4320);
#3524=AXIS2_PLACEMENT_3D('',#5401,#4323,#4324);
#3525=AXIS2_PLACEMENT_3D('',#5404,#4327,#4328);
#3526=AXIS2_PLACEMENT_3D('',#5407,#4331,#4332);
#3527=AXIS2_PLACEMENT_3D('',#5410,#4335,#4336);
#3528=AXIS2_PLACEMENT_3D('',#5413,#4339,#4340);
#3529=AXIS2_PLACEMENT_3D('',#5414,#4341,#4342);
#3530=AXIS2_PLACEMENT_3D('',#5415,#4343,#4344);
#3531=AXIS2_PLACEMENT_3D('',#5416,#4345,#4346);
#3532=AXIS2_PLACEMENT_3D('',#5417,#4347,#4348);
#3533=AXIS2_PLACEMENT_3D('',#5418,#4349,#4350);
#3534=AXIS2_PLACEMENT_3D('',#5419,#4351,#4352);
#3535=AXIS2_PLACEMENT_3D('',#5422,#4355,#4356);
#3536=AXIS2_PLACEMENT_3D('',#5425,#4359,#4360);
#3537=AXIS2_PLACEMENT_3D('',#5428,#4363,#4364);
#3538=AXIS2_PLACEMENT_3D('',#5431,#4367,#4368);
#3539=AXIS2_PLACEMENT_3D('',#5434,#4371,#4372);
#3540=AXIS2_PLACEMENT_3D('',#5435,#4373,#4374);
#3541=AXIS2_PLACEMENT_3D('',#5436,#4375,#4376);
#3542=AXIS2_PLACEMENT_3D('',#5437,#4377,#4378);
#3543=AXIS2_PLACEMENT_3D('',#5438,#4379,#4380);
#3544=AXIS2_PLACEMENT_3D('',#5439,#4381,#4382);
#3545=AXIS2_PLACEMENT_3D('',#5440,#4383,#4384);
#3546=AXIS2_PLACEMENT_3D('',#5441,#4385,#4386);
#3547=AXIS2_PLACEMENT_3D('',#5442,#4387,#4388);
#3548=AXIS2_PLACEMENT_3D('',#5443,#4389,#4390);
#3549=AXIS2_PLACEMENT_3D('',#5444,#4391,#4392);
#3550=AXIS2_PLACEMENT_3D('',#5445,#4393,#4394);
#3551=AXIS2_PLACEMENT_3D('',#5446,#4395,#4396);
#3552=AXIS2_PLACEMENT_3D('',#5447,#4397,#4398);
#3553=AXIS2_PLACEMENT_3D('',#5448,#4399,#4400);
#3554=AXIS2_PLACEMENT_3D('',#5449,#4401,#4402);
#3555=AXIS2_PLACEMENT_3D('',#5450,#4403,#4404);
#3556=AXIS2_PLACEMENT_3D('',#5451,#4405,#4406);
#3557=AXIS2_PLACEMENT_3D('',#5452,#4407,#4408);
#3558=AXIS2_PLACEMENT_3D('',#5453,#4409,#4410);
#3559=AXIS2_PLACEMENT_3D('',#5454,#4411,#4412);
#3560=AXIS2_PLACEMENT_3D('',#5455,#4413,#4414);
#3561=AXIS2_PLACEMENT_3D('',#5456,#4415,#4416);
#3562=AXIS2_PLACEMENT_3D('',#5457,#4417,#4418);
#3563=AXIS2_PLACEMENT_3D('',#5458,#4419,#4420);
#3564=AXIS2_PLACEMENT_3D('',#5459,#4421,#4422);
#3565=AXIS2_PLACEMENT_3D('',#5460,#4423,#4424);
#3566=AXIS2_PLACEMENT_3D('',#5463,#4427,#4428);
#3567=AXIS2_PLACEMENT_3D('',#5465,#4430,#4431);
#3568=AXIS2_PLACEMENT_3D('',#5467,#4433,#4434);
#3569=AXIS2_PLACEMENT_3D('',#5469,#4436,#4437);
#3570=AXIS2_PLACEMENT_3D('',#5471,#4439,#4440);
#3571=AXIS2_PLACEMENT_3D('',#5473,#4442,#4443);
#3572=AXIS2_PLACEMENT_3D('',#5475,#4445,#4446);
#3573=AXIS2_PLACEMENT_3D('',#5476,#4447,#4448);
#3574=AXIS2_PLACEMENT_3D('',#5479,#4451,#4452);
#3575=AXIS2_PLACEMENT_3D('',#5481,#4454,#4455);
#3576=AXIS2_PLACEMENT_3D('',#5483,#4457,#4458);
#3577=AXIS2_PLACEMENT_3D('',#5485,#4460,#4461);
#3578=AXIS2_PLACEMENT_3D('',#5487,#4463,#4464);
#3579=AXIS2_PLACEMENT_3D('',#5489,#4466,#4467);
#3580=AXIS2_PLACEMENT_3D('',#5491,#4469,#4470);
#3581=AXIS2_PLACEMENT_3D('',#5492,#4471,#4472);
#3582=AXIS2_PLACEMENT_3D('',#5495,#4475,#4476);
#3583=AXIS2_PLACEMENT_3D('',#5497,#4478,#4479);
#3584=AXIS2_PLACEMENT_3D('',#5499,#4481,#4482);
#3585=AXIS2_PLACEMENT_3D('',#5501,#4484,#4485);
#3586=AXIS2_PLACEMENT_3D('',#5503,#4487,#4488);
#3587=AXIS2_PLACEMENT_3D('',#5505,#4490,#4491);
#3588=AXIS2_PLACEMENT_3D('',#5507,#4493,#4494);
#3589=AXIS2_PLACEMENT_3D('',#5508,#4495,#4496);
#3590=AXIS2_PLACEMENT_3D('',#5511,#4499,#4500);
#3591=AXIS2_PLACEMENT_3D('',#5514,#4503,#4504);
#3592=AXIS2_PLACEMENT_3D('',#5515,#4505,#4506);
#3593=AXIS2_PLACEMENT_3D('',#5517,#4508,#4509);
#3594=AXIS2_PLACEMENT_3D('',#5519,#4511,#4512);
#3595=AXIS2_PLACEMENT_3D('',#5521,#4514,#4515);
#3596=AXIS2_PLACEMENT_3D('',#5523,#4517,#4518);
#3597=AXIS2_PLACEMENT_3D('',#5524,#4519,#4520);
#3598=AXIS2_PLACEMENT_3D('',#5527,#4523,#4524);
#3599=AXIS2_PLACEMENT_3D('',#5530,#4527,#4528);
#3600=AXIS2_PLACEMENT_3D('',#5531,#4529,#4530);
#3601=AXIS2_PLACEMENT_3D('',#5533,#4532,#4533);
#3602=AXIS2_PLACEMENT_3D('',#5535,#4535,#4536);
#3603=AXIS2_PLACEMENT_3D('',#5537,#4538,#4539);
#3604=AXIS2_PLACEMENT_3D('',#5539,#4541,#4542);
#3605=AXIS2_PLACEMENT_3D('',#5540,#4543,#4544);
#3606=AXIS2_PLACEMENT_3D('',#5543,#4547,#4548);
#3607=AXIS2_PLACEMENT_3D('',#5545,#4550,#4551);
#3608=AXIS2_PLACEMENT_3D('',#5547,#4553,#4554);
#3609=AXIS2_PLACEMENT_3D('',#5549,#4556,#4557);
#3610=AXIS2_PLACEMENT_3D('',#5551,#4559,#4560);
#3611=AXIS2_PLACEMENT_3D('',#5554,#4563,#4564);
#3612=AXIS2_PLACEMENT_3D('',#5555,#4565,#4566);
#3613=AXIS2_PLACEMENT_3D('',#5556,#4567,#4568);
#3614=AXIS2_PLACEMENT_3D('',#5559,#4571,#4572);
#3615=AXIS2_PLACEMENT_3D('',#5561,#4574,#4575);
#3616=AXIS2_PLACEMENT_3D('',#5563,#4577,#4578);
#3617=AXIS2_PLACEMENT_3D('',#5565,#4580,#4581);
#3618=AXIS2_PLACEMENT_3D('',#5567,#4583,#4584);
#3619=AXIS2_PLACEMENT_3D('',#5570,#4587,#4588);
#3620=AXIS2_PLACEMENT_3D('',#5571,#4589,#4590);
#3621=AXIS2_PLACEMENT_3D('',#5572,#4591,#4592);
#3622=AXIS2_PLACEMENT_3D('',#5575,#4595,#4596);
#3623=AXIS2_PLACEMENT_3D('',#5578,#4599,#4600);
#3624=AXIS2_PLACEMENT_3D('',#5579,#4601,#4602);
#3625=AXIS2_PLACEMENT_3D('',#5581,#4604,#4605);
#3626=AXIS2_PLACEMENT_3D('',#5583,#4607,#4608);
#3627=AXIS2_PLACEMENT_3D('',#5585,#4610,#4611);
#3628=AXIS2_PLACEMENT_3D('',#5587,#4613,#4614);
#3629=AXIS2_PLACEMENT_3D('',#5588,#4615,#4616);
#3630=AXIS2_PLACEMENT_3D('',#5591,#4619,#4620);
#3631=AXIS2_PLACEMENT_3D('',#5594,#4623,#4624);
#3632=AXIS2_PLACEMENT_3D('',#5595,#4625,#4626);
#3633=AXIS2_PLACEMENT_3D('',#5597,#4628,#4629);
#3634=AXIS2_PLACEMENT_3D('',#5599,#4631,#4632);
#3635=AXIS2_PLACEMENT_3D('',#5601,#4634,#4635);
#3636=AXIS2_PLACEMENT_3D('',#5603,#4637,#4638);
#3637=AXIS2_PLACEMENT_3D('',#5604,#4639,#4640);
#3638=AXIS2_PLACEMENT_3D('',#5607,#4643,#4644);
#3639=AXIS2_PLACEMENT_3D('',#5609,#4646,#4647);
#3640=AXIS2_PLACEMENT_3D('',#5611,#4649,#4650);
#3641=AXIS2_PLACEMENT_3D('',#5613,#4652,#4653);
#3642=AXIS2_PLACEMENT_3D('',#5615,#4655,#4656);
#3643=AXIS2_PLACEMENT_3D('',#5618,#4659,#4660);
#3644=AXIS2_PLACEMENT_3D('',#5619,#4661,#4662);
#3645=AXIS2_PLACEMENT_3D('',#5620,#4663,#4664);
#3646=AXIS2_PLACEMENT_3D('',#5623,#4667,#4668);
#3647=AXIS2_PLACEMENT_3D('',#5625,#4670,#4671);
#3648=AXIS2_PLACEMENT_3D('',#5627,#4673,#4674);
#3649=AXIS2_PLACEMENT_3D('',#5629,#4676,#4677);
#3650=AXIS2_PLACEMENT_3D('',#5631,#4679,#4680);
#3651=AXIS2_PLACEMENT_3D('',#5634,#4683,#4684);
#3652=AXIS2_PLACEMENT_3D('',#5635,#4685,#4686);
#3653=DIRECTION('',(0.,0.,1.));
#3654=DIRECTION('',(1.,0.,0.));
#3655=DIRECTION('',(1.22464679914735E-16,-1.,-1.85741949924438E-32));
#3656=DIRECTION('',(-1.,-1.22464679914735E-16,3.03339624214523E-16));
#3657=DIRECTION('',(1.22464679914735E-16,-1.,-1.85741949924438E-32));
#3658=DIRECTION('',(-1.,-1.22464679914735E-16,3.03339624214523E-16));
#3659=DIRECTION('',(-3.03339624214523E-16,-1.85741949924438E-32,-1.));
#3660=DIRECTION('',(1.22464679914735E-16,-1.,-1.85741949924438E-32));
#3661=DIRECTION('',(-1.,-1.22464679914735E-16,3.03339624214523E-16));
#3662=DIRECTION('',(-1.,-1.22464679914735E-16,1.51669812107262E-16));
#3663=DIRECTION('',(1.22464679914735E-16,-1.,-1.85741949924438E-32));
#3664=DIRECTION('',(-1.,-1.22464679914735E-16,3.03339624214523E-16));
#3665=DIRECTION('',(3.03339624214523E-16,1.85741949924438E-32,1.));
#3666=DIRECTION('',(1.22464679914735E-16,-1.,-1.85741949924438E-32));
#3667=DIRECTION('',(-1.,-1.22464679914735E-16,3.03339624214523E-16));
#3668=DIRECTION('',(1.,1.22464679914735E-16,-1.51669812107262E-16));
#3669=DIRECTION('',(0.707106781186547,8.65956056235493E-17,-0.707106781186548));
#3670=DIRECTION('',(-1.22464679914735E-16,1.,1.85741949924438E-32));
#3671=DIRECTION('',(1.,1.22464679914735E-16,-3.03339624214523E-16));
#3672=DIRECTION('',(-1.22464679914735E-16,1.,1.85741949924438E-32));
#3673=DIRECTION('',(1.,1.22464679914735E-16,-3.03339624214523E-16));
#3674=DIRECTION('',(-1.22464679914735E-16,1.,1.85741949924438E-32));
#3675=DIRECTION('',(1.,1.22464679914735E-16,-3.03339624214523E-16));
#3676=DIRECTION('',(-3.03339624214523E-16,-1.85741949924438E-32,-1.));
#3677=DIRECTION('',(-1.22464679914735E-16,1.,1.85741949924438E-32));
#3678=DIRECTION('',(1.,1.22464679914735E-16,-3.03339624214523E-16));
#3679=DIRECTION('',(-1.22464679914735E-16,1.,1.85741949924438E-32));
#3680=DIRECTION('',(1.,1.22464679914735E-16,-3.03339624214523E-16));
#3681=DIRECTION('',(-1.22464679914735E-16,1.,1.85741949924438E-32));
#3682=DIRECTION('',(1.,1.22464679914735E-16,-3.03339624214523E-16));
#3683=DIRECTION('',(-0.707106781186548,-8.65956056235494E-17,-0.707106781186547));
#3684=DIRECTION('',(-1.22464679914735E-16,1.,1.85741949924438E-32));
#3685=DIRECTION('',(1.,1.22464679914735E-16,-3.03339624214523E-16));
#3686=DIRECTION('',(-1.22464679914735E-16,1.,1.85741949924438E-32));
#3687=DIRECTION('',(1.,1.22464679914735E-16,-3.03339624214523E-16));
#3688=DIRECTION('',(-1.22464679914735E-16,1.,1.85741949924438E-32));
#3689=DIRECTION('',(1.,1.22464679914735E-16,-3.03339624214523E-16));
#3690=DIRECTION('',(1.22464679914735E-16,-1.,-1.85741949924438E-32));
#3691=DIRECTION('',(-1.,-1.22464679914735E-16,3.03339624214523E-16));
#3692=DIRECTION('',(1.22464679914735E-16,-1.,-1.85741949924438E-32));
#3693=DIRECTION('',(-1.,-1.22464679914735E-16,3.03339624214523E-16));
#3694=DIRECTION('',(1.22464679914735E-16,-1.,-1.85741949924438E-32));
#3695=DIRECTION('',(-1.,-1.22464679914735E-16,3.03339624214523E-16));
#3696=DIRECTION('',(1.22464679914735E-16,-1.,-1.85741949924438E-32));
#3697=DIRECTION('',(-1.,-1.22464679914735E-16,3.03339624214523E-16));
#3698=DIRECTION('',(1.22464679914735E-16,-1.,-1.85741949924438E-32));
#3699=DIRECTION('',(-1.,-1.22464679914735E-16,3.03339624214523E-16));
#3700=DIRECTION('',(0.707106781186547,8.65956056235493E-17,-0.707106781186548));
#3701=DIRECTION('',(-1.22464679914735E-16,1.,1.85741949924438E-32));
#3702=DIRECTION('',(1.,1.22464679914735E-16,-3.03339624214523E-16));
#3703=DIRECTION('',(-1.22464679914735E-16,1.,1.85741949924438E-32));
#3704=DIRECTION('',(1.,1.22464679914735E-16,-3.03339624214523E-16));
#3705=DIRECTION('',(-1.22464679914735E-16,1.,1.85741949924438E-32));
#3706=DIRECTION('',(1.,1.22464679914735E-16,-3.03339624214523E-16));
#3707=DIRECTION('',(-0.707106781186548,-8.65956056235494E-17,-0.707106781186547));
#3708=DIRECTION('',(-1.22464679914735E-16,1.,1.85741949924438E-32));
#3709=DIRECTION('',(1.,1.22464679914735E-16,-3.03339624214523E-16));
#3710=DIRECTION('',(-1.22464679914735E-16,1.,1.85741949924438E-32));
#3711=DIRECTION('',(1.,1.22464679914735E-16,-3.03339624214523E-16));
#3712=DIRECTION('',(-1.22464679914735E-16,1.,1.85741949924438E-32));
#3713=DIRECTION('',(1.,1.22464679914735E-16,-3.03339624214523E-16));
#3714=DIRECTION('',(1.,1.22464679914735E-16,-1.51669812107262E-16));
#3715=DIRECTION('',(-1.22464679914735E-16,1.,1.85741949924438E-32));
#3716=DIRECTION('',(1.,1.22464679914735E-16,-3.03339624214523E-16));
#3717=DIRECTION('',(-1.22464679914735E-16,1.,1.85741949924438E-32));
#3718=DIRECTION('',(1.,1.22464679914735E-16,-3.03339624214523E-16));
#3719=DIRECTION('',(-1.22464679914735E-16,1.,1.85741949924438E-32));
#3720=DIRECTION('',(1.,1.22464679914735E-16,-3.03339624214523E-16));
#3721=DIRECTION('',(-1.22464679914735E-16,1.,1.85741949924438E-32));
#3722=DIRECTION('',(1.,1.22464679914735E-16,-3.03339624214523E-16));
#3723=DIRECTION('',(-1.22464679914735E-16,1.,1.85741949924438E-32));
#3724=DIRECTION('',(1.,1.22464679914735E-16,-3.03339624214523E-16));
#3725=DIRECTION('',(-1.22464679914735E-16,1.,1.85741949924438E-32));
#3726=DIRECTION('',(1.,1.22464679914735E-16,-3.03339624214523E-16));
#3727=DIRECTION('',(-3.03339624214523E-16,-1.85741949924438E-32,-1.));
#3728=DIRECTION('',(-1.22464679914735E-16,1.,1.85741949924438E-32));
#3729=DIRECTION('',(1.,1.22464679914735E-16,-3.03339624214523E-16));
#3730=DIRECTION('',(-1.22464679914735E-16,1.,1.85741949924438E-32));
#3731=DIRECTION('',(1.,1.22464679914735E-16,-3.03339624214523E-16));
#3732=DIRECTION('',(-1.22464679914735E-16,1.,1.85741949924438E-32));
#3733=DIRECTION('',(1.,1.22464679914735E-16,-3.03339624214523E-16));
#3734=DIRECTION('',(-0.707106781186548,-8.65956056235494E-17,-0.707106781186547));
#3735=DIRECTION('',(-1.22464679914735E-16,1.,1.85741949924438E-32));
#3736=DIRECTION('',(1.,1.22464679914735E-16,-3.03339624214523E-16));
#3737=DIRECTION('',(-1.22464679914735E-16,1.,1.85741949924438E-32));
#3738=DIRECTION('',(1.,1.22464679914735E-16,-3.03339624214523E-16));
#3739=DIRECTION('',(-1.22464679914735E-16,1.,1.85741949924438E-32));
#3740=DIRECTION('',(1.,1.22464679914735E-16,-3.03339624214523E-16));
#3741=DIRECTION('',(0.707106781186547,8.65956056235493E-17,-0.707106781186548));
#3742=DIRECTION('',(-1.22464679914735E-16,1.,1.85741949924438E-32));
#3743=DIRECTION('',(1.,1.22464679914735E-16,-3.03339624214523E-16));
#3744=DIRECTION('',(1.,1.22464679914735E-16,-1.51669812107262E-16));
#3745=DIRECTION('',(-1.22464679914735E-16,1.,1.85741949924438E-32));
#3746=DIRECTION('',(1.,1.22464679914735E-16,-3.03339624214523E-16));
#3747=DIRECTION('',(-1.22464679914735E-16,1.,1.85741949924438E-32));
#3748=DIRECTION('',(1.,1.22464679914735E-16,-3.03339624214523E-16));
#3749=DIRECTION('',(-1.22464679914735E-16,1.,1.85741949924438E-32));
#3750=DIRECTION('',(1.,1.22464679914735E-16,-3.03339624214523E-16));
#3751=DIRECTION('',(0.707106781186547,8.65956056235493E-17,-0.707106781186548));
#3752=DIRECTION('',(-1.22464679914735E-16,1.,1.85741949924438E-32));
#3753=DIRECTION('',(1.,1.22464679914735E-16,-3.03339624214523E-16));
#3754=DIRECTION('',(-1.22464679914735E-16,1.,1.85741949924438E-32));
#3755=DIRECTION('',(1.,1.22464679914735E-16,-3.03339624214523E-16));
#3756=DIRECTION('',(-1.22464679914735E-16,1.,1.85741949924438E-32));
#3757=DIRECTION('',(1.,1.22464679914735E-16,-3.03339624214523E-16));
#3758=DIRECTION('',(-0.707106781186548,-8.65956056235494E-17,-0.707106781186547));
#3759=DIRECTION('',(-1.22464679914735E-16,1.,1.85741949924438E-32));
#3760=DIRECTION('',(1.,1.22464679914735E-16,-3.03339624214523E-16));
#3761=DIRECTION('',(-1.22464679914735E-16,1.,1.85741949924438E-32));
#3762=DIRECTION('',(1.,1.22464679914735E-16,-3.03339624214523E-16));
#3763=DIRECTION('',(1.22464679914735E-16,-1.,-1.85741949924438E-32));
#3764=DIRECTION('',(-1.,-1.22464679914735E-16,3.03339624214523E-16));
#3765=DIRECTION('',(1.22464679914735E-16,-1.,-1.85741949924438E-32));
#3766=DIRECTION('',(-1.,-1.22464679914735E-16,3.03339624214523E-16));
#3767=DIRECTION('',(1.,1.22464679914735E-16,-3.03339624214523E-16));
#3768=DIRECTION('',(1.22464679914735E-16,-1.,-1.85741949924438E-32));
#3769=DIRECTION('',(-1.,-1.22464679914735E-16,3.03339624214523E-16));
#3770=DIRECTION('',(-3.03339624214523E-16,-1.85741949924438E-32,-1.));
#3771=DIRECTION('',(1.22464679914735E-16,-1.,-1.85741949924438E-32));
#3772=DIRECTION('',(-1.,-1.22464679914735E-16,3.03339624214523E-16));
#3773=DIRECTION('',(-1.,-1.22464679914735E-16,3.03339624214523E-16));
#3774=DIRECTION('',(1.22464679914735E-16,-1.,-1.85741949924438E-32));
#3775=DIRECTION('',(-1.,-1.22464679914735E-16,3.03339624214523E-16));
#3776=DIRECTION('',(3.03339624214523E-16,1.85741949924438E-32,1.));
#3777=DIRECTION('',(1.22464679914735E-16,-1.,-1.85741949924438E-32));
#3778=DIRECTION('',(-1.,-1.22464679914735E-16,3.03339624214523E-16));
#3779=DIRECTION('',(3.03339624214523E-16,1.85741949924438E-32,1.));
#3780=DIRECTION('',(1.22464679914735E-16,-1.,-1.85741949924438E-32));
#3781=DIRECTION('',(-1.,-1.22464679914735E-16,3.03339624214523E-16));
#3782=DIRECTION('',(-1.,-1.22464679914735E-16,1.51669812107262E-16));
#3783=DIRECTION('',(1.22464679914735E-16,-1.,-1.85741949924438E-32));
#3784=DIRECTION('',(-1.,-1.22464679914735E-16,3.03339624214523E-16));
#3785=DIRECTION('',(-3.03339624214523E-16,-1.85741949924438E-32,-1.));
#3786=DIRECTION('',(1.22464679914735E-16,-1.,-1.85741949924438E-32));
#3787=DIRECTION('',(-1.,-1.22464679914735E-16,3.03339624214523E-16));
#3788=DIRECTION('',(1.,1.22464679914735E-16,-1.51669812107262E-16));
#3789=DIRECTION('',(1.51669812107262E-16,0.,1.));
#3790=DIRECTION('',(-1.,-1.22464679914735E-16,1.51669812107262E-16));
#3791=DIRECTION('',(1.51669812107262E-16,0.,1.));
#3792=DIRECTION('',(-1.,-1.22464679914735E-16,1.51669812107262E-16));
#3793=DIRECTION('',(1.,1.22464679914735E-16,-1.51669812107262E-16));
#3794=DIRECTION('',(1.51669812107262E-16,0.,1.));
#3795=DIRECTION('',(-1.,-1.22464679914735E-16,1.51669812107262E-16));
#3796=DIRECTION('',(1.51669812107262E-16,0.,1.));
#3797=DIRECTION('',(-1.,-1.22464679914735E-16,1.51669812107262E-16));
#3798=DIRECTION('',(1.51669812107262E-16,0.,1.));
#3799=DIRECTION('',(-1.,-1.22464679914735E-16,1.51669812107262E-16));
#3800=DIRECTION('',(1.,2.50174383667629E-16,-1.51669812107262E-16));
#3801=DIRECTION('',(1.51669812107262E-16,0.,1.));
#3802=DIRECTION('',(-1.,-1.22464679914735E-16,1.51669812107262E-16));
#3803=DIRECTION('',(1.51669812107262E-16,0.,1.));
#3804=DIRECTION('',(-1.,-1.22464679914735E-16,1.51669812107262E-16));
#3805=DIRECTION('',(1.51669812107262E-16,0.,1.));
#3806=DIRECTION('',(-1.,-1.22464679914735E-16,1.51669812107262E-16));
#3807=DIRECTION('',(1.,1.22464679914735E-16,-1.51669812107262E-16));
#3808=DIRECTION('',(1.51669812107262E-16,0.,1.));
#3809=DIRECTION('',(-1.,-1.22464679914735E-16,1.51669812107262E-16));
#3810=DIRECTION('',(1.51669812107262E-16,0.,1.));
#3811=DIRECTION('',(-1.,-1.22464679914735E-16,1.51669812107262E-16));
#3812=DIRECTION('',(1.51669812107262E-16,0.,1.));
#3813=DIRECTION('',(-1.,-1.22464679914735E-16,1.51669812107262E-16));
#3814=DIRECTION('',(1.,2.50174383667629E-16,-1.51669812107262E-16));
#3815=DIRECTION('',(1.51669812107262E-16,0.,1.));
#3816=DIRECTION('',(-1.,-1.22464679914735E-16,1.51669812107262E-16));
#3817=DIRECTION('',(1.51669812107262E-16,0.,1.));
#3818=DIRECTION('',(-1.,-1.22464679914735E-16,1.51669812107262E-16));
#3819=DIRECTION('',(-1.51669812107262E-16,0.,-1.));
#3820=DIRECTION('',(1.,1.22464679914735E-16,-1.51669812107262E-16));
#3821=DIRECTION('',(-1.51669812107262E-16,0.,-1.));
#3822=DIRECTION('',(1.,1.22464679914735E-16,-1.51669812107262E-16));
#3823=DIRECTION('',(-1.51669812107262E-16,0.,-1.));
#3824=DIRECTION('',(1.,1.22464679914735E-16,-1.51669812107262E-16));
#3825=DIRECTION('',(-1.22464679914735E-16,1.,1.85741949924438E-32));
#3826=DIRECTION('',(-1.,-1.22464679914735E-16,1.51669812107262E-16));
#3827=DIRECTION('',(-1.22464679914735E-16,1.,1.85741949924438E-32));
#3828=DIRECTION('',(1.,1.22464679914735E-16,-1.51669812107262E-16));
#3829=DIRECTION('',(1.,1.22464679914735E-16,-3.03339624214523E-16));
#3830=DIRECTION('',(1.22464679914735E-16,-1.,-1.85741949924438E-32));
#3831=DIRECTION('',(1.,1.22464679914735E-16,-3.03339624214523E-16));
#3832=DIRECTION('',(1.22464679914735E-16,-1.,-1.85741949924438E-32));
#3833=DIRECTION('',(1.,1.22464679914735E-16,-3.03339624214523E-16));
#3834=DIRECTION('',(1.22464679914735E-16,-1.,-1.85741949924438E-32));
#3835=DIRECTION('',(1.,1.22464679914735E-16,-3.03339624214523E-16));
#3836=DIRECTION('',(1.22464679914735E-16,-1.,-1.85741949924438E-32));
#3837=DIRECTION('',(-3.03339624214523E-16,-1.85741949924438E-32,-1.));
#3838=DIRECTION('',(1.,1.22464679914735E-16,-3.03339624214523E-16));
#3839=DIRECTION('',(1.22464679914735E-16,-1.,-1.85741949924438E-32));
#3840=DIRECTION('',(1.,1.22464679914735E-16,-3.03339624214523E-16));
#3841=DIRECTION('',(1.22464679914735E-16,-1.,-1.85741949924438E-32));
#3842=DIRECTION('',(1.,1.22464679914735E-16,-3.03339624214523E-16));
#3843=DIRECTION('',(1.22464679914735E-16,-1.,-1.85741949924438E-32));
#3844=DIRECTION('',(-3.03339624214523E-16,1.70279605003858E-16,-1.));
#3845=DIRECTION('',(1.,1.22464679914735E-16,-3.03339624214523E-16));
#3846=DIRECTION('',(1.22464679914735E-16,-1.,-1.85741949924438E-32));
#3847=DIRECTION('',(1.,1.22464679914735E-16,-3.03339624214523E-16));
#3848=DIRECTION('',(1.22464679914735E-16,-1.,-1.85741949924438E-32));
#3849=DIRECTION('',(1.,1.22464679914735E-16,-3.03339624214523E-16));
#3850=DIRECTION('',(1.22464679914735E-16,-1.,-1.85741949924438E-32));
#3851=DIRECTION('',(-3.03339624214523E-16,-1.85741949924438E-32,-1.));
#3852=DIRECTION('',(1.,1.22464679914735E-16,-3.03339624214523E-16));
#3853=DIRECTION('',(1.22464679914735E-16,-1.,-1.85741949924438E-32));
#3854=DIRECTION('',(1.,1.22464679914735E-16,-3.03339624214523E-16));
#3855=DIRECTION('',(1.22464679914735E-16,-1.,-1.85741949924438E-32));
#3856=DIRECTION('',(1.,1.22464679914735E-16,-3.03339624214523E-16));
#3857=DIRECTION('',(1.22464679914735E-16,-1.,-1.85741949924438E-32));
#3858=DIRECTION('',(-3.03339624214523E-16,1.70279605003858E-16,-1.));
#3859=DIRECTION('',(1.,1.22464679914735E-16,-3.03339624214523E-16));
#3860=DIRECTION('',(1.22464679914735E-16,-1.,-1.85741949924438E-32));
#3861=DIRECTION('',(1.,1.22464679914735E-16,-3.03339624214523E-16));
#3862=DIRECTION('',(1.22464679914735E-16,-1.,-1.85741949924438E-32));
#3863=DIRECTION('',(1.,1.22464679914735E-16,-3.03339624214523E-16));
#3864=DIRECTION('',(1.22464679914735E-16,-1.,-1.85741949924438E-32));
#3865=DIRECTION('',(-1.22464679914735E-16,1.,1.85741949924438E-32));
#3866=DIRECTION('',(-3.03339624214523E-16,-1.85741949924438E-32,-1.));
#3867=DIRECTION('',(-1.22464679914735E-16,1.,1.85741949924438E-32));
#3868=DIRECTION('',(3.03339624214523E-16,1.85741949924438E-32,1.));
#3869=DIRECTION('',(1.51669812107262E-16,0.,1.));
#3870=DIRECTION('',(-1.,-1.22464679914735E-16,1.51669812107262E-16));
#3871=DIRECTION('',(1.51669812107262E-16,0.,1.));
#3872=DIRECTION('',(-1.,-1.22464679914735E-16,1.51669812107262E-16));
#3873=DIRECTION('',(1.51669812107262E-16,0.,1.));
#3874=DIRECTION('',(-1.,-1.22464679914735E-16,1.51669812107262E-16));
#3875=DIRECTION('',(1.51669812107262E-16,0.,1.));
#3876=DIRECTION('',(-1.,-1.22464679914735E-16,1.51669812107262E-16));
#3877=DIRECTION('',(1.,1.22464679914735E-16,-1.51669812107262E-16));
#3878=DIRECTION('',(1.51669812107262E-16,0.,1.));
#3879=DIRECTION('',(-1.,-1.22464679914735E-16,1.51669812107262E-16));
#3880=DIRECTION('',(1.51669812107262E-16,0.,1.));
#3881=DIRECTION('',(-1.,-1.22464679914735E-16,1.51669812107262E-16));
#3882=DIRECTION('',(1.51669812107262E-16,0.,1.));
#3883=DIRECTION('',(-1.,-1.22464679914735E-16,1.51669812107262E-16));
#3884=DIRECTION('',(1.,2.50174383667629E-16,-1.51669812107262E-16));
#3885=DIRECTION('',(1.51669812107262E-16,0.,1.));
#3886=DIRECTION('',(-1.,-1.22464679914735E-16,1.51669812107262E-16));
#3887=DIRECTION('',(1.51669812107262E-16,0.,1.));
#3888=DIRECTION('',(-1.,-1.22464679914735E-16,1.51669812107262E-16));
#3889=DIRECTION('',(1.51669812107262E-16,0.,1.));
#3890=DIRECTION('',(-1.,-1.22464679914735E-16,1.51669812107262E-16));
#3891=DIRECTION('',(1.,1.22464679914735E-16,-1.51669812107262E-16));
#3892=DIRECTION('',(1.51669812107262E-16,0.,1.));
#3893=DIRECTION('',(-1.,-1.22464679914735E-16,1.51669812107262E-16));
#3894=DIRECTION('',(1.51669812107262E-16,0.,1.));
#3895=DIRECTION('',(-1.,-1.22464679914735E-16,1.51669812107262E-16));
#3896=DIRECTION('',(1.51669812107262E-16,0.,1.));
#3897=DIRECTION('',(-1.,-1.22464679914735E-16,1.51669812107262E-16));
#3898=DIRECTION('',(1.,2.50174383667629E-16,-1.51669812107262E-16));
#3899=DIRECTION('',(1.51669812107262E-16,0.,1.));
#3900=DIRECTION('',(-1.,-1.22464679914735E-16,1.51669812107262E-16));
#3901=DIRECTION('',(1.51669812107262E-16,0.,1.));
#3902=DIRECTION('',(-1.,-1.22464679914735E-16,1.51669812107262E-16));
#3903=DIRECTION('',(1.51669812107262E-16,0.,1.));
#3904=DIRECTION('',(-1.,-1.22464679914735E-16,1.51669812107262E-16));
#3905=DIRECTION('',(-1.22464679914735E-16,1.,1.85741949924438E-32));
#3906=DIRECTION('',(1.,1.22464679914735E-16,-1.51669812107262E-16));
#3907=DIRECTION('',(-1.22464679914735E-16,1.,1.85741949924438E-32));
#3908=DIRECTION('',(-1.,-1.22464679914735E-16,1.51669812107262E-16));
#3909=DIRECTION('',(1.,1.22464679914735E-16,-3.03339624214523E-16));
#3910=DIRECTION('',(1.22464679914735E-16,-1.,-1.85741949924438E-32));
#3911=DIRECTION('',(1.,1.22464679914735E-16,-3.03339624214523E-16));
#3912=DIRECTION('',(1.22464679914735E-16,-1.,-1.85741949924438E-32));
#3913=DIRECTION('',(-3.03339624214523E-16,-1.85741949924438E-32,-1.));
#3914=DIRECTION('',(1.,1.22464679914735E-16,-3.03339624214523E-16));
#3915=DIRECTION('',(1.22464679914735E-16,-1.,-1.85741949924438E-32));
#3916=DIRECTION('',(1.,1.22464679914735E-16,-3.03339624214523E-16));
#3917=DIRECTION('',(1.22464679914735E-16,-1.,-1.85741949924438E-32));
#3918=DIRECTION('',(1.,1.22464679914735E-16,-3.03339624214523E-16));
#3919=DIRECTION('',(1.22464679914735E-16,-1.,-1.85741949924438E-32));
#3920=DIRECTION('',(-3.03339624214523E-16,1.70279605003858E-16,-1.));
#3921=DIRECTION('',(1.,1.22464679914735E-16,-3.03339624214523E-16));
#3922=DIRECTION('',(1.22464679914735E-16,-1.,-1.85741949924438E-32));
#3923=DIRECTION('',(1.,1.22464679914735E-16,-3.03339624214523E-16));
#3924=DIRECTION('',(1.22464679914735E-16,-1.,-1.85741949924438E-32));
#3925=DIRECTION('',(1.,1.22464679914735E-16,-3.03339624214523E-16));
#3926=DIRECTION('',(1.22464679914735E-16,-1.,-1.85741949924438E-32));
#3927=DIRECTION('',(-3.03339624214523E-16,-1.85741949924438E-32,-1.));
#3928=DIRECTION('',(1.,1.22464679914735E-16,-3.03339624214523E-16));
#3929=DIRECTION('',(1.22464679914735E-16,-1.,-1.85741949924438E-32));
#3930=DIRECTION('',(1.,1.22464679914735E-16,-3.03339624214523E-16));
#3931=DIRECTION('',(1.22464679914735E-16,-1.,-1.85741949924438E-32));
#3932=DIRECTION('',(1.,1.22464679914735E-16,-3.03339624214523E-16));
#3933=DIRECTION('',(1.22464679914735E-16,-1.,-1.85741949924438E-32));
#3934=DIRECTION('',(-3.03339624214523E-16,1.70279605003858E-16,-1.));
#3935=DIRECTION('',(1.,1.22464679914735E-16,-3.03339624214523E-16));
#3936=DIRECTION('',(1.22464679914735E-16,-1.,-1.85741949924438E-32));
#3937=DIRECTION('',(1.,1.22464679914735E-16,-3.03339624214523E-16));
#3938=DIRECTION('',(1.22464679914735E-16,-1.,-1.85741949924438E-32));
#3939=DIRECTION('',(-1.,-1.22464679914735E-16,3.03339624214523E-16));
#3940=DIRECTION('',(-1.22464679914735E-16,1.,1.85741949924438E-32));
#3941=DIRECTION('',(-1.,-1.22464679914735E-16,3.03339624214523E-16));
#3942=DIRECTION('',(-1.22464679914735E-16,1.,1.85741949924438E-32));
#3943=DIRECTION('',(-1.,-1.22464679914735E-16,3.03339624214523E-16));
#3944=DIRECTION('',(-1.22464679914735E-16,1.,1.85741949924438E-32));
#3945=DIRECTION('',(-1.22464679914735E-16,1.,1.85741949924438E-32));
#3946=DIRECTION('',(3.03339624214523E-16,1.85741949924438E-32,1.));
#3947=DIRECTION('',(-1.22464679914735E-16,1.,1.85741949924438E-32));
#3948=DIRECTION('',(-3.03339624214523E-16,-1.85741949924438E-32,-1.));
#3949=DIRECTION('',(3.03339624214523E-16,1.85741949924438E-32,1.));
#3950=DIRECTION('',(-1.22464679914735E-16,1.,1.85741949924438E-32));
#3951=DIRECTION('',(3.03339624214523E-16,1.85741949924438E-32,1.));
#3952=DIRECTION('',(-1.22464679914735E-16,1.,1.85741949924438E-32));
#3953=DIRECTION('',(3.03339624214523E-16,1.85741949924438E-32,1.));
#3954=DIRECTION('',(-1.22464679914735E-16,1.,1.85741949924438E-32));
#3955=DIRECTION('',(1.,2.50174383667629E-16,-3.03339624214523E-16));
#3956=DIRECTION('',(3.03339624214523E-16,1.85741949924438E-32,1.));
#3957=DIRECTION('',(-1.22464679914735E-16,1.,1.85741949924438E-32));
#3958=DIRECTION('',(3.03339624214523E-16,1.85741949924438E-32,1.));
#3959=DIRECTION('',(-1.22464679914735E-16,1.,1.85741949924438E-32));
#3960=DIRECTION('',(3.03339624214523E-16,1.85741949924438E-32,1.));
#3961=DIRECTION('',(-1.22464679914735E-16,1.,1.85741949924438E-32));
#3962=DIRECTION('',(1.,1.22464679914735E-16,-3.03339624214523E-16));
#3963=DIRECTION('',(3.03339624214523E-16,1.85741949924438E-32,1.));
#3964=DIRECTION('',(-1.22464679914735E-16,1.,1.85741949924438E-32));
#3965=DIRECTION('',(3.03339624214523E-16,1.85741949924438E-32,1.));
#3966=DIRECTION('',(-1.22464679914735E-16,1.,1.85741949924438E-32));
#3967=DIRECTION('',(3.03339624214523E-16,1.85741949924438E-32,1.));
#3968=DIRECTION('',(-1.22464679914735E-16,1.,1.85741949924438E-32));
#3969=DIRECTION('',(1.,2.50174383667629E-16,-3.03339624214523E-16));
#3970=DIRECTION('',(3.03339624214523E-16,1.85741949924438E-32,1.));
#3971=DIRECTION('',(-1.22464679914735E-16,1.,1.85741949924438E-32));
#3972=DIRECTION('',(3.03339624214523E-16,1.85741949924438E-32,1.));
#3973=DIRECTION('',(-1.22464679914735E-16,1.,1.85741949924438E-32));
#3974=DIRECTION('',(3.03339624214523E-16,1.85741949924438E-32,1.));
#3975=DIRECTION('',(-1.22464679914735E-16,1.,1.85741949924438E-32));
#3976=DIRECTION('',(1.,1.22464679914735E-16,-3.03339624214523E-16));
#3977=DIRECTION('',(3.03339624214523E-16,1.85741949924438E-32,1.));
#3978=DIRECTION('',(-1.22464679914735E-16,1.,1.85741949924438E-32));
#3979=DIRECTION('',(1.22464679914735E-16,-1.,-1.85741949924438E-32));
#3980=DIRECTION('',(1.,1.22464679914735E-16,-3.03339624214523E-16));
#3981=DIRECTION('',(1.22464679914735E-16,-1.,-1.85741949924438E-32));
#3982=DIRECTION('',(-1.,-1.22464679914735E-16,3.03339624214523E-16));
#3983=DIRECTION('',(-1.22464679914735E-16,1.,1.85741949924438E-32));
#3984=DIRECTION('',(-1.22464679914735E-16,1.,1.85741949924438E-32));
#3985=DIRECTION('',(-1.,-1.22464679914735E-16,3.03339624214523E-16));
#3986=DIRECTION('',(3.03339624214523E-16,1.85741949924438E-32,1.));
#3987=DIRECTION('',(-1.22464679914735E-16,1.,1.85741949924438E-32));
#3988=DIRECTION('',(3.03339624214523E-16,1.85741949924438E-32,1.));
#3989=DIRECTION('',(-1.22464679914735E-16,1.,1.85741949924438E-32));
#3990=DIRECTION('',(3.03339624214523E-16,1.85741949924438E-32,1.));
#3991=DIRECTION('',(-1.22464679914735E-16,1.,1.85741949924438E-32));
#3992=DIRECTION('',(1.,1.22464679914735E-16,-3.03339624214523E-16));
#3993=DIRECTION('',(1.22464679914735E-16,-1.,-1.85741949924438E-32));
#3994=DIRECTION('',(1.,1.22464679914735E-16,-3.03339624214523E-16));
#3995=DIRECTION('',(1.22464679914735E-16,-1.,-1.85741949924438E-32));
#3996=DIRECTION('',(1.,1.22464679914735E-16,-3.03339624214523E-16));
#3997=DIRECTION('',(1.22464679914735E-16,-1.,-1.85741949924438E-32));
#3998=DIRECTION('',(1.,1.22464679914735E-16,-3.03339624214523E-16));
#3999=DIRECTION('',(1.22464679914735E-16,-1.,-1.85741949924438E-32));
#4000=DIRECTION('',(-3.03339624214523E-16,-1.85741949924438E-32,-1.));
#4001=DIRECTION('',(1.,1.22464679914735E-16,-3.03339624214523E-16));
#4002=DIRECTION('',(1.22464679914735E-16,-1.,-1.85741949924438E-32));
#4003=DIRECTION('',(1.,1.22464679914735E-16,-3.03339624214523E-16));
#4004=DIRECTION('',(1.22464679914735E-16,-1.,-1.85741949924438E-32));
#4005=DIRECTION('',(1.,1.22464679914735E-16,-3.03339624214523E-16));
#4006=DIRECTION('',(1.22464679914735E-16,-1.,-1.85741949924438E-32));
#4007=DIRECTION('',(-3.03339624214523E-16,1.70279605003858E-16,-1.));
#4008=DIRECTION('',(1.,1.22464679914735E-16,-3.03339624214523E-16));
#4009=DIRECTION('',(1.22464679914735E-16,-1.,-1.85741949924438E-32));
#4010=DIRECTION('',(1.,1.22464679914735E-16,-3.03339624214523E-16));
#4011=DIRECTION('',(1.22464679914735E-16,-1.,-1.85741949924438E-32));
#4012=DIRECTION('',(1.,1.22464679914735E-16,-3.03339624214523E-16));
#4013=DIRECTION('',(1.22464679914735E-16,-1.,-1.85741949924438E-32));
#4014=DIRECTION('',(-3.03339624214523E-16,-1.85741949924438E-32,-1.));
#4015=DIRECTION('',(1.,1.22464679914735E-16,-3.03339624214523E-16));
#4016=DIRECTION('',(1.22464679914735E-16,-1.,-1.85741949924438E-32));
#4017=DIRECTION('',(1.,1.22464679914735E-16,-3.03339624214523E-16));
#4018=DIRECTION('',(1.22464679914735E-16,-1.,-1.85741949924438E-32));
#4019=DIRECTION('',(1.,1.22464679914735E-16,-3.03339624214523E-16));
#4020=DIRECTION('',(1.22464679914735E-16,-1.,-1.85741949924438E-32));
#4021=DIRECTION('',(-3.03339624214523E-16,1.70279605003858E-16,-1.));
#4022=DIRECTION('',(1.,1.22464679914735E-16,-3.03339624214523E-16));
#4023=DIRECTION('',(1.22464679914735E-16,-1.,-1.85741949924438E-32));
#4024=DIRECTION('',(1.22464679914735E-16,-1.,-1.85741949924438E-32));
#4025=DIRECTION('',(3.03339624214523E-16,1.85741949924438E-32,1.));
#4026=DIRECTION('',(1.22464679914735E-16,-1.,-1.85741949924438E-32));
#4027=DIRECTION('',(3.03339624214523E-16,1.85741949924438E-32,1.));
#4028=DIRECTION('',(1.22464679914735E-16,-1.,-1.85741949924438E-32));
#4029=DIRECTION('',(1.22464679914735E-16,-1.,-1.85741949924438E-32));
#4030=DIRECTION('',(3.03339624214523E-16,1.85741949924438E-32,1.));
#4031=DIRECTION('',(1.,1.22464679914735E-16,-3.03339624214523E-16));
#4032=DIRECTION('',(1.22464679914735E-16,-1.,-1.85741949924438E-32));
#4033=DIRECTION('',(1.,1.22464679914735E-16,-3.03339624214523E-16));
#4034=DIRECTION('',(1.22464679914735E-16,-1.,-1.85741949924438E-32));
#4035=DIRECTION('',(3.03339624214523E-16,1.85741949924438E-32,1.));
#4036=DIRECTION('',(-1.22464679914735E-16,1.,1.85741949924438E-32));
#4037=DIRECTION('',(3.03339624214523E-16,1.85741949924438E-32,1.));
#4038=DIRECTION('',(-1.22464679914735E-16,1.,1.85741949924438E-32));
#4039=DIRECTION('',(3.03339624214523E-16,1.85741949924438E-32,1.));
#4040=DIRECTION('',(-1.22464679914735E-16,1.,1.85741949924438E-32));
#4041=DIRECTION('',(1.,1.22464679914735E-16,-3.03339624214523E-16));
#4042=DIRECTION('',(3.03339624214523E-16,1.85741949924438E-32,1.));
#4043=DIRECTION('',(-1.22464679914735E-16,1.,1.85741949924438E-32));
#4044=DIRECTION('',(3.03339624214523E-16,1.85741949924438E-32,1.));
#4045=DIRECTION('',(-1.22464679914735E-16,1.,1.85741949924438E-32));
#4046=DIRECTION('',(3.03339624214523E-16,1.85741949924438E-32,1.));
#4047=DIRECTION('',(-1.22464679914735E-16,1.,1.85741949924438E-32));
#4048=DIRECTION('',(1.,2.50174383667629E-16,-3.03339624214523E-16));
#4049=DIRECTION('',(3.03339624214523E-16,1.85741949924438E-32,1.));
#4050=DIRECTION('',(-1.22464679914735E-16,1.,1.85741949924438E-32));
#4051=DIRECTION('',(3.03339624214523E-16,1.85741949924438E-32,1.));
#4052=DIRECTION('',(-1.22464679914735E-16,1.,1.85741949924438E-32));
#4053=DIRECTION('',(3.03339624214523E-16,1.85741949924438E-32,1.));
#4054=DIRECTION('',(-1.22464679914735E-16,1.,1.85741949924438E-32));
#4055=DIRECTION('',(1.,1.22464679914735E-16,-3.03339624214523E-16));
#4056=DIRECTION('',(3.03339624214523E-16,1.85741949924438E-32,1.));
#4057=DIRECTION('',(-1.22464679914735E-16,1.,1.85741949924438E-32));
#4058=DIRECTION('',(3.03339624214523E-16,1.85741949924438E-32,1.));
#4059=DIRECTION('',(-1.22464679914735E-16,1.,1.85741949924438E-32));
#4060=DIRECTION('',(3.03339624214523E-16,1.85741949924438E-32,1.));
#4061=DIRECTION('',(-1.22464679914735E-16,1.,1.85741949924438E-32));
#4062=DIRECTION('',(1.,2.50174383667629E-16,-3.03339624214523E-16));
#4063=DIRECTION('',(3.03339624214523E-16,1.85741949924438E-32,1.));
#4064=DIRECTION('',(-1.22464679914735E-16,1.,1.85741949924438E-32));
#4065=DIRECTION('',(3.03339624214523E-16,1.85741949924438E-32,1.));
#4066=DIRECTION('',(-1.22464679914735E-16,1.,1.85741949924438E-32));
#4067=DIRECTION('',(1.22464679914735E-16,-1.,-1.85741949924438E-32));
#4068=DIRECTION('',(-1.,-1.22464679914735E-16,3.03339624214523E-16));
#4069=DIRECTION('',(1.22464679914735E-16,-1.,-1.85741949924438E-32));
#4070=DIRECTION('',(-1.,-1.22464679914735E-16,3.03339624214523E-16));
#4071=DIRECTION('',(1.22464679914735E-16,-1.,-1.85741949924438E-32));
#4072=DIRECTION('',(1.22464679914735E-16,-1.,-1.85741949924438E-32));
#4073=DIRECTION('',(-1.,-1.22464679914735E-16,3.03339624214523E-16));
#4074=DIRECTION('',(3.03339624214523E-16,1.85741949924438E-32,1.));
#4075=DIRECTION('',(-1.22464679914735E-16,1.,1.85741949924438E-32));
#4076=DIRECTION('',(3.03339624214523E-16,1.85741949924438E-32,1.));
#4077=DIRECTION('',(-1.22464679914735E-16,1.,1.85741949924438E-32));
#4078=DIRECTION('',(1.,1.22464679914735E-16,-3.03339624214523E-16));
#4079=DIRECTION('',(1.22464679914735E-16,-1.,-1.85741949924438E-32));
#4080=DIRECTION('',(1.,1.22464679914735E-16,-3.03339624214523E-16));
#4081=DIRECTION('',(1.22464679914735E-16,-1.,-1.85741949924438E-32));
#4082=DIRECTION('',(1.,1.22464679914735E-16,-3.03339624214523E-16));
#4083=DIRECTION('',(1.22464679914735E-16,-1.,-1.85741949924438E-32));
#4084=DIRECTION('',(1.,1.22464679914735E-16,-3.03339624214523E-16));
#4085=DIRECTION('',(1.22464679914735E-16,-1.,-1.85741949924438E-32));
#4086=DIRECTION('',(-3.03339624214523E-16,1.70279605003858E-16,-1.));
#4087=DIRECTION('',(1.,1.22464679914735E-16,-3.03339624214523E-16));
#4088=DIRECTION('',(1.22464679914735E-16,-1.,-1.85741949924438E-32));
#4089=DIRECTION('',(1.,1.22464679914735E-16,-3.03339624214523E-16));
#4090=DIRECTION('',(1.22464679914735E-16,-1.,-1.85741949924438E-32));
#4091=DIRECTION('',(1.,1.22464679914735E-16,-3.03339624214523E-16));
#4092=DIRECTION('',(1.22464679914735E-16,-1.,-1.85741949924438E-32));
#4093=DIRECTION('',(-3.03339624214523E-16,-1.85741949924438E-32,-1.));
#4094=DIRECTION('',(1.,1.22464679914735E-16,-3.03339624214523E-16));
#4095=DIRECTION('',(1.22464679914735E-16,-1.,-1.85741949924438E-32));
#4096=DIRECTION('',(1.,1.22464679914735E-16,-3.03339624214523E-16));
#4097=DIRECTION('',(1.22464679914735E-16,-1.,-1.85741949924438E-32));
#4098=DIRECTION('',(1.,1.22464679914735E-16,-3.03339624214523E-16));
#4099=DIRECTION('',(1.22464679914735E-16,-1.,-1.85741949924438E-32));
#4100=DIRECTION('',(-3.03339624214523E-16,1.70279605003858E-16,-1.));
#4101=DIRECTION('',(1.,1.22464679914735E-16,-3.03339624214523E-16));
#4102=DIRECTION('',(1.22464679914735E-16,-1.,-1.85741949924438E-32));
#4103=DIRECTION('',(1.,1.22464679914735E-16,-3.03339624214523E-16));
#4104=DIRECTION('',(1.22464679914735E-16,-1.,-1.85741949924438E-32));
#4105=DIRECTION('',(1.,1.22464679914735E-16,-3.03339624214523E-16));
#4106=DIRECTION('',(1.22464679914735E-16,-1.,-1.85741949924438E-32));
#4107=DIRECTION('',(-3.03339624214523E-16,-1.85741949924438E-32,-1.));
#4108=DIRECTION('',(1.22464679914735E-16,-1.,-1.85741949924438E-32));
#4109=DIRECTION('',(-3.03339624214523E-16,-1.85741949924438E-32,-1.));
#4110=DIRECTION('',(1.22464679914735E-16,-1.,-1.85741949924438E-32));
#4111=DIRECTION('',(3.03339624214523E-16,1.85741949924438E-32,1.));
#4112=DIRECTION('',(-1.22464679914735E-16,1.,1.85741949924438E-32));
#4113=DIRECTION('',(-1.22464679914735E-16,1.,1.85741949924438E-32));
#4114=DIRECTION('',(3.03339624214523E-16,1.85741949924438E-32,1.));
#4115=DIRECTION('',(1.,1.22464679914735E-16,-3.03339624214523E-16));
#4116=DIRECTION('',(1.22464679914735E-16,-1.,-1.85741949924438E-32));
#4117=DIRECTION('',(1.,1.22464679914735E-16,-3.03339624214523E-16));
#4118=DIRECTION('',(1.22464679914735E-16,-1.,-1.85741949924438E-32));
#4119=DIRECTION('',(1.,1.22464679914735E-16,-3.03339624214523E-16));
#4120=DIRECTION('',(1.22464679914735E-16,-1.,-1.85741949924438E-32));
#4121=DIRECTION('',(1.22464679914735E-16,-1.,-1.85741949924438E-32));
#4122=DIRECTION('',(-1.,-1.22464679914735E-16,3.03339624214523E-16));
#4123=DIRECTION('',(1.22464679914735E-16,-1.,-1.85741949924438E-32));
#4124=DIRECTION('',(-1.,-1.22464679914735E-16,3.03339624214523E-16));
#4125=DIRECTION('',(1.22464679914735E-16,-1.,-1.85741949924438E-32));
#4126=DIRECTION('',(-1.,-1.22464679914735E-16,3.03339624214523E-16));
#4127=DIRECTION('',(1.22464679914735E-16,-1.,-1.85741949924438E-32));
#4128=DIRECTION('',(-1.,-1.22464679914735E-16,3.03339624214523E-16));
#4129=DIRECTION('',(1.22464679914735E-16,-1.,-1.85741949924438E-32));
#4130=DIRECTION('',(-1.,-1.22464679914735E-16,3.03339624214523E-16));
#4131=DIRECTION('',(0.707106781186548,8.65956056235494E-17,0.707106781186547));
#4132=DIRECTION('',(1.22464679914735E-16,-1.,-1.85741949924438E-32));
#4133=DIRECTION('',(-1.,-1.22464679914735E-16,3.03339624214523E-16));
#4134=DIRECTION('',(1.22464679914735E-16,-1.,-1.85741949924438E-32));
#4135=DIRECTION('',(-1.,-1.22464679914735E-16,3.03339624214523E-16));
#4136=DIRECTION('',(1.22464679914735E-16,-1.,-1.85741949924438E-32));
#4137=DIRECTION('',(-1.,-1.22464679914735E-16,3.03339624214523E-16));
#4138=DIRECTION('',(-0.707106781186547,-8.65956056235493E-17,0.707106781186548));
#4139=DIRECTION('',(1.22464679914735E-16,-1.,-1.85741949924438E-32));
#4140=DIRECTION('',(-1.,-1.22464679914735E-16,3.03339624214523E-16));
#4141=DIRECTION('',(1.22464679914735E-16,-1.,-1.85741949924438E-32));
#4142=DIRECTION('',(-1.,-1.22464679914735E-16,3.03339624214523E-16));
#4143=DIRECTION('',(1.22464679914735E-16,-1.,-1.85741949924438E-32));
#4144=DIRECTION('',(-1.,-1.22464679914735E-16,3.03339624214523E-16));
#4145=DIRECTION('',(1.22464679914735E-16,-1.,-1.85741949924438E-32));
#4146=DIRECTION('',(-1.,-1.22464679914735E-16,3.03339624214523E-16));
#4147=DIRECTION('',(1.22464679914735E-16,-1.,-1.85741949924438E-32));
#4148=DIRECTION('',(-1.,-1.22464679914735E-16,3.03339624214523E-16));
#4149=DIRECTION('',(1.22464679914735E-16,-1.,-1.85741949924438E-32));
#4150=DIRECTION('',(-1.,-1.22464679914735E-16,3.03339624214523E-16));
#4151=DIRECTION('',(1.22464679914735E-16,-1.,-1.85741949924438E-32));
#4152=DIRECTION('',(-1.,-1.22464679914735E-16,3.03339624214523E-16));
#4153=DIRECTION('',(-0.707106781186547,-8.65956056235493E-17,0.707106781186548));
#4154=DIRECTION('',(1.22464679914735E-16,-1.,-1.85741949924438E-32));
#4155=DIRECTION('',(-1.,-1.22464679914735E-16,3.03339624214523E-16));
#4156=DIRECTION('',(1.22464679914735E-16,-1.,-1.85741949924438E-32));
#4157=DIRECTION('',(-1.,-1.22464679914735E-16,3.03339624214523E-16));
#4158=DIRECTION('',(1.22464679914735E-16,-1.,-1.85741949924438E-32));
#4159=DIRECTION('',(-1.,-1.22464679914735E-16,3.03339624214523E-16));
#4160=DIRECTION('',(0.707106781186548,8.65956056235494E-17,0.707106781186547));
#4161=DIRECTION('',(1.22464679914735E-16,-1.,-1.85741949924438E-32));
#4162=DIRECTION('',(-1.,-1.22464679914735E-16,3.03339624214523E-16));
#4163=DIRECTION('',(1.22464679914735E-16,-1.,-1.85741949924438E-32));
#4164=DIRECTION('',(-1.,-1.22464679914735E-16,3.03339624214523E-16));
#4165=DIRECTION('',(1.22464679914735E-16,-1.,-1.85741949924438E-32));
#4166=DIRECTION('',(-1.,-1.22464679914735E-16,3.03339624214523E-16));
#4167=DIRECTION('',(1.22464679914735E-16,-1.,-1.85741949924438E-32));
#4168=DIRECTION('',(-1.,-1.22464679914735E-16,3.03339624214523E-16));
#4169=DIRECTION('',(1.22464679914735E-16,-1.,-1.85741949924438E-32));
#4170=DIRECTION('',(-1.,-1.22464679914735E-16,3.03339624214523E-16));
#4171=DIRECTION('',(1.22464679914735E-16,-1.,-1.85741949924438E-32));
#4172=DIRECTION('',(-1.,-1.22464679914735E-16,3.03339624214523E-16));
#4173=DIRECTION('',(1.22464679914735E-16,-1.,-1.85741949924438E-32));
#4174=DIRECTION('',(-1.,-1.22464679914735E-16,3.03339624214523E-16));
#4175=DIRECTION('',(0.707106781186548,8.65956056235494E-17,0.707106781186547));
#4176=DIRECTION('',(1.22464679914735E-16,-1.,-1.85741949924438E-32));
#4177=DIRECTION('',(-1.,-1.22464679914735E-16,3.03339624214523E-16));
#4178=DIRECTION('',(1.22464679914735E-16,-1.,-1.85741949924438E-32));
#4179=DIRECTION('',(-1.,-1.22464679914735E-16,3.03339624214523E-16));
#4180=DIRECTION('',(1.22464679914735E-16,-1.,-1.85741949924438E-32));
#4181=DIRECTION('',(-1.,-1.22464679914735E-16,3.03339624214523E-16));
#4182=DIRECTION('',(-0.707106781186547,-8.65956056235493E-17,0.707106781186548));
#4183=DIRECTION('',(1.22464679914735E-16,-1.,-1.85741949924438E-32));
#4184=DIRECTION('',(-1.,-1.22464679914735E-16,3.03339624214523E-16));
#4185=DIRECTION('',(1.22464679914735E-16,-1.,-1.85741949924438E-32));
#4186=DIRECTION('',(-1.,-1.22464679914735E-16,3.03339624214523E-16));
#4187=DIRECTION('',(1.22464679914735E-16,-1.,-1.85741949924438E-32));
#4188=DIRECTION('',(-1.,-1.22464679914735E-16,3.03339624214523E-16));
#4189=DIRECTION('',(1.22464679914735E-16,-1.,-1.85741949924438E-32));
#4190=DIRECTION('',(-1.,-1.22464679914735E-16,3.03339624214523E-16));
#4191=DIRECTION('',(1.22464679914735E-16,-1.,-1.85741949924438E-32));
#4192=DIRECTION('',(-1.,-1.22464679914735E-16,3.03339624214523E-16));
#4193=DIRECTION('',(1.22464679914735E-16,-1.,-1.85741949924438E-32));
#4194=DIRECTION('',(-1.,-1.22464679914735E-16,3.03339624214523E-16));
#4195=DIRECTION('',(1.22464679914735E-16,-1.,-1.85741949924438E-32));
#4196=DIRECTION('',(-1.,-1.22464679914735E-16,3.03339624214523E-16));
#4197=DIRECTION('',(-0.707106781186547,-8.65956056235493E-17,0.707106781186548));
#4198=DIRECTION('',(1.22464679914735E-16,-1.,-1.85741949924438E-32));
#4199=DIRECTION('',(-1.,-1.22464679914735E-16,3.03339624214523E-16));
#4200=DIRECTION('',(1.22464679914735E-16,-1.,-1.85741949924438E-32));
#4201=DIRECTION('',(-1.,-1.22464679914735E-16,3.03339624214523E-16));
#4202=DIRECTION('',(1.22464679914735E-16,-1.,-1.85741949924438E-32));
#4203=DIRECTION('',(-1.,-1.22464679914735E-16,3.03339624214523E-16));
#4204=DIRECTION('',(0.707106781186548,8.65956056235494E-17,0.707106781186547));
#4205=DIRECTION('',(1.22464679914735E-16,-1.,-1.85741949924438E-32));
#4206=DIRECTION('',(-1.,-1.22464679914735E-16,3.03339624214523E-16));
#4207=DIRECTION('',(1.22464679914735E-16,-1.,-1.85741949924438E-32));
#4208=DIRECTION('',(-1.,-1.22464679914735E-16,3.03339624214523E-16));
#4209=DIRECTION('',(1.22464679914735E-16,-1.,-1.85741949924438E-32));
#4210=DIRECTION('',(-1.,-1.22464679914735E-16,3.03339624214523E-16));
#4211=DIRECTION('',(-1.22464679914735E-16,1.,1.85741949924438E-32));
#4212=DIRECTION('',(1.,1.22464679914735E-16,-3.03339624214523E-16));
#4213=DIRECTION('',(-1.22464679914735E-16,1.,1.85741949924438E-32));
#4214=DIRECTION('',(1.,1.22464679914735E-16,-3.03339624214523E-16));
#4215=DIRECTION('',(-1.22464679914735E-16,1.,1.85741949924438E-32));
#4216=DIRECTION('',(1.,1.22464679914735E-16,-3.03339624214523E-16));
#4217=DIRECTION('',(-1.22464679914735E-16,1.,1.85741949924438E-32));
#4218=DIRECTION('',(1.,1.22464679914735E-16,-3.03339624214523E-16));
#4219=DIRECTION('',(-1.22464679914735E-16,1.,1.85741949924438E-32));
#4220=DIRECTION('',(1.,1.22464679914735E-16,-3.03339624214523E-16));
#4221=DIRECTION('',(-1.22464679914735E-16,1.,1.85741949924438E-32));
#4222=DIRECTION('',(1.,1.22464679914735E-16,-3.03339624214523E-16));
#4223=DIRECTION('',(-1.22464679914735E-16,1.,1.85741949924438E-32));
#4224=DIRECTION('',(1.,1.22464679914735E-16,-3.03339624214523E-16));
#4225=DIRECTION('',(-1.22464679914735E-16,1.,1.85741949924438E-32));
#4226=DIRECTION('',(1.,1.22464679914735E-16,-3.03339624214523E-16));
#4227=DIRECTION('',(-1.22464679914735E-16,1.,1.85741949924438E-32));
#4228=DIRECTION('',(1.,1.22464679914735E-16,-3.03339624214523E-16));
#4229=DIRECTION('',(-1.22464679914735E-16,1.,1.85741949924438E-32));
#4230=DIRECTION('',(1.,1.22464679914735E-16,-3.03339624214523E-16));
#4231=DIRECTION('',(-1.,-1.22464679914735E-16,3.03339624214523E-16));
#4232=DIRECTION('',(-1.22464679914735E-16,1.,1.85741949924438E-32));
#4233=DIRECTION('',(-1.,-1.22464679914735E-16,3.03339624214523E-16));
#4234=DIRECTION('',(-1.22464679914735E-16,1.,1.85741949924438E-32));
#4235=DIRECTION('',(-1.,-1.22464679914735E-16,3.03339624214523E-16));
#4236=DIRECTION('',(-1.22464679914735E-16,1.,1.85741949924438E-32));
#4237=DIRECTION('',(-1.,-1.22464679914735E-16,3.03339624214523E-16));
#4238=DIRECTION('',(-1.22464679914735E-16,1.,1.85741949924438E-32));
#4239=DIRECTION('',(-1.,-1.22464679914735E-16,3.03339624214523E-16));
#4240=DIRECTION('',(-1.22464679914735E-16,1.,1.85741949924438E-32));
#4241=DIRECTION('',(-1.,-1.22464679914735E-16,3.03339624214523E-16));
#4242=DIRECTION('',(-1.22464679914735E-16,1.,1.85741949924438E-32));
#4243=DIRECTION('',(-1.51669812107262E-16,0.,-1.));
#4244=DIRECTION('',(1.,1.22464679914735E-16,-1.51669812107262E-16));
#4245=DIRECTION('',(-1.51669812107262E-16,0.,-1.));
#4246=DIRECTION('',(1.,1.22464679914735E-16,-1.51669812107262E-16));
#4247=DIRECTION('',(-1.51669812107262E-16,0.,-1.));
#4248=DIRECTION('',(1.,1.22464679914735E-16,-1.51669812107262E-16));
#4249=DIRECTION('',(-1.51669812107262E-16,0.,-1.));
#4250=DIRECTION('',(1.,1.22464679914735E-16,-1.51669812107262E-16));
#4251=DIRECTION('',(-1.51669812107262E-16,0.,-1.));
#4252=DIRECTION('',(1.,1.22464679914735E-16,-1.51669812107262E-16));
#4253=DIRECTION('',(-1.51669812107262E-16,0.,-1.));
#4254=DIRECTION('',(1.,1.22464679914735E-16,-1.51669812107262E-16));
#4255=DIRECTION('',(-1.22464679914735E-16,1.,1.85741949924438E-32));
#4256=DIRECTION('',(1.,1.22464679914735E-16,-3.03339624214523E-16));
#4257=DIRECTION('',(-1.22464679914735E-16,1.,1.85741949924438E-32));
#4258=DIRECTION('',(-1.22464679914735E-16,1.,1.85741949924438E-32));
#4259=DIRECTION('',(0.707106781186548,8.65956056235494E-17,0.707106781186547));
#4260=DIRECTION('',(-0.707106781186547,-8.65956056235493E-17,0.707106781186548));
#4261=DIRECTION('',(-1.22464679914735E-16,1.,1.85741949924438E-32));
#4262=DIRECTION('',(-1.22464679914735E-16,1.,1.85741949924438E-32));
#4263=DIRECTION('',(0.707106781186547,8.65956056235493E-17,-0.707106781186548));
#4264=DIRECTION('',(0.707106781186548,8.65956056235494E-17,0.707106781186547));
#4265=DIRECTION('',(1.22464679914735E-16,-1.,-1.85741949924438E-32));
#4266=DIRECTION('',(1.22464679914735E-16,-1.,-1.85741949924438E-32));
#4267=DIRECTION('',(-1.22464679914735E-16,1.,1.85741949924438E-32));
#4268=DIRECTION('',(1.,1.22464679914735E-16,-3.03339624214523E-16));
#4269=DIRECTION('',(-1.22464679914735E-16,1.,1.85741949924438E-32));
#4270=DIRECTION('',(-1.22464679914735E-16,1.,1.85741949924438E-32));
#4271=DIRECTION('',(-1.22464679914735E-16,1.,1.85741949924438E-32));
#4272=DIRECTION('',(1.,1.22464679914735E-16,-3.03339624214523E-16));
#4273=DIRECTION('',(-1.22464679914735E-16,1.,1.85741949924438E-32));
#4274=DIRECTION('',(-1.22464679914735E-16,1.,1.85741949924438E-32));
#4275=DIRECTION('',(-1.22464679914735E-16,1.,1.85741949924438E-32));
#4276=DIRECTION('',(1.,1.22464679914735E-16,-3.03339624214523E-16));
#4277=DIRECTION('',(-1.22464679914735E-16,1.,1.85741949924438E-32));
#4278=DIRECTION('',(1.,1.22464679914735E-16,-3.03339624214523E-16));
#4279=DIRECTION('',(-1.22464679914735E-16,1.,1.85741949924438E-32));
#4280=DIRECTION('',(1.,1.22464679914735E-16,-3.03339624214523E-16));
#4281=DIRECTION('',(-1.22464679914735E-16,1.,1.85741949924438E-32));
#4282=DIRECTION('',(1.,1.22464679914735E-16,-3.03339624214523E-16));
#4283=DIRECTION('',(-1.22464679914735E-16,1.,1.85741949924438E-32));
#4284=DIRECTION('',(1.,1.22464679914735E-16,-3.03339624214523E-16));
#4285=DIRECTION('',(-1.22464679914735E-16,1.,1.85741949924438E-32));
#4286=DIRECTION('',(1.,1.22464679914735E-16,-3.03339624214523E-16));
#4287=DIRECTION('',(-1.22464679914735E-16,1.,1.85741949924438E-32));
#4288=DIRECTION('',(1.,1.22464679914735E-16,-3.03339624214523E-16));
#4289=DIRECTION('',(-1.22464679914735E-16,1.,1.85741949924438E-32));
#4290=DIRECTION('',(-1.22464679914735E-16,1.,1.85741949924438E-32));
#4291=DIRECTION('',(-1.22464679914735E-16,1.,1.85741949924438E-32));
#4292=DIRECTION('',(1.,1.22464679914735E-16,-3.03339624214523E-16));
#4293=DIRECTION('',(-1.22464679914735E-16,1.,1.85741949924438E-32));
#4294=DIRECTION('',(-1.22464679914735E-16,1.,1.85741949924438E-32));
#4295=DIRECTION('',(0.707106781186547,8.65956056235493E-17,-0.707106781186548));
#4296=DIRECTION('',(0.707106781186548,8.65956056235494E-17,0.707106781186547));
#4297=DIRECTION('',(1.22464679914735E-16,-1.,-1.85741949924438E-32));
#4298=DIRECTION('',(1.22464679914735E-16,-1.,-1.85741949924438E-32));
#4299=DIRECTION('',(0.707106781186548,8.65956056235493E-17,0.707106781186547));
#4300=DIRECTION('',(-0.707106781186547,-8.65956056235493E-17,0.707106781186548));
#4301=DIRECTION('',(1.22464679914735E-16,-1.,-1.85741949924438E-32));
#4302=DIRECTION('',(1.22464679914735E-16,-1.,-1.85741949924438E-32));
#4303=DIRECTION('',(-1.22464679914735E-16,1.,1.85741949924438E-32));
#4304=DIRECTION('',(1.,1.22464679914735E-16,-3.03339624214523E-16));
#4305=DIRECTION('',(-1.22464679914735E-16,1.,1.85741949924438E-32));
#4306=DIRECTION('',(-1.22464679914735E-16,1.,1.85741949924438E-32));
#4307=DIRECTION('',(-1.22464679914735E-16,1.,1.85741949924438E-32));
#4308=DIRECTION('',(1.,1.22464679914735E-16,-3.03339624214523E-16));
#4309=DIRECTION('',(-1.22464679914735E-16,1.,1.85741949924438E-32));
#4310=DIRECTION('',(1.,1.22464679914735E-16,-3.03339624214523E-16));
#4311=DIRECTION('',(-1.22464679914735E-16,1.,1.85741949924438E-32));
#4312=DIRECTION('',(1.,1.22464679914735E-16,-3.03339624214523E-16));
#4313=DIRECTION('',(-1.22464679914735E-16,1.,1.85741949924438E-32));
#4314=DIRECTION('',(1.,1.22464679914735E-16,-3.03339624214523E-16));
#4315=DIRECTION('',(-1.22464679914735E-16,1.,1.85741949924438E-32));
#4316=DIRECTION('',(1.,1.22464679914735E-16,-3.03339624214523E-16));
#4317=DIRECTION('',(-1.22464679914735E-16,1.,1.85741949924438E-32));
#4318=DIRECTION('',(1.,1.22464679914735E-16,-3.03339624214523E-16));
#4319=DIRECTION('',(0.707106781186548,8.65956056235494E-17,0.707106781186547));
#4320=DIRECTION('',(-0.707106781186547,-8.65956056235493E-17,0.707106781186548));
#4321=DIRECTION('',(-1.22464679914735E-16,1.,1.85741949924438E-32));
#4322=DIRECTION('',(-1.22464679914735E-16,1.,1.85741949924438E-32));
#4323=DIRECTION('',(0.707106781186547,8.65956056235493E-17,-0.707106781186548));
#4324=DIRECTION('',(0.707106781186548,8.65956056235494E-17,0.707106781186547));
#4325=DIRECTION('',(-1.22464679914735E-16,1.,1.85741949924438E-32));
#4326=DIRECTION('',(-1.22464679914735E-16,1.,1.85741949924438E-32));
#4327=DIRECTION('',(-1.22464679914735E-16,1.,1.85741949924438E-32));
#4328=DIRECTION('',(1.,1.22464679914735E-16,-3.03339624214523E-16));
#4329=DIRECTION('',(-1.22464679914735E-16,1.,1.85741949924438E-32));
#4330=DIRECTION('',(-1.22464679914735E-16,1.,1.85741949924438E-32));
#4331=DIRECTION('',(-1.22464679914735E-16,1.,1.85741949924438E-32));
#4332=DIRECTION('',(1.,1.22464679914735E-16,-3.03339624214523E-16));
#4333=DIRECTION('',(-1.22464679914735E-16,1.,1.85741949924438E-32));
#4334=DIRECTION('',(-1.22464679914735E-16,1.,1.85741949924438E-32));
#4335=DIRECTION('',(-1.22464679914735E-16,1.,1.85741949924438E-32));
#4336=DIRECTION('',(1.,1.22464679914735E-16,-3.03339624214523E-16));
#4337=DIRECTION('',(-1.22464679914735E-16,1.,1.85741949924438E-32));
#4338=DIRECTION('',(-1.22464679914735E-16,1.,1.85741949924438E-32));
#4339=DIRECTION('',(-1.22464679914735E-16,1.,1.85741949924438E-32));
#4340=DIRECTION('',(1.,1.22464679914735E-16,-3.03339624214523E-16));
#4341=DIRECTION('',(-1.22464679914735E-16,1.,1.85741949924438E-32));
#4342=DIRECTION('',(1.,1.22464679914735E-16,-3.03339624214523E-16));
#4343=DIRECTION('',(-1.22464679914735E-16,1.,1.85741949924438E-32));
#4344=DIRECTION('',(1.,1.22464679914735E-16,-3.03339624214523E-16));
#4345=DIRECTION('',(-1.22464679914735E-16,1.,1.85741949924438E-32));
#4346=DIRECTION('',(1.,1.22464679914735E-16,-3.03339624214523E-16));
#4347=DIRECTION('',(-1.22464679914735E-16,1.,1.85741949924438E-32));
#4348=DIRECTION('',(1.,1.22464679914735E-16,-3.03339624214523E-16));
#4349=DIRECTION('',(-1.22464679914735E-16,1.,1.85741949924438E-32));
#4350=DIRECTION('',(1.,1.22464679914735E-16,-3.03339624214523E-16));
#4351=DIRECTION('',(0.707106781186548,8.65956056235494E-17,0.707106781186547));
#4352=DIRECTION('',(-0.707106781186547,-8.65956056235493E-17,0.707106781186548));
#4353=DIRECTION('',(1.22464679914735E-16,-1.,-1.85741949924438E-32));
#4354=DIRECTION('',(1.22464679914735E-16,-1.,-1.85741949924438E-32));
#4355=DIRECTION('',(0.707106781186547,8.65956056235493E-17,-0.707106781186548));
#4356=DIRECTION('',(0.707106781186548,8.65956056235494E-17,0.707106781186547));
#4357=DIRECTION('',(-1.22464679914735E-16,1.,1.85741949924438E-32));
#4358=DIRECTION('',(-1.22464679914735E-16,1.,1.85741949924438E-32));
#4359=DIRECTION('',(-1.22464679914735E-16,1.,1.85741949924438E-32));
#4360=DIRECTION('',(1.,1.22464679914735E-16,-3.03339624214523E-16));
#4361=DIRECTION('',(-1.22464679914735E-16,1.,1.85741949924438E-32));
#4362=DIRECTION('',(-1.22464679914735E-16,1.,1.85741949924438E-32));
#4363=DIRECTION('',(-1.22464679914735E-16,1.,1.85741949924438E-32));
#4364=DIRECTION('',(1.,1.22464679914735E-16,-3.03339624214523E-16));
#4365=DIRECTION('',(-1.22464679914735E-16,1.,1.85741949924438E-32));
#4366=DIRECTION('',(-1.22464679914735E-16,1.,1.85741949924438E-32));
#4367=DIRECTION('',(-1.22464679914735E-16,1.,1.85741949924438E-32));
#4368=DIRECTION('',(1.,1.22464679914735E-16,-3.03339624214523E-16));
#4369=DIRECTION('',(-1.22464679914735E-16,1.,1.85741949924438E-32));
#4370=DIRECTION('',(-1.22464679914735E-16,1.,1.85741949924438E-32));
#4371=DIRECTION('',(-1.22464679914735E-16,1.,1.85741949924438E-32));
#4372=DIRECTION('',(1.,1.22464679914735E-16,-3.03339624214523E-16));
#4373=DIRECTION('',(-1.22464679914735E-16,1.,1.85741949924438E-32));
#4374=DIRECTION('',(1.,1.22464679914735E-16,-3.03339624214523E-16));
#4375=DIRECTION('',(-1.22464679914735E-16,1.,1.85741949924438E-32));
#4376=DIRECTION('',(1.,1.22464679914735E-16,-3.03339624214523E-16));
#4377=DIRECTION('',(-1.22464679914735E-16,1.,1.85741949924438E-32));
#4378=DIRECTION('',(1.,1.22464679914735E-16,-3.03339624214523E-16));
#4379=DIRECTION('',(-1.22464679914735E-16,1.,1.85741949924438E-32));
#4380=DIRECTION('',(1.,1.22464679914735E-16,-3.03339624214523E-16));
#4381=DIRECTION('',(-1.22464679914735E-16,1.,1.85741949924438E-32));
#4382=DIRECTION('',(1.,1.22464679914735E-16,-3.03339624214523E-16));
#4383=DIRECTION('',(1.22464679914735E-16,-1.,-1.85741949924438E-32));
#4384=DIRECTION('',(-1.,-1.22464679914735E-16,3.03339624214523E-16));
#4385=DIRECTION('',(1.22464679914735E-16,-1.,-1.85741949924438E-32));
#4386=DIRECTION('',(-1.,-1.22464679914735E-16,3.03339624214523E-16));
#4387=DIRECTION('',(1.22464679914735E-16,-1.,-1.85741949924438E-32));
#4388=DIRECTION('',(-1.,-1.22464679914735E-16,3.03339624214523E-16));
#4389=DIRECTION('',(-1.22464679914735E-16,1.,1.85741949924438E-32));
#4390=DIRECTION('',(1.,1.22464679914735E-16,-3.03339624214523E-16));
#4391=DIRECTION('',(1.22464679914735E-16,-1.,-1.85741949924438E-32));
#4392=DIRECTION('',(-1.,-1.22464679914735E-16,3.03339624214523E-16));
#4393=DIRECTION('',(1.22464679914735E-16,-1.,-1.85741949924438E-32));
#4394=DIRECTION('',(-1.,-1.22464679914735E-16,3.03339624214523E-16));
#4395=DIRECTION('',(1.22464679914735E-16,-1.,-1.85741949924438E-32));
#4396=DIRECTION('',(-1.,-1.22464679914735E-16,3.03339624214523E-16));
#4397=DIRECTION('',(1.22464679914735E-16,-1.,-1.85741949924438E-32));
#4398=DIRECTION('',(-1.,-1.22464679914735E-16,3.03339624214523E-16));
#4399=DIRECTION('',(1.22464679914735E-16,-1.,-1.85741949924438E-32));
#4400=DIRECTION('',(-1.,-1.22464679914735E-16,3.03339624214523E-16));
#4401=DIRECTION('',(-1.22464679914735E-16,1.,1.85741949924438E-32));
#4402=DIRECTION('',(1.,1.22464679914735E-16,-3.03339624214523E-16));
#4403=DIRECTION('',(1.22464679914735E-16,-1.,-1.85741949924438E-32));
#4404=DIRECTION('',(-1.,-1.22464679914735E-16,3.03339624214523E-16));
#4405=DIRECTION('',(1.22464679914735E-16,-1.,-1.85741949924438E-32));
#4406=DIRECTION('',(-1.,-1.22464679914735E-16,3.03339624214523E-16));
#4407=DIRECTION('',(-1.22464679914735E-16,1.,1.85741949924438E-32));
#4408=DIRECTION('',(1.,1.22464679914735E-16,-3.03339624214523E-16));
#4409=DIRECTION('',(1.22464679914735E-16,-1.,-1.85741949924438E-32));
#4410=DIRECTION('',(-1.,-1.22464679914735E-16,3.03339624214523E-16));
#4411=DIRECTION('',(1.22464679914735E-16,-1.,-1.85741949924438E-32));
#4412=DIRECTION('',(-1.,-1.22464679914735E-16,3.03339624214523E-16));
#4413=DIRECTION('',(1.22464679914735E-16,-1.,-1.85741949924438E-32));
#4414=DIRECTION('',(-1.,-1.22464679914735E-16,3.03339624214523E-16));
#4415=DIRECTION('',(-1.22464679914735E-16,1.,1.85741949924438E-32));
#4416=DIRECTION('',(1.,1.22464679914735E-16,-3.03339624214523E-16));
#4417=DIRECTION('',(1.22464679914735E-16,-1.,-1.85741949924438E-32));
#4418=DIRECTION('',(-1.,-1.22464679914735E-16,3.03339624214523E-16));
#4419=DIRECTION('',(1.22464679914735E-16,-1.,-1.85741949924438E-32));
#4420=DIRECTION('',(-1.,-1.22464679914735E-16,3.03339624214523E-16));
#4421=DIRECTION('',(1.22464679914735E-16,-1.,-1.85741949924438E-32));
#4422=DIRECTION('',(-1.,-1.22464679914735E-16,3.03339624214523E-16));
#4423=DIRECTION('',(-3.01089110908218E-16,0.707106781186548,-0.707106781186548));
#4424=DIRECTION('',(-1.,-1.22464679914735E-16,3.03339624214523E-16));
#4425=DIRECTION('',(1.27897899661119E-16,0.707106781186548,0.707106781186548));
#4426=DIRECTION('',(-1.27897899661119E-16,-0.707106781186548,-0.707106781186548));
#4427=DIRECTION('',(1.22464679914735E-16,-1.,-1.85741949924438E-32));
#4428=DIRECTION('',(-1.,-1.22464679914735E-16,3.03339624214523E-16));
#4429=DIRECTION('',(0.707106781186548,-0.707106781186547,-2.14493505284668E-16));
#4430=DIRECTION('',(1.22464679914735E-16,-1.,-1.85741949924438E-32));
#4431=DIRECTION('',(-1.,-1.22464679914735E-16,3.03339624214523E-16));
#4432=DIRECTION('',(0.707106781186547,0.707106781186548,-2.14493505284668E-16));
#4433=DIRECTION('',(-0.707106781186547,-0.707106781186548,2.14493505284668E-16));
#4434=DIRECTION('',(-3.03339624214523E-16,-1.85741949924438E-32,-1.));
#4435=DIRECTION('',(0.707106781186548,-0.707106781186547,-2.14493505284668E-16));
#4436=DIRECTION('',(-0.707106781186548,0.707106781186547,2.14493505284668E-16));
#4437=DIRECTION('',(3.03339624214523E-16,1.85741949924438E-32,1.));
#4438=DIRECTION('',(0.707106781186547,0.707106781186548,-2.14493505284668E-16));
#4439=DIRECTION('',(1.22464679914735E-16,-1.,-1.85741949924438E-32));
#4440=DIRECTION('',(-1.,-1.22464679914735E-16,3.03339624214523E-16));
#4441=DIRECTION('',(3.01089110908218E-16,-0.707106781186548,0.707106781186548));
#4442=DIRECTION('',(1.22464679914735E-16,-1.,-1.85741949924438E-32));
#4443=DIRECTION('',(-1.,-1.22464679914735E-16,3.03339624214523E-16));
#4444=DIRECTION('',(-3.01089110908218E-16,0.707106781186548,-0.707106781186548));
#4445=DIRECTION('',(-1.27897899661119E-16,-0.707106781186548,-0.707106781186548));
#4446=DIRECTION('',(1.,1.22464679914735E-16,-3.03339624214523E-16));
#4447=DIRECTION('',(0.707106781186548,-0.707106781186547,-2.14493505284668E-16));
#4448=DIRECTION('',(-3.03339624214523E-16,-1.85741949924438E-32,-1.));
#4449=DIRECTION('',(0.707106781186547,0.707106781186548,-2.14493505284668E-16));
#4450=DIRECTION('',(-0.707106781186547,-0.707106781186548,2.14493505284668E-16));
#4451=DIRECTION('',(1.22464679914735E-16,-1.,-1.85741949924438E-32));
#4452=DIRECTION('',(-1.,-1.22464679914735E-16,3.03339624214523E-16));
#4453=DIRECTION('',(3.01089110908218E-16,-0.707106781186548,0.707106781186548));
#4454=DIRECTION('',(1.22464679914735E-16,-1.,-1.85741949924438E-32));
#4455=DIRECTION('',(-1.,-1.22464679914735E-16,3.03339624214523E-16));
#4456=DIRECTION('',(1.27897899661119E-16,0.707106781186548,0.707106781186548));
#4457=DIRECTION('',(2.0651147018785E-17,0.707106781186548,0.707106781186548));
#4458=DIRECTION('',(-1.,-1.22464679914735E-16,1.51669812107262E-16));
#4459=DIRECTION('',(3.01089110908218E-16,-0.707106781186548,0.707106781186548));
#4460=DIRECTION('',(1.93842358265883E-16,-0.707106781186548,0.707106781186548));
#4461=DIRECTION('',(1.,1.22464679914735E-16,-1.51669812107262E-16));
#4462=DIRECTION('',(1.27897899661119E-16,0.707106781186548,0.707106781186548));
#4463=DIRECTION('',(1.22464679914735E-16,-1.,-1.85741949924438E-32));
#4464=DIRECTION('',(-1.,-1.22464679914735E-16,3.03339624214523E-16));
#4465=DIRECTION('',(0.707106781186548,-0.707106781186547,-2.14493505284668E-16));
#4466=DIRECTION('',(1.22464679914735E-16,-1.,-1.85741949924438E-32));
#4467=DIRECTION('',(-1.,-1.22464679914735E-16,3.03339624214523E-16));
#4468=DIRECTION('',(-0.707106781186548,0.707106781186547,2.14493505284668E-16));
#4469=DIRECTION('',(0.707106781186547,0.707106781186548,-2.14493505284668E-16));
#4470=DIRECTION('',(3.03339624214523E-16,1.85741949924438E-32,1.));
#4471=DIRECTION('',(-0.707106781186547,-0.707106781186548,2.14493505284668E-16));
#4472=DIRECTION('',(3.03339624214523E-16,1.85741949924438E-32,1.));
#4473=DIRECTION('',(-0.707106781186548,0.707106781186547,2.14493505284668E-16));
#4474=DIRECTION('',(0.707106781186548,-0.707106781186547,-2.14493505284668E-16));
#4475=DIRECTION('',(-1.22464679914735E-16,1.,1.85741949924438E-32));
#4476=DIRECTION('',(1.,1.22464679914735E-16,-3.03339624214523E-16));
#4477=DIRECTION('',(-1.27897899661119E-16,-0.707106781186548,-0.707106781186548));
#4478=DIRECTION('',(-1.22464679914735E-16,1.,1.85741949924438E-32));
#4479=DIRECTION('',(1.,1.22464679914735E-16,-3.03339624214523E-16));
#4480=DIRECTION('',(-3.01089110908218E-16,0.707106781186548,-0.707106781186548));
#4481=DIRECTION('',(-1.93842358265883E-16,0.707106781186548,-0.707106781186548));
#4482=DIRECTION('',(1.,1.22464679914735E-16,-1.51669812107262E-16));
#4483=DIRECTION('',(-1.27897899661119E-16,-0.707106781186548,-0.707106781186548));
#4484=DIRECTION('',(-2.0651147018785E-17,-0.707106781186548,-0.707106781186548));
#4485=DIRECTION('',(-1.,-1.22464679914735E-16,1.51669812107262E-16));
#4486=DIRECTION('',(-3.01089110908218E-16,0.707106781186548,-0.707106781186548));
#4487=DIRECTION('',(-1.22464679914735E-16,1.,1.85741949924438E-32));
#4488=DIRECTION('',(1.,1.22464679914735E-16,-3.03339624214523E-16));
#4489=DIRECTION('',(-0.707106781186547,-0.707106781186548,2.14493505284668E-16));
#4490=DIRECTION('',(-1.22464679914735E-16,1.,1.85741949924438E-32));
#4491=DIRECTION('',(1.,1.22464679914735E-16,-3.03339624214523E-16));
#4492=DIRECTION('',(0.707106781186547,0.707106781186548,-2.14493505284668E-16));
#4493=DIRECTION('',(-0.707106781186548,0.707106781186547,2.14493505284668E-16));
#4494=DIRECTION('',(-3.03339624214523E-16,-1.85741949924438E-32,-1.));
#4495=DIRECTION('',(1.51669812107262E-16,0.,1.));
#4496=DIRECTION('',(-1.,-1.22464679914735E-16,1.51669812107262E-16));
#4497=DIRECTION('',(1.51669812107262E-16,0.,1.));
#4498=DIRECTION('',(-1.51669812107262E-16,0.,-1.));
#4499=DIRECTION('',(1.51669812107262E-16,0.,1.));
#4500=DIRECTION('',(-1.,-1.22464679914735E-16,1.51669812107262E-16));
#4501=DIRECTION('',(-1.51669812107262E-16,0.,-1.));
#4502=DIRECTION('',(1.51669812107262E-16,0.,1.));
#4503=DIRECTION('',(2.50174383667629E-16,-1.,-3.79439017649194E-32));
#4504=DIRECTION('',(-1.,-2.50174383667629E-16,3.03339624214523E-16));
#4505=DIRECTION('',(1.51669812107262E-16,0.,1.));
#4506=DIRECTION('',(-1.,-1.22464679914735E-16,1.51669812107262E-16));
#4507=DIRECTION('',(1.51669812107262E-16,0.,1.));
#4508=DIRECTION('',(1.51669812107262E-16,0.,1.));
#4509=DIRECTION('',(-1.,-1.22464679914735E-16,1.51669812107262E-16));
#4510=DIRECTION('',(1.51669812107262E-16,0.,1.));
#4511=DIRECTION('',(1.51669812107262E-16,0.,1.));
#4512=DIRECTION('',(-1.,-1.22464679914735E-16,1.51669812107262E-16));
#4513=DIRECTION('',(1.51669812107262E-16,0.,1.));
#4514=DIRECTION('',(1.51669812107262E-16,0.,1.));
#4515=DIRECTION('',(-1.,-1.22464679914735E-16,1.51669812107262E-16));
#4516=DIRECTION('',(1.51669812107262E-16,0.,1.));
#4517=DIRECTION('',(1.22464679914735E-16,-1.,-1.85741949924438E-32));
#4518=DIRECTION('',(-1.,-1.22464679914735E-16,3.03339624214523E-16));
#4519=DIRECTION('',(1.51669812107262E-16,0.,1.));
#4520=DIRECTION('',(-1.,-1.22464679914735E-16,1.51669812107262E-16));
#4521=DIRECTION('',(1.51669812107262E-16,0.,1.));
#4522=DIRECTION('',(-1.51669812107262E-16,0.,-1.));
#4523=DIRECTION('',(1.51669812107262E-16,0.,1.));
#4524=DIRECTION('',(-1.,-1.22464679914735E-16,1.51669812107262E-16));
#4525=DIRECTION('',(-1.51669812107262E-16,0.,-1.));
#4526=DIRECTION('',(1.51669812107262E-16,0.,1.));
#4527=DIRECTION('',(2.50174383667629E-16,-1.,-3.79439017649194E-32));
#4528=DIRECTION('',(-1.,-2.50174383667629E-16,3.03339624214523E-16));
#4529=DIRECTION('',(1.51669812107262E-16,0.,1.));
#4530=DIRECTION('',(-1.,-1.22464679914735E-16,1.51669812107262E-16));
#4531=DIRECTION('',(1.51669812107262E-16,0.,1.));
#4532=DIRECTION('',(1.51669812107262E-16,0.,1.));
#4533=DIRECTION('',(-1.,-1.22464679914735E-16,1.51669812107262E-16));
#4534=DIRECTION('',(1.51669812107262E-16,0.,1.));
#4535=DIRECTION('',(1.51669812107262E-16,0.,1.));
#4536=DIRECTION('',(-1.,-1.22464679914735E-16,1.51669812107262E-16));
#4537=DIRECTION('',(1.51669812107262E-16,0.,1.));
#4538=DIRECTION('',(1.51669812107262E-16,0.,1.));
#4539=DIRECTION('',(-1.,-1.22464679914735E-16,1.51669812107262E-16));
#4540=DIRECTION('',(1.51669812107262E-16,0.,1.));
#4541=DIRECTION('',(1.22464679914735E-16,-1.,-1.85741949924438E-32));
#4542=DIRECTION('',(-1.,-1.22464679914735E-16,3.03339624214523E-16));
#4543=DIRECTION('',(1.22464679914735E-16,-1.,-1.85741949924438E-32));
#4544=DIRECTION('',(-1.,-1.22464679914735E-16,3.03339624214523E-16));
#4545=DIRECTION('',(1.51669812107262E-16,0.,1.));
#4546=DIRECTION('',(1.51669812107262E-16,0.,1.));
#4547=DIRECTION('',(1.51669812107262E-16,0.,1.));
#4548=DIRECTION('',(-1.,-1.22464679914735E-16,1.51669812107262E-16));
#4549=DIRECTION('',(1.51669812107262E-16,0.,1.));
#4550=DIRECTION('',(1.51669812107262E-16,0.,1.));
#4551=DIRECTION('',(-1.,-1.22464679914735E-16,1.51669812107262E-16));
#4552=DIRECTION('',(1.51669812107262E-16,0.,1.));
#4553=DIRECTION('',(1.51669812107262E-16,0.,1.));
#4554=DIRECTION('',(-1.,-1.22464679914735E-16,1.51669812107262E-16));
#4555=DIRECTION('',(1.51669812107262E-16,0.,1.));
#4556=DIRECTION('',(1.51669812107262E-16,0.,1.));
#4557=DIRECTION('',(-1.,-1.22464679914735E-16,1.51669812107262E-16));
#4558=DIRECTION('',(1.51669812107262E-16,0.,1.));
#4559=DIRECTION('',(2.50174383667629E-16,-1.,-3.79439017649194E-32));
#4560=DIRECTION('',(-1.,-2.50174383667629E-16,3.03339624214523E-16));
#4561=DIRECTION('',(-1.51669812107262E-16,0.,-1.));
#4562=DIRECTION('',(-1.51669812107262E-16,0.,-1.));
#4563=DIRECTION('',(1.51669812107262E-16,0.,1.));
#4564=DIRECTION('',(-1.,-1.22464679914735E-16,1.51669812107262E-16));
#4565=DIRECTION('',(1.51669812107262E-16,0.,1.));
#4566=DIRECTION('',(-1.,-1.22464679914735E-16,1.51669812107262E-16));
#4567=DIRECTION('',(1.22464679914735E-16,-1.,-1.85741949924438E-32));
#4568=DIRECTION('',(-1.,-1.22464679914735E-16,3.03339624214523E-16));
#4569=DIRECTION('',(1.51669812107262E-16,0.,1.));
#4570=DIRECTION('',(1.51669812107262E-16,0.,1.));
#4571=DIRECTION('',(1.51669812107262E-16,0.,1.));
#4572=DIRECTION('',(-1.,-1.22464679914735E-16,1.51669812107262E-16));
#4573=DIRECTION('',(1.51669812107262E-16,0.,1.));
#4574=DIRECTION('',(1.51669812107262E-16,0.,1.));
#4575=DIRECTION('',(-1.,-1.22464679914735E-16,1.51669812107262E-16));
#4576=DIRECTION('',(1.51669812107262E-16,0.,1.));
#4577=DIRECTION('',(1.51669812107262E-16,0.,1.));
#4578=DIRECTION('',(-1.,-1.22464679914735E-16,1.51669812107262E-16));
#4579=DIRECTION('',(1.51669812107262E-16,0.,1.));
#4580=DIRECTION('',(1.51669812107262E-16,0.,1.));
#4581=DIRECTION('',(-1.,-1.22464679914735E-16,1.51669812107262E-16));
#4582=DIRECTION('',(1.51669812107262E-16,0.,1.));
#4583=DIRECTION('',(2.50174383667629E-16,-1.,-3.79439017649194E-32));
#4584=DIRECTION('',(-1.,-2.50174383667629E-16,3.03339624214523E-16));
#4585=DIRECTION('',(-1.51669812107262E-16,0.,-1.));
#4586=DIRECTION('',(-1.51669812107262E-16,0.,-1.));
#4587=DIRECTION('',(1.51669812107262E-16,0.,1.));
#4588=DIRECTION('',(-1.,-1.22464679914735E-16,1.51669812107262E-16));
#4589=DIRECTION('',(1.51669812107262E-16,0.,1.));
#4590=DIRECTION('',(-1.,-1.22464679914735E-16,1.51669812107262E-16));
#4591=DIRECTION('',(1.,1.22464679914735E-16,-3.03339624214523E-16));
#4592=DIRECTION('',(1.22464679914735E-16,-1.,-1.85741949924438E-32));
#4593=DIRECTION('',(1.,1.22464679914735E-16,-3.03339624214523E-16));
#4594=DIRECTION('',(-1.,-1.22464679914735E-16,3.03339624214523E-16));
#4595=DIRECTION('',(1.,1.22464679914735E-16,-3.03339624214523E-16));
#4596=DIRECTION('',(1.22464679914735E-16,-1.,-1.85741949924438E-32));
#4597=DIRECTION('',(-1.,-1.22464679914735E-16,3.03339624214523E-16));
#4598=DIRECTION('',(1.,1.22464679914735E-16,-3.03339624214523E-16));
#4599=DIRECTION('',(1.22464679914735E-16,-1.,-1.70279605003858E-16));
#4600=DIRECTION('',(3.03339624214523E-16,-1.70279605003858E-16,1.));
#4601=DIRECTION('',(1.,1.22464679914735E-16,-3.03339624214523E-16));
#4602=DIRECTION('',(1.22464679914735E-16,-1.,-1.85741949924438E-32));
#4603=DIRECTION('',(1.,1.22464679914735E-16,-3.03339624214523E-16));
#4604=DIRECTION('',(1.,1.22464679914735E-16,-3.03339624214523E-16));
#4605=DIRECTION('',(1.22464679914735E-16,-1.,-1.85741949924438E-32));
#4606=DIRECTION('',(1.,1.22464679914735E-16,-3.03339624214523E-16));
#4607=DIRECTION('',(1.,1.22464679914735E-16,-3.03339624214523E-16));
#4608=DIRECTION('',(1.22464679914735E-16,-1.,-1.85741949924438E-32));
#4609=DIRECTION('',(1.,1.22464679914735E-16,-3.03339624214523E-16));
#4610=DIRECTION('',(1.,1.22464679914735E-16,-3.03339624214523E-16));
#4611=DIRECTION('',(1.22464679914735E-16,-1.,-1.85741949924438E-32));
#4612=DIRECTION('',(1.,1.22464679914735E-16,-3.03339624214523E-16));
#4613=DIRECTION('',(1.22464679914735E-16,-1.,-1.85741949924438E-32));
#4614=DIRECTION('',(-1.,-1.22464679914735E-16,3.03339624214523E-16));
#4615=DIRECTION('',(1.,1.22464679914735E-16,-3.03339624214523E-16));
#4616=DIRECTION('',(1.22464679914735E-16,-1.,-1.85741949924438E-32));
#4617=DIRECTION('',(1.,1.22464679914735E-16,-3.03339624214523E-16));
#4618=DIRECTION('',(-1.,-1.22464679914735E-16,3.03339624214523E-16));
#4619=DIRECTION('',(1.,1.22464679914735E-16,-3.03339624214523E-16));
#4620=DIRECTION('',(1.22464679914735E-16,-1.,-1.85741949924438E-32));
#4621=DIRECTION('',(-1.,-1.22464679914735E-16,3.03339624214523E-16));
#4622=DIRECTION('',(1.,1.22464679914735E-16,-3.03339624214523E-16));
#4623=DIRECTION('',(1.22464679914735E-16,-1.,-1.70279605003858E-16));
#4624=DIRECTION('',(3.03339624214523E-16,-1.70279605003858E-16,1.));
#4625=DIRECTION('',(1.,1.22464679914735E-16,-3.03339624214523E-16));
#4626=DIRECTION('',(1.22464679914735E-16,-1.,-1.85741949924438E-32));
#4627=DIRECTION('',(1.,1.22464679914735E-16,-3.03339624214523E-16));
#4628=DIRECTION('',(1.,1.22464679914735E-16,-3.03339624214523E-16));
#4629=DIRECTION('',(1.22464679914735E-16,-1.,-1.85741949924438E-32));
#4630=DIRECTION('',(1.,1.22464679914735E-16,-3.03339624214523E-16));
#4631=DIRECTION('',(1.,1.22464679914735E-16,-3.03339624214523E-16));
#4632=DIRECTION('',(1.22464679914735E-16,-1.,-1.85741949924438E-32));
#4633=DIRECTION('',(1.,1.22464679914735E-16,-3.03339624214523E-16));
#4634=DIRECTION('',(1.,1.22464679914735E-16,-3.03339624214523E-16));
#4635=DIRECTION('',(1.22464679914735E-16,-1.,-1.85741949924438E-32));
#4636=DIRECTION('',(1.,1.22464679914735E-16,-3.03339624214523E-16));
#4637=DIRECTION('',(1.22464679914735E-16,-1.,-1.85741949924438E-32));
#4638=DIRECTION('',(-1.,-1.22464679914735E-16,3.03339624214523E-16));
#4639=DIRECTION('',(1.22464679914735E-16,-1.,-1.85741949924438E-32));
#4640=DIRECTION('',(-1.,-1.22464679914735E-16,3.03339624214523E-16));
#4641=DIRECTION('',(1.,1.22464679914735E-16,-3.03339624214523E-16));
#4642=DIRECTION('',(1.,1.22464679914735E-16,-3.03339624214523E-16));
#4643=DIRECTION('',(1.,1.22464679914735E-16,-3.03339624214523E-16));
#4644=DIRECTION('',(1.22464679914735E-16,-1.,-1.85741949924438E-32));
#4645=DIRECTION('',(1.,1.22464679914735E-16,-3.03339624214523E-16));
#4646=DIRECTION('',(1.,1.22464679914735E-16,-3.03339624214523E-16));
#4647=DIRECTION('',(1.22464679914735E-16,-1.,-1.85741949924438E-32));
#4648=DIRECTION('',(1.,1.22464679914735E-16,-3.03339624214523E-16));
#4649=DIRECTION('',(1.,1.22464679914735E-16,-3.03339624214523E-16));
#4650=DIRECTION('',(1.22464679914735E-16,-1.,-1.85741949924438E-32));
#4651=DIRECTION('',(1.,1.22464679914735E-16,-3.03339624214523E-16));
#4652=DIRECTION('',(1.,1.22464679914735E-16,-3.03339624214523E-16));
#4653=DIRECTION('',(1.22464679914735E-16,-1.,-1.85741949924438E-32));
#4654=DIRECTION('',(1.,1.22464679914735E-16,-3.03339624214523E-16));
#4655=DIRECTION('',(1.22464679914735E-16,-1.,-1.70279605003858E-16));
#4656=DIRECTION('',(3.03339624214523E-16,-1.70279605003858E-16,1.));
#4657=DIRECTION('',(-1.,-1.22464679914735E-16,3.03339624214523E-16));
#4658=DIRECTION('',(-1.,-1.22464679914735E-16,3.03339624214523E-16));
#4659=DIRECTION('',(1.,1.22464679914735E-16,-3.03339624214523E-16));
#4660=DIRECTION('',(1.22464679914735E-16,-1.,-1.85741949924438E-32));
#4661=DIRECTION('',(1.,1.22464679914735E-16,-3.03339624214523E-16));
#4662=DIRECTION('',(1.22464679914735E-16,-1.,-1.85741949924438E-32));
#4663=DIRECTION('',(1.22464679914735E-16,-1.,-1.85741949924438E-32));
#4664=DIRECTION('',(-1.,-1.22464679914735E-16,3.03339624214523E-16));
#4665=DIRECTION('',(1.,1.22464679914735E-16,-3.03339624214523E-16));
#4666=DIRECTION('',(1.,1.22464679914735E-16,-3.03339624214523E-16));
#4667=DIRECTION('',(1.,1.22464679914735E-16,-3.03339624214523E-16));
#4668=DIRECTION('',(1.22464679914735E-16,-1.,-1.85741949924438E-32));
#4669=DIRECTION('',(1.,1.22464679914735E-16,-3.03339624214523E-16));
#4670=DIRECTION('',(1.,1.22464679914735E-16,-3.03339624214523E-16));
#4671=DIRECTION('',(1.22464679914735E-16,-1.,-1.85741949924438E-32));
#4672=DIRECTION('',(1.,1.22464679914735E-16,-3.03339624214523E-16));
#4673=DIRECTION('',(1.,1.22464679914735E-16,-3.03339624214523E-16));
#4674=DIRECTION('',(1.22464679914735E-16,-1.,-1.85741949924438E-32));
#4675=DIRECTION('',(1.,1.22464679914735E-16,-3.03339624214523E-16));
#4676=DIRECTION('',(1.,1.22464679914735E-16,-3.03339624214523E-16));
#4677=DIRECTION('',(1.22464679914735E-16,-1.,-1.85741949924438E-32));
#4678=DIRECTION('',(1.,1.22464679914735E-16,-3.03339624214523E-16));
#4679=DIRECTION('',(1.22464679914735E-16,-1.,-1.70279605003858E-16));
#4680=DIRECTION('',(3.03339624214523E-16,-1.70279605003858E-16,1.));
#4681=DIRECTION('',(-1.,-1.22464679914735E-16,3.03339624214523E-16));
#4682=DIRECTION('',(-1.,-1.22464679914735E-16,3.03339624214523E-16));
#4683=DIRECTION('',(1.,1.22464679914735E-16,-3.03339624214523E-16));
#4684=DIRECTION('',(1.22464679914735E-16,-1.,-1.85741949924438E-32));
#4685=DIRECTION('',(1.,1.22464679914735E-16,-3.03339624214523E-16));
#4686=DIRECTION('',(1.22464679914735E-16,-1.,-1.85741949924438E-32));
#4687=CARTESIAN_POINT('',(0.,0.,0.));
#4688=CARTESIAN_POINT('',(-1.5308084989342E-16,1.5625,1.74133078054161E-32));
#4689=CARTESIAN_POINT('',(2.0375,1.5625,2.0375));
#4690=CARTESIAN_POINT('',(2.0375,1.5625,2.2375));
#4691=CARTESIAN_POINT('',(2.2375,1.5625,2.0375));
#4692=CARTESIAN_POINT('',(2.2375,1.5625,-2.0375));
#4693=CARTESIAN_POINT('',(2.2375,1.5625,-2.0375));
#4694=CARTESIAN_POINT('',(2.0375,1.5625,-2.0375));
#4695=CARTESIAN_POINT('',(2.0375,1.5625,-2.2375));
#4696=CARTESIAN_POINT('',(-4.92442054483418E-16,1.5625,-2.2375));
#4697=CARTESIAN_POINT('',(-2.0375,1.5625,-2.2375));
#4698=CARTESIAN_POINT('',(-2.0375,1.5625,-2.0375));
#4699=CARTESIAN_POINT('',(-2.2375,1.5625,-2.0375));
#4700=CARTESIAN_POINT('',(-2.2375,1.5625,6.78722409179997E-16));
#4701=CARTESIAN_POINT('',(-2.2375,1.5625,2.0375));
#4702=CARTESIAN_POINT('',(-2.0375,1.5625,2.0375));
#4703=CARTESIAN_POINT('',(-2.0375,1.5625,2.2375));
#4704=CARTESIAN_POINT('',(2.0375,1.5625,2.2375));
#4705=CARTESIAN_POINT('',(-0.159099025766974,1.5625,-0.159099025766973));
#4706=CARTESIAN_POINT('',(-0.876335006711631,1.5625,0.558136955177686));
#4707=CARTESIAN_POINT('',(-0.691863044822315,1.5625,0.373664993288369));
#4708=CARTESIAN_POINT('',(-1.02482743076081,1.5625,0.409644531128511));
#4709=CARTESIAN_POINT('',(-1.07917943023234,1.5625,0.612488954649215));
#4710=CARTESIAN_POINT('',(-1.25,1.5625,1.25));
#4711=CARTESIAN_POINT('',(-1.53637931034483,1.5625,0.655368273124936));
#4712=CARTESIAN_POINT('',(-1.6275,1.5625,0.466167269119234));
#4713=CARTESIAN_POINT('',(-1.8375,1.5625,0.466167269119234));
#4714=CARTESIAN_POINT('',(-1.8375,1.5625,5.57386559494187E-16));
#4715=CARTESIAN_POINT('',(-1.8375,1.5625,-0.466167269119233));
#4716=CARTESIAN_POINT('',(-1.6275,1.5625,-0.466167269119233));
#4717=CARTESIAN_POINT('',(-1.53637931034483,1.5625,-0.655368273124935));
#4718=CARTESIAN_POINT('',(-1.25,1.5625,-1.25));
#4719=CARTESIAN_POINT('',(-1.07917943023234,1.5625,-0.612488954649214));
#4720=CARTESIAN_POINT('',(-1.02482743076081,1.5625,-0.40964453112851));
#4721=CARTESIAN_POINT('',(-0.876335006711633,1.5625,-0.558136955177685));
#4722=CARTESIAN_POINT('',(-0.159099025766974,1.5625,0.159099025766974));
#4723=CARTESIAN_POINT('',(-0.691863044822315,1.5625,-0.373664993288367));
#4724=CARTESIAN_POINT('',(-0.84035546887149,1.5625,-0.225172569239193));
#4725=CARTESIAN_POINT('',(-0.637511045350786,1.5625,-0.170820569767663));
#4726=CARTESIAN_POINT('',(-1.53080849893419E-16,1.5625,1.74133078054161E-32));
#4727=CARTESIAN_POINT('',(-0.637511045350785,1.5625,0.170820569767664));
#4728=CARTESIAN_POINT('',(-0.84035546887149,1.5625,0.225172569239194));
#4729=CARTESIAN_POINT('',(-1.25,1.5625,-1.25));
#4730=CARTESIAN_POINT('',(-1.46,1.5625,-1.25));
#4731=CARTESIAN_POINT('',(-1.25,1.5625,1.25));
#4732=CARTESIAN_POINT('',(-1.46,1.5625,1.25));
#4733=CARTESIAN_POINT('',(-1.5308084989342E-16,1.5625,1.74133078054161E-32));
#4734=CARTESIAN_POINT('',(-0.21,1.5625,6.37013210850499E-17));
#4735=CARTESIAN_POINT('',(1.25,1.5625,-1.25));
#4736=CARTESIAN_POINT('',(1.04,1.5625,-1.25));
#4737=CARTESIAN_POINT('',(1.25,1.5625,1.25));
#4738=CARTESIAN_POINT('',(1.04,1.5625,1.25));
#4739=CARTESIAN_POINT('',(0.159099025766973,1.5625,0.159099025766974));
#4740=CARTESIAN_POINT('',(-0.558136955177685,1.5625,0.876335006711632));
#4741=CARTESIAN_POINT('',(-0.373664993288368,1.5625,0.691863044822315));
#4742=CARTESIAN_POINT('',(-0.225172569239193,1.5625,0.84035546887149));
#4743=CARTESIAN_POINT('',(-0.170820569767664,1.5625,0.637511045350785));
#4744=CARTESIAN_POINT('',(-1.53080849893419E-16,1.5625,1.74133078054161E-32));
#4745=CARTESIAN_POINT('',(0.170820569767664,1.5625,0.637511045350785));
#4746=CARTESIAN_POINT('',(0.225172569239193,1.5625,0.84035546887149));
#4747=CARTESIAN_POINT('',(0.373664993288368,1.5625,0.691863044822315));
#4748=CARTESIAN_POINT('',(-0.159099025766974,1.5625,0.159099025766974));
#4749=CARTESIAN_POINT('',(0.558136955177685,1.5625,0.876335006711632));
#4750=CARTESIAN_POINT('',(0.409644531128511,1.5625,1.02482743076081));
#4751=CARTESIAN_POINT('',(0.612488954649215,1.5625,1.07917943023234));
#4752=CARTESIAN_POINT('',(1.25,1.5625,1.25));
#4753=CARTESIAN_POINT('',(0.655368273124936,1.5625,1.53637931034483));
#4754=CARTESIAN_POINT('',(0.466167269119234,1.5625,1.6275));
#4755=CARTESIAN_POINT('',(0.466167269119234,1.5625,1.8375));
#4756=CARTESIAN_POINT('',(-2.21332265341687E-16,1.5625,1.8375));
#4757=CARTESIAN_POINT('',(-0.466167269119232,1.5625,1.8375));
#4758=CARTESIAN_POINT('',(-0.466167269119232,1.5625,1.6275));
#4759=CARTESIAN_POINT('',(-0.655368273124935,1.5625,1.53637931034483));
#4760=CARTESIAN_POINT('',(-1.25,1.5625,1.25));
#4761=CARTESIAN_POINT('',(-0.612488954649214,1.5625,1.07917943023234));
#4762=CARTESIAN_POINT('',(-0.40964453112851,1.5625,1.02482743076081));
#4763=CARTESIAN_POINT('',(1.02482743076081,1.5625,-0.409644531128511));
#4764=CARTESIAN_POINT('',(1.07917943023234,1.5625,-0.612488954649215));
#4765=CARTESIAN_POINT('',(0.876335006711632,1.5625,-0.558136955177686));
#4766=CARTESIAN_POINT('',(1.25,1.5625,-1.25));
#4767=CARTESIAN_POINT('',(1.53637931034483,1.5625,-0.655368273124936));
#4768=CARTESIAN_POINT('',(1.6275,1.5625,-0.466167269119234));
#4769=CARTESIAN_POINT('',(1.8375,1.5625,-0.466167269119234));
#4770=CARTESIAN_POINT('',(1.8375,1.5625,-5.57386559494187E-16));
#4771=CARTESIAN_POINT('',(1.8375,1.5625,0.466167269119233));
#4772=CARTESIAN_POINT('',(1.6275,1.5625,0.466167269119233));
#4773=CARTESIAN_POINT('',(1.53637931034483,1.5625,0.655368273124935));
#4774=CARTESIAN_POINT('',(1.25,1.5625,1.25));
#4775=CARTESIAN_POINT('',(1.07917943023234,1.5625,0.612488954649214));
#4776=CARTESIAN_POINT('',(1.02482743076081,1.5625,0.40964453112851));
#4777=CARTESIAN_POINT('',(0.876335006711632,1.5625,0.558136955177685));
#4778=CARTESIAN_POINT('',(0.159099025766972,1.5625,-0.159099025766973));
#4779=CARTESIAN_POINT('',(0.691863044822315,1.5625,0.373664993288368));
#4780=CARTESIAN_POINT('',(0.84035546887149,1.5625,0.225172569239193));
#4781=CARTESIAN_POINT('',(0.637511045350785,1.5625,0.170820569767663));
#4782=CARTESIAN_POINT('',(-1.53080849893419E-16,1.5625,1.74133078054161E-32));
#4783=CARTESIAN_POINT('',(0.637511045350785,1.5625,-0.170820569767664));
#4784=CARTESIAN_POINT('',(0.84035546887149,1.5625,-0.225172569239193));
#4785=CARTESIAN_POINT('',(0.691863044822315,1.5625,-0.373664993288368));
#4786=CARTESIAN_POINT('',(0.159099025766974,1.5625,0.159099025766974));
#4787=CARTESIAN_POINT('',(-0.466167269119233,1.5625,-1.6275));
#4788=CARTESIAN_POINT('',(-0.466167269119233,1.5625,-1.8375));
#4789=CARTESIAN_POINT('',(-0.655368273124936,1.5625,-1.53637931034483));
#4790=CARTESIAN_POINT('',(-7.78718824835874E-16,1.5625,-1.8375));
#4791=CARTESIAN_POINT('',(0.466167269119233,1.5625,-1.8375));
#4792=CARTESIAN_POINT('',(0.466167269119233,1.5625,-1.6275));
#4793=CARTESIAN_POINT('',(0.655368273124935,1.5625,-1.53637931034483));
#4794=CARTESIAN_POINT('',(1.25,1.5625,-1.25));
#4795=CARTESIAN_POINT('',(0.612488954649215,1.5625,-1.07917943023234));
#4796=CARTESIAN_POINT('',(0.409644531128511,1.5625,-1.02482743076081));
#4797=CARTESIAN_POINT('',(0.558136955177685,1.5625,-0.876335006711632));
#4798=CARTESIAN_POINT('',(-0.159099025766974,1.5625,-0.159099025766973));
#4799=CARTESIAN_POINT('',(0.373664993288368,1.5625,-0.691863044822315));
#4800=CARTESIAN_POINT('',(0.225172569239193,1.5625,-0.84035546887149));
#4801=CARTESIAN_POINT('',(0.170820569767663,1.5625,-0.637511045350785));
#4802=CARTESIAN_POINT('',(-1.53080849893419E-16,1.5625,1.74133078054161E-32));
#4803=CARTESIAN_POINT('',(-0.170820569767664,1.5625,-0.637511045350785));
#4804=CARTESIAN_POINT('',(-0.225172569239194,1.5625,-0.84035546887149));
#4805=CARTESIAN_POINT('',(-0.373664993288369,1.5625,-0.691863044822314));
#4806=CARTESIAN_POINT('',(0.159099025766972,1.5625,-0.159099025766974));
#4807=CARTESIAN_POINT('',(-0.558136955177686,1.5625,-0.876335006711631));
#4808=CARTESIAN_POINT('',(-0.409644531128511,1.5625,-1.02482743076081));
#4809=CARTESIAN_POINT('',(-0.612488954649215,1.5625,-1.07917943023233));
#4810=CARTESIAN_POINT('',(-1.25,1.5625,-1.25));
#4811=CARTESIAN_POINT('',(7.65404249467094E-17,-0.3125,-1.74133078054161E-32));
#4812=CARTESIAN_POINT('',(-1.5375,-0.3125,1.5375));
#4813=CARTESIAN_POINT('',(-1.8875,-0.3125,1.5375));
#4814=CARTESIAN_POINT('',(-1.5375,-0.3125,1.8875));
#4815=CARTESIAN_POINT('',(1.5375,-0.3125,1.8875));
#4816=CARTESIAN_POINT('',(1.5375,-0.3125,1.8875));
#4817=CARTESIAN_POINT('',(1.5375,-0.3125,1.5375));
#4818=CARTESIAN_POINT('',(1.8875,-0.3125,1.5375));
#4819=CARTESIAN_POINT('',(1.8875,-0.3125,-1.5375));
#4820=CARTESIAN_POINT('',(1.8875,-0.3125,-1.5375));
#4821=CARTESIAN_POINT('',(1.5375,-0.3125,-1.5375));
#4822=CARTESIAN_POINT('',(1.5375,-0.3125,-1.8875));
#4823=CARTESIAN_POINT('',(-4.96013115758204E-16,-0.3125,-1.8875));
#4824=CARTESIAN_POINT('',(-1.5375,-0.3125,-1.8875));
#4825=CARTESIAN_POINT('',(-1.5375,-0.3125,-1.5375));
#4826=CARTESIAN_POINT('',(-1.8875,-0.3125,-1.5375));
#4827=CARTESIAN_POINT('',(-1.8875,-0.3125,5.72553540704913E-16));
#4828=CARTESIAN_POINT('',(2.0375,-0.3125,-2.0375));
#4829=CARTESIAN_POINT('',(2.0375,-0.3125,-2.2375));
#4830=CARTESIAN_POINT('',(2.2375,-0.3125,-2.0375));
#4831=CARTESIAN_POINT('',(2.2375,-0.3125,-6.78722409179997E-16));
#4832=CARTESIAN_POINT('',(2.2375,-0.3125,2.0375));
#4833=CARTESIAN_POINT('',(2.0375,-0.3125,2.0375));
#4834=CARTESIAN_POINT('',(2.0375,-0.3125,2.2375));
#4835=CARTESIAN_POINT('',(4.15901629536707E-16,-0.3125,2.2375));
#4836=CARTESIAN_POINT('',(-2.0375,-0.3125,2.2375));
#4837=CARTESIAN_POINT('',(-2.0375,-0.3125,2.0375));
#4838=CARTESIAN_POINT('',(-2.2375,-0.3125,2.0375));
#4839=CARTESIAN_POINT('',(-2.2375,-0.3125,-2.0375));
#4840=CARTESIAN_POINT('',(-2.2375,-0.3125,-2.0375));
#4841=CARTESIAN_POINT('',(-2.0375,-0.3125,-2.0375));
#4842=CARTESIAN_POINT('',(-2.0375,-0.3125,-2.2375));
#4843=CARTESIAN_POINT('',(2.0375,-0.3125,-2.2375));
#4844=CARTESIAN_POINT('',(7.70429815337432E-16,-0.3125,2.2875));
#4845=CARTESIAN_POINT('',(-0.618376260863885,0.16356,2.2875));
#4846=CARTESIAN_POINT('',(-0.618376260863885,-0.0625,2.2875));
#4847=CARTESIAN_POINT('',(-0.398601180634206,0.21649427726944,2.2875));
#4848=CARTESIAN_POINT('',(7.39813645358748E-16,-0.0625,2.2875));
#4849=CARTESIAN_POINT('',(-0.631623739136115,-0.0625,2.2875));
#4850=CARTESIAN_POINT('',(-0.631623739136115,0.16356,2.2875));
#4851=CARTESIAN_POINT('',(-0.851398819365794,0.21649427726944,2.2875));
#4852=CARTESIAN_POINT('',(-1.25,0.3125,2.2875));
#4853=CARTESIAN_POINT('',(-0.959557112780137,0.601883705939691,2.2875));
#4854=CARTESIAN_POINT('',(-0.799416822329107,0.76144,2.2875));
#4855=CARTESIAN_POINT('',(-0.799416822329107,0.9875,2.2875));
#4856=CARTESIAN_POINT('',(4.45203116569515E-16,0.9875,2.2875));
#4857=CARTESIAN_POINT('',(-0.450583177670894,0.9875,2.2875));
#4858=CARTESIAN_POINT('',(-0.450583177670893,0.76144,2.2875));
#4859=CARTESIAN_POINT('',(-0.290442887219863,0.601883705939691,2.2875));
#4860=CARTESIAN_POINT('',(3.46944695195361E-16,0.3125,2.2875));
#4861=CARTESIAN_POINT('',(0.631623739136115,0.16356,2.2875));
#4862=CARTESIAN_POINT('',(0.631623739136115,-0.0625,2.2875));
#4863=CARTESIAN_POINT('',(0.851398819365794,0.21649427726944,2.2875));
#4864=CARTESIAN_POINT('',(7.39813645358748E-16,-0.0625,2.2875));
#4865=CARTESIAN_POINT('',(0.618376260863886,-0.0625,2.2875));
#4866=CARTESIAN_POINT('',(0.618376260863886,0.16356,2.2875));
#4867=CARTESIAN_POINT('',(0.398601180634206,0.21649427726944,2.2875));
#4868=CARTESIAN_POINT('',(3.46944695195361E-16,0.3125,2.2875));
#4869=CARTESIAN_POINT('',(0.290442887219864,0.601883705939691,2.2875));
#4870=CARTESIAN_POINT('',(0.450583177670894,0.76144,2.2875));
#4871=CARTESIAN_POINT('',(0.450583177670894,0.9875,2.2875));
#4872=CARTESIAN_POINT('',(4.45203116569515E-16,0.9875,2.2875));
#4873=CARTESIAN_POINT('',(0.799416822329106,0.9875,2.2875));
#4874=CARTESIAN_POINT('',(0.799416822329106,0.76144,2.2875));
#4875=CARTESIAN_POINT('',(0.959557112780136,0.601883705939691,2.2875));
#4876=CARTESIAN_POINT('',(1.25,0.3125,2.2875));
#4877=CARTESIAN_POINT('',(1.25,0.3125,2.2875));
#4878=CARTESIAN_POINT('',(1.46,0.3125,2.2875));
#4879=CARTESIAN_POINT('',(3.46944695195362E-16,0.3125,2.2875));
#4880=CARTESIAN_POINT('',(0.21,0.3125,2.2875));
#4881=CARTESIAN_POINT('',(-1.25,0.3125,2.2875));
#4882=CARTESIAN_POINT('',(-1.04,0.3125,2.2875));
#4883=CARTESIAN_POINT('',(2.0375,-0.3125,2.2875));
#4884=CARTESIAN_POINT('',(2.0375,-0.2625,2.2875));
#4885=CARTESIAN_POINT('',(2.0375,1.5125,2.2875));
#4886=CARTESIAN_POINT('',(-2.0375,1.5125,2.2875));
#4887=CARTESIAN_POINT('',(-2.0375,1.5125,2.2875));
#4888=CARTESIAN_POINT('',(-2.0375,-0.3125,2.2875));
#4889=CARTESIAN_POINT('',(-2.0375,-0.2625,2.2875));
#4890=CARTESIAN_POINT('',(7.64306581341695E-16,-0.2625,2.2875));
#4891=CARTESIAN_POINT('',(-2.2875,-0.3125,3.46944695195362E-16));
#4892=CARTESIAN_POINT('',(-2.2875,0.76144,0.799416822329107));
#4893=CARTESIAN_POINT('',(-2.2875,0.9875,0.799416822329107));
#4894=CARTESIAN_POINT('',(-2.2875,0.601883705939691,0.959557112780137));
#4895=CARTESIAN_POINT('',(-2.2875,0.3125,1.25));
#4896=CARTESIAN_POINT('',(-2.2875,0.21649427726944,0.851398819365795));
#4897=CARTESIAN_POINT('',(-2.2875,0.16356,0.631623739136115));
#4898=CARTESIAN_POINT('',(-2.2875,-0.0625,0.631623739136115));
#4899=CARTESIAN_POINT('',(-2.2875,-0.0625,3.46944695195362E-16));
#4900=CARTESIAN_POINT('',(-2.2875,-0.0625,0.618376260863886));
#4901=CARTESIAN_POINT('',(-2.2875,0.16356,0.618376260863886));
#4902=CARTESIAN_POINT('',(-2.2875,0.21649427726944,0.398601180634206));
#4903=CARTESIAN_POINT('',(-2.2875,0.3125,6.93889390390723E-16));
#4904=CARTESIAN_POINT('',(-2.2875,0.601883705939691,0.290442887219864));
#4905=CARTESIAN_POINT('',(-2.2875,0.76144,0.450583177670894));
#4906=CARTESIAN_POINT('',(-2.2875,0.9875,0.450583177670894));
#4907=CARTESIAN_POINT('',(-2.2875,0.9875,5.68308181700377E-16));
#4908=CARTESIAN_POINT('',(-2.2875,0.76144,-0.450583177670893));
#4909=CARTESIAN_POINT('',(-2.2875,0.9875,-0.450583177670893));
#4910=CARTESIAN_POINT('',(-2.2875,0.601883705939691,-0.290442887219863));
#4911=CARTESIAN_POINT('',(-2.2875,0.3125,6.93889390390723E-16));
#4912=CARTESIAN_POINT('',(-2.2875,0.21649427726944,-0.398601180634205));
#4913=CARTESIAN_POINT('',(-2.2875,0.16356,-0.618376260863885));
#4914=CARTESIAN_POINT('',(-2.2875,-0.0625,-0.618376260863885));
#4915=CARTESIAN_POINT('',(-2.2875,-0.0625,3.46944695195362E-16));
#4916=CARTESIAN_POINT('',(-2.2875,-0.0625,-0.631623739136114));
#4917=CARTESIAN_POINT('',(-2.2875,0.16356,-0.631623739136114));
#4918=CARTESIAN_POINT('',(-2.2875,0.21649427726944,-0.851398819365794));
#4919=CARTESIAN_POINT('',(-2.2875,0.3125,-1.25));
#4920=CARTESIAN_POINT('',(-2.2875,0.601883705939691,-0.959557112780136));
#4921=CARTESIAN_POINT('',(-2.2875,0.76144,-0.799416822329106));
#4922=CARTESIAN_POINT('',(-2.2875,0.9875,-0.799416822329106));
#4923=CARTESIAN_POINT('',(-2.2875,0.9875,5.68308181700377E-16));
#4924=CARTESIAN_POINT('',(-2.2875,0.3125,-1.25));
#4925=CARTESIAN_POINT('',(-2.2875,0.1025,-1.25));
#4926=CARTESIAN_POINT('',(-2.2875,0.3125,6.93889390390723E-16));
#4927=CARTESIAN_POINT('',(-2.2875,0.1025,6.93889390390723E-16));
#4928=CARTESIAN_POINT('',(-2.2875,0.3125,1.25));
#4929=CARTESIAN_POINT('',(-2.2875,0.1025,1.25));
#4930=CARTESIAN_POINT('',(-2.2875,1.5625,2.0375));
#4931=CARTESIAN_POINT('',(-2.2875,-0.2625,2.0375));
#4932=CARTESIAN_POINT('',(-2.2875,1.5125,2.0375));
#4933=CARTESIAN_POINT('',(-2.2875,1.5125,3.46944695195362E-16));
#4934=CARTESIAN_POINT('',(-2.2875,1.5125,-2.0375));
#4935=CARTESIAN_POINT('',(-2.2875,-0.3125,-2.0375));
#4936=CARTESIAN_POINT('',(-2.2875,-0.2625,-2.0375));
#4937=CARTESIAN_POINT('',(-2.2875,-0.2625,2.0375));
#4938=CARTESIAN_POINT('',(-6.17348965444013E-16,-0.3125,-2.2875));
#4939=CARTESIAN_POINT('',(-0.799416822329107,0.76144,-2.2875));
#4940=CARTESIAN_POINT('',(-0.799416822329107,0.9875,-2.2875));
#4941=CARTESIAN_POINT('',(-0.959557112780138,0.601883705939691,-2.2875));
#4942=CARTESIAN_POINT('',(-1.25,0.3125,-2.2875));
#4943=CARTESIAN_POINT('',(-0.851398819365795,0.21649427726944,-2.2875));
#4944=CARTESIAN_POINT('',(-0.631623739136116,0.16356,-2.2875));
#4945=CARTESIAN_POINT('',(-0.631623739136116,-0.0625,-2.2875));
#4946=CARTESIAN_POINT('',(-6.47965135422697E-16,-0.0625,-2.2875));
#4947=CARTESIAN_POINT('',(-0.618376260863886,-0.0625,-2.2875));
#4948=CARTESIAN_POINT('',(-0.618376260863886,0.16356,-2.2875));
#4949=CARTESIAN_POINT('',(-0.398601180634206,0.21649427726944,-2.2875));
#4950=CARTESIAN_POINT('',(-3.46944695195362E-16,0.3125,-2.2875));
#4951=CARTESIAN_POINT('',(-0.290442887219864,0.601883705939691,-2.2875));
#4952=CARTESIAN_POINT('',(-0.450583177670894,0.76144,-2.2875));
#4953=CARTESIAN_POINT('',(-0.450583177670894,0.9875,-2.2875));
#4954=CARTESIAN_POINT('',(-9.42575664211931E-16,0.9875,-2.2875));
#4955=CARTESIAN_POINT('',(0.450583177670893,0.76144,-2.2875));
#4956=CARTESIAN_POINT('',(0.450583177670893,0.9875,-2.2875));
#4957=CARTESIAN_POINT('',(0.290442887219863,0.601883705939691,-2.2875));
#4958=CARTESIAN_POINT('',(-3.46944695195362E-16,0.3125,-2.2875));
#4959=CARTESIAN_POINT('',(0.398601180634206,0.21649427726944,-2.2875));
#4960=CARTESIAN_POINT('',(0.618376260863885,0.16356,-2.2875));
#4961=CARTESIAN_POINT('',(0.618376260863885,-0.0625,-2.2875));
#4962=CARTESIAN_POINT('',(-6.47965135422697E-16,-0.0625,-2.2875));
#4963=CARTESIAN_POINT('',(0.631623739136114,-0.0625,-2.2875));
#4964=CARTESIAN_POINT('',(0.631623739136114,0.16356,-2.2875));
#4965=CARTESIAN_POINT('',(0.851398819365793,0.21649427726944,-2.2875));
#4966=CARTESIAN_POINT('',(1.25,0.3125,-2.2875));
#4967=CARTESIAN_POINT('',(0.959557112780136,0.601883705939691,-2.2875));
#4968=CARTESIAN_POINT('',(0.799416822329106,0.76144,-2.2875));
#4969=CARTESIAN_POINT('',(0.799416822329106,0.9875,-2.2875));
#4970=CARTESIAN_POINT('',(-9.42575664211931E-16,0.9875,-2.2875));
#4971=CARTESIAN_POINT('',(1.25,0.3125,-2.2875));
#4972=CARTESIAN_POINT('',(1.04,0.3125,-2.2875));
#4973=CARTESIAN_POINT('',(-3.46944695195362E-16,0.3125,-2.2875));
#4974=CARTESIAN_POINT('',(-0.21,0.3125,-2.2875));
#4975=CARTESIAN_POINT('',(-1.25,0.3125,-2.2875));
#4976=CARTESIAN_POINT('',(-1.46,0.3125,-2.2875));
#4977=CARTESIAN_POINT('',(-2.0375,-0.3125,-2.2875));
#4978=CARTESIAN_POINT('',(-2.0375,-0.2625,-2.2875));
#4979=CARTESIAN_POINT('',(-2.0375,1.5125,-2.2875));
#4980=CARTESIAN_POINT('',(-8.40847006288405E-16,1.5125,-2.2875));
#4981=CARTESIAN_POINT('',(2.0375,1.5125,-2.2875));
#4982=CARTESIAN_POINT('',(2.0375,-0.3125,-2.2875));
#4983=CARTESIAN_POINT('',(2.0375,-0.2625,-2.2875));
#4984=CARTESIAN_POINT('',(-2.0375,-0.2625,-2.2875));
#4985=CARTESIAN_POINT('',(2.2875,-0.3125,-3.46944695195362E-16));
#4986=CARTESIAN_POINT('',(2.2875,0.16356,0.618376260863885));
#4987=CARTESIAN_POINT('',(2.2875,-0.0625,0.618376260863885));
#4988=CARTESIAN_POINT('',(2.2875,0.21649427726944,0.398601180634205));
#4989=CARTESIAN_POINT('',(2.2875,-0.0625,-3.46944695195362E-16));
#4990=CARTESIAN_POINT('',(2.2875,-0.0625,0.631623739136114));
#4991=CARTESIAN_POINT('',(2.2875,0.16356,0.631623739136114));
#4992=CARTESIAN_POINT('',(2.2875,0.21649427726944,0.851398819365793));
#4993=CARTESIAN_POINT('',(2.2875,0.3125,1.25));
#4994=CARTESIAN_POINT('',(2.2875,0.601883705939691,0.959557112780136));
#4995=CARTESIAN_POINT('',(2.2875,0.76144,0.799416822329106));
#4996=CARTESIAN_POINT('',(2.2875,0.9875,0.799416822329106));
#4997=CARTESIAN_POINT('',(2.2875,0.9875,-1.25581208690346E-16));
#4998=CARTESIAN_POINT('',(2.2875,0.9875,0.450583177670893));
#4999=CARTESIAN_POINT('',(2.2875,0.76144,0.450583177670893));
#5000=CARTESIAN_POINT('',(2.2875,0.601883705939691,0.290442887219863));
#5001=CARTESIAN_POINT('',(2.2875,0.3125,-6.93889390390723E-16));
#5002=CARTESIAN_POINT('',(2.2875,0.16356,-0.631623739136116));
#5003=CARTESIAN_POINT('',(2.2875,-0.0625,-0.631623739136116));
#5004=CARTESIAN_POINT('',(2.2875,0.216494277269441,-0.851398819365795));
#5005=CARTESIAN_POINT('',(2.2875,-0.0625,-3.46944695195362E-16));
#5006=CARTESIAN_POINT('',(2.2875,-0.0625,-0.618376260863886));
#5007=CARTESIAN_POINT('',(2.2875,0.16356,-0.618376260863886));
#5008=CARTESIAN_POINT('',(2.2875,0.21649427726944,-0.398601180634206));
#5009=CARTESIAN_POINT('',(2.2875,0.3125,-6.93889390390723E-16));
#5010=CARTESIAN_POINT('',(2.2875,0.601883705939691,-0.290442887219864));
#5011=CARTESIAN_POINT('',(2.2875,0.76144,-0.450583177670894));
#5012=CARTESIAN_POINT('',(2.2875,0.9875,-0.450583177670894));
#5013=CARTESIAN_POINT('',(2.2875,0.9875,-1.25581208690346E-16));
#5014=CARTESIAN_POINT('',(2.2875,0.9875,-0.799416822329107));
#5015=CARTESIAN_POINT('',(2.2875,0.76144,-0.799416822329107));
#5016=CARTESIAN_POINT('',(2.2875,0.601883705939692,-0.959557112780137));
#5017=CARTESIAN_POINT('',(2.2875,0.3125,-1.25));
#5018=CARTESIAN_POINT('',(2.2875,0.3125,-1.25));
#5019=CARTESIAN_POINT('',(2.2875,0.5225,-1.25));
#5020=CARTESIAN_POINT('',(2.2875,0.3125,-6.93889390390723E-16));
#5021=CARTESIAN_POINT('',(2.2875,0.5225,-6.93889390390723E-16));
#5022=CARTESIAN_POINT('',(2.2875,0.3125,1.25));
#5023=CARTESIAN_POINT('',(2.2875,0.5225,1.25));
#5024=CARTESIAN_POINT('',(2.2875,1.5625,-2.0375));
#5025=CARTESIAN_POINT('',(2.2875,-0.2625,-2.0375));
#5026=CARTESIAN_POINT('',(2.2875,1.5125,-2.0375));
#5027=CARTESIAN_POINT('',(2.2875,1.5125,2.0375));
#5028=CARTESIAN_POINT('',(2.2875,1.5125,2.0375));
#5029=CARTESIAN_POINT('',(2.2875,-0.3125,2.0375));
#5030=CARTESIAN_POINT('',(2.2875,-0.2625,2.0375));
#5031=CARTESIAN_POINT('',(2.2875,-0.2625,-3.46944695195362E-16));
#5032=CARTESIAN_POINT('',(-6.52296686428107E-16,1.0875,-1.8375));
#5033=CARTESIAN_POINT('',(-1.25,0.3125,-1.8375));
#5034=CARTESIAN_POINT('',(-0.959557112780137,0.601883705939691,-1.8375));
#5035=CARTESIAN_POINT('',(-0.851398819365795,0.21649427726944,-1.8375));
#5036=CARTESIAN_POINT('',(-0.799416822329107,0.76144,-1.8375));
#5037=CARTESIAN_POINT('',(-0.799416822329107,0.9875,-1.8375));
#5038=CARTESIAN_POINT('',(-6.27279248061344E-16,0.9875,-1.8375));
#5039=CARTESIAN_POINT('',(-0.450583177670894,0.9875,-1.8375));
#5040=CARTESIAN_POINT('',(-0.450583177670894,0.76144,-1.8375));
#5041=CARTESIAN_POINT('',(-0.290442887219864,0.601883705939691,-1.8375));
#5042=CARTESIAN_POINT('',(-2.78693279747093E-16,0.3125,-1.8375));
#5043=CARTESIAN_POINT('',(-0.398601180634206,0.21649427726944,-1.8375));
#5044=CARTESIAN_POINT('',(-0.618376260863886,0.16356,-1.8375));
#5045=CARTESIAN_POINT('',(-0.618376260863886,-0.0625,-1.8375));
#5046=CARTESIAN_POINT('',(-5.11462304526162E-16,-0.0625,-1.8375));
#5047=CARTESIAN_POINT('',(-0.631623739136115,-0.0625,-1.8375));
#5048=CARTESIAN_POINT('',(-0.631623739136115,0.16356,-1.8375));
#5049=CARTESIAN_POINT('',(-2.78693279747093E-16,0.3125,-1.8375));
#5050=CARTESIAN_POINT('',(0.290442887219863,0.601883705939691,-1.8375));
#5051=CARTESIAN_POINT('',(0.398601180634206,0.21649427726944,-1.8375));
#5052=CARTESIAN_POINT('',(0.450583177670893,0.76144,-1.8375));
#5053=CARTESIAN_POINT('',(0.450583177670893,0.9875,-1.8375));
#5054=CARTESIAN_POINT('',(-6.27279248061344E-16,0.9875,-1.8375));
#5055=CARTESIAN_POINT('',(0.799416822329106,0.9875,-1.8375));
#5056=CARTESIAN_POINT('',(0.799416822329106,0.76144,-1.8375));
#5057=CARTESIAN_POINT('',(0.959557112780136,0.601883705939691,-1.8375));
#5058=CARTESIAN_POINT('',(1.25,0.3125,-1.8375));
#5059=CARTESIAN_POINT('',(0.851398819365794,0.21649427726944,-1.8375));
#5060=CARTESIAN_POINT('',(0.631623739136114,0.16356,-1.8375));
#5061=CARTESIAN_POINT('',(0.631623739136114,-0.0625,-1.8375));
#5062=CARTESIAN_POINT('',(-5.11462304526162E-16,-0.0625,-1.8375));
#5063=CARTESIAN_POINT('',(0.618376260863885,-0.0625,-1.8375));
#5064=CARTESIAN_POINT('',(0.618376260863885,0.16356,-1.8375));
#5065=CARTESIAN_POINT('',(-1.5375,-0.3125,-1.8375));
#5066=CARTESIAN_POINT('',(-1.5375,1.0875,-1.8375));
#5067=CARTESIAN_POINT('',(-1.5375,-0.2625,-1.8375));
#5068=CARTESIAN_POINT('',(-4.86969368543214E-16,-0.2625,-1.8375));
#5069=CARTESIAN_POINT('',(1.5375,-0.2625,-1.8375));
#5070=CARTESIAN_POINT('',(1.5375,1.0875,-1.8375));
#5071=CARTESIAN_POINT('',(1.5375,1.0875,-1.8375));
#5072=CARTESIAN_POINT('',(-6.52296686428107E-16,1.0875,-1.8375));
#5073=CARTESIAN_POINT('',(0.466167269119233,1.0875,-1.8375));
#5074=CARTESIAN_POINT('',(0.466167269119235,-14.267330675142,-1.8375));
#5075=CARTESIAN_POINT('',(-0.466167269119232,-14.267330675142,-1.8375));
#5076=CARTESIAN_POINT('',(-0.466167269119233,1.0875,-1.8375));
#5077=CARTESIAN_POINT('',(-6.52296686428107E-16,1.0875,-1.8375));
#5078=CARTESIAN_POINT('',(-2.78693279747093E-16,0.3125,-1.8375));
#5079=CARTESIAN_POINT('',(-3.04410862529188E-16,0.5225,-1.8375));
#5080=CARTESIAN_POINT('',(-1.25,0.3125,-1.8375));
#5081=CARTESIAN_POINT('',(-1.25,0.5225,-1.8375));
#5082=CARTESIAN_POINT('',(1.25,0.3125,-1.8375));
#5083=CARTESIAN_POINT('',(1.25,0.5225,-1.8375));
#5084=CARTESIAN_POINT('',(1.8375,1.0875,-5.57386559494187E-16));
#5085=CARTESIAN_POINT('',(1.8375,0.76144,0.799416822329106));
#5086=CARTESIAN_POINT('',(1.8375,0.9875,0.799416822329106));
#5087=CARTESIAN_POINT('',(1.8375,0.601883705939691,0.959557112780136));
#5088=CARTESIAN_POINT('',(1.8375,0.3125,1.25));
#5089=CARTESIAN_POINT('',(1.8375,0.21649427726944,0.851398819365794));
#5090=CARTESIAN_POINT('',(1.8375,0.16356,0.631623739136114));
#5091=CARTESIAN_POINT('',(1.8375,-0.0625,0.631623739136114));
#5092=CARTESIAN_POINT('',(1.8375,-0.0625,-5.57386559494187E-16));
#5093=CARTESIAN_POINT('',(1.8375,-0.0625,0.618376260863885));
#5094=CARTESIAN_POINT('',(1.8375,0.16356,0.618376260863885));
#5095=CARTESIAN_POINT('',(1.8375,0.21649427726944,0.398601180634206));
#5096=CARTESIAN_POINT('',(1.8375,0.3125,-5.57386559494187E-16));
#5097=CARTESIAN_POINT('',(1.8375,0.601883705939691,0.290442887219863));
#5098=CARTESIAN_POINT('',(1.8375,0.76144,0.450583177670893));
#5099=CARTESIAN_POINT('',(1.8375,0.9875,0.450583177670893));
#5100=CARTESIAN_POINT('',(1.8375,0.9875,-5.74414519994573E-16));
#5101=CARTESIAN_POINT('',(1.8375,0.76144,-0.450583177670894));
#5102=CARTESIAN_POINT('',(1.8375,0.9875,-0.450583177670894));
#5103=CARTESIAN_POINT('',(1.8375,0.601883705939691,-0.290442887219864));
#5104=CARTESIAN_POINT('',(1.8375,0.3125,-5.57386559494187E-16));
#5105=CARTESIAN_POINT('',(1.8375,0.21649427726944,-0.398601180634206));
#5106=CARTESIAN_POINT('',(1.8375,0.16356,-0.618376260863886));
#5107=CARTESIAN_POINT('',(1.8375,-0.0625,-0.618376260863886));
#5108=CARTESIAN_POINT('',(1.8375,-0.0625,-5.57386559494187E-16));
#5109=CARTESIAN_POINT('',(1.8375,-0.0625,-0.631623739136116));
#5110=CARTESIAN_POINT('',(1.8375,0.16356,-0.631623739136116));
#5111=CARTESIAN_POINT('',(1.8375,0.216494277269441,-0.851398819365795));
#5112=CARTESIAN_POINT('',(1.8375,0.3125,-1.25));
#5113=CARTESIAN_POINT('',(1.8375,0.601883705939692,-0.959557112780137));
#5114=CARTESIAN_POINT('',(1.8375,0.76144,-0.799416822329107));
#5115=CARTESIAN_POINT('',(1.8375,0.9875,-0.799416822329107));
#5116=CARTESIAN_POINT('',(1.8375,0.9875,-5.74414519994573E-16));
#5117=CARTESIAN_POINT('',(1.8375,0.3125,-1.25));
#5118=CARTESIAN_POINT('',(1.8375,0.1025,-1.25));
#5119=CARTESIAN_POINT('',(1.8375,1.0875,-1.5375));
#5120=CARTESIAN_POINT('',(1.8375,1.0875,-1.5375));
#5121=CARTESIAN_POINT('',(1.8375,-0.2625,-1.5375));
#5122=CARTESIAN_POINT('',(1.8375,-0.2625,1.5375));
#5123=CARTESIAN_POINT('',(1.8375,-0.2625,1.5375));
#5124=CARTESIAN_POINT('',(1.8375,1.0875,1.5375));
#5125=CARTESIAN_POINT('',(1.8375,1.0875,1.5375));
#5126=CARTESIAN_POINT('',(1.8375,1.0875,-5.57386559494187E-16));
#5127=CARTESIAN_POINT('',(1.8375,1.0875,0.466167269119233));
#5128=CARTESIAN_POINT('',(1.8375,-14.267330675142,0.466167269119233));
#5129=CARTESIAN_POINT('',(1.8375,-14.267330675142,-0.466167269119234));
#5130=CARTESIAN_POINT('',(1.8375,1.0875,-0.466167269119234));
#5131=CARTESIAN_POINT('',(1.8375,1.0875,-5.57386559494187E-16));
#5132=CARTESIAN_POINT('',(1.8375,0.3125,-5.57386559494187E-16));
#5133=CARTESIAN_POINT('',(1.8375,0.1025,-5.57386559494187E-16));
#5134=CARTESIAN_POINT('',(1.8375,0.3125,1.25));
#5135=CARTESIAN_POINT('',(1.8375,0.1025,1.25));
#5136=CARTESIAN_POINT('',(4.62476432560267E-16,1.0875,1.8375));
#5137=CARTESIAN_POINT('',(-1.25,0.3125,1.8375));
#5138=CARTESIAN_POINT('',(-0.959557112780137,0.601883705939691,1.8375));
#5139=CARTESIAN_POINT('',(-0.851398819365794,0.21649427726944,1.8375));
#5140=CARTESIAN_POINT('',(-0.631623739136115,0.16356,1.8375));
#5141=CARTESIAN_POINT('',(-0.631623739136115,-0.0625,1.8375));
#5142=CARTESIAN_POINT('',(6.03310814462213E-16,-0.0625,1.8375));
#5143=CARTESIAN_POINT('',(-0.618376260863885,-0.0625,1.8375));
#5144=CARTESIAN_POINT('',(-0.618376260863885,0.16356,1.8375));
#5145=CARTESIAN_POINT('',(-0.398601180634206,0.21649427726944,1.8375));
#5146=CARTESIAN_POINT('',(2.78693279747093E-16,0.3125,1.8375));
#5147=CARTESIAN_POINT('',(-0.290442887219863,0.601883705939691,1.8375));
#5148=CARTESIAN_POINT('',(-0.450583177670894,0.76144,1.8375));
#5149=CARTESIAN_POINT('',(-0.450583177670894,0.9875,1.8375));
#5150=CARTESIAN_POINT('',(4.8749387092703E-16,0.9875,1.8375));
#5151=CARTESIAN_POINT('',(-0.799416822329107,0.9875,1.8375));
#5152=CARTESIAN_POINT('',(-0.799416822329107,0.76144,1.8375));
#5153=CARTESIAN_POINT('',(2.78693279747093E-16,0.3125,1.8375));
#5154=CARTESIAN_POINT('',(0.290442887219864,0.601883705939691,1.8375));
#5155=CARTESIAN_POINT('',(0.398601180634206,0.21649427726944,1.8375));
#5156=CARTESIAN_POINT('',(0.618376260863886,0.16356,1.8375));
#5157=CARTESIAN_POINT('',(0.618376260863886,-0.0625,1.8375));
#5158=CARTESIAN_POINT('',(6.03310814462213E-16,-0.0625,1.8375));
#5159=CARTESIAN_POINT('',(0.631623739136115,-0.0625,1.8375));
#5160=CARTESIAN_POINT('',(0.631623739136115,0.16356,1.8375));
#5161=CARTESIAN_POINT('',(0.851398819365794,0.21649427726944,1.8375));
#5162=CARTESIAN_POINT('',(1.25,0.3125,1.8375));
#5163=CARTESIAN_POINT('',(0.959557112780137,0.601883705939691,1.8375));
#5164=CARTESIAN_POINT('',(0.799416822329106,0.76144,1.8375));
#5165=CARTESIAN_POINT('',(0.799416822329106,0.9875,1.8375));
#5166=CARTESIAN_POINT('',(4.8749387092703E-16,0.9875,1.8375));
#5167=CARTESIAN_POINT('',(0.450583177670894,0.9875,1.8375));
#5168=CARTESIAN_POINT('',(0.450583177670894,0.76144,1.8375));
#5169=CARTESIAN_POINT('',(-1.25,0.3125,1.8375));
#5170=CARTESIAN_POINT('',(-1.25,0.5225,1.8375));
#5171=CARTESIAN_POINT('',(1.5375,-0.3125,1.8375));
#5172=CARTESIAN_POINT('',(1.5375,1.0875,1.8375));
#5173=CARTESIAN_POINT('',(1.5375,-0.2625,1.8375));
#5174=CARTESIAN_POINT('',(-1.5375,-0.2625,1.8375));
#5175=CARTESIAN_POINT('',(-1.5375,-0.2625,1.8375));
#5176=CARTESIAN_POINT('',(-1.5375,1.0875,1.8375));
#5177=CARTESIAN_POINT('',(-1.5375,1.0875,1.8375));
#5178=CARTESIAN_POINT('',(4.62476432560267E-16,1.0875,1.8375));
#5179=CARTESIAN_POINT('',(-0.466167269119232,1.0875,1.8375));
#5180=CARTESIAN_POINT('',(-0.46616726911923,-14.267330675142,1.8375));
#5181=CARTESIAN_POINT('',(0.466167269119236,-14.267330675142,1.8375));
#5182=CARTESIAN_POINT('',(0.466167269119234,1.0875,1.8375));
#5183=CARTESIAN_POINT('',(4.62476432560267E-16,1.0875,1.8375));
#5184=CARTESIAN_POINT('',(2.78693279747093E-16,0.3125,1.8375));
#5185=CARTESIAN_POINT('',(2.52975696964999E-16,0.5225,1.8375));
#5186=CARTESIAN_POINT('',(1.25,0.3125,1.8375));
#5187=CARTESIAN_POINT('',(1.25,0.5225,1.8375));
#5188=CARTESIAN_POINT('',(-1.8375,1.0875,5.57386559494187E-16));
#5189=CARTESIAN_POINT('',(-1.8375,0.16356,0.631623739136115));
#5190=CARTESIAN_POINT('',(-1.8375,0.21649427726944,0.851398819365795));
#5191=CARTESIAN_POINT('',(-1.8375,-0.0625,0.631623739136115));
#5192=CARTESIAN_POINT('',(-1.8375,0.3125,1.25));
#5193=CARTESIAN_POINT('',(-1.8375,0.601883705939691,0.959557112780137));
#5194=CARTESIAN_POINT('',(-1.8375,0.76144,0.799416822329107));
#5195=CARTESIAN_POINT('',(-1.8375,0.9875,0.799416822329107));
#5196=CARTESIAN_POINT('',(-1.8375,0.9875,5.40358598993801E-16));
#5197=CARTESIAN_POINT('',(-1.8375,0.9875,0.450583177670894));
#5198=CARTESIAN_POINT('',(-1.8375,0.76144,0.450583177670894));
#5199=CARTESIAN_POINT('',(-1.8375,0.601883705939691,0.290442887219864));
#5200=CARTESIAN_POINT('',(-1.8375,0.3125,5.57386559494187E-16));
#5201=CARTESIAN_POINT('',(-1.8375,0.21649427726944,0.398601180634206));
#5202=CARTESIAN_POINT('',(-1.8375,0.16356,0.618376260863886));
#5203=CARTESIAN_POINT('',(-1.8375,-0.0625,0.618376260863886));
#5204=CARTESIAN_POINT('',(-1.8375,-0.0625,5.57386559494187E-16));
#5205=CARTESIAN_POINT('',(-1.8375,0.16356,-0.618376260863885));
#5206=CARTESIAN_POINT('',(-1.8375,0.21649427726944,-0.398601180634206));
#5207=CARTESIAN_POINT('',(-1.8375,-0.0625,-0.618376260863885));
#5208=CARTESIAN_POINT('',(-1.8375,0.3125,5.57386559494187E-16));
#5209=CARTESIAN_POINT('',(-1.8375,0.601883705939691,-0.290442887219863));
#5210=CARTESIAN_POINT('',(-1.8375,0.76144,-0.450583177670893));
#5211=CARTESIAN_POINT('',(-1.8375,0.9875,-0.450583177670893));
#5212=CARTESIAN_POINT('',(-1.8375,0.9875,5.40358598993801E-16));
#5213=CARTESIAN_POINT('',(-1.8375,0.9875,-0.799416822329106));
#5214=CARTESIAN_POINT('',(-1.8375,0.76144,-0.799416822329106));
#5215=CARTESIAN_POINT('',(-1.8375,0.601883705939691,-0.959557112780136));
#5216=CARTESIAN_POINT('',(-1.8375,0.3125,-1.25));
#5217=CARTESIAN_POINT('',(-1.8375,0.21649427726944,-0.851398819365794));
#5218=CARTESIAN_POINT('',(-1.8375,0.16356,-0.631623739136115));
#5219=CARTESIAN_POINT('',(-1.8375,-0.0625,-0.631623739136115));
#5220=CARTESIAN_POINT('',(-1.8375,-0.0625,5.57386559494187E-16));
#5221=CARTESIAN_POINT('',(-1.8375,1.0875,1.5375));
#5222=CARTESIAN_POINT('',(-1.8375,1.0875,1.5375));
#5223=CARTESIAN_POINT('',(-1.8375,-0.2625,1.5375));
#5224=CARTESIAN_POINT('',(-1.8375,-0.2625,5.57386559494187E-16));
#5225=CARTESIAN_POINT('',(-1.8375,-0.2625,-1.5375));
#5226=CARTESIAN_POINT('',(-1.8375,1.0875,-1.5375));
#5227=CARTESIAN_POINT('',(-1.8375,1.0875,-1.5375));
#5228=CARTESIAN_POINT('',(-1.8375,1.0875,5.57386559494187E-16));
#5229=CARTESIAN_POINT('',(-1.8375,1.0875,-0.466167269119233));
#5230=CARTESIAN_POINT('',(-1.8375,-14.267330675142,-0.466167269119233));
#5231=CARTESIAN_POINT('',(-1.8375,-14.267330675142,0.466167269119234));
#5232=CARTESIAN_POINT('',(-1.8375,1.0875,0.466167269119234));
#5233=CARTESIAN_POINT('',(-1.8375,1.0875,5.57386559494187E-16));
#5234=CARTESIAN_POINT('',(-1.8375,0.3125,5.57386559494187E-16));
#5235=CARTESIAN_POINT('',(-1.8375,0.1025,5.57386559494187E-16));
#5236=CARTESIAN_POINT('',(-1.8375,0.3125,-1.25));
#5237=CARTESIAN_POINT('',(-1.8375,0.1025,-1.25));
#5238=CARTESIAN_POINT('',(-1.8375,0.3125,1.25));
#5239=CARTESIAN_POINT('',(-1.8375,0.1025,1.25));
#5240=CARTESIAN_POINT('',(-9.491012693392E-17,1.0875,8.59056518400529E-33));
#5241=CARTESIAN_POINT('',(1.5375,1.0875,1.5375));
#5242=CARTESIAN_POINT('',(0.466167269119234,1.0875,1.6275));
#5243=CARTESIAN_POINT('',(0.655368273124936,1.0875,1.53637931034483));
#5244=CARTESIAN_POINT('',(1.25,1.0875,1.25));
#5245=CARTESIAN_POINT('',(0.612488954649215,1.0875,1.07917943023234));
#5246=CARTESIAN_POINT('',(0.409644531128511,1.0875,1.02482743076081));
#5247=CARTESIAN_POINT('',(0.558136955177685,1.0875,0.876335006711632));
#5248=CARTESIAN_POINT('',(-0.159099025766974,1.0875,0.159099025766974));
#5249=CARTESIAN_POINT('',(0.373664993288368,1.0875,0.691863044822315));
#5250=CARTESIAN_POINT('',(0.225172569239193,1.0875,0.84035546887149));
#5251=CARTESIAN_POINT('',(0.170820569767664,1.0875,0.637511045350785));
#5252=CARTESIAN_POINT('',(-9.49101269339199E-17,1.0875,8.59056518400527E-33));
#5253=CARTESIAN_POINT('',(-0.170820569767663,1.0875,0.637511045350785));
#5254=CARTESIAN_POINT('',(-0.225172569239193,1.0875,0.84035546887149));
#5255=CARTESIAN_POINT('',(-0.373664993288368,1.0875,0.691863044822315));
#5256=CARTESIAN_POINT('',(0.159099025766973,1.0875,0.159099025766973));
#5257=CARTESIAN_POINT('',(-0.558136955177685,1.0875,0.876335006711632));
#5258=CARTESIAN_POINT('',(-0.40964453112851,1.0875,1.02482743076081));
#5259=CARTESIAN_POINT('',(-0.612488954649214,1.0875,1.07917943023234));
#5260=CARTESIAN_POINT('',(-1.25,1.0875,1.25));
#5261=CARTESIAN_POINT('',(-0.655368273124935,1.0875,1.53637931034483));
#5262=CARTESIAN_POINT('',(-0.466167269119232,1.0875,1.6275));
#5263=CARTESIAN_POINT('',(-1.5375,1.0875,1.5375));
#5264=CARTESIAN_POINT('',(-1.6275,1.0875,0.466167269119234));
#5265=CARTESIAN_POINT('',(-1.53637931034483,1.0875,0.655368273124936));
#5266=CARTESIAN_POINT('',(-1.25,1.0875,1.25));
#5267=CARTESIAN_POINT('',(-1.07917943023234,1.0875,0.612488954649215));
#5268=CARTESIAN_POINT('',(-1.02482743076081,1.0875,0.409644531128511));
#5269=CARTESIAN_POINT('',(-0.876335006711631,1.0875,0.558136955177686));
#5270=CARTESIAN_POINT('',(-0.159099025766973,1.0875,-0.159099025766973));
#5271=CARTESIAN_POINT('',(-0.691863044822315,1.0875,0.373664993288369));
#5272=CARTESIAN_POINT('',(-0.84035546887149,1.0875,0.225172569239194));
#5273=CARTESIAN_POINT('',(-0.637511045350785,1.0875,0.170820569767664));
#5274=CARTESIAN_POINT('',(-9.49101269339199E-17,1.0875,8.59056518400527E-33));
#5275=CARTESIAN_POINT('',(-0.637511045350786,1.0875,-0.170820569767663));
#5276=CARTESIAN_POINT('',(-0.84035546887149,1.0875,-0.225172569239193));
#5277=CARTESIAN_POINT('',(-0.691863044822315,1.0875,-0.373664993288367));
#5278=CARTESIAN_POINT('',(-0.159099025766974,1.0875,0.159099025766974));
#5279=CARTESIAN_POINT('',(-0.876335006711632,1.0875,-0.558136955177685));
#5280=CARTESIAN_POINT('',(-1.02482743076081,1.0875,-0.40964453112851));
#5281=CARTESIAN_POINT('',(-1.07917943023234,1.0875,-0.612488954649214));
#5282=CARTESIAN_POINT('',(-1.25,1.0875,-1.25));
#5283=CARTESIAN_POINT('',(-1.53637931034483,1.0875,-0.655368273124935));
#5284=CARTESIAN_POINT('',(-1.6275,1.0875,-0.466167269119233));
#5285=CARTESIAN_POINT('',(-1.5375,1.0875,-1.5375));
#5286=CARTESIAN_POINT('',(-0.466167269119233,1.0875,-1.6275));
#5287=CARTESIAN_POINT('',(-0.655368273124936,1.0875,-1.53637931034483));
#5288=CARTESIAN_POINT('',(-1.25,1.0875,-1.25));
#5289=CARTESIAN_POINT('',(-0.612488954649215,1.0875,-1.07917943023233));
#5290=CARTESIAN_POINT('',(-0.409644531128511,1.0875,-1.02482743076081));
#5291=CARTESIAN_POINT('',(-0.558136955177686,1.0875,-0.876335006711631));
#5292=CARTESIAN_POINT('',(0.159099025766973,1.0875,-0.159099025766973));
#5293=CARTESIAN_POINT('',(-0.373664993288369,1.0875,-0.691863044822314));
#5294=CARTESIAN_POINT('',(-0.225172569239194,1.0875,-0.84035546887149));
#5295=CARTESIAN_POINT('',(-0.170820569767664,1.0875,-0.637511045350785));
#5296=CARTESIAN_POINT('',(-9.49101269339199E-17,1.0875,8.59056518400527E-33));
#5297=CARTESIAN_POINT('',(0.170820569767663,1.0875,-0.637511045350785));
#5298=CARTESIAN_POINT('',(0.225172569239193,1.0875,-0.84035546887149));
#5299=CARTESIAN_POINT('',(0.373664993288368,1.0875,-0.691863044822315));
#5300=CARTESIAN_POINT('',(-0.159099025766973,1.0875,-0.159099025766973));
#5301=CARTESIAN_POINT('',(0.558136955177685,1.0875,-0.876335006711632));
#5302=CARTESIAN_POINT('',(0.409644531128511,1.0875,-1.02482743076081));
#5303=CARTESIAN_POINT('',(0.612488954649215,1.0875,-1.07917943023234));
#5304=CARTESIAN_POINT('',(1.25,1.0875,-1.25));
#5305=CARTESIAN_POINT('',(0.655368273124935,1.0875,-1.53637931034483));
#5306=CARTESIAN_POINT('',(0.466167269119233,1.0875,-1.6275));
#5307=CARTESIAN_POINT('',(1.5375,1.0875,-1.5375));
#5308=CARTESIAN_POINT('',(1.6275,1.0875,-0.466167269119234));
#5309=CARTESIAN_POINT('',(1.53637931034483,1.0875,-0.655368273124936));
#5310=CARTESIAN_POINT('',(1.25,1.0875,-1.25));
#5311=CARTESIAN_POINT('',(1.07917943023234,1.0875,-0.612488954649215));
#5312=CARTESIAN_POINT('',(1.02482743076081,1.0875,-0.409644531128511));
#5313=CARTESIAN_POINT('',(0.876335006711632,1.0875,-0.558136955177685));
#5314=CARTESIAN_POINT('',(0.159099025766974,1.0875,0.159099025766974));
#5315=CARTESIAN_POINT('',(0.691863044822315,1.0875,-0.373664993288368));
#5316=CARTESIAN_POINT('',(0.84035546887149,1.0875,-0.225172569239193));
#5317=CARTESIAN_POINT('',(0.637511045350785,1.0875,-0.170820569767664));
#5318=CARTESIAN_POINT('',(-9.49101269339199E-17,1.0875,8.59056518400527E-33));
#5319=CARTESIAN_POINT('',(0.637511045350785,1.0875,0.170820569767663));
#5320=CARTESIAN_POINT('',(0.84035546887149,1.0875,0.225172569239193));
#5321=CARTESIAN_POINT('',(0.691863044822315,1.0875,0.373664993288368));
#5322=CARTESIAN_POINT('',(0.159099025766973,1.0875,-0.159099025766973));
#5323=CARTESIAN_POINT('',(0.876335006711632,1.0875,0.558136955177685));
#5324=CARTESIAN_POINT('',(1.02482743076081,1.0875,0.40964453112851));
#5325=CARTESIAN_POINT('',(1.07917943023234,1.0875,0.612488954649214));
#5326=CARTESIAN_POINT('',(1.25,1.0875,1.25));
#5327=CARTESIAN_POINT('',(1.53637931034483,1.0875,0.655368273124935));
#5328=CARTESIAN_POINT('',(1.6275,1.0875,0.466167269119233));
#5329=CARTESIAN_POINT('',(1.25,1.0875,1.25));
#5330=CARTESIAN_POINT('',(1.46,1.0875,1.25));
#5331=CARTESIAN_POINT('',(1.25,1.0875,-1.25));
#5332=CARTESIAN_POINT('',(1.46,1.0875,-1.25));
#5333=CARTESIAN_POINT('',(-9.491012693392E-17,1.0875,8.59056518400529E-33));
#5334=CARTESIAN_POINT('',(0.21,1.0875,-6.37013210850499E-17));
#5335=CARTESIAN_POINT('',(-1.25,1.0875,1.25));
#5336=CARTESIAN_POINT('',(-1.04,1.0875,1.25));
#5337=CARTESIAN_POINT('',(-1.25,1.0875,-1.25));
#5338=CARTESIAN_POINT('',(-1.04,1.0875,-1.25));
#5339=CARTESIAN_POINT('',(-1.25,0.625,-1.25));
#5340=CARTESIAN_POINT('',(-1.25,0.625,1.25));
#5341=CARTESIAN_POINT('',(-3.82702124733549E-17,0.625,0.));
#5342=CARTESIAN_POINT('',(1.25,0.625,-1.25));
#5343=CARTESIAN_POINT('',(1.25,0.625,1.25));
#5344=CARTESIAN_POINT('',(2.2875,0.3125,1.25));
#5345=CARTESIAN_POINT('',(2.2875,0.3125,-6.93889390390723E-16));
#5346=CARTESIAN_POINT('',(2.2875,0.3125,-1.25));
#5347=CARTESIAN_POINT('',(2.2875,0.3125,1.25));
#5348=CARTESIAN_POINT('',(2.2875,0.3125,-6.93889390390723E-16));
#5349=CARTESIAN_POINT('',(2.2875,0.3125,-1.25));
#5350=CARTESIAN_POINT('',(-1.25,0.3125,2.2875));
#5351=CARTESIAN_POINT('',(3.46944695195362E-16,0.3125,2.2875));
#5352=CARTESIAN_POINT('',(1.25,0.3125,2.2875));
#5353=CARTESIAN_POINT('',(-1.25,0.3125,2.2875));
#5354=CARTESIAN_POINT('',(3.46944695195362E-16,0.3125,2.2875));
#5355=CARTESIAN_POINT('',(1.25,0.3125,2.2875));
#5356=CARTESIAN_POINT('',(1.78551429684231E-15,-14.267330675142,-2.76613053852041E-31));
#5357=CARTESIAN_POINT('',(0.170820569767664,1.5625,0.637511045350785));
#5358=CARTESIAN_POINT('',(-0.170820569767663,-4.73973596676957,0.637511045350785));
#5359=CARTESIAN_POINT('',(-0.984650974233026,-5.17473596676958,1.30284902576697));
#5360=CARTESIAN_POINT('',(-0.373664993288367,-5.17473596676958,0.691863044822315));
#5361=CARTESIAN_POINT('',(-0.558136955177684,-5.17473596676958,0.876335006711632));
#5362=CARTESIAN_POINT('',(0.984650974233028,-5.17473596676958,1.30284902576697));
#5363=CARTESIAN_POINT('',(0.558136955177687,-14.267330675142,0.876335006711632));
#5364=CARTESIAN_POINT('',(0.37366499328837,-14.267330675142,0.691863044822315));
#5365=CARTESIAN_POINT('',(-1.25,-14.267330675142,1.25));
#5366=CARTESIAN_POINT('',(-0.612488954649214,1.5625,1.07917943023234));
#5367=CARTESIAN_POINT('',(-0.655368273124934,-4.73973596676957,1.53637931034483));
#5368=CARTESIAN_POINT('',(1.25,-14.267330675142,1.25));
#5369=CARTESIAN_POINT('',(0.655368273124936,1.5625,1.53637931034483));
#5370=CARTESIAN_POINT('',(0.612488954649216,-4.73973596676957,1.07917943023234));
#5371=CARTESIAN_POINT('',(0.466167269119236,-14.267330675142,1.6275));
#5372=CARTESIAN_POINT('',(-0.46616726911923,-14.267330675142,1.6275));
#5373=CARTESIAN_POINT('',(-0.225172569239191,-14.267330675142,0.84035546887149));
#5374=CARTESIAN_POINT('',(-0.409644531128508,-14.267330675142,1.02482743076081));
#5375=CARTESIAN_POINT('',(0.409644531128513,-14.267330675142,1.02482743076081));
#5376=CARTESIAN_POINT('',(0.225172569239195,-14.267330675142,0.84035546887149));
#5377=CARTESIAN_POINT('',(-1.25,-14.267330675142,-1.25));
#5378=CARTESIAN_POINT('',(-1.07917943023234,1.5625,-0.612488954649214));
#5379=CARTESIAN_POINT('',(-1.53637931034483,-12.0136285658932,-0.655368273124935));
#5380=CARTESIAN_POINT('',(-1.25,-14.267330675142,1.25));
#5381=CARTESIAN_POINT('',(-1.53637931034483,1.5625,0.655368273124936));
#5382=CARTESIAN_POINT('',(-1.07917943023233,-12.0136285658932,0.612488954649215));
#5383=CARTESIAN_POINT('',(-1.30284902576697,-12.4486285658932,-0.984650974233026));
#5384=CARTESIAN_POINT('',(-0.691863044822313,-14.267330675142,-0.373664993288367));
#5385=CARTESIAN_POINT('',(-0.876335006711631,-14.267330675142,-0.558136955177685));
#5386=CARTESIAN_POINT('',(-1.30284902576697,-12.4486285658932,0.984650974233028));
#5387=CARTESIAN_POINT('',(-0.876335006711629,-14.267330675142,0.558136955177686));
#5388=CARTESIAN_POINT('',(-0.691863044822313,-14.267330675142,0.373664993288369));
#5389=CARTESIAN_POINT('',(1.78551429684231E-15,-14.267330675142,-2.76613053852041E-31));
#5390=CARTESIAN_POINT('',(-0.637511045350785,1.5625,0.170820569767664));
#5391=CARTESIAN_POINT('',(-0.637511045350784,-12.0136285658932,-0.170820569767663));
#5392=CARTESIAN_POINT('',(-1.6275,-14.267330675142,0.466167269119234));
#5393=CARTESIAN_POINT('',(-1.6275,-14.267330675142,-0.466167269119233));
#5394=CARTESIAN_POINT('',(-0.840355468871488,-14.267330675142,0.225172569239194));
#5395=CARTESIAN_POINT('',(-1.0248274307608,-14.267330675142,0.409644531128511));
#5396=CARTESIAN_POINT('',(-0.840355468871488,-14.267330675142,-0.225172569239193));
#5397=CARTESIAN_POINT('',(-1.02482743076081,-14.267330675142,-0.40964453112851));
#5398=CARTESIAN_POINT('',(1.30284902576697,-8.09780736455897,-0.984650974233027));
#5399=CARTESIAN_POINT('',(0.876335006711633,-8.09780736455897,-0.558136955177685));
#5400=CARTESIAN_POINT('',(0.691863044822316,-8.09780736455897,-0.373664993288368));
#5401=CARTESIAN_POINT('',(1.30284902576697,-8.09780736455897,0.984650974233026));
#5402=CARTESIAN_POINT('',(0.691863044822316,-8.09780736455897,0.373664993288368));
#5403=CARTESIAN_POINT('',(0.876335006711633,-8.09780736455897,0.558136955177685));
#5404=CARTESIAN_POINT('',(1.78551429684231E-15,-14.267330675142,-2.76613053852041E-31));
#5405=CARTESIAN_POINT('',(0.637511045350785,1.5625,-0.170820569767664));
#5406=CARTESIAN_POINT('',(0.637511045350787,-7.66280736455897,0.170820569767663));
#5407=CARTESIAN_POINT('',(1.25,-14.267330675142,-1.25));
#5408=CARTESIAN_POINT('',(1.53637931034483,1.5625,-0.655368273124936));
#5409=CARTESIAN_POINT('',(1.07917943023234,-7.66280736455897,-0.612488954649215));
#5410=CARTESIAN_POINT('',(1.25,-14.267330675142,1.25));
#5411=CARTESIAN_POINT('',(1.07917943023234,1.5625,0.612488954649214));
#5412=CARTESIAN_POINT('',(1.53637931034483,-7.66280736455897,0.655368273124935));
#5413=CARTESIAN_POINT('',(1.6275,-14.267330675142,0.466167269119233));
#5414=CARTESIAN_POINT('',(1.6275,-14.267330675142,-0.466167269119234));
#5415=CARTESIAN_POINT('',(1.02482743076081,-14.267330675142,-0.409644531128511));
#5416=CARTESIAN_POINT('',(0.840355468871492,-14.267330675142,-0.225172569239193));
#5417=CARTESIAN_POINT('',(1.02482743076081,-14.267330675142,0.40964453112851));
#5418=CARTESIAN_POINT('',(0.840355468871492,-14.267330675142,0.225172569239193));
#5419=CARTESIAN_POINT('',(0.984650974233028,-10.4291830824986,-1.30284902576697));
#5420=CARTESIAN_POINT('',(0.37366499328837,-14.267330675142,-0.691863044822315));
#5421=CARTESIAN_POINT('',(0.558136955177687,-14.267330675142,-0.876335006711632));
#5422=CARTESIAN_POINT('',(-0.984650974233026,-10.4291830824986,-1.30284902576697));
#5423=CARTESIAN_POINT('',(-0.558136955177684,-10.4291830824986,-0.876335006711631));
#5424=CARTESIAN_POINT('',(-0.373664993288367,-10.4291830824986,-0.691863044822314));
#5425=CARTESIAN_POINT('',(1.25,-14.267330675142,-1.25));
#5426=CARTESIAN_POINT('',(0.612488954649215,1.5625,-1.07917943023234));
#5427=CARTESIAN_POINT('',(0.655368273124937,-9.99418308249862,-1.53637931034483));
#5428=CARTESIAN_POINT('',(-1.25,-14.267330675142,-1.25));
#5429=CARTESIAN_POINT('',(-0.655368273124936,1.5625,-1.53637931034483));
#5430=CARTESIAN_POINT('',(-0.612488954649214,-9.99418308249862,-1.07917943023233));
#5431=CARTESIAN_POINT('',(1.78551429684231E-15,-14.267330675142,-2.76613053852041E-31));
#5432=CARTESIAN_POINT('',(-0.170820569767664,1.5625,-0.637511045350785));
#5433=CARTESIAN_POINT('',(0.170820569767665,-9.99418308249862,-0.637511045350785));
#5434=CARTESIAN_POINT('',(0.466167269119235,-14.267330675142,-1.6275));
#5435=CARTESIAN_POINT('',(-0.466167269119232,-14.267330675142,-1.6275));
#5436=CARTESIAN_POINT('',(0.409644531128513,-14.267330675142,-1.02482743076081));
#5437=CARTESIAN_POINT('',(0.225172569239195,-14.267330675142,-0.84035546887149));
#5438=CARTESIAN_POINT('',(-0.225172569239192,-14.267330675142,-0.84035546887149));
#5439=CARTESIAN_POINT('',(-0.409644531128509,-14.267330675142,-1.02482743076081));
#5440=CARTESIAN_POINT('',(-2.0375,-0.3125,2.0375));
#5441=CARTESIAN_POINT('',(-2.0375,1.5125,2.0375));
#5442=CARTESIAN_POINT('',(-2.0375,-0.2625,2.0375));
#5443=CARTESIAN_POINT('',(-2.0375,-0.3125,-2.0375));
#5444=CARTESIAN_POINT('',(-2.0375,1.5125,-2.0375));
#5445=CARTESIAN_POINT('',(-2.0375,-0.2625,-2.0375));
#5446=CARTESIAN_POINT('',(2.0375,-0.3125,-2.0375));
#5447=CARTESIAN_POINT('',(2.0375,1.5125,-2.0375));
#5448=CARTESIAN_POINT('',(2.0375,-0.2625,-2.0375));
#5449=CARTESIAN_POINT('',(2.0375,-0.3125,2.0375));
#5450=CARTESIAN_POINT('',(2.0375,1.5125,2.0375));
#5451=CARTESIAN_POINT('',(2.0375,-0.2625,2.0375));
#5452=CARTESIAN_POINT('',(1.5375,1.0875,1.5375));
#5453=CARTESIAN_POINT('',(1.5375,-0.2625,1.5375));
#5454=CARTESIAN_POINT('',(-1.5375,1.0875,1.5375));
#5455=CARTESIAN_POINT('',(-1.5375,-0.2625,1.5375));
#5456=CARTESIAN_POINT('',(-1.5375,1.0875,-1.5375));
#5457=CARTESIAN_POINT('',(-1.5375,-0.2625,-1.5375));
#5458=CARTESIAN_POINT('',(1.5375,1.0875,-1.5375));
#5459=CARTESIAN_POINT('',(1.5375,-0.2625,-1.5375));
#5460=CARTESIAN_POINT('',(-4.96013115758204E-16,-0.3125,-1.8875));
#5461=CARTESIAN_POINT('',(-1.5375,-0.3125,-1.8875));
#5462=CARTESIAN_POINT('',(1.5375,-0.2625,-1.8375));
#5463=CARTESIAN_POINT('',(1.5375,-0.3125,-1.5375));
#5464=CARTESIAN_POINT('',(1.8375,-0.2625,-1.5375));
#5465=CARTESIAN_POINT('',(-1.5375,-0.3125,-1.5375));
#5466=CARTESIAN_POINT('',(-1.8875,-0.3125,-1.5375));
#5467=CARTESIAN_POINT('',(1.8375,-0.2625,-5.57386559494187E-16));
#5468=CARTESIAN_POINT('',(1.8375,-0.2625,1.5375));
#5469=CARTESIAN_POINT('',(-1.8875,-0.3125,5.72553540704913E-16));
#5470=CARTESIAN_POINT('',(-1.8875,-0.3125,1.5375));
#5471=CARTESIAN_POINT('',(1.5375,-0.3125,1.5375));
#5472=CARTESIAN_POINT('',(1.5375,-0.2625,1.8375));
#5473=CARTESIAN_POINT('',(-1.5375,-0.3125,1.5375));
#5474=CARTESIAN_POINT('',(-1.5375,-0.3125,1.8875));
#5475=CARTESIAN_POINT('',(6.2780375044516E-16,-0.2625,1.8375));
#5476=CARTESIAN_POINT('',(-2.2875,1.5125,3.46944695195362E-16));
#5477=CARTESIAN_POINT('',(-2.2875,1.5125,-2.0375));
#5478=CARTESIAN_POINT('',(-2.2375,1.5625,2.0375));
#5479=CARTESIAN_POINT('',(-2.0375,1.5625,2.0375));
#5480=CARTESIAN_POINT('',(-2.0375,1.5625,2.2375));
#5481=CARTESIAN_POINT('',(-2.0375,1.5625,-2.0375));
#5482=CARTESIAN_POINT('',(-2.0375,1.5125,-2.2875));
#5483=CARTESIAN_POINT('',(1.86280354696579E-16,1.5625,2.2375));
#5484=CARTESIAN_POINT('',(2.0375,1.5625,2.2375));
#5485=CARTESIAN_POINT('',(-8.40847006288405E-16,1.5125,-2.2875));
#5486=CARTESIAN_POINT('',(2.0375,1.5125,-2.2875));
#5487=CARTESIAN_POINT('',(2.0375,1.5625,2.0375));
#5488=CARTESIAN_POINT('',(2.2375,1.5625,2.0375));
#5489=CARTESIAN_POINT('',(2.0375,1.5625,-2.0375));
#5490=CARTESIAN_POINT('',(2.2875,1.5125,-2.0375));
#5491=CARTESIAN_POINT('',(2.2375,1.5625,-6.78722409179997E-16));
#5492=CARTESIAN_POINT('',(-2.2375,-0.3125,6.78722409179997E-16));
#5493=CARTESIAN_POINT('',(-2.2375,-0.3125,-2.0375));
#5494=CARTESIAN_POINT('',(-2.2875,-0.2625,2.0375));
#5495=CARTESIAN_POINT('',(-2.0375,-0.3125,2.0375));
#5496=CARTESIAN_POINT('',(-2.0375,-0.2625,2.2875));
#5497=CARTESIAN_POINT('',(-2.0375,-0.3125,-2.0375));
#5498=CARTESIAN_POINT('',(-2.0375,-0.3125,-2.2375));
#5499=CARTESIAN_POINT('',(7.64306581341695E-16,-0.2625,2.2875));
#5500=CARTESIAN_POINT('',(2.0375,-0.2625,2.2875));
#5501=CARTESIAN_POINT('',(-2.62820779643289E-16,-0.3125,-2.2375));
#5502=CARTESIAN_POINT('',(2.0375,-0.3125,-2.2375));
#5503=CARTESIAN_POINT('',(2.0375,-0.3125,2.0375));
#5504=CARTESIAN_POINT('',(2.2875,-0.2625,2.0375));
#5505=CARTESIAN_POINT('',(2.0375,-0.3125,-2.0375));
#5506=CARTESIAN_POINT('',(2.2375,-0.3125,-2.0375));
#5507=CARTESIAN_POINT('',(2.2875,-0.2625,-3.46944695195362E-16));
#5508=CARTESIAN_POINT('',(0.799416822329105,0.76144,-4.580263073927));
#5509=CARTESIAN_POINT('',(0.959557112780136,0.601883705939691,-4.154203073927));
#5510=CARTESIAN_POINT('',(0.799416822329105,0.9875,-4.580263073927));
#5511=CARTESIAN_POINT('',(0.450583177670893,0.76144,-4.580263073927));
#5512=CARTESIAN_POINT('',(0.450583177670893,0.9875,-4.580263073927));
#5513=CARTESIAN_POINT('',(0.290442887219864,0.601883705939691,2.2875));
#5514=CARTESIAN_POINT('',(-4.59276659201802E-16,0.9875,-4.580263073927));
#5515=CARTESIAN_POINT('',(1.25,0.3125,-4.580263073927));
#5516=CARTESIAN_POINT('',(0.851398819365794,0.21649427726944,2.2875));
#5517=CARTESIAN_POINT('',(-6.94687639824338E-16,0.3125,-4.580263073927));
#5518=CARTESIAN_POINT('',(0.398601180634206,0.21649427726944,-4.154203073927));
#5519=CARTESIAN_POINT('',(0.631623739136114,0.16356,-4.580263073927));
#5520=CARTESIAN_POINT('',(0.631623739136114,-0.0625,-4.580263073927));
#5521=CARTESIAN_POINT('',(0.618376260863885,0.16356,-4.580263073927));
#5522=CARTESIAN_POINT('',(0.618376260863885,-0.0625,-4.580263073927));
#5523=CARTESIAN_POINT('',(-3.01818689660951E-16,-0.0625,-4.580263073927));
#5524=CARTESIAN_POINT('',(-0.450583177670895,0.76144,-4.580263073927));
#5525=CARTESIAN_POINT('',(-0.290442887219864,0.601883705939691,-4.154203073927));
#5526=CARTESIAN_POINT('',(-0.450583177670895,0.9875,-4.580263073927));
#5527=CARTESIAN_POINT('',(-0.799416822329108,0.76144,-4.580263073927));
#5528=CARTESIAN_POINT('',(-0.799416822329108,0.9875,-4.580263073927));
#5529=CARTESIAN_POINT('',(-0.959557112780137,0.601883705939691,2.2875));
#5530=CARTESIAN_POINT('',(-4.59276659201802E-16,0.9875,-4.580263073927));
#5531=CARTESIAN_POINT('',(-1.25,0.3125,-4.580263073927));
#5532=CARTESIAN_POINT('',(-0.851398819365795,0.21649427726944,-4.154203073927));
#5533=CARTESIAN_POINT('',(-6.94687639824338E-16,0.3125,-4.580263073927));
#5534=CARTESIAN_POINT('',(-0.398601180634206,0.21649427726944,2.2875));
#5535=CARTESIAN_POINT('',(-0.618376260863886,0.16356,-4.580263073927));
#5536=CARTESIAN_POINT('',(-0.618376260863886,-0.0625,-4.580263073927));
#5537=CARTESIAN_POINT('',(-0.631623739136116,0.16356,-4.580263073927));
#5538=CARTESIAN_POINT('',(-0.631623739136116,-0.0625,-4.580263073927));
#5539=CARTESIAN_POINT('',(-3.01818689660951E-16,-0.0625,-4.580263073927));
#5540=CARTESIAN_POINT('',(-3.01818689660951E-16,-0.0625,-4.580263073927));
#5541=CARTESIAN_POINT('',(0.618376260863885,-0.0625,-4.580263073927));
#5542=CARTESIAN_POINT('',(0.631623739136114,-0.0625,-4.580263073927));
#5543=CARTESIAN_POINT('',(0.618376260863885,0.16356,-4.580263073927));
#5544=CARTESIAN_POINT('',(0.398601180634206,0.21649427726944,-4.154203073927));
#5545=CARTESIAN_POINT('',(0.631623739136114,0.16356,-4.580263073927));
#5546=CARTESIAN_POINT('',(0.851398819365794,0.21649427726944,2.2875));
#5547=CARTESIAN_POINT('',(-6.94687639824338E-16,0.3125,-4.580263073927));
#5548=CARTESIAN_POINT('',(0.290442887219864,0.601883705939691,2.2875));
#5549=CARTESIAN_POINT('',(1.25,0.3125,-4.580263073927));
#5550=CARTESIAN_POINT('',(0.959557112780136,0.601883705939691,-4.154203073927));
#5551=CARTESIAN_POINT('',(-4.59276659201802E-16,0.9875,-4.580263073927));
#5552=CARTESIAN_POINT('',(0.799416822329105,0.9875,-4.580263073927));
#5553=CARTESIAN_POINT('',(0.450583177670893,0.9875,-4.580263073927));
#5554=CARTESIAN_POINT('',(0.450583177670893,0.76144,-4.580263073927));
#5555=CARTESIAN_POINT('',(0.799416822329105,0.76144,-4.580263073927));
#5556=CARTESIAN_POINT('',(-3.01818689660951E-16,-0.0625,-4.580263073927));
#5557=CARTESIAN_POINT('',(-0.631623739136116,-0.0625,-4.580263073927));
#5558=CARTESIAN_POINT('',(-0.618376260863886,-0.0625,-4.580263073927));
#5559=CARTESIAN_POINT('',(-0.618376260863886,0.16356,-4.580263073927));
#5560=CARTESIAN_POINT('',(-0.398601180634206,0.21649427726944,2.2875));
#5561=CARTESIAN_POINT('',(-0.631623739136116,0.16356,-4.580263073927));
#5562=CARTESIAN_POINT('',(-0.851398819365795,0.21649427726944,-4.154203073927));
#5563=CARTESIAN_POINT('',(-6.94687639824338E-16,0.3125,-4.580263073927));
#5564=CARTESIAN_POINT('',(-0.290442887219864,0.601883705939691,-4.154203073927));
#5565=CARTESIAN_POINT('',(-1.25,0.3125,-4.580263073927));
#5566=CARTESIAN_POINT('',(-0.959557112780137,0.601883705939691,2.2875));
#5567=CARTESIAN_POINT('',(-4.59276659201802E-16,0.9875,-4.580263073927));
#5568=CARTESIAN_POINT('',(-0.450583177670895,0.9875,-4.580263073927));
#5569=CARTESIAN_POINT('',(-0.799416822329108,0.9875,-4.580263073927));
#5570=CARTESIAN_POINT('',(-0.450583177670895,0.76144,-4.580263073927));
#5571=CARTESIAN_POINT('',(-0.799416822329108,0.76144,-4.580263073927));
#5572=CARTESIAN_POINT('',(-4.580263073927,0.76144,-0.799416822329105));
#5573=CARTESIAN_POINT('',(-4.154203073927,0.601883705939691,-0.959557112780136));
#5574=CARTESIAN_POINT('',(-4.580263073927,0.9875,-0.799416822329105));
#5575=CARTESIAN_POINT('',(-4.580263073927,0.76144,-0.450583177670892));
#5576=CARTESIAN_POINT('',(-4.580263073927,0.9875,-0.450583177670892));
#5577=CARTESIAN_POINT('',(2.2875,0.601883705939691,-0.290442887219864));
#5578=CARTESIAN_POINT('',(-4.580263073927,0.9875,1.77481338235121E-15));
#5579=CARTESIAN_POINT('',(-4.580263073927,0.3125,-1.25));
#5580=CARTESIAN_POINT('',(2.2875,0.216494277269441,-0.851398819365795));
#5581=CARTESIAN_POINT('',(-4.580263073927,0.3125,1.38937527964867E-15));
#5582=CARTESIAN_POINT('',(-4.154203073927,0.21649427726944,-0.398601180634204));
#5583=CARTESIAN_POINT('',(-4.580263073927,0.16356,-0.631623739136114));
#5584=CARTESIAN_POINT('',(-4.580263073927,-0.0625,-0.631623739136114));
#5585=CARTESIAN_POINT('',(-4.580263073927,0.16356,-0.618376260863884));
#5586=CARTESIAN_POINT('',(-4.580263073927,-0.0625,-0.618376260863884));
#5587=CARTESIAN_POINT('',(-4.580263073927,-0.0625,1.73631997484403E-15));
#5588=CARTESIAN_POINT('',(-4.580263073927,0.76144,0.450583177670895));
#5589=CARTESIAN_POINT('',(-4.154203073927,0.601883705939691,0.290442887219865));
#5590=CARTESIAN_POINT('',(-4.580263073927,0.9875,0.450583177670895));
#5591=CARTESIAN_POINT('',(-4.580263073927,0.76144,0.799416822329108));
#5592=CARTESIAN_POINT('',(-4.580263073927,0.9875,0.799416822329108));
#5593=CARTESIAN_POINT('',(2.2875,0.601883705939691,0.959557112780136));
#5594=CARTESIAN_POINT('',(-4.580263073927,0.9875,1.77481338235121E-15));
#5595=CARTESIAN_POINT('',(-4.580263073927,0.3125,1.25));
#5596=CARTESIAN_POINT('',(-4.154203073927,0.21649427726944,0.851398819365795));
#5597=CARTESIAN_POINT('',(-4.580263073927,0.3125,1.38937527964867E-15));
#5598=CARTESIAN_POINT('',(2.2875,0.21649427726944,0.398601180634205));
#5599=CARTESIAN_POINT('',(-4.580263073927,0.16356,0.618376260863887));
#5600=CARTESIAN_POINT('',(-4.580263073927,-0.0625,0.618376260863887));
#5601=CARTESIAN_POINT('',(-4.580263073927,0.16356,0.631623739136116));
#5602=CARTESIAN_POINT('',(-4.580263073927,-0.0625,0.631623739136116));
#5603=CARTESIAN_POINT('',(-4.580263073927,-0.0625,1.73631997484403E-15));
#5604=CARTESIAN_POINT('',(-4.580263073927,-0.0625,1.73631997484403E-15));
#5605=CARTESIAN_POINT('',(-4.580263073927,-0.0625,-0.618376260863884));
#5606=CARTESIAN_POINT('',(-4.580263073927,-0.0625,-0.631623739136114));
#5607=CARTESIAN_POINT('',(-4.580263073927,0.16356,-0.618376260863884));
#5608=CARTESIAN_POINT('',(-4.154203073927,0.21649427726944,-0.398601180634204));
#5609=CARTESIAN_POINT('',(-4.580263073927,0.16356,-0.631623739136114));
#5610=CARTESIAN_POINT('',(2.2875,0.216494277269441,-0.851398819365795));
#5611=CARTESIAN_POINT('',(-4.580263073927,0.3125,1.38937527964867E-15));
#5612=CARTESIAN_POINT('',(2.2875,0.601883705939691,-0.290442887219864));
#5613=CARTESIAN_POINT('',(-4.580263073927,0.3125,-1.25));
#5614=CARTESIAN_POINT('',(-4.154203073927,0.601883705939691,-0.959557112780136));
#5615=CARTESIAN_POINT('',(-4.580263073927,0.9875,1.77481338235121E-15));
#5616=CARTESIAN_POINT('',(-4.580263073927,0.9875,-0.799416822329105));
#5617=CARTESIAN_POINT('',(-4.580263073927,0.9875,-0.450583177670892));
#5618=CARTESIAN_POINT('',(-4.580263073927,0.76144,-0.450583177670892));
#5619=CARTESIAN_POINT('',(-4.580263073927,0.76144,-0.799416822329105));
#5620=CARTESIAN_POINT('',(-4.580263073927,-0.0625,1.73631997484403E-15));
#5621=CARTESIAN_POINT('',(-4.580263073927,-0.0625,0.631623739136116));
#5622=CARTESIAN_POINT('',(-4.580263073927,-0.0625,0.618376260863887));
#5623=CARTESIAN_POINT('',(-4.580263073927,0.16356,0.618376260863887));
#5624=CARTESIAN_POINT('',(2.2875,0.21649427726944,0.398601180634205));
#5625=CARTESIAN_POINT('',(-4.580263073927,0.16356,0.631623739136116));
#5626=CARTESIAN_POINT('',(-4.154203073927,0.21649427726944,0.851398819365795));
#5627=CARTESIAN_POINT('',(-4.580263073927,0.3125,1.38937527964867E-15));
#5628=CARTESIAN_POINT('',(-4.154203073927,0.601883705939691,0.290442887219865));
#5629=CARTESIAN_POINT('',(-4.580263073927,0.3125,1.25));
#5630=CARTESIAN_POINT('',(2.2875,0.601883705939691,0.959557112780136));
#5631=CARTESIAN_POINT('',(-4.580263073927,0.9875,1.77481338235121E-15));
#5632=CARTESIAN_POINT('',(-4.580263073927,0.9875,0.450583177670895));
#5633=CARTESIAN_POINT('',(-4.580263073927,0.9875,0.799416822329108));
#5634=CARTESIAN_POINT('',(-4.580263073927,0.76144,0.450583177670895));
#5635=CARTESIAN_POINT('',(-4.580263073927,0.76144,0.799416822329108));
#5636=MECHANICAL_DESIGN_GEOMETRIC_PRESENTATION_REPRESENTATION('',(#3243),
#5637);
#5637=(
GEOMETRIC_REPRESENTATION_CONTEXT(3)
GLOBAL_UNCERTAINTY_ASSIGNED_CONTEXT((#5638))
GLOBAL_UNIT_ASSIGNED_CONTEXT((#5641,#5640,#5639))
REPRESENTATION_CONTEXT('???-5050-2.0','TOP_LEVEL_ASSEMBLY_PART')
);
#5638=UNCERTAINTY_MEASURE_WITH_UNIT(LENGTH_MEASURE(1.E-6),#5641,
'DISTANCE_ACCURACY_VALUE','Maximum Tolerance applied to model');
#5639=(
NAMED_UNIT(*)
SI_UNIT($,.STERADIAN.)
SOLID_ANGLE_UNIT()
);
#5640=(
NAMED_UNIT(*)
PLANE_ANGLE_UNIT()
SI_UNIT($,.RADIAN.)
);
#5641=(
LENGTH_UNIT()
NAMED_UNIT(*)
SI_UNIT(.CENTI.,.METRE.)
);
#5642=PRODUCT_DEFINITION_SHAPE('','',#5643);
#5643=PRODUCT_DEFINITION('','',#5645,#5644);
#5644=PRODUCT_DEFINITION_CONTEXT('',#5651,'design');
#5645=PRODUCT_DEFINITION_FORMATION_WITH_SPECIFIED_SOURCE('','',#5647,
 .NOT_KNOWN.);
#5646=PRODUCT_RELATED_PRODUCT_CATEGORY('','',(#5647));
#5647=PRODUCT('???-5050-2.0','???-5050-2.0','???-5050-2.0',(#5649));
#5648=PRODUCT_CATEGORY('','');
#5649=PRODUCT_CONTEXT('',#5651,'mechanical');
#5650=APPLICATION_PROTOCOL_DEFINITION('international standard',
'ap242_managed_model_based_3d_engineering',2020,#5651);
#5651=APPLICATION_CONTEXT('managed model based 3d engineering');
ENDSEC;
END-ISO-10303-21;
